site,f0,f1,f2,f3,f4,positive
site_07,2.439,1.747,-0.181,-1.458,0.155,1
site_00,0.537,0.313,-0.766,0.715,1.149,1
site_09,0.485,-0.13,0.612,-0.55,-0.062,1
site_00,0.404,0.386,-1.23,-0.17,1.54,1
site_00,-0.514,0.367,-0.362,-1.21,0.179,1
site_00,-0.02,-0.081,1.469,-0.718,0.044,1
site_07,-1.927,0.94,-0.149,-0.901,-0.528,0
site_00,0.518,1.918,0.617,0.527,1.441,1
site_00,-0.933,1.938,-0.286,-0.036,-1.163,0
site_00,-1.088,1.263,0.706,2.868,0.124,0
site_00,3.01,-0.406,-0.8,-1.617,0.546,1
site_03,-0.119,1.142,0.72,-1.532,0.914,1
site_00,0.023,-1.66,-0.046,-0.009,-0.035,1
site_00,0.611,2.366,1.143,0.87,0.408,0
site_00,-0.853,0.685,-0.171,-0.186,1.223,0
site_00,0.006,1.228,0.584,0.197,1.345,0
site_00,0.964,-0.098,-0.205,1.103,0.671,1
site_00,-0.439,-0.782,0.291,-0.823,0.667,0
site_00,0.794,1.197,-1.604,-0.033,-1.641,1
site_00,-0.284,-0.261,0.42,-1.799,1.495,0
site_00,0.724,-0.59,-1.145,2.124,0.16,1
site_00,1.781,-0.121,1.372,-0.312,0.01,1
site_06,-0.508,-0.611,-1.135,0.489,-1.112,0
site_00,-0.881,-0.45,1.503,-1.245,0.605,0
site_08,-1.127,-0.308,1.126,0.596,0.142,0
site_00,-1.622,-0.609,0.354,0.725,-1.282,1
site_00,0.204,-1.305,1.229,0.94,0.833,1
site_07,-0.138,-0.778,0.106,-0.674,0.689,0
site_00,0.571,-0.409,0.612,-0.854,-0.053,1
site_00,0.443,1.93,-1.644,-1.152,0.248,1
site_00,-1.621,-0.0,-0.053,0.939,-0.165,1
site_09,-1.742,1.445,-0.564,-0.657,-0.508,0
site_00,-0.432,0.22,0.791,-0.344,-1.38,0
site_00,0.924,-1.225,2.366,0.335,-1.428,1
site_00,1.159,1.241,-0.693,0.102,-1.075,1
site_00,-0.467,0.177,-0.062,-1.691,-1.12,1
site_00,2.086,-0.195,0.126,-2.755,-0.767,0
site_00,-1.415,0.579,-0.578,0.862,2.02,1
site_00,0.059,-0.189,0.527,-0.416,1.686,0
site_00,-1.614,-1.59,-0.056,-0.977,-0.278,0
site_00,1.698,-0.145,-1.75,-1.091,-0.515,1
site_00,1.984,0.21,-1.861,0.948,2.261,1
site_00,-1.135,0.535,-1.168,-0.997,1.627,0
site_00,0.302,-1.501,-0.624,0.192,-0.769,1
site_00,-1.686,-0.631,0.252,0.452,2.51,0
site_00,0.287,1.207,-0.462,-0.867,-2.195,0
site_00,-1.803,-1.327,0.918,0.025,0.539,1
site_00,0.744,-0.174,0.275,0.8,0.127,1
site_00,1.644,-0.156,-2.058,-1.269,0.867,1
site_00,-0.076,-1.09,0.429,0.086,0.615,1
site_00,-1.775,1.394,-1.805,1.067,-0.045,0
site_00,0.051,0.049,-0.425,-0.46,-0.735,0
site_00,1.314,-0.033,0.567,0.032,1.211,0
site_01,-2.128,-0.406,0.804,1.418,-1.595,0
site_00,-1.203,-0.804,-0.021,-2.045,0.957,0
site_05,0.793,0.096,1.226,0.723,1.111,1
site_00,0.563,0.446,-0.08,0.284,-1.286,0
site_00,0.67,-0.149,1.504,1.53,-0.345,0
site_00,-1.129,1.107,-0.819,0.36,-1.147,0
site_03,-1.141,0.257,-0.589,0.632,0.967,0
site_00,-0.928,0.504,2.023,-0.854,-0.648,1
site_00,1.233,0.537,-0.346,0.856,-0.722,1
site_00,0.494,1.123,-1.379,-0.291,0.875,1
site_00,0.027,-1.888,-0.801,-0.44,1.663,0
site_00,0.348,0.412,-0.093,0.24,-0.054,0
site_00,-0.089,1.227,-0.285,-0.16,1.254,1
site_00,-0.345,-2.381,-1.007,1.31,0.682,1
site_09,-0.14,1.871,-0.384,1.267,-0.985,1
site_00,0.119,2.577,0.333,0.231,-0.245,1
site_00,-0.904,0.035,-0.676,0.534,0.637,0
site_00,-1.003,-0.399,0.443,-0.488,-0.989,1
site_00,-0.155,-0.413,-1.923,0.478,-1.323,1
site_00,-0.317,-1.163,-0.01,2.524,-0.16,0
site_00,2.739,0.521,1.198,0.256,-2.155,0
site_00,0.24,-1.102,1.689,2.042,-2.019,1
site_00,-1.52,-2.07,-0.496,-0.461,-1.948,0
site_00,-1.313,0.921,-0.791,0.023,0.559,0
site_00,0.729,0.874,0.168,-0.883,0.485,1
site_09,-0.676,-0.677,-0.087,-0.655,-0.571,0
site_00,1.337,0.623,0.515,0.525,0.762,1
site_00,-0.216,0.01,0.415,-1.753,-0.709,0
site_08,-0.021,0.253,-1.236,1.827,-1.284,0
site_00,-0.029,-1.085,2.039,0.34,-1.155,1
site_00,-2.19,-0.573,0.944,-0.87,1.129,0
site_00,1.676,-0.534,0.666,-0.313,0.584,1
site_00,0.552,-0.056,-0.373,2.543,1.67,0
site_00,0.879,-2.005,0.691,0.49,-2.141,0
site_00,-0.322,-0.372,-1.648,2.118,0.379,1
site_00,1.321,0.674,0.038,0.486,0.31,1
site_08,-1.246,-0.425,-0.082,-0.374,0.745,0
site_00,-0.812,0.566,0.661,0.598,-0.434,1
site_09,0.472,-0.053,-0.51,-0.724,-0.878,1
site_00,0.777,0.805,-0.92,1.579,-0.729,1
site_00,-0.426,1.231,-0.803,-1.076,-0.44,1
site_00,-2.08,-0.137,-0.035,0.48,1.427,0
site_00,-0.091,-0.376,0.088,-1.293,-1.516,0
site_00,-0.954,-1.864,-0.836,-0.582,-1.743,0
site_00,-0.117,-0.196,1.25,0.156,1.487,0
site_00,1.16,1.015,-1.897,0.161,1.224,1
site_00,0.047,0.686,0.608,1.982,-1.432,0
site_00,0.221,-0.863,0.459,-0.223,0.874,0
site_00,1.284,-1.04,-0.295,0.602,-1.912,1
site_00,-1.718,-0.287,0.871,2.239,0.084,0
site_00,0.797,-0.253,-0.765,-0.77,-0.334,1
site_00,-1.161,-0.834,-0.083,1.6,0.583,1
site_00,-1.223,-0.336,-1.415,-2.132,-0.941,0
site_00,0.101,0.95,0.992,-1.932,-0.415,0
site_00,1.356,-1.841,-0.463,-0.851,-0.4,1
site_00,0.524,0.824,1.22,-0.301,-1.59,1
site_00,-0.728,-1.155,-0.392,0.637,0.024,0
site_00,0.167,0.19,-0.496,0.557,0.7,0
site_00,-0.913,-0.533,-1.735,0.496,-0.248,0
site_00,1.212,0.726,-0.774,0.564,0.838,1
site_00,1.842,0.354,0.321,-1.467,-1.535,1
site_00,1.88,1.224,-0.984,0.803,-1.166,1
site_00,0.53,-0.022,1.44,-2.259,1.197,1
site_00,1.515,0.456,0.617,0.729,-0.432,1
site_00,-0.265,1.23,1.168,-1.925,-1.076,1
site_00,-0.288,-0.062,-1.819,-1.045,0.541,0
site_00,-0.902,0.804,1.566,0.269,0.526,0
site_00,0.449,-0.44,-2.3,0.982,-0.542,1
site_00,-0.265,0.528,2.491,0.265,-0.655,0
site_00,-0.419,-0.588,-0.198,0.628,-0.281,0
site_00,-0.245,-1.741,-1.647,-0.143,-1.345,1
site_00,-0.523,0.407,-0.282,-0.558,0.436,1
site_00,1.188,-2.431,0.945,1.01,-0.124,0
site_03,0.003,1.16,-0.015,0.348,3.172,1
site_02,-0.593,-0.717,-0.601,-0.709,1.255,0
site_00,-0.152,0.683,-1.51,0.521,-0.902,1
site_00,-2.358,0.742,1.391,0.169,1.131,1
site_03,-0.807,-0.118,0.275,1.533,-1.327,0
site_00,-1.632,0.854,-2.768,-0.478,1.24,1
site_00,0.941,-1.321,-0.086,-0.589,0.832,1
site_00,0.514,-0.266,1.326,-1.44,-1.802,1
site_00,-0.204,2.284,2.438,-1.541,-0.291,0
site_00,-1.195,-0.801,-0.144,-0.584,0.331,0
site_00,0.47,-0.707,-0.801,0.539,-0.239,0
site_00,-0.918,-0.37,0.522,-2.656,-0.111,1
site_00,-0.722,0.461,-1.185,-1.361,-0.658,1
site_00,-0.821,2.297,-1.062,-1.643,0.192,1
site_00,0.152,-0.176,0.649,-1.019,-1.189,0
site_00,-0.715,-0.471,-1.256,0.948,-0.525,1
site_00,2.174,-0.003,0.97,-0.244,1.108,1
site_00,-0.642,1.138,-0.292,-1.054,-0.95,1
site_00,1.332,-0.477,-0.484,0.096,-0.518,1
site_00,0.268,-1.024,0.206,0.18,1.255,1
site_00,-0.113,0.158,0.958,-0.14,-0.747,0
site_00,-0.598,-1.467,-0.019,0.82,1.635,1
site_00,-1.581,0.408,1.689,-0.229,1.069,0
site_00,0.965,0.207,-0.345,-0.764,-0.799,0
site_00,-0.058,-1.342,-0.847,1.406,-0.5,1
site_00,-1.563,-1.985,0.352,0.249,0.53,0
site_00,-2.104,-0.826,0.85,-0.254,-1.63,1
site_00,0.89,-1.087,1.66,-0.722,-1.451,0
site_00,-0.138,-2.197,-1.649,1.069,-0.378,0
site_00,0.697,1.314,0.796,1.675,0.363,1
site_03,-1.703,1.664,0.062,0.154,-0.501,0
site_09,0.551,-1.835,-1.082,-0.135,1.286,0
site_00,0.097,0.441,-0.206,1.361,2.371,1
site_00,-0.355,-0.952,0.864,-0.119,-0.507,1
site_00,0.725,0.279,0.685,0.021,0.772,1
site_00,-0.232,0.916,0.395,-1.422,-0.114,1
site_00,-0.404,0.176,-0.728,0.784,-0.189,0
site_00,-1.097,0.487,0.867,0.31,-0.697,0
site_00,-0.042,-0.575,-1.277,-0.087,1.309,1
site_00,-1.505,0.075,1.152,-0.788,-1.034,0
site_00,0.61,-0.779,-0.567,0.177,1.5,0
site_04,0.066,-0.523,2.079,-0.725,-0.069,0
site_00,2.004,0.716,-1.087,-1.828,0.549,0
site_00,0.053,0.607,-0.919,-0.695,-1.426,1
site_01,-2.216,0.088,0.028,-0.696,0.569,0
site_00,-1.295,0.087,0.81,0.502,1.569,1
site_00,2.001,-0.758,0.054,0.16,1.049,1
site_00,0.924,0.863,0.74,0.371,-0.329,1
site_00,-0.928,-0.35,0.914,0.858,-0.183,0
site_07,0.548,1.071,-1.328,0.536,0.144,1
site_00,-0.226,-0.146,1.146,-0.142,-1.196,0
site_00,0.136,0.639,0.384,-0.059,1.129,1
site_00,-0.187,-0.061,0.479,0.632,0.823,0
site_08,1.166,1.072,-0.077,1.333,0.301,1
site_09,0.13,-0.525,0.526,-1.751,-0.848,1
site_00,-0.547,-1.134,0.311,1.23,0.627,1
site_00,-1.178,-0.479,-0.363,0.803,0.57,1
site_00,1.1,-2.17,0.533,-0.404,1.785,0
site_00,-1.438,0.218,-0.875,-0.728,0.935,1
site_00,0.73,0.61,0.391,1.382,1.655,0
site_00,-1.554,-1.703,0.644,-0.308,0.682,0
site_00,-1.485,0.104,-0.871,-0.724,-0.542,1
site_00,-0.079,-0.521,0.731,3.213,1.32,0
site_09,-0.907,-0.464,1.034,-1.327,-1.388,0
site_00,0.818,-0.566,1.352,-0.183,0.421,1
site_00,-0.32,0.28,-2.727,-0.213,-0.24,0
site_00,0.555,-0.589,-0.13,-0.358,1.176,0
site_00,0.153,0.648,0.047,-0.727,1.533,1
site_00,1.209,-0.349,1.138,1.119,0.144,1
site_00,-0.436,1.121,1.035,0.346,-1.055,1
site_01,-1.645,-1.652,-0.375,0.583,-0.812,0
site_07,-0.067,-0.306,0.357,1.076,-0.236,0
site_00,0.877,0.189,1.563,-0.443,0.81,1
site_00,0.585,-1.222,0.604,-0.865,0.497,1
site_00,-1.002,-1.36,-0.095,1.108,0.266,1
site_00,0.305,-0.768,-0.184,1.013,-0.188,0
site_01,0.165,-0.276,-1.241,0.143,-1.112,0
site_00,0.614,-0.636,0.792,0.578,-0.576,0
site_00,-0.518,0.206,-0.353,-0.553,-0.32,0
site_06,1.373,-0.224,0.184,-0.091,0.67,1
site_03,1.382,1.129,1.052,0.005,0.41,1
site_00,2.202,-0.964,1.303,0.306,0.539,0
site_00,-0.236,-0.202,0.19,1.133,0.075,0
site_00,-0.228,0.815,0.491,-0.888,1.29,0
site_00,0.869,1.509,-1.344,0.675,-1.59,0
site_00,-0.806,0.948,-0.495,0.017,-0.235,0
site_00,-0.72,2.244,-1.232,-1.463,-2.021,0
site_04,0.044,-0.099,-1.036,0.333,-0.406,1
site_00,0.654,0.348,-0.666,2.276,0.303,0
site_00,-0.574,1.074,-1.048,-0.558,-0.006,0
site_00,-1.116,2.668,0.721,-2.025,-1.981,1
site_00,-0.326,1.33,-0.132,0.625,-0.0,1
site_00,0.28,0.522,-0.808,1.954,-0.314,0
site_00,1.023,-0.136,-0.874,-0.149,0.658,0
site_09,-1.423,0.926,-1.21,-0.956,-0.422,0
site_00,-1.218,0.877,-0.424,0.261,0.158,0
site_00,1.269,-0.048,0.217,0.262,0.236,0
site_00,-0.305,1.119,-1.081,-0.745,-0.395,1
site_00,-0.498,-1.482,-0.686,-1.006,-0.486,1
site_00,0.977,0.501,-0.815,0.674,0.528,1
site_00,1.639,-0.144,0.683,-1.071,0.882,1
site_00,0.73,1.785,0.848,0.971,-0.463,0
site_00,0.058,0.713,1.892,-0.875,-0.187,1
site_00,-0.74,0.745,0.244,0.212,0.617,0
site_00,0.388,0.343,1.385,1.015,-1.601,0
site_00,-0.294,1.352,1.315,0.383,1.035,1
site_00,-0.862,0.661,-0.089,0.019,1.24,0
site_00,-0.287,-1.141,-1.317,0.522,0.957,0
site_00,-1.303,-1.575,1.182,-0.338,-0.401,0
site_00,-2.265,-1.53,-0.853,0.678,-0.222,1
site_00,0.245,1.8,-1.532,-2.075,-1.416,1
site_00,0.066,1.377,1.139,-2.474,-0.026,0
site_00,-1.162,1.617,2.425,0.488,0.44,0
site_00,-0.166,0.411,0.899,-0.135,0.163,0
site_00,0.322,-0.147,-1.429,0.309,0.953,1
site_00,0.522,0.611,2.685,-1.412,-0.117,1
site_00,0.92,0.371,0.661,0.864,-0.739,1
site_00,0.387,1.487,-1.698,1.239,-1.326,1
site_00,0.899,-0.327,0.423,0.757,0.39,0
site_00,1.013,-0.422,-1.043,-1.063,1.556,0
site_00,-0.427,0.118,-0.454,-2.044,-1.342,0
site_00,-1.127,1.253,0.689,-0.364,1.335,0
site_03,0.223,0.054,-1.453,1.275,0.271,1
site_00,1.928,-0.119,0.317,-0.386,-0.037,1
site_00,0.002,-0.579,-0.353,-0.114,0.115,1
site_00,1.295,1.704,0.153,1.021,-0.453,1
site_00,0.244,0.623,0.791,-2.266,-0.761,1
site_00,0.229,-0.336,-0.22,0.015,-1.244,1
site_00,0.815,0.266,-0.679,-0.39,-0.541,0
site_01,0.521,0.574,-0.903,1.327,0.461,1
site_00,0.764,-0.972,0.935,-1.68,-0.347,1
site_00,0.464,-0.852,-0.607,-1.066,1.025,1
site_00,0.417,0.345,1.086,-1.37,-1.067,0
site_00,-0.568,0.696,-0.151,-0.356,-2.072,0
site_00,0.23,0.781,-0.168,1.371,-1.578,1
site_00,-0.265,-1.237,1.054,0.127,0.364,1
site_00,0.052,-1.935,0.568,1.031,0.095,0
site_00,-0.718,0.626,-0.454,-0.529,-0.549,0
site_00,-1.309,-0.784,0.457,1.991,0.022,1
site_00,0.191,0.607,0.231,-1.906,0.583,0
site_00,0.264,0.099,-0.276,0.546,-0.803,1
site_00,-1.243,-1.793,1.402,0.9,-0.196,0
site_00,-0.621,2.801,0.15,1.116,-1.378,1
site_00,0.075,0.064,0.807,-0.417,0.514,0
site_00,-0.758,-0.967,-0.153,1.821,-0.494,0
site_00,-1.393,-0.772,0.061,0.45,0.661,0
site_00,-0.814,0.102,0.456,-1.178,0.236,0
site_00,0.803,0.93,-0.641,0.827,0.336,1
site_00,1.116,0.983,0.388,0.449,1.041,1
site_00,0.495,-0.723,-0.691,0.157,-0.069,1
site_00,1.698,1.449,0.531,-0.815,1.868,1
site_00,-1.043,-0.77,1.056,-1.333,0.056,0
site_00,1.384,0.497,0.329,-0.259,0.694,1
site_00,0.087,-1.159,-0.581,1.366,-0.908,1
site_00,-0.606,-0.92,0.337,-1.214,0.868,0
site_03,0.672,0.664,-0.626,1.419,1.738,1
site_00,2.132,0.509,-0.594,-0.193,0.492,1
site_00,-0.452,-0.784,0.008,1.871,0.636,0
site_00,0.596,0.909,-0.518,1.173,0.532,0
site_00,0.762,-0.84,-1.468,0.065,0.232,0
site_00,1.985,0.339,-0.432,-0.137,-0.26,1
site_04,0.871,-0.301,-0.044,1.813,-0.773,1
site_00,-0.339,1.539,0.658,-0.543,-0.286,1
site_00,0.166,-1.381,0.252,0.546,0.261,0
site_00,-0.099,-0.606,-0.533,-0.231,-1.281,1
site_00,-1.004,-1.191,2.114,-0.28,1.112,0
site_00,-0.423,0.452,-1.108,0.118,0.487,1
site_00,-0.487,1.001,0.195,-1.638,-1.353,0
site_00,-1.028,-0.358,-0.529,-0.555,0.744,1
site_00,-0.831,1.107,-2.879,1.107,-0.07,1
site_00,2.961,0.947,0.224,1.709,-2.401,0
site_00,-1.042,-0.268,-0.413,1.202,-0.211,1
site_00,0.488,0.857,-1.046,-0.785,0.93,0
site_00,0.848,-0.191,-1.275,1.437,-0.149,0
site_00,-0.066,-0.497,0.463,0.656,-1.226,1
site_03,0.553,-0.474,-0.599,1.355,0.32,0
site_00,-0.125,-0.487,0.99,-0.421,-0.255,1
site_00,0.663,0.8,0.139,-0.614,0.662,0
site_00,0.422,-1.628,0.016,0.248,0.377,0
site_00,0.598,-1.704,0.249,-0.655,-0.097,0
site_00,-0.524,-0.438,1.704,-0.038,0.783,1
site_00,0.148,1.361,2.432,-0.078,0.402,1
site_00,0.532,0.107,2.378,-1.04,-1.623,1
site_00,1.426,0.583,-1.243,0.772,0.015,0
site_00,-0.067,0.695,0.572,0.075,0.166,1
site_00,-0.632,0.361,0.638,0.298,1.16,0
site_00,-0.619,-1.108,0.729,0.833,-0.379,0
site_00,0.718,-0.257,1.495,0.359,0.26,0
site_00,-0.183,-1.393,-1.782,-0.698,-0.759,1
site_00,0.663,0.284,-0.71,-1.038,0.423,1
site_00,0.318,-0.025,-0.081,-0.773,0.859,0
site_00,0.585,1.045,0.987,-1.407,0.632,0
site_00,2.232,-0.094,-0.743,1.517,-0.653,0
site_00,0.639,-1.701,0.634,-1.449,1.23,0
site_00,2.644,1.39,-0.668,1.893,-0.623,1
site_01,1.014,0.161,1.16,1.299,-0.04,1
site_00,-1.634,-2.657,-1.108,-0.796,1.206,1
site_02,0.938,0.564,0.857,-0.314,-1.313,1
site_00,-0.655,1.931,0.411,-0.752,1.099,0
site_00,0.1,0.742,-0.076,0.489,0.72,1
site_00,0.499,-0.182,1.009,1.581,1.779,0
site_00,-0.508,0.381,-1.997,1.948,1.362,0
site_00,0.112,0.257,0.204,0.618,-1.964,0
site_00,0.485,2.382,-2.444,0.332,0.113,0
site_00,-1.213,0.526,0.137,-1.45,0.541,1
site_00,-0.382,-0.398,-0.253,1.409,-0.701,0
site_00,-1.387,0.428,-0.687,1.201,0.267,1
site_00,-0.187,0.18,-0.694,1.082,-0.947,1
site_00,-1.098,0.548,-2.876,0.215,-0.826,0
site_00,2.279,-0.614,-0.914,-0.819,0.781,0
site_00,-0.087,0.554,1.244,-0.208,1.25,1
site_00,-0.919,0.788,-0.144,-1.218,1.153,1
site_00,-0.995,-1.497,-0.962,1.173,-0.373,1
site_00,-1.397,-0.956,1.667,0.738,0.279,0
site_00,-0.977,0.016,-1.241,0.279,1.707,0
site_00,0.693,-0.484,-0.254,2.36,0.604,1
site_00,0.644,-0.194,-0.824,-1.296,0.805,1
site_00,-0.833,-0.728,0.549,0.769,1.169,1
site_00,0.412,1.192,0.391,0.411,1.466,0
site_05,0.657,-1.787,0.349,-0.191,-1.848,0
site_00,0.284,-0.55,-0.958,0.404,0.14,1
site_00,2.109,0.663,-0.789,-1.357,-0.722,1
site_00,-0.119,0.021,-0.656,0.418,0.062,1
site_00,0.059,0.182,0.197,0.68,-0.871,1
site_00,-0.018,-0.004,0.271,0.238,-0.343,0
site_00,0.984,-0.758,1.476,-1.606,0.787,1
site_00,-0.664,0.754,1.143,1.399,1.707,0
site_00,-0.137,-1.502,1.092,0.311,-2.087,0
site_07,0.357,-1.02,0.417,-1.847,-0.129,0
site_00,0.401,-0.291,0.453,-0.573,-0.557,1
site_00,0.874,1.003,-1.019,-0.215,0.816,1
site_00,-1.312,-0.854,-0.499,-0.308,0.245,0
site_00,1.239,1.33,-0.071,-0.886,-0.024,1
site_00,0.607,1.129,0.817,0.309,-0.57,1
site_00,-0.452,0.122,0.557,0.921,0.379,1
site_00,0.161,0.42,-0.838,-0.658,0.761,1
site_00,-0.55,-0.197,0.811,0.026,0.893,0
site_00,-0.797,1.699,1.475,-0.898,0.401,1
site_03,0.257,-1.241,0.411,-0.833,-0.622,0
site_00,0.415,-0.269,-0.973,0.831,0.055,0
site_00,0.19,-1.449,0.533,0.361,0.655,1
site_00,-0.497,-0.459,-0.857,0.552,-0.513,0
site_00,-1.668,-1.437,0.641,2.303,-0.062,0
site_00,0.626,1.39,-1.153,-2.197,-1.0,1
site_00,-1.004,0.539,-0.889,0.073,-0.337,1
site_00,0.814,1.161,-0.741,0.74,-1.268,0
site_00,-0.535,0.586,0.534,-0.727,-1.827,0
site_00,2.074,-0.934,-1.066,-0.695,1.837,0
site_00,-0.113,-1.012,1.204,1.031,1.22,0
site_00,-0.523,-0.64,1.411,1.896,-0.564,1
site_00,0.362,0.053,1.011,0.031,1.222,1
site_00,-1.588,-1.838,-0.968,3.157,-0.138,0
site_00,0.162,0.672,-0.47,-1.315,-0.905,0
site_03,-0.694,-0.043,-1.217,0.024,-0.452,0
site_00,-0.327,-0.63,0.49,0.102,0.992,0
site_00,-0.042,-0.11,0.845,-0.008,-0.331,0
site_00,0.34,-1.494,0.389,-0.818,2.116,0
site_00,-0.161,0.005,2.013,-0.431,-0.785,1
site_00,0.39,0.386,0.215,0.37,-0.782,1
site_00,-0.922,-0.862,-0.022,2.712,-0.255,0
site_00,-0.997,1.32,0.663,-1.218,1.248,1
site_00,-1.849,0.699,-0.976,0.068,-0.585,0
site_00,-0.261,1.383,1.309,-0.829,0.542,0
site_09,0.09,0.38,0.501,-0.838,0.93,1
site_00,-0.846,0.551,-0.211,0.388,-1.311,0
site_00,-0.578,-0.962,-0.22,0.57,-2.157,1
site_00,-1.555,-0.017,0.261,-0.73,-0.064,1
site_00,-0.082,-0.128,0.478,-0.464,1.145,0
site_00,-0.929,-0.695,-1.449,1.542,-0.831,0
site_00,-0.668,0.214,-2.522,-0.249,0.309,1
site_00,0.03,0.199,-1.344,-1.272,0.824,0
site_00,-0.162,-0.993,0.923,-0.602,0.451,1
site_02,-0.738,-1.573,0.321,-0.703,0.743,0
site_00,-0.615,-0.648,0.571,-0.169,-2.718,0
site_00,-0.128,0.996,-1.567,-1.433,-0.69,0
site_00,-0.118,-0.799,-2.256,-1.093,-0.419,1
site_00,1.779,0.113,-0.079,0.525,0.128,0
site_00,0.603,0.172,2.368,-0.548,1.645,0
site_00,-0.207,0.701,1.967,0.972,1.274,0
site_00,-1.008,-0.005,-0.76,0.793,0.109,0
site_00,-1.078,0.69,-1.556,1.035,-0.757,1
site_00,-1.677,1.213,1.474,-0.14,-0.188,0
site_00,-0.098,1.201,-0.217,0.258,-0.063,1
site_00,-1.239,2.481,0.544,-1.245,1.307,0
site_00,0.311,-0.153,-0.458,-0.13,-1.204,0
site_00,0.279,-1.24,0.334,-0.345,0.073,1
site_00,-2.057,-1.372,-0.328,0.218,1.264,0
site_00,0.924,-1.239,0.495,0.685,-0.398,1
site_00,-1.72,0.503,-1.647,-0.042,-0.385,0
site_00,0.128,0.981,-1.1,0.303,0.876,0
site_00,0.599,-1.207,0.445,-0.487,-0.649,1
site_00,-0.664,0.722,0.704,-0.752,-0.7,1
site_00,0.801,0.478,1.978,-1.267,-0.605,1
site_00,1.611,-0.45,-0.325,0.444,-0.338,1
site_00,-0.608,0.085,0.515,-1.004,0.578,1
site_00,1.545,-1.335,0.417,0.224,-1.08,0
site_00,0.322,-1.527,-0.201,0.615,-0.265,1
site_00,1.796,-0.212,-0.555,-0.498,-2.731,1
site_00,0.867,0.453,1.089,-0.444,1.168,1
site_00,-1.207,0.401,-0.424,0.566,1.234,1
site_00,-0.003,-2.265,-1.613,0.003,-0.392,1
site_00,-0.827,0.287,0.104,-1.476,0.755,1
site_00,0.737,-0.093,2.081,1.677,-1.377,0
site_00,1.424,0.753,0.695,0.333,0.219,0
site_00,-0.279,0.507,1.385,0.382,-0.297,0
site_00,0.199,0.233,2.254,1.015,-1.42,1
site_00,-1.664,1.375,0.204,0.789,-0.333,0
site_00,-0.921,-1.469,-1.125,1.26,1.294,1
site_00,0.85,-0.788,-0.921,0.662,2.02,1
site_00,-1.638,0.183,-0.355,-0.746,1.549,1
site_00,1.378,-1.758,0.835,-0.953,-0.874,1
site_00,0.008,-0.567,-0.273,-0.77,0.265,0
site_00,1.756,-2.116,1.238,-0.223,0.313,1
site_00,0.377,1.723,0.344,-1.314,0.542,1
site_05,-1.341,1.982,0.102,1.854,0.084,0
site_00,0.2,0.432,0.276,-0.565,-0.018,0
site_00,2.644,0.108,0.966,-0.888,-0.851,1
site_00,0.551,-0.621,1.333,0.426,0.759,0
site_00,-1.392,-1.166,2.157,0.491,-1.483,1
site_00,-0.772,-0.132,-0.04,-1.04,-0.425,0
site_00,0.876,0.104,0.212,0.253,1.63,0
site_00,-0.271,0.523,0.505,-1.757,-0.637,0
site_00,-0.31,1.582,0.329,0.043,2.332,1
site_00,0.337,0.807,2.178,-1.563,0.373,1
site_00,-0.763,0.479,-0.86,-1.028,2.536,0
site_00,1.42,1.134,0.659,-1.41,0.326,1
site_00,-0.391,-1.242,-1.138,-0.236,-2.505,0
site_02,-1.569,1.168,-1.419,0.168,0.716,1
site_00,-0.962,-0.361,0.346,-1.285,-0.893,0
site_00,-1.65,1.677,-0.639,-0.339,0.531,0
site_01,-0.564,-2.664,-0.777,0.14,0.98,0
site_00,-1.928,-0.604,0.374,-0.804,-1.2,1
site_00,-0.78,0.82,-0.334,-0.936,-0.415,0
site_00,0.426,1.233,-0.95,-0.116,1.643,1
site_00,-0.763,0.016,0.19,1.386,1.621,0
site_00,0.07,-0.417,0.594,0.418,-0.49,1
site_00,-1.855,0.058,-0.224,-1.342,-0.518,0
site_00,0.118,-0.099,1.01,2.293,0.241,0
site_00,2.462,0.437,-1.873,1.246,-0.864,1
site_00,-0.099,-1.164,0.4,0.021,-0.43,1
site_04,0.113,-1.152,-0.376,0.518,-1.131,0
site_00,0.119,0.013,-0.752,-0.787,-0.744,1
site_00,0.742,-1.35,1.904,-0.087,-0.688,1
site_00,-1.144,2.739,-1.935,0.075,-2.349,1
site_00,-0.148,-0.739,0.955,0.957,0.319,0
site_00,-0.562,-1.424,-0.032,-0.299,0.536,1
site_00,0.495,-1.214,-0.229,1.382,-0.037,0
site_00,-0.392,-0.483,-0.943,-0.968,0.625,1
site_00,0.514,1.655,0.166,-3.073,0.798,0
site_00,-0.13,-0.386,0.398,1.393,-0.712,0
site_02,0.031,-0.347,0.115,-1.342,-2.169,1
site_00,0.161,-0.121,-1.061,-0.439,-0.819,0
site_00,0.023,-0.655,1.027,-1.688,-0.229,0
site_00,-0.273,-2.559,0.651,0.952,-0.136,1
site_00,-0.468,-0.561,0.031,0.394,-0.617,1
site_00,0.688,-1.444,0.242,2.938,0.953,1
site_00,1.349,0.627,0.325,0.403,1.794,1
site_00,-1.39,0.916,-0.055,-1.846,0.983,1
site_00,-2.404,0.067,1.463,0.001,1.403,0
site_00,0.432,0.493,0.454,-0.037,-1.074,0
site_05,-0.145,1.419,-0.109,-0.605,0.598,1
site_00,0.115,0.853,0.359,-0.616,1.522,0
site_04,-1.057,-0.408,0.976,0.43,0.348,0
site_00,-0.603,0.662,2.286,-0.091,1.342,0
site_01,1.656,-0.495,-0.089,2.012,0.691,1
site_00,-0.977,-0.191,-0.24,0.983,-0.641,0
site_00,0.056,0.748,-1.406,-0.975,-1.496,1
site_00,-1.14,-1.609,-0.769,-0.01,-0.725,0
site_00,-1.144,-0.329,1.808,0.282,1.743,1
site_00,1.352,-1.938,0.83,0.003,0.884,1
site_00,0.646,0.972,-1.245,1.074,0.077,1
site_00,-0.464,-0.696,-0.804,-2.098,0.772,0
site_00,-0.106,-0.072,0.425,-1.719,0.407,0
site_00,-0.243,1.427,-0.513,0.015,-0.024,1
site_00,0.076,0.958,-1.782,-1.041,0.349,1
site_00,-1.15,-0.547,0.561,0.072,-0.275,0
site_00,0.36,0.536,1.667,-0.01,-1.72,0
site_00,-1.49,0.687,0.958,-1.278,-0.054,0
site_00,0.2,0.772,-1.154,0.98,-0.306,1
site_03,-0.455,-0.828,1.353,-0.733,1.371,0
site_00,-0.579,0.822,0.827,-0.285,0.851,1
site_00,0.702,0.996,1.552,-0.896,-0.905,1
site_00,0.371,-0.261,0.171,-1.699,-0.426,1
site_00,-0.665,0.543,-2.199,-0.76,-0.028,0
site_00,1.605,0.154,0.287,0.357,0.378,1
site_00,0.972,-0.434,0.832,-0.147,-1.226,1
site_00,0.218,0.787,-0.246,0.126,-0.414,0
site_00,-0.944,-0.028,-0.389,-1.915,1.047,1
site_08,-0.471,0.623,-0.718,0.983,0.205,0
site_06,0.226,2.237,0.515,-0.379,0.694,1
site_00,-0.064,1.644,0.511,0.682,-0.726,0
site_00,-0.981,-1.033,-0.8,-2.223,1.383,0
site_00,0.817,-0.33,-1.559,0.569,-0.186,1
site_00,0.279,0.379,0.593,-0.144,-0.325,0
site_00,1.236,1.576,1.131,-0.695,0.066,1
site_00,-0.15,0.981,0.871,-1.86,-0.717,1
site_00,-1.356,-2.089,0.726,-0.578,-0.578,0
site_00,0.355,-0.751,-1.568,0.397,0.009,0
site_00,-0.157,-1.768,-0.246,-0.069,-0.477,0
site_00,0.459,-0.007,0.789,-0.12,0.125,0
site_00,0.076,-2.533,0.197,-1.164,-0.413,1
site_02,-0.155,1.138,-0.576,-0.144,1.184,1
site_00,-0.021,0.647,1.406,0.754,1.043,1
site_00,0.112,-0.22,-0.398,-0.987,0.741,1
site_00,-0.0,0.571,1.646,-0.718,-0.102,0
site_00,-0.952,1.948,0.343,0.111,0.821,1
site_00,-2.067,-0.056,-0.163,-0.191,0.235,0
site_00,-1.778,0.335,-0.668,-2.392,-1.364,0
site_00,-2.463,1.299,-0.761,-0.142,-1.532,1
site_00,-0.721,-0.432,-1.282,0.659,0.37,0
site_00,-2.43,0.912,0.664,-0.412,0.214,0
site_00,-0.636,-0.506,-1.122,-0.45,-0.732,0
site_00,0.06,-1.271,0.162,-1.153,-1.177,1
site_08,-1.035,1.274,-1.839,1.204,-0.166,1
site_00,-2.338,-0.336,2.213,-0.122,-1.284,0
site_00,0.681,-0.354,0.258,1.914,-0.386,1
site_00,-0.178,1.153,-2.572,0.223,-1.317,1
site_00,0.276,-0.563,-1.711,-0.46,0.694,1
site_00,-0.661,1.415,-0.129,0.545,-0.572,0
site_00,1.073,0.751,-0.596,-1.863,0.439,1
site_00,0.992,-0.662,-1.233,-0.137,0.517,0
site_04,-0.302,0.525,0.671,-0.774,-0.396,0
site_00,-0.231,0.371,-0.366,0.399,-0.546,0
site_00,-0.608,-1.026,-0.589,-0.999,-0.636,0
site_00,0.327,0.061,0.188,1.369,1.186,0
site_00,-1.142,-0.9,0.267,-1.349,0.309,1
site_03,-0.991,-1.746,1.855,0.158,-1.0,0
site_00,1.535,0.484,-0.007,0.32,-0.43,1
site_00,1.406,-1.118,2.197,1.294,0.372,1
site_00,0.899,0.606,3.077,-0.686,-0.259,1
site_00,-1.019,0.566,0.778,-0.923,-0.234,1
site_00,1.128,-1.252,-0.429,1.144,0.261,0
site_00,-1.224,0.963,1.195,-0.296,-0.492,1
site_00,0.33,-1.231,0.539,-0.284,0.361,1
site_01,-0.238,-0.652,1.516,0.975,-0.707,0
site_00,0.328,0.328,-1.592,0.398,0.075,1
site_00,1.285,0.498,-0.393,1.214,-1.25,1
site_00,0.208,-0.892,0.547,-0.319,-1.155,1
site_00,0.279,-1.039,-0.598,0.079,-1.094,0
site_00,1.15,-0.607,-0.838,-0.771,0.442,0
site_00,-1.669,2.21,-0.06,-0.241,1.111,0
site_00,-0.088,-0.598,-0.576,-0.917,0.142,1
site_00,2.417,0.065,-0.075,-0.53,0.176,1
site_00,-1.977,-0.716,-0.55,-1.052,1.939,1
site_00,1.691,-0.307,-0.369,-0.707,1.208,0
site_00,0.075,0.89,1.985,0.332,-0.502,0
site_00,0.577,1.265,-0.087,0.258,-0.097,0
site_00,-0.976,0.081,0.707,-1.106,-0.518,1
site_00,-0.562,1.081,-0.59,0.118,0.622,0
site_07,1.622,-0.729,1.636,-1.544,0.18,1
site_00,2.579,-0.572,-3.322,0.885,0.179,0
site_00,-0.425,0.49,-0.3,-0.463,-0.846,1
site_08,-0.112,-1.64,-0.503,-0.716,-1.355,0
site_00,0.323,0.465,0.772,-1.568,-1.739,0
site_08,0.325,-1.541,-0.666,1.157,0.39,0
site_00,-0.648,-1.323,-0.109,-0.647,-0.189,1
site_00,-0.948,0.315,1.044,-0.827,-1.215,0
site_06,0.68,0.465,1.642,-0.176,-0.187,1
site_00,-1.511,0.233,-1.293,0.09,0.073,0
site_00,-1.137,-1.117,-2.23,-1.341,-0.924,1
site_00,0.72,-1.366,1.039,0.931,-0.025,1
site_06,0.694,0.449,0.634,-0.41,-0.482,1
site_00,-0.602,0.528,1.479,0.296,-0.073,0
site_00,-1.552,-0.206,1.408,-1.801,-0.068,0
site_00,2.541,-1.501,0.755,0.127,-1.097,0
site_01,0.008,0.635,0.093,-0.643,-0.364,0
site_00,-1.051,-0.798,0.432,-0.178,-0.332,1
site_00,-0.196,0.163,0.046,0.767,-1.626,0
site_00,0.521,-1.986,0.091,1.274,0.105,1
site_00,-0.795,1.861,-1.245,0.767,0.805,1
site_00,-1.758,1.047,-0.378,-1.609,0.983,0
site_04,1.004,-0.759,0.606,0.989,0.937,1
site_00,-0.064,-0.079,-0.983,-1.207,-0.862,0
site_00,-1.597,-0.436,0.781,-0.16,-0.173,0
site_00,0.292,1.681,0.905,-0.247,0.617,0
site_00,0.488,-0.611,-0.811,1.181,0.248,1
site_00,-0.427,-0.096,0.367,1.039,2.388,1
site_00,-1.054,1.062,-0.638,-0.194,-0.648,1
site_09,0.592,0.211,-0.825,0.386,1.428,1
site_06,-0.32,0.662,-0.69,0.704,-1.994,0
site_00,0.501,-0.57,-0.624,1.826,0.249,1
site_00,1.135,-0.688,0.977,0.044,1.172,0
site_00,1.005,-0.939,0.043,-0.226,1.519,1
site_00,1.452,0.377,0.774,0.607,-0.347,1
site_00,1.222,0.353,-0.532,1.469,-1.162,1
site_00,1.177,-0.881,0.235,0.24,-0.785,1
site_07,-0.232,0.248,-1.109,1.94,0.396,0
site_00,-0.875,-0.872,-1.239,-0.675,2.682,0
site_00,-0.064,0.445,0.647,1.312,-0.248,1
site_00,-1.09,-0.731,-1.021,0.329,0.285,0
site_00,-2.754,-0.35,-2.147,0.065,1.854,0
site_00,-1.31,0.341,-0.944,-0.841,0.548,1
site_00,-0.629,-0.297,0.855,-0.27,-0.367,1
site_07,-2.136,-0.042,-0.887,-1.445,-0.172,0
site_00,-0.979,1.23,0.368,2.574,-1.958,0
site_00,-1.036,-0.331,1.06,-0.971,0.768,0
site_00,0.983,0.325,1.283,-0.296,1.619,1
site_00,0.946,0.065,0.043,2.019,0.281,0
site_00,1.306,-1.001,-0.623,1.194,0.709,1
site_00,0.89,0.181,0.23,-0.35,1.065,1
site_06,-0.21,0.394,0.153,-1.547,-0.112,0
site_00,0.943,-0.368,1.446,1.411,-1.056,0
site_00,-0.351,0.625,-0.93,0.516,-0.816,0
site_00,-0.311,-0.384,0.28,-0.57,-0.459,1
site_00,-1.001,-0.21,-0.971,-1.172,-0.579,0
site_00,0.257,0.432,-2.374,-0.035,1.256,0
site_00,0.714,0.65,0.115,-1.043,-0.886,1
site_00,-1.8,0.625,1.803,2.048,1.97,1
site_00,0.581,-0.826,-0.957,1.979,0.387,0
site_00,-0.407,-0.674,-1.312,-1.459,-1.25,0
site_00,0.52,-0.37,-0.298,0.944,-0.264,0
site_00,-1.568,0.448,-0.363,0.43,-0.85,0
site_00,1.355,0.966,0.168,-0.075,0.32,1
site_00,-0.532,-1.878,-0.494,-0.999,0.527,0
site_04,1.524,0.543,-0.056,-0.494,0.989,1
site_00,1.353,0.231,-1.307,0.138,0.152,1
site_00,-0.117,-1.209,0.029,0.89,0.854,1
site_00,-0.42,0.876,-1.179,0.285,-0.999,1
site_00,-0.196,-0.928,-0.562,1.017,-0.534,0
site_00,0.06,0.217,-1.437,-0.532,0.947,1
site_07,1.597,-0.021,0.343,1.037,-1.273,1
site_00,-2.166,0.507,-0.471,-1.556,-0.644,1
site_00,1.35,-1.17,1.261,0.437,0.26,1
site_00,0.361,-0.434,-0.887,0.115,-1.014,0
site_07,0.303,-0.023,1.669,-3.249,-0.327,1
site_00,-0.242,1.031,1.573,-1.209,0.29,1
site_00,0.699,-1.646,1.85,0.134,0.697,0
site_00,-0.05,-0.517,0.226,-1.755,-1.288,1
site_00,-0.312,-0.406,0.596,0.001,-1.337,1
site_00,-0.606,1.448,-1.055,-0.758,-2.483,0
site_00,1.321,-0.413,0.115,-1.844,0.746,0
site_00,1.03,1.91,-0.992,-1.049,0.903,1
site_00,0.252,-0.09,-0.234,-0.75,-0.444,0
site_06,0.485,-0.549,0.684,0.667,-1.021,1
site_00,0.677,-0.525,0.933,-1.336,-1.85,0
site_00,-0.101,-0.577,0.948,1.309,-0.243,1
site_00,0.03,0.08,0.054,-0.891,-0.875,1
site_00,0.334,0.103,0.185,-0.43,-1.17,1
site_03,-0.857,-1.727,-1.814,-1.311,0.081,0
site_00,0.43,-0.92,-0.038,0.866,0.721,1
site_00,-0.328,-0.164,1.473,-1.265,1.114,1
site_02,-0.256,0.37,-0.344,0.089,0.175,0
site_00,0.029,-0.136,1.281,-0.438,0.297,0
site_00,0.137,-0.165,-1.335,0.752,0.424,1
site_00,0.379,0.544,-1.938,0.345,1.753,1
site_00,-0.641,0.975,-0.86,-0.278,1.494,0
site_00,1.115,0.876,0.087,-0.305,1.149,1
site_00,-1.101,-0.873,1.364,-0.804,1.168,0
site_00,-0.327,1.034,0.195,-0.765,0.207,1
site_00,-0.942,-1.588,0.777,0.703,-0.172,0
site_00,-1.122,0.375,0.716,0.282,-0.837,0
site_00,-1.211,-1.085,-0.307,-1.294,-1.446,1
site_00,0.075,0.601,0.174,-0.611,1.102,1
site_01,-0.062,0.061,-0.289,0.878,1.02,1
site_00,-1.043,0.594,0.883,0.176,0.426,1
site_00,0.545,0.583,0.339,1.431,-0.21,0
site_00,-0.307,-0.302,0.341,0.534,-0.145,0
site_00,0.127,-0.649,-0.458,0.498,-0.626,0
site_00,-1.208,-0.546,0.712,-0.182,-1.869,1
site_00,-0.082,-0.15,0.712,-0.284,0.033,0
site_00,-0.079,-0.518,0.172,-0.7,-0.173,0
site_04,-0.207,-0.069,0.001,0.174,-0.365,1
site_00,1.402,-1.019,1.574,0.322,0.886,1
site_00,-0.182,-0.605,0.096,0.768,0.637,1
site_00,0.689,2.428,0.941,0.123,0.363,1
site_00,0.051,-1.491,2.582,0.395,2.043,0
site_00,0.449,-1.095,-0.778,0.625,1.982,1
site_00,-0.127,-0.583,0.455,-0.857,-0.228,1
site_00,0.829,-1.258,0.47,0.689,-0.413,0
site_01,0.12,-0.541,-1.646,-0.885,-0.403,0
site_00,-0.665,-0.783,-0.559,-1.268,1.964,0
site_09,0.422,-1.73,-0.617,0.589,-0.947,0
site_00,0.781,0.313,1.71,-2.747,-0.21,0
site_00,0.791,-1.252,-3.588,0.144,-0.045,1
site_00,0.072,-0.15,0.49,-1.033,-0.322,1
site_00,-0.139,-0.667,0.656,0.328,0.68,0
site_01,1.05,-1.188,-0.454,0.325,1.432,1
site_00,-1.264,-1.337,-1.481,0.934,2.207,1
site_00,-0.436,0.457,-1.224,0.228,0.529,0
site_00,-0.746,-0.823,0.403,0.334,0.957,1
site_00,-0.912,0.582,0.94,0.285,0.035,0
site_00,-0.548,-0.837,0.891,-2.007,-0.571,0
site_00,-0.465,-0.25,-0.121,0.194,-2.04,0
site_00,0.867,-0.103,-0.493,0.729,0.641,0
site_00,-0.455,0.839,2.214,0.932,-0.197,1
site_00,-1.172,-0.944,-0.524,1.022,-0.827,0
site_00,-0.381,0.598,-0.592,0.343,0.57,1
site_00,-0.002,-0.966,0.124,-0.038,0.318,0
site_00,1.271,1.398,-1.876,-0.873,-0.759,1
site_00,1.2,0.574,0.643,0.811,0.4,1
site_00,1.377,-0.847,0.68,0.97,0.337,1
site_00,0.1,1.323,-1.545,-2.746,-1.099,0
site_00,-1.21,0.509,-2.953,-1.23,0.876,0
site_00,0.491,0.384,0.337,-1.971,-0.852,1
site_00,-1.124,1.806,-0.176,-0.078,-0.087,1
site_00,0.889,0.364,-0.81,0.305,-0.047,1
site_00,-0.651,-0.334,0.901,-1.373,2.661,1
site_00,0.656,0.065,0.642,0.411,-0.934,1
site_00,-0.62,-0.187,-1.536,-0.06,-0.649,0
site_00,1.291,0.877,-0.288,-0.333,1.002,0
site_00,0.17,-0.198,-0.171,0.639,1.155,0
site_00,-1.371,0.895,1.194,-0.405,1.879,0
site_00,-1.037,1.23,1.779,-0.627,-0.259,1
site_00,-0.609,1.602,-0.732,0.352,-0.101,0
site_00,1.987,0.078,-2.439,-1.402,0.413,1
site_00,-1.123,-0.066,-0.286,-0.693,0.561,0
site_05,0.92,-0.889,2.524,-1.33,-3.717,1
site_00,1.016,0.182,0.69,1.537,0.758,0
site_00,0.241,0.117,-0.24,0.525,0.369,0
site_00,1.292,-0.074,0.036,-1.831,-0.449,1
site_00,0.058,-1.302,0.185,-0.342,0.008,1
site_06,0.953,-0.927,-0.107,-0.534,0.249,1
site_00,0.533,-2.559,0.143,-0.108,1.706,1
site_00,-0.981,-0.066,1.648,-0.121,-0.47,0
site_00,0.014,-0.486,0.421,-0.35,-0.568,1
site_00,0.735,-0.278,-0.1,0.009,-0.17,1
site_00,-0.757,1.019,-1.319,-0.861,2.377,0
site_00,-0.054,-0.698,0.096,-1.06,0.05,1
site_00,-0.551,0.026,0.793,0.277,0.244,0
site_00,-0.202,-0.29,-0.949,0.219,1.579,0
site_00,0.467,0.744,0.601,-1.283,0.097,0
site_00,-1.51,-0.334,-0.601,-0.249,-0.771,1
site_00,-0.445,1.33,-1.901,-0.531,1.01,0
site_00,-0.714,0.534,0.145,1.387,-0.886,1
site_00,-0.752,-2.488,1.195,-0.532,0.149,0
site_00,1.014,-0.523,-0.26,-0.054,-0.608,1
site_00,-1.163,0.609,-0.01,-0.647,0.284,1
site_00,-1.451,-0.057,-0.158,-0.379,0.024,0
site_00,0.133,-0.079,-0.195,1.793,0.197,0
site_00,-0.348,-0.702,-0.647,1.172,1.157,0
site_00,0.366,-0.435,0.341,-1.68,0.421,1
site_00,0.344,0.608,0.126,-2.18,3.104,1
site_00,-0.16,0.631,0.234,0.706,-0.724,1
site_00,0.21,-0.654,-0.493,0.311,-0.461,0
site_00,-0.523,0.708,0.112,0.976,-1.527,1
site_00,-0.231,1.277,1.702,-0.736,-0.666,1
site_00,1.547,1.829,0.136,0.349,0.409,1
site_00,-1.108,1.491,0.542,0.967,0.663,1
site_00,0.21,-0.448,-1.07,-0.932,-1.694,1
site_00,-0.238,-0.866,0.107,-1.055,0.771,0
site_00,0.832,0.663,0.091,-0.25,-0.832,1
site_06,-0.294,0.108,-0.356,0.044,-0.257,0
site_00,0.557,-1.451,2.985,-2.299,-0.654,1
site_00,1.383,0.182,1.449,-1.319,1.94,1
site_00,0.151,0.516,-0.395,-0.498,-1.383,0
site_00,-0.095,-0.077,-0.752,-1.347,-0.079,1
site_00,1.1,0.988,1.68,-0.131,-1.209,1
site_00,-1.584,-1.896,-1.01,0.061,0.338,0
site_00,-0.072,0.463,-1.89,-0.476,-0.48,1
site_00,-0.646,-0.462,-0.779,-1.22,0.564,0
site_00,-1.143,0.131,-1.285,0.642,0.518,0
site_00,-1.039,1.56,0.375,0.165,0.67,0
site_00,1.175,-1.138,0.015,0.64,-0.201,1
site_00,-0.798,-0.262,-0.88,1.082,0.45,0
site_00,0.789,0.604,0.729,1.035,1.863,1
site_00,-1.161,0.508,0.245,1.3,-0.912,0
site_00,0.525,0.767,1.295,0.266,0.297,0
site_00,-0.099,0.468,1.167,0.651,-0.948,0
site_00,-0.622,-1.16,-0.325,-2.631,-0.086,0
site_00,1.253,-1.506,0.086,1.109,0.1,1
site_00,0.361,1.964,0.361,-0.624,1.104,1
site_05,-1.23,-0.165,0.304,0.738,0.49,0
site_00,-0.987,0.261,-0.913,-1.012,1.702,0
site_00,0.137,-0.269,-0.6,-0.135,1.249,1
site_00,0.849,-2.086,-0.906,-1.303,-0.642,1
site_08,0.622,-1.825,-0.332,0.511,1.052,0
site_06,-0.774,-1.009,2.06,0.597,-0.296,0
site_00,0.071,1.051,1.349,-0.835,-0.296,1
site_00,1.178,0.924,-0.64,1.538,-2.143,0
site_00,0.63,-1.025,-0.129,-0.244,-1.791,0
site_00,-2.335,0.761,-1.985,3.27,-0.695,1
site_00,-0.087,0.225,-0.214,0.113,1.101,0
site_00,1.309,0.394,0.536,-1.663,0.814,1
site_00,-1.365,0.009,-0.679,0.781,-0.304,1
site_00,0.192,0.549,-0.07,-0.776,-0.404,0
site_00,1.671,0.668,1.253,-0.653,-1.367,0
site_00,-1.347,-0.752,-1.215,0.061,0.332,1
site_00,0.33,0.281,-0.561,0.698,0.514,0
site_00,-0.619,0.663,-0.75,-1.332,-2.834,0
site_00,0.825,1.133,-0.193,-0.661,1.027,0
site_00,-0.54,0.323,1.577,0.781,-0.259,0
site_00,2.591,0.106,-0.107,1.778,-0.3,0
site_00,-0.741,0.95,-1.164,-0.933,0.85,1
site_00,-0.416,-0.419,-0.059,0.882,0.392,0
site_00,1.543,0.763,0.369,0.272,-0.557,1
site_00,-0.725,-1.133,0.84,-0.503,0.883,1
site_00,-0.974,0.095,0.406,1.293,-1.102,0
site_05,1.347,-0.386,0.647,0.144,0.872,1
site_00,1.046,0.572,0.168,0.98,1.355,0
site_08,0.899,-0.78,-0.079,-0.543,0.108,1
site_00,0.782,-2.082,1.549,-1.001,-0.059,0
site_00,0.396,-0.24,-1.727,-0.909,0.036,0
site_00,0.788,0.613,0.677,-0.03,0.228,1
site_00,-1.011,0.123,1.93,-1.645,-0.751,1
site_00,-0.072,2.316,-2.621,2.816,1.071,1
site_00,0.42,0.221,1.391,0.402,0.204,1
site_00,1.127,-1.404,0.014,1.418,0.915,1
site_00,0.373,-2.136,1.105,0.086,0.382,1
site_00,-0.235,-0.464,-0.481,0.23,-0.36,0
site_00,2.293,0.154,2.336,0.413,0.868,1
site_00,-1.401,0.037,-1.542,0.564,-0.093,1
site_04,-1.767,1.435,0.404,-0.119,0.465,0
site_00,0.749,1.183,2.158,-0.353,0.712,0
site_00,-0.692,1.564,-0.366,1.907,-0.642,0
site_00,0.259,1.299,-0.248,-1.451,-1.03,1
site_00,0.256,-0.495,1.871,0.307,-0.602,1
site_00,-1.772,1.504,0.164,0.306,-0.664,0
site_02,-0.399,0.821,0.348,-0.212,0.624,1
site_00,0.535,-0.055,1.375,1.937,-1.293,0
site_00,-0.176,-0.583,-0.35,0.206,-0.518,0
site_00,0.043,-2.686,-0.29,2.143,-0.208,0
site_07,-1.75,-0.042,0.549,0.948,-1.281,0
site_00,-1.791,-0.276,-0.258,0.082,-2.444,1
site_00,-1.327,0.716,-0.424,1.746,0.665,0
site_00,-1.525,-0.709,-0.806,0.886,0.866,0
site_00,-0.141,-0.107,-1.0,-0.87,0.571,1
site_00,0.534,0.176,-0.333,-0.055,0.014,1
site_00,0.534,-0.113,0.424,0.479,0.527,0
site_00,-0.679,-1.66,0.051,-1.539,-0.907,0
site_00,0.117,-0.479,-0.987,0.204,1.44,1
site_00,-0.317,0.785,0.947,-0.143,-0.345,1
site_00,0.452,0.098,-1.054,-0.888,1.265,1
site_00,0.471,1.092,-0.601,0.498,0.814,0
site_00,-0.089,-1.234,-1.265,0.326,0.983,0
site_00,1.018,0.552,-1.554,-0.491,0.686,1
site_00,-0.57,1.151,0.874,0.121,-0.315,0
site_02,0.12,0.764,0.839,1.201,0.507,1
site_00,0.094,-1.383,-1.131,2.416,-0.64,1
site_00,0.28,-2.718,0.353,-2.317,0.136,1
site_00,1.278,1.12,0.128,-0.445,-0.369,1
site_00,0.628,-1.809,1.428,-1.84,-1.864,1
site_07,0.825,0.986,-0.429,0.622,2.29,1
site_00,-0.28,-1.255,0.713,0.343,-1.146,0
site_00,-0.763,-0.493,0.635,0.911,-0.033,0
site_00,-0.005,-1.14,-0.803,-0.503,-0.818,0
site_00,-0.074,0.799,0.015,-0.929,0.758,0
site_00,0.051,-0.071,0.437,-0.837,-2.061,1
site_00,0.585,1.309,0.839,-1.117,-0.305,1
site_00,-0.252,-0.724,-0.306,1.57,0.13,0
site_02,-0.03,1.698,-0.724,0.86,-1.319,1
site_00,0.81,0.09,0.467,-0.995,-0.03,1
site_00,-0.118,-1.02,-1.089,0.913,-0.569,0
site_00,-0.219,0.111,-1.703,-0.744,0.75,1
site_00,-1.31,-1.013,0.81,0.142,-1.313,1
site_00,0.417,-0.607,0.369,0.257,2.0,0
site_00,-0.062,-0.07,-0.282,0.628,-0.659,1
site_00,1.561,0.227,0.801,1.015,-0.266,1
site_00,0.073,0.424,-0.254,1.638,-0.23,1
site_00,-0.419,-1.194,0.479,-0.402,-0.949,1
site_00,0.601,0.72,-0.367,-0.102,1.636,1
site_00,0.39,1.026,0.704,-1.684,-0.599,1
site_00,1.275,-0.15,-1.273,0.832,-2.097,1
site_00,-2.499,-1.933,2.422,-0.764,-1.045,0
site_00,-0.284,-0.219,-0.473,-1.017,-0.594,1
site_00,0.172,0.689,0.658,-0.929,0.109,1
site_00,-0.283,0.675,1.313,-0.725,-0.733,0
site_00,1.132,-0.175,0.25,-0.395,-1.485,1
site_00,-0.183,-1.658,1.065,2.146,-0.415,1
site_00,0.58,1.722,-0.633,-1.212,0.599,1
site_00,0.568,-1.543,-1.302,0.327,0.117,0
site_00,0.205,0.314,-0.62,-2.25,1.131,0
site_09,-0.058,0.632,-0.892,0.925,-0.13,1
site_00,1.057,0.328,-1.04,-0.812,1.394,1
site_00,0.76,0.357,-0.706,1.527,0.026,1
site_00,-2.107,-0.595,-0.153,-1.055,-0.56,0
site_00,-0.925,0.861,0.695,1.026,-0.513,1
site_00,0.097,-1.717,0.574,-1.94,1.339,0
site_00,-1.532,0.022,0.406,-0.126,-1.249,0
site_00,1.494,-0.371,-0.754,-0.381,-1.317,1
site_00,1.838,0.18,2.216,1.43,2.531,0
site_00,-1.167,-0.514,-1.443,0.08,0.162,1
site_00,0.477,-1.486,0.796,0.324,1.081,0
site_00,1.301,0.379,0.185,1.521,0.737,1
site_00,1.24,1.955,-0.431,-0.634,0.894,1
site_00,-0.511,-2.241,0.949,-0.369,-1.285,1
site_00,0.68,2.665,0.41,0.715,1.409,1
site_00,-0.237,0.228,0.383,1.471,-0.11,0
site_00,-0.115,-0.378,-0.476,-0.909,1.672,1
site_00,0.482,1.676,0.989,1.171,0.753,1
site_00,1.284,-0.165,0.146,-1.964,-0.092,1
site_00,1.237,-0.307,1.115,-0.803,0.898,1
site_00,0.283,-0.463,-0.421,1.815,-0.301,1
site_00,-0.215,0.301,-1.986,2.485,0.458,1
site_00,2.171,0.591,-0.782,-0.016,0.683,1
site_00,1.058,-1.927,-0.448,-0.533,-0.083,0
site_00,-0.883,-0.774,-1.098,0.747,-0.432,1
site_00,0.217,-0.924,1.652,0.01,-0.39,1
site_00,0.328,-0.208,1.205,0.48,0.942,0
site_00,-0.345,0.83,-0.323,-0.981,-1.392,1
site_00,0.958,-0.242,0.399,-0.168,-0.639,1
site_00,-0.248,1.662,-0.01,1.804,-0.895,0
site_00,-0.525,-0.742,1.539,-1.056,-1.698,1
site_08,-0.229,-0.804,-0.62,-1.343,-1.335,0
site_00,-0.956,-0.87,-0.095,0.373,0.636,0
site_00,-0.102,1.89,1.437,0.253,0.543,0
site_00,-1.234,1.282,-0.199,0.889,-0.329,0
site_00,-0.661,-2.415,-0.116,-0.802,0.162,0
site_00,-0.096,0.737,1.33,-0.207,-0.852,0
site_00,-1.197,1.078,0.908,-0.765,1.136,0
site_00,-0.96,0.55,2.649,0.045,-1.876,0
site_00,-1.896,1.438,0.934,1.346,0.062,0
site_05,0.476,-1.998,-0.918,1.295,-1.006,1
site_00,-0.539,0.373,1.274,-0.628,-0.216,0
site_00,-0.03,1.4,0.349,-0.221,-1.025,0
site_00,-0.998,2.067,-1.246,-0.006,-0.458,1
site_02,-0.833,-1.128,1.887,0.525,1.041,0
site_00,0.639,-1.666,0.619,0.592,0.296,0
site_00,0.565,-0.212,-1.431,-1.057,-0.237,0
site_00,0.078,0.674,0.152,0.328,-0.071,0
site_00,-1.268,-0.486,-2.256,-0.864,0.902,0
site_00,-0.303,-0.113,2.12,0.776,-0.264,0
site_00,-0.753,1.036,-0.353,0.619,-1.05,0
site_00,-1.177,0.358,-0.166,-0.361,-0.313,0
site_00,-1.063,0.24,-1.982,-0.199,-0.912,1
site_00,0.466,1.305,-0.448,0.712,-0.606,0
site_00,1.723,1.985,0.616,0.198,-0.092,1
site_00,0.566,-1.94,-1.491,0.996,-1.121,0
site_00,-0.027,0.084,-1.822,0.528,-0.454,0
site_00,0.368,0.723,2.483,0.938,0.454,1
site_06,-0.686,1.174,2.005,-0.283,-0.787,1
site_00,-1.548,-1.589,1.671,-0.344,0.065,0
site_00,-0.589,-1.693,0.3,-0.706,-0.767,0
site_09,0.926,-0.655,-0.484,1.822,1.426,1
site_09,-0.583,0.218,0.052,1.85,-0.15,0
site_00,-0.177,-1.184,-0.735,0.136,-1.013,0
site_00,1.848,0.4,0.271,-0.616,0.537,1
site_00,1.11,1.34,-0.387,0.674,0.1,1
site_03,2.08,0.529,-0.461,0.081,0.133,1
site_00,0.789,-1.273,0.667,-0.159,-1.269,1
site_08,-0.005,-0.223,1.818,-1.299,-1.809,1
site_00,-1.604,-0.051,-0.054,0.249,0.029,1
site_00,0.19,0.369,1.077,0.349,0.847,1
site_00,0.281,1.124,-0.084,0.189,1.639,1
site_00,1.367,-0.572,0.361,1.245,1.075,0
site_00,-1.674,1.447,-0.462,-0.259,-1.615,0
site_00,-0.65,0.322,-1.034,0.645,-0.559,0
site_00,0.729,-0.076,0.968,0.352,0.07,1
site_00,0.229,-0.668,-2.825,-0.415,-1.903,1
site_00,0.945,-0.486,-1.397,0.052,0.259,0
site_00,-0.043,-1.064,0.921,0.855,-1.188,0
site_00,-0.386,0.133,-0.74,0.717,0.43,0
site_00,0.373,1.761,0.961,-0.594,0.548,0
site_00,-0.121,0.381,-2.681,-1.402,0.207,1
site_00,0.807,0.426,1.051,1.091,0.686,1
site_00,-1.798,0.991,-1.893,-1.168,0.371,1
site_00,0.052,0.088,-0.602,1.751,-0.927,0
site_00,0.136,-0.655,1.454,-0.905,-0.43,0
site_00,0.552,-0.106,0.013,-0.215,1.15,1
site_00,-0.748,1.436,1.16,-0.276,-1.72,0
site_00,0.842,0.699,-1.231,0.461,0.832,1
site_00,0.271,-0.581,0.578,1.703,-0.318,0
site_00,-0.52,0.18,-0.175,-0.914,1.664,0
site_00,-0.051,0.059,-2.409,-0.975,2.303,1
site_00,0.214,-0.676,-0.809,-2.075,0.618,1
site_00,1.018,-0.652,-0.487,0.696,0.308,0
site_01,-0.078,-0.628,-2.757,-0.02,-0.173,0
site_00,0.2,-1.946,0.709,-0.128,0.142,1
site_02,1.383,-2.561,1.581,2.472,0.72,1
site_00,-0.304,0.595,-0.997,-1.37,-0.166,1
site_00,-0.44,0.264,0.052,-0.342,-1.679,1
site_00,-0.777,0.839,-1.402,-0.685,0.144,0
site_00,1.517,-1.07,1.222,-0.366,-0.93,1
site_04,1.751,-0.704,-0.241,0.435,0.817,1
site_00,-1.095,0.141,-1.866,-1.417,1.838,0
site_00,-0.935,0.941,-1.619,1.634,1.797,1
site_00,-0.823,-1.802,-0.746,0.862,-1.088,1
site_06,0.545,-0.867,-0.333,-0.393,1.364,0
site_00,0.042,1.056,0.191,-0.296,-1.718,0
site_00,1.942,-3.368,0.583,-0.389,-0.195,0
site_00,-1.566,-0.044,-0.503,0.303,-0.441,0
site_00,2.157,-0.761,1.794,0.816,1.341,0
site_01,1.048,1.013,-0.891,1.662,2.772,1
site_00,0.128,1.873,0.105,0.109,0.692,1
site_00,0.146,-0.622,-0.5,0.143,0.214,0
site_00,0.664,-0.09,1.797,0.928,-1.122,1
site_00,0.084,-0.331,-0.695,0.725,0.31,1
site_00,0.378,-1.976,1.528,-0.869,1.145,0
site_00,-0.303,0.967,0.491,0.947,-0.345,1
site_00,-0.168,0.139,0.179,-0.351,-0.004,1
site_00,0.352,0.064,0.823,-1.515,-0.986,0
site_00,1.266,-0.396,2.459,0.113,1.808,0
site_00,0.5,-0.439,1.634,-0.419,1.015,0
site_00,0.628,0.408,1.794,0.253,0.864,0
site_00,-0.466,0.095,1.093,1.17,-0.684,1
site_00,-0.189,-0.694,0.087,-2.363,1.135,0
site_00,-0.353,-0.501,0.11,-0.097,-2.049,0
site_00,-0.656,-1.39,0.208,-0.508,0.226,0
site_00,-0.402,2.693,1.564,0.364,0.053,0
site_00,0.198,-0.297,0.119,1.839,-1.124,1
site_00,1.845,0.706,0.564,2.034,-0.279,0
site_00,-0.012,0.139,-1.472,-0.508,-0.835,1
site_00,-1.277,-0.727,0.146,1.571,-1.172,1
site_00,-0.269,0.168,-1.372,-1.801,-1.302,0
site_00,0.603,0.704,-0.356,0.49,-0.455,1
site_09,1.019,0.153,-0.706,-0.153,0.895,1
site_07,0.411,-0.161,-0.605,0.561,0.023,1
site_00,0.638,2.222,0.239,-1.002,-0.168,0
site_00,-0.978,-0.175,-0.963,-0.932,1.832,1
site_00,-0.839,-0.525,-2.566,-1.034,-0.624,0
site_02,-0.614,0.617,-0.998,1.6,-1.004,0
site_00,1.736,-1.412,-0.51,0.57,1.176,1
site_00,-0.446,1.815,-0.114,1.768,-0.122,1
site_00,-0.026,1.359,-0.199,-0.238,-1.994,0
site_00,-0.298,-1.993,-1.324,0.773,1.084,1
site_00,0.54,-0.84,0.438,0.317,-0.445,0
site_00,-0.485,-0.681,0.187,0.818,0.276,0
site_02,-0.394,-1.49,-0.384,1.414,-0.325,0
site_02,0.536,0.606,0.418,0.344,1.531,1
site_00,-0.382,0.374,-0.725,-1.046,-0.614,0
site_00,-0.859,1.134,0.096,0.163,-0.967,1
site_00,0.324,-2.078,-0.043,-0.463,-2.797,1
site_00,0.777,-0.641,0.162,0.335,-1.318,1
site_00,1.127,-0.677,-0.576,1.52,-0.76,1
site_00,-1.684,-0.669,-1.537,1.454,-1.025,1
site_00,0.5,-0.543,-0.348,0.543,1.432,1
site_07,-0.706,-0.235,-0.757,-1.429,-0.324,1
site_00,0.502,0.193,-0.618,-0.715,0.34,1
site_00,-0.914,-1.004,-0.681,0.5,0.381,1
site_00,1.057,1.029,-0.617,0.734,-1.85,1
site_02,-0.1,-1.183,0.332,0.251,-0.528,1
site_00,-0.759,-0.301,0.429,-0.422,0.344,0
site_00,-0.546,-0.605,-0.193,-0.11,-0.453,0
site_00,-0.368,-1.696,-0.402,0.768,-0.359,0
site_00,1.642,-0.912,0.444,1.687,1.225,0
site_00,0.678,0.366,-0.074,0.244,1.065,0
site_00,0.282,-1.604,-0.453,0.268,0.767,0
site_00,-1.278,-2.695,0.964,-0.217,0.079,0
site_00,-0.71,-0.061,1.694,-0.078,0.398,1
site_00,0.225,2.107,-2.277,1.348,0.679,0
site_00,-0.748,0.318,-0.822,-1.128,-1.17,0
site_00,-0.501,1.406,1.291,0.204,1.687,1
site_00,-0.057,0.823,0.091,0.274,-0.256,0
site_00,-1.362,-0.233,-0.364,0.746,-0.288,1
site_00,1.896,-2.56,0.108,-0.406,0.82,0
site_00,0.209,-0.987,0.694,-1.249,-1.596,0
site_00,0.488,-0.83,0.433,-0.29,0.756,1
site_00,0.652,0.401,0.664,0.86,-0.51,0
site_00,-0.103,1.561,0.38,-0.729,0.826,0
site_00,0.04,0.967,1.142,0.393,-0.191,0
site_00,-0.013,0.09,0.596,0.545,0.457,1
site_00,0.002,-1.017,0.648,0.292,1.171,1
site_00,-3.848,1.553,-0.875,-1.857,0.991,0
site_00,-1.459,-1.411,-1.287,-0.946,0.603,1
site_00,1.275,-1.473,0.925,0.272,1.009,0
site_00,-0.649,-0.069,1.104,1.289,0.328,0
site_00,1.32,1.565,0.078,-0.627,-0.33,1
site_00,-0.232,0.175,-1.773,-1.678,1.54,1
site_00,-0.103,0.399,0.784,-0.775,-1.173,0
site_00,-0.258,0.954,0.314,0.258,0.416,1
site_09,-0.353,2.357,0.121,0.598,0.158,1
site_00,0.655,1.309,-1.98,0.318,0.819,1
site_00,-1.089,-0.886,1.127,0.91,0.304,0
site_00,0.553,-0.859,0.261,-0.345,-0.082,0
site_00,-0.262,-0.589,0.376,-1.326,-1.659,1
site_00,-0.442,-0.245,0.352,0.458,-0.064,0
site_00,0.89,0.579,-0.266,-0.598,0.782,0
site_00,-0.331,0.542,0.421,-0.289,0.222,1
site_00,0.119,-0.855,-0.036,-0.205,-0.126,0
site_00,0.118,-0.937,-0.807,-1.723,0.386,0
site_00,0.299,-0.71,1.379,-0.165,0.682,1
site_00,0.69,-1.021,0.926,-0.385,-0.373,1
site_00,-0.628,0.517,0.903,0.045,-0.766,1
site_00,0.283,1.301,0.974,1.939,0.176,0
site_00,-0.018,-0.825,-0.163,-0.697,-0.364,1
site_00,-0.539,-0.455,1.269,0.108,0.749,1
site_00,1.672,-0.134,0.101,-0.974,0.795,1
site_00,-0.111,1.011,-0.731,-0.133,1.78,0
site_00,-0.183,-1.398,-0.695,0.562,-0.345,0
site_00,0.368,-0.484,-0.098,0.571,0.28,1
site_00,-0.349,1.089,-1.058,0.082,0.078,0
site_07,0.923,-1.497,0.183,-0.67,1.51,0
site_00,-0.843,0.692,-0.127,-0.644,-0.647,1
site_00,-1.308,1.055,0.385,-0.388,-0.261,0
site_00,-0.184,1.661,1.06,0.47,-1.662,1
site_00,-1.57,1.547,-1.136,0.026,0.518,0
site_00,-0.803,-0.382,0.772,-2.184,-0.776,1
site_00,0.621,-1.089,-1.04,-0.982,0.743,0
site_00,-0.952,0.561,-0.15,-2.609,-1.501,0
site_00,-0.738,0.786,2.038,-1.277,-0.775,1
site_00,-0.425,1.133,1.052,-0.847,1.232,1
site_00,1.17,-0.306,0.83,0.377,0.071,0
site_00,0.595,0.083,-0.428,0.186,0.414,1
site_05,1.046,0.736,-1.445,-0.213,-0.561,1
site_01,2.035,-0.348,-0.46,1.015,-0.604,1
site_00,1.113,1.63,-0.294,-0.449,-0.342,0
site_00,-0.877,-1.318,1.597,-0.392,-1.208,0
site_00,-1.499,0.978,-0.153,-0.351,2.008,0
site_00,0.22,0.556,-1.846,0.089,-0.17,1
site_00,-1.34,0.032,-0.669,-1.633,0.04,1
site_00,0.396,1.252,0.516,1.179,-0.646,0
site_00,-0.248,1.108,0.107,-1.095,0.135,1
site_00,1.348,-1.949,0.488,0.746,0.42,1
site_00,-1.233,0.325,-1.85,-0.303,0.372,1
site_00,-0.772,0.297,-0.724,1.018,-1.845,1
site_00,1.324,0.561,-0.862,-1.2,-0.792,1
site_00,-1.082,-1.308,1.977,-0.03,-0.833,0
site_00,0.951,-0.121,1.642,-0.169,-1.105,1
site_00,1.408,1.838,1.321,2.421,-0.279,1
site_00,0.405,0.156,-0.731,0.929,-0.433,1
site_05,-1.371,0.198,0.731,0.007,-0.311,0
site_03,0.222,-1.558,-1.187,0.626,0.241,0
site_00,0.001,0.121,-0.385,-0.204,-1.158,0
site_00,-0.059,-0.066,1.578,-0.634,-1.513,1
site_00,1.547,-1.167,0.259,0.261,-0.06,1
site_00,0.481,-1.962,-0.51,-0.346,0.358,1
site_00,2.556,-0.846,1.749,1.192,-0.633,1
site_00,-0.685,0.513,0.06,-2.023,0.078,0
site_00,0.579,1.361,-0.104,-0.146,-0.599,1
site_00,-0.245,0.716,0.184,-0.606,-1.75,1
site_00,-0.417,0.432,0.697,-1.506,-1.082,0
site_00,0.313,-1.116,-0.55,0.351,1.332,1
site_09,1.189,0.27,-1.149,0.462,1.019,1
site_00,-0.15,0.336,-1.046,2.009,0.026,1
site_00,-1.177,1.658,0.26,-0.064,0.812,0
site_00,-2.092,1.705,-0.865,-0.855,0.603,0
site_00,-2.211,0.254,-2.404,-0.995,-0.105,0
site_05,1.511,0.947,0.148,-0.759,-1.767,1
site_00,0.999,-0.644,0.304,-0.934,0.658,1
site_00,-1.017,1.299,-0.611,1.375,0.229,0
site_05,-0.026,-0.141,-1.043,-1.027,-1.305,0
site_00,1.651,0.752,2.172,-0.315,-1.526,1
site_00,0.538,-0.807,0.401,2.45,-0.799,0
site_00,-0.666,-0.5,0.49,-1.803,-0.85,0
site_00,1.003,0.606,1.491,-1.137,-1.99,0
site_00,0.067,0.083,1.157,1.528,0.692,1
site_00,-0.729,-0.358,0.318,-0.041,0.772,1
site_00,0.177,-0.569,1.049,1.107,-0.106,1
site_00,-1.6,0.004,0.501,-0.114,-0.809,0
site_00,-0.015,0.894,-2.079,-2.05,-0.569,0
site_00,2.114,-0.97,-0.909,-0.228,-1.67,0
site_09,0.324,-0.312,0.539,0.063,-0.514,0
site_00,-0.404,1.038,0.914,-0.107,0.584,0
site_00,0.136,0.99,0.801,1.046,1.405,0
site_00,-1.306,1.099,1.349,0.949,-1.157,0
site_00,-1.01,-0.45,-0.018,0.89,-0.333,0
site_00,0.205,0.935,0.664,0.125,1.969,0
site_00,-0.047,-1.786,-0.452,-1.143,-1.038,1
site_00,-0.899,0.516,0.892,1.703,1.184,0
site_00,0.324,-0.125,-0.311,-0.489,-0.446,1
site_00,-0.26,0.31,2.507,-0.276,-0.349,1
site_00,0.02,0.299,0.348,1.656,-2.223,0
site_00,0.311,-1.965,2.417,-0.228,-1.054,1
site_00,-0.203,-0.954,1.271,0.628,-1.285,0
site_00,0.78,-0.881,-1.742,-0.801,0.951,0
site_00,0.319,0.43,-1.288,0.151,0.284,1
site_00,-1.572,-1.067,-0.186,-1.997,-1.571,1
site_00,-1.625,0.069,0.367,-0.619,-0.412,0
site_00,-0.625,1.782,1.219,1.943,1.179,1
site_00,-1.805,0.957,-2.361,-0.296,-1.337,1
site_00,0.32,-1.016,-0.83,0.41,-0.553,1
site_00,1.807,0.555,-0.676,0.594,-0.478,1
site_00,-1.056,-0.009,2.103,-0.404,0.999,0
site_00,-0.424,0.436,-1.465,0.474,0.813,1
site_00,-1.134,-0.316,-0.448,-0.752,0.996,0
site_00,1.923,-0.671,-0.752,-0.679,0.602,1
site_00,-0.865,0.598,-1.228,0.152,1.104,0
site_00,0.412,-0.008,2.173,-0.341,-1.019,1
site_00,-1.464,-0.35,0.941,-0.964,-1.623,0
site_00,-0.956,-0.512,0.863,0.27,2.263,1
site_00,0.566,-0.102,1.401,-0.536,-0.386,0
site_00,-0.673,-0.878,0.468,-0.774,1.385,1
site_00,0.729,0.031,1.254,-0.43,0.48,1
site_00,-1.299,0.211,-0.333,0.155,-0.291,0
site_00,0.774,1.082,-0.435,0.406,-0.431,0
site_00,-0.348,-0.045,0.208,-0.568,1.334,1
site_06,1.258,1.474,-0.854,1.326,1.266,1
site_00,1.656,0.505,-0.048,1.47,-1.454,1
site_00,-0.59,-0.514,-0.958,1.343,1.017,0
site_00,0.354,0.746,-0.327,-0.327,0.076,1
site_00,1.154,0.329,-1.233,-1.455,-0.262,1
site_00,-0.778,0.392,1.461,0.28,-0.825,0
site_00,-0.209,2.452,1.429,1.744,-0.57,1
site_00,0.663,-0.414,0.157,0.42,3.118,0
site_00,-0.937,0.023,0.255,0.533,-0.639,0
site_00,0.532,0.94,0.164,-0.246,0.299,1
site_00,-0.225,-0.044,-0.337,-0.297,-0.331,1
site_00,-1.348,-0.255,0.926,0.08,0.544,0
site_00,0.031,0.981,-2.166,0.159,0.796,1
site_00,0.385,-0.616,0.562,0.433,1.664,1
site_00,0.456,0.473,-0.95,1.619,-0.476,1
site_00,-1.027,0.106,0.383,0.64,-1.82,0
site_00,1.183,-0.904,0.21,-1.147,0.816,0
site_00,0.445,1.69,-1.622,0.333,-1.292,1
site_00,1.274,0.029,1.309,-0.67,0.588,0
site_00,-0.161,-1.005,0.594,1.8,0.341,1
site_00,0.117,-1.188,1.171,1.272,0.501,1
site_00,0.346,0.81,-0.729,-0.96,0.367,0
site_00,-0.931,-1.042,-0.671,-0.494,-0.614,1
site_00,0.057,-0.925,0.076,-0.733,0.102,0
site_00,-0.855,0.051,1.066,-1.162,-0.64,0
site_00,0.502,-0.249,-0.1,0.045,1.109,0
site_00,-2.304,0.949,0.185,-0.216,-1.495,0
site_00,-0.816,0.586,1.267,-0.826,0.752,0
site_00,0.671,-0.73,-1.592,-2.537,-0.415,0
site_00,0.038,1.311,0.339,-1.499,0.687,0
site_01,3.12,1.194,0.048,1.862,0.66,1
site_00,-0.646,-0.394,-1.216,0.359,-0.333,0
site_00,1.092,1.945,-0.66,0.691,-0.465,0
site_00,0.189,-1.132,-0.125,-0.197,-0.069,1
site_00,1.078,1.242,-0.764,-0.797,1.076,1
site_00,0.595,0.849,-0.201,-0.083,1.231,0
site_00,0.914,-0.522,-1.376,-0.647,1.541,0
site_00,0.03,1.939,-0.828,-0.454,-1.096,0
site_00,-0.739,1.592,-1.799,0.493,1.091,0
site_00,-0.293,-0.126,-0.257,-1.221,-0.381,0
site_00,1.282,0.024,0.969,-1.141,1.15,1
site_00,-0.233,0.415,0.157,2.418,-0.622,0
site_00,1.477,0.013,0.646,1.082,-1.37,0
site_00,0.132,0.072,-0.92,-1.33,0.753,1
site_00,0.907,-1.453,0.248,0.32,-1.164,1
site_00,1.094,1.63,1.373,-1.897,-0.565,1
site_00,-1.311,-0.755,-0.648,-1.699,-1.069,0
site_00,-0.479,-1.204,-0.581,-1.488,1.198,0
site_00,0.564,0.375,-0.11,0.617,0.318,1
site_00,-0.109,0.017,-0.231,0.39,0.225,0
site_00,-1.183,-0.965,0.401,0.429,0.037,0
site_00,2.03,1.291,-0.044,-1.173,0.983,1
site_00,2.3,-0.598,0.164,-1.687,0.764,1
site_00,1.521,-0.556,-1.402,1.202,-0.029,0
site_06,0.045,-1.318,-0.497,-1.107,-0.239,0
site_00,-1.222,1.021,-0.498,-0.178,-0.512,0
site_00,-0.176,-1.239,-0.204,0.254,0.663,0
site_00,0.194,1.678,-0.079,-0.689,-0.684,1
site_00,-1.658,-1.344,-0.682,-0.066,-0.679,0
site_00,-0.544,0.469,0.172,0.135,1.015,0
site_07,2.264,0.627,-0.08,0.705,0.194,1
site_00,-0.487,0.266,-0.724,-0.107,0.936,1
site_00,1.454,-0.774,-0.775,1.119,2.675,0
site_00,-1.105,1.06,-0.509,-0.373,0.463,0
site_00,-0.153,0.289,-0.822,0.852,-0.68,0
site_00,1.0,0.144,-0.849,1.321,0.213,0
site_00,-0.78,0.278,1.08,-0.987,-1.238,0
site_00,-0.181,0.019,0.379,-0.978,-0.593,1
site_00,0.625,-0.767,-0.863,0.913,-1.507,1
site_01,-0.027,0.931,0.023,-0.726,0.914,1
site_07,0.267,-1.045,0.841,0.76,0.496,0
site_00,-0.22,0.339,-0.173,0.272,2.281,1
site_00,0.045,-1.693,0.952,0.438,-0.68,0
site_00,0.188,0.169,0.709,-1.174,0.162,1
site_00,1.766,-1.13,0.383,-0.559,-0.172,0
site_05,-0.427,-0.012,1.594,0.441,-0.808,0
site_02,-0.133,1.464,-0.379,0.003,-0.637,1
site_07,0.451,0.24,1.082,0.595,-0.868,1
site_07,0.576,1.017,1.758,-0.551,1.317,1
site_00,0.339,0.574,0.664,-0.65,-0.147,1
site_00,-1.164,-1.948,1.098,0.306,2.054,0
site_00,0.102,0.537,0.548,-0.265,-0.499,1
site_00,-0.974,-1.517,-1.006,-1.837,-0.373,0
site_00,0.484,-0.382,0.319,1.262,-0.782,0
site_00,-0.864,0.078,0.576,0.706,0.985,1
site_00,1.304,-0.963,-0.449,0.335,-0.26,1
site_00,-0.209,-0.458,0.335,-1.823,0.327,0
site_00,1.664,-0.462,0.543,-1.915,0.565,1
site_00,2.723,-0.14,0.869,-0.484,0.389,1
site_00,1.311,-0.283,0.255,1.242,0.074,1
site_08,-0.389,-0.311,0.626,1.951,0.701,0
site_00,0.385,-0.734,0.234,0.015,1.516,1
site_00,-1.069,-0.328,1.721,-0.238,-0.048,0
site_00,-0.53,-1.618,-0.481,1.546,-1.082,0
site_00,-0.729,1.848,0.474,-0.186,0.075,1
site_00,-1.496,-1.486,-1.6,0.196,-2.56,1
site_00,1.264,0.033,0.544,-0.165,-0.406,1
site_00,-0.661,0.383,-0.093,-1.007,0.538,0
site_00,-0.474,1.27,-0.18,0.172,-1.958,0
site_00,0.084,-1.226,-1.731,0.473,-1.39,1
site_00,0.838,-1.034,0.552,1.213,-0.825,1
site_00,-0.344,0.223,0.124,-0.36,1.029,0
site_00,1.127,3.396,-0.129,-0.453,1.026,1
site_00,1.23,-0.075,1.273,2.19,1.404,1
site_00,0.107,1.044,-0.024,-0.647,0.382,1
site_00,-0.335,-0.342,0.23,1.509,-1.09,0
site_00,-1.815,-1.02,-0.73,2.345,-0.564,0
site_00,-1.16,-0.487,-0.396,0.304,-0.333,0
site_00,0.609,-0.397,1.393,-1.058,-2.364,0
site_00,0.28,-0.19,-0.828,-0.491,0.349,1
site_00,0.107,0.161,-0.446,-1.931,-1.096,0
site_00,0.564,1.38,0.321,-1.27,0.899,0
site_09,-2.5,-0.331,-0.093,-1.181,-0.056,0
site_00,1.152,-0.34,-1.388,0.261,-0.263,1
site_00,-0.309,0.079,-0.768,0.201,1.13,1
site_00,0.751,-0.528,0.029,0.459,0.869,0
site_00,-0.445,-1.311,-1.028,-1.022,-0.298,0
site_00,-1.614,-0.545,1.147,0.602,0.221,0
site_00,-0.503,-0.455,0.132,1.589,-0.377,1
site_07,0.172,-2.499,0.958,0.576,2.006,0
site_00,-0.556,-0.792,-0.581,1.84,-1.037,0
site_00,-2.114,1.777,0.622,-1.038,-0.465,0
site_00,-2.501,0.175,0.977,-0.329,0.408,0
site_00,-1.541,0.66,1.319,-0.717,1.386,1
site_00,0.42,0.048,-0.596,2.401,-0.311,1
site_00,-0.524,0.389,-0.749,-0.921,-0.669,0
site_02,-0.59,0.898,-1.533,0.38,-0.557,0
site_00,-0.106,-0.61,0.586,0.01,-0.137,0
site_00,2.406,0.5,-0.035,-0.813,1.104,1
site_00,0.541,0.109,-0.058,0.976,-1.173,0
site_00,0.919,0.405,-1.239,1.333,0.204,0
site_00,0.785,-2.238,0.64,-1.933,-0.434,1
site_00,-0.863,1.312,-0.037,-0.407,1.307,1
site_00,0.612,-1.5,0.363,-1.26,0.841,1
site_00,-0.134,-0.979,-0.586,-1.132,2.545,1
site_00,0.476,-0.24,0.767,0.981,0.354,0
site_00,0.855,-0.742,0.75,0.893,-1.688,0
site_00,1.631,1.189,-0.088,1.505,-0.439,1
site_00,-0.967,1.072,-0.708,-0.253,-0.799,0
site_00,0.206,1.034,0.175,-0.845,0.819,0
site_02,1.715,0.788,-0.099,1.379,0.054,1
site_00,-0.649,0.933,-0.482,1.103,-0.17,0
site_08,-0.024,2.465,-0.27,0.494,0.461,1
site_00,0.508,0.504,0.902,0.264,0.747,0
site_00,1.466,-0.487,0.931,0.282,-0.857,0
site_00,-1.167,-0.692,-1.013,-0.217,-1.447,0
site_00,0.949,1.641,0.732,-1.463,1.112,0
site_00,-2.2,-1.607,-0.152,2.462,-0.207,0
site_00,1.264,-0.326,0.352,0.127,0.216,1
site_00,0.307,-0.43,-0.209,-0.602,-1.996,1
site_00,-0.882,1.23,-1.331,0.151,-1.079,0
site_00,-1.374,-1.455,0.865,-1.23,-0.377,0
site_00,0.408,-1.096,-0.045,-0.997,1.204,1
site_06,0.936,-0.936,0.797,-1.865,-0.483,1
site_04,1.581,-0.84,-0.049,-1.064,0.341,1
site_00,-1.251,1.139,1.47,0.553,-0.703,1
site_00,0.412,1.461,1.64,0.895,0.794,1
site_00,-0.91,0.426,-1.34,0.375,-1.516,0
site_00,-0.931,-1.517,0.912,1.035,-0.176,0
site_00,0.117,0.481,0.242,-0.248,0.484,1
site_00,1.097,-0.156,-0.868,-0.861,0.943,0
site_07,0.465,1.494,0.85,0.852,-1.23,1
site_00,1.402,-2.037,-1.578,-0.325,0.377,1
site_00,1.377,-1.172,0.326,1.229,-0.866,1
site_00,-1.167,-0.266,0.396,-0.826,-2.614,1
site_08,-0.708,-1.582,-0.33,-0.789,-0.004,0
site_00,0.171,-2.463,0.5,1.167,-0.601,0
site_00,-0.379,0.18,0.484,-0.108,-0.735,0
site_00,0.877,-0.095,-0.459,1.424,0.218,1
site_00,-0.89,-0.483,-0.437,0.69,1.279,0
site_00,-2.071,1.163,0.314,0.035,0.267,0
site_05,0.083,-0.152,-0.278,0.886,0.001,0
site_00,0.705,-1.576,-2.256,1.107,-0.027,0
site_00,1.342,-0.195,2.014,1.36,0.509,1
site_00,-0.514,-0.041,-0.541,1.3,0.752,1
site_00,-1.127,-1.045,0.449,0.687,1.052,0
site_05,-0.108,-0.145,0.423,0.955,0.348,0
site_00,0.928,0.455,0.072,0.634,0.81,1
site_00,-0.54,0.257,1.093,0.938,-1.086,0
site_00,-1.258,-0.423,-0.577,1.719,0.668,0
site_00,1.835,1.301,2.038,-0.814,1.677,1
site_00,-0.424,-0.611,-0.411,1.468,-0.265,1
site_09,-0.696,0.116,1.025,0.736,0.338,1
site_00,-0.543,0.837,-0.329,1.131,0.853,1
site_00,0.561,1.217,-0.799,-0.807,-0.133,1
site_00,-0.267,2.207,0.297,-0.283,0.777,0
site_00,0.84,0.43,0.328,0.571,-1.178,1
site_00,-0.277,1.199,0.209,-1.665,-0.501,0
site_00,-0.172,1.104,-2.149,0.176,-0.526,0
site_00,-0.245,1.14,-0.244,-2.092,0.527,1
site_00,-2.179,0.868,0.236,0.123,1.835,1
site_00,-2.112,-1.752,-0.101,0.624,0.681,0
site_00,0.677,-0.277,-0.416,-0.071,0.454,1
site_00,-0.543,0.05,0.735,-0.02,-1.226,1
site_00,-0.349,1.018,1.498,-0.049,1.569,0
site_06,0.572,1.873,2.726,1.175,0.443,1
site_00,-1.526,-0.419,0.134,-0.723,0.612,1
site_00,2.153,-0.952,0.038,1.214,-0.758,1
site_00,-0.574,-0.582,0.519,0.324,-1.086,1
site_00,-0.863,0.025,-0.722,0.947,-0.27,0
site_00,0.726,1.106,0.638,-0.768,-0.452,1
site_00,-0.358,1.13,1.218,-0.823,0.577,1
site_00,1.66,-0.42,0.488,0.393,-0.536,1
site_00,0.324,0.496,-0.595,1.613,0.345,1
site_00,0.798,0.04,-0.485,0.49,0.032,1
site_00,-0.624,-0.332,-1.898,-0.136,0.488,0
site_00,-0.847,0.227,-0.671,-0.638,0.52,1
site_00,0.201,-0.213,0.076,2.143,1.284,1
site_00,-0.765,0.478,-1.165,0.337,0.871,0
site_00,-0.173,0.801,0.31,0.206,-0.438,0
site_00,1.333,-1.406,-0.648,-1.732,-1.624,1
site_00,-1.205,0.851,-0.769,-0.295,1.011,1
site_00,0.317,0.703,1.097,0.661,-2.161,1
site_00,-0.116,1.318,1.396,0.417,-0.56,1
site_00,0.514,-0.183,1.414,0.278,-1.838,0
site_00,0.772,0.432,-0.695,0.793,-2.096,0
site_00,-0.949,0.571,-0.307,0.961,-0.333,1
site_00,0.705,-0.563,-0.125,-2.674,0.459,1
site_00,0.258,0.014,0.086,1.369,0.843,1
site_00,0.546,-0.286,1.711,-0.518,-1.767,1
site_05,0.991,-0.835,-1.804,-1.276,-1.128,1
site_00,-0.817,-1.042,0.389,1.661,1.528,0
site_00,0.99,0.194,-0.486,-0.223,-1.139,1
site_00,-0.401,-1.529,0.664,0.274,0.828,1
site_00,1.267,-1.318,1.096,-0.599,-1.895,1
site_00,0.417,-0.493,-0.317,-0.122,2.074,0
site_08,-1.18,-0.353,2.455,0.107,0.559,0
site_00,0.916,-0.35,0.879,1.087,1.097,1
site_00,-0.524,-2.107,-0.73,0.505,-0.405,1
site_00,0.016,0.742,0.884,-0.293,-1.981,0
site_07,-0.317,0.661,-0.089,-1.738,2.364,1
site_00,-0.587,-0.152,-0.743,-0.411,-0.091,1
site_00,-0.568,-2.278,-0.276,-2.032,-1.471,0
site_00,0.54,0.554,0.106,0.752,0.102,1
site_04,0.061,1.311,-0.117,0.646,-0.052,1
site_09,-0.955,1.412,1.667,0.722,-1.822,1
site_00,-1.221,-1.38,0.515,-0.143,-0.745,0
site_00,-1.04,0.805,0.543,0.102,0.664,1
site_00,-1.589,0.103,0.556,0.339,-0.04,1
site_00,0.067,2.272,-0.89,-0.542,0.283,1
site_00,-2.502,0.054,-0.37,0.268,1.003,0
site_00,0.298,0.71,1.062,0.091,0.495,0
site_00,-0.07,-1.136,-0.676,1.582,1.015,0
site_00,-0.219,-0.79,1.248,-1.553,0.972,0
site_02,-1.177,1.242,3.303,-1.152,-0.285,0
site_03,-0.131,2.14,0.476,2.4,-1.065,1
site_00,-0.749,1.051,-0.475,0.455,-0.385,1
site_00,-0.255,2.528,-1.038,-0.653,-1.81,1
site_00,0.72,0.67,-1.116,2.24,-0.017,1
site_00,0.115,-0.086,-0.052,1.689,1.08,0
site_00,0.969,0.501,1.001,1.497,0.619,0
site_00,-0.542,-0.761,0.473,-0.604,-0.21,0
site_00,1.146,0.028,0.206,0.238,-1.945,0
site_00,-0.91,-0.283,-0.057,-1.398,2.453,0
site_00,0.738,-1.577,0.068,-0.313,-2.321,1
site_02,1.05,-1.231,0.57,1.313,2.126,1
site_04,-0.627,1.615,0.655,0.256,1.407,1
site_00,0.299,-0.409,-1.523,0.993,0.612,1
site_00,1.06,-0.348,-0.847,-1.671,0.16,1
site_00,-1.449,-1.555,-0.406,0.085,0.123,0
site_00,0.158,1.627,0.209,-0.359,-0.437,1
site_00,-0.378,-1.561,0.682,0.285,-1.736,0
site_00,0.189,-0.475,-1.382,0.26,-1.054,0
site_00,0.137,0.203,0.735,0.543,1.067,0
site_00,0.925,-1.026,-0.557,1.588,1.23,0
site_09,-1.614,-0.273,-1.018,-0.717,-1.305,0
site_06,-0.017,-1.667,-0.964,-0.356,-0.188,0
site_00,-1.541,0.397,-0.767,-0.88,-0.126,1
site_00,0.617,0.112,-0.681,1.514,-2.327,1
site_00,0.058,-0.038,-1.293,0.382,0.691,1
site_00,-1.247,-0.754,-0.784,2.477,-0.749,0
site_00,1.107,-0.805,-1.497,0.067,0.73,0
site_00,0.121,1.509,0.688,-0.297,1.006,1
site_00,-1.541,-0.295,0.718,0.538,1.412,0
site_00,-0.914,0.623,0.323,1.688,-0.427,0
site_04,-1.087,-0.565,2.032,-0.302,-0.478,0
site_00,-0.402,0.545,1.121,0.468,-1.564,0
site_00,0.729,-0.719,-2.209,-1.604,0.786,1
site_00,0.115,0.095,-0.444,0.802,0.502,0
site_00,-0.459,-1.461,0.382,-0.201,-0.237,0
site_00,-0.43,1.702,2.469,-0.373,1.722,0
site_00,-0.836,-0.213,1.401,0.313,-0.014,0
site_00,-0.218,-0.142,-0.474,0.945,0.274,0
site_00,-1.047,0.166,0.677,-1.368,0.016,0
site_00,-2.139,1.245,-0.939,-0.122,0.024,0
site_00,-0.447,0.252,1.274,0.496,2.445,0
site_00,0.539,0.803,0.453,1.093,0.092,1
site_00,0.216,-2.496,2.498,-0.197,-1.196,1
site_00,1.101,0.831,-0.086,-2.007,-0.134,1
site_00,1.991,0.346,0.675,0.344,-1.286,0
site_00,0.622,1.15,0.758,1.208,-0.337,0
site_00,-0.272,1.898,-1.416,1.152,0.147,0
site_00,-0.432,0.619,-0.761,-1.807,0.33,0
site_00,1.022,0.143,2.007,-0.794,-0.422,1
site_00,-2.14,1.337,0.133,0.879,-0.074,1
site_00,0.625,0.016,0.287,0.15,0.961,0
site_00,-0.859,-0.169,1.147,-0.164,0.314,0
site_00,1.156,-0.059,0.495,1.454,0.062,1
site_02,-0.06,0.881,0.265,0.232,-0.595,1
site_00,0.114,-1.015,1.41,-0.556,1.034,1
site_00,0.692,-0.224,-1.558,0.263,0.64,1
site_00,0.367,0.884,-1.247,-0.748,0.658,0
site_00,-0.109,-0.049,-1.126,-1.03,2.387,0
site_00,-0.122,0.015,2.148,0.064,0.342,1
site_00,-0.278,1.103,-0.935,-1.25,-0.589,1
site_00,-1.097,-0.068,-0.047,1.38,-0.636,0
site_00,0.859,-1.527,1.169,-0.545,-0.523,0
site_00,1.127,-0.682,-1.229,0.346,0.372,0
site_00,-1.41,0.653,1.007,0.72,0.453,1
site_00,-0.179,-0.096,-0.625,0.912,1.8,1
site_00,-0.231,0.009,-0.047,-0.755,-0.706,1
site_00,-0.761,-1.475,-0.787,-0.383,1.33,0
site_05,-0.672,0.624,-0.289,0.047,0.566,0
site_00,-2.708,1.039,-0.404,0.391,-0.907,0
site_00,-0.416,-0.307,0.854,-0.576,-0.176,1
site_06,0.215,0.287,-0.442,-1.065,0.662,1
site_00,-0.248,0.646,1.198,0.598,2.192,0
site_00,0.053,-0.443,2.952,-1.466,0.376,0
site_00,1.962,0.724,-2.514,0.911,1.011,1
site_00,0.178,-0.283,0.668,0.432,-2.113,1
site_00,-0.681,-0.383,-0.285,1.001,0.145,0
site_00,-1.456,-0.201,-0.665,-0.477,0.715,0
site_00,-1.977,0.696,-0.31,0.791,0.577,0
site_02,0.492,0.914,0.685,0.06,-1.498,1
site_00,-1.432,-0.077,-1.325,0.446,-0.078,1
site_00,1.909,-1.56,-0.597,-0.312,-0.175,1
site_00,1.446,0.538,-0.764,-0.19,-1.33,0
site_00,-0.763,-0.588,0.688,0.786,-1.444,1
site_00,0.398,0.137,0.277,0.885,-1.234,0
site_00,-0.343,0.263,-0.095,0.418,-0.473,1
site_00,-0.087,0.313,0.688,0.95,0.47,1
site_00,-0.084,-0.364,-0.589,-1.054,0.5,0
site_00,2.302,0.18,-0.386,-0.544,-0.744,1
site_00,-0.007,-0.371,0.033,1.561,0.208,1
site_00,0.731,-0.73,-0.341,0.41,0.124,1
site_00,-0.118,0.659,-2.227,-1.115,-1.255,0
site_00,0.372,-0.936,-0.128,-1.251,-1.708,0
site_00,-1.343,-2.679,1.278,-0.656,-1.246,0
site_00,-0.285,0.165,-0.522,-1.947,-0.864,0
site_00,0.02,-0.637,1.858,0.302,0.804,0
site_00,0.763,-0.582,0.466,-0.498,1.06,1
site_00,0.357,0.215,-0.414,0.394,-0.697,1
site_00,1.693,0.124,-1.22,0.462,0.975,0
site_00,-0.063,-0.659,0.248,0.401,0.494,1
site_00,-0.905,1.517,-0.831,-2.018,0.95,0
site_00,-0.013,0.452,0.163,-1.668,0.228,1
site_01,-0.176,-0.399,0.327,-0.675,-2.353,0
site_00,1.641,-2.796,0.306,-1.542,1.474,0
site_04,1.356,-1.968,-1.13,-0.253,1.035,1
site_00,0.172,-0.604,-0.43,-0.503,-2.312,1
site_07,0.161,1.503,0.035,0.059,-1.434,1
site_00,-1.051,-0.784,-0.109,0.585,0.265,0
site_00,0.525,0.221,0.003,0.099,1.025,0
site_00,0.8,-0.469,0.822,-0.329,-1.486,0
site_00,0.225,-0.197,0.121,1.905,-1.579,0
site_00,1.105,1.025,1.376,-0.946,1.201,0
site_00,0.459,0.033,0.237,-1.166,0.137,0
site_00,0.656,0.073,0.39,0.276,-1.455,0
site_00,0.547,0.994,-0.575,-0.225,-2.024,0
site_00,-0.495,0.765,-0.862,1.219,0.469,0
site_00,-0.253,-1.305,0.966,-0.456,0.58,0
site_05,0.301,0.549,0.045,0.506,1.49,1
site_00,0.575,0.018,1.757,0.066,-2.582,0
site_00,-0.8,0.566,1.298,1.695,-0.994,0
site_00,-0.756,-1.111,0.358,0.778,1.204,0
site_00,0.727,-1.531,-1.342,1.667,0.018,1
site_04,0.034,-0.517,0.898,-0.006,-0.475,1
site_00,0.238,-1.135,0.478,-0.352,0.055,1
site_00,-0.764,1.871,0.392,-1.193,0.644,1
site_00,2.345,0.22,-0.676,0.129,-0.281,0
site_04,-0.494,-0.311,0.086,1.659,-0.151,0
site_00,0.283,-0.419,-0.97,0.658,0.681,1
site_00,-0.34,-0.251,1.44,2.283,-1.384,1
site_00,0.302,-0.951,0.933,-1.766,2.454,0
site_01,0.096,-2.902,1.44,0.825,2.119,0
site_00,-1.561,1.016,-0.371,-1.594,0.857,1
site_00,-0.955,1.104,0.827,-0.531,-1.158,1
site_00,1.46,0.873,0.411,0.841,0.725,1
site_00,1.397,0.036,-2.323,-0.728,0.383,1
site_00,-0.257,-0.348,-1.103,0.324,0.592,0
site_00,-0.057,-0.246,-0.047,1.528,-0.366,0
site_00,-2.568,1.701,0.127,0.919,-0.891,0
site_00,1.294,0.894,-0.981,0.882,0.85,1
site_00,0.829,0.489,-0.117,1.014,-0.786,1
site_00,0.077,-1.526,-0.828,0.588,0.056,0
site_00,0.36,0.246,-0.392,0.244,1.405,1
site_00,0.358,-0.41,0.639,-0.032,-0.956,1
site_00,1.755,1.349,-0.835,-1.591,-0.285,0
site_04,0.983,-0.601,-0.36,0.412,0.44,1
site_00,-0.18,0.179,0.258,0.244,-0.362,1
site_00,0.078,-0.258,0.745,1.646,-0.458,1
site_00,-0.494,-0.603,0.869,2.008,1.817,0
site_00,0.446,0.865,-1.112,0.787,0.713,1
site_00,-1.25,0.352,0.178,0.112,-0.157,1
site_00,0.597,0.224,0.74,-0.246,-1.235,0
site_00,-0.531,-1.22,-0.486,-0.535,-0.678,1
site_03,-1.178,-0.691,-0.174,-1.026,0.632,0
site_00,-2.022,0.795,-0.457,0.904,-1.496,0
site_00,0.725,0.007,-0.441,-0.552,-0.14,1
site_06,1.13,-1.036,0.02,0.557,-1.414,1
site_00,0.183,-0.382,0.087,-0.38,0.946,0
site_00,-0.451,0.347,-0.583,-0.548,-0.173,1
site_00,0.772,-0.01,-1.078,-0.317,-0.892,0
site_00,-0.744,-1.567,0.164,-0.725,0.307,0
site_00,0.44,0.606,1.188,0.831,-2.471,1
site_00,-1.227,-1.063,0.775,-1.239,0.558,1
site_00,-1.184,0.469,-0.159,-0.835,0.388,0
site_00,1.081,-0.443,-0.753,1.836,-0.86,0
site_00,-0.805,-0.833,-0.354,0.4,-1.384,0
site_00,-0.033,0.106,0.391,-0.958,1.026,1
site_00,0.4,-0.476,-0.631,-0.542,0.157,1
site_00,0.182,-0.176,1.239,-0.448,0.237,1
site_00,0.346,-0.382,0.786,-0.374,1.178,1
site_00,-1.268,0.015,-0.779,-1.616,0.793,0
site_00,-0.688,-1.008,-0.81,-1.068,-0.392,0
site_00,1.662,-1.797,-1.213,0.019,1.595,0
site_00,0.189,-0.7,0.325,0.428,0.346,0
site_00,-0.512,-0.443,-1.892,0.525,-0.391,1
site_00,0.26,-1.071,-0.259,-1.152,-0.552,1
site_00,0.286,1.557,0.345,0.671,1.254,0
site_00,-0.925,-0.572,0.657,-0.921,0.263,1
site_00,-0.388,-0.974,0.836,0.845,0.583,1
site_00,1.502,-0.977,-0.366,0.401,-0.819,1
site_00,1.033,-0.555,0.908,-0.669,1.302,1
site_00,1.067,-0.543,0.24,-0.018,-0.879,1
site_00,-0.595,0.107,-1.088,-1.328,0.115,0
site_00,0.422,-0.699,-1.243,2.261,0.382,1
site_00,1.252,1.541,-1.294,0.875,0.668,1
site_00,-0.125,0.154,-0.731,1.012,-0.122,0
site_00,0.431,1.24,0.507,-1.078,0.158,1
site_00,-1.03,-1.341,-0.625,-1.782,0.481,1
site_00,-0.549,-0.91,0.917,0.332,1.439,0
site_00,0.454,0.681,0.01,-0.852,0.748,1
site_00,-1.048,-1.003,-1.299,-1.806,0.418,0
site_07,2.445,0.067,2.665,-1.057,-0.33,1
site_00,0.785,-0.109,-0.808,-1.022,0.311,0
site_00,0.032,-0.143,0.657,0.002,0.453,0
site_00,-0.779,0.739,-0.485,-0.249,3.979,0
site_00,0.12,-0.584,-1.505,-0.458,0.877,0
site_00,0.281,-0.94,-1.237,1.28,1.829,1
site_00,-0.625,-0.375,0.085,-1.254,-0.042,0
site_00,1.642,0.219,1.06,-0.113,-1.186,1
site_00,0.446,0.139,0.242,-1.295,-0.506,1
site_00,-1.727,1.175,-1.073,-0.235,-0.998,0
site_00,0.76,0.137,-0.51,-0.064,1.128,0
site_00,0.211,-0.782,1.46,0.685,0.013,0
site_00,0.169,0.485,0.733,-0.195,-0.206,1
site_00,-0.033,0.848,-1.378,-0.313,-0.858,0
site_00,0.388,0.915,-0.267,-1.823,0.6,0
site_00,-0.074,0.416,0.223,0.154,-0.987,1
site_09,-0.462,1.766,0.179,-0.836,0.519,1
site_00,-0.507,-0.209,-1.415,-1.184,-1.642,1
site_00,-0.781,-0.41,0.863,-1.019,-0.963,0
site_00,-0.754,-0.631,0.366,-0.613,-0.062,0
site_00,1.128,0.546,0.424,-0.121,0.604,1
site_00,-1.069,-0.42,1.166,-0.426,-0.373,0
site_00,2.194,-0.332,1.191,-1.153,-0.326,1
site_00,-0.66,-0.16,0.784,-0.01,-1.13,1
site_00,-1.011,-0.74,-0.766,1.866,-1.219,1
site_00,0.431,-0.479,0.397,2.01,-1.359,1
site_00,-1.797,0.579,-2.319,0.455,1.109,1
site_00,0.153,1.718,-0.284,-1.024,0.965,0
site_00,-0.281,0.433,1.177,0.054,0.919,1
site_08,-0.87,0.273,0.774,-1.401,0.699,0
site_00,-0.783,-0.952,1.775,-0.385,0.464,0
site_00,0.293,-0.279,1.478,-0.334,-0.569,0
site_00,0.072,-0.51,0.22,-0.754,-1.364,1
site_00,0.2,-0.864,1.435,0.531,1.773,0
site_00,0.258,2.566,1.358,-1.577,-1.731,1
site_00,-1.184,-0.985,-1.579,0.022,0.005,0
site_00,-0.822,-0.577,-0.499,-1.608,0.415,0
site_00,-0.151,0.191,-0.119,-1.028,-0.24,1
site_00,-0.778,1.899,0.425,0.918,0.547,1
site_00,0.024,0.73,1.629,0.686,1.741,0
site_00,0.713,-0.512,1.58,-0.617,1.21,1
site_00,0.871,-0.079,-0.976,0.402,-1.368,1
site_00,0.931,-0.21,1.623,-0.493,0.404,0
site_00,1.321,-0.755,-0.417,1.251,-0.192,0
site_00,0.218,0.412,0.869,-0.21,-0.403,0
site_00,-0.539,0.254,-2.063,0.686,-0.243,0
site_00,0.789,0.442,0.321,-0.462,-0.087,1
site_00,1.175,0.115,-0.364,0.535,-1.791,1
site_00,-1.237,-0.265,-0.025,1.334,-0.513,0
site_00,1.242,-0.444,0.478,0.21,0.919,1
site_02,-2.627,-0.442,1.478,0.771,2.947,0
site_06,2.064,0.482,-0.465,-0.374,0.391,1
site_00,-0.659,-0.197,0.283,0.199,-0.117,0
site_00,0.56,0.97,-0.415,0.926,-0.616,1
site_00,0.286,-2.623,-0.989,-0.426,-0.205,0
site_08,0.084,0.321,-1.365,0.441,0.463,1
site_00,-2.498,1.871,0.984,0.337,-0.025,0
site_00,-0.223,0.224,0.676,0.292,-0.047,1
site_00,-0.527,-1.547,0.731,-0.79,-0.211,0
site_00,0.805,0.796,1.077,0.298,-0.593,1
site_00,1.269,-1.059,-1.811,1.325,-0.603,0
site_00,0.401,-0.159,0.818,0.561,-0.624,0
site_00,0.342,0.126,-0.364,-0.906,-0.343,0
site_00,-1.34,0.083,-1.657,-1.45,-0.551,1
site_00,1.261,-1.189,0.008,0.837,1.632,1
site_00,0.585,-1.458,-0.157,-0.456,-0.35,0
site_00,0.468,1.059,-0.043,-0.389,1.229,0
site_00,-0.339,-0.896,1.518,-0.15,-1.672,1
site_00,0.241,0.666,0.04,0.45,0.26,1
site_00,-0.437,1.498,-0.161,1.665,-0.147,1
site_00,0.223,-0.437,-1.472,-1.397,-0.52,1
site_00,-0.072,-1.243,0.523,1.202,-0.634,0
site_00,0.832,1.015,-0.154,-1.767,-0.938,0
site_00,1.678,0.547,0.37,0.264,-0.833,1
site_00,0.231,-0.07,0.337,0.335,1.269,0
site_00,0.591,0.993,0.962,0.399,-0.829,1
site_00,0.313,-1.945,1.213,-2.211,-0.781,1
site_00,-0.83,0.037,-0.419,0.298,1.426,0
site_00,1.587,0.654,-1.12,1.174,-1.353,1
site_00,2.24,0.641,1.293,-0.418,0.051,1
site_00,2.368,1.233,1.27,0.021,-0.838,1
site_00,-0.713,0.857,0.21,1.071,2.289,0
site_00,1.32,0.527,0.522,-0.862,-0.502,0
site_00,-0.853,0.799,-1.821,-0.014,0.33,1
site_00,-0.759,-0.018,-1.362,-0.455,-0.262,0
site_00,1.0,0.357,-0.652,1.203,0.157,1
site_00,-0.138,0.207,-1.473,0.277,0.24,1
site_00,-0.005,0.877,-0.618,-1.406,1.185,1
site_00,0.199,-0.508,-1.276,0.375,0.015,1
site_00,-0.123,-1.727,0.715,-0.177,-0.165,0
site_00,-1.167,0.762,-0.507,-0.751,0.201,0
site_00,-1.221,-0.862,1.43,-1.383,0.445,1
site_00,1.68,2.36,-0.734,-0.719,-0.279,1
site_01,1.492,1.873,0.22,-1.062,0.966,1
site_00,-0.668,0.898,-1.029,-0.166,0.388,0
site_00,0.532,-1.484,0.898,0.045,-1.037,1
site_00,-1.056,-1.657,-1.493,-0.878,0.592,0
site_00,-0.122,1.79,-0.373,-0.12,-0.134,1
site_00,-1.817,0.657,-1.106,0.072,-1.337,0
site_00,-0.933,-0.422,0.326,1.806,-0.703,1
site_00,0.77,0.896,0.508,-0.229,0.465,0
site_00,-1.053,-0.387,-1.672,-0.164,-2.374,1
site_00,0.056,0.262,-0.401,0.964,-0.524,0
site_00,-0.642,0.502,0.01,0.509,-1.761,0
site_00,-0.46,0.689,1.137,-0.38,-0.895,0
site_00,-1.366,-0.261,-1.537,0.875,1.412,1
site_00,0.075,0.337,-1.522,0.917,-0.745,1
site_00,-0.491,0.106,0.33,0.039,-0.968,1
site_05,-0.13,2.166,2.034,-1.563,-1.212,1
site_00,0.375,0.465,-1.522,-1.988,2.361,1
site_00,0.649,0.182,0.007,-0.422,0.156,1
site_00,-1.383,-0.655,0.829,-0.102,0.231,1
site_00,-0.412,0.993,0.906,-0.37,1.839,0
site_00,0.549,0.498,-0.021,1.014,-1.498,0
site_00,0.798,2.175,1.505,0.62,0.037,0
site_00,-0.401,1.434,0.298,0.131,0.397,1
site_00,0.292,0.228,-0.06,1.581,-0.829,1
site_00,0.505,-0.189,2.212,-0.831,-0.628,1
site_00,-1.203,-1.153,-0.073,0.792,0.03,0
site_00,1.306,-0.455,-0.101,0.124,0.649,1
site_00,0.298,0.305,-0.285,-0.481,0.16,0
site_06,-1.374,-0.504,0.524,0.71,-0.928,0
site_00,1.341,-0.516,0.853,-0.823,-0.05,1
site_00,-1.398,-2.035,-1.081,-0.19,-0.352,0
site_00,0.54,0.128,1.863,-0.709,-1.178,0
site_00,-0.131,-0.926,1.519,0.473,1.838,1
site_00,-2.719,-0.533,-0.313,-0.946,-0.938,0
site_00,0.153,1.071,1.135,-1.107,1.576,1
site_00,0.074,1.145,-1.519,1.399,-0.998,1
site_00,0.967,0.859,0.037,-1.031,1.174,1
site_00,2.244,-0.965,-0.113,0.121,-0.829,1
site_01,-1.162,-1.156,1.08,-0.5,0.606,0
site_00,0.882,-0.533,0.657,0.298,1.585,1
site_00,0.074,0.103,-0.089,0.586,0.275,1
site_01,0.662,-1.374,-0.564,0.085,-0.782,1
site_00,-1.963,-0.716,-1.455,0.147,-2.089,0
site_00,1.762,-0.85,-2.351,0.328,-2.573,1
site_01,0.308,0.705,1.059,0.208,0.38,1
site_00,0.159,-1.471,1.885,-0.35,-0.504,0
site_00,-0.255,0.561,-0.684,-0.191,-0.744,1
site_00,-0.4,-0.916,-0.115,-2.596,0.177,1
site_00,1.301,1.012,0.228,0.627,-0.288,1
site_00,-1.549,1.996,-0.128,0.935,0.56,1
site_00,0.639,1.558,1.688,-0.126,-0.998,1
site_00,0.29,-0.763,1.208,0.293,-0.514,1
site_00,0.098,0.675,1.024,0.347,0.025,0
site_00,-1.923,-1.041,-0.893,-0.126,-1.476,0
site_00,-0.927,-0.379,-0.575,-0.362,-0.58,1
site_00,0.583,-0.997,-0.172,-0.446,0.436,1
site_00,-0.596,-0.24,1.084,0.105,-0.38,0
site_05,1.093,1.289,-0.73,0.249,0.317,1
site_00,-0.275,-0.538,-0.74,0.521,-1.133,0
site_00,0.709,1.324,-0.504,-2.136,-0.681,1
site_00,-0.559,1.379,0.036,0.697,0.344,1
site_00,0.029,2.846,0.145,-0.549,0.633,1
site_00,0.797,-0.745,0.915,0.414,-1.465,1
site_00,0.826,-0.624,-0.014,-0.063,0.545,1
site_00,-0.534,1.529,-0.879,0.406,1.711,0
site_00,-1.705,0.873,1.32,0.086,0.961,1
site_06,-0.217,-0.863,0.913,0.128,0.911,0
site_00,-1.595,-0.899,-0.853,1.013,1.369,1
site_00,0.002,-0.853,-0.848,-0.365,0.375,1
site_00,0.596,0.155,-1.351,0.405,-0.122,0
site_00,-0.502,-0.714,-0.992,-0.766,-0.596,1
site_00,-0.236,-0.139,0.249,-1.491,-0.245,0
site_00,0.696,1.102,0.931,-2.111,-1.36,1
site_00,1.587,-0.09,1.319,-0.146,-0.026,1
site_01,-1.22,1.282,0.323,-0.176,-0.798,0
site_00,1.794,-1.107,-0.368,2.375,0.588,1
site_03,-0.268,-0.64,-0.875,-0.655,0.452,1
site_00,1.037,0.226,-0.45,1.599,0.596,1
site_00,-0.172,0.312,-0.091,0.19,0.246,0
site_00,1.786,-0.431,0.343,-2.395,0.783,0
site_00,0.178,-1.208,-0.838,-1.433,-0.478,1
site_00,0.676,-0.093,-0.677,-1.248,-0.17,1
site_00,0.23,0.293,-1.793,0.842,-3.092,0
site_00,0.546,1.532,-0.273,0.753,-1.2,1
site_00,-1.4,0.39,-0.597,-0.422,1.738,1
site_00,-0.387,-0.633,-0.093,-0.783,-0.105,0
site_00,-0.177,0.659,2.328,-0.562,0.444,1
site_00,1.52,0.303,-1.273,0.816,-0.411,1
site_00,0.156,-1.86,-1.323,-0.042,-0.397,0
site_00,-0.568,0.631,1.039,-0.281,0.929,1
site_00,-0.943,-1.508,-1.411,-0.078,-0.581,0
site_00,1.217,1.26,-0.529,0.576,-1.501,1
site_00,-0.269,1.066,-0.531,1.362,0.115,1
site_00,0.116,0.169,0.052,-0.004,0.338,0
site_00,2.879,0.438,1.218,-0.48,0.196,0
site_00,0.455,-1.858,0.323,0.505,-2.56,0
site_00,-0.902,-1.579,-0.479,0.358,0.565,0
site_09,1.226,-0.613,-1.682,-0.281,1.101,1
site_03,1.364,-0.698,-1.536,0.272,-0.215,1
site_00,1.728,0.103,-0.355,-1.5,-0.269,0
site_08,-0.456,-1.52,-0.777,-0.015,-0.237,0
site_00,0.702,-0.854,-0.145,-2.262,0.665,0
site_00,1.65,-0.507,-1.851,-0.211,1.47,1
site_03,0.741,1.11,1.797,0.142,-0.085,1
site_00,1.314,-0.699,-0.128,0.665,1.176,0
site_00,0.966,0.523,-1.283,-1.69,-0.804,1
site_00,1.91,1.041,-0.313,0.894,1.272,0
site_00,0.282,2.536,-1.026,0.486,0.009,1
site_00,-1.422,-0.461,1.96,-0.005,0.764,1
site_00,-1.339,1.141,-1.005,0.342,1.597,0
site_07,-0.185,1.656,-0.505,-0.316,0.867,1
site_00,-0.282,-0.226,0.752,0.661,-0.356,1
site_02,-0.535,-0.182,1.363,1.717,-0.35,0
site_00,-0.13,-0.367,-0.935,0.138,0.264,1
site_00,2.06,2.341,-0.024,1.949,0.617,1
site_00,0.207,2.112,-2.545,0.18,1.276,1
site_00,0.594,0.096,-0.213,0.725,-0.822,1
site_00,1.168,1.185,-0.173,0.109,1.457,1
site_00,0.821,0.683,-0.698,-0.116,-0.168,0
site_00,-0.088,-1.514,-0.212,-0.111,-0.504,0
site_05,0.708,-1.542,0.72,-0.187,2.081,1
site_00,1.406,0.407,-0.439,-0.755,0.083,1
site_00,0.118,1.122,1.03,-0.126,0.594,0
site_08,0.387,1.81,0.654,0.124,-0.418,1
site_00,-0.589,-1.725,-0.372,0.06,0.579,1
site_00,-1.181,1.332,0.381,-0.268,1.261,0
site_00,0.171,1.253,-0.411,-1.835,0.565,0
site_07,-0.831,-0.867,-1.001,-1.152,0.217,0
site_00,0.229,0.198,-0.262,-1.405,0.433,1
site_00,1.283,-0.657,-2.301,-0.874,-1.301,0
site_00,-1.946,0.283,0.869,-1.216,0.005,1
site_00,0.643,-1.759,1.091,0.763,-0.26,0
site_00,-0.35,-0.404,1.43,-0.137,-0.613,0
site_00,-0.51,-1.068,-0.758,0.812,-0.836,0
site_06,1.998,-0.272,0.523,0.141,-0.845,1
site_00,1.16,-0.207,0.972,2.47,-0.874,0
site_00,0.324,0.041,1.153,-1.638,1.01,1
site_00,0.749,1.301,-1.739,-0.921,-0.359,0
site_00,-2.05,-0.106,1.426,0.111,-1.287,1
site_00,-0.79,0.106,0.73,-0.488,2.225,0
site_00,0.961,-1.365,-0.997,0.223,0.193,1
site_00,0.915,-0.413,-1.081,-0.229,-0.113,0
site_00,0.702,-0.877,-0.188,0.021,-0.983,0
site_00,-0.1,-1.437,-0.013,-1.248,-0.333,0
site_00,-0.309,0.586,0.413,-0.698,-0.114,1
site_08,-0.184,-2.38,-1.8,0.263,0.64,0
site_00,2.367,0.353,-0.267,-0.196,-0.969,1
site_06,-0.34,-0.465,-1.104,-1.395,-0.526,0
site_00,-0.058,2.198,2.362,-1.007,-0.73,1
site_04,0.027,-0.185,-0.557,-0.647,-1.394,0
site_00,1.725,-1.879,-0.195,-0.279,0.855,0
site_00,0.473,-2.595,0.36,-0.249,-0.799,0
site_05,-1.889,-0.139,-1.634,-0.666,-0.052,0
site_01,-0.928,1.135,-0.523,-0.632,0.309,0
site_08,0.231,1.106,-0.672,1.183,1.932,1
site_00,1.979,-0.861,1.972,-1.057,1.341,1
site_00,-1.066,1.723,-1.317,0.765,-1.304,1
site_09,0.393,0.539,-1.496,1.099,-0.011,1
site_00,-0.371,-1.448,-1.796,0.554,-0.278,1
site_00,2.691,-0.789,-0.054,1.781,0.306,0
site_00,-1.166,-0.016,-1.217,-0.507,0.544,0
site_00,-0.438,1.614,-2.048,1.815,-0.138,0
site_00,0.037,-0.204,-0.241,0.358,-0.818,0
site_00,0.423,-0.236,-0.273,-1.251,0.714,1
site_00,1.022,0.619,1.139,-1.835,-0.371,1
site_00,-0.591,1.726,-0.396,0.358,-0.463,0
site_00,1.199,-1.065,0.514,-1.265,0.087,0
site_00,-1.276,0.048,2.267,1.009,0.055,0
site_06,-0.53,0.691,0.319,-0.0,0.644,0
site_00,-0.788,-0.205,0.856,0.813,-2.028,0
site_00,0.927,-0.512,-2.394,-1.113,-0.582,1
site_00,-0.807,0.001,1.599,0.862,2.404,0
site_00,0.483,-1.028,-0.584,0.121,0.981,0
site_00,0.625,1.343,-0.977,-1.397,-1.607,1
site_00,0.152,-0.156,-2.461,-0.078,0.704,0
site_00,-0.957,-0.465,0.718,0.329,-0.739,1
site_00,0.381,-1.452,1.629,-1.077,-0.533,0
site_00,0.4,0.271,-1.922,-0.338,-0.035,1
site_00,2.467,-0.702,-1.607,1.052,-1.255,1
site_00,0.003,0.514,-0.17,-0.148,0.243,0
site_00,1.074,0.345,-0.55,0.628,-1.491,1
site_00,-0.59,0.658,0.965,0.077,-0.255,1
site_00,-2.352,0.925,-0.183,-0.076,0.87,1
site_02,0.274,1.055,0.452,0.049,0.541,1
site_00,-0.655,-2.394,1.546,-0.096,-0.591,1
site_00,0.447,-0.275,1.789,-0.239,1.99,0
site_00,-0.33,-0.525,0.501,0.952,-0.54,0
site_00,0.202,-0.053,0.345,0.754,0.342,0
site_00,-0.32,0.564,0.289,-0.696,0.97,0
site_00,-0.019,-0.174,-0.187,-0.744,0.223,1
site_09,-0.222,-1.692,-0.335,1.356,0.065,0
site_00,-0.658,-0.054,-0.668,-0.988,-0.058,1
site_00,-0.138,-3.068,-1.879,-2.301,1.071,0
site_00,1.502,-0.49,1.655,-0.641,-0.417,0
site_00,0.194,-1.917,1.987,0.128,-1.667,0
site_00,0.666,-0.464,0.434,0.687,-0.102,1
site_00,-0.17,0.575,0.343,0.442,-0.611,1
site_00,0.748,-1.012,-0.967,1.268,0.906,0
site_00,0.047,-1.133,0.567,-0.37,0.14,0
site_00,-0.135,-0.26,1.813,0.02,-0.05,1
site_00,-0.593,1.655,-0.178,0.645,-0.083,1
site_00,0.38,0.291,0.27,0.014,0.244,1
site_00,-2.372,-0.158,-0.037,1.1,-0.086,1
site_00,-1.04,-0.03,0.833,-0.357,1.506,0
site_00,2.563,1.948,-0.879,0.451,-0.1,1
site_00,-1.243,-0.377,0.76,-0.434,-0.171,0
site_00,0.201,-0.948,-0.942,0.974,0.022,0
site_04,-0.536,1.549,0.714,-1.12,0.396,1
site_00,-0.688,1.698,-0.011,0.879,-1.268,1
site_00,0.275,0.129,1.111,-0.605,-1.281,1
site_00,-1.96,-0.748,2.457,-0.981,-0.527,0
site_00,-0.155,-1.971,1.207,0.85,0.269,0
site_00,-0.0,-0.776,0.782,-1.159,-0.24,0
site_00,-0.328,1.142,0.94,0.652,1.464,0
site_00,-0.411,1.507,0.525,0.632,0.39,0
site_00,0.372,-1.672,-2.489,0.72,1.134,0
site_00,0.012,0.703,0.484,-0.037,0.62,0
site_00,0.721,0.817,-0.05,1.54,1.384,1
site_00,-1.438,2.099,-2.018,-0.466,-0.351,0
site_00,1.461,-1.104,0.378,1.386,-1.004,1
site_00,0.628,0.549,0.028,-0.771,-0.77,1
site_00,-1.422,0.367,0.344,-0.639,-0.161,0
site_00,-0.476,1.027,2.224,0.035,-0.374,0
site_00,-0.24,0.842,-0.607,1.152,-0.406,1
site_00,-0.412,0.076,-0.108,0.708,1.179,0
site_00,1.041,-0.583,-1.667,-0.473,0.031,0
site_00,-0.713,1.23,-0.091,0.295,-0.111,0
site_00,0.405,-0.334,-0.136,0.78,-0.429,0
site_00,-1.161,0.389,-1.202,0.068,1.795,1
site_01,-1.548,-1.015,-0.821,2.561,0.373,0
site_00,0.594,-0.58,-0.593,0.221,0.965,1
site_00,-1.156,-0.816,-1.699,0.046,-1.365,1
site_00,0.338,0.526,0.618,-3.584,-1.38,1
site_00,1.95,1.663,0.174,0.997,-1.144,1
site_00,-1.652,-0.846,0.901,1.732,0.583,0
site_00,0.613,2.095,-1.333,0.043,2.318,0
site_00,1.23,0.285,0.548,-0.481,-0.588,1
site_00,-0.507,-1.045,-1.862,1.233,0.234,0
site_00,0.049,1.01,-1.934,-0.955,-0.422,0
site_00,-0.914,1.011,1.454,-1.924,-0.483,1
site_00,-0.449,1.776,0.608,-0.293,-0.906,0
site_00,1.296,-0.274,-2.005,0.769,-0.006,0
site_00,-0.251,-0.476,-0.393,-1.111,1.249,1
site_04,0.88,-0.966,-0.446,0.565,1.444,0
site_00,0.202,0.044,1.034,0.581,0.744,0
site_00,1.639,0.622,0.138,2.169,-0.612,1
site_00,-0.099,-0.252,-1.309,-0.529,-1.963,1
site_00,-0.341,-0.647,-0.007,0.565,0.12,1
site_00,0.487,0.287,-0.688,1.311,-0.175,1
site_06,0.532,-0.931,-0.868,0.747,-1.369,1
site_00,-1.884,-0.466,0.441,-1.005,1.47,0
site_00,0.794,0.943,1.128,0.749,-1.295,1
site_00,-0.176,0.64,-0.655,1.165,1.608,1
site_00,1.019,-0.791,0.584,-1.176,0.043,1
site_00,0.003,0.055,0.833,0.663,-0.307,1
site_00,0.34,1.143,0.641,-1.721,-1.815,1
site_00,0.976,0.997,0.886,-0.646,1.341,1
site_00,0.708,-2.786,0.195,-0.33,1.596,1
site_00,-0.186,-1.267,-2.854,1.288,-0.002,1
site_00,-0.179,-1.204,1.064,0.308,0.52,1
site_00,0.073,-1.919,-0.289,-1.019,0.844,0
site_00,0.284,1.324,1.506,2.915,-0.117,1
site_00,-2.015,0.014,-0.567,0.305,0.894,0
site_00,-2.009,-0.733,-0.47,0.838,0.806,0
site_00,-0.089,0.717,0.251,0.632,-1.152,1
site_00,0.154,-0.465,0.83,0.334,-1.816,1
site_00,1.065,0.617,-0.492,0.443,-0.308,1
site_00,-0.922,-0.703,-0.108,0.156,0.662,0
site_00,1.333,0.737,-1.567,1.379,-1.304,1
site_08,0.986,1.602,-0.45,-0.712,0.819,1
site_00,-2.019,-0.324,0.168,-2.034,0.607,0
site_00,-1.497,0.591,-2.275,-0.832,-1.147,1
site_00,0.976,-1.376,1.489,0.456,-1.718,0
site_00,0.183,0.239,0.698,0.198,-1.531,1
site_00,0.731,2.423,-0.445,-0.348,-1.646,1
site_00,0.685,0.513,-1.375,1.221,0.327,0
site_00,0.439,-0.556,0.365,0.534,1.247,0
site_00,-2.196,-2.207,0.362,-0.143,0.307,0
site_00,-0.095,-0.181,-1.155,0.701,-0.953,0
site_00,0.273,0.71,0.009,0.578,1.496,1
site_00,-0.688,-0.652,1.026,0.06,0.145,0
site_00,-0.69,0.882,0.077,0.292,-0.007,1
site_00,-0.942,-1.097,0.693,2.724,0.901,1
site_00,-2.437,0.123,1.337,-0.219,-0.507,0
site_00,1.453,0.583,0.403,-1.012,-0.015,1
site_00,1.442,-0.182,-0.505,-0.678,0.083,1
site_00,-1.696,0.413,0.075,1.975,-1.657,1
site_00,-0.332,-0.711,0.687,0.66,-0.073,0
site_00,-0.248,0.668,-2.188,-1.273,-0.295,0
site_00,-0.374,-0.241,-0.957,-0.024,-0.211,1
site_00,0.214,1.996,1.432,0.533,-0.976,0
site_00,-1.012,2.521,-0.355,0.252,1.365,0
site_00,-2.02,-0.807,0.368,-2.191,-1.956,0
site_00,-1.125,0.575,-0.899,0.505,0.31,0
site_00,1.772,0.463,-0.5,0.458,-0.972,1
site_00,-1.569,-1.349,-1.064,-0.05,-1.908,1
site_00,-0.327,0.539,0.458,-0.724,-0.104,1
site_00,1.587,1.102,0.646,-0.128,-0.622,1
site_00,-1.432,1.914,-1.054,-0.32,1.126,1
site_00,1.703,1.668,1.408,-1.897,0.657,1
site_00,-1.779,-0.961,0.975,0.51,0.797,0
site_00,0.506,-0.001,-0.708,-0.766,-0.406,0
site_00,-0.046,0.077,0.792,0.762,-0.922,1
site_00,-0.773,-1.61,-0.517,-2.18,0.698,0
site_00,0.854,0.637,1.863,1.096,0.088,1
site_00,0.255,0.684,0.676,-0.625,0.557,1
site_00,1.545,-0.212,0.088,1.131,-0.415,1
site_00,-0.492,-0.505,1.167,-0.91,-1.114,0
site_00,0.63,1.787,-0.711,-1.363,-1.989,0
site_00,-0.073,-0.469,0.476,1.009,-1.035,0
site_00,1.632,-1.117,0.335,-2.692,0.28,0
site_00,0.873,0.1,0.081,-1.143,0.447,1
site_00,1.299,-0.74,-0.015,-0.311,1.436,1
site_00,0.474,-0.573,0.377,1.426,1.165,1
site_00,-0.169,-0.244,0.365,1.137,-0.61,1
site_00,-0.105,-1.953,1.219,-0.556,-0.948,1
site_00,0.834,0.669,0.003,0.739,0.279,1
site_00,-0.475,-0.263,-0.125,0.726,1.157,1
site_00,1.005,1.855,1.146,-2.482,0.586,1
site_00,1.08,-3.33,-0.125,0.05,-0.402,1
site_00,0.743,-1.646,-0.887,-0.277,-0.429,1
site_00,1.434,-0.008,-1.113,0.108,0.145,1
site_00,1.779,0.562,-1.332,0.434,1.049,1
site_00,-0.984,0.564,-1.269,1.13,0.423,0
site_00,-0.151,-1.613,0.028,-0.491,-0.318,1
site_00,0.379,1.252,0.08,0.603,-0.85,0
site_00,-0.58,-1.702,-1.244,-0.173,0.192,1
site_00,1.704,1.481,1.791,0.902,-1.682,1
site_00,-0.585,1.596,0.4,-1.755,-1.031,0
site_01,1.124,-1.382,-0.798,-1.484,0.905,0
site_00,0.138,1.519,0.649,2.943,-0.746,1
site_00,0.891,-0.257,-0.762,-0.07,-0.098,0
site_03,-0.835,-1.294,1.095,-0.494,0.647,0
site_00,0.121,0.801,0.806,1.018,-2.275,0
site_00,1.184,0.126,-1.61,2.079,-0.028,1
site_04,2.021,1.09,-1.442,-1.319,0.537,1
site_00,0.387,-1.715,0.175,0.969,0.072,0
site_00,-0.834,-2.409,-1.283,0.188,1.727,1
site_00,-1.371,-0.043,-0.037,1.154,-0.108,0
site_00,-0.023,-0.487,-0.244,-0.294,0.091,1
site_00,0.79,1.346,0.588,1.306,-0.082,0
site_00,-1.081,1.08,-1.146,0.132,-0.228,0
site_06,-0.305,1.972,-0.159,0.897,-0.4,1
site_00,-1.413,0.76,-0.184,0.088,0.042,0
site_06,-1.248,-0.41,0.428,-0.216,-1.285,0
site_00,-0.221,0.645,0.481,1.321,0.604,0
site_00,0.478,-1.959,0.028,0.717,-1.377,0
site_00,1.371,-0.665,0.622,-0.224,0.946,0
site_00,-0.158,-0.37,-0.242,0.855,-0.798,0
site_00,2.64,-0.5,0.311,-1.15,0.293,1
site_00,-1.112,0.69,-0.801,1.844,0.611,0
site_00,-0.191,1.233,-1.335,-0.163,-1.758,1
site_00,-1.218,-1.6,-1.285,0.201,0.538,0
site_00,0.948,-0.029,0.529,2.034,-0.832,1
site_00,0.546,0.432,2.405,1.309,0.883,0
site_00,-0.802,2.896,0.567,-0.999,-0.971,1
site_08,-0.937,-2.211,1.413,1.035,0.107,0
site_00,-1.987,0.778,0.038,1.017,1.414,0
site_00,-0.543,0.718,-1.997,0.869,0.479,0
site_00,0.722,-1.458,0.831,0.213,-0.122,0
site_00,0.57,-0.275,0.552,0.728,0.808,0
site_00,0.254,0.212,-0.31,-0.496,0.136,0
site_00,0.228,0.481,0.547,-0.125,-0.126,1
site_00,-0.573,0.308,0.417,-0.193,-0.299,1
site_00,-0.103,-0.529,-0.861,-1.046,-0.217,0
site_00,-0.24,0.949,-1.44,0.426,-0.106,0
site_00,-0.974,2.021,-1.411,0.494,0.079,1
site_08,1.118,-1.148,0.582,0.683,0.604,1
site_08,0.805,0.937,0.646,-0.083,0.157,1
site_00,-0.872,-1.912,-0.555,0.655,-1.317,1
site_00,1.772,1.138,0.793,0.368,1.577,0
site_00,1.109,0.123,0.716,0.677,-0.419,1
site_00,-0.305,-1.563,0.18,-0.877,0.498,0
site_00,1.984,0.185,1.098,0.334,-0.608,1
site_00,-1.489,-0.664,-0.666,1.831,1.141,0
site_00,-0.255,2.091,-1.555,-1.695,0.945,0
site_00,-1.091,-0.955,0.765,-0.621,0.493,1
site_00,-0.831,-0.546,-0.723,1.484,1.26,0
site_00,-0.403,-0.728,-0.133,0.752,-1.158,1
site_00,-0.602,-1.987,2.287,2.117,0.44,0
site_04,2.373,0.205,-1.391,1.825,-0.333,1
site_00,0.935,0.3,0.21,0.345,-1.652,1
site_00,-0.042,0.819,0.013,0.866,0.041,1
site_00,-0.024,-0.462,0.361,0.877,0.223,1
site_00,0.803,-0.85,-0.054,-0.297,-1.172,0
site_00,-0.609,0.281,-0.616,-0.26,1.328,1
site_04,0.242,0.016,0.679,2.688,0.098,1
site_00,-0.497,0.115,0.787,-1.139,-0.985,1
site_00,1.607,0.883,1.029,0.454,0.84,1
site_00,-1.395,-0.746,-1.187,0.315,-1.164,1
site_00,0.078,-0.216,-0.535,-0.654,0.149,0
site_00,-0.958,-0.95,-1.065,-0.045,1.211,0
site_00,-0.214,0.716,1.002,-0.823,-0.87,1
site_00,0.804,-0.842,-0.87,2.051,-0.41,1
site_00,0.584,1.211,0.512,0.206,-0.462,1
site_00,-1.052,2.05,-1.346,0.09,0.469,1
site_00,1.55,-1.203,-1.122,-0.338,0.19,1
site_00,0.72,0.44,-1.679,-0.537,-0.061,1
site_00,0.314,-2.038,-0.949,-0.418,0.405,0
site_00,-0.062,-1.166,0.238,-0.108,-0.163,1
site_00,1.975,-1.678,0.596,0.045,-0.819,0
site_00,0.012,-0.493,-0.143,-2.604,-0.604,0
site_03,-1.257,-0.031,-0.266,0.061,1.953,0
site_00,0.015,0.398,0.162,-1.049,-0.293,1
site_00,1.218,1.132,-0.804,-0.683,1.242,1
site_00,1.424,-1.08,-0.282,-0.431,-0.604,0
site_00,-1.23,0.114,2.475,-0.766,0.234,1
site_07,0.43,-0.3,-0.304,0.901,-0.825,0
site_09,-0.052,0.426,-1.681,0.634,-1.187,0
site_00,-0.787,-0.659,0.803,1.375,1.045,0
site_00,0.079,0.207,0.147,1.855,-1.772,0
site_00,-1.077,-0.488,-0.691,1.141,0.332,0
site_00,-0.105,0.293,0.643,0.468,-0.913,1
site_00,-0.329,1.276,0.032,-0.555,0.246,0
site_00,-0.312,-1.016,0.159,-1.372,0.238,1
site_00,0.598,-0.865,0.632,-0.345,0.95,0
site_00,-0.152,-1.697,-0.824,1.626,0.62,0
site_00,-1.688,1.136,-1.351,1.492,-1.628,0
site_00,0.377,0.097,-0.142,-1.358,1.105,1
site_00,-0.579,-1.967,2.137,0.819,-0.745,0
site_08,1.062,0.895,-0.363,-1.328,0.013,1
site_00,-0.462,1.507,-0.493,-1.704,0.148,1
site_00,0.239,1.33,0.127,-0.114,0.491,1
site_00,-0.254,0.186,1.115,0.319,-0.694,1
site_00,-0.14,0.666,2.414,-0.46,0.373,0
site_00,0.74,-0.375,-0.51,-1.242,0.867,0
site_00,0.924,-0.802,1.382,1.666,-0.073,0
site_00,0.332,0.148,0.751,1.257,2.166,1
site_00,-0.391,0.063,-0.233,2.092,-1.031,1
site_00,-0.697,-0.227,-0.406,-0.603,0.252,1
site_00,1.284,-1.042,0.005,-0.139,-1.3,0
site_00,0.569,-0.719,1.195,-0.139,-0.329,1
site_00,0.094,0.378,-0.461,0.792,1.17,1
site_00,-0.296,0.926,-0.629,-0.393,1.326,1
site_00,0.309,-0.374,-0.237,-1.25,-0.893,0
site_00,-0.874,0.388,-0.676,-0.328,0.192,0
site_00,0.115,1.263,-0.332,2.951,1.212,0
site_00,-0.745,-1.75,-0.288,0.288,0.414,1
site_04,-2.94,-1.057,1.01,-0.582,0.573,0
site_00,0.818,-0.684,-0.306,-0.681,0.08,1
site_00,-0.498,1.462,-1.297,1.363,-1.12,1
site_00,-0.568,0.034,-0.453,-0.86,-0.082,0
site_00,0.649,-0.57,-0.545,1.203,0.371,1
site_00,-1.931,0.584,-0.222,-0.009,-0.128,1
site_00,0.032,0.879,-1.319,0.332,2.008,0
site_00,1.046,0.543,0.979,-0.729,1.707,1
site_00,1.024,1.546,0.121,0.017,-0.563,1
site_00,-0.905,-0.133,1.098,0.556,2.044,0
site_00,1.465,1.846,1.047,1.983,0.704,1
site_00,-1.884,-1.552,0.59,-0.526,0.919,1
site_00,0.879,1.277,0.493,-1.139,-0.934,1
site_00,-1.398,-0.446,-0.525,0.604,0.185,1
site_00,-0.181,-0.261,-1.828,-0.52,1.349,0
site_00,2.098,1.266,0.856,-1.658,2.885,0
site_00,-1.286,-0.385,0.591,1.906,0.246,1
site_00,1.282,0.255,0.136,1.098,0.428,0
site_00,-1.164,0.305,-0.566,0.172,0.992,0
site_00,-1.038,-0.602,0.684,-0.155,0.358,1
site_09,-0.384,-1.445,-0.103,0.712,0.691,0
site_00,0.789,-2.696,-0.271,0.493,0.151,0
site_00,-0.846,0.623,0.994,0.626,0.145,0
site_00,-0.031,-1.128,0.239,0.453,0.179,0
site_00,-1.32,-0.825,-0.403,-0.499,0.143,0
site_05,0.723,-0.919,-1.177,1.96,-1.698,1
site_00,0.505,0.638,-0.699,-0.805,-1.363,0
site_00,1.449,-0.8,0.617,-0.751,-0.469,1
site_00,0.579,0.945,-0.993,-0.463,0.719,0
site_00,0.825,-0.609,-0.594,0.313,-0.373,0
site_00,-0.297,0.527,-0.697,1.481,0.227,0
site_00,0.235,-0.512,-2.359,0.483,0.468,1
site_00,1.782,-0.316,0.778,0.764,-1.847,0
site_00,0.155,0.154,1.309,-1.105,0.706,1
site_00,-0.832,0.546,-0.243,-1.518,0.3,0
site_00,0.323,0.308,0.209,-0.933,0.508,1
site_00,-0.926,-3.061,2.788,0.686,-0.274,1
site_00,0.701,0.712,2.112,-1.73,-1.251,1
site_00,-1.506,1.278,1.107,0.34,1.309,0
site_00,-1.385,1.63,0.342,0.031,-0.01,1
site_03,-0.419,-0.479,0.461,1.331,-0.953,0
site_00,-0.951,-0.643,0.303,2.529,-0.19,1
site_00,0.472,-0.111,-0.589,-0.244,0.797,0
site_00,-0.399,-1.573,1.955,1.293,0.002,1
site_00,-0.904,-0.323,0.532,-0.221,-2.045,0
site_00,-0.179,0.468,0.608,0.856,1.043,0
site_00,0.067,1.442,-1.361,-0.002,-0.483,1
site_00,1.388,-0.858,-0.53,-1.147,2.496,1
site_00,-0.465,0.843,-0.002,0.709,1.562,1
site_00,-1.419,1.345,-0.425,3.241,0.919,0
site_00,-1.068,-2.787,-0.386,-0.558,0.617,0
site_00,0.998,0.587,-0.091,-1.83,0.282,1
site_06,-0.177,1.197,0.384,0.441,-0.099,1
site_00,0.183,0.352,-0.443,1.146,0.554,0
site_00,-0.148,0.571,1.454,-0.287,-0.349,1
site_00,1.208,0.749,-0.603,0.175,-1.093,0
site_00,-1.348,-0.858,1.768,2.214,-0.862,1
site_00,0.268,0.264,-0.782,0.621,-0.182,0
site_00,-1.155,-0.938,1.074,0.856,0.687,1
site_00,0.46,-0.717,-0.727,-0.749,-1.355,1
site_00,1.635,-1.946,-0.346,-0.093,-0.766,1
site_00,0.877,1.017,-1.028,-0.058,-0.491,0
site_00,1.11,-0.603,1.369,0.137,0.003,0
site_00,1.181,-0.219,-0.249,0.351,0.12,0
site_00,0.459,0.112,-0.543,1.833,-0.24,0
site_00,-1.845,-0.91,-1.441,0.473,-0.287,0
site_00,0.861,-0.593,0.975,1.621,1.537,1
site_08,0.965,-0.673,1.195,-0.523,-0.099,1
site_00,2.708,0.624,-1.101,-1.401,0.164,1
site_00,-0.109,0.477,0.339,0.663,-0.154,1
site_00,-0.422,-0.663,-0.912,-0.284,0.143,1
site_00,1.102,0.025,-1.195,1.16,1.206,0
site_00,0.139,0.27,1.373,1.835,1.723,1
site_00,2.275,-0.26,-2.604,0.098,-0.649,1
site_00,-1.464,-1.028,0.039,-0.585,2.004,0
site_00,0.966,-0.376,-1.171,-0.642,-1.404,0
site_00,0.294,0.027,-1.222,-0.503,-0.925,1
site_00,-1.32,0.689,-0.286,-1.177,-2.446,0
site_00,-0.996,1.522,-0.494,0.687,-0.578,1
site_00,-1.136,-0.808,-0.976,-1.74,-0.878,0
site_00,-0.24,1.378,-2.133,-0.362,-0.255,1
site_00,0.172,0.688,0.515,-0.262,0.028,1
site_00,0.031,-0.762,0.638,0.317,-1.185,0
site_00,-0.649,0.3,-1.155,-0.897,-0.024,0
site_05,0.414,0.688,-0.104,-1.323,-1.323,1
site_03,0.265,1.445,2.417,-0.688,0.705,1
site_00,1.13,1.06,-0.079,-0.902,-1.428,1
site_00,-0.495,-0.376,0.583,-0.946,-0.076,0
site_05,-2.045,-2.516,-1.709,-0.328,0.293,0
site_00,-1.415,0.585,-0.212,1.291,-0.317,0
site_00,-0.857,0.904,0.113,-0.211,-0.337,1
site_00,-0.923,-3.289,-0.49,0.809,-1.802,1
site_00,0.994,-0.675,-0.169,1.03,-0.632,1
site_00,-0.086,-0.136,-1.498,1.321,-0.269,0
site_00,-0.658,-0.382,-0.403,0.586,-0.389,0
site_00,-0.792,0.289,-0.85,-0.923,0.585,1
site_00,-0.038,-0.372,2.132,-0.472,-0.11,0
site_00,1.183,1.153,0.472,-0.544,1.297,0
site_00,-0.914,0.909,-0.195,-0.459,2.035,1
site_04,-0.382,-1.319,0.952,-0.489,-0.675,0
site_00,-0.394,-1.627,0.524,0.205,-1.381,1
site_00,0.896,-1.236,0.417,-2.295,-0.497,0
site_00,-0.227,-0.489,0.122,-0.425,-0.439,0
site_00,-0.562,-2.364,-0.531,-1.66,1.836,1
site_00,-0.218,-0.564,0.559,1.149,1.376,0
site_00,1.449,0.2,-0.206,-0.227,1.106,0
site_00,0.794,0.311,-0.42,-1.314,1.872,1
site_00,0.87,-1.432,-0.088,-0.291,-1.043,1
site_00,-0.184,1.113,0.159,-1.728,0.021,0
site_00,0.356,0.051,0.626,-0.218,-0.782,1
site_04,-1.703,0.793,0.863,1.008,-0.814,0
site_00,0.672,0.114,0.797,-0.333,-0.311,0
site_00,0.628,0.326,0.072,-0.413,-0.22,0
site_00,0.598,-0.28,-0.459,-1.27,-0.418,1
site_00,-0.353,-0.369,0.224,-1.042,0.805,1
site_00,-1.06,-1.291,-0.222,-0.479,0.296,0
site_00,1.101,0.083,-1.521,1.517,0.764,0
site_00,0.549,0.951,-1.216,-0.515,0.312,0
site_00,0.034,-0.156,0.395,0.96,-0.65,1
site_00,0.548,-0.566,-1.536,2.805,0.078,1
site_09,-0.373,-1.224,1.0,0.487,-0.154,0
site_00,0.246,2.076,-0.018,-1.349,-0.908,1
site_00,1.261,1.324,1.102,-0.502,-0.554,0
site_00,-1.042,-2.239,-1.019,0.156,-0.732,0
site_00,-1.011,1.846,2.444,-0.243,-1.239,0
site_08,-0.337,1.428,0.764,-0.124,-1.888,1
site_00,-0.167,-0.242,-1.272,0.404,-0.681,1
site_00,-0.215,-0.766,0.141,-0.865,-1.387,1
site_00,-0.915,1.256,-1.485,-0.81,-1.015,1
site_00,-1.02,-0.982,-0.015,-0.349,0.394,1
site_00,-1.637,0.847,-0.129,0.663,-0.254,1
site_00,1.862,-0.393,0.501,0.855,1.071,1
site_00,0.098,1.58,-1.611,-0.089,-0.021,0
site_00,-0.838,-0.869,0.144,0.374,-1.673,1
site_00,1.533,0.92,-0.89,0.825,-0.501,1
site_00,0.72,-0.169,0.391,0.918,-1.339,1
site_00,-1.69,-1.106,1.679,0.212,-0.063,0
site_02,-0.544,-1.2,0.407,-0.219,-1.215,0
site_00,-0.259,-1.008,-0.483,1.066,0.167,0
site_00,0.398,-0.728,-1.116,0.22,-1.135,1
site_00,0.617,0.24,0.384,1.187,0.85,1
site_00,0.921,0.698,-2.554,-2.614,2.625,0
site_00,0.505,1.071,0.605,0.333,-1.278,1
site_00,0.573,-0.241,-0.282,1.319,-1.876,1
site_00,0.23,-0.319,-1.662,-0.145,-0.822,0
site_07,0.541,-0.259,0.383,-0.887,1.108,1
site_00,0.41,-0.625,-2.149,0.137,-1.22,0
site_00,0.616,0.76,-0.211,1.407,0.824,1
site_00,0.349,-0.216,-0.396,-2.19,0.832,0
site_00,1.306,0.431,0.099,0.716,-0.332,0
site_00,0.218,0.565,-0.204,0.286,0.821,0
site_00,-0.082,0.06,1.866,-1.843,-0.767,0
site_00,-0.448,0.461,0.243,0.534,-2.335,0
site_00,-1.052,0.079,-0.366,-1.77,1.211,0
site_00,-1.431,0.105,0.49,-0.893,-0.874,0
site_00,-0.135,-0.515,0.512,0.503,0.645,1
site_00,-0.211,-1.425,0.224,-0.512,-0.224,1
site_00,-1.157,1.106,-1.055,-1.677,1.499,1
site_00,0.724,-0.189,0.804,-0.124,-0.175,0
site_00,0.529,0.985,-0.201,1.508,0.568,0
site_00,1.903,-2.116,0.874,-0.119,-0.656,0
site_00,0.887,0.412,1.237,1.392,1.721,1
site_00,0.894,-2.504,-0.078,-1.108,0.688,1
site_00,-1.38,-0.251,-1.185,0.936,-0.002,0
site_00,-1.228,-0.456,0.623,-0.555,1.752,0
site_00,1.184,1.017,0.524,1.506,1.761,0
site_00,-0.689,-0.405,1.027,-0.756,1.114,0
site_00,-0.053,2.265,-1.359,-0.159,0.997,0
site_00,-0.029,-0.245,-1.981,-0.549,-0.126,1
site_00,1.612,-0.009,-0.16,-0.597,1.49,1
site_00,0.552,1.592,0.568,0.308,-0.511,1
site_00,0.028,0.534,0.063,0.692,-0.934,1
site_00,-3.577,1.57,-0.306,0.353,2.301,1
site_00,-1.357,-0.925,-0.271,1.127,0.183,1
site_00,0.113,-1.968,-0.85,-0.248,0.379,0
site_00,1.619,-0.611,0.715,0.813,0.703,1
site_05,-0.629,-1.596,-0.117,-2.074,-0.58,0
site_00,-1.202,-0.006,-0.315,1.457,-0.662,0
site_00,1.148,0.46,0.739,1.329,1.313,1
site_00,-0.077,0.552,2.357,1.19,-0.566,0
site_00,0.769,1.234,-0.402,0.527,0.627,0
site_00,2.153,-1.167,-0.253,0.258,0.534,0
site_00,0.426,0.674,0.304,-0.222,0.16,0
site_00,0.44,-0.411,0.384,-0.589,-0.443,1
site_00,0.744,1.042,-0.171,0.737,-0.463,1
site_00,-1.7,-0.215,0.071,-0.039,-0.286,1
site_04,1.086,-0.833,-0.303,0.32,-0.03,1
site_00,-0.838,-0.008,-0.611,0.233,-0.884,0
site_00,1.332,-0.515,-0.6,1.513,0.839,1
site_00,-0.365,0.371,0.32,1.083,0.179,0
site_00,0.35,-0.176,-0.519,1.764,0.3,1
site_00,-1.221,-0.695,-0.963,-1.485,-1.54,1
site_08,0.056,1.45,0.291,1.063,-0.787,1
site_00,-0.51,-1.226,-0.178,-1.574,-1.589,0
site_00,0.556,0.122,0.084,0.397,-1.495,0
site_00,-0.938,-1.276,-0.139,-1.69,-0.634,1
site_00,0.485,0.577,-1.031,-0.282,-1.542,1
site_00,1.023,1.687,0.514,0.402,-1.331,0
site_00,-0.169,0.995,-0.609,0.73,0.117,1
site_07,0.166,1.664,-1.444,-0.744,0.15,1
site_00,-0.008,-0.85,0.453,-0.919,0.31,0
site_00,-1.878,-0.991,-0.139,0.245,-1.518,0
site_03,-0.166,-0.39,-3.168,1.662,-0.301,0
site_00,-0.233,-0.109,1.115,0.585,0.42,1
site_00,-0.514,0.538,0.432,-0.65,0.741,1
site_00,1.496,-0.492,0.944,-0.18,-1.282,1
site_00,-1.231,-1.957,1.186,-0.111,-0.68,1
site_00,-0.435,-0.308,0.557,0.019,0.134,0
site_00,2.012,-0.904,-0.448,-1.862,0.249,1
site_00,0.471,1.226,1.26,1.965,0.628,1
site_00,-0.899,3.092,-0.981,1.38,-1.394,1
site_05,-2.412,0.532,-0.054,-0.707,0.253,0
site_00,1.802,-1.442,3.523,-0.131,0.699,0
site_00,-0.298,-1.577,-2.148,2.226,-0.078,1
site_00,0.65,1.351,-1.404,-1.076,-1.006,0
site_00,-0.064,-1.919,1.209,-1.229,-0.217,1
site_00,-0.597,1.703,-0.845,0.395,0.914,1
site_00,0.475,1.06,-0.504,0.174,0.231,1
site_00,-1.346,-1.028,-0.91,0.844,1.841,1
site_00,-1.448,-0.584,-0.716,-0.136,-0.667,1
site_00,1.103,-0.767,-0.846,-0.717,0.498,1
site_00,-0.384,-0.237,-1.615,-0.3,-0.443,1
site_00,0.686,1.806,0.508,0.529,-0.029,1
site_00,-0.797,-0.141,-2.086,0.003,0.839,1
site_00,0.479,-0.293,0.988,1.454,0.434,1
site_00,-0.018,-0.862,-0.618,0.037,0.061,0
site_00,0.898,0.769,0.541,-0.211,0.765,1
site_00,-0.056,0.464,-2.19,-0.222,0.9,1
site_00,-0.521,0.135,1.735,-1.228,-0.501,1
site_00,0.97,-1.59,0.884,-0.762,-0.666,1
site_02,0.47,-2.02,0.739,-1.985,1.696,0
site_00,-3.313,0.133,-0.2,-0.098,-1.569,1
site_00,1.692,-0.153,-0.487,0.26,0.336,0
site_00,0.467,-0.64,1.886,0.509,0.231,1
site_00,1.159,0.862,1.721,0.686,1.022,1
site_00,-0.685,-0.161,0.235,-0.05,0.115,0
site_00,0.536,0.395,0.526,0.383,0.716,1
site_00,0.506,0.121,-0.145,1.368,0.872,1
site_00,-0.1,1.114,-1.059,0.274,-0.366,1
site_00,0.332,-0.555,0.844,-0.746,0.853,1
site_00,0.202,0.274,-0.069,1.735,0.21,1
site_00,-0.818,-0.826,0.223,-0.537,-0.162,0
site_00,-0.38,-0.165,-0.591,0.519,-0.592,0
site_00,2.942,-1.148,-0.218,-0.555,0.602,1
site_00,-0.631,-0.042,-1.098,-1.821,-0.164,0
site_00,0.12,1.185,0.705,1.476,0.129,1
site_00,-1.377,2.142,-1.345,1.284,-1.416,1
site_00,0.855,0.909,0.167,0.357,0.521,0
site_00,-0.898,0.033,0.786,-1.088,-0.331,1
site_00,1.232,-1.723,0.584,-2.322,0.735,0
site_00,0.276,0.421,0.907,0.752,-0.843,1
site_00,0.164,-0.371,-0.564,-1.173,-0.907,1
site_00,-1.841,-2.548,0.466,-0.047,-0.206,0
site_00,1.136,0.009,-0.705,0.962,2.68,0
site_00,1.197,0.817,-1.339,0.751,1.431,0
site_00,0.66,-0.372,0.382,-0.132,0.753,1
site_03,-0.689,-0.487,0.005,0.899,0.641,0
site_00,-0.028,-0.233,1.425,1.193,1.007,1
site_08,-0.322,0.315,0.42,-0.502,0.049,1
site_00,1.169,-1.658,1.587,-0.038,-0.753,1
site_00,0.411,0.354,0.472,1.981,-0.66,1
site_07,0.281,-1.453,0.966,0.889,0.462,1
site_00,-0.609,0.132,-2.303,-0.851,2.205,0
site_00,-2.282,-1.156,1.166,0.817,0.945,0
site_00,-1.528,1.721,-0.281,-0.206,-0.139,1
site_00,0.424,-1.505,0.119,0.075,1.328,0
site_02,-2.142,0.695,1.036,1.283,2.043,0
site_00,-0.8,-0.797,-0.488,0.672,1.364,0
site_00,0.843,-0.293,-1.377,-0.066,-0.53,0
site_00,0.514,-0.897,0.635,0.947,-0.527,0
site_00,-1.3,-0.492,-1.438,0.345,-0.843,0
site_00,-0.285,-3.477,-0.648,-0.417,-1.317,1
site_00,-0.821,-0.112,-1.006,-0.845,0.295,0
site_00,0.951,0.652,-0.361,1.111,-1.675,1
site_08,-1.963,0.544,0.853,-1.978,0.243,0
site_00,-0.418,-0.805,0.593,-0.923,-0.508,0
site_00,-0.985,2.667,0.382,-0.551,1.157,1
site_07,-1.627,0.476,0.286,1.213,-0.315,0
site_00,1.283,2.367,1.965,-1.186,-1.003,1
site_00,1.0,-0.799,1.254,-0.162,0.497,0
site_00,1.308,0.759,-0.071,0.016,-0.986,1
site_00,-0.156,-0.319,-1.342,-0.334,0.116,0
site_00,0.604,-0.129,0.096,-0.911,-0.184,1
site_00,-0.547,-0.739,-0.611,-1.567,0.497,1
site_00,0.543,-1.075,-0.643,-0.902,-0.752,0
site_00,-1.259,-0.438,-0.695,-0.263,-0.649,0
site_00,-0.943,0.347,0.57,0.078,0.948,0
site_00,-0.352,-1.631,-1.079,2.022,1.108,0
site_00,-0.653,-0.669,-1.075,-0.187,0.232,1
site_00,0.857,0.219,-0.738,-0.289,0.899,0
site_00,1.034,0.738,-0.696,1.039,0.503,0
site_00,1.288,1.385,-0.112,0.606,-0.115,1
site_09,2.054,-0.172,-1.865,0.39,0.059,1
site_00,1.532,0.522,1.338,-1.116,0.073,0
site_00,-0.295,0.42,-0.588,1.423,0.572,1
site_00,-2.225,0.13,0.474,-0.991,-0.481,0
site_00,0.047,0.003,1.836,0.557,-0.288,1
site_01,0.25,0.314,0.269,-1.151,0.134,1
site_00,-1.182,0.295,0.163,-1.029,1.509,0
site_00,-0.947,-0.878,-1.245,1.321,-0.79,1
site_00,0.679,-1.945,0.711,0.92,-0.3,0
site_00,-0.79,-2.113,0.525,-0.317,-0.035,0
site_07,2.083,-1.795,1.401,-0.488,0.452,1
site_00,-0.879,0.767,0.603,-0.424,0.851,1
site_00,0.976,-2.182,0.313,-2.287,-0.454,0
site_00,-0.201,-1.217,0.486,1.181,-1.299,1
site_00,-1.628,1.369,1.786,-1.2,-0.896,0
site_05,-1.779,-0.189,-0.028,0.601,-1.144,0
site_00,1.022,-0.679,0.452,-1.999,-0.6,0
site_00,0.314,0.679,-1.036,1.183,0.359,1
site_00,-0.123,-0.336,-0.272,0.462,0.012,1
site_00,0.926,0.524,1.144,-1.115,1.573,1
site_00,0.435,-0.617,0.487,1.485,0.108,1
site_00,-0.408,-0.167,0.324,-0.424,1.281,0
site_00,-1.035,0.204,0.606,-1.318,-0.685,1
site_00,0.06,-0.211,0.002,0.916,-1.094,1
site_00,-0.159,-0.217,1.226,-0.682,-0.006,0
site_00,0.879,0.818,0.538,-1.734,0.683,0
site_00,-0.113,-0.287,1.425,-1.281,-0.473,0
site_02,1.63,-0.535,-1.3,1.838,0.491,1
site_00,0.533,-0.08,-1.236,-0.028,0.319,1
site_00,-0.088,-0.842,0.621,-0.669,-1.913,1
site_00,0.571,-0.335,-0.258,-2.413,-0.842,0
site_00,-0.367,0.474,1.275,0.769,-1.218,0
site_00,1.798,1.047,0.153,-0.505,-0.183,0
site_00,-0.291,-0.346,0.341,-1.829,-0.466,1
site_00,1.119,-1.449,-0.483,0.134,0.279,1
site_00,-0.244,0.25,1.07,-0.337,-1.054,1
site_00,0.962,-0.526,2.581,-0.523,0.21,0
site_00,0.699,2.269,0.284,0.539,0.871,1
site_00,-0.259,-1.221,0.775,-1.861,0.63,0
site_02,0.173,1.713,-1.758,1.414,-0.182,1
site_00,0.017,0.168,1.437,0.712,-0.482,0
site_00,2.637,-0.641,-0.293,-0.549,1.376,0
site_00,-0.75,-0.18,-0.861,0.1,-0.782,0
site_00,0.4,1.532,-1.178,-0.135,0.581,0
site_00,0.742,0.54,-0.439,-0.109,-0.139,1
site_00,0.284,-1.52,1.138,-0.105,2.225,1
site_00,1.247,-0.846,0.262,0.266,3.446,1
site_00,1.261,0.36,0.865,-0.268,1.226,1
site_00,-0.062,0.683,-0.312,-0.596,0.242,1
site_00,0.355,0.648,0.27,0.579,0.553,0
site_00,0.167,0.315,0.555,-0.697,-0.636,0
site_00,-0.388,0.81,-0.157,0.207,-0.39,1
site_00,0.16,-0.308,1.029,-0.609,-2.465,0
site_00,0.457,1.196,1.925,0.419,-0.394,0
site_00,0.654,0.999,0.505,0.124,0.325,0
site_00,3.384,-1.029,-0.098,0.444,-0.743,1
site_00,0.896,-1.426,0.159,0.809,0.392,0
site_00,-0.083,2.145,0.422,0.48,0.116,0
site_00,-0.35,-1.96,-2.375,1.087,-0.917,0
site_00,1.567,0.234,0.01,-1.21,-0.091,1
site_05,-0.589,0.118,-1.102,-0.386,-1.602,0
site_00,-1.294,1.17,-0.167,0.251,0.343,1
site_01,2.25,-0.296,-0.131,-0.436,0.851,1
site_00,-0.53,0.663,-0.428,0.021,0.697,1
site_02,0.579,-0.272,-2.204,-0.479,-0.303,1
site_00,-2.168,-2.785,0.437,-0.043,-0.419,0
site_00,-0.773,0.019,0.501,-0.059,-0.473,1
site_00,-0.868,0.249,0.201,0.615,-0.899,0
site_00,1.157,0.299,0.708,0.536,1.163,0
site_00,-1.51,0.471,-0.302,-1.367,0.132,0
site_00,-0.51,1.16,1.085,-0.081,-0.29,0
site_00,0.199,0.406,-0.872,-2.095,0.596,1
site_00,-0.005,0.005,0.664,0.402,-1.225,1
site_00,-0.042,1.213,1.059,0.576,2.483,1
site_00,0.709,-0.222,-0.077,-1.169,-0.458,0
site_00,-1.163,-0.006,-1.981,0.814,1.257,1
site_00,-1.153,-0.799,0.634,0.583,-0.308,0
site_00,2.255,1.224,-0.175,-0.192,0.633,1
site_00,2.046,-0.111,-0.783,-0.882,-0.437,1
site_04,0.998,-2.044,-1.036,-1.235,-1.103,1
site_00,0.863,-1.048,-0.371,-0.631,0.57,1
site_00,0.252,1.093,0.447,0.244,0.062,0
site_00,-0.842,-0.909,0.277,0.767,1.018,1
site_00,-1.002,1.936,-0.167,-1.081,-0.973,0
site_00,-0.691,-0.649,-1.523,-0.795,0.556,1
site_00,-1.038,1.515,-0.886,-0.042,0.102,1
site_00,-0.362,0.976,-0.339,0.946,-0.193,1
site_00,-0.797,-0.308,-0.469,-0.026,-2.491,0
site_00,0.256,1.298,-0.352,0.992,-0.773,0
site_00,-2.23,-0.743,0.154,-0.229,0.256,0
site_00,1.505,-0.174,0.324,1.204,-0.929,1
site_00,0.76,1.401,1.121,1.201,0.379,0
site_00,-0.671,-2.229,-0.508,-0.635,1.119,0
site_00,0.37,2.317,2.346,-1.069,-0.391,1
site_05,-0.998,-1.217,-0.269,1.944,1.308,0
site_05,0.733,0.813,-1.011,0.708,1.122,1
site_00,-0.067,-1.734,1.481,0.09,0.921,0
site_00,0.517,0.197,-0.186,0.306,-0.087,0
site_00,0.342,0.637,-0.319,0.451,0.893,1
site_00,0.589,-1.096,0.435,-0.651,-0.871,1
site_00,-2.145,0.687,-0.29,1.745,1.015,0
site_04,1.618,-1.305,-2.553,-0.021,0.614,1
site_04,-0.686,-0.455,0.303,-1.185,-0.242,0
site_00,1.382,0.973,-0.324,0.532,-2.144,0
site_00,-2.231,-1.862,-0.694,0.085,0.154,0
site_09,0.477,-1.108,0.059,0.284,0.888,1
site_00,-0.092,0.376,0.065,-0.832,0.192,1
site_00,0.243,2.0,-0.524,1.83,-0.318,1
site_00,-0.525,1.757,0.971,-1.24,-3.161,0
site_00,2.753,0.884,2.193,-2.286,0.579,0
site_00,-0.162,-0.133,-0.453,-0.977,-1.756,1
site_06,-0.205,-0.609,2.218,-0.457,0.299,0
site_00,-0.727,-0.096,0.556,1.397,1.105,1
site_00,-0.264,0.768,0.576,-0.534,1.691,0
site_00,0.84,1.028,0.429,0.189,-1.59,1
site_04,-0.274,1.191,-0.49,0.723,0.815,0
site_00,-0.829,-0.524,-1.187,0.019,0.023,1
site_00,-1.391,0.833,-0.206,2.486,0.627,0
site_00,0.167,-0.312,-0.056,1.457,1.425,0
site_00,0.016,-2.008,-0.705,1.332,1.249,0
site_00,2.0,0.814,-0.309,1.459,0.714,1
site_00,0.984,0.297,0.284,0.321,-1.239,0
site_00,-0.817,0.68,-0.331,0.147,0.298,1
site_00,0.595,0.189,-0.656,0.871,0.713,1
site_00,-0.224,-0.232,0.992,-1.472,-2.062,1
site_00,1.28,-0.942,-1.215,1.206,0.007,1
site_00,-0.143,0.879,-1.049,-0.174,0.099,0
site_09,-1.342,0.59,-0.755,0.742,0.523,0
site_00,-0.439,1.357,1.452,-1.534,0.234,1
site_00,0.206,-0.507,-1.292,1.98,0.54,0
site_00,1.034,1.368,-0.176,1.67,0.011,1
site_04,-0.452,-0.669,1.075,0.978,1.061,0
site_00,1.985,-0.257,0.509,-1.169,0.838,1
site_00,-0.458,-0.422,0.658,0.425,-0.685,0
site_00,0.86,-1.682,-0.361,1.468,1.605,0
site_00,0.752,1.455,-0.042,-0.725,-0.138,1
site_00,-1.192,0.513,2.155,2.08,-0.539,0
site_00,-0.379,-0.247,-0.281,0.162,0.333,1
site_00,0.149,-0.668,-0.31,-2.331,0.639,1
site_00,0.066,-0.759,-0.807,-0.878,0.111,0
site_00,-0.116,0.182,-0.534,-0.089,-0.448,0
site_00,1.962,0.423,-0.175,-0.842,0.43,1
site_03,-0.942,-0.138,0.084,-0.554,0.36,0
site_00,0.404,0.016,-0.138,-1.075,0.758,0
site_00,0.035,-1.158,-1.359,-0.312,-0.83,0
site_06,1.622,0.788,-2.427,1.014,0.789,1
site_00,-0.102,-0.141,1.434,0.394,-0.748,1
site_00,0.256,0.689,-0.601,1.139,-0.448,1
site_00,-1.054,1.565,1.811,1.393,0.645,0
site_00,1.314,-1.043,-1.419,-0.62,1.755,0
site_00,-2.044,-0.676,-0.987,1.295,1.235,1
site_00,1.619,-0.466,0.046,-0.509,-0.321,1
site_00,-0.976,1.091,-0.696,1.678,0.156,0
site_00,-0.164,0.188,1.115,0.056,-0.976,1
site_00,0.668,-0.763,-1.16,-1.517,-0.2,0
site_00,-1.009,0.146,-0.456,-0.865,-1.264,1
site_00,-1.213,2.227,0.916,-0.81,1.791,1
site_00,1.616,-1.402,0.293,0.296,1.207,1
site_00,-0.345,-0.676,-0.593,-0.49,-0.901,1
site_00,0.074,-0.455,-1.09,0.859,1.04,0
site_08,-0.054,-0.441,-2.305,2.011,-0.414,1
site_00,-0.899,-1.378,-0.46,0.225,0.989,0
site_00,-0.133,0.778,-0.855,-0.958,-0.541,1
site_00,0.606,-0.17,-0.046,0.076,-1.235,1
site_00,2.18,0.199,-0.458,-1.636,-0.092,1
site_00,-0.715,-0.217,0.42,-0.985,2.287,1
site_00,0.506,-1.005,-2.374,0.738,1.72,1
site_00,2.048,-0.573,-0.612,1.267,-0.035,0
site_00,0.18,0.047,0.395,-0.771,-0.055,1
site_00,2.141,1.179,-1.01,-0.393,1.854,1
site_00,-0.667,-0.603,0.436,0.944,0.023,0
site_00,0.665,0.008,-0.675,0.437,1.159,1
site_00,-0.779,-2.36,-0.449,-0.263,-1.948,0
site_00,-0.418,0.679,-0.35,1.892,0.018,1
site_00,1.788,0.266,0.327,0.242,-0.39,1
site_00,-0.277,-2.384,-0.078,0.432,-2.368,1
site_00,0.138,-0.397,-0.657,0.263,0.129,1
site_00,1.291,-1.06,0.131,-0.745,-0.592,1
site_00,-0.273,-0.985,-2.894,0.05,-0.077,1
site_00,-0.736,-0.904,0.463,0.927,1.456,0
site_00,1.135,-1.069,-0.08,1.029,-0.433,1
site_00,0.889,0.555,0.198,1.051,1.133,1
site_00,-0.943,0.829,-0.163,0.588,-0.173,0
site_00,-1.059,0.015,0.467,-0.514,-1.658,1
site_00,-1.685,0.474,0.027,-0.096,1.016,1
site_00,-0.017,-0.291,-1.171,-0.061,0.154,1
site_00,0.117,0.215,1.44,-1.037,0.04,0
site_09,1.142,1.691,-1.655,-0.089,-0.33,1
site_00,-0.803,1.268,0.04,-1.574,0.333,1
site_00,-0.655,0.256,-0.935,-0.125,0.286,0
site_04,-0.086,0.126,1.055,-1.921,-0.418,0
site_00,-1.475,1.638,1.363,-1.67,-0.458,1
site_00,-0.42,-0.022,1.216,-0.508,-0.638,0
site_00,-0.372,0.238,0.854,1.846,0.933,1
site_06,-1.58,0.086,-2.789,-0.438,-1.042,0
site_00,-0.59,0.109,-1.187,1.398,0.838,0
site_00,0.727,-0.327,0.753,-0.032,0.441,0
site_00,-0.382,-1.034,-0.167,0.673,0.358,1
site_00,-0.821,1.771,-0.595,-0.412,1.171,1
site_00,1.059,1.08,-1.68,-1.372,-0.197,1
site_00,0.612,1.548,0.374,0.18,-0.501,0
site_01,0.198,-0.631,1.528,0.753,-2.241,0
site_00,0.538,-0.855,0.168,0.733,0.64,1
site_00,0.531,0.141,-0.304,-0.919,0.462,0
site_00,0.86,-0.755,-0.702,0.142,0.884,0
site_00,-0.096,-0.469,-1.583,-0.058,1.187,0
site_00,-0.111,0.348,1.561,-0.623,1.506,1
site_00,1.235,1.431,-0.891,0.179,-0.095,1
site_00,-1.694,-0.85,1.382,0.573,-0.753,0
site_05,-0.172,1.73,0.683,-1.697,1.694,1
site_00,-0.686,0.293,-0.965,-1.168,-0.107,0
site_00,0.775,2.133,-0.854,-0.406,0.374,0
site_00,0.445,-1.305,-1.186,-0.886,0.607,0
site_00,0.646,-0.644,0.655,-0.114,0.658,0
site_00,-0.579,-0.297,1.02,0.114,1.338,0
site_00,0.275,0.085,-0.209,-1.951,-0.496,0
site_00,0.815,1.627,-0.068,0.244,-2.015,1
site_00,-0.395,-1.292,1.086,0.028,1.764,1
site_00,-1.123,0.156,-1.341,-0.317,-0.201,1
site_00,0.33,1.91,-0.432,-0.447,-2.324,0
site_00,-0.102,-0.24,1.609,-0.917,0.301,1
site_00,0.386,0.355,-0.601,0.194,-0.685,1
site_00,0.707,-0.285,-0.673,-0.976,-0.486,1
site_00,0.723,-0.033,-1.85,-1.672,0.256,0
site_00,-0.074,0.211,-0.638,1.243,-0.227,0
site_00,-0.676,-0.608,0.832,-0.843,-2.612,0
site_00,0.743,-1.264,-1.634,-1.069,-0.053,1
site_00,1.115,-0.828,0.714,0.779,-1.162,1
site_02,0.05,-0.582,-0.711,0.219,-1.255,0
site_01,1.55,-0.06,0.3,-0.495,0.245,1
site_00,0.002,1.0,-0.503,2.103,-1.487,0
site_00,-1.971,1.477,-0.459,0.399,-0.543,0
site_01,0.476,-1.014,-0.948,-1.155,0.238,0
site_00,-0.816,1.325,-0.429,-0.714,2.247,1
site_00,-1.514,0.316,-1.449,-0.505,0.025,1
site_00,0.178,0.267,-0.669,1.343,-0.112,1
site_00,0.599,1.315,-0.131,0.083,0.353,1
site_00,0.302,0.775,0.803,-1.464,-0.819,0
site_00,0.231,-0.652,0.249,0.785,0.122,1
site_00,-0.447,1.631,0.283,0.422,-1.204,0
site_00,-2.131,0.548,-0.268,-0.473,2.011,0
site_00,-2.535,-1.38,0.753,0.813,-0.628,0
site_00,0.987,0.434,-0.304,0.776,-0.296,1
site_02,0.626,0.068,1.395,-0.404,-1.325,1
site_00,0.771,-0.636,-1.365,0.013,0.554,0
site_00,-0.106,-0.302,-0.196,2.101,0.068,0
site_00,-1.403,0.254,-1.569,1.078,-2.172,1
site_00,-1.485,0.575,1.328,0.222,2.352,0
site_00,0.67,-1.105,1.538,0.932,-0.948,0
site_01,-1.203,-0.957,-0.19,-0.543,-0.426,0
site_00,-0.986,-1.44,-1.058,-0.82,0.002,1
site_00,-0.462,-2.615,1.057,1.226,-0.428,0
site_00,0.817,1.252,0.423,-1.703,0.962,1
site_00,-2.009,-0.291,0.072,2.768,-1.115,0
site_00,1.809,0.011,0.553,-0.543,0.43,0
site_00,0.479,0.272,-1.076,-0.694,1.185,1
site_00,-0.703,0.821,1.18,-1.217,-0.42,0
site_00,0.129,-0.634,1.355,-0.193,-0.567,0
site_00,0.353,0.017,0.79,-1.667,1.531,0
site_00,1.233,-0.647,1.479,0.49,-0.97,1
site_00,0.549,0.74,0.749,0.436,-1.825,0
site_00,2.503,-0.122,-0.12,-1.943,0.78,0
site_00,0.535,-0.114,-0.273,0.368,-0.597,1
site_00,-1.066,-0.031,-0.05,0.634,0.238,1
site_00,1.905,1.424,-0.293,-0.76,-0.526,1
site_00,-1.023,-1.781,0.895,0.8,-2.074,1
site_00,-0.327,0.173,0.333,-0.421,0.22,1
site_00,-0.891,-0.156,-0.384,1.848,0.412,1
site_00,-0.087,0.322,0.382,-0.121,0.651,1
site_00,0.55,0.157,-0.314,-1.803,0.716,1
site_00,0.279,0.224,1.093,0.24,-0.266,1
site_00,0.249,-0.677,-1.272,0.952,1.034,0
site_03,-0.545,0.324,1.086,-1.65,0.396,0
site_00,2.118,-0.42,0.475,-0.399,1.429,0
site_00,-0.089,-1.456,0.606,0.723,-1.094,1
site_00,-0.443,-0.695,-0.711,-0.64,-2.335,0
site_00,-0.015,0.759,-0.246,1.481,0.859,0
site_09,-0.828,-0.022,1.119,-0.611,-1.277,0
site_06,-1.156,0.189,0.197,-1.848,0.442,0
site_00,0.589,-2.238,1.173,-0.894,-0.115,1
site_00,0.235,1.445,-0.962,-0.756,-0.603,0
site_00,-0.937,-1.523,-0.366,-0.07,0.89,0
site_00,-1.546,-0.233,-0.566,1.429,-1.218,0
site_00,0.345,0.251,-0.505,-1.276,-0.027,1
site_00,-0.327,1.555,-0.035,0.517,-2.174,1
site_00,-0.846,-2.795,-0.802,-0.111,0.954,0
site_00,-0.765,0.645,-0.707,2.313,0.455,0
site_00,-1.054,-0.902,-0.716,-1.982,-0.787,0
site_00,2.307,0.722,-0.526,-0.918,-0.311,0
site_00,-0.43,-0.713,0.116,-0.9,-0.391,0
site_04,-1.033,0.098,0.351,1.04,0.555,0
site_00,-0.886,1.118,1.489,-0.819,0.411,0
site_00,-0.648,-0.769,-1.512,-0.624,0.127,0
site_00,-0.564,-1.7,1.014,-0.413,0.127,0
site_00,1.401,0.776,-0.1,-0.441,1.402,1
site_00,1.63,0.226,-0.748,-0.618,-1.003,0
site_00,0.479,0.093,0.306,-1.168,-0.233,0
site_00,0.264,-0.814,0.003,1.525,-1.254,0
site_00,0.736,1.18,-0.429,-0.727,-0.869,1
site_00,-0.1,-0.707,0.236,0.394,-0.093,1
site_00,-0.12,0.617,-0.709,-0.385,0.788,1
site_00,0.167,-1.313,-1.249,1.297,0.686,0
site_00,1.384,0.181,0.371,0.885,-0.355,1
site_00,-1.059,-0.313,0.249,-0.716,0.546,1
site_00,0.219,0.169,-0.498,0.538,-0.311,0
site_00,0.208,0.394,-0.249,0.343,0.421,0
site_09,-1.338,-0.402,1.716,-0.152,0.919,0
site_00,2.193,0.647,1.897,-1.052,1.383,0
site_00,-0.713,1.738,-0.453,0.071,0.048,1
site_00,1.665,-1.91,-0.767,-0.327,0.698,1
site_00,-2.102,1.196,1.301,0.994,1.686,1
site_03,-0.487,-0.422,0.623,1.008,-0.091,0
site_00,-0.851,-0.535,-1.239,-0.484,0.651,1
site_00,2.55,-2.287,2.917,-0.735,1.591,0
site_00,-0.323,0.52,-1.311,-1.935,-0.996,1
site_00,-0.425,0.323,-0.76,1.708,0.315,1
site_00,0.528,-0.541,1.832,0.683,-0.926,0
site_00,-0.75,1.595,-2.156,0.314,0.483,1
site_00,0.502,1.528,0.464,-0.205,0.345,1
site_00,-1.292,-0.865,0.93,1.038,0.921,1
site_00,0.378,-0.08,-1.17,0.893,-1.132,0
site_00,0.914,1.291,0.299,-1.073,-1.594,1
site_00,0.162,0.013,-0.16,0.888,-0.793,1
site_00,0.812,0.948,-0.239,-0.015,-0.5,1
site_00,0.53,1.512,-0.718,-0.214,0.264,0
site_00,-0.644,-0.882,-0.088,-0.048,-0.423,0
site_00,0.413,0.239,-0.471,-0.399,-0.903,1
site_00,0.259,0.614,1.394,-1.595,-0.76,1
site_00,-0.912,0.914,-1.205,-1.21,-1.124,1
site_00,-1.452,-0.052,2.236,0.491,1.119,1
site_00,-3.199,-0.151,1.243,0.795,0.808,0
site_00,0.542,1.239,-0.391,-2.463,-0.127,1
site_07,0.748,-1.121,0.346,-0.642,1.503,1
site_00,0.072,-1.616,1.619,-0.41,0.814,1
site_00,-1.684,2.789,0.416,-0.397,-0.84,1
site_00,1.718,0.584,-2.412,0.242,0.208,1
site_03,-0.141,-1.21,0.807,0.565,0.47,0
site_00,0.492,-0.078,-0.028,0.29,-0.02,1
site_00,-0.258,1.218,-0.856,-0.363,-1.817,1
site_00,0.465,0.212,0.857,-0.126,-1.872,1
site_00,-0.34,1.438,-0.664,-0.455,1.043,0
site_00,-0.128,-0.021,-0.279,0.3,0.365,1
site_00,0.428,1.121,-0.778,0.822,-1.636,0
site_00,-0.811,-1.968,-1.247,-0.449,1.74,0
site_07,0.207,-1.211,-0.387,-0.923,-0.397,1
site_00,1.428,-2.321,-0.036,-0.201,-2.075,1
site_00,0.816,-1.055,0.038,0.015,-0.525,0
site_00,0.036,0.607,-1.215,-0.569,-0.386,1
site_00,-0.541,0.168,0.144,0.049,1.097,0
site_00,0.696,0.195,0.096,0.82,-1.47,0
site_00,0.496,-1.493,0.699,0.656,0.33,1
site_00,0.236,-0.154,-1.133,0.585,2.003,1
site_00,1.038,0.347,0.776,0.796,0.935,1
site_00,0.059,1.854,0.564,-0.395,-1.395,0
site_00,-0.522,-2.472,-0.722,-1.337,0.021,0
site_00,-1.454,-0.014,-0.517,-0.34,1.71,1
site_00,-1.504,-0.398,0.093,-0.216,-0.365,0
site_00,-1.301,-1.01,0.046,-0.627,0.725,1
site_00,0.633,0.093,0.833,0.415,1.546,1
site_00,0.483,0.845,0.586,-0.407,0.705,1
site_00,-1.883,-0.819,-1.019,-1.322,0.071,1
site_00,-0.793,-0.814,-0.473,-0.38,1.014,1
site_00,0.341,-1.352,0.489,0.608,1.951,0
site_00,-1.911,0.24,0.184,-0.891,-0.357,0
site_00,2.116,0.501,0.024,-0.419,-2.299,1
site_00,-1.743,1.112,0.878,-1.077,1.299,0
site_00,0.072,1.287,0.641,-1.705,-0.559,0
site_00,-0.071,1.234,-1.315,-0.039,0.731,0
site_00,-0.019,1.481,-1.305,-0.731,0.181,1
site_00,1.631,0.123,0.348,0.67,-0.087,0
site_00,-0.337,0.462,-0.386,1.105,0.957,1
site_00,-0.883,1.106,-1.534,0.34,-0.249,0
site_00,0.183,-0.386,-0.04,-1.359,1.862,1
site_00,-0.375,0.293,0.919,-0.246,-1.606,1
site_06,0.175,-0.245,-0.339,-0.878,-2.221,1
site_00,0.29,0.237,1.896,1.56,-0.569,0
site_00,0.046,1.383,-0.246,0.2,1.8,0
site_00,-0.881,-1.109,-0.234,0.342,1.3,1
site_00,-0.126,1.106,-0.341,-0.528,0.119,0
site_00,-1.315,-0.844,1.44,-1.848,2.039,0
site_00,0.148,1.286,0.418,1.133,-1.015,1
site_00,-1.075,0.456,-1.361,-0.167,0.282,1
site_00,0.82,2.142,0.814,-1.392,0.093,1
site_00,1.713,0.864,-0.102,-1.123,1.101,1
site_00,0.668,0.079,0.491,0.253,1.425,0
site_00,0.01,0.129,2.075,-1.322,0.31,0
site_00,-2.064,-1.36,0.34,-0.631,-0.182,0
site_00,-0.407,1.075,0.221,0.639,1.895,1
site_00,0.455,-0.721,0.173,0.675,-0.473,1
site_00,0.684,-1.526,0.887,-0.444,1.052,0
site_00,2.362,2.605,-1.303,1.941,1.796,1
site_00,0.484,-1.599,0.16,-0.865,0.833,0
site_00,-0.105,0.324,0.213,0.115,-0.673,1
site_00,0.222,-1.84,-1.714,0.021,1.143,1
site_00,1.214,0.504,0.178,0.076,-2.056,0
site_00,0.931,-0.409,-0.637,-1.968,0.083,1
site_00,-2.014,-0.47,1.049,0.434,1.307,0
site_00,0.113,0.797,0.825,0.311,-1.109,0
site_09,-2.102,-1.141,0.944,-0.46,2.003,0
site_00,-0.449,0.399,0.129,0.884,0.851,1
site_00,0.958,1.398,-0.048,1.313,0.166,0
site_09,-0.302,0.997,-1.712,1.582,0.703,1
site_01,-0.163,0.081,-0.137,-0.142,1.612,0
site_00,0.528,1.766,0.938,-0.668,-0.34,1
site_00,0.743,-0.431,3.253,1.047,0.477,1
site_00,-0.819,0.49,1.884,-0.067,0.067,1
site_02,-2.234,1.158,-0.6,-0.302,-1.194,0
site_00,-1.906,0.009,-0.253,1.058,0.682,0
site_00,1.179,-0.575,0.837,0.485,0.395,0
site_00,0.506,1.121,0.183,0.791,0.051,0
site_00,-1.703,-0.508,0.099,1.38,-2.303,1
site_00,0.956,-0.411,-0.468,0.195,-0.206,1
site_00,-0.506,-0.082,2.055,2.179,-0.855,0
site_00,-0.148,-0.843,-0.057,-0.959,0.844,1
site_05,0.348,1.272,-0.049,-0.436,-0.807,1
site_00,-0.111,1.132,-0.314,0.663,0.294,0
site_00,-0.146,0.781,0.47,-1.865,-0.072,1
site_00,-0.473,-1.276,-1.513,1.14,-0.203,0
site_00,2.371,-1.523,0.033,-0.555,-1.438,0
site_00,-1.264,-0.303,-2.442,3.333,0.721,1
site_00,-1.055,0.095,-0.201,0.382,0.135,1
site_00,0.314,0.773,1.184,-1.214,1.329,1
site_00,-0.079,-0.952,-1.214,-0.111,2.271,1
site_00,0.338,-0.515,-3.394,1.0,0.477,0
site_03,-0.397,1.602,1.341,-0.364,-0.458,0
site_00,0.422,0.405,0.811,1.585,1.323,1
site_00,-2.818,0.287,1.236,-0.604,-3.035,1
site_00,0.281,1.035,-0.305,0.307,0.12,1
site_00,1.25,1.543,0.444,-2.271,-1.551,1
site_00,0.157,0.318,2.0,1.804,1.393,0
site_00,-0.502,-0.51,0.702,1.044,-0.857,0
site_00,-0.126,0.01,-0.221,1.787,0.944,1
site_00,2.233,0.532,-1.111,0.056,-0.028,1
site_00,-1.28,1.699,-0.617,-1.606,-1.334,1
site_00,-0.022,0.236,0.133,-0.231,0.114,0
site_00,-0.567,-0.956,-0.599,0.908,0.409,1
site_00,-0.013,-0.563,-0.406,0.062,0.477,0
site_00,-0.37,2.401,-2.23,1.059,0.382,1
site_00,-1.523,-0.206,1.627,0.3,0.432,0
site_00,0.594,0.328,0.536,-0.107,-0.441,0
site_00,-0.381,1.941,-1.648,-2.188,0.515,1
site_00,-0.486,-0.848,0.459,0.037,0.135,1
site_00,-1.479,0.692,-0.383,-0.818,0.398,0
site_00,-1.346,-0.052,-0.632,1.085,-0.306,0
site_00,1.264,-0.042,0.928,1.997,-0.259,1
site_00,0.937,-0.178,0.396,-0.637,0.288,0
site_00,0.409,-0.071,2.025,-1.204,-0.318,0
site_00,2.075,-0.389,-1.054,1.435,0.247,0
site_00,0.492,1.457,0.316,0.158,0.969,1
site_00,1.087,1.926,-0.154,1.003,1.936,1
site_00,0.67,1.335,-0.536,-1.322,1.502,0
site_00,0.473,-0.367,-0.894,0.399,-1.521,1
site_00,0.395,0.461,2.036,0.168,-0.413,1
site_00,-1.635,-0.394,-1.172,-1.86,-0.045,1
site_02,1.574,0.001,0.526,-1.022,0.163,1
site_00,-2.133,1.135,0.053,-0.868,-0.71,1
site_00,-1.471,-0.143,0.587,-1.901,-0.342,1
site_00,-0.543,0.061,0.043,-0.3,0.799,0
site_01,-1.414,-1.177,-1.432,1.43,-2.949,0
site_00,-0.16,-0.691,0.535,1.593,0.068,0
site_00,1.903,-2.321,-1.252,0.334,1.021,0
site_00,-1.385,0.049,-1.532,-0.105,-1.305,0
site_00,0.472,-1.233,1.168,-0.368,-0.704,0
site_05,0.999,-0.667,0.24,0.61,0.072,1
site_02,-0.769,-1.122,0.953,1.324,1.054,0
site_00,-0.07,1.997,-0.341,-0.034,1.642,0
site_08,-0.357,0.807,-1.608,1.453,-0.545,1
site_00,0.12,0.411,-0.338,-0.235,1.127,0
site_00,0.204,0.261,-0.449,-1.488,0.522,1
site_00,0.127,1.792,0.008,-0.595,0.253,0
site_00,0.359,-0.919,-0.442,0.897,-0.101,0
site_00,0.623,-0.252,-0.936,0.246,-0.004,0
site_00,0.539,-0.678,0.781,0.616,0.67,0
site_00,1.252,-1.302,0.186,0.658,1.463,0
site_00,-0.651,-0.377,1.585,0.963,-0.343,0
site_00,-0.327,0.678,-0.864,-0.095,-1.485,1
site_03,-0.759,1.924,2.332,0.182,-0.204,0
site_00,-0.637,2.235,-0.267,1.092,-1.566,1
site_00,-0.266,0.192,-2.583,-1.865,1.438,0
site_00,-0.973,0.062,-0.717,0.451,0.959,0
site_00,0.09,0.47,-0.575,0.249,-0.047,1
site_00,0.253,-0.4,0.531,0.736,-0.51,1
site_00,-1.443,0.324,0.74,0.474,0.435,0
site_00,0.256,-0.268,-1.191,0.189,0.157,0
site_00,-1.078,1.256,1.117,-1.165,0.103,1
site_00,-1.683,0.953,0.698,0.152,-0.549,0
site_00,0.705,-1.267,-0.386,0.338,0.136,1
site_00,-1.172,1.574,-0.006,0.529,0.018,1
site_00,-0.219,-0.148,-0.934,-2.282,-0.611,1
site_00,0.34,0.135,0.873,-1.281,1.326,0
site_00,1.886,1.491,-0.363,-1.761,1.004,1
site_00,0.346,-1.76,0.032,-0.882,1.076,0
site_05,1.005,-0.288,0.394,0.53,1.003,1
site_00,1.917,0.151,-1.321,0.192,-0.095,1
site_01,-1.483,0.266,0.458,0.002,1.372,0
site_00,0.541,-0.589,0.428,1.056,0.14,0
site_00,-2.409,2.089,-0.354,0.647,0.919,0
site_00,0.021,-1.121,-0.519,1.265,-0.703,1
site_00,0.379,2.159,1.024,-2.011,1.162,1
site_00,-0.011,-0.717,0.993,0.374,-1.449,0
site_00,1.575,-1.478,-2.423,0.888,0.769,1
site_00,-0.402,-0.712,-1.692,0.076,-0.318,1
site_07,0.188,-1.125,-0.104,-0.013,-0.378,0
site_00,1.388,-0.268,0.051,-0.797,-0.64,1
site_00,-0.636,0.366,0.914,-0.907,0.756,1
site_00,1.111,0.422,0.429,1.134,1.913,0
site_00,0.289,-0.051,-1.313,0.203,-0.943,1
site_00,1.51,-0.023,-0.371,-0.038,0.893,1
site_05,0.897,-0.804,-0.004,-0.118,-0.832,1
site_00,-0.596,1.263,-0.838,0.119,1.782,1
site_00,-0.074,0.655,1.99,-0.494,-0.552,0
site_00,0.57,-0.33,0.44,-0.192,-1.159,1
site_00,-1.39,-0.015,1.291,1.425,0.274,1
site_00,-0.032,0.532,1.556,-1.206,1.055,1
site_00,0.029,-0.602,-0.099,-0.209,-1.507,0
site_00,1.061,1.863,1.101,0.727,1.586,0
site_00,-0.791,-1.492,-0.075,-0.569,0.565,0
site_00,0.575,-1.211,0.781,-1.273,-0.032,0
site_00,-0.127,0.708,1.32,-0.575,-1.147,1
site_00,-0.244,-0.073,0.87,-0.192,-0.845,1
site_00,0.447,-1.372,-1.655,0.277,-0.34,0
site_00,-0.038,1.339,-0.215,-1.417,0.068,0
site_00,0.01,-0.801,2.393,0.215,-1.204,0
site_00,0.403,0.403,1.587,0.807,0.11,1
site_00,-0.029,2.427,1.585,-1.42,-0.55,0
site_00,-0.739,0.307,0.87,0.275,-0.337,0
site_07,-1.128,0.824,0.106,-0.534,0.527,0
site_00,-2.003,0.953,0.571,0.073,0.572,1
site_00,0.054,1.776,0.692,1.247,-2.04,0
site_00,0.269,0.505,1.272,0.717,-0.617,0
site_00,0.341,0.185,-0.201,0.05,-0.604,1
site_00,-0.297,-0.069,-1.038,0.055,0.26,0
site_00,-0.951,-0.608,-0.727,-0.726,-0.648,0
site_00,0.785,-0.251,-1.167,-0.483,0.595,1
site_00,-0.235,1.442,-0.807,1.01,1.543,0
site_00,-2.485,-1.312,-0.503,-0.527,0.193,1
site_00,0.726,-0.245,0.239,1.403,0.898,0
site_00,-0.385,0.407,-1.036,-2.01,-0.546,0
site_00,1.081,-0.975,-0.14,0.901,0.598,1
site_00,0.4,-0.298,-0.313,-0.112,-2.502,1
site_00,0.621,1.044,-0.123,0.427,0.882,1
site_00,-0.174,-0.872,-1.698,1.602,-0.878,0
site_00,-1.139,0.615,0.153,0.196,1.935,0
site_02,0.767,1.261,-0.753,-1.817,-0.35,1
site_00,-0.695,-0.33,-0.102,-1.428,-0.578,1
site_00,0.497,-0.927,0.796,0.637,-0.097,1
site_00,1.249,0.298,0.223,1.724,0.239,1
site_00,0.621,1.293,-2.619,-0.472,-1.252,0
site_00,-0.131,-0.377,0.346,-0.773,-0.626,0
site_00,1.593,-0.279,0.032,0.684,-2.014,0
site_00,0.877,1.86,-0.027,1.156,-1.499,0
site_00,-0.996,2.531,-0.006,-0.207,1.322,1
site_00,-0.352,-1.096,0.828,-1.484,-0.021,0
site_00,0.215,0.378,-1.272,-1.689,0.473,1
site_00,-1.246,0.088,0.852,-0.055,0.568,0
site_00,-0.726,-0.387,1.199,-1.975,-0.833,0
site_02,-0.358,-2.352,-0.511,-0.285,0.592,0
site_00,1.32,2.29,0.741,-0.657,-0.834,0
site_00,-0.964,0.408,-0.078,-0.808,1.116,0
site_00,-0.167,-0.942,0.477,1.019,0.292,0
site_00,1.653,0.595,-1.085,1.665,1.615,0
site_00,0.093,-1.841,1.023,0.156,1.694,1
site_00,-0.886,-0.815,-1.573,-0.522,-0.424,0
site_00,0.191,-0.378,-0.828,0.658,-0.275,1
site_00,-2.786,-1.311,0.317,0.289,-0.481,0
site_00,-0.591,-0.864,-0.25,0.021,-0.523,0
site_00,-0.203,0.49,-0.126,-1.201,-0.216,0
site_06,0.882,-0.464,0.45,-0.876,-1.27,1
site_00,-0.745,-0.051,-0.292,2.232,0.624,0
site_00,-1.837,0.524,0.35,-0.424,0.018,0
site_00,-0.436,0.078,1.585,3.08,0.728,0
site_00,1.73,1.104,0.217,-0.51,-0.294,1
site_06,-1.07,0.397,-0.258,1.145,-0.169,0
site_00,-1.26,1.492,1.454,1.54,-1.348,1
site_03,-0.162,-0.053,0.39,-0.206,1.761,0
site_00,1.151,1.931,0.967,0.661,0.721,0
site_00,0.106,0.775,-0.442,-1.017,-0.582,0
site_00,-0.029,-1.498,0.203,-1.673,0.057,0
site_00,-2.292,-1.629,0.628,2.153,0.585,0
site_00,-0.275,0.955,-0.778,0.085,-0.691,1
site_00,1.011,-1.198,-1.843,0.224,-0.225,1
site_00,0.037,0.643,0.279,-0.631,-1.267,0
site_00,0.046,0.254,2.391,1.329,-0.935,0
site_00,-0.667,0.993,0.809,1.261,-1.017,1
site_08,-1.28,-0.061,0.696,0.909,-0.373,0
site_00,-0.136,-0.612,0.416,-1.178,-0.392,1
site_00,-1.043,-0.465,-1.832,-1.659,-0.211,1
site_00,-0.947,-1.69,1.679,0.438,0.109,0
site_00,0.445,-1.723,1.191,0.104,-0.643,1
site_00,1.033,0.081,1.643,0.761,-0.767,1
site_00,-0.356,0.076,-1.25,1.137,1.945,0
site_00,2.083,-1.021,0.755,-1.876,1.323,1
site_00,0.365,1.318,-0.924,-0.333,0.512,1
site_00,0.179,-1.05,-0.057,-0.963,-0.989,0
site_00,-0.374,0.116,0.233,-0.176,1.697,1
site_00,-1.1,-0.052,-1.15,-1.152,0.111,1
site_00,-0.184,2.039,-0.451,-0.137,-0.328,0
site_00,-1.593,2.181,-1.468,1.823,-0.928,0
site_00,0.516,1.208,-1.549,1.31,-0.621,1
site_00,-1.697,0.339,0.347,-0.256,-0.954,0
site_00,-1.338,0.203,-1.592,-0.935,-0.933,0
site_00,1.919,-0.503,-1.544,0.169,1.364,1
site_00,0.272,-0.075,1.251,1.101,0.863,1
site_00,-0.072,-0.94,1.701,1.805,0.211,1
site_00,0.526,0.888,-0.245,1.096,0.415,1
site_00,-0.66,0.787,-1.072,-0.543,0.778,1
site_00,0.731,0.79,0.466,0.62,1.906,1
site_00,0.04,1.191,-0.085,0.584,-0.316,1
site_00,1.308,-1.961,-0.233,-0.634,-0.74,1
site_00,-1.761,-0.703,1.481,0.758,-1.026,0
site_00,0.789,0.698,-1.797,-0.137,0.083,0
site_08,1.047,0.7,-0.534,-0.845,0.098,1
site_00,-0.237,-0.579,3.226,-0.02,0.537,1
site_00,-0.626,0.257,-0.331,0.581,-1.535,1
site_00,0.019,-1.723,1.333,-0.636,-1.912,1
site_00,0.069,2.408,-0.503,-0.09,0.502,1
site_00,-0.35,-1.016,-0.871,0.278,-0.348,0
site_00,1.722,0.267,-0.751,1.069,0.788,1
site_00,-0.372,-1.9,0.79,-0.175,-1.476,0
site_00,0.077,-0.968,-0.257,-0.825,-0.248,0
site_00,0.421,0.701,1.393,1.891,-1.197,1
site_00,0.967,0.402,-1.226,-0.803,0.127,0
site_00,-0.405,0.582,0.719,-1.195,1.26,0
site_00,0.436,0.791,-0.636,0.431,0.172,1
site_00,0.17,-0.464,-0.05,0.425,-0.279,0
site_00,0.665,-0.072,0.374,3.562,0.172,0
site_00,2.788,0.272,-0.541,-0.368,-0.649,0
site_00,0.633,-0.322,-0.302,1.839,-0.365,0
site_00,0.532,-1.059,-0.904,0.377,-0.59,1
site_00,0.66,1.012,-2.476,1.334,0.89,1
site_00,0.039,0.636,0.412,0.623,0.265,1
site_07,0.566,0.522,0.241,0.212,-1.524,1
site_00,-1.331,-0.945,0.46,-0.049,-0.171,1
site_00,-0.043,1.541,-1.747,-0.41,-0.89,0
site_00,1.707,-0.621,-0.684,0.322,-0.253,1
site_00,1.214,-0.068,-1.593,0.978,-0.028,0
site_00,-1.738,-0.024,-1.191,-0.57,0.159,0
site_00,1.372,1.829,1.623,1.082,1.068,0
site_00,-0.447,0.926,-0.495,-1.932,-1.396,1
site_09,0.977,-1.117,-1.959,0.564,-0.117,1
site_00,1.097,0.34,-1.063,-0.296,-0.57,1
site_00,-1.4,0.514,0.838,-0.415,-0.161,1
site_00,-1.387,-0.428,0.848,0.298,-1.331,1
site_00,0.517,-0.919,-1.622,-1.193,-0.342,1
site_00,0.536,-0.096,-1.473,0.311,-0.76,1
site_00,0.618,2.08,0.574,-0.253,0.028,1
site_00,0.146,-1.237,-0.218,0.411,0.818,0
site_00,0.143,0.562,-0.042,0.852,1.502,0
site_00,0.487,-0.221,0.674,0.708,1.292,1
site_00,-1.194,0.349,0.314,0.732,0.647,1
site_00,-1.518,-0.621,-0.125,-0.386,0.78,0
site_00,0.379,-1.783,-0.953,1.083,0.044,1
site_00,0.545,-0.237,-0.381,0.534,1.362,1
site_05,0.78,0.486,1.466,0.849,1.81,1
site_06,0.129,0.437,-1.777,-0.059,0.835,1
site_00,-0.348,-0.466,0.931,1.599,-0.395,1
site_00,0.067,-1.13,0.394,-1.171,-0.384,0
site_00,-0.454,0.914,-0.618,0.614,-0.068,1
site_00,-0.238,-0.584,0.279,0.946,0.143,1
site_05,0.451,0.06,1.387,-0.766,-1.413,1
site_00,1.239,-1.2,0.34,0.499,0.502,1
site_00,-0.502,-0.038,0.014,1.561,-1.282,1
site_00,-0.962,0.13,0.369,-0.073,1.146,1
site_00,-0.385,1.714,-1.026,0.691,-1.699,0
site_00,0.191,-1.343,0.751,0.027,2.274,0
site_00,-0.021,1.652,-1.729,-2.245,-0.271,0
site_03,-1.952,-0.247,-0.259,-0.785,0.085,0
site_06,0.068,-0.107,0.868,-0.764,2.468,1
site_00,0.02,-1.321,0.789,1.858,1.87,1
site_00,-1.847,-0.207,-0.146,1.388,0.235,0
site_00,-0.727,0.917,-0.297,1.56,1.923,0
site_00,1.058,-0.079,1.359,-0.571,0.68,1
site_00,0.384,-1.713,-1.235,0.805,-0.496,1
site_00,-1.784,0.73,0.145,-0.196,1.401,1
site_00,-0.064,-0.733,-0.192,0.981,1.212,0
site_00,0.092,-0.826,-0.118,-0.628,1.377,1
site_00,0.627,-1.641,0.706,0.512,1.131,0
site_00,1.344,-0.597,-0.852,-1.177,-0.805,0
site_01,0.646,-0.413,0.713,0.874,0.426,1
site_00,-0.239,-0.199,-2.102,0.595,-0.964,1
site_00,1.375,0.305,0.28,0.351,0.788,0
site_00,-0.621,0.503,-1.002,0.861,-1.129,0
site_00,-0.674,1.473,0.881,0.124,-0.242,1
site_00,-1.073,0.928,0.419,0.676,-0.495,0
site_00,-0.686,-0.817,-1.007,-0.514,0.424,0
site_00,-0.446,0.43,-0.327,-0.345,-0.782,1
site_00,0.378,-1.222,1.33,1.14,0.21,1
site_00,-1.326,-0.928,-1.032,-0.754,0.948,0
site_08,0.303,0.461,1.157,0.938,0.342,0
site_00,-0.084,-0.438,-0.33,0.839,-1.16,0
site_00,-0.2,2.113,1.245,-0.481,-0.095,0
site_00,-1.805,0.353,-0.696,-1.174,-0.004,0
site_00,0.815,1.303,-0.65,-0.798,-0.41,0
site_00,0.146,0.536,-0.918,-0.751,-0.509,0
site_00,1.559,0.498,1.472,0.014,0.371,1
site_00,0.538,0.572,0.069,-0.209,0.881,0
site_00,-0.54,-0.545,-0.449,-0.035,-0.701,1
site_00,0.456,0.621,0.614,-0.013,0.164,1
site_00,1.057,-0.925,1.795,1.111,0.011,1
site_00,0.595,0.255,-1.31,-0.616,0.619,0
site_00,0.781,-2.547,0.564,-1.845,1.183,1
site_00,0.57,1.79,-1.263,0.827,0.192,0
site_00,-2.574,-0.497,-0.695,1.061,-0.906,0
site_00,-0.33,0.349,-1.059,-0.321,-0.646,1
site_00,0.558,0.467,1.296,-2.075,-1.362,1
site_00,-0.701,-0.547,2.573,-1.924,-0.373,1
site_00,0.198,-0.269,1.563,-1.729,-1.214,0
site_00,-1.348,-1.361,-0.906,0.285,1.736,1
site_00,-0.461,0.062,2.872,-2.344,-0.684,1
site_00,-0.136,0.069,0.759,0.152,-0.012,1
site_00,-0.749,0.313,-0.741,1.158,0.508,0
site_00,2.179,-0.577,-1.031,0.45,0.081,1
site_00,0.085,-0.1,1.757,1.003,1.294,0
site_00,0.242,1.066,0.869,0.033,-1.935,0
site_00,-1.417,-0.81,-1.551,0.709,0.388,1
site_00,-0.305,-1.287,-0.767,-0.457,-0.046,0
site_00,0.848,0.155,1.345,-0.537,-1.114,0
site_00,0.567,0.161,0.857,0.093,-0.247,0
site_00,0.869,0.679,-0.975,-0.18,0.392,1
site_00,-1.557,0.577,-0.57,0.983,0.376,1
site_00,1.509,0.964,0.357,-0.365,1.595,1
site_00,0.394,-0.032,0.212,-0.047,-0.306,0
site_00,-1.265,0.763,1.022,0.939,-0.351,1
site_00,-0.324,-0.404,1.069,-0.039,0.573,1
site_00,-2.003,0.172,-1.257,-0.179,0.185,1
site_00,1.041,1.092,-1.599,-1.186,-1.036,0
site_02,0.069,0.956,1.834,-0.494,-0.548,0
site_00,-0.802,0.215,-0.558,-0.351,0.179,0
site_00,0.432,-0.533,-1.299,-1.183,1.032,1
site_00,1.262,-1.053,1.015,-1.694,0.566,0
site_00,-0.059,0.417,-0.422,-0.315,0.617,0
site_00,0.638,0.515,0.772,0.045,-0.138,1
site_00,-0.389,0.375,-1.053,-0.41,-0.345,0
site_03,-0.622,1.52,0.973,-0.126,0.341,1
site_00,-0.041,-2.63,-0.687,0.245,-0.178,1
site_00,-1.426,0.943,0.369,0.69,0.455,1
site_00,-0.35,-1.36,0.934,-1.355,0.359,1
site_00,-0.447,-1.122,-0.595,-1.206,-0.197,0
site_00,0.195,0.851,0.413,0.669,0.143,1
site_00,-0.041,-1.682,-0.194,-1.069,-1.36,0
site_00,-1.015,1.332,-0.845,0.432,0.121,0
site_00,1.344,-0.12,0.665,-2.517,0.754,1
site_00,0.362,-1.003,-1.421,0.345,-1.317,1
site_00,0.235,0.326,1.997,1.208,-1.893,1
site_00,0.181,-0.771,1.306,-0.126,1.069,0
site_00,0.072,-0.349,1.045,1.725,0.222,0
site_00,0.569,1.492,-2.945,-0.308,-1.541,0
site_00,-1.303,-0.122,1.837,-2.004,-1.146,1
site_00,-0.647,-0.502,-0.656,-0.018,0.604,1
site_00,-1.064,-1.168,1.69,0.352,-0.431,1
site_00,-0.399,0.931,-0.764,-0.931,-0.813,1
site_00,2.157,-1.624,-0.571,1.05,1.35,1
site_00,1.007,1.865,-0.31,0.15,1.034,1
site_00,0.28,-0.397,-0.893,-0.352,-1.101,1
site_00,-0.524,1.656,1.203,0.062,-0.869,1
site_00,-0.332,1.065,-1.042,-0.646,0.919,0
site_00,1.567,0.24,-0.396,2.771,2.266,0
site_00,0.288,-0.5,0.491,0.385,-2.106,0
site_00,1.355,-0.836,1.136,-0.712,1.565,0
site_03,-0.145,0.507,-2.331,0.28,-0.859,1
site_00,-1.945,0.114,-0.576,-0.707,-0.762,0
site_00,0.053,-1.376,1.125,-0.788,0.346,1
site_03,1.074,1.916,1.132,0.14,-1.678,1
site_00,-1.381,0.908,0.28,-1.46,1.421,0
site_04,0.504,0.048,-1.941,0.265,0.245,1
site_03,-0.957,0.985,0.923,-0.181,-0.524,0
site_00,-0.139,-0.021,-0.126,-1.362,-0.562,0
site_00,-0.706,-0.404,0.484,-2.896,-0.226,1
site_00,0.49,0.644,-1.175,0.321,0.029,0
site_00,-0.201,-0.706,1.056,-1.115,0.996,0
site_00,-0.092,-1.003,-1.661,-2.693,-0.773,0
site_00,0.896,-0.708,-1.499,-0.276,-1.063,0
site_00,-1.309,0.284,0.62,-0.722,-1.546,1
site_00,-1.038,0.165,0.04,-0.258,-0.065,0
site_00,0.426,-0.002,-0.565,-0.51,0.312,0
site_00,-0.744,0.351,-1.008,1.69,-0.709,0
site_00,-1.788,1.155,-1.125,-0.961,-0.655,1
site_00,-0.26,1.833,1.609,-0.361,1.067,1
site_00,0.488,-0.651,2.129,-1.178,-0.416,1
site_00,0.859,-1.276,0.477,-1.259,-1.086,0
site_00,-0.596,0.324,-0.127,-0.236,0.205,1
site_00,1.008,0.019,-0.992,-1.032,0.675,1
site_00,1.522,-0.061,-0.811,1.215,2.573,1
site_00,-0.985,-0.461,1.378,0.037,-0.026,1
site_00,1.122,-1.348,0.158,0.909,1.127,0
site_00,0.442,-1.009,-1.945,0.254,0.814,0
site_00,-0.443,0.339,0.009,-1.037,-1.528,1
site_00,-1.94,-0.681,-0.449,0.942,0.495,0
site_00,0.287,0.427,0.688,0.066,0.689,0
site_00,0.655,0.53,0.338,0.284,-0.939,1
site_00,1.118,-0.164,-0.306,0.869,-0.874,1
site_00,0.025,-0.9,0.342,0.186,-0.537,1
site_00,-0.836,1.325,-1.015,0.014,-0.303,0
site_00,0.609,-0.443,0.365,-0.054,-1.623,0
site_00,-0.095,0.184,-0.234,1.015,-0.117,1
site_00,-1.207,0.931,0.096,-0.934,-0.859,1
site_00,1.449,0.668,-0.589,1.173,-0.329,1
site_00,-1.437,1.297,-1.25,0.63,-0.813,0
site_00,0.701,0.126,0.086,-1.211,1.096,0
site_00,0.714,-1.17,-1.409,-1.471,-0.197,0
site_05,-1.168,-0.743,-1.229,-0.458,0.983,0
site_00,-1.549,-0.2,0.444,0.577,1.255,0
site_00,0.059,1.836,-1.426,1.074,0.333,0
site_00,-0.184,2.396,-0.933,-0.639,-0.405,0
site_00,0.099,0.261,0.468,-0.002,-0.391,0
site_00,0.059,0.369,-0.94,-1.009,0.505,1
site_00,0.209,-2.682,-1.485,2.5,-0.52,1
site_00,0.318,0.181,-0.026,-0.996,-1.541,0
site_00,0.069,0.406,1.353,0.054,-1.119,1
site_00,0.873,-2.485,0.001,-0.603,-0.246,1
site_00,1.065,-0.486,0.814,1.219,1.046,1
site_00,-0.152,-0.186,-0.408,0.016,0.202,1
site_01,-0.004,-0.16,0.403,0.624,0.044,1
site_00,-0.623,0.933,-1.174,-0.423,-1.08,0
site_00,-1.752,-1.108,0.079,0.469,0.523,1
site_00,-1.1,-0.896,-1.676,1.847,0.432,1
site_00,0.071,1.106,1.362,-0.636,-0.803,1
site_00,-0.728,0.728,-0.688,0.723,-0.159,1
site_00,-0.595,-0.835,-0.429,1.917,1.041,1
site_00,0.063,0.73,0.239,-0.722,-0.543,1
site_00,0.577,-0.421,-0.357,-2.112,-0.264,1
site_08,-0.457,-0.695,-0.517,-0.098,1.726,0
site_00,-0.612,-1.817,-0.185,-0.255,-0.624,0
site_01,-0.156,0.989,0.311,-0.107,-0.721,1
site_00,-0.826,1.371,0.699,1.267,0.842,1
site_00,-1.209,-0.771,-1.636,-0.444,-2.277,0
site_00,-0.238,0.519,0.133,-1.965,0.414,0
site_00,0.405,-1.431,-0.602,0.641,0.214,0
site_00,0.305,-1.447,1.602,0.368,-1.447,1
site_00,-0.563,-0.819,0.43,-2.069,-0.643,0
site_00,-0.443,0.833,-1.253,0.314,-1.199,0
site_00,-2.731,-0.413,-2.87,-0.981,2.079,1
site_00,0.409,1.351,-1.145,-0.31,0.901,1
site_00,0.467,-0.17,0.269,-0.301,2.301,1
site_00,-0.169,-0.537,-0.56,-1.361,0.922,1
site_04,0.207,-0.811,0.989,-0.354,0.253,0
site_00,1.429,1.285,-0.475,-0.566,-0.835,1
site_00,-0.033,0.238,0.676,0.181,0.92,1
site_05,1.017,-1.871,-0.153,-0.311,-0.128,1
site_00,-0.22,-1.374,0.209,0.366,-0.102,1
site_00,-0.46,-0.179,1.515,0.792,0.335,0
site_00,-0.291,1.074,-0.763,-0.619,-1.169,1
site_00,0.221,-1.889,1.797,1.325,-1.605,1
site_00,1.863,-0.783,0.384,1.596,-1.069,1
site_08,0.726,-1.397,0.575,0.474,-1.284,1
site_00,-0.567,0.111,0.437,-1.028,-0.409,1
site_03,-0.92,-0.22,-0.118,-0.474,1.071,0
site_00,0.349,-0.681,-1.806,-1.256,0.289,1
site_00,1.864,-0.275,1.205,-0.82,-0.158,1
site_00,0.858,-1.09,-0.404,1.466,1.393,1
site_00,-0.054,-1.285,0.204,0.574,0.223,0
site_00,-0.525,0.698,-0.04,-0.321,-0.776,0
site_00,-0.955,2.542,0.728,-0.602,0.601,0
site_04,0.516,-1.087,-0.415,-1.362,-0.132,0
site_00,1.634,1.68,0.017,-0.849,-0.88,1
site_08,-0.009,1.139,-1.861,-1.476,-0.478,1
site_00,0.56,0.596,1.102,0.512,0.833,0
site_00,-0.898,0.326,-0.974,-0.551,-0.034,0
site_00,1.164,0.309,-0.74,-0.968,0.236,0
site_00,1.411,0.294,-1.668,-0.048,0.284,1
site_00,-0.061,-0.045,0.165,-2.115,2.443,1
site_00,-1.055,0.11,1.262,-1.181,-2.004,1
site_00,0.142,0.156,1.871,0.659,-0.08,1
site_00,-0.03,1.251,-0.022,0.69,0.925,0
site_00,-0.718,-0.639,-0.21,-1.143,0.56,0
site_00,0.746,0.457,-1.498,0.928,1.336,0
site_00,-1.207,1.18,0.344,-0.237,-0.626,1
site_00,-0.274,0.478,0.492,-1.692,0.171,1
site_00,0.318,0.545,1.915,0.478,-0.518,0
site_00,-0.352,-0.604,-1.051,1.768,-0.378,0
site_00,1.275,0.929,2.157,0.441,1.163,0
site_00,-1.634,-0.918,0.987,-1.333,0.409,0
site_06,-0.65,0.062,0.121,-0.657,-2.14,0
site_00,0.598,0.148,-1.911,-0.478,0.043,0
site_00,0.127,1.449,0.734,1.519,0.353,0
site_09,-1.265,-2.228,1.08,1.215,0.328,0
site_07,0.296,0.58,-0.829,1.635,-1.022,1
site_00,-0.075,2.668,-0.992,1.707,0.162,0
site_00,1.089,-1.361,-1.756,-0.137,-0.471,1
site_00,-1.177,1.345,-0.543,0.029,0.198,1
site_00,-2.052,-1.132,-0.351,-0.127,3.043,0
site_00,-2.28,0.065,-0.277,-0.501,1.483,0
site_00,1.407,0.709,0.149,0.132,-1.278,1
site_00,-1.835,-0.365,0.113,-0.494,0.089,1
site_00,-0.472,-0.93,0.715,1.83,-0.069,0
site_00,2.681,0.885,-0.134,1.899,1.063,0
site_00,0.985,-0.241,-1.416,1.641,-0.978,1
site_00,0.36,0.304,1.387,-1.384,-0.09,1
site_00,-0.034,-1.203,0.838,-0.349,0.5,0
site_00,-0.624,0.173,-0.983,0.792,0.71,1
site_00,0.131,-2.743,-0.146,0.305,1.157,0
site_00,0.128,1.024,-1.097,1.156,1.532,0
site_00,-0.376,-1.062,1.519,0.362,0.616,1
site_00,-0.575,-0.858,-0.407,-0.807,-0.704,1
site_00,-1.698,-0.329,1.835,-0.26,1.182,1
site_00,0.003,0.213,0.073,-0.16,0.994,1
site_00,-2.773,0.013,0.458,-1.972,2.094,0
site_00,0.102,1.009,-0.089,-0.913,1.197,1
site_00,-0.587,1.269,-1.282,-0.382,-0.14,0
site_04,-0.596,0.78,1.017,0.614,-0.608,0
site_00,-0.307,0.147,-0.398,0.543,-0.728,1
site_00,0.213,1.813,0.652,-1.892,0.493,0
site_00,-0.88,-0.649,1.317,0.669,-1.633,0
site_00,-1.143,-0.587,1.274,-0.765,-1.046,0
site_00,-1.526,0.678,1.318,-0.97,1.222,1
site_00,-0.252,0.088,-0.332,-1.388,1.966,0
site_00,-0.885,-1.759,1.401,0.921,-1.501,1
site_00,-0.987,-0.734,1.674,-0.869,-0.48,0
site_07,0.505,-0.434,0.073,0.753,-1.099,1
site_00,2.198,1.485,-1.68,0.058,0.055,1
site_00,0.357,-0.479,-0.524,1.33,-0.752,0
site_00,-0.671,0.683,0.447,0.361,-0.73,0
