patient_id,visit_id,x0,x1,x2,x3,x4,x5,x6,x7,diagnosis
P0362,V0362-3,-0.328,-1.154,1.144,1.5,1.476,-0.019,0.701,-1.331,1
P0444,V0444-0,-0.149,2.033,-3.647,-0.101,-1.073,0.525,1.372,-1.552,0
P0184,V0184-0,-1.295,0.893,0.653,-1.709,-0.717,-1.464,-0.665,0.47,0
P0435,V0435-3,-0.454,1.313,-2.096,-0.213,0.976,-0.277,1.092,-1.265,0
P0032,V0032-3,-0.373,0.175,0.356,0.357,-0.113,0.571,-0.221,1.129,1
P0110,V0110-4,1.691,-0.619,-0.292,1.016,-0.079,0.374,0.979,1.44,1
P0068,V0068-7,1.782,1.735,-1.103,-1.508,-0.076,0.462,-0.352,-0.963,1
P0435,V0435-2,-0.277,1.708,-2.407,0.188,0.87,-0.098,0.935,-0.498,0
P0372,V0372-6,1.662,-0.714,-0.41,1.16,1.75,0.758,1.327,-1.367,1
P0241,V0241-6,0.236,-0.088,-0.65,-0.038,0.038,-1.464,-0.502,-0.204,1
P0467,V0467-0,0.238,-1.188,1.846,-0.482,-0.318,1.176,1.029,-0.251,1
P0453,V0453-3,-0.392,1.914,1.48,-1.141,-0.146,-0.575,1.165,0.33,0
P0164,V0164-0,-0.391,-0.143,-0.478,0.445,-1.336,-0.416,-0.169,-1.452,1
P0353,V0353-0,-2.02,-0.582,0.101,1.118,1.012,1.516,-0.034,0.501,0
P0047,V0047-1,2.114,-1.527,0.116,-0.449,-0.859,0.281,-0.8,1.896,1
P0204,V0204-4,1.343,-0.461,-0.772,-0.194,0.014,-1.068,0.261,0.917,1
P0306,V0306-1,-0.39,-1.103,-0.949,-0.586,1.375,-1.013,1.358,0.827,1
P0135,V0135-2,0.349,1.243,-0.093,0.457,2.234,-0.706,-0.402,-0.126,1
P0154,V0154-6,0.72,1.026,0.355,-0.592,-1.156,-0.876,0.093,0.332,0
P0091,V0091-3,0.124,0.334,-0.335,-0.578,-0.356,-0.911,-1.028,1.159,0
P0367,V0367-4,0.085,0.777,-0.352,1.661,0.369,0.535,-0.075,0.272,0
P0401,V0401-6,2.16,0.108,-0.02,0.76,-0.444,-1.0,-1.485,1.981,1
P0036,V0036-3,-0.204,-0.054,0.415,-0.809,0.321,1.624,2.238,-1.285,0
P0224,V0224-4,0.588,-1.114,0.82,1.942,-1.206,-0.675,-1.449,0.492,1
P0148,V0148-0,-0.968,-1.172,0.621,-0.703,-1.543,-1.065,0.624,0.658,1
P0053,V0053-4,-3.399,0.503,0.979,1.528,-1.107,1.051,0.606,-0.198,0
P0294,V0294-2,1.342,1.116,1.623,-0.514,-0.07,-0.212,-0.565,-0.841,1
P0298,V0298-4,-2.063,0.456,0.23,-0.643,1.171,-1.455,-0.639,-0.358,0
P0332,V0332-0,-0.352,0.185,0.545,1.015,-0.67,0.992,-0.891,-1.035,0
P0359,V0359-3,-0.999,-0.748,0.344,-0.852,0.531,-1.337,0.082,-1.055,0
P0118,V0118-1,0.774,-0.614,1.079,-0.39,0.667,0.553,1.115,1.226,1
P0132,V0132-2,0.657,1.066,1.231,-0.509,-0.39,-0.599,0.078,-0.839,1
P0053,V0053-7,-2.975,0.159,0.667,0.769,-1.095,0.462,0.215,-0.008,0
P0354,V0354-1,-0.279,-0.476,0.456,-1.424,-0.052,-2.707,0.598,0.259,0
P0050,V0050-1,0.228,0.416,0.678,0.015,2.31,1.882,0.676,0.86,1
P0488,V0488-0,-0.456,0.263,-3.063,-2.512,-0.394,0.332,-0.682,0.731,0
P0104,V0104-3,0.787,1.189,0.635,-0.868,-0.752,-0.888,-0.877,0.937,1
P0115,V0115-3,-1.524,-2.038,-0.194,0.3,-1.121,0.547,0.699,1.719,0
P0322,V0322-0,0.697,-1.266,-0.157,1.258,1.389,1.763,-0.832,0.337,0
P0369,V0369-3,0.739,0.721,0.691,-1.622,-0.114,-0.478,0.383,1.021,1
P0494,V0494-4,0.708,0.672,-0.302,-0.507,-2.098,-0.193,-0.262,-0.838,1
P0157,V0157-1,0.136,-0.784,0.339,-0.646,-0.962,0.013,3.359,0.274,0
P0357,V0357-3,0.123,-0.613,0.099,0.09,0.921,-1.024,1.108,0.267,0
P0339,V0339-6,0.598,-0.773,0.533,0.134,-0.841,-0.734,-1.353,-0.612,1
P0294,V0294-1,0.948,1.175,1.315,-0.17,-0.034,0.125,-0.725,-1.043,1
P0040,V0040-3,-1.968,0.793,-0.146,0.546,-1.49,0.955,0.213,-0.268,0
P0425,V0425-0,0.528,1.167,0.558,0.97,0.877,-0.439,0.016,-0.573,0
P0479,V0479-0,0.208,0.302,1.07,0.534,1.784,0.177,-0.336,-0.301,1
P0427,V0427-5,-0.07,1.573,-1.886,0.392,1.033,-0.048,0.302,1.381,0
P0363,V0363-6,-2.282,1.582,0.819,1.673,-1.06,0.902,1.481,-0.063,0
P0447,V0447-0,0.286,-0.026,-0.368,-0.372,0.984,0.953,0.585,0.194,1
P0499,V0499-2,-1.401,-1.126,-1.969,0.263,-1.721,0.208,-0.69,-0.255,0
P0407,V0407-5,0.861,2.531,-0.754,0.688,1.209,0.551,0.705,0.356,1
P0099,V0099-1,-1.423,2.763,-1.314,1.086,-0.055,1.047,1.318,-0.23,0
P0183,V0183-3,-0.036,-1.087,-0.554,-0.182,1.344,-1.941,-1.182,-0.193,0
P0229,V0229-5,0.442,1.191,-1.401,-0.137,-1.062,-0.764,-1.106,-0.205,0
P0232,V0232-3,0.374,1.512,-0.413,1.261,-0.352,-0.371,0.102,0.264,1
P0480,V0480-2,1.932,-0.276,1.213,-0.362,1.828,0.006,-0.197,-0.255,1
P0401,V0401-3,2.018,-0.014,0.506,0.049,-0.437,-0.988,-0.565,1.897,1
P0373,V0373-2,-0.67,0.854,-2.02,-0.629,-0.182,-0.314,1.414,1.272,0
P0377,V0377-4,0.918,-1.001,-0.382,0.523,-0.477,-1.466,-1.11,-0.197,0
P0482,V0482-0,1.222,-1.314,0.369,0.346,-0.944,-1.48,0.402,-0.71,1
P0229,V0229-1,0.838,1.197,-0.602,-0.167,-0.805,-0.439,-0.818,-0.226,0
P0190,V0190-2,0.071,-0.627,-0.466,-0.728,0.386,-0.662,-0.008,0.851,0
P0071,V0071-0,-0.812,-1.913,-0.003,1.397,-1.64,1.265,3.213,-1.187,1
P0183,V0183-2,-0.641,-0.968,-0.346,0.698,1.589,-1.185,-1.83,-0.142,0
P0001,V0001-4,-1.664,0.432,0.066,0.438,-0.416,0.553,-1.389,0.778,0
P0146,V0146-2,-0.615,-1.277,1.148,1.001,-0.72,2.112,0.551,0.901,0
P0119,V0119-4,1.744,-0.657,0.657,0.69,2.213,-0.254,-0.452,0.831,1
P0464,V0464-1,-0.347,-1.143,0.195,0.454,-0.471,1.077,-0.201,1.084,1
P0172,V0172-6,-0.372,-0.451,0.972,-2.639,-0.056,1.217,1.708,-0.316,0
P0477,V0477-1,-1.064,0.77,1.803,-1.81,0.112,0.613,-0.851,-1.888,0
P0092,V0092-0,-0.784,2.578,-0.885,0.073,0.429,0.078,-0.628,1.397,0
P0478,V0478-6,1.096,-0.897,-0.72,0.423,-0.194,1.732,0.049,1.277,1
P0289,V0289-1,0.678,-0.477,0.458,1.4,-0.227,-0.014,0.036,-0.154,0
P0475,V0475-3,0.266,-0.273,1.665,-0.491,-0.726,-0.496,-0.559,1.34,1
P0197,V0197-4,1.687,-0.078,-0.096,0.007,1.384,0.965,-1.435,1.426,1
P0484,V0484-1,1.416,-0.814,-1.302,-0.075,-0.848,0.622,1.405,-1.405,1
P0147,V0147-5,-1.955,-1.433,0.133,-0.042,0.228,0.758,0.418,1.255,0
P0407,V0407-0,0.751,2.228,0.106,0.883,1.283,0.334,-0.187,0.109,1
P0135,V0135-0,0.459,0.738,0.455,0.018,2.133,-0.994,-0.364,0.057,1
P0340,V0340-1,1.045,-0.564,-0.421,-0.378,-0.97,-2.253,1.231,-1.468,1
P0472,V0472-0,-0.418,-0.587,-0.898,0.582,-0.052,0.702,0.764,-0.907,0
P0119,V0119-3,1.841,-0.007,0.653,0.67,2.384,0.299,-0.596,0.335,1
P0366,V0366-2,0.18,1.088,0.558,-0.42,1.365,-1.293,2.209,0.306,1
P0360,V0360-1,1.693,-0.252,0.165,0.613,-0.621,0.096,1.444,0.746,1
P0311,V0311-3,-0.728,0.305,-0.298,1.357,1.527,0.496,-1.116,0.124,1
P0347,V0347-2,0.065,0.71,0.16,0.54,0.67,-1.145,0.425,-1.368,0
P0342,V0342-0,-1.146,0.373,-0.882,1.18,0.413,0.796,-0.069,2.554,0
P0077,V0077-0,0.06,-0.913,-0.799,-2.802,-0.165,1.177,0.985,0.042,1
P0498,V0498-4,-0.715,-0.877,0.732,0.739,1.418,-1.959,-0.154,3.027,0
P0307,V0307-7,0.558,-0.162,-1.056,0.691,1.083,-0.606,0.703,-0.906,1
P0238,V0238-5,0.314,-0.067,1.016,0.836,-0.727,-1.006,-0.99,-2.764,0
P0323,V0323-1,-0.787,-0.714,-1.183,-2.023,1.5,-1.689,-0.404,0.02,1
P0122,V0122-0,-0.402,-1.948,0.147,0.229,-1.044,2.228,-1.151,0.131,1
P0163,V0163-3,0.388,-1.255,0.874,-1.759,-0.603,0.752,0.348,0.008,1
P0484,V0484-2,2.06,-0.643,-1.203,-0.321,-0.901,0.248,1.564,-0.896,1
P0155,V0155-0,0.378,-1.5,-0.546,1.079,1.97,0.591,-0.907,2.665,1
P0492,V0492-0,0.03,1.169,2.278,-0.686,0.513,-1.639,-1.272,1.216,0
P0139,V0139-7,2.473,-1.255,-0.424,0.309,-0.618,0.239,-0.661,-0.215,1
P0340,V0340-0,0.702,-0.254,-0.317,0.305,-1.407,-2.447,0.955,-1.227,1
P0217,V0217-3,-1.176,-0.747,-0.383,2.4,0.39,2.253,1.118,-1.511,0
P0294,V0294-7,1.002,0.964,1.848,-0.526,0.381,-0.572,-0.662,-1.469,1
P0013,V0013-4,-0.409,-0.99,0.842,-1.024,-0.739,-0.284,2.216,0.784,1
P0275,V0275-0,-1.719,-0.325,0.931,-1.084,0.132,-0.19,0.449,-1.018,0
P0482,V0482-6,1.288,-0.757,0.368,0.175,-0.567,-1.452,0.252,-0.562,1
P0328,V0328-3,1.481,-1.594,-0.938,0.625,-0.848,-0.433,-0.368,-1.4,1
P0305,V0305-0,1.284,2.43,-0.978,0.676,-0.228,0.0,0.142,-0.614,0
P0185,V0185-1,0.072,-0.173,-1.374,-0.082,-1.814,-0.265,-0.84,-0.616,0
P0497,V0497-3,-0.307,0.113,-1.838,-1.933,1.286,-2.425,-1.602,0.532,1
P0498,V0498-0,-0.354,-0.189,0.787,1.495,1.277,-2.565,0.107,2.488,0
P0198,V0198-6,-1.57,1.931,-0.557,-1.072,0.166,-2.316,0.949,-0.433,0
P0173,V0173-0,-0.776,-0.307,-0.298,-0.336,0.928,0.688,0.58,-0.024,1
P0011,V0011-0,1.45,0.213,-0.18,1.327,-0.879,1.139,1.4,1.054,1
P0189,V0189-1,0.548,-1.174,1.069,2.699,-1.088,1.289,-0.776,-2.21,1
P0084,V0084-0,0.04,0.251,0.28,-1.15,0.641,0.367,1.779,-2.132,0
P0084,V0084-1,-0.103,1.051,0.321,-1.433,0.649,1.177,1.526,-2.336,0
P0243,V0243-6,0.807,-0.568,-0.27,0.017,1.631,-0.439,1.431,-0.5,1
P0227,V0227-6,-0.626,1.176,1.466,-0.315,-0.554,0.272,-1.166,1.387,0
P0146,V0146-6,-0.391,-0.301,0.959,1.083,-0.589,2.433,0.014,0.63,0
P0377,V0377-1,0.396,-1.047,-0.441,0.278,0.038,-1.305,-1.599,0.221,0
P0230,V0230-1,-0.739,0.568,-0.372,-0.583,0.491,0.919,0.241,-0.619,1
P0072,V0072-1,-2.018,-1.272,0.054,0.106,0.555,1.478,-0.58,-1.1,0
P0048,V0048-5,0.411,0.03,-0.137,0.475,0.787,-1.148,1.783,-2.68,1
P0034,V0034-6,-1.302,0.715,1.805,1.635,-1.128,1.211,-0.941,1.576,1
P0209,V0209-2,1.077,-0.802,-1.262,-0.248,-0.326,0.582,1.581,-1.189,0
P0005,V0005-7,1.037,0.757,-0.662,-0.765,-0.446,1.307,0.377,-2.852,0
P0010,V0010-4,0.6,-0.173,0.626,0.726,0.647,-0.318,0.615,-0.573,1
P0119,V0119-0,1.615,0.485,0.068,0.349,2.659,0.059,-0.817,1.231,1
P0368,V0368-6,-0.173,0.005,1.576,-0.118,-0.394,-1.551,-0.143,0.976,0
P0244,V0244-0,0.201,-0.167,1.058,0.482,-0.964,0.486,0.315,-2.229,1
P0112,V0112-3,-0.314,1.022,-1.122,0.748,0.155,0.604,1.556,-0.21,0
P0219,V0219-3,0.486,0.472,-0.84,-1.02,1.28,-0.208,2.167,1.222,1
P0227,V0227-2,-0.153,0.755,0.907,-0.395,-0.109,0.192,-1.588,1.456,0
P0387,V0387-4,-1.304,0.496,-1.661,1.134,0.844,-0.533,0.981,1.196,0
P0187,V0187-0,0.856,2.285,0.649,0.539,-0.853,-0.802,1.162,-0.557,0
P0300,V0300-1,-1.523,-1.913,-1.559,-0.647,0.77,2.183,0.858,-0.488,1
P0117,V0117-1,0.219,-0.023,0.249,-0.442,0.375,-0.887,0.79,0.359,0
P0446,V0446-5,-1.182,-1.989,-0.103,0.013,-2.082,-1.674,-0.166,-0.316,1
P0199,V0199-1,0.081,1.466,0.795,-0.211,-0.523,-1.678,-0.581,-0.347,1
P0454,V0454-0,-0.471,0.092,1.962,-4.118,0.296,0.397,1.385,0.198,0
P0456,V0456-4,-0.557,-1.661,-0.948,-0.653,-1.189,-0.367,0.573,-1.28,1
P0310,V0310-2,1.824,-0.422,1.294,-0.937,-1.932,1.0,-0.274,-0.098,1
P0248,V0248-2,-1.638,0.272,-0.561,-0.03,-1.579,0.308,-1.488,0.732,0
P0142,V0142-1,0.386,0.077,-1.289,-0.462,0.398,-0.918,0.818,-0.76,0
P0218,V0218-2,0.773,0.4,0.78,-1.292,0.302,-1.05,1.093,-0.014,0
P0201,V0201-4,0.085,-0.161,-1.515,1.625,-0.029,0.3,-0.64,-0.707,1
P0202,V0202-3,1.116,0.257,1.196,-0.913,0.005,-0.572,-1.564,1.506,1
P0386,V0386-4,0.742,0.175,-0.225,-0.842,-0.767,-0.441,0.698,1.184,1
P0266,V0266-1,1.268,1.156,2.282,0.486,-0.311,-2.085,0.976,-0.463,0
P0184,V0184-2,-0.933,0.699,0.694,-0.784,-0.467,-1.182,0.059,0.243,0
P0240,V0240-2,0.458,0.977,0.799,0.085,-0.065,-0.058,0.859,1.36,0
P0215,V0215-5,2.17,0.06,0.488,0.793,0.224,-1.114,1.409,0.402,1
P0152,V0152-3,0.699,-0.687,1.149,0.814,-0.61,0.909,0.848,1.388,1
P0403,V0403-3,0.389,-2.993,1.073,0.653,-0.836,-0.712,-0.113,-0.142,1
P0013,V0013-3,-0.245,-0.704,0.02,-1.078,-0.683,0.588,2.042,1.57,1
P0315,V0315-0,-1.346,-0.772,-0.904,-0.873,-1.374,0.935,-0.793,-0.504,1
P0282,V0282-4,-0.464,-1.199,-0.346,-0.627,-0.046,0.172,0.553,0.622,0
P0481,V0481-4,0.356,1.267,-0.686,-1.006,-0.872,-1.234,1.374,0.146,1
P0259,V0259-2,-0.541,0.668,2.472,-0.052,-0.453,0.806,-0.825,-0.897,1
P0032,V0032-0,-0.425,-0.151,0.198,0.152,-0.029,0.88,-1.234,1.488,1
P0396,V0396-0,0.11,-0.141,0.119,-0.106,0.425,2.508,0.502,-0.834,0
P0002,V0002-4,-0.684,1.403,-1.883,0.013,1.421,-0.026,0.58,-0.061,0
P0148,V0148-5,-0.817,-1.003,1.179,-0.903,-1.922,-0.958,0.298,-0.029,1
P0146,V0146-3,-0.979,-0.965,0.937,0.734,-0.647,2.269,0.775,1.477,0
P0225,V0225-4,-0.341,-0.915,-2.732,-1.604,0.027,0.398,-0.513,0.227,0
P0007,V0007-2,-0.186,0.176,1.763,0.853,0.972,-0.08,0.841,0.801,1
P0184,V0184-3,-0.736,0.467,0.843,-1.718,-0.657,-1.07,-0.248,-0.032,0
P0088,V0088-0,0.025,0.144,-0.136,-0.264,0.333,0.618,0.362,-1.988,1
P0410,V0410-1,-0.392,-0.875,0.522,0.704,-0.108,-0.973,0.933,1.408,1
P0349,V0349-2,-1.741,-0.03,1.527,1.853,2.643,1.198,-0.425,-0.478,0
P0407,V0407-1,0.385,1.692,0.154,0.755,2.229,0.346,0.083,0.441,1
P0324,V0324-5,-0.543,1.527,0.572,-1.279,-2.058,-0.462,0.459,0.055,0
P0347,V0347-0,0.099,0.366,0.088,0.909,0.457,-0.722,1.031,-1.804,0
P0042,V0042-2,0.883,-2.075,-2.885,-1.086,-1.034,-0.381,1.059,-0.468,1
P0176,V0176-2,-1.908,-2.082,0.298,0.456,0.105,-0.147,-1.065,0.259,0
P0222,V0222-1,-0.052,3.153,1.586,-1.314,-0.646,0.054,2.73,1.834,0
P0483,V0483-4,-0.037,1.392,-0.772,-0.458,-0.46,-1.343,-0.102,2.312,1
P0118,V0118-0,0.701,-0.586,1.566,-0.097,1.086,1.05,0.859,1.398,1
P0059,V0059-1,-2.274,0.701,0.846,-0.564,1.039,0.786,-0.954,-0.199,0
P0372,V0372-3,1.506,-1.053,0.477,0.693,1.743,0.935,0.753,-1.182,1
P0181,V0181-0,0.728,0.197,-0.883,-0.534,-0.584,0.361,-0.806,-0.367,1
P0416,V0416-0,-0.902,-0.562,1.348,-0.955,-0.933,-1.714,2.537,-0.333,1
P0152,V0152-5,1.112,-0.542,1.138,1.296,-0.732,1.499,0.625,0.345,1
P0207,V0207-1,-1.299,0.064,0.186,0.199,1.221,0.205,-0.812,-1.573,0
P0349,V0349-0,-0.917,-0.132,2.227,1.475,2.323,1.898,-0.367,-0.697,0
P0138,V0138-6,1.036,-2.16,-0.11,0.422,1.461,0.514,1.11,2.475,0
P0381,V0381-0,0.376,0.934,-0.185,-1.597,-0.972,0.886,-0.892,-1.659,0
P0129,V0129-0,-0.115,-0.427,-0.149,0.447,-1.116,1.17,-2.474,0.257,1
P0004,V0004-0,1.431,0.238,-0.386,-0.014,1.157,-1.016,-0.579,-3.005,0
P0087,V0087-0,-0.839,-0.7,0.534,0.726,-0.569,-0.719,-1.617,-0.876,0
P0003,V0003-5,1.051,-1.727,-0.162,0.812,-1.074,-0.531,-0.732,-0.289,1
P0492,V0492-1,0.4,1.798,1.991,-0.482,-0.321,-2.095,-1.316,1.539,0
P0120,V0120-2,-0.892,0.857,1.278,0.91,0.791,-0.031,-0.279,-0.828,0
P0304,V0304-1,-0.311,-1.852,-1.208,0.581,0.823,-0.822,-0.808,1.783,0
P0086,V0086-3,1.163,0.494,0.785,-0.864,-0.087,0.463,-0.843,-0.565,1
P0079,V0079-0,-0.649,0.794,-1.111,0.645,0.723,0.741,-1.08,0.374,1
P0161,V0161-2,1.352,0.479,-0.814,0.03,-1.72,0.925,-1.604,-0.525,1
P0096,V0096-4,1.262,0.961,-0.789,-0.548,-1.118,-0.068,1.981,-0.281,0
P0023,V0023-0,1.016,0.938,1.439,-0.206,-0.961,1.051,-0.071,-0.727,1
P0317,V0317-2,0.598,-1.127,-0.44,-1.476,0.654,-1.831,0.651,1.0,1
P0356,V0356-5,-0.848,-0.24,1.058,-0.926,-0.139,-2.592,-0.003,-2.021,0
P0182,V0182-0,-0.094,-1.03,1.357,-0.926,0.22,-1.307,0.391,-0.861,1
P0395,V0395-2,1.341,-0.017,0.603,-0.179,-2.185,-1.33,1.894,1.012,0
P0128,V0128-1,1.049,0.006,-1.605,-1.655,0.351,0.051,0.624,-0.364,1
P0267,V0267-0,-0.286,-0.107,-0.396,-1.121,-0.093,-2.045,1.08,-0.537,1
P0055,V0055-4,1.647,-1.2,1.667,1.496,0.687,-1.21,0.422,-2.59,1
P0083,V0083-1,-0.16,0.48,-0.486,0.112,-0.919,-0.654,0.661,-0.165,1
P0298,V0298-1,-2.068,1.194,0.966,-0.725,1.338,-0.99,-0.676,-0.853,0
P0464,V0464-4,-0.153,-1.467,0.597,0.243,-0.487,1.598,0.212,1.188,1
P0479,V0479-4,0.256,0.051,1.4,0.08,1.791,0.126,-0.128,-0.913,1
P0297,V0297-1,-1.404,1.991,-0.058,-0.967,1.299,0.59,-0.373,1.753,0
P0235,V0235-5,-0.52,0.358,-0.195,-0.772,-2.93,0.763,0.119,-2.232,0
P0232,V0232-4,0.663,1.418,0.187,1.358,-0.371,-0.185,0.327,0.335,1
P0187,V0187-2,0.746,2.128,0.703,1.031,-0.811,-0.661,1.354,-0.798,0
P0290,V0290-0,-0.015,1.976,1.584,1.155,-0.009,-1.585,0.549,-0.249,0
P0201,V0201-5,-0.599,-0.335,-1.307,1.427,-0.551,-0.328,-0.796,-0.663,1
P0136,V0136-1,0.16,1.12,-1.769,-0.795,-0.087,-0.578,1.058,-1.702,0
P0274,V0274-1,1.416,-0.923,0.49,-0.487,-0.601,-0.392,1.088,1.896,1
P0264,V0264-1,0.485,-0.933,-0.272,-1.662,0.019,0.049,-0.155,0.59,1
P0453,V0453-1,-0.117,0.949,1.325,-1.694,0.317,-0.696,1.704,0.261,0
P0211,V0211-4,1.122,0.233,-0.639,0.277,-0.188,0.027,0.401,-0.428,1
P0345,V0345-3,2.495,-0.927,-1.21,1.033,-1.537,-1.43,0.402,-0.279,1
P0436,V0436-1,0.366,0.167,0.188,-1.169,-1.441,-1.83,0.285,2.921,0
P0391,V0391-0,-1.036,-0.023,0.145,-0.327,-0.425,1.068,1.033,-0.353,0
P0029,V0029-4,-1.018,-0.65,0.036,1.097,1.292,0.033,-1.547,1.493,0
P0214,V0214-5,0.553,-0.868,-0.668,-0.248,-0.853,-0.722,-0.534,0.149,1
P0171,V0171-6,-1.762,1.47,-2.137,-1.186,-0.331,1.088,-0.598,0.538,0
P0301,V0301-2,-0.243,-1.266,-0.227,-0.195,-2.241,-0.963,0.702,-1.474,0
P0042,V0042-5,0.632,-2.191,-2.597,-0.877,-1.551,-0.557,0.308,-0.94,1
P0002,V0002-0,-0.139,1.024,-1.549,0.316,1.58,0.422,1.292,-0.288,0
P0005,V0005-1,0.271,1.125,-0.616,-0.058,-0.035,1.338,0.779,-3.049,0
P0311,V0311-6,-0.899,0.053,0.002,1.414,1.57,-0.224,-1.752,-0.507,1
P0388,V0388-1,-0.161,-0.605,-1.087,-1.385,-0.063,-0.96,-2.05,0.534,1
P0417,V0417-4,-0.164,-0.566,0.786,-0.906,-1.818,-0.684,-0.192,-0.97,1
P0127,V0127-6,-1.8,0.562,0.497,1.448,-1.042,0.308,0.116,-0.363,0
P0451,V0451-4,1.557,0.562,-0.662,-1.313,-1.789,-2.678,0.506,0.776,1
P0449,V0449-3,0.926,-0.745,-0.979,-0.137,-1.324,-0.003,1.034,0.268,0
P0186,V0186-0,1.061,0.523,0.464,0.388,2.078,-0.819,1.373,-1.142,1
P0107,V0107-6,-0.141,1.725,0.045,0.725,0.731,-0.496,-0.553,-1.008,1
P0495,V0495-3,-0.135,0.784,0.748,-0.619,0.611,0.161,-0.793,0.803,0
P0062,V0062-3,-0.954,1.401,-0.245,0.521,-1.661,0.792,0.847,-0.054,0
P0478,V0478-0,1.221,-1.167,-0.597,0.258,0.342,2.338,-0.35,1.35,1
P0432,V0432-1,1.17,-1.409,-0.625,-0.351,0.407,-0.694,-0.022,0.534,1
P0257,V0257-2,0.799,-0.299,1.298,-0.076,-0.875,0.633,1.079,-1.27,0
P0125,V0125-3,-1.007,-0.954,0.541,-0.253,-0.676,0.153,-0.969,0.672,1
P0138,V0138-3,0.412,-1.352,-0.022,0.729,1.399,0.25,0.494,2.221,0
P0240,V0240-6,1.062,0.246,1.36,0.47,-0.68,0.183,0.532,1.278,0
P0289,V0289-2,1.986,-0.314,0.406,1.622,0.369,-0.094,0.532,0.695,0
P0330,V0330-1,-0.805,-1.257,0.906,1.414,-0.492,-1.144,1.859,-0.665,0
P0190,V0190-5,0.181,-0.44,0.006,-0.41,0.326,0.011,0.978,0.652,0
P0113,V0113-3,0.875,0.992,-0.436,0.06,1.439,-0.465,0.63,-1.499,1
P0347,V0347-4,-0.318,1.162,0.673,0.34,0.489,-0.633,0.552,-1.518,0
P0337,V0337-0,0.818,0.922,-0.242,0.402,-0.887,-0.709,0.312,-0.79,0
P0037,V0037-2,-0.38,0.822,1.306,0.276,1.187,1.04,-0.098,-0.374,1
P0391,V0391-2,-0.788,0.294,0.363,-0.63,-0.131,1.017,0.424,-0.359,0
P0483,V0483-0,-0.576,1.354,0.26,0.217,-0.421,-1.183,-0.255,2.423,1
P0188,V0188-0,-2.366,-0.573,-1.426,-1.298,-0.678,-0.783,0.511,0.19,0
P0437,V0437-1,0.823,2.999,-0.277,-2.057,-0.398,-0.064,0.366,-0.97,0
P0218,V0218-4,0.103,0.245,0.663,-1.042,0.382,-1.432,0.363,0.475,0
P0119,V0119-2,1.665,-0.009,0.792,0.095,2.144,0.594,-1.019,1.134,1
P0293,V0293-5,0.645,0.679,0.006,0.26,-1.38,1.05,1.018,-0.924,1
P0430,V0430-2,0.362,0.202,0.842,1.059,0.077,0.49,0.456,-0.18,1
P0124,V0124-2,1.262,-0.018,1.381,0.737,0.306,-0.173,0.854,0.83,1
P0477,V0477-2,-1.501,1.797,1.588,-2.223,0.088,0.904,-0.436,-0.896,0
P0086,V0086-4,1.16,-0.288,0.316,-1.517,-0.49,0.283,-0.719,-0.15,1
P0053,V0053-1,-3.13,-0.023,0.3,0.558,-1.105,0.401,0.605,0.223,0
P0007,V0007-0,-0.376,0.928,1.301,0.394,0.766,0.313,1.281,0.898,1
P0147,V0147-0,-1.726,-1.962,0.384,-0.065,-0.812,0.408,-0.346,0.251,0
P0433,V0433-2,0.457,-1.483,0.626,0.243,0.149,-0.084,0.467,0.866,1
P0196,V0196-3,0.83,-0.922,-0.197,-1.287,-0.527,1.732,-2.563,0.395,1
P0388,V0388-0,-0.592,0.174,-1.401,-1.356,-0.026,-1.301,-1.634,0.737,1
P0099,V0099-2,-1.582,2.097,-1.316,1.099,0.0,1.24,1.1,-0.085,0
P0122,V0122-1,-0.2,-1.633,0.238,-0.232,-0.734,1.854,-1.081,-0.479,1
P0321,V0321-0,-1.478,-0.748,-1.926,1.698,-0.924,-0.571,0.001,-0.218,0
P0452,V0452-2,-0.752,-1.884,0.008,0.854,-0.79,-0.623,0.439,-0.126,1
P0006,V0006-3,0.102,1.356,2.42,0.569,0.526,0.803,-1.238,0.09,1
P0054,V0054-0,-0.507,0.139,-0.171,0.577,-2.282,-2.103,-0.088,-0.246,0
P0485,V0485-0,0.776,-1.302,0.437,1.08,-0.717,0.241,-0.658,0.939,1
P0163,V0163-5,0.901,-1.539,1.148,-1.89,-0.416,-0.333,0.522,0.359,1
P0181,V0181-2,0.679,-0.116,-1.072,-0.175,-0.593,0.209,-1.141,-0.019,1
P0394,V0394-1,0.51,0.32,-0.882,-1.105,0.35,-0.19,-0.213,-0.84,0
P0032,V0032-5,-0.048,0.169,0.059,0.295,0.466,1.313,-0.425,0.794,1
P0183,V0183-1,-0.14,-1.082,-0.941,-0.6,2.019,-1.546,-1.173,0.308,0
P0160,V0160-2,0.838,-0.508,-0.044,0.814,-1.399,-0.065,-1.965,0.197,1
P0067,V0067-0,-0.917,1.272,-0.783,-0.334,0.612,0.045,-0.347,0.164,1
P0431,V0431-4,-0.27,-0.053,-0.778,0.525,-2.055,1.377,-0.322,-0.644,0
P0412,V0412-3,-0.178,-0.486,1.766,0.314,0.963,-1.113,-0.195,-1.692,1
P0098,V0098-0,-0.9,-2.841,-0.996,0.962,0.63,0.824,0.756,-0.206,0
P0365,V0365-7,0.704,-0.861,1.292,0.209,0.931,-0.207,-1.411,0.918,1
P0412,V0412-1,-0.756,-0.334,1.901,0.56,0.77,-0.861,-0.132,-1.753,1
P0159,V0159-1,-2.103,0.635,-1.635,0.382,0.053,0.962,-0.337,0.629,1
P0363,V0363-2,-1.698,0.798,0.587,0.905,-1.028,0.846,1.239,0.318,0
P0218,V0218-5,-0.122,0.607,0.634,-0.81,0.303,-0.764,0.884,0.406,0
P0377,V0377-3,0.881,-0.458,0.061,0.692,-0.336,-1.544,-1.942,0.244,0
P0226,V0226-3,0.641,-0.61,-0.433,-0.616,0.082,-0.258,-1.122,-1.927,1
P0341,V0341-1,-1.364,0.96,-0.985,-0.576,0.629,-0.558,-0.852,1.349,1
P0169,V0169-4,1.471,-0.151,-0.913,0.696,0.24,-1.18,0.885,-1.258,1
P0458,V0458-5,-0.263,-0.241,-0.837,1.682,-0.678,1.009,-0.593,-1.022,0
P0451,V0451-0,1.361,0.548,-0.45,-1.475,-2.708,-1.612,0.297,1.914,1
P0152,V0152-6,1.31,-0.467,0.884,1.029,-0.452,1.219,0.25,0.865,1
P0069,V0069-5,-0.339,-1.493,0.261,-0.188,1.076,-0.704,-1.451,-0.98,1
P0114,V0114-4,-0.778,-0.775,1.621,1.689,0.277,-2.479,0.344,-1.274,1
P0431,V0431-3,-0.422,0.226,-1.407,-0.029,-2.843,1.708,-0.433,-0.683,0
P0105,V0105-5,-0.891,1.564,-0.51,-1.722,0.98,1.099,-1.17,-0.993,0
P0331,V0331-4,0.488,1.203,-2.053,0.342,0.894,0.291,-0.654,-0.955,1
P0199,V0199-0,-0.406,1.056,0.869,0.455,-0.46,-2.128,-0.637,-0.443,1
P0260,V0260-3,-0.696,-2.287,0.942,-0.772,-0.432,0.573,-1.773,-1.754,1
P0248,V0248-1,-1.155,-0.025,0.038,-0.471,-1.708,0.406,-1.194,0.763,0
P0105,V0105-6,-1.143,0.981,-1.067,-1.634,0.753,0.681,-0.762,-0.147,0
P0278,V0278-1,-1.395,1.222,1.097,-1.446,-1.363,-0.352,0.569,-0.01,0
P0082,V0082-4,0.858,-1.172,0.492,0.422,1.086,-0.295,1.151,-0.188,1
P0366,V0366-5,0.502,1.284,0.384,-0.259,1.38,-1.599,2.08,1.108,1
P0336,V0336-3,0.4,-1.81,0.981,2.389,0.393,-0.885,0.605,-0.481,1
P0302,V0302-0,-1.139,-0.436,-1.852,0.287,-0.283,-0.309,-0.043,-1.252,1
P0277,V0277-0,-0.839,0.249,1.474,0.072,-2.565,-1.199,0.25,-0.189,1
P0034,V0034-7,-1.615,1.008,1.467,1.973,-1.935,1.52,-0.908,2.205,1
P0024,V0024-4,0.616,0.681,-1.944,-0.146,1.211,-0.698,-1.342,0.999,1
P0098,V0098-3,-0.606,-2.526,-1.5,1.698,-0.124,0.585,1.026,-0.577,0
P0415,V0415-0,1.867,-0.796,1.137,1.387,-1.752,-0.456,-1.293,-0.712,1
P0360,V0360-5,1.341,-0.762,-0.378,0.99,-1.128,0.192,1.731,1.326,1
P0289,V0289-3,0.993,-0.532,0.745,2.03,0.279,-0.981,0.245,0.128,0
P0000,V0000-1,0.444,0.241,-0.565,-0.679,1.346,0.131,0.573,1.043,1
P0466,V0466-1,-1.108,1.026,-2.233,-0.158,1.406,1.615,0.141,0.661,0
P0014,V0014-5,1.491,2.012,0.1,0.992,0.304,0.662,0.999,0.684,1
P0281,V0281-0,-0.91,-0.673,-1.616,-1.476,-0.978,0.29,-0.186,-0.788,0
P0391,V0391-4,-0.923,0.1,-0.171,-0.788,-0.642,0.311,0.896,-0.612,0
P0379,V0379-3,0.899,1.978,-0.936,-1.477,1.731,-0.212,0.064,-1.095,0
P0344,V0344-2,-0.809,-1.429,0.198,-0.665,-1.914,-0.534,-0.666,0.341,0
P0460,V0460-4,-0.424,0.86,0.147,-1.284,-2.384,0.726,0.348,0.612,1
P0405,V0405-0,-0.909,0.577,-0.832,-0.015,-0.056,1.331,2.161,2.197,0
P0104,V0104-0,0.885,0.608,0.45,-0.934,-0.646,0.193,-0.965,0.279,1
P0280,V0280-5,-0.168,1.556,0.508,-1.491,0.885,0.668,0.747,-0.941,0
P0294,V0294-3,0.867,0.475,0.997,-0.461,-0.28,0.17,-0.553,-1.165,1
P0212,V0212-5,-1.604,-0.226,-0.694,1.353,-0.816,0.454,0.644,0.275,1
P0124,V0124-3,1.28,-0.228,2.009,0.758,0.861,-0.253,1.268,0.735,1
P0443,V0443-0,-0.321,0.562,1.178,1.318,0.571,-0.818,2.279,-0.339,1
P0222,V0222-3,0.177,2.623,1.868,-1.191,-0.405,-0.382,3.036,2.22,0
P0465,V0465-0,0.381,0.135,-0.338,0.212,-1.214,0.406,-1.456,0.235,0
P0433,V0433-3,-0.048,-1.381,0.077,-0.07,0.172,0.179,0.834,1.09,1
P0432,V0432-4,0.794,-1.498,-0.847,-0.34,0.261,-1.485,-0.755,0.518,1
P0243,V0243-1,1.15,-1.111,-0.543,0.915,0.978,-0.254,1.303,-0.045,1
P0461,V0461-3,-0.773,-1.515,2.14,0.431,0.196,-0.053,-0.553,1.863,0
P0382,V0382-6,0.787,0.673,-1.457,-0.173,1.783,0.265,0.298,-0.474,0
P0198,V0198-3,-1.219,1.469,-0.371,-0.153,-0.883,-2.252,0.571,-1.052,0
P0338,V0338-0,0.622,0.821,-0.125,1.052,0.621,0.169,-2.01,1.106,1
P0100,V0100-2,-0.509,-0.286,-1.478,0.486,-0.849,0.196,0.12,1.813,0
P0358,V0358-2,1.674,0.207,1.432,1.801,-1.605,-1.483,0.789,-1.304,1
P0302,V0302-4,-1.145,-0.564,-1.763,0.139,-0.821,-0.719,-0.075,-1.39,1
P0200,V0200-5,1.563,-0.559,0.771,-1.757,0.935,-0.435,-1.336,0.165,1
P0402,V0402-0,-2.041,0.979,-0.243,0.67,-0.772,-0.839,-0.077,-0.432,0
P0127,V0127-0,-1.61,1.436,0.741,1.363,-0.683,0.126,0.422,-0.244,0
P0348,V0348-0,1.019,0.836,0.246,-1.491,-0.353,-0.565,-0.872,-0.077,1
P0070,V0070-0,-0.128,0.801,0.211,0.205,-0.97,0.055,0.49,0.544,0
P0329,V0329-0,-0.413,-0.475,-0.403,0.184,-0.851,0.366,0.918,0.414,1
P0400,V0400-5,2.335,1.533,0.598,0.706,-1.348,2.089,1.103,-0.997,1
P0056,V0056-4,1.025,0.564,1.062,-0.002,-0.031,-0.224,-0.238,0.066,0
P0170,V0170-0,-0.258,0.165,0.048,-1.013,0.621,0.337,0.091,0.639,0
P0411,V0411-2,0.3,1.574,1.803,0.003,0.149,1.209,-0.786,0.276,0
P0171,V0171-3,-1.577,1.135,-1.728,-0.871,-0.355,0.686,0.274,-0.124,0
P0327,V0327-0,1.551,-0.238,-1.06,0.963,1.117,-0.441,-1.357,1.889,1
P0397,V0397-3,-1.368,-2.024,-0.775,-1.214,0.008,-0.409,-0.617,-1.241,1
P0374,V0374-1,0.712,1.092,0.467,-0.522,1.072,1.47,-0.217,-0.17,1
P0196,V0196-5,0.752,-0.576,0.226,-0.992,-1.102,1.973,-2.719,1.206,1
P0365,V0365-5,0.77,-0.745,0.995,0.442,0.699,-0.358,-1.629,0.976,1
P0267,V0267-6,-0.064,-0.734,-0.964,-0.597,0.453,-2.121,1.364,-0.038,1
P0096,V0096-0,1.235,0.601,-0.673,-0.411,-1.139,-0.581,1.863,-0.427,0
P0028,V0028-2,1.516,0.237,1.219,-0.664,0.468,-0.971,0.865,0.149,0
P0009,V0009-1,0.218,-0.346,2.293,-0.939,-0.928,-0.238,0.573,1.283,1
P0067,V0067-1,-0.89,0.396,-0.758,0.828,0.396,0.14,0.013,0.196,1
P0048,V0048-1,0.387,-0.174,0.549,1.211,0.379,-0.684,1.428,-2.775,1
P0254,V0254-4,0.591,-0.751,1.174,0.291,-1.848,-1.581,-0.191,1.103,1
P0101,V0101-3,0.661,1.011,-1.025,0.141,-0.048,1.121,1.404,-0.458,0
P0494,V0494-0,0.631,0.884,-0.408,-0.249,-1.59,0.209,0.424,-0.431,1
P0479,V0479-1,0.324,0.008,0.605,0.058,1.333,-0.016,-0.592,-0.219,1
P0267,V0267-7,0.121,-0.159,-0.206,-0.363,0.143,-1.82,1.25,0.248,1
P0383,V0383-3,-0.452,0.395,-0.508,-1.405,-0.863,0.77,-0.596,0.27,1
P0299,V0299-4,0.228,0.88,0.95,-0.658,0.305,-1.349,-0.484,-0.856,1
P0390,V0390-3,-0.091,0.253,1.468,0.502,-1.445,-0.764,1.585,-1.843,0
P0421,V0421-4,0.681,-1.646,0.358,0.131,-0.523,0.917,0.221,1.092,1
P0459,V0459-1,-1.381,-0.853,0.171,-1.14,-0.797,-1.891,-2.905,0.17,0
P0368,V0368-0,-0.383,-0.267,1.394,0.195,-0.144,-1.911,-0.108,0.953,0
P0296,V0296-1,0.337,0.025,-2.247,0.22,-1.039,0.932,0.018,-0.471,0
P0467,V0467-2,0.2,-0.568,0.743,0.138,-0.66,0.505,0.686,0.278,1
P0195,V0195-2,-2.144,-0.43,-0.552,-1.825,-0.244,1.784,-0.267,0.472,0
P0069,V0069-2,-0.147,-1.029,0.803,-0.073,0.801,-0.978,-1.069,-1.101,1
P0042,V0042-1,0.27,-1.975,-2.749,-1.166,-1.217,-1.204,0.611,-1.025,1
P0246,V0246-3,-0.625,-1.708,0.254,0.038,-1.433,2.498,0.669,1.742,1
P0139,V0139-0,1.854,-1.525,0.013,0.25,-0.637,0.1,-1.228,-0.147,1
P0187,V0187-4,0.789,2.439,0.928,0.35,-0.12,-0.972,1.139,-1.741,0
P0310,V0310-0,1.842,0.729,0.796,-0.096,-2.375,0.658,0.001,-0.624,1
P0460,V0460-1,0.095,0.655,0.39,-1.549,-1.445,0.673,-0.135,1.352,1
P0467,V0467-5,0.258,-1.376,1.144,0.46,-0.65,1.118,1.312,-0.269,1
P0212,V0212-3,-1.462,-0.142,-0.542,2.251,-0.115,1.101,0.321,0.542,1
P0323,V0323-2,-0.495,-1.315,-1.29,-1.11,0.42,-1.854,-0.24,0.351,1
P0184,V0184-1,-1.289,0.717,1.465,-1.778,-0.308,-1.012,-0.436,0.472,0
P0062,V0062-0,-0.739,1.45,-0.176,0.608,-1.511,0.284,-0.011,-0.725,0
P0138,V0138-1,-0.114,-0.969,-0.496,0.342,1.531,0.712,0.605,2.293,0
P0204,V0204-0,1.094,-0.428,-0.52,-0.186,0.472,-1.677,0.378,1.04,1
P0324,V0324-2,-0.229,0.927,0.978,-0.963,-2.014,-0.663,0.463,-0.353,0
P0299,V0299-7,-0.034,0.882,1.3,0.044,0.597,-1.131,-0.916,-0.296,1
P0183,V0183-6,0.052,-0.383,-0.464,-0.146,1.325,-1.287,-1.01,-0.197,0
P0419,V0419-5,-0.757,2.476,-1.469,0.387,1.194,1.21,0.086,-0.305,0
P0104,V0104-1,0.756,0.944,0.431,-0.885,-0.722,-0.421,-1.223,0.487,1
P0474,V0474-4,0.265,-0.807,-0.396,0.92,-0.811,2.074,-0.004,1.134,1
P0044,V0044-2,-0.98,0.916,0.336,1.099,0.944,1.613,-0.875,0.438,0
P0303,V0303-1,0.171,0.301,-0.015,0.179,0.888,-0.72,0.316,0.269,0
P0408,V0408-0,0.987,0.922,-0.057,0.057,-0.513,-2.292,0.781,0.781,1
P0482,V0482-1,1.058,-0.579,0.138,0.131,-0.278,-1.507,0.198,-0.523,1
P0184,V0184-4,-1.187,0.705,0.876,-1.286,0.309,-2.014,-0.581,-0.049,0
P0442,V0442-1,-1.648,-0.091,0.509,1.002,0.886,1.474,-2.031,-0.753,0
P0112,V0112-2,-0.236,0.06,-0.774,0.885,-0.2,0.275,1.113,-0.311,0
P0308,V0308-2,0.142,-0.993,0.151,0.712,0.877,0.347,2.971,1.012,0
P0099,V0099-3,-1.797,1.819,-0.84,1.915,0.588,1.348,0.789,0.117,0
P0120,V0120-1,-0.826,1.289,0.931,0.73,0.314,0.073,0.103,-0.642,0
P0381,V0381-1,0.562,1.285,-0.27,-2.027,-0.875,0.667,-1.065,-0.964,0
P0191,V0191-0,0.364,-0.91,0.463,0.352,-0.92,-0.408,1.213,-1.93,1
P0489,V0489-0,-1.636,1.119,0.961,-1.643,1.066,2.043,1.654,1.861,0
P0493,V0493-1,-1.702,-0.514,2.218,-1.3,-1.832,0.272,-0.11,2.018,0
P0356,V0356-1,-0.323,-0.267,0.468,-1.079,-0.501,-1.969,0.106,-2.747,0
P0431,V0431-1,-0.69,-0.303,-1.328,0.161,-2.569,1.578,-0.026,-0.511,0
P0262,V0262-0,0.081,1.251,-0.205,0.645,-0.234,-0.578,-0.832,1.2,1
P0246,V0246-0,-0.563,-2.047,0.26,0.056,-1.145,2.672,0.831,1.44,1
P0233,V0233-6,1.348,2.322,-0.488,-0.635,-0.898,0.259,-1.469,-1.313,1
P0139,V0139-5,2.323,-1.346,0.5,0.462,-0.607,0.045,-0.747,-0.633,1
P0090,V0090-0,-0.376,0.866,0.063,-0.399,0.449,0.927,-0.2,-0.901,0
P0032,V0032-1,0.042,-0.037,-0.093,0.186,0.235,0.925,-0.901,0.942,1
P0419,V0419-0,-0.456,2.046,-1.053,0.181,0.787,1.432,0.092,-1.03,0
P0230,V0230-0,-0.356,0.47,-0.724,-1.048,0.952,0.37,0.427,0.066,1
P0446,V0446-4,-1.276,-2.429,-0.285,0.391,-1.234,-1.768,0.224,0.04,1
P0373,V0373-0,-1.216,0.973,-2.229,-1.249,-0.027,-0.106,1.357,1.114,0
P0145,V0145-0,0.944,0.505,0.074,0.903,2.148,2.359,-0.206,-0.054,0
P0187,V0187-3,1.114,2.016,1.298,0.53,-0.9,-0.472,0.937,-0.499,0
P0226,V0226-1,-0.001,-0.479,-1.246,-0.508,0.367,0.27,-0.811,-2.039,1
P0146,V0146-4,-0.398,-0.823,0.563,0.934,-0.715,2.189,0.119,1.135,0
P0425,V0425-1,0.947,1.502,0.762,1.041,0.1,-0.127,0.632,-1.163,0
P0302,V0302-3,-0.975,-0.583,-1.75,-0.413,-0.58,-0.622,-0.159,-1.177,1
P0309,V0309-0,0.89,0.368,-0.898,1.227,-0.06,0.295,-0.015,2.282,0
P0439,V0439-2,-0.093,0.493,-1.426,-0.679,-1.54,-1.076,0.099,0.077,0
P0224,V0224-6,0.343,-1.455,0.245,1.322,-0.684,-0.162,-1.281,0.266,1
P0241,V0241-4,0.096,0.718,-1.18,-0.494,0.041,-1.323,0.48,0.195,1
P0255,V0255-5,-0.979,-0.292,0.776,-1.095,0.103,0.488,1.46,0.009,1
P0210,V0210-0,0.51,0.28,0.681,1.929,-1.247,-1.325,-0.169,0.109,0
P0189,V0189-2,0.77,-1.236,1.116,1.826,-0.983,1.111,-0.549,-1.838,1
P0434,V0434-2,0.262,0.925,-0.925,-2.103,0.393,-2.285,-0.809,0.271,1
P0002,V0002-1,-0.38,1.226,-1.451,0.547,1.245,0.755,0.729,-0.132,0
P0231,V0231-3,0.38,-0.297,-0.523,-0.976,-1.423,-0.086,0.118,-1.542,1
P0294,V0294-5,1.188,0.4,1.754,-0.618,-0.236,-0.25,-0.543,-1.123,1
P0196,V0196-7,1.606,-0.683,-0.102,-1.593,-1.123,2.014,-2.167,0.503,1
P0431,V0431-5,-0.348,-0.028,-1.105,-0.543,-2.676,1.635,0.114,-0.622,0
P0067,V0067-3,-0.349,1.39,-0.743,0.19,0.366,0.017,0.117,0.47,1
P0289,V0289-4,0.247,-0.189,0.766,1.544,0.165,-0.077,0.823,0.232,0
P0097,V0097-1,-1.906,-1.634,-0.266,0.476,-0.145,-0.341,0.136,0.092,1
P0482,V0482-3,1.329,-0.792,0.88,0.592,-0.178,-1.279,0.534,-0.274,1
P0153,V0153-1,0.758,-1.443,0.983,-1.225,0.802,0.466,0.072,-0.215,1
P0036,V0036-4,0.14,0.483,0.023,-0.778,0.934,2.584,1.821,-1.139,0
P0167,V0167-3,-1.285,-0.581,-1.462,-1.807,0.647,0.212,0.763,-0.913,0
P0232,V0232-0,0.698,0.774,-0.112,1.475,-0.307,-0.77,0.348,0.207,1
P0367,V0367-5,-0.247,0.155,-0.399,1.065,0.411,0.2,-0.563,0.493,0
P0488,V0488-3,0.548,-0.019,-3.347,-2.071,-0.283,-0.088,-0.683,0.847,0
P0310,V0310-4,1.319,0.43,1.137,-0.503,-1.983,0.985,0.426,-0.486,1
P0213,V0213-1,0.292,-0.557,0.824,0.594,-0.59,-1.446,-0.093,1.459,0
P0003,V0003-1,0.499,-1.384,-0.099,0.932,-1.318,-1.27,-0.516,-0.116,1
P0049,V0049-2,-0.172,0.53,-0.361,1.149,0.779,-0.2,-0.206,-0.688,0
P0043,V0043-4,1.718,-0.258,0.085,0.204,-1.397,-0.549,0.76,-1.257,1
P0365,V0365-2,0.658,-0.944,0.497,0.54,0.806,0.23,-0.722,0.826,1
P0178,V0178-2,0.027,-0.625,-1.51,-0.612,-1.135,0.862,0.195,0.59,0
P0294,V0294-6,0.962,0.775,1.894,-0.952,0.044,0.225,-0.51,-1.244,1
P0227,V0227-7,-0.87,0.672,1.323,-0.121,-0.006,-0.39,-1.253,1.312,0
P0363,V0363-0,-2.191,0.993,0.282,1.363,-1.015,1.486,1.26,0.089,0
P0317,V0317-0,0.766,-1.481,-0.28,-1.734,0.37,-1.906,0.737,1.504,1
P0326,V0326-6,-3.379,1.643,0.378,0.621,-0.425,-0.768,0.202,0.972,0
P0149,V0149-1,0.507,-1.503,-0.465,-1.085,-1.694,-1.104,-0.028,0.351,1
P0009,V0009-0,0.381,-1.014,1.412,-0.559,-1.163,0.185,0.539,0.894,1
P0267,V0267-2,-0.075,-0.577,-0.64,-0.783,-0.6,-2.082,1.394,-0.381,1
P0096,V0096-2,1.181,0.761,-1.005,-0.462,-1.189,-0.605,1.319,-0.157,0
P0065,V0065-0,0.119,1.103,1.083,0.873,-0.135,-0.817,-0.45,0.965,0
P0137,V0137-0,0.239,0.192,1.604,-1.472,-0.116,-1.944,-2.285,0.452,1
P0194,V0194-1,2.391,0.013,-0.02,2.338,1.252,-0.72,-1.39,-1.346,1
P0042,V0042-4,0.974,-3.077,-2.548,-0.977,-1.366,-0.458,0.759,-0.602,1
P0039,V0039-2,0.362,-2.567,-0.271,-1.908,0.066,1.167,-0.215,0.625,1
P0407,V0407-3,0.366,2.724,0.523,0.399,1.863,0.85,0.397,0.712,1
P0100,V0100-6,-0.857,0.136,-1.183,-0.497,-0.651,-0.226,0.718,2.047,0
P0287,V0287-0,-0.609,0.455,0.112,-0.545,-1.006,-0.136,1.356,-1.096,0
P0218,V0218-0,0.21,-0.279,0.82,-1.608,0.415,-1.474,1.108,0.519,0
P0126,V0126-2,-0.759,-0.59,-1.498,-1.774,-0.188,0.074,0.893,1.684,1
P0003,V0003-0,0.807,-1.877,-0.433,0.621,-1.476,-0.844,-0.302,0.044,1
P0313,V0313-1,-0.558,0.406,0.062,0.809,-0.225,-1.501,-0.563,-2.03,0
P0464,V0464-5,-0.578,-1.415,0.046,-0.111,-0.281,1.61,0.53,0.941,1
P0106,V0106-1,0.078,-0.137,-0.029,0.292,-0.021,-0.289,-0.608,-1.613,0
P0212,V0212-7,-1.873,-0.26,-0.835,2.362,-0.904,0.449,0.272,0.828,1
P0083,V0083-2,0.273,0.336,-0.631,-0.13,-0.845,-0.906,0.415,-0.131,1
P0470,V0470-1,0.419,0.925,1.222,1.771,0.166,0.347,0.24,-0.579,0
P0316,V0316-0,-1.114,0.756,-2.149,-0.964,-0.424,0.563,-0.321,0.73,0
P0034,V0034-3,-1.538,1.373,1.163,1.979,-1.397,1.433,-1.064,1.275,1
P0268,V0268-3,-0.765,-0.381,-1.034,1.282,0.319,0.814,2.279,0.742,0
P0345,V0345-2,1.751,-0.409,-1.506,1.067,-1.765,-1.519,0.308,0.55,1
P0168,V0168-1,1.777,-1.508,0.957,0.631,-0.314,1.133,-1.246,-0.642,1
P0372,V0372-2,1.671,-0.936,-0.442,0.785,1.312,0.549,0.978,-0.549,1
P0394,V0394-2,0.499,-0.147,-0.738,-1.885,0.293,0.437,-0.035,-0.282,0
P0331,V0331-5,0.726,1.133,-1.779,0.124,1.111,0.781,-1.1,-1.217,1
P0253,V0253-0,-1.06,0.681,-0.961,-0.619,-1.02,-0.206,2.076,1.894,0
P0395,V0395-0,1.417,0.313,-0.159,-0.588,-2.35,-1.449,1.975,0.833,0
P0090,V0090-4,-1.155,1.332,0.152,-0.464,-0.028,0.441,-0.349,-1.096,0
P0151,V0151-0,-2.259,-0.311,1.012,0.851,1.474,-0.832,-1.386,0.692,0
P0452,V0452-1,0.035,-1.876,-0.805,0.646,-0.491,-0.687,0.345,0.203,1
P0121,V0121-0,1.346,0.432,-0.295,0.197,0.624,1.086,-0.536,-0.8,1
P0357,V0357-4,0.093,-0.078,0.445,0.2,0.512,-0.191,0.949,0.005,0
P0054,V0054-2,-0.708,0.131,0.246,0.712,-2.482,-1.542,-0.57,-0.415,0
P0262,V0262-3,1.097,1.293,-0.791,0.529,-0.307,-0.505,-0.607,1.165,1
P0297,V0297-5,-1.464,1.503,-0.079,-1.307,0.939,-0.008,-0.269,1.907,0
P0206,V0206-1,-0.665,1.233,-0.05,-0.693,2.553,1.059,-0.136,0.587,1
P0272,V0272-1,0.212,0.743,0.831,-1.922,0.719,1.253,0.015,-0.354,0
P0066,V0066-1,-0.351,-0.791,1.448,2.301,0.779,0.091,0.654,1.079,0
P0404,V0404-1,-0.041,-0.48,0.029,-0.05,0.943,0.979,0.55,0.684,1
P0005,V0005-4,0.96,0.462,-0.475,-0.551,-0.375,1.266,0.584,-2.9,0
P0219,V0219-2,0.331,0.432,-0.52,-1.737,1.037,-1.0,1.725,0.966,1
P0451,V0451-2,1.855,0.69,-0.557,-0.997,-2.684,-2.136,0.19,1.186,1
P0473,V0473-4,-1.407,-1.078,-0.282,-0.523,1.208,-0.635,0.407,0.617,0
P0110,V0110-3,2.11,-0.102,-0.444,0.719,-0.308,0.065,0.807,1.651,1
P0479,V0479-2,0.505,0.189,0.504,0.169,2.338,0.088,-0.499,0.235,1
P0083,V0083-3,0.578,-0.203,-0.793,0.371,-1.171,-0.398,0.736,0.154,1
P0100,V0100-4,-0.562,0.372,-1.271,-0.09,-0.758,-0.241,0.976,1.808,0
P0231,V0231-4,0.328,0.143,-0.704,-0.128,-1.695,-0.231,-0.339,-0.89,1
P0379,V0379-0,0.337,2.36,-0.882,-1.694,1.863,-0.132,0.08,-1.091,0
P0483,V0483-5,0.383,0.981,-1.149,-0.064,0.136,-1.9,0.242,2.257,1
P0190,V0190-4,0.256,-0.045,-0.059,-0.87,0.034,-0.314,0.636,0.731,0
P0331,V0331-3,-0.112,0.558,-1.514,0.158,0.976,0.715,-1.703,-0.747,1
P0455,V0455-0,-0.189,-0.16,0.647,0.867,-0.995,-0.904,-1.446,0.314,0
P0061,V0061-3,-0.332,0.037,-0.025,0.224,0.087,0.247,0.903,1.58,1
P0249,V0249-6,-0.969,0.35,1.184,0.396,0.224,-0.972,0.715,-0.223,0
P0488,V0488-4,0.061,0.51,-2.782,-2.177,-0.368,-0.211,-0.892,0.195,0
P0289,V0289-6,0.83,-0.194,0.76,1.973,0.256,-0.408,0.515,-0.675,0
P0334,V0334-0,0.223,2.224,0.375,0.431,2.001,-0.599,-1.377,0.545,0
P0210,V0210-3,0.975,0.288,-0.13,1.974,-0.878,-1.917,0.242,0.452,0
P0437,V0437-5,0.888,3.346,-0.523,-1.666,-0.213,-0.019,0.443,-1.293,0
P0133,V0133-0,-0.36,0.854,-1.181,-0.706,-1.301,-0.847,-0.371,0.299,0
P0317,V0317-1,0.716,-1.366,-0.318,-1.462,-0.595,-1.479,0.138,1.027,1
P0100,V0100-3,-0.258,-0.112,-1.423,-0.254,-0.263,0.0,0.609,2.204,0
P0108,V0108-1,1.244,-0.654,-0.479,-0.454,-0.25,1.763,0.598,-2.516,1
P0145,V0145-7,1.328,0.128,0.072,0.643,2.378,2.773,-0.157,-0.73,0
P0238,V0238-6,0.637,0.562,1.245,0.252,-0.079,-0.846,-1.15,-3.13,0
P0278,V0278-0,-1.026,0.913,0.342,-1.593,-0.916,-0.223,0.739,-0.385,0
P0255,V0255-1,-0.928,0.292,0.442,-0.792,0.447,0.375,1.743,0.384,1
P0001,V0001-1,-1.491,0.801,-0.136,0.668,-0.262,0.707,-1.969,0.489,0
P0175,V0175-1,0.136,0.561,-1.371,-1.398,-0.717,2.094,-0.481,-1.825,1
P0198,V0198-5,-0.82,1.912,-1.447,-1.074,-0.358,-1.764,0.593,-0.874,0
P0254,V0254-0,1.234,-0.621,0.996,-0.276,-1.559,-1.523,-0.62,0.78,1
P0497,V0497-6,-0.066,-0.468,-1.734,-1.71,1.46,-2.077,-1.119,0.416,1
P0287,V0287-2,-1.027,-0.103,0.655,-1.298,-1.163,0.478,1.101,-1.35,0
P0363,V0363-3,-2.183,1.143,-0.253,1.247,-0.299,0.884,1.664,0.017,0
P0106,V0106-0,0.164,-0.385,-0.181,-0.041,0.198,-0.03,0.031,-1.735,0
P0150,V0150-0,-0.958,0.308,-0.547,-0.487,-0.931,0.002,0.617,1.138,1
P0232,V0232-1,0.737,1.375,0.495,1.228,0.039,-0.553,0.142,-0.188,1
P0205,V0205-2,-0.764,0.657,1.558,0.097,0.657,0.985,-1.218,1.015,0
P0217,V0217-6,-1.333,-0.063,-0.62,2.242,0.163,2.103,1.798,-0.898,0
P0098,V0098-1,-1.18,-2.465,-1.283,1.02,-0.1,0.306,0.757,-0.632,0
P0037,V0037-1,-0.1,-0.055,0.604,-0.209,0.988,1.337,-0.162,-0.192,1
P0241,V0241-0,-0.025,0.523,-0.403,-0.096,-0.024,-1.678,-0.297,1.013,1
P0053,V0053-5,-3.114,0.612,0.616,0.676,-1.36,0.719,1.132,-0.109,0
P0373,V0373-4,-1.161,1.245,-1.745,-0.876,0.321,0.013,1.326,1.855,0
P0375,V0375-2,0.209,-2.895,0.177,0.413,1.112,-0.011,-0.804,0.908,1
P0360,V0360-2,1.781,-0.795,-0.061,0.459,-1.399,-0.252,1.743,0.819,1
P0413,V0413-2,0.529,-0.675,0.083,0.175,1.709,2.009,-1.197,0.311,1
P0163,V0163-7,0.675,-1.617,0.544,-1.419,-0.681,-0.041,0.145,-0.182,1
P0399,V0399-1,-0.552,-1.124,-0.548,1.348,0.499,-0.401,0.241,0.707,1
P0141,V0141-3,-0.593,0.103,2.1,0.118,-0.329,0.229,0.185,-1.131,1
P0129,V0129-2,-0.527,-1.325,-0.61,-0.184,-1.652,1.889,-2.594,0.07,1
P0119,V0119-5,1.343,0.234,1.094,0.48,2.668,0.153,-0.567,0.477,1
P0358,V0358-0,1.259,0.255,1.125,2.364,-1.283,-1.174,0.858,-1.365,1
P0447,V0447-1,0.064,0.234,-0.885,-0.361,0.595,1.08,-0.079,-0.158,1
P0330,V0330-5,-1.257,-1.447,0.657,1.497,-0.532,-0.982,1.647,-0.087,0
P0317,V0317-3,0.639,-1.194,-0.07,-1.449,0.265,-1.245,0.584,0.756,1
P0167,V0167-7,-1.661,-0.796,-1.592,-1.467,0.11,0.529,0.097,-0.6,0
P0458,V0458-3,-1.054,-1.262,0.061,1.872,-0.396,1.636,0.102,-1.212,0
P0121,V0121-1,1.074,0.318,-0.135,0.082,1.009,1.061,-0.556,-1.292,1
P0461,V0461-1,-0.776,-2.121,1.872,-0.275,0.128,-0.166,-0.861,1.277,0
P0141,V0141-1,-0.974,-0.408,1.385,0.607,-0.453,0.777,0.398,-1.153,1
P0193,V0193-0,-0.62,-0.93,0.442,1.762,-1.703,-1.846,1.275,-0.837,0
P0074,V0074-6,-1.272,-0.025,-1.754,-0.087,-0.629,-2.661,-1.151,-2.827,0
P0338,V0338-7,0.736,0.687,0.054,1.382,1.302,-0.046,-1.576,0.861,1
P0196,V0196-2,1.077,-0.804,-0.32,-1.049,0.059,2.379,-2.08,1.08,1
P0165,V0165-3,-0.725,-0.471,0.146,0.278,1.534,0.471,-0.502,-1.58,0
P0328,V0328-4,1.056,-2.353,-0.479,0.935,-1.113,0.521,-0.018,-1.678,1
P0113,V0113-2,0.324,0.422,-0.492,0.224,0.053,-0.462,0.775,-1.463,1
P0252,V0252-5,-0.722,-0.156,0.002,-0.931,-1.451,0.71,-0.822,-0.827,1
P0312,V0312-0,1.572,0.417,-0.019,-1.714,0.505,0.023,-2.321,-0.523,1
P0281,V0281-1,-1.817,-0.474,-1.543,-1.787,-1.579,0.193,0.258,-0.661,0
P0193,V0193-5,-0.297,-0.845,0.557,1.828,-2.264,-1.688,1.581,-0.451,0
P0229,V0229-6,1.006,1.563,0.331,0.149,-1.507,-0.443,-0.901,-0.42,0
P0105,V0105-2,-1.304,1.017,-1.247,-1.778,0.105,0.507,-0.88,-0.432,0
P0016,V0016-0,1.197,1.597,-1.416,-0.01,-0.986,-0.277,-0.01,0.172,1
P0376,V0376-3,1.156,0.611,-1.193,-0.057,1.007,-0.188,2.098,2.631,0
P0057,V0057-4,0.148,-2.226,0.165,-1.961,-0.883,0.456,0.166,0.332,1
P0292,V0292-1,-0.032,-0.857,1.353,1.218,0.192,0.129,0.271,0.611,0
P0171,V0171-7,-2.037,1.201,-2.62,-1.11,0.005,0.901,-0.651,0.493,0
P0103,V0103-1,-0.187,0.482,-0.032,0.698,0.395,-0.888,0.482,-0.411,1
P0112,V0112-5,-0.882,0.147,-0.543,0.415,-0.253,0.73,1.333,0.142,0
P0336,V0336-4,-0.554,-1.959,0.894,2.949,0.804,-1.318,1.293,-0.755,1
P0066,V0066-0,-0.048,-1.183,1.069,3.025,0.653,0.027,1.27,0.623,0
P0403,V0403-4,1.349,-3.144,1.127,1.016,-0.365,-0.453,-0.475,0.06,1
P0233,V0233-5,1.694,1.541,-0.206,-0.864,-0.884,-0.414,-1.662,-1.244,1
P0105,V0105-4,-1.337,1.214,-0.664,-1.917,0.333,1.051,-1.122,-0.061,0
P0051,V0051-0,0.17,1.266,1.501,1.17,1.002,2.401,1.722,-1.438,0
P0341,V0341-5,-1.048,0.496,-0.793,-1.154,0.358,-0.517,-1.092,1.343,1
P0311,V0311-2,-1.072,0.019,0.547,1.392,1.021,0.713,-1.088,0.391,1
P0237,V0237-3,-0.835,0.06,-0.152,-0.702,1.127,0.084,0.006,-0.873,0
P0062,V0062-1,-0.393,1.735,-0.113,0.15,-1.274,0.585,0.251,-0.192,0
P0468,V0468-1,-1.859,-1.907,-0.077,-0.154,-0.14,-0.319,0.171,-0.363,0
P0109,V0109-2,-1.731,1.272,-0.911,0.717,-0.125,0.68,-1.592,0.173,0
P0140,V0140-1,-0.044,-0.127,0.663,-0.9,0.713,-2.089,0.057,0.243,1
P0164,V0164-1,-0.367,-0.541,-0.054,0.792,-0.691,-0.164,0.212,-0.804,1
P0387,V0387-3,-1.2,0.685,-1.619,1.49,0.799,-0.623,0.322,1.111,0
P0116,V0116-1,-1.249,-1.237,1.531,-1.19,0.342,0.614,0.458,-1.2,0
P0344,V0344-0,-0.713,-1.383,0.123,-0.77,-2.833,-0.561,-0.057,0.744,0
P0060,V0060-1,-0.537,0.139,-0.52,1.156,-0.973,0.727,-1.155,-0.448,0
P0054,V0054-1,-0.558,0.985,-0.311,0.522,-2.536,-1.943,-0.501,-0.206,0
P0387,V0387-1,-0.941,0.292,-1.656,1.406,0.366,-0.599,0.55,1.626,0
P0181,V0181-4,0.308,0.197,-1.312,-0.797,-0.71,0.081,-1.033,0.726,1
P0478,V0478-4,1.378,-0.63,-0.971,-0.016,0.889,1.764,0.041,1.43,1
P0345,V0345-1,1.814,-0.242,-0.812,0.628,-1.201,-1.427,0.675,-0.02,1
P0334,V0334-1,0.108,2.864,0.337,-0.137,2.556,-0.756,-0.802,0.887,0
P0457,V0457-1,-1.301,-0.371,0.586,0.035,-1.366,1.676,0.827,1.116,1
P0148,V0148-4,-0.698,-1.229,0.898,-0.319,-1.834,-0.825,0.183,-0.286,1
P0005,V0005-5,1.502,1.084,-0.372,-0.371,-0.416,1.336,0.253,-3.42,0
P0481,V0481-3,0.439,1.393,-0.618,-0.313,-0.559,-0.789,2.314,-0.331,1
P0139,V0139-3,2.43,-0.888,0.619,0.369,0.08,-0.527,-0.43,-0.384,1
P0422,V0422-1,0.937,-1.185,1.678,1.238,-0.468,0.317,0.444,-1.152,1
P0340,V0340-3,0.002,0.184,0.123,-0.006,-0.499,-2.522,1.17,-1.283,1
P0145,V0145-3,0.908,0.468,-0.081,0.544,2.474,2.596,0.125,-0.794,0
P0356,V0356-2,-0.566,-0.707,1.116,-1.429,-0.306,-1.989,0.182,-2.189,0
P0339,V0339-0,0.229,-0.818,0.947,0.237,-0.382,-0.951,-0.757,-0.981,1
P0137,V0137-2,0.074,-0.355,1.586,-0.799,-0.086,-1.813,-2.526,0.253,1
P0145,V0145-2,1.083,0.154,-0.111,1.27,1.904,2.658,-0.218,0.181,0
P0475,V0475-6,-0.125,-0.56,1.852,-0.258,-0.822,-0.538,-0.307,1.03,1
P0078,V0078-2,0.808,-2.562,0.236,-1.094,0.031,-0.117,-0.425,2.438,1
P0081,V0081-0,0.013,-1.302,-0.235,0.082,-1.235,-0.108,-0.767,-0.088,1
P0068,V0068-2,1.539,1.462,-0.376,-0.978,0.129,0.364,0.103,-0.962,1
P0221,V0221-2,0.824,2.58,-0.322,1.162,-0.456,-0.122,1.261,1.148,0
P0427,V0427-2,-0.54,1.385,-1.658,0.165,1.073,-0.121,-0.005,1.416,0
P0497,V0497-7,-1.067,0.146,-1.767,-1.674,2.126,-1.643,-1.388,0.047,1
P0260,V0260-1,-1.191,-2.319,1.251,-0.535,-0.531,0.747,-2.327,-1.159,1
P0394,V0394-4,0.295,-0.12,-1.11,-1.26,0.665,0.131,-0.972,-0.669,0
P0019,V0019-0,2.573,-3.53,-2.225,0.028,1.315,-0.395,-0.862,-1.312,1
P0214,V0214-0,0.91,-1.84,-0.809,-0.667,-1.332,-0.017,-0.49,0.863,1
P0309,V0309-4,0.107,0.162,-0.718,1.601,0.246,0.503,-0.14,1.934,0
P0470,V0470-2,-0.344,0.726,1.003,1.743,-0.263,0.537,-0.13,-0.461,0
P0033,V0033-2,1.916,0.368,-1.002,1.393,0.627,0.232,-0.54,-0.299,1
P0268,V0268-0,-0.611,0.427,-0.751,0.879,-0.611,1.532,2.099,0.869,0
P0421,V0421-3,0.433,-1.303,0.437,0.222,-0.898,1.407,0.436,2.025,1
P0359,V0359-4,-0.208,-0.856,0.365,-0.986,0.3,-1.334,-0.056,-1.341,0
P0377,V0377-2,0.988,-0.517,-0.278,0.482,-0.285,-1.791,-1.602,-0.389,0
P0323,V0323-0,-0.733,-1.202,-1.751,-1.219,0.604,-1.513,-0.561,0.206,1
P0110,V0110-7,1.793,-0.455,-0.115,0.657,-0.069,0.062,0.717,1.269,1
P0304,V0304-2,-0.082,-1.475,-0.435,0.346,1.085,-0.305,-1.741,0.848,0
P0211,V0211-2,1.094,-0.95,-1.089,0.547,-0.226,-0.163,0.268,-1.132,1
P0014,V0014-6,1.535,2.058,0.446,0.379,0.129,0.902,0.739,0.617,1
P0275,V0275-3,-1.209,-0.615,1.495,-0.834,0.404,-0.621,0.749,-0.604,0
P0085,V0085-1,-0.552,-0.727,-0.655,-0.024,0.259,-0.529,1.276,0.775,0
P0305,V0305-1,0.074,1.972,-0.852,0.448,-0.151,0.295,-0.548,-0.125,0
P0056,V0056-2,0.343,0.801,0.574,0.19,0.108,0.629,0.418,-0.13,0
P0282,V0282-0,-1.327,-0.46,-0.308,-0.657,0.351,0.402,0.112,-0.057,0
P0392,V0392-3,1.862,0.176,-0.881,0.546,0.956,-1.474,1.374,-1.702,0
P0052,V0052-2,0.212,-1.432,-0.391,-1.285,0.016,0.097,-0.098,0.369,1
P0235,V0235-6,-0.272,-0.354,0.66,-0.586,-2.159,0.635,0.177,-1.702,0
P0365,V0365-3,1.097,-0.522,0.646,1.146,0.404,-0.438,-1.376,0.849,1
P0492,V0492-4,0.561,1.312,2.453,-1.151,0.039,-1.305,-1.614,0.658,0
P0449,V0449-1,0.822,-1.332,-0.357,0.496,-1.17,0.119,1.001,0.368,0
P0142,V0142-0,0.034,0.47,-0.727,-0.604,0.354,-0.983,0.892,-0.348,0
P0082,V0082-6,0.587,-1.212,0.318,0.753,1.005,-0.494,0.762,-0.624,1
P0173,V0173-2,-0.548,0.101,0.169,0.067,1.266,-0.232,0.846,-0.674,1
P0363,V0363-7,-2.225,1.572,0.329,0.71,-0.312,0.895,1.287,0.234,0
P0260,V0260-2,-1.084,-2.405,0.872,-0.668,-0.288,0.096,-2.168,-1.815,1
P0456,V0456-3,-0.832,-1.741,-1.201,-0.254,-0.748,-0.429,0.076,-0.892,1
P0442,V0442-2,-1.321,-0.592,0.867,0.517,0.562,1.55,-2.827,-0.992,0
P0473,V0473-0,-0.916,-0.59,0.179,-0.403,0.743,-0.56,0.658,0.34,0
P0403,V0403-1,1.108,-2.879,0.926,0.803,-0.853,-0.399,-0.163,-0.03,1
P0106,V0106-3,0.164,0.693,0.5,0.272,1.047,-0.623,-0.136,-1.779,0
P0024,V0024-3,0.416,0.097,-2.178,0.317,1.171,-0.511,-0.718,0.678,1
P0018,V0018-0,0.111,0.24,-2.512,-0.058,1.046,0.194,0.567,1.961,0
P0043,V0043-6,0.658,0.088,0.185,-0.153,-0.966,-0.284,0.524,-1.083,1
P0002,V0002-5,0.093,1.068,-1.357,-0.271,1.204,0.207,0.977,0.422,0
P0103,V0103-0,-0.331,0.083,0.004,0.981,0.177,-0.409,-0.074,-0.614,1
P0214,V0214-4,0.555,-1.282,-0.694,-0.589,-0.881,-1.034,-0.373,0.469,1
P0028,V0028-3,0.278,0.733,0.696,-0.872,0.836,-1.071,0.977,-0.094,0
P0463,V0463-0,-0.03,-0.12,-0.289,1.175,-1.83,1.561,-1.154,0.112,1
P0326,V0326-2,-2.752,1.476,0.315,0.559,-0.926,-1.209,-0.09,1.316,0
P0438,V0438-3,-0.946,0.259,-0.096,0.106,0.846,-0.767,-0.109,-1.636,0
P0108,V0108-0,0.742,-0.352,-0.607,0.094,-0.647,1.954,1.038,-2.45,1
P0186,V0186-7,1.056,0.143,0.977,0.524,1.783,-1.297,1.087,-1.01,1
P0253,V0253-6,-0.998,0.621,-1.456,-0.381,-0.464,-0.049,1.916,2.094,0
P0403,V0403-0,0.737,-2.687,1.008,1.279,-0.659,-0.626,-0.647,-0.054,1
P0136,V0136-4,0.597,0.787,-1.042,-1.085,0.128,-0.551,0.67,-1.654,0
P0215,V0215-0,2.363,-0.429,0.899,0.319,0.595,-0.616,1.139,0.279,1
P0132,V0132-1,1.25,1.046,1.184,-0.728,-0.538,-0.778,-0.43,-1.019,1
P0160,V0160-0,0.683,0.371,0.72,1.205,-1.29,0.189,-2.912,0.156,1
P0213,V0213-2,0.109,-0.419,0.242,0.04,-1.143,-1.73,-0.793,1.633,0
P0370,V0370-2,0.429,1.062,-0.091,-0.203,1.508,0.395,0.241,-0.363,0
P0437,V0437-3,0.959,3.182,-0.466,-1.551,-0.658,0.291,0.258,-0.873,0
P0125,V0125-1,-1.002,-0.563,0.472,-0.67,-0.224,0.488,-0.797,0.638,1
P0296,V0296-5,-0.202,-0.089,-2.263,-0.326,-0.721,0.111,0.275,-0.829,0
P0251,V0251-1,1.426,0.424,-0.55,-0.402,0.927,-0.097,0.832,-1.467,1
P0200,V0200-1,1.554,-0.274,-0.012,-1.682,-0.034,-1.133,-1.051,-0.691,1
P0302,V0302-1,-1.489,-0.665,-2.196,-0.5,-0.219,0.002,-0.447,-0.424,1
P0283,V0283-0,-1.066,0.427,-2.016,1.149,-0.261,-0.719,-0.546,1.0,0
P0156,V0156-4,-1.175,-1.04,0.467,-0.919,0.369,-0.984,1.666,0.801,0
P0303,V0303-3,0.407,0.437,-0.046,0.217,0.939,-0.526,0.237,-0.231,0
P0068,V0068-3,0.556,1.472,-0.985,-1.271,0.441,0.602,-0.14,-0.814,1
P0041,V0041-4,-0.501,-2.149,-0.043,-2.013,0.307,-0.271,1.101,-2.202,1
P0193,V0193-3,-0.684,-0.664,0.901,1.112,-2.154,-1.188,1.496,-0.42,0
P0372,V0372-7,0.937,-0.445,-0.524,0.912,1.321,0.51,0.72,-1.015,1
P0174,V0174-6,-0.102,-1.696,-0.21,0.951,-0.973,0.44,1.361,-0.527,1
P0497,V0497-1,-0.405,-0.064,-1.714,-1.306,1.292,-1.861,-1.363,0.476,1
P0427,V0427-4,-0.019,0.856,-1.198,0.739,0.875,-0.458,-0.199,1.336,0
P0421,V0421-1,0.015,-1.799,0.392,0.161,-0.526,0.779,0.72,1.815,1
P0202,V0202-0,0.422,-0.035,1.472,-0.44,-0.083,0.254,-1.026,1.215,1
P0245,V0245-3,-0.116,0.11,-0.067,-1.144,-0.347,0.967,0.159,-0.108,0
P0362,V0362-2,-0.698,-1.119,0.766,1.867,1.482,-0.009,0.644,-1.516,1
P0118,V0118-2,0.859,-0.64,1.192,-0.656,0.832,0.521,1.238,1.137,1
P0064,V0064-1,0.836,-1.386,-2.815,0.512,-0.017,-1.076,-1.575,-2.315,1
P0163,V0163-6,0.468,-1.452,1.349,-1.763,-0.679,0.436,0.416,0.046,1
P0243,V0243-3,0.618,-0.409,-0.643,-0.018,1.276,-0.413,0.948,0.126,1
P0200,V0200-4,1.267,-0.09,0.208,-1.704,0.305,-0.6,-0.553,-0.421,1
P0119,V0119-7,1.653,0.105,0.867,-0.293,3.293,0.172,-0.422,1.384,1
P0339,V0339-5,0.947,-0.608,0.57,-0.127,-0.327,-1.097,-1.163,-0.988,1
P0381,V0381-5,0.508,1.652,0.336,-0.894,-0.278,0.355,-0.931,-1.244,0
P0376,V0376-4,1.218,0.64,-0.761,0.398,0.788,-0.5,1.983,2.038,0
P0416,V0416-1,-0.661,-0.933,1.542,-0.165,-1.526,-1.499,2.274,-0.582,1
P0034,V0034-2,-0.781,0.778,1.38,1.842,-1.961,1.436,-0.69,1.897,1
P0244,V0244-5,1.138,-0.629,0.686,0.72,-1.036,0.062,0.91,-2.391,1
P0368,V0368-4,0.041,0.418,0.751,0.355,0.051,-1.213,-0.283,0.639,0
P0056,V0056-0,0.309,0.122,0.206,0.301,-0.69,0.184,-0.046,-0.078,0
P0224,V0224-7,0.472,-1.021,0.587,1.463,-1.376,-0.271,-0.881,0.209,1
P0207,V0207-0,-1.687,-0.022,0.216,0.791,0.615,0.361,-0.993,-1.808,0
P0498,V0498-1,-0.603,-0.57,0.613,0.359,1.265,-2.078,0.14,2.628,0
P0365,V0365-6,1.055,-0.058,0.927,0.575,0.674,-0.213,-0.773,1.307,1
P0247,V0247-2,0.601,0.644,0.696,-1.746,0.307,1.14,1.218,-1.495,0
P0353,V0353-3,-2.299,-0.489,-0.134,0.591,1.008,1.368,-0.354,0.633,0
P0258,V0258-0,-0.095,-0.518,-0.098,0.413,-0.553,1.843,-0.904,-1.135,0
P0482,V0482-5,1.406,-0.717,0.542,0.343,-0.851,-1.272,0.688,-0.203,1
P0172,V0172-2,-0.325,-0.833,0.316,-2.744,0.542,1.376,2.283,-0.478,0
P0483,V0483-3,-0.08,1.216,-0.648,0.192,-0.222,-1.459,-0.548,1.897,1
P0064,V0064-2,1.224,-1.632,-2.791,0.583,-0.58,-0.065,-1.73,-1.831,1
P0338,V0338-5,0.827,1.239,0.804,1.606,0.873,-0.044,-1.793,1.1,1
P0172,V0172-1,-0.698,-0.782,0.849,-2.491,0.316,1.651,1.414,-1.032,0
P0115,V0115-2,-0.936,-1.589,-0.455,0.84,-0.929,0.449,0.556,1.569,0
P0491,V0491-0,1.335,1.529,0.396,-0.158,-1.677,-0.07,0.027,-0.755,1
P0376,V0376-1,1.265,0.957,-1.347,0.41,0.559,-0.225,2.463,2.097,0
P0323,V0323-3,-1.131,-0.441,-1.674,-1.633,0.185,-2.075,-0.231,0.323,1
P0167,V0167-2,-1.382,-0.187,-1.228,-1.988,0.049,0.342,0.877,-0.882,0
P0212,V0212-2,-1.468,-0.265,-0.888,2.25,-1.049,0.19,0.976,0.831,1
P0361,V0361-0,1.718,1.769,1.476,-1.014,0.956,1.548,-0.218,0.948,1
P0347,V0347-3,-0.053,1.233,0.2,0.789,0.184,-0.783,0.784,-1.367,0
P0033,V0033-0,2.117,0.289,-0.8,1.289,0.336,0.958,-0.852,0.155,1
P0129,V0129-1,-0.197,-1.418,-0.401,0.498,-1.032,1.193,-2.052,0.122,1
P0294,V0294-0,0.878,0.392,1.309,-0.476,-0.483,-0.684,0.051,-1.499,1
P0006,V0006-0,0.503,1.272,2.178,-0.153,0.836,0.199,-0.898,0.313,1
P0350,V0350-1,0.053,-1.21,0.047,-1.825,-0.336,-1.043,0.301,-0.146,0
P0289,V0289-0,0.705,-0.421,0.801,1.541,0.348,-0.34,0.908,-0.059,0
P0410,V0410-3,-0.761,-0.328,0.325,-0.085,-0.116,-0.997,-0.043,1.212,1
P0082,V0082-1,0.925,-0.971,0.233,0.496,1.409,-0.149,0.867,0.015,1
P0326,V0326-7,-2.766,1.982,0.78,0.184,0.004,-0.592,-0.094,1.376,0
P0285,V0285-0,-0.551,2.206,0.913,0.289,-0.867,0.903,0.72,0.364,0
P0376,V0376-2,1.698,1.075,-0.74,-0.183,1.077,-0.513,2.169,2.407,0
P0401,V0401-1,1.88,-0.719,0.47,0.142,-0.708,-0.511,-0.655,2.121,1
P0491,V0491-1,1.763,1.632,0.261,0.351,-1.975,0.124,-0.708,-0.752,1
P0051,V0051-1,0.361,1.307,1.814,0.092,0.976,2.767,2.239,-0.803,0
P0495,V0495-1,-0.225,0.806,0.601,0.305,1.025,0.903,-0.963,0.766,0
P0204,V0204-5,1.885,-0.372,-0.896,0.25,0.423,-1.081,0.175,1.286,1
P0302,V0302-2,-1.208,-0.49,-2.531,0.011,-0.091,-0.515,0.184,-0.638,1
P0359,V0359-1,-0.848,-0.326,0.91,-0.65,0.47,-1.723,0.31,-0.907,0
P0108,V0108-4,0.896,-0.626,-0.868,-0.481,-0.554,1.973,0.431,-2.395,1
P0263,V0263-2,-0.446,1.336,0.4,0.055,0.433,1.356,-1.817,-0.14,0
P0386,V0386-1,0.785,-0.004,0.133,-0.817,-0.775,-0.388,0.166,0.898,1
P0331,V0331-0,0.359,0.608,-1.971,-0.131,1.085,0.347,-1.051,-0.731,1
P0220,V0220-0,0.809,-2.005,1.764,0.559,-0.859,-0.177,-0.594,-0.048,1
P0131,V0131-5,0.718,-1.05,0.824,1.056,-1.422,-1.174,-0.267,0.818,1
P0012,V0012-2,-0.317,-1.096,1.542,-1.407,-0.403,0.13,-1.042,-0.102,1
P0188,V0188-2,-2.083,-0.445,-1.818,-0.68,-0.563,-1.151,0.43,0.126,0
P0449,V0449-2,1.059,-0.304,-0.503,0.121,-1.145,0.058,0.731,0.112,0
P0243,V0243-0,0.888,-0.96,-0.635,-0.225,1.877,-0.853,1.238,-0.88,1
P0049,V0049-0,-0.559,0.357,0.236,0.655,0.236,0.148,-0.813,-1.339,0
P0375,V0375-5,0.299,-2.553,-0.275,0.482,1.155,-1.207,-1.0,1.045,1
P0338,V0338-2,0.782,0.899,-0.164,1.545,1.263,0.614,-1.887,1.552,1
P0111,V0111-4,0.068,0.708,0.888,1.611,1.361,-0.442,-0.202,0.109,1
P0020,V0020-1,1.337,0.024,-0.181,1.564,-0.104,0.543,0.83,0.174,1
P0110,V0110-5,2.073,-0.07,-0.072,1.372,-0.094,0.371,0.85,1.803,1
P0203,V0203-1,1.892,-1.424,-0.745,-0.112,0.741,-0.185,-1.589,-1.453,1
P0224,V0224-1,0.284,-1.463,0.684,0.747,-1.104,-0.574,-1.329,0.316,1
P0247,V0247-3,0.853,0.174,0.931,-1.397,0.084,1.039,0.441,-0.708,0
P0253,V0253-1,-0.949,0.387,-1.581,-0.691,-1.153,-0.562,2.04,1.41,0
P0412,V0412-2,-0.299,-0.017,1.352,0.467,-0.246,-1.154,-0.619,-0.972,1
P0014,V0014-1,1.205,1.773,0.224,0.597,0.174,0.821,0.686,0.583,1
P0474,V0474-5,0.595,-0.32,-0.478,0.766,-1.219,1.859,-0.037,1.564,1
P0156,V0156-2,-0.457,-0.908,-0.005,-0.709,0.282,-1.086,1.231,0.786,0
P0006,V0006-2,0.541,1.019,2.5,0.05,0.6,0.733,-0.704,-0.254,1
P0476,V0476-1,-1.876,-0.9,-0.038,1.065,-1.718,0.374,1.698,-1.156,0
P0029,V0029-1,-0.555,-0.196,-0.452,1.018,0.708,-0.118,-1.802,1.148,0
P0411,V0411-1,1.49,1.312,1.557,-0.31,0.331,0.559,0.088,0.452,0
P0218,V0218-3,-0.008,0.27,0.892,-1.089,0.008,-1.396,0.885,-0.221,0
P0034,V0034-0,-1.559,0.724,0.898,1.831,-1.457,1.07,-1.101,2.046,1
P0465,V0465-3,0.824,0.518,0.08,0.293,-0.332,0.051,-1.752,0.648,0
P0443,V0443-4,0.073,0.341,1.251,2.297,0.711,-1.169,3.083,-0.718,1
P0057,V0057-1,-0.556,-1.994,0.285,-1.151,-0.2,0.396,0.046,-0.215,1
P0255,V0255-6,-1.013,-0.046,0.671,-0.786,-0.211,0.337,1.123,0.781,1
P0048,V0048-4,-0.168,-0.227,-0.177,1.148,0.073,-1.905,0.918,-2.593,1
P0373,V0373-5,-0.709,1.156,-1.465,-0.815,0.281,0.044,1.223,1.453,0
P0408,V0408-6,1.421,0.83,-0.486,-0.574,-0.674,-1.86,-0.147,0.953,1
P0456,V0456-6,-0.953,-1.928,-1.881,-0.201,-0.599,-0.753,-0.138,-0.961,1
P0196,V0196-4,1.141,-0.274,-0.212,-1.69,-0.738,1.868,-2.361,0.725,1
P0249,V0249-4,-0.377,0.299,0.893,1.092,0.338,-1.02,0.494,-0.314,0
P0400,V0400-3,1.975,1.051,0.467,-0.393,-0.759,2.959,0.662,-0.741,1
P0427,V0427-1,0.206,1.16,-1.683,0.394,0.803,-0.585,-0.206,1.734,0
P0371,V0371-3,-1.202,0.85,0.696,-0.828,0.246,1.263,0.541,1.653,1
P0264,V0264-4,0.608,-1.269,0.134,-1.155,-0.017,0.352,-0.084,0.754,1
P0274,V0274-2,0.964,-1.075,0.33,-0.56,-1.059,-0.892,1.008,1.627,1
P0035,V0035-2,1.026,0.611,-2.751,0.785,-0.531,-0.12,-1.156,0.624,1
P0092,V0092-2,-0.845,2.41,-0.336,-0.361,0.425,0.23,-0.691,0.274,0
P0122,V0122-6,0.675,-1.596,-0.386,-0.344,-0.654,1.951,-1.348,-0.343,1
P0078,V0078-0,0.392,-2.682,-0.002,-1.22,0.1,0.12,-0.435,2.609,1
P0352,V0352-0,-1.057,0.239,-0.624,-0.396,0.779,0.11,-2.487,0.551,0
P0127,V0127-5,-1.842,0.855,0.549,1.039,-0.65,-0.157,0.309,-0.373,0
P0008,V0008-0,-1.359,0.609,1.368,0.17,0.871,-0.008,0.712,0.273,0
P0432,V0432-0,1.52,-1.295,-0.223,0.167,0.303,-1.606,-0.828,0.605,1
P0480,V0480-1,1.486,-0.397,0.435,-0.399,1.326,-0.134,0.283,-0.283,1
P0010,V0010-6,0.635,0.202,0.362,1.13,0.696,-0.467,0.793,0.493,1
P0136,V0136-3,0.082,0.697,-1.719,-1.36,1.341,-0.3,0.241,-1.148,0
P0008,V0008-1,-1.245,1.093,1.508,-0.009,1.161,-0.334,0.422,-0.087,0
P0496,V0496-1,-1.611,0.18,1.877,-1.533,-0.224,-2.732,0.38,-0.064,0
P0109,V0109-1,-2.149,1.534,-1.312,0.516,-0.128,0.405,-1.528,-0.083,0
P0492,V0492-2,0.392,1.181,2.046,-0.847,0.269,-1.777,-1.23,0.521,0
P0494,V0494-5,0.83,1.147,-0.74,0.041,-1.093,0.045,0.149,-0.119,1
P0111,V0111-0,0.48,-0.14,0.888,1.016,0.776,-0.484,-0.244,-0.207,1
P0068,V0068-4,0.882,1.318,-0.657,-0.784,0.415,0.682,0.041,-1.058,1
P0141,V0141-5,-0.86,0.281,1.515,0.666,-0.514,0.584,0.657,-0.774,1
P0203,V0203-2,1.415,-1.203,-0.986,-0.343,-0.113,0.416,-1.531,-1.233,1
P0495,V0495-4,0.409,1.26,0.027,-0.328,0.766,0.351,-1.064,1.06,0
P0134,V0134-0,-2.13,0.583,-0.474,-0.022,-0.036,-0.7,0.953,0.639,0
P0173,V0173-3,-0.709,-0.592,0.529,-0.171,0.924,0.524,0.873,-0.052,1
P0446,V0446-1,-1.182,-1.772,-0.413,-0.365,-1.527,-1.423,-0.317,0.141,1
P0147,V0147-6,-2.043,-1.829,0.312,0.156,-0.278,0.619,0.193,0.351,0
P0480,V0480-0,1.668,-0.67,0.666,-0.337,1.954,-0.04,0.477,-0.17,1
P0113,V0113-5,0.253,1.161,0.181,0.061,0.602,-0.099,0.461,-0.523,1
P0498,V0498-2,-0.832,-0.323,1.602,0.88,0.784,-2.508,-0.237,1.976,0
P0186,V0186-3,0.612,0.269,1.054,0.913,2.124,-1.074,0.841,-0.431,1
P0434,V0434-1,0.502,0.42,-0.777,-1.57,0.729,-1.823,-0.729,0.791,1
P0335,V0335-1,1.573,-0.055,0.741,-0.826,-0.023,-0.414,-1.508,-1.81,1
P0269,V0269-3,-0.095,-1.569,0.571,0.179,1.634,-1.036,0.72,-0.174,1
P0047,V0047-3,2.05,-1.601,0.364,-0.975,-0.872,0.31,-1.101,1.907,1
P0102,V0102-4,0.237,-0.178,-0.135,-1.145,0.714,-0.067,-1.073,-1.046,0
P0273,V0273-1,-1.499,0.089,0.205,-1.036,0.595,-0.766,0.208,0.5,0
P0450,V0450-4,-0.184,-0.715,1.354,-1.883,-1.67,-1.353,0.734,0.474,0
P0174,V0174-3,-0.159,-1.175,0.192,1.366,-0.945,-0.047,1.906,-0.529,1
P0073,V0073-1,1.792,1.191,0.864,0.795,-0.702,0.755,-0.295,0.511,1
P0115,V0115-7,-0.593,-1.668,-0.663,0.683,-1.042,0.104,0.595,2.322,0
P0307,V0307-5,0.282,0.726,-0.959,0.36,1.57,-0.448,0.818,-1.385,1
P0437,V0437-6,0.959,3.033,-0.183,-1.493,-0.685,0.334,0.667,-0.912,0
P0355,V0355-2,0.376,0.009,-1.236,1.078,1.062,-1.745,-0.088,-1.123,0
P0208,V0208-3,1.051,-2.748,0.997,0.195,1.232,0.109,-1.104,0.791,1
P0013,V0013-0,0.247,-1.266,0.386,-1.163,-0.496,0.161,1.858,1.349,1
P0142,V0142-5,-0.068,-0.295,-1.643,-0.971,-0.295,-0.927,0.955,-1.079,0
P0204,V0204-3,0.941,-0.259,-0.273,-0.113,-0.301,-1.315,0.386,1.319,1
P0112,V0112-0,-0.316,0.622,-1.24,0.698,0.13,0.216,1.093,-0.076,0
P0485,V0485-2,1.375,-0.506,0.621,0.978,-0.629,0.036,-1.396,0.668,1
P0495,V0495-7,0.606,0.418,0.694,-0.538,0.355,-0.385,-1.152,1.229,0
P0321,V0321-5,-0.952,-0.246,-1.819,1.685,0.402,-0.767,-0.654,0.204,0
P0226,V0226-2,0.027,-0.44,-0.858,-0.507,0.495,-0.024,-1.305,-1.913,1
P0033,V0033-1,2.167,0.569,-0.732,1.292,-0.093,1.545,0.082,-0.142,1
P0217,V0217-2,-1.409,-0.787,-0.44,2.302,-0.133,2.148,2.086,-1.421,0
P0257,V0257-3,0.248,-0.584,1.416,-0.033,-0.869,0.196,1.408,-0.441,0
P0001,V0001-0,-1.63,0.567,-0.185,0.019,-0.423,0.698,-1.331,0.592,0
P0011,V0011-1,0.95,0.095,-1.032,1.374,-0.935,0.955,1.592,0.922,1
P0312,V0312-5,1.018,0.859,0.257,-0.888,1.156,-0.881,-1.673,-0.72,1
P0452,V0452-0,-0.718,-1.406,0.366,1.026,-0.164,-0.525,0.232,-0.318,1
P0122,V0122-2,0.253,-1.557,-0.436,0.41,-0.524,2.22,-1.225,-0.353,1
P0169,V0169-3,1.505,0.875,-0.691,0.69,-0.197,-0.941,0.279,-0.816,1
P0490,V0490-0,1.729,-0.062,-0.516,-1.0,1.71,0.1,-1.001,-0.057,1
P0214,V0214-1,0.726,-0.896,-0.906,-0.635,-1.093,-0.842,-0.484,0.99,1
P0417,V0417-3,-0.188,-1.344,0.485,-1.384,-2.195,-0.293,-0.518,-0.727,1
P0307,V0307-0,0.349,-0.159,-0.675,0.826,1.53,-0.423,0.809,-1.575,1
P0360,V0360-3,1.858,-1.252,0.159,0.651,-0.906,-0.027,1.015,1.622,1
P0173,V0173-4,-0.294,-0.092,0.689,0.179,0.549,0.213,0.874,-0.198,1
P0183,V0183-4,-0.199,-0.559,-0.454,-0.098,1.284,-1.021,-1.856,-0.071,0
P0400,V0400-0,1.805,1.325,0.463,0.445,-0.688,1.575,0.399,-0.386,1
P0382,V0382-4,0.803,0.008,-0.757,-0.317,2.108,0.352,1.135,0.225,0
P0474,V0474-2,0.718,-1.061,-0.365,0.963,-1.135,1.68,0.123,1.431,1
P0264,V0264-0,0.408,-0.704,0.234,-1.076,-0.177,0.898,-0.543,0.286,1
P0060,V0060-0,-1.093,0.442,-0.453,1.651,-0.688,0.784,-0.699,-0.725,0
P0380,V0380-0,0.334,0.231,0.386,1.267,-2.219,-0.759,1.727,0.567,1
P0395,V0395-3,1.264,0.175,-0.111,0.11,-2.255,-2.446,1.64,1.694,0
P0041,V0041-2,-0.77,-2.338,0.223,-1.899,0.159,-0.319,0.774,-1.437,1
P0287,V0287-5,-0.873,0.131,0.677,-1.218,-0.594,0.62,1.718,-0.933,0
P0385,V0385-0,-0.647,0.706,0.734,-1.921,-0.761,-0.719,-0.65,-0.273,0
P0401,V0401-5,1.601,-0.466,0.322,0.385,-0.89,-1.333,-0.428,2.067,1
P0043,V0043-0,0.63,-0.359,-0.158,-0.26,-0.775,0.078,0.685,-1.057,1
P0409,V0409-1,-0.373,-1.111,-0.278,-0.675,1.705,0.057,0.5,1.345,1
P0198,V0198-4,-1.329,1.672,-0.922,-0.81,-0.165,-1.562,0.684,-0.868,0
P0468,V0468-0,-2.16,-1.969,-0.439,-0.28,-0.683,0.171,0.428,0.078,0
P0378,V0378-1,-1.675,0.728,0.315,0.774,1.049,0.308,-1.19,0.447,0
P0003,V0003-2,1.068,-1.737,-0.802,0.068,-0.945,-0.559,-0.868,-0.76,1
P0450,V0450-3,-0.826,-0.741,1.737,-1.542,-1.509,-1.062,0.248,0.437,0
P0240,V0240-1,0.476,0.59,0.782,0.599,-0.329,0.651,0.928,1.167,0
P0460,V0460-3,0.27,0.367,-0.12,-1.431,-2.08,0.149,-0.009,1.203,1
P0010,V0010-5,0.091,0.097,0.348,1.243,0.354,-0.255,0.508,-0.056,1
P0041,V0041-6,-0.229,-2.439,-0.478,-1.711,0.822,0.507,1.199,-1.709,1
P0108,V0108-3,1.131,-0.833,-0.415,-0.453,-0.952,1.676,0.43,-2.693,1
P0251,V0251-0,2.077,0.186,-0.391,-1.283,1.11,-0.195,1.129,-0.994,1
P0260,V0260-0,-1.088,-2.155,1.593,-0.596,-0.475,0.079,-2.318,-1.523,1
P0012,V0012-5,-0.129,-1.228,1.21,-1.73,-0.745,-0.123,-1.711,-0.786,1
P0491,V0491-5,0.965,1.189,-0.113,0.188,-1.42,0.342,-0.166,-1.16,1
P0436,V0436-2,0.11,-0.066,0.482,0.017,-1.132,-1.63,0.516,2.768,0
P0373,V0373-1,-0.661,0.703,-2.256,-0.6,0.283,-0.272,0.839,1.349,0
P0458,V0458-4,0.227,-0.724,-0.02,1.191,-1.123,1.52,-0.213,-0.969,0
P0232,V0232-7,0.447,1.45,0.882,0.732,-0.362,-0.355,0.234,0.424,1
P0292,V0292-4,0.125,-0.334,0.88,1.183,0.448,0.472,0.046,-0.112,0
P0444,V0444-4,-0.559,2.617,-3.39,0.364,-0.877,0.452,1.013,-1.76,0
P0027,V0027-0,2.139,0.166,-0.246,0.39,0.949,-0.234,1.921,0.932,0
P0389,V0389-3,0.135,0.055,0.142,-0.653,2.262,1.409,-1.596,-0.301,1
P0153,V0153-3,0.508,-0.795,0.52,-1.57,0.707,-0.175,0.002,-0.374,1
P0451,V0451-5,1.818,1.461,-0.473,-1.521,-2.168,-2.353,0.52,1.064,1
P0023,V0023-4,0.3,0.669,1.296,-0.04,-1.286,1.111,0.169,-1.264,1
P0017,V0017-0,-0.548,-0.454,-0.594,1.706,-1.392,0.669,-0.006,0.682,0
P0190,V0190-6,0.146,-0.258,-0.491,-0.384,0.589,-0.244,0.169,0.741,0
P0353,V0353-6,-2.203,-0.414,-0.222,1.166,0.758,1.243,0.203,0.066,0
P0221,V0221-0,1.008,1.928,-0.281,0.682,-0.448,-0.1,1.403,1.381,0
P0267,V0267-4,-0.826,-0.03,-0.015,-0.893,-0.17,-1.989,1.154,-0.218,1
P0070,V0070-4,-0.373,0.794,-0.548,-0.407,-1.115,0.856,0.45,0.249,0
P0375,V0375-3,0.513,-2.911,-0.416,0.736,0.525,-0.077,-0.681,1.432,1
P0494,V0494-6,1.111,1.147,-0.34,-0.96,-1.323,0.582,0.03,-0.648,1
P0390,V0390-6,-0.158,-0.368,1.657,0.367,-2.045,-1.305,1.497,-1.831,0
P0475,V0475-2,-0.48,-1.091,1.597,-0.052,-1.417,-0.536,-0.31,0.667,1
P0394,V0394-0,0.5,-0.224,-0.854,-1.552,-0.175,0.107,-0.312,-0.501,0
P0441,V0441-1,-1.461,1.367,-0.36,0.927,0.494,1.894,0.321,-0.36,0
P0276,V0276-1,1.363,-0.171,0.186,1.392,-0.272,-0.26,1.555,1.523,1
P0209,V0209-0,1.289,-0.991,-1.243,-0.285,-0.208,1.222,2.075,-0.694,0
P0200,V0200-3,1.361,-0.737,0.376,-1.318,0.505,-1.177,-1.393,-0.515,1
P0142,V0142-2,0.224,0.531,-0.711,-0.291,-0.322,-1.033,0.226,-0.287,0
P0029,V0029-2,-0.647,-0.756,0.273,1.412,0.883,0.032,-2.089,0.623,0
P0434,V0434-0,0.048,0.375,-0.984,-1.731,0.769,-2.194,-0.754,0.693,1
P0047,V0047-0,1.994,-1.504,0.71,-0.729,-1.251,0.308,-0.414,2.654,1
P0344,V0344-4,-0.649,-1.168,0.126,-0.507,-2.003,-0.851,-0.056,0.101,0
P0347,V0347-5,-0.117,0.776,0.428,0.648,1.021,-0.727,0.932,-1.521,0
P0105,V0105-1,-0.724,1.561,-1.283,-1.641,0.882,0.552,-0.913,-0.131,0
P0398,V0398-0,-0.592,-0.702,-0.082,0.398,-0.451,-0.573,-0.037,-0.814,1
P0419,V0419-1,-0.554,2.039,-0.939,0.537,1.24,1.602,0.567,-1.079,0
P0198,V0198-2,-0.842,1.736,-0.545,-0.605,-0.545,-2.095,0.499,-0.779,0
P0217,V0217-1,-1.21,0.197,-0.491,2.723,0.029,2.015,1.79,-1.022,0
P0148,V0148-1,-0.616,-0.801,1.528,-0.982,-1.871,-1.315,1.032,-0.098,1
P0428,V0428-1,1.185,-1.691,-0.609,0.3,1.152,-0.855,0.052,0.813,0
P0065,V0065-2,-0.495,0.975,0.292,1.009,-0.266,-0.992,-0.098,1.087,0
P0010,V0010-3,0.439,-0.03,0.721,0.422,0.803,-0.725,1.32,-0.393,1
P0165,V0165-0,-0.643,-0.725,-0.128,1.176,2.049,-0.351,-0.782,-1.615,0
P0383,V0383-1,-0.0,0.325,-0.615,-1.748,-0.476,0.642,-0.906,0.384,1
P0301,V0301-1,-0.211,-0.871,-0.569,-0.338,-2.466,0.353,0.837,-1.483,0
P0264,V0264-3,0.487,-0.646,-0.177,-1.576,-0.18,0.488,-0.06,0.519,1
P0078,V0078-3,0.174,-2.595,1.232,-1.028,0.25,0.289,-0.634,2.63,1
P0286,V0286-4,-1.214,0.911,0.933,0.818,-0.269,0.422,-0.523,-0.976,0
P0316,V0316-3,-1.949,0.228,-1.93,-1.045,-0.101,0.285,-0.75,0.395,0
P0482,V0482-4,1.057,-0.691,0.63,0.726,-0.363,-1.423,0.57,-0.701,1
P0069,V0069-0,-0.814,-1.345,0.558,0.43,0.916,-0.928,-0.512,-1.135,1
P0188,V0188-3,-2.111,-0.327,-1.361,-1.143,-0.872,-0.767,0.99,0.0,0
P0255,V0255-2,-1.267,-0.304,0.453,-1.491,0.132,0.444,1.382,0.117,1
P0036,V0036-6,-0.371,0.228,0.682,-0.473,1.149,2.396,2.042,-1.276,0
P0368,V0368-5,0.109,-0.07,1.659,0.556,-0.534,-1.416,-0.289,1.092,0
P0069,V0069-3,-0.494,-1.426,0.522,-0.114,0.718,-0.724,-0.574,-1.328,1
P0136,V0136-2,-0.064,0.8,-1.463,-0.808,0.704,-0.552,0.956,-1.382,0
P0147,V0147-1,-1.42,-1.439,-0.393,0.344,-0.599,0.746,0.62,0.12,0
P0291,V0291-2,-0.009,-0.434,-1.548,-0.357,0.063,1.2,-0.282,0.245,1
P0499,V0499-0,-1.124,-1.122,-1.535,0.208,-1.565,0.845,-0.621,0.032,0
P0117,V0117-2,-0.148,-0.984,-0.497,-0.402,0.129,-0.418,1.292,0.608,0
P0460,V0460-2,0.016,0.537,0.024,-1.757,-1.964,0.923,0.272,0.638,1
P0042,V0042-0,0.986,-1.351,-2.701,-0.948,-1.121,-0.752,1.294,-0.55,1
P0124,V0124-4,0.709,-0.192,1.853,0.726,0.982,-0.095,0.95,0.569,1
P0146,V0146-1,-1.08,-0.974,0.593,1.208,-1.282,1.996,-0.2,1.659,0
P0200,V0200-2,1.087,-0.067,0.724,-1.457,0.511,-0.828,-0.799,-0.127,1
P0225,V0225-0,-1.181,-1.081,-2.967,-1.674,0.65,0.85,-0.557,-0.086,0
P0076,V0076-2,-1.532,-1.37,-0.564,-0.382,-1.419,-0.491,-1.275,0.107,0
P0403,V0403-2,0.306,-2.856,0.802,0.802,-0.696,0.049,0.214,-0.445,1
P0346,V0346-1,-1.35,-0.358,-0.021,0.583,-0.888,-0.533,1.141,1.84,0
P0478,V0478-2,1.276,-0.768,-0.64,0.307,0.373,1.873,0.124,1.328,1
P0201,V0201-0,0.026,-0.098,-0.652,1.187,0.358,-0.292,-0.973,-0.535,1
P0482,V0482-2,1.797,-0.894,0.663,0.888,-0.369,-1.924,0.174,-0.9,1
P0325,V0325-1,1.386,-0.379,0.422,-1.287,-0.385,-1.371,1.215,0.042,1
P0403,V0403-5,0.455,-2.816,0.644,0.987,-0.475,-0.41,-0.105,-0.184,1
P0101,V0101-6,0.637,0.482,-0.939,0.169,0.369,1.101,1.718,0.123,0
P0168,V0168-0,1.212,-1.668,1.759,0.649,-0.75,1.077,-1.324,-0.352,1
P0276,V0276-0,1.23,-0.543,0.789,1.605,-0.799,0.22,1.525,0.95,1
P0113,V0113-1,0.465,0.063,-0.248,-0.316,1.04,-0.284,0.895,-1.336,1
P0270,V0270-1,-1.059,-0.811,0.331,0.717,0.602,-1.01,0.246,-2.138,1
P0104,V0104-2,1.02,0.671,0.602,-1.074,-0.458,-0.03,-0.996,0.905,1
P0228,V0228-1,-0.896,0.102,1.724,0.688,-0.876,-0.649,-0.071,-0.523,0
P0138,V0138-5,-0.03,-1.285,0.139,0.087,1.199,0.363,1.215,2.264,0
P0223,V0223-1,-1.698,0.1,0.595,-0.867,0.01,0.386,0.218,-0.551,1
P0197,V0197-7,1.788,-0.538,-0.54,-0.027,2.004,1.085,-0.922,0.792,1
P0251,V0251-3,1.461,0.709,-0.728,-0.614,0.847,-0.18,0.611,-1.05,1
P0057,V0057-5,-0.348,-2.533,-0.6,-1.13,-0.843,0.427,0.28,0.503,1
P0148,V0148-3,-0.742,-1.249,0.941,-0.38,-1.358,-1.117,0.406,-0.107,1
P0110,V0110-2,1.681,0.015,0.054,0.754,0.309,-0.282,0.465,1.78,1
P0305,V0305-6,0.578,2.761,-1.022,1.338,-0.351,-0.178,-0.403,-0.496,0
P0356,V0356-4,-0.516,0.171,0.987,-1.472,-0.336,-1.628,0.353,-2.403,0
P0399,V0399-3,-0.651,-1.303,-0.346,1.198,1.008,-0.859,0.794,0.128,1
P0089,V0089-3,0.015,-0.845,-0.114,-0.472,-0.013,1.619,1.204,2.437,1
P0239,V0239-1,0.056,0.659,0.168,0.259,-0.536,0.34,-0.899,0.142,1
P0257,V0257-4,0.401,-0.241,1.499,0.473,-1.278,0.621,0.614,-0.614,0
P0186,V0186-4,0.799,0.385,1.205,0.725,2.028,-0.433,0.955,-0.924,1
P0007,V0007-1,-0.09,1.063,1.588,0.411,0.518,0.45,1.429,0.077,1
P0428,V0428-2,1.207,-1.54,-0.409,0.879,1.035,-1.633,0.373,1.404,0
P0474,V0474-0,-0.156,-1.14,-0.367,0.796,-0.789,2.128,0.055,1.525,1
P0000,V0000-4,0.495,-0.344,-0.737,-0.625,0.579,-0.192,0.297,1.329,1
P0044,V0044-0,-0.941,0.296,0.244,0.698,0.258,1.555,-1.021,0.238,0
P0192,V0192-0,-1.417,-0.37,-0.857,-1.269,1.562,0.454,1.628,0.832,0
P0089,V0089-0,0.536,-1.036,-0.039,-0.136,0.021,1.738,1.816,1.775,1
P0095,V0095-0,-0.712,0.39,-1.124,0.213,0.891,-0.355,0.905,-1.194,0
P0322,V0322-1,0.874,-0.782,0.581,0.34,1.262,1.616,-0.715,0.942,0
P0048,V0048-0,0.056,0.355,0.227,1.01,0.45,-1.809,1.645,-2.195,1
P0083,V0083-0,0.327,-0.105,-1.131,-0.206,-1.598,-0.579,0.454,0.357,1
P0256,V0256-2,0.615,-0.59,-0.752,0.712,-0.72,1.247,-0.7,1.552,1
P0058,V0058-0,0.74,-0.599,-1.267,-2.992,0.906,0.249,-1.334,1.126,1
P0307,V0307-3,0.416,-0.41,-0.174,0.349,0.945,-0.329,0.336,-1.357,1
P0312,V0312-6,1.097,0.142,1.021,-1.571,1.285,-0.598,-1.028,-0.54,1
P0147,V0147-4,-1.951,-1.593,0.526,-0.266,-0.425,0.278,0.641,-0.218,0
P0168,V0168-2,1.624,-1.036,1.27,0.722,-0.646,1.07,-1.287,-0.373,1
P0236,V0236-0,1.111,0.297,0.496,0.093,-1.149,-0.536,-1.533,0.783,1
P0226,V0226-0,0.314,-0.452,-1.582,-0.871,0.365,-0.098,-1.196,-1.967,1
P0178,V0178-0,-0.44,-0.945,-1.546,-0.494,-0.898,0.493,0.602,0.709,0
P0234,V0234-3,0.079,-0.253,1.609,1.408,0.682,0.828,-0.208,1.254,1
P0465,V0465-5,0.155,0.99,-0.839,-0.097,-1.227,-0.128,-1.469,0.261,0
P0057,V0057-2,-0.668,-2.105,0.462,-1.747,-0.767,0.468,-0.011,0.467,1
P0105,V0105-0,-1.005,1.493,-1.003,-1.254,0.917,0.205,-1.066,-0.254,0
P0369,V0369-1,0.723,0.472,0.547,-0.779,-0.196,-0.711,0.613,0.641,1
P0441,V0441-0,-1.342,0.608,0.063,0.776,0.492,1.536,-0.308,-0.729,0
P0484,V0484-7,1.936,-1.22,-0.823,0.086,-0.959,0.117,1.779,-1.18,1
P0408,V0408-1,1.054,0.864,-0.431,0.977,-0.754,-2.504,0.05,0.902,1
P0420,V0420-1,1.03,-0.659,0.01,1.244,-0.402,1.061,-2.384,0.683,0
P0075,V0075-3,0.176,-1.669,-1.072,1.386,-1.291,-1.071,-1.032,0.147,1
P0310,V0310-3,1.902,0.74,1.475,-0.332,-1.741,1.036,-0.152,-0.257,1
P0137,V0137-3,0.168,-0.342,1.419,-1.235,-0.118,-1.603,-3.232,0.738,1
P0123,V0123-1,1.309,-0.508,-0.57,-1.467,-0.411,0.09,0.138,-2.391,1
P0238,V0238-1,0.311,-0.115,1.264,0.305,0.01,-0.812,-1.634,-2.741,0
P0019,V0019-2,2.409,-3.623,-2.234,0.447,1.311,-0.354,-0.832,-0.825,1
P0134,V0134-3,-2.442,0.567,-0.486,0.191,0.383,-0.731,1.0,0.986,0
P0156,V0156-0,-1.331,-0.989,0.18,-0.53,0.162,-0.86,1.645,0.836,0
P0039,V0039-4,0.011,-1.701,0.014,-1.557,0.015,0.499,-0.33,1.503,1
P0171,V0171-1,-2.115,1.169,-1.672,-1.062,-0.123,0.663,-0.16,0.879,0
P0272,V0272-0,0.683,1.071,0.761,-1.316,1.663,0.683,-0.008,0.194,0
P0351,V0351-1,-0.237,-0.136,-0.063,-1.55,0.667,0.416,-1.728,-0.351,0
P0357,V0357-2,0.524,-0.754,-0.02,-0.285,0.726,-0.613,1.247,0.194,0
P0219,V0219-1,-0.184,0.197,-0.618,-0.729,0.907,-0.768,2.154,0.972,1
P0162,V0162-1,-0.615,1.022,0.723,-1.042,-1.786,0.324,1.194,1.066,0
P0000,V0000-2,0.103,-0.059,-0.973,-0.368,1.115,-0.157,0.092,0.984,1
P0461,V0461-2,-1.12,-1.895,2.14,0.237,-0.199,0.259,-0.706,1.682,0
P0330,V0330-4,-0.954,-1.064,0.979,1.462,-0.538,-1.72,1.376,-0.542,0
P0025,V0025-0,-1.417,-1.942,-1.46,-0.787,-1.575,-1.48,1.028,0.744,0
P0471,V0471-1,-0.793,0.285,-0.334,1.84,0.058,0.987,-0.001,-2.306,1
P0363,V0363-1,-2.617,1.004,0.372,1.225,-1.14,1.269,1.671,-0.414,0
P0038,V0038-5,0.009,1.036,0.277,1.092,0.73,-0.524,-0.001,2.132,0
P0089,V0089-4,0.26,-0.756,-0.44,-0.541,-0.237,1.243,1.426,1.812,1
P0312,V0312-4,1.357,0.847,-0.024,-0.931,0.966,-0.596,-1.976,-0.789,1
P0090,V0090-2,-0.814,1.161,0.089,-0.446,-0.2,-0.143,-0.538,-0.269,0
P0338,V0338-3,0.609,0.97,0.71,1.036,1.307,-0.32,-1.738,1.266,1
P0439,V0439-3,-0.877,0.691,-2.251,-1.534,-1.548,-1.665,0.753,0.233,0
P0079,V0079-3,-0.436,1.486,-0.841,0.053,1.053,0.617,-1.246,0.597,1
P0377,V0377-7,0.691,-0.935,-0.245,0.699,-0.276,-1.419,-1.711,0.851,0
P0152,V0152-0,1.033,-0.646,0.939,1.005,-0.112,0.744,0.373,0.716,1
P0014,V0014-2,1.722,1.536,0.041,1.524,0.406,0.599,0.46,1.119,1
P0375,V0375-0,0.362,-2.828,-0.16,0.33,0.423,-0.522,-0.9,0.999,1
P0238,V0238-3,0.608,0.251,1.229,0.359,0.066,-0.87,-0.735,-1.817,0
P0068,V0068-5,0.992,1.525,-0.605,-1.037,-0.21,0.578,-0.406,-1.413,1
P0222,V0222-2,-0.042,3.302,1.433,-1.806,-0.698,0.517,2.618,1.514,0
P0391,V0391-6,-0.441,0.724,-0.243,-0.581,-0.811,1.126,0.776,-0.351,0
P0082,V0082-3,0.826,-0.214,0.331,0.523,1.156,-0.21,1.292,-0.149,1
P0229,V0229-4,-0.039,0.973,-1.389,-0.191,-1.41,-0.396,-0.548,-0.387,0
P0036,V0036-1,-0.496,0.198,-0.11,-0.716,1.305,1.984,1.732,-1.254,0
P0371,V0371-2,-0.815,0.21,1.391,-0.768,-0.138,1.518,0.342,1.46,1
P0327,V0327-1,1.529,-0.633,-1.442,0.228,-0.022,-0.233,-2.498,1.512,1
P0300,V0300-0,-1.273,-1.715,-1.217,-0.126,0.814,1.751,1.088,-0.656,1
P0189,V0189-5,1.017,-0.987,1.191,1.72,-0.814,0.905,-0.172,-1.916,1
P0397,V0397-6,-1.652,-1.882,-1.091,-1.317,-0.545,-0.946,-0.372,-1.254,1
P0068,V0068-1,0.878,1.131,-0.703,-0.626,0.765,0.647,-0.149,-0.636,1
P0203,V0203-0,1.376,-1.072,-1.236,-0.269,0.715,-0.085,-1.427,-1.461,1
P0289,V0289-7,1.547,-0.608,0.412,1.483,-0.196,-0.152,0.584,-0.203,0
P0342,V0342-2,-1.909,0.042,-0.739,1.491,0.167,0.604,-0.248,2.209,0
P0196,V0196-6,1.121,-0.734,-0.425,-2.041,-0.891,1.97,-2.168,0.482,1
P0308,V0308-0,-0.014,-1.711,0.123,0.69,1.092,0.153,2.919,0.48,0
P0219,V0219-0,0.472,0.523,-0.95,-1.164,1.286,-0.641,2.216,0.977,1
P0132,V0132-0,0.656,1.21,0.507,-0.375,-0.573,-0.282,0.487,-1.338,1
P0194,V0194-3,1.659,-0.768,0.058,1.7,1.202,-0.463,-1.325,-0.101,1
P0222,V0222-0,-0.012,2.819,1.464,-2.202,-0.564,0.172,2.779,1.467,0
P0039,V0039-5,-0.038,-1.706,-0.326,-1.888,-0.071,1.478,0.054,0.606,1
P0382,V0382-1,0.895,0.877,-1.356,0.36,1.433,0.15,0.935,-0.808,0
P0074,V0074-4,-0.861,-0.239,-2.365,0.321,-0.073,-2.44,-0.353,-2.637,0
P0327,V0327-2,1.108,-0.663,-1.519,1.054,0.298,-0.465,-2.004,1.981,1
P0305,V0305-5,1.476,1.609,-1.231,1.398,-0.885,0.049,-0.313,0.061,0
P0367,V0367-1,-0.351,1.593,-0.567,1.366,0.802,-0.159,0.006,0.049,0
P0043,V0043-2,1.104,0.011,-0.051,-0.078,-1.08,-0.237,0.698,-0.926,1
P0338,V0338-1,1.102,0.738,0.44,1.064,1.699,0.13,-1.831,1.719,1
P0347,V0347-7,0.132,1.08,0.491,0.783,0.405,-0.673,0.105,-1.07,0
P0494,V0494-2,1.244,0.347,-0.705,-0.672,-1.598,0.343,-0.348,-0.72,1
P0273,V0273-2,-1.516,-0.175,0.093,-1.675,1.099,0.422,-0.103,0.445,0
P0385,V0385-1,-0.453,0.674,0.503,-1.403,-0.235,-1.13,-0.897,-0.102,0
P0155,V0155-1,-0.093,-0.675,-1.112,1.27,1.382,1.328,-0.441,1.722,1
P0038,V0038-4,0.057,1.118,0.393,1.182,0.096,-0.804,-0.415,1.607,0
P0158,V0158-2,0.508,-0.696,0.145,-1.087,-2.821,-0.495,0.045,0.801,1
P0406,V0406-1,0.015,0.319,1.633,-0.834,0.791,1.44,0.364,2.776,1
P0201,V0201-1,0.245,-1.05,-1.428,1.75,-0.434,-0.223,-0.787,-0.371,1
P0008,V0008-3,-1.263,0.701,1.068,-0.075,1.142,-0.527,0.34,0.828,0
P0101,V0101-5,0.083,0.633,-1.182,-0.178,-0.382,1.468,1.238,-0.101,0
P0256,V0256-0,-0.154,-0.163,-0.994,0.238,-0.3,1.645,-0.259,1.62,1
P0307,V0307-6,0.102,-0.173,-0.754,0.579,1.799,-0.089,0.462,-1.328,1
P0069,V0069-4,-0.876,-1.449,0.527,0.332,0.455,-0.499,-0.099,-0.792,1
P0041,V0041-1,-0.692,-2.053,-0.259,-1.821,0.43,-0.422,0.512,-1.954,1
P0352,V0352-1,-1.212,0.58,-0.701,-0.104,1.061,0.813,-2.608,1.296,0
P0362,V0362-1,-0.166,-0.479,1.071,2.194,2.022,0.135,0.779,-1.876,1
P0268,V0268-1,-0.628,-0.001,-0.981,0.89,0.134,1.886,1.128,1.233,0
P0234,V0234-2,0.59,-0.258,2.61,0.688,0.631,0.823,0.584,1.135,1
P0243,V0243-2,0.113,-0.396,-0.324,-0.219,1.763,-0.638,1.076,-0.197,1
P0173,V0173-1,-0.386,-0.428,0.301,-0.152,0.875,0.648,0.183,0.172,1
P0410,V0410-2,-0.73,-0.904,0.278,0.074,0.228,-1.241,0.208,1.547,1
P0152,V0152-4,2.015,-0.658,0.981,1.245,-0.846,0.221,0.371,0.932,1
P0114,V0114-0,-0.499,-0.732,1.547,1.779,0.241,-2.131,-0.094,-0.436,1
P0166,V0166-1,-0.789,-1.294,0.844,-0.731,-0.332,-0.282,-0.945,-0.435,1
P0420,V0420-3,1.024,-0.753,-0.793,1.073,-0.274,0.702,-2.655,0.659,0
P0046,V0046-1,0.593,-0.579,-1.306,1.019,0.587,0.907,-0.01,2.425,0
P0314,V0314-1,1.802,0.112,1.047,-0.84,-0.553,0.924,0.245,0.828,1
P0263,V0263-0,0.165,1.761,0.363,0.627,0.325,1.112,-1.413,0.845,0
P0012,V0012-6,-0.15,-0.225,1.631,-1.211,-0.28,-0.193,-1.804,-0.839,1
P0176,V0176-4,-2.797,-2.641,0.127,0.279,0.275,-0.872,-0.939,-0.295,0
P0261,V0261-6,1.306,-0.766,-0.579,-0.047,-1.881,-1.165,0.032,-1.227,1
P0265,V0265-0,0.466,-1.464,2.134,-0.107,-0.126,-0.427,1.165,-1.763,1
P0043,V0043-7,1.278,-0.281,-0.644,0.047,-1.483,-0.346,-0.039,-0.988,1
P0208,V0208-1,1.195,-2.15,1.855,0.181,0.588,-0.281,-0.67,1.017,1
P0331,V0331-1,0.716,0.528,-1.625,0.083,1.472,0.415,-0.878,-0.119,1
P0209,V0209-1,0.518,-0.803,-1.989,0.357,-0.034,0.5,2.105,-1.752,0
P0497,V0497-2,-0.262,0.815,-1.988,-1.45,1.126,-1.728,-1.897,0.22,1
P0074,V0074-5,-1.069,-0.057,-2.372,0.405,-0.656,-2.131,-1.148,-2.418,0
P0435,V0435-4,-0.093,1.825,-1.553,-0.213,0.941,-0.438,1.592,-0.384,0
P0180,V0180-2,-1.276,-0.66,0.526,-0.209,-0.926,-0.004,1.268,0.45,0
P0227,V0227-0,-0.088,1.102,1.946,0.348,-0.992,0.127,-1.351,1.082,0
P0081,V0081-3,0.018,-1.817,0.048,-0.171,-1.296,-0.358,-1.116,-0.541,1
P0120,V0120-3,-1.115,1.864,0.54,0.75,0.949,-0.28,-0.784,-0.588,0
P0191,V0191-4,-0.008,-1.089,0.174,0.52,-0.189,-1.372,0.654,-0.408,1
P0046,V0046-2,0.186,-0.605,-1.754,1.17,0.663,0.403,-0.715,2.321,0
P0110,V0110-6,1.693,-0.122,0.244,0.75,-0.368,0.326,0.805,1.242,1
P0401,V0401-2,2.12,-0.369,0.048,0.244,-0.454,-0.716,-1.192,2.492,1
P0183,V0183-0,-0.399,-0.998,-0.648,-0.109,1.438,-1.192,-1.086,-0.094,0
P0429,V0429-0,-0.281,1.484,-0.149,0.582,1.404,0.43,0.33,1.167,0
P0296,V0296-3,-0.364,0.002,-2.458,0.152,-0.87,0.163,-0.488,-0.386,0
P0391,V0391-5,-0.72,0.512,0.119,-0.314,-0.309,0.905,0.857,-0.598,0
P0077,V0077-1,-0.169,-1.184,-0.944,-2.245,-0.548,0.419,0.911,0.168,1
P0022,V0022-0,-0.205,-1.092,0.516,-0.036,-0.677,0.986,-2.115,-0.146,1
P0123,V0123-0,1.532,-0.755,0.041,-1.178,-0.189,-0.408,0.183,-1.115,1
P0393,V0393-1,1.587,1.38,0.561,0.338,-1.088,-1.733,-0.406,-0.354,1
P0382,V0382-2,0.988,0.57,-0.778,-0.156,1.181,0.615,0.279,-0.267,0
P0293,V0293-1,0.071,0.846,-0.025,0.417,-1.395,1.522,1.043,-0.504,1
P0109,V0109-3,-1.59,1.411,-1.156,0.804,0.492,0.524,-1.224,-0.209,0
P0014,V0014-0,1.178,1.862,-0.268,1.359,0.502,0.542,0.75,0.839,1
P0252,V0252-6,-0.466,-0.37,-0.428,-1.318,-1.158,0.563,-0.955,-0.778,1
P0475,V0475-4,-0.246,-0.483,1.812,-0.386,-1.052,-1.013,-0.472,0.74,1
P0307,V0307-1,0.743,-1.027,-0.912,0.384,1.325,0.045,0.902,-1.542,1
P0100,V0100-1,-0.112,-0.554,-1.192,-0.179,-0.681,0.068,1.215,2.248,0
P0148,V0148-2,-0.093,-0.808,0.553,-1.356,-1.925,-0.711,-0.081,0.215,1
P0013,V0013-2,0.062,-1.001,0.208,-0.833,-0.725,0.176,2.334,1.165,1
P0245,V0245-2,-0.958,0.213,-0.127,-0.334,-0.451,0.318,0.075,0.175,0
P0235,V0235-2,-0.879,0.581,-0.251,-0.817,-3.124,-0.125,0.08,-1.077,0
P0181,V0181-3,0.325,0.48,-1.064,-0.733,-0.603,-0.113,-0.718,0.478,1
P0304,V0304-3,-0.376,-1.026,-0.791,0.649,0.586,-0.318,-1.217,0.615,0
P0050,V0050-0,0.299,0.372,0.464,0.845,2.864,2.139,0.193,0.507,1
P0082,V0082-2,0.874,-1.051,0.531,0.189,0.927,-0.203,1.619,0.201,1
P0176,V0176-3,-2.172,-1.947,0.165,-0.051,-0.228,-0.419,-1.12,-0.419,0
P0094,V0094-1,0.126,1.47,0.674,1.096,-1.735,-0.211,0.753,0.675,0
P0201,V0201-3,-0.049,-0.709,-1.227,1.573,0.201,0.291,-1.278,-0.649,1
P0301,V0301-3,-0.55,-0.687,0.134,-0.725,-2.595,-0.523,0.63,-1.33,0
P0477,V0477-3,-1.479,1.51,1.838,-2.197,0.007,0.75,-0.83,-1.497,0
P0286,V0286-0,-0.908,1.349,1.27,0.604,-0.179,0.932,-0.668,-1.168,0
P0397,V0397-0,-1.53,-2.356,-0.703,-0.772,-0.181,-0.711,-0.342,-1.125,1
P0402,V0402-4,-1.577,0.145,0.43,0.3,-0.993,-0.159,0.388,-0.814,0
P0169,V0169-0,1.506,-0.388,-1.132,1.191,0.174,-0.795,0.204,-0.988,1
P0359,V0359-2,-0.934,-1.041,-0.008,0.241,-0.08,-1.198,0.104,-0.909,0
P0047,V0047-4,1.688,-1.924,0.265,-0.759,-0.733,0.361,-0.955,1.893,1
P0193,V0193-2,-0.17,-0.207,0.524,2.037,-2.679,-1.553,1.194,-0.568,0
P0002,V0002-6,0.127,1.128,-0.823,-0.399,1.136,0.804,0.636,-0.37,0
P0336,V0336-0,-0.741,-2.088,0.609,2.485,0.925,-1.297,1.12,-0.365,1
P0080,V0080-2,-1.339,3.198,-1.247,-0.594,-0.345,0.719,-0.617,-0.79,0
P0228,V0228-0,-1.371,-0.125,1.319,0.739,-0.599,-0.382,-0.539,-0.086,0
P0182,V0182-1,-0.35,-0.791,1.758,-0.856,-0.074,-1.46,1.172,-0.666,1
P0446,V0446-2,-1.069,-2.094,-0.369,-0.21,-1.726,-1.154,0.08,-0.488,1
P0468,V0468-2,-1.908,-1.626,-0.177,-0.06,0.015,0.003,0.483,-0.288,0
P0251,V0251-2,1.464,0.614,-0.847,-0.193,1.007,0.088,-0.054,-1.06,1
P0389,V0389-0,0.01,0.483,0.08,-0.167,2.392,1.624,-1.118,0.676,1
P0252,V0252-3,-0.555,-0.594,-0.366,-1.003,-1.442,1.01,-0.673,-1.082,1
P0340,V0340-2,0.441,-0.474,-0.531,-0.447,-0.68,-2.397,1.158,-1.126,1
P0409,V0409-0,-0.414,-0.631,-0.23,-1.161,1.511,0.086,-0.361,1.297,1
P0200,V0200-0,1.406,-0.052,-0.279,-1.26,-0.007,-0.463,-1.047,-0.105,1
P0114,V0114-3,0.15,-1.163,1.328,1.968,-0.509,-2.34,-0.177,-1.038,1
P0167,V0167-0,-1.34,-0.778,-1.743,-1.426,-0.105,-0.515,0.082,-0.245,0
P0140,V0140-2,0.296,-0.709,0.618,0.228,-0.106,-2.456,0.03,-0.207,1
P0088,V0088-1,-0.196,-0.456,-0.079,0.025,0.44,0.465,0.447,-2.14,1
P0116,V0116-0,-1.116,-1.259,0.857,-1.781,0.861,-0.079,0.566,-0.405,0
P0079,V0079-1,-0.604,1.099,-1.471,0.43,0.6,0.02,-1.54,1.265,1
P0115,V0115-5,-1.674,-2.087,-0.401,0.68,-1.091,0.927,0.083,2.132,0
P0197,V0197-3,1.819,-0.051,-0.581,-0.013,1.738,0.727,-0.798,0.854,1
P0367,V0367-3,0.083,1.051,-0.371,1.546,0.504,-0.688,0.672,0.085,0
P0367,V0367-2,-0.355,0.614,-0.7,1.462,0.074,0.245,0.019,0.559,0
P0191,V0191-2,0.483,-1.06,-0.134,1.257,-0.083,-0.959,0.662,-1.098,1
P0305,V0305-4,1.109,1.879,-1.473,1.506,-0.318,-0.04,-0.411,-0.19,0
P0250,V0250-3,-0.535,-0.233,0.129,0.481,0.35,1.047,-2.435,-0.082,1
P0163,V0163-2,0.883,-1.314,1.126,-1.842,-0.949,-0.077,0.413,0.478,1
P0328,V0328-0,1.918,-2.461,0.172,0.668,-1.421,0.127,-0.507,-0.932,1
P0077,V0077-2,-0.264,-1.056,-0.891,-2.009,0.263,0.191,0.7,0.375,1
P0491,V0491-4,1.347,1.319,0.747,0.065,-1.819,0.155,-0.569,-1.127,1
P0252,V0252-1,-0.826,-0.121,-0.717,-1.053,-1.071,1.232,-1.101,0.04,1
P0265,V0265-1,0.941,-0.861,1.752,0.056,0.356,-0.615,1.092,-1.835,1
P0478,V0478-3,1.142,-0.708,-0.864,-0.061,0.293,2.106,0.392,1.808,1
P0134,V0134-1,-2.113,1.059,-0.829,0.291,0.0,-0.533,0.912,1.22,0
P0254,V0254-2,1.447,0.01,2.014,0.035,-1.761,-1.119,-0.744,0.699,1
P0116,V0116-2,-1.245,-1.067,1.907,-1.67,0.864,0.334,0.294,-0.793,0
P0474,V0474-3,0.17,-1.072,-0.112,0.839,-0.756,1.673,-0.005,1.346,1
P0143,V0143-0,0.68,1.178,-0.634,-0.012,-0.38,-2.08,0.281,-1.788,0
P0325,V0325-0,1.818,-0.064,0.389,-1.285,-0.791,-1.243,1.32,-0.306,1
P0439,V0439-1,-0.626,0.271,-1.398,-1.421,-1.007,-1.386,0.577,0.158,0
P0135,V0135-3,0.584,1.181,0.479,0.417,2.072,-1.109,-0.262,-0.068,1
P0091,V0091-1,0.116,0.745,-0.884,-0.347,-0.387,-1.334,-1.262,0.8,0
P0123,V0123-4,1.161,-0.767,-0.611,-1.523,-0.402,-0.956,0.014,-1.333,1
P0402,V0402-2,-1.591,0.582,-0.487,0.719,-1.275,-1.041,-0.548,-0.84,0
P0074,V0074-3,-0.562,-0.323,-2.427,-0.071,-0.608,-2.283,-0.885,-2.846,0
P0316,V0316-4,-1.122,0.841,-1.292,-0.604,-0.484,0.114,-1.252,0.682,0
P0444,V0444-3,-0.945,2.61,-4.186,0.155,-1.75,0.201,1.525,-1.404,0
P0145,V0145-5,1.126,0.172,-0.341,1.051,2.386,2.694,-0.402,0.233,0
P0424,V0424-0,0.105,1.465,-0.156,0.299,0.045,-0.564,0.932,-1.024,0
P0340,V0340-4,0.392,-0.588,-0.456,-0.216,-1.525,-1.884,0.314,-1.079,1
P0491,V0491-3,0.901,1.151,0.83,-0.163,-1.73,-0.441,-0.476,-1.28,1
P0196,V0196-1,0.561,-0.041,-0.375,-1.953,-0.76,1.968,-2.394,0.586,1
P0234,V0234-1,0.496,-0.216,2.408,1.353,0.732,0.613,0.607,0.425,1
P0296,V0296-0,0.117,-0.682,-2.339,0.15,-0.665,0.291,-0.972,-0.588,0
P0375,V0375-4,0.224,-3.421,-0.495,0.306,0.887,-0.731,-0.271,0.586,1
P0107,V0107-5,-0.257,1.514,-0.181,0.854,0.687,-0.29,-1.25,-1.635,1
P0034,V0034-5,-1.511,0.887,1.704,1.529,-1.983,1.001,-0.433,2.018,1
P0055,V0055-3,1.343,-0.735,1.005,0.796,1.179,-1.648,1.279,-2.961,1
P0157,V0157-2,-0.034,-0.064,1.089,-0.778,-1.269,-0.004,3.622,0.306,0
P0002,V0002-3,0.24,0.276,-0.832,0.077,2.017,1.385,0.862,0.534,0
P0466,V0466-0,-1.271,0.964,-1.28,0.082,0.59,1.511,-0.094,0.547,0
P0292,V0292-5,-0.401,-0.483,1.087,1.079,0.283,0.202,-0.309,0.564,0
P0027,V0027-1,1.769,0.035,0.082,0.017,1.083,0.912,2.403,1.112,0
P0195,V0195-1,-2.036,-0.554,-0.141,-1.557,-0.239,1.151,-0.537,1.117,0
P0475,V0475-1,0.335,-0.571,1.521,-0.112,-1.069,-0.005,-1.054,1.12,1
P0052,V0052-3,-0.094,-0.962,-0.189,-1.387,0.278,0.266,-0.237,-0.077,1
P0320,V0320-0,0.827,-2.0,-0.073,0.811,0.253,-0.116,0.914,-0.215,1
P0140,V0140-4,-0.14,-0.762,0.634,-0.985,0.535,-1.963,0.165,0.553,1
P0498,V0498-3,-0.126,-0.28,0.49,0.728,0.87,-2.264,-0.389,1.987,0
P0010,V0010-7,0.833,-0.261,0.766,0.859,0.719,-0.197,0.504,0.008,1
P0095,V0095-1,-0.723,0.166,-1.023,-0.024,0.731,-1.076,1.307,-1.493,0
P0361,V0361-1,1.354,2.12,1.124,-0.617,0.763,1.017,0.85,1.336,1
P0486,V0486-6,2.202,1.091,0.877,-0.983,-0.309,-0.186,1.25,0.442,1
P0036,V0036-2,0.071,-0.564,0.033,-0.257,0.534,2.224,1.694,-0.817,0
P0499,V0499-1,-1.2,-1.109,-1.343,-0.034,-1.652,0.63,-0.226,0.276,0
P0206,V0206-2,-0.984,0.786,-0.49,-0.168,1.901,1.212,0.061,0.344,1
P0012,V0012-1,-0.15,-1.396,1.507,-1.147,-0.72,0.556,-1.249,-0.14,1
P0005,V0005-3,0.82,0.773,-0.741,-0.74,-0.742,1.379,0.827,-3.057,0
P0161,V0161-3,1.347,0.11,-1.003,0.028,-1.744,0.915,-1.485,-0.579,1
P0006,V0006-1,0.079,1.703,2.402,0.236,1.237,0.62,-1.458,-0.344,1
P0414,V0414-3,-0.193,-0.263,-0.34,2.495,0.776,-0.421,-0.61,-0.3,0
P0235,V0235-3,-1.141,0.187,-0.209,-0.383,-3.086,0.383,-0.294,-1.782,0
P0215,V0215-2,2.481,0.386,0.483,0.202,-0.063,-0.953,1.212,1.093,1
P0078,V0078-1,0.273,-1.946,0.489,-0.664,0.266,0.033,-0.755,2.407,1
P0227,V0227-3,-0.382,0.7,1.643,-0.367,-0.224,0.116,-2.053,1.597,0
P0107,V0107-4,-0.037,1.697,-0.374,0.908,0.829,-0.783,-0.909,-1.479,1
P0111,V0111-2,0.004,-0.014,0.82,1.499,0.864,-0.124,-0.029,-0.362,1
P0241,V0241-1,0.569,0.37,-0.354,-0.024,0.086,-1.311,-0.534,-0.202,1
P0151,V0151-2,-1.956,-0.669,1.323,0.978,0.762,-1.01,-1.246,0.495,0
P0467,V0467-4,0.277,-0.98,1.097,-0.662,-0.286,0.738,0.905,-0.11,1
P0056,V0056-5,0.568,0.189,0.768,0.241,0.103,-0.336,0.236,0.399,0
P0295,V0295-2,-0.501,0.521,0.657,0.104,-1.637,-0.093,-1.441,1.477,0
P0429,V0429-1,-0.411,0.517,-0.181,0.701,1.273,0.82,0.292,1.931,0
P0362,V0362-0,-1.078,-0.706,0.803,1.564,2.162,0.551,0.65,-1.313,1
P0294,V0294-4,1.281,0.324,1.724,-0.604,0.007,0.288,-0.61,-1.59,1
P0280,V0280-4,0.092,0.912,-0.649,-1.23,0.282,0.45,0.729,-0.253,0
P0074,V0074-0,-1.151,-0.008,-1.979,0.234,-0.797,-2.437,-0.649,-2.363,0
P0115,V0115-4,-0.783,-1.235,-0.007,0.127,-1.235,-0.246,0.338,1.543,0
P0364,V0364-1,2.257,0.745,-0.006,0.42,-0.135,-2.001,-0.144,-2.879,1
P0462,V0462-2,0.935,-0.641,-1.276,0.008,0.259,-1.053,-0.397,-1.787,1
P0182,V0182-4,0.267,-1.284,1.974,-1.243,-0.111,-1.183,0.819,-0.247,1
P0486,V0486-5,1.736,1.496,0.769,-0.152,-0.427,0.003,0.849,0.712,1
P0106,V0106-6,0.352,-0.354,0.652,-0.113,0.23,0.198,-0.096,-1.418,0
P0121,V0121-2,0.832,0.397,-0.325,-0.406,0.651,1.086,-0.544,-1.771,1
P0293,V0293-3,-0.141,0.819,-0.226,0.256,-1.05,0.625,1.197,-0.722,1
P0336,V0336-5,-0.597,-2.315,0.8,2.571,0.62,-1.39,1.415,-0.809,1
P0094,V0094-0,0.321,1.317,1.165,1.412,-1.922,-0.685,0.16,0.39,0
P0239,V0239-0,0.041,0.539,-0.273,0.727,-0.316,0.531,-0.864,0.36,1
P0483,V0483-2,0.067,1.458,0.005,-0.167,-0.685,-1.164,0.24,1.9,1
P0482,V0482-7,1.136,-0.717,0.542,0.386,-0.566,-1.377,0.76,-1.097,1
P0493,V0493-0,-1.052,-0.55,1.662,-0.905,-1.709,0.599,-0.317,2.027,0
P0046,V0046-3,0.371,-0.558,-1.1,1.138,-0.033,0.718,0.411,2.598,0
P0360,V0360-0,1.838,-1.176,-0.438,0.13,-0.992,-0.347,1.465,1.048,1
P0216,V0216-0,0.396,0.148,2.105,0.9,0.604,1.577,0.85,0.092,1
P0249,V0249-3,-1.519,0.286,0.409,0.624,-0.009,-1.109,0.586,-0.413,0
P0014,V0014-4,1.309,2.101,-0.089,1.503,0.367,0.516,0.939,0.441,1
P0375,V0375-6,0.13,-3.245,-0.224,0.124,1.279,-0.43,-0.757,1.46,1
P0453,V0453-2,-0.367,1.486,1.022,-2.153,-0.167,-0.147,1.057,0.726,0
P0210,V0210-2,0.793,0.12,-0.272,1.823,-1.465,-1.584,0.718,0.523,0
P0432,V0432-3,0.886,-0.92,-0.095,-0.338,0.628,-1.113,-1.061,-0.072,1
P0053,V0053-3,-2.76,0.927,0.779,0.846,-1.263,0.925,0.406,0.042,0
P0303,V0303-4,0.308,0.616,0.328,0.641,0.071,-0.68,0.106,-0.103,0
P0041,V0041-3,-0.686,-1.519,-0.01,-1.394,-0.2,0.016,0.963,-2.272,1
P0139,V0139-1,1.961,-1.653,0.187,0.52,-0.227,-0.14,-0.467,-0.29,1
P0321,V0321-1,-1.348,-0.578,-1.638,1.849,-0.066,-0.603,-0.289,-0.242,0
P0001,V0001-3,-1.736,-0.083,0.501,-0.109,-0.308,0.519,-1.271,0.933,0
P0405,V0405-1,-0.828,0.678,-1.43,0.022,0.08,1.109,2.486,2.633,0
P0279,V0279-1,0.681,-0.814,-1.077,-0.275,0.144,1.043,3.84,1.597,1
P0131,V0131-7,0.114,-0.461,-0.05,1.211,-1.171,-1.653,-0.405,1.957,1
P0370,V0370-0,0.965,1.127,-0.022,0.057,1.581,-0.309,1.702,-0.634,0
P0312,V0312-1,1.127,0.746,-0.419,-1.264,0.992,-0.096,-1.449,-0.514,1
P0224,V0224-3,0.344,-1.241,0.53,1.969,-1.201,-0.368,-0.96,-0.027,1
P0005,V0005-6,1.005,0.202,-0.727,-0.049,-0.47,1.261,0.092,-3.184,0
P0032,V0032-2,-0.67,0.262,0.317,0.088,-0.334,0.806,-0.811,0.778,1
P0227,V0227-4,-0.048,0.349,1.698,0.358,-0.788,0.789,-1.759,1.886,0
P0098,V0098-2,-1.062,-2.258,-1.672,0.839,-0.029,0.532,0.691,-0.45,0
P0048,V0048-7,0.943,-0.526,0.681,1.294,0.101,-1.237,1.597,-2.382,1
P0101,V0101-2,0.488,0.35,-1.56,0.107,-0.042,1.214,1.538,-0.458,0
P0100,V0100-0,-0.278,0.021,-0.807,-0.274,-0.714,0.005,0.369,2.536,0
P0447,V0447-2,0.504,-0.32,-0.468,-0.135,0.621,1.008,0.067,0.303,1
P0495,V0495-2,-0.149,0.653,0.825,-0.711,-0.037,-0.03,-1.181,0.936,0
P0202,V0202-2,0.644,0.267,1.427,0.067,0.009,0.502,-0.976,1.335,1
P0291,V0291-1,0.47,-0.619,-0.801,-0.057,0.125,1.067,-0.231,0.207,1
P0390,V0390-1,-0.369,-0.428,1.5,0.485,-1.167,-0.98,1.405,-1.874,0
P0154,V0154-1,0.287,0.937,0.297,-0.027,-1.058,-0.788,0.538,0.379,0
P0486,V0486-2,1.815,0.92,1.15,-0.639,-0.021,0.2,0.563,0.649,1
P0113,V0113-0,-0.29,0.498,-0.236,-0.115,1.401,-0.266,0.803,-0.717,1
P0052,V0052-5,0.024,-1.024,-0.072,-1.569,0.234,0.473,0.188,0.065,1
P0086,V0086-6,0.93,-0.003,0.293,-1.662,-0.65,-0.05,-0.413,-0.872,1
P0371,V0371-4,-1.536,0.441,0.909,-0.244,0.408,1.883,0.32,1.556,1
P0053,V0053-0,-2.204,0.806,0.665,1.129,-1.225,0.585,0.878,0.08,0
P0484,V0484-4,1.994,-0.935,-0.787,-0.144,-1.078,0.365,1.669,-0.924,1
P0443,V0443-2,-0.54,-0.393,0.882,1.545,0.71,-1.072,2.846,-0.703,1
P0098,V0098-7,-0.652,-2.836,-1.049,1.673,-0.107,0.175,1.075,-0.548,0
P0245,V0245-4,-0.899,0.17,0.544,-0.946,0.207,1.021,0.182,0.444,0
P0343,V0343-1,0.613,-0.418,1.895,1.783,-0.278,0.918,-1.683,1.244,1
P0295,V0295-0,0.052,0.368,1.251,0.215,-1.442,0.576,-1.937,1.727,0
P0061,V0061-5,0.254,0.354,0.335,0.072,0.489,-0.419,1.144,0.906,1
P0102,V0102-2,0.531,0.561,-0.775,-0.973,-0.22,0.382,0.087,-0.761,0
P0299,V0299-6,0.296,1.142,1.885,-0.299,0.595,-1.648,-0.901,-1.042,1
P0484,V0484-6,1.608,-0.246,-1.504,-0.003,-0.772,0.076,1.864,-0.948,1
P0366,V0366-3,-0.035,0.728,0.173,-0.371,1.265,-1.362,1.998,0.742,1
P0179,V0179-0,-0.81,0.151,-0.414,0.855,1.384,1.455,-0.487,-0.3,0
P0458,V0458-2,-0.121,-0.302,0.11,1.632,-0.217,0.985,-0.224,-0.948,0
P0127,V0127-1,-1.444,1.079,-0.142,1.075,-1.175,0.109,0.248,-0.167,0
P0276,V0276-6,0.659,-1.094,0.978,1.473,-0.834,0.006,1.039,1.267,1
P0092,V0092-1,-0.815,2.441,-1.093,0.171,0.692,-0.501,-0.766,0.596,0
P0238,V0238-2,1.13,-0.447,0.782,-0.16,0.406,-1.194,-1.394,-2.833,0
P0481,V0481-0,0.287,1.348,-0.889,0.022,-1.013,-1.021,2.434,-0.712,1
P0206,V0206-0,-0.628,0.815,-0.047,-1.053,2.41,0.711,-0.102,0.804,1
P0273,V0273-0,-1.377,0.196,-0.332,-1.698,0.684,0.049,0.122,0.269,0
P0356,V0356-7,-0.182,-0.491,0.833,-1.557,-0.697,-2.023,0.227,-2.451,0
P0368,V0368-3,0.423,0.137,0.986,-0.071,-0.399,-1.36,-0.566,0.96,0
P0431,V0431-0,-0.708,0.291,-1.398,0.189,-2.683,1.77,-0.334,-0.553,0
P0390,V0390-2,-0.022,-0.377,1.293,0.247,-1.276,-1.108,1.479,-1.901,0
P0384,V0384-0,0.946,-0.749,-2.385,-0.643,1.602,1.534,1.478,1.008,1
P0281,V0281-3,-1.584,-0.03,-1.853,-1.456,-1.188,0.149,0.205,-0.665,0
P0140,V0140-3,0.044,0.027,0.361,-0.686,0.29,-2.385,-0.044,0.256,1
P0212,V0212-4,-1.038,-0.097,-0.926,2.107,-0.624,1.066,0.493,0.821,1
P0492,V0492-3,0.436,1.127,2.491,-0.813,0.419,-1.891,-1.71,0.843,0
P0191,V0191-5,0.121,-1.168,0.138,0.556,-0.672,-0.698,1.331,-1.236,1
P0244,V0244-1,0.895,-0.83,1.249,0.03,-1.351,0.512,1.011,-1.658,1
P0216,V0216-1,0.148,0.136,1.49,1.226,-0.046,1.324,0.647,-0.879,1
P0415,V0415-2,1.483,-0.163,0.859,1.447,-1.725,0.025,-1.095,-0.481,1
P0306,V0306-2,-0.902,-0.441,-0.467,-1.1,1.219,-1.384,1.28,1.119,1
P0010,V0010-0,0.335,0.25,0.391,0.813,1.345,-0.516,1.384,-0.179,1
P0114,V0114-1,-0.383,-1.152,1.601,1.375,0.191,-1.942,0.173,-1.066,1
P0026,V0026-0,-1.739,-0.835,-0.071,-1.237,-0.743,-0.688,-1.034,0.82,1
P0109,V0109-0,-1.705,0.972,-0.757,1.482,0.425,0.124,-1.983,0.244,0
P0008,V0008-2,-1.085,0.388,1.185,-0.081,0.555,0.136,1.271,0.224,0
P0225,V0225-5,-0.322,-0.767,-2.746,-1.833,0.205,0.909,-1.34,0.311,0
P0402,V0402-1,-1.66,0.761,-0.705,0.488,-0.94,-0.403,-0.561,-0.543,0
P0347,V0347-6,-0.187,0.723,-0.016,0.75,0.069,-0.414,0.422,-1.358,0
P0264,V0264-2,1.142,-1.195,-0.106,-1.076,-0.565,-0.004,-0.177,0.788,1
P0015,V0015-0,0.634,0.792,0.955,0.85,0.612,0.884,0.012,-0.808,1
P0057,V0057-3,-0.552,-2.436,-0.199,-1.031,-0.611,-0.003,-0.123,0.188,1
P0279,V0279-0,1.313,-0.584,-0.858,-0.617,-0.281,1.221,3.519,0.831,1
P0171,V0171-4,-1.881,0.958,-2.523,-0.587,-0.061,0.453,-0.789,0.787,0
P0068,V0068-6,0.547,1.869,-1.278,-1.409,0.121,0.818,0.207,-0.873,1
P0443,V0443-5,0.235,0.217,1.062,1.875,0.844,-0.92,3.0,-0.906,1
P0261,V0261-3,1.163,-0.978,-0.752,-0.608,-1.887,-0.417,0.639,-1.49,1
P0270,V0270-3,-1.423,-0.815,1.083,0.566,0.908,-0.959,0.282,-2.585,1
P0186,V0186-5,1.002,0.325,0.891,-0.324,1.675,-0.992,1.098,-0.823,1
P0144,V0144-1,0.094,-0.388,-0.898,1.458,0.725,-1.786,0.321,0.281,1
P0074,V0074-2,-1.464,-0.213,-1.399,0.568,-0.491,-2.635,-0.987,-2.41,0
P0101,V0101-4,0.609,0.716,-0.96,-0.272,-0.498,1.139,1.895,-0.583,0
P0473,V0473-3,-0.579,-0.444,-0.562,-0.145,0.953,-1.27,-0.127,0.736,0
P0079,V0079-2,-0.892,0.931,-1.689,0.366,1.017,-0.188,-1.306,0.494,1
P0326,V0326-4,-2.922,1.226,0.176,-0.759,-0.744,-0.872,-0.658,0.884,0
P0469,V0469-2,0.14,-0.625,-0.79,0.986,-0.664,0.522,-1.058,-0.984,1
P0269,V0269-0,-0.475,-0.988,0.862,-0.142,1.36,-0.546,0.8,-0.135,1
P0274,V0274-0,1.25,-0.863,0.382,-0.434,-1.322,-0.466,1.345,2.177,1
P0469,V0469-1,0.198,-0.549,-0.492,0.645,-0.728,0.069,-0.533,-0.816,1
P0221,V0221-3,0.6,2.286,-0.085,1.046,-0.49,0.192,1.23,1.256,0
P0396,V0396-1,0.53,-0.54,-0.322,-0.009,0.272,2.003,0.463,-0.705,0
P0211,V0211-0,1.787,0.184,-0.747,0.868,0.107,0.168,0.474,-0.278,1
P0141,V0141-4,-0.609,-0.504,1.675,0.486,-0.756,0.347,0.619,-0.517,1
P0169,V0169-5,1.543,0.783,-0.93,1.226,-0.007,-0.765,0.427,-1.038,1
P0299,V0299-0,0.277,1.177,1.652,-0.66,0.565,-1.915,-0.904,-0.971,1
P0017,V0017-1,-0.539,-0.103,-0.291,1.874,-0.96,1.332,0.268,0.61,0
P0333,V0333-1,-1.246,-1.032,-0.151,-0.459,0.851,1.779,0.704,0.466,1
P0261,V0261-7,0.942,-1.059,-1.625,-0.963,-1.769,-0.525,-0.587,-0.452,1
P0220,V0220-1,0.963,-1.592,1.631,0.231,-0.217,-0.016,-0.604,-0.276,1
P0324,V0324-3,0.271,0.81,1.148,-1.323,-1.057,-0.536,0.81,-0.531,0
P0488,V0488-2,-0.533,0.637,-2.551,-2.404,-0.438,0.214,-0.718,0.754,0
P0187,V0187-5,0.717,1.449,0.585,0.647,-1.275,-1.193,1.215,-0.467,0
P0427,V0427-3,-0.147,1.148,-2.17,0.138,0.96,-0.392,-0.767,1.589,0
P0339,V0339-1,0.791,-1.069,0.707,-0.015,-0.517,-0.762,-1.347,-0.838,1
P0291,V0291-0,-0.082,-0.46,-1.15,0.183,0.475,1.329,-0.091,0.68,1
P0044,V0044-1,0.199,0.005,0.518,0.512,1.234,1.256,-0.303,0.683,0
P0070,V0070-6,-0.191,1.371,0.145,-0.157,-0.938,0.275,0.655,-0.18,0
P0167,V0167-5,-1.255,-0.086,-1.074,-1.814,0.533,0.193,0.349,-0.532,0
P0240,V0240-5,0.485,0.649,1.087,0.428,-0.559,0.128,0.481,1.215,0
P0214,V0214-6,0.77,-0.693,-0.557,-0.494,-1.141,-0.689,-0.063,1.217,1
P0354,V0354-0,-0.756,-0.175,0.788,-1.511,-0.243,-2.555,0.992,-0.28,0
P0112,V0112-1,-0.506,0.664,-0.784,0.582,-0.153,-0.03,1.02,0.04,0
P0255,V0255-3,-0.577,-0.286,0.504,-1.011,0.542,0.715,1.438,0.547,1
P0137,V0137-1,0.457,0.024,2.12,-1.616,-0.586,-1.309,-1.852,0.713,1
P0467,V0467-3,-0.457,-1.443,1.146,0.118,-0.464,1.333,1.001,0.128,1
P0475,V0475-7,0.355,-0.497,1.139,0.128,-0.88,-0.261,-0.198,0.901,1
P0175,V0175-7,-0.179,0.694,-1.519,-0.572,-0.529,1.941,-0.682,-1.143,1
P0298,V0298-2,-1.742,0.729,0.966,-0.693,1.565,-1.156,-0.447,-0.968,0
P0386,V0386-3,0.406,-0.36,0.446,-1.23,-0.909,-0.577,0.591,0.161,1
P0305,V0305-7,0.899,2.182,-0.97,0.858,-0.336,-0.127,-0.457,-0.351,0
P0174,V0174-0,0.35,-1.595,0.455,1.047,-1.083,0.503,1.731,-0.681,1
P0400,V0400-4,2.193,1.45,0.344,0.273,-0.492,2.068,0.823,-1.217,1
P0181,V0181-1,-0.021,0.107,-1.394,-0.52,-0.424,0.708,-0.136,0.689,1
P0494,V0494-1,1.25,0.885,-0.764,-0.437,-1.95,0.395,-0.207,-0.381,1
P0046,V0046-4,0.083,-0.534,-1.849,0.513,0.444,0.195,-0.627,3.123,0
P0102,V0102-3,0.152,0.441,0.555,-1.429,1.003,-0.088,0.219,-1.354,0
P0436,V0436-4,1.048,0.264,-0.077,-0.451,-1.023,-2.044,-0.029,2.18,0
P0031,V0031-1,-1.125,0.353,0.258,-1.918,1.785,0.029,-0.943,0.382,0
P0211,V0211-5,0.602,-0.055,-0.124,0.979,0.002,-0.224,1.073,-0.45,1
P0096,V0096-3,1.376,0.97,-0.667,-0.279,-0.811,-1.157,1.902,-0.032,0
P0174,V0174-5,0.036,-1.549,0.31,1.126,-1.642,0.279,1.924,-1.104,1
P0486,V0486-0,1.572,1.219,0.596,-0.776,-0.006,0.054,0.833,0.801,1
P0103,V0103-2,-0.386,0.358,-0.164,0.84,-0.315,-0.314,0.502,0.227,1
P0288,V0288-1,-0.242,2.105,-0.939,-0.04,0.932,-1.62,0.936,-0.192,0
P0185,V0185-0,0.576,0.499,-2.184,0.63,-1.79,-0.325,-0.987,-0.185,0
P0175,V0175-2,-0.302,1.155,-1.574,-0.15,-1.137,2.134,-0.383,-2.125,1
P0393,V0393-4,1.646,1.695,0.416,0.621,-1.108,-1.917,-0.437,-0.355,1
P0443,V0443-6,-0.564,0.239,1.615,2.077,0.313,-1.449,2.909,-1.124,1
P0030,V0030-3,-2.011,1.458,-0.32,-1.226,0.182,-1.379,0.228,0.952,0
P0381,V0381-6,0.521,1.745,0.138,-1.542,-1.315,0.986,-0.468,-1.739,0
P0024,V0024-0,-0.169,0.66,-2.309,0.08,1.505,0.088,-1.053,0.869,1
P0132,V0132-3,0.848,1.559,0.861,-0.274,-0.73,-0.372,0.005,-0.86,1
P0219,V0219-4,0.667,-0.077,-1.164,-1.22,0.839,-0.432,2.59,1.18,1
P0162,V0162-0,-1.33,0.089,0.942,-0.298,-1.067,-0.221,0.44,0.679,0
P0364,V0364-0,1.976,0.477,-0.185,0.259,-0.484,-2.365,0.443,-2.977,1
P0197,V0197-2,1.731,-0.27,-0.49,0.117,2.528,1.277,-0.91,1.306,1
P0382,V0382-5,0.457,-0.065,-1.071,-0.325,2.311,0.185,1.195,-0.124,0
P0401,V0401-0,1.765,-0.293,0.269,0.45,0.53,-1.181,-0.844,2.297,1
P0037,V0037-5,-0.417,-0.088,1.215,-0.097,1.0,0.888,-0.229,0.017,1
P0393,V0393-0,1.452,1.42,-0.087,0.432,-1.354,-1.479,-0.703,0.087,1
P0252,V0252-2,-0.351,-0.013,0.64,-1.404,-1.081,1.281,-0.944,-0.585,1
P0186,V0186-1,0.708,1.014,1.172,0.716,1.84,-1.089,0.896,-1.856,1
P0467,V0467-7,-0.115,-0.848,0.692,-0.505,-0.441,1.391,0.638,0.108,1
P0076,V0076-0,-1.095,-1.324,-1.463,-0.115,-0.921,-1.018,-1.924,0.045,0
P0411,V0411-0,1.867,2.072,0.993,-0.339,-0.116,1.093,0.289,-0.096,0
P0081,V0081-2,-0.296,-1.547,0.303,0.128,-1.291,-0.508,-1.41,-0.004,1
P0474,V0474-1,0.573,-0.718,-0.259,0.764,-1.201,1.443,0.364,1.488,1
P0430,V0430-0,0.022,0.303,0.5,1.316,0.212,0.66,0.706,0.417,1
P0254,V0254-3,1.064,-0.479,1.354,0.388,-1.426,-1.549,-0.587,0.969,1
P0108,V0108-5,0.679,-0.84,-0.392,-0.513,-0.375,1.445,1.169,-2.393,1
P0267,V0267-3,-0.634,-0.478,-0.249,-0.812,0.265,-1.054,1.333,0.737,1
P0381,V0381-4,0.552,2.033,-0.312,-1.969,-0.82,0.752,-0.235,-1.914,0
P0086,V0086-0,0.911,0.319,1.224,-1.419,-1.008,0.65,-0.665,-0.698,1
P0131,V0131-1,1.077,-0.751,0.513,1.033,-0.988,-0.931,-0.54,1.336,1
P0143,V0143-2,0.523,1.423,-0.506,0.419,-0.221,-2.519,0.256,-1.613,0
P0193,V0193-1,-0.575,-0.357,0.333,1.039,-2.243,-1.843,1.143,-0.232,0
P0156,V0156-1,-0.55,-1.405,0.201,-0.37,-0.213,-0.454,1.373,0.415,0
P0280,V0280-1,-0.147,1.001,0.405,-1.604,0.658,-0.035,0.867,0.45,0
P0417,V0417-2,0.249,-0.729,1.309,-0.93,-1.964,-0.892,-0.881,-1.509,1
P0056,V0056-3,0.725,0.557,0.081,0.322,-0.525,-0.373,0.049,0.233,0
P0280,V0280-2,0.334,0.649,0.274,-1.124,0.566,0.669,0.338,-0.362,0
P0476,V0476-0,-1.199,-0.378,-0.082,0.609,-2.597,0.624,0.962,-0.637,0
P0426,V0426-2,-0.348,-0.527,1.301,-0.807,-0.587,-0.591,0.242,-0.622,1
P0174,V0174-2,-0.65,-1.072,0.673,1.681,-1.183,0.397,2.065,-0.611,1
P0161,V0161-4,1.454,0.121,-1.098,-0.462,-1.981,1.456,-1.608,0.065,1
P0283,V0283-2,-0.865,0.724,-1.936,1.39,-0.343,0.266,-0.267,1.086,0
P0134,V0134-4,-2.06,0.639,-0.407,-0.158,0.421,-1.436,0.921,0.522,0
P0465,V0465-4,-0.005,0.721,-0.244,0.456,-0.707,0.171,-1.675,0.199,0
P0354,V0354-2,-0.436,0.087,0.454,-1.108,-0.658,-2.797,0.208,-0.15,0
P0490,V0490-1,1.472,-0.245,-1.019,-0.778,1.056,0.121,-1.39,-0.661,1
P0158,V0158-0,1.16,-0.256,0.578,-0.708,-2.304,-0.486,-0.34,1.109,1
P0449,V0449-0,1.165,-0.835,-0.502,0.78,-2.092,0.091,1.034,-0.073,0
P0010,V0010-2,0.208,0.197,0.052,0.713,0.759,-0.423,0.802,0.404,1
P0436,V0436-0,0.603,-0.707,0.285,-0.708,-0.871,-1.523,-0.241,2.754,0
P0106,V0106-5,-0.393,0.787,-0.062,0.784,0.621,-0.312,-1.175,-1.256,0
P0125,V0125-2,-1.044,-0.908,0.713,-0.285,-0.542,-0.567,-0.543,0.542,1
P0488,V0488-1,-0.189,0.423,-2.52,-2.449,-0.98,-0.292,-0.388,-0.121,0
P0358,V0358-1,1.249,0.651,1.578,2.022,-1.387,-0.985,1.539,-1.951,1
P0277,V0277-1,-0.023,0.452,2.306,-0.335,-2.069,-0.826,-0.614,-0.4,1
P0227,V0227-1,0.475,0.915,1.071,-0.654,-0.838,-0.41,-1.88,1.49,0
P0201,V0201-2,-0.407,-0.398,-0.694,1.418,0.574,-0.105,-1.185,-0.743,1
P0211,V0211-1,1.166,-0.316,-0.328,1.096,-0.29,-0.351,0.498,-0.467,1
P0339,V0339-4,0.211,-0.443,1.091,-0.559,-0.112,-0.539,-0.306,-1.345,1
P0052,V0052-0,0.441,-1.804,-0.473,-1.388,0.34,-0.082,-0.434,0.128,1
P0022,V0022-1,0.312,-0.472,0.634,-0.119,-0.885,1.632,-2.698,-0.106,1
P0161,V0161-0,1.569,0.208,-0.515,0.442,-1.508,1.246,-1.237,-1.021,1
P0422,V0422-2,0.226,-0.875,1.622,1.334,-0.449,0.776,0.514,-0.824,1
P0026,V0026-1,-0.648,-0.428,-0.755,-1.667,0.064,-0.528,-0.883,0.613,1
P0244,V0244-3,0.384,-0.51,0.89,0.442,-1.017,0.006,0.771,-2.044,1
P0041,V0041-0,0.007,-2.198,-0.7,-1.878,0.747,-0.193,0.861,-1.299,1
P0472,V0472-2,-1.134,-0.017,-0.914,0.427,-0.072,-0.432,0.13,-1.426,0
P0253,V0253-3,-1.116,1.36,-1.646,-0.36,-1.275,0.015,1.69,1.43,0
P0127,V0127-3,-1.529,1.071,0.314,1.339,-1.033,0.303,0.671,0.184,0
P0334,V0334-3,-0.443,3.111,0.125,0.76,1.932,-0.355,-0.592,0.312,0
P0357,V0357-1,0.279,-0.203,0.309,0.548,1.098,-0.829,1.447,-0.402,0
P0338,V0338-4,0.648,1.01,-0.088,1.363,1.197,0.121,-2.023,0.311,1
P0016,V0016-1,0.877,1.226,-2.043,-0.415,-0.421,-1.112,-0.413,0.693,1
P0105,V0105-3,-1.485,0.967,-0.862,-1.268,0.257,0.995,-1.611,-0.087,0
P0086,V0086-2,1.241,-0.287,0.704,-1.165,-0.676,0.124,-0.791,-0.804,1
P0257,V0257-1,-0.177,-0.684,1.62,0.606,-0.59,0.324,1.082,-0.486,0
P0286,V0286-3,-1.418,1.584,0.889,0.915,0.657,0.224,-0.484,-1.566,0
P0424,V0424-1,0.514,1.477,-0.551,0.03,0.07,-0.942,0.733,-0.786,0
P0437,V0437-0,0.538,3.179,-0.049,-1.771,-0.339,0.111,0.838,-1.655,0
P0413,V0413-0,0.85,-0.396,0.48,0.1,1.595,2.154,-1.093,0.097,1
P0427,V0427-0,0.003,1.05,-1.209,0.388,1.337,-0.3,-0.01,1.196,0
P0351,V0351-0,0.491,-0.211,-0.025,-1.862,0.628,0.348,-1.306,-1.049,0
P0275,V0275-1,-1.651,-0.75,0.812,-0.494,0.339,-0.365,0.608,-0.504,0
P0019,V0019-1,2.934,-3.726,-1.458,-0.756,1.172,0.017,-0.735,-1.658,1
P0006,V0006-4,0.168,0.593,2.249,-0.097,0.459,0.031,-0.912,0.312,1
P0309,V0309-1,0.801,0.233,-0.232,1.55,0.474,0.544,-0.237,1.984,0
P0324,V0324-6,-0.283,1.309,0.778,-0.784,-1.146,-0.902,1.056,-0.198,0
P0119,V0119-6,1.867,-0.512,0.964,0.539,2.667,0.173,-0.645,0.89,1
P0437,V0437-7,1.029,2.723,-1.054,-1.984,-0.512,0.257,1.377,-1.129,0
P0397,V0397-2,-1.276,-2.195,-1.351,-1.686,-0.445,-1.034,-0.396,-1.364,1
P0190,V0190-3,-0.261,-0.277,0.361,-0.471,0.862,-0.664,0.502,1.463,0
P0263,V0263-1,0.193,1.544,1.105,0.439,0.336,1.822,-1.891,0.192,0
P0056,V0056-1,0.82,0.966,0.212,-0.041,0.146,-0.28,0.264,-0.025,0
P0257,V0257-0,0.048,-0.327,1.401,-0.002,-0.766,0.498,0.958,-0.726,0
P0326,V0326-5,-2.742,1.178,0.751,-0.025,-0.434,-0.88,-0.136,0.856,0
P0110,V0110-0,2.209,-0.293,0.251,1.258,-0.459,-0.138,0.672,1.155,1
P0309,V0309-5,0.418,0.149,-1.078,1.612,0.569,0.411,-0.632,2.272,0
P0475,V0475-0,-0.038,-0.652,1.822,-0.25,-1.418,-0.748,-0.497,1.12,1
P0125,V0125-0,-1.09,-1.234,0.754,-0.392,0.013,0.182,-0.448,0.562,1
P0077,V0077-3,0.31,-1.126,-1.108,-1.662,0.034,0.67,1.091,0.41,1
P0126,V0126-1,-0.61,-0.01,-1.109,-1.789,-0.195,-0.192,1.561,1.222,1
P0389,V0389-1,0.08,-0.031,-0.163,-0.615,2.577,1.997,-1.072,-0.271,1
P0052,V0052-1,-0.413,-0.359,-0.025,-1.355,0.18,0.238,0.016,-0.525,1
P0245,V0245-0,-0.686,0.445,-0.353,-1.019,-1.141,0.873,-0.22,0.114,0
P0335,V0335-0,1.97,-0.395,0.895,-0.995,0.148,-0.296,-1.115,-1.134,1
P0415,V0415-1,0.83,-1.285,1.04,1.111,-1.443,0.706,-1.263,-0.957,1
P0028,V0028-4,1.091,0.144,0.999,-0.53,0.769,-1.03,0.876,0.672,0
P0375,V0375-1,0.735,-2.867,-0.103,0.891,0.975,-0.861,-0.856,1.395,1
P0329,V0329-1,-0.597,-0.604,-0.291,-0.458,-1.129,0.817,0.338,0.608,1
P0418,V0418-0,-0.365,0.315,0.178,0.276,-1.095,-2.112,0.974,1.35,1
P0154,V0154-0,1.069,0.691,-0.205,-0.135,-2.303,-0.438,0.264,-0.063,0
P0357,V0357-0,0.527,-0.068,0.549,-0.111,0.918,-0.363,1.211,0.227,0
P0081,V0081-5,-0.317,-1.354,-0.145,0.57,-1.575,-0.716,-1.473,-0.073,1
P0298,V0298-5,-1.651,0.086,1.093,-0.875,1.247,-0.506,-0.156,-0.203,0
P0474,V0474-6,0.507,-1.26,-0.056,1.203,-1.237,2.163,0.105,1.652,1
P0217,V0217-0,-0.604,-0.376,-0.216,1.913,0.241,1.911,1.665,-1.422,0
P0263,V0263-4,-0.293,2.01,0.511,0.991,0.753,1.819,-1.547,0.639,0
P0227,V0227-5,-0.545,0.42,1.157,-0.154,-0.451,0.293,-1.303,1.473,0
P0101,V0101-1,0.542,0.283,-1.567,0.223,-0.051,1.068,1.513,0.158,0
P0308,V0308-1,0.277,-1.264,0.505,0.728,0.884,0.188,2.59,0.595,0
P0318,V0318-0,0.523,-1.712,0.492,-0.833,0.876,1.312,0.191,-0.743,1
P0233,V0233-3,1.493,1.496,0.185,-0.43,-0.463,-0.253,-1.623,-0.884,1
P0393,V0393-2,1.266,1.225,0.812,0.42,-0.781,-1.335,-1.273,-0.219,1
P0148,V0148-6,-0.547,-1.041,1.118,-0.625,-1.608,-1.659,0.457,0.271,1
P0089,V0089-2,0.682,-1.095,-0.08,-1.198,-0.317,1.454,1.003,1.791,1
P0495,V0495-6,-0.097,0.433,0.519,-0.592,0.129,0.085,-0.549,1.695,0
P0281,V0281-4,-1.722,-0.075,-1.688,-1.625,-1.464,0.673,0.083,-1.035,0
P0458,V0458-0,-0.372,-0.594,-0.131,1.552,-0.934,1.403,-0.339,-0.442,0
P0286,V0286-1,-1.496,1.101,0.991,0.535,0.278,-0.28,-0.241,-1.097,0
P0245,V0245-1,-0.277,0.772,-0.207,-0.663,-0.145,1.076,0.046,0.718,0
P0220,V0220-2,1.228,-1.272,2.138,0.553,-0.653,0.493,-0.407,-0.531,1
P0497,V0497-5,-0.449,0.468,-1.491,-1.706,1.07,-1.901,-1.428,0.347,1
P0240,V0240-0,0.44,0.551,0.376,0.449,-0.392,0.609,0.853,1.132,0
P0178,V0178-1,0.175,-1.138,-1.139,-0.503,-1.373,0.247,0.128,1.175,0
P0258,V0258-1,-0.256,-0.124,-0.883,0.35,-0.145,1.475,-1.015,-0.969,0
P0469,V0469-0,-0.146,-0.273,-1.172,1.211,-0.861,-0.169,-0.815,-0.321,1
P0082,V0082-7,1.114,-0.564,0.015,0.613,0.558,-0.829,1.446,-0.211,1
P0392,V0392-2,1.298,-0.29,-0.929,0.235,0.577,-0.917,1.121,-1.525,0
P0354,V0354-3,-1.225,-0.224,0.221,-1.304,-0.268,-2.606,0.377,-0.042,0
P0114,V0114-2,-0.562,-0.997,1.244,2.113,-0.394,-2.673,-0.106,-0.863,1
P0304,V0304-0,-0.576,-1.19,-0.515,0.711,1.171,-1.136,-1.602,0.759,0
P0368,V0368-1,-0.164,0.501,1.177,0.394,-0.45,-0.936,-0.214,0.684,0
P0012,V0012-0,-0.273,-1.268,1.308,-0.73,-0.817,0.238,-1.577,-0.076,1
P0263,V0263-3,-0.132,1.496,0.245,0.556,0.362,1.407,-1.42,0.102,0
P0417,V0417-0,0.548,-1.021,0.838,-0.966,-1.798,-0.778,-0.896,-1.737,1
P0247,V0247-0,0.594,0.435,0.502,-2.182,0.064,0.855,1.184,-0.595,0
P0041,V0041-5,-0.043,-2.607,-0.177,-1.407,0.333,-0.283,1.217,-2.119,1
P0344,V0344-1,-0.766,-1.724,0.452,-0.717,-1.827,-0.715,0.154,0.364,0
P0141,V0141-0,-1.097,0.047,1.45,0.492,-0.824,0.597,-0.291,-1.183,1
P0254,V0254-1,1.684,-0.843,1.694,0.389,-1.595,-1.417,-1.068,0.597,1
P0335,V0335-4,1.908,-0.317,0.851,-0.527,-0.126,0.787,-1.503,-1.017,1
P0069,V0069-1,-0.984,-1.084,0.782,-0.385,0.717,-0.677,-0.89,-0.834,1
P0248,V0248-0,-1.755,0.439,-0.029,0.181,-0.89,0.374,-1.275,0.456,0
P0298,V0298-3,-1.881,-0.268,0.921,-1.174,1.607,-0.814,-0.105,-0.88,0
P0029,V0029-3,-0.414,-0.378,-0.024,0.94,1.599,-0.096,-1.393,1.34,0
P0410,V0410-0,-0.814,-1.044,-0.374,0.018,-0.051,-1.132,0.383,0.688,1
P0180,V0180-1,-1.106,-1.407,-0.018,0.391,-0.777,0.308,0.888,0.108,0
P0138,V0138-0,-0.085,-1.155,0.166,0.434,1.888,0.626,0.538,2.222,0
P0112,V0112-4,0.355,0.599,-0.38,1.042,0.339,0.264,1.583,0.114,0
P0055,V0055-0,0.646,-0.422,1.162,0.983,0.954,-0.732,0.709,-2.423,1
P0214,V0214-3,0.736,-1.183,-0.912,-1.343,-0.943,-0.476,0.089,-0.081,1
P0138,V0138-2,0.168,-1.816,-0.576,0.839,1.226,0.123,1.157,2.894,0
P0435,V0435-0,-0.521,1.423,-1.478,-0.196,1.033,-0.485,1.864,-0.563,0
P0049,V0049-3,-0.463,0.512,0.229,1.33,0.655,0.248,-1.416,-0.905,0
P0184,V0184-5,-1.262,0.891,0.86,-1.133,-0.614,-1.909,-0.785,-0.126,0
P0414,V0414-1,-0.042,-0.169,-0.889,2.544,0.811,-0.597,-0.037,-0.948,0
P0156,V0156-5,-0.507,-0.669,0.175,-0.652,-0.003,-1.864,0.933,0.379,0
P0383,V0383-5,0.367,-0.031,-0.227,-1.48,-1.27,0.353,-0.466,0.522,1
P0389,V0389-2,-0.401,0.074,-0.363,-0.616,2.66,1.94,-1.227,0.221,1
P0082,V0082-5,0.983,-0.748,0.722,0.328,1.072,-0.202,1.663,-0.507,1
P0379,V0379-2,1.122,2.61,-0.36,-1.226,1.607,-0.017,0.566,-1.242,0
P0177,V0177-0,0.365,1.33,1.639,0.633,0.274,-0.546,1.008,1.717,0
P0256,V0256-3,-0.037,0.267,-0.667,0.46,0.155,1.675,-0.182,1.693,1
P0163,V0163-1,0.319,-1.331,0.99,-1.629,-0.076,0.485,0.213,-0.021,1
P0023,V0023-3,1.007,1.522,1.766,-0.117,-1.232,1.602,-0.394,-1.076,1
P0211,V0211-3,0.84,-0.841,-0.584,1.055,0.424,-0.653,0.505,-0.912,1
P0438,V0438-4,-0.419,0.027,0.151,0.471,-0.081,-0.805,0.347,-0.874,0
P0364,V0364-2,2.525,1.16,-0.112,0.671,-0.634,-2.134,0.217,-2.415,1
P0363,V0363-4,-1.274,1.359,0.265,0.704,-1.367,1.243,1.003,-0.347,0
P0461,V0461-0,-0.552,-2.726,1.94,0.329,-0.277,0.336,-0.279,1.404,0
P0180,V0180-4,-0.962,-0.848,-0.154,0.738,-0.289,0.596,0.952,0.695,0
P0369,V0369-0,1.505,0.582,0.372,-1.405,0.114,-0.37,0.149,0.962,1
P0140,V0140-0,-0.222,-0.523,-0.216,0.06,0.48,-1.832,-0.065,0.382,1
P0119,V0119-1,1.356,0.19,0.749,0.037,1.963,-0.124,-0.69,0.891,1
P0062,V0062-4,-1.167,1.717,-0.463,0.886,-1.996,0.321,0.465,-0.54,0
P0365,V0365-0,0.465,-0.311,0.54,0.737,0.757,0.283,-0.819,0.987,1
P0165,V0165-2,-1.231,-0.982,0.471,0.71,1.279,-0.194,-0.58,-1.71,0
P0111,V0111-1,0.113,0.312,1.215,1.251,1.01,0.103,-0.118,-0.22,1
P0131,V0131-2,1.184,-0.9,1.093,1.038,-1.07,-1.252,-0.228,1.797,1
P0107,V0107-0,-0.101,0.952,-0.233,1.393,0.961,-0.663,-1.401,-1.769,1
P0381,V0381-7,0.048,1.745,0.181,-2.141,-0.53,0.656,-0.628,-1.85,0
P0394,V0394-3,0.348,-0.258,-0.974,-1.179,0.146,0.288,0.147,-0.898,0
P0327,V0327-3,1.222,-0.249,-1.167,0.748,-0.016,-0.447,-1.913,1.52,1
P0036,V0036-5,-0.206,0.115,0.178,-0.324,0.774,2.379,2.546,-1.564,0
P0163,V0163-4,1.245,-1.305,0.868,-1.38,-0.477,0.379,0.68,0.098,1
P0454,V0454-1,-0.816,-0.572,1.566,-3.703,-0.403,0.179,1.505,-0.198,0
P0431,V0431-2,-0.352,-0.102,-0.855,0.176,-2.502,2.041,-0.572,-1.016,0
P0080,V0080-1,-0.73,2.888,-0.716,-0.608,0.29,0.886,-0.547,-0.966,0
P0341,V0341-4,-1.576,1.6,-0.537,-1.122,-0.007,0.72,-0.925,1.254,1
P0049,V0049-1,-0.93,0.277,0.266,1.139,-0.076,0.07,-0.526,-1.406,0
P0186,V0186-6,0.843,0.496,0.5,0.476,1.554,-0.956,0.989,-0.841,1
P0090,V0090-3,-0.613,1.105,-0.129,-0.27,0.371,0.402,-0.04,-1.105,0
P0246,V0246-2,0.112,-1.844,0.954,0.141,-1.237,2.65,0.354,1.54,1
P0152,V0152-2,1.215,0.29,0.761,1.552,-0.269,0.742,-0.026,1.087,1
P0015,V0015-1,0.54,0.964,1.03,1.113,0.736,0.774,0.006,-0.862,1
P0243,V0243-4,0.646,-0.152,0.181,-0.115,1.583,-0.763,0.532,0.044,1
P0106,V0106-4,0.197,-0.007,0.213,-0.046,0.914,0.022,-0.672,-1.428,0
P0471,V0471-2,-1.227,0.42,-0.152,1.308,-0.468,1.045,-1.277,-2.295,1
P0235,V0235-1,-1.055,0.16,-0.295,-1.159,-2.877,-0.098,-0.192,-1.27,0
P0485,V0485-1,0.892,-0.747,0.63,0.906,-0.282,0.196,-1.2,1.261,1
P0446,V0446-6,-1.166,-1.492,-0.647,0.034,-1.241,-0.832,-0.824,0.191,1
P0268,V0268-2,-0.582,0.447,-1.264,1.249,0.406,1.296,1.5,1.084,0
P0171,V0171-2,-1.518,1.314,-1.736,-0.133,-0.09,1.055,0.018,0.608,0
P0407,V0407-2,0.563,2.265,0.035,0.594,1.546,-0.068,0.063,0.885,1
P0369,V0369-6,0.863,1.052,0.824,-1.31,-0.684,-0.038,0.077,0.909,1
P0368,V0368-2,-0.487,0.197,1.125,0.567,-0.152,-1.191,0.443,0.765,0
P0299,V0299-3,0.966,1.165,1.309,-0.269,0.339,-1.476,-0.624,-0.612,1
P0235,V0235-0,-1.056,0.513,-0.127,-0.865,-2.515,0.525,0.02,-1.596,0
P0456,V0456-2,-1.114,-1.574,-0.859,-0.052,-0.926,-0.978,0.119,-0.882,1
P0497,V0497-0,-0.883,0.396,-1.884,-2.313,1.168,-1.95,-1.285,0.47,1
P0405,V0405-4,-0.279,0.151,-1.03,0.474,-0.039,1.143,2.071,2.083,0
P0208,V0208-4,0.917,-2.616,0.938,0.262,0.63,-0.114,-0.974,0.515,1
P0089,V0089-5,0.522,-0.732,-0.457,-0.666,-0.539,1.458,1.578,2.208,1
P0123,V0123-3,0.841,-1.146,-0.015,-1.652,0.126,-0.033,-0.177,-1.58,1
P0366,V0366-4,0.914,0.923,0.502,-0.374,1.509,-1.444,2.254,0.226,1
P0376,V0376-0,0.839,0.732,-0.771,-0.148,0.278,-0.687,2.281,2.393,0
P0451,V0451-1,1.633,0.501,-0.547,-1.126,-1.952,-2.239,0.113,1.152,1
P0237,V0237-1,-0.427,-0.06,0.011,-0.263,2.341,-0.168,-0.742,-0.884,0
P0449,V0449-4,1.331,-0.95,-0.622,0.363,-1.665,0.059,1.06,0.622,0
P0276,V0276-5,1.388,-1.079,0.965,1.72,-0.338,-0.678,1.452,0.629,1
P0355,V0355-3,0.681,0.033,-1.212,0.794,0.587,-1.192,-0.078,-1.229,0
P0030,V0030-1,-1.629,0.719,0.043,-1.495,0.336,-1.312,0.274,0.838,0
P0419,V0419-2,-0.546,1.795,-0.984,-0.081,0.754,1.826,-0.382,-0.852,0
P0429,V0429-2,-0.164,-0.067,0.426,0.725,1.305,0.278,0.403,1.382,0
P0348,V0348-1,0.813,1.01,0.741,-0.467,-0.003,-0.664,0.077,-0.562,1
P0087,V0087-1,-0.679,-1.112,0.634,1.574,-0.364,-1.565,-1.747,-0.678,0
P0035,V0035-0,1.303,0.342,-2.968,0.795,-0.909,-0.118,-0.737,0.22,1
P0075,V0075-2,0.066,-1.59,-1.402,1.138,-1.083,-1.175,-1.393,-0.422,1
P0292,V0292-2,-0.622,-0.53,1.063,1.253,0.319,0.746,0.553,-0.073,0
P0330,V0330-3,-1.843,-0.484,1.151,1.269,-1.318,-1.726,1.61,-0.295,0
P0477,V0477-4,-1.374,1.092,1.454,-1.786,-0.121,0.245,-1.202,-1.539,0
P0085,V0085-2,-0.457,-0.469,-0.128,-0.11,-0.195,-0.573,0.734,0.993,0
P0012,V0012-3,0.563,-1.033,0.947,-1.212,-0.166,-0.262,-1.147,-0.259,1
P0440,V0440-0,0.636,-1.148,-0.954,-1.147,1.203,-0.504,-0.928,0.412,1
P0045,V0045-1,-2.598,0.029,0.113,-0.211,0.79,1.895,-0.461,-0.52,0
P0107,V0107-1,-0.525,1.419,-0.314,1.217,1.189,-0.365,-0.791,-1.898,1
P0076,V0076-3,-1.848,-1.407,0.215,0.35,-0.813,-0.96,-1.667,-0.114,0
P0021,V0021-1,-0.685,1.165,-1.462,1.218,0.248,0.341,1.416,1.423,0
P0335,V0335-2,1.255,-0.345,0.965,-0.889,0.032,0.264,-1.616,-1.889,1
P0323,V0323-5,-0.996,-0.546,-0.987,-1.129,0.714,-1.687,0.503,0.201,1
P0215,V0215-3,2.085,0.146,0.464,0.23,0.817,-1.371,1.396,0.67,1
P0305,V0305-3,1.054,2.433,-0.937,0.292,-0.574,0.05,-0.282,-0.212,0
P0196,V0196-0,0.918,-0.476,0.495,-1.063,-0.849,1.229,-2.468,0.76,1
P0034,V0034-1,-1.032,1.042,0.83,1.544,-1.476,0.863,-1.316,1.997,1
P0383,V0383-4,-0.272,0.797,-0.104,-1.806,-1.224,1.162,0.235,0.101,1
P0238,V0238-0,0.039,-0.199,0.845,-0.035,-0.094,-0.429,-1.654,-2.519,0
P0362,V0362-6,-0.653,-0.682,0.117,1.459,1.884,0.27,1.043,-1.663,1
P0319,V0319-1,-0.87,0.127,0.575,-0.741,1.258,-0.991,0.706,-1.223,0
P0456,V0456-0,-0.778,-1.551,-1.366,-0.438,-1.502,-1.013,-0.083,-0.817,1
P0460,V0460-0,-0.349,1.087,0.113,-1.035,-1.805,0.844,0.585,0.65,1
P0418,V0418-2,-0.895,-0.168,-0.182,-0.097,-1.954,-1.808,1.038,1.104,1
P0247,V0247-4,0.698,0.825,1.203,-1.861,-0.068,1.2,1.004,-0.754,0
P0355,V0355-1,0.162,-0.418,-1.445,1.149,1.5,-1.461,-0.887,-0.812,0
P0051,V0051-3,0.211,1.179,1.01,0.691,0.542,2.736,2.029,-1.203,0
P0330,V0330-2,-1.452,-0.576,1.252,1.056,-0.391,-1.859,2.058,-0.145,0
P0048,V0048-3,0.814,0.059,0.342,0.826,0.401,-0.593,1.354,-2.411,1
P0472,V0472-1,-0.953,0.045,-0.643,0.711,0.16,-0.249,0.527,-1.291,0
P0075,V0075-1,0.075,-1.098,-1.724,1.31,-0.651,-1.095,-1.183,-0.706,1
P0029,V0029-0,-1.106,-0.33,0.409,1.04,1.009,-0.057,-1.582,1.316,0
P0341,V0341-3,-0.748,1.498,-0.507,-0.418,-0.387,-0.25,-0.694,1.337,1
P0122,V0122-7,0.066,-1.359,0.11,0.016,-1.498,2.674,-1.736,-0.456,1
P0117,V0117-3,-0.124,-0.889,-0.206,-0.278,0.409,-1.338,1.211,0.709,0
P0072,V0072-0,-2.472,-1.1,-0.263,0.287,-0.076,0.896,-0.415,-0.841,0
P0219,V0219-6,0.001,0.668,-0.527,-1.251,0.762,-0.34,2.082,0.945,1
P0471,V0471-0,-0.565,0.697,-0.423,1.105,0.062,0.336,-0.503,-1.858,1
P0042,V0042-3,0.713,-2.391,-2.77,-1.044,-0.96,-0.96,0.788,-0.418,1
P0051,V0051-2,0.555,1.042,1.639,0.358,1.294,3.14,2.146,-1.519,0
P0040,V0040-2,-2.315,0.856,-0.091,0.506,-1.154,0.109,0.23,-0.272,0
P0131,V0131-4,1.096,-0.581,0.279,1.049,-1.066,-0.784,0.124,1.5,1
P0083,V0083-6,0.188,-0.679,-0.333,-0.004,-1.105,0.343,0.212,-0.432,1
P0197,V0197-1,1.751,0.134,-0.281,0.562,2.082,1.037,-0.717,1.106,1
P0402,V0402-6,-2.086,-0.078,-0.673,1.064,-0.842,-0.623,0.319,-0.494,0
P0311,V0311-4,-0.077,0.273,0.025,0.941,1.305,0.376,-0.919,0.164,1
P0139,V0139-2,2.223,-1.622,0.391,0.078,-0.522,0.491,-0.591,-0.299,1
P0372,V0372-0,1.589,-0.866,0.016,0.781,1.798,-0.085,1.256,-0.921,1
P0371,V0371-1,-0.422,0.549,1.188,-0.773,0.26,1.273,0.065,1.385,1
P0414,V0414-0,-0.378,-0.063,-0.294,2.628,1.038,-0.09,-0.203,-0.641,0
P0081,V0081-1,-0.083,-0.739,0.178,0.451,-1.589,-0.294,-1.516,-0.209,1
P0285,V0285-1,-0.377,1.987,1.099,0.188,0.377,0.625,0.481,0.17,0
P0275,V0275-2,-1.241,-0.339,1.98,-0.684,-0.103,-0.378,0.723,-0.507,0
P0282,V0282-1,-0.926,-0.823,0.175,-0.758,-0.097,0.62,0.25,0.277,0
P0071,V0071-1,-1.517,-1.215,0.194,2.224,-1.467,1.516,2.846,-0.953,1
P0127,V0127-4,-1.351,0.715,0.896,1.471,-0.721,0.283,0.167,-0.129,0
P0256,V0256-1,-0.1,-0.233,-0.881,0.712,-0.404,2.102,-0.457,1.719,1
P0210,V0210-1,0.928,-0.439,-0.634,1.59,-1.335,-1.939,0.268,0.872,0
P0057,V0057-0,-0.871,-1.811,0.231,-1.331,-0.803,-0.369,-0.443,0.351,1
P0215,V0215-4,1.818,-0.284,0.549,0.475,0.709,-1.29,1.606,0.303,1
P0494,V0494-3,1.195,0.68,-0.714,-0.506,-1.418,0.057,-0.084,-0.023,1
P0115,V0115-1,-1.532,-2.133,-0.09,0.118,-1.153,0.778,1.055,1.878,0
P0231,V0231-0,0.218,-0.083,-0.889,-1.061,-2.335,-0.036,0.101,-1.15,1
P0339,V0339-7,0.181,-1.005,0.578,0.753,-0.556,-0.57,-0.514,-0.895,1
P0363,V0363-5,-2.032,0.995,0.641,1.305,-0.9,1.08,1.161,-0.476,0
P0411,V0411-3,1.631,1.478,1.0,-0.275,-0.36,0.603,-0.068,-0.002,0
P0024,V0024-2,0.145,0.374,-2.307,0.225,1.312,0.03,-0.678,0.771,1
P0421,V0421-2,-0.406,-1.331,0.383,-0.466,-0.466,1.36,0.596,0.515,1
P0305,V0305-2,1.119,1.908,-1.185,0.823,0.045,0.565,0.198,-0.256,0
P0030,V0030-2,-1.942,0.878,-0.752,-1.778,0.45,-1.206,0.192,0.469,0
P0131,V0131-6,0.478,-0.879,0.754,1.127,-0.974,-0.744,-0.262,1.419,1
P0141,V0141-2,-1.124,-0.485,1.481,0.734,-0.629,0.978,0.05,-0.819,1
P0003,V0003-3,0.346,-1.537,0.174,0.557,-1.217,-1.03,-0.326,0.069,1
P0178,V0178-4,0.494,-1.07,-1.444,-0.661,-1.248,0.244,0.787,0.833,0
P0052,V0052-4,0.341,-0.492,-0.094,-1.5,-0.151,-0.127,-0.097,0.098,1
P0010,V0010-1,0.651,-0.37,0.56,1.155,0.866,-0.383,0.948,0.062,1
P0238,V0238-4,0.35,-0.49,1.044,0.255,0.398,-0.525,-1.334,-2.069,0
P0187,V0187-1,0.425,1.541,0.106,0.309,-0.412,-0.195,1.71,-0.419,0
P0097,V0097-0,-1.065,-1.428,-0.884,0.303,0.003,0.109,0.114,0.17,1
P0145,V0145-6,0.468,0.072,0.378,1.013,2.878,2.569,-0.004,0.352,0
P0381,V0381-3,1.04,1.486,0.096,-2.094,-0.328,0.163,-0.491,-1.595,0
P0417,V0417-1,-0.044,-0.72,1.424,-0.61,-1.965,-0.824,-1.008,-1.342,1
P0171,V0171-0,-2.286,0.91,-2.058,-0.628,0.133,0.725,-0.139,0.138,0
P0066,V0066-2,-0.19,-0.96,1.287,3.357,0.088,0.223,1.247,1.09,0
P0391,V0391-7,-0.554,0.0,-0.07,-0.64,-0.807,0.39,1.031,-0.304,0
P0038,V0038-6,0.14,1.137,0.175,1.287,0.815,0.109,-0.32,1.15,0
P0419,V0419-3,-0.845,2.199,-0.774,0.083,1.6,1.577,0.062,-0.427,0
P0341,V0341-0,-1.0,0.912,-0.548,-0.244,0.043,-0.078,-0.728,1.95,1
P0341,V0341-6,-1.609,1.429,-0.569,-0.861,-0.323,-0.31,-0.759,1.445,1
P0061,V0061-4,-0.34,0.02,-0.056,0.291,-0.018,-0.25,1.022,1.15,1
P0337,V0337-1,0.757,0.788,0.125,-0.016,-0.562,-0.47,0.629,-0.678,0
P0252,V0252-0,-0.526,-0.278,0.054,-1.301,-1.071,1.064,-0.73,-0.341,1
P0319,V0319-0,-0.902,0.409,0.655,-0.779,0.713,0.064,0.985,-0.84,0
P0187,V0187-6,1.038,1.512,0.896,0.144,-0.967,-0.811,1.832,-0.458,0
P0291,V0291-3,0.078,-0.725,-1.38,-0.408,0.065,2.101,0.155,-0.271,1
P0426,V0426-0,-0.411,-0.619,1.449,-1.303,-0.897,-1.205,0.327,-0.501,1
P0382,V0382-3,0.955,0.75,-1.191,-0.315,1.107,0.441,-0.001,-0.067,0
P0343,V0343-0,0.941,-0.478,1.269,1.367,0.219,0.488,-2.047,0.527,1
P0150,V0150-1,-0.397,0.027,-0.524,-1.145,-0.555,-0.244,0.438,0.345,1
P0247,V0247-1,1.008,0.428,1.552,-2.088,0.267,0.426,0.255,-0.22,0
P0075,V0075-0,0.201,-1.12,-1.214,1.478,-0.913,-1.5,-1.16,-0.403,1
P0067,V0067-4,-0.542,1.895,-0.694,0.504,-0.155,-0.276,-0.313,0.573,1
P0465,V0465-2,0.801,0.293,-0.471,0.581,-1.397,-0.398,-1.906,0.373,0
P0495,V0495-5,-0.247,0.621,0.276,0.584,-0.153,-0.491,-1.194,1.121,0
P0188,V0188-1,-1.627,-0.0,-1.223,-1.341,-1.266,-1.261,0.673,0.06,0
P0262,V0262-1,0.213,0.932,0.201,0.268,-0.676,-0.231,-0.869,1.013,1
P0284,V0284-0,0.502,1.072,2.128,0.628,-0.443,-1.356,-0.038,-2.14,0
P0473,V0473-2,-0.795,-0.453,0.137,-0.636,0.89,-1.023,0.917,1.045,0
P0038,V0038-1,0.195,1.604,-0.136,0.914,0.271,-0.79,0.398,0.817,0
P0091,V0091-2,0.273,0.442,-0.92,-0.289,-0.14,-0.623,-1.268,0.208,0
P0048,V0048-6,0.486,-0.259,0.666,0.838,0.624,-1.266,1.545,-2.799,1
P0467,V0467-1,0.301,-0.889,0.619,-0.504,-0.647,0.557,0.79,-0.375,1
P0002,V0002-2,-0.041,1.22,-1.412,-0.068,1.822,0.691,1.166,-0.124,0
P0311,V0311-5,-0.373,-0.521,0.186,1.7,0.726,0.144,-1.181,-0.757,1
P0128,V0128-0,0.973,-0.42,-1.574,-1.342,0.372,-0.146,-0.014,-0.296,1
P0221,V0221-1,0.726,2.022,0.153,0.269,-0.621,-0.702,1.17,1.349,0
P0019,V0019-3,2.497,-3.203,-1.735,-0.268,0.984,-0.176,-1.173,-0.942,1
P0127,V0127-2,-1.237,2.149,0.704,1.052,-0.848,0.48,0.581,0.17,0
P0453,V0453-0,-1.014,1.524,0.605,-1.447,0.719,-0.162,1.369,-0.06,0
P0284,V0284-2,0.477,0.585,1.424,1.259,-0.147,-1.566,0.016,-1.996,0
P0175,V0175-6,0.177,0.767,-1.985,-1.435,-0.558,1.846,-0.569,-1.604,1
P0396,V0396-2,-0.054,0.105,-0.743,-0.099,0.301,1.934,0.645,-0.608,0
P0180,V0180-3,-0.529,-0.619,-0.239,0.273,-0.571,0.571,0.585,0.254,0
P0282,V0282-3,-1.057,-0.379,-0.349,-0.204,-1.013,0.737,0.077,-0.267,0
P0255,V0255-4,-0.856,-0.063,0.898,-0.637,0.634,0.934,1.692,0.079,1
P0160,V0160-1,1.315,-0.425,0.061,0.731,-0.788,-0.054,-2.422,0.056,1
P0390,V0390-4,0.394,-0.097,1.531,0.607,-1.101,-0.936,1.712,-2.202,0
P0067,V0067-2,-0.673,1.278,-0.92,0.371,-0.133,0.193,0.109,0.669,1
P0486,V0486-4,2.077,1.891,1.106,0.053,0.393,-0.139,1.09,0.23,1
P0175,V0175-4,0.507,0.573,-1.069,-0.791,-1.465,1.759,-0.863,-2.035,1
P0477,V0477-0,-1.129,1.202,1.886,-2.184,-0.364,0.158,-0.934,-2.078,0
P0005,V0005-2,0.966,1.295,-0.005,-0.585,-0.173,1.483,0.852,-2.861,0
P0486,V0486-3,2.785,1.926,1.234,-0.553,0.568,-0.057,1.442,0.857,1
P0216,V0216-2,-0.411,0.578,1.143,1.631,0.401,1.443,0.974,-0.674,1
P0246,V0246-4,-0.34,-1.865,0.457,0.219,-1.402,2.78,0.814,1.349,1
P0429,V0429-3,-0.616,0.992,0.408,0.805,2.095,0.523,0.057,1.307,0
P0491,V0491-2,1.413,1.29,0.61,0.39,-1.852,0.056,0.028,-0.827,1
P0106,V0106-2,-0.138,0.048,0.377,0.167,1.243,-0.9,-0.669,-1.67,0
P0328,V0328-2,1.141,-1.817,-0.678,0.987,-1.418,0.443,-0.246,-1.729,1
P0014,V0014-3,1.628,1.848,0.298,0.722,-0.087,0.834,0.557,0.878,1
P0110,V0110-1,1.986,-0.012,-0.308,0.95,-0.113,0.381,0.559,1.735,1
P0261,V0261-5,1.663,-0.163,-1.291,0.127,-1.7,-0.827,-0.119,-0.966,1
P0295,V0295-1,0.389,0.649,1.539,0.577,-1.713,-0.128,-1.267,1.058,0
P0221,V0221-4,0.896,2.021,-0.471,1.23,-1.199,-0.014,1.537,1.463,0
P0117,V0117-5,-0.14,-0.746,0.291,-0.508,0.297,-0.863,0.959,1.036,0
P0040,V0040-0,-2.742,0.718,-0.128,0.421,-1.701,0.138,0.01,-1.077,0
P0025,V0025-1,-0.454,-1.623,-0.684,-1.54,-1.667,-1.115,1.158,1.03,0
P0321,V0321-4,-1.496,-0.475,-2.137,1.519,-0.459,-1.084,-0.566,-0.502,0
P0306,V0306-3,-1.574,-0.349,-0.838,-1.151,1.046,-0.654,1.161,0.939,1
P0028,V0028-1,0.841,-0.021,1.119,-0.719,0.516,-1.402,0.471,0.047,0
P0064,V0064-0,1.482,-1.457,-2.732,0.958,-0.932,-0.913,-1.987,-1.402,1
P0223,V0223-0,-1.179,0.283,0.697,0.046,-1.133,0.964,0.528,-0.467,1
P0217,V0217-5,-0.69,0.151,-0.721,2.573,0.555,2.903,1.958,-1.353,0
P0134,V0134-2,-2.515,0.886,-0.345,0.124,0.056,-1.014,1.051,1.181,0
P0366,V0366-0,-0.371,0.825,-0.456,-0.438,1.397,-0.965,2.181,1.253,1
P0158,V0158-1,0.479,-0.091,0.124,-0.612,-2.017,-0.944,-0.627,1.343,1
P0454,V0454-4,-1.031,-0.206,1.347,-4.011,-0.328,0.472,2.391,0.256,0
P0407,V0407-4,0.606,2.282,0.299,0.517,1.726,0.616,0.351,0.881,1
P0272,V0272-2,0.058,0.955,0.78,-2.005,0.806,0.887,-0.024,0.677,0
P0324,V0324-4,-0.664,1.196,0.271,-0.976,-1.163,-0.642,0.179,-0.4,0
P0130,V0130-0,-0.384,2.569,0.127,0.907,0.435,1.231,1.54,0.408,0
P0322,V0322-2,0.965,-0.856,0.308,0.757,1.113,1.302,-0.46,0.745,0
P0107,V0107-3,-0.121,1.814,-0.319,1.281,1.447,-0.346,-0.987,-1.665,1
P0450,V0450-2,-0.134,-1.561,2.044,-1.823,-1.054,-0.64,0.094,0.206,0
P0089,V0089-1,0.557,-1.341,-0.025,-1.349,-0.097,2.262,1.192,1.753,1
P0132,V0132-4,1.465,1.009,1.201,-0.952,-0.323,-0.81,0.325,-1.075,1
P0328,V0328-5,1.393,-1.681,-0.471,0.535,-1.159,0.047,-0.629,-1.72,1
P0028,V0028-0,0.813,0.439,0.826,-0.335,0.505,-0.665,0.369,-0.018,0
P0370,V0370-1,0.313,0.599,0.573,-0.173,1.407,-0.353,1.025,-0.563,0
P0062,V0062-2,-0.651,1.644,-0.516,0.972,-1.587,0.83,0.222,-0.184,0
P0182,V0182-3,-0.048,-0.576,1.724,-1.367,-0.372,-1.271,1.252,-0.319,1
P0404,V0404-2,-0.186,0.453,-0.023,-0.801,0.843,1.074,0.59,1.176,1
P0336,V0336-2,-0.368,-1.618,0.436,2.472,1.082,-1.094,0.745,-0.521,1
P0311,V0311-7,-0.331,0.064,0.204,1.271,0.885,0.006,-0.657,-0.025,1
P0237,V0237-4,-0.608,-0.349,-0.582,-0.63,1.639,0.246,-0.422,-0.787,0
P0074,V0074-1,-1.409,0.222,-2.181,0.458,-0.45,-2.261,-0.785,-2.867,0
P0420,V0420-2,0.95,-0.88,-0.198,0.804,-0.378,0.355,-1.635,0.531,0
P0487,V0487-1,-0.527,0.098,0.362,-0.443,1.186,-1.09,0.622,0.795,0
P0205,V0205-1,-1.281,1.009,2.425,-0.184,1.325,0.629,-1.373,0.253,0
P0307,V0307-2,-0.029,-0.201,-0.754,0.483,1.269,-0.639,0.823,-1.535,1
P0008,V0008-4,-0.904,-0.12,1.019,-0.131,0.898,-0.409,0.82,0.303,0
P0153,V0153-0,0.356,-1.001,0.816,-0.835,0.728,-0.092,0.043,0.059,1
P0419,V0419-4,-0.796,1.84,-0.823,0.522,0.866,1.37,-0.079,-0.79,0
P0154,V0154-2,0.61,0.756,0.458,-0.6,-1.241,-0.231,0.13,0.595,0
P0101,V0101-0,0.956,1.018,-1.176,-0.038,0.162,0.846,1.191,-0.396,0
P0139,V0139-6,1.959,-1.435,0.522,0.378,0.415,-0.219,-0.618,-0.488,1
P0377,V0377-6,0.951,-0.552,0.083,0.735,-0.413,-1.787,-1.549,0.353,0
P0296,V0296-4,-0.058,-0.541,-2.454,0.181,-1.076,0.467,-0.237,-0.925,0
P0241,V0241-2,-0.255,0.293,-1.118,0.396,0.25,-1.027,-0.649,0.337,1
P0323,V0323-4,-0.875,-0.774,-1.332,-1.46,0.173,-0.661,-0.406,-0.016,1
P0448,V0448-2,1.599,2.375,-1.079,0.929,-0.609,1.334,-0.65,0.413,0
P0091,V0091-5,0.234,0.876,-0.701,-0.326,-0.489,-0.864,-1.067,0.335,0
P0070,V0070-3,-0.16,0.262,0.062,-0.444,-0.989,0.555,0.402,0.125,0
P0424,V0424-3,0.131,1.635,-0.468,0.536,0.262,-1.416,1.189,-0.489,0
P0138,V0138-4,0.529,-1.285,-0.52,0.694,1.362,0.551,1.153,2.958,0
P0076,V0076-1,-1.418,-1.485,-0.611,-0.143,-1.32,-0.936,-1.775,-0.773,0
P0098,V0098-4,-0.653,-2.151,-1.836,1.644,-0.233,0.438,0.633,-0.318,0
P0393,V0393-3,0.905,0.944,0.348,0.322,-1.134,-0.97,-0.977,0.138,1
P0212,V0212-1,-0.92,0.155,-0.786,1.657,-1.569,1.191,1.191,0.81,1
P0349,V0349-3,-1.848,-0.369,1.307,2.114,2.217,1.414,-0.285,0.261,0
P0244,V0244-4,0.693,-0.713,0.38,1.002,-1.289,-0.21,0.66,-2.402,1
P0379,V0379-1,0.729,2.236,-0.535,-1.391,1.635,0.337,0.069,-0.745,0
P0147,V0147-2,-1.66,-1.752,0.461,-0.224,-0.255,0.505,0.184,0.358,0
P0232,V0232-2,1.12,1.325,0.803,1.547,0.389,-0.282,0.338,0.065,1
P0083,V0083-4,0.254,0.189,-0.553,0.155,-0.455,-0.2,0.268,0.139,1
P0276,V0276-2,1.066,-0.708,1.166,1.373,-0.387,-0.293,1.857,1.308,1
P0303,V0303-2,0.096,0.105,0.237,0.549,0.851,-0.833,-0.122,0.245,0
P0267,V0267-5,-0.538,-0.594,-0.413,-0.329,0.266,-1.967,1.395,0.389,1
P0154,V0154-3,0.785,0.508,-0.094,-0.293,-1.98,-1.217,0.636,0.288,0
P0032,V0032-6,-0.274,0.005,0.042,0.746,0.283,1.23,-0.376,1.098,1
P0099,V0099-0,-1.455,2.114,-0.679,1.149,0.409,1.494,0.812,-0.33,0
P0240,V0240-3,0.213,1.227,1.837,0.458,-0.711,0.444,0.572,1.547,0
P0144,V0144-3,-0.914,-0.155,-1.387,1.795,0.217,-2.098,0.118,0.213,1
P0321,V0321-3,-1.422,-0.832,-1.502,1.673,0.028,-0.624,-0.145,-0.172,0
P0233,V0233-2,0.985,1.445,-0.217,-0.566,-1.335,-0.449,-1.435,-0.861,1
P0372,V0372-4,1.534,-0.758,-0.356,0.744,1.795,0.146,1.286,-1.019,1
P0462,V0462-0,0.854,-1.197,-1.356,0.39,0.183,-1.641,-0.136,-1.532,1
P0326,V0326-3,-3.028,1.406,0.5,0.441,-1.015,-0.773,0.121,1.099,0
P0172,V0172-0,-0.51,-0.189,0.871,-2.65,0.255,0.735,1.577,-1.068,0
P0224,V0224-0,0.796,-0.641,0.774,1.23,-1.398,-0.46,-1.611,0.336,1
P0193,V0193-4,-0.632,-0.643,0.45,0.582,-2.198,-0.903,1.258,-0.608,0
P0207,V0207-2,-1.931,0.081,-0.466,0.376,0.938,0.176,-1.131,-2.067,0
P0440,V0440-1,-0.099,-1.68,-0.717,-0.528,1.585,-0.386,-0.976,0.358,1
P0276,V0276-3,0.748,-0.826,0.837,1.706,-0.731,0.23,1.911,0.885,1
P0086,V0086-1,1.402,0.137,0.528,-1.308,-0.543,0.136,-0.819,-0.218,1
P0353,V0353-5,-2.095,-0.753,-0.089,1.63,0.293,2.175,0.003,0.037,0
P0287,V0287-1,-0.53,-0.26,-0.229,-0.48,-0.918,-0.134,1.751,-1.379,0
P0286,V0286-2,-1.4,1.07,0.608,0.772,-0.211,0.264,-0.885,-1.027,0
P0392,V0392-1,1.401,0.279,-0.651,0.293,0.429,-0.87,0.718,-1.423,0
P0231,V0231-1,0.469,0.035,-0.756,-0.942,-1.734,-0.399,-0.03,-0.993,1
P0448,V0448-3,1.085,1.693,-1.063,1.275,-0.202,1.257,-0.295,1.28,0
P0237,V0237-0,-0.817,-0.126,-0.23,-1.241,1.359,0.663,-0.129,-0.838,0
P0464,V0464-2,0.012,-1.689,0.142,0.161,0.029,1.158,0.705,0.582,1
P0250,V0250-4,-0.09,-0.583,-0.082,0.717,-0.098,1.204,-1.614,-0.219,1
P0462,V0462-1,1.373,-0.351,-1.3,0.368,-0.082,-0.542,-0.215,-1.194,1
P0003,V0003-4,1.191,-2.142,-0.084,-0.033,-1.935,-1.4,0.006,-0.143,1
P0261,V0261-1,1.476,-1.05,-1.38,-0.777,-2.052,-0.861,0.481,-1.211,1
P0156,V0156-6,-0.509,-0.939,0.435,-0.041,0.64,-0.866,1.191,0.552,0
P0085,V0085-0,-0.289,-0.619,-0.615,0.056,-0.426,-0.501,0.42,0.762,0
P0053,V0053-6,-2.972,0.816,0.778,1.148,-1.694,0.263,0.479,0.279,0
P0253,V0253-2,-1.325,0.437,-1.191,-0.116,-0.9,0.249,2.132,1.3,0
P0428,V0428-0,0.9,-0.872,-1.167,0.497,1.22,-1.153,-0.094,1.23,0
P0215,V0215-1,1.936,0.471,0.842,0.791,0.904,-1.01,1.364,0.876,1
P0493,V0493-2,-1.317,-0.618,2.042,-1.165,-1.206,1.21,0.278,2.81,0
P0139,V0139-4,1.92,-1.486,0.666,0.232,-0.341,0.648,-0.222,-0.238,1
P0473,V0473-1,-0.981,-0.899,0.578,-0.448,0.184,-0.2,0.243,0.785,0
P0174,V0174-1,-0.709,-1.276,-0.24,1.792,-0.785,0.586,1.698,-0.358,1
P0143,V0143-1,0.683,1.514,-0.501,-0.417,-0.455,-2.004,0.359,-2.229,0
P0398,V0398-3,-1.377,-0.449,0.044,0.098,0.088,-0.414,-0.149,-0.274,1
P0271,V0271-1,-1.531,1.424,-0.246,-0.972,-0.481,1.056,-0.967,0.676,0
P0229,V0229-2,-0.175,1.104,-1.385,-0.412,-0.646,-0.65,-0.807,-0.609,0
P0353,V0353-4,-2.349,-0.87,-0.206,1.095,0.641,1.503,-0.176,0.522,0
P0284,V0284-1,0.783,0.606,1.632,0.812,-0.427,-1.071,0.491,-2.048,0
P0178,V0178-3,-0.639,-1.132,-1.404,-0.243,-0.803,0.235,0.821,1.258,0
P0331,V0331-6,0.435,0.579,-1.416,-0.215,1.113,0.523,-0.723,-0.445,1
P0125,V0125-5,-1.036,-0.493,0.229,-0.809,-0.078,0.259,-1.16,0.927,1
P0400,V0400-2,1.908,1.605,0.974,0.083,-1.084,1.893,0.795,-0.675,1
P0391,V0391-3,-1.205,0.319,-0.228,-0.43,-0.697,0.859,1.3,-0.494,0
P0131,V0131-3,0.383,-1.175,0.745,1.028,-1.357,-0.86,-0.254,1.463,1
P0369,V0369-2,1.016,0.556,0.11,-0.751,0.113,-0.18,0.301,1.127,1
P0184,V0184-6,-1.575,0.201,0.759,-1.114,-0.841,-1.552,-0.367,0.299,0
P0486,V0486-1,1.755,1.582,1.123,-0.106,0.282,0.17,1.159,0.665,1
P0326,V0326-1,-2.653,2.283,0.568,-0.423,-0.344,-0.904,-0.673,1.46,0
P0175,V0175-5,0.094,0.586,-0.959,-1.011,-0.54,1.644,-0.444,-1.949,1
P0356,V0356-3,0.236,-0.461,0.989,-1.175,-0.175,-1.649,-0.086,-2.052,0
P0240,V0240-4,0.405,1.084,0.949,0.293,-0.806,0.216,1.024,1.546,0
P0497,V0497-4,-0.547,0.053,-1.084,-1.376,1.144,-1.83,-1.519,0.337,1
P0252,V0252-4,-0.916,0.382,-0.349,-1.499,-1.862,0.734,-0.843,-0.552,1
P0144,V0144-4,-0.718,-0.183,-0.654,1.622,0.305,-2.09,-0.357,0.261,1
P0423,V0423-0,0.761,0.834,-0.245,-2.524,-0.64,0.602,0.271,0.757,1
P0439,V0439-0,-0.471,0.423,-1.41,-1.089,-1.181,-1.123,-0.07,0.712,0
P0380,V0380-2,0.411,0.028,0.545,0.963,-2.051,-0.04,0.692,0.885,1
P0146,V0146-0,-0.769,-0.66,0.679,0.636,-0.462,2.274,0.368,1.032,0
P0098,V0098-5,-1.142,-2.814,-1.493,1.251,0.781,0.341,0.448,-0.463,0
P0069,V0069-6,-0.4,-1.241,0.278,0.069,1.397,-0.788,-1.165,-1.398,1
P0445,V0445-0,-0.102,0.084,0.221,0.208,0.029,-1.054,-0.95,-0.422,0
P0144,V0144-0,-1.191,0.1,-1.241,1.283,0.437,-1.654,-0.113,-0.166,1
P0237,V0237-2,-0.616,-0.527,-0.955,-0.584,1.603,0.187,-0.356,-0.852,0
P0464,V0464-0,-0.64,-1.671,0.537,0.677,0.318,1.357,0.157,0.946,1
P0131,V0131-0,0.475,-0.787,-0.086,0.993,-1.873,-0.954,-0.723,1.725,1
P0466,V0466-2,-0.933,0.217,-1.821,0.795,1.704,1.552,0.692,0.58,0
P0029,V0029-5,-0.782,-0.778,-0.36,0.82,1.342,0.285,-1.629,1.548,0
P0205,V0205-0,-0.597,0.598,1.582,-0.224,1.432,1.03,-1.468,0.37,0
P0299,V0299-2,-0.212,1.002,1.434,-0.266,0.496,-1.286,-0.938,-1.225,1
P0220,V0220-3,1.129,-1.764,1.813,0.988,-0.542,-0.042,-0.201,-0.223,1
P0174,V0174-4,-0.021,-1.207,0.125,1.094,-0.788,0.402,1.715,-0.148,1
P0413,V0413-1,0.245,-0.875,0.102,0.315,1.953,1.904,-0.67,0.318,1
P0359,V0359-0,-0.73,-0.566,0.427,-0.295,0.287,-1.647,0.109,-0.633,0
P0161,V0161-1,1.655,0.302,-0.722,-0.543,-1.043,1.344,-1.562,-0.175,1
P0344,V0344-3,-1.238,-1.036,0.45,-0.608,-2.791,-0.36,-0.347,0.262,0
P0335,V0335-3,1.602,-0.604,0.752,-0.33,-0.496,-0.174,-1.055,-1.456,1
P0125,V0125-6,-0.662,-0.423,0.911,-0.286,-0.675,0.785,-1.036,0.949,1
P0039,V0039-1,-0.467,-2.259,0.181,-1.464,0.393,0.92,0.361,0.652,1
P0438,V0438-2,-0.594,0.587,0.12,0.159,0.836,-0.985,-0.28,-1.813,0
P0241,V0241-3,0.034,-0.0,-1.008,-0.479,0.078,-1.283,0.395,0.45,1
P0454,V0454-2,-0.539,-0.073,1.471,-4.387,-0.044,0.122,1.749,0.218,0
P0090,V0090-1,-0.756,0.85,0.679,-0.031,0.0,-0.058,-0.435,-1.176,0
P0023,V0023-2,1.11,1.113,1.696,1.077,-0.591,1.462,-0.806,-0.696,1
P0253,V0253-5,-1.223,0.779,-1.749,-0.371,-0.712,-0.239,0.912,1.942,0
P0249,V0249-1,-0.723,0.313,0.49,1.434,0.193,-0.687,0.249,-1.13,0
P0152,V0152-1,0.801,-0.562,0.88,1.425,-1.12,0.854,0.356,0.886,1
P0073,V0073-0,1.499,0.748,1.208,1.172,-0.938,1.38,-0.429,0.977,1
P0451,V0451-3,1.599,0.906,-0.485,-1.547,-2.13,-2.698,0.552,1.463,1
P0229,V0229-7,0.801,1.555,-1.031,-0.73,-1.11,0.066,-0.557,0.199,0
P0172,V0172-4,-0.456,-1.002,0.467,-3.113,-0.019,1.112,1.778,-0.79,0
P0346,V0346-0,-1.248,0.056,-0.311,0.221,-0.764,-0.13,0.155,1.238,0
P0172,V0172-3,-0.285,-0.811,0.94,-2.992,0.505,1.717,1.978,-0.84,0
P0249,V0249-2,-1.037,0.464,0.759,1.16,0.602,-1.056,0.56,-0.744,0
P0287,V0287-3,-0.505,-0.04,0.511,-1.0,-1.062,0.195,1.44,-0.742,0
P0124,V0124-0,0.911,-0.24,1.574,0.891,0.752,-0.85,0.907,0.821,1
P0191,V0191-1,0.254,-0.893,-0.134,0.257,-0.744,-0.454,1.074,-0.976,1
P0267,V0267-1,-0.655,-0.506,-0.631,-0.09,0.429,-2.161,0.899,-0.203,1
P0470,V0470-0,-0.602,1.159,0.913,1.873,-0.418,-0.418,0.146,0.096,0
P0038,V0038-3,0.184,1.069,0.689,0.396,0.368,-0.491,0.018,1.435,0
P0312,V0312-2,0.641,0.37,-0.892,-0.963,0.954,-0.339,-1.601,-1.051,1
P0467,V0467-6,0.028,-0.898,1.304,-0.717,-0.257,1.11,1.506,-0.203,1
P0253,V0253-4,-1.06,0.869,-1.462,-0.081,-0.653,-0.169,1.364,1.298,0
P0347,V0347-1,-0.5,0.456,0.533,1.153,0.612,-1.455,0.856,-0.994,0
P0311,V0311-1,-0.606,0.254,0.279,0.849,1.374,0.098,-1.193,-0.249,1
P0420,V0420-0,1.364,-0.897,-0.758,0.74,-0.539,0.5,-1.689,0.427,0
P0070,V0070-5,0.011,1.165,-0.502,-0.506,-0.832,-0.21,0.757,0.242,0
P0391,V0391-1,-0.609,-0.027,-0.394,-0.774,-0.228,1.083,1.07,-0.913,0
P0402,V0402-5,-2.308,0.106,-0.425,0.27,-0.579,-0.513,-0.404,-0.688,0
P0288,V0288-0,-0.137,2.363,0.032,0.518,1.221,-1.429,0.255,-0.231,0
P0133,V0133-2,-0.972,0.695,-0.712,-0.727,-1.761,-0.075,0.153,-0.089,0
P0024,V0024-1,0.116,1.329,-2.491,-0.142,1.121,-0.424,-0.786,1.116,1
P0169,V0169-1,1.364,0.813,-0.417,0.363,-0.238,-1.026,0.7,-0.603,1
P0297,V0297-2,-1.516,1.297,0.163,-0.803,1.053,0.389,-0.296,1.945,0
P0324,V0324-1,-0.231,0.963,0.83,-0.986,-1.639,-0.746,0.325,-0.483,0
P0435,V0435-1,-0.185,1.563,-2.164,-0.106,0.98,-0.237,1.464,-0.288,0
P0372,V0372-5,1.466,-0.969,0.24,1.084,2.052,0.327,1.515,-0.817,1
P0202,V0202-1,1.249,0.074,1.491,-0.13,-0.041,-0.681,-0.913,2.026,1
P0218,V0218-1,-0.11,0.414,0.929,-1.034,0.179,-0.901,0.521,0.671,0
P0330,V0330-0,-1.336,-0.502,0.746,0.862,-0.59,-1.343,2.079,-0.442,0
P0278,V0278-2,-0.686,1.312,0.803,-1.423,-1.094,-0.452,0.48,-0.603,0
P0147,V0147-3,-2.123,-1.301,-0.135,-0.101,-0.169,0.196,-0.672,0.82,0
P0100,V0100-5,-0.215,-0.149,-0.857,-0.66,-0.661,0.061,0.26,2.352,0
P0212,V0212-6,-1.678,-0.053,-0.695,1.79,-0.786,0.348,0.822,1.386,1
P0282,V0282-5,-0.825,-0.671,-0.06,-0.167,-0.191,1.062,0.352,0.062,0
P0315,V0315-2,-1.041,-0.735,-1.048,-0.599,-1.196,0.6,-0.679,-0.722,1
P0399,V0399-2,-1.126,-1.507,-0.629,0.943,0.431,-0.624,0.35,0.853,1
P0249,V0249-0,-0.938,1.042,1.219,0.87,0.191,-0.953,0.314,-0.668,0
P0122,V0122-4,0.395,-1.403,-0.421,-0.486,-1.125,2.223,-1.669,-0.168,1
P0487,V0487-0,-0.194,0.511,1.214,-0.663,0.857,-1.421,0.697,0.875,0
P0151,V0151-3,-2.276,-0.774,1.096,1.097,0.777,-0.559,-1.371,0.214,0
P0380,V0380-1,0.681,-0.245,1.089,0.495,-1.877,0.321,1.089,0.268,1
P0281,V0281-2,-1.514,0.199,-1.903,-1.415,-1.016,0.533,0.086,-1.184,0
P0292,V0292-3,0.042,-0.705,1.602,1.479,-0.069,0.939,0.292,0.146,0
P0246,V0246-1,-0.688,-2.102,0.747,-0.3,-1.584,2.626,0.816,1.462,1
P0307,V0307-4,0.294,-0.325,-0.596,0.456,1.277,-0.511,0.454,-1.432,1
P0107,V0107-2,-0.443,1.467,-0.19,0.812,0.961,-0.212,-1.232,-1.828,1
P0310,V0310-5,2.011,0.45,0.85,-0.658,-1.441,0.525,-0.182,-0.604,1
P0145,V0145-1,1.044,0.219,0.225,1.138,2.632,2.47,-0.267,0.005,0
P0383,V0383-0,0.127,0.44,-0.618,-1.593,-1.299,0.96,-0.932,0.242,1
P0344,V0344-6,-0.125,-0.943,-0.269,-0.344,-2.891,-0.265,-0.39,0.81,0
P0082,V0082-0,1.393,-1.096,0.414,0.616,0.85,-0.711,1.521,-0.375,1
P0198,V0198-0,-1.661,1.907,-0.299,-1.281,-0.578,-2.04,0.501,-0.547,0
P0242,V0242-2,-0.415,-0.204,-0.05,0.743,0.475,-0.345,2.124,0.147,1
P0438,V0438-0,-1.102,-0.219,0.494,-0.2,0.459,-0.878,0.024,-1.375,0
P0087,V0087-2,-0.598,-0.755,0.643,1.636,0.354,-0.996,-1.347,-0.853,0
P0353,V0353-1,-2.52,-0.649,-0.03,0.911,0.917,1.347,0.383,0.288,0
P0091,V0091-0,0.091,0.59,-0.474,-0.419,-0.283,-1.029,-1.385,0.633,0
P0289,V0289-5,0.994,-0.699,0.727,1.103,0.135,-0.256,0.733,-0.003,0
P0276,V0276-4,1.166,-0.949,0.536,1.366,-0.23,-0.265,1.634,0.471,1
P0020,V0020-2,1.881,0.053,0.255,1.319,0.662,1.068,-0.006,0.652,1
P0296,V0296-6,0.601,-0.964,-2.767,0.036,-0.959,0.498,-0.089,0.232,0
P0233,V0233-1,1.035,1.073,-0.615,-0.205,-0.424,0.168,-1.506,-0.821,1
P0360,V0360-4,1.689,-0.674,0.353,0.875,-1.106,-0.435,1.889,1.186,1
P0039,V0039-0,0.102,-1.91,-1.193,-1.473,0.245,1.005,-0.118,1.523,1
P0142,V0142-3,0.174,0.027,-1.287,-1.007,-0.386,-1.173,0.648,-0.585,0
P0374,V0374-2,0.629,0.666,0.709,-0.378,1.168,0.832,-0.359,-0.434,1
P0171,V0171-5,-1.825,0.542,-2.075,-0.751,-0.119,0.818,0.448,0.329,0
P0093,V0093-0,-0.286,0.896,0.9,-0.752,1.321,-0.037,-0.001,-0.078,1
P0382,V0382-0,1.058,1.067,-1.204,-0.663,1.693,0.222,0.925,-0.081,0
P0061,V0061-2,-0.003,-0.497,0.096,-0.333,0.244,-0.128,0.591,0.858,1
P0074,V0074-7,-1.261,0.047,-2.12,0.437,-0.632,-1.824,-1.127,-2.288,0
P0225,V0225-3,-0.599,-1.334,-2.985,-1.31,0.726,0.944,-0.372,-0.505,0
P0318,V0318-1,0.839,-1.595,0.915,-0.941,0.515,0.546,1.064,-0.61,1
P0142,V0142-4,0.428,-0.341,-1.048,-0.39,0.226,-0.867,0.941,-1.313,0
P0000,V0000-0,1.061,-0.129,-0.276,-0.489,1.186,0.302,0.582,1.156,1
P0321,V0321-2,-1.648,-0.319,-1.873,1.291,-0.328,-0.528,-0.214,-0.739,0
P0346,V0346-2,-1.411,-0.172,0.263,-0.08,-0.326,-0.517,0.694,1.333,0
P0287,V0287-4,-1.356,0.039,0.948,-1.257,-0.483,0.827,1.27,-1.12,0
P0408,V0408-2,0.574,0.205,-0.128,0.304,-0.898,-2.559,0.509,0.866,1
P0404,V0404-0,-0.163,-0.282,-0.018,-0.662,0.374,1.019,0.582,1.517,1
P0402,V0402-3,-1.899,0.381,0.34,0.939,-1.229,-0.589,-0.063,-1.014,0
P0229,V0229-0,-0.021,1.273,-0.559,-0.267,-0.939,-0.407,-0.446,-0.565,0
P0249,V0249-5,-0.627,0.489,0.383,0.593,0.179,-1.818,0.688,-0.387,0
P0443,V0443-3,-0.521,-0.124,1.259,1.958,0.088,-0.788,2.659,-0.898,1
P0498,V0498-5,-0.612,-0.052,0.952,0.985,0.85,-2.148,0.092,2.825,0
P0233,V0233-4,0.998,1.843,0.526,-0.487,-0.702,-0.033,-1.364,-1.519,1
P0053,V0053-2,-2.726,0.397,0.142,1.169,-0.806,0.961,0.76,-0.41,0
P0448,V0448-1,1.232,1.255,-0.414,0.899,-0.268,0.865,-1.082,0.835,0
P0339,V0339-2,0.859,-0.563,0.828,-0.332,-1.226,-0.743,-1.226,-0.515,1
P0189,V0189-4,0.31,-1.255,0.587,1.984,-1.01,1.499,-0.248,-2.598,1
P0459,V0459-0,-1.165,-0.392,0.482,-1.596,-0.836,-1.674,-3.278,0.162,0
P0296,V0296-2,0.194,-0.684,-2.352,-0.069,-0.94,0.724,-0.919,0.184,0
P0398,V0398-2,-0.694,-0.793,0.45,0.082,-0.527,-0.627,-0.412,-0.101,1
P0080,V0080-0,-0.953,2.776,-0.635,-0.354,-0.386,0.14,-0.747,-0.824,0
P0151,V0151-1,-2.298,-0.337,1.533,1.171,0.981,-0.842,-1.353,1.203,0
P0005,V0005-0,0.874,0.796,-0.859,-0.332,-0.46,1.249,0.517,-3.883,0
P0293,V0293-0,0.241,0.922,0.126,0.907,-1.076,0.803,0.638,-0.452,1
P0140,V0140-5,0.353,-0.735,0.824,-0.543,0.6,-2.337,-0.002,-0.721,1
P0250,V0250-1,-0.33,-0.412,0.275,0.685,0.638,1.169,-2.074,-0.197,1
P0000,V0000-3,0.598,-0.618,-0.709,-0.027,0.865,0.071,0.918,0.654,1
P0172,V0172-7,-0.737,-0.821,0.307,-2.472,0.012,1.531,1.682,-1.458,0
P0063,V0063-1,0.212,0.064,-0.468,0.002,-0.648,-1.366,2.514,-0.685,0
P0144,V0144-2,-0.521,-0.441,-0.691,1.171,0.712,-2.347,0.383,0.08,1
P0213,V0213-0,0.381,-0.618,0.441,0.115,-0.626,-1.566,-0.424,1.277,0
P0464,V0464-3,0.173,-1.647,0.595,-0.246,-0.021,1.751,0.007,0.615,1
P0338,V0338-6,0.978,1.207,0.213,0.883,1.325,-0.151,-1.688,1.181,1
P0397,V0397-1,-1.426,-1.623,-0.659,-0.746,-0.51,-0.884,0.13,-1.114,1
P0250,V0250-0,-0.533,-0.619,-0.007,0.467,0.178,0.946,-1.906,-0.369,1
P0259,V0259-1,-0.383,0.003,2.563,-0.137,0.076,0.092,-1.014,-0.858,1
P0377,V0377-5,0.553,-1.098,-0.181,0.59,-0.818,-1.237,-1.582,0.064,0
P0293,V0293-2,0.268,1.309,-0.435,-0.146,-0.972,1.033,1.051,-0.808,1
P0125,V0125-4,-1.453,-0.699,0.607,-0.146,0.323,0.277,-0.954,0.855,1
P0256,V0256-4,-0.398,0.474,-0.604,0.877,-0.259,2.4,-0.083,1.624,1
P0012,V0012-4,-0.137,-0.936,1.309,-1.598,0.229,-0.115,-0.955,-0.316,1
P0320,V0320-2,0.79,-2.078,-0.09,0.655,0.478,-0.952,0.523,0.144,1
P0381,V0381-2,0.578,1.517,-0.035,-1.867,-0.108,0.218,-0.819,-1.419,0
P0200,V0200-6,1.636,-0.826,0.55,-1.407,0.129,-0.559,-0.804,-0.518,1
P0280,V0280-3,-0.345,0.791,-0.245,-1.752,0.373,0.796,0.861,-0.122,0
P0051,V0051-4,0.462,1.181,1.512,0.584,1.285,2.429,2.547,-0.697,0
P0136,V0136-0,0.159,0.533,-1.357,-1.126,0.701,-1.012,0.406,-1.584,0
P0397,V0397-5,-1.536,-2.258,-0.53,-1.487,0.374,-0.943,-0.122,-1.191,1
P0026,V0026-2,-0.958,-0.913,-0.582,-0.983,-0.47,-0.41,-0.88,0.894,1
P0270,V0270-0,-1.811,-1.016,0.109,0.694,0.876,-0.708,0.236,-2.407,1
P0167,V0167-1,-1.406,-0.886,-1.16,-1.82,0.672,-0.047,0.385,-0.344,0
P0313,V0313-0,-0.48,-0.403,0.826,0.245,-0.57,-1.169,-0.063,-1.381,0
P0120,V0120-4,-0.57,1.172,1.042,0.528,0.518,-0.505,-0.18,-0.286,0
P0372,V0372-1,1.534,-0.476,0.13,1.094,1.766,0.443,1.586,-0.81,1
P0030,V0030-0,-2.488,0.843,0.01,-1.429,0.601,-1.444,0.478,0.773,0
P0444,V0444-2,-0.003,2.155,-3.196,0.15,-1.213,0.529,0.791,-1.431,0
P0457,V0457-0,-1.24,-0.493,0.483,-0.721,-0.674,1.584,-0.041,1.465,1
P0175,V0175-0,-0.4,0.376,-1.839,-1.035,-0.432,1.682,-0.327,-1.326,1
P0001,V0001-2,-1.11,0.291,-0.014,0.006,-0.989,0.811,-1.188,0.151,0
P0175,V0175-3,0.628,0.664,-1.012,-0.854,-0.989,2.217,-1.459,-1.418,1
P0478,V0478-5,1.533,-0.316,-0.755,0.586,0.396,1.875,-0.016,1.643,1
P0455,V0455-1,0.208,0.293,1.419,1.517,-0.852,-0.348,-1.326,-0.316,0
P0088,V0088-2,0.278,0.323,0.073,0.535,0.258,0.207,0.562,-1.956,1
P0036,V0036-0,-0.072,0.214,0.711,-0.631,0.605,1.787,1.43,-1.187,0
P0316,V0316-2,-1.733,0.389,-1.87,-0.671,-0.231,0.166,-1.065,0.326,0
P0203,V0203-3,1.609,-1.337,-0.926,0.086,1.051,0.053,-2.191,-1.218,1
P0469,V0469-3,-0.068,-0.163,-1.003,0.629,-0.711,0.161,-1.138,-0.35,1
P0061,V0061-0,-0.314,-0.149,0.7,-0.118,-0.048,0.089,1.291,0.732,1
P0086,V0086-5,1.305,0.493,0.112,-1.775,-0.829,0.316,-0.68,-0.657,1
P0324,V0324-0,0.393,1.065,0.669,-0.899,-1.137,-0.397,0.67,-0.168,0
P0303,V0303-0,0.304,-0.259,0.628,-0.026,0.618,-0.288,-0.064,0.409,0
P0299,V0299-1,0.331,1.051,0.435,-0.312,0.802,-1.577,-0.645,-1.138,1
P0366,V0366-1,-0.09,0.981,0.044,0.006,1.398,-1.246,1.804,1.125,1
P0405,V0405-3,-0.585,-0.097,-0.947,0.098,-0.222,0.926,2.25,2.13,0
P0108,V0108-2,0.542,0.088,-0.684,-0.321,-0.712,1.582,0.46,-2.616,1
P0356,V0356-0,-0.685,0.147,0.858,-1.492,-0.92,-1.91,0.118,-2.534,0
P0184,V0184-7,-1.014,0.416,0.614,-1.394,0.116,-1.587,-1.02,-0.251,0
P0412,V0412-4,-0.642,-0.155,0.842,0.672,0.661,-1.078,-0.59,-0.949,1
P0339,V0339-3,0.532,-0.725,0.374,0.267,-1.044,-0.584,-1.21,-1.222,1
P0115,V0115-6,-1.363,-2.017,-0.15,-0.218,-1.133,0.728,0.398,1.952,0
P0376,V0376-5,1.576,0.821,-0.848,0.286,1.073,-0.27,2.3,2.526,0
P0367,V0367-0,-0.031,0.9,-0.623,1.405,0.445,-0.294,0.291,0.291,0
P0450,V0450-0,-0.3,-1.036,1.956,-2.169,-1.687,-0.577,0.812,0.951,0
P0228,V0228-2,-1.251,0.025,0.999,0.452,-0.261,-1.05,-0.83,-0.258,0
P0192,V0192-1,-1.266,0.198,-1.189,-1.131,1.543,1.286,1.841,1.16,0
P0037,V0037-3,-0.793,0.431,1.448,0.125,0.923,1.175,-0.061,-0.342,1
P0337,V0337-2,0.59,1.367,-0.324,0.23,-0.372,-0.059,-0.417,0.066,0
P0342,V0342-1,-1.558,-0.081,-0.528,1.766,0.048,0.764,-0.716,2.425,0
P0430,V0430-1,0.071,0.101,0.517,1.366,0.133,0.478,0.571,0.409,1
P0483,V0483-6,0.078,1.08,-0.334,0.409,0.116,-0.981,0.053,2.635,1
P0306,V0306-0,-0.889,-1.069,-0.758,-0.22,1.197,-1.113,0.915,0.366,1
P0098,V0098-6,-0.771,-2.64,-1.302,0.946,-0.38,0.274,-0.02,-0.341,0
P0191,V0191-3,0.369,-0.653,-0.193,0.837,-0.726,-0.533,0.882,-1.167,1
P0475,V0475-5,-0.06,-0.917,1.652,-0.056,-0.851,-0.507,-0.191,1.145,1
P0309,V0309-3,0.516,0.503,-0.571,2.081,0.402,-0.068,-0.503,2.367,0
P0374,V0374-0,0.659,0.838,-0.18,-0.134,1.639,1.023,-0.62,-0.05,1
P0096,V0096-1,1.119,0.961,-0.413,-0.552,-1.56,-0.706,1.623,-0.186,0
P0262,V0262-2,0.846,0.521,-0.404,0.772,-0.615,-0.926,-0.708,1.489,1
P0163,V0163-0,0.648,-0.837,1.364,-1.336,-0.745,0.208,-0.22,-0.209,1
P0180,V0180-0,-1.481,-1.057,0.077,0.674,0.166,0.612,1.13,-0.08,0
P0151,V0151-4,-2.681,-0.55,0.916,1.359,1.56,-1.421,-1.436,0.556,0
P0204,V0204-1,1.722,-0.526,-0.487,-0.176,-0.12,-1.821,0.203,1.12,1
P0373,V0373-3,-1.362,1.463,-1.512,-1.005,-0.187,-0.209,1.227,1.372,0
P0122,V0122-5,0.405,-1.271,-0.724,-0.102,-1.245,2.529,-1.177,-0.357,1
P0261,V0261-2,1.609,-0.785,-1.158,-0.248,-1.42,-1.116,0.398,-0.996,1
P0075,V0075-4,-0.06,-0.953,-1.604,1.797,-1.046,-0.456,-1.501,0.184,1
P0209,V0209-3,-0.347,-0.355,-1.229,-0.336,-0.272,0.76,1.84,-1.094,0
P0234,V0234-0,0.463,-0.582,2.478,1.436,1.253,0.754,0.159,0.798,1
P0484,V0484-3,1.793,-0.57,-0.323,-0.115,-0.879,0.314,1.671,-1.357,1
P0311,V0311-0,-0.427,0.327,0.214,1.538,1.048,-0.075,-1.022,0.269,1
P0120,V0120-0,-0.734,1.158,0.589,0.675,0.834,-0.273,-0.534,-0.3,0
P0135,V0135-1,0.754,1.029,-0.07,0.641,2.551,-0.939,-0.413,-0.057,1
P0124,V0124-1,1.142,-0.013,1.513,1.584,0.114,-0.289,1.091,1.016,1
P0250,V0250-2,0.037,-0.906,0.219,1.138,0.386,0.943,-1.914,-0.068,1
P0314,V0314-0,2.899,-0.089,1.197,-1.223,-0.386,1.058,0.168,0.831,1
P0261,V0261-4,1.197,-1.014,-1.171,-0.619,-2.162,-0.788,-0.156,-1.198,1
P0102,V0102-1,0.953,0.527,-0.086,-1.106,0.91,-0.332,-0.497,-0.543,0
P0166,V0166-0,-0.382,-1.326,0.83,-1.249,-0.757,-0.278,-0.866,0.205,1
P0061,V0061-1,-0.364,0.108,-0.031,-0.129,0.242,-0.23,1.202,0.908,1
P0190,V0190-1,-0.522,-1.493,-0.087,-0.365,0.927,-0.186,0.22,1.068,0
P0149,V0149-2,0.839,-1.666,-0.252,-1.087,-1.628,-1.548,-0.366,-0.072,1
P0456,V0456-5,-0.545,-2.03,-1.599,-0.432,-1.059,-0.336,0.304,-0.918,1
P0231,V0231-2,0.198,-0.053,-0.472,-0.917,-1.148,-0.228,-0.452,-1.318,1
P0327,V0327-4,1.827,-0.341,-0.984,1.058,0.638,-0.43,-1.476,1.841,1
P0446,V0446-3,-1.481,-1.993,-0.658,-0.178,-1.055,-1.511,-0.603,-0.736,1
P0122,V0122-3,-0.34,-0.991,-0.089,-0.255,-1.387,2.598,-1.143,0.199,1
P0037,V0037-0,-0.803,-0.027,0.511,0.049,0.444,0.586,0.082,-0.357,1
P0225,V0225-1,-0.638,-0.799,-2.531,-1.734,-0.03,0.75,-0.486,0.016,0
P0387,V0387-2,-0.805,0.069,-1.125,1.315,0.307,-0.596,0.783,1.571,0
P0176,V0176-0,-1.744,-2.731,0.704,0.386,0.208,-0.288,-0.722,-0.171,0
P0194,V0194-0,2.412,-0.229,0.535,1.996,1.067,-1.247,-1.914,-0.405,1
P0458,V0458-1,-0.41,-0.322,0.123,1.44,-0.129,1.665,-0.495,-0.632,0
P0266,V0266-2,0.383,0.753,2.516,0.779,-0.655,-1.611,0.387,0.375,0
P0244,V0244-2,0.11,-1.031,0.729,0.189,-1.023,0.25,0.28,-2.179,1
P0243,V0243-5,-0.058,-0.483,-0.204,-0.174,2.011,-0.906,1.268,-0.26,1
P0125,V0125-7,-0.948,-0.83,0.691,-0.697,-0.076,0.221,-0.932,0.182,1
P0037,V0037-4,-0.143,0.387,1.185,0.23,1.449,0.641,-0.389,-0.493,1
P0439,V0439-4,-0.138,0.448,-1.274,-1.523,-1.267,-1.375,0.78,0.362,0
P0212,V0212-0,-1.18,-0.084,0.295,2.386,-0.58,0.288,0.48,0.581,1
P0400,V0400-1,2.261,1.263,1.314,0.003,-1.112,1.952,0.824,-0.278,1
P0481,V0481-1,0.22,1.094,-0.624,-1.04,-0.813,-0.858,2.117,-0.987,1
P0070,V0070-7,0.36,1.87,-0.285,-0.455,-1.118,0.064,0.268,0.488,0
P0406,V0406-0,0.608,-0.178,1.557,-0.326,0.883,1.323,-0.032,1.771,1
P0483,V0483-1,0.362,1.341,-0.139,0.033,-0.054,-1.232,-0.079,2.023,1
P0290,V0290-1,0.684,2.238,1.433,0.816,0.259,-1.401,-0.07,-0.043,0
P0464,V0464-6,-0.582,-1.094,-0.063,0.377,-0.175,1.437,0.539,0.93,1
P0437,V0437-4,0.54,2.305,-0.64,-1.471,-0.478,0.357,0.857,-1.308,0
P0167,V0167-6,-1.288,-0.645,-1.285,-1.991,-0.211,0.105,0.458,-0.279,0
P0094,V0094-2,0.103,1.813,0.479,1.505,-1.27,-0.81,-0.258,0.415,0
P0224,V0224-5,0.861,-1.461,1.438,1.469,-0.792,-0.753,-1.351,-0.051,1
P0426,V0426-3,-0.063,-0.134,1.389,0.087,-0.544,-0.974,0.449,-1.125,1
P0176,V0176-1,-1.882,-2.097,0.631,0.373,0.124,-0.014,-0.448,-0.478,0
P0058,V0058-2,0.565,0.277,-1.572,-2.764,0.487,0.64,-1.456,0.232,1
P0197,V0197-0,2.565,-0.347,-0.348,0.286,2.276,0.513,-1.111,1.41,1
P0495,V0495-0,-0.126,0.352,1.026,-0.056,-0.47,-0.404,-1.106,1.149,0
P0437,V0437-2,0.325,2.889,-0.371,-1.823,-0.176,0.157,0.18,-1.413,0
P0269,V0269-2,0.098,-1.35,1.59,-0.061,2.0,-0.153,1.303,0.459,1
P0182,V0182-2,-0.052,-0.966,1.435,-0.827,-0.483,-0.946,1.044,-0.728,1
P0117,V0117-0,-0.192,-1.172,-0.17,-0.511,0.583,-0.757,1.05,0.379,0
P0186,V0186-2,0.921,0.871,0.899,0.535,2.44,-1.027,1.011,-0.831,1
P0280,V0280-0,0.152,0.949,-0.215,-1.318,0.617,0.202,0.825,-0.434,0
P0432,V0432-2,1.722,-0.264,-0.227,-0.848,0.451,-1.03,-0.765,0.582,1
P0108,V0108-7,0.382,-0.913,-0.069,-0.08,-0.678,1.741,0.874,-2.631,1
P0048,V0048-2,0.742,0.11,0.908,1.047,0.486,-1.297,1.007,-2.356,1
P0259,V0259-0,-0.13,0.236,1.54,-0.484,-0.433,0.954,-0.842,-0.672,1
P0034,V0034-4,-0.923,0.429,1.41,1.021,-2.301,0.858,-0.804,2.259,1
P0362,V0362-4,-0.817,-0.704,0.197,1.5,1.573,0.314,0.842,-1.875,1
P0214,V0214-2,0.704,-1.597,-0.551,-0.382,-0.776,-0.966,-0.613,0.878,1
P0369,V0369-4,0.532,0.629,0.45,-1.428,-0.678,-0.238,0.955,0.915,1
P0108,V0108-6,0.738,-0.89,-0.447,-1.101,-0.299,1.144,1.233,-1.958,1
P0070,V0070-1,-0.461,0.642,-0.415,-0.611,-1.057,0.382,-0.129,0.208,0
P0315,V0315-1,-0.807,-1.107,-1.154,-0.603,-1.63,0.559,-0.34,-0.608,1
P0039,V0039-3,0.153,-2.333,-0.859,-1.658,-0.159,0.911,-0.371,1.107,1
P0386,V0386-0,1.339,0.455,0.029,-0.445,-0.695,-0.462,1.35,-0.273,1
P0038,V0038-2,-0.338,1.059,0.571,1.518,0.422,0.298,-0.077,0.954,0
P0283,V0283-1,-1.489,0.617,-1.226,1.223,-0.844,-0.174,-0.461,0.856,0
P0281,V0281-5,-0.887,-0.062,-1.775,-1.529,-1.506,-0.106,0.177,-1.259,0
P0446,V0446-0,-1.49,-1.789,0.066,0.053,-1.244,-1.672,-0.151,0.387,1
P0032,V0032-4,0.076,-0.229,-0.19,0.238,-0.344,1.189,-0.659,0.75,1
P0297,V0297-4,-1.639,2.02,0.584,-1.521,0.782,0.1,0.057,1.846,0
P0255,V0255-0,-0.634,-0.482,0.234,-1.397,0.786,0.298,1.884,-0.009,1
P0399,V0399-0,-0.541,-1.394,0.333,1.456,0.237,-0.2,0.291,0.244,1
P0183,V0183-5,-0.129,-0.589,-0.274,0.029,1.462,-1.021,-1.312,-0.575,0
P0043,V0043-1,1.132,-0.023,0.331,-0.136,-1.537,0.053,0.714,-0.769,1
P0299,V0299-5,0.475,0.848,0.848,-0.183,0.828,-1.239,-0.329,-0.858,1
P0365,V0365-1,0.893,-0.462,0.189,0.183,0.994,-0.077,-0.9,1.23,1
P0424,V0424-2,0.402,1.361,-0.453,-0.138,0.319,-1.153,1.032,-1.756,0
P0157,V0157-0,-0.069,-0.502,0.318,-0.962,-1.481,0.283,3.485,0.723,0
P0423,V0423-2,1.263,1.443,0.554,-1.912,-0.763,0.173,0.124,0.88,1
P0225,V0225-2,0.046,-0.892,-3.211,-1.976,-0.053,0.414,-0.852,-0.164,0
P0484,V0484-0,1.107,-0.838,-0.694,-0.827,-0.943,-0.117,1.467,-0.91,1
P0177,V0177-1,0.037,1.645,1.858,0.847,0.724,-0.284,1.589,2.503,0
P0219,V0219-5,0.145,0.004,-0.545,-0.888,0.993,-0.286,2.201,1.431,1
P0293,V0293-6,0.435,0.137,0.015,0.404,-1.069,0.982,1.141,-0.123,1
P0043,V0043-3,1.031,-0.051,-0.884,0.613,-0.943,0.126,0.97,-1.325,1
P0093,V0093-1,-0.285,0.713,0.898,-0.696,1.782,0.173,0.323,0.738,1
P0369,V0369-5,1.077,0.036,0.545,-0.582,0.069,0.051,0.417,1.068,1
P0365,V0365-4,0.596,-0.502,0.742,0.754,0.433,-0.05,-1.484,0.549,1
P0398,V0398-1,-1.636,-0.802,0.309,0.501,-0.141,-0.512,0.049,-0.154,1
P0149,V0149-0,1.231,-1.2,-0.14,-1.271,-1.051,-0.953,-0.7,-0.596,1
P0065,V0065-1,-0.069,1.573,0.516,0.922,-0.053,-0.405,-0.115,1.281,0
P0433,V0433-1,-0.242,-1.393,0.361,-0.469,0.089,0.63,0.168,0.469,1
P0167,V0167-4,-1.251,-0.265,-1.272,-2.343,0.407,0.599,0.218,-0.151,0
P0316,V0316-1,-1.036,0.031,-1.507,-0.732,0.331,0.253,-1.177,0.452,0
P0235,V0235-4,-0.43,0.106,-0.269,-0.27,-2.128,0.291,0.31,-1.971,0
P0478,V0478-7,1.137,-0.406,-0.81,0.587,0.591,1.478,0.039,1.043,1
P0479,V0479-5,0.443,-0.119,1.178,0.075,1.742,0.08,-0.032,-0.435,1
P0170,V0170-1,-0.719,0.644,-0.439,-1.527,0.82,0.353,0.626,0.772,0
P0248,V0248-3,-1.912,0.486,-0.132,0.024,-1.373,0.502,-1.493,0.287,0
P0315,V0315-3,-1.201,-1.287,-1.006,-0.139,-1.12,1.2,-1.147,-1.162,1
P0478,V0478-1,1.056,-0.72,-0.535,0.49,-0.298,2.043,-0.406,1.533,1
P0130,V0130-1,-0.864,2.356,-0.156,0.58,0.565,1.241,1.987,1.094,0
P0293,V0293-4,0.48,0.536,0.019,0.278,-1.32,1.154,1.128,0.116,1
P0348,V0348-2,0.827,0.598,0.35,-0.45,0.064,-0.27,-0.985,-0.249,1
P0233,V0233-7,1.155,1.932,0.334,-0.373,-1.248,-0.415,-1.543,-1.241,1
P0465,V0465-1,0.19,0.116,-0.275,0.156,-1.326,0.189,-1.48,0.59,0
P0332,V0332-1,-1.01,-0.51,0.105,1.571,-0.966,1.294,-0.983,-1.243,0
P0479,V0479-3,-0.471,0.434,1.025,0.138,1.426,0.161,-0.347,-0.494,1
P0208,V0208-2,0.245,-2.06,1.681,0.449,0.349,0.254,-1.294,0.228,1
P0356,V0356-6,-0.148,0.062,1.294,-1.212,-0.207,-1.806,0.789,-2.602,0
P0063,V0063-0,0.699,-0.179,-1.095,0.187,-0.623,-1.095,2.245,-0.333,0
P0408,V0408-3,0.664,0.935,-0.722,0.305,-0.518,-2.176,0.101,0.729,1
P0355,V0355-0,0.364,-0.515,-1.141,1.085,0.935,-2.062,-0.225,-0.434,0
P0204,V0204-2,1.463,-0.503,-0.905,-0.22,-0.13,-1.21,0.533,0.947,1
P0013,V0013-1,0.031,-0.685,0.336,-1.236,-0.385,0.368,2.219,0.981,1
P0004,V0004-1,0.831,-0.404,-0.53,0.302,1.145,-1.005,-0.83,-2.5,0
P0047,V0047-2,1.98,-1.909,0.779,-0.368,-0.607,0.3,-0.894,1.833,1
P0386,V0386-2,0.507,-0.109,0.132,-0.017,-0.945,-0.713,0.468,0.225,1
P0232,V0232-6,1.365,1.735,0.697,0.582,-0.095,-0.674,-0.078,-0.158,1
P0442,V0442-0,-1.889,-0.469,0.55,0.396,0.033,1.989,-1.455,-0.563,0
P0038,V0038-0,0.066,1.464,0.503,1.012,0.601,-0.386,-0.088,1.497,0
P0045,V0045-0,-2.264,0.362,0.33,0.079,0.326,2.227,-0.755,-1.199,0
P0426,V0426-1,-0.325,-1.387,1.147,-0.63,-1.175,-0.785,-0.145,-0.415,1
P0123,V0123-2,1.457,-0.562,-0.568,-1.354,-0.726,-0.547,0.249,-1.575,1
P0236,V0236-1,0.535,0.419,1.548,-0.703,-0.903,-0.499,-1.332,0.802,1
P0349,V0349-1,-1.042,0.231,0.963,1.549,2.295,1.481,-0.456,-0.214,0
P0377,V0377-0,1.04,-0.932,-0.49,0.056,-0.372,-1.74,-1.613,0.665,0
P0111,V0111-3,0.852,0.308,1.174,1.663,1.252,-0.581,-0.362,-0.215,1
P0102,V0102-0,1.03,-0.078,0.307,-1.077,0.925,0.079,-0.317,-0.903,0
P0270,V0270-2,-1.558,-0.909,0.594,0.295,0.772,-1.069,-0.214,-2.596,1
P0443,V0443-7,0.058,-0.178,1.477,1.556,0.238,-0.212,2.973,-0.934,1
P0309,V0309-2,-0.018,0.284,-0.622,1.339,0.209,0.528,-0.207,1.464,0
P0189,V0189-3,0.391,-0.941,1.057,2.117,-0.86,0.786,-0.207,-1.905,1
P0382,V0382-7,0.678,0.798,-0.92,-0.639,2.022,0.565,1.004,-0.17,0
P0328,V0328-1,1.043,-1.835,-0.756,0.502,-1.393,-0.176,0.028,-1.581,1
P0297,V0297-3,-1.513,2.068,-0.26,-1.362,1.021,0.803,-0.188,1.932,0
P0230,V0230-2,-0.244,0.336,-0.794,-0.328,1.053,0.455,0.616,-0.4,1
P0387,V0387-0,-0.906,-0.09,-2.0,1.051,0.595,-0.57,0.407,1.097,0
P0195,V0195-0,-2.221,-0.897,-1.076,-1.533,-0.6,0.769,-0.664,0.649,0
P0301,V0301-0,-0.36,-0.66,-0.125,-0.379,-2.308,-0.006,0.443,-1.239,0
P0004,V0004-2,0.727,0.431,-0.279,0.554,0.815,-1.024,-1.21,-2.93,0
P0229,V0229-3,0.607,0.898,-0.881,-0.065,-1.183,-0.169,-0.716,-0.432,0
P0450,V0450-1,-0.774,-0.877,1.362,-1.508,-1.285,-0.995,0.773,0.118,0
P0189,V0189-0,0.901,-1.127,0.951,2.359,-1.043,0.811,-0.44,-1.835,1
P0312,V0312-3,1.536,0.68,-0.206,-0.888,0.659,-0.138,-1.556,-1.0,1
P0173,V0173-5,-0.669,-0.152,0.473,0.219,0.618,0.237,0.181,-0.102,1
P0334,V0334-2,-0.144,2.47,0.391,1.1,2.471,-0.73,-1.09,1.602,0
P0208,V0208-0,0.324,-2.484,1.233,0.787,0.803,0.071,-1.195,0.732,1
P0448,V0448-0,0.728,2.091,-1.054,0.883,-0.414,1.329,-0.492,0.272,0
P0153,V0153-2,-0.597,-1.082,0.531,-1.048,0.686,-0.437,0.321,-0.336,1
P0040,V0040-1,-1.673,0.26,0.068,0.264,-1.522,0.205,-0.339,-0.314,0
P0253,V0253-7,-1.304,0.91,-1.667,-0.245,-0.587,-0.005,1.897,2.128,0
P0291,V0291-4,-0.069,0.157,-1.267,-0.047,-0.305,1.119,-0.505,0.517,1
P0126,V0126-0,-0.351,-0.605,-0.903,-1.493,0.111,-0.03,2.426,1.533,1
P0271,V0271-0,-2.046,1.671,-0.304,-0.306,0.052,1.157,-0.706,0.521,0
P0384,V0384-1,0.902,-1.412,-2.633,-0.362,1.279,1.808,1.287,0.442,1
P0383,V0383-2,0.166,0.319,-0.392,-1.524,-1.036,0.805,-0.802,0.241,1
P0021,V0021-0,-0.916,1.031,-1.198,0.918,0.559,0.245,1.507,1.26,0
P0157,V0157-3,-0.632,-0.35,1.232,-0.713,-1.518,-0.045,3.815,0.921,0
P0132,V0132-5,1.181,1.176,0.769,-0.448,-0.468,-0.546,-0.062,-0.829,1
P0261,V0261-0,1.696,-0.931,-1.399,-0.57,-2.061,-0.222,0.044,-0.788,1
P0242,V0242-1,-0.515,-0.345,0.467,0.402,0.072,0.143,1.96,0.087,1
P0282,V0282-2,-0.646,-0.713,-0.367,-0.742,-0.106,0.575,0.245,0.823,0
P0320,V0320-1,-0.114,-1.797,0.194,0.202,0.145,-0.194,0.9,0.352,1
P0240,V0240-7,0.799,0.399,1.049,-0.204,-0.292,0.083,0.964,1.548,0
P0059,V0059-0,-2.415,0.023,0.611,0.276,1.958,0.864,-0.35,-0.533,0
P0232,V0232-5,0.888,1.162,0.76,0.885,0.001,-0.777,0.075,-0.302,1
P0241,V0241-7,-0.055,0.78,-0.816,0.785,0.902,-1.312,-0.138,-0.009,1
P0423,V0423-1,0.729,1.384,-0.061,-2.167,-0.32,0.042,-0.25,0.335,1
P0224,V0224-2,0.234,-0.897,0.845,1.184,-1.188,-0.493,-0.919,0.399,1
P0068,V0068-0,1.052,0.952,0.085,-1.631,0.673,0.188,-0.056,-0.867,1
P0418,V0418-1,-0.25,-0.403,0.004,0.203,-1.725,-2.095,0.734,1.213,1
P0179,V0179-1,-1.135,0.17,-0.511,1.232,1.121,1.269,-1.024,-0.246,0
P0018,V0018-1,0.607,0.556,-2.464,0.266,0.871,0.421,0.697,1.792,0
P0292,V0292-0,-0.619,0.316,1.248,0.865,0.128,0.419,0.343,-0.081,0
P0046,V0046-0,0.175,-0.328,-1.112,1.378,0.099,0.384,-0.37,2.594,0
P0397,V0397-4,-1.096,-2.11,-1.064,-0.98,-0.571,-0.508,0.054,-1.455,1
P0401,V0401-4,2.263,-0.816,0.207,0.501,-0.282,-0.663,-0.609,2.445,1
P0444,V0444-1,-0.705,2.461,-4.069,-0.112,-1.308,-0.172,1.216,-1.764,0
P0190,V0190-0,-0.283,-0.715,0.242,-0.496,0.484,-0.116,0.61,0.934,0
P0438,V0438-1,-0.87,0.415,0.18,0.04,0.221,-1.397,0.188,-2.27,0
P0031,V0031-0,-1.206,0.042,-0.299,-2.224,1.04,-0.733,-1.356,-0.551,0
P0350,V0350-0,0.182,-0.372,-0.045,-1.792,-0.394,-0.989,1.595,-1.128,0
P0421,V0421-0,0.236,-1.417,0.15,0.147,-0.356,1.082,0.613,1.096,1
P0194,V0194-2,2.142,-0.587,-0.193,2.072,1.3,-1.408,-1.427,-0.603,1
P0116,V0116-3,-1.943,-1.196,1.403,-1.574,0.141,0.248,0.427,-0.714,0
P0390,V0390-5,0.016,-0.711,1.725,0.702,-1.395,-0.494,1.558,-1.637,0
P0310,V0310-1,1.679,0.362,1.386,-0.441,-2.634,0.269,0.272,-1.071,1
P0043,V0043-5,0.777,0.207,0.415,0.103,-1.424,-0.13,0.546,-1.224,1
P0408,V0408-4,1.877,1.14,-0.609,0.429,-0.933,-2.417,0.051,0.723,1
P0080,V0080-3,-0.741,2.496,-0.464,-0.118,0.226,0.37,-1.115,-0.602,0
P0197,V0197-6,1.782,0.013,-1.078,-0.317,1.987,0.659,-0.518,1.083,1
P0331,V0331-2,0.858,0.77,-1.727,0.053,1.459,0.096,-1.242,-0.732,1
P0169,V0169-2,1.561,-0.035,-1.058,1.493,-0.446,-1.416,0.287,-0.506,1
P0394,V0394-5,0.158,-0.418,-0.664,-1.394,0.582,-0.491,0.033,-0.448,0
P0262,V0262-4,1.156,0.861,-0.894,0.997,-0.461,-0.58,-0.97,0.866,1
P0384,V0384-2,1.344,-1.482,-2.459,-0.096,1.891,2.052,1.144,-0.263,1
P0055,V0055-1,0.909,-0.602,1.559,1.368,0.86,-0.626,0.227,-2.821,1
P0298,V0298-0,-1.451,0.318,0.7,-0.748,1.796,-0.989,-0.576,-0.518,0
P0344,V0344-5,-0.876,-1.335,-0.392,-0.804,-2.449,-0.688,-0.611,0.811,0
P0454,V0454-3,-0.903,0.4,1.429,-3.518,-0.29,-0.024,1.614,0.454,0
P0326,V0326-0,-3.261,1.307,1.136,-0.224,-0.885,-1.042,-0.356,1.222,0
P0266,V0266-0,0.554,0.981,1.872,0.583,-0.472,-1.4,0.529,-0.204,0
P0117,V0117-4,0.031,-0.617,-0.386,-0.239,0.126,-0.491,0.837,1.287,0
P0379,V0379-4,0.84,1.96,-0.273,-1.471,0.941,0.152,-0.532,-1.286,0
P0081,V0081-4,-0.032,-1.542,-0.433,0.278,-0.909,-0.65,-1.713,0.161,1
P0341,V0341-2,-0.797,0.936,-0.327,-0.798,0.181,-0.044,-0.682,1.498,1
P0234,V0234-4,0.483,-0.648,2.374,1.692,1.003,0.762,0.592,0.745,1
P0408,V0408-5,1.544,0.949,-0.363,0.5,-0.608,-2.249,0.616,0.54,1
P0241,V0241-5,0.279,0.545,-0.789,-0.223,0.379,-1.146,-0.357,0.085,1
P0197,V0197-5,2.682,-0.539,-0.7,0.456,1.572,1.247,-1.125,1.402,1
P0233,V0233-0,1.553,2.174,-0.504,-0.557,-1.123,-0.2,-1.403,-1.173,1
P0412,V0412-0,-0.533,-0.766,1.731,0.645,0.512,-0.639,-0.268,-1.473,1
P0494,V0494-7,1.082,1.578,-0.362,-0.269,-1.263,0.642,-0.198,-0.342,1
P0217,V0217-4,-0.845,-0.733,-0.458,2.808,-0.017,1.781,1.866,-1.773,0
P0159,V0159-0,-2.508,0.419,-1.236,0.6,-0.566,0.239,-0.106,0.091,1
P0070,V0070-2,0.087,1.169,-0.352,-0.259,-1.145,0.597,0.395,-0.016,0
P0463,V0463-1,-0.173,0.825,-0.732,1.981,-1.952,1.255,-1.02,-0.368,1
P0017,V0017-2,-0.285,-0.64,-0.701,1.433,-1.381,1.019,-0.193,0.431,0
P0322,V0322-3,0.662,-1.438,0.359,0.528,0.785,1.519,-0.718,0.579,0
P0388,V0388-2,-0.209,-0.348,-0.725,-1.167,0.615,-0.949,-2.306,0.448,1
P0020,V0020-0,1.395,-0.325,0.292,1.01,0.133,1.093,0.61,0.352,1
P0093,V0093-2,-0.465,0.649,1.255,-0.261,0.676,-0.309,0.017,0.581,1
P0481,V0481-2,0.559,1.872,-1.092,-0.166,-0.923,-1.429,1.364,-0.325,1
P0429,V0429-4,-0.244,0.828,-0.108,0.411,1.57,0.288,0.127,1.745,0
P0269,V0269-1,0.123,-1.748,1.39,-0.603,2.144,-0.87,1.225,0.445,1
P0055,V0055-2,1.426,-1.095,1.856,1.292,0.881,-1.266,0.373,-2.927,1
P0182,V0182-5,-0.939,-0.954,1.542,-0.868,-0.443,-1.385,0.552,-0.582,1
P0297,V0297-0,-1.998,1.342,-0.226,-1.234,0.842,0.259,-0.052,1.422,0
P0333,V0333-0,-1.722,-1.017,-0.92,-1.12,0.47,1.496,0.554,0.536,1
P0083,V0083-5,0.248,0.502,-0.014,-0.546,-1.359,-0.812,0.492,0.367,1
P0489,V0489-1,-0.617,1.523,1.08,-1.758,0.529,1.658,1.767,1.237,0
P0058,V0058-1,1.075,-0.251,-0.797,-2.513,0.797,1.272,-1.286,0.54,1
P0154,V0154-5,0.449,0.326,-0.276,0.022,-1.556,-0.998,-0.204,0.527,0
P0390,V0390-0,0.373,-0.379,1.399,0.501,-1.346,-1.12,1.275,-1.242,0
P0395,V0395-1,1.721,-0.044,-0.2,-0.386,-1.727,-1.781,2.153,0.994,0
P0493,V0493-3,-1.695,-0.841,2.232,-1.198,-2.146,0.997,0.45,1.937,0
P0445,V0445-1,-0.303,0.521,0.221,0.366,0.495,-1.738,-0.398,-0.368,0
P0166,V0166-2,0.065,-1.512,0.234,-1.465,-0.911,0.187,-0.829,-0.463,1
P0422,V0422-0,0.57,-0.985,2.104,1.484,0.326,0.755,0.541,-0.633,1
P0242,V0242-0,-0.773,-0.268,-0.148,0.875,0.061,0.318,1.784,0.064,1
P0035,V0035-1,1.067,0.28,-2.954,0.228,-1.355,-0.403,-1.665,0.295,1
P0472,V0472-3,-0.796,-0.115,-0.621,0.721,-0.015,-0.166,0.899,-1.065,0
P0146,V0146-5,-0.512,-1.15,0.399,1.067,-1.476,2.141,0.462,0.952,0
P0115,V0115-0,-1.537,-0.916,-0.157,0.628,-0.796,0.141,0.351,1.437,0
P0133,V0133-1,-1.562,0.208,-0.93,-0.409,-1.66,-0.265,0.382,0.018,0
P0091,V0091-4,0.76,0.801,-1.121,-0.222,-0.552,-0.825,-1.411,1.263,0
P0137,V0137-4,0.283,-0.237,1.923,-0.917,-0.666,-1.772,-2.144,0.512,1
P0165,V0165-1,-1.051,-1.111,0.687,0.573,1.119,-0.367,-0.596,-1.632,0
P0496,V0496-0,-1.676,-0.206,1.983,-1.398,0.134,-2.097,1.07,-0.323,0
P0405,V0405-2,-0.429,0.521,-1.146,0.564,-0.813,0.814,2.644,2.317,0
P0023,V0023-1,0.961,0.691,2.002,0.406,-1.049,1.101,0.091,-0.961,1
P0378,V0378-0,-1.769,0.932,0.948,0.177,0.523,0.85,-1.391,0.999,0
P0414,V0414-2,-0.589,0.512,0.07,2.07,0.676,-0.053,-0.52,-0.901,0
P0154,V0154-4,0.72,0.531,0.013,-0.063,-1.696,-1.133,0.712,0.795,0
P0198,V0198-1,-1.584,1.631,-0.879,-0.949,-0.283,-1.985,0.755,-1.047,0
P0443,V0443-1,-0.526,0.167,1.21,2.092,0.577,-1.13,2.453,-0.727,1
P0392,V0392-0,2.01,0.014,-0.734,0.224,0.022,-0.647,0.855,-1.666,0
P0433,V0433-0,0.113,-1.677,-0.088,-0.698,-0.013,-0.013,0.58,0.83,1
P0113,V0113-4,0.394,0.346,-0.164,0.2,0.944,-0.885,1.028,-1.104,1
P0345,V0345-0,1.673,-0.696,-1.152,0.306,-1.356,-1.35,0.477,0.106,1
P0456,V0456-1,-0.306,-2.014,-1.208,-0.544,-0.958,-0.586,-0.16,-1.411,1
P0436,V0436-3,0.175,0.138,-0.108,-0.39,-1.599,-1.955,0.19,2.8,0
P0145,V0145-4,0.765,0.064,-0.223,1.291,1.64,3.072,-0.4,0.07,0
P0484,V0484-5,1.562,-0.63,-0.465,-0.29,-0.505,0.811,1.374,-0.975,1
P0371,V0371-0,-0.733,0.56,1.651,-0.503,0.822,2.069,0.402,1.029,1
P0362,V0362-5,-0.156,-0.905,0.645,1.522,1.64,-0.229,0.883,-1.99,1
P0059,V0059-2,-2.242,-0.09,0.046,-0.663,2.015,0.953,-0.364,-0.446,0
P0210,V0210-4,0.416,0.258,-0.492,1.458,-1.14,-1.382,0.082,0.239,0
P0353,V0353-2,-1.649,-1.218,-0.441,1.151,0.444,1.4,-0.52,0.397,0
P0156,V0156-3,-0.129,-0.767,-0.151,-0.533,0.522,-1.212,1.258,0.594,0
P0172,V0172-5,0.221,-0.561,1.021,-3.19,0.526,1.224,1.926,-0.602,0
P0336,V0336-1,-0.554,-1.629,0.819,2.189,0.981,-0.98,0.875,-0.829,1
