customer_id,f0,f1,f2,f3,f4,f5,f6,f7,churned
102291,0.727,-0.42,-0.159,1.556,-0.903,1.592,0.611,0.708,1
101595,0.703,0.475,0.273,-0.946,0.15,-0.855,-0.508,-1.135,1
101236,-1.483,-0.892,-1.675,0.295,0.227,-0.881,0.941,0.104,0
103824,-0.671,-0.186,-0.351,0.756,-0.685,-1.428,0.454,-1.683,1
102290,-0.665,-0.115,0.143,-1.143,-1.468,0.633,0.332,0.072,0
102399,-1.736,-0.562,-0.437,0.154,0.72,-0.324,-0.829,2.673,1
103516,-1.099,0.087,-0.041,0.765,1.664,0.832,-1.589,1.386,1
101671,0.618,0.149,1.014,0.43,2.064,-1.091,-0.312,0.829,1
101332,0.011,1.111,0.387,0.21,-1.687,-0.238,-0.933,0.911,0
103887,-0.356,-0.292,-1.715,0.718,0.05,0.257,-0.448,0.96,0
102435,1.211,-0.283,-0.615,0.694,-1.192,0.514,2.025,0.604,0
103499,-0.192,2.17,0.296,-0.678,0.273,-0.605,-1.779,0.597,1
102395,-0.78,-1.333,-0.911,0.888,-0.256,1.308,0.26,0.621,0
102028,-0.016,1.73,0.175,-0.881,-0.566,0.807,-0.953,0.262,1
103145,3.036,1.161,0.071,0.97,-0.266,-0.997,-0.232,-0.336,1
101230,0.511,-1.276,-0.104,0.508,0.002,-0.75,0.423,1.069,0
102801,0.059,-1.063,-0.538,-1.109,-1.236,0.547,0.512,-0.112,0
103710,1.149,0.085,-0.694,-0.679,0.066,0.943,1.219,1.462,1
101142,-0.409,-0.425,-0.246,-1.011,1.57,1.759,-0.157,1.627,1
103039,-0.155,-2.234,-1.24,0.476,2.124,-1.211,0.807,-0.677,1
103944,-0.364,-0.287,0.52,1.249,-0.477,-1.771,0.092,0.561,1
103402,0.912,1.177,0.449,-0.545,-0.777,1.87,0.74,-0.587,1
103491,-0.549,-0.676,0.439,-0.109,-1.118,0.668,1.678,-1.511,0
102763,0.539,-0.212,2.042,-0.855,-0.476,0.057,0.571,-0.294,1
101981,-1.028,0.41,2.197,-0.597,-0.804,0.166,-0.673,0.529,1
102011,0.187,0.919,1.019,1.815,0.652,-2.25,0.378,-1.406,1
103697,0.407,0.439,-0.463,-0.078,0.363,1.996,1.617,-0.993,1
102080,0.143,-1.177,0.975,-0.359,0.471,-0.327,-0.875,-1.294,0
101171,0.212,-0.097,0.484,-0.056,0.353,-0.413,0.381,0.345,1
101557,-0.596,0.009,0.87,-0.604,0.918,-0.938,1.306,-0.971,1
102226,-2.285,0.406,-0.681,0.593,-1.685,0.271,-0.89,-0.105,1
103591,1.23,-0.46,-0.273,-0.717,-0.095,1.759,-1.744,-0.958,0
101338,-1.253,-0.943,-0.09,-0.156,-1.727,0.029,0.339,-0.761,0
103854,0.842,0.476,-0.386,2.65,-1.282,1.133,1.513,-0.038,0
103319,1.17,-0.013,-1.047,0.175,1.224,0.6,0.107,-0.193,0
102157,1.506,-1.281,-0.499,0.135,-2.289,-0.24,0.372,1.15,0
101649,0.545,-0.318,-0.711,-1.543,-0.528,1.205,-0.219,-0.568,0
101313,0.467,0.114,0.987,-0.954,0.138,-0.99,0.451,1.316,1
103731,-0.915,0.458,0.258,-0.307,0.794,-0.022,0.327,0.187,1
103382,-0.938,0.442,-0.827,1.2,-0.851,-0.953,-1.029,0.839,1
101549,-1.496,-0.241,0.1,1.078,0.52,-0.045,0.741,-2.152,1
102190,-0.153,0.279,-0.251,0.654,1.587,-0.464,-0.681,-0.09,1
101631,0.418,0.766,-0.226,-1.009,0.512,0.584,-0.81,0.368,1
101152,1.125,0.048,0.933,0.017,-1.571,-1.051,-1.613,-0.165,1
103128,-0.052,0.306,1.313,-0.106,-0.611,1.31,-0.245,-0.486,0
101110,-1.084,0.037,0.183,-0.686,-0.098,0.948,1.254,0.081,1
103937,0.165,-0.6,-0.461,-0.609,-0.696,-0.125,-0.532,-0.348,1
103893,0.776,-1.358,1.523,1.084,-1.611,1.243,-0.652,0.993,0
101729,0.43,-0.648,-0.589,-0.355,0.155,0.818,-0.193,1.374,0
102596,0.516,-1.544,-2.388,-1.121,1.429,0.88,-1.981,0.772,0
102871,0.929,2.142,-0.838,-2.392,-0.483,0.591,-1.063,0.483,1
103398,-0.965,0.186,-0.584,0.082,0.424,-0.341,0.337,-1.834,0
102102,-1.094,-1.437,0.852,-1.561,-1.375,-0.984,2.12,-1.475,0
102467,-1.781,-1.377,-1.271,-0.057,-0.526,0.223,-1.338,-0.332,0
102409,-0.361,2.104,1.616,-1.125,0.366,-0.062,-1.189,0.418,1
103459,0.972,-0.404,0.092,1.453,-0.614,1.172,0.66,0.236,1
101107,0.932,0.585,-0.323,1.561,-1.18,-1.625,-1.295,1.221,1
101480,-0.762,-2.327,0.648,-0.125,0.609,1.801,1.01,-2.242,0
103901,0.229,-0.734,0.765,-0.061,-0.046,-0.321,-0.948,-1.932,1
102077,-0.715,0.007,-0.053,-2.888,1.556,0.625,-0.105,1.911,1
102563,-0.439,0.731,-0.697,1.585,-0.258,0.036,-1.994,0.752,0
102479,2.598,0.422,-0.208,1.446,-0.267,0.079,1.205,-0.244,0
103018,0.411,-0.399,-1.039,-0.189,-0.479,-1.968,0.685,0.132,0
103042,-0.608,-0.185,0.252,1.196,-0.229,-1.069,1.205,1.065,0
103671,1.342,-0.914,-0.178,1.36,0.789,-0.093,-1.278,-1.565,1
102215,-0.025,-1.039,2.207,1.563,2.501,-0.831,-0.137,-1.182,1
102368,0.96,1.685,-0.072,1.17,-0.907,0.08,0.363,-1.184,0
102405,-1.685,-0.39,-0.235,-1.129,0.208,-0.421,-0.205,0.144,1
103616,0.795,1.292,1.506,0.43,0.072,-0.246,1.078,-0.112,1
102139,-0.483,1.505,-0.186,-0.623,-0.243,0.036,-0.563,-1.142,0
101527,0.043,-1.04,-1.62,0.884,-1.141,-0.292,-0.11,0.356,0
103032,0.292,1.784,-0.075,0.05,-1.249,0.579,-1.582,0.293,1
101265,-0.379,0.009,1.636,-1.357,-2.124,0.128,1.359,0.16,0
103130,-1.535,-0.8,1.269,1.322,0.026,0.471,0.308,-0.587,0
103299,1.717,-0.332,-0.762,0.01,2.174,-0.159,0.736,-0.488,1
103430,1.052,-0.404,1.695,0.371,0.423,-0.75,0.795,-0.109,1
103694,0.726,-0.185,0.671,-1.262,1.979,1.276,-0.46,1.225,0
103991,-2.316,0.572,0.71,0.691,-0.452,-2.028,2.45,-0.928,1
102852,0.152,0.854,0.827,0.288,-1.009,0.742,-0.726,0.455,0
101347,0.373,0.59,-2.425,-1.191,-0.219,0.571,0.587,0.043,0
102486,-0.179,-1.333,-1.398,0.395,-1.105,-1.217,0.753,-0.2,0
101831,-0.257,0.901,-1.797,-1.824,0.741,-1.882,1.499,0.272,1
101240,0.74,-2.726,0.7,0.038,-1.081,1.92,0.808,-0.896,0
103691,0.801,-2.85,-1.306,-0.039,0.077,0.665,0.705,1.089,0
101355,-0.714,1.396,0.872,-1.621,1.982,0.309,-0.839,0.277,1
101904,-0.96,0.021,1.053,-1.953,0.925,-0.638,-0.428,0.244,1
101520,-0.316,1.537,-1.374,0.679,0.38,1.148,0.825,-1.1,1
102136,0.434,-0.019,-0.984,-1.462,-1.362,0.814,-2.185,-0.339,0
102733,-1.039,0.789,-0.53,0.196,-0.06,-0.776,-1.755,-0.263,1
102572,-0.482,-0.412,-0.258,1.449,-0.144,-0.433,0.13,-0.594,1
103109,0.321,0.406,-0.105,0.864,-0.877,0.904,-0.994,0.024,1
103234,-0.728,-1.242,-0.527,-0.886,0.386,0.442,0.406,0.688,0
102737,-0.479,-0.039,-0.714,1.225,-0.372,-0.3,1.258,-1.487,0
102619,0.106,0.609,-1.815,1.447,1.639,-0.65,0.413,-0.901,0
103702,0.351,-0.339,-1.31,-0.606,-1.128,0.2,1.305,1.835,0
103705,-0.52,1.398,0.62,1.008,0.033,-0.975,0.658,-0.727,1
102050,0.059,-1.873,-1.854,0.855,-0.048,1.212,-1.265,-0.39,0
101063,-2.453,0.416,0.276,0.09,0.886,-0.593,-0.018,-2.567,1
103953,0.503,0.577,-1.283,-0.668,0.897,1.273,0.339,-0.383,0
101736,1.134,-1.141,0.238,-0.156,-0.207,-1.187,-0.901,-0.103,1
101866,-1.021,0.067,-0.01,1.059,-0.284,1.349,0.168,1.341,1
103632,-1.82,-1.479,2.07,0.189,0.094,1.04,-1.125,0.076,0
101576,-0.084,0.606,0.856,1.147,1.019,-0.493,-0.118,-0.666,0
103664,1.903,-0.627,-1.683,-0.958,0.72,0.163,-0.384,0.414,0
102848,0.269,0.505,1.424,-0.447,-0.598,-0.109,1.234,0.215,1
102176,0.545,-1.375,0.087,0.865,0.969,0.182,-1.581,-0.877,0
102313,1.466,-1.126,-0.63,-0.491,0.718,-0.116,-0.779,0.645,0
101993,0.527,-1.157,1.341,0.352,-0.196,-1.611,-0.209,-0.354,1
103136,-2.32,0.7,1.677,-1.182,-1.202,-0.383,1.071,0.181,0
101270,0.031,0.253,0.03,1.59,0.934,-0.951,-0.683,-0.97,1
101368,0.97,0.282,-1.853,-0.618,0.414,-0.501,0.919,2.626,0
101098,0.96,0.901,0.884,0.307,1.823,-1.083,-1.564,-0.763,1
101596,-0.321,1.084,0.493,-0.887,-0.841,1.132,-0.209,0.902,1
103536,0.534,0.012,-1.462,-0.193,-0.854,-1.951,-0.974,-1.162,1
101015,0.683,-0.104,1.917,-0.745,1.974,2.908,-0.0,2.067,1
102114,1.291,1.244,-0.376,-1.204,1.356,0.105,-1.224,-0.714,1
102881,-0.282,-1.848,-0.507,1.049,-0.041,-2.266,0.094,-0.834,1
103121,-0.759,-0.315,-1.242,-0.293,-0.196,1.103,0.199,-0.203,0
102332,0.39,0.891,0.762,-1.525,0.115,-1.153,-0.294,1.235,1
101290,0.434,-0.248,-0.005,-1.077,0.543,-0.453,1.118,-1.524,0
101788,0.077,0.963,1.031,-0.593,-0.947,0.921,0.091,1.401,1
103872,-0.868,-0.03,0.355,-1.622,-0.024,0.183,-0.546,1.192,1
102887,0.412,1.224,-0.106,0.538,1.167,2.482,0.407,0.647,0
102211,0.353,-2.08,-0.089,2.018,-0.112,-0.36,-0.634,0.307,0
103001,1.297,-1.543,0.465,0.394,-0.457,1.061,-0.165,-0.075,1
102568,0.418,1.088,-1.433,0.758,0.116,1.291,-0.663,0.075,1
103114,-0.434,-0.168,-1.78,-1.223,0.967,-1.131,0.397,0.898,1
101956,-1.362,0.157,-0.066,0.632,-0.931,1.245,0.29,-1.253,1
102107,0.272,-0.674,-1.491,-0.999,1.333,-1.402,0.379,-1.451,0
101556,0.032,1.112,-1.006,0.568,-1.906,-0.8,-1.059,0.606,1
102752,-2.618,0.242,0.586,1.436,1.848,-0.613,-0.254,-0.41,1
103510,0.814,1.013,0.87,0.078,-2.535,0.825,0.378,0.514,0
103493,1.245,-2.167,0.138,-0.196,0.168,-0.256,-0.025,0.3,0
101488,-0.18,1.503,0.972,0.37,-0.101,-0.184,-0.722,0.137,1
102325,-0.183,1.256,0.199,-0.007,-0.714,-1.322,-0.469,1.452,1
102614,0.187,0.818,-0.183,-2.292,-0.651,0.667,0.981,-0.998,1
102427,-0.533,0.579,0.612,2.04,0.015,0.911,1.18,1.629,1
102447,1.573,-0.392,0.579,-0.234,0.175,-0.618,-0.316,-1.208,1
103530,-0.663,-1.246,-1.849,-1.195,0.46,0.338,0.712,1.454,1
101143,0.798,-1.039,0.939,0.69,0.18,-1.421,-0.569,-2.263,0
101523,-0.061,-0.4,0.458,-0.384,1.592,0.007,-2.467,-0.493,1
102025,0.904,2.43,-1.043,-0.009,1.786,1.924,1.611,-0.074,0
101529,2.096,-1.958,-0.648,-0.445,-0.69,-1.423,-1.091,-0.298,0
102111,0.47,1.56,1.12,0.496,-0.444,-0.263,0.095,0.092,1
103736,0.258,0.553,-0.421,-0.305,0.131,-1.424,0.027,-0.276,1
101218,-0.347,0.024,0.774,0.689,-0.553,-0.721,-1.641,-0.349,1
101611,0.468,0.963,0.139,0.706,-0.214,1.537,-0.178,-3.239,0
103822,-0.114,-0.71,0.172,0.019,1.046,0.518,0.724,-0.528,0
101739,0.795,0.079,-1.014,1.807,-2.572,-0.464,-1.532,-0.387,0
101857,0.284,0.165,-0.005,-0.019,-0.695,-1.889,-1.237,-0.388,1
103373,0.614,-0.791,-0.184,-0.463,0.911,-1.205,0.164,0.511,0
102128,-3.28,-0.328,1.292,0.825,-1.836,-0.755,-0.854,1.504,1
101122,0.794,-0.956,0.525,1.353,-0.007,0.399,0.051,0.846,0
102806,-0.66,-0.013,-0.453,0.332,0.103,0.736,0.059,0.272,1
103374,1.005,-0.369,1.09,1.233,-0.763,1.551,0.707,-0.105,0
102514,0.175,2.086,1.396,-0.212,0.537,0.726,0.785,-0.717,1
102202,0.436,-0.941,0.593,0.407,-2.114,-1.058,0.579,0.232,0
103416,0.586,0.262,-0.583,-0.009,0.106,-1.279,-0.949,-1.536,0
101280,0.987,1.884,1.254,-0.435,1.657,1.587,-0.323,0.095,1
102293,-0.086,-1.04,0.518,-0.298,-0.505,-1.648,0.396,-0.319,0
103747,-1.586,0.748,0.287,-0.372,-0.215,1.09,-0.777,0.493,1
103753,0.568,-0.816,-0.436,0.806,0.588,-0.976,-0.394,-0.024,0
102872,0.376,1.426,0.181,-1.481,0.571,-2.204,-0.816,0.248,1
103482,1.523,0.147,1.284,1.473,0.76,0.986,1.048,1.029,0
101599,0.097,1.205,0.056,-1.602,0.0,1.12,-0.699,-1.598,1
101816,0.122,0.053,0.195,-0.463,-1.761,0.311,0.024,2.587,0
102556,-1.636,-0.33,-0.449,0.659,-2.004,0.812,-0.289,1.472,0
103309,-0.172,0.108,1.525,-0.127,0.448,-0.344,-0.892,0.279,1
101781,1.058,0.679,-0.793,-0.229,0.223,1.942,0.742,0.529,1
103812,-0.39,0.42,-0.013,0.109,-0.333,-2.296,-0.856,0.268,0
101716,0.115,-0.621,1.525,-0.021,1.593,0.183,0.372,-0.742,0
102797,-1.656,-0.622,-1.038,0.306,1.115,0.518,-0.416,-0.373,1
103577,0.339,0.735,0.07,-1.122,0.661,0.88,0.59,-0.31,1
102678,0.488,0.732,1.127,-0.592,1.176,0.516,1.743,-1.16,0
103485,0.664,-1.212,-0.561,1.235,-0.106,-1.928,-0.833,-1.925,0
103484,0.44,1.328,0.692,0.312,-1.27,-0.352,1.122,-0.551,0
101112,-0.609,1.771,0.938,-0.994,1.061,-0.106,0.718,0.389,1
101157,0.428,0.306,0.787,-1.782,-0.588,-0.274,-0.845,0.269,0
101494,-1.773,0.53,1.324,0.185,1.08,-0.336,0.823,0.935,0
103864,0.92,-1.514,-0.241,0.711,-1.262,-0.851,0.471,-0.467,0
101681,-0.513,-1.916,0.816,-0.175,-1.021,1.435,0.004,-0.988,0
101259,-0.187,1.58,2.574,0.548,0.609,-2.541,0.565,-1.689,1
102248,1.715,0.652,0.493,1.836,0.703,-0.972,-1.176,1.555,1
103870,-0.248,0.346,0.518,1.054,0.437,-3.555,0.189,1.351,1
102804,0.649,-1.237,-1.019,2.341,-1.353,0.265,1.309,0.194,0
102719,0.994,1.532,-1.455,-0.52,-0.095,0.68,-1.396,-0.764,1
102987,0.873,-1.191,1.007,1.185,-0.03,-0.312,0.325,2.449,0
103116,-0.024,-0.703,-0.569,-0.117,0.566,-1.112,-1.728,1.234,0
103400,-1.054,-1.382,-0.145,-0.738,0.09,0.71,-0.619,1.354,1
103865,0.519,0.624,-0.72,-0.036,-0.415,0.801,1.384,-1.336,1
102089,0.702,-0.39,0.289,-0.835,0.19,-0.353,1.974,-0.911,0
103674,2.926,0.131,0.497,0.275,-1.87,2.741,0.359,1.051,0
102354,-0.908,0.433,1.032,-0.496,0.364,0.21,-0.146,1.45,1
101928,-1.2,0.193,-1.279,1.593,-0.023,1.016,0.116,-0.44,0
102194,-0.212,0.777,-0.621,-1.889,0.022,0.223,0.348,0.079,1
103386,-0.847,1.589,-0.928,-0.692,0.887,0.704,-1.233,-1.507,1
101027,1.306,0.959,0.116,0.159,0.096,-0.064,0.636,0.578,1
103628,3.003,1.057,0.421,1.249,-0.692,-0.348,-0.519,-0.128,1
103720,-0.567,-1.018,-0.879,-1.125,-0.376,1.526,0.457,1.165,0
102462,0.883,0.377,2.071,0.537,-1.273,0.642,-0.317,0.718,0
103132,0.858,-0.563,1.076,1.177,-0.943,-0.78,1.275,2.519,0
101824,-0.743,0.478,-0.305,-1.89,0.579,2.333,0.735,-0.811,0
102275,-1.647,0.894,-1.794,-0.167,0.965,-0.238,1.064,0.466,0
101627,0.358,0.077,1.29,-0.163,-0.444,1.357,0.946,1.156,0
101068,-0.61,0.627,-0.084,1.253,-0.646,-0.834,-0.417,1.554,1
102992,-0.065,-0.72,0.492,0.197,1.276,-0.582,-1.193,0.534,1
102012,-0.436,-0.746,0.484,-0.068,-0.492,0.056,-1.607,-1.006,1
103605,0.619,-1.819,0.991,-0.913,-0.333,0.811,-1.921,-0.189,1
101515,-0.811,0.803,1.697,-3.055,-0.765,-0.159,0.803,-0.988,1
102980,0.21,0.687,-2.538,-0.048,-2.025,-2.004,-0.718,0.946,0
103203,-1.071,-1.088,0.249,-0.061,-0.562,-0.833,0.564,1.727,1
102485,0.798,-1.484,1.544,-0.545,-0.438,-0.383,0.945,-0.515,0
101101,-0.449,-0.535,0.268,-1.364,1.449,0.15,0.199,-0.15,1
102389,1.321,-1.188,1.216,0.759,-0.482,-0.561,-0.517,-0.502,0
102494,0.122,1.448,-0.157,0.055,-0.85,-1.397,0.654,1.444,1
103182,0.524,0.306,0.317,0.38,2.235,1.602,-0.268,0.331,1
103100,-0.63,-0.289,0.677,-0.668,0.048,0.6,-1.067,-0.179,1
102305,0.482,-0.201,-0.072,-0.167,0.944,0.149,-0.568,-0.671,1
101499,0.578,-2.501,-1.039,0.079,1.504,1.94,-1.063,0.711,0
101079,0.503,0.819,0.922,-0.205,1.324,0.294,-0.465,3.833,1
102735,0.885,1.712,-0.986,-0.081,-2.792,-0.422,-0.91,0.886,0
101765,1.962,2.865,-1.481,-0.471,0.613,1.247,-1.855,1.663,1
102653,-1.69,1.224,-2.544,1.812,-0.905,0.899,0.763,1.032,0
103525,-0.465,1.152,0.082,-0.063,-0.465,0.049,-1.038,0.269,0
103332,1.492,-1.389,0.364,-0.671,2.28,0.094,0.949,1.515,0
103323,0.086,-0.365,-1.518,1.56,-0.323,0.677,-0.226,0.785,0
103766,-0.5,0.089,1.028,0.387,-1.574,1.28,0.709,-0.897,0
103512,-0.93,1.105,0.322,0.005,0.953,0.779,-0.826,-0.306,1
102508,0.252,0.309,-0.543,-1.667,-1.581,-0.27,1.295,-1.15,0
103538,-1.286,1.372,0.157,0.109,0.661,-0.614,0.303,-1.159,1
101341,-0.433,-1.292,-1.563,-0.452,-0.57,-0.695,1.658,0.804,0
102442,-0.036,0.894,-0.821,1.116,-0.541,-1.097,1.679,-1.117,1
102576,-1.013,0.49,0.494,-0.07,0.243,1.217,-0.242,1.966,1
103746,0.587,-0.023,-0.644,-0.553,-0.817,-0.501,0.03,-1.5,0
103844,-0.393,1.399,0.2,-0.014,0.386,-0.149,-0.458,-0.013,1
102072,-0.579,-0.142,-0.327,-0.95,-0.044,0.032,0.824,-0.269,1
102687,0.407,0.677,-0.237,1.088,1.566,-0.712,-0.519,0.624,1
103829,-0.183,-0.44,-0.569,1.251,-0.015,0.232,-1.822,0.245,1
102846,1.997,1.779,-0.676,0.411,-0.7,0.86,0.306,0.047,1
101158,0.518,0.252,0.062,2.216,0.025,-0.022,1.146,1.738,0
101054,0.381,-1.004,-0.754,-0.803,0.382,-0.695,-0.511,-0.199,1
103830,-0.841,-0.053,-0.225,-0.297,-0.642,-0.671,-0.595,0.398,1
101062,-0.679,0.333,-0.234,-0.69,-0.772,-0.948,-1.048,-0.601,1
101312,0.557,-0.226,1.074,-1.092,0.632,-0.492,-0.56,-0.749,1
101958,0.434,-0.279,-1.545,0.014,-2.056,0.349,-1.471,0.276,0
101204,0.49,-0.538,-0.235,-0.972,-0.49,0.372,1.398,0.538,0
101131,0.657,0.826,0.388,-0.572,0.682,-0.153,2.528,0.432,1
103535,-0.116,-0.978,-0.259,1.277,-2.248,-2.298,0.278,1.642,0
102983,1.317,0.976,-0.225,-0.114,0.777,-0.111,-0.417,0.785,0
103325,0.519,-0.054,0.611,-0.403,0.092,-1.531,-0.455,0.538,0
101336,1.01,1.488,0.339,-0.667,1.104,1.447,-0.215,-0.298,1
101084,-1.303,0.506,-0.021,-0.674,-1.091,-1.623,0.483,0.426,1
103464,0.245,1.153,1.272,0.225,-0.439,2.601,1.736,0.291,0
101241,-0.766,0.579,1.745,0.517,-0.403,1.764,-0.561,1.3,1
101790,0.614,-0.608,0.087,0.994,1.418,-1.236,0.302,0.265,0
102393,0.408,-1.147,0.321,-0.516,0.997,-0.01,-1.735,-0.262,1
103025,0.701,0.526,0.558,0.824,-0.285,0.931,0.151,1.141,0
102424,-0.092,0.257,0.423,1.632,0.201,0.192,0.627,0.393,1
102466,0.24,-1.19,0.709,-0.376,-0.648,-0.874,-1.8,-0.819,0
102496,-0.183,-1.366,-0.618,-1.031,-0.072,-0.879,0.301,-1.127,0
101076,1.439,-1.071,0.113,0.798,0.309,1.149,0.08,-0.248,0
103850,-0.719,0.798,-0.377,0.19,0.161,-1.225,0.319,0.346,1
101093,1.981,-0.089,0.887,-0.264,1.446,-2.313,-0.641,-0.203,1
102708,0.715,0.671,-0.073,1.202,-0.51,0.754,-1.613,1.158,1
103707,-0.006,-0.979,-1.843,1.988,0.329,0.591,0.418,0.712,0
101137,1.554,0.767,0.464,0.017,0.36,-0.258,0.172,1.445,1
101842,1.104,-0.835,-0.143,0.443,-1.0,0.695,-0.205,0.319,0
103871,1.031,0.373,1.268,-0.528,-0.473,1.02,0.751,-1.369,0
103411,-0.904,-0.163,0.723,0.254,1.357,-0.754,1.869,-1.168,0
103788,-0.589,0.824,0.147,-0.273,-0.48,-2.213,-0.46,-0.972,1
102820,1.232,-0.052,0.162,0.55,0.632,-0.256,0.349,1.929,1
102489,1.783,1.511,1.65,0.465,2.163,-0.067,-0.21,0.111,1
102344,-0.885,-0.801,-1.617,1.251,1.06,0.879,-0.748,1.804,1
103738,1.711,-1.541,1.774,-0.173,-0.653,1.279,1.476,-0.539,0
102061,-0.067,-1.22,1.306,-0.576,-0.799,-0.556,0.951,0.235,1
102487,0.097,0.736,0.345,1.086,0.68,-0.682,-0.103,-0.212,1
102859,0.421,0.139,0.478,-1.015,0.634,-0.69,-0.084,0.393,1
102890,-0.097,0.976,-0.289,-0.23,-1.371,-0.676,-0.76,0.48,1
103012,-0.699,-1.67,-0.693,-0.905,-0.191,-0.201,0.83,1.151,1
101758,-1.672,0.95,-1.053,0.853,-0.823,0.667,-0.497,-1.532,0
102148,0.859,-0.657,-0.701,-0.081,0.947,0.812,0.36,-0.151,0
102577,0.614,-0.993,-1.103,0.918,0.398,-1.883,0.321,1.821,0
103711,1.047,1.057,1.823,0.577,1.352,1.404,0.304,-1.013,1
101072,-1.112,0.117,-0.529,2.404,-0.61,-1.075,0.731,-0.5,0
101227,0.484,0.059,0.777,-1.961,0.304,0.169,0.264,-1.41,1
103439,-0.746,0.202,-0.77,-0.585,1.643,-0.376,1.189,-1.593,1
102492,0.494,-0.297,0.765,-0.979,0.679,0.987,0.166,-0.923,0
103487,1.46,-2.158,-0.107,1.172,0.853,-0.045,-0.155,0.822,0
102006,-0.642,1.994,0.249,-0.398,1.684,0.775,2.266,0.074,1
101808,1.067,0.324,-0.478,-0.56,0.337,-0.427,-1.562,-1.371,0
103505,0.572,-1.792,-1.17,-0.022,-0.636,1.119,0.677,0.031,0
102939,0.414,0.768,-0.899,-0.435,0.261,0.426,-1.19,-0.556,1
101129,1.354,0.039,1.01,-2.374,0.298,-1.159,0.962,1.285,1
101982,-0.23,-0.488,-0.506,0.075,1.461,-1.937,1.915,0.394,1
102101,0.248,-0.589,0.624,0.472,-0.582,-0.166,-0.793,-0.211,0
101663,-0.837,1.176,-0.32,0.759,1.683,1.153,-0.315,-0.07,0
103504,0.843,0.942,0.975,-1.163,0.289,0.996,-0.157,-0.862,1
102056,-1.328,1.079,-0.177,0.67,0.175,-1.703,-0.601,-1.064,0
103304,0.262,0.134,0.26,-0.402,0.82,-2.232,-1.281,0.548,1
102353,0.89,0.052,-0.423,0.385,-0.68,-0.803,-1.576,0.006,0
101221,-1.799,-0.274,-0.766,0.067,0.969,0.171,0.098,-0.705,1
103148,0.324,-1.07,0.823,-1.227,1.254,-3.254,-0.203,0.691,1
101692,2.211,0.985,-0.93,-1.184,0.091,0.493,-0.645,0.975,1
103161,-0.732,-1.428,0.599,-0.315,1.092,-1.254,-1.078,0.073,0
102460,-1.29,0.994,0.633,-0.429,-0.262,-1.319,1.035,0.194,1
101585,1.977,1.783,1.452,-1.684,0.596,-0.818,0.457,0.871,1
103936,0.549,0.214,0.196,1.408,0.508,1.012,0.643,-0.509,0
101955,1.42,-1.47,-0.499,-0.418,-0.464,0.248,0.388,-0.192,0
103837,-1.597,0.662,2.171,0.117,-1.325,1.195,-1.9,-1.174,1
101744,0.957,-0.184,-2.22,-0.873,0.993,-0.713,-0.58,1.058,0
101732,-0.907,-0.042,-0.146,-1.823,0.281,-1.18,-0.173,2.311,1
101475,0.194,0.785,0.682,-0.443,0.235,-0.263,0.463,-1.622,1
103869,0.141,-1.643,0.456,0.713,-0.812,0.222,-0.842,0.074,0
101734,0.418,0.531,-1.789,0.334,-0.377,1.698,0.651,0.285,0
101004,-0.832,0.013,-0.73,-0.374,1.087,1.202,-0.926,-0.154,1
101961,-1.629,0.645,2.043,-1.367,0.507,0.705,2.981,2.031,1
101659,0.28,1.377,0.02,-0.307,0.649,-0.868,-0.245,0.946,1
103137,0.338,0.262,0.379,-0.041,-0.188,-1.092,0.508,1.201,1
101069,0.899,0.244,0.077,0.328,-0.964,0.493,-0.491,0.224,0
102835,0.605,-0.329,1.635,0.276,-0.339,-0.678,-1.585,0.847,1
101920,1.929,-0.366,0.244,-1.391,-0.086,-0.304,0.256,0.05,0
103144,-1.699,0.645,1.629,0.098,0.167,-0.998,-0.225,-1.793,1
103858,0.685,1.028,-0.44,-0.343,0.655,-0.662,-0.67,-1.151,0
102932,-1.112,-0.615,-0.254,-0.776,0.054,-0.638,0.916,-0.493,0
103093,0.559,0.546,-0.036,-1.101,-0.015,0.738,0.297,0.8,1
103004,0.196,0.721,0.073,0.693,1.017,-2.417,-0.475,-0.609,1
103262,1.538,-0.682,0.998,2.381,0.114,-0.528,-0.375,-0.451,0
101048,-0.403,0.483,-0.587,-0.034,0.603,0.465,-1.522,0.584,1
101253,0.772,-0.745,-0.349,-1.027,-0.968,-0.669,3.216,1.095,0
101502,0.514,-1.636,0.469,0.804,0.013,-0.325,-0.174,-0.059,0
103848,0.826,-0.887,1.027,0.435,0.829,-1.219,0.754,1.159,1
101082,0.051,-1.246,-0.574,-0.549,-2.401,-1.177,0.337,-2.062,0
101733,1.748,-1.453,0.216,0.382,1.608,2.042,0.059,-0.502,0
103594,-0.963,-0.168,0.028,-0.208,0.011,0.811,-1.028,0.633,1
101060,0.46,0.428,-0.819,0.131,0.187,-0.126,0.294,1.349,1
101023,0.202,-0.694,0.209,1.261,0.346,-0.968,-0.671,-0.949,1
102633,0.474,-1.151,-1.455,0.798,1.625,0.004,-0.773,-0.008,0
101505,0.149,-0.549,-1.688,0.919,0.682,0.767,1.319,-0.052,0
101521,-1.676,-2.227,-0.377,0.422,0.092,-0.475,0.438,-1.508,0
101826,0.339,-0.73,1.499,-1.058,0.478,1.917,1.432,-0.169,0
101969,0.888,-0.248,0.487,0.157,0.602,-0.774,0.951,-0.671,1
103328,-0.148,0.146,-0.271,-1.171,0.535,2.245,-0.635,-0.056,0
101923,0.553,-0.227,0.977,0.431,0.244,-2.661,-0.156,-0.858,0
102268,0.496,-0.019,0.141,0.969,-0.444,-0.727,1.049,-0.889,0
103780,1.139,0.435,0.43,-0.344,-1.93,0.094,0.238,1.319,1
103874,1.335,1.531,-0.51,-0.041,-0.152,1.238,-0.782,0.046,1
102599,2.734,1.748,0.847,-0.877,0.534,-1.689,-0.61,2.525,1
102463,-0.927,0.127,-0.141,-0.557,-1.276,0.425,-0.954,-1.972,0
103550,-0.476,0.191,0.089,0.008,0.145,1.012,-0.622,-0.671,1
103191,0.988,-0.338,0.934,0.231,-0.6,0.006,-0.728,-0.34,1
103488,1.429,-1.054,0.244,0.104,-0.049,0.381,1.328,-0.43,0
102730,1.769,-0.395,0.263,-1.929,-2.339,-0.571,0.065,0.391,0
101584,1.056,0.864,0.013,-0.905,0.296,-0.914,-1.002,-0.092,1
102247,-1.786,-1.995,-1.457,0.347,-0.381,-1.982,-0.228,-0.185,0
103165,0.467,1.687,0.535,-0.457,-0.196,-0.774,-0.186,-1.67,1
103371,-0.525,1.689,-0.528,0.216,0.292,0.351,-0.166,-1.188,1
101476,-0.301,1.25,-1.376,-0.782,0.126,-1.344,-0.029,0.204,1
103273,-0.752,0.773,1.277,0.207,1.26,0.939,-0.387,-0.109,1
101798,0.959,-0.028,1.138,0.017,0.279,-1.771,-0.397,0.351,1
101317,-0.55,-0.968,2.013,0.984,-0.77,-0.137,0.649,-0.243,0
101468,-0.387,0.103,-0.65,-0.632,-0.01,-0.646,0.995,0.666,1
101401,-1.148,-0.246,1.022,-0.192,0.204,1.223,-0.965,-0.748,1
103945,-1.492,-1.537,-1.757,-1.001,-0.879,-0.148,-1.403,-0.763,0
102174,0.287,-1.6,0.564,1.264,0.786,0.094,0.395,0.651,1
101103,1.705,-0.078,-0.564,0.487,-2.463,-0.847,-0.979,-0.35,0
101511,0.209,-0.946,0.034,0.347,0.789,1.219,-1.308,-0.707,0
103574,-1.353,1.031,1.308,-0.799,0.235,-0.832,-0.428,0.22,1
102686,1.036,-0.872,0.647,-0.089,0.292,1.679,-0.687,0.353,1
101996,0.124,-1.141,-0.108,-1.154,-1.101,-1.718,1.255,-0.756,0
102773,-0.926,0.367,-0.132,0.01,-0.323,-0.9,-0.597,0.151,0
102481,-0.884,-0.938,-0.539,0.428,0.654,-0.086,-0.026,1.03,0
102346,0.652,1.443,2.087,-1.415,0.58,-0.26,0.338,-1.556,1
102591,-2.019,0.399,1.153,-0.676,0.28,-1.37,-0.914,0.419,1
102688,1.293,-0.11,0.513,-1.442,-1.306,-1.105,1.898,2.7,0
101619,-0.094,-0.516,-2.412,0.204,-0.449,-0.331,0.341,0.969,0
103392,-0.28,1.407,-0.573,-0.291,-0.096,-0.11,-1.221,-0.587,0
101184,0.514,-0.835,0.139,1.633,-1.575,0.985,0.886,-1.463,0
101456,-0.508,-0.314,-0.427,-0.744,-0.388,-0.864,-2.175,-1.716,1
102830,-0.521,0.377,2.339,0.724,-0.271,-1.881,0.773,0.149,1
103612,1.172,-0.467,-0.566,0.267,-0.325,0.648,-0.314,-0.392,1
103581,-1.856,-0.602,0.722,1.087,1.303,-0.137,-0.486,1.261,1
102159,1.255,-1.125,0.568,-0.998,1.33,0.53,1.313,0.77,0
103050,0.438,-0.822,0.456,-0.534,-0.788,0.376,-2.26,-0.689,0
101944,1.604,-0.512,0.475,0.204,-0.311,1.043,-1.396,-0.065,1
103938,0.764,-1.067,0.301,0.334,1.562,0.098,0.066,-0.265,0
102265,0.776,0.286,-0.492,0.404,-0.598,0.387,-1.498,-0.27,1
101102,-0.02,-2.306,1.294,-0.868,0.843,-0.138,-0.194,0.517,0
101467,0.25,0.972,-0.143,2.274,-0.913,0.206,-0.622,-1.369,0
103277,1.15,0.011,0.286,0.077,-0.85,-0.515,-1.888,-0.268,1
102606,2.656,0.726,-1.131,-0.717,-0.81,1.082,-0.653,1.351,0
102321,1.34,-0.576,-0.784,0.727,0.537,-0.997,1.109,-0.277,0
102780,-0.797,0.782,-1.312,0.039,0.268,0.826,2.019,-0.087,1
101130,1.152,0.827,1.176,1.835,-0.473,1.619,-0.27,-1.313,0
103062,1.029,0.573,0.139,-0.307,0.573,1.667,0.454,-1.332,0
101827,0.496,-0.878,0.385,-0.957,1.154,0.347,-0.639,0.763,1
102495,0.055,-0.734,-1.113,1.524,-0.845,-0.267,0.365,0.842,0
101586,0.682,-0.707,-1.059,0.693,1.251,-0.797,-0.917,-0.159,0
102805,0.11,-2.73,-0.332,1.544,-1.818,-0.864,1.374,1.092,0
102626,-1.833,-1.058,2.14,-0.522,1.054,0.693,-0.912,-0.196,1
103783,0.079,0.415,-0.347,0.323,-1.279,-1.139,1.752,-2.279,0
102691,0.826,-0.734,0.718,-0.157,0.127,-0.31,-0.406,-0.353,1
101530,1.418,1.246,1.782,-0.569,0.165,1.338,0.577,0.257,0
101263,-0.198,1.23,-0.724,-0.784,0.342,-1.419,-0.313,-1.503,1
103455,-0.355,1.378,0.972,-0.158,-0.949,1.17,0.497,-0.238,1
101776,0.593,0.238,1.103,-1.574,0.062,0.311,0.21,1.179,0
102866,-1.064,1.661,-0.416,0.462,-1.255,-0.318,-0.006,-0.031,1
101140,-0.507,0.289,-0.046,0.848,1.705,-0.257,0.352,0.499,0
101551,-1.154,0.466,-0.88,-0.512,0.701,0.838,-0.124,1.093,1
102729,2.891,1.866,-0.336,0.926,-0.664,-0.131,-2.05,-0.637,1
102716,1.355,-0.617,0.545,1.082,-0.814,1.121,0.431,0.633,0
103190,-0.938,1.434,-0.084,0.211,-0.489,0.085,1.379,1.717,1
102745,-1.037,2.032,-0.581,2.352,0.632,1.336,0.132,1.293,1
101786,-1.383,-0.924,1.425,-0.124,-1.283,0.268,0.713,-0.819,0
103992,1.03,-1.496,-3.0,0.367,1.089,-0.0,0.982,0.457,0
101762,-1.618,-1.195,-0.988,0.75,1.36,-0.262,-0.454,-1.646,1
101472,2.012,2.722,-0.212,0.357,-2.383,0.14,-0.495,0.073,1
102919,0.326,0.64,1.189,0.373,1.568,-0.437,0.757,1.322,1
102283,0.401,-0.549,-0.526,0.629,0.295,-1.681,-0.592,-0.834,0
103409,-1.16,0.069,0.705,0.251,-2.414,1.247,-0.389,0.779,0
102661,0.11,0.339,0.236,2.083,-1.167,1.287,-0.264,-2.004,0
102003,-0.424,1.159,0.062,-0.113,0.009,-1.12,0.113,-0.229,1
103261,-1.1,1.176,-0.279,0.997,-1.287,0.503,-0.913,0.29,0
102208,-0.673,0.767,-0.972,1.199,0.183,-2.489,2.134,-0.768,1
101652,0.074,-1.874,2.495,1.096,1.966,-1.505,-0.061,1.211,1
102613,0.253,0.091,0.537,-0.069,-0.507,0.869,0.608,0.944,0
102709,-1.22,1.037,0.478,2.847,0.511,0.676,-1.4,-1.036,0
101784,-0.048,1.91,-0.545,-1.205,-1.379,-2.005,-1.354,1.264,1
103928,-0.053,1.437,-0.903,1.012,-2.119,-0.595,-0.87,-0.977,0
103814,1.712,-0.094,-0.711,0.109,-0.106,-1.387,-1.168,0.727,1
101994,0.514,1.175,1.011,0.715,0.904,1.774,0.707,0.627,1
103024,-0.942,-0.475,-1.077,-0.515,0.204,-0.549,-0.024,-0.023,1
101897,-0.548,0.538,-1.398,0.36,-0.121,0.451,-1.093,-0.793,0
102646,0.955,0.091,0.969,0.506,0.405,-1.734,0.808,-0.809,1
101580,1.617,0.422,-2.395,-0.511,-0.344,-0.52,1.616,0.464,0
102550,1.213,0.301,-2.454,0.606,0.859,-0.486,-1.271,-1.474,0
103280,-0.896,0.799,-2.466,0.385,0.412,1.022,0.18,0.169,0
102818,0.211,-0.03,0.686,0.731,-2.035,0.864,-1.564,0.719,1
103343,0.581,-0.935,-0.312,-0.434,-0.824,0.395,-0.911,-0.297,0
103952,1.184,0.687,0.607,0.907,2.021,1.48,-0.189,-1.17,1
102348,1.135,0.106,-0.03,0.23,-0.071,-1.191,-0.06,0.428,1
102775,1.568,0.788,0.922,1.984,0.144,0.065,0.82,-0.3,0
103629,-1.314,-1.086,-0.381,0.255,0.0,0.949,0.371,1.212,1
102940,1.74,-1.713,-2.438,-1.303,0.179,0.697,-0.317,-0.849,0
101537,0.478,0.372,-1.069,0.1,-0.931,-0.574,-0.065,0.037,1
103435,-1.873,-0.178,-1.057,-1.302,-0.344,-1.746,0.016,-0.202,1
101095,0.91,-2.107,-2.124,0.835,0.406,-1.587,-0.023,-1.232,1
103958,1.223,0.348,-1.161,1.378,-0.495,1.041,-1.345,-0.166,1
101463,-0.389,-1.204,0.007,1.629,1.3,-0.356,-1.05,0.832,0
103013,-0.215,-1.444,0.836,1.472,-0.024,0.524,-0.972,1.312,0
102381,0.89,-0.189,1.531,0.614,1.623,0.964,1.188,1.087,0
102155,0.434,-0.804,1.729,0.283,0.099,0.57,-0.801,-0.666,1
101219,-0.593,-0.029,0.515,-1.373,-0.757,-0.357,-1.569,-0.217,0
102746,-0.445,1.488,-0.795,-1.108,-0.62,-0.93,-0.617,-0.088,1
103584,1.382,-0.897,1.13,0.09,0.101,0.033,0.708,0.76,1
103545,0.55,-0.698,0.173,-1.092,-1.084,-0.595,0.906,1.043,1
101769,1.399,1.292,-0.621,0.034,-0.816,-0.512,1.777,-0.998,0
103906,0.186,1.252,-0.545,0.602,0.331,-0.231,-2.139,-0.26,1
102827,-2.231,1.302,-2.058,0.358,0.332,-0.215,-0.518,-0.32,1
102726,-0.787,0.189,0.163,1.627,2.224,-2.208,-0.273,0.637,1
103167,-1.163,1.438,0.074,-0.162,1.642,0.731,0.064,-0.195,1
101328,0.683,-1.773,0.01,1.27,-2.162,-1.117,0.644,1.036,0
103365,-0.253,0.711,-1.022,-0.087,1.053,1.509,0.908,-0.469,0
103036,-0.375,-0.992,1.946,-1.12,0.745,0.664,-0.235,0.743,1
101111,-2.26,0.77,1.861,-0.215,-0.841,0.323,0.232,0.904,1
103528,-0.674,0.777,-1.461,0.815,0.861,-1.183,1.269,0.679,0
101966,-0.279,-0.533,2.304,0.918,0.298,1.214,0.566,0.631,0
101431,-1.173,-0.34,-1.296,1.848,0.81,-0.322,-0.126,0.793,1
103287,0.842,-1.847,0.347,-1.612,-1.17,0.088,1.058,-0.368,0
101148,-0.011,0.346,0.061,0.094,0.764,1.129,0.058,0.785,1
101907,-1.301,-1.161,0.129,0.52,0.466,-0.7,1.039,2.052,0
101260,-0.586,0.863,-1.57,2.338,-0.535,0.779,-0.535,0.69,1
101375,-0.099,0.057,-1.374,1.424,-1.382,1.202,-1.679,0.702,1
103519,-0.987,0.323,-0.051,2.01,0.122,0.734,1.243,-1.305,1
101018,0.031,-0.314,1.056,0.172,0.837,-1.358,0.099,-0.402,1
103968,-0.428,-0.832,0.377,-1.487,-0.728,-1.317,1.068,0.127,1
103987,-0.261,1.203,0.474,-0.23,-0.768,0.088,1.193,0.762,1
103662,0.091,1.623,0.491,0.169,-0.714,-0.627,-0.42,0.106,0
102997,0.48,-0.17,0.84,-0.696,1.06,0.777,-0.594,-0.8,1
101273,3.217,0.35,-1.968,-0.586,-0.109,0.593,-0.103,-1.175,1
103625,0.056,0.247,0.502,0.21,-0.397,-1.565,-0.765,-0.009,0
102127,0.864,-0.127,-1.773,-1.202,-0.06,-0.107,0.26,-0.804,0
102641,0.396,0.785,0.16,-0.266,-3.258,0.452,-0.032,-0.173,0
103138,-0.72,-0.251,0.012,-1.728,-0.744,-1.833,-2.833,-0.839,1
102431,0.289,0.527,0.422,-0.308,0.857,-0.647,-1.784,-0.595,1
102236,0.881,0.043,2.509,-0.253,0.019,1.897,0.403,0.696,0
103065,0.265,-1.442,-1.734,0.101,-1.134,0.607,-0.288,1.125,0
103124,0.325,-0.1,-1.031,2.319,-0.811,-0.355,-0.806,0.31,0
102882,0.119,-0.122,-0.479,0.725,-0.361,-1.327,-0.461,1.476,1
101268,-2.109,-0.149,-0.416,1.944,-0.71,-0.934,0.814,-2.001,1
102938,-0.414,-2.249,-0.573,-1.154,0.198,-0.732,-0.248,0.236,0
102649,0.498,-1.364,-0.874,1.244,-1.483,-1.881,-1.385,0.148,1
102610,-1.064,-0.65,1.497,0.477,0.458,0.399,-0.224,1.231,0
103961,0.257,0.262,1.752,-0.77,0.681,0.024,1.008,-0.696,1
102116,-0.641,1.343,0.138,-0.604,0.061,1.223,-0.144,-1.495,1
102999,-0.988,-2.91,-0.273,0.051,-2.155,0.136,-0.2,-1.25,0
102078,1.547,1.357,-1.07,2.106,0.502,1.705,-0.812,-0.034,1
101363,-0.938,-1.795,-0.355,0.941,0.962,1.179,-0.428,-0.377,0
103063,-0.069,0.847,1.082,-1.462,0.645,1.205,0.326,-0.663,1
102710,-0.451,-0.351,-0.673,0.074,0.286,-2.08,1.203,1.86,1
101033,0.569,0.512,1.144,1.189,1.26,1.051,0.418,0.627,1
102725,-0.383,1.996,1.129,0.524,1.407,-0.757,-1.496,0.055,1
103172,0.773,0.0,0.548,-0.239,-0.923,-0.281,-0.449,-1.588,0
102536,-0.09,0.082,2.9,-0.2,-1.756,-0.159,-1.085,-0.417,1
102658,-0.88,0.688,0.045,0.157,-1.115,-1.202,-0.506,0.425,1
102304,0.158,-1.326,0.551,-0.28,0.811,0.436,-0.713,-0.856,1
102697,-1.44,-0.391,0.0,0.703,1.838,-0.475,-2.325,0.054,1
102734,-0.57,2.213,0.233,0.071,0.576,0.203,0.604,0.888,1
102416,-0.99,-1.105,1.099,-0.69,0.176,-1.036,-0.107,-0.685,0
101278,-0.947,0.554,-0.346,-0.426,-0.852,-0.741,0.161,1.378,1
102794,0.851,2.137,1.349,-0.424,1.071,-0.505,-1.954,0.817,1
101934,0.886,0.627,-0.751,0.155,-0.785,0.469,0.68,0.957,1
102571,1.869,0.799,1.056,1.274,-0.116,-0.021,0.713,1.323,1
101362,-1.072,-0.594,-1.051,0.117,-0.619,1.117,-0.359,0.516,0
102960,-0.366,0.319,0.258,-1.412,-0.138,-0.366,-0.056,0.962,1
103567,0.818,1.14,3.271,-1.648,-2.108,-0.075,0.773,0.529,0
102439,-1.383,0.071,0.497,-0.792,-0.717,-1.042,-1.82,-0.179,1
102423,-0.224,0.491,0.656,0.551,0.28,-0.207,1.727,1.098,0
103846,1.832,2.658,1.187,1.14,-1.82,1.705,0.915,0.846,1
103394,0.39,-0.21,1.048,-0.935,-0.624,-1.761,-0.816,0.472,0
103098,0.258,-0.544,-1.274,-1.321,0.268,0.961,3.127,-0.777,0
102564,0.279,1.199,-0.989,0.039,1.252,-0.107,-0.196,-1.524,1
101707,0.07,1.527,0.321,-0.659,0.286,-1.61,-0.558,0.682,1
101385,-0.083,1.244,-0.025,-0.563,1.719,0.028,0.175,1.272,1
103228,-0.001,-0.473,1.496,-1.623,-0.006,-0.532,1.002,-0.331,1
103023,-2.669,-0.399,-0.45,0.817,-1.163,0.207,0.602,0.484,1
103174,-0.086,-0.301,0.295,0.648,-0.847,-1.921,-0.612,-1.58,1
103399,-0.301,-0.838,-1.936,-0.489,-0.305,0.065,1.487,-0.24,0
103327,0.671,0.042,-0.411,-1.256,2.493,-0.585,-0.724,-0.173,1
103074,-0.959,-0.582,1.551,-1.195,-0.148,-0.385,1.679,0.654,1
101986,-0.396,0.084,1.318,-0.016,1.006,-1.008,-0.317,-0.656,1
102677,-1.58,0.022,-2.6,0.074,-0.944,0.269,0.046,1.133,0
101658,-0.365,0.635,2.921,0.236,-1.055,-1.471,-1.004,-1.033,1
102567,-1.726,0.043,-0.34,0.665,-0.059,1.428,-0.62,1.919,1
101855,-0.934,0.635,0.557,0.106,0.132,-0.781,0.517,1.765,1
103117,1.048,0.282,0.118,-0.658,-0.182,-0.024,-0.23,-0.483,0
102990,0.425,0.236,-0.881,-2.181,-0.715,1.119,0.444,-0.185,0
103212,1.269,0.442,0.24,1.617,-0.664,0.464,0.21,1.183,1
103892,-1.846,-0.411,0.041,1.383,-1.795,0.179,-2.101,1.621,0
101526,-0.389,0.892,0.664,0.525,-2.065,-1.143,-0.305,0.411,1
102955,-1.656,1.639,-0.48,1.372,-0.066,-1.415,0.644,-1.122,1
103076,-0.101,-1.236,0.982,2.152,-0.266,-1.362,0.392,-0.481,0
102749,-0.539,-0.327,1.324,1.334,2.097,1.506,-0.174,-3.096,1
102595,-1.872,-0.536,1.483,-0.229,-0.409,0.7,0.058,-0.458,1
103836,-1.629,-0.05,2.474,2.149,-1.712,2.133,-0.618,1.725,1
102903,0.666,0.269,0.571,-0.225,-0.566,0.692,0.01,-0.41,1
101286,0.403,0.138,-0.291,1.3,-0.055,0.808,-1.771,1.917,1
102834,1.131,0.404,-0.109,1.368,0.321,1.046,0.028,-0.143,1
101267,0.4,0.01,0.839,-0.205,1.65,0.423,0.215,-1.736,1
102873,-0.262,-0.446,0.109,-0.791,0.194,0.353,0.771,-0.245,1
103792,-0.203,-0.554,1.089,-0.265,0.45,0.82,0.437,0.826,0
103424,-0.173,-0.288,0.705,0.452,0.99,-0.257,-0.542,-0.317,0
102505,-0.351,-0.719,-0.893,-0.096,-0.81,0.214,1.606,-0.932,0
102787,-0.762,0.474,-0.46,-2.047,-0.554,0.014,0.627,-1.784,1
101643,-1.537,-1.045,2.611,-1.198,0.289,1.282,2.339,0.281,0
101646,1.533,-0.854,-0.096,-0.045,0.906,1.063,-0.822,0.951,1
103318,-0.227,1.592,-1.103,1.235,0.424,1.175,-1.519,-1.063,0
103341,-1.318,-0.588,-0.508,-0.545,0.458,0.79,0.778,-1.469,0
103576,2.357,0.669,-0.82,0.358,0.206,0.697,-1.425,-1.506,1
103164,0.228,1.801,-0.465,0.325,-0.955,0.23,0.083,0.453,1
103613,-0.801,-1.261,-0.3,0.799,0.764,-0.031,0.83,0.389,0
103767,-0.494,-0.711,0.452,0.673,0.066,0.441,-0.872,-0.151,0
102995,-0.559,-0.468,-0.009,-1.65,-0.176,-0.669,-0.935,0.309,1
102918,-0.22,-0.53,-0.335,0.081,-0.615,-0.273,-0.274,-0.588,0
101209,-1.624,-0.33,-0.073,-1.488,1.149,-0.265,-1.515,-0.995,0
102263,-0.146,1.439,0.881,-1.092,0.21,1.091,0.32,-1.008,1
103929,0.369,1.535,-0.014,-0.013,1.371,0.786,-0.064,-1.073,1
102330,0.074,-1.329,-0.69,-0.205,0.772,1.145,1.224,0.469,0
101621,0.216,0.201,0.64,1.242,0.594,-0.438,0.808,-0.039,0
102264,-1.652,-0.704,-0.483,-0.615,-1.878,0.457,0.368,-0.841,0
103085,-1.388,-1.165,-0.57,-0.797,1.714,-0.033,-1.325,0.523,1
103115,-0.49,-0.067,-0.451,-0.295,1.371,-0.53,1.505,2.02,0
101563,0.097,1.741,0.268,-1.381,-1.08,-0.488,0.242,0.285,1
102965,1.219,-0.754,0.337,0.207,-1.427,0.273,-0.552,-0.024,0
101199,0.072,0.553,1.472,-1.064,-0.091,0.406,-0.633,0.381,1
102436,-0.232,0.801,1.102,-0.015,0.277,0.687,1.071,-0.316,1
101014,0.628,0.14,-0.232,-1.002,0.116,-0.327,0.395,-0.931,0
101208,-0.112,-0.054,1.115,0.916,-0.23,-1.309,-0.62,0.515,0
103725,0.583,-0.35,-0.086,0.633,-0.068,-0.432,1.041,-1.661,1
101833,1.329,-0.378,1.547,-1.111,-0.859,0.165,0.999,-0.888,0
102097,0.967,0.904,1.944,0.418,0.444,0.427,0.706,0.305,1
103336,-0.045,-0.955,0.568,-1.585,1.243,1.631,0.674,1.416,1
101691,-0.444,-0.713,-0.585,-0.568,0.803,-0.719,0.38,0.533,1
101683,0.303,0.917,-0.245,1.335,0.021,-0.082,0.414,-0.282,1
103476,-0.587,1.567,0.666,0.187,0.328,-0.566,-0.066,-0.608,1
102118,0.133,0.188,0.146,0.228,0.063,0.086,-1.33,-0.943,0
101581,0.677,0.048,0.894,-0.185,-1.355,-0.029,-0.738,-1.582,1
102720,0.633,-0.903,-2.139,0.963,0.491,1.215,0.238,-1.099,1
103524,-0.079,0.378,0.387,-1.33,0.94,-0.026,-0.207,-1.372,0
101119,-0.231,-0.537,-1.018,0.962,-1.927,0.761,0.291,-0.036,0
103175,-1.966,-0.267,-0.282,-0.333,-0.028,0.366,-0.805,0.011,0
103226,1.562,0.546,-1.527,-0.398,0.795,-0.868,0.77,0.47,0
102605,-0.826,-0.694,0.12,0.572,0.505,-0.89,0.356,0.608,0
101294,0.772,0.95,-1.614,0.2,0.365,2.532,-0.333,-1.436,0
103257,0.496,0.69,1.312,-1.117,0.923,3.482,-0.368,-0.653,1
103984,-0.705,-0.352,-0.322,0.654,1.171,-0.771,-0.958,0.719,0
103236,-1.105,-1.105,-1.014,0.762,-0.003,-0.255,1.38,0.013,0
102448,-0.111,0.315,0.514,0.21,0.968,-0.83,-0.315,-0.636,1
102189,0.301,2.027,2.591,-0.918,0.776,0.079,0.192,-0.181,1
101008,1.593,1.101,0.111,0.67,-1.077,-0.835,-0.893,-0.597,1
101310,-1.47,-1.464,-0.18,1.749,0.122,-1.812,-1.178,-0.178,0
103369,1.983,0.929,1.219,-0.709,1.473,-1.484,-1.761,0.565,1
102164,0.816,-1.244,0.272,0.771,-1.08,0.529,0.599,-0.005,0
101477,0.678,0.078,0.195,-0.546,0.153,0.169,0.383,0.661,1
102728,1.016,-1.499,1.573,-1.596,0.242,-1.951,0.802,-1.484,0
102065,0.227,-0.007,0.47,0.068,0.166,0.306,-1.091,-0.77,1
103381,0.306,-0.466,-1.155,1.684,0.81,0.249,0.241,-0.589,0
101504,-0.748,-0.52,1.374,0.784,-0.867,0.252,1.543,0.099,1
103140,-0.511,-1.379,-0.014,-1.323,-2.162,0.428,-0.03,-0.981,0
101354,1.452,-0.933,0.696,-1.013,-0.538,0.124,-0.719,0.669,0
102255,-1.691,-0.265,-0.175,-1.925,-0.29,-1.653,0.071,1.061,1
101037,1.33,-0.951,0.627,-0.328,-1.467,-0.285,-2.243,1.206,0
102703,-1.346,-1.417,-0.019,-0.917,-0.664,0.911,2.047,0.422,0
103789,0.446,-0.262,-1.911,0.593,-0.653,-0.198,0.309,-1.307,0
103592,1.043,0.121,0.634,0.571,0.426,-0.139,0.212,-0.524,0
102747,-0.698,0.346,0.235,0.855,1.041,0.443,0.681,-0.727,0
102748,-0.924,1.129,-0.034,-0.609,0.63,0.022,1.882,-0.36,1
102257,-1.5,0.115,0.704,1.415,-1.435,-0.686,0.05,-2.638,0
103573,0.878,0.294,-1.475,0.726,-0.744,-0.759,0.921,1.711,0
102145,1.735,0.124,0.205,-1.91,-0.636,0.499,-1.181,-0.886,0
103818,-0.732,-0.303,1.633,-0.557,-0.325,-0.825,-0.147,0.002,1
101940,-0.009,1.009,0.898,-0.496,-0.07,1.149,-0.41,0.826,1
103914,-0.466,0.757,-0.675,-0.062,0.17,1.202,-1.951,-0.781,0
101639,1.749,0.219,-0.731,-0.95,-0.9,-0.472,-0.205,1.446,0
102092,0.331,-0.907,0.646,0.682,1.403,0.489,0.72,0.445,0
102069,-0.553,1.145,0.276,-1.371,0.879,-1.27,-1.768,2.108,1
102125,1.665,0.951,-0.674,-0.516,-0.385,-0.9,0.869,-0.46,1
101655,-0.727,0.118,0.171,-0.664,0.258,0.335,1.11,-0.958,0
103689,-0.476,-0.249,-0.258,-0.919,-0.537,-1.353,1.351,0.921,1
103353,0.578,-1.191,-0.81,-0.166,0.108,0.869,-0.789,-0.22,0
101418,0.229,-0.058,-1.124,0.012,-0.953,-0.179,0.497,0.716,0
102230,0.441,-2.548,0.165,-0.005,-1.413,-0.778,0.873,1.264,0
102142,-0.101,0.285,0.311,0.375,1.059,0.559,1.191,1.286,1
102171,0.163,-1.878,-0.098,0.756,-1.817,-0.306,-1.03,-0.446,0
103473,0.433,0.829,-0.19,1.57,0.801,1.145,-0.311,0.918,1
103223,-0.598,-0.817,-0.03,1.47,-0.984,0.171,1.293,0.838,0
103663,-0.396,0.212,0.858,-0.007,0.176,-0.608,-0.396,-0.611,1
103088,-1.598,-0.246,0.311,1.67,-0.068,-0.738,-0.977,-0.867,0
103227,0.156,0.849,-1.238,-0.491,0.108,-0.975,-0.391,-0.328,0
103660,0.659,0.358,-2.428,-0.463,1.164,2.734,-0.034,0.067,0
103480,0.731,-0.92,-1.061,-0.595,0.255,-0.185,-0.788,1.916,1
102718,0.112,-0.521,0.939,0.932,-0.119,-0.957,0.26,0.557,0
101202,0.498,-1.588,-0.51,-2.137,-0.48,-0.081,-2.373,-0.772,0
103678,1.276,-0.172,-0.201,-2.302,-0.675,-1.136,1.45,0.537,0
101810,-0.241,-0.104,1.59,1.656,0.694,1.671,-0.534,-0.807,1
103980,-0.031,1.545,1.124,0.511,1.888,-0.905,-0.424,0.334,1
103479,0.836,1.293,0.318,-0.16,0.123,1.521,-0.177,-1.07,0
103630,-0.317,0.598,1.458,-0.417,0.641,0.903,1.05,-0.135,0
101369,0.085,0.351,0.853,1.768,-2.139,-0.508,1.409,-0.051,0
101194,0.111,-0.472,0.603,0.285,-0.014,-0.478,-1.487,-1.308,1
103609,0.673,0.392,-0.518,1.789,-0.609,-0.543,0.48,-0.686,0
101501,1.485,-0.362,0.828,-0.975,-1.197,1.156,0.594,-1.978,0
102583,-0.91,0.198,0.662,1.468,0.412,-1.435,-1.27,-0.116,1
103483,0.019,-2.427,-1.459,1.095,-2.441,0.563,-1.09,-1.073,0
101886,-1.542,-0.027,1.095,0.11,0.642,0.052,-0.267,0.133,1
102767,-1.749,1.615,-0.552,-0.605,1.048,0.492,-0.75,-0.211,1
103687,0.433,-1.657,0.25,0.846,1.436,-1.64,0.438,-0.476,0
103701,-1.556,1.993,-1.071,-0.195,0.855,-1.346,-0.544,0.541,1
101297,0.098,-1.057,-0.314,0.234,0.788,0.256,-1.365,0.656,1
103057,0.351,0.244,-1.461,0.153,1.389,0.728,-1.409,-1.087,1
103245,-0.4,-1.065,-0.028,0.143,1.447,0.437,0.316,-0.522,0
102106,0.448,0.132,1.494,-2.044,0.261,0.13,0.982,-0.483,1
103918,0.84,1.176,1.507,0.53,1.411,0.112,0.725,0.075,1
103040,0.107,0.704,-0.245,-0.057,-0.291,-0.088,0.308,0.65,0
103873,1.84,-1.27,-0.811,0.235,-0.387,1.449,0.942,-0.513,0
103474,-0.255,0.013,0.167,0.135,0.725,-1.241,0.695,0.611,0
101232,-0.248,-1.186,-0.248,0.649,-0.537,-0.624,-1.219,0.527,1
101929,-0.198,0.906,-0.258,-1.961,1.432,-0.33,-0.25,-0.177,1
103917,-0.994,-0.506,-0.652,0.203,0.906,0.023,-1.618,-1.555,1
102146,0.9,-1.16,0.002,-0.371,-1.299,0.003,0.253,-2.024,0
103274,0.427,1.502,-1.863,-1.071,-0.9,-0.578,1.458,1.213,0
103566,1.153,-0.709,0.012,1.408,0.12,1.43,0.621,1.093,0
103912,0.881,2.606,-0.484,0.226,-0.338,2.437,-1.454,1.219,1
103578,0.894,0.014,-0.2,0.616,-0.597,0.664,-1.223,-0.548,0
102166,0.683,-0.254,0.317,-0.174,-0.568,0.022,-0.222,-0.586,1
102977,0.705,-0.791,1.904,-1.066,0.527,-0.398,-0.682,-0.826,0
103046,-1.529,1.694,-1.123,-1.704,0.387,-0.073,0.907,-0.437,1
101642,-0.592,1.197,0.951,-0.109,-1.693,-2.516,0.951,0.132,1
103037,0.906,0.725,-1.573,1.03,0.798,0.198,-0.607,-0.313,0
103910,-0.607,0.058,-1.7,0.687,2.251,0.828,0.041,0.318,1
103884,-0.8,-0.41,-2.191,-0.555,-0.261,1.619,-0.09,0.306,0
101735,0.866,-0.128,0.191,0.374,-1.784,0.908,1.042,0.771,0
101684,-0.315,-0.463,-0.831,-0.735,-1.357,0.564,0.313,-1.987,0
102590,-1.315,0.502,-1.025,-1.826,0.149,0.91,-0.039,-0.956,1
102294,-1.273,0.464,-0.624,0.707,-0.601,1.32,0.338,-1.478,1
102714,0.078,1.799,-1.249,1.153,0.932,0.936,-0.575,0.745,1
102669,-0.743,-0.757,0.882,0.658,0.794,-0.865,0.885,-0.637,0
103003,1.446,0.959,0.788,-0.116,1.671,0.171,-3.057,-0.972,1
103954,-0.569,-0.765,0.696,0.893,-1.394,-1.069,-1.179,-0.029,1
101807,0.253,0.322,0.245,-0.709,0.3,-0.08,-2.207,-0.543,1
102625,0.179,0.881,-0.296,-0.156,1.706,-0.017,-0.109,-1.445,0
101990,-1.446,-2.096,-1.392,0.585,0.079,-0.113,1.546,0.361,0
101984,-3.227,-0.605,-2.612,2.001,-0.702,-1.48,0.661,0.746,0
103667,0.935,-0.826,0.35,0.599,-0.089,-0.548,0.47,-0.444,0
101360,1.694,2.136,0.791,-0.57,0.211,1.256,-0.524,0.004,1
101329,-0.796,0.808,0.87,-1.339,-0.117,-0.568,-0.311,0.182,1
102777,-0.652,-0.327,0.494,0.941,-1.254,0.029,0.305,-0.732,1
102475,0.911,0.832,0.423,-0.523,0.564,1.322,0.544,-1.822,1
101597,1.7,1.059,-1.039,-2.246,1.64,-1.346,-1.405,-0.522,1
102699,1.069,1.244,0.9,-1.13,0.316,-1.397,0.861,-1.476,1
103607,-1.285,-0.046,0.578,0.535,-0.15,1.32,1.722,-0.353,1
103495,0.941,-1.094,-0.923,1.844,-0.147,1.096,-0.069,0.96,0
102634,0.126,-0.492,1.296,-0.214,-0.604,-0.482,-0.795,1.746,0
103548,-0.656,-0.133,-0.098,-1.448,-0.656,-1.272,-0.803,-1.476,0
103602,-0.502,-0.541,0.181,2.189,0.538,0.314,-0.401,-0.152,0
102041,-0.692,1.655,-0.29,-1.613,-0.946,-1.335,-0.344,-0.45,1
103967,-0.045,0.718,-1.358,0.049,0.76,-0.96,-0.152,-0.341,0
101108,0.107,-0.579,-2.318,-0.215,-0.984,-2.085,1.104,0.044,0
103009,0.739,0.762,0.778,-1.484,1.045,0.169,-1.027,0.171,1
102543,-0.139,-0.653,-1.026,1.934,-1.119,0.142,-1.43,-0.695,0
102415,1.556,0.5,0.021,0.172,-0.211,-0.598,-0.416,0.553,0
102231,-1.061,-1.677,-0.138,0.062,-0.682,-1.086,-2.275,0.107,0
101127,1.463,-0.382,0.47,0.039,-1.329,0.628,1.089,0.232,0
103433,-0.656,0.5,-1.463,0.458,-1.11,-1.453,-1.451,-1.218,1
103185,0.562,0.983,0.096,-0.792,-0.969,1.7,-0.062,0.354,0
102551,0.772,-0.231,0.989,1.467,-1.062,-0.214,-0.984,-1.03,0
102394,0.286,0.689,0.998,0.254,1.803,-1.374,-0.328,-1.514,1
101615,0.511,0.528,-1.45,-0.498,0.165,-0.758,-0.204,-1.207,1
103417,-0.551,0.754,-0.261,-1.473,-0.08,0.133,0.887,0.848,1
101660,1.251,-0.379,-0.382,-0.501,0.307,1.584,0.073,-1.193,0
101364,0.106,-0.359,0.52,0.814,0.92,-0.818,1.444,-1.93,0
101964,0.976,-0.722,-0.423,1.47,-0.272,-1.388,1.429,-1.288,0
101700,2.689,0.109,0.404,2.069,-0.609,0.312,-0.663,0.887,0
103415,1.033,1.254,1.18,-0.784,-2.643,0.295,0.593,-1.041,0
103508,0.8,0.474,0.328,0.124,0.241,-1.421,-0.092,0.403,1
102367,0.79,-0.571,-0.202,1.021,-0.04,-0.194,1.4,-1.569,0
101590,-0.66,0.325,0.01,0.14,-1.155,0.245,1.622,-1.061,0
101503,-0.843,0.438,-0.612,-1.761,0.317,1.823,1.088,-0.169,1
101622,0.258,0.148,0.933,0.22,-0.372,-1.399,-1.3,0.345,1
102324,-0.583,-1.15,0.33,1.803,0.133,-1.24,1.966,0.502,0
103843,1.242,-0.727,1.355,-1.074,-1.547,0.772,-0.023,0.09,0
101156,0.531,0.746,-0.885,0.43,-1.56,-2.097,-0.409,0.359,0
103772,0.372,1.788,-0.818,-0.383,-2.006,-0.581,1.02,1.006,0
103748,0.217,-2.73,-0.395,0.129,-0.551,-0.166,-0.087,-0.529,1
103978,0.879,1.042,-0.931,-0.901,1.041,-0.861,-0.356,0.406,1
102004,0.088,1.106,-1.187,-0.084,1.516,-0.161,-0.362,0.215,1
101839,0.694,-0.801,-0.297,1.539,0.864,-0.027,-1.029,-0.094,1
102398,0.365,-1.347,0.205,-1.153,1.063,1.544,-0.667,-1.691,1
102526,0.13,-0.041,-0.324,1.299,-0.152,1.042,0.715,0.637,0
102419,1.261,0.09,0.652,-1.671,-0.483,0.964,-0.832,1.444,0
103611,-1.055,-0.243,-0.639,-0.737,0.391,-0.94,0.881,-0.469,1
103911,-1.817,-2.432,2.266,1.062,0.794,1.821,-0.828,-0.021,1
101006,0.578,0.613,-0.652,-1.706,0.177,-1.231,1.091,0.106,1
101868,1.733,-0.705,0.753,0.944,-2.494,-0.151,0.147,-0.192,1
103118,-0.335,-0.933,-0.328,-0.926,0.704,0.821,-0.032,2.017,0
103108,-0.9,-0.399,0.695,-1.121,-1.225,-0.278,-0.637,-0.321,0
101601,1.223,-0.36,0.56,-0.656,1.282,-0.394,-1.18,-0.177,1
102288,1.74,-1.921,-0.245,-0.054,0.127,1.615,-0.024,0.803,0
103041,-0.441,-0.504,-0.527,-0.913,0.236,1.045,1.203,-1.156,0
101594,1.006,-0.011,1.042,0.382,0.034,0.109,-1.91,1.049,1
102322,0.349,0.167,0.999,1.038,0.012,-0.067,1.817,-0.796,0
103570,0.295,0.298,-0.828,-0.928,1.466,1.331,0.709,-1.437,0
103397,0.066,-0.137,0.937,-0.407,0.447,-1.243,0.091,0.314,1
101891,-0.679,-1.028,0.638,0.386,1.558,-0.102,0.754,-0.645,1
101834,-0.496,-0.722,1.79,0.382,0.439,-0.715,-0.171,-0.783,1
103363,-1.002,-0.655,-1.335,-1.305,-0.603,0.703,-0.382,1.174,1
101836,-0.352,-1.298,1.945,-0.529,1.665,-0.303,-0.004,0.566,1
101738,-0.721,0.649,0.155,-0.246,-1.889,-1.145,0.361,-1.028,1
102561,1.492,-0.19,-2.334,-2.641,-0.12,1.862,-0.072,0.054,0
103461,1.286,0.984,1.0,-0.802,-0.237,-0.542,-1.011,0.36,1
103081,0.502,0.894,0.678,-0.525,-1.547,1.084,-0.774,-1.368,0
103080,-2.387,-0.339,0.887,-0.283,-0.454,0.585,-0.265,-0.224,1
102861,-0.442,1.465,1.532,-1.116,0.427,-1.592,2.346,-0.42,1
101773,0.926,-2.652,-0.389,-0.012,0.214,-0.059,0.882,-0.141,0
103743,1.776,-0.076,-0.271,0.392,0.261,-0.571,-0.396,0.164,1
102095,0.121,0.236,-0.094,-0.716,-1.387,0.464,0.791,-1.722,0
101629,-0.248,0.038,-0.197,-1.108,0.61,1.852,-0.971,1.492,0
102558,0.106,-0.49,-0.599,-0.392,0.432,0.934,0.244,0.196,1
102314,0.553,-1.766,1.135,0.412,0.016,0.358,2.832,0.459,0
101215,-0.184,0.341,0.259,1.274,-0.578,0.069,0.328,-0.709,0
102855,1.313,1.439,-0.427,0.321,0.582,0.171,-0.445,0.354,1
102555,1.219,1.059,0.561,-0.573,1.003,2.031,0.622,-1.29,1
103052,-0.619,-1.187,1.37,1.124,-0.043,1.015,-0.067,-0.317,0
101291,1.021,-1.285,0.328,-1.219,-1.02,0.61,-1.741,0.821,0
103000,-1.817,-1.06,1.65,0.937,-0.657,0.754,1.755,-2.493,1
102529,0.744,-0.368,-1.045,1.284,-1.689,-0.752,0.202,-1.311,0
103680,1.06,-2.529,1.395,-0.056,0.224,0.286,-0.696,-1.094,0
102901,-1.081,0.996,2.07,1.549,-0.432,-0.447,0.099,-0.186,1
101226,1.096,1.81,0.332,-0.817,0.313,-0.774,0.908,-0.217,1
101541,-2.069,-0.116,-0.486,-2.49,1.181,1.543,-0.308,0.478,0
101856,0.089,-1.667,-0.679,0.525,0.556,-0.748,-0.848,0.182,0
103089,1.459,-1.249,0.24,0.877,1.457,1.354,0.892,-0.672,0
102632,0.506,1.319,-0.086,2.228,-0.146,0.152,-0.361,0.514,1
103521,1.134,-0.448,-0.077,0.125,0.731,-1.124,0.029,0.12,0
101216,-0.328,-0.03,-1.415,-0.48,-1.102,-0.501,-0.667,-0.485,0
101719,-0.723,0.586,-0.197,0.263,0.603,0.582,0.311,0.847,1
101829,0.193,0.859,-0.091,-0.067,-0.211,0.93,0.319,-1.33,1
102976,-0.475,1.177,-0.325,-1.606,-0.456,2.436,-1.378,-0.769,0
102637,1.159,-0.224,-0.444,-0.944,0.78,1.649,-0.22,0.542,0
103241,-0.477,-0.476,1.551,0.054,-0.679,1.007,0.985,1.25,0
101173,0.627,0.671,-0.849,-0.864,0.279,2.062,-1.739,-1.629,0
103926,-1.191,-1.457,0.178,0.382,-0.461,-1.157,1.764,-0.471,0
102256,-0.196,-0.315,0.21,-0.003,1.222,-0.819,0.533,-0.173,1
103134,0.196,-0.995,-0.429,0.934,-0.463,-0.729,0.378,-1.721,0
103506,1.072,-1.207,0.735,-0.628,0.849,-0.569,0.089,0.776,0
102292,-0.151,1.006,0.371,-0.888,-0.246,-0.398,0.499,0.01,0
103932,-0.429,0.517,-0.293,0.16,-0.468,1.002,0.487,0.512,1
101321,-1.554,0.64,-0.695,1.633,-1.337,-0.645,0.879,2.071,0
101323,-0.944,0.645,-0.274,0.879,-0.117,1.4,-0.005,0.137,0
101269,0.098,-1.276,-2.76,-1.788,-0.151,-0.017,-0.274,-0.929,0
102205,2.891,0.572,0.859,-0.081,0.519,1.992,-0.641,-0.263,0
103284,0.632,-1.345,1.291,0.765,-0.069,0.689,-0.721,0.953,0
101753,-0.154,1.577,1.717,-1.923,1.974,-1.172,-0.446,2.798,1
102158,0.394,0.452,-2.178,-0.06,-0.276,2.381,1.29,-0.777,0
101426,-1.406,0.744,1.813,0.367,0.567,0.759,-1.121,0.58,1
101003,-0.649,-0.037,0.094,0.931,-0.851,0.565,0.305,0.788,0
103641,1.097,-1.539,0.695,0.22,-0.591,-0.024,-0.017,1.51,1
103005,-1.542,-1.819,0.734,-0.021,0.384,-0.793,0.573,-1.488,0
103500,0.117,0.259,-0.49,0.776,-0.777,0.267,-0.213,-1.667,0
102470,1.502,2.331,0.188,-1.377,0.173,-0.119,-1.287,0.446,1
101564,-1.713,-1.14,-1.294,-0.023,0.378,-0.214,0.501,-0.192,1
102516,0.029,0.641,-0.949,1.404,0.875,0.835,-0.798,-0.967,0
101356,0.111,0.805,0.849,1.186,-1.259,0.264,-0.623,-1.558,1
102998,0.729,0.444,-0.361,1.406,0.566,0.527,-0.138,-0.808,1
101954,-0.208,1.995,-0.18,-1.215,-0.928,-0.534,2.233,-0.518,0
103380,1.915,0.168,0.791,-1.216,0.017,-2.11,1.067,-0.607,0
102315,-0.278,-0.421,-0.804,1.661,2.481,0.964,0.581,1.709,0
103420,0.56,0.138,-0.536,-1.004,0.547,-0.01,0.934,1.595,0
103562,0.586,-0.837,0.424,-0.074,0.841,0.132,0.238,-1.038,0
102924,0.573,1.26,-0.722,-0.463,-0.67,-0.473,1.043,1.808,0
103349,-0.482,-1.057,-0.084,0.975,-0.852,1.167,1.546,-0.73,0
102196,-1.761,0.933,-0.018,-1.335,1.847,-0.344,-1.147,-1.769,1
101473,0.144,-2.187,0.344,-0.453,-1.3,-0.631,0.793,-0.701,0
101246,-0.246,1.423,-0.027,1.228,-0.184,0.769,2.112,-0.89,0
101200,-1.704,-0.977,-0.24,-1.763,2.13,1.843,1.241,0.832,0
103882,0.679,0.94,0.846,0.107,-1.782,0.362,-1.161,1.749,1
103751,-0.477,-0.258,-0.301,-1.304,-1.414,0.984,0.194,0.31,1
103202,0.619,-0.129,0.631,-0.648,0.256,0.424,-1.688,-0.578,1
101180,-0.467,-2.58,0.343,0.46,0.55,1.634,0.878,0.439,0
102667,1.495,-0.213,1.385,0.206,1.283,-0.287,-0.613,-0.911,1
101349,0.084,-0.091,-0.6,-0.11,-1.199,0.623,-0.074,0.955,0
101874,-0.293,0.249,0.939,-0.852,-0.796,0.803,-0.733,-0.506,0
102272,-2.111,-0.752,0.013,-0.706,0.448,0.724,-0.243,-1.445,0
102617,-0.256,2.098,-0.136,-0.189,0.266,0.318,-0.416,-0.545,1
101846,0.395,-0.209,-1.381,-1.679,1.741,-0.81,0.461,0.922,1
103006,-0.391,-2.495,0.445,-0.037,-0.172,-0.174,0.029,0.538,1
102863,-0.477,-0.807,-0.872,1.047,0.48,-0.19,-0.055,-0.533,0
103478,-0.147,1.165,0.261,-0.042,-2.444,1.193,-0.413,0.949,1
102741,1.072,0.314,2.182,0.728,-0.655,1.638,0.26,-0.823,1
102357,1.013,-0.404,-0.506,0.068,0.028,-0.042,0.059,0.805,0
103068,-1.295,0.694,0.944,-1.762,-1.769,-0.18,0.041,-0.399,0
102756,-0.307,0.269,-0.14,-0.312,-1.149,0.54,0.042,-0.539,0
101344,0.346,0.303,-0.207,1.178,0.277,0.458,-1.187,-0.493,0
102382,-0.499,-2.441,1.488,-1.081,-0.676,0.992,1.925,1.355,0
102739,-0.433,-1.243,-1.259,-1.097,0.534,1.543,-0.97,0.266,0
101730,-0.402,-1.128,-0.718,-0.612,1.458,0.874,0.439,-0.049,0
103923,1.043,-0.502,-1.64,-0.633,0.753,1.382,1.203,0.477,0
102762,-0.404,0.343,0.071,0.43,0.627,0.15,-0.839,0.586,1
101587,-0.6,0.956,1.047,0.816,-0.647,-0.922,-0.355,0.111,1
102379,-0.113,0.258,0.497,0.184,1.757,0.785,-0.695,-1.013,1
101861,-0.489,1.228,0.264,0.154,-0.248,-0.057,-1.596,-0.363,1
101176,0.271,1.062,-0.381,1.446,-0.763,1.368,0.656,-1.645,1
101454,2.206,-1.803,1.647,-0.292,-1.137,-0.833,-0.444,0.208,0
101372,-1.292,0.754,1.289,0.543,1.146,0.795,0.071,-0.264,1
103563,0.564,-1.617,0.289,-0.628,1.248,-1.12,0.633,1.659,1
102104,-0.038,-1.24,-0.592,-0.156,-0.298,0.592,-0.039,0.832,1
103597,0.339,-0.163,-0.07,-0.211,1.818,-1.901,-0.302,0.132,1
103147,0.52,0.094,-1.059,-1.865,1.317,-0.165,-0.778,-0.898,1
103540,0.357,0.418,-0.199,1.326,0.64,1.036,-0.968,-1.128,0
101960,-1.051,-0.034,0.197,0.691,1.143,0.374,-0.856,-0.321,1
102810,-0.852,-0.211,1.497,-0.024,-0.806,-1.169,0.236,-1.258,0
103774,0.88,1.694,-1.805,0.734,-0.538,0.384,-1.266,1.005,0
101600,-0.013,-2.113,0.52,0.776,0.182,-1.123,1.137,1.416,0
101316,1.611,-0.936,1.509,1.044,-0.363,0.612,1.929,-0.624,0
103698,-1.236,0.064,-0.969,-0.527,1.375,-0.1,1.259,-0.422,1
101782,1.159,-1.274,0.6,-2.902,-0.506,0.149,-1.478,-2.348,0
102868,0.825,-0.55,-0.668,-0.389,-1.372,1.448,-1.19,0.724,0
102842,-0.312,0.365,1.269,-0.104,0.191,0.803,-1.106,0.405,1
102267,-0.957,0.921,0.29,1.206,-0.674,-0.981,-0.288,-0.236,1
102347,-2.078,-1.363,1.276,-1.289,0.843,-0.006,0.726,-0.456,0
101592,0.673,1.265,1.484,-0.152,0.902,0.055,-0.717,2.491,1
102261,1.197,2.553,-0.305,1.494,0.935,-0.398,-0.126,-1.146,1
103348,0.075,-2.664,-0.34,0.4,0.659,-0.066,-0.344,-0.178,0
102343,1.031,0.084,0.008,0.307,-0.414,0.167,1.032,0.487,0
103955,1.215,-0.477,0.312,-0.329,0.654,-0.264,0.047,-0.582,0
103921,-1.209,0.911,-3.188,0.122,0.177,0.482,-0.688,0.254,0
103038,-2.431,1.024,-1.748,1.2,0.304,1.396,-1.129,-0.763,1
103742,0.703,-2.108,1.006,0.618,-2.137,-0.609,-0.634,0.011,0
101914,0.094,1.009,-1.028,-0.022,-0.662,-0.194,-1.181,0.926,1
101282,0.782,-0.118,-0.172,-1.585,0.044,-0.366,0.876,0.143,1
101185,-1.581,-0.536,1.353,-0.611,0.039,0.121,-0.075,1.937,1
101452,-0.22,0.541,0.381,-0.199,-0.697,-0.184,1.151,-1.62,1
102036,-1.013,0.146,0.006,0.004,-0.851,0.749,-0.147,-1.074,1
103621,0.115,0.944,1.155,1.414,-0.37,0.786,0.208,2.424,1
102500,0.386,-0.455,-2.147,1.418,-1.149,-0.033,0.971,1.151,0
103306,-0.301,0.573,-0.389,-0.179,1.601,1.696,0.821,-0.524,0
102744,2.006,-2.057,0.573,-0.532,0.752,-1.152,0.962,-0.847,1
102476,0.388,-0.124,1.292,-0.694,-1.324,-0.292,1.522,0.872,1
103358,1.487,1.204,0.46,-2.713,-0.5,0.687,-0.381,-0.419,1
103503,2.198,-0.553,-0.183,0.253,-0.235,1.058,0.891,-1.011,0
101695,-1.762,1.315,0.429,-0.481,0.193,0.71,-0.002,0.267,1
102167,-0.782,-1.382,0.418,-0.586,1.016,-0.032,0.184,-0.301,1
103765,-0.051,-0.427,-1.337,-0.784,-0.301,-0.051,2.351,-0.138,0
103364,0.099,-0.899,0.223,-1.54,-1.337,-1.744,1.215,0.923,0
101848,0.697,-0.011,-1.405,0.269,-0.938,-0.207,0.206,0.146,0
103322,1.218,-1.672,-0.209,1.418,-0.683,-0.841,0.918,-0.576,0
102764,-0.094,-0.338,0.051,0.182,-0.676,1.69,-0.166,0.224,0
102935,0.108,-1.195,0.039,-0.023,0.401,-0.664,0.651,-0.489,0
102770,0.245,0.737,0.362,-0.642,0.783,0.329,0.916,-2.153,0
101547,0.135,1.297,0.53,0.163,0.186,1.319,0.82,0.13,1
102187,-0.499,0.789,-0.186,-0.473,-1.456,0.496,0.728,-0.768,1
103113,0.064,-0.68,-0.968,-1.695,-0.516,0.026,-1.068,0.886,0
102816,1.905,1.736,-0.171,0.433,-1.581,1.394,-0.956,0.077,0
101606,0.1,0.647,0.038,-1.669,0.282,-0.193,-0.025,-1.174,1
101972,0.558,1.697,-0.78,-0.107,-0.578,-0.784,-0.321,0.562,1
103673,0.696,-1.453,0.406,-0.237,0.791,-0.681,-0.354,-0.813,0
102819,-0.076,-0.383,0.556,-0.518,-0.172,0.141,-1.264,0.323,1
101813,-1.521,0.491,-0.265,-0.24,0.864,0.204,-2.611,0.672,1
102732,0.655,0.68,-0.093,-2.884,1.857,-0.453,-0.252,-1.09,1
102302,2.362,0.626,0.299,-0.136,0.052,0.714,0.112,0.813,1
101795,-0.155,-0.577,0.719,0.182,1.33,2.068,0.671,-0.352,1
103486,0.619,-0.758,-1.686,1.043,-0.534,-1.981,-0.639,1.185,0
102087,0.026,0.479,0.109,0.029,-1.974,-0.347,-1.005,-0.768,1
103246,2.063,-0.406,-1.21,1.118,1.382,-0.398,1.874,-1.661,0
103777,1.394,-0.679,-0.088,0.321,0.274,-0.933,0.395,-1.542,0
101510,2.182,-0.817,1.074,-0.32,-0.171,1.009,-0.735,0.913,0
103366,-1.237,-1.356,-1.758,0.642,0.447,1.03,-0.297,2.06,0
103981,1.178,0.454,2.324,-1.25,-0.189,-0.225,-0.437,-1.456,1
102639,-0.169,0.531,0.689,-0.099,1.449,-1.152,-0.525,-0.362,0
101287,0.147,0.221,-1.093,-0.973,0.339,-3.368,1.167,-0.846,1
101075,1.554,-1.186,1.29,-0.94,-0.774,0.301,0.671,0.987,0
102022,1.208,-0.39,-1.544,-1.099,-0.719,-0.287,-1.297,0.459,1
102660,-0.42,-0.213,-1.087,-0.295,-0.266,1.435,-0.507,0.075,0
101099,1.605,-0.259,-0.809,-0.841,0.473,-0.048,1.212,-0.318,1
101749,-0.647,-1.22,1.32,0.429,0.092,1.503,-1.162,-0.889,1
103395,-0.566,-0.349,-0.589,0.116,-0.046,-0.686,-1.853,0.156,1
102352,0.09,-1.098,-0.707,-1.998,0.674,-1.509,-0.237,0.386,1
101305,-1.478,-0.772,0.332,-0.785,0.392,1.382,0.124,-0.046,0
101315,-0.13,-0.474,0.923,-0.773,-0.285,-0.388,-0.783,1.032,0
102792,-1.319,2.017,-3.255,0.503,1.592,0.628,-0.05,1.414,0
101071,0.38,0.836,-0.474,-0.027,0.071,0.044,2.002,0.351,0
101308,-0.408,-0.312,1.562,-1.29,-0.258,0.573,0.428,-1.075,0
103925,0.76,1.199,0.403,-0.591,-1.541,0.076,1.412,-0.502,1
103559,-0.116,1.146,1.069,0.008,-0.042,0.4,2.206,-0.578,1
102031,-1.989,-1.397,0.248,0.296,-1.523,0.622,0.078,0.745,0
103295,0.903,-0.045,1.187,-0.118,-0.135,-1.172,0.789,-0.688,1
102400,0.035,0.165,-0.749,0.242,-0.083,0.537,-0.135,-1.546,0
102312,0.211,-0.102,-0.91,-0.968,-1.192,-1.12,-0.058,-0.356,1
102404,-0.589,-0.716,-0.175,0.185,0.373,1.905,1.233,0.619,0
103898,-0.99,-0.535,-0.736,-2.547,-1.01,1.071,0.908,0.264,0
101677,-1.592,0.236,-0.199,0.691,-0.622,0.278,-0.978,0.405,1
101825,-0.128,0.489,-1.014,0.148,-0.635,-0.024,-0.445,0.034,1
101665,-1.47,-1.425,0.368,-1.111,0.984,-0.895,0.176,0.751,0
101334,-0.745,-0.105,0.223,0.991,-0.701,-0.775,0.917,1.018,0
101123,-1.478,-1.682,-0.832,-0.592,0.994,1.393,0.604,1.271,0
103448,-0.221,2.614,0.438,-0.043,0.207,-0.184,0.123,-0.619,1
102239,0.824,-0.609,0.472,-0.846,0.231,-1.42,0.553,-0.228,0
102266,-1.466,0.535,1.407,1.912,-0.219,-1.35,0.865,0.67,0
102984,-0.501,-0.871,-0.611,-1.394,-0.137,-0.285,0.495,0.029,0
101365,-0.361,-0.579,-0.083,-0.32,1.078,-0.814,0.687,-1.179,0
101284,1.431,0.324,-0.186,2.113,0.309,-0.582,0.162,0.999,1
102380,-0.553,-0.229,0.733,2.219,-0.5,-1.47,-0.493,0.339,1
101487,-0.311,0.796,0.129,-1.543,-0.02,1.005,-2.217,1.565,1
103786,-0.042,0.672,1.815,-0.523,-0.118,0.131,-1.09,-1.001,0
102581,-0.756,-1.264,-1.75,0.536,1.349,-0.405,0.951,0.076,0
102870,0.358,-0.269,0.541,-0.352,-0.84,0.592,-0.028,-0.823,0
101133,1.683,-1.12,-0.325,-0.687,-0.22,-0.72,-0.307,-1.066,1
103755,-0.903,2.229,-0.407,-0.285,-0.486,-1.051,0.254,-0.166,1
102459,0.018,1.075,0.698,-1.484,0.735,0.256,-0.004,-0.035,1
101957,0.783,-1.023,-0.734,-0.318,0.256,2.278,-0.26,0.501,0
103196,-1.923,0.756,0.479,-0.52,0.705,1.654,0.006,0.112,1
103840,0.798,-1.128,0.453,1.402,0.768,-1.866,0.435,-1.317,0
103595,-0.395,-0.308,-0.8,-0.836,-0.336,0.341,1.783,-1.445,0
102966,-1.554,0.359,-1.452,-1.152,0.334,-0.772,0.444,-0.255,1
102683,-2.179,0.706,0.152,1.428,0.472,0.825,-1.443,0.929,1
102894,0.61,-0.029,-0.251,1.279,2.283,-0.846,0.602,0.714,1
103741,1.382,-1.607,-0.664,-0.063,1.042,1.545,-0.905,-0.571,0
103549,-1.336,0.805,0.968,1.014,0.765,0.172,1.944,-0.528,0
103851,0.601,1.863,-1.076,1.493,0.426,-0.173,-0.623,0.236,1
101036,-0.14,0.821,-0.409,-0.34,0.681,-0.547,-2.54,-0.177,1
101953,1.139,-1.056,1.219,0.724,-1.653,-0.153,-0.281,-0.621,0
101117,0.05,0.256,1.609,0.336,-0.484,-0.207,1.176,0.419,0
103451,1.073,-0.829,1.104,-0.971,-2.466,1.281,-0.69,0.228,0
101391,0.926,0.506,-0.423,-1.024,-0.83,0.049,-0.77,-1.14,1
102300,-0.266,0.221,0.167,2.138,0.698,-0.776,-0.443,-1.991,0
102134,0.164,-0.291,-0.023,-0.765,0.978,-0.614,0.382,-1.04,0
103276,0.642,0.838,0.444,-1.726,-0.822,0.591,-0.366,2.892,0
102123,-0.542,-2.489,0.055,-0.697,0.148,0.155,0.232,-1.086,0
101598,-0.327,0.623,-0.659,-0.87,0.867,-0.944,2.762,-1.38,0
101491,-1.166,-0.893,0.387,0.07,0.931,-0.348,0.613,0.501,0
101614,0.552,1.486,0.411,-0.135,0.323,2.433,2.179,0.393,1
103800,1.7,0.705,0.668,-1.696,1.109,0.886,-0.49,1.212,0
101917,0.259,-1.167,0.117,0.052,1.542,-0.297,-2.661,0.336,1
102477,0.493,2.281,-0.866,-0.941,-1.382,0.064,-0.731,-1.402,1
101787,-0.677,-1.019,-1.675,-0.443,0.67,0.557,-0.125,-1.45,1
102715,0.181,0.287,0.84,-0.828,-0.133,-0.759,0.445,1.555,0
102895,1.545,-0.697,-0.376,-0.583,-0.148,1.338,-1.638,-1.442,0
103438,-1.635,0.019,-1.506,-0.391,1.069,-1.108,0.187,-0.233,0
102544,-2.211,0.672,0.536,-0.036,0.992,1.374,-1.24,1.278,1
102223,0.95,0.026,0.152,-1.256,-0.587,-0.979,1.021,1.2,0
102912,-0.047,1.185,1.659,-0.733,1.134,-2.938,1.445,0.626,0
102853,-1.307,-0.257,0.852,1.539,-0.068,-0.777,-0.049,0.44,0
101755,1.428,-0.034,-0.819,1.425,0.876,1.501,-1.358,-0.601,0
101840,0.482,-1.005,-0.747,0.57,-0.311,1.417,-1.347,-0.554,1
101272,-0.373,-0.533,1.793,-0.658,-0.116,0.404,-1.853,-1.359,0
101571,-1.15,0.092,0.941,0.169,0.258,-0.313,-2.425,-0.886,1
103681,0.957,0.077,0.8,-0.398,-0.336,-1.304,0.052,-1.254,1
102229,0.352,-0.497,1.553,-0.325,-0.811,-0.371,0.784,0.073,0
102356,0.628,-0.615,1.622,0.094,0.947,-0.824,0.373,-0.429,1
103250,1.704,-0.855,1.768,-1.34,0.247,-1.443,0.437,0.605,0
101166,0.429,-1.198,-0.536,0.427,0.053,0.367,0.006,-0.072,0
102908,0.538,0.059,0.486,-0.715,-0.208,0.176,0.055,1.486,1
102277,-0.142,-1.432,1.846,0.539,0.358,0.513,-1.185,0.116,1
103690,0.356,-1.164,-0.464,0.564,-1.309,-0.712,0.094,1.099,0
102490,-0.707,-0.092,2.008,-1.748,-1.632,0.101,1.53,-0.099,1
103271,-0.064,0.455,1.305,0.338,1.128,-0.929,0.025,1.485,1
103110,-1.11,0.472,-0.256,0.649,-1.539,-0.396,-0.166,-0.46,0
101539,0.802,1.878,-0.254,0.375,0.014,0.333,-0.53,-0.024,1
102823,0.63,0.603,0.044,0.244,-1.604,-1.392,0.345,0.062,1
102161,-0.871,0.201,-1.462,0.286,-0.195,1.455,-0.522,-0.581,0
102437,0.148,1.275,0.261,-0.14,1.934,-1.062,-0.165,0.76,1
103083,-0.92,-0.72,-0.048,-1.318,0.396,-0.624,-0.375,-0.376,1
102815,1.181,0.257,-0.264,0.338,-0.289,-0.046,-1.025,-0.862,1
102063,-0.521,-0.201,-0.319,-1.102,-1.751,1.333,1.516,0.015,0
102549,-0.808,-0.666,1.015,0.938,-0.325,-0.045,-0.145,0.506,0
102689,-0.837,0.025,0.607,0.816,-0.152,0.121,-1.816,-0.12,1
102864,1.346,0.504,-0.946,0.548,0.801,0.667,0.44,0.64,0
101909,-0.615,-1.058,-0.938,-0.183,-0.34,0.057,0.974,-1.151,0
102713,-0.325,0.132,-0.528,-1.971,-0.553,1.892,0.411,0.779,0
101061,0.589,-0.262,0.23,1.96,-0.61,1.101,-0.656,-1.571,0
101799,0.143,-0.062,1.169,1.197,-1.239,0.083,0.491,2.105,0
101779,0.919,-1.376,-0.511,-0.181,0.041,-0.533,-0.114,0.856,0
102413,0.377,-0.293,-1.884,0.01,0.121,-0.555,1.372,0.78,0
101688,1.34,-0.32,-0.761,-1.599,0.354,-1.453,-0.824,1.167,1
103313,-0.072,-0.174,-0.616,0.046,-0.346,-0.13,0.317,1.254,1
103462,0.215,-2.008,1.871,-0.543,0.426,-0.074,0.749,-0.437,0
103894,0.571,-1.485,-0.212,0.435,-1.52,1.294,0.467,-0.431,0
103520,-1.279,-0.882,0.866,-0.061,1.017,0.263,0.0,1.093,1
102235,-0.369,1.343,-0.781,0.023,0.416,-1.006,-0.23,-1.191,1
103379,-0.318,1.931,-0.11,-0.145,1.116,0.189,-1.773,1.515,1
103904,-0.475,-0.849,-0.279,0.141,0.898,2.095,-0.101,-0.823,0
102706,-1.656,1.545,1.706,0.379,-0.752,1.172,0.907,0.504,1
102811,-0.87,0.435,-0.209,0.54,0.495,1.218,-0.221,-0.52,1
101578,-0.079,-0.404,-1.062,-0.058,0.091,0.003,1.49,-0.004,1
101777,-1.23,1.272,0.831,-1.137,-0.166,-0.062,-2.165,0.015,1
101292,2.017,0.616,-1.647,0.551,-0.191,0.082,-0.103,0.99,0
101459,0.656,0.106,-0.271,-0.624,-1.054,0.139,0.48,1.502,1
101034,-1.246,-0.044,-2.086,0.01,0.203,-0.655,-0.424,1.144,0
103572,0.909,2.216,-0.681,-1.219,-0.017,-2.089,-1.142,1.62,1
101542,1.512,0.632,-2.94,1.252,-1.908,-0.499,1.589,-0.863,0
102900,-0.015,-0.144,0.015,0.753,-0.666,0.553,0.85,0.343,1
101997,-1.138,-1.566,-0.172,1.574,-0.113,-0.932,-0.153,-0.726,0
101256,-0.011,0.451,0.074,-1.92,-0.689,-0.534,-0.325,-0.632,1
101370,-1.734,0.522,-1.333,0.908,0.974,-0.385,-1.175,0.508,1
101080,0.692,-0.081,0.792,-1.159,-1.169,1.927,0.651,-1.03,1
103419,1.397,0.03,0.769,0.662,-0.759,0.61,-0.798,0.415,0
101496,-0.218,-1.045,-0.614,0.46,0.46,0.394,-1.588,-0.449,1
101728,-1.588,0.033,-1.929,0.839,-0.451,1.049,0.338,0.621,0
102021,-0.489,-0.838,-0.003,-1.093,-1.073,-0.491,0.029,-0.091,0
102640,0.191,-0.955,0.878,0.133,0.457,-1.168,-0.363,0.299,0
101445,0.04,-1.125,-1.265,-0.555,-0.593,-1.695,-0.365,-0.826,0
102695,-0.879,-0.091,-0.952,1.713,-0.603,-0.329,1.676,1.029,0
103722,-0.395,-0.397,-1.702,0.175,1.409,-0.104,-1.502,-3.378,1
103658,2.254,0.664,-1.741,-0.161,1.335,-0.335,0.866,-1.912,1
102776,0.531,-0.228,1.54,-1.185,0.594,-0.364,0.599,1.238,1
101516,0.192,1.461,0.326,-0.531,-0.56,0.27,0.481,0.407,1
102519,1.976,-0.044,1.726,-0.997,-1.651,-1.155,0.053,0.473,0
103993,-1.067,-0.088,0.477,-0.498,0.681,-0.781,-0.842,0.304,1
102008,-1.858,-0.926,-0.857,0.1,-0.971,1.248,2.211,0.568,0
103176,-0.523,1.026,1.179,1.408,-0.016,-0.56,0.165,1.156,1
101432,0.009,1.251,0.192,2.276,0.68,-1.043,-0.96,-0.487,1
101275,-0.091,0.169,1.244,-0.374,-1.319,1.085,-2.283,-0.355,1
102046,-0.057,-0.81,0.029,0.348,1.828,1.487,1.328,-0.665,0
102723,-2.149,0.306,-0.23,-1.164,-0.807,0.358,-1.315,0.197,1
101281,-0.884,-0.293,1.396,-1.153,1.211,0.369,0.392,-0.578,1
102884,1.1,-1.021,-0.079,1.67,0.328,-0.851,-0.327,2.349,0
102540,1.36,-1.74,0.372,-0.911,-2.332,1.386,0.766,0.3,0
101645,2.704,-0.404,-2.145,2.058,0.603,1.73,-0.753,-0.451,0
102892,0.557,-0.102,-0.706,-0.136,0.35,-0.502,-0.925,-1.824,1
103160,-0.098,1.005,-0.01,1.074,-0.801,0.409,0.633,1.031,1
103590,0.97,1.315,0.386,0.341,-0.897,0.421,0.58,0.772,1
103219,-0.007,-0.134,0.946,-1.176,1.009,-0.513,-0.952,-0.436,1
102177,1.993,0.693,1.187,-2.573,0.07,0.483,0.098,0.843,1
101038,-0.366,0.39,0.007,-1.463,-0.387,1.174,0.804,-0.371,0
101335,-1.04,-0.739,0.238,-0.347,0.586,-0.796,-0.699,2.869,1
102124,0.769,0.467,-0.51,-1.308,-0.531,-1.548,0.105,-0.518,0
101540,-0.248,-0.291,0.173,-1.421,1.136,0.102,0.209,-0.722,0
101942,3.042,-0.425,1.139,-0.322,-0.485,-0.794,2.08,-0.798,0
101382,-0.04,-1.054,1.01,1.341,-0.943,-1.561,-1.404,-0.554,0
103383,1.047,0.532,0.862,0.256,-0.863,-0.95,-0.327,-0.806,1
101884,0.739,-0.329,-0.49,-0.974,-0.666,0.783,0.936,-0.593,0
101239,1.477,0.498,-0.578,-0.218,-0.15,-2.841,0.665,-0.288,1
103447,1.642,0.558,-0.14,1.275,-1.591,-0.668,-0.091,-0.477,0
102674,0.17,-0.721,0.082,-1.742,0.207,-0.106,-0.91,-0.819,0
102488,-0.847,0.126,-0.763,0.197,0.057,-0.727,1.644,1.578,0
102387,1.116,-0.357,0.676,0.44,-0.55,0.396,-0.576,0.494,0
102928,-0.624,-0.899,0.057,-0.011,-0.632,0.336,-0.04,0.458,0
103724,-3.295,1.515,0.321,0.313,1.41,-1.874,0.048,-0.821,1
103208,0.357,-0.4,-1.168,-0.07,-0.961,0.909,0.7,-0.432,0
102162,-1.661,0.735,-1.388,1.373,-1.336,-0.818,-2.133,-0.017,0
103895,0.447,0.816,1.404,-0.643,-0.032,-0.967,0.084,-0.241,1
102287,-0.256,0.572,0.115,1.452,2.836,-0.847,-0.533,0.635,1
102376,1.335,0.788,-0.726,-1.546,-1.493,-1.065,2.055,-0.273,0
101242,0.674,-0.101,-0.566,-0.533,-0.003,1.361,-0.041,-0.832,0
103360,-0.744,-0.329,-1.827,-1.233,0.148,-0.021,1.357,-0.137,0
101568,0.476,-0.72,1.336,-0.891,-1.13,1.085,-0.436,-0.729,0
103189,-0.276,0.143,0.848,1.053,0.041,1.427,-0.093,-0.175,1
101217,0.667,1.185,0.79,-0.788,0.301,-1.236,0.529,0.696,1
101648,-1.142,0.279,0.105,0.181,-1.366,-0.778,0.052,0.75,1
102936,0.256,1.497,-1.159,-0.752,-0.877,2.167,0.505,0.349,0
103221,0.176,0.567,-0.303,-0.283,0.301,0.172,0.125,0.809,0
102298,0.961,0.114,1.163,-2.243,-1.527,-0.789,0.099,0.149,0
103805,1.209,1.621,0.412,0.507,-0.586,-1.631,0.089,-0.12,1
101756,-0.085,-1.623,0.124,0.078,-0.211,-0.085,-1.502,0.604,1
101145,1.245,-1.594,0.123,1.253,-0.147,-1.386,-1.921,-0.68,0
101288,-0.904,-0.076,1.794,0.11,0.986,-1.375,-0.719,0.765,1
103759,0.418,-0.111,-0.881,0.364,-0.623,2.015,-1.741,-0.359,1
101559,-1.017,0.477,-2.207,1.095,1.754,-1.316,-1.165,0.699,1
101058,0.25,-0.599,-0.093,-1.318,-1.019,0.179,-0.045,0.651,0
102624,-0.815,0.362,-1.576,0.493,0.231,-1.4,0.962,1.185,1
102929,-0.86,0.481,-0.374,-0.098,-1.074,-0.137,0.858,-1.858,1
101220,-0.508,0.311,0.612,0.639,-0.278,0.202,0.167,0.976,1
101231,2.226,1.237,-1.647,1.249,0.995,0.292,0.67,1.086,0
101925,-0.298,-1.219,0.215,-0.629,1.223,2.162,-1.53,-0.048,1
103999,-1.897,0.79,-0.68,-0.33,0.417,0.601,1.04,0.143,1
101146,1.023,1.535,0.077,0.899,1.014,0.621,-0.813,0.742,1
102130,2.456,-0.444,-1.25,-0.475,2.313,1.529,0.672,-0.521,0
103356,-0.026,1.313,-1.528,0.106,-1.003,-0.378,0.244,1.025,0
101083,-1.359,-0.919,0.903,0.904,1.47,-0.967,0.799,0.224,1
103184,-0.213,-0.142,-0.292,-0.112,1.25,-0.939,-0.118,1.227,0
102670,-0.274,-0.134,-1.369,0.187,0.114,-0.802,0.469,0.499,1
101243,1.318,1.022,0.106,1.232,0.208,1.797,-0.077,-0.687,0
101770,0.882,1.633,0.73,1.135,-1.047,-0.396,-0.833,1.45,1
102076,0.101,-0.678,1.062,0.778,-1.449,1.447,-0.059,0.648,0
102254,-0.527,-0.74,-0.577,1.81,1.138,1.417,-0.424,-0.226,1
103475,-0.792,1.281,-0.469,-0.224,0.081,-0.441,0.76,-0.454,1
102237,-1.334,0.67,-1.138,0.252,-1.213,1.025,0.394,-1.748,0
101181,-0.641,2.805,-1.306,-0.372,-0.479,1.033,0.322,0.52,1
101794,-0.016,-0.564,-0.169,-0.947,-0.687,1.321,-1.202,0.681,0
102181,-0.188,0.258,0.953,0.157,0.621,-1.472,-0.306,-0.25,1
102751,-1.009,0.65,1.22,-1.804,-0.499,2.192,0.927,-1.114,1
101575,1.895,1.481,-0.165,0.804,-1.056,0.172,-1.923,-1.153,0
102455,-0.979,-1.184,-0.124,0.012,-0.661,0.422,-0.761,0.498,1
102457,-0.369,-0.141,1.8,0.43,-0.037,0.434,0.736,-0.408,1
102131,0.888,1.438,-0.078,-0.462,0.119,0.438,-0.586,-2.206,0
102945,0.16,-0.241,0.023,0.507,-0.744,-0.523,-0.483,0.105,0
103634,-1.599,0.043,1.42,-0.41,0.21,1.502,-0.266,-1.259,0
103393,-0.144,0.619,2.099,-0.906,0.374,0.602,1.099,0.6,1
103557,0.259,0.931,0.984,-0.33,1.976,0.107,-0.542,-0.88,1
101303,0.865,-1.26,-0.568,1.496,-0.462,0.003,0.349,-1.795,0
102796,-1.545,-0.226,-0.483,-0.072,-0.295,-0.467,-0.022,-1.201,0
102260,0.845,1.147,0.889,0.126,0.411,-1.541,-0.944,0.087,1
102160,-0.055,-0.686,-0.245,0.073,0.503,0.55,-0.005,0.688,0
103555,-1.105,-2.322,0.191,0.395,1.174,0.103,-0.858,2.17,0
101785,0.598,0.483,0.762,-0.698,-0.433,0.065,1.389,-0.5,1
102817,1.717,-0.449,0.882,-0.722,0.491,0.07,1.061,0.783,0
101211,0.014,0.552,-0.196,0.426,0.635,-0.886,1.244,0.143,1
102281,-0.406,0.123,0.556,0.227,-1.01,-1.426,0.442,-1.677,0
102972,0.501,2.775,-0.499,-1.627,0.444,2.139,-1.571,0.718,1
102951,0.22,-0.514,-1.695,0.448,-0.491,1.445,0.573,-1.189,0
103334,-1.723,-1.381,-3.094,-0.433,-1.054,-2.773,-1.149,-0.365,1
103501,-0.722,-1.554,0.372,0.861,0.359,0.768,0.332,-2.515,1
102317,-0.562,1.332,0.673,-1.486,0.547,-0.72,-2.795,2.096,1
102454,-0.823,-1.136,0.148,-0.644,-1.493,-0.348,0.243,0.422,0
101570,-0.509,1.066,0.088,1.062,-1.006,0.579,-0.464,0.736,0
101464,0.803,-0.215,-0.809,1.634,1.785,1.351,0.887,-0.349,0
102757,-0.399,2.068,-1.056,0.22,0.201,-1.072,1.016,-2.358,1
103809,-1.703,0.675,0.292,-0.797,-0.271,0.338,-0.123,-0.764,1
103615,-1.039,-0.37,0.33,1.057,-1.469,-0.598,-0.655,0.192,1
102420,0.474,-0.089,1.247,-0.17,0.228,0.388,-1.326,0.294,0
103523,0.625,-1.245,-0.466,-0.542,1.301,-1.527,0.544,-0.291,1
101116,-1.13,-0.795,-0.71,0.753,-0.013,0.31,-0.306,1.351,0
101460,0.282,0.899,0.307,-0.211,0.537,0.591,-0.235,-0.244,1
103450,0.185,0.692,0.626,2.048,1.418,1.982,2.029,-0.229,1
101620,0.541,1.677,-0.694,0.786,-0.779,-0.273,1.055,0.481,0
102527,-0.536,0.693,1.336,0.746,1.745,-0.696,-1.438,0.433,1
103019,-0.342,0.038,0.659,0.022,-0.448,0.304,-1.704,0.994,1
102269,-0.783,-0.441,-0.406,1.389,-1.751,0.545,0.383,-0.829,0
101977,1.943,-1.219,-0.988,1.289,1.34,2.031,0.276,0.208,0
103220,1.134,0.539,-0.474,-1.987,-0.143,-0.34,-0.134,-0.656,0
102693,0.12,-0.199,0.117,-1.652,0.353,-0.431,-2.146,-0.587,1
101711,0.264,0.295,0.106,-2.132,0.761,-0.415,-2.078,0.571,1
101404,-0.599,-0.161,-0.178,-1.942,-0.26,-0.074,-0.81,-0.194,0
101429,-2.12,-1.096,0.732,-0.901,0.769,1.015,1.008,1.699,0
102630,0.507,-0.943,0.172,-1.08,-2.753,-1.909,0.899,0.974,0
103693,-0.409,0.455,-0.09,1.238,0.736,-1.447,0.208,0.105,0
101517,0.038,-2.156,-0.815,-0.296,0.186,0.56,-0.619,0.723,0
101768,0.483,-0.551,0.663,-1.829,0.459,0.232,0.432,0.182,0
103729,0.78,-0.713,0.914,-1.007,0.634,-1.088,-0.05,0.943,1
101045,-0.607,-1.124,0.73,0.32,-0.516,-0.058,0.922,0.889,0
102791,1.354,0.709,-0.392,-1.575,0.448,-0.145,-0.937,0.291,1
101466,0.887,-0.742,0.385,0.346,1.575,-1.597,-0.511,-0.995,0
102795,-0.211,0.155,0.088,-1.384,0.396,1.188,0.265,-0.474,1
103346,0.438,-0.392,0.424,-1.705,0.278,-0.208,0.968,-0.11,0
103209,0.796,0.904,-0.341,-0.944,-1.041,-0.162,-0.61,1.041,1
102654,0.445,-0.089,0.069,-1.765,-1.161,-0.82,0.367,0.609,0
101809,2.275,-0.334,-0.006,0.139,0.299,0.65,0.048,-0.427,0
101689,1.48,-0.267,0.867,0.137,0.478,-1.325,0.281,0.24,0
102636,-0.109,0.662,-1.091,0.683,-0.34,-1.531,0.122,0.754,1
101757,1.403,-1.32,-1.168,0.015,-1.168,-0.878,-0.389,-1.372,0
102981,-0.342,0.036,0.483,-0.545,-0.788,0.094,0.557,-1.232,1
102445,-0.355,-0.468,-1.394,0.44,2.117,0.259,0.224,-1.171,0
101752,-1.577,0.332,0.151,0.151,-0.164,-1.609,-0.257,0.184,1
103260,-0.79,-1.094,1.661,0.619,-0.236,-1.02,-1.161,-0.901,0
101306,0.478,-1.029,-0.64,-1.205,-0.973,1.567,-0.893,-0.13,1
101481,-0.589,-0.426,1.549,-0.862,-0.433,1.021,-1.932,-0.673,1
101161,0.533,-0.462,1.572,-0.172,1.736,-0.056,1.161,0.386,1
102253,-0.603,-0.874,1.555,-0.188,1.534,0.655,0.501,0.121,0
101922,-1.118,2.284,0.754,0.309,0.756,0.616,2.483,0.652,1
103916,0.19,1.647,-1.287,0.741,2.591,-1.566,0.198,0.594,1
101851,0.356,1.058,-0.255,-0.793,-0.015,2.08,1.042,-0.988,0
101448,1.69,0.355,1.296,0.849,-0.144,0.089,1.497,0.432,0
103825,-1.102,-0.541,-0.262,-1.2,-0.563,1.24,-0.791,-1.496,0
101651,-0.64,0.401,0.6,-0.805,0.268,0.871,-1.539,-0.155,1
102185,-1.668,0.175,-1.502,-1.68,0.96,-1.806,-0.183,0.41,1
103247,0.058,0.131,0.951,-1.278,0.501,1.175,-0.323,1.064,1
103316,0.278,-0.921,-0.909,-1.7,-1.524,0.358,-1.269,1.17,0
102988,-0.746,-2.022,-0.876,0.928,-0.114,-0.43,-1.276,-0.211,0
102074,0.661,-0.253,0.114,0.892,0.718,-1.59,-0.143,-0.207,0
103994,1.786,0.36,0.702,-0.01,1.015,-1.511,-0.308,-1.98,1
102200,0.537,-0.489,-0.053,0.845,0.617,0.278,1.019,-1.588,0
101608,1.025,-1.858,-0.499,0.283,0.249,-0.449,0.953,-0.485,0
103593,1.044,0.329,-2.507,-1.787,0.362,1.101,-1.112,1.044,1
102308,0.874,-0.157,0.835,1.147,1.227,-1.213,0.295,1.474,0
101911,-1.451,-0.325,-0.912,0.599,-0.594,0.808,0.711,0.566,0
102580,0.992,-0.835,-0.559,0.959,0.672,0.248,-0.24,0.255,0
102242,0.759,-0.398,1.246,-1.449,2.592,1.027,1.584,0.553,0
102054,1.24,-0.564,1.022,-1.115,-1.328,1.757,0.609,1.748,0
103974,1.138,1.614,-3.024,-1.129,-0.225,-0.059,-0.777,-1.195,1
101039,-0.719,-0.079,-1.291,0.244,-1.627,-0.751,0.824,-0.013,0
101030,-0.364,-1.714,1.395,0.202,0.047,0.959,-0.923,1.499,0
103589,-2.853,-0.499,-1.683,-2.219,0.538,-0.831,-1.609,0.107,1
103296,1.384,0.668,-0.744,1.095,0.574,-1.6,-0.139,-0.729,1
101731,0.316,-1.192,2.496,0.609,1.082,1.234,-0.005,-0.098,1
103051,2.833,-0.979,0.166,0.643,-0.834,-0.598,1.788,0.037,0
102930,-0.795,-1.352,-0.802,0.245,0.177,-0.212,-2.271,0.752,1
103297,0.219,1.103,1.278,-0.188,-2.303,1.393,-0.763,0.96,0
103249,-1.872,0.149,0.448,1.957,-0.257,-0.445,0.682,0.683,1
103152,-0.639,1.561,1.418,0.735,0.477,0.949,1.148,-1.129,0
101387,0.872,-0.899,-0.941,2.129,-0.82,-0.149,-0.899,2.307,0
103199,-0.727,0.893,0.021,-0.188,-0.523,-0.638,-0.011,-0.36,1
102066,2.324,0.389,1.282,-0.514,0.082,1.411,0.336,0.575,0
103531,-0.175,-0.406,-0.373,0.153,-0.668,-0.733,0.249,0.58,0
101376,-1.939,-0.535,-1.338,0.273,-0.857,-0.252,0.187,-1.042,0
102672,1.139,-1.146,-0.299,-0.656,-1.433,-1.102,-0.175,-0.091,0
101248,0.101,1.26,0.194,0.097,-0.841,-1.345,0.132,-1.143,0
103324,0.141,-0.222,-0.209,-0.404,-2.66,1.113,0.893,-0.976,0
103832,-1.333,-0.468,-1.233,1.804,-2.942,0.145,-0.261,-0.01,1
103030,0.635,-1.429,0.564,1.676,0.383,-1.395,-0.651,-1.779,0
101043,0.743,-1.303,2.225,-0.134,0.088,-1.638,0.28,-1.888,0
102701,-0.683,0.363,0.726,1.169,-1.699,0.28,0.881,-0.508,0
101455,-0.032,1.338,-0.101,-0.243,-0.298,0.579,0.101,1.554,1
103131,0.92,-0.128,-1.761,-1.799,-1.127,-0.328,0.134,-0.163,0
103718,-0.561,1.454,1.149,0.006,1.372,0.493,-0.695,-0.517,1
102812,1.218,1.682,0.688,1.097,1.24,1.0,0.879,0.834,1
103054,0.649,0.546,-2.084,0.502,-0.716,0.931,1.536,-0.169,0
101414,-0.574,-0.695,-2.003,-0.243,0.55,0.355,-0.813,1.623,1
103072,-0.284,-1.199,0.517,0.262,-0.98,1.565,0.015,0.054,0
102978,1.374,0.171,-1.458,0.855,-1.244,0.152,-2.132,1.535,1
103222,-0.234,0.694,2.23,-0.457,-0.277,0.431,0.856,1.579,0
101114,-1.599,0.861,-0.021,0.881,0.705,0.296,0.591,-1.41,1
102079,-0.769,-0.493,-0.848,-0.895,0.959,-0.119,-0.245,-1.938,0
102800,1.079,-0.92,-0.1,-0.721,1.827,-0.025,0.818,-0.763,0
103254,-0.502,-0.986,-0.564,0.315,0.973,0.749,-0.767,-0.146,0
103064,0.002,-0.474,0.224,-0.528,4.875,-1.046,-0.858,-0.208,1
102847,0.334,0.124,1.824,-0.562,-0.756,0.621,-1.154,0.317,0
103342,3.004,-0.623,0.722,0.275,0.587,0.771,-1.558,-0.715,0
103699,1.48,0.943,0.375,-0.185,-1.363,0.215,1.079,-0.021,1
103133,-0.461,-0.158,-1.309,-0.013,0.457,1.113,1.523,-0.429,0
103749,-1.357,0.963,-0.612,0.385,-0.451,-0.852,1.538,-0.924,1
101169,-0.034,-0.805,0.027,-0.681,1.03,0.563,-0.27,1.138,1
101748,0.661,-1.022,0.367,-0.441,0.724,-1.36,2.019,-0.939,1
103795,0.512,0.211,0.073,1.395,1.147,-1.721,0.179,-0.104,0
102440,0.197,0.887,-1.2,0.608,0.157,-0.505,0.408,-0.346,1
101522,1.203,1.423,1.164,0.668,1.704,-1.508,-1.125,-0.039,1
103604,0.726,0.937,-0.236,0.902,-0.015,2.841,0.281,0.483,1
102656,-0.587,0.214,1.727,-1.161,-0.514,0.652,0.788,1.138,1
101712,0.799,1.409,1.123,-0.196,0.757,0.038,0.224,1.943,1
102220,0.116,0.268,-0.086,0.006,0.974,0.306,-0.129,1.102,0
101916,-1.295,-1.075,0.706,0.647,0.289,-1.105,-0.542,0.598,1
101803,-0.565,0.035,-1.367,-0.603,0.951,-0.586,-0.321,0.362,0
103010,0.943,-1.921,2.724,1.374,1.997,0.987,-0.757,0.956,1
101524,-0.791,-1.549,0.905,-1.073,-1.964,-0.491,1.786,-0.022,0
102964,-0.514,1.496,0.268,-0.322,-1.32,0.402,0.436,-0.631,1
101721,-0.975,1.202,0.707,2.296,-0.622,0.565,-0.543,-0.367,1
102865,-1.041,-0.786,-0.469,0.333,1.795,-0.655,1.431,0.2,0
101976,-0.836,-0.33,1.654,-0.857,-0.979,1.4,-0.99,0.707,1
101745,0.095,0.005,-0.737,0.301,0.161,0.639,-1.804,1.204,0
102986,-0.197,0.459,1.225,-0.876,-0.181,-0.811,0.268,-0.504,1
101470,0.169,-0.143,-1.148,-1.483,-1.707,0.484,0.005,0.357,1
101337,0.513,-0.124,-1.498,0.626,0.746,-1.756,1.694,-1.142,0
101566,0.455,-1.261,0.232,-0.49,0.352,2.229,0.266,-1.049,0
102854,2.074,-0.066,-1.536,-0.521,-0.641,-1.226,1.756,0.086,0
103618,-0.454,-0.555,1.026,0.834,1.866,-0.439,0.858,-0.565,1
102877,0.172,-0.399,2.125,1.01,-0.371,-0.693,-0.053,-1.165,1
103279,2.168,-0.4,-1.136,-0.366,0.79,1.432,1.437,-2.097,0
103298,-0.41,-0.156,-0.223,0.645,0.36,-1.079,-0.06,1.825,1
102023,0.437,-0.871,1.09,-0.203,-1.012,-0.602,-0.765,0.945,1
103126,-0.758,2.879,-0.227,0.225,-1.283,-1.972,-1.59,-0.406,1
103791,1.324,-1.743,-0.507,-0.113,-1.305,0.891,0.601,-1.118,0
101625,0.497,-0.214,1.053,-0.258,0.24,0.491,-0.147,-0.468,0
102604,-1.152,0.857,0.013,1.578,0.235,-0.205,-0.473,-1.167,0
101052,-0.551,-0.081,1.009,0.819,-2.909,1.198,0.064,0.083,0
103739,0.136,0.01,0.439,-1.335,0.437,-0.219,-1.307,-1.095,1
103352,-0.146,0.897,-0.903,-0.335,-1.435,1.27,-0.535,-1.039,0
101195,-0.688,-1.574,-0.9,1.769,0.051,0.707,-0.554,1.336,0
101644,0.457,-1.271,0.425,-0.092,-1.176,-1.242,1.243,1.044,0
101065,0.878,-0.533,-0.925,-0.287,-1.043,-2.139,0.333,0.404,0
102809,1.154,-0.378,1.557,0.688,-0.084,0.527,-1.281,0.498,1
103909,0.154,-0.156,-0.504,1.332,0.388,-1.573,0.07,0.035,0
101423,-1.325,0.109,0.927,-0.598,-0.224,0.971,0.097,1.157,0
101398,1.619,-0.525,0.298,0.777,-1.149,-1.188,1.244,1.182,0
101783,-1.43,0.397,0.347,0.313,-0.208,0.987,0.503,-0.605,0
102886,1.723,0.468,-0.509,-0.599,-1.214,1.038,-0.589,0.731,1
101283,-0.069,-0.517,-0.601,-0.721,0.705,-1.459,-1.475,0.257,1
103713,0.087,-1.392,-0.293,0.192,-0.396,0.973,0.904,0.127,0
102359,0.224,-1.144,-2.268,-0.205,-0.041,-0.482,0.049,0.043,0
102252,0.979,-0.396,-0.151,1.432,-1.472,-1.056,1.393,0.83,0
103551,0.553,-0.013,-1.021,0.797,0.169,-0.376,0.286,0.159,0
103617,-0.779,0.895,-0.321,-1.071,1.182,1.382,1.432,0.542,0
102062,1.843,-1.522,-0.451,0.126,-0.274,-1.489,-1.046,-0.576,0
102685,-0.848,0.605,-0.665,0.889,0.065,1.195,0.924,0.273,0
102768,0.105,-0.959,-0.225,0.633,-0.284,0.167,0.123,-0.862,1
103252,-0.42,-0.192,0.699,0.502,1.305,1.439,0.414,0.861,1
103058,0.55,2.067,-1.267,0.06,1.837,0.41,0.808,-0.959,1
101903,0.891,-0.476,-0.187,-0.514,-0.519,-1.154,0.054,-0.076,0
103969,-0.025,-0.223,-0.629,-0.039,0.411,-0.655,-0.548,-1.106,0
102141,0.03,0.24,-0.184,-0.396,0.07,-0.014,-0.303,-0.505,1
103217,1.181,0.544,0.643,-0.406,-1.156,-1.489,-0.96,-0.463,1
103811,-0.923,-2.018,-0.55,0.039,0.144,1.056,-1.098,-1.374,0
102451,0.46,1.503,-0.943,-0.586,0.218,-0.129,-3.001,0.237,1
102771,1.269,-0.549,-0.245,-0.017,-0.991,0.914,1.07,-0.22,0
102250,-0.324,-0.605,-0.288,1.594,2.419,0.807,-1.059,-0.781,0
103679,-0.339,-0.074,1.883,0.337,0.894,-0.032,-1.691,0.301,1
101552,-0.025,-0.136,0.023,0.064,1.151,1.061,-0.408,-0.194,1
101828,-0.56,0.226,-0.799,-0.577,0.871,1.878,1.665,1.065,0
101197,-0.062,0.478,2.16,-0.265,0.297,-0.481,-0.774,-1.85,1
103022,0.251,-1.611,1.559,0.675,0.557,-0.146,0.018,-0.431,1
103468,0.818,-0.774,-1.595,1.247,-1.334,-0.551,1.294,1.548,1
103035,-0.073,1.287,-0.965,2.777,-0.183,-0.366,0.137,-0.541,0
102143,-0.79,0.015,0.027,0.178,-0.742,2.167,-1.888,-0.588,0
103685,-1.373,-0.465,-1.04,0.114,0.272,0.574,0.99,0.795,1
103477,0.151,-1.125,-0.347,1.05,-1.358,-1.304,-0.253,-0.17,0
102165,-0.692,1.341,-0.533,0.584,0.913,-0.663,0.593,1.375,1
102026,1.366,0.082,-1.007,0.332,0.454,1.504,-0.552,-0.862,0
103248,-0.086,1.386,-1.038,0.283,-3.096,-0.242,-0.288,0.883,1
103643,0.156,-0.614,-0.905,0.558,-0.41,0.028,-1.987,-1.22,1
101602,0.602,-0.06,-0.127,-0.937,0.123,-0.055,0.107,-0.127,0
101386,-0.744,-0.287,-0.96,1.754,-1.057,-1.312,-1.34,1.612,0
103798,-0.021,-1.16,0.019,-1.142,-0.174,0.898,1.835,-1.564,0
103860,1.766,-1.483,-0.263,-0.675,0.833,-0.3,1.046,-0.463,0
102335,-0.842,-0.56,-1.517,1.614,-1.426,-1.381,0.081,-1.289,1
103652,-0.307,-0.778,1.44,-0.818,-1.262,2.24,-0.561,-1.079,0
101804,0.531,1.211,-0.792,-0.241,-1.275,0.441,0.067,0.181,0
101952,-0.546,1.084,-0.235,-1.023,-0.444,-1.382,-0.254,-0.989,1
101492,1.919,-0.809,-0.076,-1.03,0.616,0.721,1.699,-0.196,0
101696,1.109,-0.384,0.024,1.841,-0.266,-0.653,0.122,1.019,0
103031,-0.266,0.869,0.603,-0.489,0.182,-0.056,-1.411,-0.924,1
103770,-0.082,-1.029,-1.45,1.229,0.208,-1.382,-1.158,2.424,0
103831,2.293,-0.776,0.921,-1.219,-0.628,-0.795,0.949,1.83,0
101165,-1.786,-1.609,-0.424,0.397,2.119,-0.14,-1.561,-0.435,1
103645,-0.976,1.288,1.332,-0.648,0.553,1.903,-0.53,-0.566,1
102369,-2.047,1.256,-2.218,0.606,-0.139,-0.081,1.34,0.049,1
102575,-1.228,0.373,1.088,0.599,-0.626,-0.654,-1.811,0.096,1
101484,-0.549,-0.391,0.156,-0.347,0.564,-0.214,-1.339,-1.074,1
102743,0.621,-1.561,-0.136,0.306,-0.713,1.865,0.502,-0.235,0
103583,0.289,-0.26,-0.558,-0.794,-0.674,-1.436,-0.598,0.175,0
102422,-2.257,-0.251,2.093,-1.56,1.685,-0.338,-0.739,-0.201,0
101154,2.716,-1.623,-1.989,-1.888,-1.4,-0.342,0.922,-0.239,0
103357,-0.987,-0.125,-1.345,0.069,1.309,-0.504,-0.078,0.702,1
101591,0.112,0.008,0.299,0.759,-0.583,0.915,0.695,-0.273,1
103141,-0.13,-1.324,0.908,1.983,-0.681,1.843,-0.116,1.294,0
102755,0.132,0.138,0.018,-0.405,0.636,2.469,0.701,0.091,1
101378,-0.862,-0.419,0.499,0.683,1.005,1.104,-1.182,0.101,0
102027,0.365,0.611,1.702,0.38,-0.482,0.047,2.91,-1.903,0
103827,0.289,0.675,0.187,-1.897,-0.189,0.016,1.507,1.0,0
103338,-0.168,-0.527,-0.275,0.411,1.093,-0.704,0.212,-0.823,1
103688,-0.17,1.404,-0.982,-0.039,-0.805,-0.672,1.363,0.169,0
101066,0.617,-0.869,-0.068,-1.223,-1.486,0.427,-1.825,-0.372,0
101118,-0.734,1.21,-1.417,-2.108,-0.942,-1.853,-0.159,0.071,1
101002,0.68,-0.74,-0.684,0.714,-1.642,1.26,-0.588,0.98,0
102517,1.371,0.092,-0.261,0.116,0.334,1.33,-0.036,0.593,0
103238,-0.63,-1.336,1.723,0.063,0.48,-1.189,1.354,1.124,1
103112,-0.21,2.064,1.359,0.551,0.456,0.195,-0.532,-1.114,0
103813,-1.03,-0.179,1.702,-1.255,-0.052,-0.148,-1.408,-0.749,1
101411,0.647,-1.018,1.345,0.377,-0.793,0.018,0.177,-0.053,0
103973,-0.571,1.59,-1.014,-0.389,0.324,-2.794,-0.299,-0.186,1
103251,-0.084,-0.616,-0.561,0.705,-0.344,-0.069,-0.053,1.107,0
101837,1.552,-0.037,1.557,-0.865,2.172,0.366,0.119,-0.2,1
101249,1.35,1.391,0.523,1.192,-0.082,-0.524,2.361,-0.238,1
103270,0.189,0.462,0.197,0.945,0.057,-0.649,0.205,-0.038,0
102504,-0.751,-0.423,0.582,2.126,-2.081,-0.936,0.224,-1.405,0
101532,-1.335,-0.101,1.674,-0.554,0.34,-1.793,-1.097,-0.051,1
102975,1.362,-1.571,-0.464,-0.105,1.027,-0.023,1.497,-0.625,0
101271,0.11,0.988,1.529,0.134,-0.639,-1.093,-1.661,1.683,1
101343,-0.307,0.59,-0.015,-0.357,-1.078,-0.812,-1.514,-0.134,1
101277,0.491,1.708,0.569,-0.359,-0.262,2.178,-0.603,1.033,1
101465,0.349,-1.044,1.644,-1.038,-0.726,-0.236,-0.12,1.533,1
102329,-1.651,0.407,-0.382,1.863,0.391,0.242,0.351,0.781,0
101573,0.388,2.817,1.057,-1.597,1.147,0.212,-0.414,0.307,1
101279,0.393,-0.88,0.447,-2.499,-0.08,2.246,-2.396,-0.325,1
101367,-0.217,1.352,0.679,1.159,1.286,0.465,-0.257,1.308,1
101022,-0.325,0.75,-0.429,0.804,-0.156,0.176,-0.233,1.227,1
101759,0.469,-0.17,-0.734,2.16,1.745,-1.171,-0.129,-0.422,1
103975,-0.472,0.851,0.325,-0.579,-1.297,-0.828,-0.85,1.514,1
101835,2.221,-0.178,-2.073,-1.255,-2.301,-1.375,-1.855,1.058,0
101085,-0.303,-0.398,-0.612,0.742,0.178,-1.792,0.069,0.453,0
101844,0.169,1.596,-0.369,0.434,-0.415,0.303,-0.22,0.766,1
102902,0.673,1.655,1.142,1.085,0.693,-0.876,-0.862,0.49,1
102974,0.261,1.484,-0.227,0.355,1.069,0.36,0.903,0.201,1
103651,0.685,0.048,1.145,0.663,-1.978,0.124,-0.626,-0.235,0
102537,-0.81,0.029,1.198,0.952,0.085,1.541,0.366,0.487,0
102015,0.133,-0.794,-0.415,-0.799,0.175,-0.856,-0.993,-1.022,1
103855,-0.987,0.649,-0.553,-0.068,0.577,1.156,-0.666,0.703,1
102140,-1.486,0.949,2.728,0.44,1.375,0.68,0.282,-1.444,1
103230,2.083,-0.634,0.818,-0.528,-1.307,0.667,0.234,0.622,0
102950,0.197,-1.764,1.128,-0.5,1.368,-0.815,-0.2,0.235,1
101352,1.389,-0.722,1.913,0.884,-1.2,1.006,0.348,-0.004,0
103404,-1.071,-0.298,-0.497,-0.011,-0.426,0.366,-0.005,-0.312,0
103922,1.023,1.322,0.268,0.143,-1.415,-0.552,0.011,-0.946,1
101007,-0.02,0.106,0.749,-0.028,0.543,0.359,-0.529,1.097,1
102521,-0.552,-0.188,0.316,-0.946,1.047,-1.086,0.43,-2.004,1
103828,0.484,-0.151,-0.898,-1.175,1.444,1.417,1.276,-1.629,0
102559,0.769,-1.136,0.175,1.357,-0.664,1.207,0.107,1.037,0
103119,-0.0,0.102,-0.993,0.189,-0.948,0.292,-0.716,1.569,0
103233,0.551,-0.159,-0.062,1.152,-0.654,1.161,-1.659,-0.403,1
103626,1.223,-1.057,0.837,-0.487,-1.274,-0.002,0.283,1.313,0
103716,-0.614,-0.731,-0.595,-0.565,0.279,-1.139,-1.608,-1.143,1
101235,-0.119,0.829,1.09,1.19,0.118,-0.686,-0.39,0.021,1
102650,0.44,-1.296,-0.359,0.34,0.388,-0.708,0.678,0.073,0
102144,0.576,-1.655,-0.338,0.122,-0.729,0.588,-1.76,-1.192,0
103610,-1.452,0.848,-1.394,0.171,2.186,-2.543,0.672,0.952,1
101949,-0.68,0.129,0.627,-0.068,-0.329,0.467,-0.372,-0.581,1
103303,-1.315,-0.262,1.29,-0.138,-0.201,0.592,-0.441,0.877,1
103055,0.735,-0.654,0.776,0.747,-0.122,0.166,-1.16,-0.451,0
101538,-0.352,-0.136,-0.463,-0.361,1.564,1.431,-0.951,-2.264,0
102068,-0.713,1.708,-0.855,0.101,-0.186,-0.141,-1.242,0.519,1
103700,0.174,0.189,0.388,0.223,-0.156,-0.042,0.156,-0.153,0
103556,-1.506,-0.927,1.068,-1.01,-1.931,-0.942,-0.405,-1.612,0
103496,-0.01,-0.795,-0.374,-0.182,-0.8,-2.467,0.219,0.879,1
102338,0.144,-0.04,2.033,2.193,0.038,-0.265,-0.961,0.424,1
102638,1.068,-0.65,0.611,0.822,0.21,-0.027,-0.775,0.409,1
103905,0.938,0.213,0.684,0.19,0.725,0.384,1.225,-0.395,1
103704,-0.57,0.729,-0.843,1.145,1.754,0.925,-0.13,1.6,1
103534,-1.767,1.178,-0.313,0.233,-2.049,-0.314,0.496,-0.649,0
101763,-1.466,0.126,1.053,-0.452,-0.755,-0.635,0.579,1.228,0
102108,0.743,0.605,0.114,-0.556,-0.011,0.306,-0.368,-2.085,0
102246,1.012,-0.895,-0.645,0.095,0.355,0.182,-1.275,-0.921,1
102722,-2.047,0.855,-0.423,0.373,1.708,-0.898,-0.338,0.824,1
101201,0.904,-0.251,-0.215,-1.994,0.921,-0.175,-1.932,-0.814,1
101871,-1.159,0.207,0.579,-0.848,-0.463,0.368,-0.602,-0.822,1
103403,0.2,0.084,0.187,0.376,-0.671,1.423,0.16,0.08,0
103106,-1.562,0.036,-1.718,0.347,-1.197,1.518,-1.498,-1.064,1
102553,2.228,-1.012,0.22,0.688,0.433,-0.119,0.951,0.044,0
102221,0.652,0.227,0.043,0.884,-1.234,-0.641,1.194,-0.152,0
101975,-0.252,1.506,-0.109,-0.247,-1.081,1.629,0.471,0.039,1
101888,0.81,0.262,-1.983,0.824,0.282,1.426,-2.352,0.789,1
101951,0.465,0.009,0.612,-1.444,0.731,-0.699,1.11,0.788,0
103544,0.831,0.064,0.753,-1.168,-0.985,0.486,-1.402,-1.562,0
102152,0.968,-0.028,0.054,-0.1,-1.259,0.288,-1.231,-0.075,0
103897,0.966,1.105,0.818,0.247,0.448,-0.484,-1.036,-0.498,1
102948,-1.525,-1.001,0.809,1.199,-0.351,1.018,-1.831,0.564,0
101632,-1.131,-0.734,0.067,-0.283,1.058,-0.201,0.202,1.08,1
103644,-1.882,-0.263,0.427,0.842,0.585,0.83,-0.162,-1.42,1
103735,-0.213,-0.77,1.967,1.153,-0.119,-1.481,0.389,0.301,0
103745,1.051,1.731,-0.471,-0.227,1.167,-0.503,0.463,0.173,1
101885,-1.615,0.828,-0.96,-0.78,-0.337,0.906,0.306,-0.334,0
102098,-0.013,-0.19,0.679,-0.462,-0.86,0.954,-0.269,-0.334,0
103048,0.876,-0.319,1.175,-1.122,1.266,0.15,-1.235,-1.114,1
101141,0.212,0.061,-2.075,0.144,-1.012,-0.387,0.472,0.604,0
102798,0.477,0.484,0.714,-0.868,0.628,2.12,1.195,0.945,0
101815,-0.592,0.372,1.711,-0.4,0.238,0.65,0.821,0.954,1
102090,0.447,0.361,-0.177,0.146,2.291,-1.415,0.187,0.91,1
101081,-1.568,-0.075,-1.005,1.329,-1.881,1.228,-0.993,-1.224,0
101155,-0.271,-0.16,0.174,-0.922,0.597,-0.074,0.211,0.511,1
102040,0.681,0.038,-0.492,2.36,-0.691,0.561,-0.617,-0.661,0
103242,0.971,2.061,-0.825,-0.281,1.243,0.847,0.171,0.68,1
103002,-0.481,-2.441,0.009,-0.24,-1.535,0.133,-1.05,0.592,0
103449,-0.601,0.556,0.92,-1.138,0.152,-0.75,-0.549,-2.351,1
103149,-0.471,0.221,-0.274,0.62,1.068,-0.907,0.675,-0.164,1
103797,-0.252,0.169,-0.164,0.459,1.261,-1.012,0.329,-1.221,1
101183,0.348,-0.947,-0.037,1.314,-0.242,-0.2,-0.536,0.337,0
101610,-1.062,0.574,0.117,0.525,0.059,1.647,0.712,0.293,0
101617,-0.765,-0.347,-0.58,0.348,-0.792,0.885,0.791,0.095,1
101880,0.336,0.848,0.101,-0.43,1.883,-0.342,-0.926,0.199,1
103218,0.96,-2.253,-0.053,0.776,-2.521,-0.788,0.122,-1.128,0
102228,0.891,-0.657,0.058,1.111,-0.206,-0.019,-0.263,0.285,0
102985,0.223,-0.027,-0.346,-0.124,0.05,-0.43,2.02,0.355,1
101318,1.136,0.072,1.232,0.352,0.236,-0.549,0.36,0.826,0
103168,-0.532,0.485,0.164,-0.269,0.644,0.24,0.771,-0.119,1
101160,-1.154,1.488,-1.261,-0.187,0.583,0.274,-1.1,-0.611,1
102635,0.942,1.116,-0.159,0.622,0.39,0.896,1.084,1.152,1
101361,-0.799,-0.532,-1.408,1.19,-0.646,0.125,0.532,-0.281,0
102075,0.277,1.591,1.533,-0.75,1.612,-0.408,1.035,0.439,1
102888,0.184,-1.258,0.907,1.117,-0.913,1.096,-1.435,0.187,1
101094,-0.477,1.61,-1.382,-0.807,-1.192,-0.028,-0.898,0.961,0
103775,-1.508,-1.075,0.162,0.467,1.497,1.694,0.705,0.063,0
103920,1.596,-0.045,-0.737,1.254,1.58,-1.191,1.902,-0.517,1
102279,0.118,1.204,0.27,0.426,-0.471,-0.644,0.37,-0.13,1
101333,0.285,0.335,-0.199,1.243,-1.96,0.637,-0.427,-1.02,0
103580,0.8,1.207,-0.058,0.534,0.468,-0.37,-0.776,0.539,1
101458,-0.92,0.428,-0.013,0.109,-0.404,0.782,0.064,2.482,1
103162,0.804,-0.147,0.07,-0.201,1.281,-0.904,0.38,-0.101,1
103708,-0.788,0.116,0.977,-0.744,-1.304,1.263,1.411,0.791,0
103094,0.455,1.114,-0.295,0.222,0.859,0.211,-1.493,0.708,0
102320,-1.495,-0.81,0.215,-0.044,-0.432,0.405,-1.014,-2.377,0
101508,2.099,-0.989,1.068,-0.159,0.202,-0.305,1.134,0.901,0
103180,0.683,0.253,-0.224,-0.23,-1.041,-1.107,-0.118,-0.957,1
101447,0.092,-0.59,0.092,-0.555,0.595,0.294,-0.295,0.827,0
101446,1.272,0.452,-0.808,1.023,-0.171,-1.941,-0.009,1.429,0
101974,-0.529,0.183,1.096,-1.23,0.392,-0.639,-0.152,-0.192,1
101778,-0.588,-0.593,-1.937,0.299,1.359,1.327,1.22,0.423,0
102044,-0.264,-0.49,0.102,0.236,1.763,0.473,-0.845,0.316,0
103543,0.218,-1.344,0.252,-1.609,0.771,0.124,0.091,-0.575,0
103930,1.118,0.151,1.483,-0.261,0.419,0.179,-0.123,1.136,1
101346,0.14,-0.164,1.284,1.062,0.239,-0.212,-0.028,1.295,0
101126,1.995,-0.724,0.525,-0.711,0.273,-2.818,-0.622,-1.798,0
103090,0.804,0.058,0.41,-0.822,1.679,-1.085,0.105,-1.099,1
101339,-2.349,-1.199,-0.781,0.626,-0.566,0.338,2.678,-0.092,0
103020,-0.418,0.555,-0.577,-0.362,0.41,0.314,1.321,0.2,0
102088,-2.643,-1.202,-0.456,1.218,-1.304,-1.851,-0.03,1.698,0
102464,-1.2,-0.402,-0.013,-0.396,0.256,0.236,0.133,-0.099,0
102018,-0.845,-2.197,1.015,3.39,1.076,-1.853,-0.023,-0.294,0
102469,0.011,-0.02,0.52,-0.474,-0.915,-0.477,-0.444,-0.436,1
101973,0.667,1.065,-0.31,-0.137,-0.415,-3.413,0.029,0.052,1
102038,1.016,1.171,2.131,3.6,-2.223,0.803,0.063,1.908,0
103229,1.427,0.737,1.469,1.142,0.062,1.121,0.427,0.403,0
103465,0.333,-1.542,-0.211,0.742,1.333,-1.073,-1.592,-0.164,0
101550,-0.459,-0.815,0.489,1.735,0.705,0.97,0.813,1.614,0
102051,-1.238,2.649,-1.877,-1.118,0.408,1.066,-2.123,-0.981,1
101374,-0.044,-0.797,-0.423,0.747,0.69,-1.342,-0.076,-1.774,1
102850,1.648,0.481,-0.709,1.099,-1.997,0.826,1.255,-0.498,0
101483,0.414,-0.908,0.047,-0.569,0.874,1.172,0.602,0.984,0
101887,-0.021,2.386,0.205,-0.078,0.003,0.248,0.276,0.839,1
101400,-2.703,-1.181,-0.407,0.144,1.717,2.402,1.325,0.138,0
101262,-0.733,0.235,0.299,0.729,1.149,0.988,0.405,0.343,1
103601,-1.176,0.359,1.177,-0.26,0.597,0.402,-0.643,0.783,1
102782,-0.903,-1.091,2.036,0.447,1.075,1.185,0.873,0.675,0
101991,-0.337,1.214,-0.021,-1.653,-0.648,-0.574,0.255,-0.136,1
102772,-0.424,-0.941,-0.385,0.215,1.169,0.898,-0.487,0.672,1
101820,-0.287,0.082,0.501,1.211,-0.456,-0.366,-1.014,0.411,1
101471,-1.113,0.08,1.141,-0.739,-0.472,-0.344,2.128,1.181,1
103384,1.368,-0.735,0.55,-0.185,-0.969,0.43,-0.781,0.924,0
101943,-0.999,0.408,0.6,0.374,-1.007,0.092,0.847,-0.711,0
101450,-0.009,-1.015,-0.888,0.263,-0.285,-0.242,-0.118,1.392,0
102642,0.366,-0.494,0.48,0.549,0.379,-1.369,-0.042,0.173,0
103444,-0.229,0.994,0.289,-0.204,0.717,0.383,-0.045,-0.019,1
103631,-0.282,-0.729,1.789,1.054,0.308,-0.126,1.061,-0.139,0
102876,0.504,-0.067,-0.661,-0.658,-0.397,-0.714,0.723,2.97,1
103043,0.069,-0.307,-1.208,-0.37,-1.461,-0.226,-0.099,0.394,0
102311,-0.752,1.077,-0.283,1.864,-1.176,-0.069,-1.436,1.265,1
102530,-0.128,1.518,1.009,-0.318,0.397,0.431,1.511,-0.527,0
102438,1.044,-0.815,0.128,0.453,-0.659,0.277,-0.051,-0.779,0
101393,0.013,-0.395,0.304,-0.543,0.563,-0.278,0.145,0.948,1
103861,0.723,-0.234,-0.14,0.208,0.363,1.212,0.991,0.79,0
103880,-0.191,-0.117,-0.559,0.85,0.21,-1.519,1.072,-1.599,0
102766,1.787,-0.295,-1.331,-0.439,-1.27,0.572,1.263,-1.28,0
101675,-0.603,-0.251,-1.813,1.476,-0.253,1.697,1.202,-0.568,0
101823,0.47,0.504,-1.185,0.606,-1.571,-0.612,0.194,2.067,0
103976,0.719,-1.245,-0.297,1.0,-0.82,0.399,-1.795,1.409,0
102512,-0.694,-1.894,-1.481,-0.594,-1.636,-0.186,-0.08,-1.628,0
103026,0.229,1.271,0.191,-1.316,-0.485,0.241,0.122,0.41,0
102507,-0.19,0.011,-2.082,1.742,-0.493,-0.494,0.771,0.833,0
102702,2.353,1.156,-0.048,1.412,0.036,0.485,-0.586,-0.064,1
101301,0.103,0.585,-2.152,1.455,-0.899,-1.038,-0.476,-1.052,0
102150,-1.926,1.364,0.663,-0.789,-0.17,2.081,0.786,1.466,1
103466,-0.364,-0.851,-0.085,-0.053,-0.985,1.159,-0.059,-1.374,0
102629,-0.212,0.774,0.677,0.883,0.5,1.245,-1.166,0.334,1
103949,0.849,-0.877,-0.085,0.529,1.421,0.913,0.489,0.464,0
101479,0.566,-0.2,-0.255,-1.107,-0.346,0.561,0.425,0.777,0
102609,-0.878,0.189,0.444,0.391,-1.893,0.253,-1.544,0.468,0
101560,-0.705,0.669,-0.457,-0.515,-0.132,0.662,0.609,-0.059,0
103244,-0.034,-0.4,-0.64,-1.562,-0.209,-0.326,-0.054,-1.042,0
102760,-0.208,-0.003,0.457,-0.191,-0.252,-0.175,-0.254,-1.442,0
103847,-0.102,0.059,1.921,-0.244,1.517,0.388,-1.944,0.633,0
101772,0.373,-0.681,-1.014,-1.448,0.357,-1.48,-0.595,-0.816,0
103362,0.886,-1.0,0.763,0.279,-1.349,-1.267,-0.513,-0.693,1
103156,0.516,-0.044,1.359,-0.685,-1.195,-0.054,-1.453,-0.457,1
102342,-0.426,0.005,0.527,-0.945,0.828,-1.576,-0.69,1.214,0
103620,-0.059,0.029,1.355,-0.205,-1.375,0.358,0.645,-1.281,0
103288,0.077,0.615,-0.569,-1.479,1.283,1.311,-0.33,0.591,0
101841,-0.82,0.281,-0.7,0.931,1.838,-0.049,0.425,-0.557,1
102784,-0.142,0.546,1.404,-0.908,0.804,0.016,-0.255,0.201,1
103684,0.807,-0.504,-0.361,1.642,-0.274,-1.843,-0.743,2.414,1
102296,1.212,-0.878,-0.225,0.261,0.561,-1.213,-1.361,-1.602,1
102209,0.294,-0.591,-0.986,0.871,0.572,0.365,0.13,-0.02,0
103015,0.091,0.283,-0.575,-0.28,-0.566,0.656,0.118,-1.712,0
103730,-0.298,-0.813,-1.115,-0.429,-2.045,-0.027,0.399,-0.853,0
103492,-1.138,-1.218,-0.172,0.259,0.296,-0.369,-0.447,-0.858,1
103414,2.4,0.589,0.276,0.656,-0.644,-2.596,-0.31,-0.215,0
101717,-1.266,0.355,-0.116,1.402,-1.316,-1.265,1.115,-0.852,1
101040,-0.66,0.131,-0.275,0.235,1.058,-0.111,-1.691,0.407,1
103876,0.109,0.378,-0.247,1.239,-0.603,-0.174,1.601,0.286,0
103159,0.155,-0.992,0.591,0.55,1.079,-0.389,0.209,-1.294,1
101011,-0.718,-1.012,-0.6,-0.047,0.667,-1.01,-1.276,1.049,1
101662,0.131,1.36,-1.859,-1.761,-1.504,-0.727,-0.115,0.322,1
103989,-0.413,-0.599,0.087,1.288,-0.462,0.348,2.215,0.292,0
102014,1.14,-1.22,-0.027,-0.986,-0.349,0.317,-0.362,-0.696,0
102958,1.034,0.533,1.491,0.373,0.737,0.161,0.237,0.585,1
101583,-1.322,-0.301,1.259,1.637,-0.815,-1.788,-0.185,-0.271,1
103453,0.217,0.68,-0.108,0.037,-0.535,0.076,-0.585,-0.981,0
102959,-0.857,0.769,-0.722,-0.119,-1.452,-0.488,0.194,1.257,1
103240,-0.392,-0.723,2.109,1.339,-0.161,-1.423,0.537,-0.7,1
103198,-0.658,1.095,-0.09,-2.366,1.79,1.033,0.43,-0.465,1
103426,-0.523,-0.085,-0.022,0.362,-0.541,-0.224,-1.333,0.483,1
101358,-0.811,-0.164,-0.176,-0.531,-1.009,0.271,0.618,1.837,0
103659,-0.382,-1.585,0.387,-0.491,-0.417,-2.556,0.787,-0.811,0
102869,-1.651,-1.492,-0.592,0.263,0.829,0.049,-1.433,-0.021,0
101852,-1.253,-0.208,-1.454,-1.31,1.082,1.025,0.924,1.608,1
101104,-1.359,0.861,-0.297,0.152,0.028,-0.303,-0.644,1.308,1
101234,0.269,-1.323,-0.469,0.672,0.065,0.839,-0.709,-0.441,0
101694,-0.131,1.549,0.367,-0.78,0.346,-1.046,1.13,-0.213,1
101193,-1.92,1.81,0.631,-0.603,-0.011,-0.488,1.527,1.106,1
102560,-1.141,-1.068,1.123,-0.549,-0.8,-0.022,-3.437,0.617,1
101616,-0.101,0.968,0.05,0.8,-0.177,-0.803,0.115,-1.774,1
102878,-1.434,1.075,-0.332,0.979,-2.585,0.068,1.87,1.15,1
102048,-0.788,0.295,-0.229,0.78,-0.348,0.54,-2.348,1.968,1
102055,-0.124,-0.5,-0.77,1.712,0.696,-1.646,-0.961,-0.822,0
102915,-1.634,0.272,0.834,-0.92,0.106,1.623,0.406,-0.061,1
102156,-0.609,-0.136,0.907,0.659,-0.88,1.02,2.859,-0.809,0
101513,0.211,-0.622,-0.26,0.466,0.367,0.928,1.344,-0.448,0
102594,0.9,0.909,0.952,-0.371,-1.44,-2.455,0.524,-0.735,1
101633,-1.571,0.603,1.113,-0.247,1.051,-1.137,-0.916,-1.384,1
101384,-0.591,-0.906,-0.081,-1.211,0.651,-0.51,-1.199,0.241,1
102542,-0.86,-0.107,-1.082,0.046,-0.84,1.131,-0.922,0.537,1
103603,-0.696,-0.24,-1.013,0.157,0.355,0.205,0.73,-0.351,1
101849,-0.277,-0.138,0.597,0.071,-2.528,-0.832,-0.043,0.98,0
103294,0.316,-0.066,1.18,-0.589,-1.153,0.619,0.494,-0.47,0
101713,-0.246,-2.434,-0.383,-1.477,-0.955,1.512,0.504,-0.714,0
102541,-1.058,1.028,0.396,-0.124,-0.291,-0.486,0.844,1.108,1
103717,-1.042,-0.456,0.794,-3.407,0.654,0.223,1.268,0.462,1
103310,-0.041,-2.114,-0.128,-0.032,-0.528,-0.134,-0.586,1.378,0
102582,-0.792,0.939,-0.344,-0.406,-0.022,-0.4,-1.456,-0.803,1
101089,-0.696,0.701,-0.123,1.186,0.857,-1.216,-2.108,0.037,1
103034,-0.46,-0.03,-0.721,-0.73,-0.346,1.05,-0.717,-0.493,0
102836,-0.331,0.084,0.243,1.224,0.246,-0.679,-0.606,0.068,1
101307,-0.466,-0.549,-0.413,-0.337,0.219,-0.418,0.282,-0.273,0
102310,-0.812,0.601,-0.078,-0.14,0.641,0.504,1.356,1.067,1
103008,-0.002,-1.761,0.036,0.375,0.968,1.53,-0.491,-1.995,0
102934,-0.141,-0.641,-0.447,1.44,-2.577,-0.311,0.277,1.515,1
102170,-0.353,-0.329,0.622,-0.988,0.945,-0.725,-0.008,-1.167,1
102362,1.864,-0.361,0.919,-0.462,0.468,-3.462,-0.601,1.647,1
101742,-0.93,-0.52,0.137,-0.825,-1.229,0.331,0.453,0.505,0
102589,-0.186,-1.908,-0.848,1.032,0.25,0.465,0.559,-0.236,0
101921,-0.15,0.844,-0.617,-1.018,1.135,0.625,-0.896,-1.185,1
101210,0.392,1.315,0.269,0.167,-0.204,1.555,1.241,-1.57,1
103915,0.057,0.702,2.213,-1.048,0.966,1.152,0.627,0.405,1
101383,-1.16,-0.529,-0.522,-1.73,0.226,1.284,-2.149,-0.368,1
101690,0.392,0.381,0.119,0.549,-0.772,0.356,-0.903,0.111,0
101708,-0.742,-0.256,-1.194,0.088,-1.639,-0.29,0.832,-0.468,0
101402,1.452,0.525,0.924,0.247,-1.036,1.305,-0.416,0.488,0
101701,0.485,1.141,1.081,-1.015,-0.567,0.264,0.643,-0.046,1
103376,0.279,-0.485,0.996,-0.442,0.83,0.847,-1.357,-0.034,0
101998,-0.267,-0.79,1.408,2.18,-0.395,-0.968,0.205,0.101,1
103084,1.549,0.488,2.583,-0.524,0.612,-2.168,0.086,0.509,1
101543,-1.575,-0.159,-0.345,-2.237,1.451,-0.092,-0.227,-0.002,1
102207,-0.019,-0.369,-1.18,0.458,0.751,0.2,-0.36,-0.196,1
101403,0.569,0.455,-1.146,0.487,-1.292,0.321,-0.406,1.501,1
103666,-2.318,0.301,0.013,0.002,-1.817,-0.626,-0.655,-0.561,1
102082,-1.977,-1.374,-0.356,0.184,0.874,1.934,-0.016,0.061,0
103224,-1.181,-0.494,1.487,-0.04,2.027,-1.179,-0.725,-3.325,1
102944,-1.352,0.396,1.018,-1.519,0.2,-0.992,-0.647,-0.363,1
101441,0.493,1.154,0.68,-1.792,-1.682,-0.074,-0.256,-1.376,0
102523,-0.077,-0.295,-0.757,1.108,-0.093,-0.496,1.074,-0.485,0
103990,0.059,-0.588,1.024,-1.182,-0.61,-0.865,-0.387,-0.068,0
103195,-0.423,0.97,0.699,0.723,0.717,-0.159,1.872,1.457,1
103307,-0.655,-0.454,0.027,0.963,1.202,0.914,0.019,1.27,1
102933,1.106,2.194,0.198,-1.171,-0.893,0.198,-0.736,0.811,1
102532,0.289,-2.199,-0.784,-0.66,-1.523,0.826,-0.051,-2.003,0
101558,-1.179,0.416,1.379,-1.775,0.987,1.176,0.358,-1.374,0
101860,-0.665,-0.446,0.06,0.458,0.381,0.303,-1.437,2.17,1
102133,-0.265,0.456,-2.387,1.759,-0.305,-0.035,-0.752,-0.772,0
102501,-0.342,0.066,0.605,0.243,-2.412,0.158,-0.618,0.48,1
103823,-0.834,0.917,0.853,-0.481,1.771,-0.584,-0.301,-0.54,1
102946,1.137,1.075,2.886,1.598,-0.975,-0.433,-1.279,-1.629,1
101086,-0.616,-0.49,-0.605,0.614,-0.417,-0.045,0.069,1.526,0
101545,0.414,0.522,-1.111,0.473,-0.093,1.387,1.647,0.271,0
103784,-0.348,-0.675,-1.027,0.517,0.166,1.1,-0.37,0.548,0
101462,-1.693,1.556,-0.576,1.143,1.394,0.985,-2.804,-1.082,1
103511,-0.523,-0.842,0.87,0.233,1.847,-1.109,0.088,0.161,0
101814,-1.08,0.516,-0.588,-0.736,-0.016,0.503,-0.968,1.186,1
101853,-2.023,0.138,-0.649,1.011,-1.0,0.418,0.844,0.974,0
103049,0.898,0.31,-1.259,-1.404,-0.719,-1.167,0.01,2.215,0
103157,0.884,-0.656,0.566,-0.081,0.558,-1.179,0.302,-1.706,0
102664,-0.018,0.661,-0.34,1.067,-0.656,0.049,-1.244,0.638,0
102005,1.217,0.089,1.174,-1.01,1.371,-0.296,0.649,1.062,1
101233,-1.03,-0.198,-0.697,1.269,0.986,2.241,-0.669,-0.942,0
101394,1.647,-0.471,-2.115,-1.668,1.138,1.669,0.773,1.419,0
102602,1.048,-1.513,0.634,0.36,1.527,-0.113,-1.241,0.282,0
101188,-2.309,-0.615,2.679,1.983,0.26,-0.835,-1.152,-0.732,0
103069,-0.516,0.181,0.499,0.532,0.466,0.741,-0.381,1.363,1
101613,0.596,0.497,-0.443,0.819,-1.944,-0.103,0.876,1.353,0
101436,-1.168,0.778,0.269,-0.274,0.282,-1.235,-0.688,-0.679,1
101163,-0.159,0.831,-0.396,-1.148,-0.883,-1.191,-1.667,-0.451,0
102843,-0.563,-1.618,-1.171,0.983,-0.512,0.39,0.979,0.899,0
102218,0.076,0.594,-0.081,-2.054,-0.303,-0.706,-0.994,0.577,1
102199,0.36,0.326,1.024,0.86,-1.199,-0.276,-1.589,0.534,1
101819,0.291,-0.951,0.504,-0.559,0.154,0.821,-1.335,-2.065,1
102546,0.159,-0.684,0.786,1.926,-0.624,-1.294,-0.837,-0.613,1
101514,-0.939,-0.427,0.181,-0.568,0.362,-1.189,0.004,0.374,1
101775,-0.812,2.093,-0.389,-2.107,-0.156,0.394,1.164,0.4,1
102468,-0.456,0.108,-0.492,0.341,-0.68,0.628,1.453,0.861,1
103044,0.992,-0.873,-0.077,0.22,1.28,-0.759,0.79,0.897,0
102962,-0.634,-0.489,0.082,-0.454,2.682,1.611,-0.246,0.498,1
101486,2.419,-0.082,-0.073,-0.325,0.81,0.828,1.085,-1.144,0
103624,-0.319,0.18,-1.755,0.16,-0.094,0.463,-1.271,-0.596,0
101792,-1.278,-0.372,-0.892,0.658,-0.237,0.562,-1.93,-0.03,1
103507,-0.807,0.479,1.346,-0.721,0.015,1.74,0.194,-0.741,1
101582,-2.024,-0.631,-0.302,1.826,-0.669,-0.766,-0.117,0.788,0
101577,0.012,-1.834,-0.848,1.414,0.148,-0.715,0.67,0.259,0
102411,0.181,-0.975,-1.628,-0.785,-0.857,-0.337,0.801,-1.574,0
101747,-0.894,-0.116,0.935,2.076,-1.804,0.648,-1.452,-0.593,1
102849,-0.213,-0.668,0.262,0.25,0.464,0.79,-1.618,0.691,1
103205,-0.898,-0.187,-0.134,-0.681,1.489,-0.835,-1.076,-0.814,0
102786,-0.183,0.152,1.687,0.234,0.386,1.333,-0.722,0.571,1
101565,0.082,1.466,0.787,-0.538,-0.337,1.15,-0.03,-0.683,1
103300,0.122,-0.81,0.494,1.984,0.855,0.198,0.808,0.083,1
102837,-0.757,1.361,-0.599,-0.876,-0.18,0.468,0.771,-1.31,1
103762,-0.494,-0.153,-0.263,0.002,-1.65,-0.366,1.726,0.592,0
101579,0.303,1.28,0.844,-2.089,-0.094,-1.065,-0.806,0.955,1
103902,0.505,0.067,1.758,1.839,-0.719,0.835,-1.925,-1.275,1
102289,-1.269,0.337,-0.384,1.678,0.544,-0.663,-0.036,-0.536,1
102592,0.196,-0.837,-0.939,0.025,0.013,-0.372,-0.081,1.023,0
101802,0.049,0.561,0.438,1.429,-1.049,0.361,-0.164,0.083,0
101258,0.695,-0.574,-0.534,0.267,1.296,1.527,-0.634,0.885,0
101457,-1.152,-2.623,-0.892,0.524,0.182,-1.71,-1.626,-0.668,1
101724,-0.174,0.358,0.678,-1.473,-0.696,-0.348,-0.977,-1.974,1
101115,1.577,1.963,0.663,-0.488,0.724,-0.309,1.658,-0.409,1
103150,0.932,1.286,-2.404,0.941,0.392,0.153,-0.312,1.021,0
102103,-0.434,-0.7,0.804,-0.744,1.257,-0.01,1.349,0.331,1
103771,0.631,1.004,0.22,-1.709,-0.772,0.336,0.198,-0.151,1
102841,-1.222,-1.554,0.483,-0.364,-0.268,-0.11,-0.177,0.867,1
102297,-0.33,0.412,-0.362,-0.08,0.757,-1.718,-0.669,-1.611,1
103344,1.288,-0.093,2.103,-1.463,1.349,-0.656,-0.274,0.176,0
101546,-1.214,-0.101,-0.964,-0.894,1.213,0.502,-0.381,-1.151,1
102754,0.95,-1.22,-0.331,0.718,0.267,-2.383,-0.091,-0.99,0
103225,0.481,-1.042,-1.458,-0.429,0.212,-1.265,1.046,0.039,0
101417,0.329,-0.142,0.296,0.618,-0.3,1.855,-0.685,-0.015,0
101046,-0.596,-1.298,-1.892,-0.458,-0.313,-1.309,1.044,1.865,0
101309,-1.18,-0.166,1.034,0.623,-0.171,-0.449,-0.322,-0.263,1
101877,0.284,-0.421,-2.386,-0.486,-0.702,-0.356,-0.192,-0.738,0
101720,-0.53,-0.934,-0.873,-0.001,-0.82,0.19,-0.177,1.497,0
103331,-0.533,-0.503,-0.411,0.041,-0.596,1.874,2.201,0.475,0
102524,0.063,-1.684,-0.795,1.186,0.398,-0.067,-0.997,0.074,1
103446,0.754,0.454,-1.615,-0.422,-0.475,-0.028,1.009,-1.849,0
102727,1.082,-1.069,-1.935,0.598,-0.969,-0.887,0.239,-3.032,0
101946,-0.22,-0.337,-0.585,-0.424,-1.455,0.151,-1.755,-0.123,1
102807,1.199,0.492,-1.295,-0.931,-0.453,1.568,-0.916,-0.011,1
103907,-0.396,1.601,-1.282,0.774,0.154,0.76,0.157,-0.43,0
103900,-1.283,-0.776,-1.027,0.196,-0.355,-0.375,-0.535,0.014,0
101149,0.298,0.203,-0.921,0.426,-0.064,0.336,1.048,0.795,0
102212,0.055,0.24,0.238,-1.111,-0.438,0.513,-0.976,0.123,1
101407,-1.354,-1.137,0.129,-1.707,1.542,0.746,-0.008,-0.654,0
102339,-0.43,0.797,1.173,-0.684,0.687,0.363,-2.978,-0.928,1
103422,2.241,-1.251,0.151,-0.253,-0.16,0.757,0.259,0.56,0
103606,-0.381,-0.653,-0.915,-1.201,1.107,-0.118,-0.6,0.561,0
101805,-1.067,0.669,-1.181,-1.252,-0.543,-0.897,0.535,0.1,1
102453,-2.527,0.303,-0.536,0.173,0.139,0.432,0.798,-0.505,1
101845,-0.601,-0.365,1.588,0.177,1.75,-0.179,-1.073,-0.055,1
101624,0.668,-2.361,-0.87,1.184,1.258,-0.766,-2.07,-1.303,0
103867,0.805,1.606,-0.33,0.033,0.055,-0.249,1.238,0.801,1
102879,1.238,1.246,-0.16,1.755,-0.254,0.898,-0.94,-1.75,1
103599,2.232,-0.851,-2.247,-0.337,1.21,0.331,0.963,0.8,0
101192,0.982,0.775,0.542,-0.428,-0.381,0.296,-1.796,0.255,1
101330,-1.078,-1.818,-1.351,-1.282,-0.231,0.844,-0.533,-0.715,0
101121,-2.271,-0.306,0.081,-0.76,0.41,0.591,-0.422,-0.322,1
103863,-0.216,-0.172,1.185,0.016,-1.683,0.654,-1.669,-1.293,0
102383,-0.18,0.936,-0.734,-0.31,1.551,-1.134,-1.766,-0.676,1
101311,-1.08,0.117,-0.82,-0.876,-1.393,0.307,0.218,0.283,0
102081,0.912,0.062,-1.169,0.18,1.0,0.076,0.755,-0.436,0
103183,-0.76,-0.612,0.286,1.739,0.301,0.294,-0.773,-0.623,1
102042,1.579,-0.855,-1.087,0.286,1.974,-0.285,-0.658,1.475,0
101740,0.513,1.316,0.389,-0.239,0.216,-1.258,-0.156,0.77,0
101882,-0.074,2.215,0.015,-0.807,0.005,1.298,-0.511,-1.721,1
103389,-1.233,1.66,-1.948,-0.284,0.471,-1.037,0.032,1.385,1
103646,-0.301,-0.03,0.459,-0.646,0.771,0.673,1.947,-1.76,0
102403,-0.467,-0.066,-1.395,-1.982,-0.843,0.953,0.03,0.364,1
102857,1.214,-1.942,1.032,1.732,0.567,0.669,0.022,0.341,0
102941,-1.965,-0.044,1.043,0.613,0.274,-0.687,0.952,0.974,1
103497,1.364,-0.695,0.258,-0.273,0.728,-0.189,-0.405,-2.578,0
101017,-0.16,-0.973,-0.585,0.05,-0.822,0.047,-0.134,-0.237,0
101353,-1.613,0.413,-0.785,1.757,-1.067,-1.517,0.42,-1.192,1
101257,-0.366,0.898,0.584,1.401,-1.607,-1.036,-1.248,0.99,1
102262,1.031,1.878,-0.203,0.076,0.831,0.82,-0.79,0.619,1
101862,2.189,0.679,-0.583,-0.409,-0.486,-0.184,1.297,0.49,0
103467,-0.646,-1.64,0.604,0.185,-0.517,0.701,-0.632,-0.34,0
103733,1.401,-1.342,0.969,0.726,1.713,-1.463,0.1,-0.526,0
102528,0.82,-0.212,0.37,-0.664,-0.121,0.312,0.007,1.499,0
101059,0.136,0.533,-0.14,0.562,2.376,-1.001,0.103,-0.486,1
102611,-0.258,-0.259,1.004,-0.5,0.304,0.813,-0.633,1.694,1
102993,-1.412,-1.233,0.295,0.865,-0.237,-1.079,-1.771,-2.646,1
103622,0.004,-0.083,1.132,0.87,-0.797,-0.882,-0.973,1.641,0
102094,-0.781,0.04,-0.094,0.231,1.159,0.054,-1.758,0.66,0
101518,1.588,0.524,0.805,-0.41,-0.994,0.498,0.395,1.072,1
101421,0.839,-0.386,-1.6,1.073,-1.156,-1.323,-0.476,1.046,0
102569,-1.691,0.705,1.065,0.93,-0.091,0.889,0.405,-0.941,1
101859,0.865,0.568,-0.332,0.195,0.323,-0.686,0.452,-1.812,1
101012,0.528,0.771,-0.294,-1.406,1.294,1.214,-0.619,0.39,1
102828,-0.004,-0.586,-0.117,1.527,-0.126,1.245,0.634,1.326,0
101371,-0.363,-0.298,-0.6,-0.498,-0.984,0.832,1.138,-0.863,1
101388,-0.9,-1.613,-0.0,0.107,-0.489,-0.907,-2.025,-1.082,1
103469,-0.438,-0.192,0.745,1.375,-0.728,1.713,0.942,1.475,0
101419,-0.046,-0.491,2.072,-0.129,1.746,-0.78,0.21,1.524,1
102493,0.995,1.521,0.414,-0.516,0.447,1.245,-0.642,-1.818,1
102711,0.976,-1.069,0.048,0.738,-0.85,-0.304,-1.305,1.912,0
102799,-0.05,-0.265,0.288,-0.749,-0.964,0.505,-1.817,0.149,0
103964,0.552,0.584,-0.741,-1.113,1.395,-2.447,-0.208,-0.39,1
102566,-1.902,-0.352,-0.402,-1.421,0.784,-0.296,0.688,-0.597,1
103122,1.296,0.023,2.085,-0.485,-1.778,-0.84,-0.151,0.987,1
103045,-0.185,1.564,-0.969,0.521,-0.308,0.107,0.458,2.064,0
101937,-1.484,-1.55,1.091,1.089,0.679,-0.138,0.965,-0.073,0
101493,0.871,0.25,1.755,0.08,-0.157,0.908,-0.045,-0.664,1
103761,-0.121,-0.004,-0.093,-1.307,0.203,1.423,-1.045,-0.387,0
103838,0.749,0.691,0.163,-2.324,0.53,-0.278,0.494,-1.448,1
101637,1.074,0.259,1.032,0.525,-0.904,2.764,0.643,0.219,1
101427,1.457,0.991,-0.202,-0.754,-0.67,1.136,-0.604,0.098,0
103289,-0.596,0.433,-0.704,2.078,-1.103,0.275,0.509,-1.305,0
102307,-0.265,0.027,-1.137,1.07,2.58,-0.756,0.912,0.159,1
103819,0.977,0.262,0.149,-0.858,-0.378,1.673,-0.843,-2.015,0
101304,0.044,0.833,0.03,0.453,-1.049,-0.1,-0.458,-0.138,0
103427,-0.438,0.368,0.179,-1.851,1.02,-0.311,0.044,-1.147,1
101908,0.081,1.095,0.091,-2.604,-0.668,-0.388,0.54,0.813,1
101408,0.841,-0.386,1.878,-0.186,0.403,-0.879,1.031,0.447,1
101715,0.407,0.761,1.251,-1.946,0.208,0.683,1.269,0.459,1
101980,0.748,-0.555,1.236,0.927,2.353,-0.015,0.038,-0.457,1
102441,1.174,-0.278,0.614,2.261,0.224,0.081,0.543,-0.265,0
101919,0.301,1.259,0.239,-0.462,0.752,-0.275,-1.543,0.308,1
102306,-0.549,0.436,-1.65,-0.541,-0.554,0.52,-0.882,-0.212,0
101087,-1.517,2.311,-1.219,-0.234,-0.823,0.117,0.537,2.316,1
103532,0.234,0.357,-0.089,0.319,-0.859,-1.95,0.913,-0.005,1
102648,0.746,-0.398,0.011,0.777,-0.727,-0.318,0.114,1.87,0
101512,-0.672,-1.356,2.063,-0.395,-0.233,-0.35,-0.831,0.99,1
101109,1.404,-0.005,0.575,-0.68,0.638,-0.391,0.624,0.227,1
101679,0.091,0.034,0.018,1.049,1.024,1.802,0.518,0.477,0
103016,-0.289,0.296,0.01,-1.069,-1.111,-0.673,-0.499,0.192,1
102724,-0.528,0.842,1.293,-0.941,-0.053,1.59,-0.177,0.275,1
103378,0.281,0.889,-0.438,1.325,-0.574,0.962,-0.466,-0.851,1
102893,0.239,1.053,2.973,0.137,0.199,0.092,-0.73,-2.789,1
102826,1.2,0.125,-1.165,-0.037,0.165,0.192,0.641,-1.337,0
101397,0.813,0.894,0.804,0.272,-0.212,-1.936,-0.172,-0.637,1
102273,-1.686,-0.799,0.858,1.397,0.013,0.672,1.054,0.953,1
103966,0.513,0.131,-1.885,0.227,-1.155,0.495,0.466,0.24,0
103752,-1.275,-1.23,-0.231,0.682,-0.112,0.136,-1.164,-0.133,1
103171,-0.686,0.197,0.09,-0.526,2.028,-0.126,0.014,-0.504,1
101661,1.115,1.13,1.2,0.872,-0.365,-1.059,0.582,-0.289,1
102184,0.599,-0.161,-0.482,-1.577,-0.258,1.216,0.501,-1.749,0
103193,-0.685,0.486,0.122,-0.512,0.87,1.401,-0.291,0.241,1
101796,-0.598,-1.631,0.074,-0.602,2.163,-0.547,-0.629,-0.946,1
103139,0.522,-1.066,-0.163,-2.51,-0.274,0.02,-1.884,1.035,0
103877,-0.556,1.335,-0.027,-1.438,-0.441,1.198,0.511,-0.081,1
102694,-0.318,0.354,-0.685,-0.131,-1.663,-1.568,-0.38,0.407,1
101737,-1.066,-0.346,-1.16,0.477,2.046,0.417,-0.09,-1.391,1
103728,0.078,1.618,0.163,-0.74,1.375,-1.391,0.619,-1.136,1
103835,0.717,-0.052,-0.26,0.369,-0.994,0.004,1.554,-0.025,0
102781,0.826,1.255,-0.599,-0.039,1.216,0.043,0.487,1.457,1
102461,0.484,0.173,0.695,1.154,1.483,0.223,-0.671,-1.13,0
103962,-1.449,0.359,0.305,-0.489,1.169,0.491,1.45,0.501,1
102452,1.596,1.024,1.512,0.259,0.671,-1.37,-1.263,-0.668,1
103460,0.772,0.272,-0.498,-1.113,0.491,-0.84,0.629,-0.719,1
102925,-0.022,0.268,-1.614,-1.745,-0.353,-0.48,-1.395,-1.219,1
101678,-0.265,0.443,2.678,0.85,-0.097,0.31,0.054,-0.018,1
103948,-0.029,-0.061,0.389,0.643,1.547,1.169,-0.058,0.915,0
102557,-0.112,0.539,-0.466,-1.303,1.761,-0.665,-1.41,-0.166,1
101821,1.058,-0.098,0.862,-0.545,-0.482,1.263,1.189,0.076,0
102856,0.262,0.595,-1.484,0.672,1.206,-0.351,0.236,2.21,1
101041,-0.803,1.123,0.957,-0.026,0.444,-1.453,-1.727,-0.349,1
103649,0.815,-0.622,0.065,-1.309,-1.555,-1.583,1.846,-0.937,0
101212,1.036,0.265,-0.089,1.304,0.365,1.532,0.588,2.116,1
101771,-0.1,-0.773,-0.061,1.15,-1.3,0.81,0.149,-0.168,1
101322,-1.308,-0.116,-0.617,1.639,2.082,0.407,1.01,-0.455,0
103335,0.621,0.869,-0.063,-0.456,1.376,0.326,0.351,0.231,0
103375,-0.023,1.339,0.714,0.109,1.436,-1.152,-0.037,0.148,1
101930,-0.962,-2.63,-0.557,-0.655,0.181,0.153,-0.435,-0.784,0
101978,-1.132,-0.244,-0.019,0.316,-0.854,-0.218,1.015,1.61,0
101302,-0.117,-0.405,-0.186,1.04,0.275,-0.74,-0.331,-0.983,1
102991,-1.954,0.222,-1.25,-0.431,1.11,0.707,-0.912,-2.116,1
102259,0.34,1.826,0.437,-0.015,-0.92,-0.792,1.943,-0.046,0
101091,0.441,1.487,-1.786,-1.274,-0.113,-0.553,1.693,-0.865,0
102043,-1.624,0.034,-0.362,0.712,0.538,-0.102,-0.305,0.103,0
102364,1.736,-0.184,-1.222,0.16,0.454,0.114,1.462,0.042,0
102206,-1.445,-0.75,-0.736,0.049,0.236,-0.206,-0.933,-1.07,0
102621,2.083,0.459,1.634,0.292,0.808,2.233,0.08,0.038,0
101021,-0.509,-2.093,0.203,0.564,0.654,-0.448,0.073,-0.748,0
103888,0.29,-0.267,1.253,-0.901,-0.491,0.378,-1.524,0.395,1
101948,0.713,0.851,0.788,-0.22,1.986,-1.459,-0.594,0.296,1
102105,-0.156,-0.292,0.886,0.308,0.836,0.411,-0.513,0.238,0
103204,0.418,1.313,-1.09,-0.637,0.764,-0.277,-0.047,1.417,1
103425,1.007,0.107,-0.96,0.067,-0.117,0.033,0.624,-0.725,0
101422,-1.278,0.022,1.795,0.376,-0.23,-0.808,-1.537,1.325,1
103125,0.993,-0.09,1.389,-0.003,-0.358,-0.257,3.659,-0.831,0
101174,0.546,0.249,-0.95,0.872,0.181,-0.468,-0.087,-0.531,1
102286,0.568,0.527,-0.272,-0.027,0.948,-1.476,0.258,2.083,0
101207,-0.994,-1.074,-0.298,-0.641,1.259,-0.041,-0.105,0.783,1
101498,-0.945,-1.007,0.814,0.501,1.109,-0.777,-1.179,2.17,0
103187,-0.49,-2.115,0.075,-0.254,-1.264,0.918,1.209,-0.529,0
101070,0.018,0.297,-0.454,0.935,0.352,-0.755,0.433,-0.333,1
103849,-0.964,-0.219,0.655,-0.733,0.894,-1.695,1.129,-0.616,0
101634,1.546,-0.902,0.476,-1.722,0.88,-1.414,-0.783,-2.634,1
103560,0.273,-0.261,-0.806,0.042,-0.413,0.318,-0.878,0.31,0
103886,1.011,1.21,0.063,-1.551,-1.483,0.701,-1.387,2.633,1
103781,-1.153,-0.973,-0.137,-0.265,-1.606,0.47,2.066,0.505,0
101020,0.699,-0.03,0.729,-0.08,1.361,0.594,-0.269,2.474,1
102684,0.405,1.993,0.512,0.025,-1.474,0.549,1.684,-0.238,0
101924,0.754,-1.976,-0.578,-1.089,0.051,0.205,0.457,-0.551,0
102037,3.072,0.559,-0.49,0.897,-0.897,1.22,1.437,0.774,0
101612,0.64,-0.341,-0.178,0.674,-2.768,-1.801,-0.168,-1.339,0
102309,1.381,-0.269,-0.677,2.032,-0.281,0.182,0.74,-0.038,0
102355,-0.01,0.962,-0.302,1.723,-0.049,-0.56,-0.191,0.117,1
101044,0.825,-0.638,0.241,0.497,0.915,1.324,1.107,0.73,0
103758,-0.211,0.49,1.491,-0.356,-0.616,-0.83,2.156,1.634,0
103896,-0.687,0.094,-0.453,0.678,-0.443,-0.425,0.06,-1.673,0
103706,-0.232,0.081,0.404,-0.842,-1.186,-0.432,-0.239,0.409,0
103105,0.032,0.688,0.4,1.903,0.828,0.212,-0.454,-0.899,0
102970,-0.383,-0.052,1.308,-1.346,0.089,-0.647,0.388,0.152,1
101128,0.56,1.12,0.582,-0.109,-1.619,-0.837,-0.752,0.769,1
103529,-2.556,-0.2,-1.375,-1.431,-1.552,-0.838,-0.555,1.052,0
102426,-0.861,-0.872,-0.352,0.552,-0.655,0.598,0.853,0.096,0
102620,-0.123,1.538,1.383,-0.006,2.454,0.669,-2.622,-0.078,1
101238,0.893,-0.673,-1.137,1.092,0.82,-1.398,1.036,-0.683,1
103326,0.45,0.802,0.573,1.338,1.178,1.203,1.023,0.238,0
103608,-1.058,-0.116,0.205,-1.128,-1.317,0.896,-2.004,0.219,1
102603,-1.51,-0.639,-1.019,1.026,0.698,-1.098,0.097,-0.35,0
102916,-0.839,1.315,0.323,0.473,0.052,-0.039,-0.306,-1.066,1
102742,1.962,0.001,-0.767,0.333,0.889,-0.064,0.374,1.09,0
102096,-0.578,-1.976,-1.736,0.917,-0.171,1.452,-1.57,0.122,0
101664,0.52,0.852,-1.201,-1.13,-0.6,1.113,0.221,-0.102,1
101453,0.235,-0.083,-0.124,0.26,0.487,0.063,1.358,-0.226,0
103776,-0.664,0.841,-2.715,-1.91,0.195,0.332,0.839,-1.548,1
103329,0.489,-2.904,-0.881,-0.185,0.035,-1.44,-0.932,-1.004,0
101686,0.146,2.308,1.579,0.161,0.052,0.066,0.256,-2.188,1
102019,1.153,0.09,-0.24,-0.832,0.376,-0.398,0.242,0.354,0
102002,0.875,-1.183,0.793,-0.167,1.629,0.52,-0.868,0.449,1
102845,0.952,1.585,-0.625,0.53,-1.172,-1.946,1.844,-0.278,0
102515,0.138,-1.618,1.048,-0.364,0.156,1.553,0.342,-0.87,0
101519,-0.335,-1.035,-1.024,0.229,-2.006,1.293,-0.455,-0.042,0
103391,0.325,-0.048,-0.801,1.445,-1.167,-0.147,-0.232,-0.17,0
101177,0.502,-0.224,-0.179,-0.715,0.008,-0.641,0.121,1.015,0
102917,0.363,0.623,0.903,0.249,0.243,0.851,-0.592,-1.322,0
102249,2.033,1.542,1.709,2.386,1.347,-0.299,-0.104,-0.148,1
101203,0.417,-0.379,1.431,0.837,1.115,-1.229,-0.939,0.31,1
103899,0.278,0.37,-0.174,2.819,-0.206,0.623,0.122,0.942,0
102336,-0.097,-0.627,-0.544,0.775,1.66,0.023,-0.519,0.197,1
102365,0.186,0.73,-0.792,0.325,-0.214,1.164,0.798,-2.044,0
103979,0.683,-0.453,-0.703,1.839,0.959,-0.36,-0.854,0.442,0
102129,0.211,-1.753,-0.787,1.361,0.579,-0.109,-1.677,-1.761,1
102712,-1.722,0.604,-0.572,0.333,-0.08,-0.24,1.193,-0.762,0
101289,-1.273,-2.762,-0.822,-0.503,-0.352,0.588,0.513,-0.566,0
101047,-0.758,0.727,-0.115,0.564,0.172,-0.079,0.933,0.694,1
101159,-0.932,-1.012,1.282,1.061,0.793,-0.285,0.611,-1.41,0
102520,0.401,2.06,-0.387,-1.445,-0.545,-1.109,0.025,-0.137,1
103732,1.767,-0.77,1.864,-0.592,0.25,-1.331,-0.521,-2.339,1
103650,0.525,-0.97,-0.496,-0.401,1.062,0.719,-0.117,-1.092,1
103782,0.099,1.079,1.318,1.368,1.106,-0.685,-1.425,-0.819,1
101932,-1.042,-0.272,0.302,-0.197,-0.302,0.341,0.809,-2.919,0
102195,-1.648,0.474,-2.552,0.937,0.018,0.872,-1.636,0.049,0
102017,-0.045,-0.136,0.485,-0.871,1.884,-1.083,-0.383,-0.234,1
102923,-1.026,-1.526,0.621,-0.497,-0.916,-1.395,-0.055,-0.144,0
101067,2.276,1.159,0.628,0.562,-0.23,-0.614,1.95,-0.222,0
102386,-0.311,-0.704,1.095,-1.369,2.055,0.37,-0.284,0.58,0
102132,1.727,0.675,-0.793,0.274,0.842,1.07,-0.368,-0.472,0
103692,0.425,2.319,1.219,1.144,2.399,0.882,0.747,0.69,1
102058,0.477,-1.86,-1.295,-0.918,0.634,0.27,-1.37,-0.999,0
103079,1.32,-0.635,-0.864,0.167,-0.301,-0.187,-0.294,0.403,0
102597,-1.736,0.037,0.568,-0.943,0.24,-1.713,1.489,1.983,1
102414,-1.449,-0.243,-1.116,-0.209,-2.797,0.196,0.171,-1.029,0
103359,0.206,1.585,1.21,0.096,-1.151,-1.134,0.889,1.196,1
103866,0.249,0.097,0.947,1.04,-1.164,0.263,0.287,0.15,0
103463,-0.262,-1.658,1.184,-0.584,0.932,-0.527,-0.441,-0.912,0
101405,0.237,0.344,0.511,1.016,1.1,-0.321,0.292,-0.065,0
102303,-0.433,0.513,0.035,0.465,0.041,-0.406,-0.073,0.057,1
101285,-0.398,0.787,-0.364,0.124,0.289,-2.495,1.209,0.554,1
101706,-0.206,-0.976,1.948,1.141,-0.683,-0.18,0.146,1.524,0
101945,-1.201,0.441,-1.818,0.662,-0.621,0.923,-0.387,1.589,0
103908,-0.635,0.93,-0.73,-0.283,-0.059,-1.936,1.206,0.167,1
102696,-0.152,0.622,-0.241,1.062,-1.291,-1.201,-0.399,-0.729,1
103095,0.446,-1.524,-0.566,0.214,-1.085,0.063,-0.905,0.252,0
102183,-0.486,-0.898,-0.57,-1.321,-0.605,-2.0,0.142,1.233,0
103320,1.399,-1.467,0.279,0.372,1.646,0.282,0.543,1.211,0
103793,0.129,-1.268,0.912,-0.751,0.418,-1.003,-0.941,0.111,0
102153,0.207,-0.001,-1.101,-0.942,0.328,-1.349,-1.007,0.474,1
103418,-0.137,-3.032,-0.47,1.693,-1.423,0.078,-0.681,-0.277,0
103312,0.169,-0.174,0.239,-0.556,1.89,-0.212,1.174,0.946,0
103355,1.191,-0.366,1.094,0.713,-1.369,0.941,1.724,-0.462,0
101666,0.57,-0.028,2.217,-0.084,0.442,-0.341,1.056,1.258,0
101251,0.051,-0.746,-0.733,-1.024,-1.02,0.352,-0.518,-1.078,0
103194,0.762,-0.846,-1.708,-0.164,-0.055,-0.096,-0.392,0.392,0
102545,-0.462,-0.44,0.109,0.398,-0.673,-0.943,-0.313,-0.551,0
103509,0.09,-0.446,0.635,0.388,-0.292,1.575,0.405,-0.535,0
101699,-1.073,1.476,-0.537,0.38,-1.093,-0.681,-1.746,1.499,1
102284,1.014,-0.219,0.073,0.473,1.293,-0.093,0.254,0.953,1
102692,0.241,0.658,-0.637,0.755,-1.045,0.131,0.525,0.666,0
101603,-0.048,-0.806,1.858,-1.617,0.256,1.199,-1.731,-1.68,1
101985,-1.277,-0.718,-0.217,1.53,-0.787,-0.064,0.987,0.114,0
103754,-2.697,-0.714,0.231,1.072,-1.242,-0.418,0.146,1.475,0
101905,0.757,0.132,0.526,-1.35,-1.313,-1.078,-0.393,-1.047,1
102668,0.312,-1.414,0.563,0.457,-0.937,-1.455,1.537,-0.553,0
103946,-0.367,0.551,1.589,-0.223,0.446,-0.034,-0.604,-1.442,1
101525,1.862,0.617,1.821,0.638,0.564,-3.081,-1.483,-1.497,1
102193,-0.739,-1.31,0.502,-0.047,-0.343,-1.282,-0.956,0.182,0
103231,0.103,-0.234,0.225,-0.729,0.926,-0.1,1.349,1.063,0
103677,1.702,1.289,0.075,-0.505,-0.397,0.543,0.58,-1.244,1
101544,0.046,1.305,-0.278,-0.704,0.407,0.221,0.625,-0.956,1
102913,-1.042,-1.113,-2.185,0.821,0.881,-1.086,0.917,-1.602,0
103956,0.893,0.035,-1.013,-1.061,0.613,-0.588,0.264,1.032,1
103816,-0.177,1.159,0.101,0.109,-0.31,0.802,-0.533,-0.302,1
102833,0.625,-0.305,1.646,-1.54,0.744,1.758,-0.951,-1.295,0
103278,-2.11,-1.61,0.184,0.092,-1.21,1.675,1.086,0.516,0
102907,-0.063,-0.144,2.28,0.527,-1.073,1.486,-0.675,0.659,0
103750,0.185,0.875,0.54,0.026,-0.992,1.565,0.075,-0.638,0
102652,-1.833,-0.926,0.194,0.688,1.969,1.396,0.504,-0.633,0
103756,-1.279,1.247,-1.019,-0.289,0.196,0.573,0.134,2.424,1
101705,-0.249,0.114,0.203,-0.385,-0.876,0.188,0.625,1.798,1
102224,-1.035,0.437,1.275,0.564,-1.175,-0.51,0.457,0.853,1
101672,0.887,-0.493,1.406,1.014,1.816,-0.234,1.303,-0.037,1
101761,-0.376,-0.831,0.695,-1.492,-0.099,-0.231,-0.809,-0.056,0
101377,-0.646,0.196,-1.007,0.339,-1.837,1.979,1.048,-1.525,1
103859,-2.164,1.057,-1.433,0.963,0.771,-2.287,0.506,-1.172,0
102851,-0.329,0.613,-1.155,0.774,-0.925,1.272,-2.49,-0.06,1
102682,0.515,-0.102,-0.385,-1.064,-0.219,-0.383,0.868,-0.925,0
102371,-1.061,-1.743,0.992,-0.056,0.139,0.165,0.654,0.955,0
101743,0.387,-0.607,0.43,0.49,0.95,-0.262,-1.066,1.045,0
102067,0.933,-0.018,-1.251,-1.339,-1.325,-1.456,-2.143,-1.207,1
103801,1.47,-0.212,0.287,0.302,-0.052,-0.713,-0.399,0.48,1
102860,0.905,-0.149,0.297,1.033,0.406,-0.855,1.135,-2.466,0
103269,-0.157,-1.16,0.255,-0.638,-0.526,1.278,-1.0,0.81,0
101653,-0.506,2.164,-1.13,-0.028,-0.379,-1.71,-0.249,-0.002,1
103267,1.117,-0.339,1.667,0.776,1.47,-0.09,0.231,-0.724,1
102825,-1.669,0.909,-1.536,-0.421,-0.11,3.031,-0.942,0.531,0
103372,-0.198,-0.62,-0.102,0.612,0.383,1.737,0.617,1.3,1
101867,0.134,0.122,-1.053,-0.37,1.581,1.532,-2.325,2.365,0
103315,-2.428,2.574,-0.359,2.409,0.127,1.413,-0.159,0.703,1
101847,0.858,-3.149,-1.597,-1.363,0.538,-0.547,-1.326,0.538,0
103014,1.012,-0.973,-0.188,-1.178,-0.037,0.187,0.964,0.1,1
103027,-0.376,-0.411,-1.652,0.889,0.961,0.875,-1.91,-0.671,0
102091,-1.007,-1.263,-1.759,1.871,0.503,-0.683,-0.588,-0.345,1
103970,1.353,-0.374,-2.122,0.083,0.506,0.646,-0.255,1.117,1
103963,0.164,-1.115,0.506,-1.867,-0.423,0.425,0.301,0.604,0
102443,-0.436,0.638,0.049,1.318,0.135,-0.134,0.023,-0.023,0
103173,-0.772,-0.497,0.822,1.183,-0.048,-1.677,-0.195,0.948,1
101138,-0.564,-0.8,1.922,-0.423,0.285,-0.107,0.656,0.705,0
102618,0.956,-0.622,-0.839,-0.086,-0.304,-0.149,-0.27,-0.001,0
101325,-0.945,-0.535,0.063,-0.146,-0.95,-0.736,0.596,1.137,0
101340,-0.286,0.789,1.134,1.228,-0.047,-1.322,-1.96,-0.949,1
101553,-0.493,0.536,0.343,0.48,-1.112,0.277,-0.613,-1.05,1
102039,0.338,0.666,-0.241,1.262,0.913,0.268,1.934,2.201,1
102182,0.268,0.127,-0.2,-1.476,0.352,0.639,-0.309,0.171,1
103436,-2.157,0.279,-0.272,-0.248,-1.774,-0.536,-0.638,0.265,1
103796,-1.112,0.489,0.905,-2.232,0.687,-0.55,-0.124,1.141,1
101237,-0.109,0.661,0.342,-1.011,-0.637,-1.374,0.607,-0.093,1
103518,-0.459,-0.256,-0.127,1.673,-0.312,-0.871,-0.016,0.822,1
103527,0.009,-1.848,1.717,1.547,0.813,0.867,0.617,0.682,0
102278,-0.527,0.166,0.851,-0.339,-0.836,0.153,0.134,0.24,0
102083,0.817,0.201,-0.346,0.079,1.576,-0.094,-1.715,1.543,1
101647,-0.245,-0.118,0.154,0.971,-0.099,0.507,-0.783,-1.465,0
102896,2.173,-0.34,-0.952,0.962,0.247,-0.413,0.037,0.599,0
101252,-1.164,-0.795,-1.593,0.184,0.382,-1.322,-0.546,-0.375,0
102731,-0.177,0.423,-0.509,-0.652,0.326,0.121,-0.044,-0.653,0
103934,0.455,0.005,0.245,-0.348,-0.568,-0.31,0.805,1.142,1
101327,-0.087,-1.476,-1.445,0.699,1.992,-1.588,-1.353,-0.456,0
102433,0.734,-0.645,0.922,0.64,0.697,-0.091,-0.544,0.926,1
102971,0.624,0.949,1.144,0.305,0.311,0.435,1.365,-0.855,1
102538,-3.602,-1.076,-0.545,-0.585,-0.777,-0.747,-0.987,0.615,0
101999,0.984,-0.559,-0.192,-0.006,-0.171,0.396,0.484,0.436,0
102417,-0.684,-0.087,0.281,-0.253,1.362,0.273,-0.453,0.115,1
103517,0.042,0.219,2.068,-1.13,0.612,0.886,-1.013,-0.569,1
102163,0.504,1.697,0.743,0.07,-0.65,-0.25,2.242,1.916,1
101727,-1.427,-0.775,-0.146,-0.927,1.097,0.265,-0.231,-1.653,1
103931,-0.557,1.879,1.344,-0.524,0.143,1.698,-0.649,1.991,1
102573,-0.763,0.713,0.715,-0.699,0.169,0.7,-1.597,-1.848,1
103940,0.436,-0.229,0.078,-0.182,0.68,-0.025,-0.815,0.398,0
103998,-0.348,-0.301,-2.155,0.656,-0.682,0.207,-0.656,-0.259,0
102927,0.071,0.431,-0.178,-0.924,-1.003,-0.158,0.667,0.031,0
101182,-1.69,-0.505,1.002,-0.487,-1.202,0.2,-0.566,0.003,1
103066,-0.152,0.234,0.779,1.083,-0.457,0.502,-0.214,1.054,1
102034,1.235,-0.069,0.959,-0.724,-0.219,0.832,1.236,-1.188,0
101789,0.881,1.099,0.022,-1.212,0.423,-0.262,0.617,-0.184,1
101357,-0.799,-1.062,0.372,-0.308,0.347,-0.095,0.124,0.468,0
101941,-0.248,0.645,0.178,0.258,1.312,-0.86,-0.952,-1.849,1
101172,0.689,0.343,-0.375,-0.058,1.266,-0.25,0.069,1.542,1
103719,-0.829,-0.224,1.032,-2.27,-0.35,-0.178,1.69,-0.029,1
101593,1.151,0.884,-0.17,0.329,-0.343,2.038,-0.441,0.168,1
101469,0.113,1.092,-2.212,-0.926,1.347,-0.859,1.021,0.497,1
103804,1.38,-0.567,0.566,-1.824,1.53,0.984,-0.501,-0.775,1
103361,-1.466,-0.425,-0.924,-0.344,0.47,-0.528,0.391,-1.411,1
103839,-1.859,-0.482,-0.911,0.456,-1.438,-1.482,0.914,0.81,0
103434,-0.006,0.842,0.298,0.256,0.801,-0.206,0.633,0.04,0
102647,-1.315,-0.761,0.605,0.299,0.125,0.152,1.023,2.413,0
103721,-0.529,-0.745,0.098,-2.263,-0.695,-0.47,0.071,-1.67,1
101164,-0.722,-0.435,1.761,0.842,1.341,-0.045,0.192,-0.849,1
102484,0.764,-1.246,1.721,1.464,-2.079,-0.201,0.893,0.612,1
103676,1.24,0.012,-2.054,0.326,-0.626,1.809,1.152,0.249,0
101250,1.249,-0.787,0.394,0.838,-1.64,-1.481,-0.696,-0.354,1
102084,-0.143,1.259,-0.599,-2.092,-0.648,-1.518,0.148,0.147,1
103656,1.948,0.739,-0.903,-2.901,-0.275,-0.159,-0.052,0.747,1
101399,-1.693,0.05,1.319,-0.826,0.015,0.07,-0.388,-0.559,1
101801,1.146,-0.719,-1.075,-1.594,-0.177,0.41,0.151,-1.359,0
102968,-1.384,0.674,1.722,0.677,1.361,-0.151,0.101,-1.651,1
103571,-2.311,-0.489,1.805,0.494,0.89,0.599,-2.347,-2.371,1
103552,-1.069,-0.108,-1.975,-1.279,1.589,-1.542,-0.467,1.548,1
101028,-0.162,-0.735,1.598,-0.436,-0.733,2.306,0.104,-0.15,0
101641,0.009,-0.954,1.124,1.173,-1.671,0.724,-0.071,0.475,0
101926,-1.227,-1.168,0.191,0.501,-0.266,0.872,0.066,-0.537,1
103997,1.082,-0.05,-0.568,0.408,1.895,-1.056,-1.271,0.266,1
102060,-0.814,1.118,-0.221,0.797,0.592,-0.636,0.187,0.602,1
101451,1.038,1.913,-0.176,-0.51,0.294,0.81,-1.311,0.706,1
102956,0.026,0.012,0.341,0.927,0.682,-1.019,0.044,-2.067,0
103333,-1.404,0.904,0.737,0.692,1.215,0.346,-0.82,-0.259,1
102931,-0.993,0.454,1.46,0.656,0.966,0.664,-1.556,-0.523,1
102824,0.697,0.758,-0.72,0.66,-1.393,-0.524,-0.229,0.633,0
103413,0.92,0.107,-0.577,1.32,1.172,1.469,-1.024,-0.287,1
101379,-0.225,0.54,-0.217,-1.85,-0.55,2.428,-0.045,1.142,1
101535,0.593,-0.268,0.129,1.47,-0.772,0.05,-0.842,0.708,1
102761,0.729,-0.277,0.136,-1.876,0.722,-0.995,-1.55,1.8,1
102574,0.41,-1.43,0.317,0.549,-0.138,-0.631,0.932,1.414,0
102840,-0.937,0.706,-0.481,-1.202,-0.251,-0.004,1.042,1.341,0
101351,0.049,1.369,-0.575,-1.575,-0.346,-0.402,-0.821,1.147,0
101293,1.63,0.26,1.357,-0.545,2.328,-1.012,-1.146,-0.422,0
103390,0.279,-0.315,0.187,1.73,-0.884,2.388,-0.567,-0.163,0
102168,1.102,-1.442,-0.033,0.4,-0.915,-0.438,-0.313,2.434,0
102115,0.552,-0.464,1.655,-0.74,0.823,1.175,0.205,0.623,1
103345,-0.942,0.727,-0.78,0.671,-0.238,-2.664,-0.123,-0.306,1
103071,0.241,0.798,0.877,-0.123,-0.009,1.571,-1.932,-1.319,1
103542,-0.734,-0.272,-0.326,-0.397,0.199,0.459,-2.029,0.599,1
103457,0.875,-0.687,-0.1,-0.284,-0.975,0.535,-1.125,-0.479,0
101090,-0.683,-1.044,-0.73,1.44,-0.228,1.893,0.775,-1.744,0
101959,1.016,-0.753,0.574,1.135,-1.099,-2.124,-0.648,0.254,0
101000,-0.805,-1.203,-0.796,1.795,1.088,1.397,0.123,-0.117,0
102645,0.426,-0.803,-0.564,0.183,0.844,1.21,-2.051,0.761,0
101682,0.481,-0.489,-1.952,0.082,1.548,-1.743,-0.443,0.713,1
101381,0.473,-0.474,-0.209,0.701,0.321,-1.042,1.303,2.495,1
103636,-0.638,-1.266,0.51,1.567,-0.141,-0.334,0.181,0.434,0
103522,-1.349,-0.119,0.129,2.441,-0.35,0.6,0.189,0.462,0
102491,1.117,-0.412,-0.074,0.241,-1.948,-1.154,-0.661,-0.035,1
103177,-0.196,0.487,1.775,-0.391,-1.393,-0.486,0.636,-0.973,0
102251,-0.022,0.228,0.491,0.317,1.835,0.755,1.247,0.544,0
101626,-0.646,-0.224,0.001,0.946,0.027,-0.576,-1.104,-0.802,1
101915,-0.848,0.443,0.533,1.367,0.605,-1.684,-0.801,-1.244,1
101704,-0.429,-1.457,0.144,1.359,0.475,0.082,-1.576,0.697,1
103314,-0.027,0.5,-1.491,0.727,1.511,-2.046,0.188,-0.014,1
101618,-0.679,-1.153,0.588,-0.289,2.656,0.826,1.369,-0.931,1
102644,0.902,1.137,0.89,-1.599,-0.999,1.502,0.995,-0.354,0
102509,0.862,-1.128,-0.02,1.349,-0.485,-2.324,1.514,-1.056,0
102421,1.017,0.927,1.469,0.312,-0.889,1.698,-1.694,0.577,1
101319,-1.483,0.592,1.29,0.946,0.453,-0.129,-0.971,-0.807,1
101223,0.391,0.084,-0.088,0.591,0.505,-1.796,-0.737,0.046,1
101213,-0.762,0.081,-0.743,-1.059,0.185,-1.435,-0.099,1.255,0
101572,-0.781,0.903,0.105,-1.039,0.916,0.39,-1.654,1.305,1
101077,-2.157,-1.801,0.815,-1.086,0.343,0.679,-0.076,1.033,0
103891,-1.306,0.437,-0.534,0.141,-0.364,0.67,-0.257,-0.217,1
102412,0.096,1.062,0.28,0.123,-0.989,-0.592,1.729,0.159,0
101439,3.105,-0.283,0.634,-0.302,-0.674,-0.739,-0.311,0.092,0
103216,1.406,-0.139,-1.034,-0.054,-0.323,-1.759,0.394,-0.94,1
101342,-1.408,0.78,-0.27,-0.922,-0.709,2.508,-0.256,-1.024,0
102032,1.06,-0.13,0.034,0.486,-1.047,0.548,-1.531,1.112,1
103943,1.326,-1.281,1.07,-1.188,-0.005,1.009,0.021,1.623,0
103675,1.174,0.53,-0.285,0.059,1.5,0.55,1.014,0.546,0
102858,-0.327,1.129,1.542,1.643,1.251,-0.194,-0.413,-0.075,1
101490,0.052,-0.529,-1.207,0.798,0.656,-1.252,-0.372,0.319,1
103471,-0.238,0.253,0.394,-0.839,-0.205,-0.941,0.497,-0.261,1
103627,-0.626,-0.851,-0.083,0.33,-0.675,0.859,0.846,-0.593,0
101931,1.673,0.437,-0.023,-1.42,-0.605,0.017,-1.107,-0.799,1
102920,1.837,-0.298,0.178,0.591,0.611,0.591,-0.084,-0.186,0
101685,-0.449,0.041,-1.023,0.415,-0.595,0.019,-0.963,0.187,0
103726,-0.904,-1.577,1.298,-0.543,0.341,-0.14,1.167,-0.746,0
101254,0.337,0.259,-1.517,-0.974,0.733,0.013,1.077,0.005,1
103638,-1.794,1.256,0.167,-0.587,-0.945,-0.313,0.118,0.052,1
103206,1.398,-0.312,0.975,0.788,-0.302,-0.618,0.641,-1.456,0
102874,-1.5,1.346,-0.088,-1.281,0.388,0.02,0.086,-1.022,1
103942,1.378,1.146,-0.793,0.562,0.692,-0.974,0.333,0.315,1
102222,-0.288,1.378,1.029,0.239,0.732,0.311,-0.008,0.934,1
101295,-1.708,-0.23,0.486,0.198,-0.108,-0.82,-0.067,0.011,1
101709,0.982,0.479,0.709,-0.66,0.004,-0.961,-0.666,-0.433,1
103059,-0.978,-2.118,0.956,0.687,2.108,-1.379,1.4,0.127,0
101640,0.324,1.693,-1.748,-0.227,-2.009,-2.262,0.176,-1.887,1
102867,0.621,-0.578,0.685,-1.346,0.629,0.502,0.741,0.487,0
102333,0.384,-1.943,-0.515,1.609,0.211,-0.682,0.839,0.407,0
103215,0.123,1.003,-1.423,-0.501,1.752,0.657,1.251,1.993,0
102736,-2.384,-0.126,-0.415,-1.159,-0.093,0.297,2.455,-0.405,1
102838,0.767,0.894,-0.005,0.336,0.584,-2.52,1.194,0.449,1
103007,0.284,0.708,-0.335,-0.969,-1.037,0.586,-2.292,0.74,1
103263,0.075,-0.366,1.048,1.021,-2.781,1.429,0.223,-2.019,0
103311,0.196,-0.412,-0.268,0.472,-2.887,2.634,1.658,-0.129,0
103648,2.236,1.782,2.503,0.238,0.792,-1.096,-1.243,0.329,1
102351,1.728,-0.565,1.619,2.76,0.102,-0.504,-1.674,0.46,1
102510,1.855,1.439,1.778,0.109,1.724,-0.361,1.214,-0.316,1
102601,-0.764,-1.04,0.721,-1.233,-0.652,0.922,0.664,0.05,0
101189,0.234,1.228,0.051,1.223,-0.124,-2.046,0.315,1.001,1
103423,-0.372,-0.097,2.669,-1.476,-1.274,0.368,0.035,-1.219,0
102372,0.446,0.195,-2.351,-1.184,-0.264,-0.529,-1.314,0.148,0
102295,0.207,-2.957,-0.854,0.663,-0.693,0.177,0.781,0.52,0
101555,-0.812,0.978,0.914,1.034,-0.978,-0.978,0.208,0.862,1
103712,0.763,0.987,2.56,-1.047,1.866,1.055,0.333,-0.375,1
102110,0.237,-0.775,0.501,-0.213,0.197,-0.17,0.554,0.629,0
102188,1.498,-0.348,0.1,-0.128,0.16,-0.031,2.561,0.006,0
102891,0.503,-0.95,-0.549,-0.357,0.133,-0.427,-0.818,0.555,1
102120,-0.831,0.938,1.12,-0.427,-1.383,-0.812,0.269,-1.465,0
101697,-0.758,-0.197,-0.58,1.797,1.28,0.38,1.187,-1.349,0
102217,0.642,-0.342,0.83,0.322,0.086,0.683,-0.432,0.392,1
102885,-0.457,-2.292,-0.436,-0.504,-0.621,0.342,1.391,1.628,0
101987,1.021,-1.134,-1.7,0.434,1.111,2.132,-1.656,-1.3,0
101326,1.52,-0.664,-0.965,0.608,-0.239,0.778,0.921,-0.323,0
103959,-0.628,1.364,-0.282,-0.786,1.372,-0.604,0.685,-0.062,0
102179,-0.795,0.883,0.598,-0.439,-0.025,-1.048,-0.021,0.671,1
102707,0.981,0.626,1.185,0.149,-0.917,-0.228,-1.366,-1.475,0
102554,0.286,1.874,2.293,0.701,0.646,-0.121,-1.425,-2.454,1
103154,-0.51,0.803,-0.089,1.257,1.3,0.158,0.554,-0.806,0
101667,1.238,0.309,0.989,-1.037,-0.386,0.691,-2.265,-1.647,1
101873,0.63,0.27,0.99,0.698,0.424,0.215,-1.542,0.653,1
101056,0.079,0.524,-0.508,-0.673,1.61,-1.654,1.11,-0.781,1
102053,-1.097,1.149,-1.069,-0.543,-0.271,0.894,-0.086,1.713,0
102502,-1.303,-0.25,-0.156,-0.118,-1.283,-0.76,0.249,2.694,1
103857,0.662,0.301,0.962,-3.146,0.148,0.378,0.942,-0.126,0
101016,1.174,-1.16,-0.504,1.068,0.37,0.94,0.499,1.529,0
102434,-0.503,0.42,0.168,-0.59,-2.218,0.039,0.529,-0.546,1
103253,0.624,-0.58,0.801,0.964,-0.08,1.905,-3.447,-0.281,0
103123,0.412,-0.968,-0.31,-0.501,-0.212,1.426,0.082,0.185,1
101134,0.256,1.012,0.808,-1.818,1.361,0.759,1.178,-0.833,1
101001,0.825,-0.373,1.155,0.14,0.806,-0.773,1.837,0.218,1
101437,1.263,0.03,-0.939,-0.678,1.113,0.405,-0.469,-0.293,1
103826,-1.074,-0.287,-0.601,0.366,-0.502,-0.615,-0.551,-0.489,1
103458,0.154,-1.688,0.268,0.571,0.033,-1.715,0.883,-0.965,0
103808,-1.255,0.424,-0.53,-0.352,-0.559,-2.205,0.71,-1.517,1
103686,1.77,-0.512,0.043,1.421,-1.467,-0.852,-1.178,0.378,0
102345,-1.844,1.078,0.931,-0.916,0.164,-1.184,-0.411,-0.767,1
101567,-1.7,0.145,-0.267,-1.347,-0.551,-0.008,-1.134,-0.165,1
102191,3.098,0.449,-2.493,-0.799,-1.341,0.16,0.3,-0.366,0
103845,-0.917,-0.674,-1.729,0.834,-0.448,-1.175,-0.012,0.233,0
102086,0.933,-2.143,-1.327,-0.369,-1.932,-0.091,-0.514,-0.261,0
101425,1.213,0.914,-0.708,-0.128,-0.135,0.765,-0.691,-0.651,0
102113,1.016,1.047,0.513,0.762,-1.461,0.907,0.517,-2.273,1
103803,0.531,-0.643,-1.169,-2.304,1.22,0.967,0.969,-0.987,0
103744,0.601,-1.734,-0.618,-0.243,1.383,0.034,-0.066,0.605,1
102180,-0.697,-0.055,-0.323,0.926,1.416,-0.622,-1.068,0.421,1
102465,0.43,1.505,0.344,0.259,0.119,0.855,-0.874,-0.691,1
102698,-1.521,-0.876,-1.018,-1.2,0.092,0.971,0.805,0.046,0
102535,0.22,0.191,0.581,0.923,1.423,0.302,-0.599,-1.023,0
102007,-1.262,0.417,-1.77,0.861,0.099,-2.34,-0.131,-0.924,0
103986,-0.37,-0.933,0.917,-0.21,0.349,-0.274,0.554,0.149,0
102154,-0.544,0.402,-0.091,0.131,-0.346,-1.119,-1.465,0.634,1
103977,0.104,-0.172,0.696,0.755,0.404,0.163,0.831,0.199,0
103878,0.479,-0.329,-0.616,-0.766,1.029,0.608,-0.537,0.165,1
103432,-1.172,1.166,0.545,0.137,-0.295,-1.276,-2.458,-0.617,1
101870,0.524,-0.514,-0.573,-0.535,-0.126,2.387,-0.298,-0.554,0
102497,-0.242,0.661,0.905,-1.89,0.33,-0.123,-0.127,-0.894,0
102137,-1.369,-0.063,-0.386,1.047,0.213,-0.953,0.686,-0.518,1
101865,-1.091,-1.097,0.596,-0.767,0.703,1.129,1.416,1.162,0
101767,-1.235,2.081,2.603,-1.517,0.265,-1.076,0.758,-0.916,1
102953,-1.035,0.113,-1.131,1.49,-0.496,-1.348,0.392,-0.312,0
102204,-1.215,-0.267,0.597,-1.316,-0.32,-0.076,0.58,-1.138,0
101179,0.171,-1.326,0.416,1.323,-0.097,0.862,-0.152,0.151,0
103834,0.678,0.758,-0.134,-0.507,-1.414,0.415,0.806,-2.212,0
102121,0.998,-0.027,-0.577,0.028,-0.834,0.794,-0.2,0.639,0
102778,-1.624,0.956,1.303,-0.08,-0.137,-0.32,-1.373,-1.595,1
102961,-0.322,-0.39,-1.45,-0.182,2.368,1.185,0.099,-1.096,1
103769,-0.425,1.252,-0.234,-0.423,0.493,-0.66,0.317,-3.003,1
101863,-0.543,-2.169,1.655,1.111,-0.044,0.361,-0.401,-0.67,0
103768,0.91,-0.607,-2.104,-0.254,-0.818,-0.008,-1.061,0.046,0
102616,-0.053,-0.348,-0.684,-0.981,-0.25,-0.319,1.853,0.064,0
101345,-0.567,0.949,-0.237,-0.273,-0.338,1.416,-0.644,-0.859,0
103367,1.281,-1.229,0.428,0.719,-0.519,-0.599,-1.522,-0.232,0
102274,-0.731,-1.744,-0.315,-0.297,-1.463,0.661,0.969,-0.125,1
102319,-0.093,1.197,0.649,-0.438,-0.883,0.385,1.038,1.952,0
101050,0.951,-0.598,-1.149,0.261,-0.615,0.048,0.263,2.397,0
101968,0.254,-0.009,-1.081,-0.026,-0.714,-1.231,0.438,0.298,0
101120,0.48,-1.522,1.01,0.541,1.145,-2.029,0.282,-0.103,0
102316,-0.669,0.164,0.73,0.123,0.751,-1.165,-1.997,0.104,1
103913,0.196,-1.462,-1.021,0.799,-1.225,0.146,-1.027,-0.452,0
102967,0.083,0.072,0.934,1.14,-0.918,0.825,-0.183,-0.07,1
102392,0.627,0.123,-0.373,-0.135,0.939,0.278,0.479,-1.094,0
102216,0.495,0.405,0.92,0.578,-1.693,-0.16,2.296,-0.312,0
101843,-0.367,-1.229,0.657,0.175,0.151,-0.371,0.529,-0.428,0
103283,-0.472,-1.21,-0.073,-0.638,0.53,-0.483,-0.149,1.668,0
102285,-0.108,1.505,0.83,0.429,1.643,0.314,2.125,0.043,0
102994,0.078,-1.075,-1.879,-0.581,-1.517,0.235,-2.051,0.848,0
101478,0.671,0.61,0.18,-0.002,-0.596,0.593,1.176,-0.565,0
103657,-0.311,-0.155,1.518,-0.456,-0.058,-0.194,-0.267,1.163,1
102570,0.114,-0.053,0.73,0.728,0.727,1.329,-1.642,1.708,0
101074,0.084,0.834,-0.687,1.457,2.226,0.356,-0.305,0.082,0
102210,-0.662,-0.675,-0.66,0.237,0.013,0.472,-0.778,0.807,1
101574,0.64,-0.373,-0.955,0.616,0.356,-1.211,1.304,-0.291,0
102456,1.174,-1.334,0.588,0.091,-0.952,-0.203,0.698,0.954,0
102803,-1.088,1.936,-0.456,-0.906,1.397,-0.958,0.431,-1.498,1
102035,-0.065,1.349,0.405,-0.759,0.402,-0.489,1.328,-0.767,1
102789,1.098,-1.587,0.139,1.085,0.995,0.308,-0.564,0.871,0
102875,-0.828,-0.988,0.526,-1.008,-0.887,-0.697,0.226,-0.749,1
101963,0.482,1.481,1.021,-1.244,-0.018,0.372,0.531,-0.241,1
101654,-1.113,-0.503,0.99,0.892,0.481,0.747,1.351,-0.168,0
102020,-0.001,-0.084,-0.371,-0.107,-1.398,-2.212,-0.264,0.633,1
103292,-1.521,-0.291,-0.677,-0.778,0.596,0.307,0.314,0.222,0
102233,1.059,0.456,0.81,-0.067,-0.914,0.781,-1.71,-0.217,0
102203,-0.334,-0.546,0.116,1.433,0.766,1.0,1.839,-0.873,1
101901,0.324,0.09,-1.303,-0.392,1.609,0.128,-0.683,0.167,0
101440,1.761,0.411,-0.503,1.017,-0.84,0.742,0.277,-0.477,0
101983,1.466,0.924,0.62,-0.827,-0.838,0.82,0.579,2.096,1
102880,0.09,-0.055,0.276,-0.299,-0.277,-2.126,1.084,1.773,0
101205,0.859,0.06,0.497,0.95,-0.896,0.951,0.584,0.993,0
103104,1.046,-1.408,1.727,0.296,-0.249,1.074,0.219,0.193,0
102408,-1.107,-1.805,0.503,-0.257,-0.897,1.148,1.998,1.332,0
101500,-0.18,-0.285,-0.403,-1.225,-0.9,-0.345,0.48,-1.398,0
103061,1.618,1.942,0.859,-1.428,-0.881,-0.756,2.073,-0.313,0
101531,0.137,0.908,-0.511,0.358,-0.793,0.811,0.612,0.012,0
101741,0.274,0.672,-0.467,0.582,-0.156,-0.944,-1.603,-2.377,1
103787,1.832,1.455,1.219,-0.692,0.439,1.043,-0.685,0.585,1
103672,0.007,-1.132,1.067,0.166,-0.711,-1.614,0.921,0.783,1
102334,0.357,2.246,2.659,-0.263,-0.197,0.409,-1.091,0.208,1
101589,0.986,0.709,-1.04,0.447,0.112,-0.222,-0.136,-0.532,1
103285,0.303,-0.379,0.045,-0.086,0.644,-0.647,-0.331,-0.106,1
102904,-0.204,-0.021,0.704,-0.336,-0.638,-0.47,0.897,0.371,1
102450,0.775,-0.822,-1.415,0.276,0.161,-0.486,-0.408,0.086,0
102173,-0.803,0.679,0.337,0.052,-0.038,0.53,0.703,-0.676,1
101605,0.906,-0.318,0.378,0.823,-0.665,-0.378,0.188,-0.811,0
103881,-1.302,1.774,0.426,0.709,2.8,0.385,-0.2,-1.634,1
101175,0.286,-0.689,-1.105,-0.707,0.342,1.073,-0.627,-0.998,0
102213,0.677,-0.455,0.606,-1.063,-1.192,-1.412,0.636,-0.43,0
102783,-1.012,0.309,-1.627,-0.829,2.421,-0.796,1.152,0.412,1
102480,0.522,0.304,-1.181,0.747,0.252,0.249,1.018,-1.139,0
103339,0.112,-0.589,1.467,-0.879,-0.681,1.162,0.38,-0.381,1
101412,-0.59,1.638,-0.5,0.356,-0.067,0.243,-1.612,1.961,1
102390,-0.427,-1.638,1.578,0.403,0.412,1.619,0.011,-0.359,1
102341,-1.23,0.99,1.189,-0.186,0.45,-0.486,-0.439,0.659,1
103077,-0.099,0.094,1.184,0.604,-1.268,-0.892,2.026,-1.029,0
103889,-0.546,-1.167,0.416,-0.223,0.535,-0.327,-0.214,-0.085,0
103200,-0.093,0.302,1.56,1.677,-1.373,0.678,1.097,-0.594,1
103935,-1.657,-2.476,-2.567,0.848,0.844,0.822,-0.694,-0.17,0
103445,0.183,-2.378,-0.267,1.629,0.198,1.269,0.108,-1.235,0
103763,0.045,-1.196,-0.656,0.281,-2.217,0.528,-0.732,-1.129,1
101348,-1.813,0.033,-0.874,-2.23,-0.99,-0.503,0.088,0.668,0
103513,1.555,0.863,-1.378,-3.238,1.398,1.802,-0.312,0.05,1
103321,0.353,1.243,1.097,-0.062,-0.906,0.349,-1.26,-1.393,1
101883,-0.354,-1.288,-0.315,-1.638,1.455,-0.105,0.579,-0.03,0
103842,-0.157,-1.914,-0.383,-1.037,1.557,0.675,0.976,0.727,0
103890,1.25,1.152,0.949,-0.218,-0.183,-1.798,0.692,0.052,0
101264,-0.85,3.478,-1.629,0.984,-0.591,-1.138,-1.48,0.603,1
103785,-1.884,0.757,1.143,0.757,-0.44,0.488,-0.723,-0.982,1
102623,1.238,-1.313,0.114,-2.346,0.263,1.694,-1.035,-0.134,1
103586,-1.31,1.012,0.915,1.706,0.435,0.755,2.109,1.903,1
102178,1.215,0.734,-1.004,-1.6,-0.197,-1.654,-0.024,1.644,1
103097,1.571,-0.167,2.532,0.959,0.268,-0.184,-0.761,-1.025,1
103070,-0.549,-1.045,0.32,0.176,-0.501,0.111,-1.594,-0.831,1
102562,0.816,-0.715,0.828,-1.865,-0.359,-0.515,-0.457,-2.535,1
101881,-0.678,0.268,-0.958,0.378,-1.684,0.13,0.644,0.149,0
102430,1.681,0.02,-1.208,0.028,0.871,1.559,0.375,0.354,1
102282,0.517,0.365,-0.957,-0.616,-0.558,-0.534,0.106,-1.366,0
103275,-0.188,-1.612,-0.36,0.732,0.139,2.62,-0.5,-0.226,0
103033,0.47,-0.077,-0.694,-0.773,1.305,0.823,0.215,0.882,1
103933,-0.363,0.382,1.442,0.257,0.278,-0.507,-0.737,1.95,1
103155,0.501,-1.547,-0.606,1.827,0.507,-1.148,-1.569,2.174,1
102388,-0.416,0.801,1.043,1.331,0.541,-0.949,-0.439,-1.318,1
102680,-2.966,0.33,1.503,-0.357,-1.637,-1.047,0.902,-0.343,1
103983,-0.507,-0.422,0.769,0.456,2.072,-0.509,0.34,0.024,1
102548,-0.29,-0.941,0.865,1.758,-0.172,-0.125,1.09,0.138,0
103078,-0.576,-0.945,-0.943,0.166,1.365,-1.304,1.639,0.211,0
101010,0.904,1.339,0.446,0.311,0.11,-0.449,-2.187,0.16,1
102628,-1.996,0.441,-1.288,0.544,0.179,0.306,0.679,-0.34,0
101438,0.784,-0.237,-0.185,-0.613,-2.332,0.637,-0.104,0.865,1
102366,0.966,0.376,0.096,-1.254,1.781,-0.578,0.375,-0.697,1
101971,1.44,-0.32,1.209,-0.141,-1.105,-0.259,-0.79,0.619,1
101710,0.606,1.636,-1.281,1.569,-2.251,-2.011,1.802,1.296,1
102482,-1.634,-1.081,1.735,-1.048,-0.361,-0.048,1.374,0.886,0
103370,0.923,-0.931,1.062,1.662,-0.554,-0.714,0.463,-0.179,1
101669,0.13,-1.174,-0.199,-0.778,1.312,-0.733,-0.03,1.46,1
102192,-0.814,-0.926,1.776,-0.36,-0.468,0.155,-0.462,0.819,0
101125,0.505,0.009,1.112,0.202,-0.688,-1.166,0.009,1.647,1
103305,-1.833,0.147,0.131,-1.892,-0.539,1.567,0.789,0.772,1
103669,0.146,0.282,-0.061,0.887,0.77,-1.455,0.214,-0.489,1
102926,-0.627,0.977,1.507,-0.032,0.982,-0.361,0.473,0.57,1
102337,-0.111,-0.443,-0.81,-0.273,-0.653,-0.103,-0.471,1.105,0
103011,-1.056,2.256,0.193,0.295,-1.561,0.67,0.89,-0.768,1
102059,-1.199,0.006,2.132,1.491,0.885,-1.192,1.108,-0.763,1
101198,0.496,1.4,0.063,1.214,-1.276,-0.155,-0.121,0.747,1
101628,-1.242,-0.083,0.205,0.177,-2.344,0.02,-0.047,1.059,0
101409,0.455,1.622,-0.897,-1.864,-1.99,-0.728,-0.385,-0.407,1
103740,0.125,0.55,-0.951,-0.545,-0.973,1.223,-0.038,-1.694,0
102740,0.429,0.78,-0.707,-0.241,-0.22,0.67,-0.343,-0.78,1
103442,1.104,1.138,2.079,0.532,0.291,-1.382,0.468,-0.152,1
102198,0.8,-1.236,0.162,1.306,-1.33,0.993,0.453,0.132,0
103760,-1.271,0.885,-0.063,-2.296,-0.379,1.074,0.808,-0.169,0
102201,-0.525,1.585,-0.492,-1.811,-0.104,-0.237,0.323,-0.988,1
102299,0.504,0.429,-1.227,-0.902,-0.872,1.112,0.941,0.52,0
103764,1.242,-0.006,-1.076,-1.114,-0.195,-1.439,0.186,1.823,0
101013,1.066,2.453,1.182,0.538,-0.226,-0.462,-0.067,-0.664,1
103950,2.422,1.128,-0.938,1.421,1.111,-0.622,-0.958,0.373,0
103619,0.672,0.849,1.313,1.768,0.39,-1.802,1.272,0.484,0
101656,1.301,-0.183,-1.432,1.142,0.553,0.147,-1.162,0.892,0
101536,-1.253,-1.012,0.63,-2.136,1.829,0.595,-0.231,-0.414,1
101967,0.274,0.627,0.218,-1.258,0.29,0.655,0.075,-0.202,1
103588,-0.518,0.525,0.396,0.636,0.597,-0.279,-0.989,-1.45,1
102665,-1.775,-0.733,0.818,-0.721,-1.89,0.844,1.659,0.852,0
102662,1.263,-0.351,1.518,-0.948,-0.436,0.459,0.832,-2.794,1
103401,-0.489,0.277,0.456,0.69,2.011,-0.281,1.244,-0.742,1
103211,0.588,1.571,-1.571,2.008,0.485,0.716,-1.124,-0.016,1
102135,0.629,0.582,0.613,-0.803,-0.028,0.331,1.321,-0.16,0
102593,-0.502,1.276,0.242,0.498,-1.512,-0.808,-0.222,-0.986,1
102458,-1.219,-1.482,0.589,-0.821,-1.465,-1.582,1.364,1.64,0
101482,-1.523,-1.219,0.364,-0.069,-0.252,-0.171,-0.557,-0.179,0
102244,-1.339,0.586,-1.236,-0.493,-0.806,-0.008,-1.113,0.256,1
103582,-0.417,0.189,1.12,0.757,-0.394,0.006,0.993,1.687,1
103178,-0.014,1.868,-0.021,0.099,-0.049,-0.937,0.28,1.469,1
103779,-1.461,0.22,1.688,-0.588,1.867,-0.778,1.339,0.926,1
101693,-1.905,-2.049,-0.738,0.626,0.929,0.102,1.478,0.507,0
103600,1.204,-1.425,0.015,0.376,0.473,0.038,0.249,0.769,0
103073,1.396,-0.724,-0.898,2.829,-1.886,0.297,-0.09,-0.917,0
103120,-0.409,-1.65,0.371,3.016,0.848,0.72,0.698,0.713,0
103546,-0.908,-1.225,0.688,-0.357,-0.812,-1.195,-0.457,1.348,1
102539,-1.235,-0.911,0.35,1.858,1.052,-1.083,0.388,0.208,0
102578,0.328,-1.049,0.836,0.98,-0.761,0.513,-1.567,1.891,0
103060,0.562,-1.306,0.573,0.549,1.602,0.65,0.532,-0.307,1
102471,-0.173,-1.013,-0.792,1.004,-0.819,-0.049,-0.478,-0.901,1
103723,0.121,-1.364,0.778,-0.096,0.156,-0.014,-0.213,1.375,1
103454,1.391,1.842,1.36,-0.564,0.847,0.374,-0.531,0.009,1
103256,1.865,-0.625,-0.986,0.78,1.512,-1.351,-0.597,0.706,1
103351,0.337,-0.083,-1.591,0.13,0.708,0.196,0.362,1.791,0
102600,1.206,1.46,-1.121,-0.567,-0.586,0.588,-0.016,-0.256,1
102533,0.355,-0.398,0.918,-0.331,0.844,1.445,-1.297,-0.163,0
102906,0.846,2.277,0.273,-1.128,0.544,-0.858,0.113,0.06,0
103388,-0.599,0.679,-0.416,0.634,-0.696,0.987,-1.987,0.496,0
101811,-2.241,0.805,0.392,-1.245,0.503,-0.328,0.195,0.962,1
102370,0.185,0.883,0.341,-1.326,0.456,2.062,-0.908,0.206,0
101153,-2.029,-1.381,-0.793,0.912,0.553,-0.352,0.218,-0.224,0
102328,-0.403,-0.29,0.584,0.488,-0.444,-0.123,-1.231,-0.501,1
101042,0.33,1.332,-0.669,-0.92,-0.848,-0.742,0.167,-1.413,1
102240,-1.131,1.465,1.782,-0.728,0.384,0.875,0.552,0.034,1
102418,0.345,0.802,-0.63,-1.654,-1.623,-1.892,1.021,-1.908,1
101878,0.193,-0.697,-1.447,0.333,-0.112,0.37,0.969,-1.544,0
102949,-2.394,-0.031,0.448,-0.104,0.858,-0.48,0.69,0.351,1
103558,-0.494,-0.294,-1.471,-1.31,0.069,0.627,0.453,-0.077,1
102483,-0.55,-1.369,0.856,-0.337,-1.333,0.988,-1.255,-0.972,0
101359,0.193,0.247,-1.101,-0.071,1.247,1.989,0.5,1.66,0
101055,-1.828,-0.269,-1.803,-1.206,-0.497,0.082,-0.286,1.005,0
101879,-0.287,-1.3,0.173,-1.377,-2.684,1.242,-1.135,-0.598,0
102318,0.88,-0.544,-0.242,1.657,0.547,2.75,0.138,-1.096,0
101026,-0.207,-0.679,1.734,0.194,0.6,-2.909,-0.432,-1.163,1
101680,2.462,-1.435,0.24,0.518,0.673,-0.623,-0.368,-1.449,0
102238,-1.088,0.162,-1.007,-0.145,-0.478,-1.265,-0.122,0.553,0
102513,0.461,-0.881,-1.978,0.6,-0.382,0.452,0.807,-1.448,0
101135,-0.55,0.719,1.788,-0.902,0.322,0.482,-0.306,0.392,1
102534,-0.269,-0.578,0.105,0.6,0.014,0.263,-0.26,0.218,0
103258,-0.065,1.538,-0.304,-1.799,0.725,2.164,0.811,-0.462,1
102377,-1.668,0.534,-0.554,1.909,1.011,0.953,0.607,0.261,0
103988,0.785,-1.721,-0.152,-1.311,-0.977,0.927,0.842,1.14,0
103103,-0.392,-0.214,-0.001,0.855,-0.738,-1.645,1.214,-1.328,0
102000,-1.814,0.543,0.194,-1.926,0.063,-0.697,-0.135,-1.179,0
102862,-0.922,-0.636,0.313,-1.179,1.313,0.71,-0.849,1.664,1
103264,0.116,1.406,-0.377,0.494,-0.996,0.788,-1.55,-1.045,1
102064,1.071,0.936,0.91,-0.659,0.123,-0.501,-1.636,-1.341,1
101396,1.089,0.215,-0.774,-0.53,0.823,-0.699,-1.171,0.351,1
103919,-0.264,1.367,-0.663,-0.197,0.249,-1.619,-0.883,1.195,1
101053,1.44,-0.705,-1.024,-1.949,-1.16,0.809,-0.799,-1.023,0
103293,-2.179,0.174,1.0,0.973,-0.86,-1.306,0.824,-0.178,1
101178,1.315,1.059,0.836,0.413,-0.202,-1.086,0.967,-0.432,1
101507,0.762,-0.628,-2.02,-1.71,-0.907,-0.202,0.001,0.522,0
101300,0.178,0.404,-0.558,0.769,-0.621,0.995,1.706,0.841,0
102552,1.308,-1.03,-0.018,1.44,0.523,-0.456,0.765,0.529,0
102663,-1.699,1.256,1.421,-0.113,0.333,-1.599,0.526,-0.135,1
103633,0.144,-0.888,-0.041,-0.851,0.155,0.362,-0.359,-0.122,0
102001,0.785,0.664,1.007,0.501,0.52,0.57,1.243,0.036,1
101078,-0.595,0.619,-0.084,-1.421,-1.93,-0.153,1.635,1.179,0
101995,-0.563,0.103,0.588,-1.697,1.949,-0.143,0.682,-2.226,1
101726,-1.159,1.047,0.639,-0.684,-0.309,-0.902,1.691,2.664,0
101228,1.292,-0.642,0.432,-0.513,-0.209,-0.45,-1.576,-0.633,0
101818,-0.521,0.138,0.079,-1.387,0.426,-0.232,1.863,-0.213,0
102397,-0.056,0.172,-0.338,0.391,-0.06,0.186,0.1,-0.375,1
101988,1.288,0.635,-0.48,0.271,1.125,0.6,-1.817,-0.032,0
101029,-1.346,-1.029,1.378,-0.307,1.167,-1.051,0.848,0.187,1
102657,-0.334,0.277,0.022,-1.3,1.857,1.261,-0.043,0.371,1
101561,1.394,1.542,0.799,-1.397,-0.655,-0.207,0.517,1.329,1
101225,1.91,0.57,0.54,-0.041,1.125,2.776,0.277,-0.248,0
101005,-0.065,-0.945,-0.386,-1.069,0.567,-0.95,1.426,-1.967,0
102227,-0.629,-1.983,1.408,0.204,-0.536,0.628,-1.633,-0.362,0
101444,-0.185,0.475,0.667,-0.739,2.296,0.322,-0.099,1.874,1
101032,0.931,1.501,-1.388,1.651,-0.377,-0.652,-0.18,1.524,1
101965,-0.688,0.259,0.814,0.782,1.009,0.799,0.609,0.08,0
102681,1.6,-1.008,1.243,-2.048,-0.511,-2.101,1.02,0.868,0
101893,-0.388,-0.903,-0.656,-0.949,-0.635,-0.819,0.715,2.014,0
101668,0.728,0.193,-0.275,-0.212,1.543,0.48,-0.367,-1.517,1
103210,-0.604,-1.261,-0.726,0.542,-0.326,-2.517,-1.864,0.589,0
102358,1.072,1.683,0.263,-0.533,1.839,0.038,0.991,0.184,1
102406,-0.795,0.378,-0.575,-0.036,0.285,2.249,-1.285,1.476,1
103553,2.26,0.181,-0.506,-0.308,0.718,-1.009,-1.438,-2.507,0
102396,1.296,-0.635,-0.306,0.968,0.145,-0.625,2.869,-1.843,0
101151,1.456,-0.359,-1.031,0.897,-1.072,-1.512,-0.512,0.371,0
103668,0.065,0.716,-0.635,2.558,-0.377,-0.922,-1.661,0.097,1
101222,0.273,0.193,-0.996,0.576,-0.481,-2.068,-0.218,0.446,0
103489,0.021,0.157,1.223,-0.517,-2.175,0.337,1.114,-0.692,1
101702,0.681,0.863,-0.372,0.092,-0.366,-1.126,1.109,1.918,0
102666,-0.538,-0.356,0.478,1.081,0.223,-0.143,0.864,0.342,1
103665,-1.507,-0.154,1.677,1.448,-0.272,0.783,-0.026,1.08,0
102444,0.816,-0.179,0.984,0.42,-0.243,0.837,-1.57,0.471,1
101854,1.58,1.493,0.121,-1.529,0.417,1.494,1.175,-1.991,1
102832,-0.56,0.214,-1.043,-1.308,1.314,-0.671,0.773,-0.171,0
102586,-0.064,0.898,-0.571,1.676,-1.583,0.157,0.811,-0.178,0
102525,0.086,0.229,-0.12,-0.501,0.987,-0.297,0.058,-2.909,0
101113,0.077,0.34,-0.399,-0.713,-0.212,-0.261,0.416,0.212,1
103096,-0.108,-0.466,-1.007,0.447,-1.297,-0.042,-1.551,-0.313,1
103337,-0.892,-0.795,0.538,0.103,1.129,-1.291,0.656,-0.459,1
102100,1.234,0.765,0.765,-0.402,0.229,1.069,-1.107,0.927,1
101206,0.432,-0.666,-0.433,0.028,-2.486,-0.823,-0.614,-0.551,1
103533,0.944,1.972,0.095,0.259,-1.362,-0.446,0.286,-1.772,1
102147,0.999,-0.948,-0.818,0.15,0.686,0.969,-1.526,-0.069,1
102821,-0.408,-0.291,-0.809,0.27,1.225,2.138,-0.678,-0.683,1
102410,0.369,-1.645,-3.061,-1.086,-0.733,-1.166,-0.514,1.174,1
101889,-2.265,0.053,-0.326,0.873,-2.067,0.737,-1.659,-0.483,0
103971,-2.37,-0.932,0.905,0.45,-0.965,-1.326,1.928,-0.027,1
101899,1.719,-0.467,-0.149,0.814,0.086,0.26,0.501,-0.977,0
101832,0.136,1.22,1.978,0.089,0.449,-0.926,-1.219,-1.249,1
102245,-0.939,-0.049,-0.033,-0.076,1.313,0.164,-0.487,-0.705,1
103982,0.586,-0.995,0.546,1.381,2.132,1.395,0.597,0.283,1
102241,-0.373,-0.142,-0.381,1.711,-1.226,-0.199,0.345,-0.86,0
102982,-0.902,0.327,0.887,0.05,-0.093,0.433,-0.668,-0.874,1
101869,-1.377,-0.13,0.55,0.417,-1.089,2.317,-1.067,-0.629,1
102659,-0.825,0.506,-0.655,-0.824,1.542,-0.282,-0.418,-0.776,1
101673,0.43,0.846,-0.39,-0.275,1.868,-0.95,0.623,1.445,1
103456,1.415,0.701,0.241,-0.124,1.797,-0.918,-1.193,-0.527,1
102374,1.005,-2.276,0.069,-0.554,-0.503,-0.211,0.232,0.373,0
102676,0.138,-0.799,0.866,-0.388,0.173,-0.247,-0.237,1.009,0
103598,0.27,0.071,-0.308,1.222,1.107,-1.321,-0.613,0.128,0
101139,0.185,-0.901,-0.875,0.138,1.878,-1.71,-0.042,0.524,1
101489,0.331,-1.565,-0.648,-2.456,-1.639,-0.85,0.447,-0.043,0
101913,0.622,-0.101,-0.583,0.419,-1.169,0.274,-0.927,1.164,1
102615,0.567,-1.073,0.377,1.988,0.548,0.529,1.133,0.475,0
102671,-0.138,1.445,-0.389,-0.827,-1.361,0.728,-0.395,-0.449,1
103213,0.851,0.629,-1.752,-0.051,0.443,0.322,-3.056,-1.162,1
102898,0.523,-0.875,0.071,-0.958,-0.342,0.514,-2.487,-1.668,1
103561,-0.108,1.27,-0.099,-0.587,-0.591,-0.536,-0.401,-0.736,1
101812,0.592,-0.082,-0.439,0.951,-1.128,0.295,0.881,1.337,0
101214,0.52,-0.523,-0.25,0.69,1.513,-0.252,0.116,0.471,0
102943,-1.261,-0.389,-0.326,-0.887,0.699,-1.452,-1.228,-0.077,1
103179,0.842,1.154,-0.074,-0.032,0.605,-1.175,-0.216,-1.097,1
101314,-0.972,1.014,-1.029,1.396,0.111,0.503,-1.095,1.531,1
103186,-1.089,0.285,0.124,-0.526,-0.105,2.328,1.513,-0.93,0
101416,0.143,0.574,-0.074,-0.406,-0.236,0.782,-0.522,-0.083,1
102029,0.059,0.662,0.815,0.835,0.275,0.75,-0.05,-0.883,1
103086,0.564,0.555,0.665,-0.768,0.188,0.603,0.608,-0.553,0
103101,-1.032,1.252,1.388,0.037,-0.505,-1.571,1.23,-0.363,1
101136,-0.462,1.323,-1.567,0.351,-0.467,-0.021,-0.862,-2.948,1
101746,1.854,0.515,-0.373,1.216,1.277,-0.701,-0.056,0.215,1
102474,0.281,-1.925,1.36,-0.476,0.955,0.411,-0.69,0.07,0
102122,1.607,-0.224,0.153,-2.332,0.728,0.473,0.494,-0.545,0
101793,0.842,-0.011,-1.013,0.075,1.605,0.951,1.221,-0.88,0
101035,-0.257,0.108,1.984,0.412,1.002,0.532,0.647,1.208,1
101025,-1.951,-0.046,-0.365,-0.722,0.24,-1.23,-0.239,-2.517,1
101657,-1.052,-1.093,-0.066,0.99,0.045,0.129,-0.935,0.964,1
102402,1.809,1.274,-0.404,0.605,-0.168,-1.058,-0.789,-0.526,0
101449,0.995,-1.488,0.797,-1.656,1.981,0.364,0.923,-0.602,1
102401,-1.432,0.8,0.587,-0.103,0.549,1.355,-0.973,1.168,1
102258,-0.454,0.389,1.879,0.359,-1.287,0.519,0.88,-1.96,0
103350,-0.887,0.642,0.476,1.212,-0.279,1.416,-0.696,0.288,1
101751,0.033,-0.702,-0.524,0.289,-0.104,0.531,1.456,0.006,0
102270,0.366,0.646,1.182,0.32,-0.795,1.704,0.187,0.807,0
103957,0.4,0.56,-0.072,-0.371,2.173,0.369,-0.837,-1.375,1
102449,-1.494,-0.596,-1.901,-0.315,0.537,0.334,-1.628,1.64,1
103421,-0.762,1.952,-0.419,1.139,-0.008,0.797,-0.858,0.468,0
102052,-2.321,0.869,0.6,-0.234,-1.15,-0.073,-0.217,0.24,0
103437,0.006,0.224,-1.197,1.705,1.082,-0.308,0.279,-3.554,0
101244,-0.401,0.145,0.171,-0.525,-0.483,-1.244,-0.503,1.6,1
103151,-1.638,1.089,1.171,-0.103,0.862,0.338,-0.147,-1.289,1
101276,1.164,1.528,-0.071,-0.082,-0.123,-0.263,-0.111,1.386,1
103441,0.151,-2.383,-0.718,-0.104,1.03,0.956,0.284,-0.381,0
103158,0.271,-0.599,-0.227,0.08,-0.92,-1.819,0.242,1.219,0
101588,0.851,0.417,-0.362,0.577,0.804,-0.131,-0.992,0.483,0
103207,-0.744,-1.701,-0.654,0.493,-0.16,0.538,-0.715,-0.287,0
101970,-1.97,-0.042,-1.469,0.991,-1.216,0.095,-1.634,0.404,1
102947,-1.308,-0.173,0.024,-1.266,-0.396,1.408,-1.688,0.066,1
103569,0.344,0.482,-0.127,-0.249,-0.438,0.951,-1.42,0.031,0
103623,0.737,0.076,-0.217,-1.595,0.062,2.429,-0.952,0.076,0
103387,-0.747,-0.222,0.788,0.296,-1.874,0.475,-0.494,0.226,1
103377,-1.459,2.097,-2.029,0.308,-1.25,-2.548,-0.585,2.358,1
102759,-1.278,-0.305,-0.408,-0.481,-2.236,-0.748,-0.475,1.224,0
103181,-0.741,-0.116,0.825,0.011,0.845,-0.239,0.429,2.436,1
102323,-1.303,-0.037,-0.941,-0.381,0.79,2.916,1.011,-0.575,0
101167,1.285,0.835,0.204,0.476,-0.091,-0.089,0.367,0.175,1
103272,-0.48,0.101,-1.543,0.923,0.483,-0.848,-0.769,1.023,1
101927,1.74,0.602,0.063,0.823,0.913,-0.123,1.107,-1.561,1
101024,1.428,0.254,0.941,0.889,-0.257,1.161,-0.05,0.383,0
101806,-0.763,0.971,0.629,-0.273,-0.811,-1.076,0.229,-0.076,1
101443,0.403,-1.469,-0.75,0.608,0.15,-0.688,-0.261,-0.124,1
102779,-0.03,0.959,0.663,-1.054,1.143,-0.358,1.924,-0.583,1
101150,0.758,-0.453,-1.545,-0.342,0.025,0.233,1.381,0.338,0
103790,-0.164,-1.005,1.337,-0.413,-1.413,2.046,0.096,-0.022,1
103142,0.552,0.72,-0.398,0.335,-0.348,-0.14,-0.29,-0.013,0
101754,1.62,0.964,-1.032,0.128,0.537,-0.907,0.414,-1.318,0
103265,-0.819,0.524,0.113,0.83,-0.467,-0.921,2.146,-0.061,1
103429,-0.285,-0.851,0.042,-0.288,0.139,1.938,-0.343,1.657,1
102047,0.584,-0.896,-0.467,-0.532,-1.15,-1.957,0.91,0.092,0
101780,-1.304,0.579,-0.07,0.405,0.192,0.311,-0.328,0.985,1
101900,-1.206,-0.65,0.908,2.536,-1.087,0.361,-2.107,-0.168,1
101864,2.442,-2.35,-0.3,0.42,0.528,0.04,-0.25,0.322,0
102952,0.986,1.419,1.07,-0.422,-1.868,0.349,0.569,-0.203,0
103340,-1.105,1.248,-1.151,1.349,2.066,1.141,-0.546,0.166,1
102197,1.564,-0.103,-0.293,0.315,-0.237,0.993,-1.193,0.214,1
101100,0.923,-0.86,0.55,3.061,-0.189,-0.116,0.988,-0.981,0
102049,0.761,-0.608,-1.193,-2.253,-0.478,-0.694,-0.318,-0.326,0
102627,-0.249,0.343,0.63,0.263,1.535,0.164,1.388,1.247,0
103443,0.445,-0.093,-0.982,-0.524,-1.086,-1.346,-0.005,-0.393,0
103537,-1.414,-0.431,-0.517,-0.378,0.247,0.818,1.399,0.678,0
102271,0.25,0.263,0.344,-1.35,0.988,1.079,0.794,0.143,0
102758,-0.439,0.346,1.167,-1.104,-2.325,0.061,-1.265,-2.766,0
103683,0.363,0.372,0.893,0.23,-0.235,-1.274,-1.453,-0.745,1
102378,-0.592,0.144,1.936,1.347,0.214,0.388,0.147,-1.171,0
101766,1.222,0.676,-0.086,-1.91,0.164,-0.798,0.375,-0.436,1
101750,0.302,-0.786,-0.294,-0.177,-0.265,0.286,-1.101,1.07,1
101962,-0.398,1.006,0.772,-1.755,0.151,-0.257,1.668,-0.231,0
103715,1.428,-0.084,-0.382,-1.178,-0.702,-0.094,0.087,1.328,0
103290,1.082,-0.72,0.877,0.242,-1.121,-0.916,-0.13,0.255,1
101168,2.464,0.225,0.394,2.073,-0.906,0.108,1.233,0.214,0
101073,-0.363,-0.217,-0.649,-0.392,-2.143,-0.084,0.65,1.851,0
103972,0.374,-0.499,-1.537,-0.8,-1.117,0.529,-0.051,0.055,0
102883,-0.265,-0.668,-3.021,-0.845,-0.604,0.501,-1.352,0.393,1
103166,-1.079,-1.718,0.34,-2.014,0.425,-1.142,-0.066,0.961,1
102138,0.581,-0.598,-2.045,0.611,-0.378,2.274,0.135,-1.453,0
103568,-0.381,0.049,-0.171,1.481,0.572,2.356,1.272,0.374,0
101992,0.499,-0.011,-0.291,-0.357,-0.197,-0.426,-1.481,-0.845,1
103053,-0.935,0.822,-0.469,-0.179,0.75,1.231,-1.716,0.181,1
102499,0.114,-1.939,1.38,-0.293,0.464,-0.043,-1.52,1.916,1
103302,-0.337,-0.127,1.452,-0.182,-0.028,-0.038,0.009,-1.011,1
102905,1.424,-1.701,0.826,0.241,0.934,-1.641,0.762,-0.839,0
102093,1.159,0.58,-0.239,-0.591,-0.581,0.093,-0.829,-0.071,0
102384,0.733,-0.828,-0.281,0.555,-1.842,2.449,-0.938,1.723,0
103431,-0.387,-1.129,-0.14,0.765,1.123,2.982,0.153,-1.374,0
102738,1.176,-0.396,0.34,0.437,0.012,0.645,-1.153,-1.64,0
103647,1.603,0.371,0.105,-0.326,0.545,-0.949,-1.112,-0.406,1
102503,-0.195,0.847,0.363,1.273,-2.092,-2.316,-0.161,-0.538,1
103564,2.75,0.613,0.832,0.906,-0.986,0.372,0.239,0.059,0
102631,0.79,-0.435,0.579,-1.889,-0.798,0.663,0.409,-1.0,1
103102,-1.289,-0.332,-0.584,0.519,0.131,0.367,1.03,-0.903,0
103515,-0.209,0.154,0.588,-0.138,-1.705,0.201,0.298,-1.245,1
101266,1.394,1.129,0.35,-0.744,0.155,1.15,0.514,0.005,0
102033,0.558,-0.659,0.012,-0.539,0.38,1.266,-0.224,0.292,0
102829,0.741,1.567,0.927,-0.353,0.081,2.0,-0.413,1.888,0
103585,-0.033,0.464,-0.946,-0.92,-0.264,0.34,1.192,-2.063,0
102844,-2.046,0.154,0.171,0.896,0.909,-1.761,-0.616,-1.574,1
103107,-1.12,0.112,-0.019,-0.015,-1.229,-0.008,-0.963,0.809,0
103640,0.76,0.114,0.436,0.17,0.897,1.615,-2.167,-0.852,0
103214,0.508,0.853,0.454,-0.933,0.693,0.92,0.222,-0.36,1
101144,-0.008,-0.266,-1.087,-1.222,1.342,-1.487,0.744,0.122,1
101331,-0.522,0.681,-0.164,0.0,-0.68,-0.083,-0.41,1.05,0
102973,0.762,-0.92,-0.694,-1.076,-0.797,0.461,-0.086,1.047,0
101247,0.515,-1.065,-0.033,-0.65,0.121,-1.162,-2.061,0.562,0
101373,-0.767,-0.093,-1.772,1.469,-1.128,0.264,0.362,-0.094,0
101380,-0.129,-0.343,-0.039,-0.283,0.799,-0.511,-1.923,0.818,1
103547,0.785,-0.548,-1.127,-0.085,0.415,-0.195,1.011,1.311,0
101320,-0.279,-0.95,0.175,-0.401,-0.211,1.261,0.273,0.758,0
103239,1.264,-0.238,1.046,-0.411,0.045,-1.302,1.194,-2.371,0
101636,0.189,-2.113,-0.721,0.101,0.374,-1.967,-0.108,0.053,1
102587,0.618,-0.379,0.815,0.926,-1.323,-1.686,0.033,-1.202,1
102331,0.52,-0.803,1.76,-0.752,-0.628,0.271,0.14,-0.431,1
103841,-1.904,0.88,0.92,-0.732,-0.681,-0.406,1.726,-1.112,1
103637,1.025,0.228,0.943,-0.958,1.997,0.524,2.602,0.605,0
103614,0.921,-0.384,1.167,-0.157,-1.01,-0.001,-0.317,-1.062,1
103282,0.079,0.184,-1.563,-0.807,-0.539,0.593,-0.313,0.968,1
102214,0.429,-1.257,0.722,-0.507,0.266,-0.079,-0.276,-0.824,1
101430,-1.26,-0.867,-0.483,-0.46,0.922,0.463,-0.794,-0.43,0
102010,-0.245,-1.007,-0.297,0.878,-0.101,-0.605,-0.239,-1.032,0
101191,-0.384,-1.024,-0.423,-0.183,-0.426,-0.899,0.87,0.965,0
103654,-1.231,-0.045,-0.245,1.171,1.001,0.757,-0.757,-0.408,0
102175,-0.176,2.487,0.29,0.244,-0.516,0.773,-0.055,0.864,1
101435,1.072,-0.969,0.03,-0.698,-0.707,1.719,0.997,-0.775,0
103734,-0.21,0.057,0.324,1.797,0.838,-0.544,-0.587,-0.617,0
102690,-1.263,-0.805,-0.176,-1.644,-1.088,0.033,0.621,0.38,1
102942,-1.153,-1.196,0.427,-1.544,0.492,-0.128,-0.729,0.986,1
102280,-1.715,0.48,-0.12,0.527,0.39,-0.006,-1.009,-0.087,1
102899,-1.469,-0.981,0.788,-1.583,-0.006,0.961,0.463,1.55,0
102186,0.997,-1.471,-0.126,1.212,-1.943,-1.033,-0.261,-0.388,0
102016,-1.239,0.347,0.906,-0.207,-1.266,-1.647,-0.52,-0.477,1
103232,-0.254,-1.405,2.245,0.452,1.331,-1.586,-1.718,1.465,1
101687,-0.049,0.625,0.025,-1.218,-1.547,-1.841,1.627,0.727,1
102565,1.479,1.081,-1.138,1.1,1.459,0.955,0.004,0.104,0
101638,-0.425,1.555,0.052,0.555,0.189,-0.172,-1.642,-0.62,1
101569,-0.939,0.43,-0.665,-0.496,-1.832,-1.411,-0.42,-1.445,1
101933,-1.054,-0.328,0.289,-2.291,-0.465,1.212,-0.077,0.1,1
102407,0.103,-0.883,-0.382,-0.75,0.878,0.662,0.661,0.86,0
102169,1.442,0.792,2.317,2.073,0.857,0.156,-1.358,-1.126,1
102360,-0.227,0.388,-0.153,-1.025,0.261,0.123,-0.737,-1.63,1
101533,0.903,0.822,-0.637,1.914,-2.87,-1.567,1.069,1.292,1
103995,-0.592,0.048,0.847,0.336,0.907,0.539,0.009,-2.215,0
102822,-0.642,0.042,0.932,-0.843,0.263,0.056,-0.636,0.068,1
103714,0.943,-0.711,0.625,-0.274,-0.008,-1.741,0.368,-1.409,0
101196,0.15,0.811,1.107,0.459,1.922,-0.88,-0.294,0.515,1
103481,0.559,-0.845,-1.103,-0.218,-0.375,-1.012,-0.813,-0.16,0
102802,0.13,0.201,0.421,-1.663,0.712,-0.784,-0.013,1.303,1
101495,-0.352,-1.364,-0.213,0.077,0.781,-1.923,1.545,0.65,0
103639,-0.098,-2.47,1.322,0.529,-0.413,0.455,-1.072,-0.263,0
101936,0.445,0.81,1.144,1.03,-0.247,0.188,0.029,1.203,1
101979,0.626,0.848,1.553,-1.949,1.94,-0.004,-1.645,0.346,1
103428,0.752,-0.266,0.377,0.459,-0.126,-1.108,-0.709,0.555,1
103075,0.092,-0.645,1.092,1.07,1.13,-0.288,-0.701,-0.907,1
102301,1.078,-1.076,0.144,-1.367,0.398,0.368,-0.08,-0.687,1
102813,-0.387,-0.493,0.753,2.0,1.109,0.138,-1.102,0.788,1
102655,-1.448,1.06,0.491,-0.213,-0.11,1.449,0.538,0.202,1
101395,-0.432,-0.617,1.224,0.707,0.492,0.565,-0.076,-1.71,0
103368,-0.282,-0.811,0.14,-1.526,1.71,-1.307,-0.063,-0.399,0
102705,0.314,-0.059,0.221,-0.904,0.763,-2.418,-0.651,0.371,1
101147,-0.979,0.133,0.813,1.097,-0.093,1.153,1.544,0.995,0
101797,-0.102,-0.566,-1.755,1.103,0.473,1.653,0.686,0.023,0
102750,0.73,0.742,1.475,0.319,2.151,0.921,1.72,0.539,1
101623,-0.644,0.853,0.04,0.271,-0.047,2.509,0.948,0.516,1
103286,1.616,-1.534,0.467,-0.928,-0.191,0.034,0.054,0.781,0
103028,-0.591,-0.064,-1.15,1.811,0.801,-0.157,-0.466,-1.705,1
102009,-0.858,-0.026,-0.001,-0.891,-0.291,1.287,-0.817,0.9,1
102518,-1.103,1.814,0.429,0.063,-0.377,-0.265,0.648,-1.619,1
101910,1.876,-0.405,1.256,0.009,0.566,-0.741,0.863,-0.072,1
102622,1.102,1.646,2.212,0.876,1.521,-2.458,-0.367,-0.172,1
101895,1.404,-0.66,0.012,0.886,-0.191,2.059,2.503,-0.841,0
102473,0.69,-0.099,-1.96,1.452,0.495,-0.256,0.169,0.123,0
103821,-0.618,0.761,-0.036,0.841,-1.848,0.951,0.632,1.255,0
102361,0.101,0.384,1.215,-0.471,0.762,1.008,-0.547,1.217,1
101106,-1.18,-0.911,-1.133,0.447,0.377,0.421,-0.249,1.026,0
101350,0.487,-0.447,-0.158,-0.1,-0.022,-2.594,-0.996,1.869,0
102547,1.236,1.252,1.048,-0.575,-0.75,-1.154,-0.385,0.269,1
101650,0.289,2.832,-0.474,-1.002,-1.755,-2.093,0.412,0.338,1
101389,1.704,-1.833,1.115,2.139,1.187,0.224,1.168,1.142,0
102472,-0.482,0.921,1.767,-0.447,-0.167,-0.152,0.093,0.446,1
102117,-0.967,1.266,-0.102,-0.92,0.261,0.44,0.583,-0.478,0
101554,0.035,-0.34,0.485,0.465,-0.035,0.523,0.292,-0.068,1
101299,0.833,0.0,-0.152,0.214,1.06,0.16,-1.164,-0.6,1
101170,-0.978,-0.827,0.738,0.284,-1.101,-0.716,-0.216,-0.616,0
102276,1.079,1.678,0.976,-0.044,0.171,-0.707,0.091,-1.01,1
103354,0.198,-0.604,-0.492,1.761,0.407,0.346,1.691,0.512,0
101415,-0.229,0.341,-0.226,-0.818,0.112,-0.951,-1.112,-1.874,1
103965,0.821,1.075,1.468,-1.992,-0.456,2.309,-0.268,0.113,1
101764,-0.049,-0.398,0.216,-0.603,-0.085,1.112,0.453,-1.569,0
101428,0.216,-0.293,-0.903,0.412,-0.745,-0.425,1.103,0.688,1
101186,0.278,-1.132,0.292,0.634,-1.04,0.188,-0.582,-1.269,0
102839,-0.239,0.384,0.848,0.569,-0.27,-0.024,-0.644,1.362,1
102914,0.78,0.154,-1.267,0.324,-0.538,-2.149,0.742,-0.445,1
103317,-1.362,0.603,-1.728,-0.461,-0.167,-0.612,-0.615,1.155,1
102889,-0.656,0.39,-1.159,2.5,-0.43,1.313,1.543,-0.407,0
101630,1.665,-1.384,-1.303,-0.811,-0.967,-0.733,-1.056,-0.373,0
101950,-1.746,0.621,1.673,-1.023,-0.641,1.277,-1.259,-1.01,1
101162,0.024,-1.363,0.52,0.029,0.301,-0.577,-0.969,-0.995,1
101413,1.468,-0.062,1.115,0.075,0.794,-0.104,-1.537,-0.597,0
102073,-1.255,-0.685,-0.091,-0.256,0.729,1.566,0.438,0.468,0
103143,-0.656,0.96,-0.721,-1.52,0.044,-0.456,-1.896,1.562,0
103146,0.798,-0.411,-1.789,1.048,0.03,-0.462,0.322,-1.624,0
103017,-0.544,-1.359,-0.105,0.64,-0.487,1.262,1.307,-1.045,0
102030,-0.092,0.581,0.962,1.867,-0.331,-0.993,-0.995,0.234,1
101876,-0.419,-1.512,-0.231,1.072,1.83,-0.591,-0.002,0.486,1
101817,-0.458,-1.191,-0.625,-0.54,0.488,-0.483,0.531,-0.579,1
101822,-1.023,0.206,-1.19,0.479,-0.423,-0.95,-0.125,2.382,1
103255,0.291,1.413,-0.595,1.011,-1.603,-0.252,-2.442,-0.572,1
101872,0.709,1.269,-0.354,-2.033,0.431,-1.557,1.85,0.265,0
101245,-0.167,-0.931,-0.633,-0.732,-0.102,-0.814,1.138,-0.803,0
101229,1.248,-1.109,0.107,-1.708,1.035,-1.343,-1.13,-0.163,1
101906,-1.141,0.694,-0.21,-1.354,1.221,1.215,1.134,-2.344,1
103056,-2.611,0.477,-0.016,-2.399,-0.883,-0.542,1.436,-0.194,0
101896,-0.614,-0.075,0.326,1.132,1.883,-0.74,-0.077,0.821,1
103235,-1.259,0.191,0.896,-0.612,0.158,0.009,0.568,-0.356,1
103883,-0.051,0.63,0.669,-1.231,-0.352,-0.692,0.32,1.92,0
102753,1.258,-0.642,0.769,-0.93,-0.375,0.632,1.066,0.116,0
103924,0.002,-1.099,-0.487,-0.998,0.504,0.454,0.204,-0.593,0
103153,-1.419,0.845,0.891,-0.915,-0.138,0.968,2.329,1.69,1
101791,0.211,0.001,0.184,-0.417,0.512,1.441,-1.6,1.422,1
103237,-2.131,-0.364,-0.345,-1.35,-0.406,-0.028,1.782,0.354,0
102910,0.088,-0.091,0.306,-0.247,-1.466,1.015,2.011,-0.264,0
102327,-2.133,0.821,-1.386,-0.097,0.36,1.554,1.78,1.63,0
103308,2.363,-1.623,1.083,0.2,0.662,0.125,0.49,-0.476,0
103192,-0.76,-0.732,0.88,1.574,-0.455,-0.592,-0.954,1.679,1
102651,1.495,-0.058,0.524,1.411,0.193,0.016,-0.351,0.56,0
101698,-0.734,0.322,1.364,-1.459,0.362,-0.264,-0.265,0.143,1
103490,0.554,1.273,1.718,-1.843,-0.774,0.867,-0.45,1.132,1
101890,-0.666,0.537,-0.467,0.088,-0.749,-0.517,-0.824,0.371,1
103642,-0.549,-0.829,-0.585,0.302,-0.175,-1.168,-0.171,-1.151,0
102717,-1.522,0.621,1.397,-0.894,-0.133,-0.798,-0.62,-1.898,1
103579,-0.711,0.817,-1.828,-0.723,-0.203,0.154,-0.491,0.837,1
101894,-0.162,0.796,1.532,1.406,-0.22,0.513,1.325,1.126,0
102151,0.107,-0.844,-0.38,1.036,0.233,-0.565,-2.68,0.777,1
102446,1.378,0.578,-0.18,1.18,0.319,-0.684,0.43,-0.081,0
101057,0.615,-1.311,0.444,0.269,-2.118,-0.675,0.591,0.957,0
102979,0.641,-0.677,-0.648,1.908,2.027,0.807,0.527,-0.724,0
102922,-0.696,-0.167,1.346,-0.434,1.739,-0.871,1.712,-0.468,1
102057,0.943,0.398,-0.608,1.449,2.52,-0.995,-1.905,0.251,1
103330,-0.557,-1.109,0.636,-1.894,-1.072,-0.953,0.907,0.377,1
103410,-0.02,-1.163,-0.301,-1.744,-0.398,1.45,-0.586,1.18,0
103291,0.276,0.32,1.991,-0.117,-2.57,-0.661,-1.18,-0.018,1
101092,1.704,-1.404,-0.859,0.331,0.52,0.154,1.616,1.825,0
102234,-0.922,-0.259,-0.116,0.51,-2.199,0.288,1.296,1.628,0
103385,-0.462,-0.701,1.542,0.423,0.941,-0.026,0.183,-0.45,1
102013,0.59,1.81,-0.617,1.264,-0.258,1.159,-1.24,0.219,1
102700,0.409,0.598,0.869,1.459,-0.931,-2.244,-0.148,0.956,1
101947,-0.532,-0.381,-0.863,-0.332,-0.156,0.149,1.42,-0.359,0
102793,-1.121,-1.262,-0.314,-0.721,-0.286,0.018,-1.666,-0.516,0
102109,0.69,0.031,-0.148,-0.475,-3.456,-0.18,-0.413,0.474,0
101190,0.579,1.085,-0.896,-0.253,0.037,0.357,0.574,0.976,1
103087,0.846,-0.006,-0.24,-0.667,-0.962,-1.013,-2.089,-0.234,1
102531,-0.853,0.14,0.222,-2.44,-2.427,-1.154,-1.63,-0.791,0
102996,-0.743,1.305,-0.473,0.209,-0.122,0.468,0.389,-1.373,1
103682,0.44,0.643,0.03,-2.097,1.183,-0.569,0.805,0.23,1
102954,0.668,0.198,-0.513,0.702,-0.448,-0.639,0.423,1.377,0
101723,0.71,0.981,0.081,0.654,2.095,0.616,-0.578,-0.321,1
103111,1.294,-1.669,0.073,-1.37,-0.65,-0.182,-0.429,-2.039,0
103281,-0.69,2.007,-0.439,0.002,0.17,-0.991,-1.945,-0.325,1
101676,-0.018,-0.455,-0.011,0.108,0.411,0.458,0.183,-0.621,1
101105,0.845,1.512,-0.147,0.292,0.373,-0.316,-0.024,-1.611,0
103947,-0.414,-1.461,-0.461,1.028,-1.16,-0.159,2.017,0.494,0
102963,0.921,0.327,-0.593,2.596,0.615,1.092,0.064,1.842,0
101902,-0.823,-0.463,-0.317,-0.072,-0.371,0.533,-1.426,-1.171,0
103301,-0.752,2.233,0.064,1.485,-1.362,0.942,-0.136,0.241,0
102432,-0.647,0.367,-0.968,-2.543,-1.318,-0.477,-1.072,-1.022,1
103470,1.153,1.936,1.601,-0.115,1.589,0.217,-2.442,0.323,1
101774,-0.465,0.216,0.319,0.245,0.388,1.125,1.406,-1.085,0
102232,-0.54,-2.017,-0.852,-0.043,-0.64,1.504,-0.221,-0.27,1
101858,0.765,-0.89,2.044,-0.151,-0.79,0.752,1.207,1.492,0
102428,-1.695,0.427,-0.158,-0.483,-2.401,-0.831,-0.406,0.652,1
103029,0.917,0.248,0.281,0.871,-1.002,-2.326,2.12,-0.543,0
103127,-0.621,0.141,0.439,-0.762,-1.166,-1.292,-0.281,-0.222,1
101989,0.186,1.127,1.243,0.128,0.547,-0.381,-0.883,0.232,1
101497,-0.013,-0.205,-0.623,0.173,1.258,-1.289,1.269,-0.962,1
103941,0.832,-0.781,-0.334,0.926,-1.526,0.892,-0.322,-0.982,0
102607,-1.061,0.104,0.737,0.185,1.396,0.05,0.614,0.748,1
103135,0.453,-0.52,0.962,-0.975,-1.559,-0.822,-0.23,1.008,0
102989,0.236,-1.727,0.885,1.452,-0.279,-1.845,2.535,0.37,1
101064,0.173,-0.406,0.581,0.819,-0.189,-1.257,0.315,0.814,0
103653,-1.883,0.457,-0.791,0.99,0.171,-0.862,0.676,-1.008,1
102814,-0.777,1.283,-1.063,0.963,0.999,0.514,2.439,-2.01,0
101274,-0.004,1.104,-0.598,-1.147,-1.09,-2.291,1.232,0.327,0
101725,-1.208,1.077,-1.291,1.619,0.069,0.167,1.892,1.978,1
102679,0.621,-0.188,-0.397,-0.7,2.152,-0.551,-0.053,-1.479,1
103596,-0.106,-0.643,1.258,2.639,1.432,0.284,-1.954,0.419,1
102149,-1.082,-0.779,-1.733,1.285,0.414,-0.055,-0.241,0.348,0
103201,-1.374,-0.567,-1.027,-0.621,-2.088,-0.934,-0.55,-2.111,1
103661,-0.249,2.232,-0.636,0.22,0.278,-0.209,0.856,-0.108,1
102363,1.037,0.989,3.503,-0.151,-0.84,-3.708,-0.958,-1.375,1
101410,0.445,1.034,-0.761,1.185,-0.572,-1.003,0.701,0.824,0
101830,0.305,1.25,0.549,-0.595,0.041,0.015,0.898,0.59,1
101912,-0.58,1.101,-0.126,-0.196,1.032,-0.481,1.204,0.817,0
103565,-0.416,-0.803,-0.173,-0.006,1.356,-0.795,0.86,0.153,0
103092,-0.321,-0.1,0.049,-0.095,-0.031,-0.56,0.831,0.513,1
101390,-1.463,0.462,-1.1,-2.184,0.883,-0.903,0.172,-1.398,1
103268,-0.005,0.439,-1.204,-0.424,0.104,-0.253,-1.675,0.354,1
103188,-0.856,-0.064,0.738,-0.465,1.424,-0.358,1.894,-0.505,0
102373,0.221,1.423,-0.559,0.628,-0.837,-0.061,-1.813,-1.799,1
103405,0.604,0.63,2.702,-0.72,0.861,0.338,0.534,-1.978,1
101722,0.309,0.95,1.482,-0.33,-0.674,0.144,1.141,0.641,1
101261,-0.575,-0.053,-2.308,0.956,0.684,-0.345,-0.307,-1.084,0
101898,-0.559,-1.389,-1.915,-1.154,0.536,-0.247,0.228,-0.089,0
103243,0.704,-1.346,0.326,-0.423,-0.192,1.537,-0.297,0.713,0
103163,-0.232,-1.07,-1.141,0.479,0.726,-2.241,0.719,-0.218,1
101718,-1.066,-2.07,-0.903,0.601,0.936,-1.876,0.338,-0.967,0
103440,1.063,-0.285,-0.386,-0.223,-0.131,-0.379,-0.501,1.375,1
103067,-0.53,-1.049,1.45,-2.618,1.564,-0.34,-0.258,0.929,1
103406,-2.08,-0.166,1.802,0.65,-0.336,0.069,0.521,-1.267,1
103875,0.719,0.236,-1.184,-1.269,0.835,0.554,0.421,2.491,0
101935,0.365,-2.624,-0.119,-0.858,0.713,1.096,0.287,-0.512,0
103802,-1.043,-0.523,0.295,1.334,-0.721,-1.077,-0.222,-0.12,1
101420,-0.877,-1.182,0.926,1.527,0.785,0.422,-0.526,0.333,1
103197,0.794,2.305,-0.601,-0.958,-0.17,-0.775,0.552,1.007,1
101009,0.819,-0.838,-0.653,-1.526,-0.709,-1.683,0.869,-0.179,0
102937,0.993,1.163,0.14,-1.505,-0.449,-0.336,-0.003,-0.439,1
102119,1.229,-0.047,-0.552,0.921,2.442,2.413,0.034,0.34,0
103927,0.174,0.356,0.513,-0.294,-0.209,-0.175,1.299,2.621,0
101534,1.747,-0.927,-1.477,-1.551,-1.032,0.404,-0.452,-0.451,0
101548,-2.168,0.666,0.155,-0.074,1.12,-0.833,0.279,0.101,1
102584,1.348,-0.668,0.137,-0.6,0.341,-0.393,0.683,-0.06,1
101298,1.523,-0.286,-2.644,0.823,1.032,0.01,-0.424,1.151,0
103170,-1.342,0.387,1.565,0.696,-1.393,-1.716,-0.316,0.087,1
102385,-1.33,-0.027,0.567,1.115,1.265,0.325,-1.93,0.199,1
103757,-1.03,-0.048,-0.997,0.68,-1.372,0.369,0.398,0.239,0
103862,0.138,-1.122,1.282,-0.55,-2.854,1.244,-0.584,1.54,0
103817,0.758,0.076,0.639,0.294,0.554,-0.153,0.009,-1.187,1
102675,0.263,0.713,-0.096,2.098,-1.125,-0.151,-0.269,-0.266,1
102391,-1.21,-0.802,0.439,-0.078,-0.918,-0.567,-1.665,-1.344,0
101088,1.18,-0.689,0.209,0.11,-0.674,0.583,0.259,-0.452,0
102643,0.007,0.292,0.125,-0.577,2.51,-0.753,-0.968,0.75,0
101097,0.249,-1.122,1.463,1.596,1.152,2.218,0.815,1.493,0
103099,1.797,-1.686,-0.048,0.519,-0.932,0.079,-0.072,-0.175,0
103396,0.561,-0.132,-1.905,1.925,1.368,-0.096,0.146,-0.166,0
101509,1.56,2.174,-1.291,-0.034,0.992,1.109,0.649,-0.608,1
103259,-0.294,1.284,-0.659,-0.001,0.044,0.088,-1.222,-0.02,1
101703,-0.111,1.807,1.696,-0.521,-0.263,-0.469,1.043,1.415,1
102969,0.925,-0.377,0.948,0.218,-0.773,1.144,-1.626,-0.837,1
103794,-0.077,-1.149,1.097,0.625,-1.113,1.799,0.019,-0.198,0
102045,-0.617,1.828,0.418,-0.553,-0.913,0.747,-0.8,-1.176,1
102506,0.31,-0.481,-0.901,0.496,0.408,-0.31,0.599,-1.573,0
101939,0.32,1.19,0.875,0.402,-0.893,1.357,-0.414,1.965,0
102429,-0.885,0.447,-1.288,-0.073,0.413,-0.716,-0.602,0.135,1
102808,-2.671,-0.775,0.341,1.294,1.088,-0.712,2.104,-0.14,0
102911,0.589,-0.86,1.057,0.579,0.12,-0.984,-0.393,-0.625,1
103939,0.846,-1.329,0.732,-1.237,1.37,0.957,-1.682,-0.165,1
101607,0.065,-0.11,-0.58,-0.775,-0.168,-1.918,0.237,-0.521,0
103885,1.177,0.613,0.098,-0.131,-0.28,1.293,-0.465,-0.251,0
103526,1.05,-1.373,1.495,0.519,-0.007,-1.568,-0.248,0.073,0
103539,0.371,1.471,-0.178,-0.949,0.737,0.779,-0.122,-0.576,1
102070,0.637,1.091,-0.361,-0.401,-0.937,-0.527,-0.608,-1.588,0
103412,-0.384,-0.382,-0.511,-0.852,-0.164,0.47,-1.787,-1.834,0
101296,2.516,-0.118,-1.123,-0.486,-0.263,-2.169,-0.076,0.132,1
101049,-1.171,0.224,0.701,-1.467,-1.048,0.81,0.318,-2.037,0
102511,0.59,0.919,-0.484,-1.419,0.372,0.212,0.114,0.817,1
101224,-0.116,0.748,0.919,0.1,-0.407,1.607,-0.857,-0.14,1
102774,-0.537,0.455,-1.303,0.052,1.308,0.369,-0.61,0.46,0
102243,-0.871,-0.607,-1.102,-1.911,0.461,-0.663,0.027,1.295,0
102921,-1.339,0.314,0.388,0.832,-1.872,1.871,-2.063,-1.047,1
101850,-0.556,-0.645,0.399,-1.115,0.585,-0.672,0.143,0.293,0
102785,1.4,0.72,1.446,0.395,1.201,1.027,-0.594,-0.373,1
103695,-0.2,1.251,-1.389,0.292,-1.348,0.831,0.602,1.3,0
102225,0.462,0.441,0.09,0.758,-0.481,0.466,-0.358,0.469,1
101562,-0.608,1.255,-1.198,0.322,-0.437,-0.259,1.245,-0.377,0
103670,1.128,-1.075,1.753,0.376,0.51,-0.017,0.088,0.733,1
103852,-1.659,1.801,0.4,0.842,1.608,-0.044,-0.135,0.65,1
101604,0.757,2.62,1.108,-0.381,-0.534,-0.576,-1.286,-0.636,1
101442,0.768,0.505,1.217,0.307,1.722,-0.612,-0.357,0.671,1
103472,0.44,-0.035,-0.522,0.706,1.079,0.08,0.737,3.39,1
102598,0.738,-1.205,-0.502,-0.68,-0.137,0.392,-0.354,0.834,0
102024,-0.676,1.162,0.337,-0.095,0.447,-0.262,-0.465,-1.31,1
103587,0.426,-1.507,-0.217,0.277,2.445,-0.612,-0.534,-0.75,0
103815,-0.263,0.0,0.462,-0.525,0.186,-0.697,-0.769,0.696,1
103810,1.079,-0.44,-1.753,1.294,-0.157,1.525,0.375,-0.922,0
103737,-0.126,0.248,-0.561,-1.598,-1.838,-0.162,0.608,0.712,0
101187,-0.881,0.787,-0.162,-1.603,0.706,-0.302,-2.875,-1.062,1
101406,-0.499,-0.538,-1.115,0.147,0.909,-0.464,-0.524,-0.957,0
102172,-0.745,0.652,1.868,0.44,-0.157,-3.629,-1.039,0.217,1
103799,1.692,0.281,-1.99,0.342,0.79,-1.162,-1.136,-0.367,1
103960,-0.833,-0.089,0.379,3.242,0.245,1.25,-0.033,0.103,0
101461,-0.12,-2.028,0.31,-1.407,2.296,-0.135,0.297,0.381,0
101670,-2.298,-0.537,-1.647,1.648,0.451,-0.075,0.181,0.811,0
103703,1.488,0.363,-0.092,0.513,0.221,1.191,0.096,0.724,0
103833,1.035,-0.633,0.866,-0.737,0.045,2.6,-0.608,-1.178,1
102957,0.436,0.069,1.775,0.549,0.482,-0.327,-1.074,-0.346,1
101714,-0.099,1.077,0.259,1.781,-0.943,0.323,0.185,-0.825,1
102350,0.617,0.294,0.432,-0.939,1.037,0.219,0.258,0.171,0
101424,1.078,1.43,-1.405,0.278,0.054,-0.206,-1.679,-0.173,1
103091,-0.499,0.837,-0.832,-0.212,0.171,-1.664,-2.514,0.245,1
103709,-0.342,1.201,-1.642,0.873,0.558,-0.053,-1.721,-0.676,1
101635,-1.351,0.89,-1.458,1.533,2.145,-0.249,-1.441,-0.439,1
101528,-0.887,-1.344,-0.318,-1.013,0.037,-1.662,-0.522,-1.409,1
103266,0.232,-1.18,-1.037,0.302,0.505,-1.042,-0.717,-0.163,1
102765,-1.532,1.16,1.156,1.127,0.444,0.718,0.516,-0.316,0
103868,-0.385,-0.502,0.184,-2.65,0.805,-0.486,1.062,-0.29,1
103996,-0.882,0.518,0.432,0.392,0.05,0.275,0.474,-0.637,1
103951,0.043,0.737,-0.322,-0.591,-0.803,-3.165,-1.094,0.335,1
103903,-1.07,0.346,-0.321,-1.108,-0.469,2.942,1.643,0.18,0
102498,-1.588,0.026,1.163,-1.826,-0.311,0.515,0.896,-1.733,1
101609,0.497,-0.065,-0.274,-0.792,-0.702,-0.572,0.312,-0.611,1
101485,0.232,2.393,0.087,-1.616,0.21,-0.748,-1.399,2.653,1
102478,0.64,-0.082,1.318,1.178,-0.804,0.214,-0.441,-1.289,1
102085,-0.445,1.697,-1.149,-1.367,0.114,0.694,0.081,-0.816,1
103129,0.122,0.153,0.833,-0.861,-0.142,-0.542,1.328,0.213,1
102704,0.416,-0.614,1.321,-2.173,-1.67,-0.713,1.382,0.072,0
101324,1.057,0.312,1.449,-0.437,-0.752,0.991,0.607,-0.431,0
101019,-1.87,2.099,-1.24,0.887,0.818,1.22,-0.367,-2.472,1
103502,-0.504,-0.779,-2.524,-0.718,-0.144,-0.683,-0.164,-0.529,0
101838,0.26,0.589,0.214,-1.398,1.927,-0.638,-0.882,-1.004,1
103021,-1.494,1.52,-0.217,1.208,1.26,-0.482,-0.438,-1.394,0
103806,-0.668,0.764,2.173,-0.188,0.59,0.506,-0.499,0.27,1
102673,-0.132,-0.791,-1.497,-1.091,0.913,-1.722,-1.777,0.262,0
102340,0.188,-0.402,-0.285,0.261,-0.694,1.009,0.217,0.092,1
103082,-1.013,-1.24,-0.501,-1.257,0.216,0.968,0.273,-0.888,0
103856,-0.047,0.37,-0.453,-0.736,0.97,0.741,-0.351,-0.229,0
102790,-0.288,0.331,-1.673,0.092,0.107,-0.162,-0.736,0.946,1
102612,1.011,0.172,0.997,-0.263,-2.166,0.35,0.576,0.938,0
102522,0.192,0.419,1.008,-1.089,-0.31,-0.733,1.174,-0.406,1
101800,0.318,-0.43,-0.081,1.232,-2.403,0.986,1.174,-0.164,0
102579,0.292,-1.802,-0.563,-0.645,-1.226,1.213,0.695,0.368,0
101096,0.818,-1.314,-0.61,0.488,0.06,1.067,0.431,-1.493,0
103494,0.124,0.587,0.28,0.249,1.246,0.387,-1.025,-1.122,1
101474,1.397,0.494,-0.062,-1.022,-0.947,1.078,-0.082,0.17,0
102788,-1.765,0.535,0.369,-1.208,0.882,1.849,0.679,-0.078,1
101366,-0.077,0.321,0.923,-1.218,-2.239,1.651,-0.974,-0.336,0
102897,-0.181,0.184,-0.148,-1.758,0.756,1.243,-0.217,0.219,0
102721,-1.188,0.241,-1.64,0.458,2.258,0.515,-0.503,-0.279,1
102909,0.546,0.169,-0.378,-0.382,0.065,0.981,0.311,-0.692,1
103554,-0.42,-1.576,1.478,-0.518,0.925,-0.158,-0.32,0.028,0
101760,-0.874,0.476,0.774,1.07,-1.197,0.54,1.24,-2.076,0
101918,1.113,-1.609,0.903,1.172,0.214,-0.542,0.064,-0.293,0
102425,-0.76,-1.143,0.791,0.397,0.234,-0.201,-0.724,-0.244,1
103807,-1.378,-0.854,-0.416,1.246,0.179,-0.318,-2.185,0.231,1
101392,0.465,0.238,0.909,0.761,-1.315,-0.002,-1.01,-1.495,0
102769,0.244,-1.351,0.385,-0.221,-0.958,-0.377,-1.703,-0.487,0
101506,-0.385,0.478,-1.214,-1.96,-0.34,-0.619,-0.871,0.123,1
101434,-1.334,2.314,-1.077,-0.464,1.685,0.941,-2.352,0.432,1
103696,0.003,-0.266,-1.86,-0.4,-0.084,-1.58,0.183,1.063,0
103047,0.466,-1.587,-0.655,-1.19,-1.502,-0.21,2.15,-0.501,0
102831,1.617,-0.572,0.083,0.562,0.971,-2.097,0.982,0.733,0
102585,0.808,-0.794,0.588,0.239,0.481,-0.249,0.682,0.416,0
103985,0.8,-0.904,0.33,0.842,0.801,0.287,0.116,-0.543,0
101132,0.489,-0.433,0.683,1.75,-0.63,-0.277,-1.824,0.003,0
102588,0.199,0.562,-1.55,0.187,-0.368,0.423,-0.92,0.33,1
103498,-0.263,-0.393,0.119,0.584,0.086,-1.769,1.876,0.774,0
101031,0.896,0.653,0.7,-0.56,-0.062,0.549,-0.4,1.462,1
103169,1.173,1.512,0.802,0.356,0.062,0.298,-1.73,0.504,1
102375,-0.54,-0.106,-0.82,-0.533,-1.429,-1.078,-1.278,-0.392,1
102326,0.373,0.471,-1.479,2.972,-0.354,0.268,1.945,0.119,0
102112,-0.793,-1.07,0.493,0.083,0.142,-1.71,-1.682,0.282,1
102349,0.086,-0.558,-0.16,-0.991,0.382,-0.458,0.398,0.402,1
101255,0.537,0.112,0.523,0.366,1.077,-0.515,-0.222,-0.677,1
101892,0.967,1.457,1.428,-1.782,-1.205,-1.998,1.026,1.214,0
103407,0.813,-1.027,-0.48,0.126,-0.535,2.09,0.265,-0.517,0
101051,0.92,0.262,0.106,0.35,0.488,-0.608,0.51,-0.671,1
101875,-0.459,0.604,-0.312,0.176,1.333,0.53,0.474,-0.072,1
101938,-0.649,0.645,-1.13,0.329,-0.255,0.098,1.791,-1.387,1
103820,0.153,0.257,-0.686,1.926,0.077,-0.572,1.218,-0.014,0
102126,-2.402,-0.466,-2.562,-0.143,0.606,-0.478,-1.736,-0.409,1
102219,-1.957,0.056,0.404,0.488,0.85,-0.034,-0.824,1.155,1
103727,1.389,-0.337,-2.072,-0.079,1.442,0.737,-0.346,0.692,0
103853,2.288,-1.842,-0.238,-0.864,1.191,-1.712,-2.166,1.542,1
101124,-0.384,-0.514,-1.517,1.182,0.557,-0.021,-1.329,-1.002,1
103452,0.711,0.722,0.03,1.533,-1.378,-1.868,1.06,-0.717,0
103778,0.085,0.922,1.088,0.252,-1.824,2.343,0.772,1.1,0
103879,-0.916,2.573,-0.028,1.34,-0.368,1.094,-1.239,0.849,1
102071,1.347,-1.002,0.912,-1.179,0.113,-0.976,-0.506,-0.172,0
103773,-1.993,-0.44,-1.553,-0.33,-0.29,-1.223,0.67,-0.369,0
103635,-0.21,1.831,0.578,-0.919,0.986,-0.08,0.338,1.657,1
103655,2.082,-0.232,-1.401,-1.907,-1.244,0.165,0.391,0.091,1
101433,1.752,-0.283,0.934,-1.367,0.546,-1.026,-0.436,0.019,0
101674,1.612,-0.128,-0.997,1.192,-0.521,0.043,-0.717,-1.415,1
103408,0.55,0.778,-0.838,0.788,0.173,-1.406,-0.507,0.664,0
102099,0.311,-0.503,-0.936,0.934,1.166,-0.939,-0.206,0.511,0
103514,-1.713,0.879,-2.148,-1.059,0.013,-0.588,-0.031,2.446,1
103347,-2.017,1.876,0.957,-0.781,0.41,-1.426,-0.777,-0.302,1
102608,1.597,-0.77,-1.457,0.274,-0.322,-0.156,0.196,0.064,1
103541,0.268,-0.306,0.718,-1.086,-0.064,-0.34,-0.62,1.157,1
103575,-1.269,-0.154,1.208,0.631,0.814,1.253,-0.744,-0.083,1
