customer_id,f0,f1,f2,f3,f4,f5,f6,f7,churned
101957,0.783,-1.023,-0.734,-0.318,0.256,2.278,-0.26,0.501,0
102087,0.026,0.479,0.109,0.029,-1.974,-0.347,-1.005,-0.768,1
101394,1.647,-0.471,-2.115,-1.668,1.138,1.669,0.773,1.419,0
101520,-0.316,1.537,-1.374,0.679,0.38,1.148,0.825,-1.1,1
101098,0.96,0.901,0.884,0.307,1.823,-1.083,-1.564,-0.763,1
100393,0.241,0.154,-1.463,0.279,0.074,0.254,-0.494,0.525,1
100028,0.192,-1.03,-0.697,-1.474,-1.517,-0.943,0.826,1.666,0
100099,1.129,-0.311,-0.809,-0.028,1.204,-1.39,-0.384,-1.383,0
100351,0.487,-2.429,1.273,-1.601,-0.158,1.26,-1.612,-1.83,0
102020,-0.001,-0.084,-0.371,-0.107,-1.398,-2.212,-0.264,0.633,1
101352,1.389,-0.722,1.913,0.884,-1.2,1.006,0.348,-0.004,0
101144,-0.008,-0.266,-1.087,-1.222,1.342,-1.487,0.744,0.122,1
102855,1.313,1.439,-0.427,0.321,0.582,0.171,-0.445,0.354,1
101225,1.91,0.57,0.54,-0.041,1.125,2.776,0.277,-0.248,0
100297,-0.224,0.326,-0.828,0.424,0.398,-0.638,-0.447,-0.036,1
101785,0.598,0.483,0.762,-0.698,-0.433,0.065,1.389,-0.5,1
100126,-1.88,-3.274,2.311,0.831,-0.057,-1.738,-1.275,1.356,1
102757,-0.399,2.068,-1.056,0.22,0.201,-1.072,1.016,-2.358,1
101596,-0.321,1.084,0.493,-0.887,-0.841,1.132,-0.209,0.902,1
102027,0.365,0.611,1.702,0.38,-0.482,0.047,2.91,-1.903,0
102996,-0.743,1.305,-0.473,0.209,-0.122,0.468,0.389,-1.373,1
100681,-1.832,0.36,-0.894,0.465,-0.024,0.947,-0.507,-1.025,1
100045,-2.198,0.57,0.028,0.963,-0.126,0.22,-1.5,0.448,0
101436,-1.168,0.778,0.269,-0.274,0.282,-1.235,-0.688,-0.679,1
102747,-0.698,0.346,0.235,0.855,1.041,0.443,0.681,-0.727,0
100301,-1.643,0.375,-1.538,0.163,-2.563,-0.067,0.728,0.488,0
102648,0.746,-0.398,0.011,0.777,-0.727,-0.318,0.114,1.87,0
101607,0.065,-0.11,-0.58,-0.775,-0.168,-1.918,0.237,-0.521,0
100636,1.514,0.095,1.461,-0.227,-0.48,-0.129,-0.528,-0.324,1
100547,-1.653,-1.193,-0.997,-0.568,0.876,-0.338,-0.586,-1.128,0
101265,-0.379,0.009,1.636,-1.357,-2.124,0.128,1.359,0.16,0
101270,0.031,0.253,0.03,1.59,0.934,-0.951,-0.683,-0.97,1
100678,-0.974,1.248,0.722,0.318,0.471,-0.061,-1.1,1.815,1
102612,1.011,0.172,0.997,-0.263,-2.166,0.35,0.576,0.938,0
102156,-0.609,-0.136,0.907,0.659,-0.88,1.02,2.859,-0.809,0
100705,0.075,0.977,-0.115,1.394,-0.043,1.383,0.334,0.041,0
101508,2.099,-0.989,1.068,-0.159,0.202,-0.305,1.134,0.901,0
100110,-1.493,0.022,-1.222,0.245,-1.171,-0.948,-0.048,1.409,0
102353,0.89,0.052,-0.423,0.385,-0.68,-0.803,-1.576,0.006,0
102177,1.993,0.693,1.187,-2.573,0.07,0.483,0.098,0.843,1
102048,-0.788,0.295,-0.229,0.78,-0.348,0.54,-2.348,1.968,1
100282,-0.667,0.297,-1.322,0.772,0.399,-0.569,-0.064,-0.209,1
101100,0.923,-0.86,0.55,3.061,-0.189,-0.116,0.988,-0.981,0
100560,-0.572,0.692,-0.061,-0.603,-1.027,-0.688,-1.455,-1.27,0
100563,1.473,-0.339,0.276,0.79,-0.314,0.477,-0.239,0.454,0
100577,0.778,0.047,-0.926,-1.607,2.047,-1.09,-0.825,-0.684,1
101819,0.291,-0.951,0.504,-0.559,0.154,0.821,-1.335,-2.065,1
101950,-1.746,0.621,1.673,-1.023,-0.641,1.277,-1.259,-1.01,1
101559,-1.017,0.477,-2.207,1.095,1.754,-1.316,-1.165,0.699,1
100299,2.481,0.633,0.571,-0.431,-0.134,0.811,0.62,-0.839,0
101922,-1.118,2.284,0.754,0.309,0.756,0.616,2.483,0.652,1
101065,0.878,-0.533,-0.925,-0.287,-1.043,-2.139,0.333,0.404,0
102038,1.016,1.171,2.131,3.6,-2.223,0.803,0.063,1.908,0
100534,-0.55,0.417,0.187,0.699,1.527,0.66,0.709,0.793,0
102923,-1.026,-1.526,0.621,-0.497,-0.916,-1.395,-0.055,-0.144,0
102765,-1.532,1.16,1.156,1.127,0.444,0.718,0.516,-0.316,0
102226,-2.285,0.406,-0.681,0.593,-1.685,0.271,-0.89,-0.105,1
100273,0.465,1.721,1.578,-0.821,-1.219,-1.361,0.789,-0.323,0
100394,0.665,-0.652,0.366,0.818,0.781,-0.866,-0.97,0.064,1
100192,-1.208,-1.441,-0.091,-1.748,-0.989,-0.672,-1.065,0.225,0
100098,2.483,-0.835,-1.256,1.24,1.165,-1.151,-1.474,-1.0,0
101201,0.904,-0.251,-0.215,-1.994,0.921,-0.175,-1.932,-0.814,1
102630,0.507,-0.943,0.172,-1.08,-2.753,-1.909,0.899,0.974,0
102245,-0.939,-0.049,-0.033,-0.076,1.313,0.164,-0.487,-0.705,1
101228,1.292,-0.642,0.432,-0.513,-0.209,-0.45,-1.576,-0.633,0
100540,-0.109,0.256,-0.469,0.363,0.618,-0.098,1.037,-0.586,0
102388,-0.416,0.801,1.043,1.331,0.541,-0.949,-0.439,-1.318,1
100041,-0.875,0.622,-0.173,1.933,0.931,0.89,0.187,-0.04,1
100955,-2.686,0.11,0.058,-1.082,1.466,1.141,1.651,-0.206,0
102328,-0.403,-0.29,0.584,0.488,-0.444,-0.123,-1.231,-0.501,1
102620,-0.123,1.538,1.383,-0.006,2.454,0.669,-2.622,-0.078,1
101135,-0.55,0.719,1.788,-0.902,0.322,0.482,-0.306,0.392,1
101597,1.7,1.059,-1.039,-2.246,1.64,-1.346,-1.405,-0.522,1
100205,0.505,-0.062,-0.211,0.079,-1.035,2.849,-1.047,-0.499,0
102259,0.34,1.826,0.437,-0.015,-0.92,-0.792,1.943,-0.046,0
100003,-1.92,-0.814,-0.468,-1.193,-1.492,0.037,0.897,-0.233,0
100620,-0.513,-2.454,-0.459,1.249,-0.63,1.354,0.254,-0.727,0
100535,-0.42,-0.004,0.346,1.235,1.29,2.262,-1.082,-0.038,0
102360,-0.227,0.388,-0.153,-1.025,0.261,0.123,-0.737,-1.63,1
101490,0.052,-0.529,-1.207,0.798,0.656,-1.252,-0.372,0.319,1
100292,1.118,1.127,0.724,-1.623,-1.691,0.204,-0.959,0.47,1
100927,-0.812,1.899,0.877,-1.325,1.129,-0.233,1.307,-1.42,1
102300,-0.266,0.221,0.167,2.138,0.698,-0.776,-0.443,-1.991,0
101660,1.251,-0.379,-0.382,-0.501,0.307,1.584,0.073,-1.193,0
100432,0.301,-0.682,0.294,1.758,0.106,2.022,0.433,1.331,0
100748,-1.232,1.892,1.023,0.212,-0.375,-1.848,-0.459,-0.172,1
100607,0.429,0.651,2.377,-1.541,-1.278,-0.271,-0.436,-0.069,1
100613,-2.143,0.058,0.276,0.489,0.47,1.364,-0.32,1.383,0
100788,1.566,1.831,-1.397,0.414,-0.286,0.826,-2.954,0.618,1
101988,1.288,0.635,-0.48,0.271,1.125,0.6,-1.817,-0.032,0
100783,0.922,0.499,0.347,-1.598,-0.457,-0.68,-1.814,1.325,1
101792,-1.278,-0.372,-0.892,0.658,-0.237,0.562,-1.93,-0.03,1
102029,0.059,0.662,0.815,0.835,0.275,0.75,-0.05,-0.883,1
102471,-0.173,-1.013,-0.792,1.004,-0.819,-0.049,-0.478,-0.901,1
100796,-2.94,-0.358,0.171,-0.862,0.167,0.675,1.823,0.026,0
102185,-1.668,0.175,-1.502,-1.68,0.96,-1.806,-0.183,0.41,1
101672,0.887,-0.493,1.406,1.014,1.816,-0.234,1.303,-0.037,1
100713,-0.874,0.16,-1.14,0.831,-1.33,-1.38,-0.829,-1.672,1
102212,0.055,0.24,0.238,-1.111,-0.438,0.513,-0.976,0.123,1
101965,-0.688,0.259,0.814,0.782,1.009,0.799,0.609,0.08,0
100527,-0.965,2.022,-0.254,0.912,-1.256,-0.109,0.539,-0.165,1
101636,0.189,-2.113,-0.721,0.101,0.374,-1.967,-0.108,0.053,1
100050,0.373,-0.75,0.543,-0.208,-0.812,-0.039,-0.227,0.753,0
102815,1.181,0.257,-0.264,0.338,-0.289,-0.046,-1.025,-0.862,1
100291,1.067,-0.487,-1.707,1.348,-0.51,0.384,-0.156,1.106,0
101430,-1.26,-0.867,-0.483,-0.46,0.922,0.463,-0.794,-0.43,0
100220,-1.622,1.234,0.134,-0.944,0.819,-0.827,-0.821,-1.296,1
101823,0.47,0.504,-1.185,0.606,-1.571,-0.612,0.194,2.067,0
102459,0.018,1.075,0.698,-1.484,0.735,0.256,-0.004,-0.035,1
101551,-1.154,0.466,-0.88,-0.512,0.701,0.838,-0.124,1.093,1
102160,-0.055,-0.686,-0.245,0.073,0.503,0.55,-0.005,0.688,0
102545,-0.462,-0.44,0.109,0.398,-0.673,-0.943,-0.313,-0.551,0
102766,1.787,-0.295,-1.331,-0.439,-1.27,0.572,1.263,-1.28,0
102963,0.921,0.327,-0.593,2.596,0.615,1.092,0.064,1.842,0
101153,-2.029,-1.381,-0.793,0.912,0.553,-0.352,0.218,-0.224,0
100813,1.783,1.249,-2.251,-0.96,-0.041,-0.645,-2.139,0.705,0
101946,-0.22,-0.337,-0.585,-0.424,-1.455,0.151,-1.755,-0.123,1
101589,0.986,0.709,-1.04,0.447,0.112,-0.222,-0.136,-0.532,1
102698,-1.521,-0.876,-1.018,-1.2,0.092,0.971,0.805,0.046,0
102672,1.139,-1.146,-0.299,-0.656,-1.433,-1.102,-0.175,-0.091,0
102364,1.736,-0.184,-1.222,0.16,0.454,0.114,1.462,0.042,0
100004,-0.744,0.385,0.717,-0.3,0.545,1.043,-0.207,-0.814,1
100725,1.31,0.075,0.216,0.255,0.641,0.565,-1.021,-0.788,0
102455,-0.979,-1.184,-0.124,0.012,-0.661,0.422,-0.761,0.498,1
101947,-0.532,-0.381,-0.863,-0.332,-0.156,0.149,1.42,-0.359,0
102680,-2.966,0.33,1.503,-0.357,-1.637,-1.047,0.902,-0.343,1
100006,0.528,-0.739,1.386,0.822,0.627,0.402,0.956,-1.332,0
101104,-1.359,0.861,-0.297,0.152,0.028,-0.303,-0.644,1.308,1
101292,2.017,0.616,-1.647,0.551,-0.191,0.082,-0.103,0.99,0
102709,-1.22,1.037,0.478,2.847,0.511,0.676,-1.4,-1.036,0
101629,-0.248,0.038,-0.197,-1.108,0.61,1.852,-0.971,1.492,0
102848,0.269,0.505,1.424,-0.447,-0.598,-0.109,1.234,0.215,1
100525,0.851,-0.006,0.788,-1.32,-0.319,-2.821,-0.14,0.773,1
101926,-1.227,-1.168,0.191,0.501,-0.266,0.872,0.066,-0.537,1
100911,1.293,-1.775,0.679,-1.614,-0.942,-1.081,0.47,-1.651,0
102096,-0.578,-1.976,-1.736,0.917,-0.171,1.452,-1.57,0.122,0
101854,1.58,1.493,0.121,-1.529,0.417,1.494,1.175,-1.991,1
100773,-0.71,0.388,-0.278,0.915,-0.396,1.813,-1.047,0.688,0
100589,-1.258,0.638,1.143,0.556,-1.653,-2.302,0.878,1.492,0
100902,0.549,-0.161,0.452,0.656,-0.135,1.647,-1.084,-0.411,1
102599,2.734,1.748,0.847,-0.877,0.534,-1.689,-0.61,2.525,1
101967,0.274,0.627,0.218,-1.258,0.29,0.655,0.075,-0.202,1
102929,-0.86,0.481,-0.374,-0.098,-1.074,-0.137,0.858,-1.858,1
101683,0.303,0.917,-0.245,1.335,0.021,-0.082,0.414,-0.282,1
102703,-1.346,-1.417,-0.019,-0.917,-0.664,0.911,2.047,0.422,0
101846,0.395,-0.209,-1.381,-1.679,1.741,-0.81,0.461,0.922,1
102582,-0.792,0.939,-0.344,-0.406,-0.022,-0.4,-1.456,-0.803,1
101661,1.115,1.13,1.2,0.872,-0.365,-1.059,0.582,-0.289,1
100306,-2.373,-1.799,0.739,-0.453,-0.129,-1.496,-0.599,0.784,1
100516,-1.503,-0.305,-0.975,1.275,-0.943,-0.445,0.017,0.79,1
101613,0.596,0.497,-0.443,0.819,-1.944,-0.103,0.876,1.353,0
101586,0.682,-0.707,-1.059,0.693,1.251,-0.797,-0.917,-0.159,0
102999,-0.988,-2.91,-0.273,0.051,-2.155,0.136,-0.2,-1.25,0
102571,1.869,0.799,1.056,1.274,-0.116,-0.021,0.713,1.323,1
100040,0.844,0.13,-0.757,0.211,2.639,1.272,-2.782,-0.142,1
100366,-1.472,1.673,-0.345,-0.122,0.351,0.076,0.597,-0.58,1
101651,-0.64,0.401,0.6,-0.805,0.268,0.871,-1.539,-0.155,1
100588,1.093,-0.608,0.895,0.301,-0.975,-1.411,-0.754,-0.019,1
100010,-1.007,1.257,-1.262,0.567,1.302,-1.6,-0.303,-1.309,0
102686,1.036,-0.872,0.647,-0.089,0.292,1.679,-0.687,0.353,1
101238,0.893,-0.673,-1.137,1.092,0.82,-1.398,1.036,-0.683,1
102336,-0.097,-0.627,-0.544,0.775,1.66,0.023,-0.519,0.197,1
102688,1.293,-0.11,0.513,-1.442,-1.306,-1.105,1.898,2.7,0
102341,-1.23,0.99,1.189,-0.186,0.45,-0.486,-0.439,0.659,1
102337,-0.111,-0.443,-0.81,-0.273,-0.653,-0.103,-0.471,1.105,0
102656,-0.587,0.214,1.727,-1.161,-0.514,0.652,0.788,1.138,1
101826,0.339,-0.73,1.499,-1.058,0.478,1.917,1.432,-0.169,0
102946,1.137,1.075,2.886,1.598,-0.975,-0.433,-1.279,-1.629,1
101375,-0.099,0.057,-1.374,1.424,-1.382,1.202,-1.679,0.702,1
102796,-1.545,-0.226,-0.483,-0.072,-0.295,-0.467,-0.022,-1.201,0
101218,-0.347,0.024,0.774,0.689,-0.553,-0.721,-1.641,-0.349,1
101126,1.995,-0.724,0.525,-0.711,0.273,-2.818,-0.622,-1.798,0
101986,-0.396,0.084,1.318,-0.016,1.006,-1.008,-0.317,-0.656,1
100321,1.183,-0.408,0.978,-0.425,0.563,-0.391,0.323,1.475,0
102922,-0.696,-0.167,1.346,-0.434,1.739,-0.871,1.712,-0.468,1
101406,-0.499,-0.538,-1.115,0.147,0.909,-0.464,-0.524,-0.957,0
101562,-0.608,1.255,-1.198,0.322,-0.437,-0.259,1.245,-0.377,0
100396,-0.969,-0.516,-1.598,-0.901,-0.174,-0.093,-1.122,-0.734,0
101433,1.752,-0.283,0.934,-1.367,0.546,-1.026,-0.436,0.019,0
102145,1.735,0.124,0.205,-1.91,-0.636,0.499,-1.181,-0.886,0
102190,-0.153,0.279,-0.251,0.654,1.587,-0.464,-0.681,-0.09,1
100771,-0.036,0.097,0.258,0.781,1.365,-1.19,-1.635,0.494,1
101241,-0.766,0.579,1.745,0.517,-0.403,1.764,-0.561,1.3,1
102738,1.176,-0.396,0.34,0.437,0.012,0.645,-1.153,-1.64,0
102769,0.244,-1.351,0.385,-0.221,-0.958,-0.377,-1.703,-0.487,0
101145,1.245,-1.594,0.123,1.253,-0.147,-1.386,-1.921,-0.68,0
101655,-0.727,0.118,0.171,-0.664,0.258,0.335,1.11,-0.958,0
101753,-0.154,1.577,1.717,-1.923,1.974,-1.172,-0.446,2.798,1
100111,0.59,0.309,1.416,-0.932,-2.079,-0.411,-0.265,1.248,1
101697,-0.758,-0.197,-0.58,1.797,1.28,0.38,1.187,-1.349,0
102667,1.495,-0.213,1.385,0.206,1.283,-0.287,-0.613,-0.911,1
102534,-0.269,-0.578,0.105,0.6,0.014,0.263,-0.26,0.218,0
102691,0.826,-0.734,0.718,-0.157,0.127,-0.31,-0.406,-0.353,1
101524,-0.791,-1.549,0.905,-1.073,-1.964,-0.491,1.786,-0.022,0
100330,0.068,1.898,2.553,0.032,0.459,0.954,1.242,-0.23,1
102696,-0.152,0.622,-0.241,1.062,-1.291,-1.201,-0.399,-0.729,1
100255,-0.82,1.803,0.353,-0.215,-1.077,0.463,-0.45,-0.411,1
100157,-0.045,-0.048,1.434,1.427,0.328,0.7,-0.774,0.571,1
100318,-2.413,0.66,-0.04,-0.086,0.09,0.258,2.332,0.19,1
100630,-1.41,-0.28,0.382,0.851,0.273,1.248,-0.572,-0.756,0
102206,-1.445,-0.75,-0.736,0.049,0.236,-0.206,-0.933,-1.07,0
100314,-0.451,0.817,0.339,0.599,-0.062,0.308,0.529,-1.479,1
101825,-0.128,0.489,-1.014,0.148,-0.635,-0.024,-0.445,0.034,1
102959,-0.857,0.769,-0.722,-0.119,-1.452,-0.488,0.194,1.257,1
101544,0.046,1.305,-0.278,-0.704,0.407,0.221,0.625,-0.956,1
100854,0.064,-0.496,0.522,-1.348,0.838,-0.602,0.372,-1.549,0
102015,0.133,-0.794,-0.415,-0.799,0.175,-0.856,-0.993,-1.022,1
102397,-0.056,0.172,-0.338,0.391,-0.06,0.186,0.1,-0.375,1
100346,0.935,0.138,0.533,0.98,0.138,0.808,-0.779,0.22,1
100598,0.427,-0.345,0.505,-0.908,1.267,0.397,1.781,-0.134,0
100855,0.958,0.22,2.138,-1.651,-1.82,0.74,0.916,-1.775,0
100442,0.384,-1.719,-0.356,1.139,0.438,-0.876,0.834,-0.155,0
102332,0.39,0.891,0.762,-1.525,0.115,-1.153,-0.294,1.235,1
102000,-1.814,0.543,0.194,-1.926,0.063,-0.697,-0.135,-1.179,0
102847,0.334,0.124,1.824,-0.562,-0.756,0.621,-1.154,0.317,0
101533,0.903,0.822,-0.637,1.914,-2.87,-1.567,1.069,1.292,1
100761,-1.623,-0.394,1.078,-0.08,-0.175,-0.621,0.693,0.611,0
102011,0.187,0.919,1.019,1.815,0.652,-2.25,0.378,-1.406,1
102900,-0.015,-0.144,0.015,0.753,-0.666,0.553,0.85,0.343,1
101357,-0.799,-1.062,0.372,-0.308,0.347,-0.095,0.124,0.468,0
101637,1.074,0.259,1.032,0.525,-0.904,2.764,0.643,0.219,1
101077,-2.157,-1.801,0.815,-1.086,0.343,0.679,-0.076,1.033,0
101990,-1.446,-2.096,-1.392,0.585,0.079,-0.113,1.546,0.361,0
100965,-1.448,-0.757,-0.704,-0.715,0.491,-1.05,0.091,1.049,1
102275,-1.647,0.894,-1.794,-0.167,0.965,-0.238,1.064,0.466,0
102194,-0.212,0.777,-0.621,-1.889,0.022,0.223,0.348,0.079,1
100586,1.028,0.036,-0.482,-1.06,0.766,0.813,1.255,-0.78,0
100065,-1.378,0.6,1.274,1.071,0.833,-1.557,-0.782,-0.463,1
100936,-0.629,-0.395,0.173,-1.013,-0.585,-0.137,0.178,0.498,1
102484,0.764,-1.246,1.721,1.464,-2.079,-0.201,0.893,0.612,1
100730,0.37,-1.059,1.009,-0.408,-0.351,-1.008,-0.657,-0.698,1
101234,0.269,-1.323,-0.469,0.672,0.065,0.839,-0.709,-0.441,0
101131,0.657,0.826,0.388,-0.572,0.682,-0.153,2.528,0.432,1
101471,-1.113,0.08,1.141,-0.739,-0.472,-0.344,2.128,1.181,1
102316,-0.669,0.164,0.73,0.123,0.751,-1.165,-1.997,0.104,1
100756,1.104,1.054,0.01,-0.362,-0.045,-0.938,0.998,1.38,1
102026,1.366,0.082,-1.007,0.332,0.454,1.504,-0.552,-0.862,0
102249,2.033,1.542,1.709,2.386,1.347,-0.299,-0.104,-0.148,1
102514,0.175,2.086,1.396,-0.212,0.537,0.726,0.785,-0.717,1
102255,-1.691,-0.265,-0.175,-1.925,-0.29,-1.653,0.071,1.061,1
102952,0.986,1.419,1.07,-0.422,-1.868,0.349,0.569,-0.203,0
101593,1.151,0.884,-0.17,0.329,-0.343,2.038,-0.441,0.168,1
101608,1.025,-1.858,-0.499,0.283,0.249,-0.449,0.953,-0.485,0
102051,-1.238,2.649,-1.877,-1.118,0.408,1.066,-2.123,-0.981,1
100797,-1.561,-2.344,-0.154,0.914,1.137,0.112,-0.65,-0.693,0
101268,-2.109,-0.149,-0.416,1.944,-0.71,-0.934,0.814,-2.001,1
101773,0.926,-2.652,-0.389,-0.012,0.214,-0.059,0.882,-0.141,0
100248,-0.632,-0.141,0.525,-0.191,-0.124,0.38,-0.871,1.709,1
100107,-0.917,1.075,-1.464,0.269,0.564,1.467,0.93,0.241,1
102418,0.345,0.802,-0.63,-1.654,-1.623,-1.892,1.021,-1.908,1
102749,-0.539,-0.327,1.324,1.334,2.097,1.506,-0.174,-3.096,1
102128,-3.28,-0.328,1.292,0.825,-1.836,-0.755,-0.854,1.504,1
101900,-1.206,-0.65,0.908,2.536,-1.087,0.361,-2.107,-0.168,1
102890,-0.097,0.976,-0.289,-0.23,-1.371,-0.676,-0.76,0.48,1
102762,-0.404,0.343,0.071,0.43,0.627,0.15,-0.839,0.586,1
101504,-0.748,-0.52,1.374,0.784,-0.867,0.252,1.543,0.099,1
102317,-0.562,1.332,0.673,-1.486,0.547,-0.72,-2.795,2.096,1
101392,0.465,0.238,0.909,0.761,-1.315,-0.002,-1.01,-1.495,0
100227,1.31,-0.092,-1.237,2.275,0.234,-0.34,-0.338,-1.427,0
102601,-0.764,-1.04,0.721,-1.233,-0.652,0.922,0.664,0.05,0
102036,-1.013,0.146,0.006,0.004,-0.851,0.749,-0.147,-1.074,1
102683,-2.179,0.706,0.152,1.428,0.472,0.825,-1.443,0.929,1
100975,0.857,1.794,0.81,-2.871,0.532,-0.83,-0.986,-1.786,1
100885,0.507,0.995,0.189,-0.43,0.122,-1.418,1.576,2.37,1
102595,-1.872,-0.536,1.483,-0.229,-0.409,0.7,0.058,-0.458,1
100224,-0.446,1.575,0.649,-0.947,-0.048,0.047,-0.294,-1.037,1
100916,-1.067,0.829,-1.331,-1.391,1.604,0.4,0.812,1.303,0
102182,0.268,0.127,-0.2,-1.476,0.352,0.639,-0.309,0.171,1
102402,1.809,1.274,-0.404,0.605,-0.168,-1.058,-0.789,-0.526,0
102624,-0.815,0.362,-1.576,0.493,0.231,-1.4,0.962,1.185,1
101674,1.612,-0.128,-0.997,1.192,-0.521,0.043,-0.717,-1.415,1
102237,-1.334,0.67,-1.138,0.252,-1.213,1.025,0.394,-1.748,0
102045,-0.617,1.828,0.418,-0.553,-0.913,0.747,-0.8,-1.176,1
101526,-0.389,0.892,0.664,0.525,-2.065,-1.143,-0.305,0.411,1
102286,0.568,0.527,-0.272,-0.027,0.948,-1.476,0.258,2.083,0
100487,0.763,0.522,-0.519,1.743,1.402,0.907,-0.099,-0.334,0
102782,-0.903,-1.091,2.036,0.447,1.075,1.185,0.873,0.675,0
101732,-0.907,-0.042,-0.146,-1.823,0.281,-1.18,-0.173,2.311,1
101325,-0.945,-0.535,0.063,-0.146,-0.95,-0.736,0.596,1.137,0
101767,-1.235,2.081,2.603,-1.517,0.265,-1.076,0.758,-0.916,1
102777,-0.652,-0.327,0.494,0.941,-1.254,0.029,0.305,-0.732,1
102034,1.235,-0.069,0.959,-0.724,-0.219,0.832,1.236,-1.188,0
102627,-0.249,0.343,0.63,0.263,1.535,0.164,1.388,1.247,0
102803,-1.088,1.936,-0.456,-0.906,1.397,-0.958,0.431,-1.498,1
102252,0.979,-0.396,-0.151,1.432,-1.472,-1.056,1.393,0.83,0
100558,1.209,-0.178,0.334,-0.13,0.651,0.94,-0.449,-0.009,1
101695,-1.762,1.315,0.429,-0.481,0.193,0.71,-0.002,0.267,1
102425,-0.76,-1.143,0.791,0.397,0.234,-0.201,-0.724,-0.244,1
101652,0.074,-1.874,2.495,1.096,1.966,-1.505,-0.061,1.211,1
101453,0.235,-0.083,-0.124,0.26,0.487,0.063,1.358,-0.226,0
102454,-0.823,-1.136,0.148,-0.644,-1.493,-0.348,0.243,0.422,0
102676,0.138,-0.799,0.866,-0.388,0.173,-0.247,-0.237,1.009,0
101064,0.173,-0.406,0.581,0.819,-0.189,-1.257,0.315,0.814,0
102615,0.567,-1.073,0.377,1.988,0.548,0.529,1.133,0.475,0
101260,-0.586,0.863,-1.57,2.338,-0.535,0.779,-0.535,0.69,1
101991,-0.337,1.214,-0.021,-1.653,-0.648,-0.574,0.255,-0.136,1
100870,1.399,0.074,-0.063,2.623,1.054,0.489,-0.619,0.418,0
100230,1.356,-1.895,-0.818,-0.04,-1.383,-0.605,0.001,-1.374,0
100017,1.322,0.812,1.017,-0.112,-0.698,-0.732,-0.488,-1.13,1
102551,0.772,-0.231,0.989,1.467,-1.062,-0.214,-0.984,-1.03,0
101573,0.388,2.817,1.057,-1.597,1.147,0.212,-0.414,0.307,1
100954,-0.874,0.292,-0.017,0.374,-0.3,0.094,-0.845,-0.96,0
101071,0.38,0.836,-0.474,-0.027,0.071,0.044,2.002,0.351,0
102526,0.13,-0.041,-0.324,1.299,-0.152,1.042,0.715,0.637,0
100304,0.534,-0.327,1.179,0.809,-0.514,-1.631,-0.556,0.618,1
101701,0.485,1.141,1.081,-1.015,-0.567,0.264,0.643,-0.046,1
100790,0.753,-0.78,0.705,-0.765,0.766,-0.18,-0.185,0.129,0
102609,-0.878,0.189,0.444,0.391,-1.893,0.253,-1.544,0.468,0
101928,-1.2,0.193,-1.279,1.593,-0.023,1.016,0.116,-0.44,0
101255,0.537,0.112,0.523,0.366,1.077,-0.515,-0.222,-0.677,1
102778,-1.624,0.956,1.303,-0.08,-0.137,-0.32,-1.373,-1.595,1
100664,0.407,-0.434,0.754,-0.419,-0.475,0.531,1.449,0.946,1
100218,-1.128,-0.249,-0.421,0.747,-1.567,-0.266,-0.527,1.501,1
100187,-0.475,-0.502,0.139,-0.537,0.434,0.308,0.35,0.769,1
102960,-0.366,0.319,0.258,-1.412,-0.138,-0.366,-0.056,0.962,1
102989,0.236,-1.727,0.885,1.452,-0.279,-1.845,2.535,0.37,1
102065,0.227,-0.007,0.47,0.068,0.166,0.306,-1.091,-0.77,1
101931,1.673,0.437,-0.023,-1.42,-0.605,0.017,-1.107,-0.799,1
101537,0.478,0.372,-1.069,0.1,-0.931,-0.574,-0.065,0.037,1
100600,-0.974,0.144,-1.344,1.697,0.031,0.944,-1.203,0.345,1
102616,-0.053,-0.348,-0.684,-0.981,-0.25,-0.319,1.853,0.064,0
100929,1.074,1.081,-0.229,-1.449,0.524,-0.054,-1.531,2.064,1
102209,0.294,-0.591,-0.986,0.871,0.572,0.365,0.13,-0.02,0
101165,-1.786,-1.609,-0.424,0.397,2.119,-0.14,-1.561,-0.435,1
102767,-1.749,1.615,-0.552,-0.605,1.048,0.492,-0.75,-0.211,1
102356,0.628,-0.615,1.622,0.094,0.947,-0.824,0.373,-0.429,1
100521,1.355,0.633,-0.406,-0.143,0.48,1.171,-0.396,-0.412,0
100303,0.185,-2.494,0.596,-0.26,-1.031,0.956,-0.351,1.143,0
102066,2.324,0.389,1.282,-0.514,0.082,1.411,0.336,0.575,0
100757,1.022,0.229,0.224,0.524,1.703,-0.808,-0.028,-0.7,1
102169,1.442,0.792,2.317,2.073,0.857,0.156,-1.358,-1.126,1
100260,-0.192,0.298,-0.936,-0.109,-1.083,-1.549,1.764,0.462,0
102298,0.961,0.114,1.163,-2.243,-1.527,-0.789,0.099,0.149,0
101951,0.465,0.009,0.612,-1.444,0.731,-0.699,1.11,0.788,0
102496,-0.183,-1.366,-0.618,-1.031,-0.072,-0.879,0.301,-1.127,0
100367,-1.5,1.841,-0.674,-0.434,-0.762,-0.511,0.067,0.807,1
102070,0.637,1.091,-0.361,-0.401,-0.937,-0.527,-0.608,-1.588,0
101642,-0.592,1.197,0.951,-0.109,-1.693,-2.516,0.951,0.132,1
101678,-0.265,0.443,2.678,0.85,-0.097,0.31,0.054,-0.018,1
102188,1.498,-0.348,0.1,-0.128,0.16,-0.031,2.561,0.006,0
100987,-0.325,0.106,-0.766,0.599,-0.149,-0.742,-0.338,0.617,1
102426,-0.861,-0.872,-0.352,0.552,-0.655,0.598,0.853,0.096,0
101080,0.692,-0.081,0.792,-1.159,-1.169,1.927,0.651,-1.03,1
100909,0.42,0.44,-1.201,0.384,0.402,-0.28,1.076,0.048,1
101163,-0.159,0.831,-0.396,-1.148,-0.883,-1.191,-1.667,-0.451,0
102032,1.06,-0.13,0.034,0.486,-1.047,0.548,-1.531,1.112,1
101301,0.103,0.585,-2.152,1.455,-0.899,-1.038,-0.476,-1.052,0
100382,-1.445,-0.728,0.349,1.123,-0.542,-0.361,-0.217,-0.174,0
101768,0.483,-0.551,0.663,-1.829,0.459,0.232,0.432,0.182,0
100610,1.157,-2.173,-1.097,0.846,0.431,0.038,0.736,-1.332,0
101380,-0.129,-0.343,-0.039,-0.283,0.799,-0.511,-1.923,0.818,1
102280,-1.715,0.48,-0.12,0.527,0.39,-0.006,-1.009,-0.087,1
102106,0.448,0.132,1.494,-2.044,0.261,0.13,0.982,-0.483,1
101171,0.212,-0.097,0.484,-0.056,0.353,-0.413,0.381,0.345,1
102997,0.48,-0.17,0.84,-0.696,1.06,0.777,-0.594,-0.8,1
100081,-1.743,-1.189,-0.114,2.44,0.391,1.208,-0.222,-2.464,0
100151,-1.078,-2.463,-0.263,0.304,-1.511,-0.002,-1.217,-0.043,0
102428,-1.695,0.427,-0.158,-0.483,-2.401,-0.831,-0.406,0.652,1
100961,0.442,-0.955,-1.766,-0.434,-0.353,0.79,-0.674,-0.297,0
102784,-0.142,0.546,1.404,-0.908,0.804,0.016,-0.255,0.201,1
100201,-0.341,0.386,1.646,-0.411,0.221,1.238,0.558,1.062,0
101305,-1.478,-0.772,0.332,-0.785,0.392,1.382,0.124,-0.046,0
100671,0.15,-1.14,1.893,0.757,1.633,-0.368,-1.023,0.332,1
102022,1.208,-0.39,-1.544,-1.099,-0.719,-0.287,-1.297,0.459,1
100054,-0.688,-0.494,-0.179,-1.445,1.299,0.493,-0.751,-0.277,1
100438,1.482,0.001,-0.952,-0.075,-0.443,1.437,0.656,0.332,0
102437,0.148,1.275,0.261,-0.14,1.934,-1.062,-0.165,0.76,1
102390,-0.427,-1.638,1.578,0.403,0.412,1.619,0.011,-0.359,1
101421,0.839,-0.386,-1.6,1.073,-1.156,-1.323,-0.476,1.046,0
101536,-1.253,-1.012,0.63,-2.136,1.829,0.595,-0.231,-0.414,1
100165,-0.149,0.137,-1.103,0.695,0.081,0.437,-0.787,-1.782,0
102501,-0.342,0.066,0.605,0.243,-2.412,0.158,-0.618,0.48,1
101128,0.56,1.12,0.582,-0.109,-1.619,-0.837,-0.752,0.769,1
101004,-0.832,0.013,-0.73,-0.374,1.087,1.202,-0.926,-0.154,1
102838,0.767,0.894,-0.005,0.336,0.584,-2.52,1.194,0.449,1
102028,-0.016,1.73,0.175,-0.881,-0.566,0.807,-0.953,0.262,1
100913,0.235,-1.161,-0.509,-0.167,1.73,-0.127,0.424,1.037,1
100481,0.661,0.46,0.208,0.275,1.208,-0.785,-1.041,0.004,1
100499,-0.555,1.446,-1.299,0.561,0.101,0.786,-1.503,-1.136,0
101796,-0.598,-1.631,0.074,-0.602,2.163,-0.547,-0.629,-0.946,1
100918,0.162,1.054,-2.206,1.416,-0.929,2.178,0.485,1.758,0
101902,-0.823,-0.463,-0.317,-0.072,-0.371,0.533,-1.426,-1.171,0
101193,-1.92,1.81,0.631,-0.603,-0.011,-0.488,1.527,1.106,1
102961,-0.322,-0.39,-1.45,-0.182,2.368,1.185,0.099,-1.096,1
102150,-1.926,1.364,0.663,-0.789,-0.17,2.081,0.786,1.466,1
100161,-0.959,-0.178,-0.786,-0.141,-0.052,1.082,-1.433,-0.038,1
102925,-0.022,0.268,-1.614,-1.745,-0.353,-0.48,-1.395,-1.219,1
100812,-0.514,1.671,0.749,-0.126,0.018,-0.396,0.091,-0.96,1
101237,-0.109,0.661,0.342,-1.011,-0.637,-1.374,0.607,-0.093,1
102732,0.655,0.68,-0.093,-2.884,1.857,-0.453,-0.252,-1.09,1
101404,-0.599,-0.161,-0.178,-1.942,-0.26,-0.074,-0.81,-0.194,0
100075,1.642,-1.235,0.564,0.345,-1.424,1.615,1.949,-0.953,0
101162,0.024,-1.363,0.52,0.029,0.301,-0.577,-0.969,-0.995,1
102074,0.661,-0.253,0.114,0.892,0.718,-1.59,-0.143,-0.207,0
102793,-1.121,-1.262,-0.314,-0.721,-0.286,0.018,-1.666,-0.516,0
101487,-0.311,0.796,0.129,-1.543,-0.02,1.005,-2.217,1.565,1
102702,2.353,1.156,-0.048,1.412,0.036,0.485,-0.586,-0.064,1
101397,0.813,0.894,0.804,0.272,-0.212,-1.936,-0.172,-0.637,1
102024,-0.676,1.162,0.337,-0.095,0.447,-0.262,-0.465,-1.31,1
101776,0.593,0.238,1.103,-1.574,0.062,0.311,0.21,1.179,0
102287,-0.256,0.572,0.115,1.452,2.836,-0.847,-0.533,0.635,1
102982,-0.902,0.327,0.887,0.05,-0.093,0.433,-0.668,-0.874,1
101875,-0.459,0.604,-0.312,0.176,1.333,0.53,0.474,-0.072,1
101833,1.329,-0.378,1.547,-1.111,-0.859,0.165,0.999,-0.888,0
101908,0.081,1.095,0.091,-2.604,-0.668,-0.388,0.54,0.813,1
102704,0.416,-0.614,1.321,-2.173,-1.67,-0.713,1.382,0.072,0
100403,-0.459,-0.258,-0.378,-1.148,2.346,-0.415,0.358,0.014,1
100231,0.241,0.357,-1.32,-0.024,1.03,-0.225,0.388,0.596,0
101333,0.285,0.335,-0.199,1.243,-1.96,0.637,-0.427,-1.02,0
102331,0.52,-0.803,1.76,-0.752,-0.628,0.271,0.14,-0.431,1
101041,-0.803,1.123,0.957,-0.026,0.444,-1.453,-1.727,-0.349,1
101447,0.092,-0.59,0.092,-0.555,0.595,0.294,-0.295,0.827,0
102589,-0.186,-1.908,-0.848,1.032,0.25,0.465,0.559,-0.236,0
101913,0.622,-0.101,-0.583,0.419,-1.169,0.274,-0.927,1.164,1
100605,0.563,-0.886,-0.585,0.118,0.519,0.358,0.216,2.425,0
101248,0.101,1.26,0.194,0.097,-0.841,-1.345,0.132,-1.143,0
102820,1.232,-0.052,0.162,0.55,0.632,-0.256,0.349,1.929,1
102444,0.816,-0.179,0.984,0.42,-0.243,0.837,-1.57,0.471,1
101142,-0.409,-0.425,-0.246,-1.011,1.57,1.759,-0.157,1.627,1
102440,0.197,0.887,-1.2,0.608,0.157,-0.505,0.408,-0.346,1
102921,-1.339,0.314,0.388,0.832,-1.872,1.871,-2.063,-1.047,1
100203,1.379,0.362,-0.709,0.313,1.022,-0.624,0.703,-0.187,1
100784,1.468,1.102,0.586,1.504,-1.676,1.288,-2.028,0.167,1
102372,0.446,0.195,-2.351,-1.184,-0.264,-0.529,-1.314,0.148,0
100013,-0.222,-1.285,-0.486,1.206,-0.191,-1.44,1.334,0.53,0
102207,-0.019,-0.369,-1.18,0.458,0.751,0.2,-0.36,-0.196,1
102904,-0.204,-0.021,0.704,-0.336,-0.638,-0.47,0.897,0.371,1
100675,-1.792,-0.171,0.269,-0.191,0.339,0.563,1.503,0.295,1
102884,1.1,-1.021,-0.079,1.67,0.328,-0.851,-0.327,2.349,0
102602,1.048,-1.513,0.634,0.36,1.527,-0.113,-1.241,0.282,0
100464,0.952,-0.972,-0.275,0.318,1.044,-1.343,-0.463,0.653,0
100774,-0.485,1.4,-0.596,0.75,-3.195,-0.756,1.644,0.18,1
101934,0.886,0.627,-0.751,0.155,-0.785,0.469,0.68,0.957,1
100495,0.37,-0.278,0.332,0.045,-0.348,-0.653,0.968,-0.41,1
100802,1.621,1.098,-1.498,-0.954,0.312,-0.588,0.483,0.114,1
100169,-0.101,0.277,-1.815,-0.674,-0.643,1.577,-0.657,1.566,1
102448,-0.111,0.315,0.514,0.21,0.968,-0.83,-0.315,-0.636,1
102168,1.102,-1.442,-0.033,0.4,-0.915,-0.438,-0.313,2.434,0
100958,-1.337,-1.033,0.025,-0.403,0.855,-0.529,-0.009,-0.067,0
102964,-0.514,1.496,0.268,-0.322,-1.32,0.402,0.436,-0.631,1
100445,0.51,-1.752,-0.775,-0.543,-0.292,-0.633,-0.535,-0.363,0
101456,-0.508,-0.314,-0.427,-0.744,-0.388,-0.864,-2.175,-1.716,1
102001,0.785,0.664,1.007,0.501,0.52,0.57,1.243,0.036,1
101422,-1.278,0.022,1.795,0.376,-0.23,-0.808,-1.537,1.325,1
100895,0.042,-1.978,0.131,-0.0,0.445,0.004,-1.007,-1.644,0
100428,0.342,-0.799,1.428,-0.123,-1.974,-1.138,-0.843,-0.161,0
102657,-0.334,0.277,0.022,-1.3,1.857,1.261,-0.043,0.371,1
101734,0.418,0.531,-1.789,0.334,-0.377,1.698,0.651,0.285,0
100195,0.661,0.231,0.017,-0.01,-0.013,-0.93,0.255,-1.841,0
102555,1.219,1.059,0.561,-0.573,1.003,2.031,0.622,-1.29,1
100546,-0.145,-1.502,0.216,-1.549,0.367,0.371,0.842,2.22,0
101827,0.496,-0.878,0.385,-0.957,1.154,0.347,-0.639,0.763,1
102896,2.173,-0.34,-0.952,0.962,0.247,-0.413,0.037,0.599,0
101584,1.056,0.864,0.013,-0.905,0.296,-0.914,-1.002,-0.092,1
101566,0.455,-1.261,0.232,-0.49,0.352,2.229,0.266,-1.049,0
102548,-0.29,-0.941,0.865,1.758,-0.172,-0.125,1.09,0.138,0
102745,-1.037,2.032,-0.581,2.352,0.632,1.336,0.132,1.293,1
100087,0.879,-0.37,0.105,2.414,0.422,-0.186,2.05,0.009,0
100632,0.282,0.301,1.204,1.897,0.263,-0.195,-0.215,-0.279,1
101958,0.434,-0.279,-1.545,0.014,-2.056,0.349,-1.471,0.276,0
100582,1.076,0.866,0.477,-0.325,-0.018,-0.245,1.709,0.45,1
100256,0.244,0.254,-0.786,1.287,-0.97,-1.086,0.337,0.156,1
101089,-0.696,0.701,-0.123,1.186,0.857,-1.216,-2.108,0.037,1
101813,-1.521,0.491,-0.265,-0.24,0.864,0.204,-2.611,0.672,1
101410,0.445,1.034,-0.761,1.185,-0.572,-1.003,0.701,0.824,0
100047,-0.547,-0.588,1.744,-0.102,0.992,0.393,-0.564,-0.749,0
101650,0.289,2.832,-0.474,-1.002,-1.755,-2.093,0.412,0.338,1
101529,2.096,-1.958,-0.648,-0.445,-0.69,-1.423,-1.091,-0.298,0
101247,0.515,-1.065,-0.033,-0.65,0.121,-1.162,-2.061,0.562,0
101502,0.514,-1.636,0.469,0.804,0.013,-0.325,-0.174,-0.059,0
100058,-0.194,-2.515,0.713,1.629,-0.729,0.683,0.723,-1.548,0
102730,1.769,-0.395,0.263,-1.929,-2.339,-0.571,0.065,0.391,0
102682,0.515,-0.102,-0.385,-1.064,-0.219,-0.383,0.868,-0.925,0
100072,-0.256,-0.982,0.768,-1.153,1.323,0.578,-2.022,0.784,1
101810,-0.241,-0.104,1.59,1.656,0.694,1.671,-0.534,-0.807,1
100473,0.363,0.419,0.467,0.474,-0.116,0.67,2.202,-0.417,0
102576,-1.013,0.49,0.494,-0.07,0.243,1.217,-0.242,1.966,1
101381,0.473,-0.474,-0.209,0.701,0.321,-1.042,1.303,2.495,1
100123,0.434,0.412,-2.011,-2.682,-0.616,-0.326,-0.597,0.361,1
101216,-0.328,-0.03,-1.415,-0.48,-1.102,-0.501,-0.667,-0.485,0
100880,-0.946,0.27,-1.855,0.301,2.095,0.967,1.0,-0.352,0
101335,-1.04,-0.739,0.238,-0.347,0.586,-0.796,-0.699,2.869,1
102398,0.365,-1.347,0.205,-1.153,1.063,1.544,-0.667,-1.691,1
101147,-0.979,0.133,0.813,1.097,-0.093,1.153,1.544,0.995,0
101353,-1.613,0.413,-0.785,1.757,-1.067,-1.517,0.42,-1.192,1
100335,1.748,1.928,-0.311,-0.883,1.276,-0.692,2.978,0.01,1
101494,-1.773,0.53,1.324,0.185,1.08,-0.336,0.823,0.935,0
102229,0.352,-0.497,1.553,-0.325,-0.811,-0.371,0.784,0.073,0
101916,-1.295,-1.075,0.706,0.647,0.289,-1.105,-0.542,0.598,1
102485,0.798,-1.484,1.544,-0.545,-0.438,-0.383,0.945,-0.515,0
100180,-0.9,0.785,-0.47,0.254,0.646,0.205,-0.942,1.412,1
101450,-0.009,-1.015,-0.888,0.263,-0.285,-0.242,-0.118,1.392,0
102542,-0.86,-0.107,-1.082,0.046,-0.84,1.131,-0.922,0.537,1
100616,-0.369,-1.197,0.858,0.548,-0.259,-0.143,-0.095,-2.586,1
100120,-0.743,1.279,-0.242,0.606,-1.512,-0.007,-0.934,-0.961,0
100108,0.089,-0.05,1.147,-0.648,0.53,-0.084,0.25,-0.252,0
102789,1.098,-1.587,0.139,1.085,0.995,0.308,-0.564,0.871,0
101961,-1.629,0.645,2.043,-1.367,0.507,0.705,2.981,2.031,1
101578,-0.079,-0.404,-1.062,-0.058,0.091,0.003,1.49,-0.004,1
101703,-0.111,1.807,1.696,-0.521,-0.263,-0.469,1.043,1.415,1
100749,-0.957,1.351,1.005,-0.313,0.876,-0.071,0.244,-0.51,1
100683,-0.994,-0.115,0.383,0.844,-0.721,0.54,1.225,-0.481,0
101723,0.71,0.981,0.081,0.654,2.095,0.616,-0.578,-0.321,1
102544,-2.211,0.672,0.536,-0.036,0.992,1.374,-1.24,1.278,1
100171,1.041,0.065,-1.227,-1.081,-0.39,0.964,-0.287,0.655,0
100102,-0.121,1.18,-0.917,-2.763,-0.477,2.151,0.469,-0.194,0
102457,-0.369,-0.141,1.8,0.43,-0.037,0.434,0.736,-0.408,1
100772,0.674,1.372,0.764,1.713,0.491,-0.659,0.984,-0.916,1
102231,-1.061,-1.677,-0.138,0.062,-0.682,-1.086,-2.275,0.107,0
100415,-0.132,-0.883,-2.981,0.34,0.102,0.61,2.049,-0.004,0
100490,-0.705,0.897,-0.843,-1.302,-0.525,-0.021,0.312,0.55,1
101164,-0.722,-0.435,1.761,0.842,1.341,-0.045,0.192,-0.849,1
101140,-0.507,0.289,-0.046,0.848,1.705,-0.257,0.352,0.499,0
102768,0.105,-0.959,-0.225,0.633,-0.284,0.167,0.123,-0.862,1
101328,0.683,-1.773,0.01,1.27,-2.162,-1.117,0.644,1.036,0
101377,-0.646,0.196,-1.007,0.339,-1.837,1.979,1.048,-1.525,1
101398,1.619,-0.525,0.298,0.777,-1.149,-1.188,1.244,1.182,0
101611,0.468,0.963,0.139,0.706,-0.214,1.537,-0.178,-3.239,0
101399,-1.693,0.05,1.319,-0.826,0.015,0.07,-0.388,-0.559,1
100829,1.158,1.14,0.254,1.944,0.464,-2.177,0.47,1.903,1
101307,-0.466,-0.549,-0.413,-0.337,0.219,-0.418,0.282,-0.273,0
101351,0.049,1.369,-0.575,-1.575,-0.346,-0.402,-0.821,1.147,0
101601,1.223,-0.36,0.56,-0.656,1.282,-0.394,-1.18,-0.177,1
102727,1.082,-1.069,-1.935,0.598,-0.969,-0.887,0.239,-3.032,0
100181,0.41,-0.003,0.721,-0.52,1.902,0.241,0.382,0.364,1
101680,2.462,-1.435,0.24,0.518,0.673,-0.623,-0.368,-1.449,0
101687,-0.049,0.625,0.025,-1.218,-1.547,-1.841,1.627,0.727,1
100177,-1.891,-0.534,-1.182,-0.364,0.62,1.469,-0.357,1.377,1
100693,-0.168,-0.805,-1.027,0.314,-0.587,1.268,0.241,-0.198,0
102399,-1.736,-0.562,-0.437,0.154,0.72,-0.324,-0.829,2.673,1
102677,-1.58,0.022,-2.6,0.074,-0.944,0.269,0.046,1.133,0
101011,-0.718,-1.012,-0.6,-0.047,0.667,-1.01,-1.276,1.049,1
101915,-0.848,0.443,0.533,1.367,0.605,-1.684,-0.801,-1.244,1
100285,1.413,-0.991,-0.625,1.413,0.447,1.111,-2.195,0.188,0
100898,1.093,0.061,0.401,0.555,-2.954,0.143,0.548,0.2,0
100893,0.178,0.619,-0.646,-1.456,-1.249,0.994,-1.05,-0.356,0
102085,-0.445,1.697,-1.149,-1.367,0.114,0.694,0.081,-0.816,1
102912,-0.047,1.185,1.659,-0.733,1.134,-2.938,1.445,0.626,0
101850,-0.556,-0.645,0.399,-1.115,0.585,-0.672,0.143,0.293,0
100700,-0.552,-1.585,-1.502,-0.622,-0.684,-0.118,-1.188,1.643,1
101454,2.206,-1.803,1.647,-0.292,-1.137,-0.833,-0.444,0.208,0
101403,0.569,0.455,-1.146,0.487,-1.292,0.321,-0.406,1.501,1
101186,0.278,-1.132,0.292,0.634,-1.04,0.188,-0.582,-1.269,0
102234,-0.922,-0.259,-0.116,0.51,-2.199,0.288,1.296,1.628,0
101223,0.391,0.084,-0.088,0.591,0.505,-1.796,-0.737,0.046,1
102095,0.121,0.236,-0.094,-0.716,-1.387,0.464,0.791,-1.722,0
102607,-1.061,0.104,0.737,0.185,1.396,0.05,0.614,0.748,1
102082,-1.977,-1.374,-0.356,0.184,0.874,1.934,-0.016,0.061,0
101918,1.113,-1.609,0.903,1.172,0.214,-0.542,0.064,-0.293,0
102174,0.287,-1.6,0.564,1.264,0.786,0.094,0.395,0.651,1
102914,0.78,0.154,-1.267,0.324,-0.538,-2.149,0.742,-0.445,1
101141,0.212,0.061,-2.075,0.144,-1.012,-0.387,0.472,0.604,0
102629,-0.212,0.774,0.677,0.883,0.5,1.245,-1.166,0.334,1
102965,1.219,-0.754,0.337,0.207,-1.427,0.273,-0.552,-0.024,0
102371,-1.061,-1.743,0.992,-0.056,0.139,0.165,0.654,0.955,0
100275,1.283,-0.557,-0.152,-0.478,-0.327,0.02,-0.239,-1.057,0
101296,2.516,-0.118,-1.123,-0.486,-0.263,-2.169,-0.076,0.132,1
102170,-0.353,-0.329,0.622,-0.988,0.945,-0.725,-0.008,-1.167,1
101561,1.394,1.542,0.799,-1.397,-0.655,-0.207,0.517,1.329,1
101842,1.104,-0.835,-0.143,0.443,-1.0,0.695,-0.205,0.319,0
101407,-1.354,-1.137,0.129,-1.707,1.542,0.746,-0.008,-0.654,0
101644,0.457,-1.271,0.425,-0.092,-1.176,-1.242,1.243,1.044,0
101970,-1.97,-0.042,-1.469,0.991,-1.216,0.095,-1.634,0.404,1
101592,0.673,1.265,1.484,-0.152,0.902,0.055,-0.717,2.491,1
101369,0.085,0.351,0.853,1.768,-2.139,-0.508,1.409,-0.051,0
101322,-1.308,-0.116,-0.617,1.639,2.082,0.407,1.01,-0.455,0
101604,0.757,2.62,1.108,-0.381,-0.534,-0.576,-1.286,-0.636,1
100866,-0.044,-1.628,1.221,-1.134,0.165,0.466,2.38,0.491,0
100945,0.395,0.793,0.414,0.272,-0.294,0.943,1.174,-0.517,1
101299,0.833,0.0,-0.152,0.214,1.06,0.16,-1.164,-0.6,1
100979,0.942,-0.623,-1.126,-0.221,-0.239,0.32,0.65,1.686,1
101855,-0.934,0.635,0.557,0.106,0.132,-0.781,0.517,1.765,1
100221,1.094,1.878,-1.049,0.203,0.891,2.028,-2.486,0.052,1
101993,0.527,-1.157,1.341,0.352,-0.196,-1.611,-0.209,-0.354,1
100921,-1.164,-1.773,-0.098,-0.929,-0.54,-0.969,-1.108,2.822,1
101432,0.009,1.251,0.192,2.276,0.68,-1.043,-0.96,-0.487,1
101073,-0.363,-0.217,-0.649,-0.392,-2.143,-0.084,0.65,1.851,0
101894,-0.162,0.796,1.532,1.406,-0.22,0.513,1.325,1.126,0
102392,0.627,0.123,-0.373,-0.135,0.939,0.278,0.479,-1.094,0
100137,-0.608,-1.023,-0.283,0.244,-0.345,-0.188,0.961,0.299,0
102577,0.614,-0.993,-1.103,0.918,0.398,-1.883,0.321,1.821,0
101363,-0.938,-1.795,-0.355,0.941,0.962,1.179,-0.428,-0.377,0
102830,-0.521,0.377,2.339,0.724,-0.271,-1.881,0.773,0.149,1
102503,-0.195,0.847,0.363,1.273,-2.092,-2.316,-0.161,-0.538,1
101028,-0.162,-0.735,1.598,-0.436,-0.733,2.306,0.104,-0.15,0
100602,-1.198,0.708,0.039,-0.993,-0.741,0.479,-1.374,-0.864,1
102700,0.409,0.598,0.869,1.459,-0.931,-2.244,-0.148,0.956,1
100836,1.319,-0.226,-0.405,-1.927,0.966,-0.098,1.042,-0.022,0
101836,-0.352,-1.298,1.945,-0.529,1.665,-0.303,-0.004,0.566,1
101000,-0.805,-1.203,-0.796,1.795,1.088,1.397,0.123,-0.117,0
101817,-0.458,-1.191,-0.625,-0.54,0.488,-0.483,0.531,-0.579,1
102099,0.311,-0.503,-0.936,0.934,1.166,-0.939,-0.206,0.511,0
102183,-0.486,-0.898,-0.57,-1.321,-0.605,-2.0,0.142,1.233,0
101039,-0.719,-0.079,-1.291,0.244,-1.627,-0.751,0.824,-0.013,0
100439,0.17,0.834,-0.501,-0.928,-1.892,1.176,0.495,0.631,0
102495,0.055,-0.734,-1.113,1.524,-0.845,-0.267,0.365,0.842,0
100094,0.126,0.233,-0.328,-0.258,0.217,-1.843,1.612,-0.788,0
102742,1.962,0.001,-0.767,0.333,0.889,-0.064,0.374,1.09,0
101999,0.984,-0.559,-0.192,-0.006,-0.171,0.396,0.484,0.436,0
101178,1.315,1.059,0.836,0.413,-0.202,-1.086,0.967,-0.432,1
100268,0.396,-1.825,2.438,0.202,0.23,-1.725,0.692,0.491,0
100032,0.804,-0.62,0.608,1.262,0.369,-0.563,1.543,-1.25,0
100199,1.384,1.076,-1.719,-0.581,-1.235,-1.086,-0.704,1.779,1
101488,-0.18,1.503,0.972,0.37,-0.101,-0.184,-0.722,0.137,1
100228,0.562,0.3,1.516,1.03,0.797,1.188,-0.354,-0.512,1
101138,-0.564,-0.8,1.922,-0.423,0.285,-0.107,0.656,0.705,0
101609,0.497,-0.065,-0.274,-0.792,-0.702,-0.572,0.312,-0.611,1
100302,1.206,-1.086,1.582,1.619,-1.214,-0.805,-0.579,-0.026,1
101549,-1.496,-0.241,0.1,1.078,0.52,-0.045,0.741,-2.152,1
101937,-1.484,-1.55,1.091,1.089,0.679,-0.138,0.965,-0.073,0
102664,-0.018,0.661,-0.34,1.067,-0.656,0.049,-1.244,0.638,0
100134,-1.013,0.227,-0.361,-0.545,0.287,1.458,-0.71,-0.711,0
102798,0.477,0.484,0.714,-0.868,0.628,2.12,1.195,0.945,0
100808,1.681,1.04,-0.66,0.69,0.477,-1.386,-1.25,-0.717,1
100679,0.74,-0.099,0.681,1.375,1.282,0.754,0.922,-0.153,0
101956,-1.362,0.157,-0.066,0.632,-0.931,1.245,0.29,-1.253,1
100840,1.151,1.434,1.218,0.371,0.213,-0.228,0.602,-0.178,1
100480,1.559,1.338,-0.447,-0.07,-1.171,1.171,0.727,0.59,0
102378,-0.592,0.144,1.936,1.347,0.214,0.388,0.147,-1.171,0
101707,0.07,1.527,0.321,-0.659,0.286,-1.61,-0.558,0.682,1
102748,-0.924,1.129,-0.034,-0.609,0.63,0.022,1.882,-0.36,1
102543,-0.139,-0.653,-1.026,1.934,-1.119,0.142,-1.43,-0.695,0
100688,2.061,-1.006,-0.83,0.185,0.774,0.506,0.747,1.104,0
101603,-0.048,-0.806,1.858,-1.617,0.256,1.199,-1.731,-1.68,1
100685,0.865,0.572,0.253,-1.057,1.745,-0.049,-1.849,-0.55,1
101435,1.072,-0.969,0.03,-0.698,-0.707,1.719,0.997,-0.775,0
100287,-1.293,2.302,0.627,-0.323,-0.483,2.366,2.282,-0.455,1
100702,1.022,0.582,-0.533,1.386,-0.065,-0.443,0.252,-0.398,1
100501,0.537,1.013,-0.48,1.067,-1.312,0.775,-1.051,0.252,1
100119,1.313,0.913,-0.172,0.929,0.542,-0.148,1.371,0.508,0
100364,0.141,-1.601,-0.484,1.295,-0.971,-1.005,2.236,1.307,0
102434,-0.503,0.42,0.168,-0.59,-2.218,0.039,0.529,-0.546,1
100557,-1.233,1.138,-1.96,0.078,-0.611,-1.25,0.726,-0.798,0
101316,1.611,-0.936,1.509,1.044,-0.363,0.612,1.929,-0.624,0
100561,1.947,0.24,-0.917,0.671,1.5,-0.638,-0.108,-1.257,0
102142,-0.101,0.285,0.311,0.375,1.059,0.559,1.191,1.286,1
101151,1.456,-0.359,-1.031,0.897,-1.072,-1.512,-0.512,0.371,0
101555,-0.812,0.978,0.914,1.034,-0.978,-0.978,0.208,0.862,1
101977,1.943,-1.219,-0.988,1.289,1.34,2.031,0.276,0.208,0
102598,0.738,-1.205,-0.502,-0.68,-0.137,0.392,-0.354,0.834,0
102228,0.891,-0.657,0.058,1.111,-0.206,-0.019,-0.263,0.285,0
102279,0.118,1.204,0.27,0.426,-0.471,-0.644,0.37,-0.13,1
102306,-0.549,0.436,-1.65,-0.541,-0.554,0.52,-0.882,-0.212,0
100666,-1.674,0.103,-0.159,0.802,0.015,-1.851,-0.838,-0.251,0
102792,-1.319,2.017,-3.255,0.503,1.592,0.628,-0.05,1.414,0
100724,-1.423,-1.158,0.379,-0.566,-1.319,-0.404,0.81,1.214,0
100573,-0.158,0.305,-0.949,0.725,0.73,0.87,0.94,-1.866,0
102805,0.11,-2.73,-0.332,1.544,-1.818,-0.864,1.374,1.092,0
101120,0.48,-1.522,1.01,0.541,1.145,-2.029,0.282,-0.103,0
100233,0.422,1.336,0.195,1.15,1.267,-0.069,0.629,-0.321,1
100906,-0.834,1.823,1.387,-0.267,0.284,1.485,-0.926,-0.63,1
100341,-0.217,0.828,-1.132,1.136,-1.866,1.777,0.339,-0.11,1
101188,-2.309,-0.615,2.679,1.983,0.26,-0.835,-1.152,-0.732,0
100082,-2.314,1.019,0.185,-1.298,1.117,-1.539,1.134,1.451,0
102776,0.531,-0.228,1.54,-1.185,0.594,-0.364,0.599,1.238,1
100188,0.036,0.148,1.763,-0.043,0.8,0.056,-0.457,-0.457,1
101671,0.618,0.149,1.014,0.43,2.064,-1.091,-0.312,0.829,1
100549,0.816,0.799,0.295,-1.228,-1.472,0.037,-1.029,-1.338,0
100804,-1.235,0.506,-0.487,0.439,0.881,0.674,0.712,0.799,1
102396,1.296,-0.635,-0.306,0.968,0.145,-0.625,2.869,-1.843,0
102552,1.308,-1.03,-0.018,1.44,0.523,-0.456,0.765,0.529,0
102202,0.436,-0.941,0.593,0.407,-2.114,-1.058,0.579,0.232,0
102791,1.354,0.709,-0.392,-1.575,0.448,-0.145,-0.937,0.291,1
100543,-2.047,-1.494,-0.584,-2.576,-0.594,0.819,-1.058,0.138,0
100477,-0.14,0.31,-0.057,-1.147,-1.02,0.144,0.971,0.158,1
102303,-0.433,0.513,0.035,0.465,0.041,-0.406,-0.073,0.057,1
100816,-0.861,0.723,0.146,0.328,-0.509,0.965,-0.569,-1.516,1
102752,-2.618,0.242,0.586,1.436,1.848,-0.613,-0.254,-0.41,1
100397,-0.872,0.104,-0.185,-1.274,0.592,-0.735,0.337,-0.954,1
100934,-0.069,1.809,-1.126,-2.545,1.024,1.444,1.374,1.051,1
100654,2.084,-0.138,-1.467,-1.21,-0.04,0.898,-0.041,0.923,0
102268,0.496,-0.019,0.141,0.969,-0.444,-0.727,1.049,-0.889,0
100707,0.723,0.262,1.637,2.141,0.926,0.733,0.658,0.185,0
101009,0.819,-0.838,-0.653,-1.526,-0.709,-1.683,0.869,-0.179,0
102017,-0.045,-0.136,0.485,-0.871,1.884,-1.083,-0.383,-0.234,1
100250,-0.326,0.985,-1.323,0.17,0.643,0.684,-1.034,-1.381,1
100973,0.69,-0.546,-0.706,-0.064,-0.181,-0.298,-0.004,0.912,0
101224,-0.116,0.748,0.919,0.1,-0.407,1.607,-0.857,-0.14,1
100785,0.125,0.521,0.662,0.719,-0.7,-0.677,-0.834,0.131,1
100280,-0.454,0.498,0.472,0.061,1.454,0.323,-0.359,-2.839,1
102856,0.262,0.595,-1.484,0.672,1.206,-0.351,0.236,2.21,1
101477,0.678,0.078,0.195,-0.546,0.153,0.169,0.383,0.661,1
102973,0.762,-0.92,-0.694,-1.076,-0.797,0.461,-0.086,1.047,0
100791,-1.603,-0.326,-1.203,0.925,1.269,-1.454,-2.255,0.235,1
102345,-1.844,1.078,0.931,-0.916,0.164,-1.184,-0.411,-0.767,1
100777,0.849,0.443,-0.176,-1.014,0.188,-0.481,0.89,1.752,0
100674,1.732,-1.878,0.176,-0.24,-1.913,0.391,0.705,0.313,0
101789,0.881,1.099,0.022,-1.212,0.423,-0.262,0.617,-0.184,1
101217,0.667,1.185,0.79,-0.788,0.301,-1.236,0.529,0.696,1
100937,0.797,0.249,0.476,0.698,0.001,0.203,-0.904,0.252,1
100429,0.765,-0.727,-0.601,2.204,0.083,-0.529,0.033,-1.252,0
101012,0.528,0.771,-0.294,-1.406,1.294,1.214,-0.619,0.39,1
101653,-0.506,2.164,-1.13,-0.028,-0.379,-1.71,-0.249,-0.002,1
101710,0.606,1.636,-1.281,1.569,-2.251,-2.011,1.802,1.296,1
100555,1.117,1.396,-1.062,1.774,1.687,0.296,1.71,0.252,0
100186,0.219,-1.841,-1.309,-0.68,-1.173,0.233,1.053,-0.425,0
100166,0.761,0.594,-0.127,-0.438,-0.294,-0.154,-0.526,-2.028,1
100994,-0.668,-0.578,-0.871,-1.892,0.07,0.788,-1.467,0.408,0
101236,-1.483,-0.892,-1.675,0.295,0.227,-0.881,0.941,0.104,0
100476,-0.149,-0.328,-1.262,-0.995,-0.197,-1.475,-0.094,0.126,1
101026,-0.207,-0.679,1.734,0.194,0.6,-2.909,-0.432,-1.163,1
101760,-0.874,0.476,0.774,1.07,-1.197,0.54,1.24,-2.076,0
101807,0.253,0.322,0.245,-0.709,0.3,-0.08,-2.207,-0.543,1
100056,-0.457,-0.74,0.45,-0.363,-0.31,1.08,1.69,0.266,0
100208,-1.566,0.912,-0.199,0.222,-0.528,-2.087,-1.341,1.331,1
102510,1.855,1.439,1.778,0.109,1.724,-0.361,1.214,-0.316,1
102379,-0.113,0.258,0.497,0.184,1.757,0.785,-0.695,-1.013,1
102505,-0.351,-0.719,-0.893,-0.096,-0.81,0.214,1.606,-0.932,0
101497,-0.013,-0.205,-0.623,0.173,1.258,-1.289,1.269,-0.962,1
100425,0.717,-0.079,2.041,-0.931,1.252,1.402,-1.144,0.861,1
102644,0.902,1.137,0.89,-1.599,-0.999,1.502,0.995,-0.354,0
101558,-1.179,0.416,1.379,-1.775,0.987,1.176,0.358,-1.374,0
100241,-1.487,-2.29,0.182,1.094,-1.582,-0.484,-0.41,0.077,0
102756,-0.307,0.269,-0.14,-0.312,-1.149,0.54,0.042,-0.539,0
101569,-0.939,0.43,-0.665,-0.496,-1.832,-1.411,-0.42,-1.445,1
100569,-2.007,-0.844,0.779,0.082,0.073,-0.127,0.061,-1.013,1
101266,1.394,1.129,0.35,-0.744,0.155,1.15,0.514,0.005,0
102193,-0.739,-1.31,0.502,-0.047,-0.343,-1.282,-0.956,0.182,0
102246,1.012,-0.895,-0.645,0.095,0.355,0.182,-1.275,-0.921,1
102047,0.584,-0.896,-0.467,-0.532,-1.15,-1.957,0.91,0.092,0
102880,0.09,-0.055,0.276,-0.299,-0.277,-2.126,1.084,1.773,0
102531,-0.853,0.14,0.222,-2.44,-2.427,-1.154,-1.63,-0.791,0
101173,0.627,0.671,-0.849,-0.864,0.279,2.062,-1.739,-1.629,0
102282,0.517,0.365,-0.957,-0.616,-0.558,-0.534,0.106,-1.366,0
101556,0.032,1.112,-1.006,0.568,-1.906,-0.8,-1.059,0.606,1
101177,0.502,-0.224,-0.179,-0.715,0.008,-0.641,0.121,1.015,0
102618,0.956,-0.622,-0.839,-0.086,-0.304,-0.149,-0.27,-0.001,0
102653,-1.69,1.224,-2.544,1.812,-0.905,0.899,0.763,1.032,0
101929,-0.198,0.906,-0.258,-1.961,1.432,-0.33,-0.25,-0.177,1
100650,-1.284,-1.57,-0.201,-1.767,-0.034,0.968,-2.625,-0.128,1
102633,0.474,-1.151,-1.455,0.798,1.625,0.004,-0.773,-0.008,0
101517,0.038,-2.156,-0.815,-0.296,0.186,0.56,-0.619,0.723,0
101016,1.174,-1.16,-0.504,1.068,0.37,0.94,0.499,1.529,0
101500,-0.18,-0.285,-0.403,-1.225,-0.9,-0.345,0.48,-1.398,0
101459,0.656,0.106,-0.271,-0.624,-1.054,0.139,0.48,1.502,1
101230,0.511,-1.276,-0.104,0.508,0.002,-0.75,0.423,1.069,0
100559,1.76,-0.574,1.811,-0.393,-0.558,-1.688,-0.848,-1.743,1
101408,0.841,-0.386,1.878,-0.186,0.403,-0.879,1.031,0.447,1
101973,0.667,1.065,-0.31,-0.137,-0.415,-3.413,0.029,0.052,1
100737,-0.829,-1.059,-0.06,-0.227,0.08,-1.253,0.141,0.784,0
102563,-0.439,0.731,-0.697,1.585,-0.258,0.036,-1.994,0.752,0
101744,0.957,-0.184,-2.22,-0.873,0.993,-0.713,-0.58,1.058,0
101294,0.772,0.95,-1.614,0.2,0.365,2.532,-0.333,-1.436,0
100825,-0.031,0.783,-0.626,-1.206,0.018,1.427,0.053,1.699,1
100623,-0.092,0.588,1.574,-0.383,1.657,0.59,-0.202,0.548,1
100219,-1.19,0.987,-1.829,0.271,-0.21,0.303,-0.778,-2.027,1
100257,0.097,-0.385,0.068,-0.539,-1.625,0.758,-0.991,-0.207,1
101281,-0.884,-0.293,1.396,-1.153,1.211,0.369,0.392,-0.578,1
102774,-0.537,0.455,-1.303,0.052,1.308,0.369,-0.61,0.46,0
100925,-1.189,-0.207,-0.728,0.504,0.236,-1.253,-1.146,-0.303,1
100216,-0.985,0.215,-0.95,-0.15,1.168,-2.093,0.176,0.375,1
100510,0.055,-1.092,-0.994,-0.317,-1.781,1.366,0.949,-1.072,0
102366,0.966,0.376,0.096,-1.254,1.781,-0.578,0.375,-0.697,1
101587,-0.6,0.956,1.047,0.816,-0.647,-0.922,-0.355,0.111,1
100592,1.632,-1.499,0.459,-0.738,1.391,-0.083,0.872,-0.019,1
100492,0.641,-0.642,0.639,-0.199,1.61,-1.638,-0.606,-0.603,1
100331,0.95,-0.608,-2.588,-1.288,0.312,0.883,-2.165,-1.709,0
102828,-0.004,-0.586,-0.117,1.527,-0.126,1.245,0.634,1.326,0
102215,-0.025,-1.039,2.207,1.563,2.501,-0.831,-0.137,-1.182,1
100414,-0.508,0.982,-1.683,0.203,0.452,-1.271,-0.43,1.323,1
102131,0.888,1.438,-0.078,-0.462,0.119,0.438,-0.586,-2.206,0
101044,0.825,-0.638,0.241,0.497,0.915,1.324,1.107,0.73,0
101907,-1.301,-1.161,0.129,0.52,0.466,-0.7,1.039,2.052,0
100644,0.418,0.46,0.715,-0.772,0.685,-0.523,0.149,0.8,1
101822,-1.023,0.206,-1.19,0.479,-0.423,-0.95,-0.125,2.382,1
101038,-0.366,0.39,0.007,-1.463,-0.387,1.174,0.804,-0.371,0
101507,0.762,-0.628,-2.02,-1.71,-0.907,-0.202,0.001,0.522,0
102270,0.366,0.646,1.182,0.32,-0.795,1.704,0.187,0.807,0
100638,-1.144,-0.703,1.273,-1.064,-1.035,-0.017,-0.693,-0.254,1
100943,-0.912,0.19,0.714,-2.085,0.634,-0.304,-1.5,0.69,1
102614,0.187,0.818,-0.183,-2.292,-0.651,0.667,0.981,-0.998,1
102584,1.348,-0.668,0.137,-0.6,0.341,-0.393,0.683,-0.06,1
100194,0.164,0.135,1.569,-0.427,0.392,0.394,-0.263,-1.194,0
100574,0.544,-0.412,1.131,1.078,0.838,-0.056,2.81,-0.025,0
102361,0.101,0.384,1.215,-0.471,0.762,1.008,-0.547,1.217,1
100817,-2.417,0.534,-0.607,-1.723,-0.881,-0.388,0.706,-2.14,1
100957,0.86,0.634,2.337,0.633,-0.492,-0.83,0.21,1.626,1
102764,-0.094,-0.338,0.051,0.182,-0.676,1.69,-0.166,0.224,0
102710,-0.451,-0.351,-0.673,0.074,0.286,-2.08,1.203,1.86,1
100896,-0.209,-0.535,1.524,-0.302,0.397,0.044,-1.771,0.743,1
102771,1.269,-0.549,-0.245,-0.017,-0.991,0.914,1.07,-0.22,0
100839,0.239,-0.512,0.722,-0.129,0.701,-0.86,-0.771,-1.435,1
101395,-0.432,-0.617,1.224,0.707,0.492,0.565,-0.076,-1.71,0
101861,-0.489,1.228,0.264,0.154,-0.248,-0.057,-1.596,-0.363,1
100635,0.097,-0.374,1.096,-0.174,-0.392,0.962,-0.979,0.024,0
100720,-0.248,-1.046,0.562,-2.285,-0.332,1.061,0.265,1.21,0
100254,1.724,-2.822,-1.047,-2.676,0.054,0.497,0.7,0.323,0
102117,-0.967,1.266,-0.102,-0.92,0.261,0.44,0.583,-0.478,0
102004,0.088,1.106,-1.187,-0.084,1.516,-0.161,-0.362,0.215,1
101730,-0.402,-1.128,-0.718,-0.612,1.458,0.874,0.439,-0.049,0
100191,-1.166,-0.855,0.424,0.815,-0.416,-0.194,-0.368,-0.195,1
101772,0.373,-0.681,-1.014,-1.448,0.357,-1.48,-0.595,-0.816,0
101483,0.414,-0.908,0.047,-0.569,0.874,1.172,0.602,0.984,0
102988,-0.746,-2.022,-0.876,0.928,-0.114,-0.43,-1.276,-0.211,0
101205,0.859,0.06,0.497,0.95,-0.896,0.951,0.584,0.993,0
101818,-0.521,0.138,0.079,-1.387,0.426,-0.232,1.863,-0.213,0
102950,0.197,-1.764,1.128,-0.5,1.368,-0.815,-0.2,0.235,1
102861,-0.442,1.465,1.532,-1.116,0.427,-1.592,2.346,-0.42,1
101503,-0.843,0.438,-0.612,-1.761,0.317,1.823,1.088,-0.169,1
101419,-0.046,-0.491,2.072,-0.129,1.746,-0.78,0.21,1.524,1
100452,-0.437,-0.392,-0.292,-0.127,-0.436,1.783,0.666,-0.741,0
101417,0.329,-0.142,0.296,0.618,-0.3,1.855,-0.685,-0.015,0
100196,-0.065,-1.537,-0.394,0.672,-0.304,-0.525,0.467,-0.317,0
102917,0.363,0.623,0.903,0.249,0.243,0.851,-0.592,-1.322,0
102456,1.174,-1.334,0.588,0.091,-0.952,-0.203,0.698,0.954,0
100533,0.367,-0.268,-0.518,-1.579,-0.082,-0.735,0.432,0.945,0
100877,-0.902,-0.055,0.694,-0.806,1.925,0.267,0.355,-0.755,1
101036,-0.14,0.821,-0.409,-0.34,0.681,-0.547,-2.54,-0.177,1
100459,0.229,-1.47,1.311,0.216,1.602,1.123,-0.426,0.1,0
100486,0.974,-0.953,0.863,-1.293,-0.457,-0.839,1.687,1.641,1
101891,-0.679,-1.028,0.638,0.386,1.558,-0.102,0.754,-0.645,1
100680,1.46,1.05,1.051,-1.244,0.738,0.763,0.899,-2.571,0
102452,1.596,1.024,1.512,0.259,0.671,-1.37,-1.263,-0.668,1
100418,-0.009,-0.203,1.148,0.695,1.545,-0.336,-0.313,-0.436,0
101349,0.084,-0.091,-0.6,-0.11,-1.199,0.623,-0.074,0.955,0
100876,1.214,-0.383,0.73,-0.625,1.428,-1.043,-0.246,-0.401,0
101649,0.545,-0.318,-0.711,-1.543,-0.528,1.205,-0.219,-0.568,0
101899,1.719,-0.467,-0.149,0.814,0.086,0.26,0.501,-0.977,0
102329,-1.651,0.407,-0.382,1.863,0.391,0.242,0.351,0.781,0
101708,-0.742,-0.256,-1.194,0.088,-1.639,-0.29,0.832,-0.468,0
102104,-0.038,-1.24,-0.592,-0.156,-0.298,0.592,-0.039,0.832,1
100453,-0.544,0.735,0.536,-0.607,0.913,-1.421,-0.47,1.708,1
101413,1.468,-0.062,1.115,0.075,0.794,-0.104,-1.537,-0.597,0
102875,-0.828,-0.988,0.526,-1.008,-0.887,-0.697,0.226,-0.749,1
100579,0.761,-0.208,-0.878,-0.391,-0.162,0.352,-2.255,-1.811,0
100124,-0.165,-1.18,-0.875,0.148,0.077,-0.07,2.272,-0.259,0
101897,-0.548,0.538,-1.398,0.36,-0.121,0.451,-1.093,-0.793,0
100338,-0.01,1.02,0.724,-0.429,0.858,1.098,-0.998,0.861,1
101415,-0.229,0.341,-0.226,-0.818,0.112,-0.951,-1.112,-1.874,1
102857,1.214,-1.942,1.032,1.732,0.567,0.669,0.022,0.341,0
100089,-0.593,1.166,-0.721,-0.572,2.038,-0.554,1.489,1.316,1
100446,-0.292,-1.861,-1.419,-0.458,0.505,0.979,2.822,0.086,0
102105,-0.156,-0.292,0.886,0.308,0.836,0.411,-0.513,0.238,0
101892,0.967,1.457,1.428,-1.782,-1.205,-1.998,1.026,1.214,0
101149,0.298,0.203,-0.921,0.426,-0.064,0.336,1.048,0.795,0
101924,0.754,-1.976,-0.578,-1.089,0.051,0.205,0.457,-0.551,0
101847,0.858,-3.149,-1.597,-1.363,0.538,-0.547,-1.326,0.538,0
101917,0.259,-1.167,0.117,0.052,1.542,-0.297,-2.661,0.336,1
100996,2.068,0.061,-0.299,1.37,0.478,-0.546,0.23,0.344,0
100733,1.92,-0.954,-0.128,-0.08,0.513,0.2,-0.009,1.957,0
100627,-1.453,-0.397,-1.318,-0.061,-0.712,0.572,1.304,-1.227,0
102608,1.597,-0.77,-1.457,0.274,-0.322,-0.156,0.196,0.064,1
102511,0.59,0.919,-0.484,-1.419,0.372,0.212,0.114,0.817,1
101938,-0.649,0.645,-1.13,0.329,-0.255,0.098,1.791,-1.387,1
101239,1.477,0.498,-0.578,-0.218,-0.15,-2.841,0.665,-0.288,1
100329,-0.54,1.508,-0.15,-0.032,1.234,1.801,-1.427,-0.112,1
101427,1.457,0.991,-0.202,-0.754,-0.67,1.136,-0.604,0.098,0
101468,-0.387,0.103,-0.65,-0.632,-0.01,-0.646,0.995,0.666,1
102387,1.116,-0.357,0.676,0.44,-0.55,0.396,-0.576,0.494,0
101577,0.012,-1.834,-0.848,1.414,0.148,-0.715,0.67,0.259,0
102625,0.179,0.881,-0.296,-0.156,1.706,-0.017,-0.109,-1.445,0
100544,-0.884,0.421,0.647,1.298,0.074,1.047,0.398,-0.473,0
102692,0.241,0.658,-0.637,0.755,-1.045,0.131,0.525,0.666,0
102613,0.253,0.091,0.537,-0.069,-0.507,0.869,0.608,0.944,0
100368,-1.029,0.338,-0.644,1.264,-1.214,0.141,0.764,-1.346,0
102641,0.396,0.785,0.16,-0.266,-3.258,0.452,-0.032,-0.173,0
102801,0.059,-1.063,-0.538,-1.109,-1.236,0.547,0.512,-0.112,0
101221,-1.799,-0.274,-0.766,0.067,0.969,0.171,0.098,-0.705,1
102395,-0.78,-1.333,-0.911,0.888,-0.256,1.308,0.26,0.621,0
102990,0.425,0.236,-0.881,-2.181,-0.715,1.119,0.444,-0.185,0
100993,-0.177,-1.624,0.24,0.381,-0.578,1.105,0.844,0.282,0
100457,0.588,-0.378,0.489,-1.157,0.239,-0.109,-1.046,1.209,0
102401,-1.432,0.8,0.587,-0.103,0.549,1.355,-0.973,1.168,1
101336,1.01,1.488,0.339,-0.667,1.104,1.447,-0.215,-0.298,1
101442,0.768,0.505,1.217,0.307,1.722,-0.612,-0.357,0.671,1
100736,-0.667,-0.81,1.198,0.878,1.308,0.988,1.316,-0.639,0
101563,0.097,1.741,0.268,-1.381,-1.08,-0.488,0.242,0.285,1
102600,1.206,1.46,-1.121,-0.567,-0.586,0.588,-0.016,-0.256,1
102060,-0.814,1.118,-0.221,0.797,0.592,-0.636,0.187,0.602,1
102985,0.223,-0.027,-0.346,-0.124,0.05,-0.43,2.02,0.355,1
100735,-0.351,0.071,-0.531,-0.56,1.185,2.398,1.028,0.134,0
101441,0.493,1.154,0.68,-1.792,-1.682,-0.074,-0.256,-1.376,0
100932,-0.218,1.271,1.427,-0.473,0.684,0.196,0.152,-0.634,1
101020,0.699,-0.03,0.729,-0.08,1.361,0.594,-0.269,2.474,1
101992,0.499,-0.011,-0.291,-0.357,-0.197,-0.426,-1.481,-0.845,1
100660,-0.302,0.084,-0.664,-0.599,-1.369,1.196,1.18,-0.032,0
101032,0.931,1.501,-1.388,1.651,-0.377,-0.652,-0.18,1.524,1
100422,-0.472,-0.728,-0.595,-1.296,0.244,-0.178,1.013,-1.816,0
102449,-1.494,-0.596,-1.901,-0.315,0.537,0.334,-1.628,1.64,1
102804,0.649,-1.237,-1.019,2.341,-1.353,0.265,1.309,0.194,0
101060,0.46,0.428,-0.819,0.131,0.187,-0.126,0.294,1.349,1
101043,0.743,-1.303,2.225,-0.134,0.088,-1.638,0.28,-1.888,0
100288,0.383,1.297,-1.154,-0.556,1.387,-0.665,-0.403,-1.322,1
100470,-0.351,-2.145,-0.012,0.979,-0.698,-0.673,1.046,-1.07,1
102325,-0.183,1.256,0.199,-0.007,-0.714,-1.322,-0.469,1.452,1
102173,-0.803,0.679,0.337,0.052,-0.038,0.53,0.703,-0.676,1
101087,-1.517,2.311,-1.219,-0.234,-0.823,0.117,0.537,2.316,1
101906,-1.141,0.694,-0.21,-1.354,1.221,1.215,1.134,-2.344,1
101911,-1.451,-0.325,-0.912,0.599,-0.594,0.808,0.711,0.566,0
102876,0.504,-0.067,-0.661,-0.658,-0.397,-0.714,0.723,2.97,1
100226,1.022,0.054,-0.83,-2.877,-1.258,-1.573,-0.233,0.252,0
100760,-1.043,0.189,1.317,0.517,-0.356,-0.782,-1.064,-0.345,1
100576,-1.271,-0.556,0.6,-0.159,0.41,-0.635,-0.738,0.339,0
100091,-1.054,1.429,0.175,-0.566,-0.319,1.878,0.984,-1.789,1
100514,-1.46,0.674,-1.138,-1.76,0.843,0.419,-0.081,0.191,1
102363,1.037,0.989,3.503,-0.151,-0.84,-3.708,-0.958,-1.375,1
100270,2.444,0.304,-0.027,0.413,-0.254,0.361,0.295,-0.511,1
100517,0.458,0.017,2.143,-0.015,0.322,2.711,-0.881,0.957,1
102383,-0.18,0.936,-0.734,-0.31,1.551,-1.134,-1.766,-0.676,1
102201,-0.525,1.585,-0.492,-1.811,-0.104,-0.237,0.323,-0.988,1
101045,-0.607,-1.124,0.73,0.32,-0.516,-0.058,0.922,0.889,0
102717,-1.522,0.621,1.397,-0.894,-0.133,-0.798,-0.62,-1.898,1
102835,0.605,-0.329,1.635,0.276,-0.339,-0.678,-1.585,0.847,1
102913,-1.042,-1.113,-2.185,0.821,0.881,-1.086,0.917,-1.602,0
100959,0.165,1.339,-1.377,-1.822,-1.577,-0.353,0.062,0.49,1
101387,0.872,-0.899,-0.941,2.129,-0.82,-0.149,-0.899,2.307,0
102481,-0.884,-0.938,-0.539,0.428,0.654,-0.086,-0.026,1.03,0
100768,1.159,-0.615,-0.346,-1.61,-0.448,0.945,-0.438,-1.705,0
102370,0.185,0.883,0.341,-1.326,0.456,2.062,-0.908,0.206,0
102519,1.976,-0.044,1.726,-0.997,-1.651,-1.155,0.053,0.473,0
101859,0.865,0.568,-0.332,0.195,0.323,-0.686,0.452,-1.812,1
101227,0.484,0.059,0.777,-1.961,0.304,0.169,0.264,-1.41,1
100984,-0.72,-0.672,0.058,0.602,0.749,-0.69,-1.229,0.45,1
101812,0.592,-0.082,-0.439,0.951,-1.128,0.295,0.881,1.337,0
101401,-1.148,-0.246,1.022,-0.192,0.204,1.223,-0.965,-0.748,1
102294,-1.273,0.464,-0.624,0.707,-0.601,1.32,0.338,-1.478,1
102870,0.358,-0.269,0.541,-0.352,-0.84,0.592,-0.028,-0.823,0
100846,-0.849,-1.035,-0.068,-0.823,1.216,0.711,0.32,-0.165,1
101960,-1.051,-0.034,0.197,0.691,1.143,0.374,-0.856,-0.321,1
102899,-1.469,-0.981,0.788,-1.583,-0.006,0.961,0.463,1.55,0
101159,-0.932,-1.012,1.282,1.061,0.793,-0.285,0.611,-1.41,0
101805,-1.067,0.669,-1.181,-1.252,-0.543,-0.897,0.535,0.1,1
100468,0.503,0.046,0.19,1.018,0.756,0.039,0.251,0.125,1
102939,0.414,0.768,-0.899,-0.435,0.261,0.426,-1.19,-0.556,1
100968,0.534,0.161,-0.331,1.557,-1.264,1.099,-0.917,0.439,0
101196,0.15,0.811,1.107,0.459,1.922,-0.88,-0.294,0.515,1
101791,0.211,0.001,0.184,-0.417,0.512,1.441,-1.6,1.422,1
101966,-0.279,-0.533,2.304,0.918,0.298,1.214,0.566,0.631,0
100340,-1.029,1.263,-0.062,-0.867,0.222,-0.818,0.554,0.092,1
102297,-0.33,0.412,-0.362,-0.08,0.757,-1.718,-0.669,-1.611,1
102314,0.553,-1.766,1.135,0.412,0.016,0.358,2.832,0.459,0
100899,-1.51,-0.809,0.653,0.391,0.42,-1.169,0.248,1.42,0
101068,-0.61,0.627,-0.084,1.253,-0.646,-0.834,-0.417,1.554,1
101185,-1.581,-0.536,1.353,-0.611,0.039,0.121,-0.075,1.937,1
101342,-1.408,0.78,-0.27,-0.922,-0.709,2.508,-0.256,-1.024,0
101575,1.895,1.481,-0.165,0.804,-1.056,0.172,-1.923,-1.153,0
100692,0.346,1.326,0.073,0.364,-1.442,-0.38,-0.7,0.326,0
100587,-0.269,-1.322,1.142,0.712,0.519,-0.003,-0.131,-0.345,1
102253,-0.603,-0.874,1.555,-0.188,1.534,0.655,0.501,0.121,0
100130,-1.434,0.195,0.018,0.09,-0.024,-0.202,0.593,0.127,1
102422,-2.257,-0.251,2.093,-1.56,1.685,-0.338,-0.739,-0.201,0
101396,1.089,0.215,-0.774,-0.53,0.823,-0.699,-1.171,0.351,1
100553,1.369,-0.715,0.358,-1.446,-0.639,-0.221,0.579,1.681,0
102322,0.349,0.167,0.999,1.038,0.012,-0.067,1.817,-0.796,0
100655,0.364,-1.075,1.09,-0.409,1.949,-0.545,-0.095,-0.5,1
100444,0.448,0.841,-1.537,-0.344,-0.226,0.135,0.989,-1.35,1
102649,0.498,-1.364,-0.874,1.244,-1.483,-1.881,-1.385,0.148,1
101482,-1.523,-1.219,0.364,-0.069,-0.252,-0.171,-0.557,-0.179,0
100093,-0.602,-0.728,0.743,0.384,-0.674,-0.945,-0.469,0.967,0
101156,0.531,0.746,-0.885,0.43,-1.56,-2.097,-0.409,0.359,0
100767,-0.075,-0.928,1.385,0.971,-0.443,2.132,2.412,1.205,0
101385,-0.083,1.244,-0.025,-0.563,1.719,0.028,0.175,1.272,1
102936,0.256,1.497,-1.159,-0.752,-0.877,2.167,0.505,0.349,0
100133,-0.342,0.653,0.38,0.567,0.769,1.263,0.297,2.907,0
102930,-0.795,-1.352,-0.802,0.245,0.177,-0.212,-2.271,0.752,1
101050,0.951,-0.598,-1.149,0.261,-0.615,0.048,0.263,2.397,0
101720,-0.53,-0.934,-0.873,-0.001,-0.82,0.19,-0.177,1.497,0
102853,-1.307,-0.257,0.852,1.539,-0.068,-0.777,-0.049,0.44,0
101565,0.082,1.466,0.787,-0.538,-0.337,1.15,-0.03,-0.683,1
100858,1.14,0.045,-0.66,1.759,1.334,0.066,-1.731,1.325,0
100551,0.439,1.563,0.44,1.57,0.055,-0.382,-0.707,-0.137,0
101542,1.512,0.632,-2.94,1.252,-1.908,-0.499,1.589,-0.863,0
102375,-0.54,-0.106,-0.82,-0.533,-1.429,-1.078,-1.278,-0.392,1
102301,1.078,-1.076,0.144,-1.367,0.398,0.368,-0.08,-0.687,1
101489,0.331,-1.565,-0.648,-2.456,-1.639,-0.85,0.447,-0.043,0
100608,-0.709,-1.565,-0.445,0.72,0.802,-0.656,0.548,0.423,0
100348,-0.145,-0.731,1.007,-1.552,0.769,2.831,-0.702,0.16,0
102296,1.212,-0.878,-0.225,0.261,0.561,-1.213,-1.361,-1.602,1
101699,-1.073,1.476,-0.537,0.38,-1.093,-0.681,-1.746,1.499,1
101621,0.216,0.201,0.64,1.242,0.594,-0.438,0.808,-0.039,0
100612,0.627,2.281,-0.19,0.982,0.792,-1.268,-1.369,0.017,1
102487,0.097,0.736,0.345,1.086,0.68,-0.682,-0.103,-0.212,1
101832,0.136,1.22,1.978,0.089,0.449,-0.926,-1.219,-1.249,1
101716,0.115,-0.621,1.525,-0.021,1.593,0.183,0.372,-0.742,0
100709,0.277,-0.175,0.696,0.9,2.345,-0.853,0.59,-0.824,1
100572,0.743,0.172,0.111,-0.457,-2.127,0.742,0.77,-0.484,1
102868,0.825,-0.55,-0.668,-0.389,-1.372,1.448,-1.19,0.724,0
100743,-0.255,0.121,-1.204,-0.333,0.404,0.573,0.037,-0.855,1
100703,-0.625,0.189,2.772,0.397,0.151,-0.394,0.43,-1.145,0
100924,0.397,-1.238,1.734,-0.276,-1.366,1.054,0.615,-1.071,1
100182,-0.895,-1.157,0.235,0.371,1.365,0.47,-1.07,0.545,0
102787,-0.762,0.474,-0.46,-2.047,-0.554,0.014,0.627,-1.784,1
100242,-0.135,0.563,1.107,0.123,0.804,2.048,-0.965,-0.989,1
102806,-0.66,-0.013,-0.453,0.332,0.103,0.736,0.059,0.272,1
100370,0.481,1.314,0.832,0.766,1.61,-1.54,-1.431,-2.278,1
102075,0.277,1.591,1.533,-0.75,1.612,-0.408,1.035,0.439,1
100440,0.03,1.65,-0.994,1.191,-0.857,-0.466,-1.231,0.075,0
100653,1.07,-0.637,-0.277,-1.266,-0.608,0.138,-1.186,-0.595,1
102708,0.715,0.671,-0.073,1.202,-0.51,0.754,-1.613,1.158,1
100708,-0.577,-2.62,0.862,0.681,0.113,0.211,1.075,1.02,1
101382,-0.04,-1.054,1.01,1.341,-0.943,-1.561,-1.404,-0.554,0
100023,-0.763,-0.734,-0.197,-0.563,0.291,-0.574,-1.069,-0.846,1
102140,-1.486,0.949,2.728,0.44,1.375,0.68,0.282,-1.444,1
101117,0.05,0.256,1.609,0.336,-0.484,-0.207,1.176,0.419,0
100933,1.025,1.223,1.627,0.28,0.15,1.16,3.382,-0.216,0
100857,1.01,-0.303,-0.212,-0.189,-0.921,-0.272,-1.1,-0.398,0
101226,1.096,1.81,0.332,-0.817,0.313,-0.774,0.908,-0.217,1
100508,-0.868,-1.411,0.851,-1.478,0.897,0.344,-0.552,-0.648,1
101002,0.68,-0.74,-0.684,0.714,-1.642,1.26,-0.588,0.98,0
102273,-1.686,-0.799,0.858,1.397,0.013,0.672,1.054,0.953,1
102722,-2.047,0.855,-0.423,0.373,1.708,-0.898,-0.338,0.824,1
102299,0.504,0.429,-1.227,-0.902,-0.872,1.112,0.941,0.52,0
102469,0.011,-0.02,0.52,-0.474,-0.915,-0.477,-0.444,-0.436,1
102908,0.538,0.059,0.486,-0.715,-0.208,0.176,0.055,1.486,1
102998,0.729,0.444,-0.361,1.406,0.566,0.527,-0.138,-0.808,1
102391,-1.21,-0.802,0.439,-0.078,-0.918,-0.567,-1.665,-1.344,0
102130,2.456,-0.444,-1.25,-0.475,2.313,1.529,0.672,-0.521,0
101781,1.058,0.679,-0.793,-0.229,0.223,1.942,0.742,0.529,1
102008,-1.858,-0.926,-0.857,0.1,-0.971,1.248,2.211,0.568,0
102031,-1.989,-1.397,0.248,0.296,-1.523,0.622,0.078,0.745,0
100764,-1.324,0.308,-1.008,-0.407,-0.306,0.884,-0.508,0.125,0
101668,0.728,0.193,-0.275,-0.212,1.543,0.48,-0.367,-1.517,1
100485,-0.749,-0.293,0.822,1.422,-1.296,1.168,0.061,0.366,0
100236,1.323,0.352,-1.758,0.086,0.041,2.125,-1.844,1.541,1
101210,0.392,1.315,0.269,0.167,-0.204,1.555,1.241,-1.57,1
102348,1.135,0.106,-0.03,0.23,-0.071,-1.191,-0.06,0.428,1
101070,0.018,0.297,-0.454,0.935,0.352,-0.755,0.433,-0.333,1
100712,-0.386,-0.95,-0.177,0.88,0.027,1.226,0.435,-0.076,1
102460,-1.29,0.994,0.633,-0.429,-0.262,-1.319,1.035,0.194,1
100645,1.575,-0.399,-1.063,0.194,1.283,-0.278,2.498,-1.842,0
102931,-0.993,0.454,1.46,0.656,0.966,0.664,-1.556,-0.523,1
102905,1.424,-1.701,0.826,0.241,0.934,-1.641,0.762,-0.839,0
101457,-1.152,-2.623,-0.892,0.524,0.182,-1.71,-1.626,-0.668,1
101691,-0.444,-0.713,-0.585,-0.568,0.803,-0.719,0.38,0.533,1
100615,-0.941,-0.744,-0.019,0.39,0.909,1.941,1.666,0.3,0
100670,-1.629,0.015,-1.109,-0.094,0.044,2.314,-0.195,-1.591,1
102670,-0.274,-0.134,-1.369,0.187,0.114,-0.802,0.469,0.499,1
102790,-0.288,0.331,-1.673,0.092,0.107,-0.162,-0.736,0.946,1
102184,0.599,-0.161,-0.482,-1.577,-0.258,1.216,0.501,-1.749,0
100900,0.016,1.322,0.839,0.798,-0.698,-0.675,-0.698,1.119,1
102788,-1.765,0.535,0.369,-1.208,0.882,1.849,0.679,-0.078,1
100985,1.317,-0.471,-0.405,-0.421,0.364,0.989,-0.916,0.465,0
102109,0.69,0.031,-0.148,-0.475,-3.456,-0.18,-0.413,0.474,0
101391,0.926,0.506,-0.423,-1.024,-0.83,0.049,-0.77,-1.14,1
102968,-1.384,0.674,1.722,0.677,1.361,-0.151,0.101,-1.651,1
100206,-1.485,-0.479,1.463,-0.044,0.531,-0.547,1.75,0.101,1
102312,0.211,-0.102,-0.91,-0.968,-1.192,-1.12,-0.058,-0.356,1
100030,0.573,-0.863,-1.477,-0.221,-0.211,-0.353,0.987,1.726,0
100258,0.752,0.045,2.762,-1.38,-0.729,0.107,1.374,-0.231,1
101264,-0.85,3.478,-1.629,0.984,-0.591,-1.138,-1.48,0.603,1
100173,-1.085,-1.589,-1.111,-0.021,-1.175,-0.816,-0.617,0.667,0
101282,0.782,-0.118,-0.172,-1.585,0.044,-0.366,0.876,0.143,1
101291,1.021,-1.285,0.328,-1.219,-1.02,0.61,-1.741,0.821,0
100859,1.341,-0.569,1.46,-0.812,-0.245,-0.44,0.207,-0.115,1
101169,-0.034,-0.805,0.027,-0.681,1.03,0.563,-0.27,1.138,1
101617,-0.765,-0.347,-0.58,0.348,-0.792,0.885,0.791,0.095,1
100443,0.708,-1.431,-0.55,0.302,0.279,0.53,-0.034,-0.221,0
102697,-1.44,-0.391,0.0,0.703,1.838,-0.475,-2.325,0.054,1
100807,0.795,-0.672,-1.054,-0.876,-1.053,1.03,0.339,2.193,0
101179,0.171,-1.326,0.416,1.323,-0.097,0.862,-0.152,0.151,0
101015,0.683,-0.104,1.917,-0.745,1.974,2.908,-0.0,2.067,1
102773,-0.926,0.367,-0.132,0.01,-0.323,-0.9,-0.597,0.151,0
100493,0.169,-0.078,-1.522,-1.792,0.23,1.499,1.487,-0.344,0
101194,0.111,-0.472,0.603,0.285,-0.014,-0.478,-1.487,-1.308,1
101930,-0.962,-2.63,-0.557,-0.655,0.181,0.153,-0.435,-0.784,0
101856,0.089,-1.667,-0.679,0.525,0.556,-0.748,-0.848,0.182,0
102409,-0.361,2.104,1.616,-1.125,0.366,-0.062,-1.189,0.418,1
101466,0.887,-0.742,0.385,0.346,1.575,-1.597,-0.511,-0.995,0
101215,-0.184,0.341,0.259,1.274,-0.578,0.069,0.328,-0.709,0
101308,-0.408,-0.312,1.562,-1.29,-0.258,0.573,0.428,-1.075,0
100972,0.798,-0.561,-1.214,-0.832,0.724,0.039,0.727,-0.411,1
101765,1.962,2.865,-1.481,-0.471,0.613,1.247,-1.855,1.663,1
100441,-0.306,0.415,-0.603,-1.411,0.549,1.269,0.717,-0.074,1
101658,-0.365,0.635,2.921,0.236,-1.055,-1.471,-1.004,-1.033,1
101443,0.403,-1.469,-0.75,0.608,0.15,-0.688,-0.261,-0.124,1
100689,1.345,2.052,0.305,-0.359,0.061,2.458,1.022,0.896,0
100763,-0.081,0.974,0.684,-0.662,0.001,0.28,0.628,-0.38,1
101271,0.11,0.988,1.529,0.134,-0.639,-1.093,-1.661,1.683,1
102521,-0.552,-0.188,0.316,-0.946,1.047,-1.086,0.43,-2.004,1
102443,-0.436,0.638,0.049,1.318,0.135,-0.134,0.023,-0.023,0
101132,0.489,-0.433,0.683,1.75,-0.63,-0.277,-1.824,0.003,0
100016,-0.42,0.328,-2.138,-1.45,0.796,-0.59,0.58,0.542,0
101231,2.226,1.237,-1.647,1.249,0.995,0.292,0.67,1.086,0
101438,0.784,-0.237,-0.185,-0.613,-2.332,0.637,-0.104,0.865,1
101659,0.28,1.377,0.02,-0.307,0.649,-0.868,-0.245,0.946,1
102068,-0.713,1.708,-0.855,0.101,-0.186,-0.141,-1.242,0.519,1
101246,-0.246,1.423,-0.027,1.228,-0.184,0.769,2.112,-0.89,0
101905,0.757,0.132,0.526,-1.35,-1.313,-1.078,-0.393,-1.047,1
102256,-0.196,-0.315,0.21,-0.003,1.222,-0.819,0.533,-0.173,1
102933,1.106,2.194,0.198,-1.171,-0.893,0.198,-0.736,0.811,1
101114,-1.599,0.861,-0.021,0.881,0.705,0.296,0.591,-1.41,1
100614,0.554,0.552,-0.138,0.987,-0.741,0.755,1.152,-0.655,0
102124,0.769,0.467,-0.51,-1.308,-0.531,-1.548,0.105,-0.518,0
100421,0.702,0.472,-0.129,-1.284,0.793,-0.285,-0.024,-0.077,1
101787,-0.677,-1.019,-1.675,-0.443,0.67,0.557,-0.125,-1.45,1
100917,-1.282,1.361,0.098,0.532,0.803,0.634,-0.383,-0.016,1
100585,0.189,-0.967,-1.19,-1.557,-1.63,0.824,0.867,0.108,0
101143,0.798,-1.039,0.939,0.69,0.18,-1.421,-0.569,-2.263,0
102662,1.263,-0.351,1.518,-0.948,-0.436,0.459,0.832,-2.794,1
102744,2.006,-2.057,0.573,-0.532,0.752,-1.152,0.962,-0.847,1
100076,1.738,0.056,-0.163,1.503,0.227,0.323,1.518,1.288,0
100190,0.86,-0.613,0.145,2.633,0.825,1.001,0.23,0.854,0
101233,-1.03,-0.198,-0.697,1.269,0.986,2.241,-0.669,-0.942,0
102164,0.816,-1.244,0.272,0.771,-1.08,0.529,0.599,-0.005,0
102006,-0.642,1.994,0.249,-0.398,1.684,0.775,2.266,0.074,1
101344,0.346,0.303,-0.207,1.178,0.277,0.458,-1.187,-0.493,0
102166,0.683,-0.254,0.317,-0.174,-0.568,0.022,-0.222,-0.586,1
101548,-2.168,0.666,0.155,-0.074,1.12,-0.833,0.279,0.101,1
100001,0.747,-1.847,1.567,-0.096,0.68,-0.137,-0.379,0.463,1
100639,0.195,0.913,0.224,0.336,1.371,1.462,-0.314,-1.821,1
100375,-1.428,0.677,-0.374,0.296,-0.17,1.316,1.207,-1.127,0
101696,1.109,-0.384,0.024,1.841,-0.266,-0.653,0.122,1.019,0
102478,0.64,-0.082,1.318,1.178,-0.804,0.214,-0.441,-1.289,1
101935,0.365,-2.624,-0.119,-0.858,0.713,1.096,0.287,-0.512,0
102477,0.493,2.281,-0.866,-0.941,-1.382,0.064,-0.731,-1.402,1
100745,-0.088,2.031,2.463,-0.267,0.601,-1.801,0.168,0.67,1
102665,-1.775,-0.733,0.818,-0.721,-1.89,0.844,1.659,0.852,0
100642,-1.884,-0.534,0.382,2.317,-0.031,-0.82,-0.183,-0.739,1
100189,-0.82,0.011,-0.605,-0.424,1.218,-0.135,1.139,0.264,1
102108,0.743,0.605,0.114,-0.556,-0.011,0.306,-0.368,-2.085,0
102308,0.874,-0.157,0.835,1.147,1.227,-1.213,0.295,1.474,0
100011,0.244,1.514,2.024,-1.778,-0.575,0.704,1.579,0.421,0
100353,0.374,0.037,-0.999,1.901,-1.258,0.791,-0.72,0.41,0
102621,2.083,0.459,1.634,0.292,0.808,2.233,0.08,0.038,0
102528,0.82,-0.212,0.37,-0.664,-0.121,0.312,0.007,1.499,0
101359,0.193,0.247,-1.101,-0.071,1.247,1.989,0.5,1.66,0
100200,0.071,-0.289,-0.398,0.603,0.627,-0.983,1.403,-1.147,0
101610,-1.062,0.574,0.117,0.525,0.059,1.647,0.712,0.293,0
101685,-0.449,0.041,-1.023,0.415,-0.595,0.019,-0.963,0.187,0
102666,-0.538,-0.356,0.478,1.081,0.223,-0.143,0.864,0.342,1
100447,-0.806,0.156,0.657,0.117,-1.077,-0.121,-0.062,-1.423,0
102013,0.59,1.81,-0.617,1.264,-0.258,1.159,-1.24,0.219,1
101933,-1.054,-0.328,0.289,-2.291,-0.465,1.212,-0.077,0.1,1
101513,0.211,-0.622,-0.26,0.466,0.367,0.928,1.344,-0.448,0
101987,1.021,-1.134,-1.7,0.434,1.111,2.132,-1.656,-1.3,0
100881,-0.422,1.13,-0.329,0.648,-0.975,0.388,0.179,-2.219,0
101189,0.234,1.228,0.051,1.223,-0.124,-2.046,0.315,1.001,1
101058,0.25,-0.599,-0.093,-1.318,-1.019,0.179,-0.045,0.651,0
101761,-0.376,-0.831,0.695,-1.492,-0.099,-0.231,-0.809,-0.056,0
102979,0.641,-0.677,-0.648,1.908,2.027,0.807,0.527,-0.724,0
100115,-2.168,-1.1,0.084,0.639,-1.454,-2.11,-0.857,-0.196,1
101384,-0.591,-0.906,-0.081,-1.211,0.651,-0.51,-1.199,0.241,1
101925,-0.298,-1.219,0.215,-0.629,1.223,2.162,-1.53,-0.048,1
101866,-1.021,0.067,-0.01,1.059,-0.284,1.349,0.168,1.341,1
100406,-0.711,-0.668,0.474,0.273,-0.595,-0.178,-0.391,0.604,0
102994,0.078,-1.075,-1.879,-0.581,-1.517,0.235,-2.051,0.848,0
101365,-0.361,-0.579,-0.083,-0.32,1.078,-0.814,0.687,-1.179,0
101027,1.306,0.959,0.116,0.159,0.096,-0.064,0.636,0.578,1
102839,-0.239,0.384,0.848,0.569,-0.27,-0.024,-0.644,1.362,1
102101,0.248,-0.589,0.624,0.472,-0.582,-0.166,-0.793,-0.211,0
101944,1.604,-0.512,0.475,0.204,-0.311,1.043,-1.396,-0.065,1
101501,1.485,-0.362,0.828,-0.975,-1.197,1.156,0.594,-1.978,0
102888,0.184,-1.258,0.907,1.117,-0.913,1.096,-1.435,0.187,1
101624,0.668,-2.361,-0.87,1.184,1.258,-0.766,-2.07,-1.303,0
102463,-0.927,0.127,-0.141,-0.557,-1.276,0.425,-0.954,-1.972,0
102315,-0.278,-0.421,-0.804,1.661,2.481,0.964,0.581,1.709,0
101932,-1.042,-0.272,0.302,-0.197,-0.302,0.341,0.809,-2.919,0
100325,1.902,-0.054,0.258,0.037,-1.158,0.991,0.308,0.203,0
100940,-0.498,1.866,-0.492,-2.26,2.978,0.045,-0.116,0.002,1
101297,0.098,-1.057,-0.314,0.234,0.788,0.256,-1.365,0.656,1
102642,0.366,-0.494,0.48,0.549,0.379,-1.369,-0.042,0.173,0
101094,-0.477,1.61,-1.382,-0.807,-1.192,-0.028,-0.898,0.961,0
102470,1.502,2.331,0.188,-1.377,0.173,-0.119,-1.287,0.446,1
101804,0.531,1.211,-0.792,-0.241,-1.275,0.441,0.067,0.181,0
100852,1.148,1.049,0.465,0.477,-1.231,-0.285,0.849,1.726,0
101919,0.301,1.259,0.239,-0.462,0.752,-0.275,-1.543,0.308,1
101102,-0.02,-2.306,1.294,-0.868,0.843,-0.138,-0.194,0.517,0
100778,0.118,-1.128,2.393,0.639,0.54,0.117,0.176,0.096,0
101129,1.354,0.039,1.01,-2.374,0.298,-1.159,0.962,1.285,1
102724,-0.528,0.842,1.293,-0.941,-0.053,1.59,-0.177,0.275,1
102568,0.418,1.088,-1.433,0.758,0.116,1.291,-0.663,0.075,1
102088,-2.643,-1.202,-0.456,1.218,-1.304,-1.851,-0.03,1.698,0
100140,0.298,0.406,0.306,-1.037,-0.319,0.257,1.033,0.06,0
102238,-1.088,0.162,-1.007,-0.145,-0.478,-1.265,-0.122,0.553,0
101748,0.661,-1.022,0.367,-0.441,0.724,-1.36,2.019,-0.939,1
100389,-1.31,0.74,0.098,-1.816,-0.729,-1.037,-0.474,1.531,1
100820,-0.944,0.636,-0.1,1.302,1.413,0.384,1.256,1.112,0
102611,-0.258,-0.259,1.004,-0.5,0.304,0.813,-0.633,1.694,1
100697,0.493,0.369,-0.554,-1.171,0.407,0.883,0.176,-0.175,1
102845,0.952,1.585,-0.625,0.53,-1.172,-1.946,1.844,-0.278,0
101208,-0.112,-0.054,1.115,0.916,-0.23,-1.309,-0.62,0.515,0
100484,-0.754,-0.712,0.278,-0.83,-1.281,0.592,-0.06,-0.886,0
101136,-0.462,1.323,-1.567,0.351,-0.467,-0.021,-0.862,-2.948,1
101735,0.866,-0.128,0.191,0.374,-1.784,0.908,1.042,0.771,0
102035,-0.065,1.349,0.405,-0.759,0.402,-0.489,1.328,-0.767,1
101330,-1.078,-1.818,-1.351,-1.282,-0.231,0.844,-0.533,-0.715,0
102984,-0.501,-0.871,-0.611,-1.394,-0.137,-0.285,0.495,0.029,0
102438,1.044,-0.815,0.128,0.453,-0.659,0.277,-0.051,-0.779,0
102343,1.031,0.084,0.008,0.307,-0.414,0.167,1.032,0.487,0
101605,0.906,-0.318,0.378,0.823,-0.665,-0.378,0.188,-0.811,0
100024,1.312,0.044,-1.168,0.008,-1.556,1.79,-1.524,0.479,1
101355,-0.714,1.396,0.872,-1.621,1.982,0.309,-0.839,0.277,1
100101,-1.325,-0.705,-0.35,0.574,0.701,0.263,-0.944,0.676,0
100628,-0.76,0.363,1.489,0.813,0.478,-0.029,-0.417,0.419,1
101729,0.43,-0.648,-0.589,-0.355,0.155,0.818,-0.193,1.374,0
100992,1.033,-0.868,-1.318,1.225,0.45,-0.348,-0.572,-1.378,0
102718,0.112,-0.521,0.939,0.932,-0.119,-0.957,0.26,0.557,0
102406,-0.795,0.378,-0.575,-0.036,0.285,2.249,-1.285,1.476,1
100008,0.343,-0.876,0.599,-0.105,0.492,-0.522,1.086,0.605,0
101066,0.617,-0.869,-0.068,-1.223,-1.486,0.427,-1.825,-0.372,0
100363,0.583,-1.982,1.844,-0.467,0.628,0.394,0.182,0.189,0
102886,1.723,0.468,-0.509,-0.599,-1.214,1.038,-0.589,0.731,1
101013,1.066,2.453,1.182,0.538,-0.226,-0.462,-0.067,-0.664,1
100400,-0.361,0.383,1.096,0.47,0.3,0.055,-0.952,-0.925,1
102196,-1.761,0.933,-0.018,-1.335,1.847,-0.344,-1.147,-1.769,1
102864,1.346,0.504,-0.946,0.548,0.801,0.667,0.44,0.64,0
102053,-1.097,1.149,-1.069,-0.543,-0.271,0.894,-0.086,1.713,0
100038,-1.279,0.338,-0.311,0.193,-1.812,-1.151,0.46,-0.038,0
102111,0.47,1.56,1.12,0.496,-0.444,-0.263,0.095,0.092,1
100864,-0.025,-0.481,2.323,-1.232,-0.371,-1.264,-0.142,1.576,1
100345,-0.3,0.148,0.388,-0.37,1.928,-0.561,-0.051,1.253,1
102114,1.291,1.244,-0.376,-1.204,1.356,0.105,-1.224,-0.714,1
100385,-0.494,0.052,0.445,-0.28,-1.155,-0.083,-0.11,-0.009,0
102867,0.621,-0.578,0.685,-1.346,0.629,0.502,0.741,0.487,0
100787,-0.699,-1.445,-0.668,-1.039,-1.547,0.911,1.152,-1.452,0
100207,-1.312,0.707,-0.433,0.544,0.076,0.2,0.073,-0.969,1
101053,1.44,-0.705,-1.024,-1.949,-1.16,0.809,-0.799,-1.023,0
102100,1.234,0.765,0.765,-0.402,0.229,1.069,-1.107,0.927,1
101736,1.134,-1.141,0.238,-0.156,-0.207,-1.187,-0.901,-0.103,1
101334,-0.745,-0.105,0.223,0.991,-0.701,-0.775,0.917,1.018,0
100048,0.12,0.257,0.614,-1.267,-0.595,-0.095,1.601,-2.36,1
102018,-0.845,-2.197,1.015,3.39,1.076,-1.853,-0.023,-0.294,0
100669,-0.747,-0.392,0.546,-0.414,0.841,-0.306,1.364,0.52,1
101688,1.34,-0.32,-0.761,-1.599,0.354,-1.453,-0.824,1.167,1
102622,1.102,1.646,2.212,0.876,1.521,-2.458,-0.367,-0.172,1
101828,-0.56,0.226,-0.799,-0.577,0.871,1.878,1.665,1.065,0
102163,0.504,1.697,0.743,0.07,-0.65,-0.25,2.242,1.916,1
100293,0.168,-1.425,-1.045,-1.144,-0.896,-0.21,0.685,1.348,0
102706,-1.656,1.545,1.706,0.379,-0.752,1.172,0.907,0.504,1
100894,0.35,-0.165,-0.999,-2.124,0.937,-0.586,-1.64,-0.652,1
102512,-0.694,-1.894,-1.481,-0.594,-1.636,-0.186,-0.08,-1.628,0
102102,-1.094,-1.437,0.852,-1.561,-1.375,-0.984,2.12,-1.475,0
100983,0.184,0.247,-1.455,0.673,-0.551,1.158,-0.242,0.064,0
101112,-0.609,1.771,0.938,-0.994,1.061,-0.106,0.718,0.389,1
100631,1.128,-0.861,-0.13,-1.724,1.161,0.751,-0.732,-1.738,0
101546,-1.214,-0.101,-0.964,-0.894,1.213,0.502,-0.381,-1.151,1
100212,-1.586,-0.299,1.713,-0.931,-1.381,0.441,1.235,0.945,0
102062,1.843,-1.522,-0.451,0.126,-0.274,-1.489,-1.046,-0.576,0
101780,-1.304,0.579,-0.07,0.405,0.192,0.311,-0.328,0.985,1
102458,-1.219,-1.482,0.589,-0.821,-1.465,-1.582,1.364,1.64,0
102213,0.677,-0.455,0.606,-1.063,-1.192,-1.412,0.636,-0.43,0
101675,-0.603,-0.251,-1.813,1.476,-0.253,1.697,1.202,-0.568,0
101475,0.194,0.785,0.682,-0.443,0.235,-0.263,0.463,-1.622,1
102159,1.255,-1.125,0.568,-0.998,1.33,0.53,1.313,0.77,0
101831,-0.257,0.901,-1.797,-1.824,0.741,-1.882,1.499,0.272,1
101808,1.067,0.324,-0.478,-0.56,0.337,-0.427,-1.562,-1.371,0
101923,0.553,-0.227,0.977,0.431,0.244,-2.661,-0.156,-0.858,0
100223,0.512,0.064,-0.471,-1.51,1.553,1.014,0.785,-0.76,1
102640,0.191,-0.955,0.878,0.133,0.457,-1.168,-0.363,0.299,0
100523,-0.194,0.3,0.39,2.526,-0.799,0.144,2.006,0.039,0
100229,-0.117,-1.313,-0.209,-0.394,0.605,-0.078,-1.97,-0.031,1
102123,-0.542,-2.489,0.055,-0.697,0.148,0.155,0.232,-1.086,0
102158,0.394,0.452,-2.178,-0.06,-0.276,2.381,1.29,-0.777,0
102743,0.621,-1.561,-0.136,0.306,-0.713,1.865,0.502,-0.235,0
102780,-0.797,0.782,-1.312,0.039,0.268,0.826,2.019,-0.087,1
101713,-0.246,-2.434,-0.383,-1.477,-0.955,1.512,0.504,-0.714,0
102250,-0.324,-0.605,-0.288,1.594,2.419,0.807,-1.059,-0.781,0
100583,-0.647,-0.839,1.223,-0.863,0.36,0.173,1.05,-0.867,1
102546,0.159,-0.684,0.786,1.926,-0.624,-1.294,-0.837,-0.613,1
101123,-1.478,-1.682,-0.832,-0.592,0.994,1.393,0.604,1.271,0
100828,-1.658,0.454,1.341,-0.434,2.171,1.133,1.118,-0.76,0
102037,3.072,0.559,-0.49,0.897,-0.897,1.22,1.437,0.774,0
102009,-0.858,-0.026,-0.001,-0.891,-0.291,1.287,-0.817,0.9,1
102981,-0.342,0.036,0.483,-0.545,-0.788,0.094,0.557,-1.232,1
100821,1.571,-0.415,0.702,1.934,0.739,-0.343,0.328,2.394,0
101249,1.35,1.391,0.523,1.192,-0.082,-0.524,2.361,-0.238,1
101204,0.49,-0.538,-0.235,-0.972,-0.49,0.372,1.398,0.538,0
101778,-0.588,-0.593,-1.937,0.299,1.359,1.327,1.22,0.423,0
101726,-1.159,1.047,0.639,-0.684,-0.309,-0.902,1.691,2.664,0
100398,0.242,-0.171,0.0,0.442,0.377,0.106,0.104,-1.312,1
102139,-0.483,1.505,-0.186,-0.623,-0.243,0.036,-0.563,-1.142,0
102781,0.826,1.255,-0.599,-0.039,1.216,0.043,0.487,1.457,1
100891,-0.349,0.668,-0.528,-1.302,-1.974,0.789,-1.135,0.347,1
100747,-1.803,-0.618,1.488,0.644,0.832,0.159,1.584,-2.844,1
101463,-0.389,-1.204,0.007,1.629,1.3,-0.356,-1.05,0.832,0
101896,-0.614,-0.075,0.326,1.132,1.883,-0.74,-0.077,0.821,1
100037,-0.513,-1.581,-0.224,-0.371,0.152,-1.145,0.397,3.624,1
102911,0.589,-0.86,1.057,0.579,0.12,-0.984,-0.393,-0.625,1
101509,1.56,2.174,-1.291,-0.034,0.992,1.109,0.649,-0.608,1
101848,0.697,-0.011,-1.405,0.269,-0.938,-0.207,0.206,0.146,0
102236,0.881,0.043,2.509,-0.253,0.019,1.897,0.403,0.696,0
101648,-1.142,0.279,0.105,0.181,-1.366,-0.778,0.052,0.75,1
102565,1.479,1.081,-1.138,1.1,1.459,0.955,0.004,0.104,0
100372,-1.519,0.334,0.715,0.155,0.169,1.269,0.232,-0.014,1
101161,0.533,-0.462,1.572,-0.172,1.736,-0.056,1.161,0.386,1
102310,-0.812,0.601,-0.078,-0.14,0.641,0.504,1.356,1.067,1
102699,1.069,1.244,0.9,-1.13,0.316,-1.397,0.861,-1.476,1
101737,-1.066,-0.346,-1.16,0.477,2.046,0.417,-0.09,-1.391,1
102064,1.071,0.936,0.91,-0.659,0.123,-0.501,-1.636,-1.341,1
102384,0.733,-0.828,-0.281,0.555,-1.842,2.449,-0.938,1.723,0
101287,0.147,0.221,-1.093,-0.973,0.339,-3.368,1.167,-0.846,1
101091,0.441,1.487,-1.786,-1.274,-0.113,-0.553,1.693,-0.865,0
101146,1.023,1.535,0.077,0.899,1.014,0.621,-0.813,0.742,1
100294,-0.98,-0.57,1.566,0.9,0.234,-2.37,-1.019,0.157,1
101742,-0.93,-0.52,0.137,-0.825,-1.229,0.331,0.453,0.505,0
100977,1.886,0.421,-0.407,0.711,-0.806,1.554,-1.376,-0.596,0
100259,-1.415,1.159,-0.906,-0.183,0.896,-0.656,-0.439,0.5,1
100158,-0.839,-0.159,-0.137,-0.483,-2.126,-0.84,0.319,-0.075,1
101152,1.125,0.048,0.933,0.017,-1.571,-1.051,-1.613,-0.165,1
100970,-0.089,-0.082,0.511,-0.766,-1.284,-0.127,0.822,0.696,1
102795,-0.211,0.155,0.088,-1.384,0.396,1.188,0.265,-0.474,1
102661,0.11,0.339,0.236,2.083,-1.167,1.287,-0.264,-2.004,0
101670,-2.298,-0.537,-1.647,1.648,0.451,-0.075,0.181,0.811,0
100845,-0.653,1.209,2.059,1.672,-0.48,0.419,-0.276,0.448,1
102285,-0.108,1.505,0.83,0.429,1.643,0.314,2.125,0.043,0
102818,0.211,-0.03,0.686,0.731,-2.035,0.864,-1.564,0.719,1
101539,0.802,1.878,-0.254,0.375,0.014,0.333,-0.53,-0.024,1
102115,0.552,-0.464,1.655,-0.74,0.823,1.175,0.205,0.623,1
102836,-0.331,0.084,0.243,1.224,0.246,-0.679,-0.606,0.068,1
102078,1.547,1.357,-1.07,2.106,0.502,1.705,-0.812,-0.034,1
102043,-1.624,0.034,-0.362,0.712,0.538,-0.102,-0.305,0.103,0
102162,-1.661,0.735,-1.388,1.373,-1.336,-0.818,-2.133,-0.017,0
100513,-0.397,1.316,1.485,-0.968,2.04,1.089,-1.466,1.786,1
100067,0.498,0.342,0.578,1.078,-1.357,-0.56,0.148,-1.349,0
100537,1.732,0.828,0.129,-0.088,0.625,0.306,-0.472,-1.21,0
101705,-0.249,0.114,0.203,-0.385,-0.876,0.188,0.625,1.798,1
101851,0.356,1.058,-0.255,-0.793,-0.015,2.08,1.042,-0.988,0
102916,-0.839,1.315,0.323,0.473,0.052,-0.039,-0.306,-1.066,1
100309,1.698,0.709,0.757,-0.384,-1.114,0.591,0.031,0.859,0
100800,1.323,-0.747,2.589,2.695,0.792,-0.147,0.284,-1.38,0
102507,-0.19,0.011,-2.082,1.742,-0.493,-0.494,0.771,0.833,0
102910,0.088,-0.091,0.306,-0.247,-1.466,1.015,2.011,-0.264,0
101083,-1.359,-0.919,0.903,0.904,1.47,-0.967,0.799,0.224,1
102532,0.289,-2.199,-0.784,-0.66,-1.523,0.826,-0.051,-2.003,0
100125,0.124,-0.993,-0.356,0.527,0.569,-0.155,0.397,0.057,0
100068,-0.532,1.014,1.103,1.077,0.043,-0.212,1.08,-0.373,0
101534,1.747,-0.927,-1.477,-1.551,-1.032,0.404,-0.452,-0.451,0
101244,-0.401,0.145,0.171,-0.525,-0.483,-1.244,-0.503,1.6,1
101759,0.469,-0.17,-0.734,2.16,1.745,-1.171,-0.129,-0.422,1
100149,-0.284,0.389,-1.765,0.729,-1.458,-0.158,-0.635,-0.37,0
101754,1.62,0.964,-1.032,0.128,0.537,-0.907,0.414,-1.318,0
102179,-0.795,0.883,0.598,-0.439,-0.025,-1.048,-0.021,0.671,1
102645,0.426,-0.803,-0.564,0.183,0.844,1.21,-2.051,0.761,0
101386,-0.744,-0.287,-0.96,1.754,-1.057,-1.312,-1.34,1.612,0
101863,-0.543,-2.169,1.655,1.111,-0.044,0.361,-0.401,-0.67,0
100920,0.091,-0.216,0.83,0.36,1.25,-0.699,0.358,-0.497,1
102779,-0.03,0.959,0.663,-1.054,1.143,-0.358,1.924,-0.583,1
102430,1.681,0.02,-1.208,0.028,0.871,1.559,0.375,0.354,1
100436,0.191,-1.231,-0.439,-1.141,-1.922,0.888,-0.334,-0.419,0
102217,0.642,-0.342,0.83,0.322,0.086,0.683,-0.432,0.392,1
102567,-1.726,0.043,-0.34,0.665,-0.059,1.428,-0.62,1.919,1
100851,1.637,1.13,0.802,-0.795,0.545,1.037,0.102,0.738,1
100672,-1.361,-0.946,-0.738,-0.115,-1.514,-2.063,1.485,-0.52,0
100060,-1.242,0.993,-0.418,-2.081,-0.106,-0.972,0.319,-1.172,1
102852,0.152,0.854,0.827,0.288,-1.009,0.742,-0.726,0.455,0
100264,0.336,0.524,0.056,-0.824,0.454,1.119,0.225,1.728,0
102712,-1.722,0.604,-0.572,0.333,-0.08,-0.24,1.193,-0.762,0
101323,-0.944,0.645,-0.274,0.879,-0.117,1.4,-0.005,0.137,0
100456,-0.31,-0.881,-2.172,0.623,0.805,2.345,0.721,1.625,0
100596,-0.715,1.282,-0.495,-0.091,-1.613,-0.793,-0.183,0.579,1
102046,-0.057,-0.81,0.029,0.348,1.828,1.487,1.328,-0.665,0
100982,-0.127,2.749,0.628,0.679,-0.756,-1.416,-2.16,-0.581,1
102715,0.181,0.287,0.84,-0.828,-0.133,-0.759,0.445,1.555,0
100209,-0.849,-0.447,-1.532,-0.592,-0.437,-0.287,-0.139,-0.697,0
101766,1.222,0.676,-0.086,-1.91,0.164,-0.798,0.375,-0.436,1
102928,-0.624,-0.899,0.057,-0.011,-0.632,0.336,-0.04,0.458,0
100202,0.973,0.195,0.566,0.851,-0.093,1.533,-2.051,-0.986,0
100347,-1.516,-0.758,-1.012,1.411,-0.327,0.444,-0.797,-0.066,0
101870,0.524,-0.514,-0.573,-0.535,-0.126,2.387,-0.298,-0.554,0
101784,-0.048,1.91,-0.545,-1.205,-1.379,-2.005,-1.354,1.264,1
101084,-1.303,0.506,-0.021,-0.674,-1.091,-1.623,0.483,0.426,1
102351,1.728,-0.565,1.619,2.76,0.102,-0.504,-1.674,0.46,1
101109,1.404,-0.005,0.575,-0.68,0.638,-0.391,0.624,0.227,1
100701,-1.779,0.928,0.602,1.671,1.467,-1.318,0.411,0.834,1
101540,-0.248,-0.291,0.173,-1.421,1.136,0.102,0.209,-0.722,0
101837,1.552,-0.037,1.557,-0.865,2.172,0.366,0.119,-0.2,1
100634,1.131,0.032,0.86,-0.159,-0.859,-0.086,0.094,0.147,0
101448,1.69,0.355,1.296,0.849,-0.144,0.089,1.497,0.432,0
100834,-1.321,0.901,-0.737,-1.747,-0.394,-2.257,1.408,-0.015,1
101673,0.43,0.846,-0.39,-0.275,1.868,-0.95,0.623,1.445,1
100267,-0.342,0.173,-0.497,-0.212,-2.164,0.394,-0.283,0.217,0
101857,0.284,0.165,-0.005,-0.019,-0.695,-1.889,-1.237,-0.388,1
102493,0.995,1.521,0.414,-0.516,0.447,1.245,-0.642,-1.818,1
102146,0.9,-1.16,0.002,-0.371,-1.299,0.003,0.253,-2.024,0
102639,-0.169,0.531,0.689,-0.099,1.449,-1.152,-0.525,-0.362,0
100809,1.288,-0.371,-1.369,0.107,0.625,-1.198,1.94,-0.733,0
101122,0.794,-0.956,0.525,1.353,-0.007,0.399,0.051,0.846,0
101645,2.704,-0.404,-2.145,2.058,0.603,1.73,-0.753,-0.451,0
102860,0.905,-0.149,0.297,1.033,0.406,-0.855,1.135,-2.466,0
101206,0.432,-0.666,-0.433,0.028,-2.486,-0.823,-0.614,-0.551,1
102155,0.434,-0.804,1.729,0.283,0.099,0.57,-0.801,-0.666,1
100981,1.787,-0.218,0.322,-1.244,0.931,-0.132,-0.264,-0.298,0
101034,-1.246,-0.044,-2.086,0.01,0.203,-0.655,-0.424,1.144,0
102557,-0.112,0.539,-0.466,-1.303,1.761,-0.665,-1.41,-0.166,1
101770,0.882,1.633,0.73,1.135,-1.047,-0.396,-0.833,1.45,1
100051,-0.043,-0.529,1.456,0.988,1.27,0.608,-0.11,-0.419,0
100305,-0.245,1.774,0.258,0.192,0.402,-0.895,-0.128,-0.672,1
101646,1.533,-0.854,-0.096,-0.045,0.906,1.063,-0.822,0.951,1
101554,0.035,-0.34,0.485,0.465,-0.035,0.523,0.292,-0.068,1
101953,1.139,-1.056,1.219,0.724,-1.653,-0.153,-0.281,-0.621,0
101037,1.33,-0.951,0.627,-0.328,-1.467,-0.285,-2.243,1.206,0
100726,-0.43,0.686,-0.556,-0.819,1.008,1.457,-0.959,-0.173,1
100369,0.147,0.183,-0.778,-0.188,1.037,0.28,-0.391,-0.183,1
102647,-1.315,-0.761,0.605,0.299,0.125,0.152,1.023,2.413,0
101220,-0.508,0.311,0.612,0.639,-0.278,0.202,0.167,0.976,1
102412,0.096,1.062,0.28,0.123,-0.989,-0.592,1.729,0.159,0
101362,-1.072,-0.594,-1.051,0.117,-0.619,1.117,-0.359,0.516,0
100104,0.139,0.968,0.647,0.494,0.504,2.584,0.26,1.042,1
101677,-1.592,0.236,-0.199,0.691,-0.622,0.278,-0.978,0.405,1
101285,-0.398,0.787,-0.364,0.124,0.289,-2.495,1.209,0.554,1
102451,0.46,1.503,-0.943,-0.586,0.218,-0.129,-3.001,0.237,1
101719,-0.723,0.586,-0.197,0.263,0.603,0.582,0.311,0.847,1
101727,-1.427,-0.775,-0.146,-0.927,1.097,0.265,-0.231,-1.653,1
100575,-1.009,0.994,-1.408,1.941,1.042,1.352,1.074,0.438,1
101496,-0.218,-1.045,-0.614,0.46,0.46,0.394,-1.588,-0.449,1
101995,-0.563,0.103,0.588,-1.697,1.949,-0.143,0.682,-2.226,1
101994,0.514,1.175,1.011,0.715,0.904,1.774,0.707,0.627,1
102126,-2.402,-0.466,-2.562,-0.143,0.606,-0.478,-1.736,-0.409,1
102374,1.005,-2.276,0.069,-0.554,-0.503,-0.211,0.232,0.373,0
101579,0.303,1.28,0.844,-2.089,-0.094,-1.065,-0.806,0.955,1
101354,1.452,-0.933,0.696,-1.013,-0.538,0.124,-0.719,0.669,0
101684,-0.315,-0.463,-0.831,-0.735,-1.357,0.564,0.313,-1.987,0
101093,1.981,-0.089,0.887,-0.264,1.446,-2.313,-0.641,-0.203,1
101873,0.63,0.27,0.99,0.698,0.424,0.215,-1.542,0.653,1
101157,0.428,0.306,0.787,-1.782,-0.588,-0.274,-0.845,0.269,0
101402,1.452,0.525,0.924,0.247,-1.036,1.305,-0.416,0.488,0
101108,0.107,-0.579,-2.318,-0.215,-0.984,-2.085,1.104,0.044,0
102986,-0.197,0.459,1.225,-0.876,-0.181,-0.811,0.268,-0.504,1
101725,-1.208,1.077,-1.291,1.619,0.069,0.167,1.892,1.978,1
101115,1.577,1.963,0.663,-0.488,0.724,-0.309,1.658,-0.409,1
100435,-0.769,-0.962,1.239,0.443,-0.657,-0.426,0.97,0.377,1
101814,-1.08,0.516,-0.588,-0.736,-0.016,0.503,-0.968,1.186,1
101498,-0.945,-1.007,0.814,0.501,1.109,-0.777,-1.179,2.17,0
102352,0.09,-1.098,-0.707,-1.998,0.674,-1.509,-0.237,0.386,1
102466,0.24,-1.19,0.709,-0.376,-0.648,-0.874,-1.8,-0.819,0
102494,0.122,1.448,-0.157,0.055,-0.85,-1.397,0.654,1.444,1
101035,-0.257,0.108,1.984,0.412,1.002,0.532,0.647,1.208,1
100210,-0.64,-0.08,0.256,-0.209,1.675,0.138,0.094,-0.724,1
100053,-1.264,0.119,-0.078,-1.662,0.748,2.163,-1.481,1.82,0
100779,0.266,-1.503,-0.713,-0.086,0.154,0.203,0.439,-1.825,0
102586,-0.064,0.898,-0.571,1.676,-1.583,0.157,0.811,-0.178,0
100386,0.634,-0.249,-0.301,1.686,1.032,-0.123,-0.958,-0.472,1
102421,1.017,0.927,1.469,0.312,-0.889,1.698,-1.694,0.577,1
102991,-1.954,0.222,-1.25,-0.431,1.11,0.707,-0.912,-2.116,1
100146,-0.377,-1.94,-0.187,-0.798,1.339,-0.876,1.699,-0.533,0
100498,-1.26,-0.346,0.065,-0.542,0.954,-0.644,0.961,0.756,1
100619,0.941,0.045,1.028,-0.251,-1.959,0.163,0.062,-1.741,0
100995,-0.201,0.157,0.76,0.962,-0.647,0.782,-0.388,-2.541,1
101794,-0.016,-0.564,-0.169,-0.947,-0.687,1.321,-1.202,0.681,0
101860,-0.665,-0.446,0.06,0.458,0.381,0.303,-1.437,2.17,1
100793,0.302,-1.261,-0.498,1.839,-1.749,-0.053,1.175,0.265,0
100509,0.479,0.155,0.73,0.002,-0.499,0.529,-1.17,0.831,1
102136,0.434,-0.019,-0.984,-1.462,-1.362,0.814,-2.185,-0.339,0
101853,-2.023,0.138,-0.649,1.011,-1.0,0.418,0.844,0.974,0
100167,0.767,-1.512,-0.35,-0.324,0.244,-1.63,1.191,0.64,0
101882,-0.074,2.215,0.015,-0.807,0.005,1.298,-0.511,-1.721,1
101606,0.1,0.647,0.038,-1.669,0.282,-0.193,-0.025,-1.174,1
101865,-1.091,-1.097,0.596,-0.767,0.703,1.129,1.416,1.162,0
102654,0.445,-0.089,0.069,-1.765,-1.161,-0.82,0.367,0.609,0
101452,-0.22,0.541,0.381,-0.199,-0.697,-0.184,1.151,-1.62,1
101758,-1.672,0.95,-1.053,0.853,-0.823,0.667,-0.497,-1.532,0
102881,-0.282,-1.848,-0.507,1.049,-0.041,-2.266,0.094,-0.834,1
100758,-1.226,0.324,1.124,-1.071,0.978,0.663,0.457,1.353,1
102113,1.016,1.047,0.513,0.762,-1.461,0.907,0.517,-2.273,1
102726,-0.787,0.189,0.163,1.627,2.224,-2.208,-0.273,0.637,1
102056,-1.328,1.079,-0.177,0.67,0.175,-1.703,-0.601,-1.064,0
102951,0.22,-0.514,-1.695,0.448,-0.491,1.445,0.573,-1.189,0
102497,-0.242,0.661,0.905,-1.89,0.33,-0.123,-0.127,-0.894,0
100661,-1.272,-0.162,2.102,-1.259,-0.429,-0.396,0.883,-1.2,1
102560,-1.141,-1.068,1.123,-0.549,-0.8,-0.022,-3.437,0.617,1
102604,-1.152,0.857,0.013,1.578,0.235,-0.205,-0.473,-1.167,0
102151,0.107,-0.844,-0.38,1.036,0.233,-0.565,-2.68,0.777,1
102685,-0.848,0.605,-0.665,0.889,0.065,1.195,0.924,0.273,0
101293,1.63,0.26,1.357,-0.545,2.328,-1.012,-1.146,-0.422,0
100662,0.344,-0.749,-0.28,-1.144,0.61,-0.416,-0.516,1.183,1
102522,0.192,0.419,1.008,-1.089,-0.31,-0.733,1.174,-0.406,1
100529,0.008,0.715,1.064,-0.657,2.051,0.259,-1.753,0.957,1
101272,-0.373,-0.533,1.793,-0.658,-0.116,0.404,-1.853,-1.359,0
101945,-1.201,0.441,-1.818,0.662,-0.621,0.923,-0.387,1.589,0
100059,0.936,1.355,0.228,-0.063,0.788,-1.541,0.093,1.054,1
100948,0.118,-0.815,-1.677,2.233,-0.833,0.043,0.266,0.879,0
101647,-0.245,-0.118,0.154,0.971,-0.099,0.507,-0.783,-1.465,0
101681,-0.513,-1.916,0.816,-0.175,-1.021,1.435,0.004,-0.988,0
100281,-0.241,-0.25,-0.83,-0.82,0.634,1.086,1.936,1.183,0
101183,0.348,-0.947,-0.037,1.314,-0.242,-0.2,-0.536,0.337,0
102987,0.873,-1.191,1.007,1.185,-0.03,-0.312,0.325,2.449,0
102605,-0.826,-0.694,0.12,0.572,0.505,-0.89,0.356,0.608,0
102243,-0.871,-0.607,-1.102,-1.911,0.461,-0.663,0.027,1.295,0
102204,-1.215,-0.267,0.597,-1.316,-0.32,-0.076,0.58,-1.138,0
101535,0.593,-0.268,0.129,1.47,-0.772,0.05,-0.842,0.708,1
102175,-0.176,2.487,0.29,0.244,-0.516,0.773,-0.055,0.864,1
102824,0.697,0.758,-0.72,0.66,-1.393,-0.524,-0.229,0.633,0
102821,-0.408,-0.291,-0.809,0.27,1.225,2.138,-0.678,-0.683,1
101326,1.52,-0.664,-0.965,0.608,-0.239,0.778,0.921,-0.323,0
101570,-0.509,1.066,0.088,1.062,-1.006,0.579,-0.464,0.736,0
102483,-0.55,-1.369,0.856,-0.337,-1.333,0.988,-1.255,-0.972,0
100853,0.195,1.104,0.026,-0.958,0.451,0.476,-0.881,-0.853,1
101903,0.891,-0.476,-0.187,-0.514,-0.519,-1.154,0.054,-0.076,0
101276,1.164,1.528,-0.071,-0.082,-0.123,-0.263,-0.111,1.386,1
101283,-0.069,-0.517,-0.601,-0.721,0.705,-1.459,-1.475,0.257,1
100518,0.442,-1.305,-0.617,0.828,-1.438,-0.183,0.927,-0.235,0
101525,1.862,0.617,1.821,0.638,0.564,-3.081,-1.483,-1.497,1
100805,0.569,-0.196,0.771,1.012,0.905,0.317,0.317,-1.959,0
102679,0.621,-0.188,-0.397,-0.7,2.152,-0.551,-0.053,-1.479,1
102636,-0.109,0.662,-1.091,0.683,-0.34,-1.531,0.122,0.754,1
100710,-0.387,2.487,-0.347,-0.05,-0.514,0.963,-0.353,-1.632,1
101721,-0.975,1.202,0.707,2.296,-0.622,0.565,-0.543,-0.367,1
100049,0.439,-0.54,0.431,-0.492,0.365,1.565,0.354,0.433,0
100643,-0.744,0.137,0.343,-0.617,1.15,-0.03,0.161,-0.471,1
101006,0.578,0.613,-0.652,-1.706,0.177,-1.231,1.091,0.106,1
100801,0.056,-0.788,-0.066,-0.29,2.101,-0.831,0.342,-0.375,1
102132,1.727,0.675,-0.793,0.274,0.842,1.07,-0.368,-0.472,0
102054,1.24,-0.564,1.022,-1.115,-1.328,1.757,0.609,1.748,0
101310,-1.47,-1.464,-0.18,1.749,0.122,-1.812,-1.178,-0.178,0
101790,0.614,-0.608,0.087,0.994,1.418,-1.236,0.302,0.265,0
100849,-0.579,0.411,-1.595,-0.207,1.078,0.198,-2.429,0.996,1
100424,0.713,0.823,-0.504,-0.242,-0.349,1.023,0.128,0.165,0
100416,0.134,-0.686,-0.062,-0.029,0.755,0.554,-0.764,-0.476,1
100000,0.034,1.36,1.225,-0.51,-0.298,-0.527,0.57,-0.056,0
101481,-0.589,-0.426,1.549,-0.862,-0.433,1.021,-1.932,-0.673,1
101409,0.455,1.622,-0.897,-1.864,-1.99,-0.728,-0.385,-0.407,1
102772,-0.424,-0.941,-0.385,0.215,1.169,0.898,-0.487,0.672,1
101829,0.193,0.859,-0.091,-0.067,-0.211,0.93,0.319,-1.33,1
101269,0.098,-1.276,-2.76,-1.788,-0.151,-0.017,-0.274,-0.929,0
100176,0.627,-0.48,0.459,-0.482,-1.472,1.016,0.452,-1.226,0
102403,-0.467,-0.066,-1.395,-1.982,-0.843,0.953,0.03,0.364,1
101564,-1.713,-1.14,-1.294,-0.023,0.378,-0.214,0.501,-0.192,1
100512,-1.287,0.697,-0.357,-0.657,-0.514,-0.457,1.647,-0.932,1
100536,-1.714,-0.531,-1.631,1.163,0.754,-1.065,0.337,0.737,1
101286,0.403,0.138,-0.291,1.3,-0.055,0.808,-1.771,1.917,1
100919,-0.223,1.738,0.427,0.425,0.464,-2.486,-1.476,-1.616,1
101462,-1.693,1.556,-0.576,1.143,1.394,0.985,-2.804,-1.082,1
100361,1.121,-1.011,-0.078,1.958,-0.147,1.366,1.634,-1.338,0
102242,0.759,-0.398,1.246,-1.449,2.592,1.027,1.584,0.553,0
101139,0.185,-0.901,-0.875,0.138,1.878,-1.71,-0.042,0.524,1
101654,-1.113,-0.503,0.99,0.892,0.481,0.747,1.351,-0.168,0
101657,-1.052,-1.093,-0.066,0.99,0.045,0.129,-0.935,0.964,1
100336,1.113,-1.154,0.113,1.246,0.591,-0.389,2.613,0.893,0
100766,-3.191,0.256,0.221,-0.562,-0.561,-0.358,-0.668,-0.077,1
101348,-1.813,0.033,-0.874,-2.23,-0.99,-0.503,0.088,0.668,0
100434,0.49,1.294,0.195,-2.904,0.249,-0.571,-0.506,-0.452,1
101862,2.189,0.679,-0.583,-0.409,-0.486,-0.184,1.297,0.49,0
101054,0.381,-1.004,-0.754,-0.803,0.382,-0.695,-0.511,-0.199,1
101532,-1.335,-0.101,1.674,-0.554,0.34,-1.793,-1.097,-0.051,1
102659,-0.825,0.506,-0.655,-0.824,1.542,-0.282,-0.418,-0.776,1
102719,0.994,1.532,-1.455,-0.52,-0.095,0.68,-1.396,-0.764,1
102758,-0.439,0.346,1.167,-1.104,-2.325,0.061,-1.265,-2.766,0
100407,0.778,1.738,0.903,0.655,0.149,0.924,-0.984,2.138,0
101262,-0.733,0.235,0.299,0.729,1.149,0.988,0.405,0.343,1
102540,1.36,-1.74,0.372,-0.911,-2.332,1.386,0.766,0.3,0
102871,0.929,2.142,-0.838,-2.392,-0.483,0.591,-1.063,0.483,1
102897,-0.181,0.184,-0.148,-1.758,0.756,1.243,-0.217,0.219,0
101317,-0.55,-0.968,2.013,0.984,-0.77,-0.137,0.649,-0.243,0
101329,-0.796,0.808,0.87,-1.339,-0.117,-0.568,-0.311,0.182,1
102436,-0.232,0.801,1.102,-0.015,0.277,0.687,1.071,-0.316,1
100380,0.337,-0.145,-1.382,-0.379,-0.043,0.745,-1.651,0.659,0
101552,-0.025,-0.136,0.023,0.064,1.151,1.061,-0.408,-0.194,1
102112,-0.793,-1.07,0.493,0.083,0.142,-1.71,-1.682,0.282,1
102579,0.292,-1.802,-0.563,-0.645,-1.226,1.213,0.695,0.368,0
101955,1.42,-1.47,-0.499,-0.418,-0.464,0.248,0.388,-0.192,0
102357,1.013,-0.404,-0.506,0.068,0.028,-0.042,0.059,0.805,0
100578,0.924,-0.714,0.578,0.327,-1.1,0.188,-1.182,-0.131,1
100478,-0.493,0.173,-1.796,-0.985,-0.371,-0.059,-0.32,-0.266,0
101747,-0.894,-0.116,0.935,2.076,-1.804,0.648,-1.452,-0.593,1
102307,-0.265,0.027,-1.137,1.07,2.58,-0.756,0.912,0.159,1
101782,1.159,-1.274,0.6,-2.902,-0.506,0.149,-1.478,-2.348,0
102039,0.338,0.666,-0.241,1.262,0.913,0.268,1.934,2.201,1
100419,0.28,-0.693,0.926,0.339,-0.982,-2.965,-1.826,1.438,1
100625,1.861,-1.191,-0.055,-1.083,0.899,1.15,1.395,-0.336,0
100039,1.635,-0.705,0.174,2.913,-0.766,-0.904,-0.035,-0.045,0
101167,1.285,0.835,0.204,0.476,-0.091,-0.089,0.367,0.175,1
101480,-0.762,-2.327,0.648,-0.125,0.609,1.801,1.01,-2.242,0
102447,1.573,-0.392,0.579,-0.234,0.175,-0.618,-0.316,-1.208,1
101059,0.136,0.533,-0.14,0.562,2.376,-1.001,0.103,-0.486,1
100080,-0.656,-0.028,0.364,2.266,-0.491,0.307,1.463,-2.078,0
100946,-0.46,-1.011,-0.32,-0.461,1.964,1.358,-1.393,0.767,0
100073,1.553,-0.791,0.985,-1.798,0.252,-1.661,0.482,-1.788,1
101125,0.505,0.009,1.112,0.202,-0.688,-1.166,0.009,1.647,1
100556,1.153,0.652,-0.862,0.263,-0.167,-0.494,-1.153,-0.78,1
102040,0.681,0.038,-0.492,2.36,-0.691,0.561,-0.617,-0.661,0
102794,0.851,2.137,1.349,-0.424,1.071,-0.505,-1.954,0.817,1
101252,-1.164,-0.795,-1.593,0.184,0.382,-1.322,-0.546,-0.375,0
101724,-0.174,0.358,0.678,-1.473,-0.696,-0.348,-0.977,-1.974,1
101631,0.418,0.766,-0.226,-1.009,0.512,0.584,-0.81,0.368,1
101588,0.851,0.417,-0.362,0.577,0.804,-0.131,-0.992,0.483,0
101595,0.703,0.475,0.273,-0.946,0.15,-0.855,-0.508,-1.135,1
102290,-0.665,-0.115,0.143,-1.143,-1.468,0.633,0.332,0.072,0
100541,-1.051,0.205,-0.96,0.378,-0.099,-0.463,0.578,0.535,1
101461,-0.12,-2.028,0.31,-1.407,2.296,-0.135,0.297,0.381,0
100507,-0.078,-0.477,0.005,0.285,1.744,-0.799,1.659,-0.23,1
101181,-0.641,2.805,-1.306,-0.372,-0.479,1.033,0.322,0.52,1
102461,0.484,0.173,0.695,1.154,1.483,0.223,-0.671,-1.13,0
100488,-0.07,1.337,-0.925,0.134,1.643,0.899,1.753,0.435,1
101124,-0.384,-0.514,-1.517,1.182,0.557,-0.021,-1.329,-1.002,1
102241,-0.373,-0.142,-0.381,1.711,-1.226,-0.199,0.345,-0.86,0
101541,-2.069,-0.116,-0.486,-2.49,1.181,1.543,-0.308,0.478,0
100388,-1.074,0.998,0.115,1.261,-0.508,0.252,0.644,-1.863,1
100217,-1.029,0.452,0.28,-0.421,1.14,-1.379,0.572,-0.305,1
101017,-0.16,-0.973,-0.585,0.05,-0.822,0.047,-0.134,-0.237,0
101245,-0.167,-0.931,-0.633,-0.732,-0.102,-0.814,1.138,-0.803,0
102854,2.074,-0.066,-1.536,-0.521,-0.641,-1.226,1.756,0.086,0
101628,-1.242,-0.083,0.205,0.177,-2.344,0.02,-0.047,1.059,0
101290,0.434,-0.248,-0.005,-1.077,0.543,-0.453,1.118,-1.524,0
100462,-1.154,-0.161,0.027,-0.241,-1.934,-1.3,0.536,0.564,0
102517,1.371,0.092,-0.261,0.116,0.334,1.33,-0.036,0.593,0
102472,-0.482,0.921,1.767,-0.447,-0.167,-0.152,0.093,0.446,1
100861,0.855,-1.156,-0.384,-0.991,-0.704,-0.628,-1.21,0.489,1
100526,-0.249,2.341,-0.978,-0.329,-0.911,-0.492,-0.459,-1.457,1
102350,0.617,0.294,0.432,-0.939,1.037,0.219,0.258,0.171,0
101962,-0.398,1.006,0.772,-1.755,0.151,-0.257,1.668,-0.231,0
100283,-0.595,1.362,3.147,0.865,1.1,0.202,-0.307,2.238,1
102305,0.482,-0.201,-0.072,-0.167,0.944,0.149,-0.568,-0.671,1
101470,0.169,-0.143,-1.148,-1.483,-1.707,0.484,0.005,0.357,1
101086,-0.616,-0.49,-0.605,0.614,-0.417,-0.045,0.069,1.526,0
100872,0.298,-0.49,0.386,0.098,-0.362,-0.106,0.833,0.409,0
100590,-0.375,0.536,-0.247,-0.612,1.002,-0.525,0.861,1.723,1
102381,0.89,-0.189,1.531,0.614,1.623,0.964,1.188,1.087,0
101576,-0.084,0.606,0.856,1.147,1.019,-0.493,-0.118,-0.666,0
100064,-0.113,0.473,-0.034,0.794,-1.253,1.426,-0.781,-0.165,1
101082,0.051,-1.246,-0.574,-0.549,-2.401,-1.177,0.337,-2.062,0
102550,1.213,0.301,-2.454,0.606,0.859,-0.486,-1.271,-1.474,0
101279,0.393,-0.88,0.447,-2.499,-0.08,2.246,-2.396,-0.325,1
100604,1.189,-0.793,1.83,0.251,-1.225,0.57,1.956,-0.672,0
102736,-2.384,-0.126,-0.415,-1.159,-0.093,0.297,2.455,-0.405,1
100729,-0.421,-0.945,0.812,-1.323,0.027,0.213,1.218,-0.817,0
102005,1.217,0.089,1.174,-1.01,1.371,-0.296,0.649,1.062,1
100352,-1.09,-1.056,-0.094,-0.491,-0.463,-0.45,-0.145,-0.832,0
100953,1.191,0.993,-0.664,-0.437,-1.273,0.168,0.717,0.116,1
101400,-2.703,-1.181,-0.407,0.144,1.717,2.402,1.325,0.138,0
102626,-1.833,-1.058,2.14,-0.522,1.054,0.693,-0.912,-0.196,1
102181,-0.188,0.258,0.953,0.157,0.621,-1.472,-0.306,-0.25,1
101921,-0.15,0.844,-0.617,-1.018,1.135,0.625,-0.896,-1.185,1
101379,-0.225,0.54,-0.217,-1.85,-0.55,2.428,-0.045,1.142,1
102713,-0.325,0.132,-0.528,-1.971,-0.553,1.892,0.411,0.779,0
100034,-1.903,-0.689,0.264,0.636,0.166,0.045,0.47,-0.211,1
102775,1.568,0.788,0.922,1.984,0.144,0.065,0.82,-0.3,0
101405,0.237,0.344,0.511,1.016,1.1,-0.321,0.292,-0.065,0
102239,0.824,-0.609,0.472,-0.846,0.231,-1.42,0.553,-0.228,0
102385,-1.33,-0.027,0.567,1.115,1.265,0.325,-1.93,0.199,1
100019,0.578,-0.644,-0.724,2.011,0.757,1.831,2.129,-0.818,0
100622,-1.953,-0.912,0.758,-1.176,-1.438,-1.388,-0.361,-1.575,1
102591,-2.019,0.399,1.153,-0.676,0.28,-1.37,-0.914,0.419,1
102098,-0.013,-0.19,0.679,-0.462,-0.86,0.954,-0.269,-0.334,0
102354,-0.908,0.433,1.032,-0.496,0.364,0.21,-0.146,1.45,1
102313,1.466,-1.126,-0.63,-0.491,0.718,-0.116,-0.779,0.645,0
101274,-0.004,1.104,-0.598,-1.147,-1.09,-2.291,1.232,0.327,0
101783,-1.43,0.397,0.347,0.313,-0.208,0.987,0.503,-0.605,0
101081,-1.568,-0.075,-1.005,1.329,-1.881,1.228,-0.993,-1.224,0
100163,-1.863,0.25,0.062,0.984,0.894,-0.287,0.383,-1.816,1
101702,0.681,0.863,-0.372,0.092,-0.366,-1.126,1.109,1.918,0
101176,0.271,1.062,-0.381,1.446,-0.763,1.368,0.656,-1.645,1
102813,-0.387,-0.493,0.753,2.0,1.109,0.138,-1.102,0.788,1
100198,0.424,-1.172,1.896,-1.741,1.164,0.742,-1.834,-0.3,1
101232,-0.248,-1.186,-0.248,0.649,-0.537,-0.624,-1.219,0.527,1
102927,0.071,0.431,-0.178,-0.924,-1.003,-0.158,0.667,0.031,0
101515,-0.811,0.803,1.697,-3.055,-0.765,-0.159,0.803,-0.988,1
101881,-0.678,0.268,-0.958,0.378,-1.684,0.13,0.644,0.149,0
100408,0.275,1.4,-0.795,1.021,0.396,-0.188,-0.667,-0.878,1
100142,0.943,-1.382,0.847,0.599,-0.526,0.587,0.418,-0.465,0
100022,-0.448,-0.165,-0.496,0.388,0.014,0.581,-1.329,0.888,1
100204,-0.178,-0.133,1.047,-1.184,-0.431,0.599,-1.283,-1.644,0
101212,1.036,0.265,-0.089,1.304,0.365,1.532,0.588,2.116,1
101364,0.106,-0.359,0.52,0.814,0.92,-0.818,1.444,-1.93,0
101005,-0.065,-0.945,-0.386,-1.069,0.567,-0.95,1.426,-1.967,0
100641,-0.66,-1.058,2.877,0.004,0.195,-0.275,1.117,-0.967,1
101698,-0.734,0.322,1.364,-1.459,0.362,-0.264,-0.265,0.143,1
102687,0.407,0.677,-0.237,1.088,1.566,-0.712,-0.519,0.624,1
101343,-0.307,0.59,-0.015,-0.357,-1.078,-0.812,-1.514,-0.134,1
100384,1.003,1.404,0.297,1.545,-0.335,-0.33,-1.333,0.188,1
100888,-0.271,-0.583,0.265,0.472,0.244,1.12,-1.05,0.399,0
102728,1.016,-1.499,1.573,-1.596,0.242,-1.951,0.802,-1.484,0
101085,-0.303,-0.398,-0.612,0.742,0.178,-1.792,0.069,0.453,0
100172,1.653,1.269,1.438,1.232,-1.609,1.223,0.329,-0.124,0
100531,1.518,1.247,-0.144,1.712,0.263,0.853,-0.238,-1.383,1
102811,-0.87,0.435,-0.209,0.54,0.495,1.218,-0.221,-0.52,1
101339,-2.349,-1.199,-0.781,0.626,-0.566,0.338,2.678,-0.092,0
101105,0.845,1.512,-0.147,0.292,0.373,-0.316,-0.024,-1.611,0
100399,-0.127,-2.22,-2.27,-0.366,-0.278,1.417,0.599,1.037,0
102734,-0.57,2.213,0.233,0.071,0.576,0.203,0.604,0.888,1
100640,-0.972,1.117,-0.439,-0.669,-0.411,1.641,0.101,-0.335,1
102879,1.238,1.246,-0.16,1.755,-0.254,0.898,-0.94,-1.75,1
100719,-0.729,-0.981,0.793,-0.522,-0.975,-0.844,-0.207,0.25,0
100390,-0.562,2.01,-0.241,-0.716,1.559,0.948,1.376,1.936,1
100935,1.147,-0.667,1.098,-0.974,-1.554,-0.193,-1.274,-1.086,0
102362,1.864,-0.361,0.919,-0.462,0.468,-3.462,-0.601,1.647,1
100138,-0.984,-0.428,-0.658,0.181,-1.167,-0.179,0.693,0.029,1
101148,-0.011,0.346,0.061,0.094,0.764,1.129,0.058,0.785,1
100786,-0.343,-1.597,0.964,-1.145,-0.493,-0.747,-0.751,0.579,1
101585,1.977,1.783,1.452,-1.684,0.596,-0.818,0.457,0.871,1
101118,-0.734,1.21,-1.417,-2.108,-0.942,-1.853,-0.159,0.071,1
102873,-0.262,-0.446,0.109,-0.791,0.194,0.353,0.771,-0.245,1
102844,-2.046,0.154,0.171,0.896,0.909,-1.761,-0.616,-1.574,1
102373,0.221,1.423,-0.559,0.628,-0.837,-0.061,-1.813,-1.799,1
102433,0.734,-0.645,0.922,0.64,0.697,-0.091,-0.544,0.926,1
101373,-0.767,-0.093,-1.772,1.469,-1.128,0.264,0.362,-0.094,0
102489,1.783,1.511,1.65,0.465,2.163,-0.067,-0.21,0.111,1
100952,-0.332,1.307,-0.525,0.282,-0.719,-2.097,-0.652,0.797,1
102637,1.159,-0.224,-0.444,-0.944,0.78,1.649,-0.22,0.542,0
101195,-0.688,-1.574,-0.9,1.769,0.051,0.707,-0.554,1.336,0
102573,-0.763,0.713,0.715,-0.699,0.169,0.7,-1.597,-1.848,1
102435,1.211,-0.283,-0.615,0.694,-1.192,0.514,2.025,0.604,0
101574,0.64,-0.373,-0.955,0.616,0.356,-1.211,1.304,-0.291,0
102668,0.312,-1.414,0.563,0.457,-0.937,-1.455,1.537,-0.553,0
102753,1.258,-0.642,0.769,-0.93,-0.375,0.632,1.066,0.116,0
101289,-1.273,-2.762,-0.822,-0.503,-0.352,0.588,0.513,-0.566,0
100128,-1.362,0.275,1.43,-0.056,1.049,-0.531,-1.185,1.4,1
102424,-0.092,0.257,0.423,1.632,0.201,0.192,0.627,0.393,1
102866,-1.064,1.661,-0.416,0.462,-1.255,-0.318,-0.006,-0.031,1
101331,-0.522,0.681,-0.164,0.0,-0.68,-0.083,-0.41,1.05,0
100160,-1.513,-0.115,-0.889,2.137,-0.115,-0.241,-0.414,1.859,1
100931,2.075,-0.303,0.21,0.374,-0.296,0.78,1.565,-2.261,0
101388,-0.9,-1.613,-0.0,0.107,-0.489,-0.907,-2.025,-1.082,1
102887,0.412,1.224,-0.106,0.538,1.167,2.482,0.407,0.647,0
102084,-0.143,1.259,-0.599,-2.092,-0.648,-1.518,0.148,0.147,1
101852,-1.253,-0.208,-1.454,-1.31,1.082,1.025,0.924,1.608,1
102334,0.357,2.246,2.659,-0.263,-0.197,0.409,-1.091,0.208,1
101378,-0.862,-0.419,0.499,0.683,1.005,1.104,-1.182,0.101,0
100420,-0.062,0.147,-0.426,0.393,-1.922,-2.002,-1.638,0.065,0
102404,-0.589,-0.716,-0.175,0.185,0.373,1.905,1.233,0.619,0
102479,2.598,0.422,-0.208,1.446,-0.267,0.079,1.205,-0.244,0
100286,-1.234,-1.35,0.453,1.226,-1.456,-1.068,-0.544,-0.087,1
102431,0.289,0.527,0.422,-0.308,0.857,-0.647,-1.784,-0.595,1
101864,2.442,-2.35,-0.3,0.42,0.528,0.04,-0.25,0.322,0
101040,-0.66,0.131,-0.275,0.235,1.058,-0.111,-1.691,0.407,1
100132,-0.162,-0.096,0.212,-0.012,-0.447,-1.793,1.843,-1.579,0
102786,-0.183,0.152,1.687,0.234,0.386,1.333,-0.722,0.571,1
101893,-0.388,-0.903,-0.656,-0.949,-0.635,-0.819,0.715,2.014,0
102564,0.279,1.199,-0.989,0.039,1.252,-0.107,-0.196,-1.524,1
101079,0.503,0.819,0.922,-0.205,1.324,0.294,-0.465,3.833,1
102993,-1.412,-1.233,0.295,0.865,-0.237,-1.079,-1.771,-2.646,1
102110,0.237,-0.775,0.501,-0.213,0.197,-0.17,0.554,0.629,0
102389,1.321,-1.188,1.216,0.759,-0.482,-0.561,-0.517,-0.502,0
100135,0.724,0.544,1.958,1.028,0.23,-0.329,0.215,-0.175,0
101213,-0.762,0.081,-0.743,-1.059,0.185,-1.435,-0.099,1.255,0
102894,0.61,-0.029,-0.251,1.279,2.283,-0.846,0.602,0.714,1
102720,0.633,-0.903,-2.139,0.963,0.491,1.215,0.238,-1.099,1
100211,0.959,-1.092,-1.687,-1.044,0.55,-1.214,1.224,-0.093,0
102295,0.207,-2.957,-0.854,0.663,-0.693,0.177,0.781,0.52,0
102138,0.581,-0.598,-2.045,0.611,-0.378,2.274,0.135,-1.453,0
100274,0.07,0.32,0.469,0.591,0.178,-1.554,1.506,-2.697,1
102049,0.761,-0.608,-1.193,-2.253,-0.478,-0.694,-0.318,-0.326,0
100088,-1.097,0.675,-0.9,-0.497,0.326,-0.127,-0.763,-0.551,1
100750,2.461,-1.53,-0.171,1.012,1.004,-1.656,-0.976,-0.123,0
102292,-0.151,1.006,0.371,-0.888,-0.246,-0.398,0.499,0.01,0
100298,0.582,-1.165,0.89,-0.339,1.916,1.473,-0.412,-0.637,0
102949,-2.394,-0.031,0.448,-0.104,0.858,-0.48,0.69,0.351,1
100567,1.887,-0.057,0.213,1.051,0.439,0.138,-0.102,-0.303,0
101626,-0.646,-0.224,0.001,0.946,0.027,-0.576,-1.104,-0.802,1
100261,0.924,-0.961,-0.023,-0.2,-1.415,0.552,-0.717,-0.198,0
101728,-1.588,0.033,-1.929,0.839,-0.451,1.049,0.338,0.621,0
102723,-2.149,0.306,-0.23,-1.164,-0.807,0.358,-1.315,0.197,1
100315,-0.92,-1.023,1.697,0.307,0.378,0.177,-0.519,-0.747,1
102129,0.211,-1.753,-0.787,1.361,0.579,-0.109,-1.677,-1.761,1
100103,0.884,0.503,0.461,-0.514,0.076,0.201,-0.643,-1.119,1
101614,0.552,1.486,0.411,-0.135,0.323,2.433,2.179,0.393,1
102023,0.437,-0.871,1.09,-0.203,-1.012,-0.602,-0.765,0.945,1
101069,0.899,0.244,0.077,0.328,-0.964,0.493,-0.491,0.224,0
102583,-0.91,0.198,0.662,1.468,0.412,-1.435,-1.27,-0.116,1
100926,1.261,-0.698,0.554,-0.704,0.388,-0.63,0.372,-0.957,1
102368,0.96,1.685,-0.072,1.17,-0.907,0.08,0.363,-1.184,0
102453,-2.527,0.303,-0.536,0.173,0.139,0.432,0.798,-0.505,1
100365,1.67,0.06,0.348,0.851,0.646,-0.018,-1.424,-0.68,1
102587,0.618,-0.379,0.815,0.926,-1.323,-1.686,0.033,-1.202,1
100528,-0.504,-0.181,0.033,0.832,1.203,-1.306,-2.039,-0.187,0
100044,0.372,-2.475,-0.233,0.532,1.61,1.84,1.426,-1.162,0
100308,-1.129,-0.8,-0.695,0.124,0.103,0.3,0.205,1.407,0
101505,0.149,-0.549,-1.688,0.919,0.682,0.767,1.319,-0.052,0
101550,-0.459,-0.815,0.489,1.735,0.705,0.97,0.813,1.614,0
100448,-1.223,1.174,-2.239,0.147,-0.28,1.36,0.587,-0.88,0
101374,-0.044,-0.797,-0.423,0.747,0.69,-1.342,-0.076,-1.774,1
100571,-0.494,-0.231,1.341,-0.425,0.572,0.437,0.413,-0.269,1
101134,0.256,1.012,0.808,-1.818,1.361,0.759,1.178,-0.833,1
101203,0.417,-0.379,1.431,0.837,1.115,-1.229,-0.939,0.31,1
102262,1.031,1.878,-0.203,0.076,0.831,0.82,-0.79,0.619,1
101172,0.689,0.343,-0.375,-0.058,1.266,-0.25,0.069,1.542,1
101318,1.136,0.072,1.232,0.352,0.236,-0.549,0.36,0.826,0
100599,-0.501,0.136,-0.467,-1.039,0.015,-0.066,-0.65,-0.384,1
102147,0.999,-0.948,-0.818,0.15,0.686,0.969,-1.526,-0.069,1
101959,1.016,-0.753,0.574,1.135,-1.099,-2.124,-0.648,0.254,0
100833,-0.527,0.582,-0.341,-0.374,0.848,-1.369,-1.619,-0.13,1
100941,-0.313,0.311,-0.758,2.221,-0.697,0.666,1.37,-0.216,1
100062,-1.252,1.16,0.733,-0.327,0.243,-1.03,-1.015,-0.826,1
101682,0.481,-0.489,-1.952,0.082,1.548,-1.743,-0.443,0.713,1
100986,1.472,0.63,-0.741,-1.426,0.072,1.395,0.84,1.487,1
102133,-0.265,0.456,-2.387,1.759,-0.305,-0.035,-0.752,-0.772,0
100332,0.072,-3.282,0.667,1.145,-2.877,0.882,-0.078,1.539,0
102632,0.506,1.319,-0.086,2.228,-0.146,0.152,-0.361,0.514,1
102263,-0.146,1.439,0.881,-1.092,0.21,1.091,0.32,-1.008,1
101895,1.404,-0.66,0.012,0.886,-0.191,2.059,2.503,-0.841,0
102235,-0.369,1.343,-0.781,0.023,0.416,-1.006,-0.23,-1.191,1
101166,0.429,-1.198,-0.536,0.427,0.053,0.367,0.006,-0.072,0
100629,0.537,0.193,-0.559,-1.593,-0.83,-0.351,-1.146,0.357,1
101884,0.739,-0.329,-0.49,-0.974,-0.666,0.783,0.936,-0.593,0
102538,-3.602,-1.076,-0.545,-0.585,-0.777,-0.747,-0.987,0.615,0
102135,0.629,0.582,0.613,-0.803,-0.028,0.331,1.321,-0.16,0
102707,0.981,0.626,1.185,0.149,-0.917,-0.228,-1.366,-1.475,0
102271,0.25,0.263,0.344,-1.35,0.988,1.079,0.794,0.143,0
102414,-1.449,-0.243,-1.116,-0.209,-2.797,0.196,0.171,-1.029,0
100823,1.575,-0.513,-1.311,-0.69,-1.156,1.279,-0.697,1.618,0
101222,0.273,0.193,-0.996,0.576,-0.481,-2.068,-0.218,0.446,0
102347,-2.078,-1.363,1.276,-1.289,0.843,-0.006,0.726,-0.456,0
100460,-0.722,-0.826,-0.288,0.504,1.366,-0.874,0.706,0.05,0
101858,0.765,-0.89,2.044,-0.151,-0.79,0.752,1.207,1.492,0
100159,-0.408,0.415,0.675,0.833,-0.822,0.006,-0.35,-0.894,0
100739,0.297,0.949,-0.309,0.278,0.13,0.584,-0.155,0.447,0
100007,0.614,0.603,-1.768,0.347,-0.25,0.782,-0.439,-0.018,0
102161,-0.871,0.201,-1.462,0.286,-0.195,1.455,-0.522,-0.581,0
100371,0.864,-2.295,-0.026,0.78,-1.394,-0.652,-0.251,0.75,0
102695,-0.879,-0.091,-0.952,1.713,-0.603,-0.329,1.676,1.029,0
102079,-0.769,-0.493,-0.848,-0.895,0.959,-0.119,-0.245,-1.938,0
100083,-0.765,-1.108,0.844,-1.095,0.862,-1.195,0.808,0.094,1
101872,0.709,1.269,-0.354,-2.033,0.431,-1.557,1.85,0.265,0
102416,-0.99,-1.105,1.099,-0.69,0.176,-1.036,-0.107,-0.685,0
102906,0.846,2.277,0.273,-1.128,0.544,-0.858,0.113,0.06,0
101506,-0.385,0.478,-1.214,-1.96,-0.34,-0.619,-0.871,0.123,1
102816,1.905,1.736,-0.171,0.433,-1.581,1.394,-0.956,0.077,0
100427,-2.252,-1.399,-1.14,1.016,-0.698,-1.557,1.117,0.251,0
100289,-0.735,0.716,-0.8,-1.286,-0.607,1.802,0.2,-0.543,1
102694,-0.318,0.354,-0.685,-0.131,-1.663,-1.568,-0.38,0.407,1
101553,-0.493,0.536,0.343,0.48,-1.112,0.277,-0.613,-1.05,1
100239,1.697,1.06,1.336,1.265,-0.714,0.135,-2.644,-0.592,1
101943,-0.999,0.408,0.6,0.374,-1.007,0.092,0.847,-0.711,0
101197,-0.062,0.478,2.16,-0.265,0.297,-0.481,-0.774,-1.85,1
100769,1.573,1.937,1.485,-1.554,0.8,-0.855,-0.165,0.674,0
101623,-0.644,0.853,0.04,0.271,-0.047,2.509,0.948,0.516,1
100401,-1.454,0.364,-0.305,-0.702,0.316,-0.6,1.0,1.854,0
101663,-0.837,1.176,-0.32,0.759,1.683,1.153,-0.315,-0.07,0
100154,-2.258,0.726,2.062,1.791,-0.577,0.068,0.499,0.884,0
100618,0.624,-0.029,-1.331,-0.452,-1.361,-0.081,1.103,1.085,0
102570,0.114,-0.053,0.73,0.728,0.727,1.329,-1.642,1.708,0
101090,-0.683,-1.044,-0.73,1.44,-0.228,1.893,0.775,-1.744,0
100295,-0.598,2.006,0.089,0.283,-1.113,-1.057,-0.676,-0.635,1
100430,0.535,0.968,-0.582,1.001,-0.291,0.288,-0.742,-0.801,0
100279,0.98,-0.329,0.228,0.406,-1.447,1.504,-0.817,-0.062,0
102019,1.153,0.09,-0.24,-0.832,0.376,-0.398,0.242,0.354,0
100581,0.335,0.018,-1.034,0.229,-1.149,-0.67,0.143,0.111,1
102814,-0.777,1.283,-1.063,0.963,0.999,0.514,2.439,-2.01,0
102932,-1.112,-0.615,-0.254,-0.776,0.054,-0.638,0.916,-0.493,0
102330,0.074,-1.329,-0.69,-0.205,0.772,1.145,1.224,0.469,0
102594,0.9,0.909,0.952,-0.371,-1.44,-2.455,0.524,-0.735,1
102067,0.933,-0.018,-1.251,-1.339,-1.325,-1.456,-2.143,-1.207,1
100718,0.595,-0.033,0.859,1.162,0.853,1.143,1.154,-0.056,0
101656,1.301,-0.183,-1.432,1.142,0.553,0.147,-1.162,0.892,0
100722,-2.183,-0.996,-1.359,-0.541,-0.355,0.926,1.205,-0.884,0
102919,0.326,0.64,1.189,0.373,1.568,-0.437,0.757,1.322,1
100595,1.135,-0.905,-1.109,0.635,-0.422,-2.136,-0.574,0.634,0
100969,-1.016,-1.62,-1.1,-1.037,1.307,-0.666,-0.768,-1.05,0
101599,0.097,1.205,0.056,-1.602,0.0,1.12,-0.699,-1.598,1
100698,-0.508,0.771,1.533,-0.129,-0.853,2.578,-1.579,0.296,1
100976,-1.348,-0.426,1.058,1.106,0.622,1.204,-0.454,-0.903,1
101103,1.705,-0.078,-0.564,0.487,-2.463,-0.847,-0.979,-0.35,0
102716,1.355,-0.617,0.545,1.082,-0.814,1.121,0.431,0.633,0
101338,-1.253,-0.943,-0.09,-0.156,-1.727,0.029,0.339,-0.761,0
101816,0.122,0.053,0.195,-0.463,-1.761,0.311,0.024,2.587,0
100950,-1.164,2.993,-0.419,0.368,-0.179,-0.656,1.046,-0.275,1
101211,0.014,0.552,-0.196,0.426,0.635,-0.886,1.244,0.143,1
101428,0.216,-0.293,-0.903,0.412,-0.745,-0.425,1.103,0.688,1
101669,0.13,-1.174,-0.199,-0.778,1.312,-0.733,-0.03,1.46,1
100426,0.279,0.87,-1.202,0.243,-0.98,-0.332,1.42,-0.135,0
102907,-0.063,-0.144,2.28,0.527,-1.073,1.486,-0.675,0.659,0
100175,0.175,-0.466,-1.031,-0.3,-0.468,1.033,0.908,-1.202,0
100079,-0.209,0.53,0.472,-0.464,0.24,-0.375,0.468,-0.103,1
100593,-1.076,-2.121,1.795,0.25,-1.127,-0.293,1.0,-1.464,0
101347,0.373,0.59,-2.425,-1.191,-0.219,0.571,0.587,0.043,0
101514,-0.939,-0.427,0.181,-0.568,0.362,-1.189,0.004,0.374,1
101545,0.414,0.522,-1.111,0.473,-0.093,1.387,1.647,0.271,0
102846,1.997,1.779,-0.676,0.411,-0.7,0.86,0.306,0.047,1
102149,-1.082,-0.779,-1.733,1.285,0.414,-0.055,-0.241,0.348,0
100491,1.005,-0.071,0.407,-0.065,-0.588,0.446,0.397,1.883,0
100988,0.934,0.84,2.392,0.817,-0.859,1.146,-0.786,-1.032,1
101446,1.272,0.452,-0.808,1.023,-0.171,-1.941,-0.009,1.429,0
101974,-0.529,0.183,1.096,-1.23,0.392,-0.639,-0.152,-0.192,1
100754,-0.727,0.286,0.867,1.001,0.219,-0.527,-0.656,-0.969,1
100824,0.669,2.155,-0.007,0.954,-2.019,-0.376,-0.656,1.268,1
100494,0.505,-0.805,-1.376,1.263,0.72,-0.277,-0.316,0.959,1
100799,0.968,-0.629,-1.606,-1.286,0.391,0.616,0.366,0.815,0
101001,0.825,-0.373,1.155,0.14,0.806,-0.773,1.837,0.218,1
101625,0.497,-0.214,1.053,-0.258,0.24,0.491,-0.147,-0.468,0
100847,-0.188,0.958,0.059,-0.002,1.865,0.13,-0.274,-0.241,1
102059,-1.199,0.006,2.132,1.491,0.885,-1.192,1.108,-0.763,1
102073,-1.255,-0.685,-0.091,-0.256,0.729,1.566,0.438,0.468,0
101467,0.25,0.972,-0.143,2.274,-0.913,0.206,-0.622,-1.369,0
101964,0.976,-0.722,-0.423,1.47,-0.272,-1.388,1.429,-1.288,0
100887,1.109,0.038,-0.981,0.418,-1.265,-0.353,-0.835,0.296,0
102827,-2.231,1.302,-2.058,0.358,0.332,-0.215,-0.518,-0.32,1
101711,0.264,0.295,0.106,-2.132,0.761,-0.415,-2.078,0.571,1
102858,-0.327,1.129,1.542,1.643,1.251,-0.194,-0.413,-0.075,1
101788,0.077,0.963,1.031,-0.593,-0.947,0.921,0.091,1.401,1
102320,-1.495,-0.81,0.215,-0.044,-0.432,0.405,-1.014,-2.377,0
101078,-0.595,0.619,-0.084,-1.421,-1.93,-0.153,1.635,1.179,0
102924,0.573,1.26,-0.722,-0.463,-0.67,-0.473,1.043,1.808,0
101885,-1.615,0.828,-0.96,-0.78,-0.337,0.906,0.306,-0.334,0
101370,-1.734,0.522,-1.333,0.908,0.974,-0.385,-1.175,0.508,1
100139,-0.914,-0.616,0.124,0.483,0.837,-0.145,-1.317,1.425,0
102157,1.506,-1.281,-0.499,0.135,-2.289,-0.24,0.372,1.15,0
102284,1.014,-0.219,0.073,0.473,1.293,-0.093,0.254,0.953,1
101664,0.52,0.852,-1.201,-1.13,-0.6,1.113,0.221,-0.102,1
100409,1.787,1.213,0.114,0.194,-0.724,-1.828,-1.783,-0.606,1
100012,-0.746,0.297,-0.017,-0.204,-0.734,0.387,0.308,-0.093,1
102198,0.8,-1.236,0.162,1.306,-1.33,0.993,0.453,0.132,0
100404,-1.603,-0.563,0.188,0.903,-0.36,0.345,-0.353,0.565,1
102739,-0.433,-1.243,-1.259,-1.097,0.534,1.543,-0.97,0.266,0
101097,0.249,-1.122,1.463,1.596,1.152,2.218,0.815,1.493,0
101219,-0.593,-0.029,0.515,-1.373,-0.757,-0.357,-1.569,-0.217,0
102966,-1.554,0.359,-1.452,-1.152,0.334,-0.772,0.444,-0.255,1
100792,-0.579,-0.94,2.286,-0.423,-1.037,-0.284,0.282,1.572,0
102291,0.727,-0.42,-0.159,1.556,-0.903,1.592,0.611,0.708,1
101841,-0.82,0.281,-0.7,0.931,1.838,-0.049,0.425,-0.557,1
100951,-0.976,-0.591,-0.359,0.043,0.084,-0.887,-0.581,2.038,0
101909,-0.615,-1.058,-0.938,-0.183,-0.34,0.057,0.974,-1.151,0
101209,-1.624,-0.33,-0.073,-1.488,1.149,-0.265,-1.515,-0.995,0
102892,0.557,-0.102,-0.706,-0.136,0.35,-0.502,-0.925,-1.824,1
100974,-0.736,-1.828,0.365,1.853,1.012,-1.261,0.406,1.076,0
100474,-0.358,0.729,1.264,0.837,1.235,-0.027,-0.208,0.674,1
101941,-0.248,0.645,0.178,0.258,1.312,-0.86,-0.952,-1.849,1
100215,-0.155,-0.405,0.059,1.008,3.034,-1.258,0.229,-0.247,0
102823,0.63,0.603,0.044,0.244,-1.604,-1.392,0.345,0.062,1
100500,-0.784,0.048,0.11,0.043,-0.231,-0.671,-1.322,-0.401,0
102755,0.132,0.138,0.018,-0.405,0.636,2.469,0.701,0.091,1
102063,-0.521,-0.201,-0.319,-1.102,-1.751,1.333,1.516,0.015,0
100471,-0.912,-0.291,0.647,0.651,-0.501,-0.283,0.113,-0.364,0
101583,-1.322,-0.301,1.259,1.637,-0.815,-1.788,-0.185,-0.271,1
102731,-0.177,0.423,-0.509,-0.652,0.326,0.121,-0.044,-0.653,0
101634,1.546,-0.902,0.476,-1.722,0.88,-1.414,-0.783,-2.634,1
100538,1.052,-0.713,-0.265,0.798,-0.052,1.13,-1.112,0.761,0
101978,-1.132,-0.244,-0.019,0.316,-0.854,-0.218,1.015,1.61,0
101130,1.152,0.827,1.176,1.835,-0.473,1.619,-0.27,-1.313,0
102491,1.117,-0.412,-0.074,0.241,-1.948,-1.154,-0.661,-0.035,1
100990,-0.161,1.33,0.945,1.284,1.568,-1.138,0.904,-0.054,1
101304,0.044,0.833,0.03,0.453,-1.049,-0.1,-0.458,-0.138,0
102942,-1.153,-1.196,0.427,-1.544,0.492,-0.128,-0.729,0.986,1
101008,1.593,1.101,0.111,0.67,-1.077,-0.835,-0.893,-0.597,1
102893,0.239,1.053,2.973,0.137,0.199,0.092,-0.73,-2.789,1
100874,-0.776,0.047,0.054,1.312,0.06,-0.02,0.422,-0.387,1
100496,-1.107,1.839,1.286,0.572,-0.008,0.25,-1.373,0.037,1
100311,-1.445,-1.956,0.102,0.293,-0.323,1.27,1.397,-0.009,0
100131,0.225,-0.691,0.396,-0.121,-2.115,0.484,-0.264,0.926,0
100251,1.777,-0.398,-1.535,-1.129,0.122,1.287,0.102,1.304,0
101314,-0.972,1.014,-1.029,1.396,0.111,0.503,-1.095,1.531,1
101518,1.588,0.524,0.805,-0.41,-0.994,0.498,0.395,1.072,1
101047,-0.758,0.727,-0.115,0.564,0.172,-0.079,0.933,0.694,1
102167,-0.782,-1.382,0.418,-0.586,1.016,-0.032,0.184,-0.301,1
100136,-1.365,0.008,-0.175,-0.233,-0.429,1.69,0.696,0.937,0
101751,0.033,-0.702,-0.524,0.289,-0.104,0.531,1.456,0.006,0
100647,-0.187,1.362,0.408,-0.306,-0.781,0.323,-1.307,0.639,1
100594,2.274,-0.231,-0.349,1.295,0.225,-0.982,0.927,0.463,1
102558,0.106,-0.49,-0.599,-0.392,0.432,0.934,0.244,0.196,1
102338,0.144,-0.04,2.033,2.193,0.038,-0.265,-0.961,0.424,1
100584,0.455,0.199,0.788,1.343,0.102,-0.22,0.868,-1.389,0
100810,1.081,0.705,-0.721,-0.102,0.032,-0.345,0.772,0.071,0
101802,0.049,0.561,0.438,1.429,-1.049,0.361,-0.164,0.083,0
102411,0.181,-0.975,-1.628,-0.785,-0.857,-0.337,0.801,-1.574,0
102089,0.702,-0.39,0.289,-0.835,0.19,-0.353,1.974,-0.911,0
100278,0.411,0.692,0.629,0.428,-1.196,0.714,1.189,-0.66,0
100359,-0.57,0.214,0.342,-0.331,0.849,-0.974,-0.007,-0.637,1
100029,-0.025,1.092,-0.264,-1.912,0.15,0.446,-0.429,0.302,1
102340,0.188,-0.402,-0.285,0.261,-0.694,1.009,0.217,0.092,1
102121,0.998,-0.027,-0.577,0.028,-0.834,0.794,-0.2,0.639,0
102462,0.883,0.377,2.071,0.537,-1.273,0.642,-0.317,0.718,0
101731,0.316,-1.192,2.496,0.609,1.082,1.234,-0.005,-0.098,1
101426,-1.406,0.744,1.813,0.367,0.567,0.759,-1.121,0.58,1
101263,-0.198,1.23,-0.724,-0.784,0.342,-1.419,-0.313,-1.503,1
100350,-0.187,0.967,-0.308,-1.105,-0.761,0.205,-2.395,0.675,1
101429,-2.12,-1.096,0.732,-0.901,0.769,1.015,1.008,1.699,0
102118,0.133,0.188,0.146,0.228,0.063,0.086,-1.33,-0.943,0
102482,-1.634,-1.081,1.735,-1.048,-0.361,-0.048,1.374,0.886,0
102107,0.272,-0.674,-1.491,-0.999,1.333,-1.402,0.379,-1.451,0
102097,0.967,0.904,1.944,0.418,0.444,0.427,0.706,0.305,1
100027,1.693,0.962,-0.516,0.698,-0.454,-0.124,0.09,-2.317,0
101877,0.284,-0.421,-2.386,-0.486,-0.702,-0.356,-0.192,-0.738,0
100147,1.938,0.539,0.454,0.806,0.902,1.403,1.733,-0.347,0
100659,0.552,2.102,0.453,0.71,-0.879,0.159,1.518,0.577,1
102508,0.252,0.309,-0.543,-1.667,-1.581,-0.27,1.295,-1.15,0
100021,-0.748,0.126,-0.468,0.619,0.819,0.309,0.316,0.093,1
100570,1.185,-1.038,-0.139,1.536,1.088,-0.002,-0.003,-0.591,1
102016,-1.239,0.347,0.906,-0.207,-1.266,-1.647,-0.52,-0.477,1
100046,-0.445,0.35,0.459,-0.117,0.317,-0.014,0.759,0.502,1
100751,-0.829,-0.698,-0.279,-0.182,1.081,-1.733,1.036,-0.252,1
100649,-1.252,-0.321,1.208,-0.231,-0.53,0.866,1.677,0.454,0
101886,-1.542,-0.027,1.095,0.11,0.642,0.052,-0.267,0.133,1
102825,-1.669,0.909,-1.536,-0.421,-0.11,3.031,-0.942,0.531,0
100868,-0.95,-1.833,-0.507,-0.117,1.688,0.506,1.167,-0.694,0
102841,-1.222,-1.554,0.483,-0.364,-0.268,-0.11,-0.177,0.867,1
100890,1.226,0.131,0.792,-1.303,-0.894,-0.122,1.587,-0.83,0
101320,-0.279,-0.95,0.175,-0.401,-0.211,1.261,0.273,0.758,0
102355,-0.01,0.962,-0.302,1.723,-0.049,-0.56,-0.191,0.117,1
101051,0.92,0.262,0.106,0.35,0.488,-0.608,0.51,-0.671,1
102380,-0.553,-0.229,0.733,2.219,-0.5,-1.47,-0.493,0.339,1
100827,1.649,0.997,-0.199,-0.507,-1.482,0.703,-0.577,2.063,0
101021,-0.509,-2.093,0.203,0.564,0.654,-0.448,0.073,-0.748,0
102165,-0.692,1.341,-0.533,0.584,0.913,-0.663,0.593,1.375,1
102597,-1.736,0.037,0.568,-0.943,0.24,-1.713,1.489,1.983,1
102829,0.741,1.567,0.927,-0.353,0.081,2.0,-0.413,1.888,0
101662,0.131,1.36,-1.859,-1.761,-1.504,-0.727,-0.115,0.322,1
100033,0.503,-0.016,-1.194,1.219,0.348,-1.167,0.602,-0.432,0
101843,-0.367,-1.229,0.657,0.175,0.151,-0.371,0.529,-0.428,0
101511,0.209,-0.946,0.034,0.347,0.789,1.219,-1.308,-0.707,0
101416,0.143,0.574,-0.074,-0.406,-0.236,0.782,-0.522,-0.083,1
102859,0.421,0.139,0.478,-1.015,0.634,-0.69,-0.084,0.393,1
102208,-0.673,0.767,-0.972,1.199,0.183,-2.489,2.134,-0.768,1
101057,0.615,-1.311,0.444,0.269,-2.118,-0.675,0.591,0.957,0
101519,-0.335,-1.035,-1.024,0.229,-2.006,1.293,-0.455,-0.042,0
100597,0.189,1.061,-2.169,0.026,-0.144,-1.041,-0.042,-0.744,1
101010,0.904,1.339,0.446,0.311,0.11,-0.449,-2.187,0.16,1
100860,1.465,-0.328,0.47,0.069,0.27,-0.807,-0.012,1.418,0
101641,0.009,-0.954,1.124,1.173,-1.671,0.724,-0.071,0.475,0
100009,-0.178,0.632,1.26,1.791,-1.574,0.883,0.465,-0.094,1
100090,-0.153,-1.419,0.453,0.673,0.968,0.072,1.205,1.39,0
101074,0.084,0.834,-0.687,1.457,2.226,0.356,-0.305,0.082,0
101984,-3.227,-0.605,-2.612,2.001,-0.702,-1.48,0.661,0.746,0
100789,-0.376,0.472,0.881,-2.376,-0.057,-0.01,0.597,1.134,1
100262,-1.512,0.997,0.764,0.397,-0.905,-0.535,1.226,-0.273,1
100711,0.222,0.925,0.05,0.236,-0.642,-0.891,0.076,-1.096,0
102304,0.158,-1.326,0.551,-0.28,0.811,0.436,-0.713,-0.856,1
102093,1.159,0.58,-0.239,-0.591,-0.581,0.093,-0.829,-0.071,0
102863,-0.477,-0.807,-0.872,1.047,0.48,-0.19,-0.055,-0.533,0
100148,-1.25,-2.672,-0.387,0.76,0.378,0.115,-0.35,-0.64,0
102652,-1.833,-0.926,0.194,0.688,1.969,1.396,0.504,-0.633,0
101243,1.318,1.022,0.106,1.232,0.208,1.797,-0.077,-0.687,0
101414,-0.574,-0.695,-2.003,-0.243,0.55,0.355,-0.813,1.623,1
102740,0.429,0.78,-0.707,-0.241,-0.22,0.67,-0.343,-0.78,1
100078,-1.279,1.63,-1.019,-0.122,-0.188,1.206,-1.42,-0.033,1
102529,0.744,-0.368,-1.045,1.284,-1.689,-0.752,0.202,-1.311,0
102211,0.353,-2.08,-0.089,2.018,-0.112,-0.36,-0.634,0.307,0
102651,1.495,-0.058,0.524,1.411,0.193,0.016,-0.351,0.56,0
102891,0.503,-0.95,-0.549,-0.357,0.133,-0.427,-0.818,0.555,1
100997,-0.185,-2.374,0.166,-0.932,-1.04,0.058,2.174,-1.193,0
100035,1.177,0.149,0.294,0.541,-1.057,-0.709,1.529,0.335,0
102119,1.229,-0.047,-0.552,0.921,2.442,2.413,0.034,0.34,0
101412,-0.59,1.638,-0.5,0.356,-0.067,0.243,-1.612,1.961,1
100234,1.038,-0.12,-0.578,-0.053,-0.1,0.356,0.44,-1.19,0
100349,-1.455,0.097,-1.641,0.756,-0.385,-1.764,-1.207,-1.507,1
100323,-1.563,-0.535,0.044,-0.934,-0.655,-1.846,0.21,-0.722,0
100002,0.825,-0.203,-0.153,0.686,-0.87,-1.514,0.395,-0.671,1
101030,-0.364,-1.714,1.395,0.202,0.047,0.959,-0.923,1.499,0
102367,0.79,-0.571,-0.202,1.021,-0.04,-0.194,1.4,-1.569,0
102958,1.034,0.533,1.491,0.373,0.737,0.161,0.237,0.585,1
101755,1.428,-0.034,-0.819,1.425,0.876,1.501,-1.358,-0.601,0
102902,0.673,1.655,1.142,1.085,0.693,-0.876,-0.862,0.49,1
101476,-0.301,1.25,-1.376,-0.782,0.126,-1.344,-0.029,0.204,1
101273,3.217,0.35,-1.968,-0.586,-0.109,0.593,-0.103,-1.175,1
100815,1.078,0.445,-1.089,1.632,0.82,-1.669,-2.61,-0.662,1
101048,-0.403,0.483,-0.587,-0.034,0.603,0.465,-1.522,0.584,1
101240,0.74,-2.726,0.7,0.038,-1.081,1.92,0.808,-0.896,0
101418,0.229,-0.058,-1.124,0.012,-0.953,-0.179,0.497,0.716,0
100938,1.013,-0.647,1.351,-0.504,1.108,1.716,0.249,-0.377,0
100395,-0.998,2.506,-0.771,-0.761,0.661,-0.446,-2.303,-0.134,1
100781,1.84,0.09,-0.108,-0.641,0.095,-0.344,1.229,-0.803,0
102010,-0.245,-1.007,-0.297,0.878,-0.101,-0.605,-0.239,-1.032,0
100862,0.934,0.177,-0.456,0.183,-0.744,1.071,2.376,-2.669,0
101815,-0.592,0.372,1.711,-0.4,0.238,0.65,0.821,0.954,1
102429,-0.885,0.447,-1.288,-0.073,0.413,-0.716,-0.602,0.135,1
102995,-0.559,-0.468,-0.009,-1.65,-0.176,-0.669,-0.935,0.309,1
100503,0.318,0.627,-1.164,0.055,0.353,-0.558,0.361,-0.986,1
102474,0.281,-1.925,1.36,-0.476,0.955,0.411,-0.69,0.07,0
102638,1.068,-0.65,0.611,0.822,0.21,-0.027,-0.775,0.409,1
100383,-0.985,-0.482,0.173,0.06,-0.021,-1.046,-0.591,-0.754,0
101749,-0.647,-1.22,1.32,0.429,0.092,1.503,-1.162,-0.889,1
100310,-1.844,2.694,-1.286,0.031,0.995,-1.398,-0.561,-2.039,1
101618,-0.679,-1.153,0.588,-0.289,2.656,0.826,1.369,-0.931,1
102240,-1.131,1.465,1.782,-0.728,0.384,0.875,0.552,0.034,1
102030,-0.092,0.581,0.962,1.867,-0.331,-0.993,-0.995,0.234,1
101940,-0.009,1.009,0.898,-0.496,-0.07,1.149,-0.41,0.826,1
100904,0.301,0.533,-0.755,-0.031,0.791,1.344,0.319,-0.835,1
100520,0.547,0.276,2.23,-0.108,-0.801,0.152,-1.081,0.513,1
102152,0.968,-0.028,0.054,-0.1,-1.259,0.288,-1.231,-0.075,0
101777,-1.23,1.272,0.831,-1.137,-0.166,-0.062,-2.165,0.015,1
101690,0.392,0.381,0.119,0.549,-0.772,0.356,-0.903,0.111,0
101779,0.919,-1.376,-0.511,-0.181,0.041,-0.533,-0.114,0.856,0
102349,0.086,-0.558,-0.16,-0.991,0.382,-0.458,0.398,0.402,1
101229,1.248,-1.109,0.107,-1.708,1.035,-1.343,-1.13,-0.163,1
100759,-0.671,1.607,-0.37,0.533,-1.558,0.964,0.017,-0.577,1
101811,-2.241,0.805,0.392,-1.245,0.503,-0.328,0.195,0.962,1
102673,-0.132,-0.791,-1.497,-1.091,0.913,-1.722,-1.777,0.262,0
101367,-0.217,1.352,0.679,1.159,1.286,0.465,-0.257,1.308,1
101733,1.748,-1.453,0.216,0.382,1.608,2.042,0.059,-0.502,0
100663,0.43,2.457,0.506,0.167,0.209,2.853,1.34,-0.2,0
102606,2.656,0.726,-1.131,-0.717,-0.81,1.082,-0.653,1.351,0
102915,-1.634,0.272,0.834,-0.92,0.106,1.623,0.406,-0.061,1
100742,0.654,-0.72,-1.148,1.514,-0.109,-1.455,-0.262,-0.215,0
102225,0.462,0.441,0.09,0.758,-0.481,0.466,-0.358,0.469,1
102807,1.199,0.492,-1.295,-0.931,-0.453,1.568,-0.916,-0.011,1
102500,0.386,-0.455,-2.147,1.418,-1.149,-0.033,0.971,1.151,0
101512,-0.672,-1.356,2.063,-0.395,-0.233,-0.35,-0.831,0.99,1
100026,0.336,-0.127,0.632,-0.941,0.792,-0.505,-1.091,0.365,1
102585,0.808,-0.794,0.588,0.239,0.481,-0.249,0.682,0.416,0
101014,0.628,0.14,-0.232,-1.002,0.116,-0.327,0.395,-0.931,0
100966,1.051,1.314,-0.441,-1.802,0.134,0.172,0.236,-0.453,0
101600,-0.013,-2.113,0.52,0.776,0.182,-1.123,1.137,1.416,0
101972,0.558,1.697,-0.78,-0.107,-0.578,-0.784,-0.321,0.562,1
100682,0.596,-0.224,-1.144,-1.971,3.272,-0.316,-0.195,-1.96,1
102578,0.328,-1.049,0.836,0.98,-0.761,0.513,-1.567,1.891,0
100863,0.411,0.072,0.22,-0.256,-1.488,-0.057,-0.382,-0.127,1
100991,0.851,-0.171,2.16,1.758,0.086,0.544,0.331,0.357,0
100914,2.358,0.633,-1.071,-0.994,1.684,0.397,-1.92,-0.519,1
102083,0.817,0.201,-0.346,0.079,1.576,-0.094,-1.715,1.543,1
102520,0.401,2.06,-0.387,-1.445,-0.545,-1.109,0.025,-0.137,1
100185,0.68,0.363,0.176,0.327,0.597,0.668,1.706,-0.04,0
101764,-0.049,-0.398,0.216,-0.603,-0.085,1.112,0.453,-1.569,0
100922,0.033,-1.326,-0.208,0.006,-1.492,1.047,-0.948,0.505,0
100074,-2.633,0.396,2.288,-0.596,0.83,0.111,-0.324,0.615,1
102223,0.95,0.026,0.152,-1.256,-0.587,-0.979,1.021,1.2,0
102809,1.154,-0.378,1.557,0.688,-0.084,0.527,-1.281,0.498,1
102751,-1.009,0.65,1.22,-1.804,-0.499,2.192,0.927,-1.114,1
100740,-1.882,-0.269,0.8,0.641,-1.008,-0.842,0.364,0.326,1
102333,0.384,-1.943,-0.515,1.609,0.211,-0.682,0.839,0.407,0
102581,-0.756,-1.264,-1.75,0.536,1.349,-0.405,0.951,0.076,0
101743,0.387,-0.607,0.43,0.49,0.95,-0.262,-1.066,1.045,0
100819,1.661,0.376,-0.288,-1.131,0.667,0.395,-1.037,-0.483,1
102191,3.098,0.449,-2.493,-0.799,-1.341,0.16,0.3,-0.366,0
101116,-1.13,-0.795,-0.71,0.753,-0.013,0.31,-0.306,1.351,0
101709,0.982,0.479,0.709,-0.66,0.004,-0.961,-0.666,-0.433,1
100156,0.513,0.785,0.531,-0.126,-1.36,0.604,1.39,1.964,1
100831,-1.78,0.832,0.471,-0.783,-1.994,0.693,-0.398,0.843,0
101358,-0.811,-0.164,-0.176,-0.531,-1.009,0.271,0.618,1.837,0
102527,-0.536,0.693,1.336,0.746,1.745,-0.696,-1.438,0.433,1
100502,-0.924,-0.938,-0.522,1.403,-0.641,0.62,0.163,0.307,0
102610,-1.064,-0.65,1.497,0.477,0.458,0.399,-0.224,1.231,0
102869,-1.651,-1.492,-0.592,0.263,0.829,0.049,-1.433,-0.021,0
102983,1.317,0.976,-0.225,-0.114,0.777,-0.111,-0.417,0.785,0
102044,-0.264,-0.49,0.102,0.236,1.763,0.473,-0.845,0.316,0
101980,0.748,-0.555,1.236,0.927,2.353,-0.015,0.038,-0.457,1
102377,-1.668,0.534,-0.554,1.909,1.011,0.953,0.607,0.261,0
101056,0.079,0.524,-0.508,-0.673,1.61,-1.654,1.11,-0.781,1
101346,0.14,-0.164,1.284,1.062,0.239,-0.212,-0.028,1.295,0
102957,0.436,0.069,1.775,0.549,0.482,-0.327,-1.074,-0.346,1
100355,2.455,1.742,0.047,0.844,1.413,0.171,-0.361,0.037,1
102359,0.224,-1.144,-2.268,-0.205,-0.041,-0.482,0.049,0.043,0
102819,-0.076,-0.383,0.556,-0.518,-0.172,0.141,-1.264,0.323,1
100723,-0.569,0.575,-0.724,-0.481,-1.963,0.678,0.199,-1.052,0
101976,-0.836,-0.33,1.654,-0.857,-0.979,1.4,-0.99,0.707,1
100244,0.469,0.47,1.455,1.148,-0.516,0.97,-1.612,1.078,1
101298,1.523,-0.286,-2.644,0.823,1.032,0.01,-0.424,1.151,0
102721,-1.188,0.241,-1.64,0.458,2.258,0.515,-0.503,-0.279,1
100392,1.13,2.029,0.614,0.866,0.542,0.96,0.256,-0.453,1
101746,1.854,0.515,-0.373,1.216,1.277,-0.701,-0.056,0.215,1
102623,1.238,-1.313,0.114,-2.346,0.263,1.694,-1.035,-0.134,1
100085,1.713,-0.312,-1.138,1.386,1.663,-0.188,-0.891,0.016,0
100746,-0.346,1.783,0.837,0.574,-2.664,-0.656,0.674,-0.532,1
101180,-0.467,-2.58,0.343,0.46,0.55,1.634,0.878,0.439,0
102227,-0.629,-1.983,1.408,0.204,-0.536,0.628,-1.633,-0.362,0
101315,-0.13,-0.474,0.923,-0.773,-0.285,-0.388,-0.783,1.032,0
102090,0.447,0.361,-0.177,0.146,2.291,-1.415,0.187,0.91,1
101101,-0.449,-0.535,0.268,-1.364,1.449,0.15,0.199,-0.15,1
100912,0.093,-1.506,1.969,-0.532,-0.025,-1.177,-0.582,1.292,0
100962,-0.589,-0.552,2.053,-2.649,0.541,-0.873,0.016,-1.631,1
100554,0.962,-1.452,0.006,-0.169,-0.637,0.588,1.578,-0.457,0
102346,0.652,1.443,2.087,-1.415,0.58,-0.26,0.338,-1.556,1
102862,-0.922,-0.636,0.313,-1.179,1.313,0.71,-0.849,1.664,1
102833,0.625,-0.305,1.646,-1.54,0.744,1.758,-0.951,-1.295,0
100106,-1.206,1.118,-0.252,-1.719,-0.144,-1.727,-1.005,0.021,1
102007,-1.262,0.417,-1.77,0.861,0.099,-2.34,-0.131,-0.924,0
100437,-0.967,0.75,2.085,0.577,0.922,-1.253,0.168,0.211,1
101800,0.318,-0.43,-0.081,1.232,-2.403,0.986,1.174,-0.164,0
100170,0.009,-1.68,2.214,-0.974,0.617,1.706,-0.535,-1.231,0
102655,-1.448,1.06,0.491,-0.213,-0.11,1.449,0.538,0.202,1
101985,-1.277,-0.718,-0.217,1.53,-0.787,-0.064,0.987,0.114,0
101371,-0.363,-0.298,-0.6,-0.498,-0.984,0.832,1.138,-0.863,1
102122,1.607,-0.224,0.153,-2.332,0.728,0.473,0.494,-0.545,0
101676,-0.018,-0.455,-0.011,0.108,0.411,0.458,0.183,-0.621,1
101158,0.518,0.252,0.062,2.216,0.025,-0.022,1.146,1.738,0
101127,1.463,-0.382,0.47,0.039,-1.329,0.628,1.089,0.232,0
102057,0.943,0.398,-0.608,1.449,2.52,-0.995,-1.905,0.251,1
102369,-2.047,1.256,-2.218,0.606,-0.139,-0.081,1.34,0.049,1
102058,0.477,-1.86,-1.295,-0.918,0.634,0.27,-1.37,-0.999,0
100826,-0.229,-0.253,-0.253,-0.156,-0.594,-0.137,-0.717,-0.941,1
102415,1.556,0.5,0.021,0.172,-0.211,-0.598,-0.416,0.553,0
100284,-0.323,0.439,-0.076,0.634,-0.006,0.636,-1.224,-0.058,0
102711,0.976,-1.069,0.048,0.738,-0.85,-0.304,-1.305,1.912,0
102725,-0.383,1.996,1.129,0.524,1.407,-0.757,-1.496,0.055,1
102898,0.523,-0.875,0.071,-0.958,-0.342,0.514,-2.487,-1.668,1
102590,-1.315,0.502,-1.025,-1.826,0.149,0.91,-0.039,-0.956,1
101440,1.761,0.411,-0.503,1.017,-0.84,0.742,0.277,-0.477,0
102187,-0.499,0.789,-0.186,-0.473,-1.456,0.496,0.728,-0.768,1
102318,0.88,-0.544,-0.242,1.657,0.547,2.75,0.138,-1.096,0
102569,-1.691,0.705,1.065,0.93,-0.091,0.889,0.405,-0.941,1
102003,-0.424,1.159,0.062,-0.113,0.009,-1.12,0.113,-0.229,1
101250,1.249,-0.787,0.394,0.838,-1.64,-1.481,-0.696,-0.354,1
101954,-0.208,1.995,-0.18,-1.215,-0.928,-0.534,2.233,-0.518,0
102153,0.207,-0.001,-1.101,-0.942,0.328,-1.349,-1.007,0.474,1
101256,-0.011,0.451,0.074,-1.92,-0.689,-0.534,-0.325,-0.632,1
100055,-1.516,-0.348,0.936,-1.715,-0.436,0.147,1.048,1.349,1
100482,1.158,0.241,-0.203,0.833,0.113,-1.891,-1.001,-2.081,0
100043,-0.566,-0.636,-2.792,1.017,0.566,-0.214,1.046,0.438,0
101821,1.058,-0.098,0.862,-0.545,-0.482,1.263,1.189,0.076,0
101543,-1.575,-0.159,-0.345,-2.237,1.451,-0.092,-0.227,-0.002,1
100320,0.76,0.474,-0.662,0.329,-2.532,0.959,-0.025,0.286,0
101341,-0.433,-1.292,-1.563,-0.452,-0.57,-0.695,1.658,0.804,0
102134,0.164,-0.291,-0.023,-0.765,0.978,-0.614,0.382,-1.04,0
102970,-0.383,-0.052,1.308,-1.346,0.089,-0.647,0.388,0.152,1
101437,1.263,0.03,-0.939,-0.678,1.113,0.405,-0.469,-0.293,1
100237,-0.16,0.929,-0.293,0.176,1.133,0.087,1.058,-0.076,1
101797,-0.102,-0.566,-1.755,1.103,0.473,1.653,0.686,0.023,0
101809,2.275,-0.334,-0.006,0.139,0.299,0.65,0.048,-0.427,0
101003,-0.649,-0.037,0.094,0.931,-0.851,0.565,0.305,0.788,0
102802,0.13,0.201,0.421,-1.663,0.712,-0.784,-0.013,1.303,1
102513,0.461,-0.881,-1.978,0.6,-0.382,0.452,0.807,-1.448,0
102289,-1.269,0.337,-0.384,1.678,0.544,-0.663,-0.036,-0.536,1
101199,0.072,0.553,1.472,-1.064,-0.091,0.406,-0.633,0.381,1
100300,1.254,0.309,-0.964,1.003,-0.18,0.789,-0.562,0.364,1
100942,0.893,-0.54,-1.001,-0.805,1.11,1.073,-0.914,1.04,1
102264,-1.652,-0.704,-0.483,-0.615,-1.878,0.457,0.368,-0.841,0
101259,-0.187,1.58,2.574,0.548,0.609,-2.541,0.565,-1.689,1
102293,-0.086,-1.04,0.518,-0.298,-0.505,-1.648,0.396,-0.319,0
100463,-0.974,0.294,0.234,1.04,-0.698,1.48,-0.27,1.467,1
100005,0.348,0.248,1.099,-1.285,-0.662,-0.838,-1.734,0.126,1
100841,-1.016,1.018,0.915,0.54,-0.059,-0.379,0.101,0.217,1
101868,1.733,-0.705,0.753,0.944,-2.494,-0.151,0.147,-0.192,1
100326,0.768,0.829,-1.859,0.525,-0.543,0.203,-0.673,-0.825,0
102281,-0.406,0.123,0.556,0.227,-1.01,-1.426,0.442,-1.677,0
102575,-1.228,0.373,1.088,0.599,-0.626,-0.654,-1.811,0.096,1
101464,0.803,-0.215,-0.809,1.634,1.785,1.351,0.887,-0.349,0
100892,0.514,-1.003,0.446,-2.149,-0.116,-1.048,0.227,0.196,1
102061,-0.067,-1.22,1.306,-0.576,-0.799,-0.556,0.951,0.235,1
100694,1.021,-1.168,1.021,-0.679,0.822,-0.643,-0.922,-1.856,1
100387,0.349,0.808,2.36,-0.267,0.13,-0.373,0.062,-0.396,1
100603,1.858,-0.77,0.372,0.449,0.964,0.883,-2.532,-0.486,1
100842,-1.172,-0.454,-1.062,1.125,-1.359,-1.214,-0.889,0.161,1
100322,-0.633,-0.592,-0.307,0.324,2.781,-0.557,-2.023,-0.631,1
101867,0.134,0.122,-1.053,-0.37,1.581,1.532,-2.325,2.365,0
102878,-1.434,1.075,-0.332,0.979,-2.585,0.068,1.87,1.15,1
102274,-0.731,-1.744,-0.315,-0.297,-1.463,0.661,0.969,-0.125,1
102530,-0.128,1.518,1.009,-0.318,0.397,0.431,1.511,-0.527,0
102467,-1.781,-1.377,-1.271,-0.057,-0.526,0.223,-1.338,-0.332,0
102945,0.16,-0.241,0.023,0.507,-0.744,-0.523,-0.483,0.105,0
101280,0.987,1.884,1.254,-0.435,1.657,1.587,-0.323,0.095,1
100830,-0.49,0.883,-0.523,0.122,-2.63,-1.716,-0.183,-0.468,0
101904,-0.96,0.021,1.053,-1.953,0.925,-0.638,-0.428,0.244,1
100455,0.064,-0.565,-0.014,-0.15,0.281,-1.645,-0.307,-0.337,1
100307,0.092,-0.529,1.537,-0.066,-0.359,1.148,-1.755,0.55,1
102120,-0.831,0.938,1.12,-0.427,-1.383,-0.812,0.269,-1.465,0
102050,0.059,-1.873,-1.854,0.855,-0.048,1.212,-1.265,-0.39,0
101302,-0.117,-0.405,-0.186,1.04,0.275,-0.74,-0.331,-0.983,1
100328,-0.184,0.802,1.421,-0.879,2.0,0.156,0.553,-0.471,1
102976,-0.475,1.177,-0.325,-1.606,-0.456,2.436,-1.378,-0.769,0
101704,-0.429,-1.457,0.144,1.359,0.475,0.082,-1.576,0.697,1
101718,-1.066,-2.07,-0.903,0.601,0.936,-1.876,0.338,-0.967,0
100479,-1.18,-0.569,0.25,-1.834,-1.196,-0.346,1.478,0.674,0
102918,-0.22,-0.53,-0.335,0.081,-0.615,-0.273,-0.274,-0.588,0
102509,0.862,-1.128,-0.02,1.349,-0.485,-2.324,1.514,-1.056,0
100117,-1.412,0.898,0.103,-0.47,1.433,0.779,0.871,1.215,1
101971,1.44,-0.32,1.209,-0.141,-1.105,-0.259,-0.79,0.619,1
101557,-0.596,0.009,0.87,-0.604,0.918,-0.938,1.306,-0.971,1
102733,-1.039,0.789,-0.53,0.196,-0.06,-0.776,-1.755,-0.263,1
101029,-1.346,-1.029,1.378,-0.307,1.167,-1.051,0.848,0.187,1
100466,-2.635,1.202,1.179,1.444,0.889,-1.642,1.444,0.377,1
102439,-1.383,0.071,0.497,-0.792,-0.717,-1.042,-1.82,-0.179,1
102248,1.715,0.652,0.493,1.836,0.703,-0.972,-1.176,1.555,1
102593,-0.502,1.276,0.242,0.498,-1.512,-0.808,-0.222,-0.986,1
101969,0.888,-0.248,0.487,0.157,0.602,-0.774,0.951,-0.671,1
101198,0.496,1.4,0.063,1.214,-1.276,-0.155,-0.121,0.747,1
101356,0.111,0.805,0.849,1.186,-1.259,0.264,-0.623,-1.558,1
101901,0.324,0.09,-1.303,-0.392,1.609,0.128,-0.683,0.167,0
101975,-0.252,1.506,-0.109,-0.247,-1.081,1.629,0.471,0.039,1
100776,-1.577,-1.539,0.658,0.205,0.858,-1.614,-0.911,-0.552,0
100568,-0.651,-0.644,0.407,-0.304,-1.41,0.054,1.658,1.361,0
101786,-1.383,-0.924,1.425,-0.124,-1.283,0.268,0.713,-0.819,0
102635,0.942,1.116,-0.159,0.622,0.39,0.896,1.084,1.152,1
102276,1.079,1.678,0.976,-0.044,0.171,-0.707,0.091,-1.01,1
102940,1.74,-1.713,-2.438,-1.303,0.179,0.697,-0.317,-0.849,0
101092,1.704,-1.404,-0.859,0.331,0.52,0.154,1.616,1.825,0
101257,-0.366,0.898,0.584,1.401,-1.607,-1.036,-1.248,0.99,1
101998,-0.267,-0.79,1.408,2.18,-0.395,-0.968,0.205,0.101,1
100084,-0.433,-0.896,0.238,-1.893,-0.276,-0.396,0.678,-1.254,0
101665,-1.47,-1.425,0.368,-1.111,0.984,-0.895,0.176,0.751,0
102684,0.405,1.993,0.512,0.025,-1.474,0.549,1.684,-0.238,0
100755,-0.288,0.597,-0.592,-0.692,-1.07,0.566,-0.269,-1.635,0
102143,-0.79,0.015,0.027,0.178,-0.742,2.167,-1.888,-0.588,0
102199,0.36,0.326,1.024,0.86,-1.199,-0.276,-1.589,0.534,1
100511,-0.11,1.664,0.396,-0.996,-2.117,-1.61,1.171,0.312,0
102901,-1.081,0.996,2.07,1.549,-0.432,-0.447,0.099,-0.186,1
100731,-0.66,1.143,-1.044,0.21,0.815,-1.192,-2.227,0.442,1
102220,0.116,0.268,-0.086,0.006,0.974,0.306,-0.129,1.102,0
102319,-0.093,1.197,0.649,-0.438,-0.883,0.385,1.038,1.952,0
100530,0.279,0.288,-1.579,-0.299,0.161,-0.15,0.686,1.252,0
102344,-0.885,-0.801,-1.617,1.251,1.06,0.879,-0.748,1.804,1
100765,-0.252,-0.586,0.841,-0.501,0.439,0.248,-1.888,-1.687,1
101479,0.566,-0.2,-0.255,-1.107,-0.346,0.561,0.425,0.777,0
102002,0.875,-1.183,0.793,-0.167,1.629,0.52,-0.868,0.449,1
101361,-0.799,-0.532,-1.408,1.19,-0.646,0.125,0.532,-0.281,0
102490,-0.707,-0.092,2.008,-1.748,-1.632,0.101,1.53,-0.099,1
100374,0.357,0.421,1.143,0.401,0.914,1.975,0.852,-1.058,1
101633,-1.571,0.603,1.113,-0.247,1.051,-1.137,-0.916,-1.384,1
102783,-1.012,0.309,-1.627,-0.829,2.421,-0.796,1.152,0.412,1
101184,0.514,-0.835,0.139,1.633,-1.575,0.985,0.886,-1.463,0
101714,-0.099,1.077,0.259,1.781,-0.943,0.323,0.185,-0.825,1
102535,0.22,0.191,0.581,0.923,1.423,0.302,-0.599,-1.023,0
102080,0.143,-1.177,0.975,-0.359,0.471,-0.327,-0.875,-1.294,0
101793,0.842,-0.011,-1.013,0.075,1.605,0.951,1.221,-0.88,0
100238,-0.404,-0.212,-0.496,-0.112,1.371,-1.161,-1.65,-0.007,1
100127,-2.788,-0.324,0.869,0.143,0.755,-0.131,2.393,-1.028,0
100354,0.577,0.924,1.498,-0.811,2.969,0.467,-0.775,-1.329,1
100164,1.097,0.169,1.068,1.046,-0.304,-0.166,-0.892,-2.083,1
101510,2.182,-0.817,1.074,-0.32,-0.171,1.009,-0.735,0.913,0
102874,-1.5,1.346,-0.088,-1.281,0.388,0.02,0.086,-1.022,1
101319,-1.483,0.592,1.29,0.946,0.453,-0.129,-0.971,-0.807,1
102476,0.388,-0.124,1.292,-0.694,-1.324,-0.292,1.522,0.872,1
100472,-0.838,-1.066,0.733,-0.196,2.877,0.645,-0.727,0.024,1
101997,-1.138,-1.566,-0.172,1.574,-0.113,-0.932,-0.153,-0.726,0
102480,0.522,0.304,-1.181,0.747,0.252,0.249,1.018,-1.139,0
102042,1.579,-0.855,-1.087,0.286,1.974,-0.285,-0.658,1.475,0
102407,0.103,-0.883,-0.382,-0.75,0.878,0.662,0.661,0.86,0
102137,-1.369,-0.063,-0.386,1.047,0.213,-0.953,0.686,-0.518,1
102410,0.369,-1.645,-3.061,-1.086,-0.733,-1.166,-0.514,1.174,1
100097,-1.032,-1.867,-1.204,-1.076,-1.427,0.308,-0.664,-1.988,0
101839,0.694,-0.801,-0.297,1.539,0.864,-0.027,-1.029,-0.094,1
101023,0.202,-0.694,0.209,1.261,0.346,-0.968,-0.671,-0.949,1
102014,1.14,-1.22,-0.027,-0.986,-0.349,0.317,-0.362,-0.696,0
102947,-1.308,-0.173,0.024,-1.266,-0.396,1.408,-1.688,0.066,1
100449,1.233,-0.578,1.96,1.628,-0.099,0.75,0.164,-0.915,0
100550,0.888,0.908,0.639,1.305,0.898,-1.158,1.142,0.118,0
102693,0.12,-0.199,0.117,-1.652,0.353,-0.431,-2.146,-0.587,1
100276,0.889,-0.541,1.382,-0.114,-0.668,0.475,0.926,-0.886,0
102266,-1.466,0.535,1.407,1.912,-0.219,-1.35,0.865,0.67,0
100178,1.164,-0.434,-1.667,0.854,0.61,2.355,1.432,0.784,0
100433,-0.529,1.174,-1.185,0.243,-0.335,-1.997,-1.365,1.131,1
101340,-0.286,0.789,1.134,1.228,-0.047,-1.322,-1.96,-0.949,1
102851,-0.329,0.613,-1.155,0.774,-0.925,1.272,-2.49,-0.06,1
101591,0.112,0.008,0.299,0.759,-0.583,0.915,0.695,-0.273,1
101643,-1.537,-1.045,2.611,-1.198,0.289,1.282,2.339,0.281,0
101516,0.192,1.461,0.326,-0.531,-0.56,0.27,0.481,0.407,1
100741,0.432,0.028,0.071,1.008,-0.975,-1.43,0.98,-0.806,0
100867,0.857,-0.497,-0.128,0.005,1.085,-0.982,0.421,2.884,1
101769,1.399,1.292,-0.621,0.034,-0.816,-0.512,1.777,-0.998,0
100483,-0.217,-0.443,0.441,2.108,-0.591,0.012,-0.376,-2.797,0
102021,-0.489,-0.838,-0.003,-1.093,-1.073,-0.491,0.029,-0.091,0
102937,0.993,1.163,0.14,-1.505,-0.449,-0.336,-0.003,-0.439,1
102323,-1.303,-0.037,-0.941,-0.381,0.79,2.916,1.011,-0.575,0
102358,1.072,1.683,0.263,-0.533,1.839,0.038,0.991,0.184,1
100780,-0.965,-0.665,0.14,-0.186,1.997,-0.375,-0.237,-1.55,1
100548,-0.631,-0.44,-0.107,-1.432,-0.079,0.562,0.344,-1.247,0
101963,0.482,1.481,1.021,-1.244,-0.018,0.372,0.531,-0.241,1
102832,-0.56,0.214,-1.043,-1.308,1.314,-0.671,0.773,-0.171,0
100782,-0.427,-0.525,0.601,0.342,0.999,0.555,0.585,0.067,0
101889,-2.265,0.053,-0.326,0.873,-2.067,0.737,-1.659,-0.483,0
101007,-0.02,0.106,0.749,-0.028,0.543,0.359,-0.529,1.097,1
102393,0.408,-1.147,0.321,-0.516,0.997,-0.01,-1.735,-0.262,1
100673,-0.155,0.637,0.479,-0.633,-0.421,1.674,1.315,0.798,1
102203,-0.334,-0.546,0.116,1.433,0.766,1.0,1.839,-0.873,1
100686,-1.091,1.257,1.124,1.622,2.297,-0.624,-1.902,-0.925,1
100875,1.77,-0.531,-0.815,-0.461,1.25,-0.526,-0.722,0.625,1
100458,1.106,0.457,0.807,1.63,-0.131,-1.338,-0.942,0.692,1
101989,0.186,1.127,1.243,0.128,0.547,-0.381,-0.883,0.232,1
101910,1.876,-0.405,1.256,0.009,0.566,-0.741,0.863,-0.072,1
101267,0.4,0.01,0.839,-0.205,1.65,0.423,0.215,-1.736,1
100752,0.562,-0.373,2.337,-1.831,1.168,-0.469,-0.253,1.407,0
100121,-1.899,2.154,-0.139,0.249,1.118,-0.112,0.524,-1.349,1
100699,-0.078,1.383,-0.114,-1.689,-1.145,0.14,0.003,-0.657,1
102810,-0.852,-0.211,1.497,-0.024,-0.806,-1.169,0.236,-1.258,0
101444,-0.185,0.475,0.667,-0.739,2.296,0.322,-0.099,1.874,1
101948,0.713,0.851,0.788,-0.22,1.986,-1.459,-0.594,0.296,1
102232,-0.54,-2.017,-0.852,-0.043,-0.64,1.504,-0.221,-0.27,1
102086,0.933,-2.143,-1.327,-0.369,-1.932,-0.091,-0.514,-0.261,0
100031,-0.417,0.699,0.941,0.713,1.047,-0.389,0.74,2.024,0
102154,-0.544,0.402,-0.091,0.131,-0.346,-1.119,-1.465,0.634,1
101750,0.302,-0.786,-0.294,-0.177,-0.265,0.286,-1.101,1.07,1
102071,1.347,-1.002,0.912,-1.179,0.113,-0.976,-0.506,-0.172,0
100069,0.338,1.325,-0.368,-0.611,-0.009,0.598,0.482,0.156,1
102837,-0.757,1.361,-0.599,-0.876,-0.18,0.468,0.771,-1.31,1
102646,0.955,0.091,0.969,0.506,0.405,-1.734,0.808,-0.809,1
101119,-0.231,-0.537,-1.018,0.962,-1.927,0.761,0.291,-0.036,0
102812,1.218,1.682,0.688,1.097,1.24,1.0,0.879,0.834,1
101190,0.579,1.085,-0.896,-0.253,0.037,0.357,0.574,0.976,1
101531,0.137,0.908,-0.511,0.358,-0.793,0.811,0.612,0.012,0
102850,1.648,0.481,-0.709,1.099,-1.997,0.826,1.255,-0.498,0
101242,0.674,-0.101,-0.566,-0.533,-0.003,1.361,-0.041,-0.832,0
100265,0.863,0.774,1.395,-0.657,-0.517,0.52,0.524,1.514,0
102420,0.474,-0.089,1.247,-0.17,0.228,0.388,-1.326,0.294,0
101458,-0.92,0.428,-0.013,0.109,-0.404,0.782,0.064,2.482,1
101912,-0.58,1.101,-0.126,-0.196,1.032,-0.481,1.204,0.817,0
100504,0.722,-0.674,-0.261,0.787,1.069,-0.542,-0.611,0.979,1
102324,-0.583,-1.15,0.33,1.803,0.133,-1.24,1.966,0.502,0
100339,3.732,-0.144,0.798,-1.187,0.618,-0.436,0.927,0.104,0
102603,-1.51,-0.639,-1.019,1.026,0.698,-1.098,0.097,-0.35,0
102619,0.106,0.609,-1.815,1.447,1.639,-0.65,0.413,-0.901,0
102233,1.059,0.456,0.81,-0.067,-0.914,0.781,-1.71,-0.217,0
100798,-0.127,0.106,0.614,0.136,2.029,0.174,0.512,1.065,1
100930,0.687,-1.056,-0.871,0.747,1.162,0.559,0.492,-0.414,0
102539,-1.235,-0.911,0.35,1.858,1.052,-1.083,0.388,0.208,0
100744,-2.03,1.418,-1.173,-0.504,-0.035,0.398,-0.074,-0.868,1
100978,-0.236,-0.248,-1.319,0.827,0.587,0.014,0.544,-0.514,0
102423,-0.224,0.491,0.656,0.551,0.28,-0.207,1.727,1.098,0
100061,1.05,-0.739,0.356,-0.594,-0.323,1.192,0.215,-0.395,1
101775,-0.812,2.093,-0.389,-2.107,-0.156,0.394,1.164,0.4,1
101602,0.602,-0.06,-0.127,-0.937,0.123,-0.055,0.107,-0.127,0
102926,-0.627,0.977,1.507,-0.032,0.982,-0.361,0.473,0.57,1
102954,0.668,0.198,-0.513,0.702,-0.448,-0.639,0.423,1.377,0
100141,-3.12,-0.241,0.353,1.294,0.711,2.49,1.424,1.348,0
102785,1.4,0.72,1.446,0.395,1.201,1.027,-0.594,-0.373,1
101567,-1.7,0.145,-0.267,-1.347,-0.551,-0.008,-1.134,-0.165,1
100193,-0.461,-0.097,-1.027,-0.76,0.493,0.343,-0.487,0.341,0
100646,1.567,1.229,1.174,-0.78,1.423,1.234,1.314,-0.17,1
102081,0.912,0.062,-1.169,0.18,1.0,0.076,0.755,-0.436,0
100360,-0.958,1.326,-0.255,-0.958,0.112,-0.953,0.681,0.941,1
102746,-0.445,1.488,-0.795,-1.108,-0.62,-0.93,-0.617,-0.088,1
100057,-0.192,0.571,-1.888,-0.018,-1.061,2.389,0.72,0.141,0
100358,1.694,1.138,-0.4,-0.003,0.161,1.098,-0.717,-0.828,0
102671,-0.138,1.445,-0.389,-0.827,-1.361,0.728,-0.395,-0.449,1
101568,0.476,-0.72,1.336,-0.891,-1.13,1.085,-0.436,-0.729,0
102116,-0.641,1.343,0.138,-0.604,0.061,1.223,-0.144,-1.495,1
102339,-0.43,0.797,1.173,-0.684,0.687,0.363,-2.978,-0.928,1
102094,-0.781,0.04,-0.094,0.231,1.159,0.054,-1.758,0.66,0
100923,-0.488,-0.841,3.219,-0.65,-1.569,-0.562,-1.044,1.053,1
102041,-0.692,1.655,-0.29,-1.613,-0.946,-1.335,-0.344,-0.45,1
100277,-0.246,1.465,-0.961,-0.813,0.204,-1.178,-2.427,-1.631,1
102200,0.537,-0.489,-0.053,0.845,0.617,0.278,1.019,-1.588,0
102943,-1.261,-0.389,-0.326,-0.887,0.699,-1.452,-1.228,-0.077,1
102272,-2.111,-0.752,0.013,-0.706,0.448,0.724,-0.243,-1.445,0
100381,-0.489,0.176,0.655,-0.899,-0.835,-0.144,0.694,-0.575,1
102192,-0.814,-0.926,1.776,-0.36,-0.468,0.155,-0.462,0.819,0
101451,1.038,1.913,-0.176,-0.51,0.294,0.81,-1.311,0.706,1
101390,-1.463,0.462,-1.1,-2.184,0.883,-0.903,0.172,-1.398,1
101024,1.428,0.254,0.941,0.889,-0.257,1.161,-0.05,0.383,0
102441,1.174,-0.278,0.614,2.261,0.224,0.081,0.543,-0.265,0
101952,-0.546,1.084,-0.235,-1.023,-0.444,-1.382,-0.254,-0.989,1
100066,-0.935,1.123,0.184,-0.024,0.488,-0.952,-0.908,-0.881,1
101055,-1.828,-0.269,-1.803,-1.206,-0.497,0.082,-0.286,1.005,0
101739,0.795,0.079,-1.014,1.807,-2.572,-0.464,-1.532,-0.387,0
102076,0.101,-0.678,1.062,0.778,-1.449,1.447,-0.059,0.648,0
102342,-0.426,0.005,0.527,-0.945,0.828,-1.576,-0.69,1.214,0
100113,-0.46,0.153,-1.355,0.486,-0.096,0.345,0.374,-1.045,0
100245,2.841,0.625,0.605,0.163,0.934,-0.346,0.779,-0.161,0
101439,3.105,-0.283,0.634,-0.302,-0.674,-0.739,-0.311,0.092,0
101022,-0.325,0.75,-0.429,0.804,-0.156,0.176,-0.233,1.227,1
100980,-1.386,-1.652,0.257,1.301,1.023,-0.126,-0.258,-0.308,1
100411,-1.258,-2.18,1.91,0.619,-0.384,1.594,1.108,0.447,0
102261,1.197,2.553,-0.305,1.494,0.935,-0.398,-0.126,-1.146,1
101062,-0.679,0.333,-0.234,-0.69,-0.772,-0.948,-1.048,-0.601,1
100116,-0.618,-0.794,0.866,0.981,0.757,-0.923,0.092,-0.178,1
102889,-0.656,0.39,-1.159,2.5,-0.43,1.313,1.543,-0.407,0
102689,-0.837,0.025,0.607,0.816,-0.152,0.121,-1.816,-0.12,1
100247,0.095,0.329,0.832,-0.77,-2.819,0.025,0.367,1.128,1
100665,0.839,0.128,-2.345,-0.084,-0.127,0.62,1.848,0.846,1
102650,0.44,-1.296,-0.359,0.34,0.388,-0.708,0.678,0.073,0
100092,0.083,-0.14,-0.176,-0.513,-1.456,0.862,-0.94,-0.37,0
100114,1.33,-1.001,0.902,-1.579,0.386,-0.806,0.057,-0.637,0
101376,-1.939,-0.535,-1.338,0.273,-0.857,-0.252,0.187,-1.042,0
102302,2.362,0.626,0.299,-0.136,0.052,0.714,0.112,0.813,1
100118,0.733,-1.25,-0.374,1.018,-0.754,0.052,0.412,1.456,0
101981,-1.028,0.41,2.197,-0.597,-0.804,0.166,-0.673,0.529,1
102180,-0.697,-0.055,-0.323,0.926,1.416,-0.622,-1.068,0.421,1
100162,1.6,-0.527,-0.194,-0.904,-2.635,-0.121,1.159,-0.485,0
100263,0.271,0.145,-1.114,1.528,-1.98,0.228,-0.084,-1.614,1
102977,0.705,-0.791,1.904,-1.066,0.527,-0.398,-0.682,-0.826,0
101313,0.467,0.114,0.987,-0.954,0.138,-0.99,0.451,1.316,1
100246,-0.312,0.239,0.057,-1.617,2.197,0.262,-1.573,1.201,1
102427,-0.533,0.579,0.612,2.04,0.015,0.911,1.18,1.629,1
100775,0.072,0.879,2.409,-1.114,-0.09,-0.47,0.699,-0.717,1
100552,-1.682,-0.064,-0.122,-0.535,-2.231,-2.148,0.703,-0.959,0
101113,0.077,0.34,-0.399,-0.713,-0.212,-0.261,0.416,0.212,1
102473,0.69,-0.099,-1.96,1.452,0.495,-0.256,0.169,0.123,0
100580,0.499,-0.105,0.02,0.218,-0.156,-0.445,0.11,0.66,0
100844,0.077,-0.652,-0.112,0.328,-0.528,-0.075,-1.22,0.618,1
101460,0.282,0.899,0.307,-0.211,0.537,0.591,-0.235,-0.244,1
102475,0.911,0.832,0.423,-0.523,0.564,1.322,0.544,-1.822,1
100651,0.378,-0.494,0.446,0.554,1.109,2.774,0.374,-0.856,0
101170,-0.978,-0.827,0.738,0.284,-1.101,-0.716,-0.216,-0.616,0
102941,-1.965,-0.044,1.043,0.613,0.274,-0.687,0.952,0.974,1
102935,0.108,-1.195,0.039,-0.023,0.401,-0.664,0.651,-0.489,0
101368,0.97,0.282,-1.853,-0.618,0.414,-0.501,0.919,2.626,0
100897,-0.478,-1.468,0.395,1.22,-0.138,-0.302,-0.663,-0.45,1
102920,1.837,-0.298,0.178,0.591,0.611,0.591,-0.084,-0.186,0
100676,2.743,0.281,0.352,0.857,-0.012,-0.267,1.328,-2.116,0
100014,2.108,0.063,-0.461,-1.448,1.324,2.57,-0.821,-0.647,0
100967,0.407,-1.104,0.776,1.749,0.087,0.005,0.6,0.512,0
101106,-1.18,-0.911,-1.133,0.447,0.377,0.421,-0.249,1.026,0
100240,0.626,-1.538,-2.041,-1.278,0.241,1.191,2.612,1.458,0
101254,0.337,0.259,-1.517,-0.974,0.733,0.013,1.077,0.005,1
102321,1.34,-0.576,-0.784,0.727,0.537,-0.997,1.109,-0.277,0
101936,0.445,0.81,1.144,1.03,-0.247,0.188,0.029,1.203,1
100684,-0.027,-1.807,-0.796,-1.375,0.73,-0.145,1.675,0.236,0
100168,0.755,1.253,-0.812,-3.149,0.32,1.301,1.152,-0.545,1
101639,1.749,0.219,-0.731,-0.95,-0.9,-0.472,-0.205,1.446,0
101133,1.683,-1.12,-0.325,-0.687,-0.22,-0.72,-0.307,-1.066,1
102419,1.261,0.09,0.652,-1.671,-0.483,0.964,-0.832,1.444,0
101878,0.193,-0.697,-1.447,0.333,-0.112,0.37,0.969,-1.544,0
101715,0.407,0.761,1.251,-1.946,0.208,0.683,1.269,0.459,1
100271,-0.116,0.452,0.523,0.721,0.922,0.384,0.651,-0.248,0
101473,0.144,-2.187,0.344,-0.453,-1.3,-0.631,0.793,-0.701,0
101253,0.772,-0.745,-0.349,-1.027,-0.968,-0.669,3.216,1.095,0
101547,0.135,1.297,0.53,0.163,0.186,1.319,0.82,0.13,1
100214,0.517,-1.005,-0.836,0.344,-0.968,0.815,-0.622,0.006,0
102596,0.516,-1.544,-2.388,-1.121,1.429,0.88,-1.981,0.772,0
100344,0.109,0.753,1.673,0.139,0.371,1.3,-1.102,-0.623,1
100838,-0.105,0.222,-0.196,-0.496,0.521,-0.499,-0.206,1.229,1
101615,0.511,0.528,-1.45,-0.498,0.165,-0.758,-0.204,-1.207,1
102195,-1.648,0.474,-2.552,0.937,0.018,0.872,-1.636,0.049,0
101835,2.221,-0.178,-2.073,-1.255,-2.301,-1.375,-1.855,1.058,0
100795,0.143,0.914,-0.323,1.75,1.263,0.698,-0.987,0.196,0
100412,0.225,0.778,1.46,0.069,-0.231,0.581,-2.815,0.087,1
101712,0.799,1.409,1.123,-0.196,0.757,0.038,0.224,1.943,1
100342,-0.586,0.708,-0.005,-0.024,1.198,-0.282,-0.082,0.59,1
100947,-0.262,-1.783,0.238,-0.71,0.292,0.508,-0.681,1.495,1
102221,0.652,0.227,0.043,0.884,-1.234,-0.641,1.194,-0.152,0
101757,1.403,-1.32,-1.168,0.015,-1.168,-0.878,-0.389,-1.372,0
100377,1.109,-0.406,-1.182,1.254,-0.301,0.047,-0.375,0.102,0
101491,-1.166,-0.893,0.387,0.07,0.931,-0.348,0.613,0.501,0
100738,0.046,-2.765,-0.057,-0.396,0.894,-0.196,0.607,-0.425,0
102541,-1.058,1.028,0.396,-0.124,-0.291,-0.486,0.844,1.108,1
100052,-0.279,0.948,0.112,-1.483,-0.039,-1.416,0.166,-1.204,1
100018,-0.547,-0.093,0.252,-0.339,-1.924,-0.072,0.225,1.084,0
101309,-1.18,-0.166,1.034,0.623,-0.171,-0.449,-0.322,-0.263,1
102269,-0.783,-0.441,-0.406,1.389,-1.751,0.545,0.383,-0.829,0
102450,0.775,-0.822,-1.415,0.276,0.161,-0.486,-0.408,0.086,0
100998,0.32,-1.48,-1.61,-0.361,0.932,0.289,0.29,1.236,1
101389,1.704,-1.833,1.115,2.139,1.187,0.224,1.168,1.142,0
100095,-0.568,1.338,0.222,0.042,-0.583,-1.561,0.185,1.195,1
101499,0.578,-2.501,-1.039,0.079,1.504,1.94,-1.063,0.711,0
102309,1.381,-0.269,-0.677,2.032,-0.281,0.182,0.74,-0.038,0
102554,0.286,1.874,2.293,0.701,0.646,-0.121,-1.425,-2.454,1
100179,1.691,-1.045,0.197,-0.27,1.747,0.57,-3.054,1.376,1
101598,-0.327,0.623,-0.659,-0.87,0.867,-0.944,2.762,-1.38,0
100716,0.26,-1.001,0.77,1.388,-2.369,1.413,-0.807,1.697,0
100184,0.784,-0.766,1.102,1.783,1.188,-1.149,-0.926,-0.853,1
100467,0.969,-0.124,-0.208,-0.201,1.624,0.307,-0.168,-1.241,0
100903,-0.867,1.036,1.055,-0.771,0.048,-0.477,-1.386,-0.831,1
102701,-0.683,0.363,0.726,1.169,-1.699,0.28,0.881,-0.508,0
100071,-0.178,-1.023,0.235,1.696,-0.148,1.275,0.288,-1.12,0
102572,-0.482,-0.412,-0.258,1.449,-0.144,-0.433,0.13,-0.594,1
101898,-0.559,-1.389,-1.915,-1.154,0.536,-0.247,0.228,-0.089,0
102553,2.228,-1.012,0.22,0.688,0.433,-0.119,0.951,0.044,0
102394,0.286,0.689,0.998,0.254,1.803,-1.374,-0.328,-1.514,1
102515,0.138,-1.618,1.048,-0.364,0.156,1.553,0.342,-0.87,0
101207,-0.994,-1.074,-0.298,-0.641,1.259,-0.041,-0.105,0.783,1
102077,-0.715,0.007,-0.053,-2.888,1.556,0.625,-0.105,1.911,1
102865,-1.041,-0.786,-0.469,0.333,1.795,-0.655,1.431,0.2,0
101063,-2.453,0.416,0.276,0.09,0.886,-0.593,-0.018,-2.567,1
101528,-0.887,-1.344,-0.318,-1.013,0.037,-1.662,-0.522,-1.409,1
102205,2.891,0.572,0.859,-0.081,0.519,1.992,-0.641,-0.263,0
100658,0.35,-1.078,0.122,-0.543,1.744,0.84,1.75,2.471,0
102817,1.717,-0.449,0.882,-0.722,0.491,0.07,1.061,0.783,0
101838,0.26,0.589,0.214,-1.398,1.927,-0.638,-0.882,-1.004,1
102442,-0.036,0.894,-0.821,1.116,-0.541,-1.097,1.679,-1.117,1
101076,1.439,-1.071,0.113,0.798,0.309,1.149,0.08,-0.248,0
100454,-2.583,-0.204,0.976,-0.145,-0.775,-0.883,-2.062,-1.314,1
101383,-1.16,-0.529,-0.522,-1.73,0.226,1.284,-2.149,-0.368,1
102382,-0.499,-2.441,1.488,-1.081,-0.676,0.992,1.925,1.355,0
100402,0.417,-0.709,-1.504,1.961,0.42,-1.185,1.037,-1.67,0
100989,0.791,-0.516,0.08,-0.432,-0.114,-1.658,0.976,1.303,0
101445,0.04,-1.125,-1.265,-0.555,-0.593,-1.695,-0.365,-0.826,0
101472,2.012,2.722,-0.212,0.357,-2.383,0.14,-0.495,0.073,1
100677,-1.74,2.185,0.818,0.62,0.379,0.357,-0.895,-0.22,1
101616,-0.101,0.968,0.05,0.8,-0.177,-0.803,0.115,-1.774,1
101251,0.051,-0.746,-0.733,-1.024,-1.02,0.352,-0.518,-1.078,0
101983,1.466,0.924,0.62,-0.827,-0.838,0.82,0.579,2.096,1
100822,-0.308,-0.548,1.003,-0.288,-1.493,-1.506,0.105,-0.543,0
100963,0.141,-0.888,0.509,1.326,-1.337,-1.7,1.106,1.928,0
100835,0.709,0.543,0.219,-1.047,0.815,-0.323,-0.764,-2.061,1
101033,0.569,0.512,1.144,1.189,1.26,1.051,0.418,0.627,1
100174,-0.295,-0.146,1.326,-0.321,0.599,-1.057,0.329,0.12,0
100939,0.473,-0.385,-0.901,1.074,-1.924,0.934,-0.77,0.961,1
100691,-1.524,-0.122,-0.561,0.045,1.298,0.88,-1.039,-0.634,1
100334,0.164,1.978,0.123,0.05,-0.49,0.864,-0.065,-0.566,1
100873,-0.787,-0.665,0.368,-0.974,0.201,-0.052,-1.231,-2.332,0
102826,1.2,0.125,-1.165,-0.037,0.165,0.192,0.641,-1.337,0
102055,-0.124,-0.5,-0.77,1.712,0.696,-1.646,-0.961,-0.822,0
100197,-0.456,-0.443,1.462,0.613,0.429,-1.243,0.566,-1.347,0
100296,-0.24,0.374,0.236,1.008,-1.369,0.209,0.238,1.6,1
102831,1.617,-0.572,0.083,0.562,0.971,-2.097,0.982,0.733,0
101530,1.418,1.246,1.782,-0.569,0.165,1.338,0.577,0.257,0
101745,0.095,0.005,-0.737,0.301,0.161,0.639,-1.804,1.204,0
100122,0.206,-0.404,0.51,0.19,-1.376,-1.843,-1.006,0.746,1
100378,2.413,-0.314,-0.281,0.204,0.286,-1.202,-1.778,-0.585,0
102580,0.992,-0.835,-0.559,0.959,0.672,0.248,-0.24,0.255,0
102210,-0.662,-0.675,-0.66,0.237,0.013,0.472,-0.778,0.807,1
102172,-0.745,0.652,1.868,0.44,-0.157,-3.629,-1.039,0.217,1
102052,-2.321,0.869,0.6,-0.234,-1.15,-0.073,-0.217,0.24,0
100915,-0.466,-0.351,0.63,0.658,1.323,-1.891,0.284,-0.213,1
101871,-1.159,0.207,0.579,-0.848,-0.463,0.368,-0.602,-0.822,1
102741,1.072,0.314,2.182,0.728,-0.655,1.638,0.26,-0.823,1
100611,0.378,-1.142,-1.287,0.513,-0.796,-0.351,0.642,-1.045,0
101771,-0.1,-0.773,-0.061,1.15,-1.3,0.81,0.149,-0.168,1
102335,-0.842,-0.56,-1.517,1.614,-1.426,-1.381,0.081,-1.289,1
100956,-0.344,0.253,0.865,1.459,-1.048,-0.244,-2.134,-0.337,1
101632,-1.131,-0.734,0.067,-0.283,1.058,-0.201,0.202,1.08,1
101887,-0.021,2.386,0.205,-0.078,0.003,0.248,0.276,0.839,1
102992,-0.065,-0.72,0.492,0.197,1.276,-0.582,-1.193,0.534,1
102660,-0.42,-0.213,-1.087,-0.295,-0.266,1.435,-0.507,0.075,0
100908,-0.18,-0.863,-1.38,-0.687,0.171,0.156,0.271,-0.426,0
100506,-0.469,-0.178,-0.39,-0.369,-0.27,-2.794,-0.186,-0.669,1
100356,0.931,0.097,-1.181,0.847,-1.688,-0.69,1.343,0.32,0
101423,-1.325,0.109,0.927,-0.598,-0.224,0.971,0.097,1.157,0
102872,0.376,1.426,0.181,-1.481,0.571,-2.204,-0.816,0.248,1
102400,0.035,0.165,-0.749,0.242,-0.083,0.537,-0.135,-1.546,0
101154,2.716,-1.623,-1.989,-1.888,-1.4,-0.342,0.922,-0.239,0
101722,0.309,0.95,1.482,-0.33,-0.674,0.144,1.141,0.641,1
102681,1.6,-1.008,1.243,-2.048,-0.511,-2.101,1.02,0.868,0
100667,-1.993,-0.055,-0.22,1.147,-0.053,-0.566,-0.065,0.079,1
100886,0.021,-2.066,-0.676,-1.447,-1.879,-0.141,-0.164,-0.631,0
101284,1.431,0.324,-0.186,2.113,0.309,-0.582,0.162,0.999,1
100333,0.402,-0.118,0.244,1.067,0.317,0.169,-1.317,0.616,1
100153,-0.312,-1.293,0.605,-1.126,-0.9,-1.111,0.834,-0.172,0
101420,-0.877,-1.182,0.926,1.527,0.785,0.422,-0.526,0.333,1
102549,-0.808,-0.666,1.015,0.938,-0.325,-0.045,-0.145,0.506,0
101840,0.482,-1.005,-0.747,0.57,-0.311,1.417,-1.347,-0.554,1
100721,0.094,0.579,0.027,-0.459,0.367,0.973,-2.045,-0.864,1
100373,-0.329,0.663,-0.284,0.665,0.108,1.142,-0.789,0.081,1
100312,-0.225,-0.278,-0.458,1.315,0.238,-0.336,-0.23,0.549,1
101849,-0.277,-0.138,0.597,0.071,-2.528,-0.832,-0.043,0.98,0
101622,0.258,0.148,0.933,0.22,-0.372,-1.399,-1.3,0.345,1
100042,0.34,1.295,0.534,-0.351,1.275,0.192,-0.078,-0.791,1
100971,-1.067,-0.568,0.275,-0.651,-1.487,0.134,-0.424,0.237,1
102971,0.624,0.949,1.144,0.305,0.311,0.435,1.365,-0.855,1
100522,1.079,0.218,0.343,0.481,-0.766,-0.145,1.056,-0.154,0
100417,1.379,-0.96,0.747,1.624,0.654,0.253,1.365,0.354,0
100762,1.401,-0.722,-1.14,-0.634,-1.259,-0.079,-0.462,-0.892,0
100657,1.267,-0.089,2.616,1.583,0.608,-0.14,-0.021,-0.11,1
100704,0.57,0.348,0.161,0.56,-0.132,0.754,0.623,0.645,1
100732,-1.718,-0.828,-0.137,0.242,-0.31,-0.753,0.973,0.191,1
102498,-1.588,0.026,1.163,-1.826,-0.311,0.515,0.896,-1.733,1
102750,0.73,0.742,1.475,0.319,2.151,0.921,1.72,0.539,1
100944,0.29,0.359,-0.285,-0.689,-1.345,-0.244,-1.079,-0.465,0
102216,0.495,0.405,0.92,0.578,-1.693,-0.16,2.296,-0.312,0
102800,1.079,-0.92,-0.1,-0.721,1.827,-0.025,0.818,-0.763,0
102408,-1.107,-1.805,0.503,-0.257,-0.897,1.148,1.998,1.332,0
101806,-0.763,0.971,0.629,-0.273,-0.811,-1.076,0.229,-0.076,1
101018,0.031,-0.314,1.056,0.172,0.837,-1.358,0.099,-0.402,1
101469,0.113,1.092,-2.212,-0.926,1.347,-0.859,1.021,0.497,1
100907,-0.625,-1.02,0.69,-0.233,0.081,0.065,-0.214,1.485,0
101693,-1.905,-2.049,-0.738,0.626,0.929,0.102,1.478,0.507,0
100272,-0.126,1.167,-1.849,0.494,3.282,-1.734,1.613,-1.648,1
101493,0.871,0.25,1.755,0.08,-0.157,0.908,-0.045,-0.664,1
100519,0.266,-0.662,-0.619,-0.609,-0.348,0.628,0.076,1.957,1
100814,-1.193,0.693,0.463,1.536,-0.894,1.84,-1.232,1.515,1
100818,-0.403,0.757,0.491,0.841,2.014,-0.845,-0.586,1.109,1
100734,-0.196,0.415,0.159,-0.652,0.723,-1.925,1.13,-1.609,0
101522,1.203,1.423,1.164,0.668,1.704,-1.508,-1.125,-0.039,1
101638,-0.425,1.555,0.052,0.555,0.189,-0.172,-1.642,-0.62,1
102909,0.546,0.169,-0.378,-0.382,0.065,0.981,0.311,-0.692,1
101700,2.689,0.109,0.404,2.069,-0.609,0.312,-0.663,0.887,0
101121,-2.271,-0.306,0.081,-0.76,0.41,0.591,-0.422,-0.322,1
102176,0.545,-1.375,0.087,0.865,0.969,0.182,-1.581,-0.877,0
101914,0.094,1.009,-1.028,-0.022,-0.662,-0.194,-1.181,0.926,1
101883,-0.354,-1.288,-0.315,-1.638,1.455,-0.105,0.579,-0.03,0
102592,0.196,-0.837,-0.939,0.025,0.013,-0.372,-0.081,1.023,0
100379,-0.216,-0.793,-1.01,-0.95,-0.406,-0.133,-1.648,-0.567,0
102251,-0.022,0.228,0.491,0.317,1.835,0.755,1.247,0.544,0
100343,1.24,0.005,0.317,0.203,0.907,1.662,-0.788,0.021,1
102148,0.859,-0.657,-0.701,-0.081,0.947,0.812,0.36,-0.151,0
102144,0.576,-1.655,-0.338,0.122,-0.729,0.588,-1.76,-1.192,0
102566,-1.902,-0.352,-0.402,-1.421,0.784,-0.296,0.688,-0.597,1
101942,3.042,-0.425,1.139,-0.322,-0.485,-0.794,2.08,-0.798,0
101803,-0.565,0.035,-1.367,-0.603,0.951,-0.586,-0.321,0.362,0
102822,-0.642,0.042,0.932,-0.843,0.263,0.056,-0.636,0.068,1
102536,-0.09,0.082,2.9,-0.2,-1.756,-0.159,-1.085,-0.417,1
101261,-0.575,-0.053,-2.308,0.956,0.684,-0.345,-0.307,-1.084,0
102012,-0.436,-0.746,0.484,-0.068,-0.492,0.056,-1.607,-1.006,1
101424,1.078,1.43,-1.405,0.278,0.054,-0.206,-1.679,-0.173,1
101594,1.006,-0.011,1.042,0.382,0.034,0.109,-1.91,1.049,1
100232,-0.281,0.938,0.341,-1.034,0.48,0.824,0.765,-0.683,1
100794,-0.219,-0.891,0.157,0.522,0.221,1.025,0.203,1.296,1
101706,-0.206,-0.976,1.948,1.141,-0.683,-0.18,0.146,1.524,0
102903,0.666,0.269,0.571,-0.225,-0.566,0.692,0.01,-0.41,1
101820,-0.287,0.082,0.501,1.211,-0.456,-0.366,-1.014,0.411,1
102562,0.816,-0.715,0.828,-1.865,-0.359,-0.515,-0.457,-2.535,1
102405,-1.685,-0.39,-0.235,-1.129,0.208,-0.421,-0.205,0.144,1
102559,0.769,-1.136,0.175,1.357,-0.664,1.207,0.107,1.037,0
100112,2.153,-1.316,2.491,1.578,0.852,0.382,2.44,0.094,1
100999,0.498,-0.583,-0.953,-0.302,0.358,-0.325,-0.236,-0.56,0
102265,0.776,0.286,-0.492,0.404,-0.598,0.387,-1.498,-0.27,1
101582,-2.024,-0.631,-0.302,1.826,-0.669,-0.766,-0.117,0.788,0
102547,1.236,1.252,1.048,-0.575,-0.75,-1.154,-0.385,0.269,1
102969,0.925,-0.377,0.948,0.218,-0.773,1.144,-1.626,-0.837,1
100225,1.162,0.497,-0.289,-1.664,-0.674,-0.094,0.779,-0.457,0
101042,0.33,1.332,-0.669,-0.92,-0.848,-0.742,0.167,-1.413,1
101192,0.982,0.775,0.542,-0.428,-0.381,0.296,-1.796,0.255,1
101449,0.995,-1.488,0.797,-1.656,1.981,0.364,0.923,-0.602,1
102445,-0.355,-0.468,-1.394,0.44,2.117,0.259,0.224,-1.171,0
101763,-1.466,0.126,1.053,-0.452,-0.755,-0.635,0.579,1.228,0
101666,0.57,-0.028,2.217,-0.084,0.442,-0.341,1.056,1.258,0
102588,0.199,0.562,-1.55,0.187,-0.368,0.423,-0.92,0.33,1
102376,1.335,0.788,-0.726,-1.546,-1.493,-1.065,2.055,-0.273,0
100848,1.27,-0.51,-0.491,1.09,1.159,1.407,-0.87,0.432,1
100621,-1.775,0.784,0.698,-1.482,-0.405,1.144,-0.733,0.423,1
102141,0.03,0.24,-0.184,-0.396,0.07,-0.014,-0.303,-0.505,1
100213,-0.4,0.116,0.253,1.102,2.077,-0.179,1.228,-0.416,0
100770,1.506,-0.65,-0.373,-1.289,-0.017,-1.0,-0.521,0.737,1
100337,-0.078,-0.455,-0.119,1.509,-0.622,0.186,-0.671,1.413,0
100803,-1.05,-0.268,0.511,-0.04,0.173,0.408,-0.088,1.386,1
102260,0.845,1.147,0.889,0.126,0.411,-1.541,-0.944,0.087,1
101182,-1.69,-0.505,1.002,-0.487,-1.202,0.2,-0.566,0.003,1
101168,2.464,0.225,0.394,2.073,-0.906,0.108,1.233,0.214,0
100036,-0.283,0.341,-0.482,0.279,-0.666,0.276,-1.578,1.331,1
100105,1.957,0.053,0.265,1.044,1.688,0.313,0.363,0.091,1
100362,1.312,0.844,0.971,1.803,0.546,0.156,0.701,-0.277,1
100850,0.361,-0.279,-0.008,-0.329,1.154,-0.038,-1.613,-0.861,1
101740,0.513,1.316,0.389,-0.239,0.216,-1.258,-0.156,0.77,0
102413,0.377,-0.293,-1.884,0.01,0.121,-0.555,1.372,0.78,0
100856,0.553,0.957,1.433,0.152,-1.532,-1.928,2.126,0.431,0
101465,0.349,-1.044,1.644,-1.038,-0.726,-0.236,-0.12,1.533,1
100565,-0.389,1.244,0.708,-0.218,-2.084,0.656,-0.268,-0.368,1
100249,-0.797,0.161,-0.205,-0.584,0.659,1.135,1.579,0.705,1
102524,0.063,-1.684,-0.795,1.186,0.398,-0.067,-0.997,0.074,1
101474,1.397,0.494,-0.062,-1.022,-0.947,1.078,-0.082,0.17,0
102502,-1.303,-0.25,-0.156,-0.118,-1.283,-0.76,0.249,2.694,1
100317,1.536,2.354,-1.155,0.262,0.718,-0.902,-0.63,-0.454,1
101200,-1.704,-0.977,-0.24,-1.763,2.13,1.843,1.241,0.832,0
101107,0.932,0.585,-0.323,1.561,-1.18,-1.625,-1.295,1.221,1
102278,-0.527,0.166,0.851,-0.339,-0.836,0.153,0.134,0.24,0
100652,-0.983,-1.197,0.767,0.393,0.519,0.249,1.659,1.153,1
100070,0.556,-1.6,-0.859,0.163,-0.929,-1.342,-1.208,-0.918,0
101667,1.238,0.309,0.989,-1.037,-0.386,0.691,-2.265,-1.647,1
102658,-0.88,0.688,0.045,0.157,-1.115,-1.202,-0.506,0.425,1
101174,0.546,0.249,-0.95,0.872,0.181,-0.468,-0.087,-0.531,1
101088,1.18,-0.689,0.209,0.11,-0.674,0.583,0.259,-0.452,0
102956,0.026,0.012,0.341,0.927,0.682,-1.019,0.044,-2.067,0
100410,-0.154,-1.167,0.794,0.514,0.16,-1.753,-0.215,-0.03,0
102882,0.119,-0.122,-0.479,0.725,-0.361,-1.327,-0.461,1.476,1
102386,-0.311,-0.704,1.095,-1.369,2.055,0.37,-0.284,0.58,0
101025,-1.951,-0.046,-0.365,-0.722,0.24,-1.23,-0.239,-2.517,1
102091,-1.007,-1.263,-1.759,1.871,0.503,-0.683,-0.588,-0.345,1
100539,-1.318,-1.49,-1.034,0.12,-0.669,-1.369,1.197,-0.954,0
100601,-0.133,0.984,0.874,-1.64,1.151,-1.495,1.343,-0.053,0
101332,0.011,1.111,0.387,0.21,-1.687,-0.238,-0.933,0.911,0
102842,-0.312,0.365,1.269,-0.104,0.191,0.803,-1.106,0.405,1
101434,-1.334,2.314,-1.077,-0.464,1.685,0.941,-2.352,0.432,1
102219,-1.957,0.056,0.404,0.488,0.85,-0.034,-0.824,1.155,1
102465,0.43,1.505,0.344,0.259,0.119,0.855,-0.874,-0.691,1
102761,0.729,-0.277,0.136,-1.876,0.722,-0.995,-1.55,1.8,1
100837,-0.85,0.593,-1.582,-1.564,-0.055,0.771,1.148,-0.079,0
102735,0.885,1.712,-0.986,-0.081,-2.792,-0.422,-0.91,0.886,0
101627,0.358,0.077,1.29,-0.163,-0.444,1.357,0.946,1.156,0
100806,-0.787,-0.168,1.037,1.232,0.174,-1.098,0.517,1.019,1
100882,-0.115,0.569,0.543,0.373,1.287,-0.063,-0.762,0.912,1
101484,-0.549,-0.391,0.156,-0.347,0.564,-0.214,-1.339,-1.074,1
100637,-0.406,0.842,0.439,-0.173,-0.715,3.263,-0.162,1.449,1
100423,1.168,-0.076,-0.167,-0.81,-0.822,-1.499,0.894,-0.218,0
100727,1.146,-0.44,0.905,-1.478,-0.256,0.639,1.531,0.938,0
101996,0.124,-1.141,-0.108,-1.154,-1.101,-1.718,1.255,-0.756,0
100376,0.278,-0.298,-1.31,0.653,-0.141,0.447,2.486,1.334,0
100524,0.382,-1.438,0.972,0.871,0.821,-0.173,0.374,-0.06,0
102486,-0.179,-1.333,-1.398,0.395,-1.105,-1.217,0.753,-0.2,0
102523,-0.077,-0.295,-0.757,1.108,-0.093,-0.496,1.074,-0.485,0
100150,-1.048,-1.156,-0.233,-1.088,2.455,-0.421,-0.662,-0.555,1
101580,1.617,0.422,-2.395,-0.511,-0.344,-0.52,1.616,0.464,0
101949,-0.68,0.129,0.627,-0.068,-0.329,0.467,-0.372,-0.581,1
101774,-0.465,0.216,0.319,0.245,0.388,1.125,1.406,-1.085,0
100626,0.078,0.803,0.211,0.322,0.226,0.302,-0.089,0.474,1
102849,-0.213,-0.668,0.262,0.25,0.464,0.79,-1.618,0.691,1
101845,-0.601,-0.365,1.588,0.177,1.75,-0.179,-1.073,-0.055,1
100143,-0.123,-0.263,0.23,-0.425,0.545,-1.918,-0.282,-1.685,0
100717,0.288,0.2,1.479,-0.297,2.193,-0.944,-0.574,-1.074,1
102574,0.41,-1.43,0.317,0.549,-0.138,-0.631,0.932,1.414,0
102631,0.79,-0.435,0.579,-1.889,-0.798,0.663,0.409,-1.0,1
100566,0.731,-0.634,-0.086,0.884,0.568,-0.618,1.45,1.146,1
101880,0.336,0.848,0.101,-0.43,1.883,-0.342,-0.926,0.199,1
102488,-0.847,0.126,-0.763,0.197,0.057,-0.727,1.644,1.578,0
101155,-0.271,-0.16,0.174,-0.922,0.597,-0.074,0.211,0.511,1
102222,-0.288,1.378,1.029,0.239,0.732,0.311,-0.008,0.934,1
101431,-1.173,-0.34,-1.296,1.848,0.81,-0.322,-0.126,0.793,1
102759,-1.278,-0.305,-0.408,-0.481,-2.236,-0.748,-0.475,1.224,0
102171,0.163,-1.878,-0.098,0.756,-1.817,-0.306,-1.03,-0.446,0
102186,0.997,-1.471,-0.126,1.212,-1.943,-1.033,-0.261,-0.388,0
100879,1.656,-1.244,-0.335,0.052,-0.986,-2.133,-0.646,-0.019,0
101075,1.554,-1.186,1.29,-0.94,-0.774,0.301,0.671,0.987,0
100624,1.561,1.537,0.788,-0.071,0.866,0.242,0.193,0.286,1
102934,-0.141,-0.641,-0.447,1.44,-2.577,-0.311,0.277,1.515,1
102975,1.362,-1.571,-0.464,-0.105,1.027,-0.023,1.497,-0.625,0
101366,-0.077,0.321,0.923,-1.218,-2.239,1.651,-0.974,-0.336,0
102230,0.441,-2.548,0.165,-0.005,-1.413,-0.778,0.873,1.264,0
100617,-0.034,0.354,-0.102,-1.053,0.07,0.509,1.846,1.096,0
101324,1.057,0.312,1.449,-0.437,-0.752,0.991,0.607,-0.431,0
101982,-0.23,-0.488,-0.506,0.075,1.461,-1.937,1.915,0.394,1
100690,1.556,1.445,2.615,-0.67,0.378,0.951,1.019,-0.236,1
102834,1.131,0.404,-0.109,1.368,0.321,1.046,0.028,-0.143,1
102288,1.74,-1.921,-0.245,-0.054,0.127,1.615,-0.024,0.803,0
101689,1.48,-0.267,0.867,0.137,0.478,-1.325,0.281,0.24,0
101350,0.487,-0.447,-0.158,-0.1,-0.022,-2.594,-0.996,1.869,0
102843,-0.563,-1.618,-1.171,0.983,-0.512,0.39,0.979,0.899,0
102506,0.31,-0.481,-0.901,0.496,0.408,-0.31,0.599,-1.573,0
102729,2.891,1.866,-0.336,0.926,-0.664,-0.131,-2.05,-0.637,1
101830,0.305,1.25,0.549,-0.595,0.041,0.015,0.898,0.59,1
101686,0.146,2.308,1.579,0.161,0.052,0.066,0.256,-2.188,1
101692,2.211,0.985,-0.93,-1.184,0.091,0.493,-0.645,0.975,1
100465,0.51,-1.011,-0.859,0.461,-0.985,0.265,0.945,0.049,0
101187,-0.881,0.787,-0.162,-1.603,0.706,-0.302,-2.875,-1.062,1
101191,-0.384,-1.024,-0.423,-0.183,-0.426,-0.899,0.87,0.965,0
100145,-1.513,-0.467,0.164,-0.852,0.205,0.729,-1.194,-0.077,1
102254,-0.527,-0.74,-0.577,1.81,1.138,1.417,-0.424,-0.226,1
100324,1.119,1.084,-0.841,-0.34,0.086,0.792,-1.644,-0.038,0
102705,0.314,-0.059,0.221,-0.904,0.763,-2.418,-0.651,0.371,1
101762,-1.618,-1.195,-0.988,0.75,1.36,-0.262,-0.454,-1.646,1
100706,-0.959,0.722,0.442,0.123,0.494,0.211,-0.865,-1.131,1
100714,0.156,-0.749,-0.429,0.68,-2.226,-0.211,0.409,1.092,0
101834,-0.496,-0.722,1.79,0.382,0.439,-0.715,-0.171,-0.783,1
102883,-0.265,-0.668,-3.021,-0.845,-0.604,0.501,-1.352,0.393,1
101111,-2.26,0.77,1.861,-0.215,-0.841,0.323,0.232,0.904,1
102127,0.864,-0.127,-1.773,-1.202,-0.06,-0.107,0.26,-0.804,0
100901,1.22,-1.063,-1.309,0.099,1.279,0.244,0.606,0.455,0
100687,0.467,-2.747,-0.576,0.916,-0.835,-0.08,-0.894,1.851,0
102214,0.429,-1.257,0.722,-0.507,0.266,-0.079,-0.276,-0.824,1
101630,1.665,-1.384,-1.303,-0.811,-0.967,-0.733,-1.056,-0.373,0
102277,-0.142,-1.432,1.846,0.539,0.358,0.513,-1.185,0.116,1
102499,0.114,-1.939,1.38,-0.293,0.464,-0.043,-1.52,1.916,1
101939,0.32,1.19,0.875,0.402,-0.893,1.357,-0.414,1.965,0
101824,-0.743,0.478,-0.305,-1.89,0.579,2.333,0.735,-0.811,0
100100,2.172,1.818,0.951,-0.133,0.659,-2.102,0.276,-1.336,1
100290,0.174,0.464,0.14,-1.799,0.317,-0.2,0.862,-1.347,1
102492,0.494,-0.297,0.765,-0.979,0.679,0.987,0.166,-0.923,0
100878,-0.049,0.905,-0.988,-0.678,-0.817,-1.297,0.64,-0.794,1
101455,-0.032,1.338,-0.101,-0.243,-0.298,0.579,0.101,1.554,1
100391,1.068,1.227,-1.678,-0.792,0.461,0.228,0.74,-0.441,1
100086,-0.69,-0.312,1.558,0.392,0.145,0.346,-0.058,0.842,1
102283,0.401,-0.549,-0.526,0.629,0.295,-1.681,-0.592,-0.834,0
102714,0.078,1.799,-1.249,1.153,0.932,0.936,-0.575,0.745,1
101275,-0.091,0.169,1.244,-0.374,-1.319,1.085,-2.283,-0.355,1
101523,-0.061,-0.4,0.458,-0.384,1.592,0.007,-2.467,-0.493,1
100475,0.693,1.688,1.575,-1.797,0.796,-0.646,-2.08,0.41,1
101694,-0.131,1.549,0.367,-0.78,0.346,-1.046,1.13,-0.213,1
101295,-1.708,-0.23,0.486,0.198,-0.108,-0.82,-0.067,0.011,1
102092,0.331,-0.907,0.646,0.682,1.403,0.489,0.72,0.445,0
101137,1.554,0.767,0.464,0.017,0.36,-0.258,0.172,1.445,1
102072,-0.579,-0.142,-0.327,-0.95,-0.044,0.032,0.824,-0.269,1
101235,-0.119,0.829,1.09,1.19,0.118,-0.686,-0.39,0.021,1
100832,1.25,-0.259,-0.145,0.859,-0.182,-1.938,0.686,0.384,1
100591,-0.101,1.873,-1.28,0.929,0.029,2.562,0.061,-0.768,1
102978,1.374,0.171,-1.458,0.855,-1.244,0.152,-2.132,1.535,1
101620,0.541,1.677,-0.694,0.786,-0.779,-0.273,1.055,0.481,0
101635,-1.351,0.89,-1.458,1.533,2.145,-0.249,-1.441,-0.439,1
100109,2.145,-0.647,0.264,0.287,0.619,0.462,0.436,0.993,0
101160,-1.154,1.488,-1.261,-0.187,0.583,0.274,-1.1,-0.611,1
100222,0.555,-1.57,0.317,0.105,0.631,-0.675,0.324,-0.699,0
101052,-0.551,-0.081,1.009,0.819,-2.909,1.198,0.064,0.083,0
101311,-1.08,0.117,-0.82,-0.876,-1.393,0.307,0.218,0.283,0
102770,0.245,0.737,0.362,-0.642,0.783,0.329,0.916,-2.153,0
102103,-0.434,-0.7,0.804,-0.744,1.257,-0.01,1.349,0.331,1
102980,0.21,0.687,-2.538,-0.048,-2.025,-2.004,-0.718,0.946,0
100253,-0.731,0.168,-0.704,-0.004,-0.444,1.176,0.16,0.155,0
101072,-1.112,0.117,-0.529,2.404,-0.61,-1.075,0.731,-0.5,0
101619,-0.094,-0.516,-2.412,0.204,-0.449,-0.331,0.341,0.969,0
101492,1.919,-0.809,-0.076,-1.03,0.616,0.721,1.699,-0.196,0
102690,-1.263,-0.805,-0.176,-1.644,-1.088,0.033,0.621,0.38,1
100545,1.468,-0.597,0.168,2.438,0.865,-0.821,0.293,-0.552,1
102525,0.086,0.229,-0.12,-0.501,0.987,-0.297,0.058,-2.909,0
100949,-1.394,-2.496,0.08,-1.543,-0.315,2.059,-0.636,0.651,0
101571,-1.15,0.092,0.941,0.169,0.258,-0.313,-2.425,-0.886,1
100843,-0.935,1.763,0.734,-2.415,0.221,0.345,-1.278,-0.098,1
100063,0.353,0.296,-0.745,0.738,0.785,0.173,1.038,-0.287,0
100413,-0.407,-0.018,-0.185,0.336,0.104,0.067,-0.133,0.454,0
102432,-0.647,0.367,-0.968,-2.543,-1.318,-0.477,-1.072,-1.022,1
100884,0.108,-0.548,0.131,1.406,-0.076,-0.72,0.361,-0.834,1
100451,0.4,-0.129,-0.243,1.839,0.478,1.874,-0.77,-0.047,0
101258,0.695,-0.574,-0.534,0.267,1.296,1.527,-0.634,0.885,0
100656,-0.221,0.511,-0.139,1.246,0.481,1.648,0.124,1.356,1
101879,-0.287,-1.3,0.173,-1.377,-2.684,1.242,-1.135,-0.598,0
101581,0.677,0.048,0.894,-0.185,-1.355,-0.029,-0.738,-1.582,1
101486,2.419,-0.082,-0.073,-0.325,0.81,0.828,1.085,-1.144,0
101485,0.232,2.393,0.087,-1.616,0.21,-0.748,-1.399,2.653,1
101327,-0.087,-1.476,-1.445,0.699,1.992,-1.588,-1.353,-0.456,0
102417,-0.684,-0.087,0.281,-0.253,1.362,0.273,-0.453,0.115,1
102737,-0.479,-0.039,-0.714,1.225,-0.372,-0.3,1.258,-1.487,0
102267,-0.957,0.921,0.29,1.206,-0.674,-0.981,-0.288,-0.236,1
100077,0.893,-1.401,-1.572,1.126,-0.927,0.148,-1.074,-0.184,0
102069,-0.553,1.145,0.276,-1.371,0.879,-1.27,-1.768,2.108,1
102808,-2.671,-0.775,0.341,1.294,1.088,-0.712,2.104,-0.14,0
100869,-0.018,0.315,-0.827,0.308,-0.259,0.253,-1.378,-2.023,0
102468,-0.456,0.108,-0.492,0.341,-0.68,0.628,1.453,0.861,1
102247,-1.786,-1.995,-1.457,0.347,-0.381,-1.982,-0.228,-0.185,0
100450,1.04,0.406,0.829,1.048,1.391,1.016,-0.1,0.076,0
101019,-1.87,2.099,-1.24,0.887,0.818,1.22,-0.367,-2.472,1
101560,-0.705,0.669,-0.457,-0.515,-0.132,0.662,0.609,-0.059,0
101979,0.626,0.848,1.553,-1.949,1.94,-0.004,-1.645,0.346,1
100696,1.56,-2.881,2.276,0.239,0.036,0.373,-1.159,0.998,0
101741,0.274,0.672,-0.467,0.582,-0.156,-0.944,-1.603,-2.377,1
100811,-1.731,0.105,-1.144,-0.224,0.245,-0.102,1.035,-0.067,0
102972,0.501,2.775,-0.499,-1.627,0.444,2.139,-1.571,0.718,1
100910,-0.755,0.925,1.746,-1.149,-0.077,0.867,0.599,1.002,1
101521,-1.676,-2.227,-0.377,0.422,0.092,-0.475,0.438,-1.508,0
101049,-1.171,0.224,0.701,-1.467,-1.048,0.81,0.318,-2.037,0
100505,-2.805,1.321,1.276,-1.03,1.177,0.366,0.46,-2.254,1
100405,-2.468,0.578,-0.632,-0.59,-2.834,-1.069,0.593,2.278,0
102365,0.186,0.73,-0.792,0.325,-0.214,1.164,0.798,-2.044,0
100183,0.847,1.022,0.353,-1.202,1.181,-0.713,0.593,-1.554,1
101876,-0.419,-1.512,-0.231,1.072,1.83,-0.591,-0.002,0.486,1
101717,-1.266,0.355,-0.116,1.402,-1.316,-1.265,1.115,-0.852,1
100609,-0.491,-0.347,0.053,2.828,0.173,-0.89,-0.154,-0.555,0
102674,0.17,-0.721,0.082,-1.742,0.207,-0.106,-0.91,-0.819,0
102033,0.558,-0.659,0.012,-0.539,0.38,1.266,-0.224,0.292,0
102533,0.355,-0.398,0.918,-0.331,0.844,1.445,-1.297,-0.163,0
102326,0.373,0.471,-1.479,2.972,-0.354,0.268,1.945,0.119,0
101968,0.254,-0.009,-1.081,-0.026,-0.714,-1.231,0.438,0.298,0
102678,0.488,0.732,1.127,-0.592,1.176,0.516,1.743,-1.16,0
100020,0.385,0.458,0.56,0.542,0.202,0.174,-1.502,-0.165,0
102218,0.076,0.594,-0.081,-2.054,-0.303,-0.706,-0.994,0.577,1
101425,1.213,0.914,-0.708,-0.128,-0.135,0.765,-0.691,-0.651,0
101590,-0.66,0.325,0.01,0.14,-1.155,0.245,1.622,-1.061,0
102224,-1.035,0.437,1.275,0.564,-1.175,-0.51,0.457,0.853,1
100327,0.999,0.037,-0.237,-0.241,0.129,0.033,-2.322,-0.822,1
102754,0.95,-1.22,-0.331,0.718,0.267,-2.383,-0.091,-0.99,0
102518,-1.103,1.814,0.429,0.063,-0.377,-0.265,0.648,-1.619,1
101874,-0.293,0.249,0.939,-0.852,-0.796,0.803,-0.733,-0.506,0
102537,-0.81,0.029,1.198,0.952,0.085,1.541,0.366,0.487,0
102974,0.261,1.484,-0.227,0.355,1.069,0.36,0.903,0.201,1
100266,1.151,0.181,0.225,-0.268,-0.356,-0.442,0.915,-0.459,1
101890,-0.666,0.537,-0.467,0.088,-0.749,-0.517,-0.824,0.371,1
102663,-1.699,1.256,1.421,-0.113,0.333,-1.599,0.526,-0.135,1
101756,-0.085,-1.623,0.124,0.078,-0.211,-0.085,-1.502,0.604,1
102178,1.215,0.734,-1.004,-1.6,-0.197,-1.654,-0.024,1.644,1
100865,-0.026,-0.819,-1.317,0.563,-0.698,0.648,-0.683,-0.518,0
102944,-1.352,0.396,1.018,-1.519,0.2,-0.992,-0.647,-0.363,1
102885,-0.457,-2.292,-0.436,-0.504,-0.621,0.342,1.391,1.628,0
100489,0.451,1.4,0.675,0.37,-0.477,-1.441,1.512,-0.38,1
100606,-1.086,-1.868,0.567,0.193,-1.441,1.74,-0.701,-1.414,0
102464,-1.2,-0.402,-0.013,-0.396,0.256,0.236,0.133,-0.099,0
101738,-0.721,0.649,0.155,-0.246,-1.889,-1.145,0.361,-1.028,1
100152,0.352,0.478,0.428,-0.712,0.872,-0.456,0.342,0.696,1
100889,1.679,0.012,-2.217,0.976,-0.203,0.651,0.277,0.622,0
102938,-0.414,-2.249,-0.573,-1.154,0.198,-0.732,-0.248,0.236,0
102327,-2.133,0.821,-1.386,-0.097,0.36,1.554,1.78,1.63,0
100269,-0.272,0.345,1.389,-0.22,-0.781,1.461,0.4,-0.038,0
100096,-0.9,1.363,-1.127,-0.734,0.506,0.0,0.691,-0.742,0
102258,-0.454,0.389,1.879,0.359,-1.287,0.519,0.88,-1.96,0
102617,-0.256,2.098,-0.136,-0.189,0.266,0.318,-0.416,-0.545,1
100964,-0.053,-2.172,-1.655,0.913,1.729,-0.19,-1.438,1.114,0
101799,0.143,-0.062,1.169,1.197,-1.239,0.083,0.491,2.105,0
100871,0.283,-0.205,1.484,0.812,0.627,-0.761,-0.631,1.176,1
101572,-0.781,0.903,0.105,-1.039,0.916,0.39,-1.654,1.305,1
100532,-2.251,0.188,-0.67,-0.003,0.892,-1.516,-1.748,0.262,1
101067,2.276,1.159,0.628,0.562,-0.23,-0.614,1.95,-0.222,0
101099,1.605,-0.259,-0.809,-0.841,0.473,-0.048,1.212,-0.318,1
102760,-0.208,-0.003,0.457,-0.191,-0.252,-0.175,-0.254,-1.442,0
102125,1.665,0.951,-0.674,-0.516,-0.385,-0.9,0.869,-0.46,1
102311,-0.752,1.077,-0.283,1.864,-1.176,-0.069,-1.436,1.265,1
100715,0.179,-0.646,1.002,0.995,2.317,2.254,-0.168,1.453,1
102197,1.564,-0.103,-0.293,0.315,-0.237,0.993,-1.193,0.214,1
102948,-1.525,-1.001,0.809,1.199,-0.351,1.018,-1.831,0.564,0
101538,-0.352,-0.136,-0.463,-0.361,1.564,1.431,-0.951,-2.264,0
102953,-1.035,0.113,-1.131,1.49,-0.496,-1.348,0.392,-0.312,0
100469,0.75,0.724,0.176,-0.818,0.876,0.933,-1.031,0.421,1
100564,0.16,-1.981,0.089,-1.432,-0.854,-1.667,0.813,-0.331,0
101798,0.959,-0.028,1.138,0.017,0.279,-1.771,-0.397,0.351,1
100461,-0.205,1.133,-0.336,1.383,-0.312,-0.895,0.782,-1.424,0
101277,0.491,1.708,0.569,-0.359,-0.262,2.178,-0.603,1.033,1
101795,-0.155,-0.577,0.719,0.182,1.33,2.068,0.671,-0.352,1
101869,-1.377,-0.13,0.55,0.417,-1.089,2.317,-1.067,-0.629,1
101393,0.013,-0.395,0.304,-0.543,0.563,-0.278,0.145,0.948,1
101345,-0.567,0.949,-0.237,-0.273,-0.338,1.416,-0.644,-0.859,0
100695,0.1,0.556,-1.399,1.892,0.032,-1.124,2.076,-0.377,0
101175,0.286,-0.689,-1.105,-0.707,0.342,1.073,-0.627,-0.998,0
101752,-1.577,0.332,0.151,0.151,-0.164,-1.609,-0.257,0.184,1
100928,-0.165,-0.501,-0.777,-1.245,1.901,-0.071,-0.384,-1.74,1
101214,0.52,-0.523,-0.25,0.69,1.513,-0.252,0.116,0.471,0
102634,0.126,-0.492,1.296,-0.214,-0.604,-0.482,-0.795,1.746,0
101372,-1.292,0.754,1.289,0.543,1.146,0.795,0.071,-0.264,1
100243,0.569,1.914,0.231,1.158,-0.241,0.985,-0.556,0.747,1
102799,-0.05,-0.265,0.288,-0.749,-0.964,0.505,-1.817,0.149,0
101679,0.091,0.034,0.018,1.049,1.024,1.802,0.518,0.477,0
101312,0.557,-0.226,1.074,-1.092,0.632,-0.492,-0.56,-0.749,1
100648,0.215,-1.505,0.515,1.269,0.308,-1.281,-0.553,0.899,0
102643,0.007,0.292,0.125,-0.577,2.51,-0.753,-0.968,0.75,0
100313,-0.402,0.316,-0.037,1.365,1.168,-1.427,-0.161,0.717,1
100155,0.025,-1.104,0.745,0.605,-1.341,-0.378,0.258,-0.014,1
101303,0.865,-1.26,-0.568,1.496,-0.462,0.003,0.349,-1.795,0
101150,0.758,-0.453,-1.545,-0.342,0.025,0.233,1.381,0.338,0
101801,1.146,-0.719,-1.075,-1.594,-0.177,0.41,0.151,-1.359,0
101046,-0.596,-1.298,-1.892,-0.458,-0.313,-1.309,1.044,1.865,0
101640,0.324,1.693,-1.748,-0.227,-2.009,-2.262,0.176,-1.887,1
101306,0.478,-1.029,-0.64,-1.205,-0.973,1.567,-0.893,-0.13,1
101927,1.74,0.602,0.063,0.823,0.913,-0.123,1.107,-1.561,1
101495,-0.352,-1.364,-0.213,0.077,0.781,-1.923,1.545,0.65,0
100025,0.544,-1.45,0.3,0.997,0.468,0.261,0.949,0.161,0
102244,-1.339,0.586,-1.236,-0.493,-0.806,-0.008,-1.113,0.256,1
100015,0.596,-0.83,-0.271,-0.35,0.192,1.095,0.022,0.919,0
101321,-1.554,0.64,-0.695,1.633,-1.337,-0.645,0.879,2.071,0
100883,2.127,-0.338,1.52,-0.174,-1.485,-0.893,-0.86,1.17,1
102669,-0.743,-0.757,0.882,0.658,0.794,-0.865,0.885,-0.637,0
101360,1.694,2.136,0.791,-0.57,0.211,1.256,-0.524,0.004,1
101844,0.169,1.596,-0.369,0.434,-0.415,0.303,-0.22,0.766,1
101612,0.64,-0.341,-0.178,0.674,-2.768,-1.801,-0.168,-1.339,0
100497,0.325,-0.143,0.483,-0.702,0.231,-1.494,0.024,-0.557,1
102840,-0.937,0.706,-0.481,-1.202,-0.251,-0.004,1.042,1.341,0
100515,-0.1,-0.255,-1.057,0.579,0.023,-0.24,-0.562,-0.277,1
102967,0.083,0.072,0.934,1.14,-0.918,0.825,-0.183,-0.07,1
101478,0.671,0.61,0.18,-0.002,-0.596,0.593,1.176,-0.565,0
101411,0.647,-1.018,1.345,0.377,-0.793,0.018,0.177,-0.053,0
101095,0.91,-2.107,-2.124,0.835,0.406,-1.587,-0.023,-1.232,1
100542,-2.944,-0.316,0.141,0.488,-0.541,-1.141,0.125,0.679,0
102504,-0.751,-0.423,0.582,2.126,-2.081,-0.936,0.224,-1.405,0
100633,-1.358,-0.882,-0.065,-1.637,-1.304,1.253,-0.657,0.831,0
100431,-1.499,0.22,-0.284,-0.254,-1.129,-1.168,-0.632,0.47,1
102675,0.263,0.713,-0.096,2.098,-1.125,-0.151,-0.269,-0.266,1
100728,-1.685,-1.599,-0.92,0.811,0.709,1.073,0.669,-0.62,1
101288,-0.904,-0.076,1.794,0.11,0.986,-1.375,-0.719,0.765,1
102257,-1.5,0.115,0.704,1.415,-1.435,-0.686,0.05,-2.638,0
100316,0.857,-0.373,1.593,0.201,0.096,-0.216,-0.07,0.039,0
101920,1.929,-0.366,0.244,-1.391,-0.086,-0.304,0.256,0.05,0
102561,1.492,-0.19,-2.334,-2.641,-0.12,1.862,-0.072,0.054,0
101337,0.513,-0.124,-1.498,0.626,0.746,-1.756,1.694,-1.142,0
102877,0.172,-0.399,2.125,1.01,-0.371,-0.693,-0.053,-1.165,1
100319,0.846,-0.513,0.363,-0.306,-0.14,-0.897,-0.809,0.468,1
101031,0.896,0.653,0.7,-0.56,-0.062,0.549,-0.4,1.462,1
102025,0.904,2.43,-1.043,-0.009,1.786,1.924,1.611,-0.074,0
102189,0.301,2.027,2.591,-0.918,0.776,0.079,0.192,-0.181,1
101110,-1.084,0.037,0.183,-0.686,-0.098,0.948,1.254,0.081,1
101888,0.81,0.262,-1.983,0.824,0.282,1.426,-2.352,0.789,1
101527,0.043,-1.04,-1.62,0.884,-1.141,-0.292,-0.11,0.356,0
100753,-0.222,0.89,1.441,-0.615,2.016,1.252,-0.235,0.213,0
102628,-1.996,0.441,-1.288,0.544,0.179,0.306,0.679,-0.34,0
100562,-1.596,1.379,3.426,-0.74,-1.626,1.419,1.058,0.476,1
102446,1.378,0.578,-0.18,1.18,0.319,-0.684,0.43,-0.081,0
100668,1.041,-0.905,-2.218,2.84,0.822,0.096,2.502,-1.1,0
100252,0.328,0.572,1.083,-0.279,0.391,-0.294,-0.545,0.747,1
102955,-1.656,1.639,-0.48,1.372,-0.066,-1.415,0.644,-1.122,1
102516,0.029,0.641,-0.949,1.404,0.875,0.835,-0.798,-0.967,0
102962,-0.634,-0.489,0.082,-0.454,2.682,1.611,-0.246,0.498,1
100357,0.316,0.186,1.132,0.025,-1.917,0.327,-3.058,-2.021,1
101278,-0.947,0.554,-0.346,-0.426,-0.852,-0.741,0.161,1.378,1
101300,0.178,0.404,-0.558,0.769,-0.621,0.995,1.706,0.841,0
101202,0.498,-1.588,-0.51,-2.137,-0.48,-0.081,-2.373,-0.772,0
102556,-1.636,-0.33,-0.449,0.659,-2.004,0.812,-0.289,1.472,0
102797,-1.656,-0.622,-1.038,0.306,1.115,0.518,-0.416,-0.373,1
100129,1.569,1.533,-0.438,-1.155,-1.169,-0.225,0.582,0.509,0
100144,-0.483,0.517,0.022,-0.111,0.069,1.57,-1.106,0.888,1
100960,0.263,0.076,-1.872,-0.729,0.382,-1.319,-0.552,-0.5,0
102895,1.545,-0.697,-0.376,-0.583,-0.148,1.338,-1.638,-1.442,0
102763,0.539,-0.212,2.042,-0.855,-0.476,0.057,0.571,-0.294,1
100905,-1.592,0.041,-0.334,-0.605,-0.71,-0.582,0.128,0.646,0
101096,0.818,-1.314,-0.61,0.488,0.06,1.067,0.431,-1.493,0
100235,-0.676,0.336,0.458,0.064,2.613,1.099,-0.094,0.712,1
101061,0.589,-0.262,0.23,1.96,-0.61,1.101,-0.656,-1.571,0
