f0,f1,f2,f3,f4,f5,f6,f7,churned
2.024,-0.145,-2.03,-1.216,-0.891,-2.202,1.512,2.639,0
0.203,0.479,0.201,-0.28,0.05,-0.463,-0.99,-0.868,0
-0.107,0.445,-0.114,1.074,1.149,-1.575,-0.008,0.04,0
-2.574,2.262,0.398,-2.97,-1.677,-1.838,2.075,-0.79,1
-1.093,-0.989,-0.846,-0.558,3.248,-0.426,-0.98,0.192,0
0.755,-0.511,0.238,1.003,-0.82,-2.757,-0.114,-0.171,0
0.889,0.764,0.561,-0.57,-0.675,0.213,1.153,0.456,1
0.183,0.89,0.275,-0.156,-0.828,-0.61,0.157,0.531,0
2.527,0.309,0.05,0.134,-1.38,0.957,0.464,1.015,1
1.145,3.178,-0.216,-0.752,0.519,0.476,-0.542,1.911,1
0.957,-1.014,0.309,0.608,0.979,-0.316,0.025,0.108,0
-1.339,0.305,1.319,1.138,-1.566,1.364,-0.764,-1.913,1
-1.088,0.871,-0.924,0.215,0.839,-1.813,-0.452,2.264,0
0.623,-1.044,0.283,-2.681,-0.063,-1.551,-0.24,-0.855,0
-2.182,-1.244,2.614,-1.487,1.32,1.036,-0.566,0.003,1
0.242,0.653,-0.666,0.305,-1.48,-0.49,0.758,0.93,1
-1.074,-0.896,-0.158,-1.417,1.42,0.15,0.37,0.848,1
1.366,-0.515,-0.65,0.077,0.419,0.498,-0.513,-1.34,1
-0.939,-0.883,-0.686,-0.632,-1.614,-0.679,1.59,-1.056,0
0.336,1.1,1.283,-0.175,-0.447,0.347,1.123,0.739,1
-1.021,1.319,-1.435,-0.971,-0.422,0.678,1.061,0.496,1
-0.183,0.426,1.13,-0.32,-0.377,-1.3,-0.533,0.734,0
1.094,0.956,-0.242,-0.835,-1.008,2.196,0.952,0.578,1
-0.819,0.648,0.931,-0.328,0.202,0.251,-0.534,0.948,1
0.374,0.255,0.646,-0.788,-0.928,1.42,0.415,2.477,0
0.146,-1.069,-0.308,1.5,1.146,-1.434,0.395,-0.014,0
1.278,-0.506,0.758,0.237,-0.048,-0.377,-0.259,-0.476,0
0.073,-1.759,0.602,0.475,0.106,1.045,-0.414,-0.089,1
-0.022,0.809,1.394,0.028,0.55,-0.816,0.934,-1.29,1
0.831,0.497,-0.809,-0.268,1.248,-1.047,-0.253,-0.417,0
0.198,-1.065,1.119,1.278,1.081,-0.336,-0.144,-0.386,0
-0.787,-0.042,-0.431,-0.526,0.204,0.398,-1.795,1.238,0
-0.677,-1.025,-0.641,0.71,-0.127,-2.022,1.874,0.868,0
1.617,1.65,0.326,0.158,0.447,0.833,-0.262,0.257,0
-1.284,0.21,1.37,-1.03,-1.547,1.252,-0.821,0.518,1
0.563,-0.158,-0.303,-0.196,0.59,1.409,0.876,1.09,1
0.908,-0.792,0.089,-0.073,-1.22,0.763,-0.519,-2.106,0
-1.306,-0.072,-0.557,-2.075,-0.395,1.438,-1.522,0.516,1
-2.317,0.095,0.399,-1.285,2.356,-0.665,1.292,1.032,1
0.994,-0.552,-0.391,-2.059,0.733,-0.208,-0.005,-1.091,0
0.797,-0.06,-1.494,-0.15,-0.697,-0.229,-1.032,1.265,0
-0.339,1.066,1.931,0.323,-1.136,-1.153,-0.177,0.937,1
1.094,-0.552,-1.081,1.284,-0.699,0.828,2.027,0.196,0
-1.298,0.361,1.069,-0.289,0.135,0.255,1.066,-1.88,1
0.945,-0.928,-0.033,1.326,1.642,0.107,0.206,1.536,0
-1.722,-1.007,2.433,1.795,0.635,-0.31,0.095,0.404,1
-0.561,-1.331,0.682,0.18,0.027,0.231,-0.265,1.572,0
-1.449,-0.051,-2.427,0.909,-0.468,-1.96,0.094,2.675,0
0.457,1.722,-0.936,-1.088,-0.067,-0.973,0.909,0.746,1
0.368,0.12,-0.057,0.516,-0.83,0.016,0.201,1.18,0
-0.84,-1.29,0.928,-1.992,-0.168,-1.182,-0.961,0.409,0
0.464,0.08,2.658,-1.898,1.095,-1.281,-0.592,-0.097,0
-1.514,-1.504,0.766,-1.224,0.543,-1.081,-0.641,1.154,0
1.37,-0.267,0.249,-1.58,-0.84,0.107,-0.422,0.227,0
-0.538,0.846,-0.382,-0.021,-0.678,3.58,-0.174,-0.253,1
-0.453,-0.663,0.298,1.078,-2.575,-0.624,-0.151,0.411,0
3.186,-0.763,-1.889,1.297,-0.839,-0.243,-0.024,0.097,0
0.549,-0.053,-0.473,0.076,0.244,0.07,0.574,-1.827,0
0.616,0.38,0.643,0.755,1.222,-0.04,-1.083,-1.529,0
0.477,0.103,0.859,-0.485,0.238,1.147,-0.505,-1.083,0
-0.411,1.739,-0.536,0.149,0.663,0.176,2.379,-0.512,1
-1.048,0.848,-0.714,-1.855,-2.074,0.286,-1.656,1.074,0
-0.564,0.384,0.188,0.641,-0.382,-1.296,1.64,-0.078,1
0.441,-0.385,-0.312,-1.101,-0.158,0.361,-0.036,-1.271,0
-1.164,-1.147,0.115,-0.704,-0.543,1.367,2.06,0.093,1
-0.664,0.679,1.262,-0.605,0.921,1.432,0.36,-0.312,1
-0.133,0.582,0.005,1.309,0.003,-0.838,0.479,-0.329,1
0.594,0.891,0.321,-0.818,0.732,-0.501,0.879,-1.072,1
0.462,-0.475,-0.54,-0.377,-1.107,0.021,-0.705,-0.022,0
0.923,0.571,1.982,-0.311,-1.605,-2.552,-0.487,-0.348,0
0.914,0.474,0.925,0.534,-0.658,-1.471,0.791,0.433,0
-0.954,1.002,2.14,-0.583,-0.689,-0.012,0.675,-1.136,0
1.128,0.811,0.546,2.88,0.534,0.486,-0.172,-0.456,0
-0.821,0.538,0.243,-1.954,-0.663,-0.89,-0.045,-0.61,1
-1.169,0.862,1.568,-1.804,1.449,1.006,1.818,-0.871,1
-0.356,-0.857,0.031,0.256,2.482,-0.185,0.305,-1.958,1
-1.384,0.943,1.431,1.008,-0.543,-0.67,0.049,-0.995,1
1.325,0.675,-0.982,1.294,0.232,-1.668,1.483,-0.784,0
-0.845,1.285,-1.494,0.598,1.114,1.861,0.566,1.452,1
-1.306,-0.759,-0.126,-0.064,1.291,-1.015,0.353,-0.508,0
-0.336,0.202,-0.133,0.893,0.293,0.635,1.478,-1.212,1
-0.818,-0.63,-1.378,-0.579,0.15,0.832,-1.206,1.359,0
-1.333,1.587,0.149,-0.336,-2.261,-0.308,0.633,-1.074,1
-0.658,0.625,-0.614,-0.647,0.026,-1.626,-0.17,-0.028,0
-0.73,1.152,-2.123,0.622,0.681,0.386,0.073,0.22,1
-1.349,-1.326,-0.843,-0.649,0.403,0.128,-1.639,-0.857,1
-0.567,0.933,0.306,-0.254,-0.091,2.012,-2.716,-1.324,0
-1.699,-0.102,1.232,-1.158,1.6,0.525,-0.247,-1.26,1
-0.589,1.123,-1.411,-0.755,1.309,0.659,-0.447,-0.233,0
-0.959,-0.917,1.523,1.988,-0.239,-0.86,-0.139,0.002,1
-0.864,0.126,0.386,-2.371,-1.339,0.204,-0.249,-1.707,1
-1.433,-0.515,1.904,-0.281,0.603,0.24,-1.222,0.61,0
-0.815,0.292,0.392,0.47,-0.175,-0.063,-1.181,-0.61,1
-1.468,1.643,-0.625,-0.431,0.324,1.509,-0.043,-0.768,1
-1.555,-0.554,-1.129,-1.308,0.193,0.642,0.792,0.062,1
0.594,0.891,0.321,-0.818,0.732,-0.501,0.879,-1.072,1
1.177,-1.544,-0.433,-0.956,-0.144,-0.43,-0.148,-0.49,0
-0.645,0.341,0.201,-0.567,-0.355,0.052,-1.122,-1.269,1
-0.265,0.52,2.64,0.083,-0.33,0.159,0.668,0.419,1
-1.004,-0.041,-0.631,1.077,-0.272,-0.613,0.174,1.788,0
-0.413,0.321,-1.373,-1.272,-0.008,-0.05,-0.165,0.583,0
-0.412,0.535,2.453,1.86,-1.258,0.615,-1.554,-1.243,1
1.252,-0.821,1.163,0.772,0.249,0.525,-0.722,0.791,0
-1.028,-0.252,0.757,0.969,0.824,-1.948,0.271,-0.751,1
0.793,-0.605,-0.075,0.265,-0.893,0.583,-0.206,0.663,0
-0.156,0.103,-0.214,-0.859,0.048,-0.087,-0.759,0.478,1
1.19,0.05,0.514,-0.777,-1.005,1.594,1.073,-1.005,1
0.676,-0.357,3.209,-1.18,-0.213,1.565,0.829,0.804,1
-0.218,0.058,0.378,-1.118,-0.209,1.121,-0.165,1.424,0
0.344,-0.893,-0.966,-1.649,-0.27,1.229,0.968,-0.398,1
-0.252,-0.701,0.003,-1.188,0.732,-0.283,-0.994,1.033,0
1.479,1.062,-1.962,1.109,0.192,-0.596,0.792,0.652,0
0.183,0.89,0.275,-0.156,-0.828,-0.61,0.157,0.531,0
0.369,0.396,-0.938,-0.323,-0.215,0.756,0.318,0.552,0
-0.666,1.261,0.577,1.421,0.634,0.306,-0.372,-0.475,1
0.172,1.177,0.111,1.785,0.284,-1.169,-0.26,0.343,0
1.368,-0.423,0.13,-0.89,1.398,-1.823,-2.417,0.17,0
-1.524,-0.136,0.03,-0.421,-0.388,-0.101,0.218,1.467,1
-0.003,-0.46,1.161,-0.793,0.539,0.059,-0.03,1.051,1
-0.813,-0.447,-0.921,-0.827,2.41,0.838,-1.084,-0.033,0
-0.34,-0.568,0.666,1.164,0.181,-0.745,0.529,-0.882,1
-0.497,-1.079,0.965,1.283,-0.582,0.643,-1.068,-0.614,0
-1.192,-1.191,-0.133,-1.29,0.645,-0.282,0.28,-0.111,0
0.306,-0.95,1.652,0.227,-0.408,0.252,0.863,0.267,1
-0.393,-0.084,-0.398,-1.497,-1.076,0.371,-0.672,2.027,1
0.614,0.591,1.246,-0.105,-0.852,0.588,-1.269,-0.534,0
1.298,-0.143,-0.036,1.464,-1.02,0.551,-0.518,1.615,0
0.462,1.104,-0.533,0.838,1.025,-0.387,-0.769,-0.722,1
0.783,1.208,-0.374,-0.417,-0.637,0.511,0.418,1.335,0
-2.276,-0.092,1.754,0.877,0.625,-0.849,-1.13,-1.083,1
-0.592,-0.126,-0.072,0.109,-0.03,0.174,-1.671,0.83,0
-0.004,-1.303,-0.543,-1.11,0.995,-0.062,-0.103,0.633,0
0.141,-0.065,0.044,0.523,0.475,-0.066,0.315,0.68,1
-0.995,-1.067,0.348,-0.672,0.707,-1.457,1.186,-0.241,1
-0.117,1.509,-0.402,2.188,-0.309,2.632,0.953,0.843,1
-0.735,-1.488,1.382,-0.543,-0.204,-1.682,0.808,0.202,1
1.854,-0.095,-0.088,-0.613,0.534,0.722,-0.235,-0.093,1
-0.027,0.633,2.048,0.26,-0.341,0.088,-0.911,1.307,0
0.331,-0.34,-0.007,-0.499,-1.442,0.806,-1.957,-0.454,1
0.018,0.873,-1.24,-0.197,1.278,0.493,0.593,-0.91,0
0.299,1.125,1.161,-1.176,0.715,-0.161,0.841,0.165,1
-1.094,-0.05,0.291,-0.428,-0.688,1.857,1.714,0.229,1
-0.151,2.426,1.987,0.229,1.312,-0.885,-0.432,-0.231,0
-0.275,-0.153,0.921,0.351,-0.516,0.507,0.334,-0.801,1
0.517,0.419,1.107,-0.161,-0.913,-0.984,0.817,0.107,0
-0.511,0.951,-1.781,0.648,-0.776,-1.404,-0.275,1.182,0
0.925,-0.148,1.499,-1.83,0.811,-0.274,0.71,0.001,0
-0.21,0.048,-1.981,1.926,-0.008,-1.608,1.042,0.606,1
2.652,0.634,-1.546,-1.434,0.544,1.37,-0.594,-0.31,0
-0.663,0.807,0.33,0.601,-0.515,1.376,1.45,0.003,1
0.869,0.034,0.058,-0.992,0.546,0.416,0.864,0.672,1
-0.036,-1.501,-2.012,-1.536,0.052,-2.073,-0.777,-0.429,0
2.979,-2.284,0.046,-0.305,0.435,0.642,1.625,-0.881,0
0.189,1.725,0.053,0.666,-0.244,-1.677,-1.986,2.026,0
-0.438,-0.198,1.272,0.086,0.142,-1.079,-0.084,1.916,0
0.607,0.122,0.56,-0.935,0.568,0.562,-0.194,0.318,0
1.753,-1.121,-0.376,0.723,1.989,-1.227,0.872,-1.371,0
-0.975,0.457,-0.191,0.681,-0.841,1.053,-0.205,-1.524,1
0.987,1.443,-2.381,0.195,0.915,-0.21,1.206,-0.111,1
0.477,0.103,0.859,-0.485,0.238,1.147,-0.505,-1.083,0
0.241,-0.256,0.842,-0.484,0.792,-0.546,-0.895,-0.387,0
-0.332,0.447,0.406,-1.464,0.818,0.305,-0.799,0.694,0
-1.178,0.414,-1.425,-0.22,1.192,-0.648,-1.171,0.826,0
-1.544,0.44,-0.504,-0.757,-0.322,0.964,0.92,0.225,1
0.245,-0.301,-1.336,-0.807,-1.053,-0.852,-0.455,0.641,0
-0.644,-1.379,0.572,0.609,-0.615,0.365,1.153,0.983,1
1.101,1.899,-0.022,-0.102,0.533,-0.964,-0.693,0.943,1
0.623,-1.044,0.283,-2.681,-0.063,-1.551,-0.24,-0.855,0
-1.054,-1.54,-0.042,-0.153,0.951,1.465,-1.279,-0.352,0
-1.044,0.414,0.147,-0.62,-0.408,-0.346,0.306,0.419,1
0.092,0.924,-0.657,-0.307,-1.902,-2.0,1.189,-0.279,0
2.214,-0.894,0.058,-0.479,-0.688,-0.348,0.131,-0.779,1
0.616,0.948,1.12,0.818,-1.08,0.215,0.014,0.787,1
0.823,0.025,-0.217,0.614,0.474,1.37,1.101,-0.54,1
-0.384,-1.123,1.73,0.429,-0.44,0.998,0.966,-1.304,1
1.649,-0.166,-1.704,0.414,0.637,-0.75,-0.88,0.77,0
-1.133,-0.924,0.207,1.799,-2.436,-2.363,-0.671,-0.402,0
-0.784,0.77,0.63,-0.21,0.017,-0.042,-0.641,0.238,0
-0.561,0.025,1.14,-0.453,0.92,-0.348,0.986,-0.689,1
1.095,1.719,0.975,0.013,-0.837,0.5,0.666,-1.941,1
0.392,-0.045,0.585,0.303,-0.22,1.176,0.824,0.912,0
0.776,-1.534,0.551,-1.726,-0.603,0.743,1.507,1.677,1
1.641,-0.142,-2.385,0.11,-0.632,1.872,0.711,1.142,1
-0.052,0.193,0.307,-1.453,-0.033,0.723,-0.379,0.043,1
0.227,-1.297,1.035,0.257,1.282,-1.078,-0.682,-1.357,0
0.196,1.836,0.052,1.357,1.767,0.079,1.608,0.715,1
0.834,-1.583,0.308,0.373,0.937,-0.58,-0.76,-0.193,1
0.141,0.541,-0.257,0.213,-1.427,1.081,0.774,-0.09,1
0.543,-0.91,-0.564,-1.128,0.201,-0.216,0.41,0.134,0
-0.652,1.176,0.793,-2.585,0.872,2.144,0.309,-0.145,1
-0.029,0.892,-0.027,-2.508,-0.359,0.445,0.004,-1.164,1
-1.398,1.714,2.102,-0.887,-0.164,0.358,-1.514,0.979,1
-0.054,-0.139,0.935,0.464,-0.501,0.102,0.891,-1.401,1
0.033,-0.53,-1.004,-1.177,-1.242,0.657,-1.62,0.587,0
-1.038,-0.968,1.582,0.244,1.057,-0.397,-0.528,1.307,1
-0.828,-0.017,-1.783,-0.045,-0.848,-1.447,-0.117,-0.826,0
1.218,0.886,-1.916,0.512,0.426,-0.84,-1.287,0.849,0
0.582,-0.386,0.261,-1.192,0.466,1.223,0.146,-1.384,1
-1.396,0.38,0.474,1.559,-0.009,-0.097,-0.3,-0.064,1
-0.526,0.066,-0.063,0.68,-0.73,1.008,-0.211,0.418,1
0.222,1.567,-0.615,1.047,0.795,-0.688,-0.592,0.476,0
1.245,0.991,0.661,-0.54,0.916,0.857,-1.201,2.09,0
0.71,0.72,0.611,0.993,1.825,1.846,1.028,0.381,1
-1.119,0.35,-0.942,0.074,1.173,-0.476,-0.387,0.42,0
0.87,0.643,-0.603,-0.527,0.265,-1.355,0.165,0.065,0
-0.334,-0.1,-0.764,-0.572,-0.434,-0.498,-0.248,0.04,0
1.849,-0.314,-0.442,0.218,1.003,0.469,-0.578,0.183,0
1.801,-1.234,0.036,-0.035,0.02,-0.425,0.755,-0.966,0
2.141,0.694,0.975,0.992,-2.202,-0.724,1.068,-1.299,0
1.174,0.05,-0.01,0.41,-1.413,0.371,-1.101,-1.007,0
-0.955,0.604,-0.001,0.018,0.62,0.618,1.021,0.485,0
-0.571,1.215,-0.703,0.716,1.318,-1.001,-0.921,1.326,1
1.049,-0.29,0.949,0.811,-1.16,0.36,0.462,-0.068,1
0.335,-0.33,1.493,-0.619,0.595,0.241,1.475,0.689,1
-0.824,0.367,-0.723,0.882,-0.929,0.93,-0.156,0.159,1
2.157,1.347,-0.089,1.006,0.34,-1.093,-2.371,1.157,0
1.238,-0.513,-0.945,0.57,-0.104,0.693,0.326,-0.468,0
0.547,-2.541,-0.209,-1.898,1.043,-0.463,-0.147,0.209,0
1.098,-0.902,-0.231,-1.802,1.633,0.179,-0.355,-0.13,0
-0.308,0.025,0.415,0.866,1.342,1.084,0.343,-1.221,1
0.04,-1.107,0.681,-0.081,-1.613,-2.418,1.851,0.314,0
0.935,-0.953,0.5,-0.028,-0.21,0.025,-0.351,0.709,0
-0.304,0.306,0.781,0.226,1.686,-0.969,-0.412,-0.252,0
-0.565,0.812,-0.061,2.002,-1.598,-1.071,-0.021,0.048,0
-1.026,-0.62,-0.245,-1.085,-0.427,-2.145,0.413,0.763,0
0.922,-1.248,-0.364,0.402,0.746,1.909,0.812,-0.774,1
-0.066,1.178,0.054,-0.222,-1.193,-1.365,0.29,-1.954,1
-3.071,0.189,-0.112,-0.91,0.344,0.129,1.004,1.363,1
-0.703,1.202,0.649,0.33,-0.431,1.715,1.843,0.226,1
0.614,-0.816,-0.659,0.6,-0.175,-0.707,-1.484,1.825,0
1.194,-1.575,0.676,-0.289,1.537,2.586,-0.381,-0.28,1
-0.276,-1.902,-0.733,-0.325,-0.636,1.869,-2.675,-0.727,0
1.74,-1.068,-1.306,0.568,-1.454,-2.378,0.883,0.761,0
-1.264,1.362,1.609,-1.688,0.349,0.263,-1.243,1.845,1
0.56,-0.529,-0.13,2.999,-0.099,0.766,0.318,0.246,0
3.367,-0.654,0.452,1.254,-0.887,0.537,-0.875,-0.286,0
-1.429,0.502,-0.794,-0.764,0.793,0.933,0.664,-0.31,1
-1.441,-1.683,0.466,0.671,-0.109,0.159,0.608,1.046,1
-0.414,-0.014,-0.24,-1.765,-0.997,0.857,0.142,-0.117,1
-0.608,-0.312,-0.31,-0.015,-0.362,-0.433,0.345,0.883,0
-0.137,0.718,-1.602,-1.431,0.19,-0.704,-0.642,-0.003,0
0.247,-0.862,1.29,-0.003,0.648,0.461,-0.699,0.289,0
1.784,1.008,-0.287,0.668,-0.476,1.102,-0.338,-0.048,0
1.126,0.553,0.21,0.233,1.264,-0.448,-0.769,0.734,0
-0.048,0.383,-0.953,-0.96,-0.797,-0.257,-0.265,-0.889,1
-0.225,-0.293,-1.789,0.609,-0.159,-0.095,2.162,-0.362,1
-1.813,0.99,0.959,0.297,2.07,0.216,0.164,-0.942,1
-2.283,1.297,1.506,0.499,1.255,-0.802,1.173,1.701,1
-0.891,0.737,0.566,-1.069,-0.579,-0.005,0.542,0.65,1
0.933,-0.427,0.484,1.394,0.353,0.062,-0.179,-0.947,0
-1.225,0.958,-0.333,-0.114,0.051,-1.33,-0.546,-2.203,1
-0.122,-1.009,0.056,-0.038,-0.487,-1.218,-1.099,-2.365,0
-1.549,1.821,-1.031,-0.704,0.89,1.304,-0.319,0.853,1
-0.813,-0.061,0.921,0.457,-1.644,0.495,0.293,-0.657,1
0.296,-0.946,0.469,-0.455,0.653,-0.599,-2.191,-0.614,0
0.539,-1.533,0.13,-1.414,-0.123,-2.028,0.73,-0.788,0
2.362,2.14,0.015,-1.155,-1.947,1.002,1.407,-0.903,0
-1.214,-2.834,0.648,0.205,1.343,0.046,-1.152,1.069,0
-0.936,-0.07,-0.668,-0.2,-0.118,0.6,-0.636,-0.377,1
-0.009,-0.812,1.956,0.862,2.544,-1.498,1.717,-0.105,1
1.006,0.72,0.377,0.483,-0.806,-1.259,0.406,0.527,0
0.227,-0.242,-0.36,0.363,-0.015,1.411,-0.587,-0.34,1
0.521,-0.659,0.292,-0.619,1.67,-0.866,-0.743,-1.437,0
0.9,-0.237,-0.629,0.232,0.7,0.664,1.972,0.209,1
0.486,1.351,-0.953,-1.62,1.191,-1.471,-1.049,-0.099,0
0.373,-0.569,0.169,0.461,0.61,0.774,2.225,0.507,1
0.335,-0.183,-1.091,-1.809,0.658,0.378,-1.596,-1.06,0
-0.784,0.77,0.63,-0.21,0.017,-0.042,-0.641,0.238,0
-2.744,0.97,-0.269,-1.673,0.026,-0.274,-0.348,1.908,1
-0.262,1.312,1.703,2.249,1.192,0.759,0.621,-0.973,1
-0.284,0.199,-0.935,-0.802,-0.058,-0.908,0.079,1.258,0
0.555,0.764,-0.852,-0.688,0.012,-0.579,0.702,0.97,0
0.102,-0.543,-0.344,0.115,0.23,-0.588,-0.68,1.126,1
-2.103,-0.55,1.477,-2.07,1.552,1.223,0.924,0.563,1
0.281,1.214,-0.513,-1.245,1.113,-0.763,-0.292,-0.469,1
-1.81,-1.246,-0.127,0.31,0.689,-0.34,0.957,-0.28,0
-0.111,-1.97,1.179,0.454,0.916,-0.568,-0.065,0.014,0
-0.089,-1.193,-1.201,-0.04,-1.055,0.736,0.945,0.553,1
1.086,1.017,0.607,-1.173,-0.354,-0.163,-2.528,-2.424,0
-0.313,0.636,-0.966,-1.125,-0.084,0.124,-0.211,-0.539,1
-1.298,0.361,1.069,-0.289,0.135,0.255,1.066,-1.88,1
0.405,-2.219,-0.481,-1.031,-1.118,-0.915,-0.546,-2.578,0
-0.979,-0.036,-0.995,0.174,-0.389,-0.9,-0.234,-1.426,1
-1.061,0.453,-0.981,1.128,-0.373,-1.858,0.19,-0.487,0
-0.041,-0.337,-1.025,0.257,1.036,0.141,-0.334,1.186,0
-0.769,0.607,0.746,-0.949,-0.685,-1.385,-0.22,-0.174,0
-0.988,1.222,-0.364,1.058,-0.632,0.64,-0.412,0.856,1
1.262,1.29,1.706,-0.043,1.222,-0.118,-2.054,1.948,0
-0.402,0.041,0.998,0.263,-0.733,-0.398,-0.684,0.118,0
0.051,0.361,2.031,0.257,0.245,-0.058,-0.292,-0.596,1
-0.332,0.447,0.406,-1.464,0.818,0.305,-0.799,0.694,0
-0.233,-0.424,0.866,0.039,1.009,0.198,0.104,1.448,1
-0.719,-0.165,0.462,-1.228,1.53,-0.406,0.321,0.852,1
0.031,-0.48,-0.614,0.866,-0.535,0.019,-0.283,-1.731,0
-0.179,0.124,1.283,0.456,0.887,2.526,0.245,0.46,1
0.043,-0.963,-0.985,0.034,-0.043,-1.025,-1.617,0.343,0
1.242,0.093,0.758,1.833,1.675,-0.5,-0.183,-1.245,0
0.827,-1.13,1.009,0.951,-1.701,-0.235,1.062,0.053,1
-0.174,1.007,0.238,-0.536,0.351,-1.904,0.145,-0.666,1
0.601,-0.525,-0.9,-0.417,-0.45,-0.292,-0.411,-0.719,0
1.985,0.497,-0.278,-0.752,0.761,-0.849,-0.797,-1.847,0
0.455,-2.227,-0.596,0.384,-0.36,1.148,-0.28,0.512,0
0.346,0.822,0.33,-1.303,0.905,0.446,-0.537,0.581,1
0.865,0.113,-1.861,-1.673,0.032,-0.93,-0.907,-1.446,0
-0.406,-0.003,-0.361,1.765,-0.681,-0.948,0.298,-0.244,0
-0.173,-0.242,0.083,-2.457,0.594,0.559,2.0,-1.373,1
0.583,-0.179,-0.4,-1.321,-0.211,1.342,-0.412,0.44,1
0.508,1.027,-0.566,-1.678,-0.468,0.18,0.462,0.445,1
-0.399,1.454,0.305,-1.402,-0.195,-1.864,-0.227,-0.441,0
-0.356,-0.857,0.031,0.256,2.482,-0.185,0.305,-1.958,1
-0.936,0.96,-0.629,1.089,0.126,-0.437,2.045,1.405,1
-0.755,0.371,0.451,-0.17,0.706,-0.727,1.446,0.941,1
0.897,0.253,0.391,0.241,1.22,-0.893,-0.256,0.889,1
0.533,1.204,0.07,0.126,-0.105,0.797,0.871,0.786,0
0.356,0.788,0.504,0.661,1.22,0.306,1.024,1.129,1
1.174,0.05,-0.01,0.41,-1.413,0.371,-1.101,-1.007,0
0.989,-0.327,0.013,-1.525,-0.619,0.013,0.325,0.723,0
0.747,-0.857,-1.766,-0.205,2.423,0.283,0.621,0.187,1
0.453,1.028,-0.47,1.466,-1.955,-1.261,-0.905,-2.444,1
1.288,-0.935,-1.164,1.149,0.636,-1.064,0.71,0.516,0
0.704,1.155,-0.19,0.694,0.349,-0.118,0.598,-0.171,1
2.834,-0.523,-0.368,0.676,-0.743,-0.441,-0.457,-0.09,0
-0.521,0.939,1.138,0.016,0.474,-1.335,0.637,-0.031,1
-0.937,-0.252,1.174,-0.147,1.553,0.224,0.538,0.147,1
1.124,0.235,-0.729,-0.39,0.274,-0.247,-1.41,-1.228,0
-0.665,-0.801,-0.914,-0.539,0.952,1.482,-0.317,-0.282,1
1.087,0.019,1.144,1.031,-0.496,-0.163,-0.526,1.163,0
-0.18,-1.076,-1.349,2.556,0.946,-0.713,-0.059,0.677,0
-0.136,0.801,-1.832,-0.952,0.71,0.169,-0.465,-0.557,0
0.182,-0.418,-1.442,1.663,0.28,-2.174,0.328,-1.271,0
0.946,-1.879,0.022,-0.328,-0.91,0.063,0.319,0.549,0
-1.845,1.293,0.135,-1.025,1.336,-0.088,1.009,-0.622,1
-2.36,-0.063,-0.711,0.102,-1.047,0.003,-0.061,0.011,1
-1.335,-0.437,2.109,-2.52,-0.043,-0.605,-0.51,1.32,0
-1.876,0.025,0.542,0.877,-0.199,1.096,-0.52,-0.057,0
-0.809,-1.878,0.19,0.986,-0.971,-0.892,-0.214,0.452,0
1.515,-0.756,-0.482,-0.87,1.285,2.104,-0.668,-0.094,0
0.276,0.083,0.763,-1.458,1.321,-2.33,0.029,0.487,0
0.286,-0.02,-0.184,0.107,-1.056,0.253,0.437,-0.569,0
-0.22,-0.565,-0.565,-0.953,-1.863,0.93,0.566,0.799,1
-0.494,-0.384,-1.457,-0.288,0.589,0.56,-0.575,-0.016,0
0.649,0.322,2.26,-1.227,-0.761,-1.011,0.881,0.271,1
0.093,-0.419,-0.072,-0.981,-0.898,0.724,-0.319,0.092,1
1.828,2.02,-1.065,0.373,-0.673,-0.024,-1.266,1.867,0
0.96,0.61,-1.101,-1.38,0.155,0.483,-0.009,-0.161,1
1.195,-1.037,-0.799,-1.368,-0.276,-0.626,-0.265,1.239,0
0.958,-0.104,-0.065,-1.133,-0.559,0.473,2.095,1.708,0
0.04,-1.361,0.028,-0.055,0.899,-0.915,-0.626,0.333,0
-0.784,-0.254,0.177,-0.715,-1.537,-1.092,1.148,0.53,0
0.396,-0.827,0.805,-0.769,0.779,-0.246,0.209,-0.599,1
0.236,-2.539,-0.571,-1.161,0.551,0.725,-0.514,1.209,0
0.067,-0.694,0.183,0.896,0.122,-2.098,1.688,-0.494,0
0.948,1.383,-1.362,-0.569,-0.137,-0.49,0.363,0.637,1
-0.171,0.269,-1.723,-0.373,-0.696,1.023,0.201,1.401,1
-0.421,-0.312,0.552,-0.131,-0.455,-0.649,2.127,0.425,0
0.056,-0.203,-0.1,0.372,-0.266,-1.379,0.105,1.972,0
-1.522,0.777,0.952,0.088,0.068,-1.365,0.416,1.097,1
1.639,-3.145,0.404,0.514,-1.689,0.231,-0.241,-0.966,0
0.162,1.591,-0.865,-0.651,-0.04,0.253,1.3,-0.648,1
-0.288,-0.411,2.137,0.674,1.096,-1.228,0.157,-1.133,0
0.006,-0.849,-0.421,0.857,0.571,-0.047,0.846,1.122,1
0.774,0.532,1.785,-2.232,0.66,-1.18,0.052,0.442,1
1.804,-0.59,-0.526,0.19,0.214,-0.741,-1.995,0.108,0
-1.18,2.575,-0.34,-1.944,0.693,1.083,0.6,0.781,1
-1.623,-0.146,-0.331,0.729,0.153,-0.311,-0.309,0.425,1
-1.768,0.041,0.135,-1.37,-0.051,1.488,1.077,-0.215,1
1.582,-0.292,1.11,-0.372,0.584,-0.162,-0.35,-0.153,0
0.565,0.008,-1.107,0.184,0.285,-0.127,-1.011,-0.967,0
-0.97,0.114,-0.174,-0.895,0.476,0.983,0.441,-1.165,1
-1.564,1.363,0.363,-0.031,0.756,-0.261,1.344,0.201,1
0.268,0.68,0.764,-0.322,-0.004,0.532,1.813,-0.772,1
-1.845,-1.278,1.142,-1.884,2.048,1.602,-1.313,0.351,1
-0.065,-0.611,0.672,-1.682,1.072,-0.577,0.438,-0.152,1
-0.167,0.625,-0.864,-0.053,0.839,0.315,-1.244,-1.127,0
-0.538,-1.632,-0.401,1.615,-0.104,-0.682,0.693,-0.484,0
0.097,1.219,-2.206,-0.982,0.511,-0.605,0.387,-0.521,1
-0.139,1.782,0.361,-0.321,-0.492,0.142,1.34,0.127,1
0.435,-0.354,0.638,0.835,1.34,-0.451,-0.248,0.03,0
0.086,0.74,0.611,0.221,0.904,-0.642,1.779,-0.991,1
-0.966,-1.559,-0.977,1.702,-0.676,-0.289,-1.012,0.186,0
-0.437,-1.366,-0.008,0.331,1.483,0.484,0.722,0.495,1
-0.901,0.784,-1.389,0.595,0.313,2.018,-0.475,1.263,1
0.311,-0.754,-1.509,-1.855,0.886,-0.36,0.901,-2.341,1
1.003,-0.496,-1.633,-0.126,-1.203,0.449,1.244,0.461,0
-1.633,-0.313,-1.255,-1.952,-0.247,1.51,-1.131,0.948,1
-1.164,-0.81,-0.08,-0.144,-0.8,-0.62,0.518,-0.86,0
-0.449,-0.888,-1.965,0.85,-1.017,-0.04,-0.039,-1.092,0
-0.837,1.501,0.189,-0.635,-0.244,-0.355,-0.356,0.371,1
1.054,0.602,0.51,0.028,-0.153,-1.593,-1.309,0.153,0
0.457,1.722,-0.936,-1.088,-0.067,-0.973,0.909,0.746,1
-0.32,0.883,0.024,-1.155,-1.764,-0.649,0.398,0.515,0
-0.769,-1.496,0.961,1.311,0.8,0.243,-0.052,0.239,1
0.918,-0.095,0.662,0.016,0.58,-0.065,-0.161,0.942,1
-1.205,1.044,-0.631,-0.663,0.106,2.295,-1.16,-0.08,1
1.304,0.925,0.746,-0.508,0.833,-1.109,-0.126,-1.693,0
1.143,0.936,0.881,-0.765,-1.703,0.352,1.755,-0.356,1
-2.086,0.101,1.817,0.109,1.162,-0.072,-2.158,0.49,1
-0.206,-1.85,2.218,0.58,0.96,0.123,1.032,-1.002,1
0.392,-0.641,-1.723,-0.365,-0.502,-0.406,-0.536,0.272,0
0.151,2.858,0.216,-1.091,-0.675,0.911,1.392,1.73,1
-1.368,-0.431,-0.779,0.176,0.766,-0.513,-0.087,-0.463,0
-1.177,0.198,0.601,2.105,-0.726,-0.842,-0.143,-0.351,1
1.818,-0.232,0.115,-1.267,1.044,-0.496,-0.896,-0.718,0
-2.607,1.684,-0.464,1.049,-0.111,-0.57,-0.055,3.171,1
0.118,-0.829,0.676,-1.062,2.365,-0.94,0.497,0.029,0
-0.384,2.138,0.851,-0.444,-0.251,0.73,-0.155,0.542,1
-0.236,-1.823,0.138,-0.558,0.188,1.089,-0.185,0.348,0
-0.608,-0.312,-0.31,-0.015,-0.362,-0.433,0.345,0.883,0
-1.116,-0.217,-0.414,1.266,0.531,-1.018,1.096,-0.017,1
-1.013,-1.085,-0.18,3.052,1.262,-1.551,-0.226,-0.102,1
0.773,1.039,0.136,0.444,-0.756,0.805,0.486,-0.719,0
0.138,-0.291,1.439,0.0,0.324,0.952,-0.301,1.437,1
1.402,0.129,-0.884,0.735,0.439,1.09,-2.771,-0.019,0
-1.687,-1.999,-0.848,-0.668,0.673,-0.334,0.505,1.42,0
-0.745,-0.053,-1.944,-0.789,0.167,1.339,-0.102,0.377,1
0.152,0.381,-0.278,-0.856,-0.219,-0.333,-1.666,-0.372,0
0.526,2.632,0.094,1.01,-0.441,0.609,0.568,-0.226,1
-0.144,-0.081,-0.167,0.34,-0.651,0.617,0.214,-0.942,1
0.776,-1.766,-0.347,-0.314,-0.353,-1.618,-1.925,-0.04,0
-1.02,-0.758,-0.181,-1.681,-0.904,0.83,-2.135,-0.9,0
1.09,0.075,0.198,-0.404,0.087,-1.795,-1.648,0.395,0
-0.526,0.129,-0.337,0.003,0.384,2.407,1.598,-0.873,1
1.049,-0.602,-0.699,0.54,0.387,-0.523,-0.561,-0.93,0
-0.538,-0.483,0.958,0.279,-0.07,-0.4,-1.556,-0.617,0
0.56,-0.438,-1.935,1.45,-0.494,1.249,-1.979,0.369,0
0.121,0.249,-1.941,-0.733,0.145,0.286,1.805,0.693,1
0.352,-0.343,-0.814,-0.509,0.732,-0.04,0.217,0.618,0
-1.742,0.363,-1.272,0.566,1.132,-0.35,-1.443,-0.425,0
-0.025,2.366,0.465,-0.662,-0.192,-1.169,0.72,0.912,1
0.68,1.093,0.901,-0.175,0.476,2.072,0.215,0.955,1
-2.252,-0.5,-0.822,-0.536,-1.185,0.043,-0.065,0.922,0
-0.865,-0.218,1.129,-0.589,0.816,0.447,-0.234,0.968,1
0.847,0.95,-0.084,0.451,-0.915,-1.016,-0.548,0.581,0
-1.219,0.58,-1.094,0.47,0.115,-0.594,-0.255,-0.011,1
-1.4,-0.387,0.664,-0.698,-0.946,1.858,-0.45,1.815,1
0.367,-1.04,-0.965,3.106,-0.595,0.574,-0.259,-1.391,1
1.878,2.119,2.063,-0.55,-1.036,0.011,0.337,-0.345,1
0.931,0.104,0.261,-0.411,-0.706,-0.341,-0.04,-1.405,0
-2.574,2.262,0.398,-2.97,-1.677,-1.838,2.075,-0.79,1
0.918,-0.095,0.662,0.016,0.58,-0.065,-0.161,0.942,1
-1.466,0.032,-1.044,-0.402,0.92,-1.275,1.156,0.612,0
0.203,0.479,0.201,-0.28,0.05,-0.463,-0.99,-0.868,0
1.738,-1.976,0.128,-1.583,1.26,-1.946,0.19,0.771,0
1.725,0.097,-0.2,-0.883,-1.166,0.438,0.872,-0.041,1
1.379,0.801,-0.687,-0.368,1.204,-0.606,-0.042,1.561,0
-0.149,0.433,-1.269,0.279,-0.1,-1.259,-1.021,-0.823,0
1.162,0.061,-0.859,-0.928,-0.223,1.125,1.203,0.686,1
0.077,1.45,-0.664,1.293,-1.74,-0.265,2.179,-0.501,1
-0.236,-1.823,0.138,-0.558,0.188,1.089,-0.185,0.348,0
0.82,1.854,-1.214,-1.474,-0.43,-2.141,-0.203,0.172,0
0.388,-0.84,-0.627,-0.118,0.165,-0.145,-0.972,-0.364,0
-0.664,0.679,1.262,-0.605,0.921,1.432,0.36,-0.312,1
-0.144,-0.081,-0.167,0.34,-0.651,0.617,0.214,-0.942,1
0.246,0.124,-1.18,-0.555,1.392,-0.746,-0.304,2.326,0
-0.852,-0.744,0.723,-0.541,-0.451,0.112,1.621,-0.611,1
-0.127,0.859,-0.967,0.224,0.119,-2.408,0.82,0.277,1
-0.245,0.072,-0.646,0.027,-1.238,-1.645,0.343,0.49,1
-0.048,-0.337,1.478,-1.349,0.471,-0.297,1.518,0.193,1
-0.248,-0.936,-0.803,0.26,0.58,1.67,-0.892,1.213,0
0.454,0.227,-0.382,-0.834,-1.184,0.977,-0.0,0.58,1
-1.046,-1.196,-0.137,0.913,0.787,0.645,-0.822,-0.311,0
0.636,0.243,-0.909,0.562,0.133,-1.297,-0.277,-1.318,0
-2.391,0.747,-1.272,0.478,0.128,-0.836,2.163,-1.965,1
-0.009,-1.522,0.261,0.624,0.164,0.286,0.59,-0.665,0
1.027,0.769,-0.283,1.054,0.651,2.633,-2.573,-1.154,0
-1.013,-1.085,-0.18,3.052,1.262,-1.551,-0.226,-0.102,1
1.583,0.191,-0.082,-0.889,0.304,-0.381,0.066,-0.981,0
-1.913,-1.389,-1.266,1.473,-0.008,-0.9,-2.009,-0.849,0
0.156,0.406,0.95,0.396,-1.101,-0.581,-1.524,0.193,0
-0.732,0.894,1.045,0.933,-0.531,0.078,-0.166,1.789,1
0.915,0.496,-1.57,-0.073,-1.079,-0.262,0.335,1.472,0
1.281,0.036,-0.852,0.068,0.139,0.657,-0.075,-0.321,0
-0.004,-1.303,-0.543,-1.11,0.995,-0.062,-0.103,0.633,0
1.158,0.118,0.104,-1.699,1.581,-0.756,0.707,-1.565,1
-0.366,0.884,-2.055,0.343,-0.648,-0.396,2.262,0.571,1
0.113,-1.072,-1.531,1.524,0.086,0.445,-0.168,1.031,0
-0.299,0.404,-0.529,-0.196,0.338,0.875,-0.596,0.061,1
0.895,0.623,-0.878,-2.571,0.176,1.029,0.274,0.844,0
-1.254,0.104,-0.886,0.144,-0.524,1.106,-0.753,-0.573,1
0.138,-0.443,1.017,-1.307,-0.412,1.828,-0.143,1.338,1
0.118,-0.829,0.676,-1.062,2.365,-0.94,0.497,0.029,0
-0.293,0.127,0.578,0.111,1.682,1.142,0.328,1.377,1
0.543,-0.91,-0.564,-1.128,0.201,-0.216,0.41,0.134,0
0.559,1.001,0.157,-2.116,-0.209,0.019,-1.162,-1.028,1
1.095,0.079,0.536,-0.076,-0.055,1.064,0.681,-1.946,0
-0.035,0.064,0.446,-2.056,-1.62,0.614,0.017,-0.385,1
1.518,1.118,-0.435,0.862,-1.962,1.935,0.389,0.085,1
-0.575,-1.173,0.638,1.317,0.493,0.161,-0.932,2.872,0
-0.702,-0.447,0.035,0.061,-1.295,1.91,0.829,0.514,1
-0.211,1.397,1.78,-1.914,2.103,0.19,-1.821,-0.302,1
0.617,0.81,-0.751,0.072,0.872,0.917,0.84,-2.383,1
0.939,-0.033,0.432,-1.013,0.129,-1.157,0.627,-1.214,0
-0.574,0.705,0.883,0.448,-0.763,-1.004,2.173,-1.198,0
-0.329,-1.62,0.281,-0.737,-0.661,0.812,-0.351,1.134,0
0.841,-0.431,-1.269,-1.89,-0.056,-0.172,0.011,0.042,0
-1.234,1.145,-0.448,-0.639,-1.094,0.491,0.898,-1.468,1
0.147,0.25,0.415,-0.121,-0.725,-1.053,0.102,-0.579,0
0.655,-0.284,-0.826,1.22,0.272,0.995,1.073,0.009,0
-1.014,-0.043,1.381,-0.979,0.416,0.316,2.357,-1.734,1
-2.463,0.77,-0.727,-2.39,0.869,-1.146,2.471,-1.618,1
-0.836,0.745,-1.145,-0.008,1.389,-0.654,-1.529,-0.54,1
0.048,-0.375,-0.124,-0.147,-1.786,1.226,-0.974,0.179,0
0.061,-0.194,-0.094,0.586,-0.337,-1.396,0.818,-1.367,0
-0.056,-0.499,-0.276,0.583,0.245,1.373,0.12,0.109,0
0.094,1.586,0.477,0.703,-0.817,-1.311,0.425,-0.75,0
-1.185,0.566,2.13,0.118,-0.183,-0.835,-0.151,0.946,0
0.094,-0.034,-0.058,-0.78,-0.325,1.591,-2.316,0.255,0
-0.436,1.554,1.583,-0.428,-0.106,-1.21,-1.995,-0.677,1
-0.32,0.883,0.024,-1.155,-1.764,-0.649,0.398,0.515,0
-0.947,0.699,1.065,-1.504,0.943,-0.478,0.628,1.115,1
3.107,0.577,0.54,1.29,-1.655,0.71,-0.325,-0.601,1
0.089,-0.603,0.593,0.013,-0.27,-0.376,1.992,-0.926,1
1.795,0.473,-0.619,-1.277,-0.547,1.424,-0.828,-1.756,1
-0.336,-2.126,0.755,0.886,1.158,-0.499,-0.928,0.323,0
-1.416,-1.111,-0.491,-0.983,-0.643,1.496,-0.824,0.208,1
1.11,-0.751,-1.91,-0.979,0.527,0.216,-0.815,0.319,0
1.194,-1.575,0.676,-0.289,1.537,2.586,-0.381,-0.28,1
0.867,0.537,0.154,0.995,1.91,0.46,1.016,-0.189,1
1.224,-0.746,0.933,0.158,0.198,-0.518,0.757,1.47,0
-0.254,-0.391,-1.148,0.636,-1.264,-0.999,0.873,0.955,1
-0.889,1.481,0.645,-0.436,0.145,1.909,-0.578,0.1,1
0.172,0.289,0.633,-1.139,-0.338,-0.865,-1.858,0.534,0
-1.389,0.659,-1.423,-0.847,-0.639,0.054,-1.291,0.623,1
0.35,-1.331,-1.656,0.744,0.552,-1.039,1.644,-0.978,0
0.141,0.541,-0.257,0.213,-1.427,1.081,0.774,-0.09,1
-2.458,3.1,-0.699,-0.73,0.861,-0.04,-1.779,0.627,1
0.234,-1.919,0.197,-0.158,-0.309,-0.506,0.982,1.516,1
0.274,0.917,-0.1,-2.272,0.578,0.241,-0.296,-1.121,1
-0.86,-0.083,0.683,-1.452,-0.947,-0.456,-0.036,0.763,1
2.317,0.403,0.532,-0.413,0.898,-2.361,0.658,0.298,0
1.523,-0.536,0.208,0.478,0.002,-1.097,0.044,-0.537,0
-1.229,-1.792,1.147,0.027,-0.582,-0.512,0.302,1.431,0
1.349,0.627,-1.288,-1.184,-0.643,1.575,-1.387,-0.097,0
0.57,-2.841,1.119,-0.772,0.054,0.348,-0.473,0.258,0
0.603,-0.65,1.628,-0.586,0.082,1.385,-0.828,1.305,1
0.007,-0.801,0.691,-0.351,0.103,-0.032,-0.595,-0.071,0
0.104,0.379,-0.184,0.064,-1.614,-0.388,-0.796,-0.352,0
-0.685,0.259,-1.913,0.758,0.847,0.044,0.164,1.621,1
-0.44,2.083,1.575,-0.811,-0.389,0.007,-0.344,-0.3,1
-0.777,2.226,0.346,-0.593,-0.352,-0.504,2.107,0.191,1
-0.108,-1.737,1.014,1.483,-0.064,-0.453,-1.053,1.869,0
-0.893,-0.351,-0.546,-0.848,0.631,0.3,0.203,0.956,1
1.483,0.704,0.846,-1.651,-1.047,-0.398,1.096,-0.051,1
0.129,1.166,1.42,0.889,-0.322,1.251,-0.295,-0.314,1
-0.206,-1.85,2.218,0.58,0.96,0.123,1.032,-1.002,1
-0.333,-0.363,2.939,2.2,-0.411,0.077,0.809,0.407,1
-0.561,1.085,-0.569,0.987,2.106,1.349,-1.738,0.845,0
2.249,1.006,0.592,0.452,-0.253,-0.648,-0.364,0.279,0
-0.375,-1.324,-1.334,-1.889,-0.767,-0.009,0.097,0.336,0
0.294,2.03,-0.996,-0.88,-0.28,-0.061,-0.291,0.036,0
0.21,1.039,-1.328,0.598,0.449,0.657,-1.345,0.243,1
1.99,-0.256,0.103,-0.53,1.207,0.503,0.399,1.908,0
0.485,-0.496,-0.25,1.266,-0.215,-0.472,0.062,-1.274,1
1.208,-0.522,-0.464,-1.202,-1.084,-0.675,0.275,-0.522,0
0.212,0.606,-0.775,-0.392,-0.653,-0.756,-0.172,-0.919,1
-0.41,-0.733,-0.724,0.793,-0.965,0.706,0.037,-0.233,0
-0.493,-0.8,0.569,-0.636,0.839,-1.186,0.016,-0.863,0
0.52,0.959,-1.462,-0.161,-1.423,1.186,0.753,0.029,1
-1.164,-0.495,-0.002,-0.153,-0.599,0.125,-1.418,-0.587,0
-0.274,0.376,0.566,-0.45,-0.598,1.258,-0.894,0.599,1
0.392,-0.641,-1.723,-0.365,-0.502,-0.406,-0.536,0.272,0
-1.651,-0.885,0.019,0.311,-0.766,-0.85,1.322,-0.301,1
-1.607,-1.376,0.288,-1.499,0.628,0.5,0.926,0.371,1
-0.109,0.977,0.536,0.87,2.262,0.155,0.327,0.418,1
0.428,-0.334,-1.827,-0.612,0.583,-0.956,1.539,2.56,1
-1.664,0.898,0.281,0.766,-0.738,-0.406,-1.7,1.879,1
-0.172,1.195,1.564,-2.49,1.144,-0.202,0.412,0.987,1
-0.272,0.216,0.423,0.024,0.427,-1.155,-1.167,0.408,0
-0.541,1.18,1.995,-0.897,0.176,-0.459,0.275,-0.427,1
-0.847,-0.984,-1.306,0.863,-0.175,-1.344,0.138,0.093,0
0.128,-1.375,-0.296,0.639,-0.19,1.161,1.282,-0.651,1
0.048,-1.868,0.068,-0.339,-0.566,0.697,-1.506,-0.54,0
1.518,1.118,-0.435,0.862,-1.962,1.935,0.389,0.085,1
-0.47,-1.644,-0.038,0.308,-0.596,-0.657,-0.645,1.679,0
-0.208,-1.011,0.91,-1.402,0.037,-0.381,-0.053,-0.091,0
0.401,0.434,-1.158,-0.345,0.3,0.485,-0.446,-0.225,1
0.764,1.133,0.849,0.2,-0.036,0.967,-0.625,0.802,1
-0.265,-1.932,-0.085,0.548,1.009,0.941,-0.157,-0.123,1
2.024,-0.145,-2.03,-1.216,-0.891,-2.202,1.512,2.639,0
-0.519,-1.811,0.21,1.025,-0.056,1.241,-0.593,-0.101,0
-0.429,0.217,-0.981,-0.159,-0.673,-0.758,-0.22,-0.447,0
-0.439,-0.312,0.371,0.847,-0.678,1.639,-1.636,0.068,0
-0.73,-0.896,0.117,-1.76,0.35,-1.043,1.586,-0.627,1
0.409,0.51,1.429,1.364,1.609,3.112,-0.464,-0.115,1
-0.541,0.233,-0.548,-1.371,1.062,0.177,0.334,0.026,1
-1.017,0.551,-1.084,1.168,1.149,0.123,0.586,1.305,1
-1.129,1.848,0.483,0.29,-0.422,-0.379,-1.677,0.429,0
0.019,0.565,0.166,2.673,0.822,2.169,1.117,-0.838,1
0.656,1.144,0.843,-0.837,0.961,-2.348,-0.309,0.049,0
0.77,-0.973,-0.43,-0.489,-0.637,-1.747,-0.397,1.508,0
1.136,-0.671,0.971,0.614,1.156,0.804,0.524,0.664,1
-1.093,-0.266,-0.257,0.346,-0.275,0.924,1.44,-0.681,1
1.319,-0.688,-0.136,0.483,0.542,-0.27,0.118,-0.113,0
-0.335,-0.668,0.138,-1.416,-1.139,0.51,-0.303,-0.453,0
0.002,-0.202,-0.899,-1.251,0.961,0.142,0.593,-0.677,0
-0.962,-0.418,-0.968,-1.293,0.447,1.05,-1.356,2.16,0
-0.667,-0.107,2.536,3.238,-1.357,1.462,1.031,1.401,1
0.515,-1.258,-0.049,1.426,-1.781,0.375,-1.112,-0.008,0
0.949,0.62,-0.804,-1.425,1.932,-0.802,-1.027,1.085,0
2.205,-1.016,-0.847,-1.075,0.281,0.927,0.031,-0.863,0
-0.562,1.512,0.624,0.431,0.505,0.952,-0.45,-1.677,1
1.097,0.71,0.408,1.625,0.329,-1.947,0.683,-0.656,1
-0.995,0.751,0.785,0.075,-0.002,1.5,-0.968,0.332,1
1.146,-0.627,0.029,1.482,-0.196,1.159,1.585,1.101,0
0.574,0.439,0.156,-1.395,0.653,0.302,1.397,-0.443,1
-0.137,0.736,-1.503,0.999,-0.46,0.855,-1.541,-0.419,0
1.135,-0.984,0.239,0.638,-1.453,1.602,-0.344,0.172,1
0.069,0.538,-1.003,2.704,-0.577,-1.914,-0.3,-1.11,0
-1.101,-0.534,0.166,0.805,1.966,0.27,-0.998,0.205,0
1.244,0.755,-1.403,2.081,0.517,-0.108,0.022,-0.34,0
0.296,-0.695,-0.544,0.995,-0.283,-1.582,0.279,-1.155,0
-0.486,1.186,0.386,-0.502,-0.423,-1.978,0.715,-0.286,1
-0.839,0.296,-0.257,2.057,-2.071,2.045,0.506,0.374,1
-0.884,0.554,-0.025,0.844,2.077,0.21,0.786,-0.999,1
-0.323,0.849,0.689,-0.953,0.831,0.251,-2.027,-1.161,0
-1.699,1.605,-0.192,1.225,-0.314,0.98,-0.59,-0.517,1
-0.246,0.401,0.968,-0.45,0.294,-0.558,0.779,-0.245,1
-0.181,0.378,-0.241,-0.561,-1.854,0.394,-0.109,0.23,0
-1.79,0.272,-0.328,1.187,-1.073,0.974,0.128,2.534,1
0.721,1.29,1.385,-1.344,1.286,1.298,-0.532,1.037,1
0.445,-0.332,0.197,0.254,1.775,-0.684,-0.01,0.364,0
-1.363,-0.576,-0.385,-2.105,0.024,0.289,0.671,0.528,1
-0.104,-0.442,-0.933,-0.247,0.659,-1.65,-0.766,-0.268,0
-0.702,-0.652,-1.015,-0.563,-0.833,1.386,-0.963,-0.13,0
0.775,-0.013,-1.073,0.866,0.847,1.528,-0.77,1.341,0
-0.353,-1.045,-0.653,-0.904,0.058,0.931,-1.092,-0.737,0
-1.742,-1.024,-0.435,0.641,-0.252,-1.74,-0.347,0.712,0
0.642,-0.085,0.277,-1.032,-1.531,0.126,-0.934,-0.181,0
-2.799,-0.233,-1.421,-1.287,1.476,1.397,1.09,-0.648,1
-0.0,0.434,-0.503,0.613,-0.646,-0.499,-0.751,0.014,0
0.905,1.092,-1.759,-1.201,-0.345,0.104,0.012,0.045,0
0.676,-0.357,3.209,-1.18,-0.213,1.565,0.829,0.804,1
1.231,0.21,1.558,-0.28,-0.163,-0.483,-0.506,-0.489,1
1.766,1.011,1.239,0.732,-0.792,1.953,-0.358,-1.058,0
-0.606,0.511,0.411,-0.057,2.592,0.272,0.289,0.641,1
0.096,-0.178,0.203,-1.606,1.812,-0.603,-1.54,0.619,0
0.224,-1.168,-0.245,0.359,-1.243,0.797,-0.087,-1.037,0
-0.396,-0.423,0.122,0.463,-0.999,-0.204,0.722,2.185,1
-0.785,-0.037,0.962,-1.082,-0.04,-1.271,-0.154,0.226,0
-0.173,0.13,1.639,0.265,0.241,0.292,0.555,0.535,1
-1.154,-0.195,-0.444,1.381,-0.384,0.426,0.792,0.736,1
0.732,-0.487,0.183,-0.965,1.734,0.791,0.742,-1.95,1
0.549,-1.24,-0.495,-0.583,-0.48,0.44,0.02,0.077,0
2.153,-0.805,0.156,-0.385,-0.664,0.46,1.547,0.44,0
-0.959,0.22,-0.965,0.623,0.187,2.61,-0.494,2.136,1
1.651,0.788,-0.32,-0.277,-0.299,-0.843,0.684,-0.042,0
1.205,0.597,-0.289,0.075,0.829,0.031,-0.49,1.141,0
-1.438,-0.145,-1.354,0.786,-0.283,-0.108,1.893,-1.038,1
-0.328,0.257,-0.216,0.489,-0.827,0.623,2.143,0.804,1
-0.127,-1.411,0.151,0.646,-0.794,-0.507,1.58,0.178,1
-0.054,-1.073,-0.342,0.582,1.075,1.188,-0.637,0.285,0
-0.4,0.79,-1.137,-0.271,0.88,-1.232,-0.431,-0.148,0
-1.433,0.972,0.699,-0.134,0.75,2.298,0.297,1.719,1
-0.155,0.974,1.012,1.639,-0.735,-0.188,-0.372,-0.51,1
-0.83,-0.089,0.802,0.872,1.214,0.538,1.38,-1.681,1
-0.986,1.507,-0.491,0.391,0.364,1.283,-0.021,0.954,1
-1.112,0.306,0.025,0.636,-0.142,-0.142,-1.567,-1.196,0
-1.118,-0.986,-0.271,0.279,0.053,1.897,-0.436,-0.09,1
0.688,-0.562,1.761,0.916,-0.024,-0.17,0.638,2.361,0
-1.106,0.676,-0.275,1.586,-1.338,-0.648,0.155,-0.493,1
-0.307,1.436,-0.936,-0.116,1.673,1.067,-0.243,1.472,1
-1.046,-1.413,0.04,0.388,0.604,-2.156,-1.774,0.829,0
-0.453,1.491,-0.27,-1.063,1.225,-1.195,0.572,3.322,0
-0.33,-1.476,0.648,0.14,-0.464,-0.151,-0.239,0.654,0
-0.374,-0.528,0.461,0.709,-0.832,0.533,0.296,1.398,1
0.28,-0.645,-1.489,-1.217,-0.357,-0.253,-1.803,-0.69,1
-1.876,0.025,0.542,0.877,-0.199,1.096,-0.52,-0.057,0
0.949,0.021,0.823,0.023,2.229,-1.608,-0.11,-0.752,0
0.721,1.29,1.385,-1.344,1.286,1.298,-0.532,1.037,1
0.797,0.016,-0.02,-0.493,0.912,0.674,-0.147,0.152,1
1.128,0.57,0.771,0.718,2.004,-0.634,0.158,0.705,0
0.865,0.113,-1.861,-1.673,0.032,-0.93,-0.907,-1.446,0
0.353,-0.236,0.094,1.606,-0.311,-1.111,0.506,0.725,0
1.123,0.408,-1.611,1.93,-1.103,-0.161,-0.479,0.873,0
0.34,0.398,-1.136,-1.286,-0.127,-1.017,0.918,0.557,0
0.039,0.261,0.373,-0.976,-0.735,1.687,0.947,1.063,0
0.663,-0.042,-0.107,-0.358,0.761,0.282,0.736,0.125,1
0.185,-0.731,0.354,0.9,-0.764,0.901,-0.176,1.386,0
0.627,-0.43,-0.248,0.154,2.012,-0.151,-1.126,0.493,0
0.835,-0.544,-0.505,-0.543,0.982,0.158,0.158,-1.39,0
1.146,-0.627,0.029,1.482,-0.196,1.159,1.585,1.101,0
1.213,1.035,0.84,1.771,0.481,0.37,-0.565,1.157,0
-0.654,-0.229,0.742,0.365,2.176,-0.442,-0.433,0.131,1
1.014,-2.318,-0.287,-0.404,-1.864,-0.161,-1.003,-0.804,0
0.265,0.994,-2.682,0.606,-0.251,0.181,0.567,-0.726,1
0.188,-0.543,-0.43,0.103,-0.677,1.294,-0.887,0.351,0
0.84,-2.744,-1.067,1.033,0.465,0.979,-0.31,0.564,0
-0.799,-0.266,-0.61,-0.135,0.03,-0.144,-2.989,-0.194,0
0.202,-1.293,0.096,-2.111,-0.188,-0.425,1.512,-0.27,1
-0.064,-0.623,-0.57,-0.881,0.277,0.203,-0.745,-0.668,0
-0.291,-0.43,-1.298,0.932,-1.065,-0.629,-0.453,0.267,0
1.059,0.136,-0.238,-0.498,1.419,-0.503,1.272,-0.503,1
0.698,0.221,0.129,-0.928,0.251,0.474,0.211,1.091,1
1.851,-0.514,1.127,0.766,-0.905,0.405,1.331,0.652,0
-1.211,0.07,1.376,-0.689,0.593,-0.717,-0.729,-0.628,0
0.372,0.804,-1.492,1.003,-2.226,0.247,0.71,-0.651,1
1.203,0.423,-0.396,0.565,1.227,0.758,0.04,0.083,1
1.065,-1.614,-1.141,1.853,1.776,0.102,-1.221,-0.922,1
1.237,-0.699,1.429,1.133,-0.104,-2.202,-0.721,0.342,0
0.601,-0.525,-0.9,-0.417,-0.45,-0.292,-0.411,-0.719,0
-0.964,-1.278,0.026,-0.478,0.4,0.048,0.467,-0.275,1
-0.606,0.967,-0.836,2.547,0.34,-1.437,-0.007,-1.174,1
1.094,-1.267,-1.246,-1.391,-0.157,0.394,-0.091,0.55,0
0.195,-0.195,-0.244,-0.225,0.019,-1.198,0.463,-1.607,0
1.128,-0.893,2.036,0.176,-1.249,-0.815,-0.105,0.428,0
0.64,0.69,-0.179,-0.981,1.713,0.994,-1.04,0.3,0
1.087,-0.339,0.119,0.008,0.157,0.59,-1.498,-0.524,0
-0.08,-0.587,-1.191,-0.677,-0.608,-1.46,-0.124,0.76,0
-0.044,2.005,0.059,-1.159,-0.922,-0.763,-1.616,1.087,0
0.37,0.523,0.691,0.94,-1.02,-0.851,0.852,0.243,0
0.581,0.188,-0.443,0.022,-0.103,-0.361,0.882,1.719,0
0.389,0.357,1.961,0.578,-0.971,-0.434,1.726,0.922,1
1.432,0.596,0.519,1.806,-0.376,-0.339,0.237,0.351,0
-1.274,-1.059,0.4,-0.146,-0.413,0.658,-0.13,-0.349,0
0.043,-1.42,0.814,-0.139,-1.322,0.713,0.301,0.874,1
0.619,0.626,0.181,-1.59,-0.843,-0.035,-0.838,0.385,0
-0.664,-0.742,0.495,-1.523,0.665,-0.542,-0.75,2.218,1
0.902,-0.74,-0.481,-1.695,0.868,-0.363,-0.536,0.296,0
-0.238,-0.504,-0.71,0.513,-1.177,0.822,1.184,0.813,1
-1.255,0.294,-1.639,1.043,-1.0,1.674,0.862,0.241,1
-0.948,2.709,0.899,-0.802,-0.213,0.041,-1.001,0.636,0
-1.073,-0.211,-0.18,1.426,-0.729,0.804,0.221,0.758,1
0.91,0.061,2.143,0.693,0.598,-0.343,-0.889,-0.085,0
0.764,-1.685,-1.365,0.221,-1.047,0.337,-0.41,-0.75,0
-0.402,0.041,0.998,0.263,-0.733,-0.398,-0.684,0.118,0
-0.947,0.699,1.065,-1.504,0.943,-0.478,0.628,1.115,1
1.065,-1.614,-1.141,1.853,1.776,0.102,-1.221,-0.922,1
1.059,0.709,0.463,0.562,1.45,-1.017,-0.732,0.116,0
1.192,0.668,0.248,-0.766,1.218,0.623,-0.844,-1.28,1
-0.4,0.79,-1.137,-0.271,0.88,-1.232,-0.431,-0.148,0
1.677,-0.028,0.266,0.139,-1.871,0.602,1.008,-0.852,1
-1.413,-0.513,2.179,-1.422,0.011,-1.408,0.128,0.888,1
0.847,0.851,-0.814,0.237,-1.118,0.606,-0.398,0.175,0
-1.177,0.198,0.601,2.105,-0.726,-0.842,-0.143,-0.351,1
-1.244,-0.681,-1.628,-2.715,-2.729,-0.01,-0.949,-1.751,0
-0.756,-0.233,0.386,-1.629,1.099,-0.345,1.123,0.521,1
-0.918,-0.674,0.008,-0.874,1.941,0.239,1.178,0.298,1
-0.699,-0.472,-2.032,0.618,-0.466,1.226,-0.788,-0.823,0
0.847,0.95,-0.084,0.451,-0.915,-1.016,-0.548,0.581,0
-0.438,-0.207,-0.334,0.057,-0.293,0.753,-0.323,-0.137,0
0.188,0.388,-0.3,-0.5,-0.879,1.542,-1.7,0.3,0
-0.484,-0.591,1.093,-0.03,-0.798,1.175,-0.97,0.651,0
-0.846,-1.048,-1.646,-0.7,-0.742,0.828,-1.562,0.213,0
1.603,-0.347,2.141,1.053,-0.936,-0.317,0.489,0.83,0
-0.524,0.121,0.741,0.4,1.0,-0.648,-0.307,1.105,0
-0.238,0.003,0.618,0.34,-0.111,1.49,0.083,-1.443,1
-1.341,1.255,-0.617,1.207,-0.25,0.879,-0.928,-1.267,1
0.036,1.368,1.777,-0.695,-1.18,-1.784,1.289,-0.136,1
-0.925,0.341,-0.806,0.467,0.983,-0.393,-1.413,-2.54,0
0.866,1.454,-0.285,0.469,1.315,-0.205,-0.951,-0.435,0
-0.639,1.012,1.707,-0.291,0.498,-0.898,-1.099,-0.493,0
0.702,-0.301,0.922,0.411,0.363,-0.502,0.096,-0.18,0
-0.787,0.397,0.109,-0.873,1.072,0.891,0.268,1.026,1
-1.349,-0.973,0.385,-0.741,0.503,0.649,0.917,-0.662,0
0.399,-0.83,-0.257,-0.511,-0.061,-0.46,1.565,1.13,0
1.524,0.274,0.887,-2.476,1.038,1.228,-0.198,1.105,0
0.492,-0.213,-0.458,1.316,-0.919,0.286,0.35,2.485,0
0.572,0.706,1.719,-1.037,-1.696,-1.913,0.297,1.093,0
-1.997,1.082,0.376,1.338,-0.142,-1.123,-0.224,-1.108,1
-0.383,-0.593,-0.567,-0.0,0.379,-0.48,-0.166,0.143,0
-0.655,0.457,0.459,0.218,0.392,0.201,0.987,1.682,1
-0.264,0.871,-0.284,0.037,0.621,-0.769,0.664,0.373,1
-0.59,0.717,0.123,1.706,-1.926,-1.063,0.738,1.172,0
-1.916,0.998,-0.879,-0.992,-1.344,0.565,0.565,0.481,1
-1.343,0.227,0.533,0.312,-1.577,0.099,-0.76,-1.243,1
0.29,0.057,-2.608,-0.462,-0.104,0.929,-1.055,0.374,0
-0.384,-1.123,1.73,0.429,-0.44,0.998,0.966,-1.304,1
0.3,-0.357,0.564,1.012,0.534,2.441,0.376,1.23,1
-1.967,-1.402,0.987,0.35,-1.253,1.075,0.712,-0.19,1
-1.051,-0.737,-2.167,-2.251,2.126,-1.916,-0.364,0.12,0
-1.614,1.748,0.337,0.755,-0.394,0.641,-0.63,0.153,1
1.513,0.741,-0.358,1.621,1.321,0.533,-0.477,0.306,1
1.496,1.179,-0.032,-0.13,1.328,0.124,0.036,0.475,1
0.382,0.635,0.278,-0.029,-0.698,0.904,0.137,0.496,1
0.073,0.425,-1.28,1.15,-0.925,0.964,-0.047,0.911,1
-0.326,1.49,0.007,-0.861,1.214,2.585,-0.023,1.418,1
-0.55,1.114,0.311,-0.806,0.219,1.296,-0.189,-1.061,1
-0.731,-1.372,-1.695,-0.552,-0.549,-0.629,-3.549,-1.999,0
0.117,-0.821,-0.951,-1.487,-0.519,1.436,0.139,-1.117,1
-0.34,-0.921,-0.315,-0.229,-1.627,-0.722,0.029,0.336,0
0.611,-0.107,-2.038,-0.104,-0.301,-0.317,-0.422,0.964,0
-0.404,-1.741,-1.755,-0.503,-1.085,-0.663,0.32,0.782,0
-0.048,1.361,0.413,-1.484,-1.44,-2.095,1.173,-1.493,1
1.455,-0.488,-0.845,-0.904,1.177,-1.055,1.728,0.67,0
0.466,-0.931,0.187,-0.274,0.232,0.361,-0.055,-0.054,1
-0.736,-1.234,0.965,1.691,2.656,1.709,-0.777,-0.681,1
0.433,1.499,-0.088,-2.405,-1.374,1.86,1.307,0.13,1
1.307,-0.856,-0.144,0.459,1.48,-0.241,-0.106,-1.195,0
-0.282,-0.047,0.925,-1.106,-1.232,-0.673,-0.758,-0.852,0
-1.845,-1.278,1.142,-1.884,2.048,1.602,-1.313,0.351,1
-1.225,0.958,-0.333,-0.114,0.051,-1.33,-0.546,-2.203,1
-0.009,0.603,0.968,-1.151,-0.633,0.524,0.495,-0.54,0
0.213,-0.618,0.118,1.286,0.367,-0.393,1.133,-1.377,0
1.247,-2.428,-0.522,-0.208,-1.029,0.847,0.219,-0.396,0
0.489,-0.083,0.789,0.317,-1.171,1.203,-2.06,-1.053,0
0.388,-0.84,-0.627,-0.118,0.165,-0.145,-0.972,-0.364,0
-0.0,0.499,0.948,0.371,-1.122,-0.197,-0.408,-0.602,1
-1.254,-1.465,0.049,0.458,-1.052,0.477,-0.999,-1.261,1
-3.469,0.712,0.183,-0.183,0.882,-1.833,1.24,-0.616,1
0.729,1.516,1.563,1.302,-2.144,1.365,1.18,0.285,1
0.162,-0.409,0.878,-0.898,1.381,1.423,-0.48,-1.385,1
-2.085,0.754,-1.161,0.436,-0.812,0.373,0.254,-1.075,1
-0.264,-0.252,-1.201,-0.605,-1.117,2.25,-0.502,0.204,1
-0.044,0.56,-0.202,-0.368,-0.488,-0.148,-0.527,0.126,0
1.212,1.26,0.507,0.429,1.025,0.231,1.436,0.912,1
-0.816,1.556,0.659,-0.432,-0.554,0.142,-0.014,0.762,1
-0.337,0.321,-1.508,0.171,1.519,-1.529,-1.345,-1.35,1
0.999,1.222,0.42,-0.146,-0.685,-1.508,-0.868,-0.379,0
0.352,0.909,-0.681,0.225,0.416,-0.045,0.989,0.416,0
1.095,0.696,0.441,-2.011,-0.182,0.729,0.281,-0.106,0
-1.241,0.217,0.275,-0.193,0.203,-0.34,-1.538,-1.653,0
0.014,-1.109,1.992,0.166,-0.737,-0.499,-0.575,0.188,0
1.872,-0.329,0.155,0.725,-0.707,-1.478,0.436,0.271,0
-1.392,-0.226,-0.875,1.001,0.144,0.782,0.135,0.263,1
-0.329,1.223,-0.745,-0.393,0.637,0.148,0.322,-0.991,1
2.076,0.695,1.842,1.533,0.753,-0.112,-0.842,-1.112,0
-0.813,-0.061,0.921,0.457,-1.644,0.495,0.293,-0.657,1
0.697,1.502,-0.994,0.546,0.993,-1.873,1.042,1.418,1
0.361,0.52,-1.142,-1.029,0.191,-1.344,0.672,-0.083,0
-0.068,1.083,-0.836,-0.066,-2.459,-0.018,0.289,0.107,0
-1.119,0.35,-0.942,0.074,1.173,-0.476,-0.387,0.42,0
0.599,0.666,-0.346,0.504,-0.464,-1.016,-1.443,-0.244,0
0.174,-0.024,-1.274,-0.5,1.647,0.062,-1.6,0.859,1
-1.921,0.144,-0.51,0.747,-1.039,1.717,-0.013,-0.455,1
-0.418,0.265,0.023,-0.232,-0.199,0.144,0.434,-0.885,0
-1.774,0.867,-0.411,-0.477,-0.15,0.804,1.792,-1.887,1
-0.567,0.933,0.306,-0.254,-0.091,2.012,-2.716,-1.324,0
-0.342,1.542,0.81,0.185,0.621,-0.928,0.124,-1.096,1
-0.319,-1.459,1.114,0.939,-0.319,1.425,0.753,-1.225,1
-0.838,-0.132,0.908,-0.644,0.461,-0.514,-0.395,1.274,0
-0.962,-0.205,1.107,2.016,0.048,-2.227,0.047,1.039,1
0.133,-0.534,-0.914,-0.594,0.146,-0.621,-1.008,-0.783,0
-1.271,0.254,0.253,-0.17,0.049,0.422,-0.278,2.064,1
0.268,-1.566,-0.422,-1.107,2.024,-0.143,0.174,1.238,0
1.737,-0.348,0.927,0.517,-0.703,-1.212,-0.023,-0.009,0
1.087,-0.339,0.119,0.008,0.157,0.59,-1.498,-0.524,0
-0.386,-0.902,-0.981,-0.765,-0.416,0.775,-0.046,-0.736,0
-0.983,0.806,0.496,-0.482,0.493,1.259,0.279,-0.812,1
1.247,-2.428,-0.522,-0.208,-1.029,0.847,0.219,-0.396,0
-1.154,-0.195,-0.444,1.381,-0.384,0.426,0.792,0.736,1
-0.934,0.233,-0.58,2.375,1.259,-3.169,-0.93,0.353,0
-0.027,-0.41,-2.377,-1.151,2.548,0.348,0.937,-2.466,0
0.574,-0.911,-0.058,0.487,0.345,-0.312,1.08,0.214,1
-1.059,0.92,0.481,-1.443,-0.744,1.183,-0.851,0.914,1
-0.035,0.112,-0.926,1.911,0.157,0.002,1.223,-0.379,1
0.173,-0.08,0.106,0.469,-2.111,-0.85,-0.969,0.303,0
0.271,0.593,-0.327,1.463,-0.625,-0.907,-0.726,-1.19,0
0.64,0.69,-0.179,-0.981,1.713,0.994,-1.04,0.3,0
-1.107,0.569,0.712,0.518,-0.667,0.313,-0.105,0.109,1
-1.301,-0.698,-0.094,1.11,-0.624,-0.92,-0.01,1.023,0
-2.235,1.125,0.391,-0.493,-0.338,0.525,1.347,0.103,1
-0.783,0.668,1.785,-0.31,-0.593,-0.158,-0.481,-0.701,0
-0.734,-1.571,0.273,2.219,-0.348,1.252,0.26,-2.049,1
-0.526,-0.566,0.455,0.138,0.307,-0.153,1.075,0.611,1
0.559,-0.828,1.669,-1.28,0.888,2.082,0.814,-0.408,1
-1.888,-0.125,-0.548,-0.68,-0.023,-1.478,-1.428,1.17,0
-0.099,-1.038,0.558,-0.263,-1.13,1.274,-0.582,-0.008,1
-0.32,0.6,2.689,-0.417,-1.22,-0.272,-0.124,-0.279,1
1.251,-0.792,-0.499,2.505,0.92,0.896,1.934,0.446,1
-0.702,-0.652,-1.015,-0.563,-0.833,1.386,-0.963,-0.13,0
0.955,-1.167,1.234,-0.098,-0.603,-0.397,-0.675,0.743,0
-0.742,-1.937,-0.238,-1.071,2.589,1.56,1.172,-0.549,1
2.101,-1.142,0.895,2.106,1.088,0.747,0.303,1.154,0
0.949,0.62,-0.804,-1.425,1.932,-0.802,-1.027,1.085,0
0.41,0.275,-0.009,0.116,1.01,0.763,1.689,-1.936,1
0.385,0.609,-0.417,-0.281,-0.681,0.023,-0.058,-0.347,1
-1.413,-0.513,2.179,-1.422,0.011,-1.408,0.128,0.888,1
1.353,-0.162,0.153,0.888,-1.632,-2.08,1.38,0.319,0
2.026,0.133,0.547,0.011,0.142,0.445,0.646,-0.224,0
1.984,-0.002,-1.114,1.227,-1.226,-0.995,2.577,0.47,0
-0.166,-1.453,-2.519,-0.629,-1.905,-1.1,-0.491,0.465,0
2.009,-0.849,-0.391,-0.548,1.262,-0.257,1.326,0.188,0
-0.949,0.878,-0.384,0.653,-0.081,0.262,-0.033,-1.226,1
-1.462,0.805,1.235,-0.451,-1.925,0.665,-0.14,0.278,1
0.539,1.037,-0.045,-1.008,-0.421,-0.454,-0.33,0.643,0
-1.566,-0.417,1.03,-0.372,0.279,0.478,0.827,-0.683,1
-0.24,0.255,-1.858,-0.515,0.561,-1.36,-0.917,-0.129,0
-0.751,1.74,0.239,-1.358,1.59,2.412,-1.508,-0.056,1
1.144,-0.326,1.903,1.326,0.456,-0.206,0.738,-1.723,0
0.515,1.429,-1.687,-0.683,-0.851,1.907,0.602,0.038,1
-1.429,0.502,-0.794,-0.764,0.793,0.933,0.664,-0.31,1
-1.083,-0.913,-1.094,-0.425,-1.011,0.037,-0.651,-1.449,0
0.457,-1.963,-1.606,0.945,1.871,-1.142,-0.412,-0.344,1
-0.165,-0.203,0.539,-1.366,-0.021,1.218,0.092,-1.87,1
-0.714,-0.118,-0.187,-0.757,-1.377,-0.275,2.639,0.613,1
-0.301,0.369,-0.524,0.385,1.16,-0.807,-1.655,-0.45,0
-0.036,-1.501,-2.012,-1.536,0.052,-2.073,-0.777,-0.429,0
1.466,0.575,-0.759,-1.482,0.026,0.984,0.044,0.011,0
0.138,-0.291,1.439,0.0,0.324,0.952,-0.301,1.437,1
0.776,-1.766,-0.347,-0.314,-0.353,-1.618,-1.925,-0.04,0
-1.373,-0.552,-0.475,1.988,-1.599,0.563,0.942,0.378,1
-0.504,-0.104,-1.202,0.378,-0.18,0.785,-0.6,-0.88,0
-0.293,0.693,-0.897,0.708,-1.442,-1.928,-1.343,-1.668,0
-0.169,1.736,-0.823,1.158,-0.324,-1.538,-0.842,0.45,0
0.231,0.798,-1.5,0.131,0.536,1.048,-0.17,-0.052,0
0.883,-0.495,1.085,-0.325,1.496,1.312,-0.641,-2.914,1
-0.336,0.202,-0.133,0.893,0.293,0.635,1.478,-1.212,1
0.922,-0.27,-0.916,0.129,0.621,0.585,-1.001,1.452,0
0.464,-0.839,0.821,-1.952,0.602,1.16,-1.2,0.201,0
-0.614,-2.228,-0.734,0.738,0.917,-1.18,-0.081,0.492,0
-1.296,0.119,-1.631,-0.41,1.271,0.199,-0.735,0.779,0
1.203,0.304,-0.334,-1.503,1.235,1.584,0.592,-0.525,1
1.113,-0.725,-0.226,-1.468,-1.972,0.719,-0.524,-0.822,0
-1.227,0.439,-0.113,1.598,0.026,-1.227,0.006,-0.039,1
0.466,-0.951,-3.364,-0.404,1.049,1.03,0.332,-0.633,1
-0.557,-0.303,-0.787,1.499,0.957,-0.911,-1.44,-1.651,0
0.138,0.256,0.372,-0.118,-1.925,-1.115,-0.826,1.697,0
-1.573,0.408,-0.091,1.202,-0.894,1.379,1.057,-0.691,1
0.226,1.07,-1.445,-0.541,0.016,0.703,1.224,-0.644,1
1.417,-2.076,0.947,0.494,1.456,-0.66,0.15,1.25,0
0.489,0.076,-0.611,-0.303,-1.527,0.129,0.953,-0.079,1
-0.1,-0.084,1.009,-0.564,-0.768,-0.063,-0.013,1.444,1
1.183,0.894,-0.41,-2.694,-1.447,0.001,2.048,0.017,0
-1.471,0.98,1.264,-1.51,-0.291,0.098,-1.696,0.131,0
-2.445,-0.297,-0.785,1.091,-0.056,-0.563,0.886,0.64,1
1.351,-1.16,-0.404,0.248,2.068,0.677,1.203,-0.174,1
-0.589,0.96,1.288,-0.859,-0.733,0.936,0.186,0.082,1
1.561,0.269,-1.314,-0.537,-1.054,1.002,0.621,0.101,0
-0.14,1.69,-1.248,-0.149,0.543,2.192,1.508,-0.703,1
1.017,1.084,0.77,-0.572,0.298,0.297,0.361,0.338,1
0.353,-0.708,0.474,0.472,-0.149,-1.021,-1.054,-0.811,0
0.946,-0.616,0.657,-0.627,1.192,-0.667,1.426,-0.136,1
-0.845,1.061,1.28,-0.04,-2.211,-1.135,0.023,-1.119,1
-0.465,-1.924,-0.68,0.765,-0.269,-0.973,0.044,-0.143,0
1.193,0.544,-0.489,-0.865,0.439,0.252,-0.039,-1.521,1
0.642,1.198,0.248,0.75,-0.569,-1.489,0.042,-0.802,1
0.398,0.038,1.038,0.236,0.315,0.824,-1.332,-0.145,0
-0.127,0.859,-0.967,0.224,0.119,-2.408,0.82,0.277,1
0.176,1.742,-0.485,0.126,-0.95,-0.928,-0.247,-1.029,1
1.319,-0.688,-0.136,0.483,0.542,-0.27,0.118,-0.113,0
0.268,-1.566,-0.422,-1.107,2.024,-0.143,0.174,1.238,0
1.126,-0.015,-1.24,0.154,-0.717,0.32,0.096,-1.258,1
-0.728,0.273,-0.776,1.924,-0.516,0.663,-0.1,1.0,1
-1.261,-1.181,0.395,-0.54,-1.65,0.925,1.4,0.181,1
0.581,-0.485,-0.407,-0.961,0.215,-0.716,-1.322,0.631,0
0.555,0.764,-0.852,-0.688,0.012,-0.579,0.702,0.97,0
-0.542,-0.259,1.332,-0.58,-1.224,-0.66,-0.506,-0.611,0
-0.453,-1.059,1.905,-1.513,1.191,-1.252,-0.496,0.878,0
0.677,1.767,1.081,-0.277,-0.01,0.189,-0.389,-0.709,0
-0.025,2.366,0.465,-0.662,-0.192,-1.169,0.72,0.912,1
-0.504,-0.335,0.181,-0.191,-1.006,-0.302,-1.543,-1.035,0
1.541,0.917,-0.81,-0.981,0.5,1.241,-0.119,0.549,1
0.316,0.682,0.055,0.599,-1.605,0.171,-1.815,-0.472,0
0.072,-0.68,0.387,1.382,-0.735,-0.991,-1.614,-0.336,0
0.15,0.855,-1.495,-0.515,0.317,-0.279,0.011,0.448,0
0.648,0.172,-0.331,1.085,-1.663,-0.718,-1.011,-0.946,0
-0.427,0.518,0.237,0.815,-0.552,0.138,1.647,0.019,1
1.19,0.05,0.514,-0.777,-1.005,1.594,1.073,-1.005,1
0.045,1.875,-1.303,0.132,0.692,1.128,-0.84,0.535,1
0.241,-0.421,-0.053,1.176,0.973,-0.689,0.214,-0.961,1
-0.547,-0.055,-1.626,1.59,1.583,0.957,-0.196,0.887,0
0.425,0.109,0.608,-1.374,-0.036,-0.254,0.088,-0.274,0
0.046,-1.009,-0.057,-0.165,0.478,0.17,0.367,0.53,1
-0.24,0.255,-1.858,-0.515,0.561,-1.36,-0.917,-0.129,0
-0.856,-0.704,-0.44,-0.951,0.019,0.851,0.252,2.102,0
0.464,-0.33,-0.471,0.608,-0.82,-0.389,1.046,-0.547,0
-0.258,1.975,0.124,0.409,0.138,-0.229,2.029,-1.128,1
1.039,0.175,-1.271,-1.013,1.088,2.455,0.836,-0.985,1
-1.921,0.144,-0.51,0.747,-1.039,1.717,-0.013,-0.455,1
-0.633,0.379,1.399,2.253,-0.209,-1.92,-0.581,1.431,0
0.727,0.516,-0.68,1.444,0.026,1.51,1.367,-1.299,1
-0.703,1.202,0.649,0.33,-0.431,1.715,1.843,0.226,1
0.947,0.412,0.728,0.633,-1.134,-0.304,-0.515,2.091,0
-0.239,-0.211,-1.641,1.29,0.156,0.181,-0.504,0.586,0
-1.03,1.64,0.063,0.524,-0.898,-0.844,0.288,0.044,1
0.67,-0.096,-1.496,2.033,-0.989,0.971,0.834,0.965,1
-0.943,0.348,1.036,-1.426,0.383,0.462,0.243,-0.075,1
1.148,-1.913,0.558,-1.383,0.184,-0.041,-1.025,-0.785,0
-0.164,-0.564,-0.078,0.698,0.016,0.31,2.112,-0.43,1
0.814,-0.627,0.113,-0.855,1.123,-0.312,-0.457,0.46,0
-1.431,-0.273,0.133,-1.657,0.354,2.684,1.514,2.337,1
0.63,0.992,-0.604,-0.143,-0.112,-0.358,-0.03,0.933,0
-0.355,-0.824,-0.237,2.15,-0.139,-1.031,1.077,0.612,1
0.622,-0.483,-0.594,-1.361,-0.063,-1.482,1.139,0.616,0
-0.702,1.026,1.274,-1.062,0.441,-0.112,2.028,0.838,1
-0.635,-0.521,-1.302,-1.749,-1.08,2.277,-0.021,0.022,1
0.173,0.65,-0.966,0.028,1.292,-0.858,-0.316,-0.004,0
0.123,0.0,-0.597,-0.411,-0.205,0.151,0.23,0.022,0
0.587,-1.008,1.851,0.347,-0.744,-0.776,0.6,0.007,0
-0.556,-2.314,-1.046,2.281,0.151,0.064,-0.896,0.013,1
-0.027,0.49,0.294,0.525,0.36,-2.376,-0.101,-1.029,0
0.262,-1.635,0.369,0.074,0.094,-1.126,-1.479,0.278,0
3.186,-0.763,-1.889,1.297,-0.839,-0.243,-0.024,0.097,0
1.061,-0.484,-1.385,-0.931,0.707,0.676,-0.197,-0.35,0
-0.464,-2.314,0.1,-0.336,-1.284,-0.493,0.335,0.899,0
-0.607,0.034,-0.95,-1.078,0.231,-0.702,0.436,0.413,1
0.867,0.537,0.154,0.995,1.91,0.46,1.016,-0.189,1
-0.239,-0.984,-0.329,0.871,-1.328,1.135,0.693,-2.417,0
-0.138,-1.077,-0.285,1.413,-0.636,-0.865,-0.669,-1.257,0
-1.512,-0.217,-1.468,-0.851,0.1,-0.392,-0.363,1.306,0
2.165,0.452,0.22,-0.465,1.51,1.147,-1.506,0.986,1
1.365,2.528,0.303,1.674,-0.53,-1.599,-1.27,-1.579,0
0.528,-0.939,-0.017,0.038,-0.872,-1.558,0.134,-1.137,1
-1.176,-1.392,-0.109,0.397,-1.358,0.5,0.97,1.559,0
1.414,-0.559,-2.072,0.614,-0.204,1.051,-0.191,-0.551,0
1.058,0.186,-0.573,0.495,-1.008,3.034,-0.62,-0.073,1
-1.152,2.254,-0.443,-0.362,-0.806,-0.502,1.327,0.854,1
-0.561,-0.48,0.539,0.112,0.173,0.144,-0.97,-0.075,0
-1.051,-0.737,-2.167,-2.251,2.126,-1.916,-0.364,0.12,0
-0.018,-0.918,1.616,0.229,2.197,-0.491,0.433,0.428,1
-1.282,-0.837,-1.212,1.645,-1.111,-0.317,1.473,-0.809,0
-0.438,-0.198,1.272,0.086,0.142,-1.079,-0.084,1.916,0
1.037,0.46,0.581,0.759,-1.133,1.712,0.645,-0.682,0
-2.237,-1.513,-0.161,1.082,-0.981,-0.622,-0.135,0.882,0
0.211,-1.202,-1.129,-2.442,0.49,0.45,0.002,-0.97,0
0.94,-0.224,-0.297,-0.911,0.104,-1.136,-1.044,1.332,0
0.368,-0.018,0.62,-0.247,0.245,1.487,-0.432,-0.358,0
-1.185,1.915,-0.832,-1.087,-3.838,-0.156,-0.034,-2.165,1
1.322,1.039,1.862,-1.799,-0.309,0.318,-2.248,-0.77,1
0.889,-0.287,-1.663,1.509,-1.364,-0.473,0.883,1.116,0
-0.915,-0.374,0.179,-1.082,0.608,1.895,-0.205,1.05,1
-0.259,-1.792,0.109,0.975,0.648,-0.659,-0.587,-1.186,0
-0.555,0.276,-0.755,-0.401,0.822,-0.682,1.167,-0.153,1
0.364,1.1,0.084,-1.168,0.955,-0.706,-0.03,1.049,1
-0.548,-0.864,-0.618,-0.439,-0.529,0.164,-0.692,-1.6,0
-1.504,-1.482,-0.034,-1.347,-0.168,2.505,0.027,1.734,0
-0.627,0.649,-1.179,0.071,-1.056,2.381,0.844,-0.161,1
1.148,-1.913,0.558,-1.383,0.184,-0.041,-1.025,-0.785,0
-1.232,-1.856,1.09,-1.074,-1.7,0.059,-0.073,-0.617,1
0.512,-0.421,-0.229,0.425,0.282,-1.159,0.833,-0.59,0
-0.237,-2.003,-1.879,0.189,0.788,1.098,-0.288,-0.014,1
0.642,0.647,0.344,1.841,-1.096,1.42,1.061,-1.829,1
-0.808,2.572,1.092,-0.546,0.858,1.359,0.687,1.098,1
-0.744,-2.331,0.341,0.505,0.886,0.485,-0.65,-1.605,0
1.005,-0.756,-0.182,-0.686,1.031,0.897,2.662,0.007,1
-0.801,-0.352,0.073,-0.478,-0.631,-0.46,-1.077,-1.154,0
-0.619,-2.233,-0.201,0.654,0.093,0.32,-0.552,-0.621,0
0.946,-1.879,0.022,-0.328,-0.91,0.063,0.319,0.549,0
-0.035,-0.855,-0.653,1.168,-0.156,-1.67,1.579,1.629,0
0.983,0.297,-1.291,0.298,-0.699,1.862,0.552,-0.736,1
0.009,-0.683,-1.029,-0.044,-1.562,-0.828,0.048,-0.217,0
0.263,1.159,-2.662,-1.884,1.786,0.503,-1.035,-0.909,0
-0.524,0.134,-0.984,0.399,-0.255,0.174,0.543,-0.205,0
-1.864,-0.144,-0.363,-0.054,-0.127,0.916,1.46,0.679,1
-0.714,-0.39,-0.839,0.422,-0.469,0.469,-0.576,0.037,0
-0.804,1.189,0.767,0.642,0.468,-0.262,1.168,0.826,0
2.979,-2.284,0.046,-0.305,0.435,0.642,1.625,-0.881,0
0.635,-0.92,-0.351,-2.16,0.475,1.046,0.711,0.334,1
0.636,0.445,-0.61,-0.42,-1.154,-0.435,-1.423,-0.069,0
0.966,-0.001,-1.662,0.565,-0.889,-0.466,-1.786,-0.749,0
1.93,0.092,-0.637,0.121,1.985,-0.528,-0.893,0.469,0
0.177,-0.394,-0.414,-0.14,-0.917,-0.72,0.116,-0.423,0
0.176,0.137,0.008,-0.606,0.549,-1.039,1.639,-1.183,1
-1.614,1.748,0.337,0.755,-0.394,0.641,-0.63,0.153,1
0.137,0.883,-0.4,-1.186,-0.449,-0.006,-0.045,-1.84,0
1.494,-0.403,-0.74,1.077,-0.492,0.341,-1.494,-1.9,0
1.158,2.323,0.769,-0.527,-0.426,0.583,0.288,-0.833,1
0.419,1.247,1.457,1.78,1.322,-0.01,1.512,0.049,1
-0.844,-0.129,0.105,0.104,-0.797,0.015,-0.608,-1.302,0
-0.91,0.362,0.451,-1.147,-0.083,-1.437,-1.948,1.39,0
0.365,0.917,1.132,0.178,-0.837,0.327,-0.34,-1.635,1
1.666,-0.093,0.931,0.75,-0.72,0.098,-0.348,0.972,0
0.332,0.173,0.386,0.153,0.334,0.358,-0.655,-0.521,1
-0.19,1.612,1.263,0.215,-1.242,-1.269,-1.167,1.001,0
1.08,-0.057,0.255,-1.205,-0.032,-0.247,-0.873,-1.668,0
0.384,-1.222,0.21,-0.54,0.235,-1.106,0.104,0.533,0
0.043,-1.42,0.814,-0.139,-1.322,0.713,0.301,0.874,1
0.456,-0.069,2.445,-1.322,-0.778,-0.547,-0.38,0.06,0
-0.536,0.229,-1.55,0.136,0.075,-1.124,-0.708,-0.795,0
2.141,0.694,0.975,0.992,-2.202,-0.724,1.068,-1.299,0
-0.22,-0.565,-0.565,-0.953,-1.863,0.93,0.566,0.799,1
-0.333,-0.363,2.939,2.2,-0.411,0.077,0.809,0.407,1
2.367,-0.628,0.909,0.449,0.081,-1.339,0.685,0.335,0
0.304,-0.212,-0.988,-0.086,0.306,-1.583,0.977,-0.997,0
0.201,0.693,0.151,-0.923,-2.482,-0.555,-0.139,-0.601,0
-0.641,-0.18,0.744,-0.843,0.376,0.436,1.013,-0.838,1
-0.314,-0.555,-0.203,0.56,1.3,-1.189,-0.253,-1.972,1
1.1,0.894,2.04,2.059,-1.507,0.759,2.113,0.32,1
0.519,-1.058,0.264,0.383,1.017,-0.957,1.036,-0.415,1
0.01,-0.464,-0.186,1.839,0.498,-1.291,0.146,0.463,0
1.75,0.093,2.316,1.325,-1.292,-0.631,-0.398,0.011,0
0.559,-0.828,1.669,-1.28,0.888,2.082,0.814,-0.408,1
-0.358,1.627,-0.338,1.23,1.525,-1.223,-2.915,-1.463,0
-0.598,-0.881,-0.293,-1.17,-1.017,-0.212,0.011,1.27,0
-1.501,-0.449,-1.517,0.781,0.002,-0.606,-0.204,1.031,0
-1.063,0.8,0.176,-0.826,0.618,0.884,-0.504,0.14,1
2.198,-0.464,1.132,0.446,1.23,1.731,-0.381,0.727,0
0.565,0.008,-1.107,0.184,0.285,-0.127,-1.011,-0.967,0
0.271,0.083,-2.121,1.33,1.137,0.494,0.379,-0.182,0
0.074,1.354,-1.559,-0.274,-1.432,-1.17,0.962,-0.015,0
-1.043,0.127,-0.224,-0.704,-1.102,0.189,-1.262,-0.901,1
-1.28,0.331,-0.065,-0.364,0.907,1.16,-1.488,0.287,1
-1.379,-0.287,1.106,1.199,0.843,-0.554,0.947,1.499,1
-0.702,-0.447,0.035,0.061,-1.295,1.91,0.829,0.514,1
1.609,0.893,-1.074,-0.222,-0.027,0.13,-1.131,-1.627,0
-0.937,-0.252,1.174,-0.147,1.553,0.224,0.538,0.147,1
-0.554,-0.614,0.577,0.516,-1.032,-0.376,-1.393,0.748,0
-0.556,-0.947,0.151,-0.253,0.053,-1.705,-1.36,1.369,0
-0.104,-0.097,-0.036,-0.767,0.906,-2.368,0.413,-1.518,0
0.318,0.51,1.608,-0.415,-1.416,-0.571,1.107,0.013,0
-0.029,-0.488,-0.724,0.127,-1.035,-0.556,0.353,1.31,0
0.98,0.923,1.272,-0.025,0.274,-0.578,-1.151,0.447,0
1.416,1.073,-1.119,0.63,-0.387,-0.204,0.009,-0.912,0
1.097,-1.21,0.421,-0.216,-0.473,0.991,-0.73,-2.386,0
0.57,0.467,-0.796,-0.454,-0.097,-0.587,-0.584,0.588,0
1.902,0.704,-1.009,0.096,-1.431,-1.557,-0.075,0.534,0
-1.194,0.041,-1.509,-1.708,0.618,-1.181,-1.16,0.316,1
0.851,-1.242,-0.792,0.518,0.558,0.457,1.341,1.833,0
1.039,0.175,-1.271,-1.013,1.088,2.455,0.836,-0.985,1
-0.677,-0.928,-1.535,1.002,-0.097,1.582,-1.22,-0.265,0
0.418,0.145,0.454,0.799,-1.301,-0.858,0.641,-1.181,1
-0.339,1.066,1.931,0.323,-1.136,-1.153,-0.177,0.937,1
0.247,-0.862,1.29,-0.003,0.648,0.461,-0.699,0.289,0
-0.737,1.888,-0.872,-0.288,-1.767,-0.701,1.224,-1.684,1
-0.613,-1.554,0.482,-0.134,-2.135,-0.11,0.804,1.83,1
0.287,-0.622,0.333,1.144,0.485,-0.187,-1.272,-0.005,0
-0.486,1.186,0.386,-0.502,-0.423,-1.978,0.715,-0.286,1
-0.983,1.917,0.259,-1.203,1.887,1.179,0.032,0.658,1
0.089,0.372,0.727,-1.828,0.784,-0.039,-1.451,0.076,0
-0.028,0.31,-0.352,0.955,0.699,-1.205,-0.298,0.684,1
1.361,1.879,0.512,0.881,-0.606,-0.481,1.169,0.002,1
-0.065,0.205,1.667,0.819,-1.608,1.342,-1.665,-1.465,1
-0.252,1.027,-0.746,0.345,0.837,-1.128,0.668,-1.243,1
1.115,0.904,-0.527,-0.658,0.246,0.632,1.265,2.321,1
0.756,1.107,2.234,-0.54,0.655,-0.027,1.26,-0.094,0
0.643,-0.581,0.054,1.738,0.363,-0.455,-1.36,-1.369,0
1.109,-0.019,0.565,1.045,-0.993,-0.025,0.398,1.846,0
0.623,-1.591,-0.625,-0.695,0.707,0.947,0.441,0.045,1
0.103,-0.164,-0.224,-1.228,-0.432,-1.238,0.417,-0.474,0
0.162,-0.906,0.819,1.279,0.134,-0.268,0.212,0.402,1
-1.363,-0.9,-0.803,-1.604,0.244,-0.499,1.025,-0.83,0
1.188,-0.916,0.782,0.061,-2.08,-1.369,0.307,-0.703,0
0.93,-0.596,0.992,-0.104,0.837,2.469,0.276,0.385,1
0.663,-0.302,-0.332,0.906,-0.134,0.878,-2.208,-0.451,0
-1.212,-0.384,1.291,0.813,0.236,0.8,-0.269,0.361,1
0.844,0.78,-1.07,-0.416,-1.069,1.717,0.42,1.51,0
1.991,-0.252,0.466,0.726,1.409,-1.363,-0.492,-0.445,0
0.688,-0.785,-1.112,-0.6,1.1,0.423,1.465,1.366,0
-0.664,-0.742,0.495,-1.523,0.665,-0.542,-0.75,2.218,1
-0.839,-1.391,0.351,0.132,0.159,-0.481,0.943,0.583,1
-0.262,-0.324,1.176,-0.64,-1.292,0.368,-0.957,1.273,0
-2.199,-0.487,-0.565,-0.609,-0.238,-0.009,1.462,-0.886,1
-1.403,0.007,0.929,-0.868,-0.136,-0.712,-1.34,-0.071,1
-0.395,0.642,1.152,0.768,-0.521,0.706,0.796,-1.263,1
-0.852,1.714,0.308,1.183,1.502,-0.134,0.927,-1.146,1
-0.427,0.675,1.464,0.333,-0.393,-0.293,-1.022,0.307,1
0.564,-0.628,-1.144,0.587,0.589,-0.445,0.366,-0.584,0
0.226,1.07,-1.445,-0.541,0.016,0.703,1.224,-0.644,1
-0.752,-0.295,0.351,-0.388,0.407,0.608,-0.475,-0.881,1
-2.711,-1.889,-0.175,-0.422,0.214,0.217,2.118,-1.112,1
-0.514,0.766,1.374,-0.648,-1.752,0.548,-0.394,1.768,1
-0.412,1.953,-1.655,-0.4,2.463,0.37,0.93,1.011,1
1.606,-0.41,-0.694,-0.466,0.095,-0.175,-1.579,0.872,0
-1.179,-0.644,1.062,1.424,0.046,-2.689,-0.147,-2.118,0
0.154,1.973,-0.173,0.075,-0.629,0.101,-0.445,-0.859,1
0.351,0.899,-1.251,-1.589,-1.197,-0.786,-1.832,0.337,0
1.117,1.158,0.578,-1.162,-0.096,1.377,-0.734,-1.288,1
-0.785,-0.428,3.247,-0.16,-0.827,-1.813,-0.659,-0.514,0
0.373,0.702,-0.244,1.191,-1.24,-0.459,-1.146,0.494,0
-0.962,-0.205,1.107,2.016,0.048,-2.227,0.047,1.039,1
0.257,-1.623,0.007,-0.479,0.216,-0.151,-0.228,-0.149,0
1.682,-0.525,0.981,-0.12,1.483,0.125,-1.276,0.098,0
-1.704,0.443,-0.082,0.085,0.592,0.35,-0.886,0.073,1
-0.785,-0.037,0.962,-1.082,-0.04,-1.271,-0.154,0.226,0
0.548,-1.204,1.185,-1.546,-1.773,-1.264,-0.843,1.373,0
-0.497,-1.079,0.965,1.283,-0.582,0.643,-1.068,-0.614,0
-0.661,-0.813,-1.181,-1.292,0.422,1.109,-0.362,0.787,1
0.066,0.956,-1.284,0.487,-0.227,1.63,0.879,0.566,1
-0.44,2.083,1.575,-0.811,-0.389,0.007,-0.344,-0.3,1
-0.239,-0.211,-1.641,1.29,0.156,0.181,-0.504,0.586,0
0.572,0.113,0.755,-1.366,-0.651,-0.838,2.467,-0.617,1
-1.813,0.99,0.959,0.297,2.07,0.216,0.164,-0.942,1
-0.151,-0.585,-0.622,-0.102,0.121,-1.668,-0.779,0.062,0
1.282,-1.487,1.009,-0.455,0.759,-0.893,0.717,1.037,0
-2.182,-1.244,2.614,-1.487,1.32,1.036,-0.566,0.003,1
1.353,-0.162,0.153,0.888,-1.632,-2.08,1.38,0.319,0
-0.294,-1.295,-1.12,-0.534,0.483,-1.226,-0.287,0.175,0
0.035,1.052,0.798,1.104,-0.711,-0.365,0.737,-2.421,1
-0.504,-0.646,-0.295,-2.612,2.402,-0.369,-0.244,0.911,0
0.089,0.372,0.727,-1.828,0.784,-0.039,-1.451,0.076,0
-0.338,0.479,-2.182,-0.856,1.025,0.322,-0.823,-0.463,1
2.11,-0.471,2.013,1.61,0.423,-0.361,-1.856,0.262,0
-0.979,-0.036,-0.995,0.174,-0.389,-0.9,-0.234,-1.426,1
0.123,-0.611,-0.514,0.561,0.664,-0.694,-0.624,1.977,0
1.614,1.009,0.099,1.046,-0.148,0.404,1.867,1.107,0
1.606,-0.41,-0.694,-0.466,0.095,-0.175,-1.579,0.872,0
0.283,0.142,2.323,1.417,0.227,-0.146,0.245,-0.54,0
-0.548,0.358,0.887,1.084,-0.763,0.191,1.492,0.617,1
-0.103,0.171,-0.38,1.157,1.964,-0.989,-0.487,0.699,1
0.019,0.565,0.166,2.673,0.822,2.169,1.117,-0.838,1
0.636,0.243,-0.909,0.562,0.133,-1.297,-0.277,-1.318,0
-0.009,0.551,-1.657,-0.008,0.146,0.477,-0.021,0.675,1
-0.035,-0.855,-0.653,1.168,-0.156,-1.67,1.579,1.629,0
0.925,-0.148,1.499,-1.83,0.811,-0.274,0.71,0.001,0
-0.589,1.04,0.492,0.188,0.2,0.692,-1.916,-1.638,0
-0.289,-0.384,-0.047,0.254,-0.634,-0.136,0.651,-0.012,1
-0.547,0.217,-0.797,0.883,1.566,0.487,0.58,-0.692,1
-0.467,-0.204,1.763,0.489,0.145,0.196,-0.508,-0.965,0
0.575,0.258,-0.762,-2.445,-0.153,-0.763,2.031,-0.134,0
-2.669,0.058,0.667,1.848,1.433,-1.793,-0.149,0.085,1
0.656,-1.108,-0.651,-0.185,0.007,0.431,0.578,-2.148,0
-0.044,0.56,-0.202,-0.368,-0.488,-0.148,-0.527,0.126,0
-1.81,-1.246,-0.127,0.31,0.689,-0.34,0.957,-0.28,0
1.241,-0.208,1.753,-0.722,0.508,-2.32,1.709,0.045,0
0.515,1.429,-1.687,-0.683,-0.851,1.907,0.602,0.038,1
1.549,-0.023,-0.099,1.386,1.08,-1.779,0.075,0.846,0
0.771,3.078,-0.003,0.447,-0.282,0.021,0.408,1.421,1
-0.629,-0.236,0.26,-0.695,-0.672,-1.577,0.899,-0.639,0
-0.388,-0.113,0.16,-0.258,1.116,-1.218,-0.316,-0.712,0
-0.075,-0.294,-0.915,0.381,0.091,-0.179,-0.67,-0.523,0
1.384,-1.106,-1.037,-0.912,0.74,-0.462,0.294,1.142,0
-0.138,-0.012,-1.71,-0.96,-1.212,-0.726,0.109,-0.463,0
-0.434,1.782,-1.158,-0.318,-0.137,-0.597,-0.052,0.0,0
-0.426,0.188,-1.331,0.338,1.244,0.394,-1.407,0.832,0
-1.394,0.393,-0.417,0.366,0.351,2.431,-0.197,-0.706,1
-0.238,0.003,0.618,0.34,-0.111,1.49,0.083,-1.443,1
-0.336,1.153,0.371,0.329,-0.232,-0.334,0.362,0.978,1
0.072,0.293,-0.122,-0.158,-0.065,0.217,0.19,0.604,1
-0.145,1.277,-0.504,-1.328,1.845,-1.675,0.308,-0.616,1
-1.563,0.669,0.285,-0.609,-1.495,0.242,0.908,0.936,1
0.656,-0.093,1.263,-1.125,0.073,-1.975,0.569,0.466,0
-1.126,1.473,0.028,-0.176,1.529,0.456,-1.316,-0.06,1
0.361,0.229,0.274,-0.912,-1.95,-1.73,0.946,1.877,0
-1.026,-0.62,-0.245,-1.085,-0.427,-2.145,0.413,0.763,0
0.571,-0.282,0.483,-1.338,-1.296,-0.352,1.376,-0.743,0
-0.203,0.703,-0.162,1.01,-0.484,-0.692,0.693,-0.287,1
1.094,0.956,-0.242,-0.835,-1.008,2.196,0.952,0.578,1
0.652,-1.092,-0.561,-0.195,-0.906,0.081,-0.263,-0.198,0
0.486,1.351,-0.953,-1.62,1.191,-1.471,-1.049,-0.099,0
-0.546,0.728,0.721,0.596,-0.334,0.738,0.452,0.508,1
0.046,-1.871,-0.045,-0.957,0.472,0.72,1.691,-0.816,1
0.343,-1.484,-0.547,-1.007,-0.857,-1.587,-0.544,-1.159,0
-0.574,0.952,-0.846,1.685,1.085,-0.699,-0.201,0.629,1
0.579,0.761,-1.21,-0.474,0.679,-1.262,1.665,-0.56,0
0.014,-1.109,1.992,0.166,-0.737,-0.499,-0.575,0.188,0
-0.12,1.562,-1.103,-0.956,0.263,0.248,-0.401,0.047,1
0.727,-0.302,-0.633,-1.632,0.356,-1.814,-0.08,0.297,0
0.266,-0.757,-0.246,1.24,0.459,-0.339,1.779,-1.534,0
-1.0,-0.456,0.382,-0.025,1.014,0.36,1.317,-2.608,1
-0.817,0.522,-1.461,1.59,-0.333,0.139,1.277,0.988,1
1.462,-1.613,0.952,0.2,-1.04,-0.705,-0.207,2.278,0
1.826,0.281,-0.382,-0.337,-0.466,0.54,-0.563,-0.604,0
1.136,-0.671,0.971,0.614,1.156,0.804,0.524,0.664,1
0.738,0.559,1.537,-1.685,1.257,-0.669,-1.306,0.659,1
0.186,-2.592,-0.871,-0.479,0.407,0.422,-0.132,0.015,0
0.844,0.78,-1.07,-0.416,-1.069,1.717,0.42,1.51,0
0.495,-0.43,0.068,0.793,-0.08,-0.553,-0.887,-1.5,0
0.396,0.036,-0.134,0.685,-1.92,-0.908,2.066,1.597,1
-0.646,-1.179,-0.835,0.11,0.255,0.14,1.281,-0.69,1
1.41,0.006,0.195,-0.419,-2.117,-0.238,-0.123,0.335,0
2.95,-2.221,-0.803,0.05,-0.383,0.651,0.891,0.481,0
-0.2,0.878,-0.77,0.334,-1.29,0.275,-0.912,0.172,0
3.624,1.123,-0.866,0.359,1.345,-0.501,-1.214,0.07,0
-0.143,0.589,-1.094,-0.729,-1.576,-0.204,-1.03,2.167,1
-0.481,-1.378,-0.498,0.251,0.135,-1.082,0.078,0.582,0
0.764,-1.321,-0.369,-0.016,-0.354,-0.414,-1.632,1.631,0
-1.074,-0.529,-0.466,0.297,0.104,0.518,-1.084,-0.277,1
-0.339,1.87,1.174,-0.055,-0.375,-0.681,-0.72,0.316,0
-0.399,0.222,0.491,-1.48,0.439,1.946,-1.794,0.57,1
-0.354,-0.213,-0.359,-0.339,-2.418,-0.076,-0.397,0.275,0
-0.982,-0.418,1.182,-0.569,-0.862,-0.058,0.621,-0.048,1
-0.384,2.169,1.054,-1.803,-0.43,0.532,0.987,1.5,1
-0.366,-0.125,-0.345,1.486,-0.362,1.007,-0.937,0.165,1
0.453,1.028,-0.47,1.466,-1.955,-1.261,-0.905,-2.444,1
1.286,-0.326,0.65,-1.703,0.008,0.442,0.406,1.777,0
1.05,0.39,-0.61,-1.081,0.433,-0.747,0.607,-0.035,1
1.286,-0.172,0.128,1.164,1.664,-1.259,-0.487,0.05,0
0.283,0.289,0.962,-0.776,0.714,0.159,-0.413,-0.986,0
0.53,1.279,-1.304,-0.548,-1.812,-0.495,0.468,0.372,0
-0.914,1.708,3.934,0.236,-0.192,-1.468,1.093,-0.968,1
-1.224,-1.507,0.531,1.038,-0.384,-1.021,0.197,-1.789,1
-0.962,0.361,-0.068,0.817,1.047,-0.068,-0.892,-0.854,1
0.2,-0.467,0.236,0.76,-1.649,0.254,1.225,-0.298,1
-1.102,-0.978,-0.971,-1.899,-1.058,-1.265,0.696,0.893,0
0.515,0.68,-0.024,-0.548,-0.015,-1.681,-0.653,-0.408,0
2.095,-0.374,0.4,0.61,0.654,-0.792,-0.231,0.245,0
-0.624,0.027,1.001,-1.045,-1.248,0.404,0.777,-0.2,1
-2.031,0.237,0.434,0.624,0.058,0.595,-0.864,1.796,1
-1.438,0.221,-0.663,0.022,-1.185,1.771,-0.698,0.067,1
0.427,-0.425,0.966,-1.632,-1.248,-0.244,-1.621,0.201,0
0.326,-1.277,-1.567,0.841,-0.157,1.433,3.319,-0.768,1
1.813,-1.332,-0.226,-1.445,0.999,-1.706,0.436,1.064,0
0.316,0.682,0.055,0.599,-1.605,0.171,-1.815,-0.472,0
0.575,0.258,-0.762,-2.445,-0.153,-0.763,2.031,-0.134,0
0.661,-0.468,0.304,-1.235,1.251,-1.929,-1.156,0.401,0
-0.678,0.79,-2.597,-1.26,2.048,0.651,-0.249,1.79,1
0.07,0.507,-0.033,1.362,0.844,-0.236,0.481,-1.887,1
0.195,-0.195,-0.244,-0.225,0.019,-1.198,0.463,-1.607,0
-1.619,1.361,0.63,-1.509,-0.232,0.133,1.104,1.093,1
-0.2,2.034,0.049,-0.158,-0.928,-0.856,-0.271,1.801,0
-1.596,-0.725,-0.244,0.517,1.163,-0.119,0.547,-1.428,1
0.048,-0.394,0.185,2.366,1.479,-0.457,-0.674,1.033,0
0.016,0.201,1.902,0.657,1.249,0.204,0.075,0.041,0
0.171,-0.615,0.041,0.377,-0.131,2.326,0.489,-2.265,1
-1.548,0.392,0.342,1.15,-0.704,-0.984,-0.039,-1.444,1
0.391,-0.603,-1.87,0.227,-0.059,-0.066,-0.755,-0.715,0
0.865,-0.946,-0.02,0.034,1.645,0.824,-0.467,0.428,1
0.176,-0.72,-0.266,0.057,-0.43,-0.845,-0.802,-1.504,0
-1.923,0.013,-1.588,-2.176,0.308,-0.452,-1.084,-1.117,1
-0.133,0.295,1.248,0.023,0.122,1.542,-0.101,-0.148,1
1.163,0.249,-0.92,0.322,1.112,1.556,1.395,0.512,0
-0.635,-0.322,0.408,-0.925,1.834,-2.563,-1.523,0.916,0
-1.18,2.575,-0.34,-1.944,0.693,1.083,0.6,0.781,1
-0.105,-0.567,0.517,0.186,0.848,0.285,0.75,1.649,1
-0.103,0.171,-0.38,1.157,1.964,-0.989,-0.487,0.699,1
0.946,-0.616,0.657,-0.627,1.192,-0.667,1.426,-0.136,1
3.932,-1.392,-0.639,1.527,0.638,1.253,0.287,0.463,0
-1.249,1.293,-0.151,0.98,-1.173,-0.317,-1.245,1.427,1
-0.312,-1.217,0.69,-1.333,0.068,-2.458,-1.105,-0.339,0
0.743,2.211,0.512,-0.912,0.373,-0.272,-0.64,0.243,1
0.34,0.398,-1.136,-1.286,-0.127,-1.017,0.918,0.557,0
-1.691,1.049,0.449,-0.801,-1.558,1.671,-1.59,0.299,1
0.091,0.436,1.205,0.011,0.389,2.019,-0.407,-0.014,1
-2.034,0.721,0.653,-0.34,-1.127,-0.007,-0.866,-0.278,1
-0.712,0.825,-2.179,-1.417,-0.516,-1.682,-0.018,0.014,0
0.352,-0.343,-0.814,-0.509,0.732,-0.04,0.217,0.618,0
2.204,-0.19,0.639,-0.071,1.537,-0.348,0.337,-0.87,0
-1.01,-0.436,-0.313,-1.61,-1.719,1.317,-1.24,-0.131,1
0.282,-1.611,-0.004,0.828,0.349,1.476,-0.496,1.252,0
1.967,0.662,0.612,-0.357,-0.827,0.196,-0.467,-0.37,0
-0.383,-0.301,-0.235,-1.158,0.011,-0.248,0.162,-0.779,1
1.12,1.417,-0.147,1.147,-1.946,-0.451,0.391,1.356,0
0.18,-1.882,0.399,1.882,0.685,0.879,0.036,-1.971,1
-0.125,-0.301,-0.207,0.314,0.58,0.209,-0.365,0.3,0
-0.613,-1.564,-1.717,0.415,0.137,0.037,0.691,-0.46,0
0.716,0.302,-0.68,-0.453,0.577,0.735,-1.282,-0.504,0
0.945,0.569,-1.595,1.54,2.292,-0.769,0.056,1.397,0
-1.583,-0.657,1.608,-0.916,-0.169,-1.88,2.157,1.027,1
-0.643,-2.479,-0.622,-0.208,0.51,2.42,-1.058,-0.286,1
2.06,-1.703,-1.207,-0.779,-0.956,0.134,0.195,1.912,0
-0.55,1.939,0.904,0.429,0.839,0.213,-0.091,0.333,1
-1.227,-0.683,-0.072,-0.945,-0.098,0.095,0.036,-0.506,0
0.261,-0.298,-0.905,-0.601,0.222,0.533,-2.305,0.306,0
-0.621,-0.301,2.123,0.499,-0.798,-1.278,0.686,-0.002,0
-0.348,0.973,1.0,1.013,0.674,-0.922,-0.629,-0.445,0
0.143,-1.101,-0.573,-0.672,0.406,0.646,0.142,-0.428,0
1.192,0.668,0.248,-0.766,1.218,0.623,-0.844,-1.28,1
0.831,0.368,0.048,0.773,0.597,0.131,0.366,-0.48,1
2.767,-0.419,0.097,-0.676,-0.179,0.968,0.332,-0.409,0
1.851,-0.514,1.127,0.766,-0.905,0.405,1.331,0.652,0
0.88,-1.139,-0.78,0.087,-1.555,0.169,-0.459,1.226,0
-0.695,0.489,2.01,-0.447,0.664,0.975,-1.616,0.307,1
0.547,-0.128,-1.044,-0.502,-0.34,1.423,-1.564,-0.813,0
-0.272,-0.449,-0.005,0.379,-0.031,0.045,0.753,-0.074,0
-1.328,0.711,1.613,0.107,0.585,0.303,1.043,-1.023,1
2.124,-1.097,0.547,0.507,-0.328,-0.14,-0.702,1.804,0
0.499,-1.565,0.026,0.336,-0.048,-2.467,0.737,-1.421,0
-1.081,1.503,1.365,0.854,0.184,1.93,-0.367,0.25,1
-1.037,0.764,-1.042,-0.703,-0.447,-0.906,0.743,1.543,1
-1.332,-0.092,-0.727,-0.612,-0.636,0.188,0.149,-1.713,1
-2.058,0.488,-0.009,-0.61,0.129,0.893,0.128,-0.746,0
-2.424,-0.411,-0.459,2.443,-0.631,-1.143,1.86,-0.74,0
-0.12,1.057,0.093,-1.049,0.327,-1.098,-1.578,0.494,0
2.505,-0.791,0.178,1.015,0.99,-0.644,-0.595,0.643,0
-1.631,-0.105,0.277,0.489,-0.013,-1.027,0.481,0.217,0
0.71,-0.401,-0.041,-0.069,1.274,0.485,1.935,1.102,1
0.045,1.875,-1.303,0.132,0.692,1.128,-0.84,0.535,1
0.338,0.728,-0.343,-0.638,0.346,-0.317,-2.759,-0.608,0
0.21,1.039,-1.328,0.598,0.449,0.657,-1.345,0.243,1
-0.579,-1.124,-0.469,-0.262,1.002,-1.139,-0.293,-1.288,0
1.065,-0.889,-0.48,-0.841,0.926,1.874,-0.78,0.962,0
0.999,1.222,0.42,-0.146,-0.685,-1.508,-0.868,-0.379,0
0.493,0.726,-0.217,-0.137,0.546,-0.136,3.142,0.129,1
-1.896,-1.342,0.611,-0.704,0.545,1.235,-0.355,0.283,1
1.158,0.118,0.104,-1.699,1.581,-0.756,0.707,-1.565,1
-0.343,0.664,0.364,1.473,-1.033,1.387,-0.739,-0.593,1
-0.64,1.874,1.489,-0.083,-0.831,1.767,-2.699,-1.416,1
-1.996,-0.841,0.244,0.328,-0.24,1.023,-0.458,2.474,1
2.448,0.908,-0.759,0.713,-1.24,1.247,-0.777,-0.753,0
0.741,0.143,0.755,0.043,3.718,0.686,-0.787,-0.04,1
0.352,-2.723,-0.919,-0.107,0.43,-0.272,-0.055,-0.97,0
-0.698,1.015,2.003,-2.123,1.269,0.241,-0.504,-1.303,1
-1.014,0.365,1.479,1.091,1.06,-0.726,-0.547,-0.453,1
-1.218,0.193,-0.197,2.593,0.756,-1.106,-0.189,1.461,0
-0.934,0.233,-0.58,2.375,1.259,-3.169,-0.93,0.353,0
0.459,-0.159,1.143,-0.269,-0.067,0.333,0.921,0.571,0
-0.378,2.043,0.647,0.663,-0.514,-1.648,0.167,0.109,0
1.018,-0.272,-0.316,0.81,0.219,0.037,0.166,-1.293,1
0.647,-0.229,1.107,0.293,0.378,-2.162,0.211,-0.979,0
-2.715,0.265,0.895,-1.733,0.636,0.971,-0.394,0.259,1
-1.619,-0.453,0.854,1.961,-0.945,0.038,0.332,-0.305,1
-1.593,-0.04,-1.309,-0.01,0.413,0.679,0.386,-0.199,1
0.068,2.387,-0.018,0.713,-0.892,-0.137,0.381,-1.293,1
-0.371,-0.327,-2.002,-0.068,-1.172,1.582,-0.996,-1.04,0
-2.954,0.044,-0.862,-0.398,1.672,-1.153,-1.059,2.437,1
0.794,-1.561,-2.565,1.077,-0.47,-0.395,-0.828,-0.549,0
-0.874,0.318,-0.299,-1.598,1.08,-1.763,1.47,1.082,1
0.493,-0.398,0.163,0.682,1.192,-1.235,0.611,-0.621,0
-0.237,-0.246,0.845,-0.858,-0.453,-0.463,0.638,0.485,0
0.161,0.057,-1.13,-0.427,0.118,-0.434,0.436,0.876,1
0.064,1.234,1.555,-0.392,3.752,-0.036,-0.399,0.568,1
0.266,-0.104,-1.428,0.123,1.311,0.42,0.508,-0.338,0
-0.266,-0.988,-0.126,-0.745,0.034,-0.428,1.439,-0.914,1
0.233,0.905,1.386,0.19,-0.204,0.686,-2.19,-1.429,0
0.407,-0.336,-0.224,-1.601,-0.171,-0.217,-0.082,1.299,0
-0.134,-0.947,-1.07,0.501,-0.641,-0.985,1.987,-0.29,1
-0.592,-1.248,-0.417,0.557,-1.506,-0.832,0.556,1.448,0
1.738,-1.976,0.128,-1.583,1.26,-1.946,0.19,0.771,0
0.305,-0.837,-0.321,0.476,1.477,1.503,-1.019,-0.497,1
-0.841,-0.506,-0.348,0.532,-0.405,0.278,-0.177,-0.845,0
-0.054,-1.066,-0.404,-1.3,-0.916,-0.43,-0.617,2.258,0
1.061,0.73,0.506,1.196,-0.177,0.568,0.117,-0.97,0
1.009,-0.434,-0.136,-1.803,0.375,-0.731,1.494,-1.754,1
0.529,-0.097,0.111,1.389,0.406,-0.233,0.674,-0.744,0
1.891,-0.037,-0.123,0.495,0.695,-0.935,0.404,0.022,0
0.466,-0.931,0.187,-0.274,0.232,0.361,-0.055,-0.054,1
0.636,0.445,-0.61,-0.42,-1.154,-0.435,-1.423,-0.069,0
-0.618,-0.228,-0.453,-0.837,-0.252,-0.151,-2.249,0.114,0
0.145,1.843,0.034,0.255,-0.437,0.726,-1.168,0.78,1
-0.551,0.506,-2.705,1.653,-0.475,-1.379,0.595,-1.355,0
-0.64,-1.581,-0.009,-1.431,-1.184,-0.02,0.273,-0.809,0
0.393,-1.068,-0.363,-0.347,-0.547,-1.894,-1.876,-0.122,0
0.486,0.468,-0.175,0.848,-0.605,1.11,0.04,-0.036,0
-0.51,0.407,-0.918,-0.151,0.205,0.149,0.308,-0.907,1
-0.339,-1.353,-0.01,0.79,-0.236,-0.175,1.169,-0.471,0
2.02,0.099,0.942,0.305,1.086,-0.22,2.028,1.573,1
-0.164,0.38,-0.436,-0.779,-0.465,1.165,0.932,-0.055,1
0.282,1.223,-0.757,-2.721,0.824,1.061,1.557,-1.003,1
0.676,-0.38,-0.286,0.044,-0.154,-0.709,-0.203,-0.885,0
-0.07,2.199,-0.124,1.395,0.236,0.015,1.674,-0.214,1
-0.285,-0.259,1.151,0.093,1.551,-1.385,0.746,0.724,1
0.301,-0.968,0.624,-1.46,-0.879,-1.499,0.941,2.626,0
-1.704,0.443,-0.082,0.085,0.592,0.35,-0.886,0.073,1
1.037,-0.146,-0.93,-2.916,-0.026,-0.679,-0.236,-0.011,0
1.261,0.525,-0.272,1.203,1.739,-0.77,0.265,-0.054,0
2.248,0.721,1.567,1.401,0.44,-0.162,-0.842,-0.121,0
1.521,-1.344,0.963,-2.71,-1.32,-0.338,-1.178,0.733,0
1.163,-0.127,1.334,-0.478,-0.329,-1.31,2.088,0.172,0
-0.254,-0.126,-0.177,0.46,0.885,-0.17,1.063,0.058,1
-0.351,-0.98,-0.616,2.433,0.39,-1.351,0.889,0.494,0
0.84,-0.194,1.492,-0.9,0.907,1.542,-0.441,-0.898,1
-0.965,0.031,-0.19,0.545,0.552,1.682,0.069,-0.518,1
1.879,0.327,0.252,1.293,-0.078,0.35,0.846,-1.519,1
-1.634,-1.324,-0.985,0.455,-1.219,-2.069,-1.453,-0.592,0
0.945,-0.874,-1.237,-0.99,-0.857,0.164,0.816,-2.11,0
0.44,-0.209,0.307,0.058,2.379,0.593,-1.592,0.736,1
-0.321,-0.84,2.482,-0.522,0.371,-0.603,-0.111,-0.34,0
0.935,0.194,0.246,0.56,-0.084,-0.191,-0.324,-0.67,0
-3.071,0.189,-0.112,-0.91,0.344,0.129,1.004,1.363,1
1.102,0.299,-0.692,-0.916,0.183,0.927,-0.232,-1.347,0
1.031,-0.738,0.243,0.127,-0.886,-1.578,-2.419,-0.633,0
-0.894,-0.036,-1.249,0.614,-0.081,0.301,-0.665,-0.021,0
1.058,0.186,-0.573,0.495,-1.008,3.034,-0.62,-0.073,1
-0.312,-0.593,0.81,-0.711,-0.782,0.521,-1.138,-0.689,0
0.68,0.151,0.008,-0.029,0.594,0.732,-0.635,-0.708,1
-1.241,0.217,0.275,-0.193,0.203,-0.34,-1.538,-1.653,0
-1.883,-0.452,0.951,-0.912,-0.477,-0.351,0.661,0.138,1
-0.226,0.409,0.633,-0.902,1.509,0.305,1.011,1.696,1
0.138,-0.507,0.347,0.401,-0.659,0.76,1.526,-1.388,1
0.564,1.845,-0.723,-0.664,2.629,0.155,-0.445,-1.081,1
-1.681,0.211,-0.7,2.231,0.541,-1.679,-0.773,-2.259,1
-0.203,-1.741,-1.345,0.467,1.566,0.179,-1.657,-1.031,0
0.969,1.615,1.124,1.652,-1.246,-1.679,1.437,0.156,1
2.178,0.498,0.972,-0.013,0.179,1.522,-2.042,-0.354,0
-0.778,0.927,1.898,-0.044,1.36,1.358,1.606,0.092,1
0.63,1.442,-0.526,-1.698,0.2,0.708,-2.722,0.138,1
0.76,-0.337,0.255,-1.46,-1.287,1.156,0.031,-1.638,0
0.764,-1.321,-0.369,-0.016,-0.354,-0.414,-1.632,1.631,0
-1.007,1.725,0.585,1.966,-1.756,-1.627,0.253,-0.224,1
-0.685,0.435,0.661,-0.006,0.598,0.708,-0.677,0.055,1
0.271,0.593,-0.327,1.463,-0.625,-0.907,-0.726,-1.19,0
-0.661,-0.813,-1.181,-1.292,0.422,1.109,-0.362,0.787,1
0.512,-0.421,-0.229,0.425,0.282,-1.159,0.833,-0.59,0
-1.441,-1.683,0.466,0.671,-0.109,0.159,0.608,1.046,1
0.104,-1.114,0.441,-0.159,0.912,0.845,-1.484,-0.66,0
0.611,0.232,0.786,-0.022,0.52,-1.138,-1.417,2.11,0
-0.344,-0.23,0.594,1.288,0.862,1.765,-0.452,0.41,1
0.668,0.497,1.334,0.806,-2.615,0.407,1.377,-0.343,1
1.059,0.136,-0.238,-0.498,1.419,-0.503,1.272,-0.503,1
-0.14,0.74,0.247,-1.848,-1.115,0.374,-0.001,1.01,1
0.176,-0.144,2.403,1.895,-0.299,2.105,-0.953,-0.951,1
-2.086,0.101,1.817,0.109,1.162,-0.072,-2.158,0.49,1
-0.223,-0.924,0.932,0.246,-2.158,-1.207,-0.568,0.628,0
-1.207,-1.287,-0.209,-1.917,0.67,-1.133,-0.806,-1.081,0
-0.752,-1.557,-0.202,-0.131,0.664,1.429,0.738,0.867,1
0.905,1.092,-1.759,-1.201,-0.345,0.104,0.012,0.045,0
0.28,-0.204,1.491,-1.227,0.952,2.121,0.092,0.874,1
-0.704,0.852,-0.914,-2.729,-1.06,0.094,-3.08,-0.357,0
-0.852,-0.744,0.723,-0.541,-0.451,0.112,1.621,-0.611,1
-0.199,-1.877,0.322,-0.944,-0.889,-0.083,-1.129,0.038,0
0.62,1.33,1.95,1.462,0.983,-0.827,-0.871,-1.221,0
-1.361,0.4,0.918,0.797,-0.789,1.101,0.707,-0.154,1
-0.197,-0.458,1.088,0.888,-0.787,0.962,1.379,-0.016,1
-1.433,-0.476,1.017,-2.175,-0.241,-2.121,0.183,-0.747,1
0.736,0.791,1.444,-1.272,0.228,-0.163,-1.179,0.667,0
0.159,1.252,-0.417,1.91,0.181,0.88,-0.257,-1.259,1
-0.109,0.147,0.514,0.581,-0.171,-0.255,0.012,2.069,1
0.832,-0.55,-0.189,2.382,-0.591,2.661,-0.08,-0.142,0
0.216,0.092,1.394,-0.054,-1.703,0.612,2.213,-0.653,1
1.41,0.006,0.195,-0.419,-2.117,-0.238,-0.123,0.335,0
1.244,0.134,-1.567,0.168,-0.212,1.832,1.776,0.609,0
-0.473,-0.052,0.15,0.386,0.886,-0.394,-1.085,0.864,1
-0.508,-2.079,-0.772,-0.482,1.159,0.566,-1.904,2.542,0
-1.431,-0.273,0.133,-1.657,0.354,2.684,1.514,2.337,1
-0.835,0.535,0.68,1.158,1.394,-0.497,-1.431,-0.642,1
-0.173,-0.242,0.083,-2.457,0.594,0.559,2.0,-1.373,1
0.586,0.012,-0.364,-1.533,-0.292,-0.58,-0.743,0.156,0
-0.325,-1.158,-2.718,-0.016,0.744,0.299,-1.238,0.807,0
0.108,-0.691,0.004,0.596,-0.883,0.241,0.27,-0.131,0
0.82,1.854,-1.214,-1.474,-0.43,-2.141,-0.203,0.172,0
-1.759,1.297,-0.52,-0.36,0.011,-0.544,1.265,0.41,1
0.817,0.667,-0.71,0.191,0.353,0.391,0.497,-0.423,1
0.712,0.714,-0.692,0.176,-0.866,-1.02,0.541,-1.282,0
1.057,-1.774,-1.499,-0.634,1.053,0.839,-0.707,-1.503,0
-1.355,0.669,0.173,0.904,0.528,1.386,-1.018,0.863,1
-1.619,-0.453,0.854,1.961,-0.945,0.038,0.332,-0.305,1
-1.106,-0.548,-0.337,-0.917,1.183,0.779,0.175,0.561,1
0.092,0.142,0.541,-0.593,-0.625,0.246,-0.851,-0.757,0
0.823,-1.914,-1.121,-0.111,0.145,-1.285,1.038,0.425,0
-1.174,0.964,0.536,0.356,-0.083,0.772,-0.915,0.09,1
-0.339,-1.353,-0.01,0.79,-0.236,-0.175,1.169,-0.471,0
0.031,-2.061,1.095,0.778,0.089,-0.258,-0.707,1.448,0
-0.409,-0.13,-0.255,0.528,-0.211,-1.051,-0.838,0.032,0
0.948,0.295,0.088,0.84,1.309,1.117,-1.817,-1.263,0
0.992,-0.044,-0.919,-0.062,0.621,-1.052,0.434,0.35,0
-0.59,-0.824,-1.087,-1.251,1.402,-0.917,-2.019,-0.843,0
-2.032,-0.314,0.674,-0.07,-1.017,-0.929,1.765,-1.514,1
0.123,-0.611,-0.514,0.561,0.664,-0.694,-0.624,1.977,0
-0.667,1.319,2.319,0.075,0.101,0.132,0.649,0.344,1
0.151,-1.395,0.397,-1.171,2.579,-0.96,1.396,-1.199,1
1.668,0.357,0.371,1.418,2.007,2.959,-2.45,0.01,0
0.097,1.219,-2.206,-0.982,0.511,-0.605,0.387,-0.521,1
0.23,-0.087,2.187,-0.053,-0.329,-0.527,-1.163,0.788,0
1.349,-1.473,-1.298,0.358,3.145,1.17,-0.985,1.886,0
-0.808,2.572,1.092,-0.546,0.858,1.359,0.687,1.098,1
0.496,0.766,-0.082,0.969,0.666,0.605,-0.068,0.652,1
0.307,1.398,2.463,1.278,0.997,-1.761,-0.351,-0.352,0
0.22,-0.13,-0.176,-1.57,1.436,-1.699,0.034,0.907,0
0.71,-0.401,-0.041,-0.069,1.274,0.485,1.935,1.102,1
0.636,-0.064,0.565,1.543,-2.09,-0.633,-1.69,-0.03,0
0.066,1.049,1.097,0.185,-1.094,-1.023,1.104,0.694,1
1.813,1.593,-1.253,1.042,-0.16,-2.612,0.849,-1.8,0
-0.402,-0.382,-0.267,-0.183,2.173,1.847,-2.232,-0.174,1
0.468,-0.015,-0.097,-0.196,0.321,-0.406,0.625,-0.385,0
-1.044,-1.618,-0.154,0.384,0.655,-1.127,-2.396,0.865,0
-0.577,-0.852,0.811,0.234,-2.028,0.343,0.665,-0.692,1
1.355,-1.418,-1.252,0.283,0.62,1.159,-0.598,-1.581,0
0.572,0.706,1.719,-1.037,-1.696,-1.913,0.297,1.093,0
-1.093,-0.266,-0.257,0.346,-0.275,0.924,1.44,-0.681,1
2.95,-2.221,-0.803,0.05,-0.383,0.651,0.891,0.481,0
1.721,2.455,-0.384,-0.108,-0.092,0.655,0.705,0.081,1
-1.148,1.064,1.462,0.231,0.886,1.085,0.995,-1.234,1
-0.869,1.648,-0.231,-0.799,0.451,-1.372,2.051,2.348,1
0.002,-0.202,-0.899,-1.251,0.961,0.142,0.593,-0.677,0
-0.333,1.314,-0.955,-0.809,0.671,1.509,-0.078,0.248,1
1.241,-0.204,0.947,1.929,0.911,0.392,1.547,-0.497,1
1.067,0.405,1.089,0.436,-0.819,-0.769,1.114,-0.577,1
-1.471,0.98,1.264,-1.51,-0.291,0.098,-1.696,0.131,0
0.648,1.871,-1.142,0.339,-0.259,0.826,0.45,1.472,0
-0.272,0.216,0.423,0.024,0.427,-1.155,-1.167,0.408,0
-1.842,0.403,-0.386,0.278,-1.326,-1.595,1.61,1.498,1
0.469,0.997,-1.426,0.42,-1.128,0.443,-0.526,-1.112,0
0.538,0.676,-0.15,0.106,1.192,-0.164,1.065,0.001,1
-1.487,-1.898,1.262,0.574,-1.479,1.909,-0.714,0.511,1
0.121,0.419,1.229,-1.116,0.664,1.855,0.515,0.568,1
1.89,0.415,-0.407,0.329,0.71,0.28,1.45,-0.658,1
-1.204,0.326,0.29,0.902,-0.714,-0.795,0.864,0.263,0
2.027,0.083,0.241,-0.288,1.014,-0.551,-1.439,1.508,0
-0.586,1.18,-0.163,-0.714,-0.478,-0.695,-0.374,-0.922,1
0.862,-1.523,0.404,0.073,-0.244,-0.47,0.472,-0.065,0
1.278,-0.515,0.888,-1.314,0.517,0.469,1.486,-0.475,1
0.188,-1.09,-0.237,1.635,-0.537,0.442,-0.892,-0.639,0
-1.725,-1.603,2.166,-1.767,0.575,-0.848,-0.763,-1.983,1
0.466,-0.78,-2.388,-0.223,-1.809,1.162,0.417,1.762,1
0.862,-1.523,0.404,0.073,-0.244,-0.47,0.472,-0.065,0
0.808,0.789,0.002,-1.353,0.374,-0.424,0.34,-0.235,1
-1.803,0.256,0.043,-0.544,0.79,0.966,-1.291,0.264,1
-0.079,1.402,-1.542,-1.329,-1.401,0.967,-1.101,0.595,0
0.3,-0.357,0.564,1.012,0.534,2.441,0.376,1.23,1
0.305,0.726,-0.184,0.783,1.081,-1.427,-1.022,0.436,0
-0.974,-1.402,-0.974,0.773,-1.52,-2.785,2.112,-0.448,0
-0.601,0.264,-1.274,0.741,-1.161,-1.512,0.09,0.138,0
1.455,-0.488,-0.845,-0.904,1.177,-1.055,1.728,0.67,0
0.542,-0.532,0.336,1.906,-1.071,-0.302,-0.767,1.985,0
-0.39,0.018,-0.843,-1.383,0.193,0.452,-0.012,-1.622,1
-0.252,1.027,-0.746,0.345,0.837,-1.128,0.668,-1.243,1
0.107,1.19,-0.936,-0.232,-0.556,-1.157,-0.419,0.306,0
0.485,0.385,1.224,-1.065,0.511,0.687,-0.23,-1.63,1
-1.363,-0.9,-0.803,-1.604,0.244,-0.499,1.025,-0.83,0
0.305,1.34,-0.362,0.509,1.337,-0.797,-0.256,0.671,0
-0.944,0.528,-0.398,-0.309,-0.335,1.706,0.422,0.282,1
-0.381,-0.91,1.248,0.458,0.155,1.016,0.663,-0.162,0
0.383,0.868,0.924,1.359,-0.33,-0.585,0.535,0.893,1
0.459,1.144,1.289,0.111,0.004,-0.737,0.304,0.576,1
-2.276,-0.092,1.754,0.877,0.625,-0.849,-1.13,-1.083,1
0.814,1.586,0.285,0.05,2.291,-0.331,0.328,0.682,1
0.25,0.486,-0.39,-1.307,-1.019,0.864,-0.392,-1.596,1
-0.787,-0.042,-0.431,-0.526,0.204,0.398,-1.795,1.238,0
0.194,-0.231,1.098,-0.848,1.395,0.293,-0.297,1.18,1
-0.514,0.766,1.374,-0.648,-1.752,0.548,-0.394,1.768,1
-0.339,1.87,1.174,-0.055,-0.375,-0.681,-0.72,0.316,0
0.522,-1.638,-0.868,0.226,-2.821,0.019,0.609,0.653,0
-1.816,0.483,0.369,0.024,-0.67,-0.684,-0.342,2.96,1
-0.274,0.288,0.003,-0.611,0.23,0.682,-0.081,-0.581,1
-0.666,-1.194,-2.535,-0.588,-1.433,-1.175,-0.206,0.267,0
-0.878,-1.728,2.069,-0.774,0.535,0.12,0.303,1.791,0
-0.28,1.233,-1.18,0.991,0.226,-0.627,-0.458,0.231,1
0.858,-0.75,-0.142,0.508,-0.811,-0.526,0.08,1.244,0
-0.081,0.539,2.056,-1.629,-1.378,-0.068,0.032,-0.045,0
0.833,-0.003,0.225,-0.64,1.024,-0.675,2.004,-0.123,1
1.049,-0.29,0.949,0.811,-1.16,0.36,0.462,-0.068,1
1.126,0.553,0.21,0.233,1.264,-0.448,-0.769,0.734,0
1.135,-0.984,0.239,0.638,-1.453,1.602,-0.344,0.172,1
1.308,-0.614,0.061,-0.49,0.253,0.137,-1.299,0.976,0
0.549,-0.053,-0.473,0.076,0.244,0.07,0.574,-1.827,0
0.145,1.843,0.034,0.255,-0.437,0.726,-1.168,0.78,1
-0.123,-1.563,0.646,0.265,0.226,-1.942,0.793,0.733,0
-1.564,-0.516,0.573,0.965,-1.581,-1.239,1.031,-0.537,1
-1.211,-0.645,1.111,-0.169,0.076,-0.126,-0.518,1.235,0
0.213,-0.618,0.118,1.286,0.367,-0.393,1.133,-1.377,0
-0.998,-0.621,0.657,-0.784,-1.021,-0.818,1.203,0.244,0
0.172,1.177,0.111,1.785,0.284,-1.169,-0.26,0.343,0
-1.338,-0.828,0.436,-0.287,0.537,-1.024,0.022,0.349,0
0.52,0.804,0.823,0.493,0.544,1.683,-0.037,0.118,1
1.527,-1.067,0.042,-1.913,0.403,0.77,-0.023,-0.711,0
0.561,-2.136,0.232,0.028,-1.37,2.176,-1.387,-1.078,0
0.775,-0.013,-1.073,0.866,0.847,1.528,-0.77,1.341,0
-0.134,-0.821,-1.183,0.162,1.11,0.272,0.173,-0.379,0
-0.847,-0.984,-1.306,0.863,-0.175,-1.344,0.138,0.093,0
-0.66,-1.132,0.051,0.637,-0.311,-0.092,-0.029,0.057,0
1.062,0.168,0.918,-0.252,1.363,-1.758,-0.689,0.724,0
0.895,0.623,-0.878,-2.571,0.176,1.029,0.274,0.844,0
1.891,-0.037,-0.123,0.495,0.695,-0.935,0.404,0.022,0
-0.395,0.642,1.152,0.768,-0.521,0.706,0.796,-1.263,1
0.027,-1.14,0.184,-1.005,0.595,-2.763,-2.119,-0.196,0
0.697,-0.899,-0.383,0.557,-0.528,-0.648,0.436,0.291,0
0.415,-1.512,-1.633,-0.902,1.299,-0.559,1.833,1.333,0
1.177,2.104,-0.579,0.256,-0.831,-0.712,-0.565,-2.003,0
1.331,-0.595,0.019,1.183,0.249,0.107,0.783,-0.315,1
-0.64,1.874,1.489,-0.083,-0.831,1.767,-2.699,-1.416,1
0.009,-1.073,-0.791,-1.407,0.939,0.479,-1.879,-0.92,0
-0.535,0.008,1.633,-0.237,0.518,-0.615,-1.119,-0.282,1
1.012,-0.718,0.021,0.468,-0.244,-0.338,0.443,-1.424,0
1.721,2.455,-0.384,-0.108,-0.092,0.655,0.705,0.081,1
-0.582,-1.229,-0.536,-0.677,0.934,-0.63,0.666,0.891,1
-1.344,-0.181,0.054,-0.76,1.163,-0.358,0.065,0.256,1
0.191,-0.329,0.642,-1.363,-0.398,1.532,-0.415,1.541,0
-0.18,-1.076,-1.349,2.556,0.946,-0.713,-0.059,0.677,0
-0.323,0.849,0.689,-0.953,0.831,0.251,-2.027,-1.161,0
0.253,-0.516,0.279,1.164,0.998,-1.419,-1.024,-0.05,0
0.62,1.33,1.95,1.462,0.983,-0.827,-0.871,-1.221,0
-0.4,0.892,-0.117,-0.796,0.625,-0.337,-0.517,-0.092,1
-0.561,-0.48,0.539,0.112,0.173,0.144,-0.97,-0.075,0
0.043,-0.963,-0.985,0.034,-0.043,-1.025,-1.617,0.343,0
-0.583,-1.353,-0.066,0.743,0.488,-0.475,-0.621,1.887,0
-0.201,-0.279,0.976,1.038,0.446,0.316,0.619,-1.026,1
-0.207,0.221,-1.526,-0.038,-0.105,-0.582,-0.103,-0.117,0
0.727,0.487,-1.544,-1.138,0.3,-1.116,-0.713,-0.068,0
-0.077,0.453,2.003,1.045,0.256,1.289,1.009,0.053,0
-0.886,0.524,0.406,-0.624,-1.466,-1.184,0.177,0.217,0
0.918,-0.401,1.101,-0.36,-1.739,0.908,-1.322,-1.735,0
-0.595,1.668,0.046,0.004,-1.047,0.063,0.596,-0.053,1
-0.064,-0.23,-0.445,-1.261,-1.559,1.318,-1.036,0.954,0
-0.911,1.492,1.628,-0.307,-1.316,2.318,1.634,0.764,1
-1.365,0.215,-0.416,0.951,-0.792,-1.362,-1.414,0.256,0
-0.378,-0.265,1.512,-0.611,1.498,-0.236,0.027,-0.449,1
-0.308,0.025,0.415,0.866,1.342,1.084,0.343,-1.221,1
-0.547,-0.055,-1.626,1.59,1.583,0.957,-0.196,0.887,0
0.395,-1.678,-3.581,-0.826,-0.372,0.86,0.433,-0.585,0
-0.662,-1.174,-0.07,-0.663,1.165,-1.264,-1.293,-0.951,0
0.55,0.616,-1.556,0.83,-1.019,1.365,1.141,2.619,0
-1.728,-0.514,-0.427,1.629,0.32,-0.867,0.393,-1.863,1
0.141,1.575,-0.036,-0.614,0.23,-0.162,-0.218,-0.35,0
-0.249,-0.644,0.52,0.593,0.09,-2.246,1.987,-0.178,0
0.083,-0.78,-0.337,-0.213,1.039,-1.067,1.075,-0.617,1
-1.076,-0.098,0.286,-0.634,0.664,-1.086,1.099,0.709,0
-0.643,-1.685,0.718,0.165,1.127,-0.546,2.596,-0.704,1
0.335,-0.491,0.664,0.777,0.027,1.859,-0.996,0.911,1
-0.081,-0.642,-0.908,-0.384,-0.223,-1.045,-0.92,-0.187,0
0.177,-0.394,-0.414,-0.14,-0.917,-0.72,0.116,-0.423,0
0.311,-0.754,-1.509,-1.855,0.886,-0.36,0.901,-2.341,1
-1.651,-0.885,0.019,0.311,-0.766,-0.85,1.322,-0.301,1
-0.152,0.386,0.146,-0.633,-0.11,0.227,0.599,-1.74,1
-1.549,-1.33,0.147,0.012,1.572,-0.508,0.778,-1.249,1
-2.119,0.215,-1.171,0.111,-0.098,-0.708,0.052,1.087,0
0.87,0.643,-0.603,-0.527,0.265,-1.355,0.165,0.065,0
0.759,1.034,-1.794,-0.718,0.461,0.692,0.062,-0.52,1
0.814,-0.627,0.113,-0.855,1.123,-0.312,-0.457,0.46,0
0.72,-0.374,-0.265,-0.131,-0.991,1.088,1.657,0.115,1
1.065,-0.889,-0.48,-0.841,0.926,1.874,-0.78,0.962,0
-0.512,-0.142,0.699,-0.099,0.657,0.138,1.081,-0.885,1
0.017,0.391,0.212,1.269,-0.58,1.886,1.201,0.848,1
1.432,0.596,0.519,1.806,-0.376,-0.339,0.237,0.351,0
-1.843,-0.89,2.46,-0.284,-0.202,0.432,0.553,-1.324,1
0.234,-0.348,-2.029,-0.449,1.183,0.212,-1.039,0.496,0
0.101,0.01,0.985,-0.435,-0.792,-1.178,0.513,2.248,1
0.649,-2.693,1.463,-0.362,-0.711,0.121,-0.329,-0.421,0
0.046,-1.871,-0.045,-0.957,0.472,0.72,1.691,-0.816,1
0.535,1.726,-1.277,-0.038,-0.488,0.308,-0.039,-0.201,0
1.455,0.289,0.954,2.043,0.307,1.69,-0.21,-2.03,1
-1.572,-0.172,-1.185,-1.578,-0.673,0.46,-0.953,-0.508,0
1.184,-0.903,0.467,0.299,-0.494,-0.259,0.477,-0.455,0
-1.498,-1.942,-0.392,-1.21,1.381,-0.426,0.516,-1.419,0
-0.016,1.362,1.254,-0.731,-1.045,1.025,-0.541,-0.841,1
-0.009,0.603,0.968,-1.151,-0.633,0.524,0.495,-0.54,0
0.018,-0.869,-0.863,-0.75,0.966,0.705,-1.009,-0.321,0
-0.498,0.401,1.027,-0.782,0.081,2.114,0.824,-1.531,1
-0.067,-0.52,-0.125,-0.365,-0.649,-0.334,0.235,2.063,0
-0.007,-1.047,-1.038,-0.616,0.887,0.634,0.015,0.262,0
0.188,-0.126,1.604,0.605,1.393,0.84,0.918,-2.16,1
-0.185,-0.751,-1.483,-0.953,-1.902,0.759,-0.171,-0.104,0
-1.611,1.078,0.023,-0.16,-0.71,-0.077,0.386,-0.729,1
-0.926,-0.649,-0.88,0.699,0.38,0.856,0.101,0.896,0
-1.699,-0.102,1.232,-1.158,1.6,0.525,-0.247,-1.26,1
-0.272,-3.248,1.732,-0.199,-1.741,-0.059,-0.596,0.628,0
-1.816,0.483,0.369,0.024,-0.67,-0.684,-0.342,2.96,1
-0.142,0.748,0.65,-0.199,-0.77,-0.544,-0.3,0.469,1
2.403,-1.1,1.993,0.146,-0.679,0.163,0.731,0.173,0
-0.064,-1.025,0.366,-0.734,-0.243,-1.139,1.192,-1.633,0
-0.162,0.857,1.444,-1.472,1.244,0.159,1.138,-0.324,1
-1.582,-0.615,0.403,-1.137,-0.33,1.671,-0.189,-0.326,1
0.957,-0.355,-0.603,0.457,1.742,-0.624,0.756,-0.223,0
1.113,-0.725,-0.226,-1.468,-1.972,0.719,-0.524,-0.822,0
-1.049,-0.059,-0.113,-1.281,-1.604,-0.306,1.421,-0.339,0
0.777,-0.548,-0.565,-0.321,-1.075,0.884,1.453,1.063,0
-0.616,-1.268,0.643,2.215,-0.556,-1.426,-0.473,0.635,0
-1.274,-1.059,0.4,-0.146,-0.413,0.658,-0.13,-0.349,0
-0.137,0.5,-0.903,1.345,-0.976,0.205,-1.866,0.258,0
0.274,1.188,1.401,0.854,0.258,0.265,0.818,-0.308,1
-0.902,0.685,0.847,-0.128,0.142,-0.753,0.949,1.52,1
0.713,-0.038,-2.038,-0.575,0.891,0.737,-0.808,-1.204,0
2.065,-1.954,-0.637,0.798,-1.841,-0.862,-0.804,1.567,0
-0.413,0.321,-1.373,-1.272,-0.008,-0.05,-0.165,0.583,0
0.536,-0.017,-0.332,1.385,0.116,-1.229,-0.104,0.513,0
-0.964,-0.609,-0.242,1.33,-0.076,0.972,-0.046,0.86,1
1.07,0.768,1.466,0.87,-1.403,-1.02,-1.536,-0.963,0
0.524,0.092,0.426,0.382,-0.647,0.222,1.068,-0.501,1
-0.899,-1.725,0.129,-0.903,-1.41,0.01,-1.127,1.613,0
-0.575,1.812,0.561,-0.244,0.534,0.669,0.142,-1.243,1
-0.215,1.308,0.183,1.683,-0.068,0.877,0.611,1.176,1
0.316,-0.615,0.084,-1.637,1.688,-0.34,0.126,2.701,0
0.527,-0.773,-0.109,-1.171,-1.08,-1.265,0.645,1.826,0
0.34,0.109,1.772,0.269,1.221,-0.134,-0.814,-1.527,1
0.341,1.348,-0.274,1.181,0.329,-0.534,-0.489,-0.186,1
-0.527,0.826,0.771,0.104,0.227,0.603,-0.415,-0.394,1
-1.888,-0.276,-0.489,-0.331,0.376,0.716,-0.639,-0.585,1
-0.321,-2.177,1.356,0.539,-0.685,-2.538,0.31,-1.632,0
1.515,-0.756,-0.482,-0.87,1.285,2.104,-0.668,-0.094,0
-0.894,-0.036,-1.249,0.614,-0.081,0.301,-0.665,-0.021,0
-1.345,-0.107,-0.397,0.914,-0.87,0.042,-2.027,0.236,0
-1.063,-1.181,2.081,1.1,-0.704,-0.603,-2.636,-0.325,0
-1.083,-1.011,-0.009,-1.007,0.493,0.587,0.529,-0.437,1
0.353,-0.708,0.474,0.472,-0.149,-1.021,-1.054,-0.811,0
-1.374,0.2,0.29,-0.582,-0.152,0.69,1.076,-0.745,1
1.8,0.074,0.979,0.867,0.49,2.348,0.102,0.119,1
0.398,-0.113,-0.11,-0.354,0.967,-1.243,1.802,1.511,1
-0.725,-0.628,-0.373,0.64,-1.382,-0.696,-0.22,2.153,0
0.162,-0.409,0.878,-0.898,1.381,1.423,-0.48,-1.385,1
-0.643,1.112,-0.648,0.842,-0.568,0.535,0.112,0.342,1
0.204,-1.352,0.531,0.146,-0.153,0.387,-0.151,0.323,0
0.007,0.087,-1.201,-0.274,-0.356,1.666,0.205,0.483,1
-0.284,-0.061,1.503,0.286,0.157,1.407,-1.509,-1.581,1
-0.166,-1.453,-2.519,-0.629,-1.905,-1.1,-0.491,0.465,0
0.031,-2.061,1.095,0.778,0.089,-0.258,-0.707,1.448,0
-0.551,1.03,0.174,-0.599,-1.07,-0.529,-0.404,-0.565,0
-0.478,-0.457,-0.448,0.77,-0.195,-0.137,0.66,-0.207,1
-1.094,-0.05,0.291,-0.428,-0.688,1.857,1.714,0.229,1
-0.718,1.306,-0.234,1.465,-2.916,-0.188,-1.041,-0.557,0
-1.544,-1.005,-0.144,1.53,-0.331,1.202,0.43,-0.138,1
0.695,0.477,1.472,-0.919,0.037,1.557,-0.136,1.753,1
0.299,-0.576,-0.998,-0.755,0.604,0.807,-1.029,0.197,0
1.177,2.104,-0.579,0.256,-0.831,-0.712,-0.565,-2.003,0
-1.768,0.873,0.815,-0.57,-0.077,2.817,-1.311,1.768,1
-0.205,0.304,0.685,0.753,0.522,1.091,1.115,0.148,1
0.027,-1.14,0.184,-1.005,0.595,-2.763,-2.119,-0.196,0
0.005,-2.172,-0.484,0.678,0.878,1.254,-0.412,0.286,0
-0.163,0.245,0.058,1.121,-0.43,-1.05,-0.819,1.842,0
-0.191,0.852,0.034,0.014,-0.715,0.47,-1.034,0.666,0
-0.928,0.209,0.388,-0.129,-1.644,1.094,-1.823,-1.27,1
-1.899,-0.357,0.445,-0.584,0.086,0.682,0.475,-1.734,1
-0.454,0.872,0.646,-0.408,-2.249,-0.118,1.067,-1.211,1
0.793,-0.605,-0.075,0.265,-0.893,0.583,-0.206,0.663,0
0.439,-0.735,1.117,-0.067,0.601,-0.581,-0.564,0.732,1
-1.232,-1.856,1.09,-1.074,-1.7,0.059,-0.073,-0.617,1
0.847,0.938,-1.472,0.88,0.668,-0.117,2.805,-1.259,1
0.078,0.901,-1.218,1.667,0.483,-0.526,1.217,0.103,0
0.594,-0.344,-0.842,-1.089,0.731,-2.393,0.712,-0.452,0
1.33,-1.34,-0.264,-0.799,-1.569,-0.06,-0.269,0.396,0
1.713,0.331,1.433,-1.022,0.269,1.041,0.333,1.503,0
0.677,1.767,1.081,-0.277,-0.01,0.189,-0.389,-0.709,0
-1.169,0.395,1.544,0.074,-0.399,-0.33,-1.432,0.286,1
1.306,1.342,1.863,-2.082,-0.835,-0.546,1.724,0.585,1
-0.17,-0.116,-1.519,-0.621,-1.101,0.713,-1.523,1.941,0
0.154,1.973,-0.173,0.075,-0.629,0.101,-0.445,-0.859,1
1.102,1.129,1.368,1.879,0.481,-1.51,0.241,0.041,0
-0.261,0.295,-1.252,-0.435,-1.25,-0.299,0.749,-0.493,0
1.217,-1.495,1.261,-0.487,-0.134,-1.312,1.671,0.568,0
0.727,0.516,-0.68,1.444,0.026,1.51,1.367,-1.299,1
-1.884,-0.778,0.64,0.306,-1.097,1.604,0.402,-0.069,1
-0.427,-0.785,0.07,0.21,-0.954,0.509,-2.272,-0.636,0
-0.026,-0.973,0.413,0.117,-0.399,-1.731,0.976,-1.004,0
1.468,-0.539,-1.379,-0.36,2.793,0.236,-1.214,-0.253,0
0.88,-1.139,-0.78,0.087,-1.555,0.169,-0.459,1.226,0
-0.817,0.522,-1.461,1.59,-0.333,0.139,1.277,0.988,1
-1.883,-0.452,0.951,-0.912,-0.477,-0.351,0.661,0.138,1
0.164,-0.89,0.609,-1.127,1.198,0.664,0.163,0.845,1
-2.463,0.77,-0.727,-2.39,0.869,-1.146,2.471,-1.618,1
0.832,-0.55,-0.189,2.382,-0.591,2.661,-0.08,-0.142,0
-2.119,0.215,-1.171,0.111,-0.098,-0.708,0.052,1.087,0
0.123,0.866,-0.431,-0.976,1.103,1.516,-0.862,0.533,0
-1.106,0.676,-0.275,1.586,-1.338,-0.648,0.155,-0.493,1
-2.212,0.354,0.136,1.659,0.849,-0.827,-1.052,0.473,1
-0.665,-0.527,-1.264,0.519,-1.143,-0.746,0.359,0.403,0
1.501,0.666,0.727,-0.227,-0.825,-0.768,0.639,0.196,0
-0.66,-0.444,0.772,0.443,-0.084,0.585,-0.237,0.993,1
-2.445,-0.297,-0.785,1.091,-0.056,-0.563,0.886,0.64,1
1.308,-0.614,0.061,-0.49,0.253,0.137,-1.299,0.976,0
-0.134,-0.821,-1.183,0.162,1.11,0.272,0.173,-0.379,0
1.232,0.27,1.286,-0.137,-1.279,-1.014,-0.605,-0.155,0
-0.173,-1.298,1.267,0.338,-0.869,-0.478,0.535,-1.44,0
-0.653,1.131,-0.277,-1.236,-0.696,1.089,0.48,0.05,1
-1.211,0.286,-1.105,-0.03,0.402,1.27,-2.125,-0.439,1
1.819,1.481,-0.676,0.173,-1.164,0.954,0.701,0.127,1
1.168,2.049,0.529,-0.922,1.83,-0.319,-1.044,1.49,1
-0.381,0.655,-1.411,-0.481,0.973,0.381,1.084,-0.407,1
1.455,0.004,-0.723,0.277,-0.468,-0.679,0.796,0.726,1
-1.231,1.872,0.169,0.989,0.504,-0.765,-0.311,0.444,1
1.583,0.191,-0.082,-0.889,0.304,-0.381,0.066,-0.981,0
0.794,-1.561,-2.565,1.077,-0.47,-0.395,-0.828,-0.549,0
-1.514,-1.504,0.766,-1.224,0.543,-1.081,-0.641,1.154,0
-0.126,1.07,0.712,-1.665,-1.08,-0.618,-0.772,1.918,0
0.649,0.322,2.26,-1.227,-0.761,-1.011,0.881,0.271,1
-0.667,-0.107,2.536,3.238,-1.357,1.462,1.031,1.401,1
-0.54,0.105,1.112,0.774,1.602,0.447,0.3,2.891,1
0.644,-1.397,-1.414,0.163,0.21,-0.193,-0.289,-0.629,0
-0.914,-1.192,-0.065,-1.105,1.456,0.748,0.128,1.218,1
0.049,-2.167,0.724,-1.071,-1.143,0.6,-0.876,0.823,0
-0.491,-0.25,1.131,-0.52,0.027,0.238,1.402,-1.621,0
-0.957,-0.698,0.874,1.01,-0.255,-1.989,-1.01,0.695,0
-0.301,0.369,-0.524,0.385,1.16,-0.807,-1.655,-0.45,0
-0.469,-0.164,1.615,0.508,1.966,0.147,-0.061,-0.159,1
-0.162,1.218,0.058,-0.498,-1.36,-0.088,-0.584,-1.103,1
-1.138,0.875,-0.384,0.219,-1.372,-1.455,-0.252,0.985,0
1.263,-0.782,1.276,0.048,0.542,-0.41,-0.994,-1.446,0
-1.093,-0.989,-0.846,-0.558,3.248,-0.426,-0.98,0.192,0
0.969,-0.212,0.328,0.925,-0.18,-1.802,1.667,-0.317,0
0.331,0.019,1.355,-1.194,0.009,0.195,-0.4,0.996,0
0.354,1.051,-0.018,-0.76,-0.756,-0.313,-1.025,2.02,0
0.794,0.333,0.001,0.532,-1.503,-1.34,0.118,-0.741,0
-0.336,-0.096,-1.103,-2.26,0.677,-0.187,-1.175,1.534,0
0.642,1.198,0.248,0.75,-0.569,-1.489,0.042,-0.802,1
0.315,-1.084,1.491,0.173,-0.493,0.287,-1.757,0.584,0
1.387,-1.692,-1.764,-1.315,-1.674,0.201,-0.055,-0.621,0
-0.506,-0.435,-0.321,-0.219,-0.778,-1.022,-2.115,-0.598,0
-1.335,-1.362,0.228,-0.809,-0.372,-0.459,-0.47,0.742,0
0.525,1.638,1.918,-2.422,-0.81,1.045,1.415,0.008,1
-0.849,-1.331,-0.4,-0.112,-0.725,1.036,-0.492,-0.07,1
0.403,-0.419,-0.179,-1.136,0.276,0.638,1.912,-0.767,1
-0.7,-0.425,1.591,-0.225,0.354,0.312,-0.5,0.179,1
0.264,-1.31,-0.47,0.766,0.571,0.418,0.428,0.368,0
1.41,-1.024,-1.033,-1.252,2.0,0.598,0.627,1.026,0
-1.171,-1.024,1.185,0.512,-0.211,1.473,-0.52,2.051,1
1.232,0.711,-1.076,1.515,2.807,0.364,-1.624,1.504,0
-0.254,-0.126,-0.177,0.46,0.885,-0.17,1.063,0.058,1
-0.844,0.03,3.067,-0.087,1.047,1.784,0.869,-0.659,1
-2.101,0.414,-0.898,0.236,1.107,0.126,-1.148,0.905,1
0.218,-0.585,0.411,0.316,-0.895,-0.591,-1.702,-0.067,0
0.992,0.299,0.486,-2.64,-1.789,0.287,-0.188,-0.933,0
0.876,-0.699,0.406,-0.791,0.15,0.588,-0.028,-0.502,0
-0.258,-0.646,0.072,0.905,0.652,0.928,-0.578,-0.788,1
2.166,-0.455,-1.073,-0.364,-1.629,-0.389,-0.715,0.245,0
0.408,1.977,-0.926,-1.359,-1.243,-1.34,-0.199,0.309,0
2.471,-0.934,-0.549,0.222,0.662,0.366,0.776,-0.329,1
1.104,-0.396,-0.141,0.471,-1.304,0.752,-0.986,-1.716,0
0.293,-1.403,0.153,0.112,-0.558,-0.472,-0.755,1.233,0
-1.03,1.64,0.063,0.524,-0.898,-0.844,0.288,0.044,1
0.356,-0.534,-1.46,-0.937,0.844,-1.089,-1.142,0.414,0
1.808,-0.319,1.602,-0.615,-1.881,-0.631,2.209,1.024,0
0.598,0.496,-0.297,-0.824,-0.087,-0.175,-0.641,0.218,0
-0.988,1.222,-0.364,1.058,-0.632,0.64,-0.412,0.856,1
-1.152,1.818,-0.347,0.729,1.751,-1.136,-0.305,0.372,1
-1.152,2.254,-0.443,-0.362,-0.806,-0.502,1.327,0.854,1
0.25,0.486,-0.39,-1.307,-1.019,0.864,-0.392,-1.596,1
1.989,0.85,0.902,-0.276,-0.986,-0.264,1.188,0.448,1
-0.399,0.222,0.491,-1.48,0.439,1.946,-1.794,0.57,1
1.251,-0.792,-0.499,2.505,0.92,0.896,1.934,0.446,1
0.894,0.485,0.246,-0.717,-0.944,-0.059,-0.352,0.618,0
0.236,-0.309,1.681,-1.168,-0.023,-0.58,1.032,1.43,1
-0.831,-1.031,0.731,-0.547,-1.138,-1.556,-0.155,0.331,0
-1.617,0.744,-1.221,1.512,-0.035,1.597,0.614,-2.098,1
-0.16,0.399,1.039,0.783,0.21,-1.142,-0.77,0.915,0
0.087,1.351,1.223,-1.61,-0.354,0.528,-0.455,-0.195,1
0.175,-0.247,-0.022,1.057,0.146,-1.537,0.509,-1.166,1
2.02,-0.127,-0.209,0.903,-1.234,-1.381,1.631,-1.79,0
0.962,-0.601,0.797,0.428,-0.307,0.415,-1.556,2.137,0
-0.875,0.684,-0.301,2.104,0.08,1.516,1.334,-0.461,1
-0.533,-0.109,0.061,0.028,-2.492,-0.034,2.527,-0.191,1
-0.293,0.323,-0.962,-1.046,-2.017,0.668,-0.03,-2.66,1
-0.794,0.367,0.579,-0.523,-0.4,-1.775,-1.376,1.24,0
0.001,-1.223,1.186,-0.299,-1.85,-0.97,-0.24,0.303,0
2.315,-2.019,-0.443,1.205,-0.694,0.071,-0.5,0.672,0
1.75,0.093,2.316,1.325,-1.292,-0.631,-0.398,0.011,0
1.582,-0.292,1.11,-0.372,0.584,-0.162,-0.35,-0.153,0
0.759,-0.28,-0.752,-2.015,0.68,1.379,-0.358,0.484,1
-0.451,-0.354,-1.126,0.517,-0.97,0.267,-1.162,-0.484,0
1.003,0.362,0.358,-0.613,0.31,0.342,-0.036,0.311,0
1.098,-0.902,-0.231,-1.802,1.633,0.179,-0.355,-0.13,0
0.76,-1.777,0.093,1.35,1.376,0.171,-0.785,1.199,0
-0.475,1.13,-0.747,1.079,0.112,-1.317,0.505,0.286,0
0.591,-1.229,-0.364,1.017,0.901,0.653,-0.056,-1.683,1
0.908,-0.792,0.089,-0.073,-1.22,0.763,-0.519,-2.106,0
0.05,-0.357,-1.659,-0.894,2.176,0.489,0.075,0.31,0
-0.158,0.656,1.54,0.701,-1.226,-1.624,-0.755,1.053,0
-1.919,-1.62,-0.264,0.238,0.062,-0.628,1.07,0.921,0
-0.728,0.279,0.22,1.463,0.615,0.496,0.643,0.962,1
0.237,1.765,-1.089,0.36,-1.096,1.359,-0.657,0.739,1
0.819,1.058,1.615,-0.797,-0.385,-1.418,-1.724,-0.498,0
-0.245,0.072,-0.646,0.027,-1.238,-1.645,0.343,0.49,1
0.451,0.237,0.438,-1.021,1.034,0.964,0.16,0.313,1
1.949,-0.933,-2.288,-0.674,-0.127,-1.63,1.258,-1.154,0
1.373,0.16,-0.721,1.302,-0.895,-0.196,-2.097,-0.335,0
-0.3,-0.282,-0.302,-0.252,-1.408,0.557,0.058,0.07,0
0.066,0.956,-1.284,0.487,-0.227,1.63,0.879,0.566,1
1.843,-0.053,-0.397,-0.441,0.793,-0.334,0.547,0.264,1
-0.369,-2.211,-0.268,-2.151,-0.269,1.485,-0.301,0.735,1
0.27,-0.802,0.248,-0.424,0.335,1.019,0.168,-0.38,1
-0.084,0.635,-0.196,-0.463,-0.698,-0.931,0.394,0.446,0
-0.312,-0.041,1.225,-0.272,0.377,0.228,0.705,-0.205,1
0.464,1.832,-0.517,0.378,1.265,0.173,1.348,2.564,0
1.526,0.18,0.24,0.372,0.019,-0.387,-0.116,0.172,0
0.204,-1.352,0.531,0.146,-0.153,0.387,-0.151,0.323,0
-1.063,0.8,0.176,-0.826,0.618,0.884,-0.504,0.14,1
0.696,0.422,-0.608,-0.919,-0.856,2.615,0.803,-0.656,1
-0.338,0.479,-2.182,-0.856,1.025,0.322,-0.823,-0.463,1
-0.213,-0.485,0.179,0.062,-2.115,1.006,-1.438,1.153,0
-0.427,0.518,0.237,0.815,-0.552,0.138,1.647,0.019,1
-0.492,-0.375,0.541,1.438,-0.655,-0.376,-0.501,-0.631,0
-0.613,0.843,0.046,-0.574,1.742,0.478,-0.606,1.846,0
0.713,0.631,0.986,0.275,0.262,0.521,0.664,2.498,1
-0.355,0.325,-0.34,-0.06,0.246,-0.747,0.679,-0.47,1
-1.354,-0.214,0.231,-0.147,-0.214,1.752,1.267,0.833,1
-0.725,-0.397,0.982,-0.004,0.241,1.8,-1.177,2.11,1
0.305,0.726,-0.184,0.783,1.081,-1.427,-1.022,0.436,0
0.055,0.545,1.435,-0.665,-0.719,0.861,-0.491,-1.298,1
-0.662,-1.174,-0.07,-0.663,1.165,-1.264,-1.293,-0.951,0
-1.583,-0.657,1.608,-0.916,-0.169,-1.88,2.157,1.027,1
-0.982,2.012,-0.703,0.774,0.305,2.472,0.371,-0.545,1
-0.551,0.506,-2.705,1.653,-0.475,-1.379,0.595,-1.355,0
0.737,-1.704,-0.616,1.687,-1.938,-0.561,0.815,1.013,1
0.588,0.603,-0.269,1.635,-0.687,0.918,-0.649,-0.611,1
-1.083,-0.913,-1.094,-0.425,-1.011,0.037,-0.651,-1.449,0
-0.412,0.535,2.453,1.86,-1.258,0.615,-1.554,-1.243,1
-0.86,1.094,1.439,0.331,0.035,-0.217,0.525,1.098,1
1.239,-0.357,-0.433,-1.09,-0.545,-0.889,-0.202,0.796,0
-1.438,-0.145,-1.354,0.786,-0.283,-0.108,1.893,-1.038,1
1.298,1.358,-0.223,-1.052,-0.252,-2.24,-0.258,-1.011,0
-1.318,0.77,0.873,1.272,-0.793,0.555,-1.389,-0.033,1
-0.517,0.205,0.205,1.483,0.357,0.591,0.354,-0.548,1
-0.633,1.625,-0.911,0.127,1.512,-0.039,-0.011,-0.843,1
0.677,-0.234,-1.937,-0.317,-1.297,1.517,0.126,-0.397,0
-2.06,0.484,-1.173,0.901,-0.56,0.302,2.168,-1.281,1
2.406,-0.69,-0.106,0.342,1.339,0.344,-2.765,1.493,0
-0.556,-2.314,-1.046,2.281,0.151,0.064,-0.896,0.013,1
-1.334,-0.603,-1.362,-2.32,-0.325,1.129,1.11,-0.412,1
0.277,1.28,-0.694,-0.912,-1.899,0.677,-0.307,-0.349,1
1.047,0.03,0.722,0.456,-1.366,-1.229,1.105,0.466,0
0.983,0.485,0.989,-0.701,1.343,0.498,-0.407,0.085,1
0.323,0.529,-0.581,1.544,-1.371,0.799,0.201,-1.081,0
-0.889,1.481,0.645,-0.436,0.145,1.909,-0.578,0.1,1
-0.577,-0.868,-0.111,-0.244,-0.235,-1.452,1.156,0.567,0
-0.708,-0.68,-0.823,-0.001,0.216,1.601,-1.263,0.576,1
-0.267,-0.501,-0.034,-0.115,0.363,-1.022,-0.613,0.355,0
-0.607,0.034,-0.95,-1.078,0.231,-0.702,0.436,0.413,1
-0.996,2.288,1.57,0.308,-0.96,-1.562,0.798,-0.415,1
-0.67,-0.889,0.28,0.543,0.832,0.518,-0.578,-0.728,1
-0.613,1.541,0.341,1.116,0.614,1.674,-0.254,-0.261,1
0.526,-1.007,-0.106,-0.014,-0.779,0.887,-1.424,1.487,0
-1.888,-0.276,-0.489,-0.331,0.376,0.716,-0.639,-0.585,1
1.774,0.774,1.225,0.457,-0.394,0.021,0.989,-2.14,1
-0.494,0.328,0.359,-0.397,-0.146,1.315,1.523,0.629,1
-0.293,-0.606,1.002,-1.915,0.96,-0.001,-0.48,0.086,0
0.772,0.331,-0.882,3.064,1.091,1.837,0.193,0.366,0
0.572,0.113,0.755,-1.366,-0.651,-0.838,2.467,-0.617,1
1.743,0.176,-0.194,-0.672,0.586,0.049,-1.104,-1.128,0
-0.796,0.679,0.169,-1.545,0.338,0.706,-0.015,1.238,1
-0.117,1.509,-0.402,2.188,-0.309,2.632,0.953,0.843,1
-0.577,-0.868,-0.111,-0.244,-0.235,-1.452,1.156,0.567,0
-0.561,0.025,1.14,-0.453,0.92,-0.348,0.986,-0.689,1
-1.483,0.574,1.97,1.247,0.606,-0.762,-1.395,-0.336,0
1.379,0.801,-0.687,-0.368,1.204,-0.606,-0.042,1.561,0
0.698,0.707,0.116,1.096,0.418,-1.225,-0.279,0.073,0
0.609,0.615,-0.44,-0.988,0.659,-0.303,0.178,1.926,0
0.593,-2.043,0.836,-0.444,0.469,-0.291,-0.369,-2.135,1
0.992,0.299,0.486,-2.64,-1.789,0.287,-0.188,-0.933,0
0.269,0.492,-0.272,-0.974,0.258,-1.795,0.563,-0.135,0
-0.819,0.648,0.931,-0.328,0.202,0.251,-0.534,0.948,1
0.996,0.999,-0.626,0.368,0.372,1.506,-0.354,-1.023,1
0.406,-0.289,0.169,-0.684,1.462,0.419,0.295,0.242,1
0.338,0.728,-0.343,-0.638,0.346,-0.317,-2.759,-0.608,0
-1.073,-0.658,-0.555,0.61,-1.714,0.767,0.158,-0.679,0
0.367,-1.04,-0.965,3.106,-0.595,0.574,-0.259,-1.391,1
1.244,0.83,0.546,1.309,-0.644,0.2,-0.743,0.356,1
-0.865,-1.393,0.061,0.241,1.447,0.754,-0.588,0.603,0
1.364,-0.19,-1.639,0.432,-0.165,-0.974,0.651,0.264,0
-0.992,0.078,-0.334,0.787,-1.137,0.306,-0.632,-1.468,1
-0.811,0.067,-0.623,-0.62,1.247,0.535,-0.258,-0.061,1
1.259,0.985,-0.021,0.665,0.517,-0.355,-0.246,0.244,0
0.388,2.177,1.116,0.501,1.2,-1.014,0.199,0.539,0
0.856,1.445,-0.266,0.11,-0.481,0.759,2.312,0.279,1
0.106,3.48,1.055,0.587,0.001,-0.205,-1.57,0.91,1
-0.802,-0.808,-0.105,0.219,0.784,0.177,-2.303,1.647,0
0.038,-0.66,-0.284,0.919,0.998,-1.036,0.881,-1.004,0
0.952,0.566,1.183,0.13,-1.298,-0.379,-1.192,0.447,0
0.072,-0.74,-0.608,0.077,1.165,0.448,0.202,1.179,0
-0.223,-0.605,0.842,0.402,0.149,0.947,0.832,-1.31,1
0.446,0.468,0.876,0.256,-0.095,-0.259,1.056,-2.251,1
-0.412,1.953,-1.655,-0.4,2.463,0.37,0.93,1.011,1
-1.004,-1.148,0.503,1.925,-1.932,0.734,-0.449,-0.58,0
1.641,-0.142,-2.385,0.11,-0.632,1.872,0.711,1.142,1
-0.642,-0.108,-0.677,0.832,0.256,-1.33,0.944,-1.132,0
2.069,0.319,-1.251,0.088,-0.901,0.345,-1.026,0.653,0
0.286,0.029,1.261,0.42,0.578,-1.054,0.858,2.16,0
-0.604,0.674,-0.408,-1.922,0.541,0.22,1.333,0.1,0
-1.571,-1.434,0.538,-0.206,-1.405,1.007,0.616,-0.407,1
-1.063,-1.181,2.081,1.1,-0.704,-0.603,-2.636,-0.325,0
0.149,-1.453,1.081,0.072,0.724,-0.184,-0.773,-0.747,1
-0.02,1.029,0.796,0.291,0.819,0.701,-0.011,0.625,1
-0.018,-0.918,1.616,0.229,2.197,-0.491,0.433,0.428,1
-0.222,0.368,-0.847,1.755,-1.286,0.008,0.619,1.379,0
-1.756,0.476,-0.206,-1.084,-1.547,0.647,-1.511,2.24,0
0.159,1.252,-0.417,1.91,0.181,0.88,-0.257,-1.259,1
-1.461,0.959,-1.666,-0.582,1.708,-0.19,-0.518,0.8,1
-0.877,1.125,-0.789,-0.584,-0.842,-0.508,0.572,-1.596,1
-1.262,0.18,0.226,3.453,-1.557,-0.359,0.287,-0.942,0
-1.299,0.817,1.912,-0.814,1.44,0.959,0.105,-0.526,1
1.818,-0.411,0.987,1.07,-0.393,1.386,0.005,-0.497,1
0.661,0.634,1.233,0.213,0.51,0.159,0.917,-0.421,1
-0.084,0.635,-0.196,-0.463,-0.698,-0.931,0.394,0.446,0
1.099,0.115,0.979,0.523,-0.657,0.236,0.47,0.363,0
0.574,0.439,0.156,-1.395,0.653,0.302,1.397,-0.443,1
2.362,2.14,0.015,-1.155,-1.947,1.002,1.407,-0.903,0
-1.506,-1.031,0.366,0.851,-0.716,0.228,0.138,-0.903,1
0.36,1.902,0.681,1.16,0.713,-0.151,-1.751,-0.245,0
1.465,-1.639,0.885,-0.153,0.624,2.256,0.37,0.693,1
0.294,-1.485,1.318,0.657,-2.439,0.562,-0.956,-1.224,0
-0.265,0.482,-1.163,0.886,-0.16,0.439,-0.883,0.054,0
0.632,-0.233,-0.651,1.008,-0.921,0.794,-0.991,-1.143,0
-0.355,-0.824,-0.237,2.15,-0.139,-1.031,1.077,0.612,1
-0.662,-1.252,-0.664,-0.649,0.641,0.151,0.947,0.21,1
-0.164,0.38,-0.436,-0.779,-0.465,1.165,0.932,-0.055,1
-0.358,-0.91,0.046,2.09,-0.434,0.65,0.396,-1.054,1
-0.82,0.373,-0.79,-1.634,0.507,-1.354,-2.443,-0.249,0
0.441,0.898,1.339,1.742,-0.519,1.317,1.543,-0.563,1
0.54,-1.802,-0.326,-0.217,-1.128,-2.527,0.828,0.369,0
-1.207,0.58,-0.855,1.313,1.662,-0.133,0.029,0.025,1
-1.147,1.136,2.187,-0.487,0.262,-0.312,0.198,-1.921,1
-0.241,-0.919,-0.57,2.056,0.987,-1.093,-1.019,0.308,0
0.086,0.74,0.611,0.221,0.904,-0.642,1.779,-0.991,1
-0.575,0.582,-2.002,-0.301,-0.895,-0.291,0.131,-0.443,0
-0.233,-0.15,-0.332,0.711,-1.571,2.291,1.08,0.501,1
0.88,1.829,0.774,0.237,-0.603,-0.628,0.972,0.328,1
1.696,-0.063,-1.029,0.007,0.491,-1.871,1.151,0.795,0
-0.856,-0.704,-0.44,-0.951,0.019,0.851,0.252,2.102,0
1.288,0.876,-0.945,-1.362,-0.081,-0.462,0.026,-0.07,0
-1.544,-1.005,-0.144,1.53,-0.331,1.202,0.43,-0.138,1
-0.592,0.976,-1.424,1.271,0.871,0.282,-0.426,-1.103,0
-0.749,0.742,0.242,-0.142,-1.165,-1.193,0.008,-0.224,0
-0.308,-0.24,1.224,0.289,-0.954,-0.335,-0.234,0.923,0
-0.25,0.403,-0.43,-0.675,-0.568,-0.371,0.022,-1.6,1
1.313,1.237,0.626,0.617,-2.007,-0.688,1.428,0.001,1
0.712,0.714,-0.692,0.176,-0.866,-1.02,0.541,-1.282,0
1.89,0.415,-0.407,0.329,0.71,0.28,1.45,-0.658,1
-0.239,0.511,1.002,0.395,2.553,-0.091,1.0,1.267,0
-0.284,-0.061,1.503,0.286,0.157,1.407,-1.509,-1.581,1
-0.633,-3.147,1.652,-0.285,1.29,-0.469,-0.202,-0.343,0
0.072,-0.74,-0.608,0.077,1.165,0.448,0.202,1.179,0
0.797,0.016,-0.02,-0.493,0.912,0.674,-0.147,0.152,1
0.929,-1.495,0.857,0.346,-0.926,-1.133,0.643,-0.132,0
0.156,1.103,-0.958,-1.234,2.556,-0.638,1.32,-0.152,1
-1.03,-1.136,-0.822,1.456,0.488,-0.753,0.549,0.321,0
-0.769,-1.496,0.961,1.311,0.8,0.243,-0.052,0.239,1
-0.857,-0.411,0.369,-1.76,-1.245,0.267,-1.584,-0.376,0
0.807,1.494,1.216,0.789,-0.001,-0.342,0.602,0.383,1
1.396,0.323,0.393,-0.604,-0.108,-0.367,-0.202,-0.947,0
0.152,0.62,0.714,0.117,0.506,-1.452,0.027,-0.743,1
-2.799,-0.233,-1.421,-1.287,1.476,1.397,1.09,-0.648,1
-0.697,-0.101,-2.609,-1.777,0.884,0.344,0.098,-1.054,1
-0.354,1.6,0.336,-0.847,0.559,-1.149,-1.105,1.363,0
1.192,-0.946,-0.8,1.89,0.742,-0.329,-2.065,-0.878,0
-1.28,0.331,-0.065,-0.364,0.907,1.16,-1.488,0.287,1
-0.976,0.243,-0.522,-0.827,0.058,-1.634,0.33,-0.55,1
-0.184,2.371,0.902,0.474,1.982,0.557,-0.435,1.131,1
-0.081,-0.564,-0.286,-0.537,0.177,2.218,0.539,0.985,1
-0.41,-0.733,-0.724,0.793,-0.965,0.706,0.037,-0.233,0
0.203,0.614,0.075,-0.793,-0.554,0.885,-0.005,-1.684,1
0.83,0.505,0.787,0.074,-0.633,1.069,0.486,1.233,0
0.398,-0.353,-1.728,2.548,0.079,-1.179,-2.417,1.403,0
-2.174,-0.534,-1.579,-0.501,1.465,-0.937,-1.761,0.392,0
-0.406,1.299,-0.214,-0.791,0.449,0.094,0.954,-0.55,1
0.274,-0.316,-0.327,-0.61,0.718,-0.125,-1.047,0.449,0
0.737,-1.465,-1.463,-0.305,0.19,-0.737,-0.598,0.546,0
-0.175,1.379,-0.219,0.353,-0.478,0.322,-0.254,-0.007,1
0.048,-0.375,-0.124,-0.147,-1.786,1.226,-0.974,0.179,0
0.967,0.29,-0.338,-0.609,0.137,-0.07,1.664,0.795,0
-1.185,0.566,2.13,0.118,-0.183,-0.835,-0.151,0.946,0
1.248,1.186,0.676,-0.219,1.338,0.822,-1.344,-2.22,0
-0.726,-1.536,0.933,-1.368,0.026,-2.003,1.153,0.453,1
0.983,0.297,-1.291,0.298,-0.699,1.862,0.552,-0.736,1
1.169,-1.684,-1.478,-1.285,-0.885,-0.367,1.91,-0.317,0
0.654,2.069,-0.137,-0.773,2.658,-0.366,1.666,0.478,1
0.301,1.007,-0.082,-0.708,-1.731,-0.692,0.326,0.226,0
-2.369,0.624,-1.0,0.592,0.431,-0.738,-0.37,-1.458,1
0.594,0.233,1.091,1.84,0.414,-0.253,-0.111,0.64,0
0.186,-0.18,-0.589,-1.005,0.639,-0.748,0.049,0.968,0
-1.379,-0.287,1.106,1.199,0.843,-0.554,0.947,1.499,1
0.148,-0.554,1.313,2.341,0.631,-1.716,0.122,-0.226,0
2.808,0.249,-0.765,-0.844,-2.576,2.147,-0.115,0.658,0
0.397,-0.31,1.223,1.666,1.183,0.686,1.608,0.198,1
1.41,1.041,0.507,-0.192,0.574,0.256,0.155,-0.899,1
0.841,-0.252,0.768,-0.693,0.414,-0.334,2.159,-0.284,1
-1.919,-1.62,-0.264,0.238,0.062,-0.628,1.07,0.921,0
-0.405,-0.542,-1.14,1.409,-0.561,0.549,-2.475,-0.491,0
-0.809,0.525,-0.479,1.16,-0.701,-1.12,1.936,-1.794,1
1.04,-1.602,-0.294,1.858,-0.509,-0.107,-0.409,1.028,0
-2.159,-0.365,0.598,0.508,1.004,-1.096,0.621,-0.508,1
-0.328,-0.092,0.751,1.823,1.557,0.627,-0.402,-0.31,1
-0.047,-1.251,0.055,-0.717,0.699,-1.192,-0.927,-0.604,0
0.692,0.018,0.174,0.47,0.574,0.514,0.788,-0.421,1
-1.041,-1.142,-0.997,-0.467,-0.842,0.825,-0.956,0.26,0
0.146,-1.765,-0.185,-0.161,0.28,0.229,-1.061,-0.539,0
-0.171,0.698,0.821,0.404,0.266,1.792,-0.872,1.638,1
-2.475,1.662,-1.077,-0.07,0.429,-1.653,-0.311,-2.218,1
0.332,-1.411,-1.011,0.587,-0.3,0.084,-2.225,-1.359,0
0.199,2.009,1.179,0.476,-0.355,0.217,0.906,2.368,1
-0.922,1.715,0.767,-0.466,0.718,2.22,0.147,1.626,1
-1.392,-0.226,-0.875,1.001,0.144,0.782,0.135,0.263,1
-0.969,-0.296,0.501,-0.648,-0.239,-0.564,-0.133,-1.171,1
0.941,-0.111,0.787,0.722,-0.492,-0.647,1.129,1.402,1
-0.94,0.534,-1.101,1.489,0.254,1.433,-0.822,-0.476,1
0.989,-0.577,0.219,-0.543,-0.872,-0.628,0.421,-1.742,0
-2.223,-0.057,-0.34,0.921,-0.706,0.437,1.391,-0.808,1
0.784,-0.798,1.219,-1.252,-1.155,2.336,-1.779,-0.73,0
-0.081,0.539,2.056,-1.629,-1.378,-0.068,0.032,-0.045,0
-0.381,0.655,-1.411,-0.481,0.973,0.381,1.084,-0.407,1
-0.703,0.089,0.918,-0.973,0.582,-0.186,-1.375,-1.921,1
-0.53,-0.437,0.501,0.183,-0.569,-0.794,0.515,0.736,1
-0.845,-0.032,-0.259,1.182,2.505,-1.83,0.916,-2.858,1
-0.114,0.789,1.699,-1.75,1.359,0.688,2.093,0.047,1
0.042,-0.269,-0.831,1.187,-0.135,-0.279,0.576,-0.649,1
1.22,0.046,1.078,-1.554,0.49,-0.161,-1.451,-1.682,0
0.099,2.016,0.825,-2.51,-0.809,-0.31,-1.346,1.634,0
2.071,-0.695,-0.051,0.713,1.037,0.089,0.677,1.478,0
-1.335,-1.034,0.629,-1.011,2.102,0.433,1.003,1.068,0
0.264,-1.31,-0.47,0.766,0.571,0.418,0.428,0.368,0
0.954,-1.285,-1.203,-0.031,-0.853,-0.78,-0.128,0.641,0
-1.252,-1.102,0.307,-0.078,-0.882,-1.3,0.214,-0.44,0
0.559,0.16,0.69,0.07,-0.76,-1.765,0.517,-1.437,1
1.128,-0.893,2.036,0.176,-1.249,-0.815,-0.105,0.428,0
-1.493,0.627,-1.006,-0.476,-0.504,2.269,-0.683,-0.732,1
-0.055,-0.387,1.07,-0.626,0.933,-0.303,1.294,-0.146,0
-1.224,1.11,-0.167,0.454,0.75,1.756,-0.679,-2.325,1
0.542,1.024,-1.817,-0.19,-1.144,1.085,-0.32,-0.815,1
-0.646,-1.179,-0.835,0.11,0.255,0.14,1.281,-0.69,1
1.603,-0.347,2.141,1.053,-0.936,-0.317,0.489,0.83,0
0.902,-0.74,-0.481,-1.695,0.868,-0.363,-0.536,0.296,0
-0.738,0.695,1.44,0.591,0.088,0.696,-0.323,0.461,1
1.326,0.45,1.537,0.854,-0.969,-0.209,-0.87,-0.341,0
0.083,-0.265,-1.822,0.632,0.108,-1.192,-0.112,-1.0,0
0.977,-0.01,0.071,-0.743,2.85,1.198,1.181,1.158,1
-0.878,-0.047,-0.06,0.815,-2.282,1.32,1.671,0.685,1
0.118,-0.808,0.673,-0.788,-0.338,-0.338,-1.85,-1.755,0
-0.284,-0.579,0.516,0.554,-0.938,-0.351,0.96,0.644,0
-0.734,-1.571,0.273,2.219,-0.348,1.252,0.26,-2.049,1
-1.593,-0.04,-1.309,-0.01,0.413,0.679,0.386,-0.199,1
0.969,1.615,1.124,1.652,-1.246,-1.679,1.437,0.156,1
1.743,-0.527,-0.647,0.153,-0.999,0.067,1.09,1.437,0
0.923,-0.222,-0.548,0.834,1.26,-0.699,-0.849,2.004,0
0.923,1.525,-0.01,-0.701,-0.709,1.038,0.212,-0.031,1
0.812,0.162,-0.135,-0.633,-0.735,0.49,-2.248,-0.23,1
-0.111,-1.97,1.179,0.454,0.916,-0.568,-0.065,0.014,0
-0.836,0.745,-1.145,-0.008,1.389,-0.654,-1.529,-0.54,1
-1.55,1.212,-0.069,-0.227,0.027,-0.082,0.756,0.562,1
-0.25,0.403,-0.43,-0.675,-0.568,-0.371,0.022,-1.6,1
-0.02,-0.733,-0.435,0.513,-0.942,-0.071,-1.904,-0.76,0
-0.699,0.079,1.066,-1.541,-0.392,-0.336,2.252,-0.227,1
-0.674,-0.83,-0.098,-0.938,-0.944,0.274,0.557,-1.103,1
-0.124,1.07,-0.38,-0.114,0.401,-0.535,-0.19,0.687,1
-0.793,0.78,0.632,-0.164,0.752,-1.329,-0.584,-0.936,0
-1.487,-1.898,1.262,0.574,-1.479,1.909,-0.714,0.511,1
0.679,-0.275,-1.141,0.699,0.748,0.251,-0.063,1.812,0
0.278,2.087,1.009,0.175,0.874,1.191,-0.837,1.117,1
-0.448,0.363,1.4,-0.524,-0.373,0.536,0.29,0.614,0
-1.054,-1.54,-0.042,-0.153,0.951,1.465,-1.279,-0.352,0
-0.317,0.267,2.236,0.071,0.292,-0.909,-0.584,-2.081,1
1.194,0.1,0.559,0.354,-0.305,0.634,-1.012,-0.407,0
0.297,-1.067,1.392,-0.088,-0.716,0.29,2.114,-0.522,1
1.145,3.178,-0.216,-0.752,0.519,0.476,-0.542,1.911,1
-0.325,-1.198,-0.139,0.777,-1.393,-0.014,-1.39,1.188,0
1.483,0.704,0.846,-1.651,-1.047,-0.398,1.096,-0.051,1
0.744,0.16,0.325,0.08,0.203,-1.11,-0.259,-1.067,1
1.495,-0.797,0.543,-0.797,0.09,-1.961,-0.675,-1.342,0
-0.421,-0.312,0.552,-0.131,-0.455,-0.649,2.127,0.425,0
1.089,0.529,0.202,0.829,-0.219,1.09,-2.104,0.531,1
-0.123,-1.563,0.646,0.265,0.226,-1.942,0.793,0.733,0
-0.171,0.269,-1.723,-0.373,-0.696,1.023,0.201,1.401,1
0.161,-0.028,2.457,-0.701,0.238,0.711,0.213,0.139,1
1.128,0.811,0.546,2.88,0.534,0.486,-0.172,-0.456,0
-2.199,-0.487,-0.565,-0.609,-0.238,-0.009,1.462,-0.886,1
0.213,1.553,-0.791,-1.2,-0.33,0.154,1.338,0.067,1
1.242,0.093,0.758,1.833,1.675,-0.5,-0.183,-1.245,0
-0.46,0.583,-0.168,-0.497,0.866,-0.698,1.641,0.019,1
0.034,0.051,0.565,-1.134,-0.855,0.966,0.278,-0.287,0
-1.722,0.671,-0.14,1.706,0.64,-1.117,-1.372,1.151,1
-0.378,1.841,0.378,-1.377,0.491,0.552,-0.812,-1.194,1
-0.465,-0.122,0.383,-1.236,-1.201,1.116,0.299,-1.496,1
0.908,1.684,-0.186,-0.349,0.421,0.098,0.302,1.297,0
0.183,0.088,0.871,0.269,-1.046,-0.376,0.136,0.33,1
0.646,1.404,0.126,-0.816,-0.023,-1.259,0.494,-1.328,0
1.208,-1.85,0.392,-0.989,1.114,-2.117,0.205,0.628,0
0.395,-1.0,-0.001,3.35,-0.968,-0.332,0.014,-0.587,0
0.201,0.693,0.151,-0.923,-2.482,-0.555,-0.139,-0.601,0
0.458,0.745,2.124,-1.679,-0.536,1.333,-1.355,-1.199,0
0.419,1.247,1.457,1.78,1.322,-0.01,1.512,0.049,1
-0.859,0.124,0.114,-0.318,-1.454,-0.353,-1.287,0.086,0
1.061,-0.122,0.837,-0.989,0.475,0.562,0.456,-0.3,1
-1.423,-0.554,0.725,-0.728,-1.176,-0.112,-0.947,0.069,1
-0.429,0.862,-0.477,0.685,-0.571,-0.799,0.848,-1.473,1
-1.343,0.227,0.533,0.312,-1.577,0.099,-0.76,-1.243,1
-0.317,0.344,-0.261,0.723,-0.036,-0.812,-0.016,0.055,1
1.653,-0.723,0.056,-1.356,-0.127,0.046,0.509,2.474,0
-0.307,-0.456,0.509,-0.95,0.373,0.134,-1.001,-0.295,0
-0.413,0.705,-0.8,2.111,-1.125,-0.085,0.131,-0.291,0
1.878,2.119,2.063,-0.55,-1.036,0.011,0.337,-0.345,1
-0.845,0.476,-0.324,2.729,1.842,-0.215,-0.329,1.69,0
0.048,-1.868,0.068,-0.339,-0.566,0.697,-1.506,-0.54,0
1.193,0.544,-0.489,-0.865,0.439,0.252,-0.039,-1.521,1
-1.248,0.405,-1.447,0.601,0.189,0.996,0.717,1.237,1
-0.651,1.277,-0.878,-0.407,-1.298,1.406,-0.903,0.261,1
-1.466,-0.447,1.624,-0.208,0.958,-1.034,0.483,1.625,0
1.996,0.616,-0.219,0.206,0.109,-0.217,-0.143,0.437,0
-1.121,-1.881,0.132,0.516,-1.156,-1.944,2.338,-0.641,1
-1.335,-1.034,0.629,-1.011,2.102,0.433,1.003,1.068,0
1.232,-0.11,1.19,0.681,-0.025,-0.054,1.725,1.817,0
-1.051,1.545,-0.017,-0.469,-2.361,-1.087,0.652,1.184,1
1.983,-0.765,-0.096,2.412,0.458,0.311,-0.222,-1.068,0
0.593,-2.043,0.836,-0.444,0.469,-0.291,-0.369,-2.135,1
-0.728,0.319,-1.398,0.244,-0.662,0.193,1.464,1.011,0
-0.027,0.633,2.048,0.26,-0.341,0.088,-0.911,1.307,0
-0.45,0.578,0.429,-0.428,1.767,-1.411,-0.168,0.204,0
0.464,-0.839,0.821,-1.952,0.602,1.16,-1.2,0.201,0
-0.754,-1.417,-1.976,0.407,-1.09,0.585,-1.376,1.082,0
-1.308,-1.357,-0.895,-1.98,-1.451,0.986,0.36,0.42,1
0.09,-0.519,-1.17,0.86,1.455,-0.912,0.408,-0.308,0
1.979,0.085,0.746,0.435,0.942,-0.873,-1.42,1.611,0
-0.412,0.175,-0.634,-1.098,-0.16,1.38,0.517,1.87,1
0.007,0.087,-1.201,-0.274,-0.356,1.666,0.205,0.483,1
0.384,-1.222,0.21,-0.54,0.235,-1.106,0.104,0.533,0
-0.107,0.445,-0.114,1.074,1.149,-1.575,-0.008,0.04,0
1.391,-0.238,1.009,1.457,-0.445,-1.505,-1.729,1.63,0
0.547,-2.541,-0.209,-1.898,1.043,-0.463,-0.147,0.209,0
0.435,-0.354,0.638,0.835,1.34,-0.451,-0.248,0.03,0
-1.004,-0.041,-0.631,1.077,-0.272,-0.613,0.174,1.788,0
0.151,2.858,0.216,-1.091,-0.675,0.911,1.392,1.73,1
-0.629,-0.236,0.26,-0.695,-0.672,-1.577,0.899,-0.639,0
-0.571,1.215,-0.703,0.716,1.318,-1.001,-0.921,1.326,1
-0.413,0.702,1.104,0.696,-0.547,0.455,0.271,0.713,1
1.054,0.602,0.51,0.028,-0.153,-1.593,-1.309,0.153,0
-0.655,-0.658,0.206,-0.321,0.905,0.52,-0.501,-1.295,1
0.129,1.166,1.42,0.889,-0.322,1.251,-0.295,-0.314,1
-0.868,0.3,-1.229,-1.251,0.376,-1.012,-0.276,-0.255,1
-1.169,0.862,1.568,-1.804,1.449,1.006,1.818,-0.871,1
0.04,-0.292,-0.782,-0.257,0.008,-0.276,1.294,1.007,0
1.668,0.357,0.371,1.418,2.007,2.959,-2.45,0.01,0
-0.224,-0.071,1.125,1.042,-0.032,0.26,0.061,0.976,0
-0.259,-1.792,0.109,0.975,0.648,-0.659,-0.587,-1.186,0
0.889,-0.287,-1.663,1.509,-1.364,-0.473,0.883,1.116,0
0.385,0.609,-0.417,-0.281,-0.681,0.023,-0.058,-0.347,1
0.767,0.331,1.053,0.829,-0.131,0.872,1.807,0.306,1
-1.449,-0.051,-2.427,0.909,-0.468,-1.96,0.094,2.675,0
1.47,0.893,-0.326,-0.25,0.212,1.16,-0.06,0.148,0
0.693,-1.694,0.244,-1.784,0.99,-0.104,3.254,1.859,1
0.053,-1.016,-1.397,-1.874,1.222,-0.21,-0.54,-0.278,0
1.93,1.064,0.636,2.139,-0.466,0.599,0.381,0.703,0
-0.171,0.577,0.361,0.041,0.862,-0.543,-0.039,-0.901,1
0.448,1.25,-0.112,-0.914,0.544,0.802,0.303,0.445,1
1.155,-0.257,-0.027,-0.227,-0.181,-0.007,-1.397,-1.293,0
-0.668,0.666,2.347,-2.63,0.724,-0.211,0.779,0.868,1
1.104,0.549,0.963,1.224,0.467,-0.07,-0.949,-1.11,0
-0.263,-1.018,0.491,0.496,0.881,-0.9,0.057,-2.415,1
0.212,2.363,0.71,1.044,-2.076,-0.454,1.312,-0.293,0
0.563,-0.13,-0.881,0.773,-1.511,1.442,-0.874,0.191,0
0.274,1.188,1.401,0.854,0.258,0.265,0.818,-0.308,1
1.156,1.169,0.536,-1.834,-0.756,0.472,0.93,-0.839,0
0.975,1.718,-0.159,-0.544,1.284,1.136,0.979,-0.213,1
-0.266,-0.988,-0.126,-0.745,0.034,-0.428,1.439,-0.914,1
-0.435,0.724,0.938,0.351,-0.21,-0.697,1.576,1.091,1
-0.36,0.712,-0.024,-0.527,0.083,-1.97,-0.567,-0.415,1
-0.211,1.397,1.78,-1.914,2.103,0.19,-1.821,-0.302,1
1.316,-3.166,-0.874,0.687,0.067,0.325,-0.531,-0.572,0
1.792,-0.381,1.682,0.996,0.003,0.839,-0.113,1.677,0
-1.572,-0.172,-1.185,-1.578,-0.673,0.46,-0.953,-0.508,0
0.566,0.842,-1.009,1.663,-0.279,-1.597,-0.837,0.135,0
-0.34,-0.921,-0.315,-0.229,-1.627,-0.722,0.029,0.336,0
1.021,1.081,0.214,-0.848,0.7,-0.205,-0.78,0.452,0
0.646,1.404,0.126,-0.816,-0.023,-1.259,0.494,-1.328,0
0.561,-2.136,0.232,0.028,-1.37,2.176,-1.387,-1.078,0
-1.025,-1.806,-0.936,-1.302,-1.466,-0.231,-0.794,-0.342,0
-2.032,-0.314,0.674,-0.07,-1.017,-0.929,1.765,-1.514,1
-0.794,0.367,0.579,-0.523,-0.4,-1.775,-1.376,1.24,0
-0.313,-2.424,-0.108,-2.905,0.287,0.527,0.587,-1.215,1
0.225,0.474,0.237,0.24,-0.819,0.456,-0.641,-0.241,1
-1.563,0.44,1.213,1.071,0.286,0.371,-1.932,-2.88,1
0.171,0.07,-0.323,1.157,-1.715,-1.069,-1.332,-0.641,0
1.838,-0.879,-0.586,-0.732,-0.305,-0.916,-0.045,-0.705,0
-0.388,-0.825,0.329,1.219,0.757,0.437,2.038,0.235,1
-0.846,-1.048,-1.646,-0.7,-0.742,0.828,-1.562,0.213,0
0.031,-0.957,-1.707,-0.571,-1.107,-1.726,0.507,0.929,0
0.048,-0.394,0.185,2.366,1.479,-0.457,-0.674,1.033,0
0.741,-0.68,-1.572,0.947,-0.408,-2.179,0.437,-0.273,0
0.09,-0.519,-1.17,0.86,1.455,-0.912,0.408,-0.308,0
-1.211,-0.645,1.111,-0.169,0.076,-0.126,-0.518,1.235,0
-0.427,0.356,0.434,0.377,-1.795,-0.05,0.849,0.818,1
0.432,-0.485,-0.964,1.324,-1.168,-0.416,-0.005,-0.878,0
1.166,0.951,0.665,-0.644,1.208,-1.272,-0.831,0.616,0
1.314,-1.011,-0.378,0.907,0.194,0.081,-0.131,0.929,0
-0.597,-0.807,-0.258,-0.277,0.223,0.367,-1.814,0.893,0
-1.057,0.027,0.005,-0.307,2.15,0.664,-0.68,-0.571,1
0.825,-0.382,1.41,-0.946,0.463,-0.706,0.067,0.118,0
-0.105,-0.567,0.517,0.186,0.848,0.285,0.75,1.649,1
1.073,-0.578,-0.494,-0.317,-0.257,0.31,0.447,0.016,0
0.924,-0.951,0.629,0.749,-0.663,-0.134,-1.967,1.046,0
-0.834,-0.264,-0.066,2.403,0.157,-0.402,1.267,-0.331,1
-0.427,0.338,0.264,2.173,-0.198,0.166,-0.651,1.67,1
2.317,0.403,0.532,-0.413,0.898,-2.361,0.658,0.298,0
0.286,0.029,1.261,0.42,0.578,-1.054,0.858,2.16,0
0.491,-0.794,1.013,-0.357,0.674,-0.961,1.45,2.208,1
0.654,0.725,1.934,1.259,0.699,-0.566,0.218,1.136,0
-0.034,1.269,-1.397,0.052,1.331,-0.913,-2.075,0.166,1
0.306,0.289,-1.294,-1.73,-0.496,0.119,-1.075,-0.938,0
-0.058,0.746,-0.904,3.44,1.217,-0.434,0.478,-0.35,0
0.411,0.351,-1.21,0.225,-0.705,-0.661,1.161,-0.096,0
-1.166,0.309,-0.593,1.107,-0.63,-0.172,-0.996,0.434,0
0.299,0.44,0.716,0.315,-1.981,0.386,1.134,1.584,1
-1.081,1.503,1.365,0.854,0.184,1.93,-0.367,0.25,1
-0.632,0.906,-0.107,0.029,-0.029,1.255,1.584,0.047,1
-0.339,1.232,-2.263,-1.222,-0.383,-0.141,1.432,0.544,1
2.652,0.634,-1.546,-1.434,0.544,1.37,-0.594,-0.31,0
1.036,-1.162,-0.369,-0.01,-1.527,-1.269,-0.671,-0.076,0
-0.475,-0.615,0.181,1.111,1.143,-1.969,1.437,-0.445,1
0.189,0.064,0.003,0.083,0.238,-0.219,-0.775,0.286,0
0.319,-1.336,0.776,-1.134,-0.067,-0.008,-1.526,-1.096,0
-0.745,-0.053,-1.944,-0.789,0.167,1.339,-0.102,0.377,1
-1.19,-0.395,1.457,-1.103,-0.403,-0.132,-0.353,-0.028,1
-0.964,-0.609,-0.242,1.33,-0.076,0.972,-0.046,0.86,1
-1.544,-0.515,0.566,-0.7,-0.239,1.026,-0.884,-0.966,0
-0.047,-1.049,-0.019,0.6,1.944,-0.208,-0.443,-0.3,0
-0.503,-0.699,0.228,0.13,-0.267,0.212,2.356,0.779,1
-0.812,-1.663,0.528,-0.946,-0.447,0.532,-0.931,0.289,0
-0.444,1.373,-0.146,0.205,2.203,-0.892,0.044,0.346,1
0.277,0.21,0.982,1.607,-1.036,-0.136,0.357,1.643,0
-0.254,-0.681,-2.088,-1.427,-0.876,-2.142,0.538,-1.512,0
-0.077,0.453,2.003,1.045,0.256,1.289,1.009,0.053,0
-0.418,-1.462,0.785,0.287,-0.525,0.868,-0.872,0.643,1
-0.59,1.53,-0.458,0.551,1.936,-1.62,-1.429,-0.795,0
-1.076,-0.098,0.286,-0.634,0.664,-1.086,1.099,0.709,0
-0.708,-0.68,-0.823,-0.001,0.216,1.601,-1.263,0.576,1
1.265,-0.404,-0.541,-1.098,-0.804,0.875,2.37,-0.595,1
-1.312,-0.344,-1.464,0.599,-0.38,0.708,-0.428,-0.618,1
0.617,1.425,-0.126,-0.507,2.317,1.423,0.361,-0.857,1
-1.244,-1.667,-0.631,0.97,-0.43,0.042,-0.314,-0.017,0
-0.171,0.536,1.388,-0.215,0.449,-1.801,0.13,-0.281,1
-0.378,2.043,0.647,0.663,-0.514,-1.648,0.167,0.109,0
2.069,0.319,-1.251,0.088,-0.901,0.345,-1.026,0.653,0
-0.541,1.18,1.995,-0.897,0.176,-0.459,0.275,-0.427,1
-0.575,-1.084,-0.214,-0.89,0.098,0.426,0.659,0.439,1
0.922,-0.695,0.306,-0.427,1.715,-1.459,-1.055,-0.199,0
0.535,1.726,-1.277,-0.038,-0.488,0.308,-0.039,-0.201,0
0.923,-0.974,1.875,-0.091,0.13,-0.247,-0.056,0.011,0
1.191,-1.168,-0.413,-0.666,-0.464,-0.013,-0.013,-0.33,0
-0.35,0.899,-2.822,-0.472,-1.833,0.021,-0.273,-0.139,0
-1.321,0.115,0.591,-0.617,1.5,-0.261,0.375,-1.206,1
-0.494,-0.384,-1.457,-0.288,0.589,0.56,-0.575,-0.016,0
1.996,0.616,-0.219,0.206,0.109,-0.217,-0.143,0.437,0
-0.813,-0.447,-0.921,-0.827,2.41,0.838,-1.084,-0.033,0
-0.227,0.007,-0.766,0.983,0.626,-0.443,0.889,-0.439,1
-0.488,0.35,-0.581,-2.112,0.291,0.156,-1.793,-2.082,1
0.782,1.057,-0.199,0.911,-1.146,0.245,-0.181,-1.727,0
-1.278,0.985,0.53,0.885,-0.367,-0.562,0.0,-0.424,1
1.742,0.913,-0.385,-0.191,-1.353,2.524,-1.3,1.374,0
-0.194,1.149,-1.395,0.588,0.395,0.104,1.23,-0.478,0
-1.192,-1.191,-0.133,-1.29,0.645,-0.282,0.28,-0.111,0
-0.574,0.705,0.883,0.448,-0.763,-1.004,2.173,-1.198,0
-0.787,0.397,0.109,-0.873,1.072,0.891,0.268,1.026,1
0.924,-0.951,0.629,0.749,-0.663,-0.134,-1.967,1.046,0
0.352,0.909,-0.681,0.225,0.416,-0.045,0.989,0.416,0
-0.267,1.151,-2.765,0.258,-1.992,-0.004,1.325,-0.911,1
0.277,1.52,-1.146,-0.838,1.337,0.148,-1.086,1.307,1
1.078,-0.016,-0.263,1.775,0.089,-0.363,1.283,0.849,1
0.485,1.6,-2.281,0.261,-1.099,0.592,-1.313,-0.495,0
-0.131,0.613,0.272,-0.703,-1.195,0.768,-1.244,2.018,0
1.182,-1.363,0.925,-0.734,-0.931,-2.226,-1.433,-1.612,0
0.402,0.595,0.03,1.111,-0.729,-1.436,-1.777,-1.621,0
-1.03,-1.136,-0.822,1.456,0.488,-0.753,0.549,0.321,0
-0.724,-0.882,0.412,-0.646,1.479,0.133,-1.164,-0.98,1
0.939,-0.033,0.432,-1.013,0.129,-1.157,0.627,-1.214,0
-0.817,0.238,-0.296,-0.089,0.16,-0.074,-1.017,0.867,0
0.317,-0.05,-0.407,-1.174,-1.526,1.346,0.021,-0.513,0
0.432,-0.485,-0.964,1.324,-1.168,-0.416,-0.005,-0.878,0
-1.422,-0.567,0.997,-1.13,1.672,-0.815,-0.95,-0.46,0
-0.109,-0.404,0.735,-0.569,-0.365,0.038,0.729,-0.221,0
-0.742,-1.937,-0.238,-1.071,2.589,1.56,1.172,-0.549,1
0.143,-1.101,-0.573,-0.672,0.406,0.646,0.142,-0.428,0
0.09,0.95,1.621,0.624,0.946,0.354,-1.061,0.85,1
0.282,-0.093,-0.726,0.297,0.075,0.423,1.051,-0.603,1
0.615,1.665,-0.114,-1.871,-0.365,-1.039,-0.652,0.731,1
-1.724,0.999,0.584,0.028,0.192,0.111,-1.463,-1.695,1
0.311,1.049,-1.305,-1.561,-1.053,-0.688,1.443,-0.822,0
-0.631,0.751,1.267,-0.895,-0.069,0.541,-0.257,-0.443,1
0.008,-0.114,-0.798,0.269,-0.523,-1.04,-0.109,0.09,0
0.248,1.463,-1.792,-1.743,0.328,2.103,1.026,-0.038,1
-0.809,-1.878,0.19,0.986,-0.971,-0.892,-0.214,0.452,0
-0.086,0.292,-0.904,-1.6,1.028,-1.326,-1.061,-0.025,0
0.446,-1.421,-0.509,0.353,0.234,0.27,0.274,-1.197,1
1.236,1.198,0.026,-2.254,2.253,-1.294,-0.54,1.557,0
-0.438,-0.207,-0.334,0.057,-0.293,0.753,-0.323,-0.137,0
-0.959,0.22,-0.965,0.623,0.187,2.61,-0.494,2.136,1
-1.237,1.292,-0.112,0.75,0.593,1.303,1.152,-1.513,1
-1.365,-0.813,0.458,-0.713,0.626,-1.527,0.988,0.122,0
-0.267,-0.501,-0.034,-0.115,0.363,-1.022,-0.613,0.355,0
0.542,-1.301,-0.363,-1.143,-0.766,0.908,-0.716,-1.417,0
0.702,-1.61,0.776,-1.565,0.715,0.082,-0.923,1.72,1
-0.656,-0.831,0.811,1.37,0.361,-0.471,-0.195,-0.594,0
1.501,0.666,0.727,-0.227,-0.825,-0.768,0.639,0.196,0
-0.533,-0.109,0.061,0.028,-2.492,-0.034,2.527,-0.191,1
-0.49,1.646,0.131,0.2,0.057,0.571,-0.056,-0.841,1
1.169,-1.684,-1.478,-1.285,-0.885,-0.367,1.91,-0.317,0
0.987,-1.464,-1.984,1.451,-0.33,-1.801,1.009,0.994,0
-1.133,-0.924,0.207,1.799,-2.436,-2.363,-0.671,-0.402,0
0.534,1.157,0.799,0.867,0.095,1.177,-0.544,-0.383,1
0.294,-1.485,1.318,0.657,-2.439,0.562,-0.956,-1.224,0
-1.498,-0.56,-0.465,1.679,-0.287,0.88,1.353,-1.885,1
0.257,0.255,-0.39,0.649,0.732,2.613,-0.645,1.079,1
-0.517,0.205,0.205,1.483,0.357,0.591,0.354,-0.548,1
-0.914,-1.192,-0.065,-1.105,1.456,0.748,0.128,1.218,1
-1.853,-0.363,-0.892,-0.7,2.137,1.163,-0.174,-1.433,1
0.036,1.368,1.777,-0.695,-1.18,-1.784,1.289,-0.136,1
0.341,0.414,-0.756,-0.328,1.126,-1.088,-1.17,-2.213,0
0.924,0.619,-1.102,-1.814,-0.122,0.508,-2.593,-0.974,0
-0.219,-1.146,-0.388,1.684,-1.46,-0.282,0.599,0.896,0
0.515,0.68,-0.024,-0.548,-0.015,-1.681,-0.653,-0.408,0
0.759,-0.28,-0.752,-2.015,0.68,1.379,-0.358,0.484,1
0.626,-0.326,-0.296,-1.263,-1.986,-0.984,0.557,0.385,0
-2.456,0.246,0.876,0.028,0.697,0.282,-1.233,-0.532,1
-1.554,-0.586,1.217,-0.684,0.256,-0.521,-0.009,1.03,1
-0.002,-1.439,1.233,0.562,0.426,-0.096,-0.395,-1.247,1
-1.383,0.907,-0.263,0.225,-0.638,-0.36,-0.65,1.219,0
-0.413,0.705,-0.8,2.111,-1.125,-0.085,0.131,-0.291,0
-1.329,-0.009,-0.214,0.772,0.906,-0.431,-0.741,-0.056,0
-0.078,1.808,0.696,-0.189,0.586,-0.266,0.5,0.415,1
-0.877,2.013,0.805,1.462,0.599,2.904,-0.72,-1.255,1
-0.517,0.843,-1.61,0.33,-0.762,-0.542,-1.155,1.31,1
0.519,-0.545,-0.539,0.406,0.395,2.398,1.676,-1.174,1
0.484,-0.54,-0.392,-2.525,0.521,0.827,-0.462,-0.879,0
-0.445,0.022,-1.052,-0.273,0.368,-0.438,-0.591,0.247,0
1.111,-0.235,0.675,-0.326,1.058,-0.48,-0.257,1.214,0
0.775,0.194,-1.631,-1.195,0.884,0.68,-0.64,-0.001,0
0.797,0.744,0.962,0.92,0.061,-0.232,1.301,1.903,0
-1.1,0.057,1.626,-0.598,-0.239,-0.854,1.83,1.01,1
-0.852,1.714,0.308,1.183,1.502,-0.134,0.927,-1.146,1
0.405,0.156,1.303,0.71,-1.126,0.18,0.548,-2.585,0
1.216,0.395,-0.436,0.549,1.714,0.236,2.027,-0.905,1
-0.068,-1.658,0.305,-1.081,-0.551,0.44,0.734,-1.063,1
-0.268,-0.691,-1.612,-1.192,1.382,-0.757,0.216,-0.415,1
-2.225,1.854,-0.12,1.163,-0.613,0.489,1.101,0.089,1
1.342,-1.168,0.156,-0.821,-0.61,0.556,0.768,-1.17,0
-1.159,1.577,-0.63,-0.977,0.035,0.267,-0.199,1.457,1
-0.272,-0.449,-0.005,0.379,-0.031,0.045,0.753,-0.074,0
1.779,1.212,0.866,0.693,-0.797,-0.598,-0.294,-0.682,0
-0.537,-0.105,-0.781,1.282,-0.41,0.348,-0.932,0.305,0
0.848,-0.511,0.989,0.229,-0.757,-0.133,0.377,0.156,1
-0.281,0.804,-0.884,-1.879,0.935,-1.434,-1.295,1.381,0
1.843,-0.053,-0.397,-0.441,0.793,-0.334,0.547,0.264,1
0.762,0.562,-0.511,-0.024,-0.247,0.103,0.0,0.656,0
-0.409,-0.595,0.296,-0.678,-0.856,0.35,-0.34,-1.273,0
2.11,1.154,1.079,3.301,0.206,0.581,-1.249,-2.213,0
0.124,-1.06,-0.968,-1.671,-0.054,1.103,0.204,-1.009,1
0.428,-0.334,-1.827,-0.612,0.583,-0.956,1.539,2.56,1
-0.998,-0.621,0.657,-0.784,-1.021,-0.818,1.203,0.244,0
0.061,-0.194,-0.094,0.586,-0.337,-1.396,0.818,-1.367,0
-0.645,-0.027,1.685,-0.713,0.994,-0.985,1.443,0.4,1
0.132,-0.714,-0.834,0.678,1.777,-0.789,0.712,-2.831,1
-0.138,-0.001,1.687,-0.689,-0.513,1.041,-0.996,-0.05,1
0.36,1.902,0.681,1.16,0.713,-0.151,-1.751,-0.245,0
-0.777,2.226,0.346,-0.593,-0.352,-0.504,2.107,0.191,1
-0.243,-0.175,-0.021,-0.639,-0.72,-0.913,-0.641,-0.761,0
1.195,-1.037,-0.799,-1.368,-0.276,-0.626,-0.265,1.239,0
-0.834,-0.264,-0.066,2.403,0.157,-0.402,1.267,-0.331,1
-0.504,-0.217,-1.634,-0.45,0.641,-0.148,0.311,-0.154,1
0.876,-0.699,0.406,-0.791,0.15,0.588,-0.028,-0.502,0
0.958,-1.57,0.412,0.19,-1.502,-0.007,0.086,0.134,0
-0.274,-0.35,0.828,0.276,2.51,-1.125,1.641,2.123,0
-0.556,-0.947,0.151,-0.253,0.053,-1.705,-1.36,1.369,0
-0.331,-1.326,-0.592,0.691,-1.12,-1.015,0.281,2.021,0
-0.67,-0.889,0.28,0.543,0.832,0.518,-0.578,-0.728,1
0.588,0.603,-0.269,1.635,-0.687,0.918,-0.649,-0.611,1
-1.423,-0.554,0.725,-0.728,-1.176,-0.112,-0.947,0.069,1
-0.607,1.477,0.414,-0.419,-0.162,-0.455,2.623,-0.234,1
1.014,-0.962,0.946,0.348,0.631,-1.578,-1.292,-0.755,0
0.577,1.308,1.615,-0.044,0.378,0.817,-2.338,-1.904,1
-0.436,1.554,1.583,-0.428,-0.106,-1.21,-1.995,-0.677,1
1.163,0.249,-0.92,0.322,1.112,1.556,1.395,0.512,0
1.998,1.041,0.104,-0.377,1.706,0.31,1.232,0.964,1
-0.375,1.398,0.997,0.412,-1.098,-0.166,0.158,0.084,1
0.635,-0.92,-0.351,-2.16,0.475,1.046,0.711,0.334,1
0.53,0.993,-0.133,-0.037,1.634,0.936,-1.494,-0.239,0
-1.563,0.669,0.285,-0.609,-1.495,0.242,0.908,0.936,1
0.083,-0.781,-1.017,-1.181,-0.658,2.555,-0.733,-0.948,1
-1.492,0.555,-0.227,0.619,0.152,0.736,0.292,-0.14,1
0.33,0.166,-1.044,0.669,-0.51,0.694,-0.425,-0.226,1
-0.117,0.43,-0.431,0.699,1.002,-0.711,0.369,-0.172,0
0.937,-0.872,0.237,0.807,-0.683,1.175,0.647,0.414,1
0.202,-1.293,0.096,-2.111,-0.188,-0.425,1.512,-0.27,1
-0.212,-0.464,0.62,-0.309,-0.205,-0.17,1.181,-1.215,1
1.774,-2.638,0.298,0.57,-1.113,-1.651,-0.761,-0.238,0
-0.585,0.805,-0.403,1.42,-1.195,1.445,1.496,0.11,1
0.676,0.783,1.01,0.746,-0.795,-0.075,0.034,0.766,1
-0.37,-0.228,0.036,-1.085,-0.611,0.363,0.724,-0.859,1
-0.314,0.375,-0.765,1.353,-1.557,-1.381,-0.644,-0.625,0
-0.643,0.383,-1.0,0.34,0.542,-0.542,-0.092,-0.25,1
-1.312,0.779,-0.498,-0.159,0.92,-0.097,1.78,-0.16,1
0.29,0.057,-2.608,-0.462,-0.104,0.929,-1.055,0.374,0
0.118,-0.808,0.673,-0.788,-0.338,-0.338,-1.85,-1.755,0
-0.996,2.288,1.57,0.308,-0.96,-1.562,0.798,-0.415,1
-0.423,2.054,-0.241,1.224,-1.644,-0.195,-1.342,-1.426,1
0.416,-1.655,-0.18,-0.243,0.838,-1.24,0.73,0.319,0
-0.755,0.371,0.451,-0.17,0.706,-0.727,1.446,0.941,1
0.306,-0.95,1.652,0.227,-0.408,0.252,0.863,0.267,1
0.267,-0.667,-0.752,2.151,-0.827,-0.475,2.485,-0.21,1
0.805,1.262,-1.626,0.542,-0.147,0.177,-1.721,0.564,0
-1.176,-1.392,-0.109,0.397,-1.358,0.5,0.97,1.559,0
0.534,-0.549,-0.129,-1.353,-0.198,-1.843,0.025,-0.387,0
-0.234,-0.788,-0.867,0.592,0.096,0.26,-0.004,-0.937,0
0.999,0.88,0.316,0.152,0.036,0.82,0.464,-0.236,1
0.323,-0.374,-0.243,0.453,-1.082,-0.933,-1.362,0.079,0
-0.5,1.158,-1.834,0.563,0.249,-1.501,0.436,-0.312,0
1.933,-1.027,-0.376,-1.254,-0.656,-0.182,-0.167,0.188,0
0.563,-0.14,0.05,0.245,-0.021,2.256,-0.621,0.541,1
0.674,0.134,-1.849,0.421,-1.125,-0.146,1.692,-1.176,1
-0.274,-0.35,0.828,0.276,2.51,-1.125,1.641,2.123,0
0.503,-0.727,-0.812,0.011,0.764,-0.576,-0.504,0.398,0
1.05,0.39,-0.61,-1.081,0.433,-0.747,0.607,-0.035,1
0.171,0.645,-1.294,-1.639,-1.548,-0.87,1.141,0.693,0
-0.676,0.233,1.717,0.826,0.365,0.395,-1.508,0.726,1
0.549,-1.24,-0.495,-0.583,-0.48,0.44,0.02,0.077,0
-0.674,0.355,-1.11,-0.149,1.002,-0.141,-1.262,-1.076,0
0.268,-1.107,0.585,-1.742,-0.179,-0.63,-0.529,-1.083,0
-0.643,0.383,-1.0,0.34,0.542,-0.542,-0.092,-0.25,1
-0.555,-0.483,-1.328,1.285,-0.37,-0.407,-1.824,-0.86,0
0.245,-0.301,-1.336,-0.807,-1.053,-0.852,-0.455,0.641,0
-0.289,-0.16,0.693,-0.935,-0.382,0.421,1.214,-0.15,1
-0.484,-0.591,1.093,-0.03,-0.798,1.175,-0.97,0.651,0
1.003,0.362,0.358,-0.613,0.31,0.342,-0.036,0.311,0
1.143,0.936,0.881,-0.765,-1.703,0.352,1.755,-0.356,1
-1.555,-0.554,-1.129,-1.308,0.193,0.642,0.792,0.062,1
-1.79,0.272,-0.328,1.187,-1.073,0.974,0.128,2.534,1
1.233,-0.399,0.347,-1.226,0.434,0.906,0.617,-1.538,1
-1.339,0.305,1.319,1.138,-1.566,1.364,-0.764,-1.913,1
0.957,-0.448,-0.026,0.884,-0.848,-0.867,-1.013,0.058,0
0.286,2.622,0.266,-0.532,-0.053,0.937,-0.254,-1.512,1
-0.944,0.202,1.191,-0.41,0.818,-0.936,0.533,1.671,1
1.146,-1.752,-0.223,0.157,0.022,1.241,1.322,1.899,0
0.953,1.093,-1.207,-0.368,-1.064,0.446,0.188,0.914,0
-0.317,0.267,2.236,0.071,0.292,-0.909,-0.584,-2.081,1
-0.315,-0.732,0.676,-0.151,-0.318,1.21,0.394,-0.033,1
-0.653,-1.042,1.015,-1.054,-0.832,-0.969,1.876,0.38,1
0.528,-0.939,-0.017,0.038,-0.872,-1.558,0.134,-1.137,1
2.02,0.099,0.942,0.305,1.086,-0.22,2.028,1.573,1
-0.608,-0.342,1.857,1.434,-2.039,-0.401,0.569,0.993,1
1.953,-1.421,-1.254,-0.843,-1.327,1.061,-1.222,-0.699,0
0.823,-1.914,-1.121,-0.111,0.145,-1.285,1.038,0.425,0
0.424,0.31,-0.36,-2.57,-0.035,0.477,0.526,-0.153,0
0.262,0.476,-0.994,0.344,0.216,-1.769,-2.202,0.476,0
-0.594,-0.357,-0.186,-0.623,-0.959,1.55,-2.014,-1.567,0
1.682,-1.108,-0.685,0.352,0.414,0.083,-0.329,-0.353,1
1.527,-1.067,0.042,-1.913,0.403,0.77,-0.023,-0.711,0
-0.694,-0.074,-1.411,-0.56,0.238,0.484,-0.058,-1.066,1
-0.773,0.264,-0.472,-0.341,0.957,-1.695,0.28,-0.235,0
1.247,-0.765,0.519,-0.187,1.761,-1.178,-1.974,0.276,0
0.697,-0.899,-0.383,0.557,-0.528,-0.648,0.436,0.291,0
-1.631,-0.105,0.277,0.489,-0.013,-1.027,0.481,0.217,0
0.318,0.372,-0.366,0.025,1.248,0.669,-2.905,-0.904,0
0.617,0.81,-0.751,0.072,0.872,0.917,0.84,-2.383,1
-1.074,-0.529,-0.466,0.297,0.104,0.518,-1.084,-0.277,1
-0.316,1.655,-0.36,-0.756,0.559,-1.114,-1.432,0.403,0
-0.589,1.04,0.492,0.188,0.2,0.692,-1.916,-1.638,0
-1.088,-1.827,-2.371,-0.761,2.09,-0.819,0.25,-0.47,0
-1.728,-0.514,-0.427,1.629,0.32,-0.867,0.393,-1.863,1
1.282,-1.487,1.009,-0.455,0.759,-0.893,0.717,1.037,0
-0.903,-0.185,-0.097,1.139,0.58,-0.752,0.682,0.771,0
0.52,0.959,-1.462,-0.161,-1.423,1.186,0.753,0.029,1
-0.366,0.884,-2.055,0.343,-0.648,-0.396,2.262,0.571,1
0.676,-0.38,-0.286,0.044,-0.154,-0.709,-0.203,-0.885,0
-1.48,0.887,-0.152,-1.557,1.772,0.665,-0.173,-2.586,1
-1.261,-1.181,0.395,-0.54,-1.65,0.925,1.4,0.181,1
1.73,-0.263,0.367,-0.062,0.334,-1.279,1.008,0.871,0
-1.924,0.74,2.36,-0.642,1.472,-1.149,0.946,-0.264,1
-0.5,-1.626,1.19,1.041,1.443,-1.631,0.495,-1.587,1
0.084,0.295,-1.038,0.271,-0.463,-0.174,1.655,0.195,1
-0.429,-1.146,-0.907,-0.381,1.089,1.029,-1.435,1.209,0
0.311,1.049,-1.305,-1.561,-1.053,-0.688,1.443,-0.822,0
-0.293,-0.038,-0.233,0.428,-0.334,-0.521,-0.3,-0.612,0
0.702,0.506,-1.859,0.585,-0.088,0.048,-1.414,-0.822,0
0.504,-1.377,0.837,0.064,-0.466,0.683,0.474,-0.201,0
0.661,-0.468,0.304,-1.235,1.251,-1.929,-1.156,0.401,0
0.52,0.804,0.823,0.493,0.544,1.683,-0.037,0.118,1
-0.704,-1.0,-0.549,0.237,-0.606,-1.25,0.784,-0.18,1
1.194,0.1,0.559,0.354,-0.305,0.634,-1.012,-0.407,0
-1.227,1.088,-0.348,0.405,-1.272,0.841,0.845,1.306,1
1.239,-0.357,-0.433,-1.09,-0.545,-0.889,-0.202,0.796,0
1.599,0.189,0.36,0.056,1.887,-1.013,-1.142,-1.043,0
-1.08,0.187,-1.431,-1.479,-0.377,1.7,0.618,-1.103,1
2.165,0.452,0.22,-0.465,1.51,1.147,-1.506,0.986,1
-0.608,-0.342,1.857,1.434,-2.039,-0.401,0.569,0.993,1
2.249,1.006,0.592,0.452,-0.253,-0.648,-0.364,0.279,0
2.213,-2.527,0.818,-1.488,0.815,0.944,-0.096,-1.209,0
1.34,0.225,2.444,-0.51,0.068,0.311,-0.274,1.034,1
-0.699,-0.472,-2.032,0.618,-0.466,1.226,-0.788,-0.823,0
-0.388,-0.825,0.329,1.219,0.757,0.437,2.038,0.235,1
0.02,-0.412,0.78,-0.481,-0.583,-0.353,-0.1,-2.422,0
-0.922,1.715,0.767,-0.466,0.718,2.22,0.147,1.626,1
-0.855,0.705,1.896,0.386,0.311,1.861,-0.023,-0.309,1
-0.152,-1.145,0.09,0.42,0.16,-0.669,0.062,-0.424,0
-1.6,0.426,-0.036,-1.098,-0.226,-0.143,0.443,0.233,1
0.677,-0.234,-1.937,-0.317,-1.297,1.517,0.126,-0.397,0
0.422,0.362,-0.537,-0.547,1.26,0.301,0.283,-0.969,1
-0.16,0.399,1.039,0.783,0.21,-1.142,-0.77,0.915,0
-0.263,-1.018,0.491,0.496,0.881,-0.9,0.057,-2.415,1
0.337,0.182,0.251,0.993,-2.017,-0.06,-0.343,0.644,0
-0.409,-0.13,-0.255,0.528,-0.211,-1.051,-0.838,0.032,0
-0.429,-1.146,-0.907,-0.381,1.089,1.029,-1.435,1.209,0
-0.191,-1.71,0.534,-1.123,0.114,0.162,-0.967,1.041,0
-0.072,-0.993,-0.381,0.107,-0.145,1.731,0.092,-0.854,0
-0.352,-0.739,-0.298,-0.602,0.832,0.271,1.725,0.313,1
0.064,1.234,1.555,-0.392,3.752,-0.036,-0.399,0.568,1
0.598,-0.586,-0.565,-0.629,0.565,2.608,-1.286,-0.433,1
1.613,-1.219,-0.811,0.535,-1.33,0.76,-0.559,-0.534,0
-0.575,1.812,0.561,-0.244,0.534,0.669,0.142,-1.243,1
0.873,0.584,0.855,-0.286,1.375,0.315,-0.265,0.389,0
-0.314,0.375,-0.765,1.353,-1.557,-1.381,-0.644,-0.625,0
0.866,0.935,0.057,0.124,0.969,-1.398,-0.81,0.085,0
0.78,-0.273,0.558,-0.721,0.657,0.144,0.929,-0.624,1
0.232,0.036,-0.671,-0.332,-0.558,0.896,-1.213,-0.846,0
-0.205,0.304,0.685,0.753,0.522,1.091,1.115,0.148,1
1.516,0.27,0.097,-0.852,0.809,-0.607,-0.57,0.065,0
-1.722,0.671,-0.14,1.706,0.64,-1.117,-1.372,1.151,1
0.989,-0.577,0.219,-0.543,-0.872,-0.628,0.421,-1.742,0
-0.285,0.755,-1.568,-0.576,0.296,0.08,-1.599,1.69,0
1.364,-0.19,-1.639,0.432,-0.165,-0.974,0.651,0.264,0
0.296,-0.946,0.469,-0.455,0.653,-0.599,-2.191,-0.614,0
0.096,-2.434,-0.476,-1.655,-0.796,-0.795,-1.038,1.57,0
-0.485,0.667,-0.406,-1.128,-1.101,1.866,1.27,-0.319,1
-0.454,0.872,0.646,-0.408,-2.249,-0.118,1.067,-1.211,1
-0.174,1.007,0.238,-0.536,0.351,-1.904,0.145,-0.666,1
0.036,1.785,-0.888,0.558,-1.884,2.295,-2.694,1.421,0
-1.159,1.577,-0.63,-0.977,0.035,0.267,-0.199,1.457,1
0.133,2.385,1.656,-1.024,-1.873,-0.265,0.265,0.15,1
-1.252,-0.547,-0.832,0.13,-1.259,-0.262,1.374,1.401,1
-1.831,-1.022,0.69,-0.316,0.691,0.62,1.164,-0.348,1
0.071,0.817,0.432,0.255,0.588,-0.622,1.509,-0.31,1
0.177,-2.281,-1.018,0.513,0.07,0.595,-0.55,0.203,0
-0.472,0.081,-0.614,-0.623,-1.276,0.11,0.733,0.163,0
-0.682,-0.169,0.876,-0.328,-0.269,-0.612,0.113,-0.002,1
0.09,-0.76,0.119,-1.558,1.204,2.328,-0.985,0.34,1
0.102,-0.437,0.83,1.476,-0.915,0.155,1.118,0.224,0
-1.504,-0.641,0.625,1.126,-0.212,0.532,-0.285,-2.473,0
-1.037,0.764,-1.042,-0.703,-0.447,-0.906,0.743,1.543,1
0.608,0.172,1.263,1.198,0.077,-1.638,0.554,-0.689,0
-0.875,0.684,-0.301,2.104,0.08,1.516,1.334,-0.461,1
-0.009,-0.234,-1.019,-0.41,-0.55,0.681,1.68,-1.73,1
-0.007,-1.047,-1.038,-0.616,0.887,0.634,0.015,0.262,0
-1.766,2.231,0.799,-0.813,1.179,-0.118,-0.37,1.647,1
-0.552,0.979,0.908,-0.737,1.485,-0.255,-0.238,1.084,1
2.07,0.213,-0.934,1.664,1.598,-0.995,0.361,0.28,0
1.231,0.21,1.558,-0.28,-0.163,-0.483,-0.506,-0.489,1
0.51,-0.154,0.525,0.97,-0.221,0.527,-2.383,-0.477,0
0.656,-0.093,1.263,-1.125,0.073,-1.975,0.569,0.466,0
-1.093,1.513,0.35,-1.636,1.645,0.345,-1.327,-0.674,1
-0.702,1.026,1.274,-1.062,0.441,-0.112,2.028,0.838,1
0.924,0.619,-1.102,-1.814,-0.122,0.508,-2.593,-0.974,0
0.145,-0.13,-1.386,-0.813,0.857,0.433,-0.821,0.848,0
-0.336,0.109,1.057,1.384,0.257,-0.265,-0.133,-1.022,0
-1.965,-0.69,0.128,0.12,0.724,-0.042,-0.053,1.245,0
0.363,-0.824,-0.874,-1.022,-1.73,0.763,0.99,0.477,1
-0.724,-1.175,1.164,-0.475,0.271,0.379,0.955,-0.283,1
0.885,2.131,0.913,-0.28,0.038,-0.483,-0.782,-0.184,1
0.915,-0.177,-2.188,-0.718,1.036,0.042,-0.637,0.252,0
-0.788,-1.543,1.106,-0.704,0.873,0.703,-0.512,0.213,1
-0.614,0.547,-0.358,0.825,-0.158,0.234,0.522,0.469,0
-1.348,-0.529,0.102,0.262,0.331,-0.181,-0.627,0.539,1
0.258,-0.717,1.221,-0.54,-1.929,0.656,0.009,0.405,0
1.014,-2.318,-0.287,-0.404,-1.864,-0.161,-1.003,-0.804,0
0.559,-1.359,0.367,-0.23,-0.015,-1.798,-0.787,0.696,0
0.132,-0.714,-0.834,0.678,1.777,-0.789,0.712,-2.831,1
-2.36,-0.063,-0.711,0.102,-1.047,0.003,-0.061,0.011,1
-2.181,0.885,1.738,1.345,-0.74,-1.134,-0.933,-1.159,1
-0.856,-1.243,0.501,-0.036,-1.469,0.381,1.013,-1.322,1
0.542,-0.532,0.336,1.906,-1.071,-0.302,-0.767,1.985,0
-0.816,1.186,-1.094,0.41,0.818,-0.673,1.811,0.536,1
-0.698,1.015,2.003,-2.123,1.269,0.241,-0.504,-1.303,1
-0.103,-0.386,0.894,-1.845,-0.84,-1.015,0.18,-0.642,0
-0.224,0.745,1.234,-0.063,-0.361,1.934,-0.234,-1.255,1
-0.2,0.878,-0.77,0.334,-1.29,0.275,-0.912,0.172,0
-0.955,-0.24,1.15,0.7,0.464,-0.424,-0.722,0.033,1
2.178,0.498,0.972,-0.013,0.179,1.522,-2.042,-0.354,0
0.23,-0.087,2.187,-0.053,-0.329,-0.527,-1.163,0.788,0
-1.211,0.07,1.376,-0.689,0.593,-0.717,-0.729,-0.628,0
-0.054,-1.073,-0.342,0.582,1.075,1.188,-0.637,0.285,0
-0.609,2.577,0.64,-1.063,-0.798,-1.098,0.09,0.049,1
-1.565,1.726,1.109,-0.622,-2.392,1.462,-0.604,0.152,1
-0.778,-1.031,2.346,2.664,-0.592,0.262,-1.969,-0.756,1
-0.046,0.553,0.538,1.686,0.208,0.752,-1.203,-1.08,0
-0.058,0.746,-0.904,3.44,1.217,-0.434,0.478,-0.35,0
-0.982,2.012,-0.703,0.774,0.305,2.472,0.371,-0.545,1
-1.526,-0.717,-0.774,1.305,-0.551,-0.825,0.808,-0.448,0
0.365,0.294,0.028,0.547,-0.736,-0.163,-0.482,0.599,0
-0.286,1.573,-1.743,0.867,-1.485,1.02,-0.848,1.072,0
1.8,0.074,0.979,0.867,0.49,2.348,0.102,0.119,1
-0.704,-1.0,-0.549,0.237,-0.606,-1.25,0.784,-0.18,1
-0.554,-0.549,-1.27,-0.621,-0.069,-1.036,1.902,0.53,0
-0.934,0.234,-0.409,0.7,0.568,0.63,-0.028,0.86,1
-0.496,1.437,-0.261,0.225,1.542,-0.0,-0.171,-0.509,0
-0.192,-0.569,0.863,-1.434,0.274,0.019,-1.13,0.619,0
0.599,0.503,-0.797,-0.568,-0.602,0.23,0.191,-2.185,1
-0.724,-0.882,0.412,-0.646,1.479,0.133,-1.164,-0.98,1
-0.788,0.33,-0.886,0.535,0.389,1.267,2.167,2.849,1
-0.286,1.573,-1.743,0.867,-1.485,1.02,-0.848,1.072,0
1.665,0.07,-0.742,0.595,0.044,0.045,-0.998,-0.225,0
-0.12,-0.569,-0.276,-1.006,0.051,-0.02,-1.223,1.729,0
1.062,0.9,0.029,0.14,0.708,1.703,-2.051,1.083,0
-0.475,0.301,0.088,-1.436,-1.401,0.637,0.502,-0.251,0
2.028,-0.4,1.092,0.904,0.308,-0.106,0.585,0.235,0
-0.802,-0.808,-0.105,0.219,0.784,0.177,-2.303,1.647,0
-0.104,-0.097,-0.036,-0.767,0.906,-2.368,0.413,-1.518,0
0.393,-1.068,-0.363,-0.347,-0.547,-1.894,-1.876,-0.122,0
0.018,0.873,-1.24,-0.197,1.278,0.493,0.593,-0.91,0
-0.294,-1.076,-2.265,1.425,1.601,0.301,-0.771,0.185,1
1.387,-1.692,-1.764,-1.315,-1.674,0.201,-0.055,-0.621,0
-0.159,-0.276,0.977,-1.295,-0.941,0.162,0.828,0.608,1
0.493,0.726,-0.217,-0.137,0.546,-0.136,3.142,0.129,1
-1.314,-0.61,0.553,-0.832,-0.616,1.337,0.47,0.515,0
-0.655,-0.658,0.206,-0.321,0.905,0.52,-0.501,-1.295,1
-0.579,-1.124,-0.469,-0.262,1.002,-1.139,-0.293,-1.288,0
1.077,-1.045,0.603,-2.236,-0.52,-0.739,-1.1,0.277,0
1.437,1.047,-0.967,0.348,0.114,0.379,-0.061,1.091,0
-0.371,-0.327,-2.002,-0.068,-1.172,1.582,-0.996,-1.04,0
0.779,0.236,-1.734,-0.721,0.526,2.519,-0.677,-0.56,0
0.106,1.573,-0.331,-0.138,1.248,-0.357,-0.392,0.114,0
-0.293,-0.606,1.002,-1.915,0.96,-0.001,-0.48,0.086,0
1.325,0.675,-0.982,1.294,0.232,-1.668,1.483,-0.784,0
-0.038,-2.253,1.357,0.66,-1.289,-0.864,-2.161,-2.98,0
-0.332,-1.426,-1.483,-0.462,-0.547,1.26,0.375,-1.581,0
0.644,-1.397,-1.414,0.163,0.21,-0.193,-0.289,-0.629,0
-0.317,0.344,-0.261,0.723,-0.036,-0.812,-0.016,0.055,1
0.212,2.363,0.71,1.044,-2.076,-0.454,1.312,-0.293,0
-2.589,-0.041,0.618,-0.469,1.078,1.444,0.659,-0.338,1
-1.117,-1.826,1.83,0.569,-1.17,-0.841,-0.244,0.893,1
-0.724,-1.175,1.164,-0.475,0.271,0.379,0.955,-0.283,1
-3.664,0.146,-0.316,-0.601,0.913,-0.273,1.569,-1.261,1
0.713,0.356,-0.253,1.374,-0.003,1.561,-0.775,-0.057,1
0.994,0.514,-0.776,0.012,0.346,0.367,-0.509,-0.111,0
1.41,-1.024,-1.033,-1.252,2.0,0.598,0.627,1.026,0
-0.005,0.566,0.946,-0.572,-0.719,0.15,0.005,0.819,0
-0.19,-0.963,0.022,1.596,1.517,-0.317,0.947,1.024,1
-0.5,-0.254,1.565,1.894,0.182,0.084,-0.457,0.192,0
0.122,-2.447,-1.47,0.025,-0.996,-0.157,1.851,-0.835,0
-0.85,1.026,0.686,1.543,0.939,1.927,1.152,0.696,1
1.331,0.014,-0.712,0.443,-2.307,-1.041,1.768,-0.156,1
0.419,0.741,0.385,-2.751,0.586,1.361,-0.107,0.659,1
0.718,0.963,-0.805,0.474,1.805,-1.302,0.364,-0.413,0
0.64,0.281,1.283,1.132,-0.749,1.36,0.745,0.159,1
0.519,-1.058,0.264,0.383,1.017,-0.957,1.036,-0.415,1
0.648,1.871,-1.142,0.339,-0.259,0.826,0.45,1.472,0
-0.261,0.295,-1.252,-0.435,-1.25,-0.299,0.749,-0.493,0
-0.204,0.019,-2.054,-0.088,-1.017,-0.758,-0.367,-0.485,0
0.056,0.626,0.728,-1.981,-0.247,-2.936,-0.011,-0.568,0
1.391,-0.238,1.009,1.457,-0.445,-1.505,-1.729,1.63,0
0.117,0.2,1.262,0.769,1.174,0.823,0.154,0.255,1
0.398,-0.353,-1.728,2.548,0.079,-1.179,-2.417,1.403,0
-0.276,-0.255,-0.796,-0.74,0.057,-0.218,0.083,0.382,1
-0.366,-0.841,-0.124,0.003,0.291,1.299,-0.588,0.025,1
-1.1,0.057,1.626,-0.598,-0.239,-0.854,1.83,1.01,1
1.479,1.062,-1.962,1.109,0.192,-0.596,0.792,0.652,0
-1.056,-0.9,-0.391,1.627,-1.176,0.16,-2.138,-0.002,0
0.278,2.087,1.009,0.175,0.874,1.191,-0.837,1.117,1
-0.158,-0.982,1.932,-0.579,-0.271,-0.126,-0.172,0.564,0
2.076,0.695,1.842,1.533,0.753,-0.112,-0.842,-1.112,0
0.349,0.212,0.581,1.616,0.214,-0.446,0.973,-0.809,1
-1.539,-0.012,1.789,1.278,-0.281,-0.252,0.888,0.634,1
-1.423,-0.691,-0.762,-1.115,0.297,-1.489,0.968,0.922,0
0.247,0.603,-0.504,0.265,0.29,-0.622,1.06,-0.236,1
0.217,-1.433,0.532,-0.133,-0.527,0.435,0.927,-0.227,1
-0.542,0.416,-0.388,1.132,0.313,0.614,-0.306,-1.475,1
0.723,-2.171,0.495,0.416,0.68,-0.675,0.509,0.996,0
0.145,0.553,1.925,0.016,0.099,0.136,1.629,0.168,1
0.336,0.028,0.943,-0.602,0.882,-1.189,1.88,-0.086,1
1.524,-1.525,-2.466,0.617,2.548,-1.001,-1.251,0.589,0
-0.223,-0.605,0.842,0.402,0.149,0.947,0.832,-1.31,1
0.072,-0.68,0.387,1.382,-0.735,-0.991,-1.614,-0.336,0
-0.005,0.566,0.946,-0.572,-0.719,0.15,0.005,0.819,0
-0.4,0.892,-0.117,-0.796,0.625,-0.337,-0.517,-0.092,1
0.831,0.368,0.048,0.773,0.597,0.131,0.366,-0.48,1
-0.642,-0.731,0.885,-0.848,0.362,0.35,-0.098,0.423,1
1.182,-1.003,-2.28,0.767,-1.196,-0.326,-1.179,1.052,0
-1.562,1.064,0.633,0.576,-1.256,0.178,1.011,0.31,1
1.114,0.126,0.199,1.23,1.341,-0.059,-1.91,-0.319,0
0.402,0.595,0.03,1.111,-0.729,-1.436,-1.777,-1.621,0
-0.548,0.358,0.887,1.084,-0.763,0.191,1.492,0.617,1
0.834,-1.543,0.774,0.251,-2.121,0.294,1.145,-0.079,0
0.353,-0.606,0.216,-0.77,0.391,0.545,-0.192,-0.558,1
0.23,0.736,1.065,1.153,0.896,-0.212,0.476,0.659,1
1.354,-0.114,0.125,2.002,0.766,-0.002,-0.796,0.274,0
-1.278,0.985,0.53,0.885,-0.367,-0.562,0.0,-0.424,1
-0.179,0.918,-0.504,-0.122,-0.732,-0.474,0.42,-0.795,0
-0.512,-0.142,0.699,-0.099,0.657,0.138,1.081,-0.885,1
0.97,-0.358,-0.082,2.409,-0.628,-0.89,0.292,1.53,0
1.203,0.304,-0.334,-1.503,1.235,1.584,0.592,-0.525,1
-0.446,0.419,-0.448,0.158,1.602,0.797,-1.393,1.632,0
-2.672,0.931,-0.825,0.59,1.053,-0.733,0.88,-2.121,1
1.592,0.256,-1.308,0.061,0.644,0.514,1.899,-0.191,1
0.326,-0.002,-1.05,-0.11,-0.397,-2.518,2.686,0.436,0
-0.855,0.705,1.896,0.386,0.311,1.861,-0.023,-0.309,1
1.187,0.466,1.193,0.387,0.37,0.813,0.7,1.698,0
-0.348,-1.31,0.58,1.131,0.929,-0.684,0.569,-1.0,1
0.966,-0.995,0.739,1.689,1.289,0.398,1.212,1.633,1
-1.168,0.653,0.221,-0.161,-0.067,0.224,-0.14,-0.173,1
-0.959,0.421,0.001,0.958,0.905,1.346,0.154,-1.475,1
-0.032,-0.332,0.314,-1.05,2.529,-0.11,-0.06,0.442,1
-0.178,-0.84,0.343,1.494,0.032,1.018,1.96,1.436,1
1.062,0.168,0.918,-0.252,1.363,-1.758,-0.689,0.724,0
0.585,-0.022,-2.664,0.605,-0.251,-1.503,0.696,-0.049,0
-0.075,-0.294,-0.915,0.381,0.091,-0.179,-0.67,-0.523,0
0.006,-0.849,-0.421,0.857,0.571,-0.047,0.846,1.122,1
-2.711,-1.889,-0.175,-0.422,0.214,0.217,2.118,-1.112,1
0.779,0.236,-1.734,-0.721,0.526,2.519,-0.677,-0.56,0
0.486,0.468,-0.175,0.848,-0.605,1.11,0.04,-0.036,0
-0.828,-0.752,-0.189,-1.214,-1.022,0.188,0.268,0.724,1
0.59,0.718,-0.456,0.777,1.071,-0.158,1.018,1.648,0
-0.219,-1.146,-0.388,1.684,-1.46,-0.282,0.599,0.896,0
0.262,-1.248,1.217,0.199,-0.909,0.411,0.696,0.933,1
-0.428,-0.003,0.613,-1.286,-0.764,1.632,-0.191,0.634,0
1.737,-0.348,0.927,0.517,-0.703,-1.212,-0.023,-0.009,0
-1.446,-1.155,0.014,0.579,-0.584,-0.109,-0.154,-2.063,1
0.55,-0.241,0.138,0.447,-0.491,0.372,-0.848,-0.106,1
0.332,-0.761,-1.0,0.647,0.075,-1.282,1.181,1.541,1
0.234,-1.919,0.197,-0.158,-0.309,-0.506,0.982,1.516,1
0.464,0.776,0.869,-0.443,-1.206,-0.181,0.421,0.275,1
-0.171,0.698,0.821,0.404,0.266,1.792,-0.872,1.638,1
1.673,-1.291,-0.832,-0.162,0.809,0.252,0.742,-1.067,0
-1.138,1.066,0.262,0.447,-0.95,-1.896,-2.185,0.321,0
0.957,-0.448,-0.026,0.884,-0.848,-0.867,-1.013,0.058,0
-1.115,-0.868,-0.667,-0.061,-0.431,-0.354,-0.927,0.945,1
-0.078,1.808,0.696,-0.189,0.586,-0.266,0.5,0.415,1
1.651,0.788,-0.32,-0.277,-0.299,-0.843,0.684,-0.042,0
0.137,-1.18,-0.969,0.462,2.258,0.13,-1.148,1.569,0
0.782,1.057,-0.199,0.911,-1.146,0.245,-0.181,-1.727,0
0.111,1.051,-0.193,0.247,0.564,-0.752,-0.638,0.422,0
1.753,-1.121,-0.376,0.723,1.989,-1.227,0.872,-1.371,0
0.549,-0.349,0.153,1.048,0.339,1.185,-0.368,-0.095,0
-1.916,-1.047,-0.683,-0.042,0.479,0.217,0.052,-0.068,1
0.159,-0.076,-0.34,-1.239,-0.101,-0.028,0.478,0.049,0
-0.429,0.862,-0.477,0.685,-0.571,-0.799,0.848,-1.473,1
-0.21,0.048,-1.981,1.926,-0.008,-1.608,1.042,0.606,1
0.044,-1.218,0.46,-0.362,0.811,0.571,1.835,0.733,1
-0.016,0.401,0.659,-1.053,-0.546,-0.674,-1.414,0.387,0
0.953,1.093,-1.207,-0.368,-1.064,0.446,0.188,0.914,0
1.232,0.711,-1.076,1.515,2.807,0.364,-1.624,1.504,0
-1.201,1.11,-0.888,0.669,0.588,0.26,-1.308,-0.612,1
0.171,0.07,-0.323,1.157,-1.715,-1.069,-1.332,-0.641,0
-1.843,0.515,0.713,2.044,-0.199,-0.141,1.256,-0.586,1
0.88,1.829,0.774,0.237,-0.603,-0.628,0.972,0.328,1
-1.111,-0.603,1.282,-1.009,0.048,-1.732,1.503,-0.036,0
-0.336,-0.031,0.367,0.337,-0.799,-1.411,-0.688,-0.581,0
0.123,0.0,-0.597,-0.411,-0.205,0.151,0.23,0.022,0
-1.171,-1.024,1.185,0.512,-0.211,1.473,-0.52,2.051,1
0.979,0.046,-0.872,-0.68,0.302,-0.615,0.619,-0.301,0
-0.405,0.07,0.211,-0.798,0.169,-0.379,0.871,0.294,0
-0.291,-0.2,0.125,0.351,0.081,0.095,-0.137,-1.547,1
-0.523,0.931,2.349,0.682,-0.213,0.404,-1.528,-0.636,1
0.473,-0.918,-2.557,0.089,1.287,0.938,0.755,-0.484,0
-1.062,-0.603,-0.156,0.342,2.483,-1.218,-0.131,1.79,0
0.562,0.521,0.725,-0.284,-1.47,-0.953,-0.202,-0.876,0
-1.132,-0.554,2.12,-0.082,-0.023,1.45,-0.612,-1.668,1
-1.305,1.275,0.156,0.526,-1.209,0.696,-1.582,-1.235,1
-0.008,-0.264,0.286,1.032,-0.867,1.734,-0.398,-0.074,1
0.361,0.52,-1.142,-1.029,0.191,-1.344,0.672,-0.083,0
0.746,-0.532,-0.909,-0.004,1.981,-0.709,0.618,-0.847,0
-0.682,1.594,0.067,0.132,0.205,-0.56,0.035,-1.953,1
-0.528,-2.409,0.595,-0.125,-1.669,0.616,-1.691,0.426,0
0.309,0.069,0.161,-0.034,-2.001,0.115,-0.537,-0.216,0
0.877,2.14,0.762,1.686,-0.094,-0.58,0.262,0.188,0
1.443,-0.857,-0.133,1.039,-1.02,0.144,-0.114,0.618,0
-0.549,0.894,0.196,0.502,-1.505,0.949,-1.569,0.19,1
1.613,-1.219,-0.811,0.535,-1.33,0.76,-0.559,-0.534,0
1.144,-0.708,-0.371,1.594,-0.899,-1.307,0.007,-0.694,0
0.445,-0.332,0.197,0.254,1.775,-0.684,-0.01,0.364,0
-0.959,0.421,0.001,0.958,0.905,1.346,0.154,-1.475,1
-0.234,-0.788,-0.867,0.592,0.096,0.26,-0.004,-0.937,0
1.814,1.286,0.452,1.2,0.847,-0.645,0.711,1.167,0
0.409,0.51,1.429,1.364,1.609,3.112,-0.464,-0.115,1
-0.345,0.121,1.896,1.126,0.21,0.065,-0.856,0.98,0
0.536,-0.578,0.698,-0.286,-0.659,-0.688,1.461,-1.568,1
-0.196,-0.585,0.463,0.345,0.421,-1.071,-0.845,-1.363,0
0.024,-1.324,-1.428,-1.814,1.118,0.544,0.521,-0.248,0
1.102,1.129,1.368,1.879,0.481,-1.51,0.241,0.041,0
0.368,1.664,0.75,0.792,-1.099,0.383,-0.924,-0.873,0
1.153,0.323,-0.303,0.713,-0.318,-1.831,1.367,-1.254,0
1.41,-0.463,1.835,-0.164,-0.342,-1.536,0.262,0.358,0
-0.65,0.496,0.285,1.237,0.807,0.493,-0.594,-0.309,0
0.497,-0.146,0.958,-1.821,0.227,1.215,-0.371,-0.467,1
-0.752,0.103,-0.378,-0.021,1.597,-1.288,-1.255,1.283,0
-1.451,0.191,-0.598,0.545,-1.302,-2.567,0.025,1.161,0
-1.018,0.37,1.092,0.311,-0.439,0.31,-0.492,0.658,1
-1.034,-0.92,1.006,-0.478,0.063,2.122,-1.547,-1.071,1
-1.191,0.547,-0.141,0.986,-0.34,0.833,-0.306,-0.351,1
0.914,-0.02,-1.249,-0.314,0.054,0.273,-0.982,-1.107,0
0.04,-1.107,0.681,-0.081,-1.613,-2.418,1.851,0.314,0
0.253,1.787,1.119,-0.394,-0.632,-0.211,-0.178,-0.524,0
-0.993,1.6,0.886,0.074,1.075,-0.855,-0.579,0.878,1
0.267,-0.667,-0.752,2.151,-0.827,-0.475,2.485,-0.21,1
-0.428,-1.019,-0.645,0.458,1.342,0.851,0.23,1.297,1
-1.049,-1.625,1.373,-0.654,1.524,0.688,0.387,0.324,1
0.656,-0.159,-0.327,-0.365,0.352,0.863,-0.477,1.248,0
-1.082,-0.003,-0.059,-1.848,-0.35,0.045,2.598,-1.243,1
-1.244,-1.667,-0.631,0.97,-0.43,0.042,-0.314,-0.017,0
1.334,-1.856,-1.253,1.615,-0.421,0.336,-0.609,-1.799,0
0.117,0.695,0.16,0.267,0.299,1.222,0.601,1.001,1
-0.127,1.352,-1.178,-1.908,-2.27,0.415,0.259,0.119,1
0.554,0.43,-0.727,-0.124,-1.586,-0.139,-0.891,2.639,0
-0.291,-0.43,-1.298,0.932,-1.065,-0.629,-0.453,0.267,0
0.8,-0.09,-0.389,2.372,0.271,0.546,-1.402,0.683,0
-0.066,-0.407,-1.164,-2.053,-0.862,-0.644,0.685,0.731,0
0.26,0.762,0.265,0.718,0.349,-1.431,1.212,0.095,0
1.814,1.286,0.452,1.2,0.847,-0.645,0.711,1.167,0
0.364,1.1,0.084,-1.168,0.955,-0.706,-0.03,1.049,1
-0.288,-0.411,2.137,0.674,1.096,-1.228,0.157,-1.133,0
-0.494,0.328,0.359,-0.397,-0.146,1.315,1.523,0.629,1
3.932,-1.392,-0.639,1.527,0.638,1.253,0.287,0.463,0
1.304,0.925,0.746,-0.508,0.833,-1.109,-0.126,-1.693,0
0.261,-0.298,-0.905,-0.601,0.222,0.533,-2.305,0.306,0
0.136,1.091,0.798,-0.524,1.939,-1.35,1.483,-0.376,1
-1.088,0.871,-0.924,0.215,0.839,-1.813,-0.452,2.264,0
0.865,-0.72,0.903,0.121,-0.139,0.057,-0.203,0.615,0
-0.133,0.582,0.005,1.309,0.003,-0.838,0.479,-0.329,1
-2.02,1.214,-1.063,-0.02,-1.091,-0.065,0.056,0.15,1
1.968,-1.047,0.713,0.663,-1.01,0.165,1.475,0.911,0
1.314,-1.011,-0.378,0.907,0.194,0.081,-0.131,0.929,0
-0.163,0.245,0.058,1.121,-0.43,-1.05,-0.819,1.842,0
0.421,-0.873,-1.044,0.996,-2.173,0.131,0.648,1.133,0
-0.56,-0.434,0.154,-0.838,-0.84,0.76,0.203,1.659,1
0.762,0.562,-0.511,-0.024,-0.247,0.103,0.0,0.656,0
0.674,1.006,-0.736,-0.051,0.039,1.19,0.711,-1.219,1
0.099,0.569,1.493,0.58,0.89,-0.009,0.671,0.973,1
-0.845,1.061,1.28,-0.04,-2.211,-1.135,0.023,-1.119,1
1.813,-1.332,-0.226,-1.445,0.999,-1.706,0.436,1.064,0
-2.077,-0.639,-1.396,-0.548,-0.37,0.962,0.822,-0.625,1
-0.726,-1.536,0.933,-1.368,0.026,-2.003,1.153,0.453,1
0.022,1.162,-1.958,-0.314,-1.023,0.196,0.423,0.3,0
0.576,-0.484,0.845,-1.25,-1.342,-0.713,0.557,-0.524,0
0.066,0.0,-0.31,-0.619,0.156,-0.412,-0.312,-0.773,0
0.341,-0.205,0.002,1.04,-0.714,-0.948,0.021,-0.936,0
0.994,0.514,-0.776,0.012,0.346,0.367,-0.509,-0.111,0
0.576,0.232,0.928,-0.423,-0.292,0.247,0.545,-0.444,1
0.078,0.113,-0.444,0.858,-0.687,-0.289,-0.038,-0.593,0
0.332,1.041,-0.636,0.721,0.546,-0.285,-0.45,-1.309,0
-0.215,-1.984,-2.189,0.832,-0.506,-0.862,-0.95,0.607,0
-0.688,0.315,1.106,0.687,1.414,-0.074,-2.176,-0.363,1
-1.867,1.786,0.49,-0.307,-0.076,-1.183,0.817,0.576,1
-0.987,0.679,0.0,-0.773,-0.302,0.435,0.525,0.337,0
0.463,-0.966,-0.208,-2.054,-0.432,-1.674,-0.82,0.619,0
0.265,-0.126,0.993,0.493,-0.292,-0.578,1.101,1.1,1
-0.635,-0.521,-1.302,-1.749,-1.08,2.277,-0.021,0.022,1
-0.155,0.974,1.012,1.639,-0.735,-0.188,-0.372,-0.51,1
0.815,-0.842,1.468,0.054,-0.156,0.709,-0.684,0.894,0
2.505,-0.791,0.178,1.015,0.99,-0.644,-0.595,0.643,0
0.768,-1.485,-0.771,2.081,-0.274,-0.068,-1.318,-0.344,0
-0.868,0.3,-1.229,-1.251,0.376,-1.012,-0.276,-0.255,1
0.719,2.873,-0.535,-0.441,-1.762,0.122,1.266,-0.403,1
-0.13,0.386,-1.119,-0.921,1.388,-1.55,-0.798,1.187,0
-0.162,0.857,1.444,-1.472,1.244,0.159,1.138,-0.324,1
-0.959,-0.917,1.523,1.988,-0.239,-0.86,-0.139,0.002,1
-1.868,-0.275,-0.505,0.681,-0.744,-0.182,-0.842,-0.976,1
-1.08,0.187,-1.431,-1.479,-0.377,1.7,0.618,-1.103,1
0.162,1.591,-0.865,-0.651,-0.04,0.253,1.3,-0.648,1
1.161,0.84,-1.079,-0.332,-1.357,1.097,1.3,1.159,0
-1.234,1.145,-0.448,-0.639,-1.094,0.491,0.898,-1.468,1
0.191,-0.329,0.642,-1.363,-0.398,1.532,-0.415,1.541,0
1.087,0.651,0.406,-0.852,0.917,-0.825,-0.612,-0.945,0
-0.524,0.134,-0.984,0.399,-0.255,0.174,0.543,-0.205,0
0.78,-0.273,0.558,-0.721,0.657,0.144,0.929,-0.624,1
-0.151,2.426,1.987,0.229,1.312,-0.885,-0.432,-0.231,0
-0.766,1.095,-1.135,1.035,2.269,0.014,0.222,-0.35,1
-0.381,-0.91,1.248,0.458,0.155,1.016,0.663,-0.162,0
1.004,-0.586,-0.498,-1.087,1.308,1.093,-0.219,-0.42,1
-0.73,1.152,-2.123,0.622,0.681,0.386,0.073,0.22,1
-0.915,-0.374,0.179,-1.082,0.608,1.895,-0.205,1.05,1
0.405,1.271,-0.318,-0.149,1.16,1.6,0.02,-0.98,1
-1.493,0.071,-0.185,-0.778,-1.002,-0.542,-0.832,-0.347,1
-0.59,0.717,0.123,1.706,-1.926,-1.063,0.738,1.172,0
-0.86,0.153,0.931,1.346,0.456,-1.552,1.183,0.123,1
0.49,-0.187,-0.026,-0.048,0.73,0.098,0.754,-1.27,1
-0.192,-0.569,0.863,-1.434,0.274,0.019,-1.13,0.619,0
1.069,-0.269,-0.731,-0.036,1.169,2.156,-0.437,-1.948,1
0.415,0.609,0.817,0.275,0.475,-0.127,1.831,-1.289,1
-0.643,0.717,0.278,0.457,-0.252,0.306,0.076,1.246,1
0.423,-0.437,0.354,-0.792,-0.54,0.145,-0.039,0.436,0
1.324,-0.993,-1.376,-1.311,-1.3,0.721,-0.767,-0.625,0
0.793,0.5,0.703,0.923,0.874,-0.057,-2.104,-0.781,0
0.947,0.361,0.491,-0.832,-0.273,0.313,0.521,0.554,1
0.55,-0.241,0.138,0.447,-0.491,0.372,-0.848,-0.106,1
-0.83,-0.089,0.802,0.872,1.214,0.538,1.38,-1.681,1
1.57,-0.338,0.235,1.128,0.587,0.091,-0.181,-1.068,0
0.251,-0.384,0.262,-0.111,-1.191,0.317,-0.969,-0.92,0
1.213,1.035,0.84,1.771,0.481,0.37,-0.565,1.157,0
-1.004,-1.024,0.227,0.032,0.248,-0.833,0.407,1.385,0
-0.342,1.542,0.81,0.185,0.621,-0.928,0.124,-1.096,1
-0.548,-0.542,-0.501,1.519,0.038,0.97,-0.883,-0.562,0
0.789,1.633,-0.211,0.782,-0.033,-0.194,-0.12,0.565,0
0.04,-1.361,0.028,-0.055,0.899,-0.915,-0.626,0.333,0
-0.251,-0.501,-2.933,-0.496,1.004,-0.564,0.775,-0.076,0
-0.354,-0.448,-0.553,-0.024,-0.444,0.008,-0.445,0.862,1
1.414,-0.559,-2.072,0.614,-0.204,1.051,-0.191,-0.551,0
0.914,0.474,0.925,0.534,-0.658,-1.471,0.791,0.433,0
0.866,0.786,1.238,3.094,1.386,0.199,-0.687,0.368,1
-0.14,0.74,0.247,-1.848,-1.115,0.374,-0.001,1.01,1
0.439,-1.4,-0.079,1.206,-0.451,1.702,-1.407,1.322,1
-0.943,-0.137,0.388,-0.963,-0.263,-0.543,-0.011,0.329,0
-0.488,-1.862,0.239,0.777,-1.893,-0.052,0.292,1.249,0
0.885,0.781,0.367,-0.133,-0.603,1.664,1.167,0.383,1
0.808,0.789,0.002,-1.353,0.374,-0.424,0.34,-0.235,1
0.294,2.03,-0.996,-0.88,-0.28,-0.061,-0.291,0.036,0
-0.629,1.082,1.251,1.616,-0.775,-0.36,1.383,0.22,1
-0.151,-0.585,-0.622,-0.102,0.121,-1.668,-0.779,0.062,0
-1.451,0.191,-0.598,0.545,-1.302,-2.567,0.025,1.161,0
1.838,-0.879,-0.586,-0.732,-0.305,-0.916,-0.045,-0.705,0
-0.586,0.948,0.373,1.393,2.613,-0.874,-0.609,0.475,1
-0.852,-0.596,-1.402,-0.911,0.46,1.312,-0.953,0.727,1
0.746,-0.586,0.809,0.079,0.171,-2.587,-1.26,-0.154,0
0.479,1.446,0.605,0.778,-0.743,1.418,-0.701,0.077,1
0.374,0.255,0.646,-0.788,-0.928,1.42,0.415,2.477,0
0.2,-0.467,0.236,0.76,-1.649,0.254,1.225,-0.298,1
-0.546,0.728,0.721,0.596,-0.334,0.738,0.452,0.508,1
-2.034,0.721,0.653,-0.34,-1.127,-0.007,-0.866,-0.278,1
0.683,1.394,-1.571,-0.213,0.399,-0.941,0.743,-0.59,1
0.225,-1.323,-0.685,1.571,-0.82,-0.077,0.779,-0.883,0
1.261,0.525,-0.272,1.203,1.739,-0.77,0.265,-0.054,0
-0.99,0.052,-1.442,-0.052,-0.381,-0.178,-0.207,-0.206,1
-0.25,-0.631,-0.151,1.422,-0.951,2.234,-1.226,3.01,0
-0.619,-2.233,-0.201,0.654,0.093,0.32,-0.552,-0.621,0
0.773,1.039,0.136,0.444,-0.756,0.805,0.486,-0.719,0
1.872,-1.826,-0.155,-1.273,-0.303,0.515,-1.444,1.024,0
-1.231,-1.147,-1.014,0.486,0.952,0.266,0.144,-0.663,0
0.539,-1.533,0.13,-1.414,-0.123,-2.028,0.73,-0.788,0
-0.486,-1.274,-0.23,0.544,-0.703,0.471,-1.63,0.27,0
0.839,0.876,0.48,0.037,0.43,-0.135,0.006,-0.772,1
-1.123,0.188,0.283,0.229,0.102,-0.623,-1.657,0.915,1
-1.239,0.093,-0.963,-0.582,2.317,-1.683,-0.231,1.102,0
-0.545,-0.186,-1.2,-0.777,0.505,-1.585,0.487,0.088,0
-0.046,0.799,0.832,-0.833,0.264,0.651,-0.935,-1.829,0
0.546,-1.282,0.539,-0.599,0.649,-0.491,1.642,-0.337,0
-0.268,-0.691,-1.612,-1.192,1.382,-0.757,0.216,-0.415,1
0.379,-2.068,1.41,-2.137,-0.878,-0.476,-0.068,-0.763,0
0.398,-0.113,-0.11,-0.354,0.967,-1.243,1.802,1.511,1
0.492,-0.213,-0.458,1.316,-0.919,0.286,0.35,2.485,0
0.225,-1.323,-0.685,1.571,-0.82,-0.077,0.779,-0.883,0
0.156,0.406,0.95,0.396,-1.101,-0.581,-1.524,0.193,0
-0.277,-0.311,1.087,-0.885,-0.872,0.173,0.01,-1.512,1
0.257,-0.003,1.16,0.647,-0.821,-0.188,0.645,0.278,0
-0.351,-0.98,-0.616,2.433,0.39,-1.351,0.889,0.494,0
-0.267,1.151,-2.765,0.258,-1.992,-0.004,1.325,-0.911,1
1.263,-0.782,1.276,0.048,0.542,-0.41,-0.994,-1.446,0
0.678,0.312,-0.701,-1.469,-1.862,0.443,3.075,0.642,1
-0.353,-0.234,-0.088,0.513,-0.858,1.088,1.368,0.193,1
1.609,0.893,-1.074,-0.222,-0.027,0.13,-1.131,-1.627,0
0.049,-2.167,0.724,-1.071,-1.143,0.6,-0.876,0.823,0
0.317,-0.05,-0.407,-1.174,-1.526,1.346,0.021,-0.513,0
-1.057,0.027,0.005,-0.307,2.15,0.664,-0.68,-0.571,1
-1.039,0.368,-1.309,-1.999,0.691,0.617,0.239,-0.097,1
0.056,0.626,0.728,-1.981,-0.247,-2.936,-0.011,-0.568,0
0.117,-0.821,-0.951,-1.487,-0.519,1.436,0.139,-1.117,1
-0.239,0.511,1.002,0.395,2.553,-0.091,1.0,1.267,0
1.795,0.473,-0.619,-1.277,-0.547,1.424,-0.828,-1.756,1
-1.171,-0.562,0.565,1.093,0.024,1.975,-2.971,0.576,0
0.357,0.667,2.186,-0.275,1.342,-0.0,0.12,0.807,1
0.23,-1.03,1.079,-0.742,-1.085,-0.772,-1.556,-0.555,0
0.78,0.8,-2.372,-0.437,-0.55,-0.899,0.056,-0.342,0
-0.458,1.178,-0.61,-0.408,0.432,0.549,-0.091,1.603,1
-1.783,1.291,0.831,-1.222,-2.202,-2.443,0.289,-0.116,0
-0.252,0.675,1.609,-0.469,-0.861,-0.446,1.595,-0.025,1
0.791,-1.128,1.179,-0.594,0.878,0.634,-0.369,1.435,0
1.887,-0.195,-0.194,1.574,1.554,1.32,1.159,-1.911,1
0.796,-1.249,-1.522,1.531,0.633,-0.739,-0.077,1.897,0
-0.36,-1.146,-2.069,0.276,-1.281,-0.152,-1.769,-0.098,0
0.42,0.173,0.327,-1.097,1.278,-0.854,0.501,0.486,0
0.889,0.764,0.561,-0.57,-0.675,0.213,1.153,0.456,1
-1.338,0.715,-0.978,0.377,0.85,0.468,-0.688,0.798,0
-0.28,1.233,-1.18,0.991,0.226,-0.627,-0.458,0.231,1
-0.852,-0.596,-1.402,-0.911,0.46,1.312,-0.953,0.727,1
0.658,-0.768,-1.682,-0.939,-0.361,-0.24,0.19,1.898,0
-0.476,0.884,-0.201,-1.155,-0.627,-0.207,0.126,-1.515,1
-0.851,-0.462,-2.158,0.269,0.766,-0.255,-1.876,-0.718,0
1.252,-0.821,1.163,0.772,0.249,0.525,-0.722,0.791,0
-0.246,0.401,0.968,-0.45,0.294,-0.558,0.779,-0.245,1
1.922,-0.94,0.13,0.412,-0.555,-0.401,0.631,-0.281,0
1.779,1.212,0.866,0.693,-0.797,-0.598,-0.294,-0.682,0
-1.226,1.27,-1.177,-0.737,-0.394,1.157,-0.412,0.739,1
0.789,1.633,-0.211,0.782,-0.033,-0.194,-0.12,0.565,0
-0.744,-2.331,0.341,0.505,0.886,0.485,-0.65,-1.605,0
-0.65,-1.466,0.973,-0.569,0.962,-0.974,-0.687,0.915,0
1.094,-1.436,-1.195,0.464,1.353,1.213,-0.931,1.387,0
-2.235,1.125,0.391,-0.493,-0.338,0.525,1.347,0.103,1
-0.528,0.712,-0.905,1.888,-1.295,-0.313,-0.491,1.719,0
-1.68,0.978,-0.059,-0.299,1.248,-1.141,1.049,-0.205,1
-1.144,1.305,-0.977,1.612,-0.198,1.233,1.253,-1.123,1
1.743,0.176,-0.194,-0.672,0.586,0.049,-1.104,-1.128,0
-0.042,-1.095,-0.082,-0.184,0.162,-1.339,2.247,1.746,0
-0.112,-0.258,-0.194,-1.695,0.189,0.235,-0.866,0.742,1
-1.541,-0.431,-0.933,0.727,0.457,1.013,0.059,0.601,1
-1.332,-0.092,-0.727,-0.612,-0.636,0.188,0.149,-1.713,1
1.1,0.894,2.04,2.059,-1.507,0.759,2.113,0.32,1
0.591,-0.751,1.369,0.058,0.481,0.241,1.997,-0.157,1
0.217,-1.551,-0.48,-1.689,-0.641,-0.666,1.764,1.283,1
-0.594,0.019,-0.755,0.265,1.185,0.548,0.997,1.72,1
1.576,-0.754,0.308,-0.992,0.803,-0.82,-0.715,0.776,0
-0.307,1.967,-0.359,-1.091,-0.865,-1.18,-0.182,0.228,0
1.41,1.041,0.507,-0.192,0.574,0.256,0.155,-0.899,1
0.247,-0.638,0.032,-1.272,-0.671,0.363,0.879,-0.718,0
0.346,-0.813,0.141,0.219,0.617,-1.462,-0.767,1.729,0
0.133,-0.534,-0.914,-0.594,0.146,-0.621,-1.008,-0.783,0
-0.139,1.782,0.361,-0.321,-0.492,0.142,1.34,0.127,1
1.861,-0.634,0.907,-0.755,-0.69,-1.757,-0.063,1.231,0
-0.244,-0.345,0.634,-1.198,0.962,0.96,-0.216,-1.176,1
0.944,1.242,0.848,1.156,-0.258,-0.558,-2.965,0.75,0
0.952,0.566,1.183,0.13,-1.298,-0.379,-1.192,0.447,0
-1.184,0.776,-0.58,1.118,1.511,0.682,-0.194,-0.977,1
1.063,0.238,-0.559,0.422,-0.695,-0.025,-1.143,2.203,0
0.795,0.35,-1.411,-0.416,0.318,0.465,-0.987,-1.524,0
-1.164,-0.81,-0.08,-0.144,-0.8,-0.62,0.518,-0.86,0
1.15,-0.493,-0.263,-0.006,-0.557,0.066,-0.134,1.343,0
-1.065,0.627,1.048,0.154,0.943,-0.636,-1.165,1.403,1
1.41,-0.463,1.835,-0.164,-0.342,-1.536,0.262,0.358,0
2.213,-2.527,0.818,-1.488,0.815,0.944,-0.096,-1.209,0
-0.563,-0.481,1.165,0.722,1.442,2.564,-2.285,-2.701,1
0.584,-0.022,-2.042,1.58,-0.095,1.669,-0.894,0.965,1
-1.102,-0.978,-0.971,-1.899,-1.058,-1.265,0.696,0.893,0
-0.289,-1.137,-0.62,-0.25,1.369,-0.61,1.794,-0.929,1
-0.055,0.591,-0.702,-0.544,-0.755,0.921,-0.775,1.637,1
1.265,-0.404,-0.541,-1.098,-0.804,0.875,2.37,-0.595,1
-0.642,0.475,0.324,1.169,-0.591,0.496,-0.922,-0.18,1
0.423,0.62,0.421,-0.115,2.077,-0.949,-2.033,2.344,0
1.349,0.627,-1.288,-1.184,-0.643,1.575,-1.387,-0.097,0
-0.068,1.083,-0.836,-0.066,-2.459,-0.018,0.289,0.107,0
1.027,0.769,-0.283,1.054,0.651,2.633,-2.573,-1.154,0
0.563,-0.158,-0.303,-0.196,0.59,1.409,0.876,1.09,1
0.542,1.024,-1.817,-0.19,-1.144,1.085,-0.32,-0.815,1
-1.916,0.88,-0.524,-1.904,-0.255,0.379,-0.188,0.278,1
-1.355,0.504,-0.491,0.199,-1.107,0.667,1.789,-0.161,1
-0.617,0.485,0.628,-1.085,-0.55,0.082,0.861,0.061,1
-0.865,-0.218,1.129,-0.589,0.816,0.447,-0.234,0.968,1
0.491,-1.324,-0.882,0.366,-1.784,0.808,-0.539,0.277,0
0.309,0.895,-0.287,-2.185,0.6,0.301,-0.615,-1.297,0
-1.421,1.236,-0.942,0.769,-0.987,0.35,0.313,0.567,0
-2.475,1.662,-1.077,-0.07,0.429,-1.653,-0.311,-2.218,1
-1.633,-0.313,-1.255,-1.952,-0.247,1.51,-1.131,0.948,1
-0.602,-0.018,-0.515,0.704,-0.209,0.555,-0.768,-1.103,0
-2.458,3.1,-0.699,-0.73,0.861,-0.04,-1.779,0.627,1
-0.907,0.874,-0.851,1.561,-0.668,-0.555,1.165,0.649,1
-0.257,0.178,0.829,1.431,-0.358,0.182,0.35,1.07,1
0.996,0.193,1.83,-0.614,1.044,0.734,0.349,-0.031,1
-0.262,-0.324,1.176,-0.64,-1.292,0.368,-0.957,1.273,0
-0.984,-0.887,-0.574,-2.082,0.799,-1.286,-0.198,1.969,0
0.062,-0.091,-1.695,0.26,1.105,-0.201,-0.51,0.997,1
-0.041,-0.0,0.184,-1.758,1.726,-0.161,-0.106,-0.735,1
-0.313,-2.424,-0.108,-2.905,0.287,0.527,0.587,-1.215,1
0.172,0.289,0.633,-1.139,-0.338,-0.865,-1.858,0.534,0
0.472,0.293,-0.877,0.991,-0.377,-0.946,0.113,-0.02,0
-0.718,-0.534,-1.342,-1.298,0.182,0.85,0.811,-0.072,1
-0.064,-0.23,-0.445,-1.261,-1.559,1.318,-1.036,0.954,0
0.962,-2.711,0.042,-1.617,1.11,0.168,0.548,-1.065,0
1.202,1.392,0.932,-0.238,0.288,-0.515,-0.102,-0.278,0
-0.973,-0.231,0.19,-0.475,0.159,-0.419,0.784,-1.486,1
0.899,-0.463,-0.426,0.951,0.41,-2.693,-0.889,0.057,0
-0.354,1.6,0.336,-0.847,0.559,-1.149,-1.105,1.363,0
0.603,-0.472,-0.898,-0.51,-0.459,-0.262,-0.616,-2.012,0
-0.333,1.314,-0.955,-0.809,0.671,1.509,-0.078,0.248,1
0.735,-2.18,0.328,0.113,0.228,1.366,0.981,0.158,1
0.325,0.436,0.713,-1.188,-3.081,0.054,0.27,0.272,0
-1.515,0.227,0.178,0.84,-0.125,-1.12,-1.309,-0.159,0
-0.625,-0.872,0.498,1.191,-1.73,-0.777,-0.02,1.332,0
-0.109,-0.404,0.735,-0.569,-0.365,0.038,0.729,-0.221,0
-0.916,-0.459,-1.434,-0.822,-0.498,0.807,-0.191,1.882,0
-0.728,0.279,0.22,1.463,0.615,0.496,0.643,0.962,1
-1.085,1.572,0.498,1.349,-0.652,-0.388,0.463,0.325,1
-0.228,-0.278,0.217,0.029,0.729,-1.719,-0.148,-0.066,0
0.583,0.887,-0.125,1.687,1.628,0.282,0.71,-0.631,1
-0.677,-1.025,-0.641,0.71,-0.127,-2.022,1.874,0.868,0
0.118,0.038,1.387,-0.742,-0.319,-0.167,-0.076,-0.682,1
-0.087,1.131,0.466,-1.09,0.128,1.218,-1.129,-0.559,0
-0.535,-0.776,0.579,-0.014,0.706,-1.186,-0.028,1.272,0
0.606,-1.66,1.567,0.857,-0.306,-1.577,-0.26,0.717,0
-0.392,-0.071,0.84,-1.417,0.89,-0.768,1.26,-0.083,1
0.156,1.103,-0.958,-1.234,2.556,-0.638,1.32,-0.152,1
-1.446,-1.155,0.014,0.579,-0.584,-0.109,-0.154,-2.063,1
-1.501,-0.449,-1.517,0.781,0.002,-0.606,-0.204,1.031,0
-0.903,-0.185,-0.097,1.139,0.58,-0.752,0.682,0.771,0
1.244,0.134,-1.567,0.168,-0.212,1.832,1.776,0.609,0
0.866,-1.108,-0.17,-1.549,0.321,1.494,0.157,-0.704,0
0.797,-0.371,0.441,0.931,-0.801,0.297,0.6,-0.676,0
0.385,-1.484,1.719,0.785,-0.588,-1.493,0.488,0.986,0
0.308,1.737,-1.189,0.09,-0.359,0.171,0.255,-0.267,1
1.592,0.256,-1.308,0.061,0.644,0.514,1.899,-0.191,1
0.567,1.874,1.197,0.991,0.02,0.984,-0.966,0.751,1
-1.254,0.104,-0.886,0.144,-0.524,1.106,-0.753,-0.573,1
0.961,0.237,1.385,-0.557,1.024,-0.117,0.486,-1.65,1
-0.901,0.784,-1.389,0.595,0.313,2.018,-0.475,1.263,1
0.83,0.505,0.787,0.074,-0.633,1.069,0.486,1.233,0
-0.236,2.962,0.359,1.126,0.742,-1.556,-1.54,0.487,0
0.622,0.325,-1.053,1.336,1.036,0.675,-0.07,0.167,0
0.431,-1.565,1.493,-1.06,-0.228,0.588,-0.424,1.445,0
0.244,-0.69,-0.066,-0.174,0.378,-1.654,-1.462,-0.642,0
-0.625,-1.093,1.975,0.296,0.327,1.112,0.705,0.241,1
-0.668,0.666,2.347,-2.63,0.724,-0.211,0.779,0.868,1
-0.358,-0.91,0.046,2.09,-0.434,0.65,0.396,-1.054,1
-0.169,1.736,-0.823,1.158,-0.324,-1.538,-0.842,0.45,0
1.04,-0.082,-0.356,-0.327,0.971,0.208,-1.115,1.399,0
0.477,-0.175,-0.814,0.352,-0.826,2.224,-0.232,0.106,1
-0.556,-0.676,1.09,1.376,0.869,0.358,-0.428,0.054,1
1.517,-0.908,1.287,-0.858,-0.163,0.364,2.055,0.896,1
-0.815,0.292,0.392,0.47,-0.175,-0.063,-1.181,-0.61,1
1.69,0.28,0.575,0.332,0.283,-1.115,0.312,0.571,0
0.439,-1.4,-0.079,1.206,-0.451,1.702,-1.407,1.322,1
-0.081,-0.564,-0.286,-0.537,0.177,2.218,0.539,0.985,1
0.096,0.355,-0.717,0.797,0.033,0.04,-1.154,-0.962,1
-2.065,0.036,-0.459,0.74,-0.94,-0.345,2.241,-0.178,1
3.624,1.123,-0.866,0.359,1.345,-0.501,-1.214,0.07,0
0.062,-0.673,-0.891,0.358,0.283,-0.611,0.99,-0.392,1
-0.064,1.954,-0.008,1.54,-0.668,-1.02,0.049,0.149,0
0.692,1.069,-0.893,0.652,0.695,1.027,-2.455,-2.024,0
-0.358,0.844,-0.24,-0.83,-0.132,0.449,-1.716,-0.249,0
-0.173,0.13,1.639,0.265,0.241,0.292,0.555,0.535,1
-1.314,-0.351,0.214,1.642,-0.311,1.286,-1.598,-0.269,1
-1.229,-0.967,-0.007,-1.032,-1.51,-0.264,1.924,-0.702,1
0.131,0.092,-0.178,-0.256,0.796,0.189,-0.153,-0.982,0
0.992,-0.044,-0.919,-0.062,0.621,-1.052,0.434,0.35,0
-0.82,0.103,-2.244,0.87,-0.439,0.245,0.365,0.8,1
0.768,-1.485,-0.771,2.081,-0.274,-0.068,-1.318,-0.344,0
0.168,-0.641,-1.273,-0.737,0.289,-0.473,0.301,2.349,1
3.107,0.577,0.54,1.29,-1.655,0.71,-0.325,-0.601,1
0.303,-0.431,-0.387,1.686,0.94,-0.878,1.377,-0.678,1
2.124,-1.097,0.547,0.507,-0.328,-0.14,-0.702,1.804,0
-0.274,0.376,0.566,-0.45,-0.598,1.258,-0.894,0.599,1
-0.103,-0.386,0.894,-1.845,-0.84,-1.015,0.18,-0.642,0
0.84,-0.194,1.492,-0.9,0.907,1.542,-0.441,-0.898,1
0.493,0.884,0.228,0.878,-0.959,0.192,-0.777,-0.902,0
-1.255,0.294,-1.639,1.043,-1.0,1.674,0.862,0.241,1
0.169,0.651,0.298,0.311,-0.782,0.674,0.598,1.386,1
0.998,1.636,0.204,1.056,-0.893,-1.257,1.103,0.01,0
-0.399,1.454,0.305,-1.402,-0.195,-1.864,-0.227,-0.441,0
1.366,-0.515,-0.65,0.077,0.419,0.498,-0.513,-1.34,1
1.561,0.274,-0.573,0.132,-1.153,0.261,0.003,0.532,0
-0.068,-1.658,0.305,-1.081,-0.551,0.44,0.734,-1.063,1
0.416,0.116,1.009,-1.131,0.499,-1.048,-1.526,-1.439,0
-0.535,0.008,1.633,-0.237,0.518,-0.615,-1.119,-0.282,1
0.469,0.997,-1.426,0.42,-1.128,0.443,-0.526,-1.112,0
1.545,-2.019,0.506,-0.535,-0.719,-0.1,0.576,-1.905,0
0.016,1.092,-0.144,0.724,-0.508,0.372,0.399,-0.592,1
-2.391,0.747,-1.272,0.478,0.128,-0.836,2.163,-1.965,1
0.631,-1.137,-0.838,0.326,2.335,1.494,-0.3,-1.006,0
-1.285,0.823,0.033,2.044,-0.042,-0.129,-0.715,0.621,1
-0.069,0.395,0.111,0.05,-0.635,-1.043,-0.936,-0.825,0
-1.916,0.88,-0.524,-1.904,-0.255,0.379,-0.188,0.278,1
-0.973,-0.231,0.19,-0.475,0.159,-0.419,0.784,-1.486,1
-0.633,-0.808,-0.366,-0.115,-1.401,-0.035,-1.667,1.392,0
0.667,-0.683,1.252,0.212,-0.857,1.951,-0.398,0.762,1
-0.274,0.288,0.003,-0.611,0.23,0.682,-0.081,-0.581,1
0.349,0.211,1.05,-2.285,0.82,0.003,-0.056,0.354,0
0.566,0.842,-1.009,1.663,-0.279,-1.597,-0.837,0.135,0
-1.433,-0.476,1.017,-2.175,-0.241,-2.121,0.183,-0.747,1
-1.344,-0.181,0.054,-0.76,1.163,-0.358,0.065,0.256,1
0.763,-0.181,-0.537,0.456,-2.016,-1.479,-0.968,-1.34,0
-1.645,-1.145,1.207,-1.136,-1.4,-0.423,-0.332,0.431,1
2.199,-0.576,0.76,-0.552,-0.577,0.06,0.778,-0.513,0
-0.17,0.268,0.387,0.854,-0.427,-0.749,-1.064,0.593,0
0.069,0.538,-1.003,2.704,-0.577,-1.914,-0.3,-1.11,0
0.425,0.109,0.608,-1.374,-0.036,-0.254,0.088,-0.274,0
0.406,-0.289,0.169,-0.684,1.462,0.419,0.295,0.242,1
0.85,-0.324,-1.061,-0.154,-1.744,0.655,2.099,0.638,0
0.564,1.845,-0.723,-0.664,2.629,0.155,-0.445,-1.081,1
0.433,-0.811,0.998,1.309,0.968,0.313,-0.1,1.506,0
0.16,-1.038,-0.212,2.411,0.535,-0.432,-0.48,-0.647,0
-0.672,0.758,0.835,0.917,-1.462,0.431,0.38,-0.331,1
0.788,-0.947,-0.465,0.228,0.685,-1.21,-0.857,-0.055,0
1.808,-0.319,1.602,-0.615,-1.881,-0.631,2.209,1.024,0
1.446,0.238,-0.51,0.074,0.007,-0.515,-1.363,0.154,0
-1.376,-1.479,0.012,-1.095,-0.213,-0.892,0.152,0.624,0
-0.64,0.899,-0.949,-0.712,-1.204,0.481,0.125,0.434,0
0.533,1.204,0.07,0.126,-0.105,0.797,0.871,0.786,0
0.232,0.036,-0.671,-0.332,-0.558,0.896,-1.213,-0.846,0
0.397,-0.31,1.223,1.666,1.183,0.686,1.608,0.198,1
0.194,-0.231,1.098,-0.848,1.395,0.293,-0.297,1.18,1
-0.235,-1.494,-0.601,-1.623,-1.058,-1.078,1.532,-1.027,1
0.282,-0.093,-0.726,0.297,0.075,0.423,1.051,-0.603,1
0.484,-0.54,-0.392,-2.525,0.521,0.827,-0.462,-0.879,0
-0.735,-1.488,1.382,-0.543,-0.204,-1.682,0.808,0.202,1
1.308,-0.279,1.526,-1.155,-0.234,0.425,-1.512,1.288,1
0.351,-0.984,0.987,0.382,-0.369,-0.944,-0.846,1.473,0
2.244,2.799,1.034,0.863,0.068,-1.201,1.336,-0.27,0
-0.013,-0.629,0.835,-2.287,-0.841,0.588,-0.678,1.463,0
0.293,-1.403,0.153,0.112,-0.558,-0.472,-0.755,1.233,0
0.373,-0.569,0.169,0.461,0.61,0.774,2.225,0.507,1
-1.843,0.515,0.713,2.044,-0.199,-0.141,1.256,-0.586,1
0.06,-0.52,2.629,-0.334,-0.221,-1.657,-0.377,-0.95,0
-0.601,0.139,1.027,1.726,1.341,-1.849,0.928,-0.929,0
0.987,1.443,-2.381,0.195,0.915,-0.21,1.206,-0.111,1
-1.483,0.194,0.784,-0.15,-0.216,-0.165,-0.766,-1.138,1
-0.249,1.085,2.298,-0.948,-1.396,1.018,-1.299,-0.888,1
-0.304,-0.15,1.545,-0.878,0.717,0.818,0.042,-0.193,1
0.777,0.543,-0.616,-0.92,-0.104,-0.305,0.114,-1.179,0
-0.141,-0.799,-0.88,-0.479,-1.124,0.437,1.04,-0.53,0
-0.157,1.361,1.306,0.488,-1.824,-0.231,1.431,-0.494,0
1.872,-1.826,-0.155,-1.273,-0.303,0.515,-1.444,1.024,0
-0.613,0.843,0.046,-0.574,1.742,0.478,-0.606,1.846,0
-0.864,0.126,0.386,-2.371,-1.339,0.204,-0.249,-1.707,1
0.336,0.028,0.943,-0.602,0.882,-1.189,1.88,-0.086,1
1.097,-0.476,-0.31,-0.023,-0.914,0.283,-0.03,0.305,1
-1.287,0.417,-0.577,1.193,-1.638,0.318,-0.574,-1.214,0
-1.383,-1.027,-1.751,-1.099,0.297,0.758,0.173,-0.603,1
1.624,0.66,0.168,-0.553,2.054,1.523,0.415,-2.919,0
-1.783,1.291,0.831,-1.222,-2.202,-2.443,0.289,-0.116,0
-1.065,0.627,1.048,0.154,0.943,-0.636,-1.165,1.403,1
-0.044,0.653,-0.179,0.124,-0.0,0.209,0.465,0.346,0
-0.496,1.437,-0.261,0.225,1.542,-0.0,-0.171,-0.509,0
-0.747,1.558,-1.16,-3.022,1.265,-0.402,0.781,1.144,1
-0.673,0.61,0.427,-1.257,0.822,0.211,0.126,0.14,1
-0.856,-1.243,0.501,-0.036,-1.469,0.381,1.013,-1.322,1
2.674,0.961,0.806,-0.53,-0.519,0.365,-0.843,-1.471,0
0.918,-0.791,0.001,0.175,0.133,-1.529,-1.364,0.555,0
0.93,-0.596,0.992,-0.104,0.837,2.469,0.276,0.385,1
-0.647,1.304,0.402,0.34,1.605,-0.266,1.361,1.858,1
-0.055,0.591,-0.702,-0.544,-0.755,0.921,-0.775,1.637,1
-1.011,-0.534,-0.916,-0.207,-0.015,0.078,0.597,0.875,1
0.271,0.083,-2.121,1.33,1.137,0.494,0.379,-0.182,0
-1.207,-1.287,-0.209,-1.917,0.67,-1.133,-0.806,-1.081,0
-1.073,-1.504,-1.169,-1.146,0.501,-0.177,-0.339,2.293,0
0.616,0.38,0.643,0.755,1.222,-0.04,-1.083,-1.529,0
-1.126,1.473,0.028,-0.176,1.529,0.456,-1.316,-0.06,1
1.737,-1.414,0.731,0.292,-0.104,-0.65,-0.608,1.532,0
-0.098,2.442,-0.441,0.023,1.371,0.92,-0.498,1.742,1
-0.776,-0.929,0.136,0.202,-0.163,0.005,1.106,1.303,1
0.546,0.981,1.264,-0.084,-0.114,-0.452,0.822,1.887,0
-0.936,-0.07,-0.668,-0.2,-0.118,0.6,-0.636,-0.377,1
0.608,-0.725,2.131,-0.032,0.042,0.045,0.238,0.479,0
0.873,0.584,0.855,-0.286,1.375,0.315,-0.265,0.389,0
-0.028,-0.834,-0.402,0.084,1.169,0.301,1.466,-1.389,1
-1.422,-0.567,0.997,-1.13,1.672,-0.815,-0.95,-0.46,0
-0.561,1.085,-0.569,0.987,2.106,1.349,-1.738,0.845,0
0.31,-0.349,1.006,-0.611,0.287,0.422,1.479,-0.505,1
1.278,-0.419,-0.439,0.619,-1.675,1.007,1.291,0.202,1
0.823,0.025,-0.217,0.614,0.474,1.37,1.101,-0.54,1
-1.383,-1.027,-1.751,-1.099,0.297,0.758,0.173,-0.603,1
-0.087,1.131,0.466,-1.09,0.128,1.218,-1.129,-0.559,0
1.109,-0.019,0.565,1.045,-0.993,-0.025,0.398,1.846,0
-0.066,1.029,-0.035,-1.157,-1.612,-2.567,0.252,0.512,0
1.811,0.393,-0.453,-0.286,-1.933,-0.274,-1.294,-0.697,0
-1.051,1.545,-0.017,-0.469,-2.361,-1.087,0.652,1.184,1
0.438,-0.348,1.665,0.525,0.467,-0.778,0.412,-1.46,0
0.923,-0.804,-0.071,0.419,-0.328,-0.576,0.905,1.289,0
0.203,-1.052,0.713,0.673,-0.152,-1.486,0.05,-0.162,1
-1.41,1.631,0.177,-0.138,0.048,-0.273,0.137,-1.29,1
-1.099,0.009,1.772,-0.956,0.525,0.584,-0.828,-0.255,0
-0.386,-0.902,-0.981,-0.765,-0.416,0.775,-0.046,-0.736,0
-0.607,1.477,0.414,-0.419,-0.162,-0.455,2.623,-0.234,1
-0.64,-1.581,-0.009,-1.431,-1.184,-0.02,0.273,-0.809,0
-0.27,0.937,0.261,-0.925,-1.007,0.595,-0.221,-0.31,1
1.087,0.651,0.406,-0.852,0.917,-0.825,-0.612,-0.945,0
-0.681,1.147,-0.844,-0.016,-0.089,0.582,0.059,0.659,1
0.797,-0.06,-1.494,-0.15,-0.697,-0.229,-1.032,1.265,0
1.279,0.525,1.898,-0.74,-0.729,0.806,-0.157,1.103,0
-1.036,-0.755,-1.646,-0.095,0.381,-0.573,1.536,-0.1,1
-0.377,-1.407,0.069,-1.638,0.287,1.707,-1.81,-0.877,0
-0.032,-0.332,0.314,-1.05,2.529,-0.11,-0.06,0.442,1
0.642,-0.085,0.277,-1.032,-1.531,0.126,-0.934,-0.181,0
-2.308,-0.291,0.781,-1.753,0.062,-0.009,-1.418,-1.719,1
1.216,0.395,-0.436,0.549,1.714,0.236,2.027,-0.905,1
0.346,-0.777,-0.036,-0.097,-0.021,-0.027,0.571,0.052,0
0.587,0.614,0.178,0.291,0.383,-2.12,-1.011,2.317,1
-0.631,0.751,1.267,-0.895,-0.069,0.541,-0.257,-0.443,1
-0.307,1.436,-0.936,-0.116,1.673,1.067,-0.243,1.472,1
-0.59,-0.841,0.881,-0.356,-0.196,-0.027,-1.041,0.29,0
-0.137,0.718,-1.602,-1.431,0.19,-0.704,-0.642,-0.003,0
1.305,1.763,1.523,-1.922,-0.075,-1.006,0.177,-1.935,0
0.262,-1.248,1.217,0.199,-0.909,0.411,0.696,0.933,1
-1.081,2.086,0.269,-0.638,0.04,-0.276,-1.053,-0.483,0
0.726,1.126,0.131,-0.809,0.45,1.766,-0.035,0.809,1
0.164,-2.727,1.36,-0.218,-0.34,-1.146,-0.266,-1.534,0
0.383,0.868,0.924,1.359,-0.33,-0.585,0.535,0.893,1
0.744,0.16,0.325,0.08,0.203,-1.11,-0.259,-1.067,1
-0.313,0.636,-0.966,-1.125,-0.084,0.124,-0.211,-0.539,1
-1.099,0.023,-1.455,0.977,0.605,-0.036,0.037,0.027,1
0.735,1.396,-0.732,-0.485,0.655,1.705,-0.586,1.762,1
0.581,-0.485,-0.407,-0.961,0.215,-0.716,-1.322,0.631,0
0.945,-0.928,-0.033,1.326,1.642,0.107,0.206,1.536,0
0.131,1.267,-1.497,-0.623,-0.318,0.828,-0.078,-1.136,1
0.252,-1.778,-2.341,-1.48,-0.317,1.234,0.656,-0.324,0
-0.55,1.939,0.904,0.429,0.839,0.213,-0.091,0.333,1
-0.161,0.9,0.442,2.854,-1.478,0.227,0.019,0.057,0
1.774,0.774,1.225,0.457,-0.394,0.021,0.989,-2.14,1
0.325,0.436,0.713,-1.188,-3.081,0.054,0.27,0.272,0
-0.209,-0.244,-0.039,-1.855,0.221,-0.968,0.167,-1.412,0
-0.975,0.626,0.09,0.751,0.455,0.611,0.162,-1.857,1
0.857,-0.405,-1.954,-0.866,1.174,0.978,-0.52,0.009,0
-0.564,-1.242,-0.99,1.67,-0.19,-0.784,-0.037,-0.049,0
0.111,1.248,0.842,0.201,-0.221,-0.945,0.199,-2.575,0
0.834,-1.543,0.774,0.251,-2.121,0.294,1.145,-0.079,0
-0.173,-1.298,1.267,0.338,-0.869,-0.478,0.535,-1.44,0
-0.56,-0.434,0.154,-0.838,-0.84,0.76,0.203,1.659,1
-0.954,1.002,2.14,-0.583,-0.689,-0.012,0.675,-1.136,0
-0.677,-0.928,-1.535,1.002,-0.097,1.582,-1.22,-0.265,0
-0.414,1.166,-0.374,1.315,0.759,0.332,0.97,-0.357,1
-0.582,-0.889,0.488,0.678,-0.834,0.99,-0.503,-3.09,1
-0.126,0.619,0.957,0.776,-1.528,0.372,0.237,1.754,0
1.315,0.801,-0.309,-1.525,1.272,0.734,-1.28,0.226,1
0.394,0.557,0.097,-1.023,-0.907,0.251,0.677,1.268,0
-2.586,-1.041,0.651,-0.825,1.431,-0.337,1.611,-1.162,1
0.12,0.64,-0.82,-0.125,-0.039,-1.624,1.336,-0.591,0
0.405,1.271,-0.318,-0.149,1.16,1.6,0.02,-0.98,1
-0.983,0.806,0.496,-0.482,0.493,1.259,0.279,-0.812,1
-0.274,-0.189,-0.598,0.925,0.09,-0.876,0.16,-2.04,0
-0.464,-2.314,0.1,-0.336,-1.284,-0.493,0.335,0.899,0
0.092,0.924,-0.657,-0.307,-1.902,-2.0,1.189,-0.279,0
0.638,-0.16,0.379,-0.44,-0.227,0.569,0.148,-1.184,1
0.423,0.62,0.421,-0.115,2.077,-0.949,-2.033,2.344,0
-0.534,-0.916,-0.242,1.003,0.609,-0.037,-0.161,-0.07,0
0.212,0.606,-0.775,-0.392,-0.653,-0.756,-0.172,-0.919,1
0.188,0.388,-0.3,-0.5,-0.879,1.542,-1.7,0.3,0
-0.07,-0.511,0.739,-0.966,1.728,0.683,0.169,-0.197,1
0.654,0.725,1.934,1.259,0.699,-0.566,0.218,1.136,0
-0.642,-0.108,-0.677,0.832,0.256,-1.33,0.944,-1.132,0
-0.448,0.363,1.4,-0.524,-0.373,0.536,0.29,0.614,0
-0.307,1.967,-0.359,-1.091,-0.865,-1.18,-0.182,0.228,0
1.15,-0.493,-0.263,-0.006,-0.557,0.066,-0.134,1.343,0
-1.373,0.634,0.169,-1.301,1.249,1.404,-1.279,0.61,1
-0.0,-0.099,2.488,-1.612,0.177,1.244,0.718,-0.302,1
-1.251,-0.623,-0.798,-0.1,2.261,0.283,-0.343,-0.843,1
0.169,-1.145,1.153,-1.003,0.186,-0.323,0.476,-0.42,1
-0.224,0.745,1.234,-0.063,-0.361,1.934,-0.234,-1.255,1
-0.353,-1.045,-0.653,-0.904,0.058,0.931,-1.092,-0.737,0
-0.476,0.884,-0.201,-1.155,-0.627,-0.207,0.126,-1.515,1
1.725,0.097,-0.2,-0.883,-1.166,0.438,0.872,-0.041,1
-1.368,-0.431,-0.779,0.176,0.766,-0.513,-0.087,-0.463,0
-0.308,-0.24,1.224,0.289,-0.954,-0.335,-0.234,0.923,0
-0.301,1.548,0.34,-0.025,0.248,-0.738,0.144,0.673,1
-0.943,0.348,1.036,-1.426,0.383,0.462,0.243,-0.075,1
-1.004,-1.148,0.503,1.925,-1.932,0.734,-0.449,-0.58,0
-0.443,2.3,-0.3,-0.082,-1.53,1.056,-0.37,-0.13,1
0.892,1.034,0.433,1.031,1.669,0.296,0.562,0.71,1
-0.191,0.852,0.034,0.014,-0.715,0.47,-1.034,0.666,0
-0.191,0.668,-1.07,-1.508,0.9,1.728,1.312,-0.77,1
-0.65,-1.466,0.973,-0.569,0.962,-0.974,-0.687,0.915,0
-0.182,-0.968,-0.314,0.294,-0.349,0.006,-0.048,-0.908,1
-0.369,0.157,0.367,-0.069,-0.595,-0.407,-0.459,0.454,1
-0.55,1.197,0.532,-0.999,-0.667,0.399,1.608,-0.446,1
-0.203,0.659,0.609,-0.9,-1.039,-0.63,0.871,-0.647,1
-0.828,-0.017,-1.783,-0.045,-0.848,-1.447,-0.117,-0.826,0
-0.548,-0.864,-0.618,-0.439,-0.529,0.164,-0.692,-1.6,0
-0.026,-0.973,0.413,0.117,-0.399,-1.731,0.976,-1.004,0
-0.409,1.05,-0.023,0.928,-0.653,1.501,0.542,1.244,1
-0.865,-1.393,0.061,0.241,1.447,0.754,-0.588,0.603,0
-1.433,-0.179,1.008,-1.527,-1.358,0.267,1.544,2.035,1
1.094,-0.552,-1.081,1.284,-0.699,0.828,2.027,0.196,0
0.29,0.785,0.479,1.122,-0.539,0.98,-3.506,0.306,0
-0.718,1.306,-0.234,1.465,-2.916,-0.188,-1.041,-0.557,0
0.309,0.069,0.161,-0.034,-2.001,0.115,-0.537,-0.216,0
1.861,-0.634,0.907,-0.755,-0.69,-1.757,-0.063,1.231,0
-0.319,2.255,-1.687,1.605,-0.94,-1.263,0.798,-0.303,1
-1.178,0.564,1.68,-0.102,-0.802,-1.636,1.057,-0.721,1
-1.492,0.555,-0.227,0.619,0.152,0.736,0.292,-0.14,1
0.703,0.027,0.231,-0.886,0.253,-1.031,0.112,-0.32,0
0.265,0.994,-2.682,0.606,-0.251,0.181,0.567,-0.726,1
2.026,0.133,0.547,0.011,0.142,0.445,0.646,-0.224,0
2.071,-0.666,1.126,-0.799,0.074,0.802,0.975,0.422,0
1.465,-1.639,0.885,-0.153,0.624,2.256,0.37,0.693,1
-0.976,0.243,-0.522,-0.827,0.058,-1.634,0.33,-0.55,1
0.007,-0.801,0.691,-0.351,0.103,-0.032,-0.595,-0.071,0
1.179,-0.455,-1.379,-0.066,0.967,1.454,-2.1,0.726,0
0.189,-1.159,-0.651,-0.573,1.091,1.244,2.278,-1.655,1
0.189,1.725,0.053,0.666,-0.244,-1.677,-1.986,2.026,0
-2.427,-0.307,-0.139,-0.369,-0.428,0.421,0.215,-0.279,1
-0.775,-0.924,2.05,0.152,-0.361,0.809,0.928,-1.038,1
2.302,-0.389,-0.2,0.407,1.942,-0.207,-0.595,0.952,0
0.094,1.586,0.477,0.703,-0.817,-1.311,0.425,-0.75,0
-0.336,1.153,0.371,0.329,-0.232,-0.334,0.362,0.978,1
0.77,-0.973,-0.43,-0.489,-0.637,-1.747,-0.397,1.508,0
-0.337,-0.132,-0.914,-0.591,-0.302,0.958,0.637,0.35,1
-0.054,-1.066,-0.404,-1.3,-0.916,-0.43,-0.617,2.258,0
1.045,-0.409,1.165,0.411,-0.099,0.436,0.046,-1.194,1
-0.08,0.151,0.108,-0.035,-0.419,0.782,-0.038,-0.063,0
-0.842,-1.282,1.079,-0.641,1.433,-0.968,0.592,0.137,1
1.218,1.461,-0.038,-0.603,1.51,1.138,-0.584,-0.503,1
1.099,1.057,-0.145,-0.412,-0.023,-0.424,-0.836,-2.384,0
-0.342,0.542,0.339,-0.627,0.401,0.178,-1.508,0.031,0
-1.742,0.363,-1.272,0.566,1.132,-0.35,-1.443,-0.425,0
0.697,0.378,1.463,0.036,1.136,-0.418,2.148,-2.279,1
-1.565,1.726,1.109,-0.622,-2.392,1.462,-0.604,0.152,1
0.485,-0.496,-0.25,1.266,-0.215,-0.472,0.062,-1.274,1
-0.592,-1.248,-0.417,0.557,-1.506,-0.832,0.556,1.448,0
2.07,0.213,-0.934,1.664,1.598,-0.995,0.361,0.28,0
0.089,-0.603,0.593,0.013,-0.27,-0.376,1.992,-0.926,1
0.131,0.854,-1.084,-0.214,1.007,-0.504,-0.365,1.342,0
-2.101,0.414,-0.898,0.236,1.107,0.126,-1.148,0.905,1
-0.51,0.407,-0.918,-0.151,0.205,0.149,0.308,-0.907,1
-0.422,0.433,-1.911,-0.991,-0.007,-0.893,0.039,-0.049,0
-0.56,0.374,1.649,0.23,-0.058,-0.651,1.023,-0.719,1
0.81,0.159,-0.258,1.533,-1.61,-0.727,-0.359,0.783,0
-2.125,1.038,-0.405,-1.24,-0.656,0.405,0.528,-0.908,1
-0.065,-0.611,0.672,-1.682,1.072,-0.577,0.438,-0.152,1
-0.363,0.857,-0.433,0.227,-1.95,0.19,0.7,-1.073,0
2.767,-0.419,0.097,-0.676,-0.179,0.968,0.332,-0.409,0
0.79,0.141,0.106,0.407,0.889,0.348,1.052,0.414,1
-1.587,1.833,-1.52,-0.108,1.867,1.108,1.349,-0.467,1
-0.85,0.209,-0.905,1.033,0.173,-0.267,0.979,-0.956,1
-0.434,1.782,-1.158,-0.318,-0.137,-0.597,-0.052,0.0,0
1.208,-0.082,-1.2,0.196,1.1,0.432,0.293,0.583,0
-0.934,0.41,-0.232,0.191,1.244,-0.285,0.723,-2.116,1
0.278,0.288,-0.355,0.973,-1.205,-0.99,1.279,0.142,1
-0.064,-1.025,0.366,-0.734,-0.243,-1.139,1.192,-1.633,0
-0.66,-1.132,0.051,0.637,-0.311,-0.092,-0.029,0.057,0
0.326,0.822,-0.196,0.29,-0.629,-0.848,-0.611,-1.239,0
-0.7,-0.425,1.591,-0.225,0.354,0.312,-0.5,0.179,1
-0.108,-1.737,1.014,1.483,-0.064,-0.453,-1.053,1.869,0
0.105,1.907,-0.149,-1.519,-0.624,-0.656,-1.949,1.001,0
0.986,1.178,0.181,0.199,0.194,0.515,-1.231,-0.764,0
0.122,-0.864,-0.645,0.332,0.919,-0.559,-0.643,-0.909,0
0.008,-0.114,-0.798,0.269,-0.523,-1.04,-0.109,0.09,0
0.72,-1.93,0.038,0.906,-2.442,1.114,0.499,0.505,1
0.582,-0.386,0.261,-1.192,0.466,1.223,0.146,-1.384,1
-1.028,-0.252,0.757,0.969,0.824,-1.948,0.271,-0.751,1
0.483,1.554,1.164,-0.543,0.537,-0.241,-0.684,0.544,0
0.63,1.442,-0.526,-1.698,0.2,0.708,-2.722,0.138,1
0.241,-0.421,-0.053,1.176,0.973,-0.689,0.214,-0.961,1
-0.331,-1.326,-0.592,0.691,-1.12,-1.015,0.281,2.021,0
0.318,-0.585,-0.686,-0.46,0.603,0.06,-1.195,-0.303,1
-0.507,-0.798,-0.123,-1.832,-0.067,0.444,-0.284,-0.28,0
0.176,-0.72,-0.266,0.057,-0.43,-0.845,-0.802,-1.504,0
-0.337,-0.132,-0.914,-0.591,-0.302,0.958,0.637,0.35,1
-1.396,0.38,0.474,1.559,-0.009,-0.097,-0.3,-0.064,1
0.544,-0.229,0.393,1.782,0.377,0.955,-0.817,-0.114,0
-1.759,1.297,-0.52,-0.36,0.011,-0.544,1.265,0.41,1
0.783,-1.592,0.039,-1.439,0.174,-0.471,-0.032,2.311,0
0.944,-1.17,0.229,0.728,-0.286,0.447,-0.24,0.356,1
0.097,-0.572,-0.861,0.824,0.998,-1.09,0.568,-0.141,1
0.446,-1.421,-0.509,0.353,0.234,0.27,0.274,-1.197,1
0.483,1.554,1.164,-0.543,0.537,-0.241,-0.684,0.544,0
0.519,-0.523,1.208,0.523,1.773,-1.52,-2.029,1.92,0
-1.55,1.212,-0.069,-0.227,0.027,-0.082,0.756,0.562,1
2.484,-0.236,-1.735,0.43,-0.611,-0.194,0.464,-1.122,0
-1.048,0.848,-0.714,-1.855,-2.074,0.286,-1.656,1.074,0
2.297,-0.61,0.91,0.648,-0.045,-0.623,0.583,-0.425,0
-0.782,0.533,-0.182,-0.1,0.423,-0.274,-0.007,0.48,1
1.453,0.34,1.672,-0.282,-0.844,-0.555,-0.657,-0.032,0
0.713,0.631,0.986,0.275,0.262,0.521,0.664,2.498,1
0.301,1.007,-0.082,-0.708,-1.731,-0.692,0.326,0.226,0
0.617,1.425,-0.126,-0.507,2.317,1.423,0.361,-0.857,1
-0.537,-0.105,-0.781,1.282,-0.41,0.348,-0.932,0.305,0
0.092,0.142,0.541,-0.593,-0.625,0.246,-0.851,-0.757,0
-0.829,-1.089,-0.655,2.476,-1.89,0.072,0.029,-1.327,0
1.666,-0.093,0.931,0.75,-0.72,0.098,-0.348,0.972,0
1.303,0.186,0.187,-0.184,0.559,-0.714,0.188,0.72,0
1.462,-0.347,0.726,-0.332,0.419,0.474,-1.405,-0.75,0
1.528,0.998,-1.267,-1.859,-0.038,-0.315,0.664,-0.126,1
1.061,-0.122,0.837,-0.989,0.475,0.562,0.456,-0.3,1
0.528,0.129,-0.768,-1.073,0.281,-0.508,-1.36,-0.069,0
-1.017,0.947,-0.544,-0.958,1.067,0.594,1.04,-1.619,1
0.958,-1.196,1.0,-0.636,0.811,0.313,1.55,-0.979,1
-1.822,-1.636,0.535,1.428,-0.706,-0.861,0.208,0.462,1
0.958,0.231,0.679,-0.668,-0.846,-2.358,0.481,-1.34,0
0.816,1.279,0.556,0.115,2.537,-1.428,0.271,0.711,1
-0.925,1.449,0.52,0.566,-0.506,0.008,0.799,2.788,1
-0.86,-0.083,0.683,-1.452,-0.947,-0.456,-0.036,0.763,1
1.059,0.709,0.463,0.562,1.45,-1.017,-0.732,0.116,0
-0.46,0.43,1.4,0.93,1.986,-1.698,-0.687,-2.36,1
1.208,-0.082,-1.2,0.196,1.1,0.432,0.293,0.583,0
-1.32,-0.566,0.386,1.458,2.089,-0.201,1.097,1.286,1
1.466,0.575,-0.759,-1.482,0.026,0.984,0.044,0.011,0
-0.696,-0.142,0.487,0.471,0.89,0.938,0.723,1.534,1
-0.993,1.6,0.886,0.074,1.075,-0.855,-0.579,0.878,1
-1.481,-1.99,-1.297,-0.567,-0.578,0.607,0.269,-1.246,1
-2.14,-1.067,-0.804,-0.413,0.707,-0.027,0.269,-1.444,1
0.147,0.25,0.415,-0.121,-0.725,-1.053,0.102,-0.579,0
-0.041,-0.0,0.184,-1.758,1.726,-0.161,-0.106,-0.735,1
-0.647,-1.1,1.162,1.083,0.575,0.228,-0.759,0.87,0
2.315,-2.019,-0.443,1.205,-0.694,0.071,-0.5,0.672,0
0.286,2.622,0.266,-0.532,-0.053,0.937,-0.254,-1.512,1
0.22,-0.13,-0.176,-1.57,1.436,-1.699,0.034,0.907,0
-0.763,0.649,-1.421,0.028,-1.256,1.899,2.044,0.916,1
1.132,0.44,-0.85,0.086,-0.339,-1.075,0.103,0.657,0
-0.127,1.352,-1.178,-1.908,-2.27,0.415,0.259,0.119,1
-1.333,1.587,0.149,-0.336,-2.261,-0.308,0.633,-1.074,1
-0.511,1.742,-0.991,1.809,0.737,1.503,1.827,0.341,1
0.206,0.765,-0.088,-1.184,0.704,0.003,1.664,0.586,0
-0.479,0.986,0.46,-1.661,0.766,-0.051,-0.413,-0.703,1
1.13,-0.793,-1.213,-0.813,1.35,0.55,0.63,-0.473,1
1.175,1.963,-0.203,1.232,-0.389,-1.745,0.007,-0.262,0
1.654,0.395,-0.341,-2.544,-0.253,0.315,-1.368,0.459,0
-1.433,0.972,0.699,-0.134,0.75,2.298,0.297,1.719,1
0.545,0.262,-0.344,-0.171,-0.547,0.828,-0.895,-2.028,1
-1.521,1.322,1.605,-1.564,-0.106,-0.636,-0.491,-0.792,1
-0.344,0.617,-0.615,-0.359,-0.085,-0.457,-2.453,0.021,1
0.992,1.965,1.09,0.774,1.411,-0.718,-0.87,0.039,0
0.171,0.165,1.214,-1.906,0.801,-1.698,-0.369,1.446,0
2.027,0.083,0.241,-0.288,1.014,-0.551,-1.439,1.508,0
1.697,-1.842,-1.332,0.157,0.811,-0.155,-0.792,-0.208,0
0.372,0.804,-1.492,1.003,-2.226,0.247,0.71,-0.651,1
-0.24,-0.532,-0.268,-0.771,1.126,0.454,0.422,0.87,0
-0.162,0.186,-0.355,0.847,-0.452,-1.601,1.282,0.9,0
1.991,-0.252,0.466,0.726,1.409,-1.363,-0.492,-0.445,0
0.129,1.683,0.063,1.151,-0.018,-0.393,1.026,0.555,0
-0.475,-0.615,0.181,1.111,1.143,-1.969,1.437,-0.445,1
-1.384,0.943,1.431,1.008,-0.543,-0.67,0.049,-0.995,1
0.437,-1.908,0.68,0.955,-0.642,0.829,-1.681,-0.182,0
-1.536,-0.937,0.329,-1.183,-0.648,1.642,1.127,-0.693,1
0.751,-0.836,1.249,0.923,-0.565,1.539,1.579,1.811,1
1.455,0.004,-0.723,0.277,-0.468,-0.679,0.796,0.726,1
-0.196,0.535,-1.153,0.103,-0.766,0.057,-0.05,1.099,1
-0.229,-0.782,0.895,-3.172,-0.971,-1.937,0.188,1.299,0
-0.414,-0.819,-0.039,-0.237,0.112,-0.089,0.88,0.795,1
0.176,1.742,-0.485,0.126,-0.95,-0.928,-0.247,-1.029,1
-1.95,0.151,0.864,-0.266,0.4,-1.536,0.897,-0.5,1
1.091,-1.372,-0.512,-0.85,1.21,-1.072,0.56,0.518,0
0.627,-0.43,-0.248,0.154,2.012,-0.151,-1.126,0.493,0
-0.156,0.103,-0.214,-0.859,0.048,-0.087,-0.759,0.478,1
-0.863,0.418,-0.096,0.321,-1.077,2.084,-0.21,0.519,1
0.06,-0.52,2.629,-0.334,-0.221,-1.657,-0.377,-0.95,0
-0.926,-0.401,0.405,2.043,0.066,0.578,-0.229,-0.911,1
-1.277,-1.235,0.265,-0.002,0.923,1.565,-0.903,-0.352,1
-2.346,-0.074,0.59,0.714,0.604,2.034,0.279,1.014,1
-1.293,1.383,0.694,0.598,-1.977,0.318,-0.79,0.724,0
1.373,0.556,0.548,1.177,0.77,0.895,-0.275,-0.507,1
-0.73,-0.077,1.606,-0.916,-1.453,0.972,-0.087,0.01,0
-0.632,-0.192,0.013,2.052,-1.205,-0.003,-1.237,-0.989,0
-1.252,-0.547,-0.832,0.13,-1.259,-0.262,1.374,1.401,1
0.565,-0.176,0.825,1.657,1.184,0.402,-0.505,0.965,0
-0.616,-1.268,0.643,2.215,-0.556,-1.426,-0.473,0.635,0
0.674,1.006,-0.736,-0.051,0.039,1.19,0.711,-1.219,1
-0.161,0.9,0.442,2.854,-1.478,0.227,0.019,0.057,0
-2.427,-0.307,-0.139,-0.369,-0.428,0.421,0.215,-0.279,1
-0.428,0.442,1.001,-2.141,2.25,-0.024,0.368,0.043,1
-1.839,0.472,2.119,-2.36,-0.523,0.297,-0.369,-0.231,1
0.581,1.775,-0.068,-0.537,0.249,-0.027,1.017,0.056,1
0.732,-0.487,0.183,-0.965,1.734,0.791,0.742,-1.95,1
0.708,-0.993,1.53,0.234,0.203,1.16,-0.361,0.849,1
0.121,0.249,-1.941,-0.733,0.145,0.286,1.805,0.693,1
-0.427,0.675,1.464,0.333,-0.393,-0.293,-1.022,0.307,1
0.063,0.136,-0.122,1.583,0.966,0.182,0.589,-0.384,1
-0.634,-2.233,0.779,-0.923,-0.896,0.137,-1.178,-0.964,0
-0.553,-2.028,-0.631,0.685,-0.229,-0.634,-1.065,1.131,0
-0.018,0.533,-2.183,0.792,-0.14,0.955,-0.219,1.453,1
1.281,0.036,-0.852,0.068,0.139,0.657,-0.075,-0.321,0
-0.344,-0.23,0.594,1.288,0.862,1.765,-0.452,0.41,1
0.704,1.282,-0.238,0.332,-0.051,0.221,-0.39,1.073,1
0.49,-0.187,-0.026,-0.048,0.73,0.098,0.754,-1.27,1
-1.515,1.51,-1.398,0.687,1.345,-1.484,-1.26,-0.811,0
-2.278,-0.983,-1.083,-0.498,0.64,-0.564,0.429,-0.572,1
-0.975,0.457,-0.191,0.681,-0.841,1.053,-0.205,-1.524,1
-0.456,-1.729,0.862,-1.133,0.671,-1.975,-0.474,-0.018,0
-1.664,0.898,0.281,0.766,-0.738,-0.406,-1.7,1.879,1
0.546,-1.282,0.539,-0.599,0.649,-0.491,1.642,-0.337,0
-0.21,-0.159,-0.402,-0.369,0.975,0.494,0.373,-0.201,1
-0.022,0.293,0.905,-0.301,0.507,0.154,-0.113,-0.812,1
1.219,0.396,1.567,1.915,0.096,-0.41,0.111,0.336,0
0.538,0.694,0.595,-0.431,0.863,-1.113,1.03,1.759,0
0.748,-0.813,-1.516,0.055,-0.34,0.862,-1.092,0.547,0
-2.159,-0.365,0.598,0.508,1.004,-1.096,0.621,-0.508,1
-0.383,0.884,0.559,-2.405,0.721,0.964,-0.743,-0.119,1
1.682,-0.525,0.981,-0.12,1.483,0.125,-1.276,0.098,0
1.063,0.238,-0.559,0.422,-0.695,-0.025,-1.143,2.203,0
0.982,1.433,-0.67,-0.123,1.751,0.673,0.04,-1.398,1
-1.201,1.11,-0.888,0.669,0.588,0.26,-1.308,-0.612,1
0.517,1.018,-0.669,0.54,0.117,1.519,-0.002,0.99,1
0.8,1.06,2.7,0.915,-2.455,-1.207,0.33,0.065,0
0.945,-0.874,-1.237,-0.99,-0.857,0.164,0.816,-2.11,0
-0.4,-2.019,0.421,0.26,-1.412,0.77,-0.701,-1.126,0
0.759,1.034,-1.794,-0.718,0.461,0.692,0.062,-0.52,1
0.278,0.288,-0.355,0.973,-1.205,-0.99,1.279,0.142,1
-1.024,-1.133,1.085,-1.688,-1.499,1.083,1.308,-0.197,1
-0.956,0.969,-0.409,-0.016,-1.396,-0.596,-0.195,0.557,0
0.162,-0.906,0.819,1.279,0.134,-0.268,0.212,0.402,1
-0.943,-0.137,0.388,-0.963,-0.263,-0.543,-0.011,0.329,0
0.958,-1.57,0.412,0.19,-1.502,-0.007,0.086,0.134,0
-0.37,-0.228,0.036,-1.085,-0.611,0.363,0.724,-0.859,1
-1.077,1.053,-1.578,-0.776,0.463,-0.089,-1.105,0.629,1
0.923,-0.804,-0.071,0.419,-0.328,-0.576,0.905,1.289,0
0.074,-0.603,-1.87,1.622,-1.011,-0.339,0.603,-0.725,0
0.626,-1.178,0.805,0.28,-1.492,0.791,1.105,0.022,0
-1.884,-0.778,0.64,0.306,-1.097,1.604,0.402,-0.069,1
0.136,1.091,0.798,-0.524,1.939,-1.35,1.483,-0.376,1
0.426,-0.278,1.549,1.582,0.641,-1.384,-1.088,1.368,0
-1.282,-0.837,-1.212,1.645,-1.111,-0.317,1.473,-0.809,0
-0.665,-0.801,-0.914,-0.539,0.952,1.482,-0.317,-0.282,1
-2.091,1.433,-0.378,-0.558,0.127,-1.247,2.104,0.456,1
0.719,2.873,-0.535,-0.441,-1.762,0.122,1.266,-0.403,1
0.523,-0.141,-0.179,0.207,-0.221,-1.431,-1.019,-0.001,0
-0.676,-0.26,0.012,0.31,-1.49,-1.054,0.41,1.061,0
-0.158,-0.982,1.932,-0.579,-0.271,-0.126,-0.172,0.564,0
0.844,0.416,0.873,-0.337,0.828,-1.061,0.57,-0.49,1
0.165,-1.986,0.446,0.712,-1.992,-1.274,0.074,-0.339,0
0.122,-2.447,-1.47,0.025,-0.996,-0.157,1.851,-0.835,0
-1.181,-0.66,-0.868,-0.782,0.927,-1.595,-0.179,0.486,0
-0.442,-0.586,1.979,-1.624,0.284,-0.925,-1.181,0.148,0
0.16,-1.038,-0.212,2.411,0.535,-0.432,-0.48,-0.647,0
0.159,-0.076,-0.34,-1.239,-0.101,-0.028,0.478,0.049,0
1.219,0.396,1.567,1.915,0.096,-0.41,0.111,0.336,0
0.395,0.408,-0.88,2.153,-1.251,-0.161,-0.578,-0.279,0
0.354,1.051,-0.018,-0.76,-0.756,-0.313,-1.025,2.02,0
-0.625,0.262,-0.205,-1.728,0.616,-1.106,-0.963,-0.975,0
0.957,-0.355,-0.603,0.457,1.742,-0.624,0.756,-0.223,0
-1.231,1.872,0.169,0.989,0.504,-0.765,-0.311,0.444,1
0.718,0.963,-0.805,0.474,1.805,-1.302,0.364,-0.413,0
1.006,0.72,0.377,0.483,-0.806,-1.259,0.406,0.527,0
-1.579,-0.109,-1.167,-0.954,1.449,-0.189,0.324,0.087,1
0.624,-0.38,-0.184,-0.395,-0.639,-0.003,-1.415,-0.357,1
-0.207,-1.52,-0.421,1.24,0.052,0.748,0.428,0.964,0
-0.714,-0.118,-0.187,-0.757,-1.377,-0.275,2.639,0.613,1
0.078,0.113,-0.444,0.858,-0.687,-0.289,-0.038,-0.593,0
-1.967,-1.402,0.987,0.35,-1.253,1.075,0.712,-0.19,1
1.443,-0.857,-0.133,1.039,-1.02,0.144,-0.114,0.618,0
-0.344,0.617,-0.615,-0.359,-0.085,-0.457,-2.453,0.021,1
0.747,-0.591,-0.154,-0.471,-1.095,0.407,0.003,-0.07,0
0.329,-0.099,1.499,-0.776,1.915,2.186,2.173,-0.133,1
0.348,-0.315,0.672,-0.378,-1.002,0.698,-0.5,0.545,0
-0.467,-0.204,1.763,0.489,0.145,0.196,-0.508,-0.965,0
-1.525,2.316,-0.268,1.86,0.201,-0.607,-0.442,-0.343,1
-0.365,1.442,-0.331,-0.924,-0.601,-0.506,-0.879,0.176,1
0.277,1.28,-0.694,-0.912,-1.899,0.677,-0.307,-0.349,1
0.802,1.548,0.984,0.624,-0.294,0.805,-1.376,0.26,1
-1.551,0.336,-2.427,0.096,-0.346,0.472,-0.862,-0.151,1
-0.579,-0.593,0.635,-0.392,0.324,0.356,0.528,0.557,1
-0.388,-1.189,0.39,-0.526,-0.121,-0.422,0.64,0.838,1
-1.48,0.887,-0.152,-1.557,1.772,0.665,-0.173,-2.586,1
0.525,1.638,1.918,-2.422,-0.81,1.045,1.415,0.008,1
-1.462,0.805,1.235,-0.451,-1.925,0.665,-0.14,0.278,1
0.65,0.173,-0.117,0.576,-0.138,-1.113,0.68,1.724,1
0.039,0.261,0.373,-0.976,-0.735,1.687,0.947,1.063,0
-0.877,1.125,-0.789,-0.584,-0.842,-0.508,0.572,-1.596,1
1.333,-0.41,0.043,0.268,0.588,-1.861,1.126,-0.146,0
1.109,-1.802,-0.149,-1.587,-0.075,0.899,-1.377,1.789,0
0.18,-1.882,0.399,1.882,0.685,0.879,0.036,-1.971,1
-1.349,-1.326,-0.843,-0.649,0.403,0.128,-1.639,-0.857,1
-0.019,1.627,0.527,-2.088,-0.357,-0.987,-0.266,1.038,0
-1.251,-0.623,-0.798,-0.1,2.261,0.283,-0.343,-0.843,1
1.483,0.647,-0.11,2.007,-1.146,0.388,0.496,-2.323,1
0.161,-0.028,2.457,-0.701,0.238,0.711,0.213,0.139,1
0.594,0.233,1.091,1.84,0.414,-0.253,-0.111,0.64,0
-0.351,0.013,-1.037,0.086,0.765,0.093,0.859,0.313,0
-1.234,0.785,-1.403,-0.463,0.432,1.085,1.182,-1.367,1
0.463,-0.285,0.102,0.066,-1.741,-0.638,1.64,0.255,1
-0.957,-0.698,0.874,1.01,-0.255,-1.989,-1.01,0.695,0
-2.114,-0.222,-0.405,-1.324,0.565,0.09,-0.209,-0.953,1
0.435,0.619,-0.047,0.922,-0.146,-1.581,0.777,-1.138,1
0.107,-1.721,-0.074,-0.642,0.909,-0.254,0.318,-1.438,0
-0.565,0.718,-1.138,0.513,-1.704,1.995,-0.074,-0.457,1
0.688,-0.562,1.761,0.916,-0.024,-0.17,0.638,2.361,0
1.212,0.702,0.299,0.997,-0.847,-0.235,0.637,0.892,1
-1.392,-0.042,-1.148,-1.218,-0.014,-0.588,-0.211,-0.496,0
-0.181,0.378,-0.241,-0.561,-1.854,0.394,-0.109,0.23,0
-0.99,0.052,-1.442,-0.052,-0.381,-0.178,-0.207,-0.206,1
-1.148,-0.25,-0.849,0.069,-0.147,1.682,-1.056,-0.586,1
0.23,0.736,1.065,1.153,0.896,-0.212,0.476,0.659,1
-0.117,0.296,-2.208,-0.998,-1.027,-0.354,0.461,-1.782,0
1.792,-0.381,1.682,0.996,0.003,0.839,-0.113,1.677,0
0.656,1.144,0.843,-0.837,0.961,-2.348,-0.309,0.049,0
0.408,1.274,0.53,-1.606,0.235,-0.953,-0.273,0.084,0
-1.124,-1.451,-0.397,0.183,-0.021,-0.13,-1.374,-0.568,0
0.692,1.069,-0.893,0.652,0.695,1.027,-2.455,-2.024,0
0.523,-0.141,-0.179,0.207,-0.221,-1.431,-1.019,-0.001,0
1.818,-0.411,0.987,1.07,-0.393,1.386,0.005,-0.497,1
-1.913,-1.389,-1.266,1.473,-0.008,-0.9,-2.009,-0.849,0
-0.093,-0.011,-0.462,-0.248,0.586,-1.195,0.241,0.301,1
-1.373,0.634,0.169,-1.301,1.249,1.404,-1.279,0.61,1
0.046,-1.009,-0.057,-0.165,0.478,0.17,0.367,0.53,1
0.965,0.33,-0.699,-0.317,-0.657,1.137,-0.605,-1.759,1
0.632,-0.233,-0.651,1.008,-0.921,0.794,-0.991,-1.143,0
-0.632,0.906,-0.107,0.029,-0.029,1.255,1.584,0.047,1
0.226,-0.942,0.0,0.536,1.21,0.173,-0.83,0.674,0
-0.692,0.592,1.06,-0.404,0.927,-1.293,0.983,0.456,1
-0.411,1.739,-0.536,0.149,0.663,0.176,2.379,-0.512,1
-0.358,1.627,-0.338,1.23,1.525,-1.223,-2.915,-1.463,0
-1.008,-1.801,0.919,0.934,-0.762,-1.493,-0.072,-1.778,0
0.783,-0.082,-0.487,-0.708,-2.402,-0.211,0.497,-1.333,1
0.248,1.463,-1.792,-1.743,0.328,2.103,1.026,-0.038,1
-2.669,0.058,0.667,1.848,1.433,-1.793,-0.149,0.085,1
1.091,-1.372,-0.512,-0.85,1.21,-1.072,0.56,0.518,0
-0.418,-1.462,0.785,0.287,-0.525,0.868,-0.872,0.643,1
1.122,1.019,0.615,-0.926,-0.99,0.563,0.257,-1.061,0
0.81,0.159,-0.258,1.533,-1.61,-0.727,-0.359,0.783,0
-0.811,0.752,0.253,0.896,-0.345,-1.482,-0.11,-0.446,0
0.161,-1.289,1.224,0.198,-1.118,-0.37,-0.57,0.7,0
0.78,0.494,-1.438,-0.346,-1.013,0.281,-0.516,1.025,0
1.597,-1.351,3.342,0.616,0.372,0.744,0.195,1.189,0
-1.271,0.254,0.253,-0.17,0.049,0.422,-0.278,2.064,1
-0.427,0.425,-0.816,1.674,-1.319,-0.615,1.683,0.32,1
-1.515,0.227,0.178,0.84,-0.125,-1.12,-1.309,-0.159,0
-2.687,0.457,-2.751,-0.867,0.886,-1.824,-1.864,-0.45,0
0.844,0.463,0.165,0.609,0.622,1.466,-0.065,0.175,1
-0.349,-0.003,-1.584,-1.291,-0.081,0.229,0.789,-0.795,1
-0.379,0.66,-0.398,-0.625,1.29,-0.026,-0.064,1.718,1
-0.533,0.287,-0.579,-0.877,-2.308,2.021,-1.101,1.683,1
0.95,1.733,-0.388,1.043,-0.792,-0.895,-0.618,-0.982,0
-0.304,1.303,0.18,0.633,0.593,-0.806,-0.235,-0.581,0
-1.115,-0.868,-0.667,-0.061,-0.431,-0.354,-0.927,0.945,1
0.515,-1.258,-0.049,1.426,-1.781,0.375,-1.112,-0.008,0
-0.412,0.888,-0.04,0.471,-1.971,0.657,1.843,0.767,1
-0.783,-0.332,-0.827,-0.56,1.844,-0.385,-0.553,1.23,0
0.771,0.622,0.945,0.103,-0.468,1.156,0.058,0.783,1
1.813,1.593,-1.253,1.042,-0.16,-2.612,0.849,-1.8,0
0.795,0.35,-1.411,-0.416,0.318,0.465,-0.987,-1.524,0
-1.017,0.551,-1.084,1.168,1.149,0.123,0.586,1.305,1
0.137,-1.18,-0.969,0.462,2.258,0.13,-1.148,1.569,0
1.639,-3.145,0.404,0.514,-1.689,0.231,-0.241,-0.966,0
-0.037,-2.337,0.229,0.839,0.438,0.198,0.074,-0.348,0
0.947,0.361,0.491,-0.832,-0.273,0.313,0.521,0.554,1
0.084,0.759,1.542,-0.804,0.156,-0.836,-1.722,-1.022,0
0.534,1.157,0.799,0.867,0.095,1.177,-0.544,-0.383,1
2.182,-0.55,0.615,-0.149,0.498,-0.065,0.251,0.453,0
-0.643,1.112,-0.648,0.842,-0.568,0.535,0.112,0.342,1
0.212,0.703,-0.375,-1.846,0.41,-0.778,1.284,-0.935,1
-1.197,-1.029,-0.004,-0.089,-1.611,1.037,1.085,-0.063,1
-0.849,1.887,-1.433,1.163,-0.169,0.308,-0.997,0.596,1
0.318,0.372,-0.366,0.025,1.248,0.669,-2.905,-0.904,0
0.382,0.635,0.278,-0.029,-0.698,0.904,0.137,0.496,1
1.523,-0.536,0.208,0.478,0.002,-1.097,0.044,-0.537,0
0.348,-0.315,0.672,-0.378,-1.002,0.698,-0.5,0.545,0
0.177,0.109,0.472,-1.571,-2.132,0.735,-0.912,-0.406,0
1.033,-1.388,-0.284,-0.423,0.716,-1.503,1.036,-0.857,0
0.75,-1.78,-1.017,-0.751,-2.408,0.599,1.007,0.195,0
-0.417,0.363,0.702,0.467,-0.736,0.397,-0.12,-0.106,1
1.231,0.367,-1.336,0.471,-0.698,-0.521,0.55,0.239,0
-1.911,0.048,0.508,-0.598,-0.081,-0.721,0.309,-0.741,1
-0.304,0.031,1.286,0.065,0.068,-0.429,-0.16,1.277,0
1.199,0.316,-0.613,-0.383,0.19,-1.46,0.135,0.183,0
2.081,0.498,0.312,1.196,-1.199,-0.502,-0.501,0.414,0
-0.292,-0.498,-2.403,0.603,0.719,0.169,0.147,0.115,0
-1.0,1.248,1.242,0.097,1.721,0.239,-0.498,0.242,1
-0.606,0.147,-2.301,-1.308,-2.478,0.985,-1.391,-1.559,0
1.524,0.274,0.887,-2.476,1.038,1.228,-0.198,1.105,0
-0.956,0.969,-0.409,-0.016,-1.396,-0.596,-0.195,0.557,0
-0.243,-0.175,-0.021,-0.639,-0.72,-0.913,-0.641,-0.761,0
-1.153,-0.659,0.047,0.727,0.768,1.137,1.083,-0.636,1
1.231,-0.27,-0.919,1.064,1.674,-0.077,-0.464,0.466,0
1.085,1.221,1.247,-1.292,-1.026,-0.88,-0.035,1.275,0
0.37,-0.481,-1.924,0.327,-1.371,-0.008,-0.851,-1.658,1
-0.417,0.363,0.702,0.467,-0.736,0.397,-0.12,-0.106,1
-1.573,0.539,0.207,-0.625,-0.18,-1.817,-0.02,-0.544,0
1.182,-1.363,0.925,-0.734,-0.931,-2.226,-1.433,-1.612,0
0.477,-0.175,-0.814,0.352,-0.826,2.224,-0.232,0.106,1
-0.075,-0.07,-0.751,-0.034,-0.055,-1.1,0.163,-0.544,1
-1.896,-1.342,0.611,-0.704,0.545,1.235,-0.355,0.283,1
-0.051,-1.393,-0.436,-1.513,-1.562,-0.384,-0.387,-0.692,0
-0.255,0.902,-1.923,0.745,-1.484,1.078,2.734,-1.184,1
-1.311,1.745,-1.039,-0.098,0.809,1.074,1.247,-0.64,1
0.083,-0.265,-1.822,0.632,0.108,-1.192,-0.112,-1.0,0
-0.494,1.687,0.287,0.968,0.368,0.582,-0.778,-0.638,1
1.188,-0.916,0.782,0.061,-2.08,-1.369,0.307,-0.703,0
0.416,0.116,1.009,-1.131,0.499,-1.048,-1.526,-1.439,0
-0.429,0.217,-0.981,-0.159,-0.673,-0.758,-0.22,-0.447,0
1.224,-0.746,0.933,0.158,0.198,-0.518,0.757,1.47,0
-0.589,1.123,-1.411,-0.755,1.309,0.659,-0.447,-0.233,0
0.504,-1.377,0.837,0.064,-0.466,0.683,0.474,-0.201,0
2.674,0.961,0.806,-0.53,-0.519,0.365,-0.843,-1.471,0
-0.994,-0.399,0.095,-2.562,0.36,1.415,-0.197,-0.383,1
1.232,-0.11,1.19,0.681,-0.025,-0.054,1.725,1.817,0
-0.358,-0.773,-0.112,-2.055,0.068,-0.782,-0.055,-0.016,1
-0.345,0.121,1.896,1.126,0.21,0.065,-0.856,0.98,0
-0.197,-0.458,1.088,0.888,-0.787,0.962,1.379,-0.016,1
-1.354,-0.214,0.231,-0.147,-0.214,1.752,1.267,0.833,1
-0.391,0.29,2.091,-0.68,0.709,-0.488,-0.002,-1.742,0
-1.32,-0.566,0.386,1.458,2.089,-0.201,1.097,1.286,1
0.326,-0.128,0.89,0.589,0.901,1.572,-1.583,-1.325,0
0.403,0.63,0.971,-1.548,-0.776,1.02,-0.75,-0.045,0
-1.549,-1.33,0.147,0.012,1.572,-0.508,0.778,-1.249,1
1.462,-0.347,0.726,-0.332,0.419,0.474,-1.405,-0.75,0
0.094,-0.034,-0.058,-0.78,-0.325,1.591,-2.316,0.255,0
-0.944,-0.947,0.244,-0.142,-0.565,-0.42,1.071,0.33,0
-0.009,-0.812,1.956,0.862,2.544,-1.498,1.717,-0.105,1
-1.211,0.286,-1.105,-0.03,0.402,1.27,-2.125,-0.439,1
1.018,-0.272,-0.316,0.81,0.219,0.037,0.166,-1.293,1
-1.036,0.379,-0.02,0.48,-0.579,1.251,0.66,0.542,1
0.725,-1.098,0.98,0.037,0.214,-2.087,-0.645,-0.259,0
-0.886,0.524,0.406,-0.624,-1.466,-1.184,0.177,0.217,0
1.431,0.986,-0.801,-2.537,0.148,-1.167,-1.4,-1.472,0
-0.319,1.692,0.223,-0.588,1.567,0.164,0.379,0.931,1
-1.433,-0.179,1.008,-1.527,-1.358,0.267,1.544,2.035,1
0.462,1.104,-0.533,0.838,1.025,-0.387,-0.769,-0.722,1
0.933,0.293,0.053,0.169,-0.127,-1.044,2.049,-0.789,0
0.44,-0.209,0.307,0.058,2.379,0.593,-1.592,0.736,1
-0.695,0.489,2.01,-0.447,0.664,0.975,-1.616,0.307,1
1.315,0.801,-0.309,-1.525,1.272,0.734,-1.28,0.226,1
0.196,-1.14,1.465,-1.296,-1.208,-0.456,-0.03,0.635,0
0.024,0.106,0.855,-0.115,-0.84,2.35,0.978,-0.057,1
-0.955,0.604,-0.001,0.018,0.62,0.618,1.021,0.485,0
-0.009,0.551,-1.657,-0.008,0.146,0.477,-0.021,0.675,1
2.199,-0.576,0.76,-0.552,-0.577,0.06,0.778,-0.513,0
0.517,0.419,1.107,-0.161,-0.913,-0.984,0.817,0.107,0
-0.191,-0.758,1.533,0.048,-1.411,-0.727,1.391,-0.265,1
-0.53,-0.136,-0.957,-1.348,1.117,-0.687,0.323,-1.371,1
0.329,-0.506,-0.565,1.456,0.107,0.114,-2.313,0.322,0
-0.164,-0.564,-0.078,0.698,0.016,0.31,2.112,-0.43,1
0.185,-0.731,0.354,0.9,-0.764,0.901,-0.176,1.386,0
0.419,0.741,0.385,-2.751,0.586,1.361,-0.107,0.659,1
0.402,0.392,-1.317,0.271,0.65,0.82,0.159,0.191,0
0.616,0.948,1.12,0.818,-1.08,0.215,0.014,0.787,1
0.812,0.162,-0.135,-0.633,-0.735,0.49,-2.248,-0.23,1
-0.332,-0.091,-0.395,0.8,-1.415,-0.164,0.116,-0.972,1
0.029,-1.219,1.064,0.026,0.43,-0.638,0.77,-0.036,0
-0.925,1.449,0.52,0.566,-0.506,0.008,0.799,2.788,1
-0.108,0.316,0.738,0.87,0.303,0.534,1.497,0.727,1
-0.674,0.355,-1.11,-0.149,1.002,-0.141,-1.262,-1.076,0
1.156,1.169,0.536,-1.834,-0.756,0.472,0.93,-0.839,0
0.251,-0.384,0.262,-0.111,-1.191,0.317,-0.969,-0.92,0
-0.926,-0.401,0.405,2.043,0.066,0.578,-0.229,-0.911,1
-1.573,-0.009,-0.57,-1.411,0.939,0.696,0.234,-0.525,1
-1.359,-0.946,-0.531,-0.487,-0.946,-0.1,1.133,0.121,1
-0.679,-0.337,-0.792,0.635,0.246,-0.926,0.547,-0.128,1
1.095,1.719,0.975,0.013,-0.837,0.5,0.666,-1.941,1
0.031,1.201,1.14,-0.643,-0.953,-0.388,0.337,-2.447,1
0.266,-0.757,-0.246,1.24,0.459,-0.339,1.779,-1.534,0
0.479,1.446,0.605,0.778,-0.743,1.418,-0.701,0.077,1
0.536,-0.017,-0.332,1.385,0.116,-1.229,-0.104,0.513,0
-0.14,1.381,-0.211,1.364,0.578,-0.147,0.276,-0.501,1
0.062,-0.219,0.722,0.027,-0.549,0.385,0.223,-0.736,1
0.277,0.526,1.245,-0.155,0.848,-0.041,1.561,-0.664,1
-1.095,0.998,1.156,-1.492,-1.17,-1.469,0.64,-0.833,1
0.463,-0.966,-0.208,-2.054,-0.432,-1.674,-0.82,0.619,0
-0.179,0.124,1.283,0.456,0.887,2.526,0.245,0.46,1
-1.234,0.785,-1.403,-0.463,0.432,1.085,1.182,-1.367,1
-0.831,-1.031,0.731,-0.547,-1.138,-1.556,-0.155,0.331,0
1.099,1.057,-0.145,-0.412,-0.023,-0.424,-0.836,-2.384,0
-0.285,0.755,-1.568,-0.576,0.296,0.08,-1.599,1.69,0
0.264,0.604,1.854,0.079,-0.203,-0.502,-0.262,-0.987,1
1.953,-1.421,-1.254,-0.843,-1.327,1.061,-1.222,-0.699,0
-1.02,-0.758,-0.181,-1.681,-0.904,0.83,-2.135,-0.9,0
-0.287,-0.185,-0.057,-0.619,0.664,-0.72,0.043,1.252,0
-0.244,0.73,0.721,0.447,1.716,0.779,-0.305,-0.681,1
0.496,0.766,-0.082,0.969,0.666,0.605,-0.068,0.652,1
0.101,0.01,0.985,-0.435,-0.792,-1.178,0.513,2.248,1
-0.461,-1.202,-1.374,-1.208,0.177,-0.842,0.169,1.029,0
-2.065,0.036,-0.459,0.74,-0.94,-0.345,2.241,-0.178,1
0.504,-2.1,1.072,-1.08,0.842,-0.329,-0.551,-1.636,0
-0.022,0.809,1.394,0.028,0.55,-0.816,0.934,-1.29,1
0.195,0.839,-0.028,0.782,-2.575,-1.116,1.711,-1.234,0
2.02,-0.403,-1.266,-0.094,0.469,0.687,0.565,3.088,0
0.188,-1.09,-0.237,1.635,-0.537,0.442,-0.892,-0.639,0
1.524,-1.525,-2.466,0.617,2.548,-1.001,-1.251,0.589,0
0.335,-0.491,0.664,0.777,0.027,1.859,-0.996,0.911,1
0.922,-0.695,0.306,-0.427,1.715,-1.459,-1.055,-0.199,0
-1.766,2.231,0.799,-0.813,1.179,-0.118,-0.37,1.647,1
-0.134,-0.947,-1.07,0.501,-0.641,-0.985,1.987,-0.29,1
-0.272,-3.248,1.732,-0.199,-1.741,-0.059,-0.596,0.628,0
0.583,0.794,0.109,-0.703,-0.492,-0.309,-0.509,-0.893,0
-0.614,-2.228,-0.734,0.738,0.917,-1.18,-0.081,0.492,0
0.776,0.04,0.956,-1.688,1.085,-1.238,-0.278,0.315,0
-0.681,1.147,-0.844,-0.016,-0.089,0.582,0.059,0.659,1
-1.438,0.221,-0.663,0.022,-1.185,1.771,-0.698,0.067,1
0.074,1.354,-1.559,-0.274,-1.432,-1.17,0.962,-0.015,0
-0.943,-1.531,-1.173,-0.09,0.106,-0.527,1.314,0.759,0
0.948,1.383,-1.362,-0.569,-0.137,-0.49,0.363,0.637,1
-0.667,1.319,2.319,0.075,0.101,0.132,0.649,0.344,1
0.26,0.762,0.265,0.718,0.349,-1.431,1.212,0.095,0
0.265,-0.126,0.993,0.493,-0.292,-0.578,1.101,1.1,1
0.56,-0.529,-0.13,2.999,-0.099,0.766,0.318,0.246,0
-1.306,-0.072,-0.557,-2.075,-0.395,1.438,-1.522,0.516,1
1.208,-1.165,0.316,-0.965,-0.862,-0.466,-0.742,0.738,0
0.72,-1.93,0.038,0.906,-2.442,1.114,0.499,0.505,1
-0.82,0.103,-2.244,0.87,-0.439,0.245,0.365,0.8,1
-1.564,-0.516,0.573,0.965,-1.581,-1.239,1.031,-0.537,1
0.385,-1.484,1.719,0.785,-0.588,-1.493,0.488,0.986,0
-1.374,0.2,0.29,-0.582,-0.152,0.69,1.076,-0.745,1
-0.152,-1.145,0.09,0.42,0.16,-0.669,0.062,-0.424,0
-1.685,-1.755,1.296,0.012,0.42,1.537,-0.238,0.065,1
0.797,-0.371,0.441,0.931,-0.801,0.297,0.6,-0.676,0
0.504,0.746,-0.642,-0.568,1.139,-0.625,-0.6,-0.087,0
-0.646,-1.332,1.301,-0.562,0.823,-0.246,-0.062,0.013,0
-0.272,-0.033,0.332,0.669,0.175,-0.567,-1.047,-0.446,0
-0.313,0.844,-0.417,0.444,-0.352,-0.984,-1.01,-0.661,0
-0.143,-1.291,-1.114,-2.647,-0.299,0.072,-2.276,1.256,0
0.335,-0.183,-1.091,-1.809,0.658,0.378,-1.596,-1.06,0
0.936,-1.093,-1.557,-0.763,-2.341,-0.804,0.829,0.979,0
0.044,-1.218,0.46,-0.362,0.811,0.571,1.835,0.733,1
-0.431,0.505,0.241,-0.925,2.182,0.903,-0.496,0.23,0
-0.157,0.643,-0.821,0.555,0.406,-1.41,-2.624,-0.117,0
-0.222,0.368,-0.847,1.755,-1.286,0.008,0.619,1.379,0
-1.044,0.414,0.147,-0.62,-0.408,-0.346,0.306,0.419,1
0.747,-0.591,-0.154,-0.471,-1.095,0.407,0.003,-0.07,0
-0.418,0.265,0.023,-0.232,-0.199,0.144,0.434,-0.885,0
-0.099,-1.038,0.558,-0.263,-1.13,1.274,-0.582,-0.008,1
-0.784,1.758,-1.407,0.502,0.017,-2.019,1.73,-0.594,1
-0.137,0.5,-0.903,1.345,-0.976,0.205,-1.866,0.258,0
-0.404,-1.741,-1.755,-0.503,-1.085,-0.663,0.32,0.782,0
1.217,-1.495,1.261,-0.487,-0.134,-1.312,1.671,0.568,0
-0.143,0.589,-1.094,-0.729,-1.576,-0.204,-1.03,2.167,1
0.036,-0.714,-1.079,-0.208,-0.425,0.033,0.138,0.125,1
-0.809,0.525,-0.479,1.16,-0.701,-1.12,1.936,-1.794,1
1.177,-1.544,-0.433,-0.956,-0.144,-0.43,-0.148,-0.49,0
-0.83,0.545,1.061,-0.257,0.769,0.549,-0.129,1.28,1
0.8,1.06,2.7,0.915,-2.455,-1.207,0.33,0.065,0
-0.203,-1.741,-1.345,0.467,1.566,0.179,-1.657,-1.031,0
-0.326,-0.144,0.271,-0.172,-1.357,0.111,-0.981,-0.39,0
-1.504,-1.482,-0.034,-1.347,-0.168,2.505,0.027,1.734,0
0.128,-1.375,-0.296,0.639,-0.19,1.161,1.282,-0.651,1
0.322,-2.373,-0.956,-0.409,1.651,-1.258,-1.126,-0.193,0
-1.169,-1.443,0.279,0.136,-1.809,-2.083,0.348,-0.56,0
1.647,1.616,-0.608,1.0,0.579,0.261,0.354,-0.726,1
-0.97,0.114,-0.174,-0.895,0.476,0.983,0.441,-1.165,1
0.994,-0.115,-1.645,0.274,-0.431,-0.454,0.593,0.401,0
-0.565,0.509,-2.366,-0.502,-0.513,1.485,-1.252,3.515,1
-0.306,-0.2,-0.88,1.914,-0.249,-1.634,-0.736,1.517,0
0.225,0.474,0.237,0.24,-0.819,0.456,-0.641,-0.241,1
0.696,0.422,-0.608,-0.919,-0.856,2.615,0.803,-0.656,1
1.735,0.549,0.145,0.336,-0.046,-0.115,0.893,-1.986,1
0.563,-0.13,-0.881,0.773,-1.511,1.442,-0.874,0.191,0
0.461,-1.056,-0.604,0.741,0.213,0.031,-1.432,0.806,0
-2.744,0.97,-0.269,-1.673,0.026,-0.274,-0.348,1.908,1
0.29,0.557,0.66,-1.281,0.042,-0.987,-1.32,-1.426,0
1.004,-0.586,-0.498,-1.087,1.308,1.093,-0.219,-0.42,1
-0.446,0.946,0.249,1.179,-1.196,-0.691,-2.988,-0.338,0
-1.214,-2.834,0.648,0.205,1.343,0.046,-1.152,1.069,0
-0.955,-0.363,0.562,-1.434,-0.855,-0.416,0.214,-1.145,1
2.009,-0.849,-0.391,-0.548,1.262,-0.257,1.326,0.188,0
0.353,-1.219,0.098,-0.646,0.756,1.156,-0.158,1.192,0
0.392,0.09,-0.929,0.302,-2.033,0.827,0.625,-1.851,1
-0.952,-0.364,-1.859,-0.178,-0.252,1.583,0.394,-1.872,1
0.883,0.178,0.644,0.957,1.717,0.267,0.841,0.368,1
-0.465,1.412,-0.144,0.018,-1.031,1.186,-0.012,0.568,1
-0.209,-0.244,-0.039,-1.855,0.221,-0.968,0.167,-1.412,0
1.033,-1.388,-0.284,-0.423,0.716,-1.503,1.036,-0.857,0
0.433,-0.811,0.998,1.309,0.968,0.313,-0.1,1.506,0
-0.538,-0.483,0.958,0.279,-0.07,-0.4,-1.556,-0.617,0
-0.449,-0.888,-1.965,0.85,-1.017,-0.04,-0.039,-1.092,0
-1.923,1.36,-0.944,0.827,-1.68,0.034,0.58,-2.51,1
0.883,0.178,0.644,0.957,1.717,0.267,0.841,0.368,1
-1.601,-0.174,3.409,0.079,0.8,0.45,-0.188,-0.651,1
0.422,0.362,-0.537,-0.547,1.26,0.301,0.283,-0.969,1
0.64,0.281,1.283,1.132,-0.749,1.36,0.745,0.159,1
0.928,-0.048,0.687,-1.555,-0.837,0.657,0.14,-0.931,0
1.017,1.084,0.77,-0.572,0.298,0.297,0.361,0.338,1
0.473,-0.918,-2.557,0.089,1.287,0.938,0.755,-0.484,0
0.545,0.262,-0.344,-0.171,-0.547,0.828,-0.895,-2.028,1
-0.504,-0.104,-1.202,0.378,-0.18,0.785,-0.6,-0.88,0
-1.493,0.071,-0.185,-0.778,-1.002,-0.542,-0.832,-0.347,1
-0.621,-0.301,2.123,0.499,-0.798,-1.278,0.686,-0.002,0
0.814,-0.838,0.146,-0.684,-1.419,0.762,0.153,-1.46,1
1.673,2.502,-0.481,0.944,1.401,1.285,-0.117,-1.302,1
0.855,-0.45,-0.282,0.486,-0.909,0.438,0.199,-0.675,0
0.526,2.632,0.094,1.01,-0.441,0.609,0.568,-0.226,1
1.688,2.008,-1.92,-0.789,-1.712,1.248,-2.052,0.058,1
0.528,0.129,-0.768,-1.073,0.281,-0.508,-1.36,-0.069,0
-1.502,-0.043,2.316,-0.065,0.497,-0.798,0.52,-1.435,1
-1.327,0.698,1.789,0.383,-0.811,-0.253,0.852,0.695,1
-0.139,0.033,-1.425,0.333,-0.651,0.862,-0.126,0.669,1
-0.504,-0.217,-1.634,-0.45,0.641,-0.148,0.311,-0.154,1
0.547,-0.128,-1.044,-0.502,-0.34,1.423,-1.564,-0.813,0
0.231,0.798,-1.5,0.131,0.536,1.048,-0.17,-0.052,0
-1.219,0.58,-1.094,0.47,0.115,-0.594,-0.255,-0.011,1
-0.504,-0.335,0.181,-0.191,-1.006,-0.302,-1.543,-1.035,0
-0.057,0.512,0.442,-0.419,0.23,-1.721,-0.142,-1.661,0
2.403,-1.1,1.993,0.146,-0.679,0.163,0.731,0.173,0
0.57,-2.841,1.119,-0.772,0.054,0.348,-0.473,0.258,0
-1.311,1.745,-1.039,-0.098,0.809,1.074,1.247,-0.64,1
1.652,-0.471,-0.054,1.551,-2.429,1.234,-0.658,0.416,0
0.468,-0.015,-0.097,-0.196,0.321,-0.406,0.625,-0.385,0
-1.148,1.064,1.462,0.231,0.886,1.085,0.995,-1.234,1
-0.606,0.147,-2.301,-1.308,-2.478,0.985,-1.391,-1.559,0
1.219,0.383,-0.876,-1.514,1.753,-0.111,-0.689,0.144,1
-0.353,-0.234,-0.088,0.513,-0.858,1.088,1.368,0.193,1
-0.902,0.198,0.648,-0.842,-0.057,-0.453,-0.902,-0.223,1
0.783,-1.786,-0.341,-0.115,-2.582,-1.009,-0.252,0.598,0
1.044,-0.592,-0.501,0.248,-1.565,-1.671,0.298,0.396,0
-0.249,-0.644,0.52,0.593,0.09,-2.246,1.987,-0.178,0
-0.867,1.181,0.577,0.447,-0.63,-0.472,0.04,0.264,1
-0.733,-1.129,-0.539,-1.893,-0.497,-0.426,0.072,0.039,0
0.024,0.106,0.855,-0.115,-0.84,2.35,0.978,-0.057,1
1.539,0.056,0.146,-0.608,-0.538,0.28,0.908,0.421,1
-0.32,-0.95,0.007,-1.124,-1.093,1.457,-0.053,-0.054,0
-0.541,0.233,-0.548,-1.371,1.062,0.177,0.334,0.026,1
0.461,-1.056,-0.604,0.741,0.213,0.031,-1.432,0.806,0
-0.845,0.034,-0.248,-0.774,0.013,-0.162,-1.109,-0.622,0
-2.045,0.358,0.088,-2.379,-1.022,0.181,-2.715,0.818,0
-0.623,0.823,-0.09,2.214,1.586,-0.751,1.023,-0.745,1
-0.372,-0.43,-2.014,-1.64,-0.528,1.817,0.5,-1.66,1
-1.335,-0.437,2.109,-2.52,-0.043,-0.605,-0.51,1.32,0
0.036,-0.714,-1.079,-0.208,-0.425,0.033,0.138,0.125,1
-1.4,-0.262,0.229,2.205,-1.38,0.179,0.706,-0.594,1
-0.804,1.189,0.767,0.642,0.468,-0.262,1.168,0.826,0
1.256,-2.441,0.328,-0.264,0.037,-0.469,-0.837,1.184,0
-0.589,0.96,1.288,-0.859,-0.733,0.936,0.186,0.082,1
-0.839,-1.391,0.351,0.132,0.159,-0.481,0.943,0.583,1
-1.619,1.361,0.63,-1.509,-0.232,0.133,1.104,1.093,1
0.216,0.092,1.394,-0.054,-1.703,0.612,2.213,-0.653,1
0.878,0.813,-1.941,1.236,0.002,-0.241,0.457,1.581,0
-0.452,1.278,0.783,-1.114,0.296,-1.613,-2.09,-0.428,0
-1.057,-0.019,1.553,1.215,-1.076,-0.121,2.222,0.715,1
0.306,-0.436,1.026,-1.814,-0.24,0.658,-0.278,-1.276,1
-0.87,0.077,0.445,-0.229,-0.863,0.62,-1.76,-1.031,0
1.57,-0.338,0.235,1.128,0.587,0.091,-0.181,-1.068,0
1.44,-1.049,-0.56,1.612,-0.412,1.375,0.72,-0.417,1
0.213,1.553,-0.791,-1.2,-0.33,0.154,1.338,0.067,1
-0.625,-1.093,1.975,0.296,0.327,1.112,0.705,0.241,1
-0.475,-0.933,-0.929,0.96,-1.769,-1.355,-1.889,-1.272,0
-0.13,0.386,-1.119,-0.921,1.388,-1.55,-0.798,1.187,0
-0.962,-0.824,-1.011,-3.437,2.454,-1.816,-0.671,-1.044,0
-0.451,-1.144,1.144,0.676,0.746,0.469,0.894,0.422,1
1.436,0.772,0.464,1.953,0.172,-0.061,-2.067,0.627,0
-0.955,-0.363,0.562,-1.434,-0.855,-0.416,0.214,-1.145,1
-1.768,0.873,0.815,-0.57,-0.077,2.817,-1.311,1.768,1
0.678,-1.213,-0.979,0.978,-0.741,0.177,-1.356,-0.224,0
1.361,1.879,0.512,0.881,-0.606,-0.481,1.169,0.002,1
0.086,-0.058,0.664,-0.199,0.21,-1.12,-0.652,-0.705,0
1.662,0.283,-0.264,0.497,1.441,-1.444,1.666,-0.815,0
-0.285,-0.259,1.151,0.093,1.551,-1.385,0.746,0.724,1
-1.262,0.18,0.226,3.453,-1.557,-0.359,0.287,-0.942,0
0.323,-0.374,-0.243,0.453,-1.082,-0.933,-1.362,0.079,0
1.513,0.741,-0.358,1.621,1.321,0.533,-0.477,0.306,1
-1.291,-2.237,-0.695,-0.935,-1.433,1.326,1.269,-0.415,1
-0.308,0.828,0.693,-1.112,0.196,1.095,-1.128,1.367,0
-0.761,0.147,0.247,-1.287,0.535,-0.235,-0.855,0.578,1
-0.252,1.069,-0.317,0.495,-1.304,-0.971,-0.575,-1.164,0
-2.085,0.754,-1.161,0.436,-0.812,0.373,0.254,-1.075,1
-0.749,0.742,0.242,-0.142,-1.165,-1.193,0.008,-0.224,0
1.073,-0.578,-0.494,-0.317,-0.257,0.31,0.447,0.016,0
1.018,-1.304,-0.065,-0.543,-1.438,1.602,-1.398,-0.876,0
-0.869,0.632,-0.63,0.01,-1.133,-1.471,-0.468,-1.376,0
0.729,1.516,1.563,1.302,-2.144,1.365,1.18,0.285,1
0.815,-0.842,1.468,0.054,-0.156,0.709,-0.684,0.894,0
1.288,0.876,-0.945,-1.362,-0.081,-0.462,0.026,-0.07,0
0.165,-1.986,0.446,0.712,-1.992,-1.274,0.074,-0.339,0
-1.522,0.777,0.952,0.088,0.068,-1.365,0.416,1.097,1
0.615,1.665,-0.114,-1.871,-0.365,-1.039,-0.652,0.731,1
-1.248,0.414,-1.468,-0.261,0.588,1.355,-0.205,-0.574,1
0.566,0.61,0.064,-0.149,-0.476,1.293,-0.743,1.604,0
0.449,-1.942,1.932,0.644,0.144,-0.581,-0.813,0.909,0
-0.022,0.293,0.905,-0.301,0.507,0.154,-0.113,-0.812,1
-0.673,0.61,0.427,-1.257,0.822,0.211,0.126,0.14,1
-1.095,0.998,1.156,-1.492,-1.17,-1.469,0.64,-0.833,1
0.326,-1.277,-1.567,0.841,-0.157,1.433,3.319,-0.768,1
0.55,0.616,-1.556,0.83,-1.019,1.365,1.141,2.619,0
-0.36,-1.146,-2.069,0.276,-1.281,-0.152,-1.769,-0.098,0
0.2,-1.286,-0.394,0.231,0.25,-1.196,-2.347,-1.479,0
-0.258,1.975,0.124,0.409,0.138,-0.229,2.029,-1.128,1
1.092,-1.215,0.073,0.677,-1.107,-0.057,-0.07,0.402,1
-0.393,0.411,1.428,-1.278,0.613,-0.169,-0.529,0.897,1
-0.024,-0.256,-1.566,-1.235,0.982,-0.694,0.879,0.67,1
0.073,-1.759,0.602,0.475,0.106,1.045,-0.414,-0.089,1
1.129,-0.489,-0.163,1.08,0.498,0.322,0.665,-1.938,1
-0.343,0.664,0.364,1.473,-1.033,1.387,-0.739,-0.593,1
-0.176,0.118,0.409,1.527,1.418,-1.104,-0.75,1.689,0
2.052,-0.109,2.002,-0.648,-0.087,-1.302,-0.088,0.547,0
2.164,0.821,0.55,0.402,1.062,-0.941,-0.845,0.408,0
-1.293,1.383,0.694,0.598,-1.977,0.318,-0.79,0.724,0
-0.457,0.576,-0.095,0.197,1.539,0.6,-0.986,2.24,1
0.252,-1.778,-2.341,-1.48,-0.317,1.234,0.656,-0.324,0
-0.868,-0.826,0.084,-0.38,0.128,0.304,0.066,0.186,1
0.982,1.433,-0.67,-0.123,1.751,0.673,0.04,-1.398,1
0.767,0.331,1.053,0.829,-0.131,0.872,1.807,0.306,1
0.614,0.591,1.246,-0.105,-0.852,0.588,-1.269,-0.534,0
-2.113,-0.735,1.957,-0.709,0.581,1.263,0.748,0.707,1
1.062,0.9,0.029,0.14,0.708,1.703,-2.051,1.083,0
0.196,-0.716,-0.059,-0.189,0.61,-0.474,1.134,0.057,1
0.729,0.628,1.619,-0.154,-1.795,-0.253,-1.672,-0.284,0
-0.601,0.139,1.027,1.726,1.341,-1.849,0.928,-0.929,0
1.338,-0.247,1.228,0.571,-1.729,1.045,-0.374,-0.345,1
0.086,-0.058,0.664,-0.199,0.21,-1.12,-0.652,-0.705,0
-0.647,-1.1,1.162,1.083,0.575,0.228,-0.759,0.87,0
-0.229,0.493,0.754,0.543,-1.312,-0.255,-0.081,-0.104,0
1.236,1.198,0.026,-2.254,2.253,-1.294,-0.54,1.557,0
0.676,0.783,1.01,0.746,-0.795,-0.075,0.034,0.766,1
1.483,0.647,-0.11,2.007,-1.146,0.388,0.496,-2.323,1
-0.565,0.509,-2.366,-0.502,-0.513,1.485,-1.252,3.515,1
0.159,-0.084,0.289,-0.731,0.561,-1.484,-0.573,-2.655,0
-0.94,2.545,0.525,1.293,-1.307,-0.938,0.456,-1.799,1
0.043,-1.351,1.239,1.573,0.525,0.722,1.718,0.521,1
0.994,-0.115,-1.645,0.274,-0.431,-0.454,0.593,0.401,0
-2.066,-0.234,0.405,0.682,-0.546,-0.984,-0.25,-0.66,0
0.275,-0.853,-0.174,0.72,-0.79,-0.266,0.394,-0.472,0
0.192,0.512,-0.97,-1.14,1.526,0.182,1.746,0.439,1
1.562,-1.951,0.93,-0.108,1.405,-0.621,0.843,1.815,0
-0.373,-0.789,-0.902,0.173,1.692,-0.378,0.388,-0.114,1
0.763,0.149,-0.202,-2.361,1.194,-0.33,-0.212,1.222,0
0.062,-0.219,0.722,0.027,-0.549,0.385,0.223,-0.736,1
0.356,0.788,0.504,0.661,1.22,0.306,1.024,1.129,1
-1.239,0.093,-0.963,-0.582,2.317,-1.683,-0.231,1.102,0
0.77,0.14,-0.759,1.713,0.012,0.168,-0.504,-0.102,1
-1.463,-0.251,1.653,0.807,-0.684,-0.191,-1.749,0.134,0
0.559,0.16,0.69,0.07,-0.76,-1.765,0.517,-1.437,1
0.783,1.208,-0.374,-0.417,-0.637,0.511,0.418,1.335,0
0.07,0.507,-0.033,1.362,0.844,-0.236,0.481,-1.887,1
-0.498,0.401,1.027,-0.782,0.081,2.114,0.824,-1.531,1
-0.405,-0.542,-1.14,1.409,-0.561,0.549,-2.475,-0.491,0
-0.045,0.035,0.188,-0.687,0.041,-1.434,2.268,-0.332,1
-0.783,0.668,1.785,-0.31,-0.593,-0.158,-0.481,-0.701,0
0.138,0.256,0.372,-0.118,-1.925,-1.115,-0.826,1.697,0
0.141,-0.065,0.044,0.523,0.475,-0.066,0.315,0.68,1
0.203,-1.052,0.713,0.673,-0.152,-1.486,0.05,-0.162,1
0.108,0.027,-0.069,-0.139,-1.138,0.216,1.166,-0.697,1
-1.301,-0.698,-0.094,1.11,-0.624,-0.92,-0.01,1.023,0
-0.405,0.07,0.211,-0.798,0.169,-0.379,0.871,0.294,0
0.277,0.21,0.982,1.607,-1.036,-0.136,0.357,1.643,0
0.77,1.279,-0.831,1.981,0.212,-0.83,-0.741,0.513,0
-1.572,0.375,-0.97,0.114,-0.216,0.916,-0.831,0.482,1
0.242,0.653,-0.666,0.305,-1.48,-0.49,0.758,0.93,1
0.847,0.851,-0.814,0.237,-1.118,0.606,-0.398,0.175,0
0.336,1.1,1.283,-0.175,-0.447,0.347,1.123,0.739,1
