income,loan_amount,credit_score,years_employed,defaulted,total_repaid
38947.0,32402.0,714.0,6,1,10407.0
38222.0,9837.0,634.0,27,1,4159.0
50620.0,20653.0,637.0,27,0,21244.0
80902.0,10655.0,646.0,21,0,10686.0
43064.0,2356.0,483.0,2,1,282.0
31550.0,16042.0,679.0,16,1,9329.0
35614.0,5914.0,760.0,2,1,1289.0
99806.0,32026.0,722.0,10,0,31717.0
42610.0,26347.0,745.0,12,1,16254.0
30533.0,16845.0,674.0,14,0,17421.0
43438.0,37903.0,697.0,17,0,37194.0
55233.0,4031.0,742.0,19,1,483.0
54986.0,31308.0,651.0,26,1,21188.0
103281.0,11261.0,806.0,18,0,11649.0
45408.0,35348.0,636.0,11,1,22579.0
26416.0,12436.0,680.0,4,0,12809.0
89639.0,2347.0,607.0,20,0,2360.0
54984.0,3773.0,583.0,1,1,450.0
55271.0,39737.0,738.0,0,0,40989.0
37361.0,31517.0,681.0,5,1,7513.0
32395.0,31187.0,776.0,25,1,17815.0
92255.0,31334.0,654.0,21,0,30805.0
26713.0,36126.0,658.0,24,1,4081.0
38252.0,5197.0,710.0,28,0,5125.0
30985.0,12232.0,797.0,25,0,11732.0
87332.0,34786.0,678.0,25,1,22401.0
55766.0,35467.0,646.0,25,1,8284.0
36927.0,3387.0,724.0,19,0,3455.0
65204.0,4860.0,642.0,6,0,4626.0
106703.0,37833.0,725.0,11,0,39312.0
33353.0,5037.0,628.0,10,0,4958.0
34289.0,13909.0,731.0,9,0,14150.0
57526.0,19418.0,737.0,2,0,18786.0
54017.0,19019.0,582.0,29,0,19930.0
31121.0,26032.0,687.0,18,0,26289.0
37974.0,12434.0,613.0,3,1,3525.0
48645.0,36260.0,705.0,18,1,15077.0
69262.0,11833.0,543.0,25,0,11848.0
27041.0,7927.0,754.0,28,0,8310.0
64140.0,9262.0,661.0,16,0,9172.0
60061.0,22009.0,672.0,0,1,11904.0
111699.0,37356.0,648.0,9,1,5762.0
18791.0,8017.0,749.0,17,0,8317.0
42763.0,15087.0,659.0,18,1,6517.0
41867.0,28536.0,669.0,28,1,19914.0
90679.0,27541.0,759.0,19,0,26221.0
30568.0,30815.0,698.0,19,0,31040.0
39283.0,37355.0,572.0,26,1,14329.0
54504.0,19480.0,665.0,24,0,20135.0
63098.0,32838.0,648.0,24,0,31612.0
60064.0,9901.0,769.0,8,0,9772.0
29165.0,8367.0,752.0,25,0,8161.0
108895.0,38608.0,670.0,5,0,38369.0
37111.0,10275.0,643.0,20,1,6140.0
58960.0,17827.0,743.0,18,0,18526.0
72951.0,7569.0,644.0,0,0,7312.0
42522.0,31183.0,634.0,22,1,21825.0
61394.0,3991.0,775.0,7,0,4134.0
26485.0,25494.0,746.0,10,1,13677.0
46691.0,14291.0,667.0,15,0,14601.0
39389.0,22159.0,737.0,28,0,22915.0
26041.0,35125.0,609.0,12,1,16260.0
36899.0,32053.0,655.0,17,0,32611.0
31974.0,15074.0,607.0,18,0,15089.0
72520.0,34545.0,638.0,6,1,12664.0
34746.0,7384.0,621.0,14,1,3195.0
25629.0,20041.0,629.0,10,1,12013.0
44746.0,20023.0,743.0,24,0,19936.0
42227.0,7052.0,707.0,0,0,6794.0
143560.0,36588.0,691.0,12,0,38108.0
103369.0,28812.0,607.0,3,0,29605.0
52535.0,24794.0,672.0,5,0,24437.0
35122.0,30017.0,684.0,6,1,6792.0
127883.0,15816.0,688.0,22,0,15227.0
55082.0,33476.0,742.0,28,0,31881.0
23746.0,27200.0,639.0,3,1,10664.0
57782.0,39917.0,621.0,15,1,7081.0
23635.0,17258.0,681.0,12,0,17212.0
82554.0,24087.0,648.0,20,0,23729.0
57981.0,24199.0,761.0,1,0,24643.0
29824.0,23931.0,781.0,20,0,24341.0
37414.0,32840.0,569.0,20,1,9299.0
19044.0,9587.0,661.0,6,1,6506.0
101025.0,9376.0,667.0,27,0,8979.0
50242.0,39761.0,735.0,8,0,38465.0
64358.0,20451.0,671.0,3,0,20444.0
84628.0,9739.0,681.0,19,0,9905.0
40580.0,22347.0,743.0,11,0,22441.0
37799.0,21162.0,603.0,19,0,20844.0
39266.0,24172.0,752.0,5,1,4552.0
55003.0,11390.0,589.0,21,1,2044.0
33600.0,28731.0,686.0,1,1,5274.0
41401.0,20833.0,714.0,10,0,20542.0
54395.0,39211.0,650.0,28,0,38463.0
51279.0,34205.0,651.0,5,1,3923.0
37704.0,18465.0,703.0,15,1,3432.0
30078.0,25019.0,787.0,9,0,25098.0
37731.0,8214.0,637.0,5,0,7814.0
63749.0,12484.0,692.0,6,1,2698.0
85970.0,5107.0,667.0,24,0,5314.0
79435.0,27067.0,568.0,12,1,8874.0
42863.0,36366.0,694.0,7,1,8017.0
64095.0,10028.0,678.0,4,0,9927.0
57359.0,20406.0,696.0,20,1,4299.0
92924.0,21268.0,660.0,3,1,11252.0
34594.0,2349.0,710.0,18,0,2347.0
81525.0,28517.0,672.0,2,1,13184.0
57780.0,26814.0,674.0,19,0,26524.0
45856.0,33991.0,662.0,10,1,16710.0
143359.0,26307.0,549.0,12,1,16219.0
108781.0,13692.0,753.0,7,1,4299.0
24971.0,10810.0,751.0,15,0,11235.0
51844.0,33543.0,616.0,3,1,19129.0
67698.0,27537.0,788.0,16,0,26562.0
79773.0,12795.0,713.0,25,1,8199.0
29024.0,7508.0,674.0,8,1,4734.0
59496.0,20196.0,694.0,2,1,5003.0
54168.0,26168.0,677.0,14,0,24865.0
35022.0,10929.0,664.0,13,0,11013.0
69347.0,10118.0,702.0,13,0,10247.0
38999.0,30095.0,673.0,23,1,11568.0
48120.0,32793.0,676.0,9,1,9483.0
32027.0,21628.0,607.0,24,1,8575.0
59921.0,34096.0,665.0,21,0,32569.0
60869.0,36492.0,807.0,24,0,37865.0
42656.0,19275.0,530.0,28,1,11918.0
33738.0,2317.0,756.0,21,0,2308.0
49059.0,38763.0,580.0,28,1,11763.0
54745.0,6489.0,624.0,5,1,1714.0
52847.0,26925.0,622.0,14,0,27873.0
43899.0,3812.0,654.0,3,1,2006.0
76182.0,8647.0,668.0,8,0,8622.0
42149.0,6342.0,832.0,6,0,6619.0
50392.0,3505.0,692.0,8,0,3678.0
96916.0,35151.0,830.0,12,1,4312.0
33832.0,18075.0,731.0,4,1,4190.0
49746.0,33613.0,716.0,17,0,33760.0
55570.0,32109.0,673.0,4,1,16826.0
35168.0,7934.0,610.0,4,1,3727.0
26768.0,38226.0,648.0,22,1,9510.0
31980.0,10280.0,664.0,26,0,9937.0
19210.0,11109.0,610.0,2,1,4293.0
48887.0,11719.0,705.0,8,0,11863.0
47271.0,2937.0,669.0,28,0,3027.0
66460.0,33640.0,660.0,25,1,8886.0
111576.0,27522.0,663.0,19,0,26427.0
52762.0,34898.0,680.0,29,1,12671.0
53401.0,7942.0,653.0,3,0,8120.0
60647.0,24400.0,618.0,24,0,24195.0
39403.0,29720.0,661.0,18,0,28650.0
25097.0,7755.0,667.0,19,1,4998.0
35000.0,37524.0,641.0,26,1,18597.0
52287.0,5218.0,786.0,13,0,5007.0
48373.0,23790.0,711.0,8,1,4840.0
49577.0,37388.0,786.0,14,0,37113.0
37278.0,32143.0,694.0,17,0,32146.0
49846.0,21995.0,758.0,4,1,11825.0
42228.0,10535.0,545.0,25,1,3948.0
45519.0,22036.0,749.0,0,0,22703.0
27752.0,30882.0,672.0,0,1,4901.0
33437.0,33758.0,699.0,4,1,5152.0
48859.0,24154.0,635.0,20,1,9420.0
94398.0,32530.0,675.0,12,1,19543.0
50651.0,20276.0,626.0,12,1,5031.0
63191.0,20157.0,645.0,2,1,8034.0
111127.0,28442.0,715.0,4,1,16436.0
54976.0,31037.0,621.0,12,1,18653.0
42653.0,4994.0,687.0,13,0,5130.0
20683.0,21535.0,693.0,22,1,12921.0
41991.0,34159.0,669.0,21,1,9115.0
82830.0,33421.0,671.0,3,0,31757.0
31474.0,37682.0,734.0,4,1,8269.0
41697.0,24674.0,580.0,1,1,6068.0
44996.0,38240.0,715.0,16,0,36830.0
53639.0,20315.0,714.0,16,0,20571.0
30782.0,18780.0,690.0,0,1,11541.0
68989.0,5895.0,524.0,8,1,3268.0
62733.0,13308.0,738.0,5,0,13443.0
31191.0,15010.0,801.0,16,1,5061.0
14033.0,33013.0,682.0,22,1,11618.0
63343.0,12734.0,573.0,19,1,5094.0
51738.0,17684.0,655.0,11,1,10766.0
49295.0,7231.0,744.0,17,0,7518.0
21905.0,37462.0,610.0,5,1,2739.0
33818.0,33523.0,726.0,26,1,19201.0
42910.0,31829.0,742.0,6,0,30793.0
53624.0,29666.0,652.0,14,1,2495.0
46181.0,18509.0,749.0,19,0,18558.0
73355.0,33870.0,786.0,26,0,33040.0
29443.0,38344.0,751.0,11,0,40041.0
28322.0,19601.0,707.0,10,1,13710.0
47030.0,23414.0,758.0,29,0,22749.0
81843.0,25310.0,662.0,15,0,24582.0
27220.0,18979.0,722.0,4,1,2624.0
25719.0,10575.0,555.0,7,1,7095.0
101605.0,33241.0,755.0,5,0,32300.0
35121.0,5625.0,789.0,11,0,5579.0
50668.0,24463.0,575.0,28,1,9511.0
88308.0,15352.0,700.0,10,1,856.0
31062.0,22838.0,630.0,19,0,23932.0
50581.0,5545.0,770.0,13,0,5459.0
60106.0,10701.0,679.0,15,0,10773.0
45106.0,10606.0,851.0,21,0,11096.0
41910.0,35713.0,610.0,12,1,11355.0
35982.0,25180.0,682.0,3,1,3016.0
40408.0,26100.0,756.0,14,0,25045.0
76288.0,13385.0,691.0,5,0,13189.0
18326.0,23434.0,724.0,7,1,5168.0
57594.0,18957.0,652.0,26,0,18492.0
47870.0,24854.0,614.0,27,1,11809.0
49453.0,22108.0,660.0,24,0,22205.0
49329.0,18943.0,678.0,16,0,19091.0
47604.0,36955.0,733.0,9,0,38651.0
63216.0,27100.0,686.0,5,1,9101.0
20320.0,28631.0,646.0,24,1,13451.0
67436.0,12311.0,707.0,0,1,2854.0
65412.0,8826.0,717.0,13,0,8915.0
49865.0,13885.0,672.0,28,0,14064.0
46744.0,30085.0,626.0,20,1,15235.0
72511.0,35955.0,744.0,28,0,34371.0
117874.0,35168.0,620.0,5,1,7202.0
98252.0,8312.0,708.0,17,0,8615.0
87435.0,30478.0,727.0,13,0,31647.0
22170.0,19602.0,746.0,16,1,13156.0
103341.0,13698.0,614.0,20,0,13614.0
51218.0,29705.0,716.0,27,1,14769.0
37425.0,30913.0,736.0,5,1,10528.0
56063.0,36118.0,724.0,0,1,18348.0
82655.0,4665.0,683.0,1,0,4815.0
23443.0,33271.0,651.0,0,1,21752.0
68424.0,21408.0,586.0,23,0,20637.0
39330.0,21697.0,670.0,29,1,13333.0
51441.0,15542.0,707.0,21,0,15433.0
43185.0,19901.0,644.0,10,0,20113.0
67690.0,6174.0,642.0,0,1,3685.0
50931.0,19313.0,658.0,22,1,4684.0
36244.0,22819.0,678.0,16,1,3607.0
33758.0,32132.0,707.0,17,0,32530.0
39007.0,14322.0,637.0,25,1,4183.0
62920.0,5680.0,715.0,22,0,5613.0
35609.0,35306.0,641.0,18,1,17289.0
69386.0,23218.0,815.0,20,0,23303.0
83529.0,37411.0,715.0,25,0,37923.0
55053.0,35345.0,654.0,21,1,16995.0
20816.0,8143.0,644.0,16,1,1620.0
58659.0,9918.0,689.0,27,1,3057.0
62063.0,34138.0,632.0,16,1,11583.0
73258.0,24848.0,631.0,16,0,25442.0
55757.0,11995.0,781.0,18,0,11616.0
90643.0,29897.0,584.0,28,0,28739.0
93843.0,6603.0,730.0,22,0,6630.0
51646.0,37252.0,660.0,8,0,38157.0
70316.0,23766.0,736.0,23,1,2613.0
112980.0,16375.0,634.0,29,0,15863.0
66395.0,26177.0,637.0,4,1,10315.0
60579.0,30589.0,668.0,21,0,30814.0
118001.0,3058.0,772.0,12,0,3040.0
21216.0,8202.0,754.0,22,0,8226.0
92258.0,13766.0,634.0,9,1,4652.0
43975.0,38818.0,667.0,5,0,38652.0
19901.0,36636.0,597.0,28,1,4776.0
74338.0,31002.0,597.0,11,1,19124.0
92356.0,21259.0,732.0,14,0,21529.0
48827.0,2049.0,617.0,0,1,672.0
63240.0,17715.0,487.0,12,1,5902.0
79888.0,19234.0,793.0,17,1,10820.0
41683.0,3850.0,754.0,9,0,3951.0
57385.0,11129.0,741.0,8,0,10776.0
68778.0,27694.0,552.0,17,1,9749.0
37407.0,14268.0,706.0,6,0,14218.0
48111.0,27895.0,541.0,22,1,16038.0
34039.0,8126.0,680.0,11,0,7940.0
32595.0,26365.0,718.0,29,0,27574.0
47275.0,8248.0,605.0,23,0,7882.0
58742.0,28208.0,717.0,18,1,18447.0
54280.0,33308.0,733.0,11,0,32847.0
64781.0,28840.0,730.0,20,1,1726.0
67712.0,18210.0,692.0,0,0,18685.0
66900.0,38180.0,713.0,29,0,39110.0
39035.0,18142.0,677.0,11,1,6779.0
42935.0,21494.0,790.0,0,1,8731.0
28357.0,6942.0,784.0,3,0,6912.0
96184.0,3763.0,638.0,9,0,3589.0
71758.0,30338.0,711.0,11,0,31754.0
43389.0,10346.0,628.0,15,0,9977.0
47938.0,36742.0,661.0,28,0,38256.0
70412.0,9672.0,579.0,26,0,9907.0
33990.0,27980.0,707.0,0,1,4934.0
40743.0,4797.0,646.0,20,0,4631.0
34286.0,13028.0,774.0,25,0,12535.0
48437.0,19631.0,685.0,26,1,5793.0
84545.0,22004.0,707.0,18,0,21090.0
39630.0,11881.0,659.0,15,1,1459.0
82493.0,14146.0,506.0,27,0,14242.0
56954.0,26528.0,843.0,26,0,27333.0
43895.0,36014.0,720.0,10,0,37076.0
69816.0,29491.0,630.0,23,1,8912.0
30430.0,20895.0,732.0,14,1,3125.0
52336.0,12027.0,747.0,10,0,12373.0
51746.0,32012.0,641.0,20,0,30855.0
124612.0,2845.0,628.0,1,0,2723.0
41420.0,25521.0,669.0,13,0,25899.0
54956.0,21443.0,742.0,0,0,20913.0
29549.0,26368.0,720.0,5,1,12842.0
32615.0,7954.0,649.0,21,0,7606.0
65288.0,35329.0,698.0,9,0,35222.0
100874.0,4574.0,744.0,14,0,4707.0
83554.0,26172.0,714.0,6,0,26064.0
26414.0,4344.0,703.0,7,0,4284.0
32035.0,3302.0,723.0,21,0,3215.0
28579.0,26774.0,580.0,19,1,17665.0
47285.0,18786.0,578.0,22,0,18629.0
77825.0,26284.0,627.0,19,0,24973.0
71243.0,18258.0,620.0,3,1,11975.0
50974.0,8475.0,700.0,12,0,8745.0
49548.0,32138.0,712.0,10,0,32987.0
18302.0,37753.0,655.0,19,1,9851.0
10913.0,39384.0,751.0,22,1,9462.0
41679.0,35802.0,793.0,28,0,34993.0
22545.0,23356.0,682.0,25,1,4237.0
45271.0,39362.0,696.0,10,1,15218.0
29635.0,17491.0,615.0,0,0,18304.0
62784.0,38126.0,638.0,6,0,39970.0
35920.0,23739.0,658.0,25,0,22797.0
31042.0,6830.0,677.0,18,1,1322.0
43665.0,21119.0,691.0,13,1,9276.0
72366.0,27326.0,729.0,1,0,26419.0
38679.0,25359.0,717.0,29,0,26343.0
81503.0,27400.0,835.0,9,0,28003.0
27378.0,6889.0,557.0,18,1,4285.0
27123.0,27483.0,765.0,3,1,17974.0
39779.0,17479.0,717.0,4,1,3576.0
45043.0,2984.0,730.0,2,0,2869.0
58813.0,28454.0,642.0,8,1,14723.0
43839.0,24352.0,738.0,28,0,23680.0
44487.0,27752.0,705.0,27,1,10244.0
24818.0,23093.0,735.0,3,0,22166.0
77142.0,38352.0,679.0,10,1,2953.0
38120.0,26600.0,741.0,4,1,11284.0
51170.0,15236.0,581.0,8,1,10594.0
48965.0,23093.0,816.0,26,0,23329.0
105870.0,16131.0,679.0,2,0,16129.0
22690.0,2507.0,716.0,16,0,2533.0
45912.0,5729.0,650.0,4,1,2811.0
84926.0,36135.0,678.0,19,0,36447.0
17806.0,7263.0,687.0,26,0,7355.0
37606.0,18118.0,794.0,18,0,17272.0
44994.0,33314.0,750.0,26,0,33683.0
49696.0,26170.0,726.0,25,0,25115.0
28033.0,34920.0,584.0,27,1,17117.0
65181.0,23867.0,699.0,11,1,4799.0
28117.0,39410.0,692.0,21,1,25044.0
80516.0,6234.0,688.0,13,0,6328.0
44446.0,18558.0,677.0,2,0,18571.0
27979.0,10828.0,671.0,14,1,2923.0
83365.0,34108.0,685.0,11,0,33984.0
51945.0,27296.0,711.0,17,1,12388.0
59044.0,3520.0,695.0,8,0,3638.0
67970.0,7509.0,676.0,6,0,7774.0
40620.0,2727.0,681.0,11,0,2614.0
38363.0,12764.0,660.0,6,0,13208.0
56276.0,23588.0,734.0,10,1,1283.0
86000.0,36930.0,613.0,22,1,24872.0
57205.0,6761.0,765.0,20,0,6580.0
37629.0,35471.0,688.0,4,1,12109.0
99110.0,4354.0,699.0,24,0,4560.0
34725.0,16732.0,763.0,27,0,16884.0
40684.0,13954.0,625.0,9,0,14231.0
41705.0,36831.0,573.0,1,1,24849.0
45600.0,26860.0,793.0,5,0,27935.0
57711.0,32322.0,756.0,0,1,9110.0
60682.0,33272.0,709.0,12,1,1870.0
34296.0,9795.0,680.0,25,0,10024.0
35087.0,33558.0,568.0,3,1,17611.0
70316.0,10977.0,738.0,27,0,10699.0
69368.0,5250.0,672.0,22,0,5074.0
33579.0,28254.0,692.0,9,1,9317.0
77704.0,28202.0,719.0,20,0,27199.0
46361.0,28278.0,756.0,17,0,29353.0
57817.0,4150.0,629.0,3,1,1045.0
56014.0,37156.0,765.0,28,0,36922.0
56631.0,31736.0,628.0,14,0,31774.0
41586.0,23341.0,723.0,23,0,24357.0
51505.0,38592.0,698.0,14,1,5409.0
39747.0,28622.0,646.0,5,0,27234.0
51878.0,19363.0,642.0,9,0,18679.0
42974.0,7793.0,638.0,19,1,4882.0
40072.0,7133.0,611.0,16,1,1305.0
44882.0,26431.0,719.0,19,1,4575.0
58846.0,28258.0,699.0,16,1,14762.0
52833.0,15847.0,722.0,25,0,15259.0
46578.0,27481.0,696.0,23,0,28224.0
42249.0,14358.0,587.0,20,0,14548.0
58900.0,34911.0,735.0,28,0,33341.0
98006.0,10137.0,586.0,28,0,10240.0
53294.0,29585.0,813.0,22,0,29209.0
60036.0,37047.0,707.0,0,0,36960.0
35389.0,22954.0,734.0,21,0,22476.0
41114.0,28781.0,737.0,2,0,29355.0
44560.0,16465.0,689.0,10,1,8406.0
100030.0,22265.0,694.0,12,0,21955.0
68836.0,26459.0,624.0,1,0,26478.0
67533.0,7842.0,695.0,6,1,2098.0
48433.0,23240.0,705.0,14,1,15201.0
53159.0,38663.0,727.0,28,0,40259.0
65687.0,20915.0,661.0,21,0,19938.0
51755.0,8917.0,703.0,19,1,2084.0
30957.0,7198.0,651.0,11,1,2708.0
48361.0,30787.0,785.0,9,0,31446.0
48583.0,6289.0,680.0,29,0,6358.0
26047.0,3916.0,759.0,24,0,3796.0
21671.0,35817.0,640.0,7,1,15325.0
45968.0,24553.0,773.0,21,0,24486.0
44565.0,32910.0,746.0,7,0,32671.0
47250.0,22272.0,704.0,13,1,3205.0
53306.0,3191.0,723.0,0,0,3187.0
59557.0,10066.0,739.0,4,0,10257.0
77101.0,32147.0,653.0,3,1,14822.0
30817.0,2669.0,611.0,16,0,2686.0
58504.0,34605.0,701.0,7,0,36252.0
86790.0,34288.0,668.0,15,0,35509.0
82188.0,26740.0,720.0,7,1,3661.0
31769.0,5551.0,708.0,24,0,5633.0
56240.0,16808.0,631.0,16,0,15973.0
55770.0,17285.0,701.0,3,0,16936.0
40250.0,15302.0,645.0,14,1,1361.0
30069.0,2716.0,730.0,9,0,2819.0
43349.0,24084.0,777.0,6,1,3740.0
79842.0,22539.0,590.0,8,0,21922.0
42723.0,10127.0,753.0,4,0,10258.0
46228.0,4325.0,757.0,16,0,4115.0
43312.0,4521.0,728.0,24,0,4454.0
77307.0,16152.0,669.0,20,1,5805.0
50635.0,14783.0,670.0,11,1,7124.0
22990.0,12353.0,582.0,22,1,1092.0
18412.0,24610.0,762.0,15,1,16220.0
47359.0,6526.0,707.0,8,0,6354.0
39322.0,3951.0,620.0,28,0,3954.0
38784.0,32663.0,675.0,17,1,19939.0
89611.0,6563.0,722.0,0,1,1208.0
80302.0,6098.0,630.0,23,0,6066.0
54249.0,31865.0,747.0,10,0,33343.0
71280.0,29069.0,631.0,1,0,28991.0
88540.0,23402.0,697.0,17,0,23030.0
51217.0,4820.0,742.0,3,0,4701.0
40906.0,20745.0,547.0,5,1,11120.0
25642.0,24237.0,714.0,2,1,10514.0
66160.0,31777.0,703.0,5,0,33100.0
90778.0,12983.0,663.0,26,0,13521.0
32307.0,27740.0,729.0,29,0,28033.0
40097.0,20818.0,635.0,10,0,21615.0
35890.0,15329.0,606.0,24,0,14702.0
63225.0,23641.0,689.0,20,0,23153.0
43273.0,24610.0,643.0,12,1,8839.0
83681.0,7174.0,614.0,11,0,7332.0
29331.0,33409.0,742.0,15,0,33837.0
146433.0,30938.0,693.0,23,0,30904.0
88362.0,13223.0,659.0,18,0,13614.0
42697.0,15630.0,858.0,25,0,16205.0
34701.0,2709.0,739.0,10,0,2575.0
31339.0,13982.0,625.0,20,0,14162.0
55818.0,13575.0,667.0,15,0,13976.0
50015.0,13608.0,689.0,3,0,13863.0
42817.0,22775.0,587.0,9,1,1616.0
41758.0,7772.0,682.0,17,1,916.0
47476.0,37898.0,565.0,15,1,8585.0
44919.0,9444.0,617.0,2,0,9610.0
38787.0,29406.0,778.0,23,0,29658.0
79327.0,16428.0,712.0,3,0,16668.0
84117.0,8083.0,635.0,4,1,589.0
45777.0,21438.0,700.0,8,0,21830.0
61209.0,20330.0,668.0,14,1,8956.0
39152.0,30693.0,731.0,22,0,31100.0
64276.0,5973.0,768.0,10,0,6065.0
23192.0,4011.0,674.0,17,0,4195.0
54198.0,17114.0,644.0,17,1,7423.0
58453.0,7807.0,655.0,26,0,7794.0
49656.0,12396.0,589.0,10,1,8236.0
39924.0,23746.0,610.0,23,1,5495.0
53621.0,15205.0,654.0,15,1,6320.0
49572.0,15960.0,671.0,5,0,15876.0
94469.0,10434.0,616.0,3,1,3065.0
29607.0,23369.0,690.0,10,1,2163.0
23697.0,27862.0,780.0,23,1,6368.0
55172.0,23778.0,826.0,23,0,24688.0
52685.0,16758.0,622.0,24,1,5847.0
44923.0,24161.0,521.0,10,1,3397.0
42564.0,14283.0,768.0,14,0,14351.0
78143.0,14661.0,676.0,16,0,14862.0
101929.0,39857.0,695.0,19,0,38807.0
41159.0,11366.0,618.0,9,1,5409.0
89507.0,10674.0,733.0,17,0,10851.0
63372.0,38810.0,637.0,28,0,39482.0
70454.0,7023.0,780.0,2,0,6876.0
49594.0,33739.0,642.0,29,0,33988.0
49838.0,28791.0,667.0,21,0,30068.0
88856.0,8843.0,670.0,7,1,2124.0
36902.0,10369.0,646.0,14,1,1211.0
53211.0,33023.0,689.0,8,0,32655.0
66698.0,28771.0,680.0,16,0,29194.0
39396.0,7520.0,683.0,7,0,7711.0
35759.0,23423.0,684.0,7,1,1581.0
38976.0,20785.0,658.0,12,1,11432.0
77865.0,12921.0,688.0,23,0,12590.0
52868.0,20126.0,618.0,11,0,20092.0
42895.0,16875.0,686.0,2,0,16426.0
36141.0,18991.0,749.0,29,1,3368.0
63883.0,31377.0,765.0,7,1,10282.0
48970.0,30887.0,668.0,9,0,30278.0
48668.0,27155.0,763.0,2,1,2796.0
33684.0,13455.0,680.0,29,0,14058.0
43026.0,15593.0,753.0,1,0,15306.0
35700.0,20697.0,577.0,23,1,3614.0
67558.0,11336.0,603.0,26,0,11512.0
49259.0,35024.0,681.0,20,1,6252.0
26617.0,21766.0,713.0,3,1,5844.0
60617.0,9961.0,657.0,7,0,10012.0
43013.0,24153.0,761.0,4,1,5428.0
124171.0,30704.0,602.0,19,0,30764.0
46453.0,9325.0,751.0,7,0,9598.0
58146.0,12584.0,691.0,15,0,12463.0
43362.0,30578.0,637.0,4,1,6657.0
42286.0,10698.0,755.0,5,1,3512.0
48975.0,11370.0,616.0,22,0,11902.0
51670.0,6423.0,698.0,3,0,6708.0
60899.0,33757.0,761.0,14,1,9807.0
109519.0,4506.0,587.0,8,0,4427.0
65455.0,4545.0,648.0,15,1,1566.0
76052.0,16948.0,676.0,12,1,943.0
23802.0,7459.0,609.0,0,1,4664.0
104321.0,38850.0,691.0,28,0,37817.0
19994.0,32240.0,659.0,14,0,32623.0
61712.0,12538.0,759.0,4,0,12438.0
73965.0,14111.0,705.0,19,0,14021.0
51885.0,29418.0,684.0,4,0,28592.0
32736.0,5975.0,705.0,24,0,5871.0
141745.0,36948.0,711.0,9,0,36295.0
74252.0,25015.0,637.0,13,1,4086.0
52923.0,14160.0,544.0,6,1,1637.0
109276.0,26605.0,727.0,2,0,27351.0
145338.0,25195.0,670.0,7,0,25905.0
35979.0,22261.0,725.0,9,1,12215.0
57819.0,15231.0,628.0,26,0,14806.0
21561.0,9515.0,705.0,8,1,5766.0
32800.0,23843.0,693.0,6,1,7242.0
51792.0,9882.0,639.0,6,1,4708.0
94458.0,11307.0,589.0,24,1,7578.0
67633.0,30714.0,638.0,15,0,29254.0
174175.0,21036.0,660.0,20,0,21193.0
65358.0,21070.0,659.0,4,0,20595.0
20741.0,13917.0,720.0,0,1,1595.0
37472.0,34639.0,740.0,18,0,35506.0
93220.0,11637.0,656.0,26,0,11877.0
71913.0,13196.0,650.0,20,0,13433.0
45565.0,21167.0,673.0,7,0,21083.0
79856.0,10858.0,670.0,20,0,10953.0
68501.0,39347.0,620.0,4,1,7533.0
67945.0,7001.0,664.0,29,0,7315.0
21468.0,31010.0,655.0,1,1,15105.0
53419.0,32296.0,735.0,25,0,32364.0
25041.0,21119.0,724.0,16,1,8756.0
28862.0,34434.0,604.0,24,1,9708.0
77588.0,20786.0,712.0,19,1,5992.0
49895.0,36875.0,683.0,15,0,38568.0
57710.0,4006.0,706.0,13,0,4131.0
75628.0,15204.0,652.0,7,0,14582.0
35813.0,26740.0,735.0,9,1,2929.0
33303.0,28162.0,682.0,18,1,13340.0
46733.0,28657.0,558.0,19,1,4439.0
49334.0,36189.0,648.0,25,1,16559.0
39804.0,11741.0,624.0,21,0,11954.0
45991.0,2619.0,605.0,10,1,228.0
102231.0,39253.0,681.0,24,1,2850.0
42028.0,19632.0,618.0,18,1,9275.0
47191.0,28718.0,654.0,27,0,28669.0
32800.0,2953.0,751.0,12,0,2873.0
35698.0,39717.0,673.0,5,0,40311.0
60729.0,21913.0,686.0,27,0,22909.0
49034.0,28911.0,666.0,25,1,16687.0
59037.0,25004.0,708.0,18,1,12834.0
40747.0,6255.0,692.0,24,1,735.0
90018.0,32227.0,689.0,0,0,32795.0
99758.0,4661.0,714.0,0,0,4588.0
47407.0,20212.0,698.0,26,0,19922.0
87062.0,12777.0,691.0,13,0,12162.0
105395.0,22891.0,731.0,9,0,23750.0
46729.0,14780.0,713.0,24,0,14282.0
35521.0,7307.0,756.0,1,0,7614.0
74351.0,18738.0,627.0,7,1,6972.0
77687.0,9279.0,607.0,28,1,5339.0
24431.0,28142.0,700.0,12,0,28829.0
20944.0,21349.0,643.0,8,1,14518.0
36700.0,17215.0,691.0,13,0,16988.0
99970.0,15340.0,638.0,9,0,14902.0
58561.0,24213.0,586.0,17,1,11940.0
60287.0,3767.0,685.0,1,0,3761.0
26753.0,19804.0,707.0,28,0,20037.0
39808.0,12206.0,630.0,20,1,999.0
25642.0,18761.0,687.0,21,0,18793.0
33762.0,10928.0,656.0,11,0,10565.0
66695.0,4296.0,720.0,29,0,4351.0
50363.0,36248.0,795.0,16,1,2243.0
48912.0,21468.0,755.0,9,0,21185.0
42226.0,12511.0,676.0,14,0,12934.0
42372.0,38317.0,659.0,24,1,18410.0
51742.0,35095.0,704.0,24,0,34417.0
34499.0,4627.0,727.0,26,0,4839.0
61193.0,8415.0,631.0,21,0,8158.0
41654.0,34490.0,658.0,20,1,3072.0
90602.0,9877.0,711.0,29,0,9667.0
19408.0,16051.0,684.0,28,1,9057.0
48554.0,29286.0,679.0,17,0,29798.0
36858.0,18232.0,697.0,18,0,17836.0
52929.0,38174.0,642.0,13,0,37616.0
40908.0,4010.0,682.0,1,1,259.0
33543.0,26128.0,577.0,19,1,6027.0
53816.0,20522.0,677.0,3,1,2369.0
71966.0,28961.0,685.0,0,0,29209.0
60589.0,34299.0,862.0,22,0,35881.0
80529.0,21763.0,668.0,22,1,3784.0
52041.0,30744.0,680.0,8,1,2608.0
69976.0,30380.0,663.0,0,0,29472.0
36184.0,35978.0,679.0,10,1,22626.0
36842.0,26090.0,645.0,5,1,17269.0
60132.0,24830.0,614.0,23,1,17381.0
27842.0,28956.0,701.0,29,0,29748.0
31239.0,7285.0,784.0,19,0,7155.0
55134.0,25687.0,554.0,12,1,17741.0
33257.0,35021.0,796.0,27,1,4572.0
87213.0,13373.0,629.0,7,0,13295.0
73824.0,16088.0,726.0,28,0,15760.0
29613.0,34401.0,695.0,9,1,19623.0
61492.0,26270.0,667.0,1,0,27072.0
38416.0,25370.0,666.0,16,0,24711.0
45558.0,6026.0,734.0,17,0,6311.0
43920.0,22116.0,740.0,4,0,21140.0
40016.0,9747.0,621.0,17,1,4601.0
43934.0,22552.0,718.0,28,1,15194.0
34175.0,36775.0,643.0,0,1,21494.0
20048.0,30784.0,720.0,12,0,31729.0
52578.0,9367.0,698.0,20,0,9528.0
50041.0,13185.0,693.0,3,0,13485.0
36576.0,20083.0,641.0,5,1,8668.0
57470.0,26696.0,631.0,3,0,28012.0
37795.0,2072.0,698.0,9,0,2080.0
78430.0,27396.0,680.0,20,1,4511.0
38869.0,23610.0,632.0,25,1,13458.0
69168.0,12302.0,685.0,4,1,4050.0
75292.0,26337.0,698.0,11,0,25151.0
98186.0,27039.0,684.0,28,1,2703.0
30990.0,18264.0,695.0,16,0,18220.0
50330.0,3003.0,791.0,1,0,2967.0
99487.0,9265.0,667.0,15,1,3500.0
24247.0,39714.0,648.0,22,1,6951.0
35812.0,4521.0,758.0,28,0,4371.0
33690.0,30907.0,677.0,22,1,20364.0
42917.0,10393.0,731.0,8,1,5379.0
68341.0,10123.0,751.0,5,0,9620.0
41276.0,8448.0,708.0,8,0,8111.0
65970.0,28794.0,668.0,18,0,29613.0
59658.0,5421.0,652.0,13,0,5369.0
27182.0,32770.0,791.0,14,1,19648.0
53698.0,27203.0,725.0,23,0,27245.0
45396.0,3015.0,631.0,9,0,2975.0
64372.0,12432.0,742.0,6,1,6094.0
64958.0,5079.0,647.0,1,0,4828.0
39685.0,20429.0,735.0,5,1,12011.0
34124.0,30104.0,697.0,27,0,29577.0
62638.0,32107.0,597.0,25,1,13635.0
101300.0,6299.0,781.0,6,0,6503.0
46424.0,10833.0,609.0,11,1,2475.0
53118.0,27092.0,611.0,20,1,15389.0
29501.0,10755.0,681.0,1,1,4785.0
147535.0,11311.0,718.0,10,0,11357.0
56301.0,24181.0,773.0,14,0,23396.0
32492.0,15938.0,688.0,7,0,15750.0
52930.0,23299.0,645.0,10,1,16240.0
87050.0,7889.0,703.0,24,0,7624.0
70576.0,38485.0,685.0,15,1,8075.0
55890.0,8576.0,583.0,12,0,8467.0
43078.0,3137.0,772.0,11,0,3213.0
25076.0,2669.0,729.0,14,0,2709.0
33563.0,21881.0,713.0,11,1,10774.0
53089.0,6223.0,708.0,5,0,6087.0
61369.0,38729.0,761.0,7,0,38506.0
51185.0,23238.0,702.0,25,1,13115.0
54857.0,2966.0,734.0,22,1,374.0
62922.0,27294.0,801.0,7,0,27408.0
30282.0,10065.0,693.0,26,1,5369.0
31498.0,36871.0,710.0,4,1,14388.0
35235.0,5209.0,691.0,19,0,4963.0
73201.0,35388.0,672.0,17,1,3244.0
54518.0,37511.0,798.0,1,0,38583.0
56015.0,33613.0,758.0,17,0,33372.0
37008.0,15554.0,669.0,4,0,15289.0
40018.0,21361.0,565.0,1,1,7149.0
48488.0,10374.0,730.0,25,0,10382.0
34874.0,27988.0,552.0,2,1,3876.0
32722.0,26360.0,652.0,15,1,7378.0
49646.0,20940.0,684.0,20,0,20798.0
39440.0,8563.0,663.0,7,1,1772.0
44862.0,35763.0,781.0,20,0,35088.0
82491.0,21018.0,619.0,11,0,21847.0
70491.0,24286.0,632.0,23,1,16141.0
36989.0,25520.0,722.0,16,1,8887.0
48741.0,20705.0,678.0,6,1,9739.0
48889.0,31581.0,701.0,2,1,6774.0
39552.0,25051.0,681.0,16,1,3226.0
58811.0,31149.0,836.0,26,0,30256.0
45571.0,13112.0,665.0,22,0,12463.0
37515.0,11477.0,843.0,13,0,11149.0
62078.0,14882.0,561.0,24,0,14984.0
35751.0,22880.0,649.0,18,1,4108.0
34366.0,32203.0,643.0,13,1,7464.0
72231.0,34669.0,752.0,15,0,33224.0
51317.0,12709.0,668.0,27,0,12346.0
40481.0,37337.0,738.0,28,0,35937.0
68321.0,17694.0,638.0,23,0,17374.0
37138.0,19949.0,732.0,7,1,7824.0
50221.0,29819.0,686.0,23,0,31280.0
48859.0,28424.0,616.0,8,1,17584.0
50776.0,5377.0,744.0,17,0,5510.0
39138.0,32417.0,605.0,21,1,20994.0
58515.0,4309.0,568.0,26,0,4251.0
126001.0,22810.0,650.0,20,0,23544.0
79558.0,12703.0,626.0,9,0,12164.0
67564.0,37022.0,840.0,9,0,36551.0
49517.0,17267.0,639.0,24,1,1717.0
31258.0,30641.0,648.0,4,1,17908.0
122725.0,35042.0,685.0,21,0,35262.0
37704.0,34187.0,610.0,1,1,6107.0
76242.0,23439.0,645.0,25,0,24594.0
79847.0,38919.0,732.0,25,0,38468.0
69387.0,11676.0,809.0,6,0,11586.0
41090.0,14458.0,626.0,5,1,7711.0
15117.0,18861.0,699.0,3,1,5928.0
28324.0,24229.0,636.0,23,1,5637.0
33565.0,24440.0,650.0,21,1,11701.0
35536.0,5185.0,703.0,13,0,5172.0
89672.0,21211.0,700.0,25,0,20877.0
82949.0,39380.0,693.0,13,1,17961.0
65429.0,9567.0,614.0,11,1,4757.0
103614.0,19915.0,662.0,29,0,20476.0
64304.0,14958.0,872.0,29,0,15502.0
49131.0,13716.0,684.0,3,1,7509.0
43825.0,39862.0,605.0,23,0,39417.0
45500.0,22861.0,652.0,17,1,11226.0
42264.0,2653.0,707.0,0,0,2730.0
71846.0,5707.0,651.0,22,0,5805.0
82860.0,3587.0,673.0,25,0,3445.0
38702.0,12928.0,644.0,27,0,13412.0
63107.0,6465.0,738.0,10,1,324.0
37313.0,30463.0,690.0,29,0,31656.0
81188.0,32434.0,674.0,3,1,9671.0
28253.0,34307.0,634.0,6,1,9860.0
54074.0,6396.0,686.0,4,1,3088.0
46274.0,8747.0,752.0,13,1,4438.0
24415.0,21448.0,753.0,5,0,21977.0
20838.0,12516.0,626.0,17,1,7476.0
25842.0,7204.0,656.0,29,0,7343.0
39449.0,3616.0,639.0,25,0,3596.0
49402.0,39817.0,562.0,4,1,2587.0
79633.0,12356.0,614.0,19,0,12420.0
65720.0,10982.0,725.0,27,0,10742.0
34960.0,32910.0,711.0,6,1,3915.0
65734.0,2810.0,679.0,22,0,2804.0
117268.0,8300.0,701.0,19,0,7958.0
49691.0,14273.0,708.0,20,0,14179.0
45914.0,10460.0,734.0,21,0,10074.0
37888.0,13024.0,781.0,18,0,12871.0
40462.0,22026.0,627.0,21,1,4270.0
76701.0,23445.0,672.0,5,0,22662.0
29889.0,33165.0,631.0,2,1,10131.0
64406.0,6833.0,653.0,21,1,1578.0
65713.0,28871.0,628.0,17,0,29128.0
40354.0,33863.0,701.0,25,0,34651.0
147950.0,36255.0,711.0,11,0,36138.0
42318.0,39864.0,608.0,11,0,38124.0
27962.0,22015.0,688.0,4,1,11037.0
63682.0,19448.0,679.0,15,1,9714.0
27014.0,30170.0,629.0,6,1,17170.0
55948.0,33737.0,709.0,22,1,12314.0
42000.0,39644.0,710.0,8,1,3629.0
48955.0,11902.0,673.0,11,0,12475.0
70215.0,32161.0,626.0,9,0,31212.0
52228.0,20050.0,731.0,3,1,4507.0
58337.0,10673.0,763.0,21,1,4473.0
39278.0,38753.0,748.0,11,1,15411.0
48226.0,7422.0,582.0,22,1,1344.0
32660.0,31242.0,675.0,5,1,5389.0
38399.0,19604.0,642.0,13,1,5715.0
49794.0,25733.0,664.0,2,1,14063.0
81605.0,29648.0,715.0,12,0,31071.0
66727.0,26142.0,672.0,17,1,7429.0
61538.0,12133.0,636.0,26,0,12387.0
57717.0,15827.0,671.0,28,1,6660.0
31491.0,23714.0,644.0,13,1,8918.0
65212.0,36506.0,609.0,16,1,21816.0
71048.0,33057.0,743.0,7,0,34111.0
114469.0,23297.0,559.0,26,1,12946.0
52658.0,29259.0,641.0,29,1,7473.0
24006.0,17223.0,783.0,8,0,16878.0
55971.0,26561.0,704.0,26,0,26916.0
84048.0,9754.0,656.0,6,0,9431.0
31467.0,22409.0,733.0,28,0,22215.0
48216.0,17276.0,618.0,9,1,7436.0
61355.0,7470.0,636.0,12,1,3669.0
43724.0,29833.0,726.0,18,0,31019.0
71555.0,19477.0,606.0,19,1,8240.0
54147.0,15153.0,601.0,28,1,7042.0
72814.0,27307.0,653.0,20,1,9133.0
22091.0,39964.0,666.0,5,1,15383.0
58381.0,16531.0,603.0,4,0,16051.0
50081.0,34384.0,651.0,6,0,35339.0
58064.0,34584.0,695.0,2,1,5407.0
36817.0,6837.0,585.0,18,1,2763.0
68434.0,35411.0,711.0,23,0,35240.0
33949.0,36406.0,657.0,9,0,36894.0
80489.0,37438.0,699.0,22,1,12261.0
36619.0,34252.0,615.0,16,1,6671.0
71784.0,24152.0,657.0,2,1,11497.0
40599.0,15025.0,669.0,8,0,14729.0
51694.0,19861.0,732.0,20,0,20546.0
45178.0,24698.0,723.0,27,0,24726.0
49169.0,38727.0,643.0,8,1,15336.0
59157.0,37051.0,672.0,16,1,11801.0
24061.0,22529.0,662.0,20,1,7611.0
102486.0,5365.0,710.0,29,0,5441.0
60058.0,9755.0,714.0,18,1,5436.0
52182.0,37923.0,650.0,20,0,38794.0
45638.0,18979.0,743.0,28,0,18825.0
27951.0,29055.0,659.0,15,0,27637.0
28979.0,8040.0,731.0,16,1,1465.0
42673.0,20124.0,657.0,22,1,11686.0
37379.0,15266.0,700.0,4,1,5110.0
59975.0,15295.0,647.0,10,1,3280.0
71429.0,12295.0,770.0,17,0,11984.0
68317.0,29314.0,754.0,4,1,4986.0
49824.0,30516.0,687.0,10,1,6329.0
36138.0,13447.0,656.0,28,1,7957.0
54209.0,24279.0,695.0,17,0,24889.0
72626.0,10933.0,762.0,12,0,11144.0
37949.0,37076.0,702.0,22,1,7340.0
90639.0,3405.0,754.0,18,0,3456.0
59816.0,12194.0,662.0,12,1,4215.0
43816.0,29368.0,673.0,6,1,17710.0
52115.0,2811.0,691.0,24,0,2928.0
48054.0,26219.0,645.0,28,0,24973.0
67778.0,34150.0,563.0,15,0,32935.0
24794.0,38134.0,592.0,18,1,12350.0
75930.0,30210.0,664.0,6,1,20320.0
32821.0,39553.0,645.0,16,1,8460.0
108383.0,32687.0,780.0,10,0,31484.0
46060.0,8696.0,545.0,0,1,697.0
24052.0,32878.0,648.0,26,1,10208.0
111040.0,3765.0,745.0,17,0,3652.0
29156.0,16083.0,715.0,16,1,6080.0
26597.0,3669.0,668.0,7,0,3796.0
39580.0,30100.0,630.0,4,0,28705.0
67167.0,39385.0,675.0,8,1,18499.0
55808.0,9026.0,688.0,15,0,8884.0
71411.0,22754.0,649.0,18,0,21855.0
53868.0,11017.0,634.0,17,0,11117.0
83563.0,35435.0,678.0,17,1,3316.0
73750.0,2257.0,635.0,26,0,2319.0
79824.0,5111.0,605.0,27,1,2712.0
90354.0,19375.0,792.0,27,0,19765.0
32240.0,18783.0,734.0,18,1,4317.0
67691.0,14648.0,678.0,16,0,14602.0
57737.0,12160.0,698.0,17,0,12711.0
49836.0,10247.0,812.0,3,1,2165.0
38927.0,29913.0,854.0,29,0,30308.0
52680.0,26901.0,719.0,16,0,27019.0
58304.0,5946.0,688.0,20,0,5674.0
17725.0,12139.0,681.0,16,1,5985.0
53936.0,26895.0,805.0,0,0,25643.0
50841.0,32788.0,706.0,11,1,11455.0
47713.0,24728.0,707.0,12,0,25571.0
47588.0,10754.0,643.0,4,1,4768.0
35401.0,36900.0,692.0,16,1,9901.0
36604.0,22704.0,612.0,7,1,10023.0
35694.0,28585.0,675.0,25,1,11354.0
22991.0,22195.0,561.0,13,1,13320.0
37075.0,34105.0,617.0,0,0,35160.0
58989.0,30418.0,700.0,10,1,10106.0
69806.0,25350.0,553.0,20,0,25816.0
38103.0,26394.0,652.0,12,1,5342.0
31424.0,20911.0,664.0,12,1,2978.0
24713.0,22107.0,594.0,13,0,23109.0
68226.0,12712.0,729.0,24,0,13018.0
60732.0,6866.0,663.0,16,0,6683.0
58095.0,21363.0,786.0,28,0,21135.0
27955.0,33236.0,801.0,21,1,19117.0
59983.0,32380.0,788.0,13,0,33360.0
50029.0,37663.0,625.0,26,0,38185.0
51896.0,4444.0,689.0,14,1,1215.0
54540.0,37592.0,756.0,23,0,38776.0
71710.0,4433.0,762.0,2,0,4399.0
22788.0,13865.0,694.0,18,1,3264.0
38386.0,36054.0,709.0,12,1,2372.0
81374.0,27648.0,654.0,25,1,9027.0
28882.0,17931.0,811.0,26,0,18675.0
62566.0,19390.0,658.0,21,0,18728.0
28655.0,7881.0,792.0,29,0,7981.0
28998.0,23685.0,693.0,0,0,22694.0
35880.0,24921.0,768.0,8,0,25613.0
51293.0,35623.0,616.0,19,1,14787.0
114544.0,35212.0,716.0,19,0,36598.0
56584.0,7686.0,603.0,13,0,7839.0
41513.0,18145.0,709.0,23,1,1199.0
32227.0,20680.0,711.0,17,1,7135.0
43287.0,34723.0,679.0,25,1,2334.0
37134.0,2970.0,711.0,12,0,2973.0
38969.0,15098.0,645.0,23,0,15497.0
62242.0,18004.0,650.0,2,0,18485.0
37385.0,21857.0,699.0,0,0,21559.0
52985.0,24064.0,673.0,24,0,24358.0
37418.0,20558.0,668.0,23,0,19773.0
88358.0,36875.0,687.0,9,1,25211.0
78128.0,27309.0,807.0,4,0,26447.0
50600.0,7047.0,555.0,17,1,2736.0
25378.0,20491.0,669.0,21,1,6721.0
26129.0,27301.0,688.0,26,1,14906.0
35297.0,20805.0,623.0,14,0,20442.0
38176.0,27488.0,703.0,6,1,15000.0
114759.0,33855.0,687.0,11,0,33135.0
62293.0,37610.0,721.0,16,0,35985.0
48824.0,38242.0,670.0,9,1,25431.0
63465.0,24994.0,705.0,23,0,24511.0
84429.0,36465.0,563.0,1,1,22485.0
40598.0,3613.0,599.0,11,1,1647.0
35545.0,37068.0,784.0,25,0,36912.0
72550.0,32083.0,603.0,20,1,21621.0
56273.0,2786.0,755.0,27,0,2650.0
20471.0,2707.0,664.0,1,0,2651.0
46149.0,21615.0,750.0,27,0,20948.0
31738.0,36045.0,823.0,8,1,3435.0
93667.0,28877.0,638.0,25,1,16815.0
45819.0,39132.0,727.0,2,1,15164.0
26635.0,35491.0,704.0,0,1,4563.0
79526.0,32327.0,712.0,18,0,31771.0
47527.0,8705.0,669.0,11,0,9104.0
42116.0,26936.0,693.0,5,0,27339.0
51876.0,35985.0,552.0,7,1,21723.0
35952.0,36331.0,651.0,10,1,21076.0
30275.0,26949.0,632.0,5,1,8748.0
31709.0,33162.0,703.0,5,1,8770.0
48536.0,20610.0,635.0,4,0,21234.0
68195.0,6212.0,697.0,28,0,5966.0
38668.0,28966.0,652.0,13,1,11914.0
36274.0,23287.0,578.0,9,1,2611.0
125781.0,9049.0,602.0,23,0,9376.0
61328.0,39520.0,658.0,27,1,22547.0
35842.0,18800.0,726.0,10,1,7809.0
34553.0,26891.0,740.0,14,0,26714.0
62137.0,23368.0,664.0,3,1,8460.0
71688.0,38773.0,680.0,27,0,40407.0
31210.0,15979.0,601.0,29,0,16533.0
54816.0,22575.0,749.0,5,0,21570.0
29414.0,5862.0,674.0,16,0,5914.0
45907.0,5980.0,615.0,5,0,6014.0
45463.0,14340.0,692.0,14,0,13788.0
67092.0,10995.0,762.0,4,1,6998.0
76837.0,19137.0,643.0,15,0,19748.0
42569.0,35437.0,692.0,3,1,9008.0
23929.0,29356.0,657.0,27,0,28798.0
64365.0,6960.0,612.0,9,0,6654.0
22819.0,15251.0,659.0,25,0,14760.0
53314.0,5481.0,732.0,23,0,5349.0
94122.0,37192.0,658.0,13,0,38556.0
41680.0,12104.0,623.0,13,1,2576.0
53046.0,10634.0,672.0,28,1,6609.0
34520.0,4297.0,647.0,11,1,2517.0
26969.0,26433.0,587.0,19,1,1391.0
68494.0,35156.0,682.0,12,0,33957.0
36290.0,38961.0,722.0,12,0,40463.0
91809.0,38476.0,674.0,23,0,38444.0
38183.0,23009.0,870.0,3,0,24029.0
36859.0,30801.0,679.0,29,1,15140.0
46900.0,22004.0,775.0,8,0,20984.0
52751.0,6768.0,759.0,16,0,6764.0
41620.0,27835.0,739.0,5,1,6256.0
118846.0,26694.0,791.0,22,0,25667.0
30285.0,8542.0,670.0,17,1,4555.0
55056.0,36909.0,702.0,19,0,37110.0
35805.0,35884.0,684.0,9,1,8861.0
72067.0,9413.0,555.0,13,1,1604.0
54068.0,35712.0,635.0,13,0,35795.0
36557.0,32643.0,808.0,6,1,5439.0
39964.0,15026.0,672.0,25,1,2539.0
42720.0,25501.0,701.0,16,1,2499.0
45547.0,27861.0,590.0,21,0,29160.0
25408.0,16597.0,591.0,6,1,3809.0
88734.0,26145.0,729.0,18,0,26138.0
104469.0,12785.0,765.0,1,0,12895.0
115887.0,21873.0,637.0,26,0,21266.0
121852.0,12424.0,609.0,14,1,4993.0
35803.0,31768.0,624.0,22,1,16112.0
26726.0,35760.0,752.0,15,1,21223.0
46949.0,15369.0,649.0,15,1,3273.0
48825.0,23984.0,675.0,24,0,23782.0
79041.0,20241.0,701.0,20,0,19931.0
21235.0,26018.0,673.0,6,1,13741.0
42353.0,5465.0,691.0,29,0,5285.0
32129.0,5465.0,692.0,5,0,5628.0
27076.0,27697.0,561.0,13,1,2510.0
41793.0,7677.0,622.0,11,1,4569.0
32703.0,13935.0,693.0,17,0,14588.0
44977.0,27424.0,660.0,1,1,10479.0
97118.0,17215.0,645.0,14,0,17657.0
49798.0,39804.0,691.0,25,0,38451.0
54730.0,12499.0,725.0,25,0,12226.0
60166.0,13646.0,770.0,10,1,2390.0
31863.0,10336.0,758.0,14,0,10401.0
59550.0,15695.0,593.0,4,0,15488.0
53418.0,4440.0,693.0,3,0,4489.0
44965.0,37348.0,640.0,4,1,12905.0
92837.0,36977.0,667.0,11,1,14759.0
28452.0,19112.0,681.0,27,1,10218.0
55351.0,22739.0,501.0,25,0,21935.0
37508.0,29122.0,731.0,13,1,19253.0
57815.0,36479.0,695.0,15,1,19056.0
29783.0,31521.0,695.0,16,1,17981.0
54954.0,9546.0,654.0,24,0,9435.0
49098.0,34533.0,728.0,12,0,35103.0
33353.0,32260.0,642.0,19,1,10256.0
38743.0,38848.0,695.0,12,1,26074.0
79769.0,10178.0,586.0,14,0,10682.0
43660.0,17330.0,620.0,6,1,12053.0
57049.0,23050.0,769.0,2,1,12324.0
58854.0,14339.0,721.0,2,0,13746.0
76481.0,26908.0,602.0,29,0,27187.0
44864.0,36856.0,749.0,11,0,37936.0
45311.0,14865.0,613.0,26,0,15356.0
39707.0,24830.0,710.0,5,1,1606.0
58997.0,31556.0,739.0,7,0,30008.0
64473.0,39115.0,756.0,10,0,40286.0
52699.0,16966.0,654.0,15,0,16129.0
45631.0,11708.0,761.0,17,0,12033.0
46534.0,14629.0,707.0,10,1,1762.0
36739.0,38246.0,715.0,22,1,15027.0
52205.0,30578.0,693.0,10,0,30432.0
40701.0,23816.0,672.0,3,0,24835.0
64123.0,16473.0,824.0,9,0,16253.0
50976.0,4247.0,695.0,9,1,689.0
57661.0,22189.0,532.0,29,1,2197.0
49281.0,32524.0,612.0,0,0,33092.0
27305.0,18157.0,693.0,26,1,11965.0
21234.0,30370.0,659.0,16,1,4976.0
25668.0,38580.0,623.0,29,1,25732.0
46902.0,25241.0,823.0,1,0,25614.0
65419.0,26699.0,664.0,17,0,26626.0
50885.0,28735.0,725.0,3,0,29563.0
40218.0,12325.0,667.0,27,0,12771.0
28863.0,29319.0,675.0,20,1,7042.0
67611.0,39047.0,739.0,7,0,38434.0
101958.0,29544.0,697.0,29,0,29808.0
35085.0,20663.0,727.0,2,1,13505.0
106735.0,6654.0,743.0,26,0,6898.0
33285.0,39817.0,710.0,18,0,37997.0
36617.0,12446.0,715.0,15,0,12942.0
22621.0,37135.0,701.0,8,1,10108.0
38444.0,2666.0,682.0,10,0,2778.0
45720.0,9468.0,637.0,6,1,5556.0
43487.0,6855.0,655.0,8,0,7064.0
42649.0,20306.0,667.0,15,1,1421.0
105984.0,11186.0,599.0,19,0,11224.0
47256.0,30443.0,624.0,25,0,29944.0
34829.0,25903.0,751.0,15,1,10548.0
52631.0,29943.0,798.0,9,1,3350.0
53953.0,9553.0,609.0,3,1,5327.0
115914.0,25174.0,679.0,14,0,25726.0
23799.0,9730.0,717.0,28,0,9491.0
40702.0,30521.0,739.0,3,0,30042.0
78634.0,27730.0,765.0,18,0,26450.0
61944.0,22818.0,643.0,16,1,12248.0
58060.0,31794.0,699.0,29,0,32589.0
27925.0,9662.0,736.0,17,1,6152.0
57574.0,4416.0,727.0,9,0,4453.0
38794.0,21017.0,719.0,5,1,7199.0
41126.0,3231.0,669.0,15,0,3076.0
40188.0,14435.0,664.0,21,0,13930.0
69677.0,5739.0,654.0,16,0,5971.0
61446.0,2718.0,642.0,18,1,165.0
42148.0,23637.0,707.0,17,1,15238.0
70778.0,34592.0,796.0,19,0,34626.0
52502.0,32011.0,728.0,8,0,31268.0
30840.0,38359.0,738.0,27,0,39744.0
26161.0,31361.0,668.0,22,1,13439.0
60243.0,37138.0,661.0,18,0,37362.0
51011.0,16245.0,672.0,24,0,16512.0
85505.0,19286.0,663.0,11,1,8709.0
39615.0,13182.0,639.0,19,0,13195.0
59048.0,28477.0,742.0,27,0,27091.0
37711.0,7086.0,732.0,15,1,2687.0
57150.0,3206.0,654.0,7,0,3269.0
62703.0,39114.0,701.0,13,1,4827.0
35145.0,10111.0,783.0,6,0,10592.0
40144.0,37040.0,677.0,22,1,1857.0
50202.0,24890.0,716.0,12,0,25159.0
38527.0,4489.0,693.0,15,1,2980.0
139588.0,18141.0,655.0,9,1,10034.0
20013.0,13641.0,655.0,12,1,8988.0
60344.0,35722.0,720.0,15,0,36160.0
52317.0,34465.0,735.0,27,0,32942.0
21743.0,29177.0,740.0,14,1,4288.0
55619.0,17037.0,721.0,2,0,16330.0
38009.0,35162.0,719.0,22,1,9169.0
32350.0,29371.0,654.0,4,1,17368.0
58133.0,6985.0,709.0,11,0,7265.0
55278.0,2892.0,729.0,14,0,2780.0
63250.0,29032.0,578.0,14,1,19796.0
63061.0,19570.0,751.0,19,1,11139.0
34322.0,29338.0,710.0,10,0,29299.0
41741.0,30789.0,626.0,29,0,30097.0
44956.0,5770.0,750.0,20,0,5583.0
68215.0,13154.0,752.0,17,0,12959.0
66424.0,19256.0,708.0,21,0,19260.0
55844.0,37995.0,773.0,8,0,39060.0
88815.0,35517.0,640.0,28,0,35485.0
65589.0,3825.0,650.0,24,1,2488.0
66604.0,24909.0,650.0,2,1,5863.0
38020.0,25586.0,603.0,10,0,26417.0
51838.0,27733.0,634.0,18,0,26423.0
42507.0,7100.0,632.0,15,0,6927.0
23113.0,36989.0,703.0,13,1,19908.0
61414.0,36007.0,602.0,1,0,36957.0
69893.0,32212.0,769.0,27,0,30866.0
66136.0,34282.0,744.0,5,1,10908.0
91193.0,25146.0,656.0,18,0,26124.0
71212.0,30935.0,734.0,5,0,30108.0
43956.0,29146.0,680.0,0,0,27844.0
54497.0,11647.0,743.0,29,1,4699.0
37288.0,39907.0,662.0,19,1,12490.0
36769.0,18611.0,657.0,10,1,6749.0
39845.0,39037.0,725.0,2,1,13833.0
32031.0,22784.0,734.0,0,1,9930.0
44011.0,32813.0,741.0,23,0,33378.0
93296.0,25697.0,705.0,0,0,26160.0
99740.0,22800.0,710.0,6,1,7509.0
48069.0,10913.0,621.0,15,0,10721.0
33868.0,3410.0,707.0,11,0,3460.0
33815.0,39239.0,664.0,26,1,25312.0
60402.0,4225.0,709.0,25,0,4197.0
90297.0,7800.0,792.0,24,0,7574.0
42204.0,8388.0,739.0,25,1,5127.0
30568.0,7223.0,739.0,2,0,7406.0
47361.0,21634.0,725.0,26,0,21452.0
52502.0,28164.0,723.0,8,0,28175.0
49506.0,32221.0,653.0,17,1,10183.0
33913.0,18568.0,716.0,5,0,17919.0
39806.0,25190.0,753.0,10,1,6718.0
43203.0,37301.0,754.0,24,1,12727.0
24261.0,12305.0,683.0,23,1,3398.0
60672.0,39386.0,633.0,18,1,10183.0
37439.0,8200.0,601.0,0,1,5331.0
71755.0,9384.0,761.0,9,0,9553.0
80731.0,24523.0,700.0,26,0,23578.0
32206.0,28765.0,656.0,10,1,5383.0
70362.0,10715.0,696.0,23,0,10428.0
117172.0,28095.0,737.0,26,0,27002.0
26996.0,12495.0,664.0,19,1,2369.0
24566.0,5721.0,602.0,23,0,5864.0
41497.0,16905.0,764.0,24,0,16127.0
36145.0,12795.0,642.0,8,1,6285.0
23580.0,23263.0,728.0,4,1,3267.0
52144.0,23435.0,688.0,12,1,5339.0
56618.0,5909.0,574.0,1,1,3604.0
49515.0,19233.0,650.0,18,0,19846.0
49489.0,35843.0,711.0,27,0,34802.0
49987.0,17371.0,752.0,2,0,17244.0
50100.0,24360.0,658.0,20,0,23280.0
34150.0,38151.0,695.0,12,1,14469.0
35353.0,16465.0,749.0,15,1,7894.0
72039.0,9398.0,697.0,13,0,9507.0
51695.0,28758.0,635.0,16,1,6083.0
36839.0,10448.0,647.0,12,1,5979.0
103670.0,10600.0,743.0,19,0,10645.0
77463.0,25782.0,589.0,27,1,5589.0
39775.0,33362.0,718.0,21,0,31878.0
50891.0,16796.0,593.0,28,1,9377.0
59692.0,35522.0,762.0,0,0,35066.0
39771.0,6409.0,686.0,11,0,6667.0
71109.0,9276.0,628.0,9,1,2532.0
42368.0,13997.0,765.0,9,0,13969.0
25428.0,2479.0,649.0,7,1,353.0
42698.0,5699.0,735.0,20,0,5563.0
32465.0,20343.0,740.0,4,0,19566.0
41139.0,12849.0,712.0,21,0,13182.0
42747.0,12211.0,744.0,12,0,11828.0
40351.0,32880.0,737.0,27,0,32057.0
72092.0,36773.0,646.0,28,0,35536.0
44995.0,23958.0,746.0,1,1,10267.0
35775.0,39570.0,761.0,19,0,37978.0
34400.0,6360.0,592.0,12,1,2519.0
43967.0,34977.0,652.0,19,0,36378.0
93194.0,21324.0,753.0,21,0,20662.0
55692.0,8874.0,676.0,5,0,9053.0
55748.0,9663.0,729.0,12,0,9833.0
50893.0,32718.0,623.0,22,0,31578.0
46222.0,9083.0,691.0,18,1,2911.0
40321.0,25072.0,606.0,2,1,2881.0
54640.0,14766.0,751.0,18,0,14201.0
39205.0,36413.0,710.0,4,1,18879.0
49526.0,6428.0,687.0,9,0,6493.0
56128.0,15118.0,669.0,8,1,8002.0
53568.0,8758.0,624.0,5,0,8673.0
36205.0,34360.0,647.0,7,1,8714.0
55971.0,5812.0,708.0,29,0,5772.0
50074.0,33090.0,723.0,7,1,5638.0
28353.0,22315.0,631.0,25,0,21247.0
107205.0,21933.0,629.0,4,1,10029.0
56616.0,39760.0,658.0,22,0,41724.0
24719.0,24543.0,709.0,8,1,8796.0
30849.0,31456.0,728.0,8,1,8332.0
53622.0,20288.0,603.0,6,1,2452.0
29793.0,17234.0,787.0,1,0,16998.0
35301.0,37276.0,665.0,1,1,19395.0
25178.0,17160.0,623.0,8,1,10508.0
59645.0,10544.0,651.0,1,0,10782.0
38491.0,34109.0,827.0,22,0,34396.0
164865.0,23976.0,638.0,9,0,23267.0
53840.0,28333.0,682.0,14,1,11314.0
48578.0,2853.0,667.0,5,0,2762.0
53738.0,28420.0,715.0,4,0,27222.0
42259.0,2117.0,704.0,28,0,2206.0
52371.0,19187.0,777.0,4,0,18266.0
72351.0,33541.0,660.0,15,0,31876.0
23139.0,24578.0,635.0,9,1,5508.0
30586.0,26969.0,640.0,10,1,10862.0
48222.0,32092.0,694.0,12,0,30827.0
92983.0,3442.0,639.0,1,1,2010.0
40813.0,4328.0,673.0,9,0,4251.0
51849.0,13288.0,700.0,23,0,12683.0
108079.0,23774.0,753.0,6,1,8563.0
39236.0,12656.0,690.0,4,1,6540.0
30983.0,3280.0,654.0,11,1,1389.0
40285.0,31646.0,696.0,23,1,11320.0
69809.0,16623.0,733.0,6,0,16735.0
77611.0,7627.0,630.0,5,0,7380.0
78285.0,33049.0,661.0,9,1,19330.0
63796.0,15106.0,673.0,10,0,14986.0
44080.0,25137.0,575.0,22,1,5485.0
105882.0,23255.0,688.0,21,1,4429.0
47157.0,2919.0,616.0,6,0,2859.0
47101.0,5387.0,653.0,9,0,5123.0
59726.0,34949.0,616.0,24,0,34580.0
90328.0,12420.0,646.0,12,1,7022.0
65450.0,19159.0,636.0,24,0,19523.0
66026.0,3274.0,680.0,18,0,3337.0
57775.0,29241.0,684.0,7,0,27933.0
37404.0,6736.0,663.0,10,0,6903.0
49333.0,31987.0,620.0,6,1,15887.0
62747.0,20799.0,716.0,2,0,21233.0
29194.0,18889.0,646.0,7,0,18779.0
121815.0,37987.0,756.0,7,0,37551.0
31154.0,39040.0,630.0,10,1,22384.0
27077.0,10112.0,671.0,4,1,4844.0
29373.0,19198.0,658.0,25,1,3972.0
44148.0,28930.0,691.0,6,1,10461.0
47837.0,32230.0,719.0,14,1,7253.0
41126.0,3952.0,685.0,20,0,3789.0
100538.0,31826.0,593.0,23,1,14725.0
40277.0,2117.0,619.0,12,1,1121.0
80256.0,26088.0,667.0,20,0,25536.0
66877.0,7996.0,604.0,27,0,8353.0
51076.0,2416.0,711.0,9,0,2319.0
30713.0,21691.0,656.0,22,0,21396.0
18012.0,2964.0,711.0,18,1,436.0
46125.0,33165.0,667.0,25,1,15204.0
61823.0,8096.0,673.0,20,0,7950.0
64269.0,21513.0,564.0,28,1,5395.0
55063.0,29136.0,743.0,9,0,29706.0
37387.0,26995.0,700.0,26,0,26682.0
36985.0,20291.0,577.0,17,1,9140.0
22093.0,5546.0,749.0,26,0,5713.0
74427.0,28485.0,651.0,7,0,29342.0
63533.0,4637.0,757.0,24,0,4636.0
69437.0,10261.0,610.0,20,0,9897.0
30666.0,7611.0,588.0,6,0,7366.0
54570.0,28642.0,802.0,14,0,29609.0
56966.0,27684.0,652.0,11,1,12766.0
45887.0,11466.0,739.0,1,0,11602.0
83058.0,22224.0,705.0,25,0,21143.0
66831.0,30880.0,724.0,18,1,8954.0
41617.0,24605.0,598.0,14,1,7055.0
50465.0,16818.0,682.0,9,1,11758.0
23479.0,37234.0,734.0,25,1,18597.0
54281.0,6125.0,582.0,22,1,2375.0
48367.0,13052.0,691.0,2,0,12410.0
35096.0,28792.0,669.0,11,0,29406.0
41898.0,21057.0,637.0,0,1,9213.0
41590.0,34037.0,780.0,2,0,32662.0
77885.0,3045.0,647.0,23,0,3083.0
64004.0,2485.0,754.0,23,0,2593.0
63637.0,32628.0,652.0,16,1,7179.0
49239.0,24015.0,644.0,28,1,8350.0
50523.0,5810.0,603.0,27,1,335.0
34729.0,33499.0,661.0,19,0,32601.0
48852.0,22145.0,547.0,29,1,7893.0
42761.0,38368.0,686.0,27,1,25420.0
20368.0,13328.0,710.0,3,1,8460.0
51876.0,15561.0,665.0,3,1,10820.0
53686.0,21455.0,656.0,20,1,13069.0
78595.0,3982.0,747.0,5,0,4151.0
29613.0,33805.0,712.0,9,0,32379.0
39764.0,22177.0,730.0,10,1,14954.0
40020.0,28385.0,654.0,29,0,29250.0
47883.0,7684.0,711.0,8,0,7318.0
24663.0,36897.0,631.0,11,1,12046.0
32030.0,25390.0,767.0,12,0,24322.0
37060.0,18431.0,670.0,3,0,19235.0
37333.0,10527.0,653.0,10,0,11039.0
43804.0,7186.0,700.0,1,0,7489.0
50753.0,32381.0,692.0,9,1,7751.0
42397.0,16530.0,640.0,27,0,15717.0
49454.0,28477.0,661.0,23,1,9162.0
46532.0,21000.0,745.0,21,0,21354.0
54818.0,23515.0,657.0,26,1,15685.0
82313.0,21518.0,792.0,14,0,21913.0
56495.0,10813.0,705.0,12,0,10504.0
60845.0,35785.0,656.0,2,1,8033.0
84032.0,6684.0,557.0,2,1,490.0
74667.0,28818.0,647.0,14,0,27987.0
43240.0,7020.0,607.0,10,1,3256.0
39038.0,27544.0,610.0,9,1,14659.0
40405.0,30194.0,681.0,15,1,7365.0
39254.0,24229.0,798.0,27,0,23661.0
39131.0,3742.0,693.0,24,0,3612.0
93168.0,32878.0,705.0,7,1,19031.0
55513.0,35632.0,675.0,27,1,3099.0
40903.0,2880.0,644.0,11,0,2828.0
36478.0,30899.0,750.0,5,0,31327.0
39133.0,29106.0,613.0,25,0,29117.0
17425.0,17499.0,711.0,7,1,1787.0
50169.0,25979.0,660.0,3,0,26933.0
59324.0,6176.0,673.0,18,0,6315.0
26285.0,32319.0,684.0,10,1,12351.0
33086.0,19602.0,766.0,16,1,1929.0
81820.0,37085.0,795.0,4,0,37176.0
58034.0,27326.0,602.0,15,1,6300.0
45181.0,10500.0,651.0,9,1,5953.0
37002.0,7929.0,689.0,5,0,8020.0
96928.0,2031.0,667.0,21,0,2058.0
72548.0,33536.0,703.0,29,0,32833.0
113646.0,12373.0,696.0,29,0,12422.0
55240.0,32601.0,631.0,27,0,31106.0
25994.0,33222.0,586.0,23,0,32337.0
86155.0,24833.0,640.0,18,1,5934.0
31988.0,34810.0,701.0,27,1,11878.0
71829.0,12886.0,698.0,4,1,1815.0
47224.0,17408.0,698.0,13,1,2242.0
33131.0,16678.0,613.0,13,1,11618.0
40182.0,26787.0,707.0,22,0,26259.0
46635.0,27137.0,708.0,17,1,15247.0
41816.0,38417.0,707.0,19,1,3656.0
37870.0,2689.0,684.0,18,0,2719.0
43120.0,19785.0,665.0,7,1,5342.0
66111.0,13886.0,714.0,19,0,14122.0
42755.0,17404.0,779.0,19,0,18099.0
73895.0,3551.0,729.0,4,0,3432.0
53496.0,31941.0,615.0,16,1,14094.0
28174.0,15208.0,655.0,7,1,9096.0
51738.0,2063.0,632.0,22,0,2077.0
52124.0,11888.0,807.0,12,0,11886.0
124089.0,24608.0,724.0,7,0,25407.0
49326.0,31708.0,659.0,10,1,7095.0
39194.0,16418.0,662.0,29,0,16566.0
68218.0,39608.0,745.0,6,0,37832.0
52202.0,36825.0,723.0,10,0,36222.0
46844.0,6675.0,695.0,7,1,674.0
34494.0,6354.0,733.0,11,1,4442.0
107689.0,30783.0,614.0,19,0,29601.0
30315.0,13369.0,629.0,14,1,5622.0
44490.0,37971.0,776.0,11,1,10336.0
66858.0,7537.0,703.0,25,0,7647.0
28615.0,9971.0,683.0,1,0,9607.0
78315.0,34664.0,691.0,17,0,36144.0
39940.0,37846.0,663.0,21,1,21073.0
30788.0,33140.0,619.0,11,1,5671.0
103248.0,8582.0,788.0,1,0,8762.0
50450.0,23075.0,667.0,13,1,3812.0
49197.0,23209.0,652.0,11,0,23400.0
43331.0,33077.0,623.0,11,1,15737.0
44488.0,16085.0,764.0,28,0,15746.0
54981.0,25196.0,779.0,18,0,26029.0
48232.0,4409.0,698.0,23,0,4232.0
50417.0,12247.0,738.0,22,1,5830.0
61571.0,11789.0,680.0,15,1,8014.0
30226.0,23374.0,617.0,11,1,3147.0
73207.0,34482.0,717.0,9,1,12015.0
21524.0,18148.0,765.0,18,1,12648.0
37504.0,33549.0,625.0,27,1,7698.0
21656.0,3589.0,656.0,16,0,3756.0
42649.0,13763.0,749.0,14,0,14349.0
33560.0,19469.0,798.0,2,0,19898.0
73956.0,30993.0,658.0,4,1,6896.0
22297.0,19748.0,627.0,29,0,19216.0
95416.0,27418.0,636.0,15,0,27061.0
43195.0,30712.0,760.0,12,0,30073.0
37975.0,33421.0,594.0,9,1,18971.0
41045.0,3710.0,618.0,15,0,3583.0
67309.0,11547.0,624.0,3,0,11653.0
89512.0,30804.0,755.0,11,0,31454.0
74284.0,31001.0,657.0,24,0,30578.0
58566.0,8039.0,652.0,23,1,2259.0
48218.0,5501.0,655.0,12,1,2198.0
73893.0,24925.0,641.0,29,0,23849.0
30227.0,22163.0,721.0,3,0,21372.0
63416.0,18653.0,591.0,19,1,2291.0
76972.0,38236.0,674.0,9,1,9821.0
35512.0,4520.0,745.0,14,0,4389.0
39048.0,32559.0,647.0,5,1,17581.0
61772.0,2601.0,622.0,25,1,949.0
37050.0,25936.0,689.0,27,0,26987.0
42949.0,27888.0,631.0,27,1,7655.0
33557.0,31387.0,556.0,1,1,18508.0
67364.0,24946.0,663.0,9,1,9158.0
32965.0,5745.0,707.0,23,0,5708.0
51644.0,39466.0,766.0,9,0,40240.0
64131.0,25263.0,576.0,22,1,12881.0
37989.0,31929.0,704.0,12,1,12978.0
18989.0,13582.0,651.0,26,1,6991.0
45096.0,37245.0,637.0,16,0,38467.0
39690.0,12008.0,608.0,11,0,11762.0
55133.0,4423.0,658.0,2,0,4350.0
36133.0,16255.0,661.0,8,1,2839.0
84528.0,12148.0,834.0,13,0,11964.0
44177.0,39504.0,651.0,16,0,40273.0
53272.0,39633.0,663.0,2,0,39441.0
41750.0,9894.0,771.0,28,0,9538.0
65049.0,23895.0,625.0,9,1,11062.0
38019.0,36399.0,627.0,4,1,5704.0
36842.0,30491.0,612.0,19,1,19622.0
34171.0,10447.0,689.0,3,0,10284.0
35825.0,11134.0,646.0,28,0,10839.0
29498.0,32555.0,617.0,4,1,6642.0
57615.0,19705.0,539.0,4,1,8952.0
41871.0,32898.0,710.0,25,0,34449.0
35881.0,8622.0,639.0,2,0,8489.0
62231.0,26037.0,650.0,23,1,8642.0
63815.0,20763.0,687.0,7,0,21160.0
39042.0,9469.0,687.0,14,0,9584.0
35657.0,29670.0,716.0,29,0,29399.0
46088.0,24712.0,735.0,6,1,6830.0
36678.0,32444.0,718.0,9,0,33974.0
28105.0,12784.0,571.0,19,1,897.0
78277.0,18048.0,673.0,9,0,17560.0
38172.0,7359.0,602.0,5,1,4866.0
36357.0,20243.0,694.0,28,1,2301.0
47481.0,4226.0,700.0,17,0,4370.0
38007.0,31954.0,646.0,18,1,12119.0
72341.0,4028.0,666.0,10,1,2319.0
23261.0,21776.0,687.0,8,1,10991.0
33117.0,35073.0,679.0,8,1,15732.0
89509.0,21294.0,652.0,23,0,21107.0
47996.0,26831.0,730.0,4,1,14551.0
51935.0,32773.0,671.0,22,0,34123.0
39229.0,35343.0,644.0,6,1,21510.0
55947.0,34727.0,676.0,8,1,13902.0
75012.0,25257.0,685.0,24,0,24502.0
17705.0,10308.0,651.0,27,0,10094.0
63205.0,21870.0,732.0,5,0,22299.0
34029.0,16364.0,728.0,7,0,16093.0
72409.0,31808.0,663.0,19,0,30807.0
88909.0,28273.0,690.0,20,0,27102.0
34395.0,6430.0,765.0,5,0,6238.0
38854.0,23189.0,589.0,0,1,11455.0
55519.0,21965.0,617.0,17,1,10576.0
37436.0,39354.0,692.0,15,1,22201.0
39823.0,18957.0,642.0,27,0,18688.0
49282.0,8434.0,718.0,21,0,8733.0
54514.0,30544.0,640.0,26,0,29129.0
37946.0,21033.0,575.0,22,1,13797.0
47898.0,25939.0,691.0,10,1,7243.0
40739.0,12025.0,657.0,7,0,12609.0
71581.0,36294.0,664.0,24,0,36702.0
54415.0,29811.0,636.0,13,0,29104.0
52934.0,38948.0,713.0,11,1,13545.0
45491.0,8634.0,756.0,11,0,8213.0
48318.0,20239.0,759.0,7,0,19624.0
40439.0,9934.0,760.0,14,0,10321.0
17089.0,21995.0,681.0,2,1,9784.0
28536.0,10444.0,657.0,12,0,10066.0
22985.0,27848.0,781.0,15,1,14007.0
48528.0,39944.0,663.0,4,1,21375.0
61196.0,5271.0,835.0,26,0,5110.0
41924.0,39774.0,741.0,4,1,24580.0
65027.0,36093.0,632.0,9,0,37438.0
139490.0,23554.0,658.0,14,0,23511.0
56724.0,29346.0,626.0,3,1,8117.0
53773.0,2512.0,620.0,21,0,2411.0
155884.0,14777.0,565.0,18,1,8768.0
76114.0,31262.0,603.0,1,1,6378.0
56665.0,29189.0,719.0,7,0,28634.0
39337.0,27276.0,688.0,16,1,14004.0
45593.0,22227.0,766.0,5,0,21611.0
58216.0,5224.0,604.0,0,1,3064.0
25016.0,23541.0,768.0,8,1,3572.0
72499.0,9820.0,784.0,0,0,9983.0
53324.0,21008.0,688.0,11,0,20925.0
41124.0,34010.0,631.0,13,1,17727.0
95730.0,32098.0,623.0,10,0,32229.0
87754.0,28521.0,775.0,7,0,27140.0
40797.0,19148.0,637.0,4,0,18627.0
38534.0,25509.0,582.0,6,1,16776.0
36398.0,35656.0,546.0,25,1,13548.0
107626.0,27275.0,614.0,10,1,9852.0
51674.0,4379.0,696.0,22,0,4542.0
31140.0,34102.0,734.0,5,1,9673.0
27702.0,12044.0,635.0,5,1,1949.0
84957.0,34270.0,657.0,18,0,35001.0
59153.0,34801.0,739.0,5,0,33391.0
76461.0,35009.0,620.0,24,0,33976.0
57926.0,34343.0,702.0,24,1,10454.0
28873.0,31430.0,664.0,29,1,19353.0
88091.0,3267.0,660.0,1,0,3121.0
55091.0,30153.0,692.0,13,0,30716.0
33605.0,14057.0,671.0,2,0,13681.0
60185.0,36898.0,715.0,9,1,22160.0
34380.0,17939.0,810.0,2,0,17180.0
77978.0,9955.0,674.0,14,0,9641.0
53317.0,12958.0,741.0,17,1,4972.0
36353.0,12334.0,623.0,8,1,7474.0
78267.0,31644.0,644.0,9,1,16903.0
55097.0,7397.0,791.0,24,0,7257.0
39542.0,19037.0,725.0,28,1,10028.0
32602.0,29638.0,732.0,0,0,29737.0
40415.0,7647.0,741.0,9,0,7941.0
79149.0,12193.0,643.0,9,1,4606.0
32641.0,18747.0,620.0,0,1,973.0
79603.0,2768.0,722.0,11,0,2650.0
61861.0,16195.0,629.0,24,1,9346.0
72215.0,38953.0,742.0,8,0,40805.0
30259.0,4805.0,628.0,22,1,2539.0
22908.0,21942.0,771.0,13,1,10140.0
31476.0,9106.0,696.0,7,1,2271.0
26007.0,10909.0,628.0,17,0,10827.0
29302.0,11377.0,716.0,3,0,11745.0
65124.0,2361.0,719.0,6,0,2458.0
42572.0,35474.0,601.0,5,1,19503.0
76738.0,24552.0,761.0,18,1,4441.0
27923.0,37352.0,756.0,13,0,36315.0
56346.0,9586.0,792.0,27,0,9266.0
38710.0,9525.0,808.0,26,0,9782.0
26343.0,28585.0,617.0,20,1,11984.0
41663.0,37014.0,653.0,22,1,20364.0
36746.0,14686.0,646.0,15,1,4007.0
32737.0,15817.0,706.0,26,0,15357.0
28830.0,21246.0,646.0,15,1,3887.0
62031.0,4900.0,692.0,21,0,4890.0
63407.0,31327.0,712.0,21,0,30785.0
20602.0,19528.0,798.0,21,1,4403.0
77645.0,21036.0,718.0,12,1,13818.0
47498.0,31595.0,663.0,8,1,10016.0
36159.0,8730.0,692.0,11,1,4607.0
36588.0,35005.0,730.0,1,0,34092.0
82873.0,30170.0,681.0,14,0,30398.0
21006.0,21224.0,726.0,1,1,7221.0
39538.0,26081.0,667.0,26,1,12754.0
36949.0,21566.0,769.0,15,0,21750.0
46562.0,19004.0,661.0,13,0,18388.0
46285.0,13728.0,631.0,7,1,9138.0
50683.0,25710.0,595.0,28,1,10939.0
33285.0,23086.0,609.0,1,1,3547.0
46095.0,31133.0,710.0,8,1,19910.0
81741.0,4100.0,702.0,26,0,4266.0
44530.0,29636.0,744.0,7,0,29727.0
31732.0,8918.0,667.0,23,0,8715.0
53282.0,11865.0,749.0,12,1,3423.0
29949.0,33322.0,714.0,27,1,11679.0
57121.0,5411.0,728.0,16,0,5285.0
54570.0,34619.0,712.0,4,0,36206.0
44322.0,28186.0,682.0,21,1,3673.0
66456.0,23996.0,747.0,2,0,24544.0
52239.0,37481.0,746.0,0,0,38104.0
40164.0,39747.0,740.0,12,0,40581.0
75987.0,38167.0,628.0,14,0,37860.0
57254.0,25673.0,683.0,1,1,9358.0
38788.0,35486.0,682.0,15,1,18122.0
92351.0,22235.0,622.0,15,1,3547.0
58009.0,37203.0,648.0,8,0,37036.0
54985.0,8944.0,737.0,26,0,9326.0
33515.0,35367.0,629.0,2,1,22921.0
94726.0,20925.0,757.0,23,0,20033.0
62198.0,18393.0,679.0,9,1,11749.0
54704.0,6477.0,678.0,0,0,6739.0
33408.0,8561.0,658.0,25,1,4940.0
34372.0,13176.0,646.0,18,1,4390.0
45790.0,13684.0,668.0,20,0,13362.0
49372.0,17328.0,620.0,2,1,11745.0
55150.0,29230.0,752.0,14,0,27922.0
42135.0,37209.0,668.0,10,0,38543.0
60938.0,25054.0,723.0,28,0,25493.0
62310.0,19442.0,719.0,20,0,18738.0
38639.0,35726.0,677.0,21,1,17722.0
76774.0,37142.0,627.0,27,1,6720.0
39017.0,3851.0,666.0,12,1,292.0
62610.0,26009.0,670.0,6,0,26010.0
77989.0,16499.0,626.0,23,1,9650.0
49936.0,32966.0,609.0,16,1,12289.0
57456.0,24861.0,738.0,4,0,25902.0
45713.0,36222.0,613.0,10,1,3203.0
33892.0,15291.0,576.0,4,1,2696.0
37903.0,4368.0,615.0,20,1,302.0
59628.0,34627.0,639.0,14,1,15223.0
47436.0,19155.0,587.0,20,0,19477.0
54425.0,14699.0,772.0,13,0,14171.0
32890.0,21292.0,644.0,12,1,4493.0
46643.0,3975.0,583.0,24,1,917.0
41395.0,2029.0,689.0,7,0,1962.0
47023.0,33275.0,654.0,24,0,34088.0
125477.0,19147.0,678.0,1,0,19936.0
71816.0,2026.0,707.0,4,0,1932.0
45542.0,13270.0,605.0,11,1,4504.0
52477.0,12570.0,785.0,19,0,12391.0
36015.0,21421.0,725.0,24,0,20810.0
56462.0,14906.0,746.0,16,0,14825.0
27637.0,30364.0,640.0,15,0,30849.0
22890.0,22113.0,664.0,1,1,1275.0
78523.0,39995.0,647.0,1,1,20929.0
22625.0,39954.0,664.0,17,1,21156.0
77167.0,24378.0,662.0,21,1,12675.0
48663.0,34833.0,617.0,0,1,15270.0
89134.0,27574.0,604.0,8,1,8248.0
37685.0,32101.0,659.0,16,1,7204.0
44644.0,3991.0,699.0,19,0,3817.0
32980.0,23947.0,664.0,2,0,25056.0
69664.0,2335.0,757.0,6,0,2390.0
26804.0,10314.0,747.0,12,1,6747.0
41830.0,35876.0,730.0,22,1,24028.0
101588.0,11552.0,607.0,11,1,7286.0
41424.0,34854.0,700.0,5,1,20622.0
35957.0,5301.0,745.0,27,0,5362.0
57589.0,6150.0,716.0,15,0,5905.0
58026.0,28827.0,669.0,27,0,27767.0
30049.0,20169.0,659.0,3,0,21152.0
195783.0,11416.0,681.0,21,0,11890.0
31964.0,15612.0,663.0,14,1,2426.0
70733.0,16739.0,626.0,15,1,9338.0
51027.0,19038.0,789.0,22,0,19229.0
102296.0,28847.0,624.0,20,0,27594.0
34337.0,37765.0,642.0,3,1,6685.0
46286.0,19516.0,668.0,4,1,11832.0
75282.0,2149.0,599.0,15,0,2165.0
45873.0,6545.0,682.0,12,0,6346.0
37522.0,3740.0,556.0,26,0,3685.0
44987.0,10557.0,715.0,15,1,6687.0
54591.0,30608.0,632.0,2,1,4560.0
45170.0,25720.0,759.0,14,1,2942.0
29745.0,21222.0,685.0,26,0,20634.0
68315.0,2565.0,717.0,6,0,2673.0
50906.0,12910.0,639.0,15,0,12974.0
39249.0,26821.0,660.0,16,1,15546.0
47750.0,21874.0,610.0,26,0,22792.0
29243.0,5884.0,682.0,20,0,5650.0
99087.0,20999.0,786.0,26,0,21260.0
39100.0,24130.0,776.0,21,0,23303.0
122156.0,29848.0,705.0,6,1,19089.0
85791.0,34788.0,665.0,12,1,14523.0
78739.0,26428.0,691.0,20,0,26506.0
34022.0,30275.0,675.0,15,1,8909.0
205732.0,17280.0,711.0,17,0,17475.0
24078.0,36388.0,738.0,4,1,21828.0
81388.0,12224.0,716.0,5,0,12355.0
45271.0,39558.0,705.0,11,1,11522.0
27052.0,19717.0,637.0,2,0,20208.0
52542.0,9077.0,757.0,23,0,9163.0
49452.0,31707.0,709.0,10,0,31380.0
55690.0,23500.0,654.0,14,0,22915.0
45326.0,27159.0,732.0,20,0,27274.0
34785.0,36474.0,644.0,2,1,15091.0
45781.0,9769.0,632.0,22,1,2399.0
76953.0,38258.0,683.0,13,0,38562.0
49141.0,6639.0,599.0,13,0,6410.0
72401.0,27907.0,692.0,13,0,27458.0
60619.0,18512.0,736.0,6,0,18847.0
75379.0,11227.0,605.0,24,1,5728.0
30804.0,12619.0,719.0,24,0,12833.0
84653.0,34570.0,746.0,13,0,35141.0
37685.0,16884.0,739.0,1,1,6124.0
27895.0,4468.0,754.0,6,0,4453.0
74799.0,15862.0,673.0,9,1,9470.0
69109.0,11884.0,617.0,5,1,5304.0
114358.0,3358.0,795.0,24,0,3312.0
49525.0,35655.0,731.0,21,0,35504.0
64985.0,34574.0,712.0,8,0,33561.0
40817.0,17669.0,613.0,24,1,10682.0
33007.0,26291.0,659.0,14,1,4345.0
69712.0,32219.0,705.0,22,0,32451.0
73461.0,38145.0,650.0,20,0,39773.0
26900.0,5024.0,716.0,23,0,5154.0
94125.0,8354.0,653.0,0,1,443.0
38726.0,34029.0,627.0,26,1,19927.0
111192.0,28757.0,675.0,2,0,29010.0
61084.0,37601.0,675.0,5,1,4750.0
49385.0,32182.0,681.0,23,0,32847.0
28551.0,27295.0,740.0,26,0,28629.0
50408.0,39453.0,591.0,0,1,7243.0
30168.0,13329.0,682.0,4,1,4911.0
60763.0,37396.0,669.0,17,1,25284.0
34521.0,32259.0,666.0,27,0,33298.0
41530.0,23963.0,625.0,9,1,1661.0
31976.0,38150.0,643.0,12,1,13857.0
32065.0,37093.0,667.0,1,1,7836.0
84195.0,15355.0,818.0,10,0,14667.0
49553.0,29490.0,633.0,27,0,29923.0
79401.0,31869.0,541.0,28,0,30643.0
23048.0,27026.0,782.0,8,1,11271.0
51421.0,9695.0,745.0,27,0,9857.0
70319.0,35905.0,642.0,15,0,35129.0
52580.0,21650.0,628.0,8,0,22682.0
62184.0,20288.0,708.0,15,0,21090.0
26749.0,8325.0,701.0,4,0,8174.0
50208.0,15544.0,690.0,17,1,1112.0
29277.0,32453.0,790.0,28,1,14424.0
132454.0,31057.0,704.0,22,0,31164.0
35626.0,14936.0,687.0,19,0,14584.0
56782.0,19272.0,575.0,21,0,18627.0
40647.0,29534.0,609.0,14,1,6773.0
28692.0,27478.0,709.0,25,0,26538.0
18858.0,38075.0,726.0,29,1,22589.0
62380.0,38210.0,657.0,6,1,3394.0
82819.0,8412.0,673.0,21,0,8390.0
51373.0,34775.0,648.0,28,1,15610.0
53142.0,24708.0,613.0,12,1,8197.0
87916.0,15999.0,886.0,21,0,15264.0
48509.0,26800.0,611.0,9,0,27114.0
29546.0,5780.0,706.0,20,1,3842.0
43028.0,35429.0,730.0,25,0,34028.0
34660.0,15123.0,599.0,16,0,15641.0
77017.0,21760.0,643.0,16,1,11526.0
46995.0,5349.0,654.0,28,0,5604.0
48542.0,33094.0,724.0,11,0,32713.0
101625.0,33664.0,766.0,1,0,32396.0
52786.0,29134.0,658.0,23,1,14580.0
53951.0,22914.0,685.0,20,0,22467.0
35431.0,38143.0,680.0,1,1,16780.0
88790.0,37384.0,664.0,13,1,22753.0
49024.0,27373.0,669.0,3,1,4597.0
48850.0,32100.0,723.0,5,1,19354.0
52333.0,26724.0,768.0,24,0,26795.0
61186.0,19668.0,722.0,20,0,20068.0
57442.0,4696.0,615.0,22,0,4596.0
30427.0,23358.0,606.0,22,1,5744.0
12451.0,5268.0,717.0,5,0,5508.0
69928.0,15251.0,664.0,2,0,14571.0
53002.0,3241.0,775.0,8,0,3383.0
33022.0,38231.0,625.0,22,1,21769.0
65606.0,32670.0,658.0,19,0,33760.0
28901.0,10251.0,694.0,26,0,10451.0
31041.0,21403.0,701.0,27,0,21683.0
24550.0,33553.0,720.0,10,1,19450.0
49931.0,23539.0,680.0,15,0,23374.0
36896.0,10593.0,614.0,13,0,10631.0
74130.0,19454.0,738.0,8,0,18661.0
65282.0,36124.0,680.0,10,0,37101.0
45207.0,31682.0,748.0,16,0,30251.0
58631.0,19050.0,747.0,8,0,19553.0
42746.0,22688.0,696.0,12,0,23662.0
40234.0,8404.0,764.0,18,0,8170.0
25573.0,21424.0,601.0,1,1,13311.0
82170.0,17170.0,639.0,13,1,3499.0
108829.0,23367.0,668.0,19,0,22671.0
57566.0,20025.0,577.0,28,1,8258.0
73453.0,9963.0,629.0,9,0,10353.0
50931.0,17629.0,805.0,29,0,17705.0
50959.0,3531.0,711.0,22,0,3459.0
20531.0,23397.0,668.0,25,1,11293.0
32339.0,27095.0,659.0,12,1,10224.0
35243.0,12770.0,680.0,23,0,12805.0
45379.0,7742.0,682.0,19,0,7602.0
73062.0,13662.0,695.0,5,0,14168.0
23849.0,17414.0,633.0,22,0,17883.0
24284.0,9255.0,798.0,4,1,3541.0
21606.0,38311.0,658.0,6,1,19066.0
57188.0,15399.0,617.0,26,0,15791.0
114941.0,39054.0,660.0,20,1,22995.0
41841.0,7231.0,700.0,5,0,7469.0
45832.0,24914.0,789.0,21,0,24828.0
96325.0,20672.0,622.0,16,1,1509.0
35470.0,29626.0,587.0,0,1,20597.0
74831.0,18175.0,730.0,17,0,18936.0
55664.0,2709.0,688.0,23,0,2716.0
76718.0,33595.0,594.0,18,1,9471.0
24904.0,20528.0,692.0,27,1,11989.0
49509.0,15170.0,733.0,0,1,1828.0
39983.0,37185.0,689.0,13,0,38739.0
115439.0,14076.0,674.0,12,1,6692.0
64381.0,13767.0,667.0,27,1,4190.0
53319.0,32657.0,638.0,16,1,4314.0
65409.0,17651.0,757.0,4,1,6701.0
31803.0,24910.0,643.0,4,1,12878.0
17115.0,4320.0,654.0,3,1,254.0
47068.0,21456.0,746.0,23,0,21712.0
70386.0,39684.0,675.0,6,1,2892.0
28098.0,36924.0,640.0,1,1,21258.0
77345.0,21656.0,754.0,4,0,22579.0
35953.0,11868.0,668.0,8,0,11492.0
44728.0,12146.0,608.0,14,0,12411.0
34959.0,36057.0,567.0,17,1,22002.0
80393.0,15094.0,719.0,16,1,9517.0
28188.0,20460.0,674.0,21,1,2284.0
88453.0,16914.0,765.0,11,0,16275.0
38222.0,35836.0,604.0,1,1,14409.0
72059.0,4922.0,715.0,17,0,4915.0
36515.0,26018.0,643.0,28,0,24954.0
72198.0,8289.0,708.0,8,0,8426.0
30400.0,13889.0,632.0,24,1,9511.0
71509.0,36817.0,671.0,29,0,35649.0
62398.0,36882.0,711.0,23,1,17429.0
78286.0,25518.0,763.0,20,0,25731.0
64039.0,18613.0,632.0,26,0,19250.0
33663.0,34212.0,551.0,17,1,9354.0
44105.0,10003.0,655.0,19,0,10266.0
56362.0,32661.0,663.0,15,1,19017.0
40962.0,8022.0,730.0,17,0,8368.0
39499.0,30653.0,712.0,10,1,3163.0
34100.0,31793.0,632.0,11,0,31645.0
78262.0,10087.0,607.0,17,0,9859.0
50475.0,11231.0,683.0,22,1,2246.0
47024.0,33166.0,605.0,20,1,22938.0
78262.0,8091.0,611.0,25,0,8215.0
33816.0,5307.0,620.0,24,0,5075.0
52349.0,8856.0,723.0,7,0,9093.0
76950.0,18210.0,627.0,13,0,18816.0
41727.0,10604.0,639.0,10,1,681.0
75834.0,19123.0,659.0,13,0,19248.0
42039.0,23165.0,763.0,29,0,22912.0
27100.0,19670.0,658.0,17,1,7935.0
42248.0,26487.0,572.0,24,0,26795.0
50333.0,30802.0,641.0,8,0,29985.0
28080.0,28194.0,580.0,25,1,2635.0
76612.0,20031.0,635.0,18,1,9936.0
95821.0,22013.0,705.0,6,0,22684.0
27479.0,7897.0,736.0,2,1,826.0
37812.0,31287.0,749.0,18,1,21168.0
38518.0,31482.0,623.0,14,0,30510.0
33414.0,14476.0,629.0,12,1,7125.0
52672.0,9375.0,690.0,24,1,507.0
102011.0,24376.0,722.0,2,0,25245.0
23849.0,38950.0,676.0,15,1,15145.0
55391.0,9861.0,716.0,9,0,9806.0
61154.0,9714.0,647.0,29,1,3615.0
51784.0,31687.0,632.0,8,1,17758.0
27808.0,20694.0,822.0,24,0,21455.0
64245.0,12536.0,513.0,13,1,6288.0
41088.0,3711.0,647.0,8,0,3635.0
30058.0,24930.0,711.0,21,0,25288.0
53719.0,38349.0,757.0,12,0,39816.0
37130.0,26422.0,756.0,15,0,25939.0
36798.0,23573.0,734.0,20,1,5207.0
77161.0,39853.0,753.0,27,0,41647.0
89621.0,16206.0,746.0,26,0,16539.0
37118.0,38553.0,710.0,28,0,36874.0
46647.0,7954.0,747.0,20,0,7740.0
40668.0,34348.0,850.0,0,0,34002.0
53180.0,13271.0,687.0,15,0,13145.0
44200.0,23774.0,648.0,17,1,3521.0
61746.0,4481.0,756.0,27,0,4437.0
76739.0,16450.0,715.0,14,1,9974.0
92948.0,25685.0,723.0,5,0,25913.0
46628.0,30965.0,569.0,20,1,17200.0
51497.0,39764.0,602.0,23,1,5573.0
51663.0,8056.0,694.0,4,0,7678.0
32748.0,18824.0,668.0,4,1,8769.0
38553.0,17048.0,718.0,15,0,17583.0
51387.0,10814.0,676.0,18,0,11331.0
51820.0,27851.0,751.0,21,0,28468.0
66587.0,16243.0,463.0,10,0,15934.0
59513.0,27037.0,634.0,1,1,8681.0
37320.0,7245.0,672.0,3,0,7497.0
66618.0,32882.0,671.0,12,0,32693.0
50902.0,39032.0,713.0,1,1,26817.0
18209.0,14467.0,611.0,0,1,9744.0
44174.0,17632.0,714.0,8,0,17912.0
27780.0,26934.0,703.0,22,1,4846.0
38159.0,33319.0,673.0,1,1,6870.0
29167.0,35828.0,610.0,3,1,22856.0
85781.0,9792.0,552.0,25,0,9655.0
28646.0,25947.0,620.0,2,1,4409.0
44973.0,36879.0,737.0,23,0,35615.0
53743.0,24759.0,661.0,19,1,3559.0
43809.0,17222.0,668.0,12,0,17573.0
24418.0,28822.0,628.0,9,1,3064.0
55883.0,5303.0,672.0,8,1,844.0
76956.0,2571.0,678.0,5,0,2685.0
41779.0,39763.0,681.0,23,0,41712.0
54911.0,11725.0,766.0,16,0,11551.0
47731.0,39714.0,693.0,14,1,6064.0
51070.0,27801.0,661.0,25,0,28686.0
99522.0,28931.0,703.0,19,1,14266.0
31564.0,16683.0,671.0,0,0,16852.0
76076.0,26725.0,642.0,27,1,14409.0
28805.0,27953.0,713.0,7,0,26590.0
39128.0,17781.0,771.0,2,0,17983.0
33955.0,36656.0,724.0,23,1,9434.0
86796.0,36673.0,597.0,27,1,14124.0
54307.0,4448.0,625.0,25,0,4246.0
64333.0,12155.0,664.0,15,1,8017.0
54390.0,12400.0,678.0,18,0,12910.0
58236.0,15833.0,774.0,7,0,15885.0
29608.0,37335.0,760.0,14,1,23369.0
109877.0,26678.0,672.0,24,0,27392.0
78015.0,8937.0,672.0,3,1,3618.0
65731.0,6603.0,688.0,3,0,6850.0
53453.0,14414.0,717.0,14,0,13708.0
55253.0,14575.0,682.0,26,1,9192.0
41438.0,3859.0,580.0,9,0,3927.0
35680.0,4662.0,678.0,15,0,4679.0
74791.0,17225.0,762.0,28,0,17283.0
73892.0,19866.0,488.0,20,0,20617.0
72765.0,33090.0,675.0,7,0,33045.0
61014.0,37246.0,737.0,3,0,36127.0
21255.0,18731.0,766.0,29,1,3436.0
88831.0,14431.0,690.0,24,1,4262.0
34240.0,8999.0,712.0,20,1,1257.0
45406.0,6160.0,646.0,5,1,3889.0
22039.0,2692.0,582.0,12,0,2696.0
59681.0,30927.0,653.0,13,0,30447.0
30440.0,6957.0,767.0,13,0,7054.0
50620.0,21177.0,713.0,7,1,9111.0
99052.0,23784.0,688.0,29,0,23118.0
44473.0,20790.0,683.0,27,0,20462.0
68115.0,3090.0,709.0,27,0,3046.0
45851.0,33634.0,673.0,5,1,5260.0
101953.0,17148.0,662.0,19,0,17674.0
28452.0,34114.0,646.0,22,1,21873.0
18400.0,23053.0,716.0,2,0,22865.0
48191.0,28729.0,773.0,10,0,28313.0
46545.0,35754.0,740.0,7,1,14651.0
37156.0,11647.0,636.0,16,1,4341.0
71693.0,15784.0,686.0,0,1,2288.0
114910.0,15551.0,661.0,18,1,10506.0
44296.0,14456.0,760.0,18,0,14004.0
77410.0,27193.0,745.0,12,0,25859.0
55484.0,13096.0,648.0,22,1,8735.0
49465.0,17425.0,772.0,20,0,17829.0
43613.0,10227.0,698.0,28,0,10084.0
50000.0,26279.0,665.0,0,0,25207.0
55575.0,29392.0,608.0,12,1,7259.0
55393.0,22345.0,710.0,27,0,21337.0
112402.0,18551.0,753.0,26,0,17689.0
48540.0,5641.0,759.0,1,0,5544.0
31313.0,16123.0,676.0,21,1,6224.0
35524.0,35626.0,742.0,3,1,23134.0
54912.0,24940.0,740.0,12,1,10340.0
73337.0,14042.0,700.0,21,0,13707.0
35780.0,27593.0,732.0,29,0,26951.0
71232.0,6017.0,786.0,9,0,5988.0
63486.0,39272.0,668.0,10,1,23821.0
55955.0,27289.0,689.0,6,0,27437.0
64207.0,27804.0,680.0,19,0,27626.0
36018.0,3418.0,659.0,3,1,505.0
40394.0,26554.0,643.0,24,0,26553.0
70166.0,18738.0,778.0,7,1,12625.0
36001.0,36146.0,678.0,28,1,5831.0
63842.0,12778.0,578.0,27,1,8839.0
35635.0,24194.0,698.0,24,1,8762.0
128096.0,21878.0,669.0,8,0,21872.0
25950.0,9944.0,618.0,28,0,9792.0
83781.0,9201.0,709.0,9,0,8801.0
57517.0,2766.0,699.0,6,0,2719.0
45986.0,15161.0,600.0,0,1,3177.0
40006.0,5608.0,667.0,18,0,5761.0
27847.0,5230.0,698.0,4,0,5196.0
58990.0,30428.0,581.0,4,1,7307.0
35990.0,33295.0,660.0,24,1,13158.0
28429.0,9899.0,663.0,7,0,9425.0
65475.0,4660.0,808.0,26,0,4644.0
38178.0,11239.0,618.0,11,0,11493.0
30617.0,20171.0,706.0,2,1,13214.0
34920.0,3350.0,796.0,28,0,3257.0
74334.0,30455.0,607.0,6,1,11308.0
22680.0,38290.0,746.0,6,1,17489.0
56683.0,17937.0,747.0,18,0,18150.0
67714.0,39838.0,724.0,2,0,40964.0
51290.0,16413.0,628.0,14,1,8440.0
47809.0,35792.0,617.0,6,1,10109.0
32501.0,12721.0,698.0,7,0,13189.0
38618.0,4187.0,711.0,9,0,4147.0
28055.0,5803.0,660.0,28,0,5955.0
45800.0,17094.0,597.0,26,1,4844.0
27412.0,31104.0,721.0,3,1,15406.0
65923.0,33496.0,632.0,26,1,6688.0
57117.0,38009.0,781.0,24,0,38615.0
34610.0,11692.0,762.0,21,0,11152.0
63229.0,25685.0,584.0,9,1,2723.0
31204.0,23225.0,681.0,15,0,22618.0
37314.0,7392.0,641.0,21,0,7172.0
29543.0,18170.0,687.0,14,1,3246.0
73234.0,3731.0,726.0,17,0,3777.0
48939.0,18613.0,727.0,24,0,18198.0
40028.0,21822.0,670.0,14,1,10544.0
43095.0,34836.0,655.0,25,1,4017.0
41617.0,22208.0,606.0,0,0,22778.0
39158.0,38492.0,711.0,1,0,37201.0
63537.0,21769.0,658.0,9,1,4848.0
52088.0,25280.0,681.0,10,0,24311.0
33501.0,26094.0,508.0,7,1,16943.0
52149.0,36547.0,785.0,25,1,9275.0
49436.0,3327.0,709.0,10,1,901.0
40667.0,12215.0,728.0,16,1,8417.0
50031.0,20214.0,566.0,4,1,13166.0
70061.0,15770.0,721.0,12,1,4757.0
75563.0,39187.0,590.0,6,1,21117.0
39181.0,4735.0,546.0,13,1,2910.0
53295.0,25812.0,684.0,0,1,10375.0
44600.0,13227.0,761.0,23,0,13364.0
42977.0,24347.0,788.0,28,0,24468.0
86202.0,13863.0,648.0,6,0,13621.0
66798.0,7586.0,658.0,16,1,2352.0
49772.0,21488.0,662.0,27,1,14775.0
45949.0,35915.0,655.0,9,1,3634.0
33216.0,18404.0,775.0,12,1,4207.0
36825.0,37454.0,674.0,25,1,9710.0
43090.0,9578.0,750.0,28,1,1947.0
38422.0,16146.0,573.0,27,0,15562.0
72242.0,33072.0,686.0,15,0,32158.0
92135.0,37872.0,775.0,9,1,21322.0
133412.0,19265.0,781.0,11,1,4247.0
21373.0,24307.0,716.0,3,1,15973.0
29116.0,34002.0,658.0,3,0,33799.0
27218.0,39715.0,756.0,7,1,5240.0
40920.0,37241.0,632.0,23,1,16882.0
53360.0,39651.0,635.0,16,0,39567.0
59376.0,28836.0,684.0,19,1,16265.0
45236.0,24595.0,574.0,19,1,6800.0
40763.0,18796.0,621.0,21,0,18536.0
40935.0,22047.0,615.0,29,0,21659.0
25200.0,38926.0,650.0,28,1,10148.0
64277.0,4900.0,638.0,9,1,2876.0
41353.0,30572.0,708.0,8,1,15400.0
27341.0,31829.0,656.0,22,1,9342.0
31658.0,31230.0,629.0,8,1,16703.0
34290.0,13608.0,556.0,15,1,6854.0
34459.0,9184.0,592.0,12,1,1719.0
22979.0,7401.0,748.0,22,0,7734.0
49473.0,23705.0,697.0,23,0,22781.0
95688.0,7909.0,675.0,24,0,7979.0
56923.0,38485.0,624.0,28,1,5602.0
31357.0,21217.0,723.0,25,0,21235.0
39253.0,31046.0,728.0,3,1,18741.0
32291.0,26427.0,666.0,19,1,9398.0
70263.0,38589.0,654.0,0,1,3129.0
86063.0,15691.0,651.0,14,1,7355.0
68167.0,34837.0,813.0,26,0,35459.0
38379.0,36747.0,760.0,5,0,38311.0
40712.0,10632.0,655.0,25,1,957.0
75756.0,12050.0,682.0,6,0,11903.0
43963.0,27255.0,656.0,26,0,28568.0
70415.0,11225.0,683.0,10,0,11005.0
21554.0,12417.0,638.0,1,1,2114.0
35748.0,7794.0,621.0,6,0,8093.0
69007.0,4206.0,747.0,26,0,4034.0
58179.0,17450.0,639.0,16,0,17912.0
63399.0,7531.0,644.0,11,1,2250.0
51829.0,6100.0,810.0,25,0,5905.0
48386.0,18242.0,706.0,22,1,1014.0
45178.0,35184.0,667.0,28,1,5058.0
109277.0,20491.0,707.0,0,0,21468.0
17298.0,34894.0,741.0,14,1,21247.0
74566.0,16025.0,839.0,5,0,16161.0
27544.0,23418.0,582.0,11,1,1681.0
30297.0,29340.0,718.0,18,0,30456.0
78480.0,9358.0,655.0,6,0,9077.0
60511.0,17702.0,540.0,23,0,17731.0
46985.0,20343.0,588.0,4,1,9495.0
39944.0,17857.0,681.0,23,0,17430.0
59410.0,11547.0,651.0,9,1,5767.0
68670.0,35357.0,733.0,26,0,36654.0
43586.0,18769.0,690.0,21,0,18392.0
44084.0,39608.0,660.0,23,0,39852.0
40425.0,4356.0,603.0,5,1,2431.0
71162.0,33805.0,667.0,4,1,22822.0
29086.0,38277.0,730.0,23,0,39254.0
28462.0,39579.0,765.0,0,1,18866.0
54405.0,30090.0,675.0,29,1,17574.0
45146.0,23062.0,609.0,1,1,6938.0
24639.0,13131.0,634.0,6,0,13277.0
85008.0,5268.0,731.0,22,0,5322.0
56795.0,35819.0,572.0,4,0,35408.0
55899.0,28405.0,651.0,3,0,27320.0
34296.0,8660.0,606.0,3,1,2255.0
36999.0,10409.0,678.0,22,0,10708.0
56286.0,39400.0,607.0,23,1,26182.0
52123.0,10099.0,662.0,11,1,650.0
37178.0,16690.0,764.0,15,1,10834.0
89613.0,28631.0,668.0,14,0,29138.0
27040.0,2556.0,641.0,16,0,2648.0
40186.0,33414.0,713.0,17,1,14165.0
40127.0,22898.0,702.0,11,0,23247.0
25580.0,13259.0,617.0,11,1,8182.0
73055.0,20559.0,583.0,2,0,19747.0
84482.0,34795.0,603.0,7,1,4191.0
38789.0,15853.0,712.0,22,0,15138.0
25540.0,4678.0,683.0,5,1,2952.0
81871.0,33581.0,620.0,15,0,34770.0
55236.0,35747.0,594.0,8,1,2608.0
74889.0,10154.0,743.0,23,0,9917.0
34676.0,4508.0,734.0,0,0,4353.0
54451.0,35643.0,789.0,5,1,21358.0
26083.0,3177.0,677.0,15,0,3041.0
47072.0,10297.0,768.0,7,0,10632.0
43050.0,9447.0,690.0,7,1,2311.0
44178.0,15360.0,567.0,22,0,15561.0
42103.0,39909.0,641.0,16,0,40411.0
34467.0,14554.0,617.0,26,1,6530.0
57503.0,18632.0,648.0,24,0,18455.0
97009.0,3719.0,694.0,1,0,3692.0
98148.0,18215.0,808.0,18,1,10508.0
35203.0,30302.0,682.0,1,1,18658.0
29892.0,35374.0,722.0,26,0,34079.0
89700.0,30842.0,692.0,9,1,5848.0
63836.0,26130.0,677.0,16,0,26323.0
55553.0,30825.0,670.0,24,1,8933.0
30532.0,20273.0,639.0,20,1,8848.0
60075.0,21756.0,577.0,18,0,20751.0
48075.0,3126.0,709.0,4,1,377.0
59514.0,7765.0,634.0,24,1,3098.0
30146.0,19076.0,530.0,6,1,10569.0
132061.0,36200.0,647.0,21,1,8622.0
78099.0,4743.0,631.0,28,0,4886.0
22635.0,20558.0,609.0,15,1,13617.0
78523.0,9193.0,654.0,18,0,9343.0
23843.0,21860.0,740.0,23,0,21582.0
37993.0,30889.0,673.0,5,1,9992.0
44832.0,28358.0,612.0,19,1,2735.0
59359.0,5719.0,753.0,28,0,5742.0
65408.0,16762.0,752.0,10,0,16437.0
58014.0,36652.0,719.0,28,0,34945.0
55295.0,29853.0,693.0,15,1,4301.0
25944.0,24080.0,712.0,13,0,23451.0
56964.0,27331.0,838.0,1,0,28006.0
90898.0,20401.0,708.0,12,1,6682.0
31323.0,12132.0,706.0,6,0,12020.0
80673.0,22788.0,804.0,25,0,23235.0
26999.0,27432.0,616.0,14,1,6324.0
26486.0,32336.0,674.0,12,1,3212.0
129341.0,37228.0,759.0,25,0,35703.0
31052.0,9920.0,651.0,3,1,2069.0
61174.0,13546.0,619.0,7,0,13797.0
34071.0,34407.0,683.0,17,1,10854.0
42019.0,21811.0,659.0,26,1,15170.0
76641.0,18851.0,673.0,25,0,18227.0
50289.0,10176.0,750.0,2,0,10648.0
19101.0,17151.0,794.0,0,0,16733.0
49016.0,34724.0,612.0,8,1,7726.0
61933.0,38640.0,567.0,1,1,20193.0
30858.0,20582.0,655.0,29,0,19996.0
74292.0,5966.0,737.0,11,0,6208.0
78373.0,23807.0,665.0,1,0,24636.0
34631.0,10453.0,924.0,26,0,10032.0
58124.0,16874.0,731.0,26,0,17624.0
30031.0,9501.0,607.0,25,0,9901.0
32738.0,39025.0,631.0,11,1,18835.0
68205.0,6753.0,704.0,25,0,6643.0
31732.0,24066.0,610.0,17,1,1383.0
79807.0,10469.0,613.0,27,1,4188.0
64633.0,12557.0,644.0,21,1,4705.0
62708.0,39018.0,677.0,2,1,3851.0
36692.0,5494.0,725.0,13,0,5534.0
82785.0,23197.0,656.0,23,1,15434.0
60759.0,18667.0,656.0,5,0,19317.0
39346.0,36373.0,571.0,28,1,4407.0
117003.0,39061.0,645.0,2,1,15135.0
46136.0,29395.0,673.0,25,1,5877.0
78488.0,36063.0,586.0,10,1,14651.0
39214.0,24021.0,694.0,0,1,5725.0
54027.0,12830.0,613.0,1,1,7892.0
42122.0,28449.0,777.0,28,0,27919.0
43354.0,13642.0,829.0,16,0,14292.0
84078.0,39099.0,772.0,4,0,40545.0
106296.0,32952.0,659.0,25,1,5303.0
25465.0,17285.0,661.0,9,0,16601.0
32745.0,36216.0,669.0,28,0,35655.0
66504.0,11211.0,680.0,11,0,10791.0
38526.0,14590.0,552.0,6,1,10184.0
38842.0,14559.0,683.0,8,0,14201.0
77222.0,3894.0,672.0,17,0,4027.0
42916.0,11069.0,681.0,0,1,1209.0
32391.0,29005.0,795.0,27,0,28935.0
47912.0,4961.0,707.0,1,0,4924.0
52017.0,35833.0,728.0,18,0,34167.0
56747.0,32366.0,685.0,19,1,14101.0
60079.0,24339.0,769.0,17,0,24291.0
64219.0,6944.0,645.0,26,0,6947.0
29660.0,36266.0,795.0,15,0,37717.0
60798.0,9030.0,711.0,11,0,9370.0
60788.0,23723.0,563.0,12,1,6172.0
47460.0,18947.0,743.0,26,0,18666.0
29338.0,26340.0,729.0,21,0,26606.0
47882.0,9398.0,568.0,15,0,9206.0
64887.0,8187.0,735.0,20,0,8436.0
34886.0,28747.0,688.0,12,1,18115.0
44297.0,14712.0,660.0,29,0,14436.0
53002.0,24403.0,570.0,2,1,10978.0
62652.0,36098.0,547.0,7,1,9387.0
55761.0,39631.0,647.0,1,1,10885.0
38775.0,35255.0,655.0,7,1,22590.0
40159.0,3188.0,574.0,8,0,3242.0
59465.0,37423.0,598.0,20,1,22656.0
53131.0,29163.0,631.0,3,1,18494.0
17144.0,30972.0,717.0,21,1,12083.0
37956.0,19349.0,767.0,7,0,19016.0
67023.0,2996.0,712.0,8,0,2873.0
48673.0,5071.0,677.0,18,0,5234.0
43379.0,12689.0,703.0,3,0,12782.0
41347.0,16520.0,741.0,7,1,2458.0
49821.0,39063.0,655.0,25,1,17473.0
60590.0,7443.0,774.0,7,1,4077.0
46547.0,6439.0,661.0,2,0,6157.0
33717.0,25508.0,765.0,28,1,11288.0
56627.0,3246.0,668.0,18,0,3378.0
82448.0,19652.0,652.0,7,1,1855.0
58006.0,35390.0,729.0,4,0,34471.0
74526.0,17952.0,631.0,26,0,17519.0
43701.0,25724.0,762.0,29,0,25543.0
117308.0,14169.0,656.0,18,0,13672.0
41440.0,39783.0,609.0,16,1,3674.0
52467.0,28755.0,629.0,15,1,19154.0
49288.0,13821.0,598.0,16,1,1616.0
37506.0,6156.0,636.0,2,0,5970.0
85482.0,16460.0,619.0,12,0,16186.0
48441.0,14448.0,648.0,1,0,14603.0
51788.0,17371.0,661.0,2,0,18013.0
18179.0,30174.0,664.0,21,1,19501.0
46036.0,6303.0,618.0,18,0,6010.0
43227.0,5081.0,669.0,26,0,4980.0
38329.0,21936.0,640.0,7,1,15176.0
45778.0,38526.0,725.0,2,1,5013.0
45557.0,10833.0,718.0,29,0,10788.0
54488.0,32285.0,639.0,28,1,19335.0
66238.0,15226.0,711.0,15,0,14897.0
43941.0,14218.0,720.0,22,0,14229.0
118344.0,5554.0,625.0,22,0,5438.0
61194.0,17280.0,758.0,26,0,17934.0
37876.0,13853.0,724.0,2,1,3468.0
21332.0,39791.0,722.0,1,1,17508.0
49784.0,10344.0,724.0,6,0,10580.0
51398.0,16773.0,666.0,19,0,16781.0
114632.0,32174.0,629.0,26,0,33349.0
38032.0,30344.0,827.0,19,0,29764.0
43849.0,38921.0,611.0,12,0,38298.0
27946.0,22335.0,587.0,24,1,3254.0
59743.0,10078.0,684.0,6,0,10303.0
86536.0,23907.0,692.0,1,1,6348.0
87257.0,33480.0,626.0,17,0,34257.0
77187.0,36526.0,644.0,12,0,35185.0
73056.0,31451.0,619.0,18,0,31450.0
56192.0,18439.0,648.0,11,1,6425.0
29151.0,6703.0,818.0,11,0,6669.0
43936.0,30949.0,692.0,12,0,30597.0
45070.0,25422.0,655.0,10,0,26497.0
58398.0,5541.0,779.0,7,0,5489.0
43051.0,11826.0,741.0,18,0,12103.0
41818.0,23102.0,642.0,27,1,3477.0
64519.0,31540.0,776.0,4,1,15402.0
66903.0,25779.0,646.0,0,1,6311.0
39595.0,28667.0,676.0,17,0,27353.0
26174.0,38951.0,722.0,11,1,8712.0
47890.0,14019.0,764.0,0,0,14506.0
60361.0,39051.0,692.0,13,1,13339.0
88031.0,10898.0,661.0,1,0,10639.0
60605.0,32319.0,753.0,14,0,32014.0
32128.0,10121.0,686.0,27,0,9796.0
31536.0,11562.0,671.0,28,0,11804.0
66961.0,13976.0,562.0,21,1,888.0
31678.0,20747.0,671.0,5,1,12819.0
66707.0,26075.0,756.0,18,0,26317.0
46925.0,17119.0,660.0,5,0,16386.0
79966.0,5304.0,764.0,25,0,5175.0
64228.0,29852.0,704.0,4,0,29819.0
64699.0,26714.0,707.0,19,0,26766.0
75723.0,23449.0,755.0,20,0,23622.0
31222.0,30869.0,750.0,1,1,18235.0
43298.0,25411.0,704.0,20,1,3882.0
56562.0,20537.0,735.0,5,0,20677.0
20838.0,4438.0,703.0,2,0,4657.0
50109.0,25024.0,744.0,3,0,25025.0
46684.0,33363.0,729.0,28,0,32344.0
39243.0,8243.0,652.0,20,0,8072.0
34541.0,28952.0,697.0,29,0,29098.0
77044.0,19524.0,625.0,3,0,20123.0
54874.0,16837.0,523.0,28,1,9179.0
58582.0,20624.0,605.0,2,1,1081.0
79719.0,7103.0,655.0,0,0,7099.0
53422.0,32675.0,672.0,11,0,32956.0
50425.0,33747.0,684.0,24,1,23175.0
43786.0,23164.0,645.0,12,1,8789.0
62595.0,22578.0,674.0,14,0,22005.0
25706.0,23802.0,724.0,6,0,23181.0
74263.0,38851.0,671.0,17,1,23266.0
53996.0,10536.0,682.0,4,1,2388.0
58374.0,14559.0,661.0,5,1,5442.0
80317.0,38834.0,693.0,10,0,39824.0
44013.0,10643.0,605.0,6,0,10155.0
55666.0,5903.0,637.0,15,0,5666.0
51796.0,19970.0,686.0,15,1,2513.0
65052.0,7257.0,715.0,17,0,6912.0
74384.0,22355.0,655.0,8,1,10917.0
37404.0,32506.0,630.0,4,1,22732.0
32109.0,27909.0,735.0,0,1,5195.0
58079.0,22755.0,663.0,3,0,23550.0
46817.0,9621.0,617.0,17,0,9349.0
77480.0,4934.0,706.0,8,0,5132.0
118014.0,35402.0,620.0,21,0,36545.0
62291.0,26800.0,618.0,3,1,17193.0
76033.0,28436.0,804.0,27,0,29691.0
86081.0,20432.0,696.0,11,0,19602.0
78580.0,14627.0,611.0,6,0,14305.0
50879.0,26385.0,674.0,1,1,18042.0
67574.0,35648.0,760.0,4,0,36841.0
36150.0,27531.0,673.0,14,1,17467.0
65836.0,2289.0,574.0,18,0,2313.0
84780.0,35062.0,736.0,7,0,35672.0
27752.0,38039.0,726.0,12,1,3156.0
47593.0,2013.0,731.0,9,0,2031.0
28725.0,6443.0,560.0,1,1,4288.0
42216.0,32618.0,678.0,17,0,34008.0
55697.0,30957.0,764.0,3,0,29810.0
29240.0,39660.0,731.0,1,1,6992.0
43439.0,11596.0,685.0,25,0,11473.0
45409.0,26897.0,733.0,11,0,27526.0
56335.0,2884.0,761.0,19,0,2820.0
59272.0,7220.0,657.0,29,0,7340.0
45762.0,8619.0,652.0,0,1,2227.0
31937.0,16719.0,779.0,5,0,16380.0
97898.0,9816.0,740.0,1,0,9352.0
74210.0,13053.0,614.0,1,1,8074.0
73462.0,23279.0,626.0,10,1,6416.0
52363.0,31191.0,520.0,1,1,5802.0
45433.0,35639.0,643.0,25,0,34009.0
62658.0,5596.0,725.0,3,1,558.0
45500.0,12293.0,718.0,18,1,841.0
62368.0,12379.0,693.0,0,1,3432.0
40965.0,27882.0,639.0,4,1,5376.0
24241.0,7299.0,626.0,21,0,7408.0
82264.0,33680.0,663.0,28,0,31999.0
95630.0,6430.0,737.0,23,1,965.0
63183.0,35901.0,639.0,5,1,22621.0
60028.0,23242.0,663.0,9,0,22283.0
41916.0,35583.0,637.0,7,1,8457.0
125574.0,3042.0,598.0,3,0,2914.0
66197.0,4427.0,809.0,19,0,4313.0
34082.0,3855.0,763.0,24,0,3919.0
44658.0,30158.0,710.0,17,0,28885.0
65172.0,32901.0,703.0,27,0,32361.0
29227.0,22115.0,702.0,15,0,22749.0
20612.0,19166.0,742.0,1,1,13349.0
67333.0,9177.0,723.0,8,0,9093.0
42513.0,17036.0,773.0,23,0,17089.0
29696.0,13161.0,673.0,8,1,2136.0
31748.0,2035.0,785.0,5,0,2127.0
31006.0,37699.0,681.0,23,0,37299.0
46300.0,7171.0,668.0,28,0,7144.0
50806.0,21437.0,629.0,9,1,6939.0
74466.0,11034.0,507.0,11,1,2564.0
53621.0,13701.0,655.0,8,0,13333.0
33431.0,39305.0,654.0,23,1,14940.0
59669.0,33010.0,665.0,29,0,31968.0
108428.0,7936.0,798.0,14,0,8127.0
50646.0,19646.0,662.0,17,0,20366.0
37554.0,19242.0,719.0,27,0,19095.0
30989.0,23485.0,750.0,19,0,22454.0
71372.0,17453.0,721.0,25,0,17869.0
25577.0,15350.0,700.0,17,0,15134.0
67151.0,17745.0,681.0,11,1,1356.0
69130.0,18629.0,749.0,26,1,7986.0
52345.0,9272.0,569.0,7,0,8844.0
54620.0,22018.0,662.0,6,0,23101.0
29286.0,7934.0,732.0,13,0,7580.0
34869.0,25004.0,730.0,19,0,26099.0
42689.0,17334.0,776.0,6,0,17462.0
26205.0,2451.0,685.0,6,0,2531.0
30737.0,38058.0,745.0,13,1,16661.0
36897.0,35931.0,633.0,5,1,21338.0
44109.0,15115.0,677.0,25,0,14917.0
34638.0,12290.0,636.0,11,0,11756.0
43247.0,16817.0,724.0,20,1,9438.0
64148.0,7696.0,584.0,4,0,7599.0
61952.0,29311.0,765.0,21,0,29281.0
20922.0,24896.0,655.0,15,1,14059.0
32242.0,33079.0,554.0,3,1,22148.0
25052.0,37711.0,580.0,4,1,25953.0
50597.0,26034.0,581.0,7,1,8292.0
34895.0,31245.0,657.0,3,1,4177.0
45094.0,19076.0,654.0,6,0,19121.0
68505.0,18840.0,630.0,18,0,18084.0
78580.0,39917.0,664.0,12,0,41151.0
43549.0,26304.0,778.0,20,0,27014.0
35465.0,36418.0,728.0,17,0,36851.0
63988.0,27468.0,745.0,13,0,27919.0
75033.0,6404.0,706.0,8,0,6298.0
72699.0,12973.0,698.0,0,0,13392.0
55216.0,3366.0,667.0,9,0,3481.0
58551.0,12416.0,635.0,17,0,11987.0
97886.0,17342.0,715.0,12,0,17247.0
49394.0,39530.0,681.0,27,0,39498.0
44140.0,25054.0,625.0,9,0,24076.0
47521.0,39758.0,655.0,19,1,22829.0
32476.0,9033.0,695.0,8,0,9004.0
36874.0,13799.0,705.0,29,1,6918.0
67371.0,27616.0,728.0,17,0,26599.0
105956.0,13601.0,692.0,14,0,13509.0
47355.0,3172.0,605.0,9,0,3046.0
32452.0,15486.0,727.0,29,0,15819.0
76757.0,2459.0,580.0,21,1,133.0
44582.0,3436.0,687.0,13,1,1459.0
50863.0,38380.0,739.0,17,0,39206.0
15528.0,26500.0,687.0,7,1,16546.0
52690.0,38657.0,722.0,16,1,26081.0
65498.0,11646.0,701.0,17,0,12171.0
79531.0,9940.0,771.0,27,0,10193.0
44447.0,6069.0,679.0,2,1,1418.0
73712.0,35779.0,714.0,21,0,36370.0
113815.0,28876.0,692.0,26,0,30027.0
52699.0,2488.0,824.0,18,0,2401.0
59283.0,35257.0,651.0,27,0,36004.0
51258.0,20633.0,600.0,3,0,20717.0
54758.0,39608.0,642.0,21,1,4589.0
28840.0,37665.0,655.0,20,1,23219.0
36718.0,31945.0,601.0,28,1,22159.0
54611.0,11201.0,534.0,27,0,11568.0
42214.0,19988.0,634.0,19,0,19139.0
66450.0,23439.0,747.0,21,0,24329.0
61414.0,6277.0,679.0,5,0,6252.0
60406.0,5607.0,708.0,5,0,5771.0
65652.0,15425.0,677.0,24,0,16086.0
53661.0,15605.0,602.0,10,1,8643.0
17573.0,3815.0,621.0,17,1,782.0
30659.0,5742.0,659.0,28,0,5866.0
36563.0,18321.0,726.0,26,0,18330.0
45658.0,12368.0,704.0,9,1,5011.0
40625.0,20341.0,671.0,12,0,20871.0
31274.0,36713.0,676.0,2,1,23197.0
51737.0,10720.0,766.0,15,0,10700.0
27707.0,14888.0,733.0,16,0,14203.0
21389.0,31947.0,664.0,8,1,17296.0
53155.0,20762.0,585.0,19,1,3383.0
53407.0,20358.0,720.0,29,0,20953.0
33395.0,26955.0,678.0,9,0,27675.0
23300.0,9733.0,613.0,14,0,9314.0
49280.0,26241.0,672.0,22,1,3903.0
42367.0,26795.0,725.0,9,1,13482.0
44305.0,15994.0,658.0,24,1,4059.0
38921.0,27390.0,575.0,1,1,15604.0
38871.0,17887.0,671.0,24,1,7403.0
39927.0,32812.0,786.0,18,0,32026.0
30828.0,29168.0,684.0,1,1,1815.0
35345.0,39523.0,762.0,9,1,16094.0
51722.0,33911.0,731.0,15,1,14802.0
98937.0,32273.0,733.0,26,0,31474.0
107196.0,10745.0,653.0,6,0,11086.0
66598.0,20081.0,671.0,5,1,3931.0
79025.0,4224.0,672.0,29,0,4434.0
39737.0,13789.0,663.0,13,0,13265.0
41241.0,26479.0,873.0,14,0,26940.0
59459.0,34447.0,758.0,12,0,34277.0
71692.0,25564.0,607.0,22,1,16967.0
35123.0,6982.0,624.0,15,0,6942.0
80064.0,15961.0,674.0,9,0,15642.0
41777.0,16606.0,727.0,6,1,1590.0
34564.0,31509.0,667.0,8,1,8780.0
26268.0,25979.0,654.0,3,1,6809.0
40145.0,33318.0,616.0,4,1,5901.0
51216.0,17258.0,607.0,2,0,17752.0
34459.0,3741.0,617.0,12,1,1653.0
137456.0,28005.0,783.0,9,0,28203.0
88815.0,24630.0,544.0,6,1,11755.0
72805.0,21276.0,644.0,13,0,20627.0
107361.0,10776.0,756.0,17,0,10999.0
26699.0,2416.0,658.0,19,1,377.0
51971.0,25108.0,655.0,20,0,26316.0
32208.0,39200.0,739.0,11,0,38191.0
45595.0,23782.0,681.0,26,0,24589.0
49665.0,11346.0,827.0,12,0,11734.0
35604.0,30943.0,558.0,27,1,14592.0
43788.0,8658.0,720.0,12,0,8809.0
76825.0,29823.0,729.0,21,0,29739.0
39715.0,2039.0,639.0,20,1,879.0
37928.0,6631.0,576.0,8,1,1289.0
112677.0,34279.0,563.0,11,1,9296.0
41944.0,14547.0,685.0,23,0,14951.0
40099.0,6776.0,732.0,17,0,6672.0
78254.0,13361.0,719.0,3,0,12959.0
46686.0,22053.0,753.0,2,1,2895.0
45224.0,36612.0,711.0,17,0,36454.0
44677.0,33374.0,655.0,8,0,31916.0
40452.0,39882.0,760.0,26,1,20135.0
41194.0,8255.0,717.0,1,1,1048.0
40221.0,34185.0,687.0,18,0,35271.0
42134.0,27202.0,687.0,20,1,1625.0
35029.0,28772.0,680.0,14,1,5210.0
79831.0,31750.0,707.0,9,0,31801.0
33300.0,4313.0,749.0,29,1,529.0
35445.0,11105.0,756.0,16,0,11638.0
48867.0,32158.0,749.0,22,0,33318.0
26650.0,39258.0,771.0,11,1,9927.0
82441.0,11274.0,790.0,3,0,10894.0
27795.0,8850.0,592.0,15,1,1437.0
61483.0,2265.0,642.0,15,1,1262.0
82266.0,17007.0,719.0,13,0,17103.0
44050.0,5145.0,678.0,27,0,5123.0
22758.0,11154.0,725.0,10,1,2317.0
35141.0,28848.0,654.0,14,0,29533.0
72108.0,5799.0,590.0,28,0,6020.0
68719.0,24285.0,660.0,19,1,8033.0
68847.0,15316.0,699.0,24,1,10212.0
84835.0,5128.0,643.0,18,1,925.0
45495.0,18935.0,635.0,21,1,2940.0
28484.0,3837.0,635.0,27,0,3865.0
58676.0,20194.0,707.0,15,0,19353.0
43812.0,10880.0,745.0,2,0,10873.0
75681.0,9754.0,688.0,12,0,9652.0
45190.0,10215.0,639.0,25,1,3817.0
28685.0,16158.0,695.0,28,1,8393.0
47345.0,37025.0,679.0,17,1,2436.0
54999.0,22086.0,709.0,18,0,22790.0
44427.0,8311.0,670.0,14,0,8213.0
52776.0,18729.0,623.0,11,1,9249.0
111112.0,25987.0,701.0,11,0,26114.0
32544.0,21292.0,727.0,27,1,14053.0
55888.0,34173.0,726.0,26,0,34842.0
33876.0,15748.0,689.0,19,0,16194.0
58843.0,22842.0,702.0,20,0,23025.0
63955.0,14017.0,599.0,16,0,13587.0
78730.0,17119.0,669.0,1,1,7073.0
65322.0,38250.0,594.0,24,0,39318.0
70348.0,29008.0,654.0,26,1,5032.0
35935.0,15054.0,605.0,19,1,4691.0
53267.0,10367.0,632.0,10,0,10003.0
49578.0,22977.0,710.0,27,0,23277.0
50210.0,22272.0,756.0,10,0,21560.0
67283.0,8227.0,668.0,25,0,8354.0
66208.0,16846.0,679.0,17,0,17362.0
72355.0,16009.0,748.0,2,0,15812.0
48675.0,18962.0,710.0,21,0,18548.0
26465.0,13428.0,726.0,3,0,14089.0
34161.0,8636.0,657.0,0,0,8532.0
37055.0,6533.0,722.0,9,1,2837.0
62707.0,4084.0,611.0,29,0,4086.0
51834.0,21339.0,641.0,29,0,21891.0
32292.0,14349.0,576.0,0,1,8718.0
43175.0,19356.0,694.0,7,0,19250.0
64446.0,17538.0,826.0,6,0,17921.0
84417.0,24360.0,733.0,12,0,25549.0
78704.0,13763.0,740.0,26,0,13466.0
30169.0,4700.0,660.0,8,0,4496.0
45914.0,36194.0,632.0,8,1,21907.0
68453.0,21113.0,521.0,29,0,21785.0
33001.0,3199.0,746.0,12,0,3074.0
28408.0,13680.0,617.0,16,1,9383.0
70179.0,34326.0,636.0,7,0,33518.0
44233.0,14436.0,763.0,22,0,14982.0
45903.0,5175.0,652.0,26,0,5034.0
40010.0,14840.0,684.0,27,1,6276.0
82167.0,18203.0,724.0,24,0,18283.0
50556.0,6500.0,669.0,2,0,6456.0
24293.0,4688.0,679.0,17,0,4787.0
21527.0,33793.0,579.0,15,1,15006.0
92638.0,33143.0,708.0,20,0,32852.0
38415.0,12874.0,697.0,23,0,12991.0
34292.0,36030.0,653.0,7,1,8242.0
81644.0,16477.0,732.0,4,0,16571.0
79910.0,31850.0,795.0,15,0,31455.0
51085.0,3450.0,749.0,3,0,3352.0
104832.0,6509.0,697.0,2,0,6592.0
27414.0,9890.0,642.0,24,1,3985.0
41296.0,23868.0,668.0,3,1,7627.0
36285.0,5774.0,733.0,23,0,5530.0
21746.0,33844.0,557.0,6,1,20770.0
58626.0,3901.0,703.0,26,0,3714.0
61255.0,34299.0,668.0,12,0,33987.0
67584.0,37372.0,613.0,28,0,35645.0
53622.0,9082.0,695.0,27,0,8788.0
23307.0,37814.0,677.0,5,1,2677.0
28018.0,15194.0,707.0,16,1,9872.0
47549.0,38153.0,775.0,29,0,40060.0
44317.0,30019.0,775.0,2,1,1818.0
81271.0,4996.0,621.0,27,0,4769.0
67937.0,10196.0,569.0,28,0,10571.0
58446.0,36335.0,718.0,27,0,37542.0
53675.0,35260.0,682.0,12,1,17701.0
52640.0,19655.0,690.0,2,0,19369.0
78679.0,7592.0,714.0,7,0,7593.0
51443.0,29193.0,686.0,23,0,30531.0
56431.0,34679.0,795.0,2,0,35765.0
72051.0,17539.0,669.0,26,0,16749.0
39900.0,25672.0,690.0,25,1,6417.0
43509.0,25412.0,680.0,16,1,9564.0
73779.0,39524.0,631.0,17,1,21646.0
48784.0,23840.0,694.0,16,1,10194.0
38234.0,20901.0,643.0,11,1,9599.0
33068.0,35256.0,685.0,9,0,35650.0
54124.0,35234.0,743.0,12,0,36560.0
60806.0,15581.0,734.0,23,0,15049.0
35188.0,13512.0,593.0,25,1,952.0
44846.0,22519.0,732.0,14,0,23260.0
56330.0,12520.0,724.0,6,0,12975.0
114479.0,23651.0,718.0,10,0,23030.0
29444.0,31035.0,619.0,7,1,13243.0
66464.0,27929.0,532.0,22,1,2236.0
29657.0,27400.0,756.0,3,1,17874.0
45153.0,10120.0,817.0,4,1,5936.0
54668.0,27366.0,659.0,21,0,28692.0
58990.0,28918.0,700.0,11,0,27565.0
43404.0,33683.0,747.0,5,1,4891.0
72324.0,39707.0,668.0,18,1,17666.0
57963.0,17858.0,649.0,15,1,9978.0
80293.0,30719.0,647.0,14,1,14333.0
48021.0,15293.0,671.0,3,1,2726.0
46903.0,26966.0,622.0,3,0,28149.0
38664.0,28075.0,620.0,2,0,27691.0
33460.0,20621.0,725.0,6,1,8727.0
45331.0,16920.0,566.0,28,0,17638.0
45977.0,35643.0,698.0,15,1,11218.0
57502.0,10804.0,851.0,15,0,10366.0
61210.0,26268.0,562.0,28,1,7036.0
48854.0,22957.0,702.0,20,1,13477.0
42734.0,3163.0,673.0,15,1,623.0
109075.0,15993.0,704.0,13,0,15869.0
51132.0,14325.0,754.0,28,0,14387.0
54168.0,34100.0,691.0,9,1,20618.0
78438.0,31864.0,735.0,26,0,33299.0
74975.0,9402.0,558.0,20,0,9386.0
58449.0,17519.0,729.0,2,0,17391.0
51001.0,7316.0,673.0,25,0,7249.0
69589.0,29333.0,596.0,3,1,6400.0
43497.0,7999.0,663.0,19,1,5225.0
30891.0,14350.0,625.0,15,0,13917.0
37735.0,25836.0,789.0,29,0,25540.0
26524.0,35584.0,679.0,12,1,7871.0
33706.0,27816.0,678.0,0,1,14159.0
33707.0,39401.0,645.0,20,1,15143.0
70981.0,31289.0,718.0,25,0,30985.0
38797.0,29682.0,743.0,11,1,13538.0
50317.0,9005.0,739.0,8,0,9409.0
44133.0,8904.0,645.0,14,0,9146.0
44891.0,3480.0,777.0,4,0,3639.0
75103.0,6636.0,757.0,22,0,6813.0
30981.0,29812.0,674.0,22,1,12815.0
48061.0,8514.0,728.0,16,0,8342.0
43053.0,15644.0,548.0,6,1,3764.0
30315.0,24402.0,702.0,21,1,15630.0
71917.0,12850.0,735.0,14,1,8285.0
63093.0,34132.0,622.0,13,1,20929.0
73879.0,15613.0,669.0,11,0,16265.0
53920.0,25223.0,629.0,2,0,26383.0
69912.0,30899.0,598.0,17,1,9308.0
101743.0,34237.0,726.0,26,0,35119.0
88863.0,37790.0,679.0,10,1,24385.0
41636.0,4819.0,672.0,28,0,4803.0
27240.0,20125.0,666.0,22,0,20055.0
31392.0,3602.0,615.0,25,1,425.0
21938.0,34753.0,680.0,24,1,6046.0
56686.0,24660.0,699.0,29,0,23900.0
55080.0,12599.0,678.0,27,0,13164.0
17481.0,15776.0,744.0,11,0,15718.0
64732.0,5359.0,639.0,0,0,5172.0
49165.0,27589.0,684.0,7,1,4361.0
51290.0,21300.0,725.0,29,0,20773.0
68517.0,8589.0,789.0,24,0,8265.0
90488.0,3131.0,757.0,18,0,3086.0
48276.0,28515.0,678.0,9,1,4573.0
74875.0,19056.0,716.0,4,1,12806.0
27923.0,4562.0,788.0,21,0,4594.0
51998.0,35528.0,609.0,28,0,35219.0
35905.0,36288.0,607.0,17,0,37794.0
34812.0,19910.0,650.0,27,0,19028.0
63618.0,22653.0,682.0,15,0,23589.0
56328.0,12480.0,614.0,1,1,6122.0
65140.0,34392.0,612.0,10,0,33193.0
45013.0,9507.0,675.0,6,0,9710.0
37901.0,29766.0,677.0,13,1,13390.0
37101.0,34489.0,614.0,25,1,7804.0
42089.0,8054.0,711.0,13,1,2318.0
102330.0,27545.0,691.0,17,0,27238.0
49818.0,13794.0,713.0,15,0,13410.0
42837.0,30146.0,646.0,0,0,29341.0
41111.0,14409.0,750.0,1,0,14117.0
31795.0,9092.0,681.0,9,0,9539.0
37292.0,13395.0,765.0,2,1,4861.0
25701.0,4944.0,752.0,15,1,1770.0
51718.0,6054.0,695.0,24,1,3524.0
44673.0,2656.0,813.0,3,0,2643.0
95717.0,16154.0,726.0,27,0,16763.0
43015.0,2315.0,551.0,2,0,2356.0
78298.0,35405.0,691.0,18,0,34470.0
25025.0,30437.0,651.0,21,1,12587.0
54609.0,29787.0,698.0,1,0,28862.0
59005.0,26968.0,825.0,23,0,26422.0
65967.0,27909.0,646.0,3,1,11444.0
42391.0,23268.0,710.0,17,0,22845.0
37159.0,39686.0,701.0,10,1,5497.0
33467.0,16354.0,532.0,4,1,8639.0
42358.0,5757.0,652.0,24,0,5536.0
32583.0,15312.0,751.0,20,0,15426.0
47803.0,17365.0,830.0,12,0,17521.0
109232.0,6290.0,681.0,0,1,2993.0
77392.0,33521.0,553.0,8,1,20489.0
38719.0,36672.0,694.0,5,0,37309.0
52527.0,19425.0,749.0,26,0,20264.0
34786.0,36922.0,627.0,20,1,11679.0
51813.0,7130.0,717.0,16,0,7479.0
38988.0,15460.0,722.0,12,0,15988.0
42789.0,33341.0,732.0,9,0,33233.0
48308.0,27324.0,668.0,9,1,11788.0
24209.0,4321.0,626.0,8,0,4255.0
32562.0,14172.0,715.0,25,0,14712.0
31105.0,37906.0,619.0,29,1,15733.0
27839.0,30870.0,720.0,27,0,31947.0
68660.0,16793.0,658.0,22,1,11164.0
24095.0,2149.0,687.0,8,1,882.0
25628.0,25931.0,734.0,8,0,26745.0
75390.0,35628.0,611.0,26,0,37328.0
100398.0,16088.0,678.0,15,0,15763.0
66198.0,32885.0,663.0,2,1,12371.0
81414.0,20637.0,645.0,15,1,8415.0
56061.0,32596.0,600.0,6,1,7489.0
68089.0,8500.0,714.0,7,0,8729.0
67580.0,10618.0,749.0,10,0,10600.0
47741.0,32470.0,661.0,17,1,4009.0
75562.0,2766.0,721.0,16,1,1001.0
88782.0,36312.0,622.0,15,0,34500.0
57225.0,7191.0,670.0,24,0,7021.0
155323.0,11717.0,725.0,28,0,11912.0
80459.0,29526.0,737.0,5,1,6766.0
134732.0,3128.0,527.0,0,0,3191.0
56174.0,23859.0,709.0,5,0,23390.0
73326.0,19247.0,636.0,28,0,19224.0
24375.0,28612.0,692.0,26,1,6448.0
28946.0,14778.0,717.0,15,1,2983.0
34241.0,9600.0,727.0,0,1,2479.0
51609.0,7726.0,585.0,5,1,3719.0
48391.0,11277.0,686.0,27,0,11540.0
77159.0,2803.0,586.0,1,0,2890.0
27118.0,9443.0,641.0,25,1,3856.0
71640.0,26829.0,703.0,19,1,18318.0
41236.0,19106.0,757.0,1,1,7813.0
42813.0,39676.0,593.0,7,1,11767.0
65907.0,29506.0,612.0,13,1,4182.0
47248.0,17259.0,761.0,2,0,16702.0
53210.0,13212.0,709.0,5,0,13543.0
59181.0,26865.0,623.0,22,0,26028.0
42447.0,7138.0,750.0,1,0,7155.0
51042.0,25368.0,658.0,1,0,26462.0
51746.0,37433.0,652.0,11,0,37302.0
19734.0,12460.0,615.0,24,1,6266.0
45945.0,8452.0,712.0,11,0,8136.0
48827.0,37160.0,705.0,11,0,37756.0
36267.0,17634.0,827.0,13,0,18139.0
70100.0,22077.0,683.0,7,0,23168.0
50293.0,24826.0,650.0,25,0,24022.0
107581.0,3483.0,748.0,13,0,3437.0
89580.0,11533.0,699.0,14,0,11988.0
37362.0,16731.0,781.0,15,0,17251.0
73197.0,22612.0,641.0,27,0,22015.0
42234.0,10297.0,710.0,28,0,9844.0
43374.0,36289.0,577.0,7,1,14042.0
68980.0,29463.0,739.0,9,0,30887.0
56383.0,24731.0,681.0,26,0,23683.0
59697.0,14293.0,615.0,25,1,4837.0
48124.0,12355.0,648.0,20,0,12873.0
97893.0,30781.0,704.0,15,0,30570.0
56226.0,24624.0,601.0,24,1,11574.0
35909.0,12915.0,712.0,11,0,12786.0
42390.0,3189.0,613.0,15,1,2065.0
53768.0,9919.0,729.0,20,0,10208.0
36493.0,38109.0,820.0,15,0,37071.0
28874.0,20501.0,703.0,26,1,8825.0
34221.0,27388.0,651.0,12,0,26482.0
50665.0,15291.0,623.0,16,1,4518.0
49672.0,39227.0,699.0,14,0,39554.0
77821.0,37614.0,607.0,6,0,37386.0
23248.0,18839.0,628.0,27,1,6482.0
111062.0,30937.0,712.0,17,0,30658.0
73719.0,34208.0,715.0,6,0,33432.0
40163.0,34464.0,608.0,17,1,21197.0
73353.0,35031.0,677.0,4,0,36389.0
34212.0,6196.0,794.0,29,0,6041.0
48837.0,30529.0,779.0,29,1,8745.0
43052.0,11488.0,716.0,17,0,11043.0
32157.0,16741.0,696.0,11,1,3288.0
44254.0,19504.0,718.0,7,0,20426.0
103955.0,33479.0,705.0,14,1,4281.0
86218.0,20607.0,743.0,9,0,20369.0
34105.0,19938.0,733.0,19,0,19530.0
46563.0,8906.0,661.0,28,0,9194.0
66943.0,3719.0,651.0,2,1,2096.0
99283.0,3948.0,743.0,19,0,4061.0
54926.0,39096.0,747.0,1,1,11444.0
54571.0,14355.0,739.0,7,0,14197.0
56264.0,21110.0,713.0,27,1,8607.0
55136.0,8331.0,509.0,13,1,765.0
38446.0,8016.0,724.0,29,0,8002.0
30245.0,13338.0,747.0,15,1,9131.0
74521.0,25683.0,654.0,0,0,26386.0
91483.0,17657.0,715.0,25,0,16847.0
28805.0,34480.0,725.0,4,1,12311.0
30747.0,36653.0,734.0,1,1,16561.0
62693.0,33098.0,729.0,12,0,31452.0
37565.0,19636.0,506.0,29,1,2796.0
49581.0,11329.0,785.0,15,0,11878.0
26243.0,29832.0,586.0,10,1,17000.0
51924.0,22447.0,687.0,15,0,21482.0
25298.0,38438.0,662.0,22,1,12662.0
49240.0,34047.0,644.0,6,1,4946.0
57867.0,38830.0,662.0,4,1,4992.0
101126.0,12274.0,667.0,29,0,11967.0
49844.0,30309.0,630.0,25,1,10332.0
43719.0,33574.0,698.0,11,0,32757.0
44297.0,3012.0,719.0,22,0,2911.0
40008.0,35088.0,741.0,17,1,21213.0
24921.0,24660.0,710.0,14,0,25020.0
34760.0,27120.0,685.0,22,0,25782.0
90936.0,6207.0,623.0,13,0,6024.0
39664.0,11179.0,636.0,1,1,5234.0
31993.0,20075.0,568.0,0,1,6614.0
27486.0,16356.0,787.0,22,0,17161.0
79056.0,16120.0,672.0,16,1,4885.0
52321.0,9771.0,703.0,22,0,9603.0
33633.0,33857.0,647.0,29,1,2763.0
44117.0,4945.0,609.0,15,0,4807.0
39879.0,38553.0,562.0,3,1,2844.0
63718.0,15464.0,608.0,29,0,15521.0
86841.0,6066.0,729.0,10,0,6096.0
59003.0,13337.0,718.0,17,0,13863.0
62536.0,2268.0,713.0,4,0,2315.0
78825.0,33140.0,704.0,22,0,34755.0
37891.0,27245.0,789.0,28,0,26582.0
32810.0,13787.0,601.0,1,1,7466.0
46725.0,4773.0,729.0,20,0,4543.0
55986.0,33365.0,638.0,15,0,31988.0
53037.0,18326.0,808.0,11,0,18188.0
41778.0,9915.0,732.0,4,0,9861.0
32579.0,3179.0,726.0,26,1,2214.0
101868.0,12134.0,710.0,3,0,11622.0
42893.0,4548.0,625.0,4,0,4595.0
38321.0,4349.0,688.0,29,1,841.0
96719.0,26474.0,685.0,6,1,1487.0
48371.0,3773.0,665.0,27,0,3761.0
95540.0,30392.0,538.0,14,0,29075.0
30314.0,23665.0,565.0,9,1,2750.0
38121.0,33569.0,762.0,17,0,31909.0
52921.0,33796.0,647.0,27,0,32496.0
75808.0,4819.0,796.0,25,0,4698.0
50766.0,3283.0,630.0,15,1,1303.0
69020.0,4547.0,690.0,16,0,4692.0
47436.0,34893.0,766.0,17,0,34163.0
31226.0,25832.0,733.0,24,0,26079.0
35322.0,6558.0,700.0,14,1,4064.0
52735.0,17434.0,726.0,26,0,17430.0
37474.0,29823.0,601.0,2,1,11008.0
43386.0,16520.0,683.0,0,0,15976.0
32133.0,21917.0,753.0,19,0,22326.0
50282.0,3727.0,687.0,11,0,3913.0
70487.0,2068.0,794.0,3,0,2042.0
37578.0,17409.0,796.0,10,0,16737.0
58090.0,3950.0,663.0,18,0,4077.0
47777.0,27341.0,784.0,11,1,15862.0
45717.0,34552.0,480.0,7,1,12446.0
35634.0,15889.0,675.0,9,1,7030.0
100729.0,14842.0,730.0,7,0,14357.0
36500.0,38915.0,643.0,11,1,17948.0
45925.0,11352.0,662.0,1,1,1336.0
50425.0,21141.0,662.0,18,0,21051.0
27919.0,15880.0,618.0,6,1,10065.0
42707.0,12149.0,729.0,24,0,11715.0
88971.0,36827.0,803.0,17,0,37572.0
77685.0,19098.0,556.0,9,1,11287.0
101505.0,13712.0,611.0,14,1,5493.0
54041.0,18055.0,626.0,16,0,18361.0
82004.0,27317.0,745.0,3,0,26749.0
95648.0,28337.0,624.0,20,0,27142.0
71844.0,10051.0,662.0,24,1,1496.0
34848.0,36251.0,835.0,15,1,4621.0
73504.0,12675.0,652.0,12,0,12765.0
104241.0,24250.0,675.0,29,0,25368.0
59463.0,6625.0,624.0,25,0,6399.0
47460.0,29260.0,668.0,2,1,8859.0
21607.0,5508.0,639.0,15,0,5571.0
46713.0,11882.0,724.0,20,0,11507.0
25070.0,12880.0,676.0,6,0,12444.0
66423.0,8942.0,627.0,22,0,8780.0
77443.0,28322.0,593.0,22,0,27925.0
42795.0,28228.0,669.0,27,1,17042.0
110914.0,9645.0,635.0,26,0,9212.0
78921.0,9414.0,564.0,29,0,9154.0
52374.0,38020.0,696.0,11,1,3932.0
41494.0,26771.0,551.0,28,1,8753.0
58646.0,37172.0,639.0,21,1,15864.0
37693.0,15721.0,701.0,4,0,15396.0
65212.0,16735.0,750.0,0,0,17205.0
169158.0,36487.0,551.0,13,1,6297.0
31015.0,39767.0,656.0,24,0,37829.0
35853.0,20583.0,629.0,28,1,12460.0
41141.0,36762.0,706.0,17,0,37002.0
54810.0,4264.0,693.0,2,0,4296.0
33862.0,32800.0,696.0,14,1,9600.0
26736.0,33676.0,757.0,2,1,10583.0
113900.0,39528.0,683.0,13,0,39982.0
37777.0,24348.0,639.0,21,1,14306.0
87503.0,19833.0,672.0,7,1,5584.0
53439.0,34438.0,690.0,6,0,35818.0
74479.0,5076.0,682.0,3,0,5032.0
41070.0,27252.0,620.0,13,1,5618.0
36338.0,33068.0,679.0,19,1,2613.0
31747.0,19367.0,703.0,21,1,5075.0
36200.0,23038.0,647.0,15,1,4528.0
58081.0,31786.0,777.0,27,0,32682.0
39593.0,4797.0,679.0,4,1,1275.0
43598.0,13060.0,745.0,12,0,12966.0
41245.0,6403.0,762.0,21,0,6367.0
68272.0,16863.0,737.0,13,0,17192.0
45019.0,26157.0,753.0,18,0,24967.0
52452.0,21472.0,618.0,15,1,6038.0
30418.0,37385.0,676.0,7,1,19734.0
69863.0,27662.0,674.0,22,0,27920.0
32985.0,33812.0,735.0,17,1,9829.0
86375.0,28173.0,785.0,4,0,28193.0
29638.0,32652.0,656.0,12,1,14409.0
47927.0,15492.0,669.0,23,1,9604.0
81203.0,31901.0,533.0,20,1,7164.0
36213.0,20807.0,852.0,19,0,21473.0
91318.0,27039.0,664.0,20,0,27327.0
44354.0,16733.0,621.0,5,1,7278.0
60498.0,8085.0,778.0,11,0,8159.0
41329.0,37987.0,597.0,20,1,15090.0
34912.0,19853.0,657.0,23,1,6380.0
47471.0,30076.0,672.0,18,0,29339.0
65572.0,2878.0,684.0,18,0,2760.0
24891.0,33564.0,689.0,14,1,15447.0
53738.0,8688.0,692.0,11,0,8314.0
58030.0,27651.0,667.0,11,1,1888.0
22616.0,24416.0,556.0,11,1,14514.0
47971.0,28017.0,623.0,10,1,1759.0
62083.0,6125.0,840.0,0,0,6070.0
45226.0,26874.0,601.0,19,1,12761.0
55169.0,23448.0,605.0,12,0,23501.0
69426.0,28418.0,647.0,3,0,27309.0
87116.0,30987.0,612.0,29,0,29666.0
41186.0,13715.0,730.0,23,0,13263.0
59186.0,23275.0,675.0,11,0,22741.0
83678.0,25169.0,627.0,7,1,3601.0
62628.0,27257.0,659.0,4,0,27564.0
33811.0,27098.0,685.0,2,0,26259.0
53785.0,37731.0,693.0,3,1,11717.0
36885.0,18268.0,688.0,26,0,18019.0
37485.0,32632.0,693.0,18,1,20278.0
65602.0,37192.0,641.0,17,1,21741.0
27226.0,32719.0,732.0,25,1,21328.0
46998.0,17447.0,710.0,28,0,17501.0
38386.0,10151.0,716.0,10,1,6742.0
38868.0,15540.0,739.0,18,0,15907.0
81006.0,12185.0,678.0,24,0,11833.0
48963.0,24306.0,736.0,2,1,5593.0
98283.0,18876.0,777.0,9,1,3611.0
66286.0,20570.0,688.0,17,1,13331.0
68130.0,25223.0,608.0,11,0,24476.0
38705.0,24484.0,551.0,26,1,12478.0
32311.0,31238.0,718.0,24,1,9710.0
92807.0,35692.0,625.0,0,0,34738.0
44814.0,38976.0,635.0,4,1,11477.0
80115.0,8865.0,709.0,28,0,8664.0
85726.0,4892.0,622.0,17,1,1152.0
33237.0,31435.0,785.0,5,0,32981.0
49433.0,9188.0,780.0,24,0,9540.0
39003.0,36338.0,650.0,18,1,10099.0
30629.0,10421.0,693.0,0,0,10619.0
39203.0,23705.0,630.0,17,0,23105.0
78722.0,30652.0,767.0,10,1,10588.0
26064.0,25503.0,713.0,13,1,1749.0
61902.0,26083.0,694.0,10,1,5888.0
55353.0,37138.0,672.0,22,0,38302.0
38903.0,9663.0,678.0,4,0,10014.0
53066.0,6994.0,775.0,10,0,7234.0
56514.0,23242.0,750.0,18,0,23742.0
36552.0,13667.0,681.0,17,0,13916.0
66667.0,9513.0,594.0,1,1,4474.0
81319.0,30270.0,665.0,15,0,31117.0
34886.0,4840.0,738.0,11,0,4763.0
48891.0,21203.0,616.0,24,1,4067.0
51298.0,29692.0,575.0,2,1,18856.0
67400.0,14805.0,671.0,11,0,15107.0
102310.0,6342.0,689.0,3,1,1027.0
108542.0,35093.0,673.0,13,0,34477.0
39446.0,16071.0,627.0,5,1,4249.0
30077.0,26509.0,621.0,13,1,4391.0
34341.0,33376.0,740.0,4,1,20846.0
67789.0,28737.0,638.0,5,1,5396.0
64148.0,12297.0,642.0,29,0,12875.0
130912.0,12637.0,773.0,4,0,13109.0
126819.0,34771.0,607.0,11,0,34518.0
67529.0,39764.0,645.0,3,1,10531.0
56888.0,21333.0,650.0,5,0,21030.0
40370.0,30357.0,812.0,4,0,30404.0
69016.0,21103.0,668.0,18,0,20183.0
52924.0,12297.0,806.0,25,0,12877.0
39545.0,18555.0,725.0,25,0,17923.0
