m00,m01,m02,m03,m04,m05,m06,m07,m08,m09,m10,m11,m12,m13,m14,m15,m16,m17,m18,m19,m20,m21,m22,m23,m24,m25,m26,m27,m28,m29,label
-0.61,-1.272,-1.335,-2.084,-0.164,0.861,-0.197,1.819,-0.532,1.284,-0.264,-1.33,0.724,-0.249,1.388,-0.458,0.294,0.323,-1.585,-0.132,0.61,-0.439,-0.923,0.581,0.494,0.323,-0.567,-0.161,-0.298,1.982,0
-0.623,-0.547,-0.267,0.52,-0.145,-0.333,1.559,0.936,-1.087,-0.262,1.246,0.429,-0.24,0.812,-1.123,0.61,-0.525,0.363,0.655,0.547,0.13,0.824,-1.776,1.421,0.16,0.67,0.7,-0.568,0.984,-1.619,0
-0.897,-0.23,-1.066,-0.712,0.874,0.179,1.708,-1.37,-0.788,0.601,1.997,1.238,-1.568,-1.459,1.26,-0.447,-0.762,-0.666,-0.113,-0.139,0.801,-2.49,-0.246,0.187,-1.812,-0.64,-1.068,0.513,0.284,-0.02,0
1.207,1.179,0.548,-0.158,-0.011,0.313,0.653,0.101,-0.022,0.847,1.343,1.055,1.437,0.364,1.109,-0.158,0.842,-0.123,-0.787,0.992,-0.649,0.224,-0.073,-0.011,-0.066,0.625,1.231,1.274,0.295,1.562,0
-1.832,-0.339,1.184,-0.382,0.925,1.401,-0.397,-0.258,0.314,-1.486,-0.671,-1.106,-0.568,0.973,0.739,1.216,1.15,0.334,-1.267,-0.083,0.026,-1.39,0.533,0.573,1.491,2.42,-0.591,-1.291,-0.955,1.202,1
1.976,-1.904,-0.593,0.045,-1.331,-0.551,-0.508,1.912,-0.62,-0.923,0.216,0.758,0.971,-0.968,-2.019,-1.269,-0.007,-0.304,-0.219,0.759,0.182,1.737,-0.778,-1.041,-1.574,1.994,0.817,-0.886,-1.365,0.154,1
-0.181,1.034,0.501,-0.324,0.325,-0.554,-0.603,-0.526,0.074,0.719,0.828,1.627,0.67,0.553,0.946,1.664,-0.923,2.726,-0.436,0.964,-0.576,0.125,0.345,-1.418,-0.032,-0.387,0.5,0.121,0.073,0.055,1
1.178,1.238,-1.256,-0.334,-1.065,-1.167,-0.524,0.65,-0.527,-0.185,2.035,-0.806,0.069,1.031,0.735,0.678,0.546,0.991,0.443,0.478,-0.528,-0.051,-1.083,0.626,-0.073,0.666,-0.482,0.564,-0.444,1.535,1
0.992,0.729,-0.37,-0.888,1.703,0.296,1.462,-1.622,0.291,0.952,0.175,1.859,1.256,-0.744,-1.096,-0.447,0.472,0.098,-0.333,-0.075,-1.047,-0.891,-0.057,-1.454,0.649,1.551,-1.56,-0.452,-1.421,-0.017,1
-1.2,-1.988,-1.233,-0.246,0.169,-1.93,0.807,0.973,-0.603,0.361,0.619,0.5,0.422,0.583,0.379,0.771,0.132,-0.374,2.027,-0.829,0.614,-0.47,0.644,1.603,0.819,0.161,0.657,-0.226,1.478,0.439,0
0.223,0.199,0.566,-0.848,-1.024,2.103,0.578,-0.376,-0.672,0.593,0.507,-0.441,0.635,-0.106,0.297,1.357,0.436,-1.764,1.645,1.137,-0.804,0.911,0.378,-1.904,-0.306,-1.207,1.21,-1.283,-0.274,-0.958,0
-2.83,0.031,0.576,-1.143,1.881,0.161,-0.821,1.264,3.102,1.007,1.65,0.434,0.961,1.742,0.902,2.738,-0.096,0.588,-0.306,-1.709,1.663,-0.556,-0.957,1.029,0.73,-0.395,-1.197,0.768,-1.177,1.739,1
-1.246,0.435,-0.037,-1.317,-1.012,0.577,0.367,0.897,1.425,-1.2,-1.416,-0.52,-0.198,-0.74,0.353,0.058,-0.266,0.735,1.553,-0.602,0.514,-1.001,-0.388,-0.784,0.804,-2.256,1.347,-0.551,0.355,0.021,1
-2.327,-0.125,-1.179,0.342,-1.208,-0.24,-0.642,-1.15,-0.447,0.142,0.115,0.695,-0.113,-1.953,0.705,0.23,-1.184,-0.166,-0.155,-1.004,0.084,-2.415,0.253,-1.053,-0.112,-0.605,-0.711,1.684,1.03,-0.131,1
0.322,-0.374,0.898,-0.596,-0.857,2.599,1.239,1.838,2.093,-1.744,0.378,0.487,3.504,0.229,-0.982,0.214,0.115,0.906,1.311,-0.695,0.298,-0.116,0.823,-0.612,-2.626,1.208,0.547,-0.012,0.239,-1.122,1
0.682,-1.144,-0.172,1.007,-0.359,-0.552,-1.179,0.051,0.73,-0.24,0.355,0.329,0.403,-0.209,-1.233,0.461,0.417,0.261,-1.292,0.994,-0.068,-0.452,0.408,1.808,1.173,-0.338,-0.933,0.108,-1.392,-0.1,1
-2.701,0.115,0.068,-0.883,-1.143,0.131,0.202,1.551,-0.409,0.072,-1.433,-0.169,0.095,0.547,-0.361,-1.707,-1.575,-0.134,0.249,-0.333,0.413,0.463,0.229,-1.706,1.224,1.032,-0.567,-1.504,0.121,0.044,0
0.391,-0.0,1.495,0.013,2.277,0.544,-0.61,-0.537,1.93,1.224,-1.618,-1.269,-0.393,-0.073,1.39,-0.211,0.345,0.32,0.176,0.894,0.561,1.586,-1.273,0.506,-0.62,-1.258,-1.33,-1.162,0.89,0.397,0
-0.799,-1.223,0.979,1.216,0.352,-0.11,-0.465,0.404,0.42,-0.112,-0.166,-0.051,-0.441,0.031,-1.506,0.063,-1.555,2.54,-0.785,2.045,1.053,1.709,-0.281,-1.189,-0.628,-0.042,-1.089,-0.144,1.957,-0.256,1
1.165,-0.503,2.305,0.893,-1.641,-1.079,0.478,-0.24,0.233,0.926,-1.208,0.101,0.206,-0.399,0.482,-1.163,-2.141,-0.206,-1.973,-0.877,-0.201,0.76,1.851,0.178,-0.669,0.35,-0.059,0.793,1.409,-1.212,1
-2.277,-0.187,0.57,-2.306,-1.085,-0.257,-0.471,-0.295,-2.467,0.882,-1.984,-1.064,1.54,0.38,-2.082,0.661,-0.95,-0.44,1.165,1.151,-3.081,-2.314,-0.557,-0.772,1.261,-1.415,-0.817,-2.318,1.225,-0.555,0
-0.43,0.201,1.144,0.047,0.382,0.503,-0.831,1.307,0.012,-0.66,0.065,-1.976,-0.042,1.016,2.26,-1.411,-0.364,-0.817,0.393,1.178,-0.74,-0.05,0.737,0.692,0.269,0.261,-1.388,-0.618,-0.956,-0.475,1
-0.735,-0.966,-0.209,-0.014,-0.759,-0.839,0.02,0.333,-0.846,1.552,-0.466,0.324,-2.016,0.265,-0.154,-0.787,-0.434,0.67,0.017,0.16,0.269,0.352,-0.551,-0.66,0.603,1.826,1.245,0.867,0.651,-0.547,0
-0.851,-0.551,0.061,0.297,2.392,1.277,0.214,-0.107,-0.464,0.726,0.591,-0.194,-1.534,0.438,-1.508,-0.837,-1.144,0.237,0.773,-1.15,1.846,0.976,-0.682,0.425,0.444,1.633,0.32,1.974,0.757,2.909,1
0.794,-2.243,0.146,-0.015,-0.053,0.795,0.319,0.719,-0.617,-1.307,1.2,-0.158,1.718,-0.111,1.278,-1.363,0.388,-2.162,-1.275,0.616,-0.727,0.492,1.448,-0.925,0.376,-1.699,0.999,-1.908,-0.405,-0.692,0
0.536,1.466,-0.488,1.047,-0.149,-1.874,-1.571,-0.159,-1.899,-1.183,-0.34,-1.188,0.428,-0.569,0.771,-0.806,0.417,-0.547,0.218,-0.308,-0.303,2.342,-0.958,1.568,0.424,2.174,-0.121,-0.7,0.187,1.669,1
0.456,0.525,-0.78,0.792,0.523,1.703,-0.957,1.576,-0.593,-0.062,-0.288,-0.986,-1.243,-0.971,-0.743,0.295,0.117,-0.174,-0.139,0.219,-0.093,-1.164,0.227,1.186,-1.856,1.211,0.6,-1.402,-0.392,0.897,0
-0.154,-0.131,-1.217,0.141,0.095,0.457,-1.09,1.115,1.246,-1.376,-1.576,-0.841,-0.36,-0.691,-0.029,0.323,-0.237,-0.303,1.502,0.089,0.888,-0.35,0.388,-0.98,2.369,-0.733,-1.813,0.641,1.063,1.398,0
1.062,-0.336,1.933,-1.425,0.657,-2.767,-0.691,-1.517,0.453,-0.062,-1.044,-0.241,-0.363,0.251,-0.38,0.176,1.055,-0.157,0.441,-0.623,1.275,-1.303,-0.02,0.482,-0.662,-0.716,-0.586,-0.477,0.395,0.885,1
0.988,-1.766,-2.593,1.764,-1.384,-0.25,-0.23,2.703,1.052,0.824,-1.191,-0.904,0.356,0.254,-0.557,1.803,0.49,0.199,0.443,-0.474,0.268,0.08,-0.388,0.454,-0.494,1.139,0.429,0.537,2.213,2.195,1
0.168,-0.862,-1.751,-0.342,-1.015,1.335,-0.427,-1.561,-0.249,1.92,0.375,-1.941,1.133,1.922,0.195,-0.696,0.386,-0.522,-0.254,-1.027,1.817,1.491,0.843,0.833,1.615,1.151,-0.109,0.077,0.57,0.508,0
0.694,-0.624,0.765,0.991,-1.339,-0.345,-0.587,0.109,-1.602,-0.923,1.078,-1.465,-0.572,0.378,0.574,1.251,-0.801,-0.771,-1.451,-1.039,-0.095,0.548,-0.127,-0.173,0.231,0.011,0.276,0.672,0.139,-0.382,1
-1.738,-0.455,1.405,-0.311,-0.344,0.496,-0.529,0.995,0.2,-0.863,-0.039,1.938,0.421,1.434,-0.71,0.327,-0.29,1.421,0.903,1.691,0.41,0.322,-0.293,-0.9,0.626,-0.895,1.275,1.072,0.227,1.351,1
0.662,0.966,2.045,0.227,0.414,-0.126,-1.424,2.407,-1.116,-1.107,0.559,-0.433,1.033,-0.558,0.544,0.681,-1.152,0.754,0.128,0.173,-1.287,-1.299,2.369,-0.465,0.229,-1.568,-1.524,-0.871,1.339,-0.023,0
-0.067,1.515,1.788,-1.421,0.841,0.979,-0.953,-1.501,-0.741,-1.606,0.53,0.432,-0.65,-0.207,0.477,-0.664,0.307,-0.74,0.525,0.45,0.476,0.813,-0.236,-0.189,1.66,-0.333,-0.286,1.874,0.175,0.361,0
1.071,-1.618,-0.736,0.711,0.232,-1.535,-1.933,0.981,0.391,-1.953,1.2,-1.021,-1.967,0.698,0.069,-0.519,0.234,0.977,-2.252,-0.184,-1.132,-0.647,0.074,0.849,0.253,-1.597,-0.195,-0.493,-1.968,-0.147,1
1.72,1.519,-0.742,-1.201,0.977,-0.329,0.677,-0.109,0.035,-2.011,-0.122,-0.399,-0.632,0.203,-0.102,0.856,0.705,0.412,0.325,0.061,2.041,-0.168,0.602,-0.72,-0.395,-0.243,0.511,0.958,0.14,-1.384,0
-0.95,1.103,-0.585,-0.212,-0.046,0.349,1.515,0.374,0.801,-0.844,-1.137,-0.48,-0.946,0.509,-0.734,0.46,0.872,-0.589,-0.47,1.022,1.871,0.097,-0.679,0.421,0.159,2.792,0.922,-0.23,-1.783,-0.123,1
-0.44,-0.038,0.777,-0.88,1.154,-1.337,-0.778,0.128,0.841,0.246,-0.845,1.051,-0.847,-1.413,-0.102,1.171,0.634,0.443,0.659,-0.479,-0.438,-1.284,0.62,1.008,0.758,-0.87,1.248,0.533,-0.091,1.095,0
0.884,0.969,1.695,-0.496,-0.758,1.435,-2.291,0.397,-0.568,-1.239,-0.023,1.501,-0.301,0.513,-1.86,-1.658,0.677,0.554,0.418,0.239,0.834,-0.04,0.219,1.045,-1.283,-1.062,1.077,-0.179,0.178,2.259,1
-0.436,0.723,0.177,-0.371,0.342,0.152,-0.638,0.671,-0.059,0.588,-0.684,-2.094,-0.412,0.414,1.369,1.008,-1.933,1.666,-0.544,1.056,-0.207,-1.565,-0.893,-0.31,0.21,0.65,0.093,0.041,-0.85,1.044,1
-1.287,1.878,1.505,-1.276,-0.863,0.723,0.058,-2.308,-0.596,-0.426,-0.54,1.157,-0.405,1.212,0.577,0.55,0.727,0.027,0.548,-1.114,-0.31,-1.41,-0.838,-0.581,0.96,-0.131,-0.955,0.22,0.013,-0.238,1
0.806,-1.617,-0.138,0.767,0.124,1.407,-0.607,1.482,1.271,0.654,-0.26,0.449,0.745,0.122,-1.979,0.06,-0.651,1.342,0.34,-0.857,-1.948,-1.585,-0.744,1.521,0.309,1.164,0.103,0.426,1.34,-0.607,0
0.738,2.215,0.293,0.223,-1.213,0.37,-1.854,-0.743,0.781,-2.555,-0.549,1.084,-0.881,-0.438,-0.833,0.406,-0.126,0.86,-0.334,-1.035,0.477,0.625,0.067,-0.445,1.934,0.195,-1.805,-0.522,-0.574,-1.011,1
0.674,0.728,0.319,0.152,-0.674,-1.475,-1.501,-0.872,-0.86,-0.215,-1.268,-1.869,-0.717,-0.656,0.529,-0.35,-0.968,1.355,-1.085,0.016,1.248,-0.043,0.957,-0.092,0.415,-0.744,0.055,0.25,-0.077,-0.629,0
1.52,1.138,0.991,0.403,-0.66,1.128,0.739,0.494,0.982,-0.41,0.364,-0.734,-0.692,0.063,0.173,0.139,0.13,-0.616,0.13,0.356,-0.643,-1.305,-0.419,-0.826,-0.599,1.836,0.31,0.167,0.839,0.332,0
0.945,-0.326,-1.331,0.983,1.472,-0.821,1.016,0.37,0.585,-1.665,1.509,0.671,-0.146,-0.362,-1.4,0.303,-0.07,0.252,-0.486,0.973,-0.511,-2.133,-0.655,-0.324,2.029,0.327,0.19,0.31,-1.112,-0.585,1
-0.792,-1.539,-2.305,-0.375,0.058,0.141,0.417,0.815,-0.363,2.014,1.11,0.491,0.789,1.602,0.451,0.941,-0.082,-0.613,-0.273,-0.462,-0.767,0.3,-1.913,-0.643,-0.53,1.406,-0.114,0.543,0.256,-1.192,0
-1.09,1.253,-1.37,0.289,1.186,-1.24,0.439,0.388,0.379,1.049,1.109,0.872,-0.505,0.307,0.358,-1.583,0.758,1.398,-0.45,-0.401,0.521,-1.094,0.711,-0.941,-0.677,-0.535,0.821,0.184,-0.626,-1.138,0
0.441,0.415,-2.089,-1.17,-0.363,2.195,1.195,-0.172,1.605,-0.548,0.726,-0.622,0.897,-0.712,-0.157,1.074,0.017,-1.255,-0.486,-0.021,-0.495,0.267,-0.048,-1.078,-0.456,1.37,-0.392,1.698,0.416,-0.486,1
0.466,0.638,1.249,-3.177,-1.814,1.001,-0.642,-0.279,0.263,-0.314,-0.159,-0.036,-1.261,1.261,-1.448,0.303,-0.144,0.668,0.244,0.956,-2.032,0.357,-0.211,-1.641,0.67,0.378,0.233,0.499,-0.023,-1.552,1
-1.284,0.446,0.845,-0.313,0.577,-1.41,2.245,-0.555,-0.599,-0.234,0.861,-0.625,0.452,1.792,-1.209,0.839,-0.93,-1.183,2.003,0.328,-0.729,-0.865,0.598,-0.989,1.218,0.863,-0.204,1.266,-0.493,2.654,0
-1.442,1.022,0.189,-1.569,0.489,1.039,0.257,-0.993,0.73,0.063,0.994,0.383,-0.668,-1.031,-0.733,0.723,-1.45,0.789,0.494,-0.163,0.65,0.546,0.555,-1.103,-0.419,2.884,1.369,0.196,0.026,-0.175,0
1.765,-1.315,2.289,0.13,-2.748,1.155,0.259,-1.909,0.524,0.955,-1.272,2.542,-0.587,-0.835,0.532,-0.112,0.203,-1.275,-1.097,-0.752,0.13,0.874,0.298,-2.227,-1.207,1.229,-1.051,-1.69,-0.235,1.374,0
0.395,-0.859,-0.753,-1.007,0.008,-3.025,1.592,0.726,-1.415,-0.47,-1.123,0.767,0.695,-0.251,1.184,-0.51,1.873,-1.435,-1.453,-1.111,-1.227,-0.394,-2.672,-0.799,0.782,0.466,-2.731,-1.071,-0.138,0.103,1
1.829,-2.218,1.456,0.722,-0.42,-0.166,-0.274,0.298,0.662,1.852,1.113,-2.157,0.064,-1.105,-0.531,-0.153,2.33,-1.478,1.078,0.185,0.112,-1.074,0.852,-0.49,-0.691,0.644,1.301,-0.601,-1.156,-0.672,1
1.022,0.578,-0.835,0.953,-0.745,-0.73,0.419,-0.072,-0.135,-1.105,2.45,0.258,0.242,-1.293,1.57,-0.254,0.788,-0.69,0.013,0.25,0.476,-0.58,-1.075,-0.52,0.48,-0.253,0.963,0.645,0.761,0.961,0
1.612,-2.115,0.497,-0.495,-2.077,1.255,0.277,-0.585,-0.36,-0.684,-0.329,1.341,-1.707,-0.273,-0.676,-0.124,0.595,0.466,-2.179,0.234,-1.668,0.892,-0.9,-0.142,1.048,0.799,-0.233,-0.529,-1.063,-0.952,0
0.303,-0.161,1.314,-2.066,0.374,0.524,-0.131,-0.735,2.085,-1.242,-0.102,-0.412,-0.515,1.507,-0.851,0.749,-0.079,-0.756,-0.523,-1.249,1.284,0.41,0.143,1.185,-0.219,1.006,0.9,1.106,-0.028,-0.105,1
0.037,-1.783,-1.944,-0.42,1.403,0.047,-0.368,1.545,0.449,0.585,-2.11,-1.145,-1.956,1.528,0.692,0.932,-0.175,-1.398,-0.159,-0.236,-0.019,-0.727,2.029,0.621,-0.572,-1.698,1.013,-0.687,-0.183,1.748,1
-0.199,-1.691,-0.459,-0.487,2.791,-0.508,-0.292,0.039,0.64,0.194,-1.072,0.442,-0.764,0.329,-1.125,-1.621,-1.17,-1.233,-1.886,-0.66,0.687,-0.565,0.789,-2.327,-1.282,1.494,-0.227,-1.89,-0.935,-0.224,1
1.775,-0.668,0.933,-1.711,0.458,1.123,-1.715,-0.872,0.376,-1.322,-1.138,-1.117,-0.531,-0.422,1.292,-0.1,1.156,0.06,-0.83,2.891,1.553,-1.022,-1.015,-1.058,-0.72,1.02,1.648,1.283,1.155,0.862,1
0.07,0.391,0.336,-0.684,-0.268,0.822,-1.144,0.498,1.833,0.964,0.226,0.316,1.602,1.526,0.208,-1.044,0.699,-0.081,-0.216,0.649,0.939,1.394,0.529,-0.746,0.16,0.395,-0.754,-0.181,-1.348,0.55,1
0.347,-0.437,0.215,0.679,-0.268,-1.255,0.184,-0.252,2.816,0.439,-0.492,1.508,-0.172,-0.773,-0.079,-0.915,-0.706,0.074,0.559,0.753,0.476,-1.566,0.974,-0.947,-0.399,0.193,-0.568,-0.101,0.308,1.103,1
0.853,-0.573,1.307,-0.498,-0.48,-0.506,0.098,-2.12,-0.731,0.902,0.878,0.012,-0.621,-2.811,-1.734,0.258,0.201,1.496,0.994,-0.474,0.234,-2.144,1.482,-0.918,1.981,1.689,-0.26,-1.073,-0.76,0.763,0
-0.32,-0.78,0.587,0.823,-0.223,0.33,1.927,-1.092,2.119,-1.577,1.816,-1.291,0.948,0.531,-0.584,0.862,-0.203,0.295,-0.751,0.424,0.769,2.158,-0.717,0.189,1.173,0.296,1.434,1.186,-0.721,-0.604,0
-0.699,0.064,0.725,-0.895,-0.389,-1.339,0.63,-0.083,-0.255,-0.59,-0.819,-0.651,0.224,-1.509,-0.742,-0.19,-1.417,0.176,-2.344,0.295,0.429,1.221,-0.401,-1.599,-1.541,0.097,-0.377,-0.143,-0.357,-0.231,1
1.633,0.32,0.615,0.034,-0.01,-1.21,1.982,0.577,0.816,0.645,0.194,1.036,0.4,1.772,-1.385,1.248,1.362,-0.605,-2.875,-1.375,0.651,-1.529,-0.424,-0.626,-1.779,-0.664,0.102,-1.756,0.199,0.312,1
0.125,-0.118,1.275,2.235,-0.504,-1.084,-0.211,-0.583,-0.442,-2.251,0.181,1.814,-1.013,0.547,0.633,1.291,-2.357,-0.51,1.463,0.447,-0.257,1.734,0.032,-1.821,-0.108,0.11,0.786,0.233,1.535,-0.296,0
-1.045,0.675,1.055,0.302,-1.351,0.312,1.953,0.751,1.225,-1.121,1.213,0.373,0.988,0.735,0.428,-0.075,-0.812,-0.688,0.157,1.016,0.856,-1.125,-1.187,-1.504,0.328,0.649,-0.082,-0.491,0.892,-1.302,0
1.976,-1.718,1.395,1.466,0.238,-0.209,-2.086,0.754,0.094,1.887,1.513,0.642,2.062,0.928,1.868,0.12,0.782,0.335,-0.718,0.65,0.587,-0.06,-1.231,0.244,-1.201,-1.266,-0.825,0.855,0.191,-1.291,0
-0.659,0.026,-1.03,1.004,-0.488,-0.459,-0.368,-1.18,0.175,1.746,1.095,-0.149,1.041,0.549,0.481,0.148,-0.988,-0.193,-0.095,0.281,0.538,1.315,0.168,-0.138,-0.095,0.701,0.142,-0.739,-0.293,0.805,1
2.507,-0.854,-1.28,-0.833,0.683,1.214,-1.769,-0.041,-1.784,1.494,0.614,0.694,-0.583,0.693,-0.032,-0.25,-0.539,1.532,1.14,-0.014,0.93,-0.352,0.242,-0.226,0.199,-0.578,0.711,-0.262,2.404,1.972,1
1.696,-0.856,0.832,1.081,1.689,1.736,1.11,1.431,-2.211,-0.315,0.249,1.766,-0.527,-2.937,-0.962,-0.593,-1.449,-2.607,-0.54,-0.155,0.233,2.614,1.693,0.584,-0.412,2.291,-1.428,-0.67,-0.762,0.094,1
1.361,0.147,0.348,-0.398,0.47,0.305,-1.157,1.214,-0.483,-0.403,1.444,-1.125,0.226,0.76,1.286,0.214,-2.806,1.599,0.911,-1.145,-0.114,1.022,0.682,1.241,0.532,0.271,-1.314,0.591,0.643,-0.818,1
0.937,-2.024,0.23,-1.173,-0.896,0.85,0.679,-1.93,0.869,-0.213,-1.287,0.258,-0.781,0.01,0.476,-0.591,0.356,-0.138,0.261,-0.494,-0.211,-1.726,-0.104,-0.768,-0.493,0.354,-1.652,-0.803,0.506,-0.044,0
1.86,-1.587,0.434,0.009,-0.052,0.494,-1.192,-0.578,1.882,0.231,-0.298,0.397,0.962,-0.543,-2.188,1.096,-0.709,-0.141,0.911,0.629,-0.407,0.063,-0.109,-0.65,-0.127,-1.999,-2.521,-1.546,-0.018,-0.49,0
-1.183,-1.474,-0.564,0.583,-0.311,0.573,0.506,-0.369,0.853,-0.107,2.165,0.415,0.609,-1.502,-0.41,-0.538,1.384,0.323,-0.432,0.111,0.393,0.137,1.296,1.182,-0.122,-0.211,-0.019,-1.078,0.248,-0.2,1
-0.806,-0.326,1.52,0.312,-0.925,-0.92,0.753,-1.003,0.329,0.134,-1.515,1.902,-0.182,0.143,-0.718,0.283,-0.237,-0.542,-0.246,0.131,-1.17,0.891,-0.498,-0.615,0.85,0.944,1.829,-0.684,-1.458,0.543,0
-0.332,-1.234,1.169,0.36,-0.21,0.416,-0.748,-1.21,-0.132,0.765,1.562,0.271,1.313,-1.124,0.313,0.653,-0.048,-1.264,1.676,0.579,0.607,-0.413,-0.223,-2.017,0.167,-1.616,0.039,-0.035,0.487,-0.514,1
1.012,0.626,0.833,-1.227,-1.269,-0.229,-0.452,-0.396,-0.397,1.281,0.742,0.471,-0.576,0.16,0.096,1.342,-1.468,-0.538,-0.51,0.92,0.078,0.992,-1.643,-0.867,0.514,0.427,0.021,1.003,-1.411,1.35,0
-0.808,-1.648,0.71,0.25,-0.907,0.689,0.372,0.02,-0.32,-0.325,0.628,1.288,-1.421,0.063,-0.733,-0.558,-0.877,2.332,0.349,0.738,-1.161,0.602,1.831,1.936,-0.113,-1.365,-0.775,1.126,1.293,-0.755,1
0.147,-1.546,-0.245,0.583,-0.595,-0.169,-0.353,-0.47,-0.19,0.577,0.022,0.334,-0.465,-0.557,-1.261,-0.179,-0.452,-1.846,-2.531,0.79,2.15,0.802,0.297,0.828,1.282,0.448,-0.491,-0.58,1.308,0.803,1
0.991,-1.103,-0.233,0.232,-0.522,0.018,-0.937,-2.853,-0.229,0.513,1.22,0.401,0.693,-0.802,-1.594,0.92,-0.219,-0.257,-0.285,0.437,-0.393,0.752,0.053,0.127,-0.662,-0.456,-0.055,-0.455,-0.155,-0.974,1
-0.899,-0.485,0.145,-1.332,-0.353,-0.534,1.041,-0.836,-0.167,-0.721,-0.493,1.299,0.433,-1.179,-0.677,2.139,-1.225,0.979,-0.02,-0.431,-1.41,-0.773,0.652,0.473,-0.743,1.996,0.784,-0.567,0.552,1.93,0
0.176,-0.211,-0.515,-0.639,0.874,-1.114,-0.367,-0.629,-0.71,-0.924,-0.279,-0.783,-0.016,-0.194,-0.035,-0.122,-0.61,-1.138,-0.443,-0.493,0.029,0.498,-0.532,-0.765,1.662,0.858,-0.746,2.164,0.631,1.291,1
-0.239,-0.406,1.015,-1.221,0.826,0.447,-1.119,1.417,1.423,-0.07,-0.957,-0.039,-0.316,0.382,0.792,-0.245,-0.892,0.05,2.139,0.402,1.22,-0.331,-0.469,0.648,1.076,0.524,0.756,0.444,-0.466,-0.732,1
-0.24,0.053,-0.932,0.158,-0.368,2.297,1.882,0.998,-0.491,0.218,0.104,0.605,0.269,0.716,1.043,-1.008,-0.969,0.045,-0.467,-1.458,1.259,-1.654,0.127,-0.968,0.795,-0.795,-0.176,0.965,0.43,-0.259,0
-0.094,-0.596,0.454,0.451,-1.58,-0.782,-0.074,-0.852,0.17,0.457,-0.51,0.689,0.335,-1.057,0.143,1.748,-0.612,0.771,-0.383,-2.642,-1.132,0.055,0.769,1.368,-0.685,-0.298,-0.947,-0.808,1.515,1.47,1
0.728,-1.121,-1.734,1.569,0.219,0.346,-1.175,1.289,-0.416,0.199,0.945,-0.576,-1.025,0.417,1.597,0.455,-1.103,-1.07,0.962,-0.378,-1.729,0.091,-1.135,0.466,0.487,-0.172,-0.661,-0.43,-0.717,-0.558,1
0.509,-0.28,0.652,-0.201,-3.111,-0.195,1.414,0.426,-1.214,-1.333,-0.087,0.495,0.15,1.208,0.624,0.25,1.004,-0.837,1.708,1.187,0.756,-1.274,-0.62,1.54,0.377,-1.291,-1.008,-0.635,1.177,0.575,1
-2.249,0.141,1.224,-1.486,-0.162,1.068,-0.773,0.815,-0.649,-0.608,-0.609,-0.245,-2.204,-0.65,-0.512,0.945,-1.597,-0.225,1.419,1.794,-0.612,1.503,1.969,0.804,2.852,0.832,1.837,-0.494,0.912,1.274,0
1.336,-1.94,-0.096,1.268,1.497,0.949,-0.123,-0.909,-0.823,1.609,-0.137,0.226,0.537,0.617,-0.927,0.382,-0.36,0.251,-0.542,-1.384,0.814,1.572,0.298,2.376,-1.988,-0.394,0.094,-0.861,-0.361,-0.601,1
-2.779,0.53,2.739,0.445,0.756,0.499,0.594,-0.08,-0.828,-1.527,-1.489,-1.319,-0.588,0.86,0.266,1.352,-0.145,0.103,-1.812,0.866,0.807,-1.161,-1.602,0.354,0.369,-1.671,0.01,-0.422,0.45,-1.662,1
1.44,0.328,-0.559,-0.146,0.199,-1.342,-1.301,0.313,-1.153,0.562,-0.256,1.181,0.142,1.23,-0.607,-1.085,-1.013,0.764,-0.653,0.149,1.185,0.765,0.786,2.017,0.164,-0.852,2.109,-0.819,0.328,0.379,1
-0.098,-2.034,-0.535,-1.414,-2.04,0.097,0.56,0.765,0.424,0.496,-0.09,0.078,-1.057,-0.166,0.319,-1.495,-0.403,-0.455,-0.914,-0.82,-1.708,-1.112,-0.786,-0.915,-0.256,0.518,0.537,-0.313,-0.289,1.745,1
-1.09,-1.952,-0.458,0.975,-0.18,0.075,0.925,-1.058,-0.058,0.402,-1.226,-1.029,-1.038,0.979,-0.487,-1.131,0.611,1.615,-1.09,0.425,1.093,-0.498,1.29,0.847,-0.249,1.4,0.098,0.057,-0.756,1.521,0
0.869,-1.914,-1.099,-1.316,-2.366,1.114,-1.083,-0.111,1.754,1.174,-0.421,-0.514,0.198,0.863,0.104,-0.928,-0.946,0.081,0.784,0.224,-1.937,1.02,0.388,-1.022,-0.882,-2.422,-0.031,0.069,-0.382,0.733,0
0.861,-0.287,0.188,-0.776,0.789,0.106,1.029,1.338,-1.217,0.746,-0.856,1.682,-1.022,-0.411,-1.335,0.303,0.145,0.83,-1.023,-0.448,-0.842,0.223,-0.376,-1.674,-0.571,-1.139,-0.469,-0.676,-2.003,-1.011,0
-0.7,0.302,1.707,0.919,-0.382,-1.444,-0.523,-2.267,-1.684,0.371,0.058,-0.194,-0.591,-0.118,-1.726,1.257,0.465,0.171,-1.466,0.265,0.706,-0.197,-0.631,1.086,-0.941,0.443,-0.662,0.324,-1.495,-0.178,1
0.129,-0.288,-0.792,-0.944,0.026,-2.109,-1.333,0.795,-0.161,-0.029,0.514,0.132,-0.127,-1.068,-1.904,0.579,0.214,2.187,0.031,-0.175,-0.588,0.641,0.02,-0.306,-0.41,0.967,-0.7,1.437,-0.758,-0.402,0
0.482,-0.182,-0.121,-0.73,-0.1,0.447,1.363,-1.063,-0.773,2.157,-0.05,-0.049,-0.506,1.746,0.084,-0.504,-0.59,0.898,1.069,0.243,1.578,0.325,-0.231,-1.351,0.61,0.558,-1.317,-1.247,1.397,0.266,1
-1.88,1.127,-0.887,-0.828,0.04,1.737,0.934,1.449,-0.139,-2.531,1.291,-1.15,0.825,-1.808,-0.171,1.011,-1.939,-0.829,1.506,-0.131,-0.819,-1.61,0.919,-1.622,0.11,-0.028,-0.543,-0.057,-1.121,-0.218,0
0.853,0.513,1.087,-1.353,-0.799,-0.336,-1.082,-1.964,1.707,0.748,-1.547,0.024,1.567,-1.616,0.222,1.436,2.628,1.078,-0.333,-0.433,0.899,-1.637,-0.231,1.049,-0.687,1.74,0.056,-0.929,-1.363,-0.357,1
-0.654,-0.351,0.608,0.043,0.923,2.192,-0.837,-1.044,0.226,0.4,0.972,1.234,-0.68,-0.544,-0.199,0.551,0.553,0.135,1.206,0.414,-0.555,-2.023,0.855,0.549,0.466,0.275,-0.758,0.053,-0.178,-1.826,0
1.328,-1.07,1.281,-0.12,-1.081,1.804,1.704,1.865,2.983,-1.156,1.395,-1.103,1.598,1.219,0.17,-0.35,-0.836,0.286,0.989,-1.726,0.784,-1.478,0.79,-1.503,0.008,1.287,-0.95,0.167,-0.101,-0.774,0
-0.205,1.064,1.01,-1.425,-1.169,0.2,0.787,0.492,-0.093,-0.041,1.266,0.112,1.306,0.051,-0.352,-1.467,1.019,0.212,1.795,1.89,-0.215,-1.11,0.207,0.705,-1.797,-0.421,1.373,-0.1,1.047,0.377,0
0.903,-1.266,-1.054,-0.528,-0.436,2.151,-0.822,-0.735,-0.481,0.355,1.17,0.214,-0.267,0.733,-0.533,1.029,-0.755,0.628,0.158,-0.946,-1.608,-1.751,-0.751,1.424,-0.84,0.669,0.085,1.062,-1.063,-0.005,1
-0.408,1.336,-0.6,-0.601,-0.248,-0.695,0.445,0.043,-1.069,-1.738,1.88,1.492,-0.388,1.329,1.556,-0.362,-1.053,-3.567,1.341,0.716,-0.77,-0.155,1.286,0.309,0.429,1.432,-0.705,0.836,0.224,-0.07,1
0.58,1.917,-1.465,-1.256,0.847,-0.702,-2.538,-1.735,0.126,-0.026,0.865,0.467,1.321,-1.244,-0.921,1.231,0.419,-0.212,0.878,0.609,-0.471,-1.695,0.585,-0.908,-0.338,-0.778,0.878,-0.837,-1.787,-0.281,1
0.713,0.977,0.142,-0.887,-0.829,0.167,1.216,0.331,-0.369,-1.861,1.392,-2.753,-2.559,-0.505,0.806,0.198,0.276,0.208,-1.735,0.858,1.591,-0.204,-0.755,0.166,1.271,-0.869,-0.66,-1.094,-0.556,-0.723,1
0.722,1.086,-0.641,1.605,0.467,0.979,-0.146,0.419,0.855,0.093,-1.408,1.342,0.931,-1.886,-1.237,-0.76,-0.225,-0.138,-1.862,-1.516,1.645,-1.154,-0.482,0.251,2.314,0.733,0.177,-0.333,0.668,-0.817,0
0.801,1.369,0.92,0.193,0.3,-0.587,0.756,-0.229,-0.51,-0.281,0.943,-3.588,-0.372,-0.228,0.688,1.046,1.493,-2.011,-0.609,1.574,-0.431,-0.661,-1.586,0.207,0.698,1.009,-1.342,1.566,2.067,1.872,1
-0.386,2.155,1.233,0.422,0.119,-0.765,1.558,0.535,-0.454,0.323,-1.658,-1.612,-2.437,1.505,0.174,0.524,-2.804,-1.288,0.779,-0.488,-1.691,1.753,-0.34,1.915,-0.591,1.339,-1.559,0.934,-0.06,0.206,1
-0.183,-1.583,-0.536,1.471,0.565,-1.388,0.042,-0.184,0.141,-0.812,0.337,1.332,-0.653,-1.026,0.51,-1.33,0.565,0.307,1.842,-1.888,0.509,-0.196,0.38,0.239,-2.003,1.767,0.04,0.216,-0.833,-1.855,0
0.366,0.259,0.484,-1.088,-0.016,1.169,-0.897,-0.387,0.129,0.646,0.518,0.957,-0.159,0.753,0.486,1.592,-1.082,-1.479,0.297,1.759,1.42,0.798,0.279,0.709,-0.476,-1.239,-0.452,0.091,1.68,-1.524,1
-0.088,0.251,2.033,1.039,-0.787,1.123,0.789,-1.758,0.193,0.728,1.201,-0.723,0.463,-0.168,0.008,1.134,-0.126,-1.158,0.251,0.058,-0.085,0.181,0.292,0.412,-0.146,-0.07,0.891,-0.793,-0.484,-0.402,1
1.371,0.762,1.492,-0.193,0.336,0.873,0.977,1.663,0.026,-0.488,1.769,-0.237,-0.551,-1.076,0.325,0.948,1.288,-0.533,-0.388,-0.477,-0.335,-0.271,-0.043,0.002,-0.101,-0.017,-0.366,0.021,-0.402,-0.302,1
-0.563,0.25,-0.376,1.738,-0.93,-0.13,0.447,0.785,-0.554,-1.863,1.518,-1.747,0.711,0.203,0.95,-2.216,-1.425,1.132,-1.799,0.259,0.041,-0.614,-1.012,-1.127,0.744,-1.38,-0.33,0.388,-0.433,-1.501,1
1.197,1.434,1.029,0.712,-0.298,1.202,0.797,-2.694,-0.56,-0.997,0.357,1.552,1.721,-1.45,1.246,0.377,-0.052,1.087,0.661,-1.124,-0.201,1.016,0.407,-1.478,1.767,-2.331,0.263,-0.177,-0.399,-1.227,1
1.634,-2.108,0.207,0.646,-1.371,0.047,0.311,-0.24,0.065,2.017,-0.687,0.025,-1.23,0.528,0.888,-1.005,0.215,-0.478,-0.904,1.778,1.318,0.233,0.004,0.842,2.885,-0.211,1.014,-0.163,0.513,0.657,0
-0.347,-0.938,1.603,-0.0,0.697,-0.742,0.931,0.254,-0.927,-0.123,0.138,2.386,-0.599,0.161,0.396,0.369,0.214,-0.105,-0.197,0.939,-0.567,0.206,-0.249,-0.61,0.418,-0.502,0.111,0.423,-0.177,-1.035,0
-0.922,0.314,-0.906,-0.206,1.411,-0.285,-2.241,-1.5,0.51,-0.531,1.344,0.606,0.932,-0.206,2.003,-0.864,-1.219,0.281,0.063,-0.696,-0.899,-0.322,-0.704,-0.147,0.622,1.5,0.666,-0.157,-1.316,0.921,0
-0.544,-1.032,-1.634,0.308,0.573,-0.356,0.919,1.479,1.2,0.709,1.113,-0.918,-0.355,-0.097,-1.288,2.457,0.014,1.568,-0.651,-0.357,-1.29,0.312,-0.241,-0.615,0.031,-1.224,-1.106,-0.481,-1.021,1.705,0
-0.649,0.85,0.633,-0.215,2.632,0.339,-0.177,-1.403,0.034,-1.523,0.359,0.809,0.765,-0.663,-0.279,-2.106,0.299,-0.989,0.099,1.095,-0.035,-0.737,-0.437,0.238,-0.193,-0.597,-0.014,0.032,0.464,-1.122,1
0.473,1.226,0.62,-0.693,1.635,0.148,-1.181,1.718,0.527,-0.24,1.445,1.164,1.763,1.482,-0.374,0.543,-0.356,2.451,-0.739,-1.1,1.123,-1.758,-0.061,1.224,0.887,-0.473,1.441,-0.187,-0.618,-0.065,0
-0.559,-0.241,0.763,0.898,-2.084,0.15,-1.624,-0.718,1.714,0.58,0.597,0.356,0.605,1.801,0.465,0.87,0.081,-0.576,0.066,0.201,0.771,0.811,2.201,0.131,-0.31,0.992,1.187,1.795,-2.258,0.223,0
1.755,1.197,-2.325,-1.193,-0.994,0.297,0.17,1.092,-1.552,1.236,1.439,-0.145,2.299,0.431,0.149,-0.991,-1.159,0.815,-0.103,-2.081,-1.581,0.618,1.246,1.572,-1.8,-0.006,-1.048,0.231,0.822,0.01,0
0.559,0.286,-1.137,-1.452,-1.283,1.209,-0.894,-0.617,-0.75,-0.32,-0.708,1.989,0.523,1.501,-0.386,0.638,0.361,-0.067,0.088,2.26,-0.758,2.279,0.347,-0.493,-0.046,1.102,1.613,0.836,-1.63,0.01,0
-1.013,1.84,-0.753,0.136,-2.123,1.349,0.254,-0.699,0.679,0.29,1.304,0.736,-1.196,0.539,-1.993,-0.163,0.041,1.804,-1.243,0.496,-0.62,0.971,-0.481,-1.741,0.246,1.217,-0.069,-0.191,-0.977,1.565,0
0.689,0.122,1.089,0.43,-0.805,-0.991,-0.034,-0.494,-1.483,-0.992,0.859,0.136,-0.347,1.517,-0.541,0.381,-0.342,0.09,0.42,0.893,0.077,1.478,0.324,-0.987,0.384,1.145,-0.256,-0.075,0.123,1.518,1
0.405,-1.17,-1.628,0.553,-0.81,0.236,-0.487,-1.503,-0.306,-1.357,-0.828,-0.098,-2.013,0.692,-1.419,0.411,-0.655,-0.878,-0.914,-0.953,-2.182,-0.49,-0.093,-1.248,-0.275,0.263,-1.31,1.683,0.018,1.156,1
1.251,0.628,0.909,0.115,-0.839,-0.919,2.198,0.13,-0.859,0.936,0.073,1.478,0.606,-0.337,0.065,0.224,-1.775,-2.564,0.813,1.172,-0.254,0.216,0.634,-0.405,0.323,-0.103,-0.231,-0.628,0.844,1.302,0
-0.389,-1.379,1.623,0.537,1.534,-0.08,-0.823,-0.533,0.471,-0.295,0.495,0.086,0.071,-0.63,1.253,-0.352,0.213,1.295,2.292,-1.128,0.768,0.932,0.997,-0.082,0.077,0.061,0.628,0.299,-0.384,-1.407,0
-0.76,-2.957,-0.057,0.828,-1.912,1.015,-1.344,-0.578,-0.207,-1.22,-0.399,1.045,1.656,-0.338,-0.462,-2.834,-0.219,1.766,1.352,-2.183,1.332,0.309,-1.73,-0.61,-1.623,-0.007,-1.373,-1.356,-0.442,-1.708,0
-0.87,0.378,-0.672,-0.299,-0.198,1.507,0.049,0.223,1.06,0.87,0.274,-0.327,0.515,-1.895,-0.187,0.351,0.574,-0.312,-2.27,-0.961,0.597,-0.289,-0.257,1.049,0.032,0.656,-0.61,-0.22,0.136,-0.292,0
-0.044,-1.701,-0.523,-1.359,-0.522,0.346,-1.067,-1.816,0.295,-0.798,-1.882,1.767,-2.073,0.82,0.005,-1.605,0.991,0.367,-0.475,-0.544,-0.263,0.895,-1.188,-1.212,1.392,-1.342,-0.594,1.47,-0.029,-0.519,0
-0.378,0.71,-2.537,-0.223,0.459,-1.782,0.622,-2.512,1.714,0.305,-0.324,-0.181,0.834,-1.723,1.277,0.38,-1.697,-0.613,0.697,0.479,-1.32,-0.367,-0.054,0.31,-0.052,-0.818,-1.049,0.002,0.728,0.629,0
-0.943,0.362,-2.109,1.333,1.399,0.145,0.8,-0.315,-1.404,-0.037,1.819,0.213,-1.908,-0.167,-0.56,0.791,1.126,0.515,0.215,-0.836,-1.194,-1.959,-0.766,0.001,-0.143,-0.395,-0.189,0.038,-0.871,-0.39,0
-0.793,1.456,0.512,-0.072,-0.015,-0.779,-0.737,-1.045,-1.969,2.189,-0.768,2.064,-2.226,-0.898,0.679,-0.577,-0.93,0.275,0.841,-0.598,-1.753,-1.177,-0.993,1.289,-0.423,-0.648,-0.482,0.07,0.869,-0.282,1
0.589,0.773,1.542,-0.075,-0.925,2.094,0.816,1.939,0.662,-0.604,-0.641,0.429,1.79,0.205,2.338,0.969,1.597,0.068,0.707,-0.5,-0.051,0.784,-0.491,-0.362,-0.601,1.06,0.524,-0.233,-1.245,1.326,0
0.156,-0.214,0.378,-0.722,-0.659,-0.763,-1.596,0.013,0.504,0.304,-0.914,0.407,-1.976,0.735,-0.764,-0.799,0.804,1.686,-0.593,-0.011,1.581,-0.252,0.156,-1.111,1.389,0.327,0.211,-0.315,-0.03,0.038,0
-0.818,-1.188,0.508,-0.392,-0.226,0.221,1.231,1.221,1.499,1.311,-1.29,0.568,0.066,1.361,0.96,1.286,0.247,-0.168,0.039,0.04,-2.132,-0.142,1.223,-0.229,0.247,0.015,-0.063,0.395,1.67,0.966,0
0.977,-0.367,0.388,0.421,0.273,1.94,0.944,0.004,0.878,1.18,-0.123,0.014,1.54,-1.842,-1.341,-0.226,0.318,1.833,-2.475,0.816,0.762,1.427,-1.014,1.704,0.039,-0.408,0.326,0.052,0.746,0.634,0
1.037,0.342,-0.077,-0.747,0.912,-0.465,0.274,-0.591,-0.537,-0.569,-2.264,-0.954,1.762,0.055,0.434,-0.409,-0.371,0.064,-0.05,0.523,-0.866,0.866,-0.289,-0.426,-0.381,-0.057,0.144,0.356,-0.558,1.85,1
-0.663,-1.515,-2.635,-1.495,-2.345,0.8,0.154,1.323,-0.687,1.705,-1.38,-0.553,1.538,0.648,0.494,1.738,1.667,0.602,0.657,-2.389,-0.305,0.504,-0.627,1.326,0.758,1.231,-0.481,-1.134,-0.051,-1.258,0
-1.941,0.06,-1.814,0.214,1.106,2.277,0.642,2.097,-0.833,-0.84,-0.66,0.088,0.682,-0.683,-0.049,0.424,-1.735,0.723,-0.707,0.1,0.453,0.535,0.03,1.998,-2.027,-1.874,0.107,0.117,-0.839,-0.491,0
0.737,0.173,-0.276,1.504,-1.61,-0.448,1.038,-0.534,-1.156,0.142,0.562,-1.115,0.335,-1.877,-0.532,0.969,1.41,-0.424,-0.735,1.708,-0.591,-0.231,0.015,0.223,0.797,-0.308,0.959,0.591,-1.635,0.146,0
-1.05,1.629,0.593,0.825,0.161,0.65,-0.597,0.454,0.025,-3.105,-1.489,-1.805,0.439,-0.281,-0.585,-0.777,-0.674,-0.171,2.559,0.342,-0.642,1.825,0.947,0.306,-0.396,0.065,-1.028,1.789,1.325,1.347,0
-0.219,0.871,-0.387,0.032,0.038,-0.203,1.046,-0.532,-0.252,-1.932,0.461,1.891,0.372,-2.438,-0.428,-0.642,0.221,0.494,0.593,0.06,2.795,0.393,-0.694,-0.554,-1.163,0.496,-0.696,0.046,-0.56,0.817,0
0.379,-0.91,0.362,-0.847,0.888,1.964,-1.679,-0.672,1.581,1.28,0.468,-0.883,0.341,-1.644,-0.776,-0.42,-0.788,1.424,0.604,-0.819,-0.867,0.593,0.845,1.383,-0.719,-0.522,0.373,-1.256,2.852,-0.103,1
-0.917,-0.569,-1.165,0.593,-0.436,-0.964,-1.283,0.286,1.06,0.466,0.988,0.369,-0.997,-0.318,-0.084,0.238,1.028,-1.063,-0.696,0.231,0.052,-0.349,0.438,-0.876,0.541,1.242,-0.825,-0.723,-0.857,-0.378,0
-0.449,1.246,0.178,-0.756,0.413,-0.202,1.09,2.313,-0.894,-0.848,-1.768,0.625,0.281,0.462,0.075,-0.947,3.42,-0.825,0.832,0.81,0.017,0.17,1.72,-1.113,-1.015,-1.024,-0.365,0.885,0.949,0.574,1
-0.606,0.483,-2.178,1.414,0.713,-0.67,0.005,-0.444,-0.627,0.143,-0.144,2.145,-0.484,0.725,1.138,-1.052,-0.3,0.402,0.275,-0.083,1.959,0.263,-0.918,0.187,1.537,-0.381,-0.792,-0.951,-1.374,1.003,0
-0.731,0.726,1.113,0.218,-0.105,-0.293,0.594,1.564,-0.497,1.422,0.069,0.555,-1.165,0.147,0.304,0.572,0.197,0.733,0.117,-1.252,0.382,0.832,-0.645,0.236,-1.583,-1.208,1.388,-2.342,1.208,1.239,0
-1.809,2.677,0.645,-0.259,-1.401,-0.288,0.314,0.843,0.539,-0.169,-0.562,1.825,1.616,1.36,0.78,1.913,-0.16,1.087,0.671,-1.05,0.71,-0.281,-0.644,2.12,0.737,0.561,1.691,-0.355,0.427,1.086,1
0.282,-0.806,-1.734,-0.29,1.143,0.92,-0.128,0.843,-0.299,-0.18,-0.159,-0.912,-0.43,0.31,0.619,1.87,-0.166,-1.159,0.562,1.029,1.065,-0.767,1.034,0.803,-1.603,0.096,1.557,-0.562,-0.445,0.058,0
0.581,1.227,1.358,-0.928,-1.33,-0.148,-0.311,0.971,0.046,-0.467,1.141,-0.627,-0.16,0.8,1.101,0.327,1.093,0.062,-0.283,1.351,0.258,1.088,-0.046,1.221,-1.838,0.419,0.572,0.062,0.008,-0.667,0
0.398,0.009,2.051,0.792,-0.44,-1.077,-0.076,0.475,-0.383,-0.939,1.098,-0.93,-0.125,-1.082,-0.71,-0.395,-0.3,0.134,-0.343,0.339,0.07,-0.246,0.055,-0.111,0.733,-0.88,-0.025,-0.529,0.417,-0.513,1
2.026,0.875,-0.7,0.899,0.085,0.33,-1.052,-2.202,0.178,0.509,-2.505,-1.21,-0.735,-0.335,0.984,1.661,-0.611,0.708,-0.469,0.405,-0.017,-0.344,-0.262,0.127,0.604,2.34,-0.491,-0.0,0.473,1.413,1
1.488,-0.711,-0.441,-0.168,-0.022,-0.905,-0.997,0.283,0.502,-0.632,-0.275,-0.363,3.039,-0.171,-0.56,-2.798,0.576,1.338,0.236,-0.487,0.626,-0.519,0.021,-1.147,-2.155,-0.413,-1.142,0.158,-0.56,1.527,1
-0.283,0.01,-1.45,-0.136,-0.083,0.986,-0.042,1.153,-0.208,0.235,0.346,-0.137,0.221,0.214,-2.195,0.493,-1.029,-0.457,0.322,0.922,0.568,1.328,-1.608,-0.718,0.427,1.31,0.334,1.88,-0.403,0.521,0
1.294,1.114,1.959,-0.979,-1.549,-0.176,-1.115,-0.537,1.01,0.478,-0.346,-0.308,-2.007,0.713,0.36,2.231,-0.008,1.241,1.704,2.15,0.082,0.686,0.917,-0.629,-0.423,0.894,-0.513,1.149,0.388,-0.575,1
-1.246,-0.784,-0.269,0.385,-0.543,-0.825,0.605,-0.775,0.412,1.06,-0.897,-0.566,-1.087,1.889,0.244,0.32,1.819,-0.898,-0.781,-0.012,1.461,0.711,1.751,-0.361,1.5,-0.471,-0.156,-1.683,-0.347,1.485,1
0.314,1.263,-1.312,-0.91,1.792,0.529,0.647,0.285,-0.627,1.345,-0.274,-0.883,2.647,-1.171,0.747,2.094,-0.095,0.896,1.617,0.749,0.153,1.374,-0.408,0.154,-1.816,-1.037,2.246,-0.446,1.639,-0.127,0
0.892,-0.065,0.786,-0.437,-1.192,0.898,0.618,0.292,1.72,0.439,-1.223,-0.103,-1.309,-0.232,1.158,0.313,-0.686,-0.594,0.37,0.459,-0.086,-0.317,-0.834,1.661,-0.061,-0.381,0.488,-0.087,-0.386,1.353,0
-0.438,-0.002,0.12,0.258,1.494,0.011,1.464,-0.038,-0.675,-1.327,0.084,0.568,-0.62,0.502,-1.375,-1.079,-0.285,-1.691,1.249,-0.871,0.385,0.277,0.207,1.889,0.524,0.265,-0.588,0.904,-0.498,0.698,1
0.685,-1.273,0.881,-2.022,-0.063,0.288,0.584,1.662,-0.126,-0.381,-1.382,0.875,-0.488,-1.121,0.91,-1.538,-0.002,0.677,-0.53,-0.289,-1.499,-0.734,0.536,-0.731,-1.017,-1.149,0.042,-1.068,-0.392,1.175,1
-0.12,-0.617,0.671,0.023,-0.367,-0.823,-1.319,-0.806,1.07,1.412,0.044,-0.753,-1.079,-0.424,0.113,-1.851,0.179,0.589,-0.885,-0.184,0.091,1.36,-1.049,-1.66,-1.572,1.475,-0.471,0.545,-0.014,1.371,0
-0.969,-0.102,-0.701,-0.135,-0.076,-0.357,-0.415,-1.395,-0.331,1.215,0.45,1.125,-2.11,-0.675,1.939,0.079,-0.029,-0.64,-0.761,-0.133,-0.567,0.371,-0.465,-0.798,0.054,0.064,-1.847,0.317,0.574,0.658,1
1.295,-0.045,-0.065,-1.965,-0.729,-0.185,0.37,-0.218,-0.476,1.12,-0.563,-0.12,0.286,-0.033,1.45,0.883,-0.233,-0.726,0.612,1.207,0.185,1.571,-0.067,-1.678,0.199,-2.133,-0.354,0.19,0.357,-1.636,1
-0.238,0.583,-1.811,0.936,0.428,0.685,0.57,0.487,-0.852,-0.82,-0.458,-0.995,-1.058,-0.86,-0.179,-0.545,0.647,-0.552,-0.164,0.289,0.29,-2.85,0.344,0.112,-0.041,-1.036,-0.694,0.715,0.499,-0.73,1
-0.71,0.594,1.7,-1.513,-1.936,-0.861,-0.275,0.381,1.205,0.899,-0.234,-0.762,0.05,-0.541,-1.811,-0.911,0.32,0.672,0.63,1.718,-0.213,-2.048,-0.449,-1.046,0.096,-0.041,-0.074,-0.094,-1.123,1.146,1
0.418,2.442,0.918,-0.693,0.592,-0.662,2.225,0.16,-0.156,-0.644,1.754,-0.353,-1.162,-0.562,-1.451,1.571,0.237,-0.427,-0.665,-0.163,-0.019,-1.123,0.211,2.252,0.753,0.926,0.309,0.204,-1.709,0.896,0
-0.47,-0.032,-0.27,-1.044,0.119,0.409,0.365,-1.239,1.425,-0.339,1.137,1.34,-0.441,-0.658,0.345,-0.283,1.766,-0.324,0.975,0.438,0.031,-1.437,0.209,-0.529,-0.589,0.575,1.56,1.009,-1.159,0.745,0
0.811,-0.679,-0.727,1.057,0.189,-0.609,-1.988,-0.397,-1.65,-0.857,1.57,-1.093,-1.105,0.032,-0.504,0.954,0.062,-0.168,-0.179,-0.311,-0.946,-1.074,1.686,-0.174,-2.122,1.636,1.497,-0.277,-1.103,-0.525,1
0.634,-0.497,0.094,0.271,-0.521,-0.31,0.878,-1.219,-1.807,-0.356,-0.715,1.453,0.696,0.387,0.046,0.668,-0.418,-0.16,-0.351,-1.209,1.465,-1.006,0.53,0.423,-1.496,-0.747,-1.186,0.992,0.5,0.249,0
0.632,-1.273,0.353,-0.297,-1.309,-1.857,1.762,-0.07,-0.497,1.022,0.073,1.607,1.045,0.197,-0.135,-3.197,0.256,0.132,0.029,0.394,0.958,-2.286,1.158,1.475,1.323,0.489,0.49,0.515,1.328,0.1,1
1.516,0.509,-0.485,-0.641,2.091,-2.074,0.162,0.696,-0.497,0.197,-1.286,-1.369,0.025,0.626,-0.558,-1.727,0.532,-1.147,-0.052,-0.628,-0.045,-1.248,1.715,1.201,0.856,-0.536,0.565,1.733,0.344,-0.462,0
0.409,0.149,-1.414,0.414,-0.964,-0.17,0.469,-2.535,0.455,0.028,-1.308,-0.64,0.296,0.656,2.56,0.536,-1.078,2.012,0.661,-2.224,2.648,0.821,1.329,-0.454,2.166,-0.959,-0.878,-0.323,0.33,-1.345,1
0.191,-0.415,0.749,1.72,1.828,2.272,-0.065,-1.202,-0.133,-0.523,-0.34,1.108,0.446,0.425,-2.298,-0.007,-1.068,0.31,0.104,-0.922,-0.027,0.661,0.337,-1.01,1.114,-0.4,-0.595,-0.326,0.361,0.392,0
-1.059,0.96,-0.332,0.666,-1.124,-1.785,0.196,1.563,0.804,0.839,1.561,-0.26,0.049,0.832,0.36,0.693,0.493,-0.378,-0.357,-0.806,0.072,1.664,-0.529,-0.656,0.351,-0.647,0.144,0.871,0.417,-1.551,1
-0.001,-0.762,0.759,1.571,-0.813,0.295,-0.743,-0.147,-0.274,0.084,-1.171,-1.067,-0.389,-0.46,-0.568,0.252,1.358,0.0,-0.813,0.88,-0.884,-0.818,-0.352,-2.226,-0.073,0.065,-0.238,-1.262,-0.001,1.692,0
0.156,-0.667,0.496,-1.576,0.927,-0.643,0.112,-0.02,0.165,-1.076,2.086,-0.337,2.01,-0.615,0.284,-0.117,0.961,0.492,0.327,0.037,-1.547,-1.485,0.569,2.039,-0.517,1.727,0.036,0.169,0.497,-0.095,1
0.999,1.73,0.818,-1.576,-2.794,-0.72,-0.062,0.791,-1.525,0.252,0.223,0.376,-1.086,-0.77,0.001,-0.646,1.298,-1.916,-0.219,0.513,1.063,-0.271,0.794,-0.266,0.788,-0.159,1.326,1.557,1.316,-0.805,0
-0.47,0.861,-0.569,0.832,1.053,-0.416,-0.386,-0.686,1.637,-1.044,0.473,0.754,0.474,-0.837,0.672,-1.868,-0.898,2.216,0.033,0.129,-0.37,-0.996,-1.183,1.218,-1.275,0.344,0.443,-0.208,-0.208,0.22,0
0.371,0.897,0.243,-0.004,-0.522,1.578,-0.002,0.166,-0.209,0.987,0.762,-0.918,-0.849,1.301,-0.485,-1.261,-0.147,0.477,0.369,-0.469,-0.737,0.55,0.094,-0.945,0.19,-0.471,-0.583,0.404,1.05,-0.33,0
-2.162,-0.75,1.047,0.059,0.632,-0.591,-0.063,-0.754,2.003,0.275,-0.71,-0.534,2.058,0.726,-0.579,0.124,-1.473,1.1,0.008,-0.805,-0.065,0.482,0.896,-0.656,-0.648,-0.267,0.86,-0.059,-1.087,-0.004,1
0.524,1.678,-0.816,-0.69,0.355,-0.615,0.504,1.505,-1.336,-0.297,1.573,-0.004,-0.726,-1.348,-1.014,-1.225,0.138,-0.63,-0.49,3.051,0.913,-0.216,1.278,0.791,0.176,-1.192,-1.738,-2.368,1.098,0.16,0
-1.577,-0.147,0.057,2.104,0.142,-0.168,-0.302,0.117,0.858,0.172,0.665,0.562,-0.931,0.764,-0.251,0.103,0.385,0.053,0.69,-0.991,-1.136,-0.697,0.789,-1.482,0.772,-0.038,1.382,0.103,0.972,1.337,0
-0.36,0.376,-0.6,-1.164,-0.585,-0.413,1.637,0.193,0.99,-0.408,-0.99,0.092,0.422,1.69,1.568,-0.538,-0.686,-0.04,-1.403,-0.176,-1.241,1.477,0.389,-2.587,-1.701,0.234,0.809,0.999,0.997,-0.822,0
0.317,-1.827,0.124,0.512,-1.148,0.714,1.041,0.834,-0.803,0.036,0.835,-1.106,2.277,-0.801,1.145,-0.788,-1.706,1.283,-1.688,-1.072,-0.195,-0.161,1.334,0.168,0.752,-0.513,-0.479,0.731,0.263,0.716,0
-0.311,-0.579,0.911,-1.275,-0.333,-1.398,-0.621,-2.703,-0.437,-0.895,-0.654,0.766,-0.792,0.908,-1.62,1.439,1.491,0.066,-0.223,-0.159,0.366,-0.465,1.455,-1.122,-0.048,1.046,0.164,0.466,-0.253,-0.048,0
-1.601,-0.329,-1.062,-0.288,-0.822,0.341,-0.729,-1.074,1.992,0.874,0.24,0.489,-0.763,1.019,-0.49,-1.2,-0.457,0.45,0.392,-0.546,-1.78,1.967,2.478,-1.472,-1.106,0.358,1.115,1.199,-0.465,0.016,1
-0.224,-0.856,0.237,0.131,-2.167,-1.057,0.292,-0.315,-0.181,0.066,-0.261,-0.655,-1.398,0.585,-1.319,-0.54,0.138,1.304,0.219,2.38,0.96,-0.514,1.74,1.892,0.155,1.708,0.518,1.045,-0.523,1.762,0
-0.798,0.395,0.722,-1.271,0.507,-0.012,0.721,0.946,1.766,-0.167,-1.049,-1.24,-0.302,-0.315,0.421,1.459,-1.886,-0.497,-0.838,-0.958,0.703,-0.48,0.273,1.366,-0.635,-0.196,0.114,-1.638,0.146,0.4,1
1.951,1.193,0.612,1.936,0.715,-0.751,0.55,0.018,0.391,1.049,0.494,0.699,-0.537,0.112,0.362,0.448,0.123,0.893,1.309,0.269,1.208,0.436,0.248,0.615,2.356,0.925,-0.682,0.323,-1.674,-0.591,1
-0.258,-0.94,1.756,-1.891,-0.816,0.155,0.533,-1.2,-0.045,0.463,-0.477,-0.622,0.626,-0.332,-0.815,-1.632,1.393,-1.455,-0.715,0.117,-0.206,0.788,-1.553,-0.527,0.278,-0.979,0.675,-0.848,-0.307,-0.449,1
-1.693,0.262,-0.469,1.117,-2.112,0.731,0.428,0.655,-0.718,-2.069,0.318,0.569,1.042,-0.41,0.309,0.219,0.632,-0.156,0.933,-0.915,1.042,2.424,0.576,-1.541,-0.875,0.173,-0.428,0.195,0.008,1.374,1
-0.412,-1.502,-1.122,-2.275,0.683,-0.831,2.511,0.928,2.172,0.291,1.611,0.946,0.964,1.119,-1.043,0.666,-0.122,-0.506,0.311,-1.648,-1.145,0.719,-0.196,-1.152,-1.419,0.733,-0.795,-0.57,0.408,-0.47,1
-1.766,0.973,-1.694,-1.215,-0.076,1.414,-0.465,-1.236,-0.659,0.801,1.173,0.081,0.18,-0.542,-0.282,2.338,-0.192,-0.226,-1.04,1.248,0.085,-0.028,-0.077,-0.261,1.075,-0.623,0.987,1.673,-1.378,0.486,0
-1.14,0.239,0.433,-0.129,0.335,1.548,0.417,0.63,0.717,0.346,0.458,-0.195,0.471,0.216,0.317,-1.339,-0.402,-1.874,0.726,0.389,-1.139,-0.533,-1.277,-0.849,0.204,0.096,-1.139,-0.428,0.672,-0.345,0
-0.824,-0.241,-1.232,-0.067,-0.462,0.316,0.069,-1.892,-0.308,-0.851,0.578,-0.505,-0.505,-0.97,0.748,-1.336,-0.439,0.186,0.901,-1.341,-2.887,0.978,-0.552,0.232,2.443,0.375,0.503,0.289,1.277,-1.863,0
-0.924,1.663,-1.531,0.91,1.853,-2.18,0.648,-0.394,0.178,2.237,0.979,-0.148,0.799,0.149,0.099,0.592,-0.699,-0.673,-0.259,0.147,1.252,-1.046,-1.699,1.633,-0.412,1.484,-0.404,1.714,-0.621,0.206,0
0.502,-0.535,0.83,-0.271,-0.791,-0.579,-0.321,1.327,-0.28,1.899,-0.182,-0.329,0.88,-0.926,1.389,-1.383,1.257,0.687,0.455,0.533,-1.755,0.172,0.281,0.693,0.173,-0.57,-0.003,-2.311,-0.369,-0.471,0
-0.057,0.805,-0.203,-0.749,0.209,-0.71,0.919,0.203,1.009,0.426,-0.674,0.33,0.813,0.184,-1.4,0.128,-1.891,-1.531,1.444,-0.837,0.353,0.796,-1.533,0.52,-0.013,0.173,-0.027,-2.705,-1.911,-0.459,0
0.53,-0.389,-0.427,0.756,-2.58,0.947,1.57,0.918,-0.553,0.867,-1.116,-0.252,-0.496,0.2,0.497,0.708,-1.414,0.107,-0.537,0.478,0.614,-1.482,-0.466,-0.286,0.394,-0.428,1.195,-0.757,0.637,0.023,1
0.899,1.207,-1.936,-0.433,0.554,-0.33,0.013,-1.509,0.143,2.014,0.928,0.915,2.448,-1.274,0.463,1.894,-1.288,0.559,1.087,0.94,-1.537,-0.036,0.104,-1.51,-1.84,1.529,0.512,-0.462,0.756,0.777,0
0.413,0.199,-1.139,0.708,0.63,-1.395,-1.517,-1.339,1.053,-0.859,0.218,-1.915,-0.771,-0.68,0.619,0.906,-0.436,-0.204,0.341,1.232,-0.751,-0.111,1.886,0.145,1.109,-2.482,0.126,0.115,-1.169,-0.785,0
1.097,-0.405,0.76,1.379,-0.793,-0.34,1.275,0.772,-1.214,0.263,0.857,0.101,0.554,0.248,-1.702,-0.725,0.358,1.19,-0.97,-1.821,-0.637,1.04,-0.571,0.926,0.053,-1.333,-0.381,-0.589,-1.026,1.048,0
0.702,2.33,0.669,0.046,0.5,-0.888,0.518,0.443,-0.437,1.191,-1.195,-0.356,-1.0,-0.78,-0.01,1.065,-0.92,0.359,0.046,-0.455,0.767,0.064,-0.21,-1.201,0.797,-1.744,0.966,1.009,0.877,0.259,1
-0.967,-0.428,-0.602,-1.922,-0.009,-0.306,-0.49,-1.551,-1.086,-1.257,-0.035,0.544,-0.698,0.1,0.046,0.551,0.67,-0.065,0.472,0.289,0.172,-0.566,-0.982,-0.753,0.348,0.886,-1.171,1.312,0.396,0.037,1
-1.169,1.017,0.145,0.216,0.601,-0.541,-0.169,1.399,0.176,-0.719,-0.581,0.94,-1.809,-1.254,-0.747,0.35,0.526,0.852,1.36,-1.054,-0.841,1.062,-1.399,1.056,-1.344,1.307,0.22,-0.099,-0.814,0.95,0
-0.359,0.044,-1.932,1.657,-0.844,-0.046,0.356,0.381,-0.629,1.775,-1.607,0.381,1.488,-0.185,1.154,0.163,0.219,-0.533,-0.544,0.244,0.948,1.309,0.532,0.772,-1.35,-0.66,1.213,1.673,0.339,-0.653,1
0.551,-0.325,-0.314,-0.412,-0.228,1.689,1.173,-0.267,0.357,-0.255,-0.942,-1.609,0.516,1.222,-1.148,0.204,-1.136,-2.956,-0.442,-1.304,-1.755,1.431,0.662,-1.526,1.55,0.777,-0.274,0.05,-0.007,0.051,1
-0.536,0.042,-0.013,0.937,-0.471,0.397,-0.739,0.758,-0.717,0.489,-1.039,0.379,0.191,0.321,2.534,0.477,-0.418,-0.911,0.973,-0.58,0.836,0.271,0.002,-1.206,-1.677,-1.945,0.919,0.142,-1.131,0.35,1
-0.775,1.489,0.506,0.497,0.788,0.154,-1.357,3.334,0.917,-1.95,0.448,0.253,-0.979,-0.016,-1.288,0.521,0.259,-3.854,0.127,0.787,0.568,0.795,1.444,0.876,0.128,-0.873,0.558,0.754,-0.592,-0.632,0
0.398,1.273,0.328,1.241,-2.262,0.821,-0.761,-1.596,0.676,-1.078,0.835,-1.093,-1.073,0.655,0.294,-0.269,0.621,1.492,-0.668,-0.549,1.125,0.065,0.774,0.664,0.433,2.517,0.906,2.076,-1.379,-0.119,0
-0.914,-0.266,-1.269,0.504,-0.996,0.404,1.515,-0.333,-2.364,-0.148,0.885,-1.474,-0.434,-1.113,0.204,-0.204,0.682,-0.699,-0.626,-0.208,1.879,1.145,-0.651,0.7,-0.545,0.731,0.829,1.573,-2.245,-1.476,0
0.285,-0.575,0.835,-0.168,0.81,1.147,-0.694,-2.498,-0.511,-1.206,0.09,-0.276,0.847,0.851,0.875,1.116,0.359,0.812,-0.779,1.193,-0.391,-0.593,0.459,0.926,-0.117,-0.253,-0.601,-0.599,-0.112,-0.37,1
-0.053,0.178,-1.503,-1.874,1.543,-0.224,-0.148,0.583,-0.983,-1.113,-2.094,1.641,-1.412,-1.487,-0.408,-0.272,-0.323,0.215,-0.109,1.189,-0.656,0.794,-0.586,-0.675,0.216,-0.076,-0.531,0.462,-0.902,-1.567,0
-2.067,0.924,-1.761,-0.76,1.631,0.754,-0.074,-1.059,-0.863,-0.257,-0.343,1.422,0.241,-0.183,-1.0,-0.242,-0.117,-1.114,-0.206,-1.032,-0.394,1.566,0.139,0.83,-2.167,-0.808,-0.813,-0.306,-0.049,0.532,0
0.778,1.702,-0.554,-0.298,1.049,-1.071,1.516,-1.757,-1.773,-0.936,-0.916,-0.215,-0.52,1.067,0.574,-1.089,-1.342,-0.581,-0.081,-1.157,-0.859,0.889,-2.223,-0.226,0.277,0.207,0.322,0.541,1.365,-0.824,0
0.275,0.028,-0.167,-0.442,-0.486,0.09,-0.923,-0.384,-1.317,0.23,-0.75,0.21,-1.019,0.692,-3.11,0.524,1.017,-1.21,0.587,-0.614,-0.888,-0.634,-0.512,-0.235,0.561,-1.466,0.394,0.042,1.202,-2.502,1
-1.656,-0.972,1.113,-0.256,-0.23,0.421,0.608,-0.886,-0.307,0.208,-0.384,2.236,-0.554,0.732,1.839,-0.504,-0.657,-0.131,0.485,1.424,0.056,-0.65,0.186,1.262,1.023,-2.277,1.08,0.564,0.48,0.392,1
-0.57,0.253,0.657,0.211,-1.225,0.663,0.197,-0.721,-1.094,-0.023,0.824,1.019,1.579,-1.776,2.486,-1.028,-1.296,1.048,-0.78,-0.152,0.515,0.182,0.265,1.161,-0.071,1.193,-0.821,0.7,-0.455,0.101,1
-1.178,2.414,0.287,1.025,-0.765,-0.163,-0.245,0.905,-1.093,-0.224,0.335,0.991,-0.568,-0.162,-0.956,0.4,1.544,-0.748,-1.093,-0.109,-0.716,0.151,0.126,-0.639,1.798,1.899,-1.331,1.129,1.766,-1.101,1
-0.566,-0.782,0.55,2.016,0.95,-0.513,-1.407,-0.221,0.696,0.037,1.203,1.581,-0.824,-1.408,-2.166,0.007,0.074,-0.451,0.011,-0.498,0.471,0.559,-0.785,-0.761,-0.698,1.421,1.154,2.728,1.318,1.755,0
1.194,0.899,1.828,-0.226,-0.945,-0.272,2.194,-0.151,-1.734,0.399,0.345,0.501,0.043,1.885,1.258,1.431,1.062,0.217,0.424,0.883,-0.248,-2.809,1.071,0.048,0.287,-0.715,1.521,1.707,3.416,0.941,1
0.132,0.073,-1.27,-0.114,1.513,0.667,-0.582,-0.215,0.448,0.376,1.461,-0.623,-1.939,-2.283,0.774,-0.528,-1.485,-0.658,0.511,1.026,-1.959,-0.304,0.446,0.782,-1.019,0.9,-0.307,1.692,2.449,-1.174,1
-0.822,-0.409,1.163,0.57,-1.761,0.52,0.219,-0.156,-0.075,-0.811,0.851,-0.388,0.202,-0.814,-0.03,-0.261,-0.437,0.343,-1.62,1.93,1.297,-0.39,0.811,1.344,-0.147,-0.187,-1.215,0.79,-1.351,-0.825,1
0.928,-0.514,1.258,2.251,-0.031,0.414,0.357,1.006,-2.506,0.849,-1.038,-1.377,0.498,-1.296,-1.117,-1.079,0.954,-1.6,-0.312,0.978,0.509,0.751,0.416,-1.659,-1.661,-0.01,-0.693,0.625,-0.287,0.333,1
0.603,1.358,-0.664,1.452,-1.096,0.816,-1.237,-0.695,1.08,-0.223,-0.285,1.588,-0.347,-0.853,0.122,-0.092,0.351,-0.948,-0.213,-0.048,0.434,0.724,1.279,-0.378,-2.228,-1.055,-0.804,-0.067,-0.61,0.291,1
-0.436,0.219,0.022,0.1,-0.729,0.495,0.332,-1.574,-1.129,0.083,-1.358,1.188,0.251,0.747,-1.068,-0.179,-0.88,0.372,0.538,0.959,-1.208,0.329,0.699,-0.892,1.48,-1.573,0.886,-1.355,-0.866,-0.159,1
-1.204,2.067,-0.164,0.005,-0.313,0.493,-0.002,-0.87,0.779,-0.31,-1.366,0.141,0.084,0.546,0.176,1.213,1.912,1.256,0.077,0.954,-0.4,-0.036,1.249,0.328,1.604,0.344,0.324,-0.352,-0.453,0.431,0
1.52,0.294,-0.061,-0.79,0.503,0.145,0.322,-0.051,0.669,0.111,-0.401,0.274,-0.063,0.354,0.052,0.04,-0.096,0.404,-1.047,-1.473,-0.839,-1.028,-1.129,-0.499,-1.812,0.73,1.535,0.398,-0.696,-0.035,0
-0.213,-1.313,-2.414,0.454,0.255,1.826,0.807,1.588,-1.608,0.306,-0.383,-0.502,1.046,-0.082,1.6,1.686,-0.928,-0.257,0.383,-0.301,0.467,-0.569,0.34,-0.151,1.456,0.894,0.731,0.273,0.624,-1.184,0
-2.068,0.386,1.748,-0.115,-0.105,-0.926,-1.719,-0.952,-0.187,-0.002,-0.462,0.324,1.45,0.635,1.425,1.303,1.11,2.157,-0.208,1.53,0.571,0.978,0.714,0.261,1.92,1.28,0.619,0.407,-1.281,-1.421,1
0.244,0.275,0.357,-1.555,0.348,-0.331,1.596,-0.729,-0.064,-1.56,-0.435,-1.636,-0.751,1.558,-0.373,-0.165,-0.553,1.227,-1.112,0.692,-0.367,-0.014,1.076,2.824,-0.639,1.54,-0.377,1.167,-0.769,-1.531,0
1.639,-0.545,-0.121,-0.644,-0.772,-0.529,0.357,-0.94,-0.65,-0.006,1.972,-0.752,0.97,0.138,0.118,-0.97,1.685,-1.653,-0.173,0.335,0.492,-1.09,0.784,-0.51,-0.147,0.222,-1.76,0.092,0.872,0.514,1
0.953,-0.353,0.115,0.109,-0.244,1.037,-1.97,1.225,1.994,-1.406,0.821,-1.726,0.688,-0.335,0.72,1.034,1.476,-0.571,-0.198,1.111,-0.537,-0.186,-2.085,-1.66,0.908,-0.28,0.613,0.264,-0.019,2.629,0
-2.101,-1.206,-0.918,-2.083,-1.141,-0.729,-0.24,1.339,-1.641,0.135,0.796,-1.112,1.885,-1.32,0.643,0.921,-0.01,0.467,2.524,-0.306,-1.417,-0.819,0.808,-1.856,-0.004,0.748,-1.043,0.413,0.934,0.001,1
-1.184,0.4,-0.687,0.627,-1.515,-0.273,0.019,0.345,1.188,0.136,-0.002,-0.659,-1.359,0.257,0.54,-0.237,-1.194,-0.087,-0.738,-1.662,-1.123,2.113,0.584,0.67,-0.17,-1.746,0.476,1.224,-0.668,0.783,1
0.625,1.191,0.579,-0.753,-0.003,0.364,-1.383,0.907,-0.444,-0.093,-1.066,2.602,2.409,0.203,-2.024,-1.089,0.935,-0.543,-0.258,2.093,0.343,-0.097,-1.628,-1.148,0.697,-0.2,1.405,-0.205,0.604,1.017,0
0.717,-0.093,-1.033,-1.531,-0.247,0.44,0.969,1.148,0.38,1.913,0.933,-0.455,-1.285,-0.21,1.491,1.268,-1.183,-1.178,-1.032,-1.475,0.069,1.174,0.564,-0.847,1.576,0.429,0.044,-0.092,0.503,-0.856,0
0.026,-0.052,-1.187,0.795,-1.061,-1.123,-1.032,0.35,1.068,-1.335,0.838,-0.657,-0.315,0.717,-0.091,0.954,-2.155,-0.26,0.759,-1.272,1.128,-0.812,0.448,0.188,0.175,2.03,0.469,1.031,0.461,-0.189,1
-1.088,0.107,1.959,-0.793,-0.012,-0.454,-0.125,-1.4,-1.247,0.865,0.751,0.108,-1.396,1.723,-0.955,1.496,-0.92,-2.52,-0.483,0.668,-1.347,-0.633,-0.162,-0.217,-1.368,-1.12,-1.756,-0.608,-0.064,0.811,1
1.726,2.062,1.459,0.813,-1.036,0.78,0.324,-0.493,-0.373,-0.553,0.863,-0.056,-0.021,0.422,0.103,-1.904,-0.252,-1.751,-0.92,0.27,0.133,0.172,0.977,-0.191,1.012,-0.517,0.807,0.266,-0.655,-0.633,0
-1.061,0.779,-1.251,0.236,0.072,-1.389,-0.425,-0.901,0.482,-0.428,0.48,-0.611,0.806,-0.698,0.253,-0.433,-0.414,1.239,-0.184,-0.975,1.185,-0.232,0.566,-0.242,1.3,1.133,0.312,-0.262,-0.512,0.834,0
-0.501,-0.682,0.059,-2.146,-1.369,-0.363,-0.343,0.684,-0.518,-0.619,1.525,-0.45,-1.571,2.26,1.284,-0.102,-0.754,-0.178,0.971,0.318,1.103,-0.105,-0.931,-0.946,0.128,-0.5,0.525,0.412,1.61,1.207,1
-1.017,-0.467,2.093,-0.841,0.396,-1.272,-0.968,1.831,-0.292,4.009,-0.533,-0.205,0.759,-0.711,-1.497,0.768,0.688,1.493,-0.462,-1.023,-2.075,0.02,-0.756,0.669,0.287,-0.201,0.489,-1.026,-0.534,0.409,1
0.897,-0.579,1.117,0.31,2.42,-0.956,-1.224,-0.596,-1.772,1.04,-0.191,-1.478,-0.791,1.498,0.602,0.718,-0.433,0.099,-0.265,-0.535,-0.165,-0.925,-0.946,0.503,-1.03,-1.759,0.194,0.728,-1.354,1.596,0
0.887,-0.656,-0.259,1.36,-3.298,0.822,-1.944,1.732,0.807,0.664,-1.432,0.016,0.072,-2.519,1.435,0.067,0.282,0.178,-0.732,0.127,1.576,-1.53,-0.33,-0.371,0.5,0.755,-0.182,1.564,0.71,1.556,1
0.979,0.511,0.132,-1.45,0.9,0.408,-0.577,1.992,0.505,0.302,-1.289,-1.213,0.873,-0.936,-0.097,1.584,1.694,-1.638,-1.012,-1.13,0.102,1.126,1.415,0.537,1.182,-0.609,0.502,-1.265,1.239,-1.073,1
-0.507,-0.488,0.814,0.42,-0.596,-0.007,-0.86,-0.115,0.134,2.803,-1.489,-0.151,0.324,-1.731,-0.909,1.402,-0.545,0.293,-0.491,-0.369,1.091,-0.858,0.168,0.258,1.622,1.079,-0.498,1.38,0.694,-0.034,0
-1.206,0.372,1.353,0.71,-1.3,-1.756,0.044,0.717,0.798,-1.408,0.411,-0.208,-0.801,-1.051,0.243,-0.319,1.239,-0.793,0.09,0.696,0.424,-0.515,-0.997,-0.175,-0.461,0.984,1.738,0.344,0.32,-1.042,0
-0.448,0.681,1.517,-1.809,-1.796,1.718,-1.932,1.526,0.146,-0.766,0.028,-2.101,-0.481,0.412,0.668,0.294,-0.733,0.083,-3.285,1.638,0.031,1.478,0.529,-0.997,-0.213,1.216,0.205,1.453,-0.757,-0.807,0
1.011,0.285,1.245,-0.631,0.399,0.037,0.384,-0.26,0.666,1.369,0.649,-0.455,0.648,0.437,-0.262,1.002,-0.53,-0.764,1.524,0.849,-1.076,1.465,0.547,-0.135,-0.136,0.415,-1.025,0.066,-1.614,-0.69,1
0.81,0.42,-1.813,-0.061,-1.929,-0.464,-0.727,-0.161,0.835,0.643,1.67,0.06,-0.108,-0.507,0.897,1.017,-0.822,0.413,0.815,1.726,0.028,-0.081,-0.064,-0.748,-0.286,1.031,1.15,-2.332,-0.606,0.247,1
0.915,1.904,0.785,1.636,-1.421,0.92,0.169,-0.203,-0.697,1.661,-0.571,-0.99,0.639,0.501,-0.46,-0.082,-0.028,1.154,-0.299,-0.512,2.285,-1.521,-0.026,0.364,0.056,1.594,1.363,-0.401,0.468,0.802,1
0.85,-0.454,-0.068,0.574,-1.142,0.944,0.786,0.477,-0.53,-0.488,1.059,-0.748,-0.891,0.467,-0.527,-1.129,1.35,0.158,0.334,0.876,-0.485,-2.797,0.931,0.439,-0.144,-0.807,0.241,-0.586,-1.924,0.322,1
0.688,0.207,0.767,0.39,0.514,0.276,1.2,-0.192,0.613,-0.069,-0.353,-1.234,-0.214,0.585,-0.722,0.795,-0.603,1.005,-0.781,0.446,0.526,0.833,1.012,-0.23,-0.053,-0.464,1.381,-0.228,0.802,-0.069,1
-0.514,0.845,1.693,0.972,-0.866,0.336,0.264,-0.942,-0.497,0.094,0.046,1.043,-1.058,0.666,0.322,-0.019,-0.21,-1.695,0.324,-2.403,-0.056,-0.595,0.303,0.876,0.017,1.192,-0.775,0.756,-0.223,0.778,1
-1.562,1.183,0.302,-0.004,0.544,0.59,-1.091,0.106,-0.367,-1.319,1.206,0.356,0.201,-0.12,1.643,-0.474,1.341,1.474,0.382,0.559,-0.603,0.78,1.207,-0.794,-0.912,-0.403,0.654,0.509,-0.677,-1.208,0
-0.25,-0.531,1.431,1.029,-0.327,-1.679,0.678,-0.763,0.205,-2.424,-0.963,0.947,-0.125,1.569,-0.013,0.44,0.263,0.756,-1.312,0.953,0.782,0.884,0.426,0.579,0.036,0.298,-0.25,-0.081,-0.786,0.764,0
0.698,-1.782,-0.457,1.292,0.776,0.006,1.564,1.239,-0.28,-0.658,0.915,-0.047,0.973,-0.84,-0.522,0.082,0.214,0.395,0.503,-0.494,0.586,1.209,0.597,0.451,-0.143,0.753,-2.054,0.027,1.801,-1.865,1
-1.578,1.436,-0.148,-0.146,-1.189,0.27,0.17,0.402,-1.003,0.673,-0.572,-0.113,-0.011,0.013,0.891,0.585,-0.773,0.366,0.447,1.817,1.422,-3.206,-0.388,-0.875,-0.466,0.184,-1.439,1.317,-0.195,1.582,0
1.677,1.693,-0.34,1.122,1.553,-0.105,0.632,-0.033,-1.018,0.789,-0.226,-0.58,-1.645,0.777,-0.476,-0.245,0.6,1.295,-0.731,-0.097,1.157,-0.15,-0.05,-1.899,-0.737,-0.306,-0.18,-0.197,1.175,1.402,1
-1.17,-0.2,-0.705,0.307,-0.414,0.26,-1.542,0.945,-0.378,-1.18,-1.554,0.296,1.797,1.355,0.038,0.452,-0.152,-0.443,-0.64,0.997,0.696,-0.293,-3.2,0.04,0.149,1.509,-0.083,0.097,1.085,0.142,0
-1.093,0.129,-0.983,1.237,-1.094,-0.096,-1.539,-0.098,0.524,1.35,0.085,0.259,0.668,0.39,1.575,0.089,0.478,0.174,-0.103,-0.915,0.318,0.587,-0.667,-0.97,-0.549,-0.743,-0.436,0.582,-0.056,0.41,1
-0.69,-0.654,0.599,-1.515,-0.054,1.011,-0.649,1.338,0.449,-0.251,0.345,1.012,-0.244,0.303,-1.142,-0.419,0.813,-0.971,0.031,-0.268,0.093,0.564,0.191,-0.616,-0.178,-0.219,0.293,0.519,0.082,-2.269,1
-1.479,2.667,-0.616,0.216,-0.884,-1.117,-0.149,-0.972,0.102,-0.241,0.104,0.357,-0.716,0.856,0.899,1.012,0.234,1.647,1.459,-1.378,0.911,-3.473,0.117,-0.309,-0.266,-0.127,0.457,0.32,0.219,-1.032,1
-1.06,-0.558,-1.386,-0.757,0.164,-1.342,1.327,0.171,-0.407,0.277,-0.738,-1.192,1.124,-1.195,-0.179,0.713,-0.622,1.478,1.603,1.244,-0.672,0.979,-0.131,-0.529,0.331,0.753,0.316,-2.127,1.285,-0.369,0
0.198,-1.73,1.944,0.05,0.028,-2.703,-0.46,0.736,0.745,-0.517,-1.297,-2.885,1.275,-0.274,-0.706,0.992,-1.287,0.288,0.057,-0.392,0.107,1.382,0.434,0.954,-1.72,-1.593,-0.049,-0.815,-0.297,-1.074,0
0.457,0.131,1.477,-0.061,-1.888,0.794,0.616,1.719,-0.624,0.812,-1.116,0.007,-0.933,0.874,-0.184,0.967,-0.612,-0.916,-0.244,-1.888,-1.308,1.182,0.231,-0.153,0.727,-0.27,1.078,0.034,-0.04,0.432,1
-1.018,0.059,0.112,-1.03,-0.369,1.78,-0.295,0.566,0.14,0.46,0.209,0.492,1.429,-1.567,-1.63,2.029,0.088,0.649,1.068,-1.033,1.806,0.386,0.234,1.405,0.022,0.234,0.992,-0.399,-1.284,0.065,0
0.301,-0.709,-0.7,-0.353,-0.649,-0.164,0.161,-1.301,-0.312,-0.361,-1.206,-0.927,1.388,-0.078,-0.099,0.086,0.464,-0.771,0.913,0.898,-0.883,0.016,-0.066,-0.004,-1.157,-1.544,0.718,0.827,-0.294,0.082,1
-0.28,1.454,1.315,-0.427,-1.356,-0.359,0.813,0.344,0.393,0.889,-0.923,0.243,-0.875,1.265,0.272,-0.197,1.214,-1.274,0.754,0.688,0.077,-1.13,-1.57,-1.385,0.11,0.164,-1.817,0.251,-0.61,-0.81,0
0.581,-0.068,0.036,1.479,1.323,-0.456,-0.224,-0.923,-2.355,0.687,-1.155,1.207,0.435,-1.15,-0.397,-2.197,-1.077,0.801,0.769,0.852,-1.204,-0.603,-0.89,0.257,2.093,-1.331,1.278,1.337,-1.078,-2.115,0
-0.618,0.549,0.009,1.589,-1.011,-0.906,1.966,-0.38,-0.009,1.122,0.558,-0.132,-1.693,-0.992,-0.858,0.666,-0.026,-0.89,2.136,-0.168,0.659,-1.533,-0.708,-1.18,-1.291,1.066,0.504,0.218,0.02,-0.786,1
-0.314,-0.38,-1.881,-0.339,0.504,1.891,1.868,0.655,1.342,0.205,1.103,-0.149,-0.429,2.249,0.355,-1.382,0.384,-1.376,-0.419,1.311,0.929,-0.222,-0.01,0.861,0.349,0.889,-0.28,1.335,1.91,-0.093,0
1.013,-2.104,-1.04,-0.666,-0.917,0.172,0.452,0.256,-2.205,1.36,0.551,0.191,0.205,-0.114,0.541,-1.265,1.759,-1.501,0.462,-0.248,0.043,0.686,-0.284,0.397,-0.674,-0.413,-0.34,-0.518,-0.437,0.374,1
0.236,-0.446,-0.402,0.942,-1.939,0.176,-0.846,0.145,1.075,-2.228,2.445,1.456,-0.556,0.659,-0.503,-1.02,-0.948,-0.847,0.586,-1.201,-0.732,-0.43,-0.063,0.405,-0.951,-0.18,1.522,-0.301,1.24,0.017,1
-1.044,0.552,1.816,1.514,1.854,0.907,-0.458,-0.4,-1.01,-0.969,-0.225,-2.537,-0.113,0.04,-0.225,-0.208,0.011,0.665,-1.098,0.495,-1.2,-0.845,0.818,0.125,-0.135,0.687,0.514,-0.25,-1.526,-1.102,0
-0.096,-0.376,0.227,0.508,-0.697,0.427,1.031,-2.297,-0.062,0.203,-0.056,-0.998,-2.995,-0.438,1.691,0.114,0.108,0.318,1.608,0.414,0.76,1.277,0.787,-0.914,-0.642,0.75,0.063,0.169,0.495,0.673,1
1.567,0.525,0.15,-0.892,-0.17,0.5,0.57,0.212,1.051,-2.014,-0.17,-0.521,1.019,-0.986,-0.81,0.391,-1.348,-1.405,1.251,1.962,-2.24,0.708,0.754,0.019,1.404,2.64,-0.11,-0.135,0.375,-0.309,0
0.298,-1.31,-0.024,1.176,-0.247,-0.474,-0.479,0.589,-2.296,-0.852,0.377,-1.898,-1.777,-0.566,0.278,-0.852,-0.975,-0.456,-0.025,2.451,0.104,-1.481,-1.0,-1.594,0.227,-1.194,-0.803,1.509,-1.405,1.255,0
0.378,1.063,-0.513,-0.661,-1.72,0.83,-0.103,0.558,-0.402,-0.612,-1.731,1.108,-0.234,1.078,-0.223,0.943,0.577,0.042,0.074,0.329,-1.277,3.168,2.05,1.363,2.328,-0.751,-0.229,-0.383,0.2,-0.138,0
-1.495,0.982,-0.616,0.039,0.493,-0.842,-1.699,1.0,-0.141,-0.186,-0.311,0.001,-0.746,-1.284,0.482,-1.199,0.316,0.778,0.183,1.601,-2.166,-1.883,1.61,0.1,-0.569,3.006,-2.026,-1.338,1.619,-0.582,1
0.447,0.26,0.996,-1.736,1.151,0.003,-1.443,1.026,1.347,-1.791,-0.362,-1.5,0.245,-1.142,0.769,0.742,-0.498,-0.552,1.135,-2.198,0.765,0.358,0.349,1.592,0.954,1.344,0.217,1.061,-1.335,1.209,0
-0.663,-0.742,-0.779,-0.581,0.457,-0.602,-1.591,1.086,0.087,0.919,-0.798,-0.732,-0.169,0.712,-0.268,-0.496,-1.666,2.068,0.2,0.656,1.405,1.326,0.828,0.365,0.772,-0.338,0.877,-1.283,0.053,1.216,0
0.933,-1.777,-1.461,-1.097,0.276,0.435,-0.24,0.648,1.202,1.711,-0.304,0.278,0.61,-0.113,-1.035,0.5,-1.07,-0.893,0.88,1.38,1.682,-0.31,-0.252,-0.293,0.451,-0.473,1.025,1.563,0.19,-2.463,1
-0.675,-0.076,-2.541,0.581,-0.285,-0.04,1.081,1.603,-1.655,-0.249,-1.221,0.384,0.488,0.423,0.867,0.507,0.096,-0.656,-0.624,-1.578,-2.128,-1.083,0.44,-1.385,-0.123,-0.052,-0.946,-0.248,-0.449,-1.321,0
-0.376,0.042,-0.385,0.384,-0.61,-1.92,0.97,0.789,0.316,1.824,-0.942,-1.261,1.109,0.973,-0.507,-2.301,0.721,-0.386,1.51,-0.182,2.317,-0.268,-0.949,-0.726,-0.553,2.326,0.584,-0.216,0.17,-2.458,0
0.166,1.673,0.91,0.002,-0.172,1.615,-0.4,0.592,-1.618,0.434,0.352,-1.042,-0.192,-1.616,0.572,1.076,0.307,-0.584,2.211,1.114,0.2,0.889,0.236,0.703,2.036,1.113,0.751,0.549,-0.624,0.534,0
-0.513,2.091,0.798,0.122,-1.364,-0.57,1.458,0.211,0.679,-0.66,0.477,0.86,-0.029,1.172,-1.101,0.37,0.14,0.64,-0.402,-0.361,-2.643,1.417,-1.317,0.01,-0.123,-0.18,-0.596,-0.815,-0.77,0.327,0
1.495,0.414,1.457,-0.05,-0.192,1.031,0.643,-0.784,-1.085,0.491,-0.408,-0.409,-0.412,-0.022,-0.419,0.705,0.007,-0.695,0.469,0.399,-0.212,-2.063,1.629,-0.538,-1.316,-0.531,1.675,0.167,-0.939,0.122,0
-1.073,0.381,0.111,-1.214,0.337,-1.806,-0.012,-0.436,1.246,1.251,-0.802,-0.252,0.62,0.195,0.908,-1.045,0.273,0.379,1.32,0.59,1.145,1.157,-1.248,-0.753,-1.51,-0.251,-1.882,-0.72,1.011,-0.69,1
-1.095,1.038,0.509,0.089,0.546,-0.216,-1.539,1.53,-0.034,-0.578,-0.371,-0.614,-1.211,-0.571,0.134,0.263,0.744,0.676,-0.208,-0.709,0.049,-1.498,0.9,-0.217,0.286,-0.932,-1.041,0.4,0.23,-1.309,0
-1.435,-0.499,0.118,0.455,0.104,0.043,1.261,-0.767,-0.854,-1.883,-2.336,1.034,-0.066,-0.783,-0.732,-0.971,0.87,-0.833,1.053,1.256,-0.449,0.423,-1.197,-0.727,-0.946,-0.163,0.351,1.149,1.217,0.511,0
1.005,-0.844,-0.928,-0.146,-0.725,-0.864,-1.123,1.109,-0.502,-0.311,-1.471,0.973,1.584,0.669,-0.55,0.218,0.695,-1.303,0.175,-0.677,1.62,0.202,-0.134,-0.292,-0.16,-1.156,0.92,1.852,-1.572,1.855,1
0.942,0.368,-0.488,-0.0,-1.649,-0.243,1.138,-1.686,0.493,0.314,-1.702,-0.745,1.637,0.444,-0.039,0.629,-0.303,-0.149,-1.37,0.461,-0.347,1.927,0.226,1.558,0.103,0.331,0.476,-0.12,-0.22,-1.019,1
-0.531,0.781,-1.304,0.885,0.552,0.725,-2.282,1.73,-2.018,0.058,-0.255,1.266,-0.597,0.342,-0.115,0.738,0.21,0.357,0.312,-0.83,-2.305,-1.124,0.473,0.381,1.068,0.131,0.212,-0.374,0.208,-0.67,1
-0.231,-0.289,1.303,0.467,-1.482,0.158,0.103,1.145,-2.378,-0.087,0.386,0.006,0.56,-0.245,1.232,-1.179,0.317,0.644,0.594,-0.336,0.339,0.81,-0.218,-0.012,-0.843,1.02,-1.584,-0.188,0.12,0.344,0
2.559,-0.339,0.319,2.395,0.69,0.732,-0.445,-0.913,0.687,-2.898,-0.428,0.989,0.444,0.681,-2.63,2.364,-0.554,1.597,-0.867,-0.476,0.294,-0.393,-0.332,0.765,0.501,0.039,-0.254,0.32,-0.322,-1.972,1
-0.879,-0.067,-0.324,1.824,-1.213,0.13,-0.143,0.571,-0.246,-0.288,-0.299,0.067,0.189,-0.05,-0.636,-0.067,0.275,0.422,-0.256,1.098,-1.468,0.353,0.053,0.066,-0.373,-0.497,-0.268,0.858,0.285,-1.742,1
0.818,-0.142,-0.635,-0.423,2.098,0.922,-1.633,0.329,-0.033,-0.051,-0.364,0.734,1.284,-1.019,-0.729,0.645,-0.942,-0.424,-0.416,-2.329,1.615,1.655,-1.715,-0.386,-1.512,-1.694,0.754,1.639,0.396,-0.488,1
0.24,0.953,0.085,0.275,0.891,0.762,-1.068,0.592,-1.153,-0.521,-1.317,-0.49,1.79,0.403,0.239,-1.192,0.634,-1.186,-0.184,0.566,0.34,-1.772,-1.579,0.526,-0.264,2.726,-0.592,-0.778,0.768,0.739,1
-1.239,-0.976,2.183,0.966,1.466,-0.453,-0.735,-1.722,-0.352,1.13,-1.034,-0.262,-1.066,-0.3,1.141,1.089,0.061,1.451,1.149,-0.992,1.362,0.025,-1.386,-1.497,0.137,-1.145,0.269,0.015,0.863,0.995,0
-0.955,0.292,-1.57,-0.782,0.478,0.066,-0.737,-0.755,-0.361,0.316,0.229,0.497,1.329,-0.793,-0.758,-1.152,-1.103,0.838,-0.689,-0.466,1.412,0.84,-2.238,0.374,0.927,-0.312,0.491,-0.703,0.062,-0.77,0
0.073,0.375,-1.316,-1.681,-0.613,-1.606,-0.433,0.281,-0.562,0.118,-1.316,-1.43,-0.021,0.726,1.134,-0.278,0.947,-1.055,0.361,-1.041,-2.815,-1.264,-0.739,0.357,-1.467,-0.07,-0.919,0.36,-0.376,-0.936,0
0.164,-0.289,-0.478,-0.407,0.741,-0.127,-0.987,-0.364,0.616,0.047,-0.356,-2.873,-2.046,-2.037,-1.542,-0.103,1.087,-1.951,2.694,0.398,-0.586,1.189,-1.421,-0.37,-2.326,-0.492,-0.153,-0.971,-0.23,0.805,1
1.402,0.487,-3.188,-1.45,-1.622,0.059,-1.703,-0.756,0.629,-0.428,0.228,-1.649,0.828,-0.96,0.356,0.802,0.114,-1.822,-0.274,-0.414,-1.184,-1.026,0.416,0.307,-1.036,-0.265,-0.559,-0.978,-0.209,0.337,1
0.037,-0.361,0.177,1.304,-1.242,-0.292,0.967,2.246,-0.572,-1.874,-1.148,-0.363,1.011,1.311,1.617,1.421,0.788,-0.77,-0.369,0.102,-0.578,-0.5,-0.193,0.192,-0.136,-1.13,-0.756,3.824,-1.593,-0.167,1
-0.256,0.303,0.118,0.558,-0.578,-0.612,0.096,0.36,-0.743,-1.101,1.144,0.203,-0.84,-0.739,-1.012,-0.571,0.686,-0.868,-0.83,-0.709,-0.372,-0.617,-2.51,0.474,-2.11,0.242,-0.296,1.247,-0.015,0.268,1
-1.353,0.314,0.496,-0.652,0.124,-0.807,1.236,0.438,-0.354,-1.821,-0.444,0.635,-0.583,1.036,1.486,0.55,-1.401,0.001,-0.541,1.173,-0.295,-1.239,0.836,-0.811,-0.672,-0.176,-0.133,-0.264,0.8,0.034,0
-0.476,-0.862,-0.191,-0.223,-0.328,0.487,-0.158,0.193,-0.228,1.612,1.314,-0.162,-0.822,0.007,0.643,-0.854,-0.898,-1.858,1.79,0.11,0.044,-1.25,-0.668,-0.233,1.462,-0.559,1.897,-1.78,0.029,-1.927,1
0.734,-0.432,-1.078,-0.97,-2.88,-0.424,-0.193,1.072,-0.004,-0.535,1.19,0.444,0.681,0.028,-0.572,-0.434,1.13,-1.288,-0.641,-1.36,1.307,-0.091,-0.223,-0.871,0.415,-1.183,0.009,-0.312,0.051,-0.612,1
-0.902,2.406,0.11,-0.3,0.412,-0.021,-0.892,-1.39,-0.102,-0.822,1.299,-1.005,-0.846,1.565,1.273,-0.481,-1.112,-0.769,-0.46,-1.679,-0.339,0.132,-0.64,-0.489,1.108,-0.113,-1.25,-1.801,-1.259,0.188,1
1.154,0.809,-1.028,0.726,-1.075,0.644,-1.284,-0.532,1.559,0.059,-0.099,-1.042,1.543,0.178,-0.757,-0.357,-1.168,0.826,0.677,0.169,0.377,1.415,3.0,-1.097,1.169,-0.952,-1.108,1.081,-0.935,0.147,0
-0.907,1.099,0.022,1.922,1.527,1.254,-0.393,0.168,0.947,0.788,1.542,-0.218,-1.038,0.563,0.663,0.922,-1.082,3.17,0.412,0.393,0.293,1.248,-2.785,-0.961,-0.949,-0.672,0.486,-0.12,0.47,0.54,1
0.61,0.288,-0.379,0.326,-0.104,0.195,0.739,-0.967,-0.378,0.24,-0.044,-1.675,-2.091,-1.273,-0.336,1.027,1.41,0.078,-0.967,-0.143,-0.395,-0.244,-0.32,-1.03,1.414,0.663,-1.864,1.322,0.377,-2.188,0
-0.623,1.439,0.493,-1.231,0.146,-1.27,0.813,-0.792,-1.831,-1.139,-0.221,-0.331,-0.136,-1.838,-0.271,1.265,1.77,-1.604,1.111,-1.415,0.926,-0.541,0.511,-1.076,-0.482,-0.678,-0.334,-0.141,-0.464,0.05,1
0.685,0.173,0.94,1.489,0.69,-0.171,2.141,1.838,-0.473,-0.668,-1.181,0.451,-0.424,0.33,-0.222,2.952,0.025,0.047,2.5,0.374,-0.462,0.762,-2.272,-0.607,0.092,-0.473,-1.246,0.315,1.429,-1.485,1
-0.224,-0.901,0.156,1.59,1.84,-0.022,1.809,1.986,0.505,-0.197,0.117,1.608,-0.26,-0.871,1.257,0.027,0.463,0.715,-0.733,0.187,0.748,1.315,-1.118,0.888,1.403,-0.629,0.185,1.319,0.59,0.055,1
0.453,-0.421,-0.499,-0.025,0.437,0.426,1.154,1.418,-0.163,-0.473,-0.086,-0.502,1.207,-1.138,-0.538,-0.707,1.108,-2.251,0.417,-0.392,0.847,0.841,0.42,-0.438,-0.862,1.131,0.549,1.702,-0.204,0.937,1
-1.585,0.208,-1.044,-1.034,0.782,-1.289,1.627,-1.335,-0.04,0.79,1.198,-0.234,-0.497,0.915,1.145,0.626,-1.338,-1.139,-0.715,-1.412,-1.792,-0.395,0.494,0.045,-0.698,-2.095,-0.354,-1.479,0.337,-0.889,1
0.788,-0.316,-0.777,-0.216,0.006,-0.366,-1.081,1.682,-0.536,2.244,-1.054,-0.783,1.244,-0.264,-0.48,-1.714,0.431,-0.696,-1.654,0.911,0.652,0.295,-0.437,1.326,-0.104,-0.893,1.639,1.9,1.691,-0.357,1
0.553,0.103,-0.53,0.004,1.25,-1.116,0.243,1.001,-0.127,-0.628,-0.696,0.238,-0.514,0.035,0.796,-1.244,0.519,-0.819,0.581,-0.641,-0.177,-0.411,0.948,0.941,-1.101,-1.022,0.935,0.325,-2.044,1.667,0
-1.158,1.161,-0.764,-1.28,-0.515,0.269,-0.39,-0.089,0.036,0.67,-0.365,0.807,-1.286,1.138,0.941,1.87,0.657,-2.241,0.74,-1.291,0.601,-0.246,-1.273,-0.719,-0.079,-0.98,-0.919,0.128,1.51,2.11,1
-0.903,-0.586,0.906,-1.158,0.27,2.232,-0.781,0.261,0.593,-1.473,-0.173,0.438,-1.367,-0.732,-1.573,-0.597,1.326,0.278,-0.164,-0.177,1.001,2.531,-0.314,-1.268,-1.751,-0.031,-0.156,-0.415,0.852,-0.671,1
0.8,-0.343,-0.131,-1.443,-1.093,0.586,0.431,-0.079,-0.929,0.02,-2.052,1.134,1.289,-1.592,0.762,0.13,-1.308,1.582,-0.044,1.138,1.801,-0.56,0.627,-1.756,-1.184,0.25,-0.529,-0.894,0.893,-0.896,1
1.118,-0.388,1.836,-1.276,0.527,-0.491,-0.253,0.505,-1.598,-0.642,1.19,0.227,1.564,1.395,-0.018,0.253,0.72,0.807,1.428,-0.559,-0.313,1.703,0.525,0.079,1.144,1.635,1.359,-1.707,0.032,0.289,1
-0.414,-1.292,-2.119,0.535,1.914,0.737,1.592,0.62,0.603,0.174,1.32,-0.634,-0.018,-0.638,0.674,-0.657,-1.767,0.918,-0.405,-0.376,-1.047,-0.631,-2.232,-0.377,-0.236,1.228,-1.137,-0.502,-0.164,-0.621,0
0.404,0.908,-0.479,2.466,0.226,0.827,-0.178,-0.652,1.344,-0.348,0.768,0.341,-0.093,0.281,0.184,1.861,1.88,-1.854,0.376,-0.153,0.344,0.053,0.658,0.404,-0.812,2.868,1.151,0.35,1.047,1.129,1
-1.507,0.388,-1.538,1.128,-0.059,-0.295,-0.391,-0.505,-0.022,-0.999,-0.009,-0.955,-1.249,0.656,0.22,-0.46,-0.804,-0.26,-0.961,-0.072,-1.437,0.84,-0.115,0.218,0.538,-0.28,1.706,1.669,0.123,0.748,1
0.233,1.577,-0.006,-0.234,-2.223,-0.29,0.249,0.427,0.405,-1.288,0.338,-0.539,-0.576,-1.231,1.671,-0.167,0.056,-1.743,0.233,1.138,0.602,1.525,1.885,-0.03,-0.172,-2.586,-0.871,1.444,1.567,-0.436,0
-1.575,-1.314,0.243,-0.697,-0.253,-0.127,-2.072,0.163,0.131,0.155,1.468,-0.569,0.139,-1.305,-0.535,0.475,2.299,1.884,-0.621,-0.884,-0.569,-1.896,1.228,-0.529,1.072,0.609,2.786,-0.124,1.887,-0.992,1
0.557,0.362,0.181,-0.3,-0.05,0.679,-2.022,0.024,0.834,-1.01,0.299,-0.518,0.019,-1.829,0.51,0.968,-0.202,-0.012,0.893,0.753,0.252,-1.082,1.624,0.444,0.05,-1.584,0.459,-1.378,1.549,0.828,0
0.305,1.65,2.613,0.209,0.383,-0.384,1.371,-1.635,-2.808,-0.496,-0.224,-0.809,-0.163,-2.249,-1.206,0.179,0.245,-0.527,0.393,1.069,0.709,-1.612,1.993,0.346,2.158,2.006,1.689,0.633,-2.532,0.084,1
1.394,0.769,1.296,1.378,-1.621,-2.068,-1.085,0.772,-2.205,1.765,-2.733,-1.263,-1.202,-0.647,0.297,0.768,-0.088,0.268,0.806,-2.365,0.268,1.611,1.559,-0.028,-0.045,0.694,-0.388,0.589,-0.206,-0.119,0
0.158,1.3,1.49,1.577,-1.933,-0.107,-0.509,-0.708,1.117,-0.49,0.039,-0.828,0.537,0.159,-0.24,0.595,0.375,-0.793,0.689,-1.538,0.107,1.037,1.059,-1.456,-1.109,-0.847,-0.423,-0.017,-0.968,0.032,1
-0.706,0.203,-0.495,-1.103,1.653,0.015,1.355,-2.259,-1.112,-0.316,0.117,-0.717,0.313,0.346,-0.125,-1.234,0.178,-1.837,-0.819,0.997,-1.501,0.092,0.027,-0.112,-0.694,-0.05,-0.844,-0.625,0.261,0.664,1
1.232,-0.003,0.143,0.092,0.299,0.728,1.772,-1.414,0.512,-1.219,2.161,-0.706,-1.362,-0.59,0.42,0.563,-0.815,0.907,0.494,1.236,0.888,-0.951,-0.058,-1.085,-0.013,-0.379,-0.85,0.407,0.983,1.195,1
2.201,0.961,-0.648,-0.869,1.657,1.254,0.352,-2.085,-0.761,0.619,-0.036,1.71,-2.276,-1.125,0.582,-0.528,0.601,0.06,-1.086,-0.275,-2.457,1.719,-0.102,-0.608,-0.193,2.613,-0.167,1.027,0.663,-2.011,1
1.246,1.221,0.706,0.624,-0.993,1.241,0.184,-2.537,-0.18,1.015,2.522,0.38,-0.137,-2.588,0.016,0.124,-1.73,0.128,0.476,-1.666,0.385,-0.505,-0.201,0.017,-0.332,-0.728,-0.016,-0.534,0.171,-2.587,1
0.714,0.561,-0.047,-0.527,-0.049,-0.505,0.429,1.332,1.685,-0.3,-1.095,-0.43,0.488,-0.44,-0.661,-1.475,-1.43,0.418,-0.689,-0.044,-0.344,0.673,-0.004,0.25,1.044,1.276,1.277,0.37,-0.626,-0.619,1
-0.782,1.65,0.086,1.708,-0.675,0.052,-0.203,0.211,-0.078,1.196,0.419,0.553,-0.596,-1.058,0.019,1.302,-0.056,-1.039,2.263,0.025,-0.438,-0.719,-0.184,1.188,-0.016,-2.121,-0.264,0.985,-0.016,-0.474,0
2.059,-0.261,-0.899,-0.489,-0.808,0.881,-0.22,1.398,0.568,0.905,-0.695,-1.069,-0.372,0.347,0.154,0.887,0.362,-1.497,0.633,0.149,-3.305,1.095,0.043,0.662,-0.537,-0.099,-2.601,2.987,-0.485,0.585,0
-1.23,0.476,0.032,-0.724,-0.464,0.635,0.104,-0.332,1.027,-0.764,0.831,-2.718,0.39,0.325,1.121,-0.387,0.042,0.169,2.995,0.732,-0.996,1.028,1.015,0.47,-0.588,1.44,0.621,1.443,0.001,1.518,0
1.019,0.328,-0.285,0.23,-2.537,-0.963,-2.379,0.156,-0.296,2.185,0.236,0.05,2.453,1.523,1.185,-0.446,0.818,0.153,0.468,-1.995,0.901,-0.76,-0.019,-1.916,-0.887,-1.308,2.308,1.235,0.698,-0.038,0
0.602,0.327,-2.138,-0.867,0.634,0.341,-0.593,1.39,0.697,0.344,-2.266,0.747,-0.381,0.764,0.922,-0.715,-1.126,0.111,0.818,-1.028,0.556,-0.824,-0.436,-0.727,-0.504,-0.686,-0.082,-0.9,0.52,0.683,1
-1.054,-0.116,0.966,0.672,0.138,-3.482,0.516,-2.325,-1.733,1.109,-0.7,-0.858,0.284,-0.465,1.2,2.047,0.492,1.238,0.247,1.069,-1.828,-1.226,0.082,1.663,-0.629,-1.102,0.437,-1.14,-1.05,-1.26,1
-1.216,2.139,-1.804,-0.171,-1.29,-0.907,2.689,0.84,-0.35,1.556,2.004,0.209,1.236,1.974,-1.66,-0.905,0.881,-0.283,0.096,0.601,0.024,0.551,-0.264,0.221,0.013,0.894,-1.01,-0.046,-2.115,0.054,0
0.209,-0.324,-1.8,1.911,0.241,0.72,0.489,-0.25,-0.503,-0.674,-0.406,1.141,-1.483,-0.642,0.331,-1.173,0.161,-1.226,-1.054,-2.029,-0.611,0.926,-0.59,0.501,-0.492,-0.379,0.935,-0.341,0.65,-1.707,1
1.799,-0.256,-0.453,2.284,-2.443,-0.101,-0.023,-0.71,-0.846,-0.556,0.386,-0.749,-0.33,2.056,1.844,-1.692,-0.016,0.735,0.741,-0.91,-1.609,0.633,-0.176,-0.092,-1.898,0.841,-0.223,0.353,1.249,-0.317,1
-1.868,0.791,-0.493,-0.754,0.199,0.562,0.865,-0.79,-0.72,0.741,0.104,0.543,0.986,1.279,-1.29,0.478,-1.959,0.369,-1.097,-0.368,0.139,0.66,-0.444,0.475,1.133,-0.077,0.151,-0.498,-0.712,-0.084,0
-0.809,0.388,0.159,-1.022,-1.056,-0.621,1.607,1.88,-1.436,0.221,-0.126,-0.765,0.655,-0.446,-1.126,-0.041,-0.513,0.658,0.229,-0.382,-0.003,1.016,0.666,-0.167,1.059,0.067,0.771,1.059,-0.054,0.284,0
-0.037,0.213,-0.694,-1.242,-0.316,-1.306,-0.07,1.408,-0.141,0.791,1.478,-0.902,-0.011,-0.409,-0.387,-1.168,-0.144,0.446,0.995,1.465,-1.056,1.509,-0.101,-0.9,0.113,-0.642,2.062,-1.453,0.022,-1.221,0
1.526,-0.757,-0.817,-0.108,0.699,1.138,-0.754,-0.04,0.604,-0.233,-1.809,2.169,-0.776,0.812,-0.052,1.375,0.667,-0.107,-0.825,-0.016,0.779,0.719,-0.008,-0.325,-0.036,-0.394,1.071,0.166,-0.857,1.441,1
-1.823,1.635,-1.332,0.648,-0.054,-1.696,-0.451,-0.138,-0.992,-0.167,-0.139,-0.702,1.138,-0.284,2.145,2.306,-0.231,-0.531,1.137,-0.984,1.415,0.543,0.603,-1.06,1.031,-0.246,1.187,-0.161,-1.509,0.255,1
1.859,-0.556,-0.08,-0.667,0.048,0.278,-0.78,-0.336,-1.469,1.062,-0.239,-1.256,1.07,-2.338,-1.012,1.183,1.066,0.858,0.511,1.379,1.858,1.058,-1.86,-0.673,-1.385,-1.328,-0.964,-1.198,0.373,-0.07,1
-1.947,-0.639,-0.712,0.818,0.727,0.42,0.852,-0.23,-1.648,1.127,1.621,-0.965,-0.782,1.102,0.786,0.423,0.182,0.807,-1.885,-0.146,0.576,-1.507,0.997,-0.239,-1.951,-1.541,0.25,-0.077,-0.631,0.257,1
-0.662,0.428,-1.154,1.242,-0.8,-0.466,-0.454,-0.299,1.197,1.427,-1.733,0.679,-0.488,0.405,-0.509,-0.89,0.631,-0.184,-1.008,-0.285,-1.391,0.298,-0.454,-0.159,-0.265,-0.307,0.045,0.083,0.493,0.034,1
-0.991,0.653,-0.87,1.509,-0.88,0.651,-0.73,1.082,1.209,-0.435,-0.748,1.276,0.479,-1.039,0.261,0.301,-0.687,1.006,-0.444,-1.991,-0.405,0.245,-0.703,-1.38,-0.636,0.273,0.175,-0.104,0.445,-0.53,1
-1.106,-0.257,-0.686,-0.648,-2.21,-0.559,-0.955,-1.029,-0.277,0.643,0.148,0.896,0.817,-0.224,-0.122,0.211,0.463,-0.778,-1.035,-0.068,-0.408,-1.311,0.22,0.686,0.743,-0.43,0.058,-0.663,-0.113,0.9,0
-3.389,-0.69,0.139,1.225,0.888,-1.694,0.398,-1.527,1.259,-2.598,-0.496,-0.125,1.48,0.539,-1.071,1.503,-1.135,-1.558,1.363,0.135,1.346,-1.507,1.156,-1.444,0.306,0.557,1.13,0.463,-1.639,0.748,0
-0.616,-0.327,0.835,-0.537,-1.937,-2.527,0.394,1.792,-0.065,0.049,-1.275,1.061,0.864,-0.126,-1.675,-0.309,1.245,-0.182,-1.509,-1.033,1.717,-0.025,-2.155,0.632,-1.158,0.536,0.627,-0.433,-0.172,1.684,0
0.237,1.038,-0.396,0.813,0.327,-1.178,-2.313,0.804,-0.475,-0.107,-0.7,0.299,-0.331,0.917,-0.802,-0.407,-1.376,0.097,0.965,-1.856,0.793,-0.301,0.619,0.383,0.479,-0.132,-0.808,1.893,0.667,0.962,1
0.259,-0.956,-0.487,0.326,1.338,0.025,-0.277,0.268,0.618,0.768,-1.624,-2.598,0.374,0.509,-0.204,-2.345,-1.005,-0.881,0.364,-0.732,-0.035,1.715,0.977,-0.086,0.245,-0.858,0.005,-1.007,-1.851,0.861,1
0.231,0.938,2.615,0.732,-1.142,0.363,-0.931,0.781,-2.257,-1.298,-0.621,0.654,1.923,-0.005,-1.058,0.389,-0.765,-0.277,0.505,1.086,-0.078,0.699,0.021,3.155,0.411,0.723,-1.519,0.029,0.446,-0.434,0
0.432,-1.038,-0.981,0.614,-0.444,0.306,0.193,0.622,-0.204,-0.302,1.292,0.579,-2.469,-0.719,1.338,-0.323,-0.916,-0.607,-1.544,1.026,-0.781,0.137,0.931,0.438,0.601,0.14,0.656,0.272,1.6,-2.089,1
-0.527,-0.48,-0.672,1.942,-0.243,0.487,-0.915,-0.19,0.832,-0.695,-0.691,0.898,-1.827,-0.646,0.083,-0.939,-1.035,-1.064,0.473,0.486,-0.195,-0.777,-0.221,-1.034,-0.642,-1.1,-0.338,0.667,1.85,1.604,0
-0.475,1.482,-1.381,-1.032,0.601,1.303,0.132,-1.081,0.643,1.697,0.145,1.265,-1.388,-1.333,0.825,0.359,0.977,-2.514,-1.989,-0.144,0.821,2.134,0.199,-0.165,0.19,-1.148,-0.298,-0.067,0.199,-0.289,0
0.831,-0.311,2.004,0.252,-1.066,-0.216,1.226,-2.275,-1.799,1.152,1.113,-0.292,-0.666,0.106,-1.478,1.067,0.375,-2.052,-0.084,0.72,-0.407,-0.518,1.68,-1.771,0.375,-0.227,-1.106,-0.357,-0.995,0.414,0
1.532,0.689,-0.337,1.684,1.105,2.613,1.262,0.166,-0.038,-1.579,0.86,-0.262,0.252,-0.862,0.894,0.368,-0.179,1.75,1.058,0.521,0.698,0.232,-0.501,0.423,-0.686,-1.297,1.78,0.206,-1.193,0.131,0
-0.354,0.461,0.351,0.641,-1.008,-1.365,0.163,-0.866,1.557,1.366,1.297,-0.504,-0.511,-0.525,0.338,2.062,1.197,0.239,0.591,-1.349,0.749,0.851,0.259,-0.82,-0.964,1.156,1.127,-1.485,-0.708,-0.245,1
-2.197,-0.124,0.543,-0.658,-1.48,-1.726,-1.267,-0.442,-0.43,1.874,0.197,0.003,1.066,-1.067,2.363,0.992,0.966,0.84,0.677,0.959,0.967,0.286,-0.538,2.525,-1.011,0.09,-0.292,0.492,-0.159,1.371,0
-1.841,-0.387,0.267,0.379,1.595,-1.966,-0.422,-0.592,-0.395,0.028,-1.211,-0.055,0.844,0.586,0.733,-0.649,0.24,0.707,-0.829,0.557,0.079,1.981,-0.951,0.765,-1.177,1.235,0.719,-1.473,-0.849,0.933,0
0.185,-0.219,0.723,-0.625,0.998,0.041,-0.278,-0.725,-0.555,0.752,-0.226,-0.769,-1.01,0.655,2.802,-2.452,1.319,-0.586,0.159,0.221,0.344,0.957,1.607,0.337,-1.983,2.138,0.027,-1.518,1.54,0.648,0
-0.121,-0.592,-0.432,2.031,-0.709,1.012,1.361,1.567,-0.603,-1.363,-1.308,-0.669,0.722,0.059,0.317,-0.536,-0.705,-0.808,-1.117,-0.9,0.073,0.705,-1.31,0.263,-0.309,1.137,0.434,-2.834,0.688,-0.68,1
-1.609,-0.172,-0.617,-1.423,0.061,1.662,0.838,-0.414,0.007,-0.219,-0.993,-0.377,-0.725,-0.104,1.004,-1.435,-0.517,0.784,0.236,1.667,-0.107,-1.016,0.393,-1.292,-1.253,-0.041,0.113,-0.024,0.888,0.195,1
-1.366,-1.155,-0.638,-0.462,0.297,1.908,0.392,1.077,0.792,-0.016,-3.675,-0.815,-0.676,-0.066,0.263,0.248,-1.541,1.974,-0.136,-0.835,0.574,-1.79,0.989,1.84,-1.486,0.747,-0.398,-0.105,0.026,1.221,1
0.11,0.634,-0.428,-1.04,-1.137,0.712,-0.362,1.438,2.036,-0.162,-1.113,-1.033,1.104,0.11,0.767,-0.626,0.351,-0.275,-0.4,0.767,-0.106,-1.129,-0.188,-1.466,-1.168,-1.475,-1.269,-0.618,-1.302,-2.306,1
-1.496,2.05,0.595,1.827,0.645,1.496,0.277,-1.605,1.437,-0.689,-1.0,-1.261,-0.336,-0.773,-0.033,1.237,0.654,0.408,-0.513,-0.141,-0.299,0.811,-0.889,-0.542,-0.73,0.075,0.416,0.751,-0.591,-0.148,0
-0.408,1.118,0.481,0.478,0.15,-0.903,0.634,-1.371,1.61,0.818,0.438,0.264,-1.603,-0.234,-0.276,0.094,-0.714,-2.04,-2.022,-0.489,-0.952,-1.785,1.072,-1.42,1.401,-0.227,-1.804,-0.786,1.096,-0.331,0
0.098,-0.248,-1.14,1.317,-0.375,-0.552,-0.034,1.473,-0.563,1.274,-0.595,2.6,-0.825,-0.365,1.611,-0.234,0.265,0.045,-1.461,-1.92,2.255,0.301,-0.114,0.959,0.799,0.069,1.525,-0.85,0.032,-1.472,0
-1.09,0.423,0.886,-0.33,0.048,1.234,0.858,-0.612,-1.22,-0.221,0.569,1.731,0.09,0.202,-0.295,0.016,-0.573,-0.787,-0.675,0.322,0.971,0.839,0.133,0.375,-1.177,2.165,0.298,-1.183,1.74,1.065,0
-0.248,0.07,-1.5,0.923,-0.043,0.69,-0.282,-0.421,1.281,0.311,1.506,0.611,-1.479,-0.947,1.08,0.333,0.789,-1.286,0.699,0.741,1.654,1.668,0.968,0.065,1.335,0.213,-1.311,-0.412,-1.308,0.952,1
0.814,-0.012,-0.563,2.16,1.457,1.019,0.438,-0.81,0.539,0.224,-0.658,1.448,0.44,-1.623,-3.294,-0.438,-0.701,-0.887,-1.373,-0.369,-0.291,-0.21,-0.371,-1.25,0.468,0.012,-1.451,-1.401,-1.383,-1.446,1
-0.169,0.024,0.662,-0.062,1.225,0.223,-0.562,-0.027,-0.927,0.08,0.219,-1.07,0.023,1.68,-1.197,-0.366,0.924,0.578,-0.687,1.391,1.683,-0.021,-0.64,-0.885,2.186,-0.006,1.734,0.233,-0.522,-0.338,1
0.887,1.325,-0.722,-0.321,1.807,0.174,-0.71,0.72,0.348,1.17,1.228,0.375,-0.071,-0.682,-0.574,-0.365,0.7,-1.639,0.366,-0.777,-0.861,0.32,-0.241,-0.771,0.309,-0.119,-0.894,-0.117,0.736,-1.377,0
-0.316,1.918,1.232,0.823,0.226,0.179,-0.47,-2.149,1.431,0.064,2.296,0.539,-1.314,-1.468,0.208,-1.078,-0.358,0.193,-0.768,0.166,-0.349,0.741,0.091,-1.138,0.548,-0.177,-2.253,-1.367,-0.943,-0.343,1
0.652,-0.589,-1.582,0.569,0.544,0.441,-2.698,-0.442,1.127,1.64,-1.01,0.043,-0.259,-0.908,-0.224,-0.25,-1.091,-0.879,-0.203,-0.348,-1.021,1.025,-0.163,-0.998,-0.603,0.422,1.254,-1.316,0.241,-0.875,0
0.656,1.126,0.341,-3.017,0.155,0.596,-0.414,1.787,-0.46,-0.72,2.144,-0.538,1.052,0.943,-0.046,-2.302,-1.608,-1.775,2.255,0.005,0.118,0.466,0.125,-0.087,-2.062,-2.452,-1.164,0.234,1.645,-1.142,1
-0.589,-0.846,0.787,0.628,0.783,-0.395,0.904,-0.06,-0.799,1.163,1.747,-0.547,-1.387,-0.263,-0.56,-1.473,1.889,0.339,1.045,0.534,-0.962,0.74,0.668,-1.299,0.616,-0.313,-0.046,0.354,-1.017,-1.135,0
0.622,-0.832,1.439,-0.039,-0.65,0.493,0.33,0.487,0.888,-0.693,-1.724,-1.127,1.315,0.285,2.465,0.628,0.133,-1.378,1.396,0.026,-1.561,0.463,-0.407,-0.472,0.118,0.629,-0.986,0.826,2.278,-0.426,1
0.609,-0.777,0.048,0.466,-0.022,1.224,0.716,0.195,-0.244,-0.246,-1.094,0.133,0.352,1.881,-0.757,0.831,1.033,0.12,0.125,-0.932,-0.709,1.067,0.044,-0.357,-0.416,-0.875,-0.836,-0.154,-0.302,0.26,0
1.126,1.416,1.052,-0.642,0.855,0.317,0.003,1.171,1.716,-1.093,-0.367,1.525,0.007,-2.093,0.84,-0.726,-1.072,0.187,-1.219,0.201,0.536,-0.216,-0.701,0.826,1.067,0.342,1.04,-1.776,1.531,2.64,1
0.195,-2.324,-0.344,-0.327,0.062,2.37,0.235,-1.242,-0.086,-0.396,-1.508,-1.058,1.402,-0.817,-1.323,-0.251,-0.042,0.42,2.063,0.101,1.328,-0.08,-0.033,1.293,-0.956,-0.121,-1.362,-0.155,-0.505,-0.014,1
0.308,1.158,0.467,2.118,-0.869,0.784,0.557,-0.907,-0.93,0.793,0.368,-0.352,1.195,-0.401,-0.348,1.154,-1.118,0.588,0.655,0.903,-0.111,-1.08,-1.328,-1.465,0.782,-0.588,-0.655,0.186,-0.746,-1.581,0
-0.968,1.329,-0.59,-1.042,-0.45,-0.337,-0.502,1.299,-0.508,-0.27,0.148,0.791,0.022,-0.448,-1.054,-0.287,1.354,1.51,-1.469,0.099,0.11,0.413,-1.224,-0.575,-0.629,0.546,0.424,2.179,-0.208,-1.801,1
-0.21,0.381,0.511,0.6,-1.032,1.526,0.102,1.678,-0.507,1.369,0.444,0.893,2.356,-0.056,0.13,-0.351,0.328,0.261,-1.63,-0.035,-2.225,0.97,0.083,0.576,-0.81,1.608,-0.937,1.056,0.082,1.529,1
-1.983,-0.144,-0.068,0.511,-0.766,-1.312,-0.025,-1.083,0.004,1.068,0.857,-0.243,1.013,-1.104,-0.74,3.231,-0.223,1.509,-0.337,2.65,-1.286,-1.446,0.909,-1.919,1.054,0.291,1.968,0.471,-0.466,0.009,0
0.121,-2.172,0.648,0.608,-0.283,0.269,-0.79,-0.483,0.034,-1.738,0.711,0.755,-1.372,1.079,-1.457,0.133,-0.261,-1.901,1.53,-0.325,2.086,-0.876,0.447,1.95,0.594,0.72,-0.002,-0.208,-0.416,-1.878,1
-0.51,-0.044,0.335,0.227,0.484,-1.55,-0.266,0.44,1.217,0.608,1.55,1.603,0.541,-0.393,1.673,-0.906,-0.309,0.328,0.065,0.706,-0.501,-1.117,0.168,-2.869,-1.27,0.83,0.569,-1.658,3.043,0.433,0
0.472,0.688,0.618,0.522,-0.24,-1.58,1.752,-0.328,0.012,0.923,-0.08,0.135,-0.711,0.41,-0.822,0.515,-0.288,-0.105,0.55,-0.019,0.025,0.245,-0.603,-0.605,-0.012,0.304,2.111,0.535,-0.888,0.886,0
0.843,-0.439,-0.286,-1.376,0.71,-0.582,0.461,-1.148,0.363,-1.332,-1.107,-1.346,0.954,-1.231,0.617,-0.363,-1.019,-0.099,-0.294,0.709,-0.332,0.058,0.545,-1.079,-0.951,0.268,0.013,1.875,-1.085,0.891,1
1.911,3.616,-1.051,-0.144,0.856,-0.824,1.828,-0.009,-0.982,-0.731,-1.406,0.641,-0.874,1.03,-1.476,-0.988,0.355,-0.47,0.534,0.137,0.352,-1.234,-0.31,-1.029,-0.889,0.01,0.018,0.204,-0.127,-0.59,1
-0.839,0.051,0.898,-0.725,-1.439,1.203,-2.722,-0.394,0.176,0.487,-1.579,-0.368,-1.519,-1.143,0.13,-1.604,-2.238,-1.099,-1.585,-0.262,2.382,0.48,1.022,0.213,-1.849,-1.18,-0.349,-0.427,2.186,0.342,1
-0.437,0.802,0.753,-1.001,0.051,-0.622,-0.139,-0.464,1.439,-1.797,-1.251,-1.026,-0.181,0.843,1.041,0.161,1.316,-0.064,0.898,1.611,1.64,-0.246,-1.164,-0.107,1.25,-0.314,0.996,-1.877,-1.084,-0.095,0
0.535,0.471,0.707,0.684,0.243,-2.353,-0.737,-0.79,-1.345,0.341,-2.292,-1.621,-0.511,1.675,0.051,0.085,0.927,-0.63,-0.046,-0.175,0.808,-1.24,0.741,-2.301,0.723,0.618,0.843,-0.922,-0.041,0.271,1
-1.19,-0.812,0.973,0.514,-3.012,1.29,1.088,-1.33,0.377,-0.407,1.382,-0.244,0.541,0.494,-1.201,0.262,-0.768,0.313,0.235,0.931,-0.061,-1.486,1.392,1.488,-1.02,-1.234,0.574,-2.895,-0.004,-1.339,1
1.376,-0.542,-0.201,-1.618,-1.116,-0.077,-0.637,-0.407,0.321,0.388,-0.13,1.555,-0.168,0.58,0.281,-2.147,1.01,0.764,-3.123,-1.143,-2.713,-0.86,0.972,1.934,0.98,-0.902,-0.434,-0.459,-1.011,0.69,0
0.574,-0.64,1.179,-0.023,-0.32,-0.18,-0.083,1.823,-0.227,0.945,-1.805,-1.74,-1.118,0.966,1.247,-0.682,-1.552,2.342,-0.381,1.174,-1.931,-0.086,-0.207,0.042,0.677,-0.608,-0.521,-0.196,1.081,-0.589,0
0.75,0.953,-0.282,-1.095,-0.213,-0.682,-0.308,-0.854,1.762,-0.307,-0.661,0.689,-0.521,-0.428,-1.066,-1.446,-0.493,0.142,-0.43,0.124,0.182,0.628,0.262,1.088,-0.8,-0.08,-0.085,-1.225,1.08,0.33,1
-1.788,0.154,1.173,0.641,0.627,1.149,0.299,-1.159,1.6,-1.155,-0.96,1.465,-0.521,-0.354,0.75,1.066,0.542,-0.962,0.031,0.735,0.886,0.28,0.631,-1.593,-1.642,1.146,-0.139,0.196,0.468,-0.574,1
1.203,-0.677,-0.687,0.251,-0.323,1.547,-1.122,-0.866,-0.891,0.513,0.071,-0.821,0.495,-0.078,0.496,0.191,0.153,0.672,0.339,-0.827,-1.148,-0.736,-0.935,0.582,-0.398,0.487,-0.802,-0.125,-1.116,1.239,1
-0.441,-1.126,1.171,2.957,0.261,-1.586,-0.722,-0.232,0.213,0.796,0.685,0.209,-0.922,0.368,0.21,0.085,1.165,0.92,-0.536,0.464,-1.974,1.943,1.232,-0.371,-1.533,-0.322,0.767,-1.756,1.122,-0.231,0
-1.637,1.348,1.274,-0.722,0.099,0.761,-0.01,-1.452,0.153,-0.014,-0.784,0.996,-1.546,-1.216,0.722,-2.09,-3.011,0.758,0.2,-0.056,-0.213,0.621,0.121,0.109,-0.053,0.105,0.482,-0.447,0.225,-0.588,1
1.072,-0.114,-0.049,1.13,0.03,0.852,-0.438,-0.048,-0.43,-0.019,0.227,0.075,-0.96,-0.99,-0.581,1.125,-1.646,0.476,0.844,-1.669,-0.395,-0.228,0.01,1.168,-0.603,2.53,0.343,-0.524,-1.267,0.182,0
1.501,0.361,0.205,0.432,-0.456,-1.759,-0.448,1.035,-0.45,-1.199,-0.576,-0.55,-0.982,0.656,0.868,0.02,-0.639,-1.38,0.114,-0.821,-0.616,-0.594,-0.705,0.853,1.299,1.041,0.123,-0.324,-0.042,-0.037,0
0.365,-0.789,-1.026,-0.876,-1.37,1.228,-0.223,0.088,-1.75,0.155,0.916,-0.368,0.187,0.572,-1.498,0.201,0.7,1.33,-0.482,0.338,-0.32,-0.287,-0.85,0.568,-1.252,1.093,-0.065,-1.069,0.521,-1.284,0
0.408,-0.256,1.923,1.321,-1.456,-1.762,0.073,-0.008,-1.068,0.775,0.8,-0.515,0.677,0.692,0.503,0.182,-2.675,0.25,-0.942,-1.189,-0.855,-0.27,-0.087,0.923,0.963,1.629,1.418,-0.866,-0.616,-0.096,1
-0.732,-0.187,-1.594,-1.077,1.289,0.477,-0.737,0.266,0.536,-0.343,0.34,-0.407,0.993,-0.472,-0.091,0.272,0.616,-0.227,0.77,2.047,-0.726,0.612,-1.797,0.458,0.193,1.04,0.305,-1.262,0.021,1.728,0
1.67,-0.559,-1.661,-0.205,-0.556,-0.67,-0.608,0.05,1.97,-1.878,-0.168,-1.655,-0.555,-0.106,-0.226,0.983,0.143,2.301,-1.334,-0.811,-0.116,-0.336,1.812,-1.384,-0.144,-0.382,0.449,0.161,0.516,-0.289,1
-0.268,-0.318,-0.301,-1.093,2.317,-1.938,0.214,-0.513,0.032,-1.273,-1.295,-0.163,1.148,-1.622,-0.62,1.787,0.84,0.66,-0.238,-1.21,-0.747,-0.867,1.484,1.238,0.626,-1.405,-0.428,1.111,-1.427,1.134,0
-1.737,0.045,-1.861,-0.566,0.335,0.699,-2.398,-1.173,-0.804,-0.545,-1.719,0.996,1.125,-1.415,1.265,2.188,-0.294,0.429,1.031,0.202,-0.089,-1.926,-0.893,2.087,-0.896,0.102,0.19,-1.176,0.398,2.248,1
0.061,-0.832,-1.374,0.956,1.195,1.002,0.725,-0.064,1.344,0.426,1.166,-0.858,-0.48,-1.216,-1.34,0.597,1.792,-1.817,1.789,1.424,-1.902,-1.164,0.113,0.568,0.071,-1.538,1.319,0.123,1.583,0.226,1
-0.178,1.359,1.66,0.429,-0.926,0.361,-2.179,-1.927,-0.059,1.655,0.804,-0.838,-0.023,0.354,-0.373,-1.079,1.608,-0.132,-2.169,-0.69,0.401,0.822,2.051,1.281,0.248,1.634,1.572,-0.925,0.588,0.01,1
1.393,-1.586,-1.577,-0.169,0.003,-0.72,0.389,-0.668,-0.93,0.254,0.712,1.847,-1.18,0.775,0.852,-0.39,-0.325,-1.159,-0.219,-0.14,0.818,0.173,-0.918,0.632,-0.51,-0.565,-0.872,-0.86,-0.168,-1.495,0
-1.88,-0.435,-0.274,1.013,1.262,-0.746,1.557,0.312,-0.651,-1.673,0.812,-1.232,0.783,0.121,-0.623,-0.095,0.01,-1.006,-0.277,1.017,-0.29,0.352,0.193,-0.451,-0.921,-1.723,-0.509,-0.52,0.234,0.794,0
-1.152,0.476,-0.38,1.088,0.53,-1.665,1.679,0.68,0.038,0.508,0.689,-0.915,-0.189,0.057,0.033,0.72,-1.451,0.141,-0.383,-1.776,-0.756,2.283,0.031,0.297,2.936,0.171,-1.699,-1.531,1.008,1.506,1
0.28,-0.719,0.079,-1.427,0.78,-1.516,0.612,-1.803,-0.351,-0.269,0.582,0.039,0.403,-0.107,-0.671,0.874,-0.571,-2.231,0.739,-0.335,0.145,-0.27,0.365,-0.693,0.842,-2.731,-1.107,0.439,1.831,-0.008,0
0.402,-0.682,1.706,2.067,0.747,-0.142,-1.307,-1.692,-0.355,-2.329,0.551,-0.082,-0.315,-0.241,-0.133,-0.104,0.374,1.014,-0.744,1.401,0.177,-0.511,0.693,2.227,0.866,1.475,0.686,-0.215,0.758,-0.756,1
-0.957,-0.135,-0.934,0.064,-0.293,1.197,-0.497,-0.843,-0.766,-0.669,0.772,-0.535,0.594,0.341,-1.301,0.053,-0.461,1.53,0.598,0.152,-1.148,-0.242,0.812,0.573,-0.524,-0.276,-0.867,1.018,0.903,0.264,1
0.566,1.262,0.452,0.717,1.193,-0.151,-0.273,0.054,0.607,0.465,-0.736,-0.249,2.165,-1.319,1.765,1.975,0.593,-1.023,-1.486,-1.362,-2.775,-0.958,0.613,0.325,-1.865,-0.184,1.625,0.965,1.058,1.25,0
-0.301,0.68,1.248,-0.478,0.091,0.439,-2.583,-0.994,-1.066,0.328,0.892,-0.329,-1.307,-2.122,0.408,1.999,-0.573,-0.7,-0.848,-0.457,0.467,-0.64,0.22,-0.344,1.634,0.253,0.415,0.931,0.703,-1.43,0
0.678,0.364,-0.125,0.496,0.607,1.866,0.318,-0.108,-0.698,-0.544,-0.468,-0.981,0.529,0.621,0.918,0.171,0.506,0.11,-0.43,0.955,0.943,0.996,-0.035,0.816,-0.298,-0.673,0.71,-2.586,0.139,-0.72,1
0.688,-0.876,0.554,0.271,1.161,0.715,-0.315,-0.036,1.132,0.454,-1.906,0.614,-1.154,0.415,2.133,0.17,0.176,0.049,-0.296,-0.189,-1.358,0.761,1.215,0.304,0.004,-1.13,-0.692,-0.056,1.481,-0.316,0
-0.042,-0.808,-0.9,0.557,-1.98,-0.269,-0.79,0.33,0.261,0.507,0.007,-0.176,-2.288,-0.957,1.823,1.376,0.355,-1.68,-0.314,-1.048,-0.338,-0.332,1.599,-0.077,-0.057,0.544,1.292,0.292,-0.083,-0.023,0
-0.848,-1.152,-0.756,-0.141,-0.329,-0.649,-0.14,-0.511,-1.028,-0.321,0.754,0.396,0.619,0.448,0.171,0.889,-0.5,1.197,0.136,0.123,0.502,-0.589,0.749,1.054,0.039,0.362,1.342,-1.17,-0.554,0.164,1
0.994,-0.602,-0.707,1.286,-1.478,0.495,-0.804,-0.219,-0.594,-0.281,-0.564,0.216,-1.692,0.51,0.478,-0.037,0.307,-0.429,-0.172,0.791,0.748,-0.665,-0.23,1.069,1.229,-1.007,0.011,-0.115,0.844,-0.094,1
1.172,-0.627,-0.851,-1.132,-0.347,0.957,-0.743,1.926,0.15,-0.617,0.517,-0.857,-0.044,0.355,-0.375,-0.035,1.166,0.188,-0.553,1.093,1.029,1.366,-0.915,-0.06,1.501,-1.619,0.372,-1.946,-0.374,0.979,1
0.495,1.794,-1.431,0.189,-0.24,0.438,-0.803,-0.924,0.017,0.834,0.829,-1.182,0.596,-3.176,-0.116,-1.992,-0.619,0.139,1.509,0.607,-1.122,-1.202,-0.178,1.44,-0.092,-0.209,-0.072,-0.545,0.609,-0.847,1
-2.612,0.597,-0.183,-1.448,0.541,0.511,-0.375,-1.541,-0.252,-1.133,-1.28,0.192,-0.972,-0.891,1.315,-0.742,0.126,1.575,-0.583,2.311,0.923,0.174,-0.909,-1.368,0.083,-0.183,-1.076,-1.129,-1.014,0.473,0
1.741,1.959,-1.309,-0.248,0.611,-0.98,0.938,-0.163,0.462,1.42,0.786,-0.776,-1.562,0.527,-1.266,0.7,-0.082,0.009,-1.129,-1.558,0.121,-0.643,-0.968,-0.602,-0.913,0.406,1.567,-0.33,0.269,0.179,1
-0.346,-0.192,1.391,-0.639,1.009,0.992,1.035,-1.392,0.673,1.0,-0.531,1.311,-0.755,1.6,-1.192,1.96,-0.363,0.916,1.387,0.538,0.19,-0.451,-1.624,0.478,-0.293,1.789,-0.352,-0.257,-0.17,-0.944,0
0.726,2.102,-0.029,-1.348,-0.545,-0.863,-2.608,-0.858,0.106,0.737,-0.586,0.886,0.642,-1.932,-0.863,0.779,0.993,-0.104,0.822,0.882,0.969,1.595,1.475,-0.37,0.764,-0.899,-0.147,0.316,-0.338,0.943,0
1.556,2.607,-0.195,-0.154,0.368,-0.888,1.202,0.111,1.614,1.106,1.381,0.519,-0.068,1.0,-0.358,0.388,-0.062,0.205,0.414,0.385,0.501,0.843,-0.459,0.212,-1.013,0.367,0.607,0.681,-2.229,0.073,0
0.518,-0.973,-0.889,-1.364,2.007,-0.442,-0.064,-1.905,1.542,-1.242,-0.346,0.347,1.59,0.202,0.479,1.654,1.697,-1.494,1.213,-0.613,1.424,-0.147,-1.107,-1.598,-1.262,0.634,-0.505,-0.011,0.182,1.348,1
0.022,-1.005,-0.523,-0.625,-0.424,-0.593,-1.647,0.004,0.85,-0.401,0.627,0.224,0.301,0.179,0.807,-0.205,-1.26,-1.39,-1.274,0.966,0.218,-1.044,0.232,-0.24,-1.37,-0.072,1.234,-0.608,2.332,0.366,0
1.001,0.176,0.73,0.298,0.144,-1.183,0.086,1.298,2.422,1.282,-0.048,3.209,-0.125,0.19,-0.813,-2.023,0.326,-0.584,-1.688,1.287,-1.387,1.214,0.673,-0.479,-0.449,-0.326,-0.372,-0.138,0.905,-0.688,0
-2.042,1.096,0.81,0.132,-1.003,-0.729,-0.71,-0.043,1.118,1.726,-0.22,0.757,-1.11,0.237,-0.661,-0.204,0.508,-1.587,0.944,-0.9,-1.268,-0.627,-0.517,-0.627,0.112,-0.156,0.406,0.384,1.07,-0.98,0
-0.939,-1.784,1.662,-0.688,0.39,-1.002,0.73,1.202,0.453,0.393,0.96,0.713,-0.589,-1.621,-0.625,0.658,0.027,0.814,0.511,-2.772,-0.791,0.434,0.53,-0.165,-0.026,0.55,0.483,-0.026,1.341,1.038,0
-0.093,1.647,-0.022,0.958,-1.859,-0.702,-1.586,0.634,-0.037,-0.204,1.056,1.5,0.353,-0.289,-1.063,0.427,-0.304,-0.89,0.81,-0.255,0.825,-0.324,-0.219,-0.242,-1.73,1.69,0.242,-0.989,-0.635,-0.863,0
-0.135,0.228,-0.188,-1.893,0.56,1.554,0.225,-1.808,-1.508,0.406,-1.255,-1.096,0.754,0.233,-0.852,0.35,-0.416,-0.615,-2.574,0.847,0.016,0.529,-1.099,-0.731,-0.057,2.527,0.851,1.272,0.807,-0.758,0
-0.028,-0.0,-1.855,-0.669,-1.858,0.068,-0.08,0.264,1.316,-1.589,1.594,0.271,0.339,0.19,1.438,1.241,0.134,0.404,-0.61,1.177,0.979,0.569,0.027,-0.958,1.067,-1.841,1.66,0.574,0.461,-0.505,0
-0.03,1.719,-0.707,-0.414,-1.051,-1.374,0.329,1.483,-0.263,0.933,-1.644,-0.668,1.028,-0.877,0.547,-0.115,0.467,-0.915,-0.382,1.064,0.231,0.309,0.644,-1.562,0.234,0.308,0.643,1.638,0.38,0.678,1
0.526,-2.249,-0.891,-1.051,-0.453,1.306,0.769,0.45,2.13,1.636,0.031,0.297,0.862,0.79,0.304,0.074,2.138,1.398,-0.38,0.81,-0.269,0.729,-0.902,0.526,-0.142,0.045,0.65,1.212,0.464,-1.634,1
0.654,-0.151,2.756,-1.137,-0.589,0.722,1.463,0.057,2.536,0.775,-0.052,-0.517,-2.028,0.86,0.536,0.268,-0.749,0.745,0.63,0.493,-0.532,-0.746,0.515,-0.104,-1.151,-1.094,-0.391,0.702,-1.241,1.27,0
1.467,0.039,1.211,-1.197,2.329,-1.753,-0.56,1.728,-0.724,0.987,1.026,0.696,-0.489,1.361,-0.031,-0.481,-1.099,-0.415,1.006,0.91,-0.778,-0.567,1.569,0.862,0.474,-0.055,0.524,-0.981,0.341,0.779,0
1.382,-1.024,-0.876,-1.617,-0.188,-2.582,-0.065,-0.439,0.197,-0.231,-0.973,-2.047,0.909,-1.616,-0.907,-0.619,0.927,-0.657,-0.538,0.203,-1.791,1.008,1.287,-0.786,-0.424,-1.673,0.684,3.135,0.306,0.043,1
-0.325,0.641,-0.203,-0.425,1.402,-2.309,0.998,-1.024,1.748,0.23,0.93,-0.378,0.362,-0.199,0.818,0.98,-0.295,-0.206,0.726,1.237,0.181,0.072,0.485,0.893,0.32,-1.557,0.332,0.703,-0.563,1.85,1
0.42,-0.749,1.167,1.513,1.176,0.367,-0.993,0.407,0.853,-0.252,0.52,1.865,0.199,0.327,0.481,-1.374,-0.525,-0.067,-0.606,-0.207,1.453,0.259,2.059,-0.396,-0.107,-1.098,1.959,-0.984,0.509,0.422,0
-0.388,-1.918,-0.567,0.393,0.555,-0.062,-1.481,-0.869,2.327,-0.219,0.129,-0.707,2.142,-1.0,-0.043,-1.029,-1.133,-1.234,-0.327,0.143,-0.087,1.277,-2.274,0.152,-0.597,0.2,-0.726,0.592,-0.514,-0.382,0
0.468,-1.29,-1.562,-0.701,-0.209,-0.893,0.855,-0.768,-1.318,0.257,1.047,-0.649,2.039,1.047,-0.609,0.063,0.971,1.546,1.825,-0.18,-0.447,-0.551,-1.346,-1.748,-0.31,-0.741,1.264,-1.269,0.716,1.997,1
0.128,-1.89,2.088,1.993,-1.448,0.132,2.166,0.479,-0.277,-0.561,0.007,0.912,-1.716,-0.438,2.932,-1.313,-0.611,0.625,-0.217,1.226,-0.528,1.759,0.341,0.119,0.321,-0.514,0.691,-0.052,1.491,-0.131,0
0.898,0.769,0.659,0.257,-1.411,-0.182,-0.425,-0.797,-0.891,1.193,0.039,-1.176,-0.532,-1.437,1.147,-0.357,0.115,-0.992,-0.668,-0.202,0.643,0.588,2.054,0.283,0.726,-1.377,1.302,0.338,-1.827,0.008,0
0.491,0.949,-0.611,-1.959,-0.67,1.295,0.467,-0.206,1.795,-0.073,-0.114,-0.518,0.664,-0.155,1.194,0.329,0.823,1.474,0.125,-0.275,-0.675,1.062,-1.813,-0.263,-0.464,-1.804,1.536,-0.876,2.572,-0.173,1
-1.835,0.222,1.886,0.674,-1.133,0.12,0.049,0.278,2.52,0.247,0.69,-1.095,0.08,0.198,0.136,-0.086,-1.414,-0.219,-1.621,-0.555,-0.313,1.623,0.146,0.061,-0.343,0.518,0.978,-1.376,0.493,-0.539,0
0.243,-0.667,-1.436,0.257,-0.385,0.481,-0.17,-0.765,-1.27,0.025,0.897,-0.947,0.699,0.66,0.813,0.143,-1.067,-0.274,0.329,-1.188,-0.076,-0.525,-0.2,-1.281,-0.31,-0.24,-0.398,1.26,-0.149,0.552,0
-1.077,-0.383,1.316,1.737,0.166,2.11,0.951,-0.892,-0.815,0.814,1.205,-0.116,-0.946,0.093,-0.683,1.616,1.511,-1.163,1.56,-3.135,0.994,0.188,-0.302,-0.235,-1.714,0.505,1.256,-0.444,0.246,-0.389,1
-0.876,-0.308,1.401,-0.77,2.03,2.644,-0.421,-1.042,-2.153,-0.051,-1.474,-1.193,0.482,-1.422,-0.752,-0.136,-2.198,1.198,-1.755,0.422,0.703,1.479,-1.264,0.41,0.529,-0.102,-0.942,-0.268,-0.382,-0.643,0
-0.479,-1.054,-0.869,0.127,-1.148,-0.525,0.304,0.365,0.23,-0.012,1.954,-0.492,-1.029,-0.765,0.81,-0.8,-1.814,-1.078,-0.427,-0.091,-2.12,-0.647,0.705,-0.61,1.911,0.391,-0.187,-0.617,0.223,1.58,0
0.714,-0.107,-1.102,0.365,-0.399,-0.103,-0.295,0.892,-0.06,1.231,0.67,-1.824,0.225,-0.046,0.021,0.576,-0.165,0.218,0.632,1.417,0.621,-0.838,0.797,0.494,0.958,2.954,-0.209,-2.615,0.987,0.862,0
-0.11,-0.035,0.825,-0.307,0.671,0.619,-0.016,-0.533,1.113,0.822,-1.02,0.793,0.256,-0.964,0.63,-0.387,1.07,0.289,1.211,-0.633,0.629,-2.608,0.395,0.444,-0.47,-0.573,0.828,0.338,-0.703,-0.641,1
-0.344,1.977,-0.466,0.781,1.189,-0.226,0.138,1.047,0.494,-0.06,1.637,1.13,0.517,0.143,0.551,0.554,0.308,-1.633,1.27,1.697,-0.731,-0.731,-1.15,0.436,-0.806,-0.961,1.723,-0.376,0.474,-0.951,0
1.463,-2.7,-1.176,0.694,-0.533,0.909,0.647,0.048,0.848,-0.015,-0.846,-0.427,2.309,-0.048,0.358,0.591,-1.154,1.887,-0.044,0.211,0.461,1.07,-0.716,1.091,-0.943,0.818,1.907,-0.546,-0.003,-0.107,0
-0.83,0.055,0.304,0.099,-1.45,0.107,-0.372,-0.236,0.175,1.068,0.21,-0.731,0.008,1.063,-0.043,-0.747,0.911,-1.537,-3.512,-0.109,1.513,1.672,0.037,0.693,-2.138,0.083,-0.434,-0.83,1.023,1.314,1
0.003,-0.333,0.035,-2.355,-0.308,-1.307,-0.842,1.121,0.215,-0.058,1.363,0.966,0.311,1.184,2.047,-0.588,1.002,-0.287,0.875,-0.25,0.923,-0.952,-0.054,0.593,0.694,-0.325,-0.236,0.875,0.789,0.89,0
-1.744,0.333,1.3,0.082,-0.109,-0.34,-0.265,0.256,-0.991,0.523,0.359,0.203,0.176,0.878,0.645,-1.144,0.318,0.551,1.78,-0.013,0.191,-1.185,-0.255,0.776,0.72,-0.194,0.531,0.194,-0.572,-1.077,0
-0.187,-1.42,-0.38,-0.206,0.634,0.37,-1.372,-0.369,0.393,-1.063,0.485,1.333,0.848,-0.41,-0.45,-0.766,-0.05,-0.477,-1.078,-0.124,0.37,0.036,2.321,-1.284,-0.462,-1.604,2.261,0.079,-0.776,-0.229,1
-0.967,-0.175,0.505,1.452,2.318,-1.27,0.283,0.402,-0.513,0.193,-1.683,-0.104,-0.204,-0.984,1.546,0.556,-1.997,2.022,0.225,-0.414,0.292,1.286,0.139,-0.341,-1.178,-1.948,-1.661,-0.868,0.476,0.844,1
-0.673,0.395,1.336,-0.981,-0.5,-1.486,1.398,-0.12,1.565,-0.245,-1.274,0.565,-2.084,1.144,1.162,0.322,-1.639,0.489,-1.285,0.36,1.067,-0.172,-1.814,0.096,1.101,0.376,0.663,-0.007,1.615,0.299,1
1.291,0.356,0.127,0.36,1.917,-0.442,0.188,-0.98,-0.048,-1.151,-0.898,-2.236,0.637,-0.049,-0.171,1.798,-1.732,-0.226,-1.577,0.402,-0.658,0.317,0.404,-1.02,-1.11,0.177,-1.768,0.988,-1.886,2.755,1
0.598,0.717,-0.386,0.679,-1.587,0.762,-0.347,2.508,0.696,-0.744,-0.395,-0.414,0.183,-0.776,-0.15,-0.804,-1.712,-0.43,-0.53,1.513,-0.092,-1.025,1.212,-0.833,-0.642,-1.215,0.784,0.088,-0.556,-0.8,0
-1.245,0.2,0.091,1.863,0.748,-0.769,0.267,1.772,-0.901,-0.722,1.039,0.075,-0.305,-1.144,0.296,0.845,0.367,0.041,-1.096,1.143,0.957,0.885,1.54,-0.278,-0.066,0.161,0.312,0.563,2.063,-0.05,0
-0.122,-0.463,-0.249,-1.188,0.732,0.57,-0.09,-0.636,0.911,0.604,1.165,0.806,-0.574,0.876,-0.028,-1.161,-1.234,-0.119,-0.577,-1.93,0.465,0.235,0.783,0.639,-0.759,0.649,1.54,-0.808,0.477,0.362,0
-0.818,1.087,-0.106,-0.235,0.98,-0.218,-0.29,1.417,0.889,-0.782,-1.058,-1.119,0.223,-1.034,0.257,0.176,0.355,-0.436,-0.962,-0.868,-0.386,0.709,2.221,-0.517,-0.132,0.722,0.219,-1.187,-1.132,1.374,1
0.341,0.066,-0.788,0.629,-0.585,1.73,0.42,1.079,0.662,-0.121,-0.285,-1.317,-2.17,1.805,0.206,1.147,-0.0,2.106,-0.235,-0.458,0.621,1.191,-1.251,0.307,0.288,1.228,-1.643,1.005,0.484,-1.712,0
0.518,-0.333,0.918,-1.267,-0.238,0.668,0.552,0.274,0.155,-0.035,0.493,-1.83,-1.476,0.713,1.718,3.058,1.836,0.585,0.809,1.409,0.53,1.178,-1.924,-0.296,-1.096,0.404,-0.446,-1.031,-0.575,0.024,1
-1.885,-0.654,-0.007,-0.488,-1.447,0.597,0.6,-0.104,-1.415,-0.568,-0.204,0.236,0.074,0.957,0.616,-0.904,-1.106,-1.291,-1.542,2.091,-1.302,1.074,-0.981,-0.489,-0.292,-1.009,-1.255,-1.369,-1.128,-1.824,1
-2.106,-1.138,0.988,0.352,-1.044,-0.002,1.03,1.05,0.845,0.389,0.577,0.003,-0.338,1.405,-0.186,-2.104,-0.514,1.473,0.482,1.824,0.078,-0.385,-0.173,0.203,1.544,-0.404,0.783,0.456,0.769,0.137,1
0.318,0.591,0.806,-0.208,0.707,-1.415,1.551,-1.307,0.977,-0.608,-0.244,-0.532,1.025,2.004,-0.07,-0.15,0.5,-0.549,0.06,0.3,-1.205,0.258,0.642,0.149,1.271,0.361,-0.052,1.344,0.703,-1.441,1
-0.329,0.225,0.102,-0.322,-1.053,2.08,-0.333,-3.009,-1.177,-1.729,-0.017,1.959,-1.122,0.263,-1.865,-1.328,0.447,0.534,0.044,-1.036,0.636,1.294,0.307,0.657,-1.638,2.477,-1.209,0.883,-0.059,0.035,1
-0.88,0.141,0.89,-0.396,-0.669,-0.737,-1.101,0.976,-1.114,-0.727,-0.461,-0.624,1.142,-0.212,-1.437,0.778,0.395,-0.101,-0.514,-1.609,-1.729,-0.975,-0.398,0.236,-0.674,-0.717,-0.308,0.982,0.278,0.345,1
1.457,0.002,-0.953,0.616,1.193,0.125,0.363,-1.13,-0.754,-1.093,-0.548,0.784,0.749,-1.402,0.056,-1.079,-2.038,-1.021,0.361,1.247,0.747,0.444,-0.47,0.425,-2.215,1.214,-0.366,0.268,0.314,0.56,0
1.721,-0.151,-1.393,-0.697,-0.129,0.548,0.7,-0.493,-1.749,-0.187,-0.494,-0.571,-1.321,0.599,0.875,1.688,0.297,-0.732,0.734,0.534,-0.743,-0.945,-0.009,-0.466,-0.519,-1.852,-1.275,-1.769,-0.026,-0.039,1
-0.857,-0.339,1.159,-0.315,0.257,-0.808,-0.886,0.334,0.343,0.88,-0.894,0.955,-0.325,0.956,-1.77,0.095,-0.716,0.728,-0.102,0.751,0.721,-0.38,0.554,-0.202,-0.354,1.25,-0.293,-0.326,-1.599,-1.442,0
0.275,-1.132,1.453,-0.33,0.601,1.363,0.706,0.883,-0.098,-0.396,-1.917,0.915,-0.997,-2.216,1.897,1.137,-0.485,-0.324,0.834,0.261,1.068,0.447,1.105,-0.327,-1.522,1.452,-0.797,-1.052,2.423,0.199,0
-0.714,1.222,0.525,-1.622,-1.177,1.402,1.538,-1.315,-0.879,-0.558,0.565,0.784,-0.679,-0.796,0.247,2.097,-0.996,1.994,0.029,-0.074,-0.339,1.04,-0.503,0.461,-0.704,-0.075,-0.24,0.144,-1.06,-1.352,1
-0.653,-0.034,-0.084,-0.38,0.063,0.656,0.367,0.711,-0.591,1.343,1.066,1.24,0.431,0.407,-1.003,1.046,-0.398,1.054,-0.554,-0.238,-1.705,-0.185,-0.31,1.353,-0.808,2.624,0.677,-1.501,-2.432,-0.854,1
0.045,-2.15,0.469,1.179,-1.843,-0.063,-0.473,-0.513,-1.461,-0.329,0.889,-0.58,-0.503,-1.079,0.187,0.767,1.469,0.482,0.36,-2.278,-0.168,-0.408,-0.808,-0.25,-0.035,-0.31,0.604,-2.263,0.733,0.926,0
-0.296,-1.033,0.881,0.593,0.726,0.083,-0.898,-1.939,-0.693,1.302,1.252,-0.019,0.79,0.976,0.26,-0.055,-1.265,-1.145,0.374,1.357,-1.191,1.15,-1.606,-0.388,1.018,-0.193,-0.587,-0.161,0.669,1.794,1
-0.256,-0.262,1.149,-0.254,-0.839,-0.375,0.731,0.468,-1.101,-0.7,0.324,0.866,-0.178,-0.73,-0.278,-0.32,-0.77,0.567,-0.164,-0.225,-1.454,-0.809,1.29,1.269,0.048,-1.808,1.663,1.316,1.881,-0.943,0
-2.155,-0.27,0.812,-0.438,-0.085,-1.654,-1.268,-1.181,0.639,0.586,-1.097,-0.373,2.529,0.027,-0.642,-0.464,1.977,0.608,-0.755,-0.494,-0.835,0.537,-0.093,-1.015,0.015,-1.351,1.551,0.216,-1.394,-0.442,0
-2.092,2.844,-0.077,-0.086,0.297,-0.497,1.398,0.788,1.338,-0.275,0.747,1.038,0.342,-0.341,-0.68,1.507,1.187,0.886,-1.004,0.232,-0.867,0.419,-0.481,-1.826,0.436,-0.03,0.889,1.777,0.874,-0.935,0
-0.914,-0.382,-0.792,1.749,1.513,-0.194,0.036,-0.682,-0.443,-0.929,0.003,0.834,0.305,0.105,0.094,-0.274,0.759,-0.982,-1.142,0.009,-0.44,0.575,0.357,-0.492,-0.313,-1.456,0.461,-0.695,1.361,-0.823,0
-1.458,0.937,1.272,-0.061,-0.348,0.999,0.431,1.644,0.347,0.925,-1.089,-1.06,-0.952,-0.751,-0.461,-1.482,1.015,0.651,0.147,-0.437,-0.49,0.204,-1.818,0.382,-1.074,2.072,-1.338,1.09,0.16,0.156,1
-0.741,-2.213,-0.127,-1.077,-1.168,-1.096,0.078,0.677,-0.788,-0.063,-0.484,0.128,1.063,-0.706,-0.115,-0.32,0.329,-1.719,0.112,0.953,-0.802,0.888,1.271,0.576,1.12,-0.136,0.653,0.564,0.968,0.995,0
-1.228,-0.552,0.608,-0.914,-0.886,0.432,-1.713,-0.166,0.049,1.912,0.541,0.216,0.282,1.307,-1.669,-0.456,-1.034,-1.259,0.069,1.811,0.331,0.483,-0.137,-0.213,0.645,1.778,0.86,-0.962,0.318,-0.113,0
0.567,0.478,0.11,0.792,1.01,1.478,2.801,0.387,-1.237,0.101,0.521,0.366,-0.881,0.468,-0.837,-0.292,2.052,0.105,-0.267,-0.771,-0.253,-0.046,0.554,0.166,0.256,-0.395,0.863,-0.522,0.57,0.293,0
-0.453,-1.134,-2.411,0.118,-0.837,-0.287,1.174,0.37,-0.336,-0.162,-0.21,0.733,-1.027,-0.962,-0.634,0.23,-1.502,-0.146,-0.647,0.338,-0.19,1.265,-0.857,0.817,-1.429,-0.593,-0.109,0.044,-2.727,1.026,0
-0.737,0.035,-1.836,-1.111,0.007,-0.196,-0.847,0.287,-0.437,0.378,-0.094,-1.193,1.689,0.429,0.639,0.177,-1.865,1.905,-2.059,0.107,-0.354,0.719,1.29,-1.999,0.688,1.172,-0.841,-0.32,0.005,2.478,0
0.873,-0.506,-1.241,-1.095,-1.0,0.935,0.43,-0.425,-0.363,0.3,-0.392,-1.27,-1.07,1.168,-0.236,-1.156,0.398,0.063,0.141,-0.313,-0.691,0.544,0.85,-0.015,0.789,0.44,1.087,-0.629,0.119,1.464,1
-1.004,0.944,-0.969,-0.466,0.307,0.507,0.322,0.501,0.541,-2.586,0.464,0.669,-0.394,-0.093,0.715,-0.074,1.586,-2.071,1.255,-3.145,-0.78,-0.384,1.29,-1.88,0.962,0.841,0.669,-1.82,1.623,-1.439,1
0.951,0.507,-0.79,-0.418,-1.085,1.852,0.614,-0.472,-0.041,0.435,-0.627,0.432,-0.253,-0.529,-2.536,-0.31,0.496,-0.673,0.328,-0.997,1.539,-0.446,0.793,2.886,-0.179,0.497,-0.35,-0.777,-0.273,-0.789,1
-0.755,-1.886,1.381,-0.644,-0.136,-0.737,0.541,1.334,0.533,-0.242,-0.389,1.208,1.068,0.49,0.007,-0.757,-1.257,-0.096,0.194,-0.158,-0.816,-0.235,0.913,0.845,0.314,0.901,0.796,0.294,-1.395,2.198,1
-1.416,-0.364,1.01,-1.22,-1.284,1.543,-2.653,0.583,-0.715,-1.02,0.49,1.789,1.242,1.65,2.061,0.946,-0.421,0.503,-0.193,-0.861,0.841,0.343,0.444,-0.517,-1.204,0.975,0.485,0.23,2.84,-1.341,1
-0.55,-0.212,-0.398,-1.12,-0.174,0.93,-0.178,1.433,0.019,0.05,0.223,0.838,-0.205,1.606,0.88,-1.981,-0.941,0.965,0.498,-0.259,-0.074,0.136,0.49,-0.362,0.912,-0.769,0.401,0.682,1.147,-0.283,0
-1.176,-0.347,-0.136,-0.482,0.594,-1.539,0.651,2.078,-1.407,-1.55,0.763,0.733,-0.101,0.078,0.889,-0.891,1.38,-0.43,-1.455,0.615,0.959,-0.545,-0.092,1.378,1.301,0.945,-1.13,-1.39,1.454,-0.016,0
-0.089,0.301,0.483,-1.159,-1.595,0.134,0.57,0.167,0.886,-0.866,1.027,0.714,-1.302,0.641,1.031,2.203,-0.005,-0.047,1.375,-0.988,-1.038,0.859,-0.554,0.53,0.375,0.171,1.44,-1.005,1.258,-0.379,0
-0.341,0.764,0.804,0.852,1.605,-2.449,1.057,0.496,1.934,1.039,-1.706,-0.45,-0.529,-0.734,-1.839,0.401,-0.669,0.207,1.478,-0.336,-0.049,0.636,0.774,0.618,0.544,0.596,-0.152,-1.133,0.719,0.051,1
-1.337,0.606,0.164,-0.258,-1.602,-0.944,0.932,0.831,-0.609,-1.507,-0.607,1.187,1.001,1.263,0.145,-0.028,0.392,-0.729,0.196,0.528,-0.282,0.885,0.106,-1.636,0.131,0.868,-1.636,0.453,0.962,-0.009,1
-0.292,0.177,-0.013,0.878,1.309,0.652,0.448,-0.343,0.73,1.609,1.215,0.719,-0.618,0.02,0.256,0.181,-0.992,0.369,0.825,0.169,-1.24,0.891,0.414,-0.325,0.025,-0.979,-0.254,0.701,-0.258,0.34,0
0.038,1.156,-1.011,0.222,0.179,-0.541,0.215,0.42,0.729,1.698,-0.609,-0.597,0.077,0.318,-0.05,-0.964,-0.194,0.727,1.42,2.405,0.909,-1.029,1.575,0.366,0.416,0.332,-0.875,0.993,0.462,-1.54,0
-1.272,0.921,-0.28,0.719,0.889,0.135,-0.328,-0.797,-0.041,0.492,0.329,-0.407,-0.935,0.788,-0.136,-0.495,-1.183,-0.329,0.284,0.375,-0.97,-0.606,1.915,-0.079,0.308,-1.08,0.134,0.825,-0.937,-0.348,0
0.691,1.25,-2.386,1.236,-0.852,-0.201,-0.282,0.052,-1.071,1.371,-0.495,-2.768,-0.112,-0.897,-0.092,-2.33,0.19,0.483,-0.424,1.415,-1.25,0.587,0.164,0.043,0.887,-1.386,0.808,-0.866,2.662,-0.338,0
1.242,-0.048,-1.881,-0.282,-1.382,-0.491,1.121,-1.313,0.807,-0.388,0.343,0.6,-1.718,-0.95,0.467,-1.63,-1.18,1.2,-0.859,-0.199,-0.223,-0.322,-0.42,0.469,1.292,-0.133,-0.673,-0.967,1.947,0.302,1
-0.965,-1.001,0.31,0.357,-0.253,0.009,0.99,1.024,0.868,0.171,-0.783,0.309,0.633,-0.743,0.373,-1.399,1.128,-1.556,-0.163,-0.777,-0.735,-2.053,0.356,1.289,1.388,0.235,-1.112,0.914,-1.249,0.236,1
0.245,-1.411,-1.596,0.037,0.878,0.477,0.466,0.078,1.955,0.241,-0.016,0.427,-1.045,0.373,-0.924,-0.719,0.334,0.028,-0.085,-0.02,0.971,-0.138,0.408,1.051,-0.475,0.544,0.425,-0.641,0.626,0.087,0
-0.871,0.558,-0.741,1.201,-1.103,1.554,-0.013,-1.066,0.333,-1.234,-0.169,2.243,-0.758,-2.07,0.372,-0.509,-0.055,0.393,-0.076,-0.319,0.893,-0.027,-0.2,0.062,-0.108,-0.65,0.242,0.165,-0.897,-0.72,1
-0.521,-0.055,0.22,-0.4,-1.161,1.293,-1.402,-1.204,-0.631,2.138,-1.255,-0.621,-0.293,0.332,-0.568,1.559,-1.268,1.434,0.677,-0.435,-0.161,0.661,-0.82,-0.384,1.783,-1.188,0.585,0.521,0.767,0.536,1
0.346,-0.838,0.711,-0.745,0.458,0.619,-0.527,-1.366,-1.411,-0.136,-0.848,-0.501,-1.238,0.007,-1.784,-0.827,-0.006,-0.057,-0.358,0.23,0.37,-1.671,-0.258,-0.342,-1.336,-0.006,-0.05,1.182,-0.26,-1.493,1
-1.336,1.201,1.789,-1.515,-0.067,0.458,1.284,-0.9,0.855,-0.631,1.57,-1.037,-0.555,-1.073,1.818,-0.057,-0.371,-0.225,-0.139,-0.75,-0.627,0.718,1.596,-0.214,0.006,0.331,0.766,-0.637,-0.503,0.652,0
-0.66,2.03,0.081,1.948,0.649,1.501,-0.43,-0.606,1.221,-1.216,0.112,0.131,0.234,-0.599,0.336,0.178,-1.021,0.773,-1.23,-1.571,-0.267,0.704,-0.104,0.352,1.132,-0.039,0.294,0.025,-0.588,0.442,1
-0.575,0.713,0.531,-0.836,-1.299,-1.769,0.089,0.214,-1.949,0.11,-0.71,-2.206,0.122,1.547,1.474,0.995,0.352,-0.533,1.008,-0.285,-0.04,0.645,0.404,-1.401,-0.245,-0.33,1.848,1.299,0.665,0.172,1
-0.195,-0.881,1.894,-1.24,0.225,0.746,0.801,-1.342,-0.057,-0.099,0.495,2.526,0.934,0.233,-0.825,-0.533,-0.036,0.386,1.458,0.725,-2.03,1.308,2.175,-0.677,-0.166,-0.462,-0.767,-1.26,1.282,0.763,0
-0.653,-0.291,-0.323,0.046,0.692,-1.765,-0.167,0.102,-0.904,-0.215,1.31,-0.093,0.617,-1.184,-0.836,-0.182,-0.705,1.501,-0.334,0.15,-1.386,-0.41,0.316,0.307,-1.286,-2.026,-1.396,1.626,-0.999,-1.597,0
-0.067,-0.119,-0.634,-1.743,1.218,0.176,-0.13,0.272,0.62,-1.515,-0.195,-0.076,0.445,0.548,-1.902,1.188,0.458,0.098,-0.259,-1.525,0.819,-1.184,0.447,0.434,0.275,-1.116,0.25,1.469,2.49,0.511,1
-0.591,0.5,0.766,-1.127,-0.898,-0.77,1.124,-0.275,-1.238,0.729,-2.264,1.211,0.197,-1.552,0.154,-0.884,0.109,-0.36,0.973,0.635,-0.161,0.704,-0.114,-0.041,0.009,1.319,0.417,-1.745,0.77,0.398,0
-0.07,1.818,0.35,0.066,0.1,1.253,0.226,0.137,1.497,0.499,-1.14,-0.375,0.008,-0.856,-0.47,0.39,0.586,-0.784,-2.309,-0.664,0.554,-0.468,-0.436,-0.019,1.029,-0.671,-0.212,1.468,1.196,-1.037,0
-0.378,-1.978,-0.533,-0.632,0.412,-0.047,1.786,-0.395,0.558,-1.378,0.749,0.857,-0.298,0.164,0.668,-1.65,-0.086,-0.131,-2.349,0.434,0.502,1.564,-0.938,-1.14,1.242,1.6,1.078,-0.652,-2.748,-1.171,0
-2.069,0.113,-0.318,-0.213,0.335,0.657,-0.445,-0.786,-0.678,2.055,0.218,-1.142,1.612,0.674,-1.062,-1.371,-0.175,0.156,2.168,0.761,-0.306,2.502,1.584,-0.542,0.152,-0.795,-1.056,-1.116,0.298,-0.618,0
-1.011,0.251,0.434,-1.357,-0.38,1.76,-1.894,-0.744,-1.811,-0.043,0.387,-0.131,-1.726,1.023,-1.767,1.17,0.63,-0.971,0.263,0.655,1.761,1.796,-0.611,0.458,0.214,0.527,0.019,-0.296,-0.5,1.198,0
1.399,-0.74,0.969,-0.45,1.165,1.364,1.308,1.248,-0.433,0.247,-0.772,-0.407,-1.195,0.56,0.906,-0.931,0.909,-1.207,0.09,0.75,0.896,-0.799,0.027,-0.15,-0.44,-1.507,-0.384,0.962,1.685,-0.6,0
2.156,-0.719,0.453,0.643,0.8,0.618,-1.711,0.019,-0.136,-0.284,-0.978,0.468,0.747,-0.671,-0.381,0.432,-1.722,-1.009,0.586,0.079,0.885,-0.846,0.982,-0.248,0.132,0.831,1.877,0.298,0.499,0.749,0
-0.359,1.526,2.017,-0.147,0.097,-0.01,0.226,-0.289,-0.862,-2.061,0.764,-1.242,-0.7,0.054,1.424,0.237,-0.842,-0.603,-0.734,-1.479,-1.105,0.612,-0.434,-0.977,-0.258,-0.431,0.032,-0.817,0.177,-1.489,1
0.253,2.575,-0.574,1.317,-0.86,0.769,1.549,-0.931,0.8,0.822,-1.364,0.96,1.448,-0.934,-1.241,0.108,0.865,1.074,0.059,0.211,-1.516,-1.328,-1.596,-1.793,-0.266,-0.418,-0.453,-0.245,1.324,1.005,0
0.75,0.519,-0.321,0.359,-0.537,1.089,-0.131,1.722,-2.094,0.904,0.251,1.004,-0.818,-0.33,2.234,0.163,1.549,0.555,0.79,0.465,-1.161,2.262,-0.679,0.965,-0.726,-1.693,-0.821,1.35,1.156,0.732,0
0.014,-1.323,1.202,-0.114,1.303,-0.354,1.389,0.487,-1.524,0.075,-0.584,-0.584,0.648,0.704,1.264,0.389,-0.843,0.366,1.815,0.806,0.703,0.15,0.894,0.223,0.229,1.509,-0.115,1.231,-0.215,-1.852,1
-1.637,-1.04,0.85,0.413,-1.165,0.361,-0.266,0.735,1.073,-0.142,-0.762,-0.491,-0.254,-0.514,0.846,-1.415,0.247,0.699,1.701,-0.287,-0.038,-0.789,1.117,0.373,0.779,-1.155,0.79,-1.017,0.265,-0.779,0
-1.011,-1.069,-0.128,-0.04,0.725,0.6,-1.408,1.428,0.411,-1.069,-1.285,1.454,0.114,2.107,-0.039,0.298,-0.208,-0.345,0.904,-0.797,0.146,-0.172,-1.148,-1.532,-1.602,-0.693,0.112,0.085,0.327,0.585,1
0.077,-0.668,1.274,0.898,-0.799,0.434,-0.472,-0.659,0.632,1.449,-1.411,-0.276,-0.365,2.489,-0.918,0.522,-0.44,0.187,-0.667,1.343,0.644,-0.4,-1.116,-0.91,-1.302,-1.356,-0.208,0.946,-1.174,0.404,1
0.002,-0.687,-0.043,-2.315,0.13,1.815,-0.567,2.026,-1.838,0.015,-0.967,-0.253,1.059,0.295,0.144,-0.763,-0.041,-0.002,-1.418,0.041,0.678,0.171,-0.874,1.097,0.913,0.706,-0.222,-0.02,0.834,-1.077,1
-0.46,-0.349,-0.709,0.958,0.678,-0.927,-1.553,0.849,1.394,0.363,-0.159,-3.003,-0.079,-1.206,0.732,1.359,-0.057,-1.076,-0.814,0.359,-1.585,-1.653,-0.88,-0.625,1.385,-0.637,0.423,0.789,0.968,-1.567,0
0.534,1.373,0.012,1.051,0.902,-1.012,-0.846,0.252,-1.225,0.787,0.666,-1.985,1.024,0.831,-0.588,0.487,0.27,-0.779,1.843,-1.693,0.367,0.045,1.611,2.08,1.221,-0.3,-0.5,-1.274,0.202,0.104,0
0.849,1.348,-0.706,0.519,-1.262,2.649,0.387,0.672,1.258,0.302,-1.591,1.249,0.386,-1.836,0.359,-0.847,0.366,-0.048,-1.44,-1.145,0.661,-1.256,-0.734,-0.074,-0.609,0.524,-0.463,1.03,-0.918,-1.28,0
0.858,-0.128,-0.577,1.675,0.995,-1.921,-1.056,1.126,0.731,-0.184,0.204,-0.244,0.795,0.371,-0.197,-0.238,1.042,-0.487,-1.082,1.005,1.096,-0.345,0.574,-0.409,-0.035,-1.351,-0.289,0.815,-0.776,2.02,1
0.484,0.944,1.192,0.608,-0.861,-0.415,0.078,-0.342,-1.29,0.288,-0.212,-1.201,-0.88,-0.469,1.16,-1.506,0.171,-0.362,0.402,-1.106,-0.19,-0.129,-0.729,-0.378,-0.489,-1.039,-0.123,-1.244,0.264,-1.116,1
0.134,0.488,-0.406,0.582,-0.549,-1.574,-0.118,-0.827,-0.945,-1.024,0.304,-0.314,0.581,-0.388,-0.797,-0.191,1.444,-1.441,-0.759,-1.383,1.34,-0.631,3.016,-2.047,-1.614,2.56,-0.395,0.153,-0.806,0.169,1
-1.743,-0.623,0.174,0.627,-0.794,-0.366,-0.894,0.967,-1.234,-1.454,-0.398,0.798,-0.785,0.454,-1.838,0.349,-1.703,-0.004,-1.557,-0.527,-0.127,1.343,1.015,-0.261,0.664,-1.536,-1.876,-0.886,0.454,0.762,1
-1.856,0.251,1.482,-0.143,-1.342,0.795,0.409,1.619,1.031,-0.491,-1.999,-0.755,-0.279,-0.739,0.652,-2.199,-0.204,0.619,0.133,-1.136,-0.796,-0.028,0.36,-0.47,0.81,-0.409,0.736,0.578,0.814,-0.43,1
-0.626,2.407,-2.313,-0.841,-0.876,-0.095,-0.652,-0.611,0.417,0.182,-0.003,-0.533,0.893,0.767,0.43,-1.294,0.373,-3.464,-0.054,-0.284,0.146,-0.244,-1.154,0.624,1.212,-0.891,1.312,0.477,0.58,0.065,0
-0.233,0.464,-1.747,-0.155,-1.395,-0.129,1.944,-0.95,-1.143,-0.899,-1.426,0.213,-1.469,-1.599,0.146,-0.61,-0.998,0.065,-0.045,0.297,-1.274,0.969,1.221,0.049,1.302,-0.584,1.217,-0.111,1.059,1.301,1
1.584,0.334,-0.393,-0.647,0.721,-1.052,2.149,0.958,-0.433,1.171,0.693,-0.895,-1.026,0.901,-0.067,0.821,-0.64,1.309,0.666,-0.381,-0.504,-1.122,0.369,-0.683,-0.577,-1.471,0.601,-0.748,0.727,1.391,1
1.569,1.25,-1.065,0.129,-0.881,0.76,2.395,2.529,3.214,0.194,-0.368,-1.119,-0.195,0.311,1.167,-0.789,-0.619,-0.093,-0.682,0.792,0.125,1.321,-0.442,2.104,1.76,0.043,-0.662,0.4,-1.614,-1.913,1
-0.677,-0.612,2.133,-1.203,-0.748,0.4,-0.955,1.753,-1.106,0.721,-1.163,-0.753,2.095,-0.167,-1.362,0.574,-0.962,-0.429,0.697,-1.688,-0.992,1.044,1.486,0.428,-0.734,0.259,-0.632,-0.348,-0.398,-1.544,1
1.533,1.253,-0.278,1.103,-0.272,1.563,1.826,0.037,0.759,-0.636,-0.017,0.566,0.63,-0.163,-0.04,-0.772,0.597,-0.903,-0.243,-2.785,2.141,1.809,1.823,-0.315,1.29,0.44,0.012,-1.035,-0.32,-2.02,1
0.854,-1.013,-1.743,1.579,-0.315,-0.866,-1.254,-0.161,1.345,0.557,0.294,0.725,0.109,0.823,-0.642,-1.459,-1.947,-0.094,0.787,-1.045,0.567,-0.111,-0.053,0.225,-2.225,1.84,0.164,-2.726,0.199,0.183,0
1.186,-0.337,-0.997,0.545,1.509,1.222,-1.375,-2.271,1.867,0.435,1.402,-0.377,1.556,-0.225,0.797,0.284,0.956,0.773,-0.152,-0.925,-1.425,0.8,-0.713,0.855,0.187,0.636,0.051,-1.862,-0.482,1.001,1
0.765,0.127,-0.588,0.96,0.271,-0.453,0.032,-0.693,1.093,0.845,0.503,-1.41,0.81,-0.756,0.728,-1.226,-0.101,1.034,-1.183,0.779,-0.245,-0.417,1.198,-1.002,0.826,1.1,-0.309,-0.407,-0.271,0.696,0
0.011,-0.189,-0.442,1.836,-0.842,2.453,-0.028,0.653,0.228,0.648,0.71,-1.82,-0.22,0.509,-1.589,-0.385,-1.408,1.245,-1.962,-0.457,-0.303,-0.032,0.373,-0.09,-0.02,-0.764,-0.056,-0.84,0.218,-1.623,0
0.021,2.545,-0.647,0.607,-0.371,2.766,-0.862,0.849,-2.377,0.108,0.097,-0.023,0.44,0.646,-1.416,0.908,-0.099,0.47,-0.454,-0.049,-0.986,0.064,-0.161,1.27,-1.903,-1.165,-0.933,-1.308,0.57,-0.853,0
-0.527,-2.066,-1.639,-0.298,-0.157,0.574,2.364,-0.234,-0.536,-0.036,-0.141,-0.365,0.333,0.354,0.874,-0.289,-1.704,0.464,-0.166,0.575,-0.839,1.28,-1.794,1.243,-0.941,-1.324,0.67,1.082,2.121,-0.486,0
-1.126,-1.649,0.662,0.206,0.468,-0.225,-1.33,-0.376,0.458,-1.419,0.035,1.179,-0.671,0.737,-0.23,-0.842,-0.012,0.366,0.523,-1.284,0.155,-0.399,-0.663,1.011,1.705,1.635,0.444,1.324,1.869,-0.541,0
-0.924,1.181,0.605,-0.121,1.862,0.948,0.328,-0.37,0.008,-0.843,-1.374,0.319,1.127,0.065,1.384,1.47,0.13,-1.299,0.956,0.041,-1.319,-0.447,1.291,-1.089,1.556,1.191,1.858,-0.657,-0.958,0.799,1
0.494,-1.635,-1.924,0.974,-0.023,0.347,-2.328,-1.877,-2.153,0.811,-0.145,-0.662,0.411,-1.623,0.999,-0.52,0.934,0.789,1.067,-1.043,1.549,-1.04,-1.604,-1.39,0.359,0.73,0.18,0.555,1.203,0.101,0
0.121,0.464,0.238,-0.161,0.054,-1.727,-0.647,0.297,-0.439,0.402,-1.001,1.328,-1.787,-0.148,0.931,-0.647,1.234,0.998,1.194,0.303,-0.192,-0.041,1.771,-0.34,-1.231,-1.022,-1.153,-0.129,-0.484,1.683,0
2.032,1.629,0.304,-0.623,0.167,-0.149,0.574,0.08,1.511,0.879,0.113,0.564,-0.395,1.377,0.174,-1.058,-0.889,0.614,0.664,-0.491,0.249,0.703,-0.396,-0.694,-1.919,-0.12,-1.006,0.227,-0.543,-1.627,1
1.367,-1.584,-0.885,-0.814,0.765,0.007,0.781,-0.005,0.761,0.534,0.446,0.304,1.255,0.867,0.803,-0.145,0.439,-0.669,-0.395,0.155,0.812,0.134,1.046,-0.795,0.205,-1.047,0.171,1.321,-0.448,1.369,0
1.018,-0.439,-0.206,0.102,-1.141,-0.28,1.198,1.66,-0.791,-0.52,-0.63,-0.217,2.115,-0.831,-0.14,0.428,0.273,-0.392,-0.485,-1.101,-0.423,0.578,-0.309,1.094,0.336,0.036,-0.892,-0.829,-1.204,-1.252,1
-1.714,-1.989,-0.745,1.844,-0.477,-0.764,-1.54,-0.588,0.86,-0.1,-0.096,-1.691,-0.596,-0.468,-0.236,0.42,0.605,-0.878,-1.828,0.264,0.194,1.319,-0.618,0.173,-0.087,-0.888,0.787,2.055,2.371,-1.762,0
0.625,2.035,-0.485,1.195,2.392,-1.334,0.04,1.707,-1.748,0.217,-0.131,-1.357,0.291,1.284,-0.847,0.11,-0.939,0.233,-0.598,1.084,-0.796,-1.577,0.606,-0.156,-0.337,-1.193,-1.313,2.124,2.171,-0.083,1
1.442,1.169,-0.14,1.723,-1.131,-0.656,1.303,-0.745,1.155,-1.832,2.115,0.192,0.567,0.035,-1.076,-0.496,-1.094,-0.043,0.279,0.349,0.872,0.775,1.343,2.279,0.954,0.422,-0.007,-0.69,-0.066,-0.625,1
-0.674,-0.281,0.279,0.495,-0.16,1.335,-0.666,-1.082,0.618,-0.586,0.44,0.147,0.001,-0.484,-0.084,0.412,-0.385,1.047,-0.064,0.147,1.49,-0.048,-1.01,-0.408,-0.592,1.122,0.503,0.128,-0.469,-3.118,0
0.127,1.414,-0.391,-0.539,0.435,-0.171,0.234,-0.453,1.107,0.23,-1.024,-0.212,-1.185,-2.14,-0.16,-0.735,0.722,-1.236,-0.453,-1.488,-0.182,1.974,-0.471,-0.126,0.416,-0.082,0.083,-0.117,-0.227,0.065,1
-0.494,-0.187,-1.463,-1.145,0.373,-0.012,0.38,0.114,1.748,-0.592,-1.445,1.54,-0.468,0.09,-1.163,0.997,-0.706,1.593,1.154,-0.204,1.866,1.676,1.97,0.811,0.343,-0.326,-0.323,-1.624,0.57,-0.516,1
-1.394,-0.169,-2.263,-0.258,0.839,0.428,-0.07,-1.353,0.929,-0.871,-0.406,0.226,-0.23,-0.656,0.091,-0.591,-0.866,-0.931,0.063,0.965,-1.327,-1.266,-1.594,0.514,-0.697,1.586,-1.309,1.012,0.855,-1.816,1
-0.321,0.034,-1.014,-0.951,-1.362,-0.877,-0.256,-1.375,0.743,-1.136,1.033,0.657,1.165,0.313,0.599,-0.56,-0.232,1.777,-2.09,-1.451,-1.3,0.472,-0.008,0.647,-0.598,0.892,-0.315,-0.648,0.524,0.144,1
-0.904,-2.101,0.223,-0.457,0.167,-0.079,1.657,0.051,-0.064,0.074,-0.332,0.283,0.348,0.143,-1.448,0.372,-0.232,-1.286,0.878,1.718,-1.124,0.501,-0.927,-0.906,-1.615,-0.234,0.899,-0.925,0.601,-0.547,1
0.793,0.149,-0.28,0.506,0.691,-0.17,0.226,0.74,0.022,0.292,-0.156,-0.721,-0.002,-0.227,-0.616,-0.617,0.119,0.51,-0.701,1.327,0.784,-0.035,-0.223,0.996,-0.035,0.916,0.992,-1.243,2.341,0.451,1
0.578,1.346,1.204,-1.687,-0.73,0.66,0.714,0.638,0.66,0.246,-0.854,0.196,-0.446,-0.625,0.421,-0.098,-1.018,-0.774,1.701,0.62,0.095,-1.583,1.509,-0.93,-0.486,0.689,0.344,0.232,-1.095,-1.133,1
0.272,-0.391,0.294,-0.979,-0.447,-0.833,0.592,0.574,0.068,1.548,-1.133,1.49,1.87,0.588,-1.106,-0.537,1.649,0.65,0.067,-0.635,0.507,-0.57,0.421,-1.334,0.139,1.325,1.172,0.148,-0.07,-0.745,1
-1.275,0.693,1.618,0.342,-1.439,-0.7,1.415,-0.092,1.244,1.206,1.073,0.26,-1.033,1.821,-0.125,0.711,0.48,0.528,-1.161,0.511,-0.069,-0.683,2.205,0.158,-1.514,0.293,2.02,0.987,1.62,-1.448,1
0.386,-0.634,-0.333,-2.086,-1.098,1.549,-0.794,-0.948,-0.46,0.818,-0.226,0.556,-0.839,-0.41,2.21,0.495,-0.145,-0.953,-1.997,0.776,-0.583,0.9,0.364,1.138,-0.44,-0.496,0.054,-0.079,0.412,-0.009,1
0.43,1.973,0.295,-0.331,-0.715,-1.713,0.427,0.631,2.706,0.877,-0.281,-1.257,-1.796,2.53,0.404,-0.498,0.844,-0.829,-2.34,1.045,0.809,-0.999,-1.056,0.103,-1.249,-0.123,-1.273,0.379,0.088,1.356,1
1.084,0.169,-0.794,-0.775,2.873,-1.752,-0.202,-0.868,-0.085,0.07,0.287,1.77,1.106,1.313,-0.955,-0.499,-1.11,-0.894,1.197,0.664,0.11,0.24,-0.702,2.545,-0.603,-0.413,0.244,0.815,-0.656,-0.433,0
-2.273,-0.627,0.363,-1.626,1.206,0.213,-1.569,0.166,-0.599,-0.077,-1.148,-1.06,0.083,1.175,-0.956,-0.554,-0.023,0.738,-0.266,0.346,-0.281,0.37,-1.762,-0.816,-0.351,0.472,-0.348,-1.814,0.293,-0.045,0
-1.52,1.796,0.844,0.141,-1.008,-1.11,3.045,-0.289,-0.21,-0.331,-0.077,0.046,-0.585,1.21,-1.48,0.4,0.236,1.507,-0.974,0.577,2.391,0.391,-1.376,-0.575,0.512,1.322,-0.391,0.322,0.078,0.779,1
0.06,-1.242,0.663,-1.059,-0.693,-0.727,0.739,0.43,1.179,1.367,-1.042,-0.689,-0.227,-0.476,-0.353,1.755,-1.656,0.112,-0.69,0.503,0.578,1.233,1.212,-2.08,-0.758,-0.986,1.606,1.321,-0.781,0.367,1
0.489,2.334,1.337,1.877,-2.404,0.652,-0.119,0.809,2.771,-1.843,0.87,-0.901,0.712,2.186,-1.846,-0.886,0.086,-0.413,0.647,0.699,-1.536,-0.05,-1.454,0.499,0.128,0.497,1.037,1.069,-0.365,-0.003,0
1.691,-1.81,-0.274,-0.041,1.478,-0.361,-1.877,0.191,1.354,-0.556,0.025,-1.743,0.337,1.318,0.066,-1.281,0.726,0.405,-0.547,-0.842,0.352,-1.416,0.738,-1.59,0.965,1.638,0.969,-1.679,-0.952,0.75,1
0.517,-0.049,0.093,0.488,0.127,0.292,-0.696,-0.377,-0.723,-1.771,1.328,-1.577,-1.145,-0.184,0.756,0.082,0.851,1.755,-0.116,-1.526,-0.018,0.822,-2.015,-2.276,-0.05,-1.336,0.982,0.881,-0.625,0.678,1
-1.022,-1.938,0.058,-0.727,1.309,1.225,0.935,0.072,0.23,0.735,0.009,0.268,0.324,0.927,0.463,0.989,0.611,-0.523,0.789,0.42,0.059,1.801,1.963,-0.98,-0.288,0.2,0.161,0.913,0.881,-0.58,1
-0.454,0.613,-0.228,0.253,1.187,0.702,1.179,0.105,0.956,1.346,-1.384,-0.181,-0.596,1.394,0.748,-1.851,0.903,0.379,-0.425,-1.944,-0.909,0.231,-1.153,0.326,1.418,0.049,1.32,0.106,-1.411,-0.999,0
0.971,-1.724,0.189,-0.094,-0.526,0.056,-0.567,-0.782,-0.429,-0.877,0.529,-0.888,0.433,0.644,0.292,-1.457,-0.481,0.523,0.834,-0.805,0.879,0.985,-0.126,0.96,-0.501,0.532,-0.081,-0.68,0.166,-0.631,0
-0.9,-0.035,0.966,1.636,0.613,-0.261,0.361,0.407,-1.027,0.725,1.11,-0.529,0.071,-0.378,-0.132,0.208,1.772,0.186,0.356,1.269,0.369,-0.458,0.139,-0.849,-1.786,-0.741,-0.805,-1.79,0.626,-0.079,1
-0.123,0.961,-0.947,0.231,-0.616,-0.811,-0.993,-1.053,-1.879,-1.197,-0.33,0.601,0.72,-1.583,-2.105,1.836,-0.033,-0.241,0.064,-1.868,0.231,1.021,0.034,-1.154,-0.968,0.121,0.436,0.677,0.245,0.065,0
1.364,-0.262,-0.619,-0.079,-0.587,0.391,-1.433,0.28,-0.065,0.293,-0.484,-1.061,-0.606,0.994,-0.596,0.137,1.168,-0.248,-0.763,0.263,0.153,1.016,0.164,2.78,-1.062,-0.299,-0.158,-2.004,-0.226,0.079,1
-0.743,0.571,-1.343,0.702,-2.036,0.609,-0.107,-0.937,1.397,0.233,-0.628,0.212,0.771,0.536,-0.894,0.91,0.232,1.026,-0.898,1.259,-0.943,-0.971,-0.464,0.65,-2.147,-0.67,1.16,-1.455,-0.127,1.524,1
1.355,-1.031,-0.316,0.772,-1.451,0.208,-0.484,0.992,-1.612,-0.187,-1.347,0.389,1.985,0.724,-0.14,0.128,-0.849,-1.256,0.25,-1.246,-0.492,-1.604,-1.375,-0.662,-0.753,1.053,0.301,-0.262,1.538,0.949,1
1.079,0.644,-1.049,0.828,-1.621,0.238,-0.643,-0.103,-0.0,-3.119,0.299,0.525,-1.096,-0.424,2.073,-0.515,-1.069,1.359,-0.087,2.194,0.728,0.187,-1.213,2.58,0.023,0.155,-0.659,-0.364,-0.416,2.521,0
1.656,-0.97,-0.875,-0.328,-0.92,-1.597,-0.1,-0.443,-0.287,-0.887,-0.125,-0.535,-1.793,-0.357,-0.205,1.686,-0.488,0.513,1.519,0.912,0.206,-0.055,-0.772,-1.735,-0.667,-0.849,0.8,1.334,-0.692,-0.705,0
0.529,0.479,-0.917,-0.723,0.146,1.248,0.418,-0.841,0.533,0.319,0.389,-1.234,-0.377,-0.101,-0.77,1.533,-0.13,-1.333,1.369,-1.357,-0.274,0.08,0.052,0.206,0.88,-1.519,0.902,-1.118,0.66,-1.855,0
0.924,-0.044,0.773,-0.068,-0.388,-0.437,-0.592,1.456,0.848,1.171,0.511,-1.973,0.507,0.603,-0.12,-2.195,-1.398,1.341,-1.395,0.047,-0.558,-0.619,0.111,0.75,0.543,-0.109,-0.037,-0.985,-0.884,-1.392,1
-1.05,-1.26,0.127,-0.199,0.147,-1.458,-0.184,0.124,-0.953,-0.805,-0.865,1.728,-0.055,-0.786,0.503,-1.871,-1.066,0.434,-0.279,-0.76,-0.705,0.665,1.489,1.318,-0.861,1.311,1.614,0.888,-1.876,0.009,1
0.553,-0.202,-0.404,0.518,-1.735,-0.205,-1.31,-0.97,0.818,0.281,0.9,0.104,-0.84,0.479,1.182,1.209,0.601,-1.189,-0.993,0.94,0.037,-0.329,1.153,-1.281,-1.708,0.547,1.307,0.182,1.508,-0.227,0
0.712,-0.305,1.099,-0.701,0.307,-0.736,1.058,0.884,0.464,-1.207,0.858,0.811,0.967,-1.477,-0.397,0.89,-0.328,-0.824,0.388,0.362,0.062,0.919,1.078,0.977,1.306,0.369,-0.537,0.017,-0.084,-0.62,0
1.672,0.415,0.886,0.936,-1.025,-0.353,-1.492,1.177,0.198,-1.4,-0.716,0.247,0.809,0.755,-1.068,-0.665,-0.836,1.347,0.747,0.022,0.202,0.324,-0.808,1.437,-0.211,-1.612,-0.081,-1.258,0.281,-0.872,0
-0.432,0.754,-0.07,0.078,1.456,-1.431,-0.316,0.429,-1.283,0.526,0.555,-0.423,-0.426,1.686,-2.1,1.61,-0.373,0.329,0.892,-1.105,0.682,-0.435,0.788,-0.302,-1.143,-1.147,-1.567,0.372,2.059,-0.702,0
-0.109,-0.644,0.131,0.344,0.75,-0.309,-0.461,-0.567,-1.315,-0.506,0.465,1.872,-0.463,1.648,0.746,-1.198,1.301,1.454,-1.77,0.162,1.09,1.65,-0.185,-0.573,-1.322,0.412,-0.025,-0.738,0.896,0.703,0
-1.895,0.246,-1.755,1.02,-0.228,-1.724,0.005,-1.136,-2.024,-1.33,1.497,0.103,1.125,0.627,-0.97,2.603,0.229,-2.244,0.449,1.787,0.814,0.35,0.872,1.412,0.818,-0.26,1.11,-1.014,-2.295,0.971,1
1.283,0.995,-0.496,0.443,1.133,0.591,1.87,-0.789,-0.998,1.81,2.121,0.837,0.246,0.387,2.116,2.491,-0.808,-0.244,0.531,-0.519,-0.068,-1.339,1.25,-1.253,2.739,0.626,-0.46,1.48,0.594,0.344,0
-1.762,0.519,-1.349,-0.219,0.922,1.072,-1.235,1.289,-1.295,-0.001,-0.235,-0.6,-2.045,-0.058,2.744,-0.638,2.506,0.019,-1.909,1.156,-0.045,0.062,0.227,0.264,-0.461,0.305,0.104,-0.663,2.066,0.939,0
-0.311,0.993,-0.526,-0.78,-0.05,0.387,0.036,-2.239,-1.304,-1.658,1.527,0.123,-1.144,-0.305,-0.647,-1.737,0.243,0.207,-1.704,0.764,-0.014,-1.179,0.837,-1.825,0.18,0.282,-1.564,-1.508,2.002,-0.954,0
0.547,0.532,-0.887,-0.942,0.287,-0.5,-0.803,-0.895,-1.069,1.56,-0.191,-0.18,-0.993,0.442,-0.524,-0.37,-0.293,-0.205,-1.773,-0.136,0.811,0.347,-0.759,-0.045,-1.054,0.238,1.806,1.127,-0.109,2.491,0
1.323,-0.26,-1.697,0.007,-0.682,0.652,-1.097,-0.079,1.239,0.323,0.5,-0.354,-0.772,0.697,0.651,-0.002,-0.339,-0.533,1.177,-0.126,0.105,-0.75,0.902,-0.594,-0.397,-0.564,-0.855,-0.507,-1.053,0.394,0
-1.548,-1.856,0.483,0.417,-0.044,-1.942,-0.426,1.918,1.218,0.151,-0.186,1.599,-0.682,0.289,1.17,-2.184,2.172,0.082,-0.482,-0.261,0.046,-0.206,-0.896,0.167,-0.684,0.607,-0.323,0.694,-1.056,-0.122,0
0.707,-0.874,-0.07,-0.534,-0.125,0.175,-0.724,-0.677,-0.079,0.304,0.649,0.433,-1.911,0.224,-0.052,-0.428,0.714,-0.616,0.708,-2.078,-0.591,0.705,1.031,-1.424,0.23,0.45,-0.774,0.004,0.043,-0.054,0
1.04,-0.181,-1.104,0.475,1.137,-0.895,0.195,-0.911,0.513,0.224,1.547,0.515,1.596,0.01,0.465,-0.535,0.171,0.929,0.082,0.333,-2.06,-0.668,-1.203,-0.462,0.007,-1.374,-1.392,1.374,-0.146,-2.064,1
-0.003,-2.88,0.836,0.115,-0.707,-1.206,-0.244,1.019,-0.838,-0.874,0.303,-0.603,-0.434,-1.124,-0.811,-0.896,0.861,-1.402,1.49,0.297,-2.186,-0.57,0.1,1.35,-0.624,0.582,-1.07,0.465,0.046,1.534,0
-0.461,-0.11,0.238,-0.793,-0.674,0.39,-0.879,-0.369,-0.461,0.049,1.713,1.118,-0.836,-0.875,0.941,-0.119,0.267,-0.143,1.65,-0.325,-0.604,-1.154,2.146,0.568,-1.087,0.419,0.175,-0.195,1.763,-0.657,1
-0.025,-1.146,0.865,0.253,-0.972,1.031,-0.25,0.247,-0.525,-1.406,0.491,0.514,0.607,-0.038,-0.417,-0.813,-1.777,0.9,0.342,-0.175,0.505,-0.502,-0.411,1.39,-1.275,0.489,-1.05,-0.528,-1.751,-0.6,0
0.645,-0.412,-0.425,-0.668,0.956,-0.605,0.156,-0.48,-0.989,-2.04,-0.836,-0.611,0.54,-0.903,-0.628,-1.186,-0.145,0.856,0.349,-0.79,1.683,0.651,-0.936,-0.128,-1.665,0.284,-0.301,-0.22,-2.637,0.226,0
0.254,1.553,-0.55,-1.039,-0.927,0.471,-0.223,0.907,-0.686,-0.258,-1.01,-0.51,-1.521,0.985,-2.107,0.962,-0.431,0.492,1.077,-0.078,-0.375,-0.091,-0.392,-1.645,-0.084,0.463,-1.181,0.142,0.742,0.351,1
0.445,-0.19,-0.381,0.63,-1.292,-1.573,-2.24,-0.641,-1.562,-0.259,0.408,-0.321,-0.047,0.969,-0.555,0.466,-0.955,0.461,0.465,2.108,-0.012,-0.798,0.35,1.875,-0.522,0.787,0.862,-1.975,-0.932,-0.438,0
-0.822,-3.257,0.365,1.646,-0.003,1.519,-0.683,-1.795,0.793,-0.233,0.705,-1.212,0.445,0.767,0.312,0.536,-0.873,-1.66,-0.424,0.54,-0.04,0.346,-0.603,0.779,0.52,-0.251,-0.649,0.061,-0.127,1.15,0
0.381,-0.495,1.803,-1.499,1.349,1.074,-0.67,-1.174,0.523,0.285,0.842,-1.163,-0.423,-1.052,0.366,-1.443,0.289,0.852,-1.458,-0.389,-1.072,1.315,0.174,-0.856,0.125,-0.309,-1.394,0.227,-0.389,-0.593,1
-0.352,0.959,0.179,-1.817,0.086,1.353,-2.041,0.449,1.071,0.074,0.664,0.427,0.406,0.729,-0.537,-0.044,-0.066,1.395,-0.191,0.088,-1.615,-0.437,1.295,-0.056,-0.168,-0.389,0.407,1.694,0.556,-0.418,0
2.407,0.041,-0.042,-0.818,0.204,-1.435,-0.311,-0.213,0.17,-0.883,2.489,-0.354,-0.152,-0.193,0.447,0.262,0.167,-0.551,-0.03,0.036,0.089,0.221,1.407,-0.783,0.656,0.182,-0.361,2.085,-1.8,-1.085,1
-1.133,1.843,-0.654,-0.952,-0.856,-0.355,-0.183,-0.235,0.846,0.985,1.197,-0.909,0.857,1.672,-0.434,-0.544,-0.156,-1.205,0.352,0.288,0.339,-1.948,1.747,-1.037,-0.283,-0.026,-0.895,-1.422,-0.127,-0.036,1
-1.756,-2.382,-0.551,1.34,0.826,-0.073,-0.989,-0.018,0.368,0.171,-0.148,0.302,0.062,0.112,0.676,0.925,-0.497,-0.26,1.321,-1.156,-0.159,0.237,1.173,1.64,0.61,-0.653,1.265,-0.877,-1.139,0.281,1
-1.211,-0.783,-0.628,-0.004,0.722,-0.671,-1.201,0.985,0.101,0.29,0.935,-2.006,-1.694,0.226,1.58,0.926,1.346,0.272,-2.043,0.329,-1.471,0.57,-1.707,-1.596,0.291,-0.645,1.088,-1.411,0.33,-1.106,1
-1.543,-2.235,0.532,1.035,0.225,-1.067,0.084,-0.064,0.101,0.981,-1.238,-1.925,-0.419,-1.093,0.994,0.671,-0.673,1.227,-1.107,-0.442,-1.839,1.555,-0.443,0.373,3.797,0.028,-2.022,0.896,-0.423,-1.637,1
-2.712,0.336,1.469,-1.361,-0.329,-0.534,0.792,1.873,-1.263,0.618,0.632,0.338,-1.28,-0.548,0.377,0.232,0.484,1.087,-0.132,-0.607,0.048,0.464,-1.231,-0.361,0.614,0.357,0.321,-0.563,-0.361,1.023,1
1.463,1.303,0.433,0.111,-1.214,0.147,-1.22,-1.088,-0.695,2.162,0.643,0.469,1.041,1.119,-1.171,-0.826,0.067,-2.558,1.737,-0.035,-0.302,0.424,0.553,-0.548,0.181,0.502,1.714,2.043,0.914,-0.002,1
-0.081,0.364,-1.229,-0.771,-0.511,-0.284,-0.523,0.338,0.172,0.436,0.603,-0.314,0.887,-1.054,0.041,-0.066,0.145,0.26,0.589,0.001,1.048,-1.185,0.132,-0.066,-1.805,1.021,-1.809,-1.555,-0.667,-0.652,0
0.58,-1.245,1.37,-0.765,-0.36,-0.151,0.948,-0.361,0.16,-0.788,-0.241,0.73,-1.323,1.055,1.245,0.862,-0.308,0.704,1.131,1.718,0.857,0.44,1.683,0.259,0.086,0.399,-1.409,-0.504,1.196,0.277,1
0.686,-1.067,0.349,0.859,-0.478,0.715,1.555,0.923,2.329,-0.226,-0.7,-1.419,1.399,0.819,-0.422,0.182,1.743,0.007,1.432,0.398,0.568,0.683,0.946,-0.298,-0.387,-0.427,-0.869,0.122,-0.081,-1.012,1
3.291,-0.325,0.852,-0.704,0.906,-0.621,0.287,-0.97,0.148,-0.003,-2.105,-0.506,1.016,0.633,-0.114,1.74,1.272,0.958,-1.235,1.169,1.007,0.795,-0.761,0.183,-1.364,-0.288,0.675,2.339,-1.223,1.789,0
0.16,0.43,1.866,-0.313,-1.344,-0.597,-0.166,-1.193,2.393,-1.183,-0.244,0.152,0.363,0.267,-0.161,0.79,0.056,1.303,-1.247,1.257,0.519,0.556,-1.437,-0.105,0.086,-0.599,0.532,0.186,-0.507,1.847,0
0.243,-0.64,-0.873,1.192,-0.433,0.265,-0.641,-0.607,-0.738,0.377,-1.299,0.144,0.449,-2.39,-0.474,-0.697,-1.258,-0.388,-1.131,1.106,1.107,1.37,1.806,-0.234,1.649,-0.007,-0.442,0.217,-0.975,2.639,1
-0.703,-0.974,-1.143,1.356,1.384,-0.163,-0.335,1.519,0.723,1.544,1.033,0.366,-0.341,-1.392,0.081,-1.9,0.304,1.296,-0.483,-0.186,0.037,0.425,0.566,0.963,0.729,-0.595,-1.471,0.476,-0.347,1.091,0
0.901,-2.259,-0.839,1.681,1.336,0.677,0.028,0.507,-0.4,0.144,0.157,0.251,-0.761,0.708,-0.301,0.036,0.274,1.089,-0.792,0.209,-0.69,0.353,-0.203,2.279,0.576,-0.588,1.493,0.22,2.098,-0.72,1
2.382,2.386,0.071,0.18,0.69,-1.17,-0.669,0.724,-0.816,-1.369,0.195,0.189,0.038,1.243,2.204,0.204,1.967,0.55,0.639,0.938,-0.369,0.415,0.292,0.33,-0.877,0.201,0.006,0.215,0.426,0.599,0
-0.994,-1.209,-2.776,-2.154,0.624,-1.433,-0.149,-0.636,0.267,0.896,-0.823,0.044,0.757,0.249,0.514,-0.559,0.088,0.012,-1.504,0.683,-0.666,-2.055,-1.056,-0.088,-0.417,0.335,0.382,-1.503,-0.393,-0.212,1
1.827,0.64,-0.261,-2.389,-0.498,0.203,1.175,0.439,0.742,0.428,0.057,-1.308,0.013,-0.845,0.881,-0.513,-1.514,-0.355,0.151,1.059,1.755,1.962,0.652,2.107,1.031,0.347,1.179,-1.909,-0.307,-0.006,1
-0.564,0.697,-0.213,-1.046,-0.506,-0.997,2.422,-2.157,0.253,0.599,1.333,-0.585,-0.642,-1.056,-1.821,2.401,-0.965,-1.263,-0.105,0.362,-0.28,-0.407,2.374,0.986,0.744,1.405,-1.246,-0.837,-0.773,0.613,0
-1.737,-0.236,0.411,-1.797,0.281,-0.537,-1.151,-1.976,0.389,-1.942,-1.607,-0.11,-0.991,-0.636,0.591,1.508,-0.516,0.957,-0.753,-1.794,-0.63,1.452,-0.547,2.303,-2.864,0.42,-2.122,-0.139,-0.753,0.55,0
-1.111,0.025,0.439,-1.111,1.373,0.181,0.689,0.34,0.099,0.135,-0.273,0.459,0.296,-1.809,0.906,0.29,-0.198,0.332,0.418,0.709,-0.527,0.751,1.138,0.077,-1.627,0.287,-1.59,-0.845,1.484,-0.106,0
0.368,-1.254,-0.578,0.672,2.016,1.252,-1.157,-0.096,0.892,-0.205,-0.116,-0.328,-0.45,2.443,-0.371,-1.174,0.475,0.169,0.274,0.319,-0.262,1.47,0.63,1.65,-1.2,0.324,-0.295,-0.973,0.519,-1.772,0
0.413,0.162,0.978,-0.257,-0.219,-1.055,0.674,0.672,1.384,0.677,-0.209,1.194,-0.602,0.853,-0.601,-1.443,0.776,0.835,-1.51,-0.635,0.686,0.431,-1.416,1.54,-1.197,-0.071,-1.355,1.417,-0.043,0.145,1
-0.184,0.715,-1.129,-0.766,1.289,0.044,-0.588,1.074,0.077,0.771,-1.347,-0.211,0.446,0.54,1.305,-1.022,1.608,-0.783,-0.26,-0.191,-0.307,0.129,0.382,-1.685,-1.307,1.994,-0.949,0.487,-0.048,0.256,1
-0.141,0.835,1.571,-0.266,0.943,0.235,-0.251,0.026,-0.919,-0.415,0.613,1.555,1.294,-0.483,1.588,1.194,0.27,-0.69,0.092,-0.056,0.601,-1.67,0.647,1.661,-0.082,1.858,-1.087,0.021,1.194,-1.503,0
0.431,2.073,1.034,-0.568,-0.619,0.276,-1.496,0.204,0.339,-0.165,1.092,1.417,-0.532,-0.452,-1.004,-0.996,3.615,-0.931,-1.348,0.54,-0.315,-0.263,0.531,0.878,0.222,1.691,1.385,0.313,-0.553,-3.016,0
-1.088,1.318,-0.685,0.467,0.716,0.468,-0.769,0.941,0.48,-0.423,1.206,0.618,0.427,-0.338,-0.83,-1.347,0.017,-0.635,0.968,0.953,0.578,0.103,1.791,-1.119,-1.74,1.105,0.451,1.577,1.335,0.64,0
-0.92,-2.068,-0.026,-0.454,1.439,1.299,-0.89,0.978,-0.871,0.266,-0.732,0.942,-1.579,0.856,-0.783,0.312,0.237,0.132,0.957,0.32,-0.118,0.674,-0.736,-0.72,0.225,-1.446,-1.125,0.425,-0.975,-0.605,0
0.583,-1.536,-1.318,0.304,0.505,1.111,-0.631,0.616,1.313,-0.915,2.06,-0.425,-1.189,0.577,-0.02,-0.034,0.179,1.375,-0.308,0.567,-0.466,0.391,-0.579,-0.372,2.372,1.426,0.512,-0.157,0.915,-1.862,1
0.87,-1.138,1.524,-0.583,0.568,-0.696,1.267,2.046,0.551,2.483,-0.604,-1.118,1.199,-1.23,-0.332,-0.338,-0.806,0.342,-0.126,-0.23,-0.386,0.3,0.568,-0.348,-1.651,-0.739,0.245,-1.009,0.643,-0.709,1
-0.471,-0.746,1.252,-0.866,-1.206,0.418,-0.794,0.247,1.049,-0.822,0.707,-1.186,-0.608,0.933,-0.407,-0.956,-0.411,-0.694,-1.17,-0.235,0.157,0.232,0.635,0.727,-2.304,0.686,1.102,0.874,0.4,0.813,0
0.546,0.991,0.157,-0.783,1.031,-0.72,-2.045,-1.067,0.261,0.322,0.011,0.318,1.323,1.246,-1.255,-0.59,0.309,1.205,-0.068,0.93,-0.723,0.067,-0.067,-0.488,-0.455,0.571,-0.371,0.05,-1.11,-1.552,1
-0.692,-1.103,-0.785,-0.082,0.91,-0.996,-0.153,-1.004,1.463,-0.842,0.227,-0.421,1.986,-0.105,0.713,-1.089,0.07,-1.715,-0.07,-0.204,1.483,-0.569,-0.204,0.414,1.338,0.383,0.65,0.836,1.14,-0.056,0
-0.651,-0.662,-0.811,0.017,1.302,-0.573,-0.285,-0.299,-0.225,0.792,2.491,-2.03,0.099,0.228,-1.513,0.632,0.018,-2.007,0.141,-0.92,-0.231,0.986,-0.446,1.303,0.83,0.458,0.568,0.553,-1.058,-0.032,0
1.452,0.222,0.247,-1.115,-0.186,-0.354,0.38,-0.566,1.734,0.098,0.628,-1.753,0.686,0.013,1.093,0.944,-1.111,-0.161,0.788,-0.384,-0.113,0.366,-0.378,0.848,0.777,-0.103,-1.381,-0.21,-1.687,0.619,0
0.431,1.019,0.42,-0.044,-0.833,1.564,-1.27,0.976,-2.052,0.184,-0.636,-2.041,0.451,-0.018,1.16,-0.102,0.101,0.292,-1.219,1.03,0.424,-0.445,0.657,1.275,-1.208,0.467,-1.121,-1.379,0.654,1.281,0
-0.086,2.684,0.508,-0.752,0.963,-0.865,-1.035,1.527,-0.012,2.002,-0.566,-1.548,-0.2,-1.089,-0.359,-0.38,-0.46,0.845,1.005,0.408,1.347,0.321,-0.12,-0.085,-0.081,0.197,-1.926,-0.061,0.313,-0.805,1
0.552,0.299,0.402,0.614,1.139,-0.864,-1.566,-1.151,-0.171,-0.979,0.239,0.469,-1.833,-0.588,1.578,1.409,-0.78,-0.245,-0.583,-0.252,0.088,-0.772,-0.808,-0.05,-0.448,-0.063,-0.033,0.589,-0.742,-0.525,1
1.286,-1.962,2.639,-0.588,-0.544,-0.162,1.961,0.352,-0.258,-1.113,0.073,-0.595,0.039,1.773,1.52,-1.467,0.399,-1.612,-0.202,0.433,-0.93,0.086,0.362,0.798,-0.873,-0.407,-0.289,-0.222,-0.513,-0.293,1
-0.543,-0.209,0.76,1.858,-1.06,0.075,-0.876,0.213,0.597,0.824,0.932,0.482,0.695,-0.478,-0.926,0.944,2.091,-0.546,1.09,0.776,-1.104,-0.299,-1.13,1.118,1.861,-0.761,-0.037,-0.48,-0.519,-0.779,0
-2.075,1.983,-0.865,0.527,-2.185,1.696,2.373,0.564,0.654,-2.093,-0.089,-0.175,-1.722,0.261,0.148,-0.329,-1.128,0.454,-0.172,-0.086,-3.26,-2.013,-0.156,-0.428,1.246,0.914,-0.445,0.724,0.824,-0.871,0
-0.838,0.184,1.064,-0.286,-0.726,0.032,0.671,-0.279,-1.249,-0.676,-0.401,-1.243,-1.537,1.942,0.816,-1.326,0.183,-0.03,-0.174,0.611,0.388,-0.633,-0.551,0.03,0.23,0.02,1.184,-1.982,0.316,-0.759,1
-1.431,1.358,1.482,-0.674,1.15,-1.627,-1.276,0.395,-2.384,1.232,0.157,-0.301,-0.491,-0.626,1.414,-1.665,1.664,0.556,-1.175,-0.116,0.032,-0.045,1.624,-0.063,0.478,-2.057,0.612,1.254,-0.906,-1.222,0
0.144,-0.226,0.209,0.365,0.05,0.655,-0.794,0.843,-1.05,1.238,0.703,-0.168,-0.307,-1.992,1.829,0.724,-0.265,-1.279,0.227,0.363,-0.658,-1.411,-0.108,-1.009,0.043,1.688,-0.31,-1.367,0.457,-1.399,1
-0.367,0.533,-0.36,-1.442,-0.493,0.9,0.052,-0.093,0.349,-0.743,-2.021,1.008,0.251,-0.299,-0.567,0.043,0.114,-0.244,-0.821,0.635,-0.422,-1.497,1.212,-0.012,0.554,0.915,-1.047,0.11,-0.766,1.049,1
0.01,0.598,-0.537,-0.054,-0.387,0.702,0.347,0.938,0.706,0.105,0.114,1.138,0.307,-0.565,0.49,0.297,0.135,1.722,-0.303,-1.102,1.716,0.339,-0.128,0.361,-1.155,2.045,0.638,1.023,-1.075,0.954,1
1.883,1.001,-1.053,-0.496,-2.9,0.656,2.196,0.18,-1.275,-0.097,0.139,-0.428,-0.142,-0.981,1.195,0.907,0.079,0.438,1.148,-0.469,1.808,-0.919,1.137,-0.765,-1.294,-0.515,-0.149,-1.128,1.198,-0.643,0
-1.325,1.142,-1.196,0.245,1.798,0.008,2.006,1.096,0.55,-0.121,-0.846,-0.605,0.495,1.754,-0.005,-1.148,-0.387,-2.078,0.332,-0.325,-0.778,0.468,0.474,-1.665,-0.332,0.611,0.668,0.295,-0.088,-0.024,1
0.196,0.616,2.665,0.367,1.844,0.799,-0.575,-0.151,0.03,1.319,-1.648,0.375,1.105,0.51,1.068,1.27,-1.01,0.64,0.267,0.391,-1.93,-0.614,-0.547,-0.776,0.084,1.204,-0.598,0.827,0.735,0.86,0
-1.015,-0.805,0.41,-0.368,-0.762,-2.045,-0.495,0.172,0.828,1.064,-0.366,-0.24,-0.434,2.233,0.307,-0.855,0.983,1.498,0.45,-0.063,-1.671,-0.358,-1.428,-3.822,-1.414,-0.239,-0.106,-0.527,0.635,-0.218,0
0.613,-0.578,0.492,0.605,0.656,-0.248,-0.157,0.064,-1.708,1.184,2.109,-0.068,1.246,-0.179,-0.903,-0.176,0.225,-0.266,1.166,0.667,0.205,0.709,0.372,0.685,-0.838,-1.27,-0.506,-0.337,-1.201,-0.225,0
-0.663,-1.465,2.03,-0.373,-0.268,0.587,-1.426,1.064,-0.55,0.278,1.212,-1.168,-0.01,0.329,-0.152,-0.066,0.897,0.613,-1.144,-0.855,1.418,0.642,0.277,1.111,-1.112,0.408,-0.651,1.746,-0.845,-0.408,1
-2.168,1.196,-0.614,-1.04,-0.729,0.536,0.226,0.844,-1.603,-1.459,-0.079,0.66,1.246,-0.372,-0.402,-0.755,-0.185,0.346,0.614,-1.018,-1.177,-0.035,-0.869,1.534,-0.364,0.942,-1.925,0.99,0.358,1.903,1
-1.471,-0.892,0.42,1.014,-1.362,0.561,1.078,-1.318,0.33,-0.671,-1.386,-1.375,1.49,-0.145,-0.263,-1.286,-0.612,-2.166,0.087,0.62,0.581,-0.087,0.987,0.063,-1.582,-0.261,-1.029,-0.561,0.827,-1.588,1
-1.403,-1.002,0.183,-1.053,-0.937,-0.458,-0.134,-0.201,-0.531,0.197,-0.782,-0.481,0.058,-1.023,0.429,0.465,0.014,0.22,-3.01,1.067,-0.305,-0.591,0.676,-0.776,-0.086,-1.036,1.869,0.594,0.657,1.664,0
-2.054,-1.079,0.508,0.101,3.124,1.528,0.656,-0.922,-0.355,-0.123,-0.367,1.513,-0.484,-0.152,-0.225,0.082,-0.473,0.695,0.602,0.461,-0.164,0.367,0.074,-0.863,1.502,0.012,-0.091,0.033,0.223,-0.397,0
-1.325,0.134,0.29,0.05,-0.166,0.715,1.704,0.05,-0.276,0.434,1.068,0.966,-0.475,-0.468,0.841,1.992,1.027,-1.83,-1.538,0.401,1.116,-0.386,-0.716,-0.159,-0.816,-0.095,-1.381,-0.666,0.067,0.587,0
-0.301,0.535,0.571,-1.022,-0.103,0.388,-0.727,1.313,-0.085,-0.48,-0.287,1.214,-0.615,-0.137,0.596,-1.456,-0.77,-0.522,0.201,-0.311,0.652,0.563,0.517,-0.248,0.034,0.142,1.932,0.822,0.392,-1.226,0
-2.115,-0.88,0.31,-1.781,-0.138,-0.27,-0.354,-1.428,-0.162,-0.026,0.128,1.987,0.241,0.291,0.32,0.3,1.816,1.034,1.585,-0.95,-0.077,0.75,0.177,-0.907,-0.809,0.654,1.41,-0.372,1.655,0.567,0
2.2,-0.188,0.722,-2.184,-0.604,-0.936,-0.313,0.527,2.163,-0.284,-0.375,-0.582,0.189,-1.471,-0.788,1.41,1.37,0.218,-1.443,1.338,-0.194,0.021,1.247,-2.348,0.407,-1.087,-0.573,-0.38,0.341,0.324,1
0.445,-0.348,-1.039,-0.39,-1.377,-0.861,1.584,1.006,-0.441,-0.684,-0.194,-3.013,0.248,-0.546,1.085,0.825,0.158,-0.557,-2.574,1.546,-0.147,2.595,-1.577,0.309,0.292,-0.231,0.202,-1.657,1.245,-0.92,0
0.849,-0.968,0.365,0.365,1.099,-0.201,-1.749,-1.259,0.445,0.091,1.039,1.589,1.693,1.814,-0.023,-1.86,-1.145,0.237,2.045,0.261,0.994,1.514,-0.786,-0.417,-0.355,-0.373,1.438,-0.226,-0.179,0.275,1
-0.124,0.89,-1.095,-0.458,0.78,-0.476,-0.204,-0.303,1.118,0.412,-0.737,-0.794,-1.268,-2.104,-0.684,1.092,0.908,0.708,-0.351,-0.019,1.052,0.884,1.963,-0.737,0.589,-1.439,-0.815,-2.73,1.047,1.104,0
0.645,0.773,-0.358,1.054,-0.488,0.771,-0.736,1.263,-1.963,-0.058,1.16,1.782,-0.765,1.337,-1.022,-0.093,-1.34,-0.47,2.159,-0.256,0.803,-0.145,-0.434,-0.12,0.777,-0.268,-1.528,-0.805,-1.492,-0.597,1
0.23,0.357,-1.848,-1.214,-0.047,1.339,-0.753,2.271,0.147,0.422,-0.504,-0.143,1.177,0.011,1.161,-0.821,-0.162,-0.127,1.81,-0.876,-0.349,-0.987,0.177,0.569,-0.401,0.62,-0.309,0.143,1.191,-0.137,0
-1.679,1.674,0.021,-0.727,1.323,0.571,1.443,-0.262,0.704,-0.108,-1.043,-0.42,1.48,-1.993,-0.409,-1.796,0.158,0.873,-0.951,0.501,-0.154,-0.96,-0.382,-0.094,-1.157,0.453,-1.523,-2.706,1.014,-0.042,1
-0.988,-0.208,-0.287,-0.498,-1.056,-0.618,-0.721,1.796,0.009,-0.737,-0.886,0.328,-0.201,0.474,1.693,-0.871,1.007,-1.998,-0.805,-0.415,-0.192,0.106,-1.255,-0.686,1.171,0.968,0.709,0.856,-0.08,-1.192,0
-0.317,-1.05,-0.927,0.212,-0.199,-0.35,-0.376,-1.17,0.37,-0.528,-0.411,-0.4,2.4,0.718,-0.373,1.167,-1.043,0.533,-1.114,-0.088,-0.36,-0.845,0.786,-0.209,0.689,0.22,0.32,-1.301,0.805,-1.001,0
1.182,0.095,-0.022,0.409,-0.652,-1.272,0.445,0.789,1.096,2.597,0.205,-1.245,-1.678,0.402,0.29,1.004,-0.945,-0.448,3.231,-2.482,0.665,1.633,0.596,0.243,0.431,-0.714,-0.394,-1.054,-1.067,-0.969,1
0.708,-0.753,0.338,-0.604,-0.49,-2.032,1.291,-1.66,-0.212,0.015,1.014,0.668,1.126,-1.469,-0.971,-2.471,0.872,-0.955,-1.478,-0.043,0.786,0.352,-0.127,0.739,0.098,0.377,-0.562,0.193,-0.22,-1.466,0
0.531,-0.602,-0.804,-1.481,0.404,0.691,-0.615,-1.733,-0.212,-1.219,0.655,0.953,-0.772,1.699,0.82,-0.709,0.202,0.017,0.144,-0.682,0.762,-0.427,-0.933,0.534,0.897,0.152,1.087,-0.417,-2.017,0.885,0
-0.574,2.441,0.846,1.232,-0.165,-1.5,-0.537,0.463,-1.534,0.112,-0.358,0.555,0.491,-2.024,-0.884,0.262,-0.041,-0.082,-0.848,-1.771,2.466,-1.093,2.483,-0.086,1.032,1.81,0.575,1.792,-1.053,-2.22,1
0.053,-0.804,-1.82,-1.337,0.767,-0.15,-1.061,0.627,0.453,0.012,0.021,1.982,-0.059,-1.061,1.057,-0.874,0.698,0.306,-0.21,-0.468,1.903,-0.689,-1.056,0.095,1.215,0.58,0.053,-0.162,2.396,1.045,1
0.985,-0.32,-0.63,0.372,-0.22,-0.933,-0.222,0.389,2.528,-0.282,-0.595,0.361,-0.602,-0.701,-0.816,-0.293,-1.134,-1.798,-1.187,-0.179,0.225,-0.858,-0.088,-0.642,-0.63,-0.694,-1.183,-2.311,-1.004,0.163,1
1.035,-0.091,-0.718,0.482,-0.462,2.175,-0.353,1.175,1.087,0.924,-0.569,0.05,-0.136,-2.159,-0.448,1.136,-0.106,-0.525,0.047,-0.869,-0.7,0.577,-0.466,-0.292,0.046,-2.698,-1.788,-0.333,-0.889,-1.068,0
-0.455,-0.35,-0.027,-0.316,0.721,0.535,-1.09,-0.115,0.442,-0.199,0.5,-0.64,2.08,1.628,-0.67,1.602,1.24,-0.053,-0.736,0.285,-0.06,-0.579,-0.521,0.811,2.429,-0.095,0.729,-0.704,0.371,1.785,1
1.074,-0.21,0.216,1.243,-1.935,-0.714,0.437,0.266,1.75,0.04,-1.365,1.1,0.408,-0.518,0.066,-0.113,0.086,-0.58,0.367,0.013,0.211,-0.47,1.464,-1.15,-0.49,-0.094,0.257,-0.347,-0.371,0.257,0
0.385,-0.884,-0.586,0.28,0.522,1.731,-0.73,-1.302,-0.151,1.044,-1.145,-0.143,-0.227,0.027,0.266,1.517,0.991,-0.348,1.899,0.546,0.291,0.108,-0.318,-0.455,-0.078,0.6,0.473,-0.139,0.823,-0.207,1
1.098,1.02,-0.136,1.433,-0.906,-0.874,0.474,-1.468,0.21,0.322,-0.304,-2.408,-1.023,0.021,-0.788,-0.565,-0.923,0.412,0.182,-0.116,1.67,-0.787,0.82,-0.681,1.866,-0.322,0.772,-0.632,-0.018,1.055,0
-1.653,-1.727,0.344,-2.219,0.193,-0.113,-0.673,-0.716,0.223,-0.318,-0.03,-0.221,1.077,0.986,1.502,0.267,-0.479,0.303,0.179,0.218,1.067,0.342,-1.181,-0.655,-0.899,-1.389,-1.374,0.945,0.589,-0.766,0
-0.946,2.068,-0.292,-0.949,0.32,-0.751,0.22,-1.573,-0.281,1.786,-0.023,-2.371,0.402,-1.652,0.294,-1.329,-0.933,-1.774,-1.23,0.308,-1.213,0.867,0.939,0.018,0.952,0.088,0.94,2.082,0.484,0.134,1
-1.213,1.228,-0.08,-0.446,1.294,-0.779,-0.049,-0.946,-1.455,2.241,0.739,0.77,1.585,1.023,-0.173,0.073,-0.719,-1.213,-1.705,1.734,1.149,1.086,-0.463,-2.446,-0.552,0.573,-0.512,1.172,0.13,1.24,0
0.589,-0.795,-0.748,0.805,-0.401,0.042,-0.402,0.361,1.93,-0.932,-0.233,-1.354,-0.209,0.485,-1.383,0.04,2.636,-1.23,0.292,0.054,-0.095,1.35,0.764,-0.064,-0.186,0.253,0.515,1.015,0.27,1.37,0
-0.342,-0.27,1.821,0.669,-0.22,0.354,1.063,0.527,0.388,0.106,1.345,0.878,0.575,0.77,-0.314,0.248,-1.324,-0.711,0.075,0.497,-0.584,0.94,0.355,-0.945,-0.601,2.434,-0.07,0.475,-0.377,0.959,0
-0.261,0.856,-1.303,0.822,0.403,-0.477,-1.117,-1.906,0.497,1.513,0.005,-1.572,1.542,0.736,-0.276,-0.776,-0.503,-1.678,0.566,0.353,-0.286,-0.76,2.342,-1.077,-0.879,0.726,0.389,-0.397,0.021,0.646,0
-0.627,-0.776,-0.496,0.032,0.178,-1.148,-0.364,0.853,-0.326,0.939,0.989,-0.062,0.517,1.216,-0.004,-0.475,0.446,-0.616,-0.176,-0.736,0.13,-0.115,-1.135,-0.634,2.188,1.48,-1.484,1.134,1.0,0.532,0
-0.235,-0.969,0.056,-1.304,-0.79,0.369,-0.919,-1.414,-1.407,0.466,-0.083,0.582,1.061,0.445,0.25,0.357,0.468,-0.899,0.619,0.29,2.284,0.409,0.404,0.63,-1.486,0.825,-0.172,-1.866,0.658,0.756,1
-0.917,-1.373,-1.591,-1.053,1.412,0.73,0.688,-0.975,-0.869,-1.752,1.476,2.247,1.101,-0.31,-0.068,-0.978,0.507,1.567,-1.378,0.21,-1.21,-0.271,-1.309,-1.715,-1.432,1.267,-0.998,-0.279,-0.455,-0.735,1
0.747,-1.014,-1.049,1.493,-2.442,-1.354,1.287,0.852,0.807,-0.163,1.308,-0.878,-0.262,1.344,0.288,0.523,1.606,1.035,-0.41,-0.425,-0.145,-0.312,-0.037,-0.608,-0.912,0.42,0.449,-0.991,2.104,0.783,0
-1.637,-1.784,-2.47,-0.754,0.151,-2.108,-2.773,-0.451,1.649,-1.616,1.117,0.634,-0.099,1.229,-0.575,-1.028,0.448,1.291,-1.717,-0.382,-0.151,1.061,0.756,-0.261,0.168,0.967,2.488,0.384,0.292,-0.264,1
0.387,1.686,0.685,-0.826,-0.255,3.138,0.578,-0.802,-0.159,-0.021,-0.082,0.755,0.059,1.995,-0.488,-0.042,-0.231,-0.409,-1.098,0.301,-1.583,-0.64,0.637,-0.09,-1.46,0.546,-0.067,0.1,-1.865,0.11,0
0.963,-1.282,-0.061,0.964,0.059,-0.683,1.774,0.249,-0.337,-1.006,-1.698,-0.498,0.065,-0.045,-0.74,-0.773,1.25,0.583,1.387,0.836,1.654,2.065,0.239,-1.547,-0.603,-0.93,1.926,-1.523,-1.509,1.332,0
0.364,2.713,0.673,-1.202,-0.417,-0.872,-0.075,-0.375,-0.618,0.96,0.074,-0.159,0.419,-0.205,-0.523,-0.214,0.283,-0.742,0.243,-0.389,-0.582,-1.173,0.827,-1.986,-1.038,0.613,-1.762,-1.854,-0.324,1.52,0
0.173,0.57,-0.085,1.734,-0.787,-0.458,-0.29,-1.378,-0.25,1.014,1.842,0.366,0.959,2.125,-0.334,1.298,-0.107,-0.536,0.082,0.211,-0.922,2.235,-0.79,0.471,-0.438,-0.517,-1.049,-0.432,-0.207,-0.729,1
0.354,0.045,0.285,-2.608,-0.489,-0.279,-0.279,-1.48,-0.411,-1.527,-0.964,-1.382,-0.854,-1.495,0.454,-1.494,-0.018,1.022,-0.179,0.154,1.064,0.801,-0.064,0.018,-1.641,0.078,-0.075,0.425,0.098,0.407,0
0.012,1.643,-1.349,-0.216,-0.666,-0.409,-0.745,-0.556,1.885,0.348,0.052,0.474,0.043,-1.315,-0.831,-1.206,-0.075,1.524,-0.146,0.961,-0.796,-0.722,0.295,0.421,0.481,0.356,0.09,0.017,-1.84,-1.056,1
-1.408,0.452,-1.16,1.334,-0.285,-1.293,-0.615,1.526,-1.105,0.852,1.061,-0.747,-0.542,0.969,2.703,0.633,-1.565,-0.706,-0.699,1.179,0.013,0.442,2.265,0.673,-2.159,-2.406,0.031,-0.385,0.959,-1.46,0
0.174,0.236,-1.749,-0.896,-0.372,0.094,-1.391,-1.928,1.96,-1.288,-2.006,0.373,-1.151,0.02,-0.494,-0.203,-0.465,-0.322,-0.107,1.294,0.594,0.732,0.512,0.291,0.588,-1.386,-0.163,-1.398,-0.37,-0.782,0
0.267,0.632,0.655,0.853,-1.351,0.72,0.676,-0.885,-1.406,1.609,0.506,-0.181,0.279,0.212,0.011,0.888,0.744,-1.373,0.57,-1.86,-0.703,-1.032,1.779,-0.077,-1.672,0.16,-0.006,-0.999,0.456,-0.289,1
0.571,1.49,-1.3,0.402,-0.054,1.371,-0.971,0.685,-1.289,0.144,1.143,-0.92,0.913,-1.652,-0.437,-0.699,1.079,2.036,1.982,0.126,-0.645,1.717,-1.026,-0.307,0.547,-0.273,-0.466,0.47,0.711,0.412,0
-0.087,-0.651,0.573,-0.147,-1.579,0.53,1.063,-3.046,1.075,0.484,1.281,1.115,-0.113,0.03,-0.399,0.202,-0.679,0.342,-1.133,-0.323,-0.524,-0.685,-0.537,0.945,1.227,1.707,1.258,-0.617,-0.206,1.161,1
-0.581,-0.782,-0.017,-0.698,0.544,0.799,0.219,-0.429,0.111,1.828,-0.99,1.292,1.533,1.332,-0.541,-0.168,-1.468,0.24,-0.691,1.248,-1.544,0.856,1.562,1.417,1.048,0.146,-0.908,0.106,0.488,-0.358,1
2.236,-0.167,-1.543,0.285,-0.15,0.686,0.534,-0.37,-0.934,-0.567,-0.256,1.257,1.811,1.796,-0.255,0.352,0.896,0.258,-0.718,0.167,-0.932,2.363,1.36,-0.358,-0.758,-1.057,0.584,0.799,1.252,0.49,0
0.391,-1.894,-1.834,-1.466,0.211,-1.415,1.346,1.372,0.958,0.131,0.033,1.159,0.317,-0.187,0.692,-0.324,-0.452,-0.488,0.116,-0.415,-0.266,0.178,0.136,0.009,-2.342,0.338,-0.385,0.575,-0.752,0.662,1
-0.376,-0.532,0.211,0.529,1.083,0.92,0.309,-1.031,-0.345,0.133,-0.772,1.711,0.629,0.626,-0.153,1.397,0.587,-0.589,-0.762,1.097,0.197,1.096,0.257,-0.257,-0.357,0.34,1.219,-1.759,-0.676,0.391,0
0.149,1.702,1.198,-0.912,-0.145,-0.025,2.351,0.28,1.057,-0.484,0.808,1.401,-0.126,0.64,0.154,-0.802,-0.12,0.502,-0.202,-0.214,1.187,0.77,-1.241,-1.24,0.48,1.389,1.055,-0.08,0.377,1.24,0
-0.005,-0.863,0.003,-0.376,-1.1,-0.006,-0.434,-0.232,-0.086,0.365,-1.15,2.211,-1.1,1.34,-0.143,-0.295,0.001,-0.406,2.076,0.239,-0.984,-0.043,-0.579,1.228,-0.889,0.426,-0.048,-1.416,-1.391,-0.108,0
0.824,-0.424,0.458,-0.271,-1.21,-1.024,0.066,-1.203,-0.21,0.145,0.311,2.576,-1.012,-1.027,-0.906,1.148,1.567,-0.025,0.816,-0.62,-0.671,1.184,-1.198,-1.745,-0.043,-3.276,0.572,0.752,-0.837,-0.493,1
-1.58,-0.847,-0.619,3.332,2.036,-0.059,0.848,1.33,0.163,0.624,0.348,-1.707,-1.408,1.582,-0.49,-1.423,-0.539,-1.006,-0.918,0.16,-1.018,-0.839,-0.563,0.512,-0.756,0.062,-1.589,-1.199,0.276,-0.084,1
-1.2,2.619,0.081,0.128,-2.347,0.26,0.529,0.781,0.088,-1.247,1.315,1.368,-2.48,0.47,-0.841,0.421,0.32,-1.239,-2.366,1.077,1.308,-0.875,-0.694,0.171,0.802,-1.286,0.392,-1.699,-1.653,-0.866,1
-1.381,-0.363,-1.012,1.215,-0.306,1.106,-1.651,1.639,1.017,0.672,-0.593,0.871,-1.077,0.315,1.114,-1.176,1.203,-1.458,1.095,0.027,-1.609,0.807,-0.222,-0.592,0.595,-2.24,-0.557,-0.452,-0.876,0.502,0
-0.115,1.39,-0.666,-0.257,0.319,1.086,0.332,1.625,1.747,0.012,-0.359,-0.635,0.455,-0.593,-0.508,-0.525,-1.275,-0.491,1.162,-0.708,-0.683,0.689,-1.192,-2.03,-0.112,-0.007,-1.421,-1.364,0.537,-0.366,1
0.5,0.085,-0.783,0.641,-1.804,0.845,-2.413,1.136,-0.434,-0.099,0.393,-0.813,-0.392,0.981,0.399,-0.699,-0.084,2.755,0.928,-0.981,-1.066,1.32,1.296,-1.472,-0.039,-0.345,-0.745,1.711,-0.851,-1.766,0
1.809,-0.933,0.81,0.185,-0.682,-1.401,1.121,0.908,0.647,-0.717,-0.756,1.465,-0.829,-0.267,0.721,-1.27,-0.083,0.931,0.8,0.314,0.316,-0.356,-0.149,-1.936,0.325,-0.247,-1.323,-0.175,-0.041,0.429,0
0.83,0.959,0.553,0.912,0.514,-0.614,0.554,-0.456,-1.35,0.123,0.365,-0.829,-0.708,0.02,1.39,-0.39,0.474,-1.58,1.935,2.139,0.445,0.109,0.696,0.579,0.231,-1.175,-0.751,0.62,-0.054,0.745,0
0.006,-0.741,0.439,-0.775,0.211,1.026,-1.558,-0.946,-0.044,0.457,0.279,0.829,0.129,0.096,-0.228,0.187,-0.077,-0.015,-1.218,-2.954,0.911,1.295,1.235,-0.635,1.273,-1.122,0.672,-0.718,1.019,-1.163,1
-0.056,-0.77,0.675,-0.873,1.082,-0.154,0.892,-0.867,1.219,-0.31,-0.051,0.447,1.294,-0.568,-0.374,-1.105,0.087,1.333,1.195,2.049,2.284,0.179,-1.069,-0.231,-0.863,-0.036,-2.087,-1.271,-0.2,-0.902,0
0.025,0.694,-0.977,0.934,-0.752,-0.701,1.747,-0.54,-0.186,0.467,0.493,1.588,-0.423,-0.236,0.599,-0.388,-0.144,-1.173,0.05,0.386,0.424,1.756,-0.271,0.268,-2.248,-1.444,0.545,0.107,0.653,0.254,1
0.161,1.972,-0.45,0.342,-0.001,0.858,0.89,-0.406,-1.0,-1.877,-1.696,-0.199,-0.984,0.736,0.2,-0.993,-2.852,-0.311,1.158,-0.056,0.532,-0.761,-1.002,-0.927,0.674,-0.028,0.468,-0.115,0.163,-0.931,1
0.541,2.057,0.636,2.27,0.1,0.229,0.384,-0.4,1.917,0.215,-1.527,0.129,-1.914,-1.362,-1.372,1.046,-1.778,-1.143,0.145,0.888,0.551,-1.599,1.818,0.03,-0.378,0.766,0.508,-0.202,0.273,-0.32,0
1.195,-0.478,0.05,-1.17,-0.205,-0.266,-0.115,-0.544,0.397,-0.083,0.252,-0.115,-0.622,0.308,2.659,-0.474,-0.019,-0.881,-0.381,-0.222,-0.849,-1.683,0.441,-0.853,-1.702,-0.698,0.782,-0.694,0.062,0.377,1
-0.134,-1.654,-0.158,1.123,2.313,-0.603,-1.427,0.047,-0.197,-1.117,-0.283,1.028,0.5,1.069,-0.23,0.048,0.968,-1.797,-0.012,0.587,-0.943,0.607,0.117,1.785,0.158,-0.167,0.498,0.069,-1.751,-0.735,1
0.354,-0.815,0.149,1.334,1.146,-0.777,0.768,0.887,-1.994,-0.92,-0.79,-0.317,1.164,1.438,1.112,0.026,0.671,1.036,-0.233,0.222,-0.267,-2.121,0.751,-1.255,0.97,-0.622,-2.486,-3.081,2.625,0.734,0
-0.399,0.676,-1.173,-0.43,-0.747,0.429,-0.18,-0.748,-0.413,0.447,-0.007,-0.257,-0.939,-0.616,1.742,1.257,-0.643,0.455,1.851,-1.154,1.296,-0.093,0.123,-0.27,-0.366,1.981,-2.055,-0.204,0.597,0.961,0
0.514,0.917,0.5,1.677,-2.146,1.469,0.433,0.67,1.57,-0.115,-0.124,1.198,0.365,0.764,1.976,0.258,0.387,0.673,-1.415,-0.551,-1.402,-1.08,-0.912,-0.736,-0.268,-0.866,0.442,0.156,0.899,-0.972,0
0.909,0.326,-1.13,0.245,-0.159,-0.64,-1.182,0.613,-2.619,-0.594,0.1,-0.211,-0.141,0.147,0.611,0.665,-0.159,1.208,0.46,0.615,0.343,0.54,-0.046,-1.593,-0.155,0.638,-1.157,0.362,-0.877,-1.163,0
-0.202,1.055,0.588,1.01,-0.238,0.157,1.564,-0.157,-0.273,0.796,0.413,0.782,0.654,1.907,-0.465,2.147,0.408,1.029,-1.07,-0.091,0.266,0.97,-1.449,-0.95,-1.352,-1.573,-0.347,-1.302,-0.357,-0.33,1
-1.159,-1.578,-0.238,0.467,0.879,0.508,-2.436,-0.916,0.55,0.989,0.074,-1.115,-1.077,-0.402,-0.547,-1.17,-0.863,-0.354,-1.785,-0.55,1.48,0.065,0.495,0.31,-0.036,3.166,0.942,-2.009,-0.656,-1.16,0
0.273,-0.253,-0.317,0.61,0.888,0.16,-2.057,1.661,-0.52,0.879,0.11,0.821,-0.576,1.966,0.903,-1.398,0.48,0.349,-2.188,-1.184,0.338,-0.266,-0.636,-0.415,1.118,-1.555,-0.545,-0.744,0.772,0.756,1
-0.198,-0.907,0.599,0.757,0.441,1.01,-1.064,0.474,-1.492,0.863,-0.25,0.363,-0.616,-1.061,-1.577,-2.683,1.585,-0.88,-0.71,0.333,-1.712,1.21,0.31,0.977,0.24,-0.64,-1.036,0.115,0.212,1.815,1
-1.319,-0.521,1.473,-0.585,-0.344,1.292,-0.243,-0.46,0.992,0.088,0.866,0.345,0.014,-0.032,-1.256,-0.643,-0.05,0.117,0.435,-1.755,0.068,-0.651,-1.423,0.392,-1.735,-0.754,-2.322,0.905,1.064,0.565,0
-0.823,-0.733,0.036,0.173,-1.336,-1.028,1.134,-0.442,0.996,0.654,0.805,-1.318,-1.191,-0.431,0.33,0.672,0.512,-0.823,0.604,1.091,0.084,0.112,0.37,0.907,0.89,0.437,0.037,0.817,-1.313,0.576,1
-0.442,0.548,-1.32,-1.388,-0.379,0.613,-0.252,0.051,0.942,1.825,-1.194,-1.164,1.08,1.272,0.417,-1.706,0.587,1.062,-0.049,-0.741,-0.274,-1.159,0.239,0.113,-0.284,0.012,-0.611,0.093,-0.232,-0.339,0
-0.279,-0.64,1.239,0.593,0.298,1.029,0.478,-0.216,0.676,0.122,-0.128,-0.11,-0.336,-2.06,0.456,-0.481,-0.819,1.199,0.559,0.737,-1.595,-0.555,-0.48,0.082,0.231,-0.313,0.903,2.555,-1.145,0.897,0
-1.018,-1.532,0.221,0.133,-0.324,-1.619,-0.454,-0.196,0.633,0.009,0.417,-2.117,1.171,0.589,2.282,2.0,-0.331,1.093,2.571,2.091,-0.366,0.417,0.365,0.908,0.28,0.049,-2.544,0.572,1.42,-0.159,0
-0.457,-0.13,-0.092,-0.276,-0.16,0.422,-1.727,1.449,0.497,-0.847,-1.906,0.607,-0.296,1.292,0.516,-0.639,-0.429,0.571,2.854,-0.137,0.551,0.363,-1.826,-0.401,0.814,0.49,0.01,1.384,0.16,0.937,1
-1.31,0.784,0.693,-0.723,1.792,-0.8,-0.435,-0.022,-0.132,-0.35,-1.456,-0.945,0.406,-0.51,0.375,2.727,0.26,-1.616,-0.849,0.867,0.942,0.745,1.153,0.65,2.186,-0.96,0.137,0.205,-0.313,-0.512,1
1.9,1.81,-0.518,-0.108,0.165,0.313,0.057,-0.923,0.468,0.297,-1.461,0.414,-0.245,-0.677,1.902,0.433,0.477,-1.015,0.521,-0.619,0.869,-1.474,0.882,1.586,0.751,-0.722,-0.942,1.891,-0.444,0.542,1
-2.195,-0.304,0.344,1.26,0.519,-0.316,-0.56,0.5,2.119,-1.134,0.7,0.018,0.219,-0.339,-1.164,0.499,1.404,0.177,-1.1,1.063,-0.877,-0.002,-0.278,-0.211,-1.213,0.083,1.065,-0.377,-1.422,-0.884,1
-2.25,0.409,-0.85,-0.169,-0.088,0.801,0.846,0.201,0.426,0.743,0.874,-1.174,-1.256,0.407,1.506,1.289,-0.772,-0.427,-0.287,0.853,0.167,-0.715,-1.51,0.118,-0.296,0.189,-0.7,0.532,-1.839,0.893,1
-1.438,0.545,-1.165,-1.354,-0.613,-1.617,-1.103,0.281,-0.428,-0.373,-0.469,0.323,-0.078,2.067,-0.574,0.776,0.093,0.112,0.2,0.095,1.684,0.129,0.102,0.087,0.412,0.926,0.213,-0.627,1.438,-1.155,1
1.128,0.536,1.051,-0.11,-0.218,1.537,-1.265,-0.064,1.111,0.322,1.142,-0.179,1.601,-0.358,1.165,0.101,-0.527,0.389,0.38,-0.645,-0.173,-0.225,1.342,1.356,1.095,-1.103,0.236,-0.908,-0.601,0.931,1
-1.388,-1.246,-1.502,0.403,-0.689,-0.052,-0.968,0.996,-0.13,-0.238,-0.084,0.217,-0.854,1.242,-0.605,-0.686,-0.027,0.482,-1.111,0.419,-0.782,0.397,-1.563,0.262,-1.861,-0.342,0.007,-0.553,-1.318,1.034,0
0.741,1.522,2.709,0.738,0.725,-0.083,0.672,-0.185,1.465,0.538,-0.257,0.038,0.391,1.701,0.198,-1.014,0.672,0.053,-0.284,-1.376,-0.333,-0.078,-0.208,0.036,-1.444,0.901,0.723,-0.46,2.033,0.886,1
-0.705,-1.346,1.297,0.885,1.289,-0.748,0.215,-0.011,0.446,-0.191,0.482,0.744,-0.418,-0.192,1.624,-0.462,-0.038,0.921,-2.077,-1.125,0.085,0.213,1.772,-0.559,-0.646,-1.116,-0.04,0.262,-0.186,-0.393,0
1.371,0.164,0.693,0.239,-0.583,0.451,0.191,2.041,0.305,-1.331,-0.394,1.505,-0.74,1.534,0.5,-0.718,-1.901,-0.242,1.42,0.051,-1.116,0.785,-0.98,1.141,0.652,-0.103,-0.399,-0.559,1.694,0.029,0
0.116,-0.581,-0.828,-0.597,-0.797,0.843,0.245,-0.734,0.772,-1.717,0.501,-0.368,0.769,0.547,0.164,-0.42,-0.224,-0.182,-2.406,1.369,-0.41,-1.062,-1.971,-0.204,-0.071,1.071,-1.131,1.887,0.988,-1.042,1
0.408,0.257,0.549,0.08,0.504,0.433,-1.148,-0.004,0.314,0.402,0.39,-0.559,1.085,-0.275,0.562,0.075,1.719,0.717,-0.373,1.119,1.112,0.515,0.778,2.306,-1.514,-0.629,-2.003,0.039,-0.454,0.755,0
-0.959,-1.0,-1.138,-0.944,-0.405,0.865,2.071,0.037,0.588,0.55,-2.044,-0.594,0.227,0.437,-0.601,0.427,1.239,0.839,1.867,0.144,-2.888,-1.384,-0.714,0.467,-0.593,-0.789,-1.012,0.104,0.946,-0.91,0
-0.893,-0.872,-0.82,-0.552,0.261,1.495,-2.465,0.195,-1.664,0.655,-0.511,0.472,0.703,0.81,-0.758,-0.844,-1.203,-1.188,2.022,0.646,-0.212,0.382,0.731,0.689,0.211,0.323,-1.097,0.569,-0.348,-0.327,1
0.053,0.521,-1.505,0.224,-1.665,-0.749,-0.707,0.881,0.065,-0.649,0.646,1.8,-1.253,-0.138,-0.663,-1.393,0.307,0.014,0.445,-1.241,-0.788,-2.282,-0.007,-0.852,-1.237,1.532,1.001,-0.089,-1.729,0.498,1
0.002,0.954,0.924,-0.227,0.315,0.765,0.285,-0.309,1.799,-0.574,1.094,0.232,1.279,0.574,-0.361,0.767,0.768,-0.593,1.55,0.556,0.408,-0.38,-0.134,-0.928,0.488,0.404,-0.526,-0.174,-0.923,-0.476,0
0.441,0.275,-0.196,0.527,0.29,0.598,0.119,-0.705,1.546,1.034,-0.986,-1.745,0.126,-1.491,1.728,-0.245,1.666,-0.726,-0.909,0.108,-0.454,1.834,-0.293,1.775,-1.318,-0.619,-0.896,-0.62,0.099,0.787,0
1.064,-0.242,0.029,1.385,0.483,-1.384,0.351,1.557,1.837,0.968,0.981,0.109,0.621,-0.212,-0.146,-0.275,-0.885,0.072,-0.28,1.537,-0.081,0.591,-0.556,1.419,-0.851,-0.638,1.083,1.009,-1.715,0.394,0
0.493,1.041,-1.53,-0.059,-1.149,-1.118,2.108,0.497,-0.205,0.445,-0.184,0.989,0.722,1.789,-1.003,-0.431,-0.465,0.095,0.499,1.857,-0.297,-0.933,-0.521,-0.12,-2.036,0.805,0.982,0.124,1.39,0.851,1
-0.779,0.139,0.812,1.515,-0.804,-2.099,1.397,0.075,-1.32,-0.145,-1.783,-2.035,0.807,0.475,1.399,-0.35,0.414,-0.302,-0.968,0.069,-1.141,-0.894,-0.77,-0.484,0.766,-1.446,0.32,-1.769,0.138,0.154,1
-0.762,0.474,-2.081,0.613,0.27,0.009,0.111,-0.5,0.656,0.637,-1.209,-0.24,-1.114,1.642,0.703,0.344,0.369,0.532,-0.025,0.588,-2.528,-0.963,-0.297,-1.037,0.41,-1.523,-0.477,0.24,-1.851,-0.831,1
1.706,-0.642,2.772,0.492,0.662,0.199,0.749,-0.906,0.05,-0.227,1.294,1.035,0.803,-1.436,-0.186,0.242,0.976,-0.265,0.043,-2.381,-0.277,-0.072,-0.12,2.396,-0.73,-1.245,1.044,-2.902,-0.547,1.223,1
0.916,-0.186,0.912,-0.842,-1.589,0.273,-1.558,-1.216,-0.816,0.279,0.673,-0.316,0.258,1.094,-0.89,-0.25,1.079,-0.312,-1.066,-1.53,-0.013,0.162,0.002,1.526,1.411,0.927,-1.301,0.322,-1.595,-0.853,0
-1.578,-0.89,-1.06,-1.01,-1.017,-0.706,1.28,1.79,-0.005,-0.051,0.28,0.12,-2.348,-0.15,0.338,-1.001,-1.668,-0.249,0.994,0.115,0.57,1.266,-0.318,-2.037,-0.057,-1.97,1.849,0.468,1.504,-0.679,1
-0.149,0.237,-0.497,0.563,1.207,-0.435,0.782,0.348,0.394,0.844,0.615,-0.202,0.102,1.817,0.132,0.366,-0.046,0.404,-1.322,1.158,1.676,-0.038,-1.534,-0.257,1.453,0.269,-0.504,1.272,0.583,-0.584,1
-0.577,0.104,0.53,1.535,-0.566,0.203,-0.187,-1.573,3.954,-0.786,0.494,0.939,-0.755,1.607,-0.177,0.793,-1.101,-0.732,0.677,0.938,-0.512,0.117,-0.113,0.581,1.262,0.255,0.809,-1.106,0.529,0.241,1
0.095,0.577,0.425,-0.314,-0.56,1.27,1.156,-0.135,-0.131,-2.129,-0.337,1.124,-1.789,-0.162,-0.549,1.178,-0.198,0.719,2.611,0.279,-1.429,0.558,0.548,1.678,1.372,-0.502,-0.722,-1.093,1.006,-0.743,1
-1.908,-1.21,-0.469,-0.45,0.232,0.563,0.583,-1.34,0.267,1.97,0.195,-1.03,-0.063,0.858,-0.09,-1.718,0.742,0.862,-0.236,0.251,0.961,-1.496,-0.892,1.095,-0.555,-0.91,-0.686,0.692,-2.044,0.048,0
0.455,0.963,1.375,-0.588,-0.461,-1.214,0.098,0.478,-1.58,1.09,-0.011,0.54,-0.201,-0.543,-0.615,-2.24,-0.745,-0.329,-1.101,-0.528,-1.148,-1.721,0.474,0.765,0.887,-0.131,1.098,0.284,1.053,0.573,0
-0.579,0.406,-0.635,-0.562,0.345,-0.856,-0.054,1.31,0.955,0.301,0.734,0.688,-1.083,-0.947,-1.241,0.508,0.652,1.149,1.192,-0.227,1.028,1.699,-0.586,-0.25,0.004,0.12,1.222,0.056,0.876,0.219,1
0.215,1.738,-1.781,0.953,0.322,-1.06,-1.15,0.344,-1.153,-1.124,1.264,0.684,0.302,-0.698,-1.019,0.832,0.574,0.304,-1.313,-0.351,1.351,-0.669,-0.393,0.84,-0.551,-0.944,-1.945,-0.814,0.324,0.438,1
0.336,0.085,1.708,0.787,1.349,-0.147,0.541,-1.488,-0.585,1.145,0.809,0.685,-0.01,-1.372,0.115,-0.657,-0.315,-0.194,0.149,1.736,-1.546,1.243,0.926,0.566,-1.131,0.043,0.015,1.211,1.163,-0.403,0
-1.799,-0.034,-0.665,0.012,0.225,-0.734,0.88,0.204,0.541,0.856,0.843,0.702,0.776,-0.931,0.583,-1.117,-0.095,-1.702,-0.744,1.629,0.519,-0.867,-0.498,0.254,-0.862,1.848,0.947,1.247,0.504,-0.867,1
0.535,-0.457,-0.832,1.379,0.914,-1.829,-0.43,-2.602,-0.008,-2.518,0.092,0.772,2.192,-0.322,0.61,-1.649,0.215,1.386,0.499,-0.276,0.533,-0.95,1.182,-0.336,-0.013,2.075,1.365,0.039,1.685,-0.79,0
0.065,-0.289,2.338,-0.603,0.574,0.608,0.321,0.288,-0.037,0.147,0.391,0.534,0.202,0.207,-0.43,0.731,-1.139,-0.653,0.129,0.486,-0.404,0.611,1.145,-0.028,0.16,-0.132,0.531,0.887,-0.144,1.319,0
1.002,-0.27,0.75,-0.359,-1.328,-0.877,-0.868,-0.826,0.429,0.406,0.461,0.301,-0.318,-0.893,0.021,0.136,-0.653,-0.09,-1.729,-1.028,1.073,0.207,-0.06,-0.283,1.631,-0.899,1.29,0.473,-1.274,-0.705,0
-1.226,-0.338,0.894,-0.037,-2.411,0.887,0.026,0.978,-1.16,-0.676,-1.868,0.61,1.327,-0.222,-0.594,1.977,-0.078,-0.705,2.192,0.659,-0.294,1.115,-0.769,1.078,0.871,2.426,0.56,-0.728,-0.581,1.612,0
-0.908,0.627,0.615,-0.801,-0.587,1.171,1.142,-0.082,-0.617,-1.225,-0.594,-0.568,-0.623,-0.533,1.268,0.677,0.778,-0.397,3.27,0.181,-1.311,0.391,-0.311,-0.242,-0.964,-3.41,-0.144,-0.911,-0.36,0.561,1
1.191,1.841,0.14,-0.441,-0.506,-0.803,1.335,1.187,0.035,2.075,-0.779,1.932,1.286,-0.21,0.426,-0.318,-1.453,0.828,-0.135,-0.618,0.706,0.421,2.116,0.417,-0.472,-0.305,-1.062,-0.402,-1.568,-0.494,0
0.716,0.868,0.259,-0.746,-0.931,-0.701,-1.117,0.343,-1.564,-1.893,1.343,0.967,0.662,-0.603,0.011,-0.427,-0.836,0.492,-0.994,-2.209,1.117,-1.68,1.236,0.075,-0.503,1.502,-1.084,0.185,-1.869,-1.088,1
-0.067,-2.228,-1.474,-0.15,-0.893,0.312,-0.954,0.475,0.909,0.934,-0.534,-1.269,-0.483,0.516,-1.786,-0.607,-1.246,-0.73,0.329,-2.17,0.222,1.66,-1.26,1.265,-0.341,-0.095,-0.246,0.618,0.292,1.441,0
0.197,0.069,0.832,-0.417,0.018,0.317,0.055,-1.467,1.013,0.8,-0.689,0.272,-1.473,-1.841,-1.078,-2.134,0.768,-0.833,-2.439,2.617,0.853,-1.909,-1.386,0.79,-1.519,1.549,-1.689,0.504,0.593,-0.361,0
-1.476,-0.543,-1.098,0.048,-0.47,-0.276,-0.707,1.751,-0.975,-0.725,1.744,-0.404,-0.747,-0.419,0.109,-1.472,-0.158,1.686,0.784,-1.448,0.779,1.274,-0.911,0.604,-0.462,1.174,-0.372,-0.884,-1.208,-0.425,0
1.718,-0.565,-0.914,-1.701,-1.621,2.182,-0.775,-1.575,-1.025,-1.736,0.459,1.666,0.227,-0.62,1.042,1.381,0.188,0.1,-0.522,0.862,0.729,-0.303,0.498,-0.312,-1.13,0.001,-0.112,0.03,0.514,1.841,0
0.367,0.386,-0.267,-0.032,0.515,1.846,2.153,-1.268,-1.226,-0.979,-0.633,-2.119,-0.83,0.362,-0.147,0.371,-0.221,0.822,0.238,0.386,-1.498,0.094,-1.084,-0.05,-1.161,-0.354,-0.309,-1.674,-0.648,0.794,0
-1.855,0.13,-1.244,-0.417,0.164,-0.289,0.431,-1.897,-0.441,0.128,1.083,0.241,0.874,-0.03,0.939,-0.035,0.504,-1.057,0.335,1.526,0.004,1.264,-0.081,-0.372,-1.195,0.567,-1.046,-1.967,-0.564,-0.606,1
0.682,-0.291,-0.117,0.539,-0.593,0.62,-0.491,-1.452,-1.568,0.842,0.165,-0.498,0.068,-2.3,0.245,0.917,-0.617,-0.908,0.982,0.554,0.946,-0.445,-1.301,-0.073,0.203,-2.424,0.348,1.367,-0.41,0.999,0
-0.713,2.118,-0.364,-1.867,-0.223,1.351,-0.49,1.282,1.838,2.368,-0.659,0.711,0.297,0.123,0.112,0.691,0.453,0.539,-1.296,-0.342,1.242,0.026,0.381,0.666,1.161,0.735,0.451,0.528,-1.629,-0.167,0
-2.461,0.207,-1.282,0.394,0.503,0.618,-1.126,-0.824,0.459,1.013,-1.243,0.183,0.563,-0.894,1.017,0.572,-2.285,-0.127,1.076,-1.508,-0.159,0.163,-1.93,0.95,-1.364,-1.096,-0.46,0.021,1.084,1.105,0
-0.305,-1.867,-0.986,-0.518,-0.401,2.435,-0.033,-0.914,1.607,0.359,0.308,0.3,-0.331,-1.619,0.314,1.594,-1.915,0.532,-0.449,0.388,-0.458,-0.032,0.148,-1.42,2.278,-0.397,-1.822,1.093,-2.005,-1.227,1
-0.479,-0.752,0.544,-0.216,-1.348,-1.022,1.655,-2.722,0.011,1.305,-0.996,-0.523,-0.376,-0.056,0.851,-1.311,-0.291,0.295,0.195,1.009,0.038,2.484,-0.314,-0.714,0.135,-0.477,0.724,-0.842,0.965,1.366,1
-0.162,-0.324,-0.215,0.244,-1.043,-1.031,-0.336,-0.166,-1.144,-0.125,1.081,0.604,1.244,-1.133,-1.002,-0.063,-0.571,-0.022,1.116,-1.014,-0.094,1.601,0.812,0.105,0.769,0.86,1.399,0.615,-0.46,-0.039,1
-0.183,1.426,-0.126,0.292,-0.758,-0.575,-0.403,1.288,-0.721,-0.965,-0.446,0.038,-3.079,0.168,0.908,-0.02,-0.728,0.961,1.904,0.303,0.12,0.337,-2.071,0.511,0.913,0.593,0.557,-1.503,1.082,-0.78,1
-0.797,1.39,-0.586,0.28,0.573,-0.67,0.86,-1.283,0.104,1.584,-0.619,1.57,0.933,-0.791,-0.437,0.903,-0.29,0.991,-0.947,0.126,-0.603,-0.706,-1.596,0.534,0.06,2.408,-0.673,-0.413,-1.494,-0.078,0
-1.845,0.533,0.112,-0.071,-2.234,-0.235,1.162,-2.801,1.448,0.235,-0.677,1.909,0.096,0.248,1.392,1.086,-0.343,1.274,-1.197,1.229,1.124,0.479,-0.698,0.849,0.416,-2.179,-0.866,0.703,-0.398,1.191,0
-1.006,-0.3,0.393,-0.1,0.512,0.046,-0.438,-0.351,-0.505,-0.251,-2.214,0.236,1.759,-0.705,-0.201,-1.473,1.045,-0.395,-1.043,-0.435,1.556,-1.804,0.307,0.745,-0.828,-0.599,1.561,-0.209,0.882,0.933,1
0.875,-0.106,0.168,0.183,-1.856,-0.108,-1.499,-1.664,-0.441,0.368,0.256,0.658,0.77,-0.77,0.103,0.312,1.247,0.472,-1.996,-0.052,-1.642,-0.531,-0.149,-0.925,-0.503,0.736,0.609,0.399,0.639,-0.952,0
0.12,-1.594,-0.652,-0.507,1.39,0.456,-0.278,-0.275,-1.258,0.975,0.922,-1.004,0.805,1.98,-0.131,0.901,-1.122,-0.395,-0.696,0.391,-0.404,-0.909,-0.477,0.396,-0.015,-0.116,0.787,0.985,-1.085,-0.619,1
0.227,-0.677,0.516,0.836,-0.244,0.121,-0.438,0.585,1.146,0.142,0.953,-0.803,1.059,-0.092,1.157,-0.43,0.51,-0.375,1.003,-1.52,-1.272,0.818,-1.145,-0.187,-1.493,0.237,-0.249,-0.738,0.265,-0.994,1
-0.864,1.318,0.454,1.686,-1.937,-0.444,-0.542,-1.154,-0.185,-0.084,0.567,0.544,-1.117,-0.307,1.587,0.344,0.962,-0.285,-0.08,-0.336,1.121,-0.011,-0.876,0.879,-0.422,0.965,1.286,-0.272,-0.129,-0.068,1
-1.844,1.472,1.591,-1.104,-0.161,0.346,0.578,2.377,-1.415,-0.31,-0.564,-2.301,0.282,0.062,1.763,1.615,-0.01,0.552,-0.093,-0.549,0.912,0.042,0.363,0.985,0.52,2.279,-0.335,0.03,0.006,-0.637,0
-0.256,0.323,-0.032,-2.236,-1.024,1.364,0.324,0.795,-0.946,-2.667,0.802,1.76,-1.849,-0.362,0.582,0.158,1.863,0.29,0.601,-0.408,0.637,1.278,0.511,-0.263,1.322,-0.477,0.102,1.728,-0.162,0.448,1
0.285,1.697,-0.202,-0.312,-1.127,-0.214,-2.284,-0.237,1.536,0.701,-0.092,0.587,-0.228,-0.507,-0.16,-0.828,0.78,-0.503,-0.301,-0.247,-0.128,0.351,-2.175,-0.867,-0.641,-1.463,0.378,-0.369,0.598,0.243,1
-1.891,-0.15,-0.093,-0.039,0.251,0.456,0.83,-1.551,0.505,-0.577,0.202,0.073,-0.07,0.562,0.924,-1.309,0.903,0.406,1.008,-0.498,-0.402,0.109,1.003,-0.695,-0.418,-0.685,0.003,-1.012,-0.086,-0.29,1
-0.013,0.224,1.804,0.045,-0.354,0.234,0.151,0.852,-0.002,1.684,-0.345,-1.067,0.642,-1.608,-0.934,-0.11,-0.862,1.283,1.249,0.454,0.478,-0.422,0.232,0.75,-0.656,0.507,0.34,0.32,1.021,1.441,1
0.47,-1.06,1.239,-0.433,-0.867,-2.231,1.737,-0.455,1.975,-0.838,0.284,1.296,-0.549,-0.806,-2.148,0.851,0.541,-0.648,0.414,-0.259,-1.595,2.734,1.483,1.558,2.567,-0.292,-1.258,0.151,-0.124,0.655,1
-0.701,-0.248,0.877,0.961,-0.639,-0.579,1.289,-0.415,2.047,0.342,1.722,0.285,0.615,0.025,0.334,0.897,-0.245,0.738,-0.197,1.557,-0.002,0.955,-0.815,-1.119,1.258,1.424,1.262,-0.051,1.067,-0.51,0
-0.854,1.128,1.451,0.471,-0.844,-1.74,0.574,0.874,-0.108,-1.409,-0.263,0.697,-0.161,1.208,-0.228,1.794,-1.502,0.648,-0.389,-1.243,-0.42,1.674,2.224,0.772,-0.609,-0.18,1.29,0.634,0.067,-1.591,0
-0.73,0.642,-1.11,2.251,-0.429,-0.006,0.064,1.045,-1.149,0.493,0.506,0.377,0.911,-0.37,0.808,0.939,0.306,0.55,0.354,-1.168,0.254,-0.326,-1.372,0.315,0.882,-0.149,0.732,0.196,2.483,0.1,0
-1.137,0.419,2.247,-0.845,0.52,0.781,0.421,0.354,0.884,-0.683,1.272,0.045,-1.307,0.03,0.451,-1.002,0.076,0.788,-1.048,0.146,-0.157,0.024,-0.134,0.08,2.337,0.76,1.393,-0.273,1.097,0.366,1
-0.239,0.658,1.431,0.193,0.313,0.552,0.972,0.112,-0.06,0.699,0.843,-0.216,-0.26,-1.515,1.416,-1.456,0.547,0.755,-0.708,0.628,-0.941,0.432,0.115,-0.363,0.137,1.856,-0.582,1.349,0.48,-0.51,1
-0.898,0.43,-1.434,-0.515,-1.15,-0.221,0.026,-0.283,0.324,-0.998,-1.445,-1.34,-0.184,0.402,-0.753,-0.949,-0.039,1.407,-1.527,1.119,2.79,0.892,-0.282,-0.26,-0.543,0.679,-1.784,-0.742,-1.005,1.018,1
-0.564,0.097,0.807,0.314,-0.402,0.303,0.176,2.338,0.45,1.064,0.164,-0.625,1.517,-0.756,-0.115,2.009,-1.588,-0.601,-0.891,-0.628,-0.277,1.227,-1.065,-1.702,0.395,1.178,2.085,-0.989,-1.026,-0.418,1
-0.073,-0.331,-1.841,-1.858,-0.196,-0.144,-0.794,-0.218,-1.459,-1.504,2.381,1.43,0.388,1.249,-0.518,0.795,-0.922,-0.369,-1.366,-2.582,0.262,0.392,0.32,-0.663,-0.726,1.95,1.793,-0.27,1.15,0.842,0
-0.079,-1.143,0.578,-2.344,2.718,-0.628,0.235,0.708,-0.326,-0.064,-0.258,-0.777,-1.267,0.083,-1.316,0.447,0.317,-0.009,0.974,1.292,-1.529,1.071,-1.061,0.935,0.21,-0.128,0.471,-0.531,0.183,-0.618,0
0.846,-0.863,0.85,-1.242,-2.68,-0.164,-1.569,-0.282,1.497,-0.425,0.127,-0.234,0.375,1.372,-1.14,-0.971,0.144,-0.239,2.087,-0.078,0.881,0.159,-0.069,-1.479,0.136,-0.239,-0.232,-0.43,2.489,-1.284,1
1.359,0.223,-0.686,1.786,0.551,1.863,-0.535,0.545,-2.148,-0.549,-1.672,1.889,-0.989,-0.394,0.05,0.033,-1.719,0.004,-1.003,0.21,-1.417,2.972,0.685,-0.713,-0.087,-0.351,2.021,1.689,-1.137,-0.51,0
0.353,1.077,1.137,-2.391,-0.343,1.23,1.638,-1.223,0.768,1.186,0.452,-0.736,0.388,2.301,-0.462,0.342,-0.391,0.64,2.452,-0.205,-1.302,-1.215,-2.354,0.468,-0.456,-0.998,2.251,0.505,0.762,0.636,1
2.542,-0.46,-1.979,0.325,-1.238,-1.068,-0.917,-2.27,0.221,0.435,-1.188,0.029,-0.169,-0.424,1.12,-0.351,-0.105,-0.02,-0.398,-1.873,0.265,-0.427,-0.358,1.546,-0.446,0.823,-0.358,0.972,2.605,0.986,1
-0.766,0.216,0.322,1.265,-0.204,-0.669,-1.565,-1.358,-1.221,1.054,-1.829,0.502,-1.838,-0.256,-0.056,-0.171,1.602,-1.208,0.095,0.642,0.462,0.204,-0.648,0.281,-1.291,1.429,-0.904,1.577,1.068,-1.006,1
0.129,-2.069,-0.329,2.25,-0.013,-1.321,0.298,-1.063,0.411,-1.266,1.834,0.985,0.3,-1.312,0.833,-0.138,-0.183,-0.822,-0.115,0.818,0.538,1.055,0.984,-0.549,0.344,-0.628,-0.504,-1.035,0.561,0.332,1
0.452,1.24,-1.744,1.078,-0.555,-0.313,-1.285,-0.729,0.615,-1.523,-0.951,-0.534,-0.855,-0.141,-1.349,1.342,-0.239,0.719,1.074,-0.807,-1.489,0.63,-1.093,-0.013,0.433,-0.763,1.722,0.645,-0.004,-0.397,1
0.7,-0.32,0.72,1.449,-0.301,0.01,0.96,-1.231,-0.07,-1.552,0.668,1.546,1.566,-0.649,1.077,-0.248,0.492,-1.55,-0.187,-0.219,0.213,0.946,-0.05,-1.891,0.573,-1.046,1.242,1.032,1.48,-0.125,1
1.516,0.038,-1.007,-1.796,0.694,0.393,0.297,2.029,0.539,-1.572,-0.865,-0.9,0.702,-1.74,1.865,1.02,0.394,0.157,2.403,-1.198,-0.807,-1.89,1.221,0.659,0.896,0.482,0.748,-1.537,-0.677,0.32,0
-1.436,-0.619,-1.34,0.154,-1.04,0.02,-1.21,0.663,0.319,1.403,-2.309,0.247,-0.871,-0.611,-0.24,0.746,1.001,1.335,-0.655,0.974,-0.33,-0.869,0.426,-0.258,-1.008,0.26,-0.366,-0.467,-1.507,0.774,0
1.446,0.432,1.256,-0.432,-1.055,-1.693,0.475,0.654,0.367,0.709,0.506,1.443,0.093,1.179,0.51,0.682,0.183,-0.521,0.149,-1.156,0.206,0.683,-1.373,-0.604,0.406,0.417,0.412,-0.371,-1.716,-0.245,0
-0.112,0.903,1.858,0.194,-0.39,-1.59,1.104,-0.12,-0.263,2.092,-1.759,-0.383,0.716,1.141,0.845,-1.275,0.211,0.01,-0.129,0.949,-0.732,-0.704,0.759,-0.043,0.077,-1.053,-0.681,-1.764,-2.652,-0.254,1
0.673,0.958,-0.011,-0.011,1.864,0.763,0.138,0.279,0.266,1.735,-0.551,-1.495,0.816,0.785,0.333,-0.028,0.341,-0.394,-0.378,-1.371,1.277,0.861,0.06,0.661,1.869,0.804,-0.86,-0.054,1.914,-0.808,0
0.729,0.425,1.572,0.843,1.317,-1.235,-1.475,-1.171,1.626,-1.454,0.969,-2.049,-0.852,-0.386,0.573,0.415,-0.063,-0.403,-0.253,1.043,1.101,-1.322,0.492,0.577,0.351,-1.592,-1.602,-0.322,-1.06,0.848,1
-1.686,2.31,0.19,1.271,-0.111,-0.283,-0.617,-0.169,0.357,-0.524,-0.328,-1.389,-0.255,-0.858,1.082,-2.342,0.738,1.656,-0.002,-0.961,-0.501,-0.183,-0.975,1.201,0.104,-0.08,1.256,-0.482,-0.451,0.758,1
-0.978,-0.144,1.771,-0.13,0.418,-0.953,0.473,-0.348,-0.068,0.796,0.521,-0.004,-1.026,0.92,2.177,0.24,0.347,-0.808,-0.236,-1.33,-0.401,-1.51,1.334,-0.876,0.116,-1.717,-0.792,1.009,1.399,-0.349,1
1.572,0.326,0.594,-0.074,-0.428,1.139,-0.567,1.721,-0.627,0.115,0.183,-0.269,-0.638,0.877,-0.049,0.991,1.786,-0.752,-1.482,0.895,0.985,-1.103,-0.264,1.436,-0.74,1.27,0.054,0.825,0.297,0.168,0
0.184,-1.268,0.312,-0.541,-0.594,0.37,1.402,-0.282,-0.916,-0.797,0.171,1.426,0.475,-2.258,1.346,-0.362,1.5,0.44,-0.031,-0.308,-0.116,-2.184,0.349,0.356,0.239,0.154,-0.078,0.475,0.32,-1.496,1
0.885,-1.017,-0.347,-0.198,-0.631,1.168,1.784,0.09,0.476,1.974,-0.596,-0.84,0.595,1.342,0.03,-2.344,0.546,-0.925,0.303,0.352,-0.192,0.487,-0.166,-0.084,-1.123,-0.387,-0.243,-1.226,-0.301,-1.14,1
-0.667,-1.211,2.093,-1.123,-0.173,-1.213,0.251,1.113,-0.592,-0.754,-1.653,-0.116,-0.607,1.991,-0.807,-0.787,-0.357,-0.595,0.317,-0.634,1.948,-0.48,1.404,0.244,0.394,-0.462,-0.488,1.058,0.138,-0.983,1
0.312,0.687,1.339,-0.656,-0.667,-0.037,-0.906,0.215,-1.542,0.384,-1.07,0.533,-0.852,1.51,-1.99,-0.709,0.714,-0.156,0.456,0.214,-1.644,0.023,0.791,-0.271,-0.28,0.303,1.943,0.673,-0.211,-0.448,0
-0.595,-1.062,-1.078,0.132,1.223,-0.018,-0.278,0.07,1.502,-0.548,1.699,-0.061,-1.256,1.33,-0.524,-0.005,0.409,0.3,-0.558,0.276,1.314,-0.682,1.289,0.322,-0.323,-0.609,0.316,1.276,-0.208,1.035,0
1.685,-0.364,-0.605,-1.192,-0.605,0.893,-2.072,1.301,1.785,2.076,-1.158,-0.442,0.489,0.679,0.531,0.784,-0.14,1.271,-0.536,-1.472,-1.0,-1.387,0.451,1.078,0.212,0.626,1.568,0.632,1.442,-0.593,0
-1.215,1.035,-0.548,0.167,-1.395,0.133,0.58,-0.111,-1.22,-1.06,1.098,-0.661,1.056,-1.341,-0.239,-0.09,0.319,0.054,-0.616,0.726,0.202,-0.443,0.737,0.224,0.09,-0.012,0.351,0.087,-2.161,0.037,1
-1.434,-0.308,2.581,-0.353,-1.785,-0.631,-0.26,0.642,0.135,-0.657,2.745,-0.247,-1.281,-1.13,0.43,1.646,0.257,-0.602,-1.299,0.497,-0.703,0.374,-1.133,-1.19,0.189,-1.659,0.83,-1.551,-0.792,-1.769,1
-0.146,-0.953,1.312,-0.912,-0.508,1.622,0.741,-0.638,0.955,-0.34,1.63,-0.173,-2.262,-1.365,-0.08,-0.288,0.546,-0.096,1.738,-1.379,-0.745,-0.334,0.358,0.075,-0.723,0.912,-0.983,-0.899,0.39,0.071,1
0.476,0.943,-0.55,-0.553,-1.233,1.245,0.104,0.291,0.737,-2.321,-1.161,1.432,0.487,1.709,-0.878,0.444,-0.815,-0.724,0.292,0.978,0.397,-0.417,0.149,1.078,0.033,-1.187,-0.529,-0.21,1.632,-0.935,0
0.655,0.191,0.427,-1.133,1.427,-0.415,-0.562,-0.14,0.773,1.555,-0.027,0.75,0.818,0.247,-0.569,-0.32,0.05,1.277,1.65,-0.55,-0.467,-0.223,0.806,-1.786,-0.984,0.569,-2.08,-2.212,-1.097,-0.292,1
0.812,1.673,-1.441,0.038,-0.05,-1.261,-0.667,0.721,-0.528,0.235,-0.228,0.754,1.246,2.041,-0.461,0.117,-0.089,0.818,-0.808,-0.239,-1.181,1.121,0.64,0.49,2.11,1.229,0.332,-0.97,-0.18,-0.883,0
0.69,0.655,-1.566,0.146,-0.296,-0.982,0.839,-0.541,0.355,-1.886,-0.577,-0.117,-0.069,-2.351,-0.564,-0.478,0.928,-2.563,-1.719,0.505,-0.52,-1.738,0.205,-1.282,-0.005,-1.462,0.712,-0.238,0.031,-0.44,0
-0.265,-1.227,-0.931,-1.176,-0.945,-0.207,0.236,-0.977,-0.45,-2.929,1.37,3.269,1.094,1.007,1.647,0.955,-1.999,-1.301,0.183,0.589,-0.97,0.567,0.902,-0.667,-1.563,-1.085,-0.967,-0.756,-0.275,1.957,1
3.234,0.696,0.875,0.337,3.086,-1.509,0.527,0.735,-1.751,-0.661,1.604,1.619,-0.48,-1.337,1.679,1.443,1.691,0.675,-0.428,1.009,0.595,1.269,-0.147,0.208,0.585,0.687,1.71,-0.055,-0.896,0.216,0
-1.018,-0.972,-0.317,0.292,-0.163,-0.953,0.756,1.534,-0.055,0.248,0.2,1.831,-0.426,1.082,-0.732,1.506,-1.235,0.693,1.72,-0.169,-1.655,1.233,0.836,-0.014,0.265,-0.451,0.096,-0.74,-0.073,1.588,1
0.507,-0.874,-0.737,1.87,0.491,-0.1,-1.635,-1.061,0.251,-0.626,0.735,0.703,-1.621,-0.037,-0.01,0.913,0.322,0.109,0.254,-0.098,-0.314,-0.19,-0.247,0.059,-0.24,1.307,0.153,0.131,-2.165,0.341,0
0.647,-1.572,-0.096,0.173,-2.038,-0.942,0.826,0.516,-0.037,0.227,-0.712,-0.524,-0.118,-0.453,-1.761,1.25,0.216,-0.321,-1.628,1.079,-0.575,1.684,-0.284,-0.711,-0.69,-0.529,-0.311,0.681,0.889,-2.045,1
0.251,0.718,1.177,0.971,0.57,2.16,0.889,0.557,-1.706,0.491,0.266,2.331,-0.061,-0.882,-1.548,-0.017,-2.606,0.086,-0.147,-1.218,0.413,0.27,-2.394,-0.858,0.153,0.815,-0.271,-1.685,-0.032,-1.116,0
-0.505,0.287,-2.077,1.457,0.985,-0.853,-0.065,-0.229,-2.634,-1.232,0.336,-0.398,-1.267,0.398,-0.171,-0.914,1.425,0.26,-1.27,0.717,-0.46,-0.509,-0.217,1.282,1.061,1.018,-0.706,-0.338,1.015,0.172,1
0.542,-0.26,-1.397,-1.02,-0.864,0.001,2.057,-0.955,-1.378,0.736,0.509,0.165,-0.997,-0.407,-1.131,-1.91,0.206,0.693,0.409,1.098,0.541,0.998,0.266,0.223,0.572,-1.543,-0.546,1.234,1.708,-0.534,0
-1.422,0.113,0.009,2.055,-1.276,0.506,0.016,-0.932,-0.126,-0.265,0.859,-0.063,1.259,1.508,0.341,0.927,0.169,-1.208,1.601,1.373,-0.542,-0.244,-0.321,0.458,2.66,-1.416,-0.88,-0.908,-1.056,0.792,1
-0.733,-0.839,-1.156,0.211,-0.632,1.105,0.657,-1.007,0.446,-0.682,-0.209,0.218,-0.273,-0.534,1.411,-1.655,0.862,-2.14,-1.067,-1.368,0.865,-1.11,0.233,-1.506,-0.474,-0.363,0.516,0.678,0.017,-0.229,1
-0.979,0.929,-0.263,1.015,-0.139,2.132,-0.974,-0.295,1.124,0.254,-1.881,-2.006,1.251,0.994,-1.981,0.9,-1.043,1.314,0.643,-0.308,1.667,0.627,0.102,0.135,-0.547,-1.059,0.419,0.849,-1.48,0.427,1
-0.417,0.923,0.556,0.338,0.143,-0.477,0.093,0.494,0.144,-1.491,-0.483,0.184,0.707,-0.822,0.501,1.391,-0.85,-0.594,0.467,-1.102,0.506,-0.676,0.334,-1.648,1.424,0.916,0.067,0.203,-1.965,-0.53,0
-0.259,-2.259,-0.991,1.648,1.983,0.554,-1.186,-1.187,1.771,0.231,0.268,-0.729,0.868,-0.816,0.712,-1.305,-0.072,-0.158,0.66,1.739,0.355,-0.203,-0.164,-1.015,1.366,0.426,-0.74,0.233,-0.207,1.354,1
0.225,-0.243,0.383,0.061,0.204,1.089,0.135,-0.458,-1.284,-1.172,-0.03,-0.626,-1.442,0.777,0.991,-0.16,0.03,1.897,1.748,-1.893,0.931,0.2,-1.975,-0.193,0.295,0.63,0.118,-0.514,0.347,-1.859,0
0.707,-0.187,-0.847,1.289,0.174,2.004,-0.484,-1.772,1.718,0.965,-1.774,0.981,-0.764,-0.315,-0.832,-0.667,0.079,-2.741,-0.689,1.121,-1.301,-0.871,-0.137,0.074,0.333,-1.085,1.484,0.428,0.113,0.381,0
0.104,-0.367,2.245,-0.238,-0.673,-0.614,1.009,-0.405,-0.054,0.511,1.718,-0.171,-0.161,-1.031,-1.048,-0.059,-0.266,0.274,-0.757,-1.071,1.151,0.402,0.37,-0.553,0.622,0.637,-2.974,0.361,-0.065,-0.185,1
0.528,1.082,1.571,-0.315,-0.972,1.588,-1.376,-0.016,-0.18,-1.294,-1.157,0.784,0.622,-1.884,-0.085,0.556,-0.907,0.236,0.149,0.916,0.044,1.619,0.273,1.276,-2.238,0.017,-0.108,-0.632,-1.542,1.204,0
-0.446,0.314,-1.074,-0.243,0.511,0.935,1.415,-2.746,-0.362,4.181,-0.091,-1.014,0.222,-0.8,-0.942,0.44,0.104,1.95,-0.26,-0.81,1.124,-0.332,-1.646,0.767,1.015,0.729,-0.257,0.834,-0.46,-0.653,0
0.221,0.297,1.322,0.237,-0.239,1.088,1.636,1.621,0.183,-1.203,0.046,-0.935,1.973,2.15,-1.168,0.239,-1.161,0.042,2.999,0.824,0.123,0.116,1.383,-0.332,0.207,-0.576,1.314,-0.703,-1.537,-0.687,1
-1.567,1.079,-0.392,-0.219,-1.161,0.56,-0.269,0.189,-0.523,-2.039,1.604,0.356,0.239,-0.17,-0.836,-1.114,-0.636,-0.499,0.579,0.27,0.658,-1.085,-0.877,1.802,1.761,0.173,-1.355,0.211,-0.85,-0.802,0
-0.211,-0.522,-0.492,-0.613,-0.161,-1.64,-1.086,-1.709,-0.288,-0.6,-0.034,2.468,-0.801,-0.754,0.547,-0.325,-0.919,0.371,-0.989,1.179,-0.225,-0.131,0.534,0.685,-1.292,-0.598,0.012,0.532,-0.551,-0.92,0
0.11,-0.049,1.154,1.919,-0.892,-1.377,-0.636,-0.536,1.314,0.667,-0.314,0.006,0.732,-1.347,-1.666,-2.369,-0.581,-1.585,1.284,0.471,0.757,-0.73,0.642,-1.737,-0.147,1.285,0.781,1.461,-0.394,-0.721,1
2.074,0.909,0.857,-0.109,0.475,0.287,-0.935,-0.27,-0.586,1.648,1.126,-1.38,0.705,-0.734,0.268,1.541,-1.086,-1.283,-0.322,-2.505,0.394,1.066,0.801,0.874,1.164,-0.158,-0.566,1.01,0.511,0.588,1
-0.196,0.396,0.389,1.562,0.593,-0.732,0.401,-0.008,-0.905,0.441,-0.961,-1.679,-1.131,-0.775,0.039,-0.325,1.079,-0.822,0.494,-1.465,0.625,0.186,-0.559,-0.786,-0.649,-0.816,-0.07,0.845,-0.771,-0.246,0
0.117,-1.935,0.086,-2.633,-0.055,-0.792,1.837,2.509,-1.227,-1.001,-0.116,0.429,-0.853,2.532,-0.05,1.228,0.091,-0.136,0.36,-1.322,1.023,2.731,0.586,-0.658,-0.074,0.32,2.69,-1.262,2.501,-1.288,0
-1.756,1.206,0.297,0.696,-1.985,0.543,0.053,-2.346,0.698,1.386,-0.007,-0.191,1.992,2.358,0.243,0.992,-0.07,1.159,-0.61,-1.917,-1.641,-0.037,-0.815,0.264,0.07,-1.797,-1.803,0.048,0.22,1.186,0
0.401,0.679,1.604,0.387,0.449,2.317,-0.743,-0.767,-0.211,-0.474,-1.721,-0.664,2.116,-1.063,-0.379,-0.701,1.148,0.207,0.769,0.342,0.036,-0.216,0.107,0.534,1.23,1.09,1.6,-0.972,0.266,-0.954,0
-1.633,1.96,-0.271,-0.108,2.02,1.042,-1.979,1.742,-0.905,2.392,-0.443,1.516,-0.202,1.025,0.905,-0.18,-0.268,-0.011,1.633,0.402,-0.654,-0.504,1.416,-1.556,-0.3,-0.372,1.903,-0.624,0.751,-2.237,0
0.685,-1.251,1.216,1.577,-0.93,1.602,-0.431,0.887,0.585,0.458,0.187,2.039,0.164,0.026,0.328,0.993,0.37,-0.861,-0.835,0.314,-0.899,-0.327,-0.793,0.064,-1.051,-0.576,-0.197,1.146,0.717,0.383,0
-1.715,-0.588,1.627,0.416,0.393,-0.033,-1.249,0.163,0.947,0.067,-2.323,0.226,0.198,-0.945,0.336,-1.181,-0.232,-1.501,0.696,-0.539,0.184,0.609,-0.952,-0.897,0.055,0.804,-0.1,0.069,2.374,0.013,0
-0.713,-0.68,-0.76,0.224,0.907,0.102,-1.068,0.526,-0.94,0.186,-0.165,-0.072,0.011,-1.217,-1.399,-0.867,-0.521,0.279,-0.679,0.776,-0.722,-0.442,-0.304,-3.105,0.077,-0.885,0.342,1.413,0.335,-1.425,1
0.834,0.407,0.342,0.454,-0.123,-0.661,2.25,-0.853,-0.527,0.434,-0.839,2.47,-0.742,-0.181,-0.533,-1.012,0.352,0.232,-1.171,0.238,0.629,-0.625,0.766,-1.821,1.527,0.005,-0.111,0.762,1.913,-0.185,1
0.449,0.705,1.093,-0.408,1.005,1.853,-1.021,-0.41,-1.812,0.647,-0.299,1.076,-1.205,1.485,-0.445,0.562,-1.064,0.884,-0.358,-0.328,0.577,-0.983,0.239,-0.783,-0.1,-1.185,0.349,-0.544,-0.185,1.024,1
-1.309,-1.621,1.309,0.459,0.026,0.515,0.271,-0.377,-0.56,-1.322,0.06,1.299,0.348,-2.203,-0.324,-0.86,1.465,0.714,-0.485,-0.778,0.155,-0.168,-1.586,3.754,-1.721,-0.111,-1.036,-0.991,-0.919,-0.904,1
0.459,0.779,-0.11,0.04,-0.992,-0.623,-0.785,0.673,-0.822,0.964,1.277,-0.533,0.191,-0.083,-0.249,1.332,-0.642,-0.256,0.448,0.474,-1.126,2.227,-0.869,-0.809,-0.013,1.748,-0.607,1.005,1.682,1.497,0
0.143,-2.293,1.144,0.19,-1.346,-0.694,0.069,0.147,-0.642,-0.531,-0.839,0.19,-0.798,0.114,0.154,-0.073,0.374,-0.071,-0.558,-0.89,-1.883,1.303,-1.734,-1.431,0.392,-0.243,1.329,0.53,-0.267,-0.649,1
-0.379,-0.318,0.168,0.809,-2.065,-1.063,0.76,0.994,-0.671,0.644,-0.276,-1.26,1.569,-1.49,0.31,1.76,-0.106,-1.451,-1.616,-0.138,0.278,-0.822,0.256,1.072,0.208,-0.35,0.138,-0.779,0.582,1.184,0
-0.361,-1.083,0.775,0.231,1.789,0.822,1.327,2.027,-1.233,-1.396,0.532,-0.724,1.47,0.623,-1.283,-0.198,0.223,1.022,-2.148,2.255,1.533,0.268,-0.336,1.569,0.343,-0.87,0.058,-1.615,-1.272,-0.072,1
0.947,-0.52,0.127,0.568,-0.276,-0.677,-1.341,-0.566,0.624,0.841,-0.035,-0.885,-0.251,0.253,0.813,0.258,-1.011,-0.371,-0.002,-0.26,-0.654,0.529,-0.703,-0.275,-0.211,1.817,0.406,0.815,0.174,-0.436,0
-0.361,-0.405,0.223,-0.599,0.286,1.811,-0.292,0.984,0.266,-0.27,-0.089,0.321,-0.486,-0.089,0.856,-1.116,0.482,1.862,-0.252,0.189,-1.417,-0.802,2.01,-0.193,0.303,-0.811,0.122,0.054,0.065,-1.373,0
0.916,-0.839,0.003,-0.045,-1.492,-1.712,-0.312,-1.036,0.195,1.463,0.204,-0.575,-0.342,-0.205,1.237,-0.201,1.844,-0.184,-2.168,0.017,-0.218,-0.948,-0.267,-2.827,-0.626,0.222,-0.464,0.579,-0.887,-0.296,0
0.317,0.67,0.519,0.01,-1.411,-0.388,1.404,0.214,0.484,0.19,2.903,1.654,-0.281,0.251,0.801,0.092,0.57,-0.501,-0.307,2.14,-0.757,0.292,-0.065,-0.104,-0.295,-1.286,-0.073,0.739,0.93,0.551,1
0.411,0.182,-1.199,1.636,-0.72,-0.329,-0.472,0.013,0.467,0.766,0.185,0.415,1.315,-0.919,-0.12,0.276,-1.423,0.835,-1.453,0.588,0.082,0.271,-0.653,-0.367,0.632,-1.365,0.053,-0.058,-1.767,-0.572,0
-0.229,-0.737,-0.048,-0.955,1.403,0.981,-0.148,0.019,0.553,0.989,0.838,-0.831,-0.287,-1.187,-1.036,0.355,0.689,-0.597,2.058,1.74,-0.23,-0.919,-0.496,-1.28,0.96,1.155,-0.413,-0.075,0.275,0.843,0
-0.925,-1.303,0.124,2.545,0.328,-1.0,0.434,-2.826,-0.329,-0.116,-0.161,-0.615,2.652,-1.586,0.122,-0.566,-0.156,0.263,-1.048,-1.226,1.336,-2.092,0.042,1.004,0.115,1.626,-0.434,-0.285,-0.326,1.678,0
-0.193,0.189,-1.444,0.903,-0.527,-0.32,-2.316,0.193,0.51,0.548,0.251,-0.238,1.436,-0.693,0.133,1.438,-2.067,-0.462,-1.088,0.866,1.662,-0.18,1.227,-0.069,-0.483,1.18,-0.168,1.406,-0.561,0.709,1
-0.788,-0.508,-1.011,-0.797,-1.205,-1.061,-1.369,-1.748,0.45,-0.221,-0.167,1.596,0.726,0.158,0.28,-0.563,1.253,-0.418,0.202,0.231,-2.039,-0.226,-0.903,1.531,-0.291,0.27,0.691,-0.64,1.112,0.663,1
-0.078,-0.57,1.318,1.138,-0.705,-1.023,-0.87,-0.534,-0.277,1.508,0.477,-0.245,0.344,-1.174,0.711,-0.057,1.139,-2.05,-0.576,-2.957,1.634,-1.253,-0.129,0.43,0.428,0.784,-0.816,0.777,-1.731,-0.355,1
-1.376,-0.659,-1.534,-0.748,-0.705,-0.24,0.485,2.408,2.043,1.322,0.782,1.221,1.513,-2.78,-0.767,0.506,-2.918,0.179,-0.513,-0.502,-0.021,0.476,-0.053,-0.33,-0.449,-1.341,-1.229,-0.121,0.048,1.207,1
0.752,-0.827,0.091,-0.245,-0.12,-0.665,0.053,-0.66,1.687,0.584,-0.34,0.855,0.885,1.587,1.517,0.335,-1.484,1.216,0.316,0.102,0.829,-0.701,-0.46,-1.653,0.825,0.21,0.465,-0.024,0.441,1.671,0
0.986,1.18,0.284,-1.88,-2.305,-1.309,1.24,-2.839,-0.845,1.11,0.592,-1.211,0.432,-0.479,-1.229,1.784,-0.405,0.057,0.227,0.286,1.372,-1.497,0.368,0.805,-1.165,1.733,0.163,-0.006,0.174,-0.678,0
0.731,-0.201,-0.5,-0.669,0.821,0.341,-1.705,-0.017,-0.271,-0.276,1.421,2.095,1.355,0.721,-0.356,-0.701,0.399,0.217,1.337,-0.145,-0.561,0.006,-0.041,0.512,-0.323,-0.914,0.257,0.819,0.784,1.154,0
0.246,0.157,0.276,-1.546,0.955,-0.448,1.993,-0.434,-0.316,0.25,0.43,-0.035,1.143,1.591,-0.604,-0.493,-0.551,-0.286,2.955,-0.15,-1.061,1.218,-0.186,-0.23,-0.658,1.033,0.039,-0.314,-0.218,1.346,0
1.387,-0.377,-0.504,0.049,-0.945,-0.121,1.118,-0.425,0.257,1.006,-0.204,0.073,-0.041,-0.7,0.253,0.398,-0.435,1.057,0.393,1.378,-1.106,2.332,2.172,0.512,1.546,1.096,-2.264,-0.224,-0.12,-1.018,1
-2.191,0.373,0.49,0.68,-0.624,-1.166,0.304,0.82,0.45,-1.341,2.444,1.385,-0.126,-1.977,0.254,0.613,-0.523,1.868,0.28,2.031,0.141,-1.736,-0.094,0.541,-0.791,0.596,-0.753,-0.396,1.295,-0.089,0
0.986,-0.476,1.616,-1.544,-0.601,-1.01,-1.007,-0.425,0.283,-0.33,0.871,0.538,-1.388,-2.111,-1.869,0.567,-1.445,0.59,-0.33,0.205,-0.038,1.221,-0.967,-0.95,0.777,0.816,0.619,0.887,-0.277,-0.253,0
-0.767,-0.807,-0.975,0.55,0.691,0.795,-0.78,-1.148,-1.107,-1.155,0.107,-0.867,0.828,1.309,-1.163,-1.38,0.743,-1.98,0.142,-0.664,2.571,-1.366,-0.752,-0.135,0.68,-1.611,1.424,-0.512,1.723,-0.49,1
-1.215,0.823,-0.029,-0.815,1.246,-0.163,1.197,-1.49,-0.716,-0.548,-2.016,-0.441,-0.604,1.477,1.73,-0.117,1.02,0.677,-1.218,0.062,-0.436,0.829,-0.509,-0.115,-1.232,0.178,1.311,0.15,-0.193,-3.086,1
-1.484,0.16,1.51,1.146,0.803,-0.507,0.853,1.346,0.868,-0.856,-0.647,0.315,0.368,0.008,-0.38,1.589,0.91,-1.105,-0.429,1.501,0.052,-2.033,-0.144,-0.583,0.706,-0.734,0.768,0.898,-0.698,-0.172,0
0.858,-0.992,-0.965,-0.91,0.813,-0.729,0.049,0.764,-0.425,1.101,-1.556,0.095,1.249,-0.199,-0.614,-1.107,0.337,0.457,-0.074,-1.422,-0.367,-1.426,-0.788,0.57,-0.38,0.654,-0.989,-0.449,0.104,1.229,0
-1.195,-2.148,-1.131,1.315,-1.071,0.69,0.68,-1.856,-0.732,0.071,0.339,0.184,-1.029,-1.192,1.371,0.27,-0.18,-0.56,0.883,-1.477,0.493,-2.139,0.833,0.268,-0.967,-1.004,1.046,-0.015,1.384,0.827,1
-0.651,-0.38,-0.621,-0.535,-1.398,-0.6,0.381,0.679,-0.249,-0.02,0.413,0.338,0.215,-0.125,0.841,-0.152,-0.048,-1.628,0.027,-0.261,-0.49,-1.562,0.371,0.289,-1.824,-1.206,0.522,-0.529,-0.926,0.006,1
0.344,1.007,1.203,0.039,0.955,-0.162,0.658,2.236,0.623,-1.55,-1.732,0.121,-0.137,-1.78,-1.184,1.368,0.086,-3.483,0.685,0.982,1.016,-0.217,0.377,-0.072,-0.467,0.714,1.232,0.433,0.059,0.015,1
0.026,2.207,-1.031,0.594,-0.112,-0.33,-0.017,-0.197,1.04,0.306,-1.045,-0.372,-0.737,-1.081,-0.221,-0.213,-0.214,0.37,-3.051,-0.273,0.441,0.526,-1.016,-0.605,0.82,-0.413,-0.649,-0.256,-0.393,0.312,1
2.086,2.082,-1.061,0.623,1.125,-0.49,-0.98,0.418,0.435,1.363,0.722,-0.38,0.266,-0.075,0.83,-1.405,0.24,0.209,0.491,0.533,0.544,1.714,-0.36,-1.285,-0.569,0.757,-0.315,-2.179,-0.714,-0.125,0
-0.592,-0.231,-1.155,-1.023,-0.997,-0.991,2.106,-0.944,-0.539,-1.034,-0.648,0.192,-1.865,0.045,0.628,1.172,-0.322,-2.085,2.291,0.612,-1.663,2.729,-0.244,0.296,-1.684,-1.066,0.102,-0.192,-0.387,0.487,0
0.684,-1.901,-3.444,0.667,0.934,-1.099,0.083,-0.354,0.061,0.825,-2.107,0.098,-1.785,-0.601,-0.897,-0.829,-0.187,-0.649,-0.672,0.311,1.029,-1.069,-0.592,0.276,-0.67,-1.669,2.531,0.309,0.643,-1.402,0
0.61,0.754,-0.609,1.019,-1.47,-0.633,2.117,-1.816,0.585,-1.629,-1.114,-0.516,-0.055,0.433,-2.188,-0.683,1.041,0.909,3.005,-0.883,0.518,-0.126,0.016,0.837,-0.441,-0.458,0.136,-1.438,-1.83,-0.369,0
0.749,-2.187,-0.478,1.415,0.849,-0.065,-2.198,0.375,-0.391,1.008,-0.803,-0.452,0.255,-0.022,-2.081,1.046,-0.312,-0.456,0.023,0.033,-0.863,-0.791,-0.232,0.208,0.607,-1.372,0.592,-2.307,1.16,-1.042,1
-3.406,0.985,0.558,-0.095,0.003,0.743,0.452,0.432,0.364,1.019,0.056,-0.247,-0.72,2.03,0.903,0.965,-0.248,1.343,-1.348,2.382,-0.875,1.631,0.356,-1.065,2.412,0.126,-0.616,0.184,1.251,-1.808,1
1.601,-0.106,-0.872,1.055,0.98,2.78,0.515,-0.298,0.482,0.149,0.285,3.335,-0.463,-0.412,1.38,0.098,-0.302,0.336,1.855,-0.88,-1.378,1.79,0.474,-0.005,1.222,1.73,-1.623,0.381,1.364,-0.35,1
0.742,-0.471,-0.179,0.109,1.133,0.399,0.448,-0.476,-0.265,0.959,1.511,-1.438,-0.645,2.073,-0.652,1.376,-0.867,-1.78,0.724,-0.114,-0.808,0.602,1.047,-0.243,1.148,0.452,0.1,1.839,-0.469,0.386,1
-0.051,-1.185,0.868,-1.02,-0.493,1.058,0.529,-0.364,-1.357,0.22,0.747,-1.008,-0.709,-1.528,1.112,0.532,-1.454,0.484,-1.385,-0.004,1.908,2.201,-0.895,0.208,0.504,2.981,0.383,0.268,0.174,-0.948,0
0.42,0.496,1.109,1.183,-0.932,-2.223,0.091,0.145,0.304,-0.38,-0.765,0.863,-1.142,-1.642,1.162,0.818,1.182,-0.781,-0.512,0.669,-1.474,1.234,-1.119,-1.876,-0.273,-0.916,-0.681,0.08,0.499,0.18,1
0.477,-0.399,0.289,0.563,0.745,-1.664,-1.808,0.88,0.906,0.425,0.232,-0.075,0.767,1.2,1.518,-0.147,1.16,-0.263,-0.148,0.527,0.404,-0.09,0.303,0.752,0.398,0.449,-1.114,0.975,1.714,0.011,1
0.568,0.19,0.078,-1.198,-1.493,1.483,-1.655,1.933,-0.941,1.557,-0.186,-0.806,0.039,0.375,2.285,1.138,0.657,-0.424,0.905,2.338,-0.347,0.594,-0.301,-0.006,0.199,1.077,0.143,0.641,1.388,-1.319,1
0.808,-0.724,0.251,-1.399,1.138,0.099,-0.884,1.991,0.756,0.95,0.296,0.73,1.305,-1.158,2.312,-1.31,-1.088,-0.024,0.084,-0.624,0.299,0.985,0.846,-1.72,-0.677,-2.392,-1.606,0.805,-0.463,1.11,1
-0.654,0.01,0.924,-1.516,-1.444,-1.504,1.253,-0.976,-1.603,-0.156,0.659,-1.491,0.473,0.187,-0.806,0.256,-0.047,-0.276,1.25,-0.42,0.406,0.613,-1.231,-0.106,0.574,2.147,-0.456,-1.183,-0.802,0.746,0
-1.117,-1.151,0.893,-1.415,0.127,1.156,0.625,0.349,-1.345,-1.648,0.569,2.041,1.431,-1.161,-0.385,-0.087,-0.402,-0.703,-1.067,0.901,0.185,1.155,-0.216,0.232,1.232,0.831,-1.039,-0.602,-0.093,0.025,1
1.147,0.556,0.051,-1.829,0.539,2.11,-0.501,0.554,2.637,0.034,-0.336,0.117,-0.969,-0.619,-0.502,0.337,1.406,-0.09,-0.079,0.172,-0.06,1.042,-0.335,0.246,2.733,0.824,-0.666,0.101,1.292,0.545,0
0.242,1.177,1.854,0.158,2.759,-0.316,-1.513,-0.25,1.152,1.009,-0.489,-0.212,-0.075,-0.12,1.518,0.422,0.187,1.964,1.321,-0.309,-0.815,1.069,-0.45,0.786,0.689,-1.788,0.252,-0.798,1.812,0.508,1
0.552,-0.959,2.02,-0.951,1.284,1.087,-0.182,-1.512,0.088,0.902,-0.026,0.922,-1.303,-1.389,-1.486,-1.381,1.002,-0.666,-1.248,0.625,-1.083,-0.029,0.804,2.588,0.791,-0.54,-1.134,-0.063,-1.985,1.674,1
2.796,0.876,-1.057,-0.884,1.087,0.841,-1.278,-0.123,-0.19,-0.959,-0.429,0.718,-0.478,-1.771,-0.474,0.62,0.622,-1.441,-0.347,2.623,-0.539,-1.363,-1.005,-1.496,0.977,1.022,-1.035,-0.347,2.205,0.332,1
-0.157,-0.083,0.188,0.997,-1.137,-1.872,-1.254,-1.1,0.932,-0.13,0.48,0.267,-0.999,0.081,0.096,0.537,-0.678,2.357,-1.959,0.072,-0.716,1.113,0.065,-0.741,-0.092,-0.009,-1.0,-0.734,0.499,1.009,1
0.04,-1.027,-1.332,-1.506,-0.302,-1.342,1.144,-0.98,-1.64,-1.107,0.504,-1.193,-0.723,0.579,-0.29,0.673,0.888,0.285,1.39,-3.33,-0.928,-0.59,1.338,-1.679,-0.852,0.398,-0.929,-0.512,-0.34,-0.197,0
0.858,0.412,-2.099,0.441,-0.704,0.737,0.549,0.315,1.751,0.828,0.101,-1.292,0.548,-2.013,0.772,0.605,0.627,-0.36,-0.846,1.361,1.811,-0.89,-1.221,0.957,0.188,-0.053,-0.323,1.114,2.477,-0.554,1
0.493,-0.295,0.417,-2.629,-0.094,-0.996,-0.849,1.019,-0.322,-1.129,0.357,-0.278,0.6,0.098,-1.007,0.311,0.891,-0.285,-0.386,-0.682,-1.155,2.16,1.42,-0.892,-1.072,-0.486,-0.235,0.267,-1.486,1.425,1
0.082,-0.532,-1.097,1.038,-0.301,-0.167,0.512,-1.26,-3.585,1.323,0.857,1.303,1.325,0.235,0.243,0.2,-0.252,0.103,-0.381,0.394,-1.322,-0.327,-0.347,-0.423,-0.784,1.866,1.069,-0.678,0.832,0.024,1
0.958,0.45,1.252,0.058,-0.206,0.432,-1.589,0.443,1.595,0.312,-1.66,0.874,-0.191,-0.306,-0.324,1.717,-1.797,-0.891,1.62,-1.823,-1.009,0.019,1.091,1.029,-0.82,0.736,-0.065,-0.343,-0.946,-0.356,1
-0.091,-0.166,-0.851,0.72,-0.219,0.543,1.095,-0.888,-0.442,-0.19,-0.481,-0.386,1.834,0.534,0.895,-0.273,-0.168,-0.67,0.084,0.717,0.609,0.905,0.347,-0.405,0.105,-0.63,-0.197,0.364,-0.342,-0.756,0
-0.762,1.393,0.521,0.433,0.003,0.875,0.536,-0.63,0.607,-1.6,-0.702,-0.383,1.023,-1.029,0.092,0.459,-0.546,1.176,0.21,-0.042,0.04,0.089,-0.313,0.788,-1.607,0.204,-0.642,0.963,-0.207,-0.559,0
-0.32,0.853,1.73,0.111,0.086,-0.01,1.207,-0.89,-1.652,0.501,0.173,0.5,0.311,0.099,-0.693,1.813,0.342,1.01,-0.849,0.901,-0.048,-0.849,-0.144,-1.539,0.508,0.475,0.52,0.225,0.237,1.04,1
-0.596,-1.126,-0.427,-1.307,0.864,0.547,-0.104,1.529,0.091,-0.101,-1.144,0.088,-0.858,-0.648,1.773,0.246,0.553,-0.018,0.826,-0.548,-0.127,-0.195,0.891,-0.96,-0.628,-1.059,0.155,-1.228,0.705,-0.408,1
-0.219,-0.927,0.578,-0.229,0.053,-0.091,-1.814,-0.023,-0.575,0.336,2.526,-0.831,0.45,-0.353,1.134,2.284,-0.717,-0.322,-0.108,1.164,1.391,-0.749,-0.568,-1.21,0.811,1.075,-1.048,0.898,1.525,-0.489,1
-0.704,-0.406,2.119,1.357,-0.048,1.157,-0.137,-0.391,-0.106,-0.967,0.738,-1.025,1.744,1.853,-0.045,-1.061,0.008,1.189,1.155,-0.076,1.057,0.033,0.173,-0.24,-1.696,0.714,-1.371,-0.962,-1.303,0.206,0
-1.699,0.162,-1.837,0.905,-0.083,0.764,-0.351,-1.498,-0.721,1.493,0.657,0.347,1.528,-0.605,-0.724,-1.109,1.186,0.367,-2.215,0.418,-0.767,1.349,0.299,-0.541,0.849,0.059,0.174,-0.712,-1.661,-0.598,0
0.19,0.671,1.197,0.319,-0.495,-0.225,0.943,2.372,1.892,-1.014,0.314,-0.319,-1.37,1.048,0.392,0.529,-1.254,0.21,1.374,0.385,2.505,-0.708,0.922,-0.766,0.782,-0.18,1.15,0.611,-0.274,-1.947,0
-0.512,0.131,0.342,1.531,-1.067,-0.296,1.005,0.636,0.087,-0.294,-0.613,-0.713,0.945,0.574,-0.243,-1.453,0.055,0.014,-0.146,-0.243,-0.453,-1.325,0.77,-0.196,-0.183,-0.273,0.59,1.579,-0.146,-0.983,1
-2.26,0.412,-0.411,0.334,0.314,-0.133,0.465,-0.353,1.784,-0.927,-0.822,0.896,0.877,-1.438,0.034,0.128,0.197,0.352,-0.762,-1.828,0.56,0.666,-0.355,0.025,-0.5,1.538,-1.775,-0.047,-1.307,0.681,1
0.076,-0.68,0.705,-0.174,0.007,-0.786,1.301,1.043,-0.099,0.588,0.761,-0.124,1.591,0.076,-0.9,1.661,-0.687,0.498,0.399,0.291,0.273,-0.799,-0.309,0.441,1.523,0.216,-0.401,0.432,1.274,1.957,0
-0.269,1.021,-2.077,0.071,0.016,0.593,1.079,0.646,-0.971,-0.286,0.15,-1.41,-0.35,-0.715,0.308,-0.475,0.682,-0.689,0.747,-1.186,-0.212,0.919,0.757,-0.382,-0.287,0.424,0.802,1.21,0.378,1.173,0
0.033,0.008,1.709,0.472,1.73,-0.227,2.523,-0.639,1.007,0.554,0.002,-1.136,0.256,0.235,0.494,-0.152,0.484,-0.1,0.915,0.927,0.612,-0.63,0.289,0.125,1.534,0.241,2.436,0.44,-0.27,-2.402,0
-1.41,-0.804,0.011,0.842,-2.087,-0.365,0.847,0.196,-1.385,-0.604,-2.014,0.736,0.017,-1.976,2.124,-1.015,-0.229,-0.689,0.375,-2.129,-0.1,-0.545,0.026,0.329,0.746,0.846,0.117,1.067,-0.677,-1.949,0
1.15,-0.138,0.216,1.169,0.37,-0.822,0.067,-1.56,1.023,0.066,-0.667,-0.279,-0.8,-1.79,0.027,-0.537,-0.048,-0.801,-0.408,1.322,-0.254,-0.319,0.271,-0.835,1.328,-0.594,1.094,1.255,1.295,0.503,1
-0.872,1.202,0.642,1.116,-1.05,0.225,-0.062,-0.252,0.591,-1.157,0.623,-0.812,-0.74,0.63,-1.693,0.774,1.482,0.636,0.097,-0.033,-0.36,-0.155,0.326,2.132,-0.961,0.165,-0.864,-0.104,0.211,1.896,1
-0.561,0.739,-0.229,0.39,-0.138,0.912,0.689,-0.336,0.752,-0.013,-0.228,0.742,-0.977,-1.278,0.579,0.633,-0.428,1.337,1.758,-0.793,-1.419,-0.311,0.133,-0.879,-0.125,0.166,-1.114,-0.687,1.095,-1.335,0
-2.297,-0.011,-0.69,-0.986,-0.895,0.948,-0.083,-0.004,-0.962,-0.085,0.854,0.935,2.565,1.062,-0.009,1.928,-0.14,-0.256,-0.995,-1.008,0.262,-0.479,2.106,0.617,0.8,0.491,-0.119,0.911,0.209,0.701,0
-0.014,0.345,0.731,-1.266,0.77,0.586,-0.368,-0.024,-0.152,0.335,0.123,0.132,-0.293,-0.437,-0.69,-0.692,0.888,0.597,-0.753,-0.654,1.334,-0.663,-0.454,0.731,0.001,-0.097,1.081,-1.395,0.451,1.981,0
2.272,-0.443,-1.065,-0.395,1.191,1.562,0.884,-1.038,0.51,-0.209,1.072,1.162,1.164,0.769,1.079,1.803,1.201,0.728,0.837,0.63,1.217,-1.284,0.2,-1.196,0.001,1.106,2.219,-0.631,0.191,-1.181,0
0.009,-1.047,0.286,1.219,-1.04,-2.204,1.45,0.437,-0.863,-1.135,-0.344,-0.393,0.461,-0.114,1.167,0.117,-0.019,1.07,-0.779,0.615,-0.065,-1.507,-1.391,-0.117,-0.476,0.29,2.138,-0.882,-1.037,1.336,0
0.407,-0.543,0.046,-0.793,-0.878,-0.759,1.609,0.059,0.126,-2.066,0.665,1.199,-0.074,-0.877,1.561,0.285,0.404,-1.311,1.008,0.252,-0.853,-0.143,-1.997,-0.484,0.245,0.141,-0.901,0.276,0.035,-0.717,1
2.52,-0.576,0.655,0.652,-0.303,0.432,-0.053,-0.018,0.816,-0.526,0.72,-0.693,-1.207,-0.396,1.377,0.585,0.835,-0.888,-0.709,-0.958,1.483,-1.042,0.259,-1.032,0.189,-0.1,0.757,-0.523,0.209,-0.9,1
0.299,-0.667,0.848,-2.397,0.379,-0.496,2.696,0.602,-1.257,-1.061,-0.522,0.922,0.585,0.372,-1.012,1.33,-0.968,-1.195,1.75,-0.888,2.038,-0.448,0.208,2.28,-0.42,1.918,1.077,0.975,-0.971,0.733,0
-1.936,0.719,-1.554,-0.814,-0.425,1.033,-1.121,0.567,-0.276,0.845,0.478,0.16,0.137,1.172,-1.352,-0.335,0.209,0.516,-0.249,0.403,-0.423,0.911,0.533,-1.745,-0.006,1.111,-0.299,0.872,0.003,2.643,1
1.415,0.048,1.451,-0.409,1.057,-0.119,0.94,-1.073,-0.763,0.427,0.96,0.629,-0.437,-0.181,-0.739,-0.558,1.269,1.159,-0.531,-0.506,0.082,-0.185,-1.524,0.313,-2.013,-1.203,-0.954,-0.111,1.322,-0.334,0
-0.086,0.719,-0.912,0.298,0.723,0.291,-0.082,0.247,0.506,-0.012,-0.416,-1.001,0.615,-0.681,-0.157,0.055,0.241,-0.051,-1.279,-0.904,1.154,-0.363,1.055,1.59,1.181,1.014,0.495,-0.61,0.321,1.421,1
-0.054,-0.621,0.085,0.159,-0.421,-2.615,-0.11,-1.464,-0.5,0.165,-0.122,0.543,1.029,1.243,-1.228,1.218,0.5,-0.794,0.285,-0.164,-0.077,-0.474,0.581,1.364,-0.076,0.098,1.667,-0.129,0.76,-1.325,1
1.436,-1.092,-1.728,1.587,0.736,-0.151,-0.314,0.833,-0.412,-0.677,-0.953,-0.33,0.498,-1.493,0.426,-0.855,-0.437,-1.51,-0.594,-0.853,0.666,1.268,-0.449,0.297,0.56,0.379,-0.918,0.867,-1.401,-0.448,1
0.005,0.261,-0.148,-0.778,0.846,-0.46,-0.457,0.577,-1.308,0.611,1.698,-0.447,0.04,-0.741,1.678,-0.376,0.604,0.253,1.587,-0.513,0.07,-0.391,0.561,1.126,-0.136,-0.483,0.608,-2.218,0.571,2.17,1
-0.61,0.709,-0.215,2.216,1.615,-0.246,-0.081,-1.231,1.557,1.211,2.316,1.839,-1.849,-0.032,-0.909,-0.478,-0.465,-0.011,1.007,-0.035,-0.99,0.411,-0.253,0.323,-0.265,-0.078,1.166,-0.558,0.625,0.589,1
-0.822,-0.503,1.149,-0.915,-2.061,1.18,0.574,-0.528,-0.171,-1.596,1.004,-0.14,0.778,0.432,1.253,-2.69,-1.158,0.753,-0.917,-1.501,1.052,-0.476,0.666,0.671,-0.301,-0.458,-2.344,-2.117,0.053,1.239,0
0.137,0.38,-1.819,-0.316,0.642,-0.264,0.531,1.457,0.804,-1.06,0.781,-0.644,0.308,1.014,-0.981,0.22,0.902,1.616,-0.388,0.034,0.32,0.347,-1.658,-0.486,1.145,1.186,-0.139,0.807,-2.457,-0.979,1
-0.893,-0.183,-0.012,0.056,-0.683,-0.25,0.265,-1.397,-0.824,-0.785,-0.643,0.638,1.262,-0.644,0.055,-0.194,0.615,0.425,-0.966,1.055,1.772,1.507,-0.084,-0.275,0.953,0.694,0.161,-0.126,0.024,0.504,0
-1.172,1.563,-1.439,1.627,0.239,0.263,1.304,0.535,0.648,-0.125,0.144,-0.073,1.288,-0.285,-0.304,1.104,1.394,0.627,-0.07,0.75,-0.417,0.13,-1.9,-1.341,-1.09,0.639,0.062,-0.205,-0.553,-1.253,0
0.273,-0.524,-0.131,0.22,-1.866,0.781,-0.689,0.177,-1.053,1.35,0.335,1.394,-1.287,0.937,0.051,2.137,0.545,-0.45,0.976,0.231,-1.468,-0.016,-0.866,-0.718,0.69,0.644,-0.389,0.637,-0.946,1.095,0
2.195,1.897,0.62,-0.105,0.215,0.022,1.049,-0.435,-0.142,-0.141,0.12,0.075,-0.877,0.194,2.366,0.535,1.913,-0.242,-0.338,-0.498,0.89,-1.446,-1.099,-0.941,0.303,1.052,-1.055,0.74,0.094,-0.831,1
0.47,-0.724,0.898,-0.618,2.366,-2.213,-0.782,1.513,-1.316,0.723,-0.111,1.912,0.313,2.528,1.096,1.999,-1.741,-2.568,1.338,0.371,1.675,-1.426,0.626,-0.089,0.312,1.299,-0.637,0.17,1.126,0.534,1
-1.892,-0.731,-0.646,1.714,2.422,1.15,1.368,1.107,-0.115,-0.152,-0.577,0.275,1.604,0.534,1.786,0.368,0.428,0.426,-1.332,1.056,0.212,0.054,-0.692,-0.186,0.676,0.056,0.344,-0.177,-1.199,-0.344,0
-0.891,-0.233,0.774,-1.303,0.314,0.222,0.489,-2.075,0.348,0.531,0.662,-0.927,-0.039,0.921,0.063,-0.068,1.827,-1.341,0.584,1.265,-1.774,-1.06,0.473,-0.039,-0.919,0.683,0.33,1.397,-1.407,-1.048,1
0.162,-0.306,1.233,-1.012,0.588,0.254,0.113,1.434,-0.057,0.301,0.034,-0.283,1.935,0.035,-2.022,0.278,-0.64,0.005,0.255,1.305,0.459,-0.804,0.152,-0.017,0.469,-0.377,0.007,-0.207,0.771,0.819,0
-1.127,0.699,-1.454,0.274,1.818,1.766,0.181,0.089,-0.281,-1.418,-0.338,-0.947,0.518,0.573,-0.934,-0.778,-0.998,-0.004,-0.106,-1.47,1.296,1.39,0.259,2.358,-0.593,0.693,-1.826,0.926,-0.826,-2.169,1
-0.172,-0.011,-1.513,0.421,-2.429,0.39,-1.803,0.729,-0.386,-0.789,0.334,-0.727,-0.11,0.558,-0.153,0.474,1.075,1.062,1.379,0.449,-1.135,2.478,-0.901,1.139,-1.44,0.536,0.012,0.298,-1.073,-0.697,0
0.644,0.981,0.857,1.697,0.982,-0.399,-0.673,0.531,-0.144,-0.292,0.559,-1.226,1.866,-1.636,1.308,-0.346,-1.476,0.586,-0.564,2.49,-1.359,-0.145,0.668,0.765,-2.035,0.597,0.943,0.144,-0.146,-0.628,0
1.536,-0.118,1.075,-1.878,0.155,-0.961,-0.944,-0.823,-0.478,0.795,0.065,0.694,-0.962,0.715,0.571,0.744,0.0,-0.182,-2.02,0.786,1.573,1.148,0.636,-0.172,-0.641,0.16,1.303,0.84,-0.586,0.952,0
-1.017,-0.854,-0.223,0.633,0.932,0.239,0.336,0.216,1.016,2.382,0.253,-0.184,0.844,0.498,-0.339,0.443,1.773,0.086,0.236,-0.788,-0.936,-1.452,1.285,-0.842,-0.14,-0.078,-0.191,-0.084,0.965,-0.861,1
0.326,-0.8,1.423,-1.98,0.752,0.805,0.947,0.459,0.088,0.76,-0.398,0.189,0.67,0.139,0.068,0.106,0.237,0.097,-0.054,-0.243,0.225,0.325,0.747,1.62,1.089,0.7,0.98,1.114,0.193,1.692,1
1.418,-1.047,0.007,0.58,-0.369,0.146,0.037,-1.493,-1.934,-1.222,1.432,1.029,0.645,-1.561,1.052,0.345,0.549,-0.267,-1.245,0.226,-1.205,1.007,1.125,-0.245,0.997,-0.026,-1.352,0.373,3.231,0.503,0
-1.613,-0.134,0.272,-0.086,0.664,-0.841,1.98,-0.717,-0.516,1.72,2.173,0.307,-0.066,-0.339,1.214,0.36,-0.731,0.388,-0.424,-1.736,-1.709,-0.345,-0.251,-0.814,-3.156,0.97,1.003,0.988,1.174,0.044,0
-1.851,0.361,0.434,-0.071,-1.08,0.993,-0.077,-0.804,0.221,-0.121,-1.79,-0.984,-1.912,0.082,0.653,-0.335,-1.652,-0.23,0.714,0.613,-0.246,1.134,-0.06,-1.899,-0.229,0.166,1.415,0.502,-2.192,-1.418,0
1.268,-2.11,-1.725,0.406,-1.51,0.655,0.721,-1.048,0.577,-0.234,0.083,-1.088,0.883,0.926,-0.455,-0.495,0.25,-1.185,-0.763,0.697,1.441,0.567,0.461,2.279,0.287,-0.396,-1.097,-0.673,-0.916,1.514,1
1.385,-0.192,-0.843,0.508,-0.7,1.218,1.141,0.332,-0.339,-1.055,-2.19,0.209,-1.75,-1.068,1.333,-0.044,2.279,0.574,-0.096,0.504,1.158,-0.272,-0.085,-1.29,1.369,-0.514,-1.55,0.514,-0.435,-0.595,1
-0.64,-0.247,-1.048,0.613,-0.564,0.562,-0.688,-0.239,0.793,-0.648,1.191,-2.398,0.777,0.318,1.465,-0.671,1.191,-0.4,-0.892,-0.434,-0.534,-0.017,-1.548,1.208,-0.32,-0.853,0.456,0.327,-0.363,-2.639,0
-0.82,-1.288,0.243,1.025,0.152,0.796,0.342,-0.558,-0.827,0.819,-2.895,2.084,1.083,1.907,0.552,-1.529,0.224,0.708,1.023,0.576,-0.198,0.956,-1.185,-0.085,0.433,2.086,-0.514,-0.709,0.178,-0.219,0
2.47,-0.106,-0.972,1.013,1.286,-0.761,1.848,-1.05,-1.066,1.685,1.065,-1.134,1.071,-0.684,1.379,0.923,0.402,-2.039,-1.061,0.099,-0.362,-1.174,0.899,0.856,2.414,0.794,-0.794,-0.241,-0.063,-1.901,0
-0.054,0.27,-1.603,-0.396,0.124,0.166,0.853,-0.444,-1.314,-0.845,-0.99,-1.13,0.577,0.194,0.551,-0.314,-0.649,-1.521,0.975,-0.865,0.371,-0.945,1.03,-0.266,0.506,-0.591,0.443,0.947,-1.23,0.446,0
0.162,-0.472,0.44,0.554,-1.427,0.007,-0.121,-0.894,1.443,1.953,-1.608,-0.275,-1.901,-0.004,0.746,-0.569,-1.635,-0.503,1.621,-0.17,0.765,-0.467,0.361,0.962,-0.39,0.234,0.302,0.447,-0.669,0.541,1
0.26,0.779,-0.827,0.514,-2.16,1.004,0.348,-0.909,-0.848,0.585,0.586,0.42,1.111,0.775,1.488,-0.896,2.097,-0.039,0.129,1.048,0.287,-0.931,0.719,0.077,-0.445,0.914,0.34,0.01,0.195,0.686,0
0.506,-0.084,-1.051,-0.036,0.649,-0.455,1.376,1.224,0.22,0.546,0.038,0.426,-0.123,1.435,-2.652,0.182,-0.605,-0.413,0.287,-0.032,-1.201,0.435,0.976,0.538,-1.288,0.195,0.32,-0.523,0.659,-0.18,1
0.88,0.242,-0.2,0.762,0.48,1.123,1.048,0.202,-1.498,-1.431,-0.161,-0.272,-0.839,-0.099,-1.376,-0.528,-0.519,0.975,0.815,-1.479,0.126,-1.344,0.174,-1.169,-0.492,-0.293,-1.722,-0.19,0.589,-0.663,1
0.052,-0.804,0.562,-0.244,-1.229,0.582,-0.156,-0.021,0.706,0.372,0.184,1.238,-0.712,-0.502,-1.254,-1.155,-0.743,-0.784,0.463,-0.878,-2.227,0.156,0.169,0.821,-0.321,1.521,0.571,-0.148,0.742,0.93,1
1.01,1.622,-0.143,-0.793,-1.091,-0.198,0.486,0.512,-0.336,1.077,0.185,-1.166,-0.568,-0.485,1.258,-0.209,-0.263,1.285,-0.255,1.233,2.18,-0.619,1.447,1.557,-0.675,-0.701,0.681,0.449,-1.2,1.136,1
-1.261,0.629,-0.303,0.739,-0.921,0.162,-0.59,1.223,-1.655,1.874,1.935,0.143,0.705,-0.735,0.214,-0.928,2.307,-0.657,-0.737,-0.339,0.01,0.295,-0.746,-0.913,0.833,1.365,-1.329,1.22,1.924,0.102,1
-0.344,0.833,1.17,0.478,-1.162,-0.966,0.086,0.682,-0.969,0.55,-0.253,-1.243,0.209,-0.849,0.032,-0.195,-0.672,0.93,0.967,0.344,0.961,0.124,-1.456,-1.455,-0.817,0.584,-0.437,1.215,-0.594,-1.245,1
0.33,0.766,-0.112,1.002,-1.108,0.64,1.596,2.172,0.521,-1.211,-0.319,1.052,0.189,-0.651,-1.213,1.908,0.182,-0.165,0.455,-1.184,-1.515,0.017,1.109,1.456,-0.92,1.173,0.565,1.383,-1.334,-0.004,1
-0.543,0.192,1.147,-2.122,-2.389,0.383,1.864,-0.573,0.697,-0.537,0.741,0.581,0.278,0.601,2.515,1.053,0.708,0.732,-1.284,0.347,-2.281,1.097,-0.64,0.793,2.466,0.003,1.444,0.063,-0.305,-0.198,0
0.081,-1.701,-0.802,-0.692,-0.534,-1.338,-0.931,0.842,0.239,0.83,-0.056,-0.691,-0.066,-0.045,0.081,1.345,-0.191,-0.122,1.218,-0.547,-1.2,0.544,-0.27,-0.491,0.653,0.414,1.224,-0.333,0.438,-0.672,0
1.362,-0.031,-2.208,0.316,-0.403,-1.934,0.194,-2.297,-1.529,-0.343,1.388,-0.385,-0.789,1.006,-2.327,-0.766,0.034,1.01,1.076,1.483,0.617,0.049,1.12,-1.267,0.371,-0.92,1.855,0.348,0.244,0.435,1
-0.753,2.114,-0.482,0.32,0.98,0.384,0.68,0.446,-0.338,-0.19,0.757,0.23,-0.921,1.41,0.434,-1.959,1.934,-0.265,1.809,-0.611,0.852,-1.62,0.709,-0.65,0.81,-0.863,1.595,-0.559,2.026,0.456,1
0.298,-1.167,-1.242,0.228,-0.958,0.313,-0.194,0.316,-0.608,0.567,0.174,1.913,-0.023,0.458,-1.596,-0.326,1.457,0.812,0.103,0.487,-0.169,0.758,-0.607,1.073,1.464,2.743,1.359,0.831,-0.387,-0.902,1
0.293,1.38,0.026,1.323,-0.453,-0.34,-1.805,0.229,-1.131,0.549,2.019,0.559,-0.024,-0.258,0.088,1.446,0.557,-0.608,-0.194,-0.938,1.24,0.571,-1.652,0.864,-1.404,1.161,-0.106,-1.161,-1.084,0.719,1
0.338,0.067,-0.662,-0.761,-2.243,0.637,-1.056,-1.2,0.093,1.575,1.768,0.693,-0.066,0.095,0.431,-1.274,-0.707,-0.343,1.267,-0.449,-0.553,0.614,-0.811,-0.195,-0.776,-0.236,-0.363,0.192,0.703,-0.39,1
-0.927,-0.9,-1.257,0.486,-1.005,-0.291,-0.006,0.403,0.813,0.235,-1.775,1.194,-0.277,-1.273,-2.195,2.037,0.983,-1.464,-0.188,0.737,0.674,0.967,0.175,-1.601,0.584,-0.193,-0.838,-0.407,-0.574,0.576,1
0.406,-0.916,-0.139,-0.741,-1.754,0.495,0.409,0.444,-0.243,-0.62,-1.728,1.035,-1.26,0.707,2.842,1.615,0.713,-1.042,-0.261,-0.372,-0.559,-1.023,-0.072,-0.894,0.234,-0.283,0.24,-0.527,0.434,-0.901,1
-0.545,-1.44,-1.55,0.673,-0.124,-1.932,0.218,0.165,1.354,-0.728,-0.076,0.478,0.208,-0.456,0.18,-0.418,-0.315,1.377,0.681,-0.352,-0.565,-1.207,-0.123,-0.674,1.185,2.259,-0.67,0.951,-0.121,0.414,1
-0.028,-0.029,-0.455,0.887,-0.392,0.748,-0.019,0.957,0.103,0.557,0.344,0.261,0.351,0.52,-0.602,-1.711,-0.394,1.39,-1.296,-1.045,1.293,0.666,0.572,-2.466,0.828,-0.154,-1.781,-1.081,-0.438,-0.701,0
-0.917,0.55,2.115,1.614,-0.627,0.432,-1.827,-0.258,-1.816,0.48,-0.2,-2.06,0.169,1.248,-0.792,0.74,-1.249,-2.059,-0.362,-0.451,0.049,-0.59,1.384,1.866,-0.413,1.565,-1.383,-0.046,-1.025,1.872,0
2.011,-0.534,-1.106,-1.055,0.386,1.073,-0.599,-0.108,0.082,-1.346,-0.3,0.68,0.375,0.702,-0.467,1.712,0.061,-2.063,-0.202,-0.859,1.38,-0.587,1.691,-0.535,-2.046,1.081,-0.47,-1.514,0.979,0.044,0
-0.913,1.864,0.343,0.302,0.719,-1.634,-0.653,-0.443,-0.631,-2.201,-1.656,1.028,-3.071,-0.064,-0.081,1.608,1.335,1.873,1.52,-0.778,0.038,0.848,-0.591,1.428,-0.976,2.011,1.823,-1.352,-1.676,0.55,0
-0.08,0.772,0.203,-0.756,1.463,-0.834,-1.335,0.364,-1.628,0.099,-0.074,0.612,-0.105,-0.066,2.43,1.533,0.294,-1.101,0.385,-0.881,0.935,-0.764,0.519,0.053,0.281,2.755,0.66,-0.823,-0.34,0.086,0
0.982,1.826,-1.292,-1.239,0.53,-0.67,2.159,0.094,0.754,1.304,-0.471,0.538,0.156,0.919,-1.491,1.156,0.07,-0.537,0.799,-0.719,0.169,0.131,1.172,-0.251,0.268,-0.233,-0.496,1.35,-1.899,1.172,1
-0.355,1.917,-0.671,0.781,-0.324,0.27,0.344,-1.084,1.127,1.033,0.177,-1.369,-1.634,-0.825,1.926,1.934,2.061,-0.437,-0.722,0.283,-1.962,0.067,1.954,0.568,-0.614,-0.375,-0.371,-1.447,-0.657,-0.241,0
0.325,0.861,-0.087,-1.942,0.722,2.272,1.008,-1.136,1.131,2.564,-0.085,-1.121,0.004,-1.065,0.197,0.535,-2.314,0.63,0.983,-0.258,-0.483,-0.824,-0.189,0.552,-0.813,1.698,-1.002,0.988,-0.602,1.218,1
1.054,-0.556,0.798,1.133,0.213,1.484,-0.314,-1.164,1.743,1.463,0.797,0.048,0.289,-0.268,0.759,1.065,-0.134,-0.476,-1.58,0.224,0.318,-0.742,0.083,0.464,-0.36,-0.757,-2.248,0.796,-0.723,-0.24,0
-0.169,-1.466,-0.058,0.883,0.512,0.656,-0.423,-0.106,1.088,0.95,0.743,1.356,0.322,1.38,2.456,-0.104,0.559,-0.826,0.008,0.031,-1.349,1.741,1.07,-0.19,1.3,0.464,-0.184,0.703,-1.795,1.28,1
0.374,-0.155,-1.499,-0.061,1.72,0.9,-0.032,1.622,1.006,-0.451,-0.309,-1.156,0.579,0.38,-0.463,1.401,-0.196,0.932,0.678,0.252,1.943,-0.78,1.991,0.117,1.647,-1.545,-0.338,1.165,-1.675,-0.179,0
-1.194,-0.275,1.054,0.066,0.113,-0.306,-0.016,-1.348,0.1,-1.494,-0.413,-0.156,0.29,0.032,0.312,0.955,-0.366,0.524,-0.525,-1.222,0.907,-0.068,0.132,-0.913,0.027,1.601,-0.47,0.359,0.567,-0.843,1
0.855,-0.577,-0.95,-0.051,-0.164,0.159,-0.354,-1.19,-0.866,0.756,-1.186,1.287,0.437,-0.207,-1.275,-1.035,-0.115,0.964,0.878,-1.152,-0.267,1.495,-0.856,0.542,-0.818,-0.325,1.216,0.197,-0.656,2.009,1
-0.63,0.634,1.247,-0.596,-0.099,0.998,-0.024,2.045,0.712,-0.866,-1.548,-1.118,1.616,0.05,-0.822,0.412,1.253,-1.271,-0.409,-1.695,2.657,-0.393,-0.17,-0.362,2.177,0.073,-1.646,-0.771,1.971,0.593,0
0.757,-0.09,1.22,1.136,-0.124,-0.633,0.359,-0.664,-0.826,0.223,-1.449,-0.688,-0.141,0.286,-1.354,-1.179,-0.839,1.075,-0.666,-1.237,-0.53,-1.652,1.367,-0.319,-1.763,-0.53,0.241,2.49,-1.046,-1.289,1
-0.136,1.11,-1.142,-0.164,0.744,-0.828,0.251,-0.426,0.117,0.026,1.251,-0.004,1.459,0.735,-0.968,0.686,0.405,0.547,-1.324,0.138,-1.355,-2.574,1.867,-0.812,0.492,0.56,0.544,-0.554,0.562,-0.455,0
-0.775,0.557,0.89,-0.078,3.397,0.331,1.33,0.839,1.071,-1.186,0.525,2.054,1.483,-0.072,1.071,0.998,-0.16,0.912,-0.287,1.11,0.455,-1.312,0.206,0.029,-0.021,-0.451,2.19,-0.503,2.378,-2.299,1
-1.946,0.103,-0.612,0.528,1.065,-0.205,-0.561,0.004,0.762,-0.145,-0.179,-0.312,-2.177,0.202,1.101,0.169,2.168,-0.068,-0.617,0.47,-0.113,0.636,-0.727,1.22,-0.364,-0.261,1.31,0.028,0.475,0.72,1
-0.107,1.034,-2.938,0.52,2.346,1.502,-1.225,2.852,-0.988,0.127,-0.675,-0.285,0.383,0.146,0.177,-0.27,-2.805,-0.648,1.171,1.617,1.423,-1.039,-0.827,1.097,-2.513,0.318,-0.451,0.093,2.08,-2.452,1
0.364,-0.326,-1.069,3.358,-0.538,0.648,1.585,0.123,1.664,-0.22,1.89,-2.039,0.254,1.518,-1.126,-2.172,-0.281,2.08,1.05,-1.258,0.765,1.073,-0.562,-2.89,1.073,0.049,-0.669,-0.813,0.556,-1.281,0
-0.964,-0.203,1.465,0.029,0.795,-1.498,0.994,-1.469,-1.321,-2.536,1.63,0.16,-1.476,0.461,-0.453,-1.732,-1.546,0.481,-0.511,1.387,-1.035,-1.347,-0.133,1.081,-0.752,-0.989,1.112,-0.663,0.698,1.74,1
1.387,0.442,1.233,-0.839,0.125,-0.121,-2.149,-1.969,0.794,2.657,-0.423,-0.236,-1.249,0.068,0.223,0.341,0.823,2.12,-1.474,0.055,1.264,0.956,1.718,-0.805,0.75,0.296,0.864,-1.65,0.549,0.293,0
-0.072,-0.457,0.916,-0.493,0.783,-2.003,0.067,0.057,1.737,0.41,0.067,-0.876,-0.394,0.725,-0.827,0.163,0.185,1.299,-1.369,-0.276,0.744,0.7,0.827,-1.357,-2.027,-0.461,-0.321,-0.138,0.289,-0.392,0
-0.404,1.375,-0.867,0.853,-0.7,0.799,1.079,-1.112,1.354,-0.091,-0.527,-0.205,-0.976,0.242,0.19,-0.308,0.149,1.976,-1.736,-1.223,0.714,1.224,0.818,0.234,0.361,-0.46,0.824,-1.42,2.412,-0.553,0
0.831,-0.388,0.556,0.973,0.667,0.508,0.742,-0.218,1.737,0.862,-0.856,2.013,0.343,-0.143,-0.247,1.12,1.285,0.089,0.146,-0.008,1.747,-0.751,-0.465,3.289,0.032,0.374,-0.659,0.015,0.996,-0.719,0
1.345,1.679,0.437,-1.291,0.13,-0.097,-0.682,1.087,-1.517,-1.077,0.659,-1.512,-0.035,-0.51,0.376,0.395,0.42,-1.319,-0.009,-1.006,0.422,-0.468,1.541,-1.258,0.035,0.947,0.403,0.365,1.11,-0.37,0
0.129,-0.439,-0.478,-0.847,0.532,0.812,-0.322,-0.294,-1.027,1.07,-1.607,1.507,1.205,0.513,0.115,-0.694,-0.783,0.223,-1.296,-0.417,-0.27,1.133,1.132,0.894,-0.663,2.07,-0.635,0.505,-0.672,0.662,1
0.008,0.776,-1.4,-0.671,-0.93,-1.513,1.194,0.492,-0.372,1.575,-0.017,-0.009,-0.933,1.468,-0.778,0.553,1.789,-1.046,-0.736,-0.378,0.301,0.987,-0.337,1.266,-0.276,0.335,1.458,1.959,-0.578,0.512,1
1.627,1.593,0.283,1.217,-0.994,1.605,-2.294,0.896,-0.536,0.763,-1.261,1.435,-0.599,0.726,0.127,0.326,-2.254,-0.685,0.023,0.343,0.669,-0.573,0.158,0.138,-3.433,-0.784,1.026,0.767,-0.674,0.256,1
0.386,0.622,1.471,2.495,-1.215,1.043,0.604,2.076,0.885,-0.413,-0.512,1.793,2.309,0.534,0.928,-0.317,0.408,0.587,0.396,-1.032,-1.911,0.881,-0.296,0.748,2.143,1.14,-0.133,-0.055,0.809,1.791,1
0.935,-1.761,-1.485,0.399,-0.926,0.237,0.658,1.916,0.122,0.168,0.003,-1.776,-0.696,0.948,-0.801,-0.03,-0.803,1.28,2.535,-0.862,0.633,0.072,0.517,-0.221,-0.774,0.475,0.522,0.251,-0.513,-0.157,1
-1.344,0.535,0.29,0.654,-0.285,-0.201,0.586,-2.039,-0.933,-0.183,-0.188,0.492,0.556,-1.201,0.038,0.116,-0.218,0.851,0.25,0.206,0.921,-0.31,0.244,-0.492,1.97,-0.733,-0.287,0.173,-0.204,-0.854,1
-2.019,-0.125,-0.071,0.785,1.128,-0.79,1.419,0.794,-1.146,-0.666,-0.463,1.422,-0.694,-0.555,-0.64,1.938,1.305,0.891,0.107,-0.082,-1.162,0.611,0.963,-1.999,-0.45,-0.501,-0.288,0.734,0.029,1.888,1
-0.617,0.408,0.102,-0.589,-0.251,-0.157,-0.142,1.047,0.431,-0.87,0.506,-1.219,1.062,1.369,-0.975,-0.465,-0.696,-0.751,-2.053,-0.455,-0.463,1.002,0.43,-0.711,0.15,0.816,-1.548,1.714,-0.845,1.025,0
0.125,-0.675,0.441,0.688,-0.479,0.477,-0.196,-0.693,0.251,-1.251,0.103,1.67,1.121,-0.633,1.422,0.227,0.724,1.688,0.77,1.884,2.016,1.098,-1.572,0.594,0.075,-0.328,-1.65,-0.096,1.216,0.02,1
-0.365,-0.993,0.319,-0.699,0.163,-0.539,1.166,1.175,0.527,1.39,-1.039,-0.58,1.542,1.819,0.5,0.807,-0.588,0.702,0.643,0.448,-1.526,0.21,-2.551,0.172,-0.035,0.741,0.845,-0.202,-1.164,1.15,0
-1.201,0.771,-0.444,0.454,-0.119,-1.428,0.106,0.195,1.255,0.126,-0.504,0.491,-0.138,0.798,0.019,0.585,-1.381,1.596,0.699,0.842,0.451,-0.141,-0.761,0.628,0.064,1.544,1.238,0.872,-0.81,-0.517,0
-0.191,-0.386,0.221,-0.418,-0.169,-0.939,0.924,1.058,-0.639,-0.154,0.16,-0.528,2.375,-0.298,-0.164,0.788,-1.658,-0.886,0.212,-1.415,-0.531,1.444,-1.733,2.253,1.869,0.355,0.696,-0.463,1.699,-0.559,0
-1.604,0.334,-0.92,0.751,0.593,0.24,-0.874,0.445,0.38,0.155,-0.028,-1.516,-1.812,-0.37,0.144,-3.267,-0.699,-1.155,1.218,1.132,2.132,0.294,1.601,-0.023,-1.075,-0.336,-0.166,-0.08,0.238,-1.482,1
-0.015,-0.779,0.048,0.893,2.063,0.318,-0.552,1.656,0.381,1.158,3.229,0.192,0.164,-1.018,-1.429,-0.13,-0.005,0.96,2.022,-0.586,0.678,-0.687,-0.84,0.223,-0.925,-0.249,0.666,-0.708,0.986,0.034,0
-0.129,-0.544,-0.71,0.455,-0.792,0.678,1.103,-0.862,0.993,0.401,-0.611,0.062,-0.342,-1.767,-0.347,-0.362,2.419,0.74,-0.582,-0.3,-0.581,0.642,-1.674,-0.987,-0.022,-1.038,-0.099,-0.825,0.098,2.86,1
-0.038,-0.693,-0.766,0.123,0.819,-0.282,1.56,-0.095,0.882,-0.511,-0.489,-0.08,-0.411,1.657,2.566,2.226,1.719,1.171,0.872,-0.499,-0.498,-0.432,1.645,-0.34,-0.706,1.113,-0.376,-1.801,-1.075,1.25,0
-0.106,0.553,-0.142,-0.332,-0.091,0.257,-0.926,1.263,0.548,0.363,-0.411,-0.703,0.54,-0.226,-2.202,0.781,-1.092,-0.36,-0.069,0.371,-0.458,0.505,-0.103,-0.624,0.503,-0.127,0.78,0.084,-0.991,0.075,0
-1.239,-1.514,-1.546,0.295,0.929,-0.553,0.337,-0.817,0.401,-1.269,-0.107,0.743,-0.739,-0.404,0.24,1.257,1.831,-1.085,0.123,0.781,2.066,-1.604,2.06,-0.761,-2.031,-0.265,0.061,-2.178,-0.029,0.204,1
0.957,0.19,-0.071,-0.788,0.617,-0.157,-1.023,-0.25,-0.543,0.335,-1.131,1.199,-2.382,-0.445,0.195,-0.628,0.27,-0.723,-0.877,0.668,-0.832,-2.029,0.845,-1.449,2.32,0.16,-0.32,-0.297,-0.14,-0.309,0
0.463,0.502,-0.635,-0.582,0.445,1.264,0.494,-0.46,0.402,-0.683,1.635,-0.553,-0.047,-0.478,0.459,-0.556,-0.117,-1.141,-0.078,0.357,-0.489,-1.093,-1.193,-0.115,0.702,-0.509,-1.503,-1.571,-0.56,-0.093,0
0.095,-1.939,-0.501,2.811,0.113,-0.029,-1.468,1.394,0.035,-0.118,-1.145,-0.454,-0.181,0.386,-0.518,0.093,-0.449,0.467,-0.548,0.297,0.37,-1.265,0.809,0.209,-1.205,0.319,0.477,-0.161,0.323,0.126,0
-1.312,-1.477,0.982,0.92,1.676,-2.259,1.365,-1.911,-1.232,-0.438,-1.676,-0.928,1.018,0.022,-1.705,0.045,0.353,-1.306,-1.379,-1.848,-0.015,-0.184,1.209,-0.921,0.895,-1.146,-0.074,0.899,0.312,1.691,0
1.014,1.193,0.748,0.343,0.034,-0.18,-0.921,1.815,0.902,1.222,1.513,0.131,1.09,1.512,-1.573,-1.263,-0.932,-0.779,-0.332,-1.749,-0.973,-0.665,-0.434,0.123,1.467,0.029,1.596,-0.46,0.497,0.597,0
1.489,-1.017,1.822,-0.207,0.162,0.197,0.832,0.314,0.122,-0.261,-0.137,0.093,0.019,1.985,-0.122,0.372,-0.52,2.019,-0.842,-0.676,-0.396,0.177,-1.149,1.837,-0.107,-0.284,-0.493,-0.931,-0.907,1.08,0
0.533,-0.87,0.009,-0.56,-0.725,-0.085,0.222,-0.797,0.816,-0.98,0.271,-1.024,0.292,0.426,0.045,0.296,0.335,-1.035,0.065,-1.39,0.567,-0.921,-0.286,0.276,-1.043,0.358,-0.639,2.227,-0.171,-0.807,0
-0.465,-0.952,0.124,0.1,0.724,-1.745,-0.751,-0.102,1.324,0.42,0.631,-0.678,-1.596,0.803,0.59,0.168,0.207,-0.638,-0.015,-0.874,-0.986,-1.026,0.373,0.369,0.499,-1.222,0.44,0.138,0.802,1.47,1
-0.281,0.503,1.813,-2.189,0.328,-0.26,-1.424,1.36,-2.131,0.438,0.52,-0.172,-1.65,0.081,0.134,0.196,-0.863,-0.191,-0.436,1.866,1.053,0.855,-1.637,2.663,-1.664,-0.139,0.892,0.542,0.139,-2.49,0
0.855,-0.97,1.093,1.09,-0.473,0.805,0.186,-0.304,0.142,1.757,0.636,0.02,1.123,-0.959,0.115,0.659,-1.109,0.228,0.849,1.043,0.802,0.787,-0.527,-0.559,0.037,-0.668,2.231,0.063,0.316,0.865,0
0.69,0.207,0.786,-2.198,0.767,-0.404,-0.176,-0.12,1.682,-0.095,-1.134,1.659,0.828,0.754,2.694,-0.515,0.836,2.076,1.707,-1.019,-0.493,0.376,-0.672,0.788,1.946,1.279,-0.698,-0.38,0.819,0.715,0
0.432,-0.538,0.579,-0.05,-0.931,-0.218,0.561,-0.507,-0.164,-0.241,-0.189,2.297,-0.212,1.216,-0.439,-1.048,0.849,-0.05,-0.604,-0.187,1.174,1.385,0.88,-1.043,0.653,0.81,-0.499,-0.247,-0.053,-1.257,0
-0.953,1.873,-0.155,-0.153,0.927,1.241,0.386,0.49,0.316,1.605,0.82,-0.089,-0.73,-1.381,1.04,-0.096,1.204,0.7,1.591,1.219,0.093,0.588,1.047,-0.495,1.062,-1.114,0.287,-0.766,0.116,-1.487,1
0.806,-0.932,-0.507,-0.978,-0.509,-0.362,0.395,-1.726,-0.253,-1.228,0.931,-0.565,0.026,0.712,-0.368,1.147,-1.16,0.606,-1.39,0.566,-0.368,-1.216,2.254,-3.673,-0.402,0.796,1.107,0.898,-0.297,0.939,0
0.364,-0.941,-0.918,0.881,-0.053,1.003,1.044,-0.417,-0.787,1.078,2.219,1.491,0.289,0.022,-0.58,0.26,1.878,1.484,-0.49,-0.775,-0.086,-0.101,0.755,1.136,-1.372,1.778,1.201,-0.52,-0.625,1.656,1
0.31,-0.805,-1.189,-0.599,0.008,-0.977,0.381,-0.281,-2.374,-1.154,-1.336,-0.866,1.187,0.062,0.509,1.518,0.195,-0.875,0.248,0.259,-1.06,-0.187,1.866,-1.217,0.89,0.195,0.411,-1.445,-0.437,-1.795,0
-0.66,0.24,-0.377,1.158,0.411,1.273,0.629,-1.371,-0.219,-1.745,-0.447,0.91,-0.36,0.196,-0.401,-0.947,-0.616,0.514,-1.573,-0.736,-0.17,0.214,-0.595,1.259,0.091,0.899,0.141,-0.794,0.389,0.283,1
-1.18,0.076,0.14,-0.682,-0.375,-1.261,1.307,-0.064,0.858,-0.276,-0.346,0.135,-1.979,0.922,-0.248,2.285,-0.915,0.098,1.415,0.981,-0.75,1.234,-0.132,-0.528,-1.286,0.406,-1.739,0.199,-0.341,1.224,0
0.093,-0.611,1.87,-1.047,0.222,-0.777,-0.533,1.051,-0.516,-0.295,-0.508,-0.821,-0.449,0.3,-0.178,-1.469,-0.169,-1.555,-0.27,0.782,0.972,-1.709,-0.24,0.577,-0.325,0.025,-0.763,0.925,-0.064,-0.371,1
0.226,0.774,-0.139,2.14,-0.194,-0.609,-0.973,-1.667,-0.473,1.118,-0.192,0.743,-0.592,0.185,-0.541,0.105,-0.642,-0.229,-1.07,1.924,-0.54,-2.414,-0.22,1.217,-0.068,1.346,0.128,-2.282,0.044,-0.081,1
-2.051,0.878,-0.366,-0.024,1.051,-1.016,-0.774,-1.103,-0.268,1.111,-0.491,0.599,-1.384,0.83,-0.312,0.061,-0.995,-0.311,0.498,0.003,-0.523,-0.262,-0.714,0.746,0.512,0.96,-2.11,-0.554,1.301,0.717,1
-1.374,-0.202,0.859,0.199,-1.033,0.181,-2.039,0.558,0.03,-1.568,1.353,0.49,0.061,-0.79,1.424,-0.7,-0.691,-0.942,-0.769,-0.414,1.006,0.417,-1.122,-0.757,0.741,-0.074,1.881,-0.933,0.523,0.542,0
-1.763,-0.585,0.387,1.604,-0.115,-0.262,0.622,-2.228,-1.509,0.993,-0.082,1.351,2.141,0.071,0.186,0.404,-0.319,1.415,0.083,0.976,-0.903,-0.553,0.206,-0.097,-0.374,-0.537,1.615,0.003,-0.093,-0.898,0
-1.453,-0.432,0.319,0.942,0.392,-0.036,-0.339,-0.371,-1.284,-0.732,0.951,1.32,-0.626,-1.091,0.66,2.094,-1.171,-0.105,-0.404,1.031,0.111,1.561,-0.668,-0.257,1.096,-0.846,-1.045,-0.372,0.524,-2.342,0
-0.425,0.726,-1.676,-0.211,-2.206,0.191,0.355,-1.276,1.48,-0.31,0.429,0.212,0.88,-0.33,-0.188,-0.456,0.984,-1.091,0.905,0.052,-1.753,0.697,-0.249,0.025,1.544,-0.956,1.203,0.663,-1.334,-3.505,0
-0.798,0.751,-0.225,0.438,0.195,-0.533,-0.986,-0.176,-0.329,0.471,-1.959,1.463,0.858,0.884,1.825,-1.046,-0.911,0.84,-0.187,-1.473,-0.946,0.523,-1.099,-0.497,0.166,0.861,-0.336,-1.958,-1.464,0.283,1
-0.865,-0.07,-0.696,0.066,-0.568,0.497,-1.121,-1.335,0.073,-0.245,-0.3,-0.685,-1.048,-1.66,-1.782,-0.785,0.881,0.891,-0.27,-0.436,-1.294,0.591,-0.056,-0.584,-0.837,-0.195,0.171,0.497,-0.196,0.605,1
0.329,-0.295,1.444,-1.153,-0.386,-0.027,0.418,-0.948,0.911,0.067,1.276,1.57,0.216,0.533,0.324,-0.244,-0.4,-0.547,-1.77,1.595,-0.111,-1.553,0.584,0.981,0.494,1.869,1.413,-0.636,-1.015,0.278,0
0.519,1.992,1.18,-0.493,0.943,-2.624,0.972,0.189,0.327,-0.228,-0.335,0.528,1.46,0.371,-1.288,-0.797,-0.651,-0.156,1.255,1.538,-0.655,1.37,1.556,0.603,-1.053,-0.397,-1.222,0.994,0.263,-0.434,1
-0.606,-0.901,0.803,-1.526,-0.813,-1.533,-0.132,-0.504,-0.703,-0.438,-0.027,0.504,0.414,1.997,-0.477,0.972,0.401,1.248,0.784,-0.777,-0.373,1.205,0.371,2.093,-0.926,-1.493,-0.927,-0.096,-0.762,0.231,1
-0.728,-0.529,-0.712,0.527,-0.058,-0.001,0.897,1.34,-0.391,-0.908,1.091,-1.537,-0.386,3.169,0.571,-2.015,0.628,-0.848,1.143,0.168,-1.263,-1.828,-0.343,0.123,0.728,-1.382,-1.531,0.324,0.585,0.321,0
-0.215,-0.071,0.907,-1.038,0.26,-1.84,0.382,0.517,-1.348,0.634,1.324,-0.839,0.785,-1.088,-0.642,0.744,-1.48,-0.64,0.184,-2.157,0.176,1.157,1.787,2.415,1.706,0.559,-1.462,-0.727,0.4,-0.484,0
-0.199,-0.222,-0.876,0.491,0.741,1.076,-0.452,-0.269,0.261,1.994,-0.018,1.611,0.227,0.188,0.034,-0.82,-0.956,-0.461,0.917,1.769,0.154,0.011,-0.236,-0.888,-2.212,-0.404,1.267,-0.487,0.31,-0.249,1
-0.239,0.682,1.249,0.796,-0.0,0.639,-0.897,2.643,-0.624,-0.137,-0.33,1.026,1.492,1.243,0.514,0.789,-0.881,0.739,2.114,0.223,0.273,1.522,1.321,-1.837,-1.969,-2.047,-0.404,-0.762,0.978,-0.57,1
1.362,-2.425,0.6,0.798,0.565,-1.136,1.081,-1.48,0.148,-0.226,0.853,-0.895,-1.216,0.547,1.163,0.458,-0.178,0.417,0.507,-0.893,0.151,-2.094,-1.62,0.012,1.218,1.397,-0.87,0.542,-1.534,-0.329,1
-0.109,0.758,0.56,-0.016,0.76,0.013,-0.799,0.044,-0.68,-0.642,0.044,-1.566,-0.867,-0.17,0.651,0.322,1.245,1.832,0.807,-1.169,0.967,2.541,1.164,0.016,0.926,0.692,0.828,-0.399,-1.096,1.337,1
0.899,1.373,-0.351,-0.814,1.406,0.877,1.609,0.239,2.318,0.672,-0.985,0.656,-1.023,0.937,0.787,0.066,-2.062,-0.587,-0.24,-0.25,0.313,-2.795,0.264,0.66,1.287,-0.611,-2.283,0.365,-0.773,1.255,1
0.681,-0.682,0.151,-0.856,0.205,-2.237,0.789,-1.025,-1.366,0.309,-0.078,-2.362,0.882,-0.078,0.538,0.377,0.194,0.608,-1.323,0.344,0.991,-1.125,-2.953,-0.24,1.016,-0.483,0.159,-0.774,1.052,-2.201,1
-0.136,0.727,0.107,1.147,-1.63,-1.034,0.01,-1.039,-1.026,0.453,-0.193,0.063,0.378,-0.844,0.419,0.008,-0.012,-1.101,1.21,0.02,1.701,-0.08,0.663,-0.475,-0.578,1.419,0.326,0.267,0.144,-1.344,1
1.005,1.92,-0.843,-0.187,-0.767,-0.502,-1.291,-0.265,0.669,0.683,1.454,0.296,1.28,1.255,0.29,-0.167,0.441,1.664,-0.388,1.203,0.548,1.685,1.091,0.679,-0.906,-1.137,0.714,0.348,-0.996,-0.698,0
-0.998,0.697,-0.189,-0.793,-0.886,-0.925,-0.43,1.178,-0.983,0.951,0.341,-0.643,-1.555,-0.38,-1.518,1.169,-0.133,1.002,-0.701,-0.62,-0.506,0.745,0.791,1.433,-0.175,-0.118,-0.383,1.885,-0.099,1.184,1
0.422,0.52,-2.184,1.394,1.971,-0.559,0.808,0.357,-1.093,-0.723,-0.34,-2.208,-0.151,0.014,-0.451,-1.82,1.852,-0.026,-0.893,0.248,-1.444,-0.647,-0.979,0.061,-1.88,-0.162,1.073,-0.472,0.275,-0.183,0
-1.189,-0.161,-0.416,-0.253,-0.602,0.236,0.89,-0.915,1.931,-0.449,0.392,-1.108,-0.741,-0.236,1.415,-0.092,-0.988,-0.609,-0.585,-1.696,-0.439,0.782,0.037,0.204,0.314,-0.037,-0.707,-0.447,-0.956,1.517,1
0.148,-0.781,-1.257,-0.236,-1.55,-0.195,1.498,1.344,-2.226,1.393,-1.198,0.033,-0.204,-0.56,0.638,-0.982,1.194,-1.027,-0.711,-1.476,0.836,2.493,0.092,1.304,0.519,-0.394,-1.117,0.492,0.307,0.416,1
0.364,-0.041,-0.069,-0.134,-1.597,-0.577,-0.326,1.339,2.121,-0.268,-1.352,2.541,3.457,1.872,1.373,0.794,-0.148,-0.557,-0.043,-1.153,0.124,2.286,-0.623,0.419,-1.208,-0.075,-0.52,-0.168,-0.65,1.142,1
-0.527,-0.217,-0.181,0.781,-0.45,-0.037,-0.585,0.991,1.229,-0.767,2.906,0.71,0.859,0.409,-1.33,-0.132,-0.234,0.457,-1.876,0.786,0.153,-1.185,0.116,1.39,-0.422,0.275,-0.345,0.064,0.007,0.911,0
0.161,-0.954,-0.708,-2.275,1.017,0.03,-0.819,0.015,-0.152,-0.794,-0.892,-1.743,1.858,-0.258,1.569,0.113,-0.845,-0.802,1.548,-0.03,0.563,0.732,-0.565,-0.812,-1.373,1.638,2.173,0.258,-0.505,-1.254,1
-0.51,0.762,0.036,-0.492,0.649,0.315,1.057,-1.043,0.025,1.101,-0.434,-0.939,0.165,-0.213,1.562,0.159,-0.519,-0.681,-1.041,-1.196,-0.146,-1.788,1.957,-1.266,-0.455,-1.572,1.363,-0.747,-1.089,-1.424,0
0.326,1.28,-0.821,0.082,2.428,-0.958,-1.185,-1.963,-0.569,0.422,-1.299,-0.717,-2.046,0.328,1.198,0.421,-0.217,0.44,0.999,-0.054,-0.801,0.501,0.058,-0.824,0.778,-0.431,0.406,2.376,0.11,-0.446,0
-1.343,0.117,1.039,1.413,-0.326,-2.033,-2.032,-0.433,1.195,1.236,-1.49,-0.383,-0.151,-0.067,-0.912,-1.267,0.434,-1.53,-0.686,-0.442,1.039,-0.695,-1.553,0.236,0.82,-0.487,0.224,0.227,-0.525,-0.976,0
-1.675,-1.411,-0.158,0.497,-2.046,-0.415,0.102,-0.261,-0.192,-0.04,0.055,1.331,-2.799,0.53,-0.524,0.921,-0.192,-2.925,1.273,-0.56,1.026,0.898,-0.24,0.276,-0.227,0.055,-1.184,1.089,-0.518,-0.667,0
0.887,-0.655,1.059,-0.292,0.629,-0.537,0.429,2.424,0.131,0.801,0.717,2.224,-1.417,1.44,0.471,-0.396,0.259,1.128,0.333,2.012,0.566,1.658,0.911,-1.914,0.906,-0.184,2.258,-0.899,0.08,0.251,0
0.139,0.763,1.148,-0.162,1.768,-0.836,-0.918,2.548,-0.729,-0.018,0.943,0.832,-0.335,1.687,-1.263,-1.365,2.504,-0.579,-0.661,1.339,0.478,0.278,-1.715,-0.08,0.532,-0.833,0.633,0.518,-0.721,-0.785,1
-0.602,-1.105,0.842,1.599,0.369,-0.07,0.37,0.559,-0.441,-1.322,-0.155,-3.28,0.337,0.19,-0.798,-0.15,2.207,-0.721,-0.399,0.94,0.683,-0.259,0.555,-0.739,1.058,0.841,-1.168,-0.893,-0.855,-0.808,0
-0.399,0.632,0.618,-0.795,-0.805,2.066,0.159,0.769,-1.318,0.138,0.348,-0.382,0.294,0.999,0.519,0.963,0.208,0.081,-0.532,0.839,0.086,0.584,-0.36,-0.619,-0.426,0.692,-0.58,-0.494,1.278,0.887,1
-1.273,0.763,-0.705,0.088,-0.515,-0.728,1.227,-0.904,0.049,0.266,-0.364,2.123,0.203,-0.013,0.601,-0.375,-0.399,-0.178,0.652,-1.157,0.204,-1.709,1.204,-1.209,0.183,0.635,-1.854,0.19,1.514,-1.0,0
-0.007,0.325,0.574,-0.42,-1.008,-0.726,-0.06,1.496,-0.287,0.042,0.67,1.547,-0.15,0.05,-0.191,-1.269,0.633,0.396,1.471,-0.288,-1.629,0.302,1.775,0.532,2.231,0.972,-0.517,0.828,0.183,0.523,1
-1.777,0.289,0.379,0.987,-0.555,0.95,0.657,-0.995,0.526,-1.274,-0.032,-0.167,0.024,-0.352,0.287,0.624,-0.215,0.737,-0.191,-1.84,1.049,-0.023,0.559,0.92,0.303,1.307,1.537,0.502,0.608,-0.866,0
0.539,0.874,-0.497,-0.094,-0.436,-0.736,0.897,-1.355,1.206,-0.765,1.911,0.344,-1.595,-0.91,-1.361,-1.912,0.39,-0.427,0.378,0.753,1.307,-0.923,-1.927,0.644,0.184,-1.001,-0.72,-0.45,0.602,-0.382,1
0.426,0.344,0.05,0.794,2.393,-0.132,1.872,0.317,0.036,-0.491,0.2,1.937,-0.497,-1.698,-0.437,-1.031,-0.237,-0.133,0.628,1.046,0.06,-1.587,0.218,-0.111,0.682,0.429,-1.911,0.416,-1.762,-0.011,0
-1.304,0.711,-0.423,0.476,-0.229,-0.785,0.55,0.108,1.627,-0.362,1.733,-1.142,-0.386,0.776,0.141,0.799,1.397,-0.046,-0.747,0.107,-0.861,-1.606,1.45,2.336,-0.428,-1.303,0.456,-1.494,0.098,0.907,0
-0.309,-0.586,0.405,1.173,-1.248,-0.664,0.173,-0.113,1.046,-0.736,1.686,-0.66,0.779,0.276,-0.887,0.856,0.323,-0.599,1.14,-0.236,-1.563,0.18,-0.455,-0.012,-2.272,-0.484,-1.062,0.311,-0.739,1.277,1
-0.387,0.982,0.705,0.813,-0.084,1.952,-1.941,0.176,-0.473,-1.191,1.85,1.188,-1.271,1.031,0.492,-0.542,-0.188,1.073,-0.885,-1.007,-0.32,-1.211,1.783,-0.904,-1.088,-1.719,0.842,0.614,0.507,0.935,0
-1.595,1.722,-0.042,-1.093,1.512,0.087,0.883,0.236,-1.964,-1.197,2.143,1.485,-0.441,-0.142,-0.965,-0.062,-1.016,1.063,-0.926,-1.23,1.52,-0.624,0.406,-2.071,-0.511,-0.574,-0.441,-1.02,-0.473,-1.35,0
0.298,0.211,-0.954,0.637,-1.083,-0.878,-0.874,-1.006,-0.941,-1.492,-0.092,-0.058,1.546,0.546,-0.224,1.037,0.709,-0.735,0.93,-0.723,-0.125,0.976,0.196,-0.601,-0.957,-0.408,-0.114,0.68,0.799,0.152,1
-1.564,-0.85,-0.051,-0.176,0.506,-2.212,1.452,0.187,0.875,-1.86,-0.792,-1.328,-1.592,-0.273,0.572,-1.28,-0.608,-0.728,0.694,-1.602,0.323,-0.692,-0.758,1.038,-0.433,-1.428,1.827,-1.694,-0.641,0.089,1
1.429,1.75,0.36,-0.825,0.538,-0.367,-0.649,1.503,-0.692,-1.42,-0.566,-1.732,0.84,-0.13,0.859,0.039,-1.052,-0.883,2.168,0.669,-0.847,1.028,-1.455,-1.249,1.228,-0.638,-0.022,-1.46,0.621,-0.81,0
-1.393,-0.156,-0.441,-1.173,1.72,0.366,-1.026,1.346,-0.282,-0.349,0.522,0.292,0.457,-0.301,-0.361,-1.052,0.864,1.532,-0.245,0.862,1.793,-0.229,0.503,0.056,1.946,0.667,-0.343,-0.173,-0.838,-1.369,1
-0.839,-0.423,-0.719,1.042,-0.648,1.552,-0.631,-0.271,0.277,-1.518,-1.035,-2.062,-1.877,1.132,-0.498,1.547,0.727,1.589,-0.738,-0.389,0.05,1.281,-1.323,2.22,-0.585,-2.193,0.853,0.752,0.655,1.104,1
-0.126,0.438,1.491,-0.058,-1.076,0.427,0.524,0.963,-1.267,-0.771,1.399,-1.288,0.984,-0.388,-0.236,-0.012,0.723,-0.943,-0.609,0.05,0.419,2.832,0.355,-0.22,-0.081,-1.337,0.321,-0.972,-0.939,0.555,1
0.519,-0.455,-0.273,2.926,-0.44,0.178,-0.346,-0.303,0.987,-0.681,-1.376,0.261,0.161,0.025,1.54,-0.354,0.79,-1.471,1.91,-2.292,-0.504,0.312,-0.111,0.593,0.455,0.709,-0.376,0.175,0.708,0.049,0
-0.135,0.982,-0.761,-0.61,-1.872,1.238,-0.228,0.253,0.586,-0.288,-0.173,-0.405,0.4,2.054,1.182,0.148,-0.973,0.013,-0.805,-0.502,-0.121,-0.116,1.294,0.761,-0.253,-0.302,0.275,-0.134,1.123,-0.642,0
-0.143,-1.673,0.2,1.049,-0.022,-0.617,0.659,0.733,0.772,2.586,-2.941,0.719,0.443,0.504,-1.254,-1.136,-0.042,0.086,0.555,0.499,-0.373,0.166,1.497,3.056,-0.346,-1.319,1.654,1.033,0.231,-0.107,0
0.783,-0.997,0.801,0.934,-0.89,1.486,-1.015,-0.868,-0.354,-1.645,0.884,-0.943,1.271,0.463,1.405,0.002,-0.539,0.733,-0.34,0.853,1.316,0.268,0.235,-0.617,0.998,-0.102,-1.06,0.66,-0.209,0.988,0
0.997,-0.078,-0.323,1.878,0.917,-0.351,0.162,0.529,0.279,0.52,-0.858,-0.299,-0.104,-0.083,0.188,-0.657,0.533,-1.359,-1.133,-0.074,-1.789,0.835,-0.59,-1.63,-0.124,-0.406,0.043,-1.093,-0.791,1.123,0
-1.352,-0.294,-1.06,-0.452,-1.391,-0.044,-0.352,1.036,-0.947,0.043,-1.123,0.829,0.357,-0.343,1.888,1.618,0.07,1.226,-0.476,-0.207,0.719,-1.921,0.162,-1.924,1.786,-0.537,0.258,0.133,0.983,-1.022,1
-0.306,0.628,0.771,0.287,1.275,0.989,-0.273,0.344,-0.325,-1.993,0.553,-0.695,0.833,-0.957,-0.539,1.901,0.292,1.584,0.042,-0.535,-0.194,1.127,0.836,-0.265,0.416,0.001,2.25,-0.869,0.72,0.66,1
0.464,0.915,0.644,-0.062,0.722,-1.175,0.473,0.306,-0.059,-0.653,-1.006,-1.738,-1.127,-1.508,-0.46,-0.984,0.731,-0.481,1.89,0.812,-0.403,-1.314,-1.409,0.621,0.475,-0.077,0.814,1.507,-0.911,1.648,0
0.071,1.097,-1.101,-0.362,-1.31,0.281,1.172,0.575,-0.355,0.249,0.319,-0.89,-0.283,-0.875,2.013,-2.418,0.25,-1.62,-0.928,0.568,-1.77,-1.071,0.203,-2.591,-1.613,-0.959,-0.086,-0.18,-0.559,-0.277,0
-0.663,0.964,-0.935,0.925,0.339,0.16,-1.605,1.202,-2.195,-0.256,-0.122,1.243,-1.367,1.145,-1.178,-1.068,1.389,1.91,0.431,-0.72,0.166,0.245,0.195,-0.181,0.284,0.565,-0.185,-0.621,-1.07,2.839,1
-1.727,-0.489,-0.761,1.259,2.643,-2.063,0.481,3.794,0.107,1.004,-1.861,0.469,0.342,-0.419,1.841,1.117,1.421,0.431,0.942,1.224,0.402,-0.416,0.955,0.97,-0.962,0.814,3.269,-0.929,-0.22,0.486,0
0.96,-0.066,-2.973,-0.741,-0.294,1.287,-1.679,-0.714,0.259,-0.517,-0.689,-0.386,-0.52,0.677,-0.373,-1.431,-0.879,-0.754,2.213,-1.266,1.833,-0.671,1.172,-0.568,-0.53,-0.572,0.422,-0.348,-0.363,-1.035,0
-1.522,0.153,3.228,0.974,-0.186,0.062,0.012,-0.002,-1.392,-1.705,0.114,-0.104,-0.308,-0.774,0.919,0.386,-1.646,0.363,-0.592,0.384,0.255,0.376,-0.661,-1.206,0.058,-0.831,-0.158,0.39,0.301,1.48,0
1.136,0.869,-0.719,0.852,-0.545,-1.795,-0.109,-0.763,-0.137,0.181,-0.749,0.488,-0.17,-0.155,-0.002,-0.591,-1.509,0.643,-0.706,-0.704,-0.577,-0.851,0.884,0.114,-1.108,0.267,0.289,1.038,-0.58,0.66,1
1.287,0.112,0.192,-0.316,-0.927,0.535,-0.996,0.674,-0.392,-1.594,-1.168,-0.042,1.293,1.919,0.241,1.05,-1.313,0.243,0.616,-0.305,-0.414,-2.861,2.145,-0.518,0.089,-0.525,1.135,-0.487,2.57,-0.614,0
0.052,-0.512,-0.119,-0.463,1.502,-0.068,1.263,1.328,-1.884,1.297,0.973,-0.381,0.114,-1.361,-1.122,-1.058,0.193,0.008,0.49,-0.548,-0.095,1.265,-0.159,-1.577,-1.05,-0.887,0.056,-0.81,1.384,2.277,0
-0.796,-0.737,-0.908,-0.454,-0.912,0.062,0.462,-1.051,0.753,-0.205,-0.838,-0.784,-1.353,-0.057,-0.482,-0.985,3.012,-0.901,0.624,-0.612,-1.013,1.405,-1.348,1.197,-0.848,-0.7,0.352,0.303,1.307,0.882,1
0.107,0.341,-0.746,0.701,0.566,-0.224,-0.568,-1.616,1.641,-1.908,0.211,-0.038,0.419,0.494,1.18,1.281,-0.793,-0.427,-0.354,0.64,-0.447,-0.054,0.099,-0.467,0.584,1.262,0.181,0.493,-1.204,0.338,1
-0.459,0.302,-0.152,0.911,-0.646,-1.103,-0.375,1.237,0.453,0.172,0.466,-2.778,0.733,-1.454,-0.289,-1.167,-0.524,1.014,-0.625,0.627,-0.604,-1.034,0.6,1.143,0.827,-0.747,0.989,-0.789,-0.024,0.863,1
0.163,-0.312,-1.896,-1.22,1.038,0.337,-0.309,0.997,-0.683,0.819,0.139,0.145,0.304,-0.608,0.946,1.482,-0.908,0.906,-0.129,0.435,0.631,-0.568,-1.335,-0.946,0.575,-0.671,0.994,0.414,0.151,1.097,1
-0.773,0.202,0.712,1.033,1.115,0.487,0.946,-0.687,-0.53,-0.804,0.322,-1.25,-0.674,-0.095,0.233,-0.809,1.182,-0.557,-0.53,-2.269,-0.379,0.208,0.326,-0.672,2.067,-1.243,0.626,-1.072,-0.029,0.184,0
0.447,0.27,-0.933,0.411,0.425,1.198,1.531,0.674,-1.38,0.416,-0.053,1.332,1.065,-0.571,-1.648,2.661,-1.67,0.589,0.495,-0.636,0.049,-0.39,0.348,0.756,-0.144,0.694,2.497,-1.177,1.798,0.34,0
0.698,-2.394,-1.461,0.321,-1.406,-0.561,0.48,-0.34,-0.715,0.776,-1.242,1.015,1.464,-0.174,-0.488,-0.333,0.725,-1.367,2.117,-0.866,-0.541,-1.536,-1.151,-0.505,0.882,0.82,-0.834,-1.239,-1.823,-0.185,0
-0.767,-0.013,-1.916,0.114,-0.879,0.124,-0.036,0.078,-0.793,-1.636,-0.844,0.123,0.588,0.007,1.681,0.944,0.028,0.076,-0.155,-0.919,1.039,0.015,0.357,-0.723,-1.873,-1.481,-0.877,-1.793,0.836,-0.195,0
-1.974,-0.536,0.115,-1.756,-1.321,-0.125,-0.469,0.753,0.099,0.521,0.802,-0.879,-1.61,0.97,1.332,-0.281,-0.781,-0.04,0.173,0.117,1.576,-0.232,-0.451,0.008,0.497,-1.129,0.396,2.303,2.407,-0.132,0
-1.332,-1.358,1.573,-0.007,-1.306,-0.164,-0.122,0.291,1.702,0.516,0.228,-0.824,0.321,0.099,0.094,-1.51,0.067,1.044,-0.886,0.958,2.545,-0.143,-0.864,0.259,-1.444,-0.786,0.866,1.853,-1.146,-0.325,0
1.152,-0.81,-1.194,-1.171,-0.918,1.139,-2.971,0.137,0.931,0.302,0.159,-0.346,-0.412,-0.453,1.091,0.831,1.186,-0.646,0.111,-0.912,0.229,1.354,1.128,-0.556,0.318,-1.534,-1.167,0.084,-0.402,-1.368,0
-0.533,-1.046,-0.575,-0.502,0.613,-1.367,-0.077,-0.31,-1.171,1.198,1.056,1.394,-0.089,-2.04,0.969,-0.573,0.481,2.637,-0.838,0.637,1.56,-0.629,0.527,0.333,-0.605,0.284,1.902,-0.31,0.678,-0.285,1
-2.691,0.769,0.124,-1.382,0.071,-1.392,-1.225,0.894,-1.765,-0.081,0.48,-1.983,-0.154,0.165,0.32,-0.008,0.068,-1.247,1.14,-0.743,0.121,-0.966,0.226,0.079,0.144,0.058,0.332,1.089,0.212,-2.272,0
-0.422,-0.576,1.122,-1.604,0.214,0.052,1.034,0.458,-1.33,-1.489,0.152,0.025,0.102,-0.462,-0.385,0.467,0.461,-0.3,1.882,-0.102,0.195,-0.974,0.196,-0.846,-0.887,-0.972,-0.796,-0.516,0.799,-1.101,1
0.817,-1.143,0.139,-0.538,0.205,0.473,-0.461,0.199,0.871,0.158,0.569,-0.97,-1.206,-0.471,-0.746,-2.048,1.565,-0.489,0.513,0.158,-2.475,0.609,0.347,-0.652,-2.449,0.41,0.666,-1.713,-0.948,-0.986,1
-0.176,-0.531,0.442,0.056,0.672,0.024,1.332,0.613,0.046,-0.639,0.072,0.568,0.277,-0.997,-0.163,-0.849,-0.089,-0.533,-0.947,0.21,1.0,-0.017,0.125,-0.075,-0.36,0.201,-0.044,0.658,0.728,0.236,1
0.526,-0.966,-1.479,0.01,0.847,-0.371,-0.072,-1.963,1.883,-1.369,-1.578,0.456,0.185,0.805,0.926,0.992,-0.613,-1.548,1.524,-0.357,-1.352,0.186,1.646,-0.132,-2.919,-0.397,-0.265,0.037,-0.112,1.182,1
0.359,-0.447,-0.235,0.737,0.312,-0.513,-0.48,-1.447,0.266,1.207,-0.261,1.092,-1.271,-0.909,0.015,-0.935,0.758,0.276,0.786,-0.124,-0.709,0.398,-1.671,0.909,-0.482,0.37,-2.144,-0.575,1.355,0.191,0
0.424,0.078,1.488,-0.537,-0.999,0.762,-0.596,1.874,1.91,-1.782,-0.703,0.694,0.62,0.216,0.1,0.11,0.718,0.495,-1.122,0.123,-1.308,-0.818,-0.147,-0.472,-0.646,-0.483,0.545,2.155,-0.916,-0.726,1
-0.299,-0.103,-0.283,-1.709,0.322,-0.306,-1.431,0.861,0.392,0.614,0.403,2.075,-0.334,-0.399,-0.399,-1.235,0.28,0.894,-0.606,-1.435,0.889,-1.832,1.517,-0.149,1.681,-1.437,0.11,2.11,0.27,0.846,0
-1.142,-2.509,0.455,-1.622,-0.5,1.115,1.082,-0.233,-0.743,0.938,-0.364,-1.676,0.279,0.115,1.256,0.132,0.584,1.978,0.317,-0.527,0.168,0.394,1.668,-0.309,-1.717,1.377,-0.801,0.227,1.987,0.258,1
1.595,1.35,0.261,0.058,-0.051,-1.673,2.826,-1.143,-1.125,-0.499,1.172,0.762,-0.892,1.819,-0.056,-2.122,-1.835,-0.691,2.33,1.16,-0.4,0.25,1.925,0.628,0.358,0.59,1.4,0.77,0.093,1.123,0
-0.775,-1.385,0.454,1.616,-0.909,-0.316,-0.61,-1.244,0.273,-1.774,0.449,-0.69,-1.194,-0.007,-0.466,2.383,-0.505,-1.148,-0.461,0.664,1.345,0.903,1.395,-1.094,1.243,-1.097,-0.077,-0.795,-2.104,1.437,1
0.52,0.513,-1.614,-0.549,1.047,0.108,-0.906,-0.367,1.953,0.529,1.297,-0.294,-0.121,1.75,0.381,-0.085,-1.333,-0.636,0.875,0.732,-0.19,0.128,1.915,0.169,-1.602,-0.927,2.054,1.921,-0.957,-0.227,0
0.345,-0.748,-0.769,0.989,0.018,-0.599,-1.204,1.608,1.704,1.775,0.164,0.306,0.355,-0.85,-0.63,0.752,0.43,-0.164,-0.28,0.033,-2.212,0.604,-0.358,-0.385,-0.452,-0.705,0.983,-0.32,-0.588,-0.386,1
0.117,-0.099,0.152,0.091,-1.015,0.821,-0.3,0.761,0.855,0.822,1.089,-0.066,-1.267,1.818,1.389,1.848,-0.252,0.469,0.257,0.36,1.054,-0.396,0.147,1.866,-0.684,-0.623,0.33,-0.512,-0.755,0.183,0
2.416,-0.175,1.523,-0.488,1.023,-0.9,0.99,1.089,0.584,-1.647,-0.623,-0.438,0.685,1.706,-0.341,1.239,0.086,0.43,-0.931,-0.207,0.061,0.672,-0.366,0.816,0.259,-2.14,-2.429,0.23,0.143,1.849,0
-1.071,1.738,1.32,0.192,0.124,-0.342,-1.474,0.781,1.06,-0.621,0.17,-0.123,-2.262,-1.545,-0.318,0.054,1.099,0.486,-0.96,-0.613,-1.289,0.284,0.408,-1.182,1.466,-1.654,0.335,1.003,1.434,-0.737,0
-0.261,0.06,-0.502,0.385,-1.167,-0.403,-0.33,-1.749,-0.408,-2.432,-0.258,-0.689,0.916,0.332,1.743,-1.304,0.065,1.338,0.412,0.05,-0.471,0.369,-1.192,-0.16,-0.358,-0.537,-0.51,-0.113,2.499,-1.562,1
0.863,0.189,-0.102,-1.481,0.781,1.51,-1.694,0.851,-1.801,-0.41,1.363,-0.096,0.632,0.957,-0.03,-0.463,0.808,0.471,-1.918,-0.219,-0.556,-0.768,-0.263,0.322,1.546,0.624,-0.987,-0.347,0.323,-0.629,0
0.8,0.802,-0.179,0.527,1.941,-2.044,-1.983,-0.021,-0.071,1.72,-1.797,-0.0,-0.363,-0.703,-1.42,0.174,-0.567,-1.259,-0.456,1.845,1.299,1.082,-1.316,0.501,1.311,-0.622,0.797,-0.71,-0.107,0.474,1
-0.339,-0.836,-0.407,0.458,0.208,0.105,-0.48,-0.031,-0.471,0.672,-2.496,0.36,-1.273,-0.084,0.462,0.167,-0.302,-1.762,-0.408,-2.028,-1.072,-0.666,-0.306,0.218,0.699,0.18,-0.435,2.121,-3.496,-0.264,0
0.364,0.268,-1.12,-0.458,-1.154,0.38,-0.589,-2.027,1.519,0.485,1.122,-0.4,-0.236,1.385,-1.221,-0.665,-0.459,1.022,0.654,-2.536,0.272,-1.551,-1.29,2.107,-0.257,1.277,0.808,0.3,0.217,-1.351,0
0.443,-0.982,-0.789,1.238,-2.502,-0.807,-0.265,0.748,-0.502,-0.239,-1.882,-0.088,1.726,1.901,0.287,0.223,-0.624,0.716,0.569,-1.751,-0.183,1.249,-0.644,-0.727,2.055,0.988,0.292,0.934,1.151,-0.991,0
0.543,-1.689,-0.71,-0.04,0.644,0.037,1.367,0.033,0.757,0.125,0.068,-0.118,0.548,-1.758,0.516,0.876,-0.768,0.368,0.184,0.199,-1.831,-0.314,-1.164,-0.423,0.301,1.236,-0.247,-1.57,0.726,-0.111,1
-0.239,0.061,0.753,-0.313,0.699,0.209,-0.84,1.025,-0.229,-2.043,0.252,-0.013,1.333,-1.248,-0.547,1.103,-0.742,0.138,0.383,-2.587,1.077,0.91,-0.306,-0.025,0.878,-0.164,1.313,-0.824,-0.363,-1.663,0
-0.692,-0.578,0.162,-1.31,0.274,-1.394,0.781,1.367,-0.813,1.777,0.33,0.217,-0.106,-1.27,0.3,-0.695,-1.604,0.873,-1.661,-1.274,-0.704,0.893,-0.299,1.125,1.238,0.12,-0.294,-1.046,1.602,-1.354,1
-1.438,0.201,-0.345,-0.214,-0.91,0.045,-2.061,-1.005,0.091,-0.709,-1.372,-0.564,-1.669,1.881,0.155,-0.099,-0.717,0.03,0.945,-0.859,0.427,-0.512,0.388,-0.66,-1.949,0.535,0.352,1.131,-1.582,1.594,1
-0.928,0.997,-0.15,0.566,1.149,0.693,1.446,-2.46,0.75,-0.788,-0.81,-1.094,-0.834,-0.068,0.768,0.03,1.296,0.823,0.891,1.871,1.095,0.099,1.879,-1.327,0.869,1.52,-0.108,0.23,-0.739,-1.165,1
1.387,0.698,0.51,0.183,-1.078,-0.297,1.141,0.694,1.873,-0.018,-0.673,1.743,-0.475,0.318,-0.25,0.052,-1.311,-0.182,0.54,0.035,-0.783,-0.517,1.092,-0.154,-1.48,0.917,-0.082,-0.054,0.748,-0.748,0
-0.026,-0.127,2.466,0.164,-0.417,2.388,-2.599,0.748,0.925,-0.613,1.512,-0.267,1.204,0.026,-0.71,-0.034,-0.623,0.505,0.558,-0.231,0.481,2.332,0.765,-1.465,-0.95,1.455,-0.715,0.519,-1.285,-0.929,1
0.26,0.667,1.476,0.02,1.42,1.914,0.736,1.316,0.373,1.048,-0.614,0.594,1.398,-0.291,-0.294,-2.895,1.554,0.938,0.63,0.278,0.501,1.626,-0.854,-0.297,-1.695,-0.905,0.016,1.282,-0.135,-1.593,1
-0.775,-0.164,0.653,1.167,0.668,-1.388,-0.419,0.075,1.786,0.218,0.325,1.366,0.622,-1.603,-0.912,0.105,-0.009,1.544,2.823,1.697,-1.451,-0.974,2.002,-0.052,-0.331,0.686,-0.417,0.848,0.001,1.118,1
0.552,1.053,0.428,-0.788,-0.031,0.973,0.007,-1.256,-0.774,-0.116,0.691,0.093,-0.335,0.616,0.015,0.612,2.195,0.21,-1.831,0.162,0.226,0.471,-0.34,-0.264,-0.51,0.261,-0.526,-0.781,-0.499,2.686,1
0.231,-0.967,0.644,-0.549,0.43,1.145,1.023,0.33,-1.033,0.733,1.91,0.385,0.079,1.1,-0.184,0.107,1.976,-1.188,1.178,-0.719,0.195,1.276,0.581,0.592,0.579,1.536,0.186,-0.017,0.294,-0.25,0
-1.07,-1.568,0.354,-0.723,-0.493,0.409,0.671,1.247,-1.402,-1.054,-0.582,0.342,-1.73,1.11,0.473,0.215,0.748,0.04,0.322,-1.227,-0.292,-1.361,-1.12,-0.508,0.321,0.397,-0.463,-1.501,0.387,0.214,0
-0.032,-0.162,0.887,0.414,-0.322,-1.062,0.072,-0.82,1.016,-0.717,0.277,-1.593,0.331,0.556,-0.701,0.03,-1.106,-0.29,0.843,0.39,-0.503,-1.367,0.273,-1.69,0.053,0.951,0.226,-0.782,0.884,-0.508,1
0.812,-0.029,1.188,0.735,1.147,1.417,1.906,-0.35,-0.348,-0.243,-1.713,0.179,-1.121,1.083,0.511,0.492,1.195,0.52,1.653,-1.536,1.18,-1.804,0.207,0.783,0.362,2.083,0.488,-0.135,-0.867,0.203,0
-0.627,0.624,0.171,-0.299,0.689,0.073,0.557,0.333,1.011,-0.986,-0.813,-1.04,1.69,-0.136,0.85,1.315,0.327,0.827,-0.987,0.459,-0.341,0.13,1.107,1.559,-0.939,0.704,-0.743,-0.794,0.431,1.794,1
1.279,-0.577,0.965,-0.731,0.225,-0.89,0.925,1.353,1.019,-0.933,-0.913,-0.233,0.501,1.486,1.598,-0.402,0.223,-1.058,0.659,-0.059,0.535,0.669,1.071,-0.564,0.251,0.611,0.618,-0.406,0.173,1.431,1
-1.198,-0.386,0.525,-0.317,-1.26,-0.262,-1.674,-0.261,0.682,-0.706,1.465,-1.04,0.079,0.548,0.493,-1.285,-0.685,0.875,-0.036,0.706,-0.995,-1.081,-0.933,1.65,0.501,-1.297,1.67,0.702,0.468,0.525,1
-1.266,-0.397,0.58,0.917,0.811,-0.165,0.422,-0.238,0.185,0.866,-1.069,-0.078,-0.185,0.736,2.131,0.17,1.298,0.38,-0.222,-1.17,-0.271,-0.147,-0.162,-1.414,0.119,-0.903,0.34,-0.649,-0.082,-0.11,0
-2.003,0.661,0.198,1.426,0.687,-0.254,-0.106,-0.116,-1.286,-0.42,0.581,1.154,1.05,1.809,-0.061,-0.128,0.601,-0.761,-1.923,-0.321,-0.133,-1.348,-1.048,0.438,1.678,-0.19,-0.447,0.0,0.865,-1.456,0
-0.281,0.271,0.492,-0.266,-0.596,-0.528,0.884,2.045,0.266,-0.726,-0.896,0.388,0.375,-2.526,-1.777,0.059,1.755,1.058,-0.123,1.798,-0.91,-1.474,-0.006,0.107,-0.664,1.254,-0.826,1.07,-1.376,-0.884,0
0.543,-0.318,-1.093,1.159,-0.114,-1.102,0.151,0.11,1.564,0.324,0.278,-0.56,-0.832,-0.314,-1.521,0.154,-0.387,-0.666,0.647,0.384,-0.651,-0.58,-1.469,0.765,-0.149,-0.635,-0.205,-0.265,0.797,0.979,0
-0.945,-0.341,0.229,0.289,1.258,-0.827,0.436,-0.226,-0.589,0.311,-2.685,-0.191,0.164,-0.275,-0.479,-0.913,-0.89,0.057,0.292,-0.668,-0.07,1.604,0.006,-0.131,-0.135,-0.455,-1.006,1.059,0.317,-1.11,0
-0.474,-1.452,0.686,0.296,0.915,0.575,-0.338,-0.147,-1.388,-0.076,-0.271,-0.798,0.264,1.625,0.609,1.013,0.104,-0.728,0.892,-0.14,-0.154,-1.67,1.208,-0.37,0.215,-0.985,0.324,-1.108,-0.101,-0.4,0
0.189,-1.684,-0.641,1.214,-0.779,-0.476,-0.079,-1.694,-1.331,1.346,-0.847,-0.485,0.181,-0.154,-0.108,1.911,-0.208,0.45,-1.335,-0.153,-0.456,-0.353,1.853,-0.018,0.999,1.068,2.13,-0.39,0.208,-0.519,1
-0.022,0.421,-0.001,-0.115,-0.386,0.97,1.863,0.328,-0.3,0.817,-0.268,-0.196,-0.247,0.032,1.287,-0.585,0.761,0.762,1.114,0.48,0.281,1.166,0.061,-0.555,-0.757,-1.894,-2.194,1.06,1.43,0.211,0
-0.149,-0.089,-0.005,-0.948,0.133,0.243,-0.61,1.742,-0.79,-0.126,-0.874,0.124,1.92,-2.07,-1.003,0.17,0.256,1.663,0.602,-1.48,-0.406,-0.333,1.311,1.27,-0.398,0.493,-0.803,1.142,1.204,-0.308,1
0.256,0.034,0.291,0.639,-1.843,-0.289,-0.619,2.801,0.697,0.183,-1.16,-0.887,0.556,0.164,0.532,-0.056,-0.449,1.247,0.163,0.166,1.778,0.057,0.418,1.358,0.932,-0.139,1.419,0.366,1.794,-0.023,0
0.388,-0.192,1.379,-0.19,1.67,-0.02,-0.102,0.015,0.107,0.094,-2.195,2.25,-0.351,0.467,-0.29,0.098,0.224,0.113,0.437,1.094,-0.405,-1.37,-1.322,0.864,2.025,0.603,-0.268,0.787,0.2,0.862,0
-1.838,0.87,0.522,-1.608,-0.562,1.651,0.224,-0.098,-0.321,-0.368,0.109,-0.319,1.861,-0.19,-1.273,1.45,-1.605,0.15,-0.507,1.316,0.772,-1.21,0.804,-0.628,0.306,-0.998,-0.447,-2.681,0.929,-0.915,0
0.518,0.189,2.16,-0.705,0.432,-0.231,0.72,1.651,0.047,-0.541,-0.662,1.202,-0.439,0.58,-0.703,0.245,-0.665,0.44,0.613,0.877,1.231,0.857,0.212,0.234,1.114,1.865,-1.318,-1.047,-0.903,2.226,1
0.783,1.347,-0.61,0.064,-0.003,-1.901,-0.047,0.12,-0.981,-0.775,-0.698,0.953,0.176,1.66,-0.341,-1.296,-1.078,0.46,0.768,0.87,-0.243,-0.285,-1.468,1.013,1.069,0.197,-0.721,0.544,0.209,-0.361,0
-0.971,0.398,1.063,-0.06,0.793,-0.113,1.682,0.866,0.235,0.78,-0.571,0.369,0.045,-2.092,-0.406,-0.129,-0.145,0.786,-1.108,2.201,0.034,-1.322,-0.68,1.525,0.236,0.596,0.299,0.75,-0.254,0.781,0
0.051,-1.047,1.188,0.066,0.325,-0.291,1.97,0.833,-0.777,0.297,2.481,-1.073,-0.406,0.962,1.329,-1.046,-0.773,-0.205,1.038,-0.698,-0.301,2.018,1.181,-0.249,0.495,0.09,-0.081,-0.247,-0.24,0.908,1
-2.317,-0.787,1.267,-1.097,-1.811,-1.031,0.367,0.735,1.035,-0.117,0.766,-0.87,1.633,-0.153,-3.278,-1.072,-0.086,-0.668,1.969,-0.489,0.039,0.642,-0.179,1.644,0.879,-0.876,-0.646,0.778,0.601,0.235,1
0.986,0.59,-0.183,-0.267,1.327,0.44,-0.53,1.721,-0.886,0.68,-0.275,0.202,-0.516,-1.436,-1.541,0.261,-0.897,-0.783,0.06,0.534,0.094,1.902,-0.113,0.031,-0.763,0.487,-1.774,1.454,1.092,-1.023,0
-1.258,0.599,-0.673,-0.179,0.53,0.63,-2.036,0.115,-0.832,-0.773,-0.48,-0.442,0.109,0.249,0.192,-1.595,-1.155,1.051,-0.47,0.666,0.692,-0.109,-0.098,0.624,-1.545,-0.142,-0.485,1.25,1.1,0.124,1
1.585,-0.73,-0.564,1.2,-0.744,1.286,-0.774,1.377,0.396,1.718,2.342,-0.637,0.506,0.639,-2.275,1.445,-1.785,1.837,0.975,-0.875,1.774,-1.096,-0.022,0.192,0.125,-1.267,0.611,-2.077,1.561,-0.541,0
-0.541,-0.156,0.218,0.163,0.338,0.989,-1.207,-0.933,-2.15,-1.788,-0.169,-0.193,1.588,-0.749,0.604,-0.155,1.627,-0.36,1.097,0.337,-0.46,-0.422,0.844,0.074,-0.748,-1.361,-1.104,-0.065,-1.275,-0.145,0
-0.636,-0.464,-1.223,1.311,-0.879,-1.252,-0.317,1.119,2.156,0.379,0.651,-0.595,-1.985,0.194,0.427,-1.356,-1.171,1.115,0.525,-0.105,-0.147,-0.387,0.226,-0.267,0.195,-0.894,-0.791,-0.966,0.618,-0.728,1
-1.641,0.263,-1.325,-0.88,1.008,0.519,0.077,-1.921,-0.267,0.306,1.266,-0.462,-2.232,-1.485,-0.083,-0.191,-0.192,1.734,0.35,-0.227,-0.492,-1.496,-0.285,-0.75,0.223,0.586,0.081,-1.885,0.93,-0.927,0
-0.763,0.542,0.121,0.226,0.117,-0.265,-2.916,-0.231,-0.662,-1.112,-0.443,0.981,-1.394,0.381,1.073,0.261,0.81,-0.188,-0.473,0.685,0.286,-0.2,1.759,-0.175,-0.578,0.78,-0.242,-0.024,-1.458,1.086,1
-0.331,0.412,0.433,0.216,-1.256,-1.208,0.638,-0.438,1.807,-2.78,-0.981,0.563,0.524,1.33,-0.251,0.209,-0.699,-1.348,-0.499,1.774,-0.347,-0.598,0.75,1.006,-0.342,-1.638,-1.812,0.025,-1.254,-0.052,1
-0.69,-0.49,0.436,0.392,-0.072,1.514,1.326,0.02,0.328,0.732,1.479,-1.346,-0.689,-0.26,-0.492,-0.248,-0.53,-1.049,-0.398,1.453,0.325,0.007,0.025,-1.266,0.538,-0.56,2.308,0.52,0.618,-0.154,0
-0.678,-0.645,0.26,0.475,-0.595,0.967,-0.462,-0.305,1.008,0.529,-0.334,0.471,0.151,0.295,-2.664,-0.045,1.528,1.434,0.566,-1.334,1.427,0.194,0.564,3.642,0.821,-0.259,-0.065,-1.006,-0.997,0.732,0
-2.717,-1.774,-2.032,0.429,2.473,0.121,-0.016,-1.503,-0.665,-0.884,0.537,-1.21,3.208,0.405,-0.667,-0.233,1.136,-1.187,0.656,0.097,1.056,0.747,1.008,-0.707,0.728,0.479,0.705,-0.443,-0.221,0.011,1
0.265,-0.724,-0.942,1.21,1.612,0.664,0.186,-1.273,-1.12,0.17,-0.417,-0.106,0.495,0.166,-0.578,-1.926,0.15,0.047,0.52,-0.26,0.837,0.016,-0.23,0.673,1.821,-0.214,-0.409,0.034,-1.292,-0.521,0
1.077,0.635,-0.39,-0.862,0.395,-1.001,-0.719,-1.225,0.126,0.283,-1.101,0.503,-1.692,1.402,-0.437,-0.988,-0.718,-0.331,-0.022,-0.627,0.136,0.168,-1.291,-0.021,-0.017,-0.107,0.333,-0.64,0.614,0.434,0
-1.496,-0.642,-0.742,-0.099,1.804,-0.544,0.54,0.387,0.388,1.15,0.223,0.221,0.457,0.608,1.376,-0.807,0.466,-2.318,1.818,0.943,1.793,-0.015,1.068,-1.657,1.176,1.369,-1.16,0.277,-0.234,1.589,0
0.866,1.268,0.842,0.339,0.683,-0.898,0.155,-0.994,1.091,0.55,-0.152,0.329,-0.421,-1.515,0.446,0.437,-0.94,-0.12,-0.472,-0.376,0.11,1.248,1.368,1.206,-1.805,0.217,0.307,-1.604,-0.864,-0.267,1
1.738,1.132,-1.49,-0.145,0.095,0.71,0.354,-0.566,-0.081,2.88,0.473,-1.067,-0.096,0.095,0.686,0.588,1.262,0.136,0.923,-1.118,0.468,-0.12,-1.517,1.272,-0.304,-1.746,-0.081,-0.174,-0.443,0.109,1
1.353,1.29,0.544,-0.985,0.997,2.438,-1.866,1.272,0.771,1.666,-0.481,1.857,2.12,2.27,-0.606,-0.681,-0.291,0.213,0.363,-0.039,1.198,0.897,-1.079,1.337,-0.366,-0.81,-1.127,-2.092,-2.149,0.683,0
1.812,-0.142,1.036,-1.015,0.089,0.021,0.724,-1.238,-0.278,-0.758,-0.107,0.432,0.666,-0.248,0.818,1.241,0.875,-2.837,0.043,1.066,-1.524,2.422,1.428,0.475,0.776,0.752,-0.026,-0.172,-1.334,1.7,0
-1.608,-0.469,0.419,0.828,-0.462,1.427,-1.245,1.674,0.997,-1.55,-0.343,0.932,0.225,-0.29,1.363,-0.231,0.966,-0.767,0.297,0.009,-0.679,0.353,-1.033,0.772,0.993,-0.673,-0.72,-1.902,0.161,-0.428,0
0.704,0.69,0.553,0.411,-0.333,0.211,-0.189,2.177,-0.966,-2.669,1.138,-0.683,0.036,1.509,-0.471,0.347,0.357,0.49,0.018,-0.43,0.663,0.813,-0.242,1.227,-1.546,-1.36,0.248,0.222,-0.65,-0.631,1
0.007,0.88,-0.169,0.29,1.53,0.683,0.066,0.085,-0.556,0.081,1.2,0.488,-0.058,-0.283,-0.2,-0.267,0.93,0.812,2.584,0.25,0.497,-0.401,-0.958,-0.534,-0.763,-0.725,0.064,0.419,-0.175,-0.927,1
2.114,-0.107,0.486,0.538,-0.082,-0.666,0.443,0.246,-0.709,0.141,0.907,-0.143,-0.591,-0.994,0.249,-0.355,1.924,1.271,1.959,0.092,-0.513,1.252,-1.157,0.37,-0.008,0.194,0.813,-0.925,-0.043,2.228,1
-1.088,-0.297,-0.387,-0.568,-0.671,0.556,1.254,-0.073,0.224,-1.531,-0.256,-0.316,-1.546,-0.441,-1.836,0.58,1.336,-1.521,0.536,-0.165,-2.281,0.028,-0.274,2.729,-1.461,0.311,0.593,0.515,1.063,0.137,1
1.163,1.437,-0.079,0.064,-0.948,0.02,-1.149,1.231,0.738,1.364,0.102,0.399,-0.024,-0.518,0.457,1.42,0.186,0.6,-0.042,-1.147,-0.003,0.404,0.86,0.598,0.968,-0.549,0.399,0.303,-0.069,0.549,0
1.59,0.251,0.443,0.575,0.087,0.127,-0.616,0.697,0.805,-0.584,-0.208,0.326,0.799,-0.557,1.049,0.756,1.966,0.776,-0.122,0.326,0.249,-0.532,-1.36,-0.828,0.123,2.409,0.055,1.246,-1.323,-1.373,0
0.818,2.12,-1.466,0.851,0.918,-0.501,1.545,-0.263,0.211,-0.584,0.408,1.628,-0.65,0.374,0.211,0.352,-1.132,-0.295,-0.513,0.507,-0.828,0.416,-1.187,0.966,-0.908,-1.033,0.677,1.273,1.188,0.959,1
-0.645,-0.115,-0.776,-0.546,0.605,-2.031,-0.243,0.77,-0.434,-0.146,1.192,1.345,-0.857,-2.156,-0.659,0.91,-0.683,-1.56,0.969,0.344,-0.732,0.796,0.137,0.14,-1.816,0.028,-0.874,-2.293,-1.061,0.189,1
-0.94,-0.272,-0.095,-0.289,1.695,-0.037,2.252,-1.736,0.771,2.236,-1.397,-0.367,-0.362,-1.473,1.172,-0.437,0.591,0.067,0.769,0.731,-0.224,2.237,0.464,-2.07,0.57,0.586,-0.31,1.223,2.864,-0.966,1
0.618,0.681,-0.182,0.907,-1.164,2.141,-1.256,-0.275,-2.023,0.057,1.345,-1.267,-0.35,-1.533,-0.368,-0.81,-0.894,0.076,-1.009,-1.397,0.793,-0.269,0.39,0.228,0.198,0.395,0.28,0.376,-0.357,-0.023,1
0.478,0.239,0.445,1.347,-0.172,-0.585,1.66,-1.336,0.687,-0.396,1.021,1.314,0.771,-1.393,3.513,0.431,1.995,0.173,-0.326,0.054,0.595,0.002,0.052,-0.419,-1.111,0.21,1.275,-0.502,-0.146,1.282,0
0.95,1.316,1.123,-0.669,0.6,-0.758,0.878,-0.92,-0.625,1.168,-0.38,1.036,0.54,-0.191,-1.052,0.978,0.965,1.966,-0.734,-0.429,0.312,-0.021,-0.193,0.852,-0.799,0.758,0.385,-0.271,-1.393,0.728,1
-0.778,1.737,-0.109,-0.449,-0.991,-0.765,-0.287,-0.604,-0.373,0.288,0.474,0.206,-0.089,0.731,0.801,0.552,-0.716,0.875,0.257,0.831,-0.01,-1.117,1.468,1.169,0.983,1.071,0.54,-1.208,-0.026,0.381,1
0.0,-0.042,1.505,0.134,-0.147,-0.37,0.558,0.324,0.557,0.971,0.62,-1.377,0.815,0.399,-0.128,0.674,0.09,0.168,0.703,0.527,1.038,0.729,1.013,-0.308,0.022,-0.557,-0.968,-0.498,0.121,-1.301,1
1.084,-0.368,2.188,0.63,0.033,-1.726,-1.131,-0.057,-0.832,0.37,-0.229,0.952,0.262,-1.045,-0.647,0.804,0.318,0.313,-0.943,-0.055,-0.227,0.011,-1.927,0.59,-0.827,1.065,-0.909,-0.213,-1.93,-0.023,1
0.031,-0.064,2.318,0.469,0.797,1.314,0.78,-0.401,-1.081,-1.142,0.445,-0.928,-0.526,1.594,2.205,-0.01,0.924,-1.208,-0.232,0.901,-1.56,-1.916,0.227,-0.928,-0.491,-0.636,0.445,1.121,0.37,0.506,0
-1.024,-2.075,-0.768,-0.317,-0.253,1.748,0.099,0.163,-3.024,1.049,0.578,0.133,-0.554,0.877,-0.882,-0.581,0.316,-0.206,-0.11,-0.852,-0.976,0.751,-0.939,-1.561,-0.88,-0.646,-0.35,0.743,0.796,0.586,1
-0.635,1.089,0.053,0.311,1.551,1.023,0.638,0.658,1.135,0.505,-0.053,-0.044,-1.647,0.782,0.091,0.557,0.437,0.481,-2.112,2.69,-0.86,-0.622,0.126,0.468,0.191,-0.587,0.007,0.129,-0.087,1.5,0
0.98,2.052,-0.475,0.578,2.398,-0.193,0.84,-2.264,-0.973,1.74,0.701,0.618,1.303,0.234,0.648,2.139,0.829,-0.372,0.582,0.679,-0.256,-0.409,-0.058,1.057,0.066,-1.104,0.462,-0.766,-1.415,1.274,1
0.182,-0.728,2.214,0.396,1.234,0.428,-0.98,0.378,1.74,0.538,0.113,0.528,0.846,-2.044,-0.913,-0.034,-0.953,-0.572,0.665,-1.081,-0.759,-0.724,-1.603,0.403,-0.88,-0.665,-2.042,0.639,0.682,-1.306,1
0.001,-0.638,-0.74,-0.511,-0.31,-0.014,-0.791,0.709,-0.277,0.975,0.839,0.027,-0.415,-0.215,1.685,0.402,0.5,0.799,-0.318,0.712,0.042,-0.7,-0.777,1.893,-0.862,1.989,0.45,-0.051,-2.696,0.986,1
0.076,-0.398,-0.158,-0.199,0.829,0.578,-0.549,-1.253,-0.055,-0.274,0.584,-0.435,-0.862,0.955,0.365,0.16,1.459,-0.383,0.845,0.659,2.232,-0.851,0.156,0.453,0.367,-0.322,1.669,-1.545,0.05,-0.676,1
-0.727,0.364,0.804,-0.425,0.904,0.76,-0.954,-1.612,0.223,0.446,0.697,0.35,-0.207,1.243,0.771,-2.075,-0.609,2.079,0.846,-1.043,-0.004,-1.171,1.696,-1.398,1.636,0.507,-0.792,0.257,-1.189,0.962,1
0.699,0.325,-0.215,0.428,0.039,-0.848,0.146,-1.68,0.124,-1.079,0.252,0.821,-0.021,0.161,-2.306,0.611,1.72,2.564,-0.413,-1.24,-0.653,0.198,-0.863,0.407,0.669,-0.712,-1.621,0.214,0.529,0.65,0
-3.11,0.546,-0.041,-0.557,0.844,-1.834,-1.264,0.433,0.811,-2.151,0.791,-1.822,-1.378,0.52,-1.776,0.533,0.107,0.005,-0.914,0.574,0.518,-0.06,-2.35,1.099,-0.89,-1.178,-0.533,-1.199,0.643,0.296,1
-1.878,-1.391,-1.003,-0.514,1.023,0.484,-0.131,0.321,-0.05,-0.05,1.812,0.566,-0.068,-0.213,0.695,-1.564,-0.983,0.995,0.417,1.219,-1.423,-0.582,-0.078,-0.789,0.228,-1.052,0.825,0.078,-0.997,1.621,1
0.315,0.631,-0.622,0.457,-2.206,-0.251,-1.079,1.026,1.493,-1.291,0.053,0.314,0.149,0.737,0.416,-0.162,0.418,-1.256,0.011,1.007,2.838,0.156,1.04,0.753,-0.614,-0.011,1.949,0.546,1.245,-0.499,0
0.866,-2.834,2.105,-0.33,-0.702,-0.048,-0.402,1.551,-0.672,2.135,1.695,0.163,0.476,-0.518,0.166,-0.7,0.604,-0.231,-0.709,-0.369,-0.756,-0.381,-1.626,0.25,-0.568,-0.389,-0.462,0.463,0.725,-0.017,1
-1.26,-0.005,1.174,0.149,0.328,0.891,0.368,-1.772,0.375,0.273,-0.494,0.639,1.409,0.06,0.241,0.036,0.568,0.006,0.824,-0.807,-0.849,-0.617,0.475,1.174,2.34,-1.039,-0.133,0.933,0.664,-0.732,0
-0.405,-1.099,-0.576,-0.794,1.458,0.263,-0.34,0.788,-0.45,0.604,2.08,-1.593,1.877,0.001,0.517,0.022,0.687,1.002,0.781,-0.322,-1.976,-0.514,0.699,-0.695,0.864,-1.383,0.335,1.94,0.0,-0.972,0
-0.348,-0.085,-0.692,1.824,-0.946,0.189,0.621,-0.389,1.401,-1.407,0.244,-0.191,-0.254,-1.448,0.201,-0.056,0.017,-0.189,-0.644,0.723,0.834,-0.411,0.773,-0.508,-0.227,-0.431,-0.846,3.322,0.238,-0.122,0
0.073,0.177,0.943,1.3,0.366,0.572,-0.101,0.222,-0.257,-1.405,-0.221,0.4,-1.032,-1.514,-0.2,0.422,-1.627,-0.037,-1.244,1.294,0.226,0.857,0.883,0.677,1.235,-0.68,-1.385,-0.1,-1.413,0.695,1
-0.308,-1.761,1.587,-0.001,1.606,-0.162,-0.722,1.5,-0.415,-0.944,-0.118,-0.065,-0.548,-0.422,0.043,-0.948,0.743,1.309,-0.336,-0.244,-1.538,-1.536,-0.341,1.515,-0.875,-0.506,-1.47,-1.514,1.573,-0.99,0
-0.145,-0.89,-0.023,-0.147,1.042,0.422,0.029,0.438,0.393,-0.094,-3.026,0.392,-0.022,-0.94,0.47,0.862,-1.076,-1.335,0.186,0.483,0.433,1.716,0.081,1.547,-0.47,-0.555,0.604,1.323,0.515,1.713,0
0.426,0.744,0.478,1.075,0.261,0.985,0.17,0.168,1.014,0.767,-0.748,1.334,-0.424,-2.013,0.927,-1.137,0.139,-0.915,0.539,-0.047,1.28,-0.484,-0.132,0.244,0.363,-1.707,-0.173,0.657,0.411,0.472,0
0.23,-0.361,-1.026,-0.79,0.626,-0.646,2.084,0.427,0.769,-0.215,1.075,-1.113,-0.107,-1.624,-1.334,-1.12,-0.406,0.467,0.037,-0.902,-0.357,1.371,1.015,0.664,-0.601,-0.176,0.217,-1.324,-0.104,2.917,1
-0.82,-0.529,-0.79,-0.333,0.833,0.396,-0.328,-0.81,-0.119,0.572,0.428,-0.278,0.21,-2.252,-0.084,-0.421,-0.642,0.147,-0.564,1.696,-0.104,-1.163,0.612,-0.183,-0.069,-0.28,-1.031,-1.067,0.614,0.462,0
0.443,0.67,1.135,0.34,0.301,-0.656,1.645,-0.266,0.747,0.806,-0.5,-1.238,0.242,-2.069,0.263,0.736,-0.511,1.699,-0.995,-0.864,0.03,-0.732,-1.023,-1.101,-0.349,1.436,1.4,-0.58,-0.126,0.352,1
-0.444,1.731,0.863,-0.541,-1.081,0.055,0.828,-0.071,-0.46,-0.919,0.957,0.058,0.424,-0.083,0.175,-1.449,0.098,0.79,-0.398,0.902,0.132,-0.172,-0.91,-0.058,-1.963,-0.031,-0.087,-0.985,-0.474,2.518,1
-1.028,-0.866,-0.465,0.769,-0.16,0.591,-0.455,-1.513,-1.457,0.783,0.955,-1.48,-1.292,0.592,-0.274,-0.167,-0.319,-0.802,0.254,-0.11,1.205,-0.851,-0.739,1.096,2.722,0.031,0.485,-0.511,-0.436,-1.532,1
1.676,-1.468,0.812,-1.64,0.387,0.302,2.294,1.122,-0.031,-0.651,-0.826,-1.163,-0.431,-0.733,-0.652,-1.221,1.617,0.22,0.362,-0.935,-0.348,0.146,-1.869,-0.207,-0.24,-0.848,-2.128,-1.011,-0.398,1.155,0
-0.069,1.003,-0.888,0.944,-0.271,-0.568,0.857,-1.644,-0.266,-1.002,0.533,0.116,0.933,0.564,-1.379,0.098,-1.581,-0.738,2.434,-1.827,0.784,2.101,0.699,-0.127,-0.417,0.312,1.717,1.537,-1.729,-1.435,0
-0.087,-1.138,-1.158,-0.884,1.987,-0.565,0.709,-0.238,-1.425,1.686,-1.107,-1.06,-0.9,0.478,-0.874,-0.711,0.65,-0.437,-0.054,1.661,-0.621,1.507,-0.228,-0.307,0.34,0.825,0.07,0.142,-1.236,-0.261,1
-0.127,0.105,0.836,-1.061,0.259,-0.239,1.258,1.244,-0.359,0.232,-1.195,-0.691,1.055,-0.39,-0.27,0.365,0.379,0.611,0.306,0.914,-0.125,0.074,-0.137,-0.006,1.282,1.09,-0.023,0.587,-0.071,-0.631,0
-1.381,0.534,-0.771,-0.514,-0.694,-1.504,-1.239,0.436,0.301,0.123,-0.259,1.897,0.287,0.753,0.978,-0.819,0.258,-1.613,-0.604,0.607,-1.278,-0.088,0.693,-3.076,-0.46,0.0,2.224,-0.191,2.139,-0.52,1
-0.752,-2.217,-0.521,-0.31,0.012,-0.9,0.81,-0.902,0.821,-1.217,-0.464,3.078,0.858,-1.5,0.47,-0.271,-1.733,-0.252,1.679,-0.835,0.978,0.776,-1.259,0.952,0.924,-0.376,2.262,-0.969,-0.795,-0.403,0
-0.065,-1.438,0.856,0.146,0.471,-2.242,-0.364,-1.855,-0.679,-0.409,0.289,-0.896,-2.413,-0.194,1.013,0.531,-0.877,0.698,-0.727,-1.209,-0.456,-0.797,-1.372,1.336,0.396,1.309,1.714,0.908,-0.009,-0.769,0
-0.303,0.854,0.283,0.997,1.561,0.341,0.696,-0.906,1.572,0.283,-0.447,-0.369,0.811,1.438,0.718,0.682,0.495,-0.039,-1.306,0.263,-0.311,-2.725,-0.528,0.991,-0.614,0.449,-1.274,0.279,-0.608,-0.154,1
0.616,-0.305,0.67,-0.825,1.713,1.573,-0.967,2.367,1.891,-1.261,0.56,-0.127,0.247,-0.232,0.735,2.536,0.805,1.677,0.898,-1.397,0.967,-0.494,-1.387,-0.842,0.359,1.545,-0.058,0.354,0.577,-0.167,0
0.446,0.643,-1.375,0.0,1.116,0.73,-1.149,0.268,-0.532,0.407,0.277,0.699,-2.139,0.253,-0.159,1.74,2.231,-2.182,-0.413,-1.224,-0.632,-1.304,-0.775,-0.061,0.628,1.1,-1.197,0.777,-2.154,-0.112,0
-0.003,-1.414,-0.596,-0.1,-0.206,0.161,-0.01,0.565,0.271,-0.426,0.415,-1.122,-0.224,1.347,0.091,-1.315,-0.206,1.541,-0.941,0.934,-1.304,0.346,1.317,0.269,0.311,1.022,1.071,-0.831,-0.188,-0.889,0
0.132,-0.994,-0.371,-0.168,-1.572,0.199,-1.881,1.005,-1.793,0.958,-0.039,-0.908,-0.26,0.077,2.035,-0.32,1.606,-0.066,0.344,0.224,-0.438,1.327,-0.734,2.592,-1.601,-0.541,-0.229,1.424,1.112,-1.016,1
-0.094,1.672,0.006,0.03,1.547,-0.587,0.223,-0.017,-0.989,-0.184,-0.147,-0.412,0.068,0.74,-0.395,0.0,0.5,-4.084,-1.14,-0.742,-0.147,1.045,1.532,-1.037,-1.101,-0.286,-0.451,-0.059,0.53,0.582,1
-1.417,1.656,1.207,0.956,0.266,-0.299,-0.053,0.603,1.547,-0.659,-0.015,0.156,0.684,1.928,-0.584,-0.555,0.558,-0.221,0.644,-1.645,-0.637,-3.086,1.069,1.406,-0.05,-0.04,0.253,1.012,-0.889,-0.494,0
0.984,-0.736,-0.124,0.588,-0.093,1.181,-0.583,-0.184,-1.314,-0.324,0.755,0.117,0.955,0.74,-0.292,-0.146,-0.648,0.921,-2.022,1.028,0.217,0.598,1.422,-1.85,-0.185,0.624,-0.769,0.305,-0.066,0.444,0
0.385,-0.29,1.82,-0.054,-0.085,0.177,0.008,-0.781,-1.655,-0.277,0.186,-0.772,0.17,0.058,-0.991,-0.773,1.727,0.232,0.821,0.319,-0.517,-0.387,-0.082,-1.186,-1.318,1.288,-0.054,-0.435,-0.385,0.448,1
1.784,0.764,0.972,-0.007,0.958,0.537,0.778,1.153,1.069,-0.269,0.279,-0.042,-0.139,0.357,-0.568,-2.74,-0.077,0.207,-0.563,-0.24,-0.257,-0.148,-0.644,0.472,1.437,0.494,1.828,1.045,0.195,0.643,1
-0.194,1.264,-0.613,0.665,0.467,0.269,-0.762,-0.504,1.657,0.895,0.182,-0.828,-0.184,1.445,1.559,-0.709,1.016,-0.173,0.759,-1.436,-1.209,0.107,-0.148,-0.484,0.043,0.162,-1.724,-0.522,0.741,1.533,0
1.715,-0.614,0.537,-1.246,1.145,0.371,0.014,2.664,-1.334,0.438,-2.071,-0.051,-0.109,0.61,-0.212,1.714,-0.524,-0.174,0.548,-0.761,-0.413,0.924,-0.324,-0.647,-0.224,-1.295,-1.288,0.493,-0.718,-0.488,1
-0.61,-0.756,-1.512,0.087,0.424,-1.333,0.395,0.534,-0.321,0.606,1.411,-0.112,1.371,-0.398,-0.124,-1.668,2.229,1.672,-0.244,0.267,0.537,-0.453,-0.094,0.309,-2.12,-0.46,-0.648,-0.733,-0.023,0.935,0
0.981,-1.25,1.057,-0.027,-0.684,-1.147,0.736,1.235,-0.358,-1.175,2.219,-0.82,-0.149,-0.416,1.574,-1.169,-0.406,0.336,-1.866,0.636,2.299,0.484,0.416,-0.242,-0.523,-0.978,0.667,2.639,1.03,-0.703,1
1.634,-0.518,0.565,-2.025,0.084,0.326,1.479,-0.451,-0.24,0.275,-0.345,0.058,0.039,-0.325,-0.593,-0.082,-0.631,0.391,1.861,0.871,0.574,-0.149,1.264,-0.935,-0.048,-0.665,-1.453,-0.306,0.115,0.51,1
-0.164,1.507,0.758,-0.495,-0.659,-0.633,1.646,-0.555,0.63,-1.138,0.028,-0.175,0.641,0.808,0.985,-0.421,1.982,1.144,0.487,0.626,1.112,1.2,1.589,-0.634,-0.996,-1.68,-0.141,-0.806,-1.57,0.792,1
-0.751,2.016,1.539,0.085,-1.186,0.37,-0.492,2.657,-1.532,-0.901,-1.576,-1.261,1.26,0.848,0.791,0.923,1.573,0.879,-1.297,0.535,0.544,0.534,0.415,0.853,-0.685,-0.237,0.157,-1.647,-0.241,0.856,1
0.988,-1.067,0.04,-0.54,1.032,-0.277,-1.264,-0.204,-0.896,0.026,0.702,-0.069,-0.541,1.478,1.413,-1.754,-0.432,-0.372,-0.06,0.184,1.097,-0.543,1.154,1.804,0.542,-0.061,-1.294,0.426,1.43,0.05,1
0.349,-0.644,0.237,0.374,0.448,-2.693,0.971,-0.235,-1.063,-1.749,0.402,0.714,-0.048,-0.49,-1.239,-2.635,-0.855,0.034,1.523,0.276,0.563,-0.699,0.071,-0.794,-1.593,-1.226,-0.471,1.363,0.82,0.185,0
-0.702,-0.341,-0.656,1.098,-0.548,-0.024,0.014,0.025,-2.784,-0.435,0.941,1.436,-1.225,1.092,-0.334,-0.399,0.049,0.208,0.563,0.717,0.004,-1.455,-0.648,0.248,0.281,-0.485,-0.193,-0.127,-0.023,0.057,0
-2.384,-1.003,-0.921,-0.653,0.056,0.259,1.245,0.863,0.958,-1.628,-0.606,1.183,0.343,-0.391,0.183,-0.76,-0.295,-0.3,0.196,-1.934,1.113,-0.727,0.729,-1.1,-0.654,-0.176,1.253,0.455,-0.209,1.686,0
-0.022,0.87,-1.033,-1.368,1.43,0.125,-0.876,-0.532,0.56,-0.917,-0.222,-1.503,-1.551,1.852,-0.98,1.407,-1.6,1.211,1.544,-2.107,0.84,1.193,-0.292,0.472,-1.078,-1.832,-0.367,0.859,0.578,-1.008,1
-0.401,0.749,-0.071,0.492,-0.773,-0.118,0.994,0.191,-0.462,1.816,1.918,1.621,-0.051,-0.063,-0.457,1.894,2.454,-0.748,-1.428,2.694,-2.076,-0.653,0.142,0.65,0.857,-1.177,-0.392,-0.508,-0.399,-1.814,1
1.269,-1.57,-0.05,-0.253,-0.027,0.422,0.941,0.228,0.725,-0.139,-0.24,-0.768,0.912,-0.68,0.392,-0.891,0.375,0.151,1.179,0.369,-2.675,0.256,-0.065,-1.405,-1.962,-0.609,-2.515,0.602,-0.833,0.701,0
-1.129,0.175,0.966,1.893,1.212,1.412,-0.819,-3.095,0.062,-0.509,0.761,0.102,1.249,-0.074,1.684,1.264,-1.308,0.694,0.881,0.719,0.049,-0.187,0.563,-0.554,-2.533,0.191,1.505,0.786,-1.077,-2.563,1
-0.371,-1.447,0.085,0.082,-1.384,0.49,-1.466,0.85,0.201,-1.375,-0.819,-0.328,-1.463,1.357,-1.871,-0.764,-0.217,0.041,-1.831,-0.482,-0.912,-0.212,-0.482,-0.974,-0.477,-3.134,-1.008,0.002,-0.314,1.033,0
0.301,0.532,0.957,1.541,-1.059,-1.484,-1.112,-1.61,-2.17,-0.058,-0.212,-0.502,0.301,-0.548,-1.485,1.14,-1.762,0.534,0.477,0.846,0.168,1.058,-0.113,-0.062,1.758,-0.245,0.701,-1.32,0.292,1.348,0
0.485,-0.571,0.825,0.253,-0.365,0.182,0.523,0.378,0.955,-1.535,0.919,-0.572,1.642,0.932,-1.1,-2.288,-0.033,-0.925,0.829,-0.464,-0.533,1.029,-0.016,0.358,0.847,0.959,1.243,0.263,-0.793,-0.504,0
0.436,-0.398,-0.948,0.67,-0.499,0.321,-1.753,0.111,-0.847,0.771,0.689,2.119,-1.124,-0.358,0.963,-0.666,-0.241,-0.771,-0.187,1.595,0.985,-0.701,-0.202,-0.515,-1.153,0.031,0.616,-0.233,-0.537,0.191,1
1.413,-0.105,-0.158,0.927,-0.798,-1.3,2.086,-0.401,-0.066,-1.03,-2.351,-2.49,1.188,0.139,0.921,0.564,-1.285,0.659,0.226,0.389,1.696,-0.425,0.025,-0.113,0.041,0.547,-0.974,2.362,-0.755,0.34,0
-0.21,1.205,1.434,0.568,-0.745,0.769,-2.229,-0.56,0.337,-1.005,-0.514,-0.282,-0.462,-1.061,1.356,-1.226,-1.073,-0.95,-0.986,0.069,-1.363,0.243,-0.99,-0.097,-0.883,-1.978,1.132,0.484,1.73,-0.319,0
-1.563,-1.419,0.135,1.752,0.372,-0.692,0.252,-0.176,-0.554,-1.389,0.526,-0.53,1.615,-1.233,2.081,-0.689,-0.935,0.273,-0.639,0.927,1.037,-1.068,-2.101,1.076,-0.313,0.388,0.772,-0.016,0.258,1.153,0
-0.312,0.74,0.243,1.559,-0.68,-0.598,-1.29,1.057,-0.918,0.979,-0.006,-0.939,-0.127,0.669,-0.819,-0.612,-0.453,-0.19,-0.045,0.544,1.309,-0.991,0.397,0.004,-1.527,-1.175,-0.771,0.844,-0.278,-1.061,1
0.022,0.474,-0.121,-0.287,1.324,1.017,-1.047,0.378,-0.045,-1.094,0.141,-0.049,0.492,0.336,1.472,-1.033,-2.436,0.324,0.337,-0.728,2.16,-1.097,-0.113,1.349,0.265,0.773,-0.746,0.679,0.092,0.25,0
1.229,0.245,-0.271,-0.472,-0.233,0.667,1.434,0.866,2.197,-0.817,0.854,2.058,-1.701,0.255,0.935,-0.445,-0.608,-0.834,0.98,-0.378,0.839,-1.796,-0.099,-0.821,0.241,0.286,-0.29,0.895,-0.653,0.935,0
-0.055,0.848,1.207,-1.232,-0.284,0.638,-0.14,1.545,-0.526,2.078,-0.453,-0.004,-0.825,-0.977,-0.216,0.276,-1.861,2.575,2.537,-0.379,0.974,1.176,0.863,0.598,0.56,-0.138,2.634,-1.866,-0.755,2.955,1
0.097,1.558,2.981,-0.357,-0.926,-0.617,2.88,0.598,-1.438,0.593,1.509,-1.871,1.211,0.147,-0.272,0.122,-0.266,-0.383,-0.935,-0.079,-0.517,0.686,-0.978,-0.061,0.283,0.421,1.475,0.763,-0.774,-0.426,0
0.704,-0.344,-0.919,-0.44,0.184,0.222,-0.026,-0.82,0.507,-0.18,1.939,0.819,1.667,-1.51,0.536,-0.406,-0.298,1.115,0.862,-0.813,0.038,0.204,-1.016,-0.728,0.107,0.188,-0.001,-1.276,-0.371,-1.116,0
0.405,-0.674,1.345,-1.092,-0.93,-2.113,1.931,-0.126,-0.522,1.717,-1.145,-0.797,-0.174,-0.072,0.715,2.502,0.559,-0.083,-0.331,-1.06,-0.196,0.535,2.13,0.757,0.639,0.447,0.992,-0.136,0.122,1.896,0
0.858,-0.862,0.81,1.186,0.709,-1.715,0.896,-0.019,0.489,-1.577,-0.088,0.836,-1.521,-0.897,0.005,0.852,-0.547,1.202,-0.103,-0.593,0.867,1.779,1.177,0.074,0.349,-0.411,-1.942,1.282,-2.449,0.426,1
-1.783,0.506,1.069,0.223,1.134,-0.777,-1.597,0.684,-1.049,0.209,0.138,-2.398,1.338,-0.333,0.426,0.661,1.583,0.411,0.043,1.278,-1.966,-1.132,1.736,-1.239,0.836,0.105,-0.564,-0.75,2.442,0.386,1
-2.453,0.703,-0.221,-0.514,-2.849,0.336,-0.465,1.055,0.362,0.83,-0.501,0.876,0.349,-0.641,1.446,-0.307,0.998,-0.008,-1.489,0.229,-0.303,-1.006,0.039,0.43,-1.099,-1.917,1.744,-0.831,-0.16,-0.683,1
-1.022,0.068,0.148,-0.144,-1.044,0.664,-0.346,-1.313,1.425,-0.131,0.369,-0.483,-1.103,0.879,1.168,-1.478,1.948,-0.297,1.571,-0.338,0.999,-0.47,-0.836,0.343,-1.79,-0.633,0.256,0.381,0.301,-0.145,0
-1.205,0.772,0.625,0.889,-0.704,-0.67,0.646,-1.027,0.682,-1.076,0.753,0.024,-0.566,-0.069,-0.666,0.206,-0.945,-1.833,-0.532,-0.366,0.138,0.395,-1.463,1.507,-0.505,-1.016,-1.808,0.574,0.145,-0.273,0
0.662,-1.172,-0.52,1.909,0.567,1.99,1.861,-0.361,-0.282,-0.804,0.796,1.301,1.276,0.839,0.354,0.322,-1.954,-2.113,0.011,0.202,0.65,0.648,-1.818,-0.731,1.654,-0.359,-1.8,-1.521,1.069,-1.616,1
0.422,-0.286,-0.652,-1.003,1.004,0.544,0.09,-0.53,-0.736,1.285,1.157,-0.368,0.83,2.056,0.07,-0.002,1.464,2.645,-0.418,0.457,1.067,1.041,1.232,-0.135,1.937,0.11,-0.759,-0.538,-0.641,-0.737,1
0.293,0.261,1.012,-2.109,0.188,1.354,1.38,-0.231,1.054,-1.828,-1.88,0.221,0.321,0.125,1.562,0.562,-0.897,-0.087,-0.84,-0.279,0.509,-0.929,0.27,0.145,0.624,-1.476,0.442,-0.158,1.063,-0.903,1
-1.988,0.17,-1.342,0.077,-0.791,-1.426,-0.136,-0.583,-0.309,0.167,-0.138,-1.58,-0.19,-0.564,-1.87,-0.14,-0.674,-0.386,1.531,0.082,0.294,0.092,0.52,-0.241,-0.679,-1.857,-0.909,-0.431,0.495,0.914,1
-0.97,-0.219,-1.569,-1.044,-1.744,1.313,0.884,-1.672,0.288,1.382,-1.173,1.244,-0.798,-0.136,-1.1,1.054,-1.077,0.041,-0.796,1.138,0.517,-0.516,0.172,-0.053,0.838,-0.106,0.73,0.39,-0.251,-0.141,1
0.82,-1.488,0.99,-0.175,-2.024,0.869,0.015,-0.356,0.881,-0.352,0.019,0.056,0.058,0.39,-0.247,0.244,-0.461,0.713,-2.2,-1.393,-0.978,1.0,-0.059,1.199,-0.599,0.544,-0.155,-0.474,-1.013,0.959,1
-0.402,0.354,-0.947,0.369,0.965,-0.229,0.279,1.162,0.382,0.237,0.294,0.915,-0.014,-0.695,-0.168,0.885,-0.171,-0.861,-1.353,0.639,0.528,-0.296,0.291,0.757,1.77,-0.077,-0.384,0.639,-0.122,1.513,1
1.147,-1.677,1.038,0.939,-1.111,-0.538,0.454,-0.385,-0.854,-0.379,1.034,-0.377,0.994,-0.781,-0.715,-0.332,-0.449,-0.223,0.324,-0.801,-0.398,-1.282,-0.596,-0.939,0.422,0.843,1.327,0.645,0.649,-0.89,1
-1.247,0.346,-0.114,0.725,-0.295,0.156,-1.449,0.048,-0.673,0.658,-2.666,-0.968,0.512,0.846,0.948,-2.736,-1.223,1.253,-0.352,0.89,-0.786,-1.75,0.306,0.679,-2.411,0.602,-1.476,1.363,-1.0,-1.449,0
-2.062,-0.573,-0.648,-1.978,0.563,-1.123,-0.79,0.456,-1.009,0.863,1.224,-1.18,0.998,-0.477,-2.066,-1.368,-0.97,-0.589,-1.259,-1.147,1.374,0.329,0.099,-0.47,1.061,1.472,0.391,-0.383,-0.506,1.932,1
-0.896,-0.229,-0.209,0.588,0.394,0.897,-0.741,0.553,-0.727,-1.144,-0.186,1.229,0.841,-0.43,0.05,-0.255,0.792,-0.423,-0.188,-0.729,0.064,0.027,-1.254,0.02,-0.407,1.524,0.688,-0.647,0.688,-1.362,0
-0.421,-0.112,0.726,-0.389,0.438,1.331,-0.826,-0.037,1.095,-0.113,1.36,-0.344,2.483,-0.832,-1.071,-0.928,-0.719,0.023,-0.042,-0.12,0.72,-0.143,-1.567,-0.001,-0.347,-0.359,-0.182,0.17,-1.307,-0.845,0
-2.01,1.167,-0.227,0.12,-0.2,-1.294,0.169,-0.144,-0.036,-0.17,-0.009,0.961,1.633,-0.153,-0.804,1.098,0.377,1.832,-1.529,-0.294,0.94,-0.084,-0.503,0.45,-0.494,-0.197,0.367,1.29,-0.377,-1.277,0
2.058,0.283,2.312,0.399,-0.051,0.753,-0.732,-1.602,0.733,1.621,-0.475,-1.14,0.205,0.875,0.955,0.867,0.019,-1.392,-0.81,1.329,1.038,0.266,1.343,-0.316,-0.016,0.657,0.557,1.294,-0.291,-0.733,1
-0.152,0.877,-0.942,0.846,-0.722,1.477,0.656,-1.423,1.275,-0.276,-0.269,1.431,1.637,0.911,-0.522,1.908,-1.754,0.365,0.179,0.085,1.037,-0.596,0.365,3.242,1.345,0.511,-0.931,0.509,-1.04,0.013,0
-0.664,-0.553,0.066,-0.372,1.222,-1.007,0.605,0.865,-0.051,0.924,0.81,0.82,0.29,2.13,0.552,0.176,-0.704,-0.166,-1.604,0.456,-0.338,-1.088,0.195,0.874,1.849,0.303,0.966,0.106,0.796,-0.559,1
1.086,-0.194,0.737,0.271,-0.509,2.324,-0.802,-0.185,0.231,-1.827,-0.205,-0.22,-1.685,2.089,0.976,-0.193,-0.461,0.01,-1.134,-0.291,0.059,-0.018,-0.145,1.368,0.362,-0.764,-0.33,0.192,0.557,-0.289,0
0.586,1.226,0.325,-0.56,-3.064,0.619,-1.645,-0.131,-0.107,-0.042,1.424,-1.265,0.21,0.371,0.799,-0.532,2.336,-0.257,0.339,-0.388,0.441,0.812,1.556,-0.474,0.507,-0.347,-0.106,-0.914,-1.619,1.054,1
0.741,-0.041,-1.604,0.89,-0.63,0.256,-0.664,0.936,0.164,0.891,0.008,-0.028,0.578,1.085,-1.547,-1.038,1.139,0.195,-2.024,0.761,-1.445,0.581,0.433,-0.353,-0.176,-0.499,-0.03,-0.578,1.128,0.066,0
0.255,-0.273,-0.638,0.439,-0.77,0.059,-2.116,-0.021,2.8,-0.073,0.722,0.575,-0.038,0.866,-0.58,-0.119,0.617,0.298,-0.062,0.053,1.59,0.398,1.702,-0.947,-0.515,-0.681,0.59,-0.677,0.224,-0.457,0
0.184,0.528,-1.282,-0.993,0.337,0.988,0.322,1.466,-0.844,-1.905,-0.112,-0.527,-2.02,0.754,0.42,-0.747,-0.696,1.219,-0.846,0.677,1.188,0.949,-1.071,0.189,-0.293,0.159,-0.363,0.119,0.249,0.305,1
-0.564,0.449,-2.743,0.415,0.36,0.644,-1.599,-1.802,-0.61,-0.283,-2.395,-0.166,-1.506,0.252,-0.22,1.692,0.526,0.714,-0.702,-0.736,0.229,0.838,-1.518,-1.888,1.346,1.042,-1.019,-1.568,0.944,0.292,1
-1.951,-0.568,0.33,1.827,-1.286,1.339,0.042,-0.031,2.42,-1.0,-0.336,-1.993,1.202,-0.588,-0.709,1.11,-1.118,0.575,0.658,0.763,0.568,0.235,-0.251,-0.231,-1.398,0.601,-0.137,1.371,0.528,-0.51,1
1.451,0.918,-1.54,-0.602,1.335,1.092,0.055,-0.35,-1.679,0.23,-2.309,-1.061,-0.324,0.427,2.012,0.86,-0.951,0.256,0.722,-0.788,0.37,-0.334,0.556,-1.284,-0.522,1.253,-1.431,0.007,-0.927,0.565,1
-2.092,0.484,-0.689,0.82,-0.489,0.376,-0.047,0.056,-0.782,-1.669,0.002,0.482,0.751,1.039,1.55,-0.377,-0.081,-1.12,-0.384,-0.086,0.481,-0.244,-1.594,1.255,0.901,-1.088,0.418,-0.092,-1.291,0.087,0
-0.625,-2.383,-0.734,-0.603,-1.102,-0.831,1.079,-0.599,0.273,-2.237,-0.433,0.481,0.861,-0.456,0.636,-0.083,-1.742,1.543,0.031,-0.06,-0.841,0.226,-1.511,0.669,2.36,-0.841,-1.169,0.864,-1.743,0.443,1
1.106,0.035,0.69,-0.341,0.083,0.732,0.718,1.723,-0.981,-0.248,1.345,1.223,-1.31,-0.222,-0.994,-1.225,-0.571,-1.715,1.972,1.591,-0.211,-0.311,0.239,0.641,0.287,0.434,0.177,0.116,-0.482,-1.092,0
-1.856,-1.173,-1.979,-0.537,0.677,1.622,1.648,0.886,0.442,0.063,-0.718,-0.463,-0.933,-0.588,-0.325,1.77,0.979,-1.901,0.092,0.005,-1.625,-0.44,-0.161,0.503,0.397,2.133,1.414,0.612,0.083,-0.297,0
-1.325,0.14,-0.051,0.131,-0.815,0.307,-1.738,-0.119,0.192,2.063,-1.278,1.229,1.808,-0.009,-0.168,0.931,-1.514,-0.678,-0.051,1.214,1.234,2.361,-1.505,0.249,1.74,-0.886,-0.633,0.216,-1.542,0.925,1
-1.107,1.617,1.449,-1.303,-1.479,0.582,0.306,0.414,-0.447,0.005,0.124,-1.389,-0.849,-0.467,-0.528,0.279,-0.682,0.522,0.578,-0.709,-1.299,-0.089,1.464,-1.042,-1.703,0.902,-0.106,0.89,1.383,0.465,1
0.61,-0.536,0.255,0.819,-1.19,0.248,-1.417,0.077,-1.371,0.651,0.261,0.505,0.172,0.074,0.634,-0.39,1.029,-1.555,-0.624,0.33,-1.173,1.74,-0.376,0.482,-0.493,-0.68,-0.751,-0.052,2.445,-0.728,1
-0.321,-1.102,0.767,-0.951,1.582,-0.341,-0.587,-2.116,1.025,-0.223,-1.278,-0.128,1.92,0.845,2.147,0.734,1.119,0.011,0.029,0.171,0.917,-0.681,-2.006,-0.663,0.561,0.462,-0.145,1.731,-0.526,-3.053,1
1.405,0.632,0.13,-0.795,-0.03,1.57,-0.89,0.715,0.693,-0.17,-0.136,-0.74,0.036,-0.945,-1.218,2.942,-0.118,-0.281,1.296,-2.079,0.77,-0.453,-0.013,-1.512,-1.409,-0.086,-0.025,-0.241,-0.894,-0.605,1
-0.848,0.858,1.616,0.551,1.505,-0.422,0.129,0.754,-0.757,1.307,0.093,-1.369,0.489,1.565,1.16,0.133,-0.245,-1.634,0.525,-0.374,-0.803,0.701,0.702,-0.759,0.001,0.965,-1.433,-1.008,-1.602,-0.204,1
-0.227,-1.84,-0.104,1.978,1.012,0.716,0.767,0.609,0.48,0.187,-0.232,-0.598,0.179,1.452,0.189,0.701,-1.159,0.234,1.616,0.019,-0.888,-0.67,-1.211,0.534,-0.102,-0.617,-0.828,-0.637,-0.281,-0.026,0
-1.09,1.141,0.869,0.367,0.461,-0.678,0.622,-1.051,-0.684,-0.858,1.118,-1.757,0.369,-0.672,-0.853,1.255,0.43,0.014,-1.087,-0.492,-0.144,-1.03,0.968,0.476,0.717,-2.21,0.109,-0.374,0.095,-0.933,1
-1.033,0.508,-0.237,2.085,-0.194,0.681,1.455,-2.966,-0.219,-1.492,-0.595,2.383,-0.068,-0.911,-0.602,0.681,-0.872,-0.082,-0.559,-0.299,-0.056,0.777,0.216,0.295,0.763,-1.502,-1.582,1.698,-0.049,-0.208,1
-0.124,1.327,0.727,2.232,0.554,-1.623,-1.199,0.433,0.488,-1.163,-1.522,-0.148,-0.222,-1.998,-0.94,0.136,-0.588,0.942,1.112,1.552,-1.271,-0.767,-0.839,1.333,-0.063,-0.227,1.156,-3.156,-0.194,1.119,0
0.407,-0.896,0.88,1.22,-1.475,-0.101,-0.022,-2.23,1.732,0.282,0.619,1.839,0.664,1.161,0.771,1.267,-1.397,-1.703,0.067,-0.087,-0.819,-1.006,-0.655,-1.42,0.174,1.587,0.905,0.903,-0.534,0.694,0
-2.36,0.568,-2.563,-0.176,-1.406,0.175,-0.783,0.344,-0.1,-0.017,0.902,-0.286,0.34,-0.766,-0.49,-0.324,0.499,-2.241,-1.562,0.474,0.441,0.346,-0.315,0.003,-0.56,0.098,-1.385,0.954,-0.485,-0.122,1
0.952,-0.746,0.294,-0.951,0.015,-1.405,-1.697,0.039,-0.386,0.979,-0.522,-0.336,0.684,0.006,-2.024,0.135,-0.144,0.983,0.408,-0.37,-0.196,-0.241,-0.631,-1.178,-0.54,1.614,-1.029,-1.593,-2.253,-1.617,1
-0.334,0.41,0.04,-0.004,-1.464,-0.962,-0.532,0.782,-0.527,1.131,0.812,0.121,0.584,-0.688,-0.465,0.534,0.806,-2.827,-0.377,1.165,0.042,1.056,0.167,0.714,-0.019,-0.436,-0.569,-0.671,-0.821,-0.258,1
-1.296,-0.04,1.371,-1.0,-0.381,-0.714,0.155,0.517,0.129,-0.697,-1.135,-0.524,-1.074,0.631,0.272,0.176,-0.802,1.83,-2.141,0.599,-0.211,-1.374,1.644,0.656,-0.424,-1.243,0.15,0.313,0.616,-1.37,1
0.311,-0.979,-0.282,1.54,0.319,-0.651,0.836,0.688,-1.305,-0.006,0.902,-0.191,0.156,-1.521,-0.195,1.418,-1.411,1.752,-0.415,-0.099,0.608,-0.168,-2.093,-1.089,0.256,-0.699,0.185,-0.266,-0.025,1.157,0
0.215,-0.146,0.613,0.941,0.409,-1.399,0.918,1.488,2.415,2.011,-0.556,-1.324,-0.934,-2.716,0.242,2.121,0.084,2.121,2.111,-0.917,-1.484,1.227,0.293,1.352,0.066,-1.942,0.524,1.227,-0.704,0.28,1
-0.066,-1.051,0.94,-0.969,0.775,0.029,2.024,1.072,-0.293,0.015,-0.895,0.957,-0.183,-1.297,-0.421,0.712,-0.378,-0.224,0.306,-0.764,-0.104,-0.496,-1.471,1.276,1.588,0.21,0.73,1.527,0.127,2.082,1
-0.321,-1.973,-0.61,0.527,2.234,-1.269,1.146,-0.049,0.88,0.357,-0.438,0.088,-0.839,0.221,1.188,0.801,1.502,-0.815,0.404,1.608,-0.661,-1.424,-1.183,0.863,0.773,-0.069,-0.453,0.6,1.39,-1.286,0
1.842,-1.801,-0.121,-0.989,1.218,0.767,-1.045,0.798,0.072,0.601,-1.031,-0.37,0.69,-0.979,-0.171,-0.421,-0.382,1.431,0.738,0.147,0.296,-1.027,0.08,1.099,-2.565,-0.529,-1.506,-0.358,0.258,-0.819,1
0.376,0.249,1.788,-0.546,0.622,-0.605,-1.846,-0.511,1.682,0.705,1.888,-0.002,1.594,0.958,1.157,-0.132,-0.096,-1.014,0.023,0.088,0.372,2.337,-1.038,1.357,-0.585,1.953,1.081,1.176,0.587,0.151,1
0.152,1.178,0.966,-1.941,1.778,-1.189,-0.258,0.616,0.278,-1.554,0.846,0.446,1.453,0.137,-0.21,1.157,-0.645,-0.019,-0.488,-0.288,-0.671,-0.495,-0.594,1.341,-0.449,0.869,0.655,0.545,0.363,-0.144,0
1.203,1.696,-1.009,-1.696,-0.505,-0.202,0.082,0.15,-1.007,0.913,-0.789,-1.765,1.135,1.465,-1.555,2.022,-0.379,0.853,1.008,-0.046,0.445,-0.359,1.277,0.196,-0.859,-0.216,0.019,-0.165,0.364,-0.616,1
-0.757,0.333,-0.037,0.145,-1.552,-0.457,-1.139,-0.988,0.019,0.704,1.165,2.234,-1.378,-0.723,0.449,-0.532,0.269,-0.412,1.185,-0.952,-0.199,0.514,-2.608,-0.07,0.785,0.039,-1.424,1.838,-0.214,0.607,1
-0.399,0.709,-0.887,0.49,-1.076,-1.023,0.455,-0.075,0.545,-0.82,-0.341,0.236,0.326,1.95,-0.234,0.532,0.402,-2.035,-1.921,1.138,-0.072,0.504,-0.735,0.416,0.909,0.494,0.608,-0.253,-1.025,-0.417,0
-1.024,-1.461,-0.269,-0.583,0.507,-0.127,0.399,0.897,-0.031,1.7,-0.898,-1.332,-0.866,1.535,0.953,0.386,-0.948,-1.146,0.964,-0.728,-1.011,0.059,0.579,-0.342,1.315,0.624,-0.029,1.487,-0.927,1.828,1
-0.921,0.048,2.211,-0.491,0.864,-0.227,0.782,-1.614,0.389,2.662,-2.3,-1.363,-0.184,0.453,0.218,2.388,0.506,1.374,0.197,-0.068,1.491,-0.044,0.383,0.357,-0.467,1.602,-0.176,0.169,-0.526,-1.299,0
-0.324,-0.977,-0.922,1.385,1.039,0.194,-1.086,-0.134,0.967,-0.759,0.023,0.591,1.223,0.763,-2.029,0.758,-1.103,2.222,0.857,-0.245,0.283,-1.886,0.521,-1.163,-1.33,0.567,-2.669,0.482,0.638,1.106,0
-1.678,1.813,1.499,-0.142,-0.729,-0.242,0.904,0.584,-0.679,-0.08,0.366,0.383,0.122,-0.258,0.667,0.126,0.723,0.381,-0.526,-1.57,0.444,-1.178,0.473,1.757,0.095,-1.17,-0.754,-1.076,0.675,0.201,0
-0.192,0.715,0.221,1.468,0.693,0.153,-0.354,-1.17,1.699,-1.455,-0.081,-0.974,0.391,0.858,-0.233,0.257,0.513,-0.324,0.572,0.187,-0.573,0.615,-0.097,1.253,0.284,-0.672,2.452,1.186,0.38,-0.432,0
0.392,-0.406,-1.911,-0.7,0.396,0.169,-0.008,-0.529,-0.183,-1.228,-0.569,0.746,0.783,0.286,0.411,0.407,-1.284,1.445,0.345,-1.036,1.954,-1.464,0.35,0.051,0.495,0.128,-0.481,0.222,-0.512,-1.056,0
0.187,0.145,0.343,-1.467,-0.931,0.885,0.959,-1.415,-0.463,-0.207,0.527,-1.037,-0.258,-0.867,1.018,1.117,-1.051,0.301,1.577,-0.081,0.818,0.394,1.665,-0.237,0.437,-1.496,1.589,1.432,0.164,1.758,0
-1.064,-0.765,0.073,0.544,2.289,0.798,-0.858,1.69,1.046,0.073,0.403,1.932,1.884,0.257,-0.597,0.694,1.975,0.662,0.353,0.766,1.909,-0.001,-1.84,0.012,-1.1,-1.241,-0.995,0.428,-2.457,-0.549,0
0.286,-0.637,-1.621,0.391,1.265,0.306,-1.52,0.178,-1.632,0.066,0.3,1.63,0.666,0.363,-1.082,-1.072,-0.473,-0.097,-2.167,1.547,0.332,-0.361,-2.249,-0.825,0.802,-1.39,-0.256,0.209,1.558,-0.415,0
0.331,0.095,1.014,0.396,0.163,-0.469,0.631,-0.171,0.216,1.3,-0.624,-0.238,1.411,-0.425,1.238,1.83,0.061,0.105,0.929,0.101,-1.569,0.595,0.988,0.247,-0.106,0.629,0.163,-0.771,0.888,-1.04,1
0.555,1.284,0.519,-2.512,1.386,0.663,-0.678,0.921,-1.125,1.112,-0.297,-1.66,-0.39,0.667,-0.561,-0.574,-0.17,1.077,0.104,1.131,0.687,-0.997,-1.859,0.516,1.506,0.33,1.142,0.781,-1.721,-2.316,0
2.239,1.914,-0.122,0.563,-0.253,1.703,1.232,-2.197,0.406,-1.154,-0.928,-0.337,0.229,0.345,-0.221,-2.43,1.1,-0.14,1.13,0.895,-1.662,2.064,0.983,-1.007,-0.184,-0.61,0.51,-0.393,-0.013,-0.569,0
0.415,-0.882,-0.293,0.681,-0.04,0.859,-0.596,0.411,0.581,0.56,1.538,-0.731,0.969,0.868,-0.258,-0.041,1.492,0.187,-0.477,-1.887,-0.124,0.722,-0.184,1.01,0.211,0.606,0.715,-0.308,0.828,-0.646,1
-2.577,-0.649,-0.576,-0.816,-1.169,0.295,0.822,-0.351,-0.848,-0.044,-0.131,0.88,-0.271,-2.705,-0.046,-0.677,-0.839,0.548,-2.448,-0.731,0.382,1.976,1.854,-0.287,0.749,1.129,-0.435,-1.693,-0.878,0.652,1
0.721,-1.405,-1.192,-0.307,-0.134,-0.127,-1.31,0.192,-0.735,-0.516,0.272,-0.314,1.724,1.325,-1.181,0.047,0.321,1.171,1.061,1.359,0.37,1.096,0.69,-1.656,0.198,-0.868,-0.146,1.408,0.122,-1.638,0
0.067,-1.921,0.351,-1.371,-3.069,0.137,-0.407,-1.142,0.693,0.122,1.94,-1.62,-1.224,0.944,1.214,0.416,1.596,1.272,0.144,1.163,0.011,0.429,-0.139,1.252,-0.158,-1.077,0.646,0.86,0.059,-0.248,0
0.442,-1.045,-0.155,1.118,-0.302,-0.664,-0.885,-0.025,-1.469,-2.289,1.012,0.099,-0.086,0.143,-0.224,1.223,1.025,-2.854,1.011,-1.415,0.279,-1.011,0.744,1.63,-0.986,1.107,2.324,1.22,0.855,0.893,1
0.597,-0.827,-1.613,-1.412,0.561,0.033,1.486,-0.147,0.53,0.969,-0.762,-1.625,-0.388,-0.966,-0.494,0.862,-0.407,-1.306,0.491,-0.461,-0.887,0.12,-0.397,0.928,1.596,0.571,-0.293,1.789,2.073,0.85,0
0.427,-0.095,2.033,-0.665,-0.271,1.222,-1.702,-0.549,0.22,-1.505,0.466,-0.83,0.665,-0.562,-0.564,0.814,-1.173,2.081,-0.482,-0.64,0.776,3.088,1.729,0.843,-0.019,0.248,-0.115,-0.232,1.104,-1.23,0
-1.361,-0.491,-0.974,-0.014,0.242,0.851,-0.087,1.02,-2.172,-0.516,-0.607,-0.334,-0.284,-0.18,-1.111,-0.003,0.547,-0.687,1.933,0.856,-2.158,0.553,-3.378,-0.281,-0.288,-0.669,0.139,-1.647,1.734,-0.894,0
0.423,1.745,0.693,1.383,-1.214,1.337,-0.137,-0.103,-1.097,-1.255,0.941,-1.262,-0.949,-0.843,-0.229,1.006,0.596,-0.841,2.402,0.023,-0.746,-0.227,0.719,-0.37,0.732,1.006,1.365,0.102,0.289,0.512,1
0.478,1.698,1.586,-0.769,0.475,1.011,-0.945,-0.96,1.364,-0.773,-0.905,-0.025,0.896,-0.639,0.47,0.106,1.482,0.35,0.65,2.551,-0.419,0.31,0.753,1.143,-0.019,-2.622,-0.51,0.19,-1.15,0.447,1
0.8,1.875,-1.553,0.189,-0.263,-0.801,0.135,0.26,1.862,-0.838,1.162,0.051,0.024,-0.614,-0.241,0.276,0.186,1.535,1.403,-0.372,0.774,1.029,0.406,-0.829,-0.909,0.097,2.449,-0.187,-0.873,0.061,0
-0.68,2.081,-0.522,0.726,-0.436,-0.536,-0.148,-0.82,-0.584,0.827,0.338,-0.22,-0.422,0.812,-1.414,-0.359,0.565,-0.128,-0.0,0.77,1.944,-0.554,-0.779,0.126,-0.417,-0.984,2.648,0.123,-1.614,-0.139,0
0.601,0.274,2.338,0.098,0.323,1.979,1.501,-0.952,0.306,1.966,-2.747,-0.78,0.144,-0.728,-0.512,0.554,1.149,-1.085,-0.122,0.343,0.917,0.657,0.389,0.781,0.422,-0.373,0.106,1.01,-1.239,0.493,1
-0.913,-1.401,-0.245,2.747,-0.459,-0.252,-1.068,-0.755,-0.975,0.161,1.428,-0.506,-0.593,1.107,0.13,-0.554,-1.178,0.062,0.243,0.241,-1.384,0.254,-0.916,0.83,0.371,0.745,-0.054,0.638,0.834,-0.015,1
-0.698,0.471,-0.78,0.312,0.843,0.315,0.042,0.335,-0.273,0.392,1.221,1.65,0.337,-1.793,-0.579,-0.558,0.069,1.196,0.328,0.179,-0.559,-0.528,1.107,0.496,-0.877,-0.563,-1.133,-0.599,-0.937,0.268,0
1.183,0.251,-0.096,-0.331,2.517,0.34,-0.227,-0.501,-0.306,0.963,-1.58,3.265,-0.739,-1.552,0.482,-0.603,-0.388,-0.352,-0.514,0.161,-1.022,0.457,0.233,-1.508,1.004,-0.018,0.47,-1.145,-0.682,0.76,1
-0.456,-0.879,1.759,-1.343,0.169,-1.961,-0.255,1.074,-0.14,-0.73,1.202,0.392,-1.445,-0.353,-2.058,1.59,-0.965,0.047,0.208,-0.38,-0.683,0.683,-0.909,-0.494,1.525,1.443,-0.227,0.737,0.465,-1.911,1
-0.853,-0.859,-0.125,0.801,-1.161,-1.285,0.175,-0.431,-0.464,-1.232,0.015,0.87,-0.742,-0.544,-0.183,-0.233,0.082,-0.483,-0.067,0.52,0.162,-0.181,0.277,0.036,0.353,0.24,-0.411,-0.464,-2.766,0.603,0
1.14,-0.572,0.818,-0.651,0.623,-1.359,-2.803,0.981,0.082,-0.973,1.054,-1.454,1.439,1.892,0.435,-0.369,-0.529,-0.487,0.743,0.515,-0.285,-0.226,-0.02,1.195,0.288,0.262,-0.147,0.041,0.804,0.946,0
0.251,-1.699,2.072,0.866,-0.151,0.519,-0.392,-1.029,1.055,0.742,-0.454,-0.892,-1.988,-1.461,1.032,-0.388,0.775,0.001,0.033,-1.056,-0.617,-0.127,0.719,2.852,0.607,-0.031,-2.347,-0.49,-0.925,0.524,1
-0.511,-0.448,-0.283,0.54,-0.118,0.708,-1.373,-1.323,1.039,-0.102,-1.24,-1.025,-0.197,-1.108,-1.37,-0.879,-1.059,0.51,-0.717,-0.217,0.293,0.53,-0.048,-0.164,-1.108,-0.443,0.975,0.192,-1.206,-0.492,0
1.432,-1.416,0.01,-1.033,-2.015,-0.783,-0.965,0.302,0.893,0.881,0.621,-1.562,0.682,-1.649,-0.355,-1.519,-0.322,-1.058,0.909,0.124,0.799,1.587,0.748,0.481,-0.735,-0.349,0.623,-0.044,-1.36,1.254,1
0.122,-1.05,-0.595,-1.117,1.561,1.096,0.08,0.628,1.515,-0.612,0.615,-0.19,0.53,-2.058,0.179,1.233,0.036,0.75,1.223,1.471,-1.048,-1.59,-0.977,-0.857,-0.54,1.475,0.295,1.255,1.717,0.139,0
0.015,1.82,-0.953,-2.321,-1.403,0.993,1.278,-1.479,-0.775,-1.178,-0.621,0.565,0.812,-0.056,-1.075,0.831,-2.135,1.207,-1.308,-0.723,-1.018,3.378,0.689,1.049,1.126,-0.347,-0.311,-0.198,1.188,0.435,0
1.474,-1.681,0.006,0.274,1.112,0.094,0.08,-0.403,-1.623,-0.745,-0.716,-1.113,0.946,0.74,0.538,0.026,-0.368,1.178,-1.163,1.911,1.274,1.277,0.4,0.838,0.881,-1.415,2.659,0.12,1.526,0.157,1
1.071,0.384,-0.242,0.463,-2.581,1.518,0.911,1.846,-0.019,-0.924,1.092,-1.933,0.976,-0.945,0.604,0.617,-0.299,1.001,0.041,-1.781,1.154,0.61,0.743,-0.484,-1.236,1.007,-0.295,-0.372,-0.259,-0.311,1
1.338,-1.389,-0.93,0.177,-0.905,0.24,-0.286,0.167,-1.076,0.949,2.252,0.56,1.423,1.14,1.682,0.916,1.751,0.034,-0.35,-0.314,1.15,0.756,0.805,-1.442,-0.23,-0.582,1.154,-0.536,0.184,1.879,1
-0.537,1.27,-0.264,-0.902,0.298,0.839,-0.022,-0.853,-0.018,-1.138,0.27,0.323,0.726,1.029,-0.778,-0.302,1.428,1.004,1.351,0.67,-1.403,-0.398,-0.062,1.103,-1.036,0.108,0.162,-0.598,-1.881,-0.281,1
-0.251,-1.158,1.592,0.616,-1.107,1.314,-0.543,0.247,-0.427,1.093,-0.526,1.766,0.98,-1.337,-1.223,0.702,0.227,0.305,1.442,1.019,-1.237,-0.136,1.107,0.236,0.734,0.941,1.106,-1.14,0.884,-0.009,1
-0.795,0.125,0.925,-1.51,-0.176,0.629,0.336,0.408,-0.169,-0.171,-0.646,-0.006,-0.14,0.103,0.38,-0.003,1.116,0.629,2.305,-0.328,-0.922,-1.301,1.343,0.797,-0.392,0.853,1.473,-0.323,-0.228,-1.457,0
0.808,1.081,-0.491,-1.167,-0.162,-0.235,0.153,-0.059,0.215,-1.303,1.403,0.555,-0.915,1.238,-1.08,0.322,-0.643,-1.394,0.14,-0.975,1.374,-0.549,1.591,0.933,-0.862,0.009,1.256,-1.073,0.764,1.379,1
1.08,-0.223,0.655,-0.186,0.808,-1.248,0.329,2.29,1.424,0.654,-0.337,-0.211,0.706,-0.578,-0.147,1.077,0.233,-0.659,-0.085,1.255,0.954,2.157,1.042,0.361,1.309,0.529,-0.975,1.585,0.861,-1.051,1
0.22,0.729,0.218,-0.452,-0.208,1.01,-0.057,0.366,1.232,1.009,0.244,0.727,0.373,-1.493,-1.948,-0.485,0.668,-0.663,0.432,-1.467,-0.621,-0.368,-1.112,-1.158,0.374,-0.383,0.457,-1.386,0.78,0.467,0
-0.73,0.474,-0.289,0.479,-0.141,-0.472,-3.259,0.461,-1.186,-1.472,1.984,-0.248,0.814,-1.049,1.301,0.482,-0.56,-1.66,-0.803,1.878,0.341,2.392,1.332,-0.36,1.377,-0.817,-0.029,0.272,3.045,-0.075,0
1.164,0.337,-0.332,0.628,-0.083,-0.268,2.028,-0.05,-2.682,-0.477,0.363,1.394,0.721,-0.595,1.277,-1.92,-1.583,0.758,-1.032,0.17,0.383,0.595,0.328,-0.63,1.399,1.987,3.075,-0.259,0.322,0.945,0
1.025,0.29,-0.673,0.416,-1.421,0.564,-0.621,1.285,-1.392,-2.718,0.529,-0.087,0.74,-1.562,1.111,-0.186,0.716,0.932,-0.75,0.368,-1.274,0.932,-0.731,0.292,-0.223,1.169,-0.977,0.386,0.082,-1.939,0
0.877,0.17,1.857,1.531,0.771,-1.056,0.227,-1.016,0.733,-0.123,1.44,1.039,0.335,-0.538,-0.101,-0.255,0.948,-0.879,0.318,-0.471,3.188,-1.003,0.791,0.15,-0.898,-0.198,0.068,-0.394,-0.647,1.97,0
1.08,-0.541,1.25,-1.373,0.167,0.75,1.343,-0.75,-1.754,-0.197,1.01,0.655,-1.471,-0.551,0.442,1.808,1.065,-0.876,0.075,1.018,1.55,0.085,-0.164,-0.641,0.106,-0.116,0.881,1.191,0.273,-1.233,0
-0.522,0.477,0.219,1.806,0.146,0.169,0.457,-0.431,-0.301,-0.821,0.837,0.471,0.169,-1.227,-1.655,0.928,1.741,0.153,1.022,2.932,-0.528,-0.544,1.244,-0.471,1.66,0.235,-0.105,0.174,-1.188,-1.165,0
-1.076,-1.738,-1.01,1.856,2.029,-1.439,2.524,-1.031,-0.351,-1.319,-1.321,-0.787,-1.748,0.318,-0.159,0.284,1.591,-0.376,-1.052,0.369,-0.313,1.948,0.136,1.147,0.718,1.057,1.053,0.494,0.902,-0.122,0
0.546,0.388,-0.881,1.171,-0.907,0.959,0.136,1.998,-0.418,2.24,0.907,-0.231,0.073,-1.287,-0.271,-1.285,-0.613,1.234,-1.066,1.434,-0.922,0.274,1.068,0.228,-1.552,0.704,-0.687,-1.56,-1.064,-0.611,1
-2.199,0.391,-1.109,-0.194,0.235,0.291,1.315,0.249,-0.772,-0.007,-0.74,1.69,-0.901,0.24,1.408,-0.621,-0.091,1.219,-1.462,0.078,-0.862,-0.649,0.934,0.285,0.284,1.734,-0.341,1.244,-0.203,-0.143,0
-0.266,0.474,-0.031,0.18,1.396,-0.139,-0.492,-0.965,-0.067,-2.538,1.263,0.506,0.105,0.726,-0.682,0.392,0.985,-0.116,1.288,0.752,1.195,-0.588,0.076,0.21,-0.373,-1.815,0.46,0.194,-0.357,1.117,1
-0.183,0.425,-0.194,-0.264,-1.044,-1.364,-0.856,0.105,-0.771,0.343,-0.522,0.522,0.627,0.693,-0.421,1.339,-1.017,0.513,1.561,0.455,-0.868,-1.73,-0.682,0.478,-0.771,-0.948,-0.727,-1.752,0.27,0.189,0
-1.398,-0.081,-0.902,-0.599,1.376,-0.69,-0.493,0.178,0.713,0.125,0.864,0.895,-0.242,-1.041,-0.502,-1.009,0.17,0.767,-1.025,-0.623,0.133,0.535,-0.858,0.356,-0.162,1.01,-0.638,0.667,-0.147,-0.197,1
-0.643,0.419,0.533,1.655,-0.277,-0.538,-1.106,-0.301,-1.219,-0.75,-0.099,-0.647,-0.168,2.047,1.046,-0.142,1.859,2.025,0.015,-1.017,0.444,0.706,-0.845,-0.942,0.095,1.057,0.78,0.465,-1.922,-0.365,0
-0.674,2.085,1.329,1.11,-0.087,-0.064,0.841,-0.614,0.224,-2.238,0.532,-1.088,-0.78,0.545,1.565,0.649,0.683,0.02,0.473,-0.857,0.049,1.163,-0.311,-1.301,-1.284,0.555,0.017,0.542,-1.109,0.015,0
-0.419,0.445,-0.292,-0.09,-0.075,-0.461,-0.113,-0.794,-0.007,-0.028,1.45,1.484,0.596,0.166,-0.847,2.022,-0.54,0.861,-1.59,-1.156,1.981,-0.139,-1.466,0.434,1.761,0.013,0.6,-1.756,-0.882,0.8,1
1.524,-2.089,-0.629,-1.267,1.105,0.239,0.263,-1.924,-0.446,0.637,-0.308,-0.355,0.711,-0.301,-1.287,0.574,-0.585,-0.849,-0.068,-0.082,-0.924,-0.846,-0.343,-0.441,0.201,-0.865,-1.185,0.63,0.164,-0.087,1
-1.31,0.066,0.462,-0.111,-0.073,-0.217,1.053,-0.239,0.832,0.054,-0.745,0.841,1.425,-0.436,-0.288,-0.503,1.311,-0.475,0.207,0.251,-0.312,-0.368,0.725,1.02,0.791,0.855,-0.395,-0.737,1.334,0.033,1
0.685,-0.485,0.094,-1.777,0.84,-0.264,0.721,1.233,-1.59,-0.309,1.062,-0.342,-0.482,-0.551,-0.28,-0.531,-1.305,0.627,-0.842,0.619,0.176,1.183,0.422,-0.025,0.043,1.203,-2.654,-0.866,-1.062,-1.483,1
-1.088,0.953,0.517,-1.083,-1.218,1.604,-0.646,0.889,-0.689,0.73,-0.909,0.688,1.925,-0.893,0.907,0.901,-1.478,-0.002,0.045,-0.678,-1.757,0.784,0.323,0.643,-0.956,2.241,-0.265,-1.568,-1.009,-0.396,1
0.142,-0.986,-0.025,0.643,0.788,-0.544,-0.831,-0.261,-1.17,-1.206,0.338,0.203,-0.187,1.146,0.695,0.422,-0.611,0.399,0.195,-0.09,1.625,1.742,1.345,-0.785,0.716,0.038,0.018,1.086,-0.435,0.338,1
-1.942,-0.274,-0.812,0.991,-0.948,2.163,-0.886,-1.121,-1.046,-0.182,0.349,-0.55,-0.435,-0.165,0.09,0.462,1.179,-2.394,0.364,-0.034,-0.078,-0.839,0.128,-0.022,0.569,0.441,0.517,0.299,-0.435,-0.303,1
1.173,-1.885,-0.787,0.456,-2.196,-0.426,0.387,1.136,-0.412,-2.209,-1.607,0.03,-1.36,-0.014,-0.48,0.371,-0.366,-1.56,0.742,0.235,2.765,0.596,-2.819,0.067,0.35,-0.482,-0.212,0.279,0.545,0.661,0
0.46,-1.483,-0.964,0.933,-0.981,0.401,0.753,-0.063,0.094,1.59,1.086,0.712,-1.314,1.082,-0.787,-0.066,0.559,0.781,0.155,-0.109,-2.014,-1.344,-0.096,-1.381,0.291,-1.763,-0.467,-1.302,-2.037,0.305,0
0.602,0.211,-0.466,0.074,-0.175,1.314,0.335,2.012,0.218,-0.308,-0.31,-0.033,0.349,1.074,-1.953,1.482,-0.426,-0.539,1.968,0.063,1.595,-0.774,-0.421,0.009,1.202,0.411,0.082,0.123,0.937,-0.213,1
-0.638,-1.921,-0.212,-1.401,-0.169,0.049,-2.123,-1.314,0.21,0.257,-0.615,1.688,-0.712,-0.833,-0.869,-0.573,1.26,-0.358,-0.879,-0.911,-0.528,-0.391,0.494,0.747,-0.851,2.241,1.432,0.534,-0.834,0.904,1
-0.774,-0.08,0.174,1.061,1.277,-1.151,-1.988,0.113,-0.338,0.349,-0.371,-1.802,-1.34,0.733,-0.1,-1.419,-0.904,-0.37,0.655,-0.881,0.977,1.349,-1.618,-0.069,0.603,-0.621,-1.957,-0.309,-0.814,-0.028,1
-1.076,-0.765,-0.799,-2.632,-1.357,0.478,1.163,-1.61,-1.139,0.916,-0.142,0.261,-1.031,1.925,-0.533,0.843,0.913,0.152,-0.158,-0.538,1.599,-1.387,0.909,0.187,-2.609,1.726,-0.423,0.422,0.754,0.912,0
1.383,-1.759,0.425,1.667,0.582,-1.041,-1.518,-0.09,-0.844,-1.043,1.467,0.88,0.071,-0.925,0.174,0.029,-0.485,-0.628,-1.652,0.315,-1.821,0.645,-1.63,-2.671,-1.318,0.96,1.418,-0.307,-0.271,-0.65,0
2.073,-0.197,1.309,-0.706,0.112,1.056,1.142,1.252,-1.59,-1.488,0.798,-1.088,0.008,0.914,-2.178,-0.073,1.085,-0.434,0.667,-0.712,-1.309,1.467,0.188,1.484,-0.309,1.099,-0.208,-1.232,1.291,0.829,1
-0.981,0.592,0.762,0.003,0.835,0.131,0.748,0.513,-0.536,0.829,-1.355,-0.935,-0.773,-0.451,0.084,-1.478,2.352,-0.418,-0.806,1.349,-0.792,-0.27,0.371,1.595,-0.791,1.103,-0.469,1.912,0.602,-1.447,0
-0.254,0.594,1.539,0.548,0.163,-0.724,-2.195,0.164,-0.771,-1.091,-0.426,-0.598,0.89,1.174,0.343,-0.11,0.936,0.238,1.162,-0.102,-1.119,0.27,-0.151,0.355,-0.98,1.298,0.126,-0.222,0.664,0.097,1
-0.35,0.356,-0.02,-0.423,-0.527,-1.752,-2.26,0.043,-3.158,-0.806,-0.9,0.737,-0.046,1.673,1.171,-0.117,-0.288,0.349,-0.255,1.246,-1.022,0.396,1.743,0.522,-0.243,-0.046,-0.983,-1.526,-0.585,-1.342,1
0.732,-0.317,0.042,-1.615,0.674,-0.523,0.923,-0.439,-0.565,0.232,1.306,-0.791,0.619,-0.291,-0.312,-0.881,-0.743,-0.215,-0.172,2.036,0.375,0.413,0.476,0.886,1.167,0.379,-1.662,1.239,0.826,-0.769,1
-0.306,-0.414,-0.045,-0.194,0.808,0.262,-0.95,-2.068,-0.199,0.223,0.955,-1.062,-1.154,1.098,-0.021,-0.172,-0.771,-1.574,-0.552,-0.985,0.054,1.294,-0.64,1.299,-0.671,0.052,-0.135,-0.039,0.168,1.278,1
-0.928,1.366,0.11,-0.173,0.728,-1.142,1.805,-1.932,-1.398,-1.047,-0.368,0.376,-1.478,0.519,0.488,-0.746,1.881,-1.282,0.039,0.714,1.151,-1.295,0.895,0.278,0.823,-0.161,1.388,2.028,-0.018,-0.386,1
-0.208,-0.458,-0.101,0.717,-0.51,0.926,0.766,-0.883,-0.822,0.85,-1.425,-0.538,-0.779,0.491,0.14,1.249,0.785,1.053,-0.153,-0.95,1.462,-1.554,1.065,-0.555,0.872,-0.562,0.63,0.959,-0.312,-0.277,1
1.05,-1.556,0.462,-1.623,0.981,-0.563,0.579,0.936,-1.532,-0.641,0.889,0.261,0.754,0.395,1.385,-0.309,-0.727,-0.647,-1.458,1.01,0.955,-0.241,-0.687,-2.228,0.757,0.074,-2.018,-0.117,1.193,-0.227,1
0.133,-1.205,-0.795,0.323,-0.333,-1.411,0.843,0.078,0.031,0.706,-0.191,0.504,1.658,0.869,-0.325,-0.273,-0.67,-0.479,0.217,0.635,-1.714,-0.637,1.713,-1.249,0.986,-0.826,-0.251,-0.671,-0.849,0.396,0
1.021,-0.296,-0.25,-0.093,0.512,1.69,0.828,0.139,0.963,1.195,1.717,-0.969,0.148,0.662,-0.77,1.36,0.809,-1.409,-1.072,2.72,-0.244,0.594,0.696,-0.546,-0.323,0.147,0.9,0.749,0.402,0.353,1
1.095,0.211,0.678,-0.162,0.328,1.48,0.211,-2.362,-0.463,-0.002,-0.345,0.237,-0.836,0.402,0.82,-0.249,0.329,-0.518,0.406,0.628,1.506,0.9,1.544,-0.082,1.487,0.466,-0.849,-0.229,-0.383,0.088,0
0.067,-1.352,0.731,-0.531,1.072,-1.5,1.207,-0.289,0.428,-0.471,0.07,-1.283,-0.289,0.489,-1.306,1.15,-1.485,-1.207,0.523,1.79,1.37,-0.379,-1.934,2.169,-0.469,-0.605,-1.192,0.615,0.182,-1.483,1
-0.034,0.565,0.602,-0.475,0.139,-0.071,0.802,-0.038,0.299,0.093,-0.817,1.239,-1.546,-1.281,-1.255,-0.184,-1.114,-0.982,-1.648,0.284,-0.571,-0.712,0.575,-1.026,-1.668,0.46,-1.304,0.025,0.744,0.939,0
0.754,0.745,-0.457,1.016,-0.759,0.352,-0.19,-1.409,0.762,0.567,1.3,1.225,-0.962,0.928,0.054,-0.011,-2.776,-0.024,0.572,0.622,-0.779,-1.624,-0.581,0.287,0.235,-1.207,1.164,0.509,-2.405,1.453,1
-0.117,-0.645,0.14,0.826,-0.945,-1.508,0.588,-0.162,0.572,0.054,-1.767,1.503,-1.81,-1.606,1.354,-0.537,-0.03,-0.498,-0.531,1.331,1.611,-0.544,0.824,-0.516,2.112,-0.628,-2.045,0.676,-0.156,0.972,0
-0.097,0.358,0.003,-0.658,1.85,1.554,0.524,-1.614,0.335,-0.532,0.52,-0.932,0.776,-0.635,-0.422,0.241,0.455,1.77,0.717,0.594,-0.565,-0.66,0.202,0.373,1.041,1.35,-0.755,-0.485,-1.297,-2.285,1
2.001,1.715,0.274,-1.054,1.3,0.115,0.139,1.962,0.213,-0.756,0.127,-0.38,0.441,1.284,-0.086,-0.551,-0.229,-0.04,-0.252,0.815,1.57,0.755,0.509,-1.163,-0.409,-1.351,-0.827,0.182,0.878,-0.16,0
-0.036,-1.83,-0.396,-1.104,-0.012,-0.335,0.005,0.578,1.373,0.129,-0.661,0.238,-0.222,0.003,1.801,-1.215,-2.44,0.227,3.013,-0.168,-0.24,0.255,0.594,-2.103,0.065,-0.862,1.279,0.854,-1.167,-1.269,1
0.074,-0.395,-0.335,-0.878,0.777,-0.997,-0.85,1.765,0.203,0.121,2.512,0.354,0.815,0.578,0.152,1.398,-0.587,-0.189,-0.076,-1.001,1.968,0.578,2.008,0.498,0.742,-0.173,-1.425,-1.113,1.007,-0.352,1
1.01,-1.791,-0.052,-1.381,-1.093,0.451,-0.135,0.991,1.453,-0.744,-0.701,0.79,-0.65,1.409,1.029,0.634,0.176,-0.988,-1.93,-0.686,-0.165,-0.027,-1.174,0.179,-0.502,-0.197,-0.112,-0.377,-0.967,-2.364,0
1.971,1.034,-0.958,-0.801,-0.613,-1.983,-1.601,1.721,-0.895,0.143,0.48,-1.665,0.358,1.067,-1.22,1.679,-2.36,0.837,-0.349,-0.209,-1.772,0.394,-1.069,0.801,1.19,-1.075,-0.842,-0.663,0.69,0.44,0
0.423,1.463,-0.424,1.493,-0.735,0.071,-0.318,0.864,1.718,1.673,0.27,3.455,-2.362,1.169,-1.628,0.928,-0.991,0.351,0.217,2.913,-0.535,-0.197,-1.046,-1.617,-1.932,1.921,-0.192,0.141,-1.395,-0.288,0
-0.34,0.477,1.553,-0.344,-0.943,-0.14,1.568,1.515,0.892,-0.278,-0.667,-0.586,-0.559,0.937,1.573,-1.316,0.721,-1.155,0.117,-2.036,-0.844,0.394,1.223,-0.422,-0.098,-0.235,-1.127,0.645,0.179,0.217,0
-0.139,0.587,-0.917,0.641,0.048,-0.695,-1.537,1.058,-0.204,2.754,-1.674,1.056,-0.794,1.817,0.369,-0.301,0.103,-0.418,-0.792,-0.773,-1.028,0.247,-1.299,-0.809,1.934,0.529,1.29,0.559,-0.069,1.985,1
1.172,-0.344,-0.083,0.197,-0.577,-1.113,2.088,0.902,-1.114,0.1,-0.688,-1.653,1.8,-0.852,1.185,-1.264,-0.35,-1.348,0.88,-0.365,-1.777,-1.239,-0.28,0.319,1.188,1.838,0.144,0.918,0.472,-0.057,1
0.275,-1.785,1.929,-0.588,0.077,0.317,-0.041,1.018,-0.597,1.005,-0.412,0.985,-3.744,-1.435,0.237,0.68,0.297,-0.827,-0.054,0.31,-1.548,0.607,0.643,-0.808,-0.741,1.337,-0.611,-0.186,0.772,-0.785,0
-0.713,0.675,0.059,-0.638,-1.388,-0.927,-2.753,-1.652,-0.291,-0.48,1.581,-0.23,0.175,0.769,1.088,0.906,-0.125,0.006,0.32,0.555,-0.019,-1.688,1.586,1.122,1.278,1.041,2.144,0.696,-0.609,-0.641,0
-0.639,-1.114,-0.595,0.427,-2.173,0.182,1.143,0.103,1.15,0.114,-1.796,-0.63,0.192,0.296,-0.635,-1.933,0.803,-0.323,-0.602,0.619,0.163,-0.331,-0.15,-1.242,0.175,0.39,1.159,0.393,0.452,-0.748,0
-2.366,0.101,-0.475,-0.818,-0.171,-1.619,-0.031,1.293,-0.33,0.672,-0.647,-0.646,-0.757,-3.171,1.14,-1.682,1.585,-0.022,0.679,0.999,-0.98,0.409,0.993,-0.116,2.396,-0.28,0.048,-1.221,0.463,-1.582,1
-0.893,-1.995,-0.308,-0.679,0.341,-3.134,-0.614,0.455,2.484,-0.533,0.952,-1.109,0.254,0.404,0.274,-0.694,-0.776,0.374,-1.082,-0.186,-0.935,-1.436,1.149,-0.893,-0.187,0.346,-0.407,0.47,0.539,1.29,0
-0.728,0.061,-1.033,-0.137,-0.058,0.143,1.045,-0.555,1.171,0.378,0.414,0.245,1.071,0.133,0.548,-0.293,-0.847,-0.906,0.996,-0.108,2.595,0.041,-0.092,0.293,-1.971,1.371,-2.52,-0.27,-0.82,1.769,0
-1.831,0.35,-0.049,-0.419,1.607,-0.346,0.518,-0.167,0.471,0.18,1.829,-1.625,1.814,0.456,0.353,1.615,-0.385,0.511,0.977,0.667,0.278,0.3,0.143,-0.203,1.654,1.284,-1.148,1.258,0.253,2.39,1
-0.887,-1.572,0.457,1.615,0.342,0.198,-0.604,0.441,0.723,0.493,0.37,0.979,-1.253,0.382,1.301,0.244,0.661,0.733,-0.406,-1.0,0.597,-0.103,-0.541,2.289,0.288,0.017,-1.003,-0.239,0.229,-0.429,0
-1.46,-0.002,1.261,1.266,-1.182,1.514,-0.173,-0.727,0.596,-0.39,0.523,0.153,-0.61,0.495,-0.7,-2.059,0.916,1.693,-0.985,-0.49,0.497,-0.499,1.147,0.753,0.658,1.008,0.637,0.594,2.227,-0.725,1
0.244,-0.407,-1.096,-2.699,-1.14,0.596,-0.151,0.12,0.918,-0.365,-0.95,-0.04,0.582,-0.329,1.228,-0.576,-0.279,0.367,0.919,0.053,-0.124,-0.33,1.029,-0.257,-0.504,0.133,-1.394,1.869,-0.593,-0.766,0
-0.425,0.692,-0.326,-0.059,-0.261,-1.115,1.387,-1.028,-1.038,-0.447,-0.54,-0.69,-0.699,-0.241,0.084,0.955,-0.217,0.861,1.092,1.656,-0.518,-0.08,-2.33,-0.343,-1.081,-0.439,0.6,-1.818,0.076,-0.605,1
1.453,-2.138,-0.512,-0.762,-0.56,-1.374,-0.18,0.514,-0.447,0.038,-1.112,1.188,0.308,-0.255,-0.812,-0.627,-1.545,0.864,0.064,0.123,-0.034,-0.226,2.468,1.271,-0.273,-0.487,0.062,1.13,-0.157,0.831,0
1.987,0.007,-0.01,-1.58,0.28,0.42,-0.466,-1.546,-1.319,2.125,-0.026,-1.093,1.337,0.109,-0.113,1.092,1.551,1.297,-0.566,1.051,-0.05,0.524,-1.921,-0.009,0.763,0.937,-0.179,-0.275,-1.432,-1.973,0
-0.521,0.518,0.309,-0.847,-0.488,1.09,-0.542,0.353,-0.46,-1.774,1.491,-1.237,-0.38,1.831,-0.256,-0.115,-1.801,0.396,2.116,0.775,0.617,0.751,-0.499,2.714,-0.421,0.164,-0.442,-1.733,0.538,-0.878,0
0.036,-0.313,-0.461,-0.752,0.209,-0.728,-1.212,1.036,0.04,0.225,-0.116,-1.136,-0.16,0.703,1.667,-0.087,0.495,-0.946,0.48,-2.756,-1.127,0.07,0.787,-1.882,-1.038,0.747,-0.454,-2.016,0.064,1.166,0
-0.475,-0.455,-0.686,-0.537,0.677,-0.874,0.514,-0.391,1.023,-0.739,-1.223,0.828,1.674,-0.742,1.614,-1.368,-0.6,-1.454,-0.158,-0.616,2.649,1.544,-0.288,0.393,-0.203,-0.217,0.904,-0.284,-0.674,1.904,0
2.316,-0.188,1.797,0.347,1.493,-1.551,-0.567,0.87,-0.789,0.284,0.649,-1.278,0.075,-1.69,1.088,-0.164,1.548,0.127,0.913,-0.686,-0.134,-0.714,0.345,-0.351,1.304,0.392,-1.857,0.27,1.223,-0.075,1
-0.608,0.975,-2.387,0.453,0.889,1.169,0.162,0.115,-1.263,-0.16,-1.629,-0.68,-2.613,-0.381,0.273,0.838,-3.115,0.449,0.071,-0.488,0.312,-0.702,1.211,0.281,1.978,1.78,0.476,-2.95,-0.649,-0.916,1
0.872,-1.354,0.273,0.208,0.468,0.521,0.285,-0.399,-0.056,-1.523,-1.047,0.505,1.52,-0.618,-0.289,0.925,1.074,-0.616,-0.506,-0.718,-1.192,1.585,-3.627,-1.962,1.447,-1.082,-1.336,-0.604,0.476,-0.456,0
0.318,0.306,-0.992,-1.199,0.717,0.065,-0.363,0.663,-0.266,-0.569,0.054,-1.391,-2.28,1.215,0.129,-0.762,0.256,-2.06,1.065,-0.454,-1.292,1.135,-0.646,1.151,-1.423,0.342,0.325,0.35,0.633,0.199,1
1.066,0.576,0.941,-1.097,-0.138,-1.061,-0.891,-0.828,-2.499,-1.521,0.387,-0.648,-1.229,0.68,1.44,0.229,-0.349,-0.192,0.029,-0.643,-1.668,0.156,1.041,-1.281,0.65,0.998,0.879,-0.307,-0.385,-0.964,0
0.928,-0.254,-0.511,-0.061,0.111,1.404,1.072,-0.097,0.789,-3.047,-0.097,-0.828,0.844,-0.63,-1.295,0.79,-0.483,1.419,0.077,0.42,-1.73,-0.674,0.008,0.074,-1.193,-0.998,0.91,0.94,0.946,1.905,1
-0.327,-0.099,-1.106,1.787,1.758,0.133,-0.818,-1.711,-0.974,0.198,1.393,-0.33,-0.795,0.332,-0.341,0.511,-1.537,0.143,0.746,-1.504,-0.114,0.825,-0.883,-0.018,0.219,0.64,0.173,-1.622,-0.303,-1.509,1
1.563,-0.386,1.559,-0.194,-0.047,-0.518,0.519,0.464,0.709,-0.172,-1.426,-0.362,3.035,0.284,-1.435,0.641,0.933,-0.99,-1.243,1.104,-1.81,-2.115,-0.423,-0.805,-0.1,-0.942,-0.305,1.362,0.506,1.183,1
-0.186,-0.388,-0.905,1.154,1.222,0.908,-0.547,-2.032,-0.633,-0.304,1.191,0.564,0.527,0.011,0.378,-0.047,-0.835,-1.589,-1.286,1.04,0.556,-0.406,-0.636,1.346,0.574,0.338,1.749,-1.413,0.88,1.203,0
-1.371,-0.476,0.183,0.618,0.7,1.197,0.783,-1.534,-0.559,-0.182,-0.402,-0.145,0.87,-0.162,0.343,-0.17,0.492,0.49,0.008,-1.177,0.899,-0.928,-1.487,0.975,0.539,-0.157,-0.522,-0.223,-0.709,0.561,1
-0.126,-0.65,1.872,-2.079,0.386,1.259,-0.957,-0.605,-0.059,0.259,-2.283,-0.99,0.217,-1.193,-0.001,1.402,-0.634,2.485,0.076,0.585,0.295,0.59,-2.281,1.458,-0.746,1.555,1.288,1.166,-1.047,0.192,1
-1.42,-0.279,1.413,0.383,2.377,-1.575,-0.596,0.047,1.566,1.449,0.006,0.911,1.328,-0.626,-1.07,-2.343,2.746,-0.059,-0.468,-0.949,-0.734,1.321,-0.662,-0.405,-0.77,-0.718,-0.062,0.52,-0.302,-1.692,1
-0.131,-0.585,-1.353,1.862,-0.673,2.431,-1.88,0.216,1.116,-0.624,1.077,0.094,0.843,1.158,0.045,0.224,-0.788,-1.113,0.4,-0.127,1.174,0.243,-0.334,-0.74,1.21,-1.165,0.437,-1.163,-0.233,2.748,1
-0.887,1.262,-0.214,-2.286,-0.004,1.314,-0.465,-0.356,0.528,-0.543,-0.844,0.15,1.404,-0.616,0.064,0.634,-0.098,-1.003,-0.678,-1.3,-1.822,2.032,0.16,1.652,0.789,1.432,0.553,0.688,0.708,1.896,0
1.232,-0.626,-0.277,0.478,0.769,-0.421,1.25,-0.578,1.457,1.606,2.174,0.079,-0.324,-0.233,0.24,-1.281,0.078,-0.657,1.913,-0.151,0.393,1.582,1.296,-1.345,1.218,0.272,0.583,-0.652,-0.733,0.039,0
-0.994,-1.405,-0.6,-0.533,-0.696,0.374,0.901,0.191,0.413,-1.259,-0.44,-2.035,0.273,-1.852,-1.829,0.971,-0.619,1.501,2.046,0.495,0.268,-0.059,2.084,0.312,0.409,0.759,-1.529,1.836,-1.649,-0.411,1
0.836,0.296,1.095,-0.776,0.296,0.968,-0.324,-0.948,-1.679,-0.057,-0.607,0.05,-1.39,-1.741,-0.25,-1.875,1.96,-1.433,-1.388,-0.269,-1.684,-0.455,-1.339,2.239,-0.652,0.475,-0.628,-1.862,-0.53,1.042,1
-1.171,1.212,0.614,-0.862,1.457,0.776,-0.168,0.359,0.394,-0.515,-2.388,-0.884,0.848,-0.523,-0.063,0.651,-0.889,0.169,-0.43,0.649,-0.164,-1.05,1.024,1.482,-0.648,-0.161,0.759,-0.57,-1.48,1.344,0
-0.493,0.076,0.012,0.327,-0.666,0.728,0.769,-1.583,-1.648,0.297,0.057,0.549,-0.56,1.176,-1.021,-0.439,-0.433,-0.869,-2.303,-1.149,-1.194,-0.347,0.986,0.304,0.822,1.607,0.794,-1.257,0.783,-0.453,0
0.614,0.626,-0.774,-2.035,-0.527,-1.588,0.017,0.323,1.095,-0.815,-1.281,1.301,-0.781,-0.502,0.434,-1.322,0.976,-0.905,0.071,0.498,0.5,0.507,-2.439,-1.016,0.759,0.113,1.201,0.155,-0.557,-0.432,0
0.047,0.882,1.354,-2.001,1.936,1.108,0.389,2.854,-2.058,0.03,0.834,-1.45,-0.046,-0.413,0.67,-0.024,1.636,-0.969,0.442,-0.988,-0.495,0.286,-0.19,-0.661,-0.236,2.036,1.06,-1.038,-0.973,0.603,1
-0.219,-1.628,1.068,2.726,0.617,0.683,-1.748,-0.947,-1.569,0.423,-0.942,0.2,0.666,-0.408,-0.136,0.444,0.892,-0.923,0.559,-0.144,0.861,1.116,-0.212,-0.869,-0.442,-1.445,0.786,1.082,1.587,-1.31,1
-0.152,1.26,0.829,0.976,1.329,0.485,-0.506,-0.429,1.146,-0.656,0.436,-0.378,-0.958,-1.859,-0.433,-1.681,-0.738,0.055,0.077,0.016,-0.159,0.007,-0.561,-1.258,-0.336,0.406,0.62,-1.12,0.47,-0.284,1
0.691,-0.635,-0.522,0.061,0.215,-0.24,1.265,-0.783,-1.077,1.472,-1.03,-0.334,-1.828,0.276,-0.509,-1.303,-1.768,-0.011,1.43,0.864,-0.01,0.474,0.16,0.848,0.93,0.812,-0.103,-1.444,-0.34,-0.41,0
0.958,-0.437,0.476,-0.992,-0.913,-0.913,0.56,-1.164,1.041,0.484,1.095,-0.92,-0.812,-0.614,0.492,-1.119,-0.313,-1.643,0.896,-1.54,-0.621,-1.431,-2.272,1.423,-0.765,0.11,1.114,1.221,0.592,0.361,1
2.236,-0.818,0.306,-0.116,0.005,-0.008,0.405,-0.742,-1.539,0.241,-1.863,1.165,-0.854,-1.938,1.387,-0.114,1.481,-1.237,0.347,1.935,1.006,-0.247,0.736,-0.673,-0.549,-1.081,0.35,-0.379,-1.902,-0.4,0
-0.588,-0.054,-0.755,0.792,-1.069,-0.045,0.121,-0.79,1.407,-0.51,-0.698,-1.69,-1.154,0.089,-0.451,-0.534,-1.737,-0.12,0.485,-0.012,0.72,0.221,0.329,0.186,1.459,-0.573,0.961,0.188,-0.745,1.093,0
-1.064,-0.193,-0.103,1.47,0.671,1.94,-1.789,-0.104,1.376,0.238,0.317,1.081,-0.619,-0.618,0.791,2.0,0.146,1.798,1.133,2.757,-0.455,1.122,-0.607,-0.954,-0.158,-1.124,-1.167,-0.581,-1.479,-0.351,1
0.312,-0.444,-0.093,1.0,0.298,0.092,1.299,0.055,0.137,-0.204,-1.348,-0.445,-1.042,-1.115,-0.429,-0.604,1.347,-1.618,0.141,-0.824,1.608,-0.141,-0.041,0.32,-0.167,-0.733,1.523,-1.95,0.569,0.077,1
-0.779,-0.982,-0.18,-0.776,0.38,1.367,-0.37,-0.653,-0.806,1.439,-1.275,0.536,1.224,1.106,0.989,-0.043,0.032,0.571,-0.393,0.92,0.415,-1.316,0.568,-0.532,-0.519,-0.461,0.851,-0.988,-1.258,0.722,0
1.011,0.146,0.103,-0.235,1.271,-0.646,-1.087,0.597,-0.325,1.438,1.941,-1.987,-0.353,0.138,1.578,1.221,0.005,-0.07,0.741,0.073,0.681,0.591,-1.806,-0.849,1.111,1.523,-1.636,-0.076,-0.2,0.585,1
0.386,0.552,-0.012,-0.75,-0.745,0.984,-0.099,0.595,-0.546,-0.452,1.025,-0.546,-0.482,0.18,-0.809,-1.314,-0.376,-1.021,0.932,-0.677,-0.35,0.149,0.12,0.311,0.382,3.114,0.601,1.801,0.133,-0.208,1
1.166,-0.2,-1.364,1.391,-1.46,-0.013,0.437,2.449,-0.136,-0.213,0.698,0.962,0.241,-1.924,-0.38,-0.055,0.235,0.84,0.578,0.84,0.566,0.788,-0.163,-0.631,-0.441,-0.26,-2.35,-0.276,-2.371,1.526,1
-1.276,0.297,0.103,-0.748,-1.565,-0.341,0.628,-0.186,0.996,-0.615,1.128,-0.706,1.082,-1.043,-0.957,-0.329,-0.779,-0.515,-0.268,-0.78,-0.158,1.448,2.598,0.455,-0.449,2.188,1.624,0.293,1.176,0.111,1
1.528,-0.777,-1.342,-2.064,-0.785,0.036,0.118,-0.634,-0.157,-0.039,-0.244,-0.792,-0.718,0.476,-1.497,-0.139,-0.37,-0.691,0.526,0.214,-0.459,0.643,-1.348,0.087,0.455,-0.879,0.508,1.178,-0.052,-1.325,1
0.753,0.609,-0.797,-0.705,-0.747,-1.197,-0.248,0.124,-0.94,1.382,-0.37,-0.843,0.892,-1.377,-0.291,0.505,-0.393,-0.191,0.011,-0.03,-0.568,0.971,-0.451,0.161,-0.36,-0.571,0.432,-0.558,0.692,-0.573,0
-1.935,1.932,0.765,0.894,0.909,0.008,0.764,1.147,-1.945,1.743,-1.871,-2.847,-0.0,0.067,-0.681,0.949,-1.01,-0.19,-0.289,-0.426,-0.745,-0.359,1.639,-1.055,0.19,0.417,0.351,0.672,-0.997,-0.864,0
0.375,0.29,0.596,0.284,-0.606,0.338,1.681,-1.74,-0.354,0.276,0.244,-1.129,0.231,-0.851,1.653,1.164,0.002,-0.628,-1.045,0.063,-0.423,0.174,0.296,-0.818,0.681,-0.331,1.061,-1.818,-0.209,2.043,1
-0.429,0.082,0.812,-1.285,-0.712,0.367,0.854,-1.369,0.348,2.296,-1.851,1.096,-0.253,-0.87,-0.281,1.922,-0.832,0.52,-0.493,-0.577,2.116,0.999,0.667,-1.597,-0.649,-0.108,0.75,0.959,-0.325,-1.064,1
0.237,-0.3,-0.222,0.595,-0.302,1.096,-0.943,-1.388,0.049,1.566,-1.311,0.528,1.463,-0.534,-2.123,-0.227,-1.295,1.414,-0.34,0.84,2.192,0.558,0.355,-1.234,0.309,-0.415,0.886,-0.071,1.926,2.1,0
-0.641,-0.173,-0.222,1.522,-0.094,0.192,-0.59,0.848,-1.016,1.675,-0.74,0.468,-0.084,-0.008,-0.112,-1.27,0.74,0.464,-0.468,-0.125,-0.539,0.313,-0.662,0.564,1.24,-0.355,0.837,0.775,-0.097,-1.674,0
0.693,-0.106,1.705,-0.359,-1.231,-0.899,0.692,2.161,1.599,-2.028,2.122,1.556,1.398,0.166,1.52,-0.988,0.648,-1.882,-2.17,0.348,1.203,-1.05,0.076,0.701,-1.392,0.949,-1.493,0.683,0.981,-0.308,1
1.408,-0.061,-0.297,-0.153,-0.433,0.758,1.037,0.62,-1.908,-0.448,0.481,-0.362,0.382,0.206,-0.174,-1.172,0.128,0.079,1.843,0.552,-0.472,-0.355,0.436,-0.313,0.484,0.119,-0.329,-0.454,-0.168,1.009,1
0.926,-0.798,0.34,-1.068,0.949,1.5,-1.334,-1.505,-0.264,-1.029,0.004,0.957,1.026,0.755,0.098,0.424,-0.167,-0.879,-0.445,-0.502,1.147,0.284,-1.067,-0.084,-0.829,1.554,1.043,-1.198,-1.897,0.376,0
1.684,-0.47,-1.443,-1.056,0.599,-1.03,0.547,1.457,0.382,0.013,0.301,-1.508,1.861,-0.132,-0.688,0.319,0.18,-1.071,-1.013,0.572,0.628,0.288,-0.209,-1.008,-0.584,-0.563,-0.224,-0.369,1.04,0.514,0
0.002,1.606,0.365,1.097,-0.621,-0.306,0.366,2.123,-0.686,0.167,1.989,-1.281,0.032,-0.732,0.095,-0.522,-0.272,0.983,1.744,0.032,-0.706,0.3,-0.461,1.032,0.038,0.712,2.802,-0.711,0.584,-0.795,1
-0.493,-0.497,-0.031,-2.665,0.02,0.003,1.447,-1.286,1.219,0.358,1.62,1.95,-2.715,-0.967,-1.1,-0.853,-0.238,-0.698,0.892,1.076,2.655,-0.82,-0.114,0.27,-0.24,1.053,-0.703,-0.455,-1.627,-0.321,1
1.775,-0.167,-2.205,-0.035,0.795,-1.408,-1.043,-0.438,1.129,1.513,-1.463,-0.282,-2.3,-1.605,1.601,1.134,0.369,0.879,1.402,0.196,-1.2,-1.0,1.671,0.649,-1.332,0.97,-1.136,-2.97,0.084,-0.403,0
0.085,-0.573,1.699,-1.202,-0.635,-0.443,0.111,0.33,1.705,-0.761,-0.624,0.604,0.666,-0.26,1.05,-0.69,-0.727,-1.033,-0.765,-1.935,0.494,1.02,1.963,-3.066,0.297,-0.376,1.049,0.083,-0.441,0.801,1
0.603,1.652,0.469,-0.691,1.451,-0.04,0.617,0.695,-1.152,-0.093,0.966,-1.05,-0.11,-0.994,-0.908,-0.1,-1.251,-1.2,-1.479,-2.002,0.714,-0.629,-2.082,-0.86,-0.8,-0.133,-0.912,1.215,0.997,0.751,0
-0.056,0.576,-0.488,0.676,0.5,-0.49,-0.33,0.801,0.825,1.603,0.213,-0.341,-0.615,-1.168,0.052,0.251,0.335,0.68,1.55,-1.976,-0.266,-2.137,-1.411,1.448,1.3,-0.407,0.237,0.052,0.647,0.702,0
-1.382,0.06,1.262,1.104,0.743,-1.669,0.57,-1.077,-1.578,-0.817,1.524,0.146,-0.353,-2.013,-0.003,-0.346,0.5,1.782,1.396,-1.013,-0.966,-0.416,-0.95,1.282,-0.33,3.052,1.335,0.622,-0.625,-0.421,0
1.245,1.353,-1.044,-0.672,-0.809,-0.0,1.335,0.096,-1.437,1.885,1.163,-0.144,0.867,-1.222,0.592,-0.215,1.658,-1.183,0.086,-0.346,-1.029,-0.469,0.03,-1.187,-0.036,-0.231,-0.297,-1.124,-1.685,-1.397,1
0.533,-0.682,0.086,0.633,1.205,-0.239,0.579,-1.39,-0.042,-0.165,0.289,0.511,0.764,0.532,-0.807,1.188,-1.739,-0.186,1.086,0.903,-0.848,0.179,-2.333,-1.04,-0.329,-0.112,1.013,1.234,-0.044,-0.149,0
-0.011,0.561,0.342,0.494,0.765,0.641,0.731,-0.871,0.628,1.573,-0.638,0.444,0.188,-1.421,0.687,-1.234,-0.201,-0.338,-1.047,0.405,0.112,0.804,-2.211,-0.031,-0.633,0.01,0.334,-1.561,-1.216,-0.091,1
-0.181,-0.649,-1.944,0.11,-2.805,0.677,-2.116,-0.897,-0.042,0.257,-1.354,0.235,-0.236,0.612,-0.691,-1.988,-0.353,1.755,2.142,-0.172,0.029,1.22,-0.625,-1.804,0.04,0.866,-0.219,0.429,1.098,0.103,0
1.223,-1.019,-0.74,-0.35,-0.602,-0.918,-0.845,0.44,1.783,-0.355,0.438,0.133,-1.499,-1.232,-0.848,-2.373,-0.988,-1.914,-1.475,0.941,-1.371,-1.823,0.94,-0.187,-0.067,1.085,-0.089,0.765,-1.226,-2.243,0
-0.328,0.223,-1.179,-1.746,-1.97,-0.045,-0.12,0.933,-2.537,0.041,0.547,-0.631,0.52,-0.608,-1.204,-0.161,-0.938,-1.335,0.586,1.145,0.892,-0.482,1.072,0.176,0.385,-0.42,0.767,0.255,0.337,0.654,0
0.624,-0.149,2.503,-2.241,-0.457,-0.246,-1.621,-2.162,-0.117,0.906,2.754,0.675,-0.136,-0.737,0.157,1.005,0.344,2.131,-1.199,-1.448,0.272,-0.861,-0.235,1.029,-0.668,-0.272,2.712,-1.12,1.249,0.63,1
0.042,0.859,0.78,-0.268,-0.141,-0.686,1.458,0.194,0.302,1.672,-0.281,-1.643,0.939,1.548,0.97,0.66,-0.98,-0.268,-0.624,0.158,0.09,-1.719,0.501,1.22,0.245,-0.374,1.137,-0.96,-1.092,-0.149,0
1.141,-2.95,0.346,-0.064,1.06,0.385,-0.716,1.475,-0.0,0.773,0.979,0.445,-1.021,1.208,1.205,-0.22,1.295,-0.698,-0.248,0.87,-1.252,-0.861,1.05,-0.665,-0.091,0.146,0.742,1.83,0.296,0.098,0
0.302,0.509,0.033,-0.299,0.358,0.161,-1.17,-2.897,-1.021,0.8,-0.256,0.312,1.365,-0.53,-0.265,1.067,-1.022,-0.265,-0.268,0.116,-0.568,-0.785,-0.215,0.533,0.34,0.057,-0.268,-0.455,-0.484,-0.052,1
0.242,-0.571,-2.204,-0.636,0.674,0.165,1.941,-1.288,1.496,0.37,0.138,0.6,0.782,-0.126,-0.612,-0.684,1.113,-0.392,-1.344,-0.463,0.346,1.541,0.227,-0.383,1.252,-0.772,2.132,1.044,0.715,0.254,1
-0.758,-1.433,0.576,-0.749,-0.143,-1.892,1.325,-0.064,0.474,-1.001,-0.5,-0.747,0.055,2.278,-1.546,-0.174,1.189,0.661,0.696,-1.588,0.326,-0.518,-0.893,0.381,1.609,-0.762,0.922,-0.244,0.629,0.349,1
0.175,1.707,0.404,-1.139,1.322,-1.459,-0.089,0.731,0.018,-0.15,-0.23,-0.374,-0.491,0.659,-0.504,-1.077,-0.034,-1.175,1.064,0.007,-0.391,-0.128,0.603,1.245,0.071,-0.777,-0.19,-0.139,0.537,0.273,0
0.336,-0.5,-1.164,0.454,-0.611,-0.478,1.364,-0.164,0.116,-0.417,0.383,-0.609,-0.97,1.368,-0.204,0.11,0.15,-0.337,1.726,-0.303,-0.973,0.755,0.585,-0.241,-0.873,-0.329,0.604,-0.03,-1.018,0.745,0
1.65,-0.414,-0.057,-0.544,0.815,1.617,-2.605,-0.501,-0.191,0.266,0.258,-1.04,-0.881,0.61,-1.966,0.937,-0.317,0.719,-0.335,0.652,-0.341,-2.722,-0.377,0.085,-1.241,1.497,-1.391,-1.115,-0.342,-0.02,1
1.017,-0.008,0.153,-1.775,-0.2,-0.896,-0.218,0.964,-1.509,1.894,0.056,-1.122,-0.928,-0.252,0.382,-1.313,-1.017,1.53,-0.584,2.53,-1.059,0.686,-1.332,0.254,-1.773,1.32,-1.14,-0.42,-0.396,-0.848,0
-1.733,1.175,-0.14,0.144,0.671,-1.823,-0.228,0.417,-0.607,1.015,1.094,-1.157,2.163,1.975,-2.015,-1.243,2.268,-0.107,-0.614,-1.629,1.317,0.744,0.731,-1.366,-0.222,1.508,-0.02,-1.894,-1.811,0.599,1
-0.447,-1.2,-0.168,-1.707,-0.431,1.12,-1.103,0.337,0.043,0.561,0.62,0.384,-0.099,-1.36,-0.898,0.881,0.067,0.989,0.062,2.561,0.55,1.558,-0.851,-0.137,0.641,-0.128,0.561,-0.881,0.952,0.722,0
0.847,-1.22,0.798,2.149,-1.335,-1.473,0.493,0.134,1.321,-0.31,-0.618,0.362,-0.002,-0.794,-0.428,0.884,-0.105,-1.405,-1.799,0.427,0.106,0.258,0.519,0.033,-0.604,0.285,0.607,0.047,0.795,0.584,0
-3.442,-0.374,1.441,-1.533,0.677,-0.015,1.854,0.002,2.209,-1.416,-0.132,0.008,-1.34,0.895,0.513,-0.247,0.415,1.029,-1.668,0.754,-1.34,-0.637,-0.739,-1.209,-0.857,0.814,0.665,0.285,-1.023,-0.04,0
0.356,0.668,-2.567,-1.358,0.268,1.271,0.56,-1.196,-0.771,0.188,-0.232,-0.627,1.839,-0.605,0.6,1.216,0.6,0.037,-2.081,-0.572,-0.517,0.352,0.161,0.512,-0.4,0.732,-0.126,0.218,0.049,-1.097,1
-0.935,-0.477,0.883,-2.282,-0.178,1.649,-0.221,-0.45,1.656,-0.288,2.15,0.11,-0.809,0.25,0.997,1.042,-3.193,-0.498,-2.053,0.15,-0.208,0.572,-0.24,0.945,0.898,-0.625,-0.79,-1.409,2.825,0.651,0
1.014,1.191,-0.741,0.425,-0.853,-0.128,-0.92,0.26,-0.193,0.31,0.749,0.226,-0.776,2.344,-0.453,0.241,-0.883,1.005,-0.549,1.798,1.548,-0.466,-1.621,0.504,0.473,0.608,-0.821,-0.369,0.232,-0.739,0
0.263,1.569,-0.239,0.59,0.129,-0.242,0.237,-0.621,0.173,-0.483,-1.232,0.443,0.523,-0.147,-1.972,-0.381,-1.526,1.216,0.885,0.88,-1.831,1.546,-0.537,1.47,2.142,-2.423,0.444,1.997,0.311,-0.481,0
0.629,0.397,0.926,0.496,-0.27,-0.088,-1.994,-1.069,0.06,0.41,1.007,1.632,-0.589,-0.922,0.894,-0.886,0.49,1.037,0.91,-0.425,0.083,-0.484,-0.966,-0.911,0.901,0.285,-1.742,-0.035,-0.068,-0.254,0
-0.422,1.371,1.473,-1.87,0.589,1.232,1.22,-0.111,-1.459,-1.161,1.429,-1.38,-0.836,0.676,-0.429,-1.292,1.216,1.341,-0.346,0.31,0.602,-1.273,-0.712,0.573,0.284,0.835,1.107,-0.965,-1.62,2.358,1
-0.841,1.254,-1.11,-0.174,-0.089,1.113,-0.325,0.291,-0.405,0.091,-0.703,-0.268,0.774,-2.02,-0.373,-1.211,-0.85,-1.646,-1.41,-0.244,1.096,0.349,0.429,0.826,0.255,0.377,-1.363,0.581,-0.207,-0.769,0
-0.171,-0.693,-0.87,1.353,-1.208,-0.113,-0.853,1.931,0.182,-0.53,-0.686,0.353,0.137,0.418,-0.824,-0.524,-1.204,0.893,0.435,0.625,0.193,-2.505,-1.61,1.266,-0.652,0.934,0.858,-0.211,0.764,-0.089,1
-0.072,0.13,0.293,-1.62,-1.32,-2.078,-1.438,1.669,-0.149,-0.101,-0.159,0.307,-0.65,-0.65,-1.209,-0.617,-0.715,-1.174,-1.42,-1.153,-0.416,-0.89,0.538,-1.125,0.959,-0.182,1.525,0.916,1.933,0.549,1
-1.773,-0.456,1.16,-2.155,0.769,1.431,-0.154,1.531,-1.134,-0.348,-1.127,-0.128,-0.269,1.431,-0.767,-0.53,-0.172,0.212,-0.192,0.992,2.07,-0.462,-1.936,1.14,-0.743,-1.748,0.692,1.168,1.872,1.876,0
-0.247,0.577,-0.217,0.372,-0.374,-0.045,-1.126,-0.525,-2.306,-1.241,-0.437,-0.415,-0.016,0.038,0.097,-0.031,1.513,0.457,-2.123,1.24,0.498,0.637,1.025,0.158,0.862,-0.564,0.708,-1.196,1.162,0.098,1
0.173,-0.399,-0.474,-0.736,-0.766,-0.288,1.207,-0.152,-0.669,-0.285,0.089,-0.612,-0.305,1.259,-1.728,-0.612,-1.155,1.376,-0.24,-0.112,-1.211,0.47,-1.736,0.562,-2.226,-0.056,-0.415,0.534,0.406,-0.756,0
-0.375,-0.292,-1.559,-1.146,2.319,1.762,0.961,-1.361,0.465,-1.415,0.847,1.421,0.473,-0.178,0.409,-1.002,0.029,0.415,-0.067,-0.144,-0.81,-1.773,0.587,-0.217,0.367,1.828,-0.136,-0.066,-0.026,-0.251,0
-0.436,0.028,0.948,-0.772,-0.158,1.45,1.937,1.578,-0.44,0.751,1.011,1.712,-0.868,-0.526,-0.784,-0.825,-0.04,1.67,1.439,-0.934,1.493,0.276,-0.4,-1.718,0.605,1.013,-0.274,-1.546,0.778,0.265,1
-1.486,-0.095,-2.083,-0.861,0.704,-0.67,1.918,1.319,-1.317,1.666,1.446,0.761,0.318,0.163,0.326,1.31,-0.908,-0.701,0.963,0.241,0.478,-1.493,0.163,0.452,-0.625,-0.646,-1.224,-1.518,0.071,-0.633,0
0.682,-0.361,-0.193,-0.891,-1.223,0.326,-0.829,-0.979,0.272,-1.491,-1.359,-0.115,-0.048,0.352,1.543,1.918,2.955,1.038,-0.481,2.323,1.589,-0.573,-1.367,0.39,0.993,-1.668,0.219,1.62,0.515,-0.837,1
0.634,-1.151,-0.235,0.556,2.008,2.271,0.008,-0.486,-0.647,-0.687,0.113,0.599,2.246,-1.088,0.916,-0.065,-0.347,-0.424,-0.686,-1.669,0.249,0.964,1.568,0.648,-0.979,0.377,-0.787,-0.812,-0.732,-0.303,0
-1.336,0.352,0.878,-0.451,-1.398,-0.333,0.937,-0.617,0.341,-0.585,0.616,-0.9,-0.988,-1.046,-1.028,-1.414,-0.332,1.003,0.055,-1.116,0.297,-0.387,-0.704,1.017,0.852,-0.01,-0.513,-0.187,-0.186,-0.346,1
0.79,1.443,-0.706,-0.665,-0.356,-0.657,-0.551,-0.097,0.885,0.46,1.977,0.476,-0.652,-0.652,1.398,1.064,-0.255,0.364,-0.425,-1.19,0.422,0.312,1.547,-0.132,0.096,-0.361,-0.351,1.505,0.742,-1.122,0
0.287,1.641,-0.577,-1.285,0.413,1.079,1.104,-1.682,0.844,-0.752,1.135,-0.886,0.067,0.224,-0.448,0.044,-0.076,-0.803,-1.239,-1.523,-1.548,0.677,0.836,0.167,-2.58,-0.55,1.832,-0.352,-1.553,-0.958,0
-0.767,-0.001,0.319,-0.719,1.776,0.798,-1.094,0.489,1.166,0.321,-0.496,1.379,1.201,0.633,1.246,1.261,-0.578,-0.15,0.353,-1.038,-1.132,-1.535,0.046,0.997,-0.907,0.548,0.242,-0.792,-0.937,2.341,0
0.183,-1.127,0.092,1.48,-0.075,-0.285,-0.144,0.349,0.341,0.737,-0.072,0.015,1.035,1.634,-0.461,1.142,-0.208,-0.62,0.798,-0.621,0.686,-0.763,-1.565,-0.962,2.156,0.307,-0.851,-0.872,0.743,-0.307,0
-0.967,0.966,-0.799,0.49,0.69,-0.917,-1.506,0.095,0.856,0.238,0.082,-2.624,0.975,1.337,1.662,-2.138,0.627,-0.346,-0.617,-0.071,-0.25,-0.748,0.555,0.693,-1.477,-1.849,0.164,0.048,-0.545,-0.594,1
-1.44,0.708,-0.766,1.138,-1.165,-1.857,0.427,-0.568,0.34,-0.624,-1.505,-0.286,0.468,-0.366,-0.961,1.465,0.291,-1.793,0.395,0.258,-0.499,-1.704,-0.712,-0.547,1.19,-1.199,0.434,-0.01,-1.924,-0.83,1
-1.543,-1.535,-0.705,-0.465,-0.606,-0.129,-1.114,0.241,-0.128,-1.425,1.506,0.785,-0.405,-0.253,2.014,1.92,-0.703,1.284,-0.126,1.666,0.433,0.138,0.234,-0.49,-1.165,-1.656,-1.253,-1.237,0.294,0.938,1
0.353,-0.233,-0.499,-0.201,-2.02,0.434,0.587,0.881,-1.389,0.136,-0.734,-2.064,-1.417,-0.281,-0.02,0.823,-0.732,0.699,0.261,-0.172,1.417,0.526,1.198,-0.471,0.85,0.408,1.363,-1.463,0.791,-0.845,1
0.709,-0.752,-0.546,0.026,2.326,-0.378,-0.836,0.879,1.37,0.729,0.684,0.781,0.467,-2.036,0.448,-1.634,-1.829,-1.819,-0.301,0.978,0.082,-1.86,-1.249,1.397,-0.693,0.649,0.776,-0.326,-1.08,-1.703,1
-0.97,-0.673,-0.171,-0.071,0.778,-0.369,-0.832,0.579,-1.106,1.859,0.182,-0.043,0.509,0.668,0.459,-0.739,0.59,-1.425,0.034,-0.959,1.321,0.619,0.948,1.803,0.072,1.263,1.372,-0.224,0.069,0.301,0
0.019,-0.454,-0.967,-0.338,0.71,-0.695,-0.247,0.397,-0.256,0.905,1.2,-1.064,1.364,0.194,-0.927,0.36,1.599,-0.896,0.872,1.01,0.647,1.687,-0.04,0.416,0.108,0.282,-0.524,2.259,-1.362,-1.073,1
0.232,1.814,2.306,-0.986,1.126,-0.029,0.782,1.272,-1.558,1.281,0.622,0.734,-2.088,-0.719,-0.224,-0.037,0.23,0.885,1.616,0.058,0.932,-0.24,-0.515,-1.229,-0.624,-1.571,0.867,0.869,-1.454,-0.777,0
-0.493,0.329,0.196,-1.13,0.332,-0.296,1.287,-1.71,-1.017,0.443,1.495,-0.187,-0.177,-1.084,-0.627,0.104,0.057,-0.814,0.904,0.061,-1.19,-0.65,2.899,0.984,-0.749,0.93,-0.732,2.371,1.846,2.247,0
0.191,1.172,-0.034,0.056,-1.12,-0.516,-0.683,-1.715,0.426,-0.35,-1.191,-1.494,1.268,1.319,-1.258,0.184,0.332,-1.154,0.989,-0.953,-0.272,1.739,2.579,0.058,1.033,-1.519,-1.06,-0.286,0.26,0.529,1
-2.288,-0.232,-0.333,0.285,-2.301,-0.419,-1.029,1.058,1.121,2.315,-0.93,-1.099,0.749,1.24,0.327,-0.624,1.52,-1.662,0.719,0.569,0.682,-0.905,-0.233,-0.04,2.409,-1.571,-0.663,-2.12,-1.805,1.057,0
-1.693,-1.186,0.095,0.39,1.016,-0.326,0.219,-0.407,-0.908,-0.238,1.635,0.033,-0.673,0.598,0.982,-0.877,-0.893,-0.001,1.482,0.108,0.134,0.466,-0.349,0.324,0.336,-0.156,0.721,-0.356,2.487,1.29,0
-0.142,0.461,-1.624,0.065,1.105,0.804,1.807,0.563,0.364,-0.157,0.124,0.705,-0.15,-1.041,0.295,1.307,-0.453,-0.193,-1.551,0.451,-1.439,-0.879,0.773,0.22,-0.677,0.88,-1.617,-1.322,-0.395,1.224,0
1.084,-0.24,-1.736,1.209,-0.124,0.76,2.505,-1.002,0.704,0.084,0.301,0.04,1.8,-1.482,-1.619,-0.158,-1.705,0.61,0.577,0.372,0.366,0.03,1.486,-1.585,0.384,-2.39,0.467,1.799,-0.36,-1.213,0
1.124,-2.05,0.355,0.817,0.071,-0.116,-0.544,1.161,1.098,-0.263,-0.827,-0.334,2.555,2.29,-1.461,1.187,-0.294,-1.331,-1.002,1.123,0.655,-1.166,-1.497,0.463,-0.013,-0.0,-1.875,-0.352,1.479,1.061,0
-1.484,0.654,0.289,-0.9,-0.207,-0.276,2.248,0.586,-0.175,-0.766,0.507,0.808,-1.284,0.795,0.243,-0.858,-1.951,0.313,-0.56,0.516,-1.06,-0.567,-1.033,-3.186,-1.423,0.178,0.79,-0.078,1.155,-1.752,0
-1.937,0.533,-0.031,-0.934,-0.539,0.723,-0.063,-0.622,-0.268,0.701,0.321,0.011,1.273,2.689,-0.76,0.053,-0.324,0.675,1.069,1.457,-0.094,1.745,0.776,1.568,0.577,-0.147,-0.862,0.101,-0.165,0.19,1
-2.978,-0.375,-0.711,-1.574,-0.568,0.355,0.575,0.087,-0.803,0.086,-0.358,-0.57,0.89,-1.078,0.466,-1.01,1.163,-1.213,-0.56,0.474,0.545,1.08,0.343,-0.849,0.7,1.036,0.378,-1.483,0.055,-0.515,0
0.474,-0.533,-0.14,0.439,-0.153,-0.397,-1.247,-0.262,0.942,-0.803,-0.513,-1.07,1.104,0.134,-0.56,-1.857,0.332,0.329,-1.365,1.477,-0.816,-0.711,-0.154,-0.52,0.253,1.319,-2.12,-0.561,-1.94,0.097,0
-1.205,0.675,-2.052,-0.011,-1.24,0.236,-0.406,-0.805,0.454,-0.968,1.04,0.274,1.353,0.052,0.186,-0.691,-0.058,-0.632,-0.742,0.888,-1.597,0.092,0.395,0.145,-0.756,2.26,-0.407,0.34,0.682,-0.751,1
-0.026,-1.285,0.602,-0.701,-1.158,-0.583,-0.413,-0.086,-0.093,-0.171,-0.021,0.842,-1.874,1.218,0.387,-0.804,-0.28,-0.648,0.182,-2.078,0.611,0.432,-0.095,-0.383,-0.505,0.587,0.046,-0.703,0.172,0.133,1
0.348,0.682,-1.319,-0.807,1.535,0.911,0.509,1.125,-0.006,-0.281,-0.83,0.127,0.348,-1.697,0.547,0.273,0.515,-1.429,0.006,1.545,-1.111,0.702,0.447,-0.989,-0.551,2.048,-0.074,-0.16,-0.616,1.432,0
0.15,-0.451,0.46,-0.367,0.62,2.216,0.162,-2.368,-1.993,-0.653,-2.446,-2.252,0.821,0.865,0.797,0.441,0.208,-0.348,-0.808,0.249,-0.596,-1.09,3.179,-0.661,-0.885,-0.594,-0.105,0.627,0.253,-0.937,1
0.273,0.937,0.91,0.066,1.657,1.516,-1.23,-1.39,-0.587,-1.946,1.921,0.703,-0.766,-0.026,-0.954,-0.164,-1.157,0.002,-0.43,0.865,0.014,0.195,-0.482,-0.096,-1.137,-1.339,-0.768,-0.952,0.032,0.655,0
0.38,0.317,2.573,0.391,-0.751,-0.138,-0.722,0.679,1.501,0.107,0.431,1.438,1.499,0.883,-0.123,-0.316,-1.123,-1.172,0.38,-2.634,-1.551,0.284,1.261,0.144,1.136,-0.259,-0.424,-1.67,0.555,-0.43,1
-0.755,0.757,2.107,0.361,-2.233,-0.458,-0.835,-1.825,-1.039,0.717,0.309,-0.271,0.794,-0.369,0.99,-1.449,1.134,0.591,-0.602,-0.908,0.753,-1.905,1.434,0.51,0.35,1.282,-1.57,-0.722,1.121,-0.659,1
-0.132,-1.293,1.157,-2.569,-1.651,-0.87,0.968,0.039,1.068,2.156,-1.208,1.175,0.035,0.057,0.002,0.182,-0.671,-1.422,1.656,-1.96,-0.906,0.68,-1.5,-0.336,0.692,0.157,-0.481,0.04,1.575,-1.346,1
-0.551,-0.443,-1.393,1.045,-0.485,-0.866,-1.667,-2.02,1.311,-0.558,-1.176,-1.823,-1.896,-0.385,-0.169,0.135,0.413,-0.16,2.553,-1.659,1.192,-0.663,0.853,-0.066,1.603,0.464,-0.594,-1.615,-0.988,-0.399,0
1.15,-0.637,-0.399,0.774,-0.775,0.246,-0.297,-1.118,0.575,0.868,1.484,-1.29,0.912,0.816,1.502,-1.62,1.067,-0.637,0.144,-0.113,-1.192,2.115,-0.174,-0.606,-1.339,0.275,-1.236,-1.162,-0.496,-0.227,0
-0.733,-0.097,0.596,0.371,-0.777,0.373,0.779,-0.368,0.593,0.644,0.202,-0.656,1.148,0.456,1.034,0.504,0.916,-0.213,0.107,1.005,1.267,-0.491,0.116,-0.972,-0.015,0.353,-0.444,-1.443,0.389,0.723,0
-0.164,0.315,-0.132,0.836,0.698,1.074,0.046,-0.476,-0.61,-1.938,-0.095,0.92,0.949,0.305,-0.393,0.712,-1.431,0.911,1.286,0.257,-1.328,-0.643,0.254,-0.375,-1.141,0.444,-0.74,0.058,0.931,0.422,1
0.088,0.771,-1.857,-0.294,-2.149,-1.481,0.669,0.029,0.345,-0.401,-0.106,0.683,1.007,-1.766,-1.208,-0.357,-0.714,0.959,0.746,-0.393,-1.673,0.072,0.984,0.235,0.552,-1.588,-0.784,-0.547,1.005,-1.81,1
0.67,-0.062,0.347,0.774,0.693,0.285,-0.589,1.537,0.597,-0.89,-0.164,0.06,-0.077,-1.151,-1.818,-0.7,-1.014,-0.906,-0.451,0.779,-1.038,0.878,0.637,0.523,-0.319,0.708,-0.051,-1.068,-0.439,-0.768,0
-1.207,0.414,-0.689,-0.297,-1.559,0.146,1.304,-0.282,-0.714,-1.609,-0.431,-0.043,-1.541,2.46,0.396,0.986,-0.328,-0.248,-0.123,1.738,0.099,1.21,-1.878,-0.8,1.972,0.629,-0.43,-1.028,-1.186,1.529,1
-0.2,0.234,-2.224,-0.831,1.531,1.267,0.275,-0.195,-0.688,-1.002,-0.164,-1.431,0.16,0.411,-0.791,1.804,-0.692,0.218,-0.459,-0.268,-1.336,0.614,-1.496,-1.235,-0.714,-1.047,0.979,-0.402,-1.123,0.311,1
0.543,0.204,0.59,-0.926,0.367,0.714,-0.889,0.333,-0.503,-0.4,-0.43,0.955,0.747,-1.432,-0.607,-0.229,-0.519,0.038,-1.539,-0.131,0.898,1.339,-0.135,-1.02,-1.811,-1.422,0.221,-1.507,-0.852,0.154,1
0.562,0.467,-1.677,0.606,1.804,1.518,1.205,1.565,1.023,1.287,1.988,-0.372,-0.453,-0.104,-1.068,0.754,-1.278,-0.317,-0.266,1.182,-1.227,0.429,-0.841,-0.879,-0.084,0.744,-0.167,-1.382,0.236,0.06,1
-0.218,0.004,0.087,-0.386,0.966,-0.31,0.884,-1.559,0.9,0.021,0.086,0.199,0.786,-0.547,0.034,0.052,0.257,1.828,-0.995,-0.472,-0.209,0.186,0.202,-0.926,1.579,-0.002,-0.432,0.371,-1.973,0.2,1
0.355,-0.821,-0.302,1.225,0.4,1.672,-0.243,1.433,1.159,1.511,0.728,-0.633,1.139,-1.399,0.881,0.451,-0.499,1.174,-0.17,-0.427,1.403,1.679,-0.496,-0.276,-0.031,-0.332,0.183,-0.258,-0.863,-0.591,0
0.974,0.571,0.735,0.67,0.417,1.406,-0.507,-0.144,-0.179,-0.126,1.348,-0.083,-0.148,-2.312,1.433,0.685,0.279,-0.42,-0.767,-0.357,-0.932,0.278,0.357,1.922,1.273,-1.217,0.574,-0.977,-0.03,-0.995,0
0.921,-0.288,-1.162,-0.398,-1.065,-0.407,-0.812,1.479,0.259,0.573,-0.287,-0.877,1.179,0.959,0.849,-1.397,1.059,-0.183,-0.909,0.155,-0.013,0.436,-0.151,1.162,-0.462,-0.222,-0.18,0.308,1.388,-1.845,0
0.185,-0.317,0.788,-1.935,0.733,1.803,1.75,-1.052,-0.103,1.622,0.37,-0.463,-0.446,0.29,0.326,-0.718,-0.414,-0.284,-1.021,0.496,0.677,-0.707,-1.321,0.069,0.283,1.253,0.035,0.553,-0.111,-1.194,0
-1.237,1.586,-0.1,-1.285,0.254,-0.23,0.564,-0.45,-1.342,1.46,0.785,0.189,0.349,0.376,0.703,-0.121,-0.529,-0.13,-0.191,-0.49,-0.81,-1.576,0.351,0.159,-1.245,0.236,1.104,-1.375,0.883,-1.041,1
0.111,-2.238,0.726,-0.304,1.045,0.947,1.086,-2.399,-0.581,-0.849,0.235,-0.23,0.814,0.611,-0.801,-1.482,-1.577,-0.068,0.654,0.484,0.131,-1.916,0.021,1.02,-1.439,0.774,-0.022,0.805,-0.389,1.065,1
0.44,-0.365,-1.403,0.411,0.172,0.125,0.32,0.784,-1.099,0.918,0.765,1.387,-1.479,-1.735,0.967,0.926,-0.227,-1.678,-0.361,-0.203,1.035,0.205,0.724,1.237,-1.56,-0.387,0.377,-0.224,0.208,1.318,0
-1.14,-1.142,-0.88,-0.273,0.445,0.771,0.652,-0.495,-0.838,0.585,-0.905,0.16,0.003,0.515,0.505,0.304,-0.418,0.102,-0.106,-0.758,2.107,1.754,0.544,1.59,-1.333,-1.777,1.546,0.466,0.27,-0.746,0
-1.321,-0.006,-0.627,0.035,-0.672,-0.567,0.727,-0.241,0.473,-0.979,-0.196,1.455,0.893,0.988,0.11,0.092,-0.084,-1.334,0.918,1.319,-0.283,-0.82,-0.391,0.683,0.003,0.664,-1.512,0.566,-0.104,0.187,1
-0.075,-0.34,1.022,-0.946,-1.485,-0.014,-0.365,-0.147,-1.372,-0.46,-0.719,-0.299,1.568,0.895,1.58,-0.98,0.459,-0.664,-1.079,-0.63,-0.58,-1.363,0.331,0.575,0.27,0.504,-0.37,-1.451,1.812,-0.132,1
1.595,-0.681,-0.973,1.441,-1.485,-0.079,-1.307,0.309,-0.391,-0.059,0.151,0.647,0.586,-0.154,0.186,-0.238,-0.52,0.121,-0.617,-0.95,0.196,0.647,1.265,1.078,-1.095,1.369,2.218,0.384,-0.221,0.614,0
-1.172,0.347,-0.188,-0.187,0.281,0.975,0.999,-1.256,-1.191,-0.482,-0.212,0.194,-0.02,2.349,-0.914,0.86,0.304,1.829,-0.066,-0.849,0.383,-0.379,-0.448,0.652,-0.634,1.934,-1.78,0.943,0.269,0.801,0
-0.918,0.086,-0.719,0.571,-0.469,-0.317,1.876,0.692,-0.805,0.324,0.447,-0.814,0.007,0.375,-0.656,1.608,0.679,-1.279,-1.432,-0.435,1.229,-1.137,0.639,-1.304,-0.737,-0.771,-0.567,-1.517,0.513,0.403,0
1.481,-1.317,-0.503,-1.539,-0.909,-1.076,-0.403,-0.065,1.531,-0.949,0.955,-1.854,-1.722,0.093,-1.416,0.329,0.523,-0.9,0.024,0.17,-0.565,1.532,0.97,-0.506,-0.349,-1.969,-0.973,0.451,-1.402,-0.295,0
-1.473,-0.069,-1.049,-0.452,0.259,-1.6,0.038,-1.266,1.139,-1.31,0.917,-2.671,1.033,-0.674,1.384,-0.313,0.485,0.443,0.077,1.083,0.036,0.971,-2.188,-1.183,0.249,1.452,-0.042,0.754,-0.426,0.9,1
-0.619,0.359,1.48,-0.25,1.476,-1.84,0.149,1.288,-0.935,0.117,-0.225,1.466,0.759,-0.418,1.631,1.144,-0.096,0.573,1.341,0.407,1.372,-0.079,0.377,0.201,-0.533,0.202,1.875,0.844,0.517,0.028,1
0.427,-0.079,-0.169,-1.268,1.112,-2.156,-1.153,-0.535,1.735,-1.21,0.051,-0.629,0.549,-0.532,0.583,-1.538,1.492,-2.035,0.148,-0.345,0.21,0.759,0.353,-2.426,0.942,-0.27,1.053,-1.662,0.255,2.065,0
0.834,1.36,0.251,-0.135,-1.26,1.139,-0.263,1.515,-3.437,-0.477,0.135,0.081,-1.95,0.753,-1.11,0.471,1.662,1.773,-2.068,0.953,1.23,0.56,-0.148,0.316,-1.913,0.169,-0.076,1.195,0.748,2.28,0
-1.55,0.545,0.855,0.613,-1.927,-0.269,1.121,1.571,-1.103,0.016,1.078,-0.1,-0.062,-1.032,-0.2,-0.147,-0.258,-1.05,-1.099,0.874,0.783,-0.377,1.047,-0.956,-0.143,2.649,0.62,0.023,-0.948,0.371,1
-0.085,0.255,0.095,-0.344,-1.423,0.382,2.343,-2.068,0.415,0.904,0.881,1.847,0.521,0.23,1.317,-0.417,-1.244,-0.422,0.259,0.325,-0.374,0.576,-0.549,1.067,0.18,0.856,-2.543,1.178,1.733,1.314,1
0.188,0.425,-0.37,0.517,-1.353,-0.2,1.553,-1.019,-0.146,-0.524,-1.625,-0.824,0.107,2.718,-0.027,0.954,0.398,1.158,-2.078,-1.257,0.371,1.674,0.692,-2.019,1.55,-1.874,-0.796,-0.205,1.143,-1.006,1
2.112,-1.296,-1.493,-1.053,1.597,1.846,-0.819,1.422,-0.723,0.656,-0.335,0.694,0.417,-0.398,-0.811,-0.09,-1.427,1.26,-0.559,-0.915,-0.61,-0.363,-1.226,0.379,-0.784,-0.053,1.241,-0.871,-1.34,0.005,0
-0.491,0.026,-0.981,0.408,0.064,0.288,0.89,-0.885,1.201,-0.369,-1.3,-1.635,-0.216,-1.223,0.896,0.617,0.095,-0.057,1.31,-0.219,1.106,-1.363,0.368,0.117,0.271,-1.819,-1.204,0.381,-0.464,-0.045,1
1.731,0.362,0.564,0.163,0.531,-0.116,-0.687,0.401,2.659,-0.015,1.029,-0.682,2.105,-0.633,0.151,-0.271,0.089,1.779,0.914,-1.969,0.603,0.574,1.486,1.068,-2.534,-0.566,0.302,-0.369,-0.591,-1.332,0
-0.868,0.692,-0.033,-1.469,1.43,-0.016,1.384,0.06,0.107,-0.46,0.33,-0.485,-1.728,-1.621,-1.255,0.105,0.072,-0.656,-0.118,-1.298,1.894,-0.255,0.935,1.029,-0.523,-1.834,-1.151,0.159,-0.373,0.056,1
0.036,0.591,1.571,-1.276,-0.616,0.63,-0.476,-0.348,-0.621,-0.713,-0.516,-0.001,-0.582,-1.616,0.665,-0.953,1.113,-2.38,-0.163,-0.946,0.93,-1.101,0.006,3.294,-0.842,0.774,0.219,0.301,0.179,0.824,0
2.494,-1.641,-0.405,1.192,1.539,-0.06,-0.249,0.96,-2.592,-0.001,0.493,-0.366,-1.057,-0.176,0.396,0.219,0.034,-1.472,-0.096,-0.201,-1.953,-0.761,0.704,1.939,-0.182,-2.36,0.266,0.286,-0.554,0.973,1
0.147,-0.2,0.227,0.511,-2.486,0.987,-0.308,-0.498,1.802,2.293,-0.125,1.643,-0.128,0.79,0.263,-0.055,-0.059,-0.046,-0.207,-0.237,-0.295,0.357,-1.184,1.081,0.675,2.006,-0.439,1.34,-1.856,1.706,0
-0.117,-0.328,-0.27,1.58,-1.216,-0.619,0.05,0.391,0.595,0.076,0.19,0.667,0.302,-0.265,0.144,2.04,-0.005,-0.044,-0.156,0.715,-0.839,-0.237,0.339,0.098,-0.227,1.69,-0.253,0.921,2.343,-0.872,0
0.551,0.319,0.53,0.687,1.171,-1.008,-0.774,1.306,-0.493,-2.009,-0.05,0.154,-0.708,-0.446,-0.949,0.335,-0.899,0.51,-0.459,-0.491,-0.933,0.155,-0.935,-0.521,0.436,-0.316,-0.83,1.224,-2.312,-0.655,0
0.296,-0.667,-0.89,-1.134,-1.068,-0.82,0.861,0.411,1.407,0.726,-0.45,0.396,0.788,0.721,-0.756,0.553,0.792,0.197,1.467,2.452,-0.999,-0.314,-0.928,-1.679,-1.563,-0.311,-0.132,-1.111,0.764,1.133,0
-1.219,-0.269,0.268,-0.168,0.103,0.394,0.713,-1.328,0.151,0.022,-0.308,1.698,-1.966,-1.946,0.894,0.053,0.745,-0.328,-0.753,0.971,-1.133,-0.093,0.2,-0.787,0.411,0.633,-0.87,0.001,-0.703,0.998,0
-1.098,-0.447,-0.408,-0.065,-0.582,-0.606,-0.967,-0.353,-1.828,1.088,1.969,-1.586,2.745,1.218,0.156,0.441,0.298,-0.252,-0.1,0.353,-1.182,0.18,-0.915,0.546,-1.081,-0.177,-0.746,-0.212,-1.843,-0.06,0
-1.616,-0.007,1.137,1.319,0.401,0.622,-1.346,0.101,-1.202,0.113,0.035,0.002,-0.242,-0.618,1.944,0.042,0.634,-0.153,-0.199,-0.154,-0.944,-1.898,0.554,1.095,-1.586,-0.25,0.764,-1.7,-0.99,-1.143,1
2.092,0.198,-0.898,-0.788,0.499,-1.102,-0.273,0.734,0.277,-0.501,-0.232,0.071,0.226,-1.449,0.381,0.556,1.176,-1.394,1.092,-0.597,0.522,-0.663,0.466,-0.444,-1.455,-0.055,0.224,0.211,-0.866,-1.554,1
-1.133,1.123,-0.153,2.246,0.996,-1.091,1.83,0.188,-0.554,0.594,-0.358,-2.402,0.726,1.0,0.535,0.907,2.117,0.336,-0.088,1.055,0.799,0.777,0.986,1.793,-0.817,2.12,-0.155,0.474,-0.991,-1.042,1
0.154,0.14,-1.884,0.351,-0.392,-1.757,-0.391,0.009,0.703,0.865,-0.285,-0.659,-2.351,-0.553,-0.681,-0.256,1.454,-0.683,-0.36,-0.61,-2.996,-0.282,0.603,-0.683,0.958,1.637,-1.518,1.924,-1.984,-1.389,0
0.926,-0.797,-0.145,-0.072,0.66,-0.641,0.938,-0.44,0.814,-1.056,-0.072,0.152,-1.23,0.296,0.756,0.416,-0.498,1.466,-1.226,0.755,-0.123,-0.86,-0.458,0.132,-1.29,0.677,0.681,-0.945,1.001,-0.022,1
-0.077,1.546,-0.457,2.186,0.381,0.386,2.785,-0.788,1.399,0.672,-0.507,-0.83,0.743,0.397,-0.242,-0.742,-1.12,-1.102,-1.048,1.566,-0.457,-0.103,-0.191,-0.774,1.232,0.235,-0.454,1.844,-1.621,2.161,1
0.524,-0.308,-0.418,-0.81,0.807,0.207,-1.284,0.478,-2.485,2.121,1.098,-0.277,-0.004,1.134,1.001,-1.065,0.279,-0.695,0.253,-0.089,-0.392,0.873,0.877,-0.097,0.148,0.34,0.539,2.908,-0.416,-1.453,0
-0.062,-0.416,-0.97,1.738,-0.168,-1.195,-0.071,0.277,-0.045,1.603,0.835,-2.06,0.641,-0.063,0.386,1.014,-1.118,0.831,-0.077,0.344,-0.321,-0.508,-0.897,-0.493,-2.646,-1.061,0.381,0.302,0.349,1.953,1
-0.063,2.013,0.052,-1.303,-0.869,-1.571,-0.544,0.235,-1.617,0.151,0.785,0.592,1.005,1.057,0.174,1.003,-0.696,0.81,0.44,1.34,-1.453,-2.104,-1.886,1.249,0.001,-0.619,0.071,-0.435,-0.272,-0.628,0
0.888,-0.824,-0.601,-0.433,-1.138,1.18,-0.805,-0.549,-0.834,1.171,-0.508,-1.004,0.565,0.588,-0.604,1.167,-0.34,0.615,0.241,0.98,-0.179,-0.254,-0.561,-0.674,-1.049,1.195,1.911,0.929,0.372,-1.628,1
-1.2,-2.059,0.244,0.759,-1.129,-1.019,0.888,0.431,-0.761,-2.68,-0.566,0.426,0.898,-0.701,0.078,-1.297,-0.608,-0.045,0.059,-2.276,-1.214,-0.629,-1.932,-0.481,-0.078,1.161,-0.525,-1.96,3.109,-1.483,1
-0.388,0.741,-0.403,0.294,0.297,-0.229,-1.011,0.882,0.509,-1.002,0.104,1.041,-1.179,0.843,0.287,-0.688,-1.164,0.41,-0.172,0.473,0.152,0.838,1.353,0.621,-0.43,0.744,-0.527,0.039,-0.192,0.264,1
1.119,-0.107,-0.541,1.006,-0.143,0.971,-1.578,0.19,0.873,-0.372,-0.666,0.12,0.997,-1.14,0.754,-0.244,-0.042,0.67,1.745,-1.773,-0.696,0.063,0.038,-0.778,-0.226,-0.368,1.504,1.52,-1.193,0.43,1
-1.975,-2.161,-0.238,0.016,-0.757,0.418,-1.429,1.517,0.009,-1.327,-0.084,-0.129,1.24,-0.513,-1.033,0.95,0.559,0.494,1.613,-1.657,-0.484,-0.645,0.011,0.686,-1.471,-1.346,0.21,-1.944,-0.337,-1.798,1
-0.16,-0.111,0.62,2.764,0.612,0.849,-1.776,-1.303,-0.532,0.54,0.663,0.667,-1.461,0.431,-0.744,-0.349,-0.677,1.085,-1.475,-1.255,-2.307,-0.762,-0.402,1.611,1.077,-0.38,-1.126,1.091,1.955,-0.022,1
-0.301,0.743,0.517,0.452,0.042,0.594,-0.585,-0.773,-1.016,-0.809,1.553,1.549,1.393,-0.066,-0.323,0.58,-0.673,-0.226,0.431,0.256,-0.43,-1.072,0.221,0.373,-1.368,-1.02,0.953,0.065,-0.024,0.644,0
1.71,-0.692,-1.396,0.728,0.773,1.148,-0.705,-0.694,-1.067,-1.066,-1.705,-0.409,1.123,-0.887,-1.132,0.234,1.503,-0.287,1.056,-1.374,0.188,-1.128,0.049,0.722,2.328,-0.913,-0.208,0.007,-1.657,0.648,0
-1.232,1.274,-0.053,0.838,0.571,-1.495,-1.317,-1.767,1.213,0.852,-1.554,-0.034,0.096,1.431,0.323,-2.067,-0.893,-0.52,-0.795,-1.267,0.018,1.942,-0.451,1.288,1.526,1.113,-1.444,-0.117,2.239,0.941,0
-0.674,-0.495,0.507,1.445,-1.098,-0.546,0.614,1.157,0.56,0.136,-2.021,1.187,0.275,0.86,-0.593,1.171,2.04,1.906,1.943,0.321,-0.925,1.197,-0.787,0.232,-0.049,-0.588,-0.379,-1.696,0.417,1.673,0
-0.302,-0.138,0.563,0.341,-0.265,-1.325,0.178,-2.662,-1.626,-1.376,-0.649,1.031,-0.65,-2.648,-0.369,0.851,-0.288,-0.488,-0.207,1.044,-0.544,-1.878,-0.66,-0.85,1.046,0.164,-1.312,0.69,1.044,-0.345,0
0.024,-0.768,-0.145,-0.746,-0.938,-1.069,-1.587,0.439,0.617,0.044,-1.824,1.494,2.135,0.215,0.93,0.745,0.406,1.44,-0.811,1.433,-0.717,0.245,-0.795,-0.306,0.105,0.105,0.157,0.022,-2.237,-1.224,0
-0.175,-1.139,-0.778,-0.796,-3.058,0.557,2.579,-1.003,0.904,0.559,0.507,-0.094,-0.075,-1.792,-0.068,0.512,-0.755,0.957,-0.839,-0.072,-0.222,-0.442,-1.288,-0.992,-0.294,-0.062,0.637,0.543,-2.305,1.927,1
-1.049,0.982,0.362,-1.278,-0.437,-0.957,1.267,-0.1,-0.258,0.69,0.014,1.398,-2.099,-0.391,0.48,0.157,-0.117,0.142,-0.625,0.336,-0.292,-0.764,0.436,0.079,0.36,-0.902,0.396,-0.698,-0.4,-0.437,1
-1.815,-0.183,-0.043,-0.95,1.862,-0.423,0.525,-1.859,1.007,0.593,0.194,-0.301,0.955,1.106,-2.5,1.128,2.608,0.142,-0.165,0.414,-0.624,-1.583,1.036,-1.087,-1.753,-0.102,0.466,-0.221,0.101,-0.893,1
1.058,-1.397,0.182,2.382,-0.271,0.834,-1.101,-0.241,-0.416,0.334,-0.856,-0.672,-0.145,-0.274,1.162,0.167,0.134,0.31,-0.513,0.422,0.338,-0.943,-0.644,1.181,0.419,0.456,0.986,-0.513,0.865,0.132,1
0.89,-0.41,0.701,-0.855,1.817,0.163,-0.864,1.642,0.924,-1.071,0.178,1.223,0.086,1.055,0.083,0.868,0.08,0.27,0.457,0.104,-0.374,0.329,-0.159,1.636,1.022,1.451,0.383,-0.776,0.149,-0.966,1
0.726,-1.797,0.158,0.716,0.214,-0.278,0.167,-0.592,-0.176,0.576,0.175,-0.287,-0.333,-0.575,-1.614,0.728,0.482,-1.137,1.006,-1.851,-0.855,0.86,0.486,-1.614,0.427,1.441,0.413,-0.398,1.525,-0.115,1
0.906,2.407,-0.153,0.238,-1.241,1.696,-1.047,-0.738,-0.761,0.128,0.003,-0.656,0.912,-0.044,0.449,1.384,-0.771,0.896,0.543,-0.664,1.642,-0.583,1.35,0.448,1.28,-1.141,-0.852,-1.963,-0.611,-0.353,0
-0.907,-0.963,1.195,-0.157,1.343,-1.639,1.381,1.423,0.293,1.467,-0.178,-1.702,-0.37,1.229,0.409,-1.166,-1.403,0.93,-0.816,-0.54,1.243,-0.584,-0.254,-1.163,-0.281,-1.114,-0.784,0.093,-0.294,0.64,0
0.341,-0.197,-0.072,-0.172,-0.603,-1.395,-0.319,-1.672,0.138,0.09,0.57,-0.488,0.096,0.087,-2.108,0.119,0.338,-1.57,0.14,1.18,-0.981,0.671,2.203,-0.804,0.8,0.523,-0.415,0.465,0.606,-0.075,1
1.205,2.027,-0.849,0.75,-0.488,-0.778,-2.063,0.671,-0.118,-0.868,-1.271,-0.12,0.517,1.232,0.632,2.148,0.048,2.328,1.721,0.382,0.437,0.035,-0.278,-1.11,0.145,-2.3,0.048,1.023,-0.545,-0.278,1
-0.611,-1.192,0.061,-1.169,0.118,-0.975,0.209,-0.424,1.535,0.391,0.457,1.279,0.442,1.34,-1.198,2.562,-2.736,-0.495,0.083,0.093,-0.702,0.091,0.177,0.841,0.309,-2.203,-0.022,2.45,0.875,-0.828,1
-0.234,-0.075,0.395,-0.353,0.526,1.741,-0.764,0.797,-0.181,0.383,1.587,1.561,0.83,-0.928,0.403,-2.127,1.914,-0.255,-0.698,-0.583,2.505,-0.676,-0.668,-0.253,0.765,-0.31,1.437,0.185,0.338,0.006,0
-1.812,-0.279,0.303,0.021,-0.115,1.649,-0.181,0.778,-1.684,0.243,0.866,1.196,-0.333,0.157,-0.419,-0.113,0.336,0.436,1.465,-0.576,0.317,-0.645,2.512,0.174,-0.992,-0.914,0.67,0.472,1.029,0.056,0
0.486,1.374,0.401,-0.573,-1.247,0.346,0.414,0.046,-1.557,-0.859,-0.567,-0.053,1.256,1.104,-1.701,1.526,-2.394,-0.468,-0.096,-0.002,-1.512,-0.582,-1.309,-0.735,0.855,0.61,1.238,-0.135,-0.049,-0.167,0
0.513,-0.442,-0.1,-0.117,1.929,-1.453,0.739,2.22,-0.248,0.065,1.028,-0.994,-0.558,1.869,-0.747,1.317,0.697,-0.095,1.033,-0.357,0.34,0.088,-1.377,-2.348,0.591,-0.078,-0.638,-0.407,0.777,0.796,0
0.274,-1.973,-0.077,1.571,-0.317,0.548,-0.775,0.912,-1.433,-1.212,1.056,1.716,0.612,-0.459,0.781,-0.407,2.243,-1.146,-0.642,0.597,-0.618,-1.073,1.454,-1.711,-0.054,0.182,0.603,-0.722,1.249,-0.66,1
-0.179,0.522,0.977,-1.837,-0.518,0.67,-1.01,-1.876,1.075,-1.367,-0.617,0.846,-1.317,-1.187,1.579,1.032,1.171,-1.161,-0.759,1.364,-0.657,-0.328,-1.146,0.422,-0.752,-0.106,-1.062,0.548,-0.56,0.446,1
0.749,0.687,0.141,0.75,0.004,-0.459,0.634,-0.551,0.312,-0.66,0.134,0.577,0.109,-0.488,1.59,-0.343,0.863,1.277,1.174,-0.445,-1.911,-0.925,0.348,-1.297,0.996,0.979,0.223,-0.608,-0.661,-1.155,0
0.626,-1.894,0.066,0.856,-0.847,1.649,0.209,1.351,1.824,1.763,-1.076,-0.02,-0.007,-0.649,-0.63,0.154,-2.326,-1.232,0.101,2.9,-0.918,-0.445,3.003,0.431,1.219,0.716,0.416,0.887,-0.03,-0.089,0
-0.436,-0.548,-1.597,0.516,0.693,0.998,0.778,0.44,1.221,-0.535,-0.477,-0.952,-3.037,-1.222,0.365,-0.493,-0.264,-0.891,-2.128,-0.917,-0.495,0.578,-0.032,-1.833,-0.66,-0.712,1.199,-0.147,-0.015,-0.845,0
0.092,-0.421,0.576,1.724,-0.717,-0.223,-1.09,-0.542,-2.485,-1.192,-0.864,0.359,0.317,-0.857,-0.04,0.146,0.526,-1.067,-0.779,-0.953,0.707,0.829,-0.884,0.328,-0.47,0.106,0.654,-0.839,-1.387,0.175,1
0.285,0.249,-0.282,-2.551,0.14,1.828,-0.428,-0.516,2.203,-2.26,0.165,1.201,-0.369,1.809,-1.212,-0.347,0.875,-0.027,-1.503,1.894,-0.644,-0.713,0.248,-0.019,-0.686,-0.349,-2.964,0.75,-1.071,-0.538,0
1.847,-0.749,-0.123,0.011,0.262,0.067,0.322,-0.45,0.931,0.366,0.864,0.444,-0.928,0.434,-0.438,0.131,-1.978,0.278,1.004,0.592,2.125,0.302,-0.517,-0.231,1.195,0.876,0.748,0.69,2.02,0.325,0
0.967,2.027,-0.874,1.447,-1.442,-1.067,0.323,0.916,0.576,0.481,-0.562,-1.963,-2.308,0.847,-1.648,1.239,0.43,-0.003,-0.813,-1.519,0.155,-0.988,0.881,-1.803,0.255,-0.636,-0.07,0.815,-0.626,2.279,0
0.165,0.483,1.273,-0.185,0.185,0.669,-0.862,0.111,0.612,-0.305,1.076,0.547,0.568,-0.283,0.631,-1.09,0.329,1.187,0.976,-1.976,-0.911,-0.226,0.93,1.333,1.037,0.989,-0.895,1.065,-0.076,1.239,0
1.166,2.266,2.52,1.471,-1.217,0.108,0.144,-0.754,-0.405,-0.558,-0.084,-0.246,1.512,-0.913,-1.224,-0.138,0.698,2.504,0.103,0.437,-0.669,-1.186,-1.181,-0.303,-0.61,-1.346,-0.109,-1.318,-1.075,-0.378,0
1.441,-0.003,-0.423,1.395,0.664,0.584,-0.07,-1.32,0.088,-0.636,-0.149,-2.094,-0.512,-1.379,-1.472,1.108,1.614,0.083,0.949,0.486,0.571,1.387,-1.745,0.147,-1.502,0.688,1.603,-0.602,0.242,-0.447,0
0.853,-1.205,-0.483,-0.263,-0.178,-0.969,-0.164,1.783,0.987,0.241,1.117,-0.161,1.179,0.043,0.061,-1.759,0.137,0.515,-0.771,-0.138,1.306,-1.357,1.988,-0.395,0.936,-0.728,-0.161,0.4,1.561,1.6,1
0.14,-0.773,-1.626,-0.891,1.116,-0.018,-1.328,2.259,-0.824,-0.121,0.534,0.316,0.444,0.863,-0.63,0.055,2.431,1.269,-0.094,0.262,-0.195,1.275,0.706,-0.706,-0.405,-2.979,1.238,1.388,-0.61,-0.068,1
-1.986,-0.511,1.149,-0.85,-1.385,0.47,1.208,-0.598,0.895,-2.274,0.095,-1.097,-1.395,1.224,0.084,1.172,0.5,1.197,1.012,0.237,1.602,1.561,1.368,0.376,-0.906,0.965,-1.32,-2.033,-0.309,0.902,0
2.127,1.748,1.769,1.351,-0.417,-1.559,1.104,0.953,1.364,0.957,-1.454,0.011,0.33,-0.338,-0.035,-0.794,-0.063,-0.786,1.05,-0.739,-0.297,-1.336,-1.352,1.537,-0.284,0.527,1.56,-0.043,0.822,-0.502,0
0.82,-1.993,0.816,0.809,-0.408,1.944,1.016,-0.193,1.38,-0.293,-0.026,0.615,0.475,0.251,-0.676,-0.914,-0.298,-0.781,-1.154,1.448,-0.442,1.044,-1.037,-0.004,0.54,-2.109,-0.818,1.012,1.882,-0.233,0
0.714,-0.418,-0.318,0.685,-0.211,0.615,-1.084,-0.946,1.472,-1.009,-0.962,0.357,-0.153,-0.29,0.399,-1.456,-0.103,-0.133,0.501,-0.21,1.607,-0.881,0.592,1.146,1.001,-0.229,-0.066,-1.07,-0.085,-1.196,0
0.859,0.759,0.105,1.122,-0.015,0.888,0.195,-0.387,1.053,-1.161,-0.954,2.007,0.536,-0.026,-0.081,-1.285,-0.157,0.495,-0.348,0.233,-0.009,-0.405,-1.588,0.432,-0.73,-0.744,1.874,0.395,-0.58,-0.249,1
-0.881,0.517,-0.878,2.0,-0.531,-0.046,-1.643,-0.5,0.412,0.483,0.448,0.148,0.199,1.061,2.189,0.409,0.885,1.425,-0.151,-1.068,0.26,0.986,0.738,0.487,0.013,1.392,0.404,-0.053,0.606,-1.262,1
1.125,-0.001,-0.035,1.457,-1.373,1.921,0.074,0.547,-0.49,-0.246,-1.045,1.081,-0.922,1.183,-0.886,1.344,-0.792,-0.669,-0.127,1.288,-1.205,-0.637,-0.732,0.904,0.319,-0.877,1.81,-1.06,-0.236,1.026,1
0.756,-0.304,-0.052,1.522,-0.638,0.683,-0.993,-0.006,1.261,-1.578,-0.655,-0.123,-0.017,-0.053,-1.892,0.452,0.081,1.942,-0.845,-0.237,1.773,-0.508,-0.928,0.257,0.21,-0.004,-0.195,-0.049,-0.939,0.254,1
0.122,-1.499,1.419,0.648,-0.17,-1.269,0.594,0.312,-1.091,1.192,-0.773,-0.6,-0.741,-0.979,-1.766,2.139,-0.511,-0.44,-0.408,-0.802,-0.572,-1.089,0.088,-1.556,1.03,-1.087,-0.321,-0.26,-0.2,-2.17,1
-0.624,-0.171,1.404,0.723,0.277,2.179,1.295,-0.873,0.498,-0.085,-0.244,-0.615,0.328,-0.044,0.64,0.179,0.276,0.6,2.242,1.064,0.754,0.092,0.307,-0.486,-0.216,-0.591,-0.32,-0.482,-0.621,-0.23,1
0.956,0.658,1.566,-0.417,0.266,-0.477,-0.462,-0.185,-0.784,-0.28,0.435,0.886,1.102,-2.163,-0.436,0.121,0.49,1.57,0.056,-0.444,-0.745,-0.608,-1.44,-0.706,-1.333,-0.423,-1.707,-0.321,-0.953,-0.419,0
-1.755,-0.452,-0.159,1.32,-1.541,-0.105,-0.126,-0.621,1.699,-0.019,-0.535,0.298,-1.143,0.203,0.661,0.223,0.029,-0.429,-0.876,1.823,1.247,0.175,-0.941,0.094,-0.487,-0.419,0.897,-0.3,0.499,1.546,0
-0.917,1.534,0.411,-0.221,-0.161,-0.527,0.137,0.6,-0.17,-1.18,0.169,0.205,1.674,-0.935,0.633,-0.732,-0.699,1.755,-0.784,0.76,1.396,0.02,-1.16,0.055,0.694,1.875,0.179,0.118,-2.14,-0.568,0
0.743,0.612,0.437,-0.258,-0.621,0.766,-0.796,0.33,1.442,0.198,-0.317,-1.304,1.348,-0.076,0.381,1.438,0.63,0.462,-0.638,-0.289,0.043,0.074,0.36,-0.489,-1.513,0.519,-0.332,0.717,0.634,0.243,0
-0.057,-1.216,-1.247,0.615,0.367,-1.124,-0.182,-0.681,-0.277,-1.044,-0.975,-0.555,0.073,-0.087,-0.639,-0.383,-1.207,-0.834,0.541,-0.575,1.113,0.038,0.736,1.194,-1.191,0.241,0.785,0.029,1.053,-0.307,0
-0.721,-0.541,1.147,-0.123,1.026,-0.661,0.267,0.187,1.574,0.746,1.383,-1.668,0.944,-0.133,-0.409,-0.417,-0.166,-1.922,1.607,0.311,1.517,-1.143,-1.874,1.363,-1.089,1.812,1.045,-0.495,0.15,0.37,0
-1.639,-0.973,-0.238,-0.154,0.459,0.346,1.041,1.474,0.037,0.387,0.676,0.94,-0.311,0.165,-1.745,0.813,-0.549,-0.613,2.14,-0.08,1.413,0.627,-0.671,1.754,-0.949,-1.312,-0.454,-1.542,0.072,-0.881,0
-0.828,0.573,1.367,-0.098,1.737,-0.825,-0.833,0.474,0.168,-1.312,-0.158,0.223,-2.329,-0.899,0.835,1.081,-0.78,-1.282,-0.898,1.046,-2.182,1.062,0.084,0.513,-1.078,-1.053,1.057,0.272,-0.301,-0.086,1
-0.288,-0.769,0.929,1.287,-1.588,0.623,-0.041,-1.39,0.578,1.121,-0.149,-0.855,0.622,1.017,1.594,1.078,1.672,-0.514,0.556,-0.636,1.287,0.102,0.063,1.203,-0.851,-0.651,0.788,1.618,0.608,0.33,0
1.844,1.118,0.28,2.477,-0.951,-0.227,0.864,0.657,-1.51,2.316,-0.475,-0.151,-0.188,0.157,1.285,-1.436,-0.653,-0.827,0.92,-1.145,0.236,0.594,0.039,-0.296,-0.226,2.684,-0.088,-1.22,1.063,0.224,1
-0.918,1.459,-1.334,0.355,-0.918,0.121,0.498,-1.09,-0.772,1.4,0.628,-0.025,1.216,1.501,0.573,-0.043,-1.015,0.692,-0.22,-0.397,0.522,-0.233,-0.511,-0.204,0.466,1.969,-0.778,0.351,-1.324,0.399,1
-1.029,-0.964,-0.256,1.932,-0.837,-0.557,-0.195,1.042,0.126,-0.264,1.513,0.832,-0.542,-0.077,0.718,-0.985,0.363,-1.126,0.72,-0.02,0.187,-0.545,0.695,-0.273,0.473,0.864,-0.146,0.962,0.74,-1.054,1
0.449,1.503,1.188,-0.458,-0.745,2.756,2.198,-2.097,-0.139,1.246,-0.585,-0.834,0.354,0.419,0.918,0.627,-0.013,-0.706,-0.557,0.397,-0.367,-0.123,-1.407,-0.952,-1.047,0.497,-0.738,-1.509,-1.329,0.511,0
0.599,-0.25,-1.447,-0.406,-0.021,0.051,-0.743,-0.711,-0.257,-0.42,-0.408,0.461,-0.77,0.294,1.17,-0.096,-0.283,-0.005,-0.655,-0.173,-0.105,0.468,0.727,0.204,0.599,-1.141,-1.104,-1.102,1.487,-0.486,1
0.457,1.688,-0.566,1.688,0.619,0.066,1.019,-0.432,-0.876,-0.534,0.98,-1.158,-0.279,1.133,-0.478,-0.3,-0.466,2.087,0.228,0.057,-0.208,0.421,0.343,1.351,0.768,-0.849,1.247,-0.888,0.013,-0.855,1
-1.369,-0.979,-0.962,2.301,1.017,0.782,0.889,0.557,-1.105,-0.623,-0.14,0.649,2.737,-1.216,0.249,0.067,0.537,0.083,0.626,-0.652,1.233,-0.378,0.852,-0.404,0.951,0.08,0.936,-0.597,2.051,-0.199,0
0.099,-0.241,-0.85,-0.276,-0.93,-0.203,-0.174,-1.497,-0.714,-1.197,1.4,1.258,0.435,2.218,1.741,-0.586,-0.59,0.589,-0.31,-0.605,2.9,0.156,0.554,0.005,0.236,-0.728,0.263,1.169,0.958,-0.246,1
0.517,-0.429,-1.823,-0.303,-0.231,-0.063,-0.111,1.497,-0.366,-1.498,1.067,0.883,0.251,1.606,-0.378,0.482,0.537,0.377,0.434,-0.233,-0.763,-0.079,1.409,-0.874,0.869,0.693,1.816,-0.69,0.269,1.002,0
-0.331,0.111,-0.454,0.545,1.138,-1.137,1.038,-1.917,-0.516,-0.715,-0.867,0.668,1.846,-0.93,1.282,1.314,-0.119,1.53,0.954,-0.175,0.626,-1.011,0.974,0.599,0.082,-0.193,0.057,1.256,0.363,0.446,0
0.511,0.208,-1.011,1.122,0.027,0.255,-0.422,0.912,0.502,0.429,-0.069,0.879,-0.778,1.595,0.002,-1.308,-2.397,0.031,0.653,-1.827,-0.254,-2.282,-1.39,-0.052,0.021,-1.188,1.742,-1.051,-0.691,0.58,1
0.537,-0.955,-1.329,-0.925,-2.194,-0.329,-0.605,1.529,-0.201,-0.559,-0.967,0.071,-0.042,-0.115,0.051,0.085,0.241,0.765,-1.077,-2.093,-0.008,0.156,-2.804,-1.469,0.037,0.195,-0.504,-0.802,2.169,0.68,1
-2.243,-1.134,0.695,-0.576,0.041,0.806,0.437,1.145,-0.896,-0.105,1.532,-0.872,-0.652,0.952,-1.809,1.823,0.855,-0.357,-0.395,-0.642,-0.383,2.576,-0.155,0.521,-1.872,-0.703,-0.683,-2.286,1.656,-0.13,1
-0.456,-1.303,0.803,0.151,-1.191,-1.018,-1.098,0.962,0.434,-1.49,-0.086,0.746,-0.329,0.82,-1.335,1.478,-0.032,-2.122,-1.137,0.268,-1.822,0.8,-0.047,-0.223,-0.965,1.218,0.137,0.436,2.275,1.069,0
-0.189,2.615,-0.777,0.298,0.37,-0.576,1.71,1.089,0.83,0.477,-0.176,-0.207,-0.928,-1.115,1.032,1.34,-1.229,-0.721,0.003,-0.856,-1.237,0.124,-0.367,-0.515,0.914,-1.8,-1.566,-0.597,0.902,-0.411,1
-1.198,0.599,0.183,-0.69,-0.162,-2.571,-0.036,-0.037,-1.604,-0.664,1.482,-1.496,1.398,0.131,0.047,2.188,0.291,-0.249,-1.171,0.878,0.315,-0.974,1.174,-1.599,1.261,1.189,-0.001,-0.164,-0.905,1.089,1
-0.335,-0.055,-0.442,0.391,0.022,0.079,0.466,-0.037,1.961,-0.278,-0.647,0.179,-1.286,0.015,0.161,-2.356,-0.48,-0.262,-0.914,0.883,-1.086,0.67,-0.634,0.163,0.049,0.146,-0.47,-0.34,0.148,0.856,0
0.091,-1.01,0.865,1.578,0.32,0.767,0.009,0.429,0.552,-0.314,-0.081,0.59,-1.11,-0.211,-1.617,1.882,1.135,-0.05,0.446,-0.629,1.959,0.086,-1.325,-0.656,-0.584,0.407,2.385,0.044,1.232,-1.454,1
-0.428,-1.607,-0.241,0.257,0.205,-0.309,-1.505,-0.582,-0.746,-1.043,0.283,0.692,0.743,0.693,-0.159,-0.428,-1.527,0.623,-0.088,0.263,-0.266,-1.126,-1.145,-0.239,0.188,-0.617,-0.551,-0.619,-0.864,-1.228,0
-0.365,0.601,-0.143,-0.268,0.936,0.507,-0.082,0.394,-0.83,-1.843,-1.034,-1.652,-0.236,-1.263,0.157,-0.284,-0.286,0.504,-1.006,-1.365,-0.077,-0.149,0.45,-0.998,-0.998,-2.223,2.0,-0.659,-0.122,0.399,1
0.171,0.125,-0.683,0.295,0.201,0.549,0.595,-0.155,-0.297,-0.404,0.555,-1.31,-1.083,-0.36,-0.94,-0.92,1.177,0.197,2.371,0.829,-1.275,1.119,0.154,1.706,-1.705,0.641,1.087,-0.382,1.492,0.648,1
1.146,-1.37,0.114,1.289,1.159,1.316,-2.376,-1.423,-0.17,-0.632,0.202,0.045,-0.581,-0.315,0.222,-0.994,0.05,-0.424,-0.389,0.692,0.676,-0.403,0.431,1.404,-0.635,1.687,1.815,0.032,0.27,0.893,0
0.037,-2.369,-1.203,-0.184,-0.977,-0.088,-1.647,0.017,-0.341,-0.951,1.085,-0.174,0.701,0.685,-1.72,-0.587,-0.2,2.104,-0.515,-0.525,0.269,-0.137,-0.096,0.429,0.388,-0.167,1.705,0.72,-0.322,0.706,0
-0.09,-0.256,-0.195,-0.843,0.198,-1.016,0.889,-0.385,3.012,-1.192,-0.303,-1.367,-0.062,0.96,-1.126,0.459,0.244,0.948,0.355,-2.554,0.856,0.126,0.367,1.048,-1.582,-1.015,-1.162,0.741,0.836,-0.039,0
-0.481,-0.441,0.945,-0.927,-2.008,-1.125,0.38,0.102,-0.822,-0.43,1.234,0.377,0.279,-1.006,0.602,-0.986,-1.178,0.109,1.073,2.208,-0.447,-0.842,0.684,-0.065,-0.306,-0.968,-0.764,0.754,0.141,-0.814,0
1.549,-1.154,0.456,-0.105,-1.252,0.426,-0.851,1.59,-0.638,-1.514,1.546,-0.326,0.057,-1.527,-0.889,0.35,0.164,-0.603,0.384,0.033,-1.143,-0.485,-0.197,0.282,1.48,1.64,-0.872,0.137,-0.926,-0.137,0
-1.428,-0.062,-0.209,-0.943,-0.329,0.97,0.917,1.115,1.066,-0.039,-1.789,-0.341,-0.052,0.3,1.696,0.557,-0.028,0.048,-0.015,-0.974,-0.312,-0.967,-1.629,-0.742,-0.224,0.576,-1.642,0.078,1.881,-0.396,1
1.627,-0.023,-1.573,-0.226,1.038,-1.395,-0.489,1.704,0.583,-0.33,-1.248,-1.823,-1.434,1.126,-0.514,-0.51,-0.183,-0.404,-1.083,0.42,0.741,-0.843,-0.888,-0.405,0.486,-0.286,0.293,2.983,0.156,1.443,1
1.166,-0.211,-1.729,0.743,-0.058,1.123,-1.096,0.89,1.407,-1.918,1.006,0.129,-0.626,-0.691,-0.001,1.3,0.332,-0.214,0.121,0.247,-1.185,2.093,1.932,0.841,0.122,0.414,-0.133,0.223,0.487,1.608,0
1.878,0.128,-0.476,0.372,-0.489,1.17,-0.125,-0.154,-1.697,0.078,0.541,-0.064,-1.987,0.852,-0.722,0.707,2.235,-1.616,-0.156,1.521,0.403,1.872,-0.103,0.646,-1.046,-0.603,0.726,0.092,0.138,-0.852,1
0.399,-0.353,-0.213,-1.004,0.858,1.851,-0.4,1.557,1.361,0.731,-1.283,-0.508,0.612,0.233,-1.103,1.201,-1.999,0.195,-0.322,0.774,-0.365,0.38,0.85,0.176,0.788,0.16,-1.105,0.735,-0.919,1.748,0
-1.455,-1.637,-0.061,-2.81,2.837,-0.341,0.509,-1.066,0.608,-0.317,0.104,0.488,-1.123,-0.96,-0.152,0.875,0.837,-1.055,-0.723,-0.401,-2.119,0.86,-0.518,-0.874,1.137,-0.938,-1.35,0.556,2.099,0.155,0
-0.249,0.009,-0.209,0.458,-0.223,1.962,-0.549,0.594,-0.012,-1.009,2.256,0.654,-0.805,0.813,-0.64,1.521,0.338,-0.23,0.381,-0.329,0.646,-0.279,-0.051,-1.562,2.109,-0.007,-0.945,0.267,0.724,-2.196,0
0.047,-0.189,-0.312,0.448,-1.559,1.311,0.542,-0.201,-1.635,0.369,-1.855,-0.952,-1.27,0.315,0.076,-0.243,-0.082,-0.065,0.209,1.584,0.12,0.062,0.589,-1.909,0.397,0.955,0.102,-0.871,1.089,1.359,1
0.721,-0.41,0.464,-0.033,2.236,-0.99,0.832,1.004,-0.955,-1.259,-1.133,0.196,0.434,0.309,0.329,0.716,0.467,0.594,-0.22,-0.698,-0.301,-0.592,0.984,1.186,-1.592,-0.588,-1.802,-0.265,-1.084,2.692,1
0.92,0.69,0.015,-0.344,-1.007,0.795,0.806,0.016,0.976,-0.065,-2.039,-2.113,-1.215,1.712,-0.718,-0.395,-1.658,-2.682,-0.057,0.92,-1.285,2.161,0.108,0.897,0.367,1.223,0.497,-0.064,0.614,0.721,0
1.001,0.278,-0.277,-0.322,0.386,-1.626,-0.539,-0.977,-1.569,1.992,0.532,0.726,-0.897,1.188,-0.029,-2.097,1.703,-0.081,0.282,0.164,1.42,-1.589,-0.242,2.22,-0.716,1.706,-0.41,-0.658,-0.301,-1.183,0
-1.685,-0.416,-0.073,0.981,-2.205,-1.538,-2.803,0.029,0.258,0.226,-1.247,0.043,0.934,1.512,-0.246,0.368,0.472,1.594,-0.794,0.227,0.263,1.744,0.032,1.253,-0.267,0.553,-1.019,0.816,-0.271,1.009,0
-1.012,1.393,-0.843,0.609,-0.562,-1.175,0.448,-2.086,2.764,-0.072,-0.716,-0.635,-1.056,-0.687,0.052,1.525,-0.476,-0.192,0.298,0.013,-0.838,0.104,-0.039,0.074,-0.751,0.01,-0.24,-0.113,0.415,-0.274,0
-0.938,0.65,0.53,1.882,-0.563,-0.321,-2.255,0.746,-1.558,0.315,-0.711,0.466,-0.732,-1.173,1.161,1.58,0.87,2.05,0.595,-0.776,1.067,1.357,-2.36,1.02,0.322,-0.305,-0.368,0.002,0.102,0.879,0
0.358,1.011,-0.748,-1.631,1.256,2.305,1.054,0.193,0.053,0.74,-0.273,0.425,-0.737,0.395,1.586,-0.246,-0.259,-0.564,0.166,1.308,-0.859,1.56,-0.353,-1.274,1.839,-1.276,1.382,1.423,-0.745,-0.722,0
-0.65,0.385,-1.001,-0.046,0.538,1.06,1.416,1.337,-2.012,-0.147,0.641,-0.031,1.781,-0.323,0.569,0.937,0.281,-1.797,1.721,1.748,1.706,-1.052,-0.038,1.143,-0.177,-1.061,-0.101,-0.333,-0.592,-0.199,0
-0.454,0.707,-1.233,-1.697,-0.342,-0.993,1.29,-3.086,0.672,1.086,-0.664,-0.653,0.381,-1.696,3.775,0.478,0.857,1.741,-0.324,0.638,-0.192,0.112,-0.742,-0.896,0.57,1.108,-0.481,1.269,-1.131,-0.544,0
0.926,1.681,-1.331,0.781,-0.387,1.04,-0.609,0.513,-0.104,0.639,-0.935,-0.257,0.257,-0.28,-0.826,0.029,-0.19,0.632,-0.968,0.277,0.377,-0.202,-0.501,1.345,-0.881,-0.874,1.169,-0.022,0.402,1.77,1
-1.05,-0.271,0.174,0.145,1.531,-0.764,-0.279,-0.398,0.231,0.478,-0.652,-0.455,0.508,2.042,1.106,-1.444,0.557,1.529,0.847,0.841,0.171,-0.051,-0.724,1.16,-0.431,-0.986,-0.712,0.198,-1.323,0.814,0
-1.139,-1.19,0.528,0.89,0.022,-1.565,0.525,0.387,-1.493,-0.363,1.055,0.175,-0.571,-0.929,0.826,-2.221,0.125,0.508,0.236,1.87,0.683,-0.36,-0.087,-1.338,0.768,1.755,-0.331,-0.349,-0.842,0.213,0
0.32,0.604,0.285,0.365,0.676,-0.061,1.683,1.044,-1.52,-0.782,0.377,-1.483,-0.693,-1.424,0.66,-0.448,1.19,0.835,1.343,-1.021,-0.575,-0.852,0.455,-0.606,-1.413,0.062,0.488,-0.072,0.045,-0.225,1
-0.311,-0.778,-0.411,-1.345,2.057,0.886,1.376,0.603,0.289,0.117,0.347,-0.915,2.083,-0.381,2.269,0.694,0.993,0.524,-0.64,0.604,0.382,-0.18,1.264,0.111,0.213,0.781,-0.068,-0.9,0.674,0.091,1
-0.329,0.2,0.623,-0.354,-1.336,1.315,0.125,-0.492,-1.076,0.204,-0.096,-0.539,1.601,-2.725,-0.318,-0.969,-0.177,0.387,-0.508,0.392,1.244,0.493,-2.272,1.766,-0.35,0.714,-2.062,2.679,-0.046,0.312,1
-0.068,-0.134,0.332,-0.042,-1.036,0.801,-0.602,0.412,-0.268,0.47,0.92,-1.574,-0.826,0.079,-1.243,2.338,-0.21,0.879,0.675,0.849,0.729,0.044,-0.59,-0.033,1.128,-0.345,-0.042,0.315,-0.633,1.28,1
0.272,0.57,0.381,-0.928,-1.571,-0.152,-0.748,-0.488,0.422,-0.922,-0.285,-1.029,-0.569,1.065,0.729,-1.462,0.237,-0.284,-0.215,-0.109,0.068,-0.12,-0.958,-0.848,1.34,0.227,0.259,-0.911,1.829,0.192,1
-0.638,1.595,-0.781,-0.043,-1.517,0.201,-0.39,-0.85,-0.29,0.76,0.497,-0.962,-2.149,-1.199,1.039,0.574,0.24,0.74,-0.78,-0.198,1.478,0.623,0.067,-1.448,0.871,1.447,-0.517,-1.251,-0.136,0.617,0
0.347,-0.803,-0.591,-0.727,-0.835,-0.257,1.179,0.301,-0.358,-1.342,-1.048,-0.668,0.642,1.492,-0.774,-0.342,0.051,-0.221,0.536,0.057,-1.112,0.474,-0.258,-0.908,0.674,-0.789,0.262,-0.614,-0.968,-0.882,0
-1.556,-1.245,0.225,-0.454,0.336,-1.385,0.612,-1.403,-1.231,0.908,0.915,-0.079,-0.402,-0.121,1.493,-0.404,1.167,-1.946,-0.23,0.282,0.003,-0.477,0.112,0.086,0.191,-1.425,-0.126,-0.197,0.015,0.703,0
2.204,0.371,0.585,-1.88,0.405,0.501,1.183,-1.84,-0.866,-1.383,1.745,-1.106,1.151,-2.363,-0.577,-0.351,0.399,0.008,1.129,0.859,-0.911,1.146,1.208,0.591,0.698,-0.486,0.969,-0.585,1.035,-1.862,0
0.427,1.719,0.428,1.261,-0.364,-1.13,0.262,-0.196,-0.641,-0.601,0.57,-0.51,-0.513,-0.166,-0.842,-0.306,-1.253,0.25,-0.787,0.079,-0.144,-0.782,-0.409,1.762,0.291,-0.332,1.086,0.338,-1.332,-0.474,1
0.485,-0.295,-0.198,-2.426,0.585,0.976,-1.107,-0.093,-2.081,-0.306,-0.225,-0.138,-1.422,0.218,1.101,-0.891,1.603,-0.919,1.079,-0.765,1.894,-0.496,-0.767,-0.314,-0.797,-0.759,-0.779,0.157,-1.705,0.814,0
-1.019,-0.434,-0.404,0.348,-0.475,1.573,-1.091,-0.003,1.712,0.356,0.675,-1.092,0.732,1.021,0.433,-0.311,0.34,-0.632,-0.429,0.637,-1.22,0.708,0.285,1.946,1.359,0.013,-0.788,1.321,0.261,-1.874,1
-0.174,0.215,0.168,-0.587,-1.065,-0.055,0.575,0.113,-0.533,0.339,-0.093,-0.706,-0.941,1.824,-0.568,0.006,-0.473,1.063,-1.132,-2.184,0.573,1.626,-0.893,-0.475,1.44,0.678,-0.113,-1.75,-0.275,1.827,0
0.519,0.159,-0.096,-2.448,0.899,-1.318,-0.941,1.31,0.661,-1.082,-1.013,0.503,-0.892,1.571,1.167,0.563,0.452,1.11,0.897,0.837,-0.398,-1.075,-1.542,-0.811,0.358,0.955,0.421,-0.097,-0.956,0.139,0
-1.615,-0.076,-0.116,-0.808,-0.864,0.149,-0.004,0.482,0.646,1.335,-0.814,-1.063,0.88,0.656,0.091,0.77,-0.829,0.916,0.037,0.012,-0.219,1.191,0.149,-0.951,-0.344,-0.026,-0.277,-0.165,0.201,0.873,0
1.36,-1.617,-2.54,-0.24,-1.099,0.236,0.863,1.484,-0.303,0.251,1.336,-0.248,0.558,-1.543,1.616,0.405,0.577,0.201,-1.593,-1.871,0.742,-0.583,1.677,-1.854,2.809,-0.007,-1.236,-0.078,-0.608,-1.447,1
-0.571,1.611,0.448,-2.434,1.185,0.013,0.865,-2.21,1.547,-0.701,-1.15,0.241,-0.239,-2.362,0.803,-0.843,0.335,-0.245,-0.17,-0.247,0.041,-1.383,-2.245,-1.849,0.063,-2.028,0.384,0.811,0.122,0.332,0
-0.229,0.556,1.116,-0.999,0.793,0.194,0.401,-1.047,-1.828,-1.664,0.469,0.548,-0.25,-0.929,0.71,0.131,-0.746,-1.597,1.092,-1.643,0.816,-0.267,-0.572,0.109,-0.026,-0.934,-0.502,-0.053,0.111,-0.387,0
0.206,0.955,-0.563,0.329,0.079,1.36,2.913,0.235,0.844,0.8,0.052,-0.916,0.208,0.491,-1.446,0.565,-0.009,1.054,1.276,2.271,0.977,0.91,1.416,-0.293,-0.082,-0.596,0.683,-0.022,2.39,0.413,1
-0.991,-0.088,-0.831,-0.818,0.38,1.532,-0.728,-1.172,0.998,-0.04,0.273,0.213,1.232,-0.345,-0.617,0.01,1.374,-0.298,1.352,-0.753,0.265,-1.015,1.936,0.885,-1.9,0.264,0.495,-1.417,1.703,-0.229,1
-0.336,0.294,0.642,1.029,-0.048,-0.368,-0.551,-0.239,0.971,-1.375,-0.441,-1.182,-1.702,-0.648,-0.533,0.807,1.105,0.625,0.239,-1.726,0.747,0.274,-0.734,-0.643,0.3,-0.115,0.861,-0.028,0.192,2.915,1
-0.33,-1.122,-0.849,1.567,-1.354,0.755,0.18,1.128,-1.682,1.777,-0.997,0.325,-1.735,-1.089,-0.283,0.397,1.404,0.509,0.193,-0.036,0.423,2.412,1.377,0.308,0.758,-0.349,-0.779,-0.181,2.336,0.815,0
-1.056,-1.233,0.617,-0.004,-0.443,-0.228,-0.815,1.537,-0.435,-0.152,0.557,0.229,0.702,1.078,1.179,0.624,-1.071,-0.391,0.384,0.607,0.927,-0.292,-0.057,1.074,-1.163,-1.281,0.952,2.272,0.677,2.892,1
-0.9,1.177,-0.423,0.572,-0.395,-1.165,0.332,0.534,0.142,-1.452,0.145,1.031,-0.153,-0.867,-0.437,-0.663,-2.531,-1.583,0.695,-1.737,-0.23,-0.629,0.672,0.139,0.385,0.174,-0.128,0.519,1.351,1.141,0
0.259,1.29,-1.441,-0.856,1.985,1.175,-1.674,1.748,1.117,-0.336,0.814,1.38,-0.532,1.154,-0.958,-0.211,-0.022,-0.712,-0.722,-0.878,-1.678,1.08,-1.272,-2.559,0.379,0.864,-1.359,1.588,0.375,0.795,1
0.054,-0.412,1.011,-1.303,2.461,0.37,-0.791,-0.969,-2.098,-1.845,-1.981,1.557,0.64,1.072,-1.05,-0.618,-0.702,-0.916,0.222,0.299,1.018,0.243,1.54,-0.142,-0.35,-0.707,-0.63,0.518,-0.8,0.006,1
0.41,0.003,-0.678,-0.466,0.659,0.707,1.426,-0.846,0.043,-2.011,-0.235,0.511,0.41,-0.353,0.424,-1.465,0.989,0.097,-0.844,0.569,1.153,-1.02,1.221,-0.418,-1.513,1.327,-0.275,-2.038,0.701,0.671,1
2.199,-1.603,-2.166,0.316,1.896,2.484,-0.233,-1.686,0.165,0.931,-1.439,1.605,0.251,-1.102,0.514,-1.221,1.077,1.718,0.115,-0.515,0.18,-0.093,-0.052,-0.78,0.1,2.114,0.008,0.156,-0.068,0.363,0
-1.238,-0.612,-0.209,-0.641,-0.508,0.278,0.049,3.841,0.462,0.062,-0.641,-0.442,1.082,-0.001,-0.467,0.063,-2.313,0.245,-0.226,0.283,0.525,-1.139,0.223,-0.092,0.74,-0.818,-0.02,0.261,1.092,-0.652,1
-1.462,0.35,-0.258,-0.987,-1.929,-0.784,0.02,-0.887,-1.355,-1.865,0.311,0.188,-0.671,-0.889,-0.067,0.235,0.339,-0.739,-0.197,-0.241,1.062,-0.127,0.186,-0.98,0.318,0.434,-1.07,-0.604,1.488,0.358,1
2.3,1.612,0.207,0.718,-1.72,-0.774,-0.901,0.472,1.273,-0.881,1.852,-1.726,0.41,1.281,0.579,-0.273,0.755,-1.382,-0.75,0.421,1.244,-0.535,1.049,-1.022,0.474,1.275,-1.47,0.571,-0.422,-0.029,0
0.038,-0.927,-0.61,-0.905,0.112,-0.14,0.141,-1.499,-0.138,-0.093,0.877,-0.055,-0.048,-0.988,-0.981,-0.193,0.492,-0.05,-0.793,0.699,-2.882,-0.878,0.134,-0.495,-0.362,1.061,-2.465,2.155,-0.208,0.038,0
-0.386,-0.589,1.445,1.816,1.32,-0.517,0.852,0.373,0.537,-0.712,0.18,-0.528,-0.758,0.646,0.811,-1.031,0.343,-0.788,0.707,-1.5,-1.336,0.212,-1.598,0.774,0.193,-0.323,-2.342,-0.144,-1.581,0.063,0
-0.454,-0.015,1.485,-0.399,0.29,-0.547,-1.83,-0.245,-0.503,-0.007,-0.078,-0.765,-1.603,-2.18,-0.052,0.51,0.509,1.091,0.375,0.278,0.213,-0.622,-0.281,1.295,-0.591,1.155,-0.706,0.706,1.543,1.614,1
-0.949,0.763,-0.451,-0.672,0.587,-2.332,1.267,-0.522,-2.058,0.845,0.745,0.24,-1.048,0.458,-0.502,1.922,-0.526,-2.47,-0.318,-0.327,-0.85,0.701,-0.922,0.038,2.258,1.783,-0.243,-0.266,-1.36,-0.324,1
0.613,0.658,-0.238,-0.759,1.07,0.058,0.561,0.095,0.553,0.941,0.037,2.831,-0.053,-0.195,0.492,2.43,1.548,-0.162,0.63,1.283,-0.568,0.445,-0.634,-1.29,-0.165,1.399,0.134,0.203,-1.853,0.814,1
-0.429,0.483,0.241,0.309,1.43,-0.422,0.839,-0.46,0.166,-0.937,1.179,-0.16,-0.47,1.754,-0.579,-0.882,2.169,0.964,0.749,1.209,-0.412,0.369,0.697,0.388,0.274,0.736,0.15,-1.12,-1.592,1.031,0
1.028,-0.483,-0.649,0.135,-1.205,1.669,-2.123,-0.665,2.407,1.019,-0.814,-1.849,1.122,-0.254,-2.428,-0.061,2.575,2.767,-1.262,-0.137,0.982,-1.406,1.383,0.781,-0.697,-0.82,-1.052,0.554,-0.38,0.86,0
-0.413,1.011,0.442,-2.93,0.762,-0.786,-0.591,-0.523,-0.591,1.226,-0.038,-1.054,-1.565,0.496,-0.569,-1.22,-0.734,-0.818,-1.157,2.342,1.59,1.329,0.293,-3.245,1.725,-0.079,0.607,-1.379,1.146,1.422,0
1.6,-0.191,-0.33,0.033,0.221,-0.928,0.711,0.398,-0.549,0.575,2.144,-1.232,0.132,-1.582,1.48,-0.248,-0.348,-0.832,0.718,0.1,0.738,1.741,-1.82,-0.085,-0.62,-0.059,-1.343,0.207,-0.801,-0.093,1
-0.679,-0.504,-0.58,-0.089,-0.145,-0.61,-1.5,-0.346,-1.046,-1.733,2.709,0.486,1.231,-0.506,0.162,-0.816,-0.987,0.198,-0.775,0.697,-0.544,0.761,-0.998,-0.129,-0.887,-0.875,1.053,-1.583,0.254,0.563,1
-0.666,-1.536,0.281,-0.214,0.058,0.909,0.379,1.673,0.083,0.609,-0.317,0.668,-0.048,-1.683,-0.004,0.17,0.215,0.287,0.812,0.348,0.055,-2.624,0.391,0.287,0.324,0.085,-0.736,1.507,-1.193,0.633,1
-0.441,-0.653,0.293,1.993,0.455,1.698,-0.879,-1.738,-0.828,1.319,1.015,1.651,0.986,0.503,1.585,0.358,0.575,0.245,-1.339,-0.317,-0.041,0.741,-1.219,0.24,-0.303,-0.682,1.705,0.67,-1.196,-0.868,0
0.622,1.136,-0.802,-1.079,-0.646,-0.964,0.952,0.596,-0.819,0.683,-0.756,0.245,0.682,-1.181,-0.276,0.923,1.489,0.568,0.025,-0.38,1.887,1.028,-0.295,-0.891,-0.082,-0.337,0.6,-0.084,2.739,-0.034,0
-0.113,0.016,-0.528,-1.825,-1.09,-0.813,-1.219,-0.536,1.573,0.368,0.281,-1.529,-0.392,-1.078,-0.415,-2.251,1.192,-0.907,1.536,-1.066,0.82,0.761,1.399,-0.33,1.69,-0.055,-1.159,1.67,0.8,-0.433,0
0.625,0.497,0.417,-1.068,-3.284,0.59,0.038,-0.606,0.4,1.208,-1.858,-0.199,0.065,1.259,2.79,0.688,0.515,0.267,-1.493,1.451,-0.006,1.325,-0.434,1.115,-0.491,-0.309,-1.312,0.999,-0.256,-0.087,1
1.242,-0.675,-0.281,-1.056,0.05,-2.285,1.614,-0.249,2.079,0.169,-1.021,1.882,0.867,0.177,0.83,2.925,0.423,-0.924,0.937,-1.013,-1.065,-1.993,-1.377,-0.761,-1.86,0.079,-2.043,-0.002,0.066,0.474,1
-1.289,-0.067,0.383,-0.554,0.747,0.653,0.147,0.247,-0.97,0.457,0.557,-0.908,-0.757,-0.285,-0.33,0.291,-0.259,0.133,-0.886,-0.332,-0.47,-1.479,-0.606,-0.539,-0.851,-0.315,0.064,-0.029,0.856,-2.292,0
-1.083,-0.703,0.328,-2.898,1.209,-0.416,-0.926,-1.619,-0.353,1.196,0.012,0.298,-0.037,0.015,0.579,1.176,0.8,-0.724,0.31,-0.411,-1.009,-0.178,-1.027,1.041,0.442,-0.267,0.291,-1.5,-0.054,-0.401,0
0.885,0.856,-0.616,0.685,-0.385,-0.173,-0.558,-1.012,2.509,1.371,0.311,-1.036,-0.416,0.875,0.377,-1.186,1.468,-0.638,0.744,-1.656,0.841,-2.342,-1.563,0.178,-0.603,-0.629,1.748,0.075,0.059,0.051,1
0.203,-1.262,0.388,0.333,0.504,-0.73,0.704,-1.124,-0.386,0.767,-0.579,0.309,-0.821,0.355,0.213,2.428,0.701,1.258,0.119,0.865,-0.223,-0.076,-1.006,-1.861,1.433,-0.257,0.079,0.122,-0.89,-1.83,0
1.296,-0.834,0.233,1.856,-0.387,-0.218,0.936,0.041,0.281,-1.144,-0.33,0.703,0.073,-1.457,-0.828,-0.489,-1.536,0.238,-2.086,0.204,0.565,0.206,1.807,-0.409,1.11,-0.12,-1.275,0.741,0.724,0.071,0
0.029,1.923,0.119,-1.527,0.027,-0.086,-0.143,-0.348,0.939,1.016,0.908,1.548,1.268,-0.979,1.111,-0.641,0.045,0.911,0.841,-0.583,0.25,0.652,-1.386,0.131,-1.198,0.631,2.608,-1.794,0.308,0.796,1
-0.053,-0.82,0.43,-0.198,1.573,0.699,2.168,0.912,0.078,-1.642,1.352,0.262,-0.141,1.085,-0.802,0.482,1.326,-0.219,-1.776,0.628,1.068,-0.446,0.492,0.313,1.039,-0.143,-2.056,1.346,0.49,-0.718,0
-2.485,-2.192,0.436,-1.114,0.116,1.166,1.444,-0.365,-0.221,-0.007,0.91,-0.687,-1.556,-0.158,-0.378,1.728,0.852,0.639,-0.605,-0.32,0.118,0.505,-0.521,-1.924,0.066,-0.21,-0.661,0.157,0.126,-1.864,1
-0.015,-2.088,1.096,0.805,0.781,1.566,0.144,2.025,-1.821,0.069,0.504,-2.015,-0.309,-0.813,1.64,0.476,2.201,-0.356,1.336,-0.579,-0.137,-0.039,-0.186,1.233,0.477,0.394,1.68,0.091,-0.131,0.038,0
1.587,-0.859,1.155,1.163,0.59,0.58,-0.084,-0.211,0.001,-0.392,-0.414,0.492,-0.118,-1.897,-0.074,-0.826,0.435,-1.665,-0.092,-1.681,0.628,-2.002,-0.145,-0.92,0.448,-0.063,-1.097,0.49,-0.381,0.271,1
0.395,-1.4,0.396,-0.587,0.167,1.66,-1.684,1.702,-0.327,-0.368,-0.32,-0.682,-1.673,0.887,-0.393,0.511,-0.655,-0.032,1.362,-1.044,1.476,0.037,-0.262,0.824,0.357,0.134,-0.523,-0.65,0.702,-0.421,0
-0.179,0.259,-0.453,1.487,-0.17,-0.765,-0.265,1.094,-1.416,1.322,-1.179,0.131,-0.376,-1.669,-0.011,0.48,-0.133,0.577,-0.631,-0.017,0.845,-0.989,0.938,-0.642,0.753,1.113,-1.178,-1.392,-0.201,-0.195,1
3.314,1.132,-0.555,0.749,0.106,-2.488,1.946,-0.065,-1.301,0.501,-0.49,-0.72,-1.349,-0.083,-1.302,0.029,1.22,-0.116,1.625,-2.086,1.379,-0.705,-0.499,0.486,0.282,0.333,-1.614,2.774,1.428,-0.208,0
-0.837,1.753,0.199,0.049,-0.532,0.452,0.023,-0.89,0.188,0.923,0.547,-0.292,-0.382,0.87,-0.933,0.17,2.244,0.975,0.599,0.836,-0.143,0.821,-0.15,1.194,-2.658,-0.512,0.709,-0.312,1.677,0.035,0
1.798,-1.364,0.802,-0.833,-0.591,0.063,-0.131,-0.076,-1.034,1.253,1.17,-0.457,-1.619,0.422,-1.937,0.176,-2.832,1.755,0.937,1.041,0.011,-2.119,1.57,-0.322,-0.65,-0.376,-1.086,0.058,1.074,0.257,1
1.244,0.065,-1.398,-1.601,-1.513,-1.259,-0.963,0.528,0.449,-2.623,-0.409,-0.414,-0.655,0.018,-0.008,0.78,0.707,-1.474,0.601,0.501,-0.383,1.282,0.997,0.511,-0.014,-0.609,-0.687,0.687,-1.125,1.285,0
1.698,-0.814,1.544,0.433,-0.549,-0.004,0.907,-0.046,-0.662,1.34,-0.419,0.161,-0.681,0.545,0.457,0.707,2.057,0.827,1.489,-1.282,0.67,1.001,-0.407,-1.52,1.018,-0.503,-0.603,-1.817,-0.408,-0.081,1
1.095,1.231,1.049,0.98,0.184,0.217,1.99,-0.482,-1.361,-0.951,0.835,1.362,-0.923,-0.996,1.057,-0.23,1.139,-0.057,1.729,-0.482,-0.24,1.374,-0.923,-0.178,2.165,1.165,1.142,-0.45,-0.752,1.476,0
-1.05,-1.686,-1.17,0.382,-0.317,0.725,0.985,-0.715,1.09,0.274,0.412,1.016,-0.31,-0.105,-0.493,0.966,0.921,-1.34,0.989,0.11,0.615,0.892,0.254,-1.36,-0.436,0.548,0.591,0.836,-0.765,-1.1,1
-0.163,0.973,2.135,-1.432,-0.072,-0.186,-0.784,-1.537,-1.613,-1.028,0.772,0.02,1.247,1.602,0.329,0.029,-0.368,-0.436,2.639,0.262,-1.597,-1.307,-0.376,-0.549,1.412,0.596,1.906,-0.529,-0.8,1.267,1
0.879,-1.834,0.245,0.428,-1.144,-0.233,0.326,0.718,-0.186,0.583,-0.208,0.952,-0.608,-0.697,-0.758,1.55,1.533,-2.399,-0.035,-0.198,0.582,1.687,-0.642,-0.435,1.6,-1.067,-0.662,0.668,-2.587,0.262,1
-1.009,-1.277,0.789,0.654,0.323,-0.2,-0.699,0.167,0.456,1.279,-0.872,-0.719,0.579,0.903,-1.579,0.513,1.641,-1.38,-0.166,0.236,0.506,2.14,0.085,0.853,-0.995,0.778,0.937,-1.434,1.558,0.985,0
-1.379,0.919,-0.042,0.372,-1.005,0.604,0.197,-0.14,0.305,0.508,0.191,1.949,0.954,0.3,0.11,-1.165,1.041,0.542,1.163,-0.462,-0.731,-1.183,1.494,1.324,-1.24,0.638,1.014,-0.198,1.073,1.795,0
-0.186,-0.432,-0.104,0.784,-0.731,1.121,0.917,0.956,-0.586,1.293,-1.236,0.074,2.227,-0.71,0.927,-0.694,-0.451,1.457,1.189,-0.038,1.646,-0.612,0.63,-0.762,-1.157,0.263,-1.271,-0.303,-0.459,-0.659,0
0.391,1.404,0.385,0.437,0.312,0.271,-0.224,-0.264,-0.719,-1.745,-0.534,0.148,0.357,0.236,-0.557,-0.138,0.845,1.91,1.514,0.52,1.423,0.609,0.744,0.333,2.004,0.169,0.591,0.629,1.508,1.14,0
-0.951,-1.428,1.266,1.828,0.428,0.957,-0.461,1.288,0.736,0.104,-0.678,-0.469,0.519,-0.533,0.288,0.49,0.72,-1.957,1.688,1.118,-1.838,1.482,1.581,-0.819,0.038,0.207,-1.219,0.698,0.516,-0.785,1
-1.01,-2.073,-1.97,0.926,-1.165,0.513,0.304,-0.391,0.612,0.521,1.029,-0.709,1.098,-0.687,-1.701,-0.372,0.875,-0.684,-0.161,-0.685,0.799,1.062,-0.461,-1.026,0.295,-0.249,-0.369,0.987,-1.462,-1.745,0
0.648,0.695,0.801,0.992,0.121,0.007,1.842,-0.197,0.685,-0.662,-1.673,1.354,2.033,-2.515,-0.436,-2.168,1.2,0.357,1.717,0.439,1.229,-0.598,2.257,-1.895,2.22,-0.556,1.772,1.433,-0.526,-0.243,0
0.906,-0.594,-0.343,-0.287,-0.254,2.518,-0.163,0.465,-0.523,1.237,0.702,-0.211,0.917,-0.935,-0.904,0.763,-0.57,-0.549,1.323,-0.107,0.309,3.332,-0.354,0.331,0.37,1.389,1.037,-1.535,1.882,1.169,1
1.205,-0.351,-0.978,0.408,0.06,-1.328,-0.241,-0.121,0.711,1.018,0.609,-0.066,-0.469,-0.376,0.358,0.839,-0.191,0.088,0.926,-0.119,-0.206,-0.381,0.439,-0.162,-0.324,0.265,-0.519,-0.255,0.929,-1.231,0
-0.904,-0.72,-1.026,-0.411,1.106,-0.978,0.309,-0.626,-0.845,0.231,-1.751,-0.104,-1.098,-0.756,0.338,0.129,-1.252,-0.279,-0.673,-1.13,-0.865,0.11,-0.641,-0.719,1.718,-1.736,0.742,0.308,0.607,2.029,1
0.076,0.244,0.2,0.488,-0.496,-0.085,-1.58,-0.02,1.128,-0.278,0.651,0.402,0.865,0.273,-1.516,0.225,-0.436,-1.579,2.577,-0.006,-0.117,2.702,0.977,1.883,1.268,-0.972,-0.265,0.524,1.719,-0.182,0
-1.184,-0.524,-1.71,0.964,-0.326,-0.102,0.164,-1.161,0.033,3.234,0.314,1.666,0.2,1.496,1.755,0.149,-0.111,2.073,0.745,-0.02,-0.56,1.493,0.471,-0.107,0.242,-0.833,0.782,0.04,-0.346,-0.26,0
-0.789,0.067,0.948,-0.842,-0.208,-0.623,-0.365,1.303,-0.296,1.474,-0.918,-0.472,1.157,-1.086,0.403,0.646,0.611,0.533,0.959,0.21,0.255,-0.428,-0.948,0.698,-2.163,-0.224,1.959,-0.536,-1.587,-1.817,0
-0.663,1.021,-0.236,-0.311,1.171,-0.297,1.206,-0.142,1.071,-0.877,-0.216,1.66,-0.446,0.765,-1.24,-0.7,-1.231,0.562,-0.256,-0.616,-0.109,-0.675,0.568,1.106,-0.619,-0.43,-0.831,-0.224,1.46,0.348,1
0.861,-0.801,0.53,1.064,-1.627,-1.083,1.771,-0.117,0.412,-1.389,0.489,-0.456,0.585,-0.588,-0.503,0.913,0.735,-0.239,-0.85,-0.396,1.036,-0.344,-0.428,0.253,0.771,-2.093,1.647,0.197,0.542,1.314,1
-0.125,-0.586,1.259,-1.041,0.3,0.457,1.474,1.192,-1.283,-1.94,-0.799,-0.59,-1.782,2.985,0.893,-0.381,-0.957,-0.565,0.556,-0.397,0.246,-0.042,0.209,1.889,0.52,-1.9,0.54,-0.65,-0.911,-0.051,1
-1.209,1.423,0.673,1.423,0.307,-1.345,0.82,-0.911,-1.066,-0.814,1.784,-0.361,-0.047,0.242,1.211,0.612,-0.593,-0.23,-3.4,0.556,-2.863,0.13,0.849,0.308,0.739,-1.044,-1.736,-0.172,-0.814,0.319,0
1.305,2.074,-0.286,-0.935,-0.711,0.652,-1.304,-1.08,-0.483,0.402,0.135,-0.835,-0.214,0.994,-1.063,1.316,-1.055,1.991,0.771,0.74,-0.777,-0.038,0.459,1.044,-0.484,1.056,-0.553,-0.614,0.472,0.176,1
0.407,-0.777,-1.203,0.47,0.095,0.606,0.3,-0.014,-1.471,-0.877,0.544,-0.267,1.762,1.197,-0.982,0.801,-1.715,-1.808,0.472,1.428,0.34,0.741,-1.811,-0.036,1.003,0.397,0.428,-1.681,-0.987,-1.028,0
-1.598,-0.639,2.17,-0.42,-0.012,1.029,0.225,1.557,0.36,-0.206,0.723,-0.615,0.633,0.343,0.306,-0.928,1.042,0.375,1.004,0.976,0.174,0.543,0.721,-0.847,1.44,-0.55,-0.23,-1.176,0.0,-0.911,1
-0.931,1.513,-0.054,-2.357,-0.163,-0.943,0.515,-1.841,-0.602,-0.762,-0.659,0.632,0.503,-1.561,-1.813,1.97,0.067,-1.036,-0.504,0.221,0.253,-2.418,1.853,0.878,-1.143,-0.663,0.69,-0.187,-0.648,0.969,0
0.741,-0.83,-0.442,1.708,-0.498,0.239,-0.63,1.177,0.75,-0.183,-0.631,-1.059,-0.058,-1.031,2.707,-3.361,-1.237,0.83,0.022,-0.642,-0.121,-0.98,-0.514,0.265,0.841,-0.282,-0.365,-2.322,1.324,-1.64,1
0.936,0.193,0.563,0.412,0.385,-0.16,0.035,0.283,0.024,0.927,1.135,0.211,0.041,-1.364,-0.756,-1.588,-0.829,-0.014,-1.223,-0.371,1.824,-1.819,-1.277,0.182,-0.129,0.468,-0.47,-1.024,-0.418,-0.325,1
0.919,2.068,0.547,-0.292,1.526,0.479,-1.373,-2.085,-1.716,1.45,-0.098,0.514,0.281,1.868,0.184,1.098,0.301,-0.374,0.805,-1.753,0.954,1.254,-0.607,-0.486,2.727,-0.414,0.099,-0.288,-0.811,0.145,1
1.899,0.14,-0.314,0.98,-2.879,0.711,0.773,-0.232,-1.121,0.187,-0.917,-1.475,-0.699,-0.545,-0.52,0.766,-1.238,0.096,-0.86,-0.671,-0.026,0.507,-1.042,-1.927,-2.13,-0.228,0.288,-0.428,0.368,0.023,0
-0.448,-0.068,0.82,0.062,0.064,0.318,1.781,0.786,0.635,-0.872,0.547,-0.904,0.205,-0.924,-0.293,0.928,0.598,-0.134,-0.396,0.492,0.767,-0.452,0.354,0.192,0.399,0.36,1.243,-0.653,0.451,-0.526,0
0.01,0.001,0.036,0.086,0.401,0.524,0.048,1.003,0.862,-0.188,0.559,0.493,0.633,0.851,0.28,0.387,0.822,2.113,0.995,-1.487,0.457,-0.032,1.226,-0.414,-1.019,-0.471,1.489,-0.545,0.378,1.532,1
-0.207,-1.713,-1.844,-0.921,0.106,0.965,0.521,-0.476,-1.054,0.313,0.14,-0.017,-1.207,-1.181,-1.626,-0.038,0.18,0.143,-0.701,-0.808,0.281,-0.088,0.041,0.576,0.445,0.525,-0.16,-1.887,0.727,-1.165,1
0.32,-0.38,0.506,0.77,-1.395,-0.227,-0.956,-0.397,-0.07,-1.658,0.467,-1.272,-0.226,-0.151,-0.62,0.77,0.352,0.051,-0.288,-1.008,0.215,-1.172,-1.526,0.914,0.115,0.599,-1.047,0.868,1.225,-2.442,0
0.134,-0.51,0.285,-0.332,-2.848,-1.88,-1.517,-0.575,-0.654,-0.658,-1.38,-0.087,-1.094,-2.497,0.586,0.651,-0.268,1.405,2.716,0.299,1.751,-0.848,1.092,-0.372,0.03,-0.109,1.305,-0.58,1.633,1.736,0
1.506,0.914,1.032,-0.918,0.633,-2.704,1.489,-1.221,1.888,1.859,0.946,2.683,1.857,-0.032,-0.282,1.246,-1.585,-1.295,-0.186,-0.728,-0.915,0.061,0.122,0.896,-0.903,0.936,0.906,-1.476,-0.786,-0.549,1
0.696,1.489,0.463,-0.408,0.216,0.447,0.289,-1.141,-0.312,0.573,0.102,0.385,-1.214,-0.233,1.327,-0.291,-0.299,-1.254,0.228,-1.291,-2.15,1.46,-0.29,-0.522,0.768,1.383,-0.118,1.096,0.09,0.26,1
-0.496,-0.456,0.514,1.542,0.353,0.018,-0.174,1.219,0.242,-0.022,-0.919,0.142,1.024,-0.349,-0.336,-0.886,-0.507,0.549,-0.722,0.194,-0.023,-1.081,0.356,-0.389,-0.617,-1.234,1.129,0.44,0.436,-0.882,1
1.652,-0.252,-1.855,0.738,-1.093,-0.267,-0.496,0.02,-1.895,-1.428,1.515,-0.422,-0.171,0.16,-0.284,0.134,0.173,0.622,0.45,-1.339,1.193,-0.468,-1.112,0.036,0.714,1.453,0.505,-1.887,-0.414,-0.081,0
-0.518,1.467,0.034,0.656,0.127,-0.741,1.413,0.854,-0.679,-0.387,2.217,-1.239,-1.325,2.113,0.478,-1.502,-1.415,-0.059,-0.513,-0.017,0.568,0.407,-0.694,1.07,0.055,1.629,-0.001,-1.423,-0.406,-0.822,1
0.205,0.352,0.858,1.012,-0.284,0.491,-0.421,-0.144,-0.576,-0.63,-0.572,-0.27,0.874,-0.861,2.025,1.495,0.959,-0.152,1.02,-0.48,1.097,0.329,-0.552,0.839,-0.751,0.333,1.615,-0.223,-0.759,-0.752,0
0.794,-1.379,-0.615,-0.431,-1.213,-1.362,-0.478,1.282,-0.281,0.752,1.698,0.719,1.435,0.317,-0.613,-0.877,-0.575,-0.086,-0.383,-1.101,0.15,1.813,0.391,0.921,-0.074,-0.634,-0.253,0.776,-0.359,0.48,1
-0.692,-0.474,-0.258,0.304,-0.354,0.231,1.222,-0.791,0.911,-0.55,-0.992,-0.382,0.794,-0.311,-0.58,0.369,-0.437,0.968,0.645,-1.403,-3.19,-1.254,0.083,-0.679,1.528,1.102,0.402,1.703,-1.081,0.751,0
-1.029,0.184,0.695,0.743,0.525,2.464,-1.223,-0.907,-1.165,-0.371,0.815,-0.791,1.679,-0.47,-0.587,-1.285,0.046,-1.101,-0.493,-0.361,0.57,-0.107,-0.487,-0.275,-0.354,0.579,1.275,0.493,-0.984,-0.05,1
0.325,-0.214,-1.124,0.394,-1.325,-0.112,-0.985,-0.338,-0.486,-0.444,-0.575,1.146,0.899,0.504,-1.091,0.046,-0.064,0.885,1.005,-0.45,0.79,0.623,-0.882,1.272,0.509,-0.585,-0.13,0.557,0.13,-0.724,1
-1.01,-0.52,0.3,-1.48,0.564,-0.176,0.624,-1.023,2.197,-1.202,0.048,0.446,-0.306,-0.037,0.103,-0.572,0.796,-1.155,-1.523,-0.231,-0.846,1.21,-1.764,0.916,-1.051,-1.338,1.096,0.71,0.391,0.204,1
-0.243,1.209,1.5,0.227,-0.932,1.541,-0.784,-1.666,-0.086,-0.366,0.101,0.678,0.945,0.701,0.469,0.3,1.738,0.526,1.667,1.362,1.772,-0.756,1.189,0.051,0.504,0.062,-1.738,0.089,0.383,-0.44,0
-0.263,2.367,-0.083,-0.182,-0.256,-0.635,1.567,0.015,-0.076,0.766,1.133,1.33,-0.858,0.072,-0.591,-0.687,0.771,-0.551,0.808,-0.211,0.019,-0.32,0.378,0.341,0.455,0.145,-2.868,0.715,1.673,1.159,0
-0.595,1.005,-2.333,-0.657,-1.535,0.117,-0.16,-1.082,1.64,-1.863,-0.599,-0.206,-0.474,-0.878,0.286,0.353,0.038,0.265,-0.38,-0.452,-0.868,-1.118,0.433,0.66,-0.317,0.366,0.021,2.106,-0.469,0.641,0
-1.204,2.121,0.029,-1.279,0.204,0.426,-1.483,1.209,-1.61,-0.231,-0.96,0.376,2.099,-1.008,-0.385,0.047,2.027,-1.833,-0.061,1.203,0.405,-1.047,-1.082,-0.555,-0.894,-0.926,1.001,1.191,0.126,0.317,0
0.143,-0.594,-0.816,-0.625,-0.054,-1.075,0.144,0.037,-1.547,1.205,1.141,1.528,0.654,0.459,0.547,2.362,-1.61,-0.479,1.177,2.044,-0.496,0.986,-1.327,-0.4,-0.095,-0.802,-2.951,-0.156,0.403,2.115,0
-0.057,-1.756,-0.036,-1.795,-0.579,-1.201,0.284,0.949,-1.093,-1.955,-0.616,-0.323,-0.303,-0.172,0.115,-0.953,1.514,-1.204,-0.902,-0.211,0.452,0.683,-0.764,0.39,-0.397,-0.541,0.441,-1.065,1.482,-0.017,0
-1.012,0.221,0.617,0.229,2.616,-1.597,-0.431,1.092,-0.099,-1.095,0.195,0.921,0.265,-0.974,-0.108,-1.36,-0.522,0.525,0.69,-0.265,-0.926,0.498,1.45,-0.419,-0.14,0.637,-2.704,-1.633,0.121,1.025,1
-0.599,0.809,-0.072,-0.891,-0.326,-0.77,-0.367,-1.654,-0.384,-1.679,0.378,0.978,-0.306,0.999,-0.043,-0.691,0.475,0.466,-0.348,-0.746,-0.806,-1.188,0.557,-0.281,-0.713,0.166,-0.584,2.094,0.609,0.027,1
0.832,-0.43,-1.047,0.988,0.858,0.117,0.534,0.745,-0.675,-0.714,-0.726,0.053,1.728,-1.898,-0.288,-1.445,0.459,0.967,-0.733,-0.357,-0.572,0.045,-1.851,-0.603,0.836,0.911,-0.169,-0.648,-0.827,0.688,0
-0.041,1.025,1.271,0.335,-0.613,-2.119,-0.617,-0.272,0.196,-0.596,0.839,-0.002,0.594,-0.086,1.794,1.132,-1.373,-0.284,1.116,-0.75,-0.548,0.557,0.688,0.659,-0.459,0.095,1.511,-0.34,-2.104,-1.099,1
1.281,-0.268,-0.811,2.826,-0.19,-0.63,-0.494,1.545,0.115,-0.761,0.113,-0.459,0.637,-0.026,-0.092,-0.207,1.071,0.459,1.591,2.107,-1.265,0.227,-1.147,-0.344,0.32,1.121,-0.902,0.022,-1.325,1.409,1
-1.022,-1.204,1.36,-0.661,-0.678,0.389,0.563,0.292,-0.151,-0.693,-1.158,0.296,-1.177,0.925,1.147,-1.642,-0.964,0.618,0.055,-0.28,-0.151,0.538,1.333,1.668,0.753,0.91,-0.001,-0.303,-1.849,0.473,0
-0.683,0.184,-1.369,-0.3,-0.932,-1.247,-1.466,-0.082,0.36,-0.936,0.206,0.247,-1.372,-0.316,1.22,1.352,-1.062,1.875,0.546,0.62,0.502,-1.297,-0.003,-0.536,0.368,0.262,0.522,-1.569,-2.196,-0.536,1
-0.613,0.187,0.941,-0.662,0.059,-0.057,0.395,0.441,0.094,-0.971,-0.207,0.626,0.11,-0.232,-0.761,-0.557,-0.295,-1.327,-0.195,-0.228,-0.559,1.079,1.393,0.816,0.002,-0.058,0.624,1.116,-0.603,0.9,0
0.469,1.566,-1.513,-0.988,0.627,-0.23,-0.983,0.258,-0.28,0.089,-0.793,-0.445,-0.652,0.034,-0.272,-0.667,-0.877,0.259,-1.221,1.487,-0.415,1.321,-0.58,0.525,-0.305,-0.544,-1.806,-0.681,-1.55,1.237,1
0.163,-0.531,0.633,0.635,-0.293,-2.134,-0.312,0.004,-0.681,0.717,-0.425,-0.029,-0.895,-0.67,0.275,-0.355,-1.664,1.574,1.137,-0.294,-1.152,-0.823,1.231,-0.749,-0.629,-0.745,-0.944,-0.03,1.178,0.36,0
-0.286,-0.053,-1.198,1.872,2.113,0.117,-0.753,0.341,0.602,0.14,-0.215,1.202,-1.104,-1.165,-1.159,0.792,-0.657,1.13,-1.1,0.153,0.616,-0.103,0.669,-0.359,0.182,-0.262,-0.523,0.691,0.001,0.895,0
-0.042,-0.658,1.544,-0.375,-0.479,0.487,-0.441,-0.976,0.577,-0.732,0.47,-0.309,0.266,0.698,1.996,-2.628,-0.197,-1.502,-0.194,0.327,-1.012,0.377,0.167,0.308,-0.462,-0.553,1.237,0.274,-0.517,1.351,0
-0.395,-0.563,-0.56,-1.356,-0.795,0.114,0.815,0.733,0.399,-0.09,1.073,0.532,0.384,-0.675,1.933,0.333,0.184,0.764,-2.479,0.529,1.387,1.6,-1.557,0.861,-0.26,-2.013,0.546,0.299,-0.186,-0.891,1
0.304,0.973,-1.906,0.921,0.815,1.535,-0.505,-0.327,-1.081,0.729,-1.488,-1.717,-0.494,0.69,0.355,-0.761,-0.674,0.074,-1.088,0.409,1.065,-0.015,-1.084,-0.597,-1.67,1.938,-0.297,-1.615,-0.345,-0.614,1
0.419,2.33,0.233,0.347,-1.256,-0.262,-1.522,-0.892,-2.708,0.002,0.426,0.526,-0.095,0.293,0.128,-0.252,-1.25,-0.606,-0.323,0.913,-0.214,0.646,-0.299,0.689,-1.599,-0.349,-0.633,0.216,-0.258,1.099,1
0.336,-0.11,0.687,0.14,0.067,0.937,-1.022,-0.523,0.034,-0.194,0.143,0.17,-1.54,0.155,1.973,0.536,0.397,0.866,-1.328,0.7,2.427,0.36,1.803,-0.31,1.144,-0.589,0.954,1.452,-0.155,1.069,0
-0.362,0.95,0.664,-0.011,0.128,-1.137,-0.453,0.166,-0.479,-1.351,1.292,-0.744,-1.082,-1.805,-0.023,2.388,0.319,-1.426,0.973,1.241,0.769,-0.553,0.106,1.141,1.18,1.123,-0.844,-0.15,-0.139,2.061,1
0.171,0.492,0.688,0.024,-1.09,0.879,0.268,0.46,0.189,-0.282,-0.465,-0.281,-0.692,-0.711,-1.292,-0.691,-0.178,0.658,-1.117,-0.196,0.0,0.973,-1.76,-0.442,-0.306,1.589,0.682,-0.618,-0.525,0.195,0
-0.217,-1.498,-0.078,0.32,0.836,0.04,-1.566,-0.147,-1.887,1.358,0.206,0.33,0.126,-0.546,-0.349,-0.557,0.639,-0.231,-0.173,-0.455,-0.611,-0.197,-0.567,1.286,-0.499,-0.671,1.193,0.65,-1.008,-0.122,0
1.512,0.76,0.863,0.56,1.376,-0.288,-0.619,0.419,0.418,0.438,-0.119,-0.448,1.153,-0.213,-0.262,-1.46,-0.412,2.156,-0.438,1.398,-0.676,-0.28,0.707,1.241,1.135,2.094,-0.874,1.528,-0.484,1.602,1
-0.042,-0.187,1.768,0.286,-1.692,-0.932,0.759,-0.136,0.846,-0.126,0.022,0.267,-1.069,1.282,-1.026,0.833,-1.132,1.2,-0.696,-1.054,0.105,-0.338,0.028,0.749,-0.129,0.188,0.348,-0.351,1.606,-0.791,1
0.968,1.139,1.119,-0.235,-0.141,-0.565,-0.262,-0.774,-0.022,0.882,0.618,1.626,1.695,1.481,0.861,-0.327,-0.875,0.076,-0.037,0.234,1.332,-1.057,0.334,0.776,-0.911,-1.432,-0.18,-0.84,1.299,0.208,1
-0.232,0.547,-0.899,-0.361,3.222,-1.41,-1.35,0.092,-0.718,-0.222,0.681,0.467,1.709,0.136,0.223,-1.308,-2.033,-1.582,1.494,0.979,2.116,1.13,0.332,1.506,-1.062,1.12,-1.256,-1.159,-0.151,1.068,0
-0.63,0.487,1.018,-0.433,0.523,1.479,0.56,-0.194,0.27,-0.292,-1.979,-0.616,0.378,1.627,0.823,0.175,0.122,-0.108,-0.221,-0.66,-1.255,-1.577,0.365,0.287,-0.729,0.955,-0.753,-0.141,-1.259,1.278,1
-1.152,1.103,0.579,-0.124,-0.365,-1.124,0.555,0.145,0.431,0.922,-1.083,0.251,-0.171,-0.396,2.247,-0.375,0.192,1.156,0.38,-0.292,-1.287,-2.772,1.086,0.144,0.176,-1.401,0.699,0.503,0.556,0.296,0
1.071,1.354,-0.554,0.878,0.175,-1.397,0.163,1.866,-1.154,-0.542,-0.034,1.074,0.277,-0.342,-0.331,0.711,-2.025,-1.625,0.458,0.632,-0.694,-0.779,0.184,-0.395,0.5,-0.68,0.034,0.027,-1.654,-1.93,1
0.054,0.125,0.336,0.669,0.458,-0.859,1.656,-0.183,-0.006,0.387,0.716,-1.182,-0.813,-1.402,-1.049,-0.383,0.72,-1.801,-0.823,0.438,0.224,1.42,-0.957,0.522,-0.809,1.942,0.92,-0.039,-0.909,-0.597,1
-2.085,-0.465,-0.044,-2.257,0.26,-0.184,-0.114,0.738,0.174,-1.618,1.254,0.778,0.466,-0.242,-0.685,1.362,0.041,2.422,-0.825,-0.709,2.293,0.408,0.004,0.952,0.348,-0.917,0.124,0.384,-0.595,-0.335,0
-1.254,-0.593,0.261,0.039,0.035,-0.933,-0.919,-0.713,-0.191,1.495,0.555,0.3,0.427,0.823,0.098,-0.419,-1.456,1.006,-0.687,0.409,-0.175,0.673,-0.396,-1.6,1.965,1.454,0.884,-0.653,0.159,-0.333,0
-0.13,1.444,-0.768,-0.242,0.113,-0.902,0.73,-0.244,-1.749,-1.913,-0.637,-0.424,-0.136,-1.552,-0.979,1.097,0.338,-0.726,-1.489,0.566,-0.333,0.77,1.172,-0.333,0.326,-0.91,-0.007,-1.266,-1.778,0.83,1
0.929,-1.176,-0.767,0.052,1.953,1.387,0.732,0.781,-0.868,-2.14,1.361,-0.93,0.883,-1.674,-1.347,2.052,-0.569,0.73,1.027,0.463,-0.82,-0.713,-0.806,-0.541,-0.803,1.343,-0.13,0.602,0.735,1.219,0
-1.081,0.326,-1.65,-0.359,-0.529,-1.01,-0.893,-0.366,-1.294,-0.349,0.159,-0.183,0.149,0.074,0.103,-1.16,1.009,-0.569,-0.888,0.469,-1.483,0.905,-0.815,0.068,-0.546,1.936,0.346,3.424,-0.411,-1.897,0
0.069,-1.059,-0.647,0.762,-0.561,-2.181,-1.627,1.129,-1.618,0.128,-0.514,-0.026,0.435,0.878,-0.65,-0.961,0.33,0.479,-0.061,-0.172,0.268,0.066,0.039,0.463,1.22,-1.206,0.52,0.307,0.661,1.235,0
0.411,1.586,0.618,-1.897,0.672,-0.673,0.986,-0.348,-0.605,-0.066,0.384,0.031,0.325,2.317,1.352,0.122,-1.235,0.948,2.585,-0.91,1.753,-0.363,0.318,-0.334,-0.074,-0.491,0.055,0.314,1.053,-0.43,1
-1.268,-2.515,0.482,-1.711,-0.528,0.402,-0.118,-0.08,-0.686,-0.91,-0.768,0.82,-0.609,-0.57,0.249,0.129,-0.676,1.432,2.248,0.664,-0.315,0.253,3.413,-2.457,0.773,0.852,-1.515,-1.802,-0.57,0.825,1
0.525,0.069,-1.214,0.272,0.861,-0.413,1.384,-1.31,-1.166,-0.221,1.427,-0.345,-0.717,0.214,-0.57,0.954,-0.371,0.239,-1.117,0.48,0.605,0.179,-0.124,-1.329,-1.139,1.376,-0.241,-1.651,0.886,-0.011,1
-0.749,-1.24,-1.498,-0.855,-0.359,0.206,0.793,-0.757,-0.011,-0.251,1.437,-1.251,0.907,0.973,-0.161,1.115,0.834,-1.102,-1.115,0.103,-1.437,-0.165,-0.049,1.332,0.986,-1.664,-0.203,-1.258,1.318,0.635,1
1.051,-0.693,0.112,-0.817,0.638,-0.027,0.21,0.888,-0.672,-1.668,0.279,-1.56,-1.395,0.137,0.765,-2.038,0.785,-0.557,-0.434,0.369,0.006,-2.104,-0.378,0.153,-1.498,1.337,1.883,0.414,0.316,-0.811,0
-0.91,-1.306,-1.228,-1.113,-0.025,-0.842,-0.926,-0.283,1.091,-1.085,0.23,-0.373,1.212,1.144,-0.311,-0.575,0.059,1.676,0.226,-1.086,-0.412,-0.578,-0.521,-1.122,-0.127,-0.039,-1.593,-1.225,-2.935,-1.241,0
-1.048,-0.141,-0.862,-0.504,0.783,-0.347,0.214,0.079,0.641,-0.887,-0.675,0.712,-0.369,0.352,0.478,2.373,0.523,0.317,-0.453,1.322,0.392,1.12,0.086,-2.341,-0.722,0.94,-0.338,-0.969,1.998,-0.633,0
0.222,0.55,0.054,-0.072,1.156,0.314,-0.61,1.329,-0.92,-0.11,-0.059,1.235,0.293,-0.068,0.297,-0.753,-0.62,0.129,-0.144,0.121,0.489,1.007,-0.638,2.347,-0.411,0.017,0.819,-1.114,-0.598,-0.06,1
0.144,0.583,-0.479,-0.933,0.775,-1.875,-0.235,3.145,-1.62,0.598,1.25,-0.966,0.943,0.133,-0.333,-1.652,0.065,0.236,-2.535,0.344,0.984,-0.979,0.691,-0.315,0.664,0.63,1.648,0.268,-0.641,-0.045,1
0.408,-0.328,1.058,-1.319,-0.955,-0.206,1.065,-0.735,-1.034,-1.011,0.344,-1.38,0.35,0.002,0.379,-0.577,-1.041,-1.041,3.06,1.294,0.723,0.27,1.866,-1.018,-1.074,0.486,-0.042,0.378,1.969,-0.689,0
0.974,0.499,-1.354,-0.677,-1.819,-0.243,1.341,1.726,0.712,-0.437,-1.734,-0.309,0.647,0.98,0.033,1.649,-1.1,1.105,0.421,0.973,-1.659,1.155,0.327,-1.095,-1.561,0.18,0.009,0.707,-0.116,-0.567,1
0.178,-0.207,-0.94,0.283,0.205,0.903,0.371,-1.378,1.739,1.066,1.655,0.191,0.377,0.408,-1.05,0.42,0.385,0.032,-0.98,2.976,-1.02,1.782,-0.455,0.753,0.091,0.225,0.51,-1.198,-0.795,-0.352,1
0.373,1.296,-0.37,0.434,1.454,0.095,-0.325,0.295,1.545,-1.164,-0.182,0.097,1.765,0.536,0.747,-0.126,-0.538,-0.37,-0.229,-0.036,1.825,-0.092,1.112,-0.546,0.786,-0.478,-1.757,-1.264,2.673,-0.801,1
-0.225,0.757,-0.072,1.345,-0.891,1.879,-0.079,-1.012,0.325,-1.219,-0.06,0.234,0.752,-0.018,-0.222,0.349,1.218,1.33,-1.107,-0.63,-0.618,-1.486,1.713,-0.062,-0.849,0.861,-0.688,-1.458,-1.283,-1.979,0
1.217,-0.085,-1.968,0.397,0.042,1.191,-1.857,0.611,1.097,0.842,-0.474,-0.647,0.409,1.385,-0.122,0.005,0.859,0.593,0.599,-0.045,-0.265,0.321,0.845,-0.434,1.905,0.923,-0.206,-0.004,-0.283,0.245,1
-1.853,1.537,0.399,-1.322,1.697,0.457,0.633,-0.655,0.191,1.052,-1.54,-0.363,-0.132,-0.328,-0.33,-0.513,0.727,0.956,-0.336,0.36,1.223,-1.356,-1.524,3.421,0.257,0.071,0.785,0.648,-0.514,1.149,0
0.412,-1.217,-0.588,-0.095,-0.413,-0.45,-1.089,-1.195,0.177,0.302,-1.476,-1.584,1.452,-0.828,2.391,-0.654,-0.502,-0.038,1.27,0.519,-0.144,1.495,-0.107,0.7,-0.164,0.346,-0.573,1.097,-0.716,0.675,0
-1.506,-1.207,0.18,-0.585,-0.979,0.183,-1.845,-0.597,-0.078,1.306,-1.368,-0.225,-0.837,0.521,0.178,1.491,1.536,1.135,1.721,1.057,2.13,-0.295,-1.296,0.965,-0.031,-1.424,-0.56,-0.523,-1.542,0.276,1
0.515,-0.65,0.694,0.398,-0.524,-0.537,-0.409,0.468,-0.808,-0.639,-0.689,0.063,-1.044,-0.588,0.81,-1.269,1.276,0.97,-0.48,1.306,1.348,1.215,1.311,-0.92,0.31,-0.223,-0.767,-0.993,-0.124,-0.426,0
0.189,-0.151,1.481,-1.094,-0.577,-0.175,-1.173,-0.153,1.013,0.654,0.182,-0.575,-0.837,0.97,-0.656,0.068,1.133,-0.216,-0.795,0.415,-0.109,-0.346,-0.629,0.874,-0.966,-1.262,2.11,1.382,-0.056,2.062,0
0.072,0.452,1.104,-1.243,-0.852,-2.24,1.243,0.642,1.932,0.38,-0.285,0.63,-1.539,-2.358,2.259,0.009,0.813,1.742,0.505,0.393,-1.683,0.162,-0.141,1.874,-2.391,1.393,0.198,-0.573,-1.157,-0.37,1
1.125,-1.419,-1.076,-0.043,-0.961,-0.914,-2.199,-0.647,-0.383,0.561,-1.215,0.266,-0.334,-0.006,0.913,-1.912,0.722,-0.413,-1.87,0.345,-0.905,0.537,0.206,-0.329,-0.112,-1.653,0.704,-1.414,0.374,1.027,0
-0.564,1.208,0.385,0.046,0.846,-0.303,-0.672,1.042,0.793,1.392,-0.809,0.447,0.603,1.884,1.749,0.012,-0.107,-1.316,-2.092,-0.907,1.105,1.434,0.217,0.09,0.667,-0.158,1.214,-0.093,1.185,0.926,0
-0.696,1.944,-1.734,-0.675,-1.382,-0.352,-0.867,0.662,-0.574,1.214,-0.229,0.528,-0.155,0.373,-0.59,-0.248,0.327,-1.303,-1.026,0.606,0.039,-0.092,-0.23,-1.41,-0.769,-1.927,-0.071,-0.309,2.198,0.159,0
-0.918,-0.854,-0.661,1.484,-0.224,-0.675,1.372,0.043,1.522,0.691,-0.55,1.166,-2.259,1.418,-0.429,-1.309,0.604,-0.868,1.636,-0.829,1.415,0.12,-3.377,0.033,-0.051,2.259,-0.739,-1.905,0.298,1.599,0
-1.185,-1.312,-0.167,0.028,-0.022,1.048,-0.516,1.426,-0.15,1.893,1.196,0.867,0.26,1.301,-0.4,-0.446,-0.132,-0.556,0.354,0.89,-0.359,-1.902,-2.382,1.06,-0.948,-0.525,0.267,0.088,-0.907,1.057,1
-0.823,1.21,-0.739,-0.259,-1.29,-0.073,-2.33,1.32,-0.666,-1.246,0.296,1.135,-1.001,1.303,-0.874,1.005,-0.938,-0.301,2.783,0.053,-2.214,-0.363,-0.247,-0.064,-0.452,2.406,0.792,-0.9,0.227,0.164,0
0.798,-0.594,0.698,-0.373,1.14,0.765,1.388,-0.126,0.401,-1.241,-0.035,0.042,-0.346,0.356,0.758,2.212,-0.721,-0.174,-0.137,-0.086,-0.192,1.519,0.14,0.979,-0.826,-0.309,1.107,0.337,1.65,-0.636,0
-0.295,1.658,-1.613,-1.075,-1.493,0.536,0.226,0.949,-0.338,-0.744,-0.635,0.916,-0.39,0.674,-0.381,-2.071,0.658,0.659,0.161,0.062,-1.724,-1.01,-1.602,0.274,0.11,1.086,-1.488,-0.735,-1.086,0.727,0
-0.553,0.714,-0.893,-1.213,0.673,-0.584,-0.297,1.098,-0.779,1.044,0.436,1.438,1.414,1.357,0.463,-0.664,-1.826,0.046,1.475,0.121,-0.999,-1.371,-0.355,-0.587,2.127,0.926,-0.953,-0.507,2.829,0.502,0
0.205,-0.028,3.046,0.739,-0.273,0.76,0.763,-0.832,0.24,-0.081,-0.245,-1.649,-1.176,0.444,-0.435,-0.172,1.283,0.546,-1.175,0.515,-0.574,1.963,1.012,-0.888,-1.103,-0.907,-0.141,-0.666,-1.483,-1.432,1
-1.246,-1.592,0.209,-0.231,1.799,0.24,0.088,-0.014,-0.204,1.363,0.183,-0.314,-0.266,1.578,0.07,-1.439,-0.436,-0.779,-0.722,4.054,-0.214,-0.937,0.236,0.123,0.226,-0.724,0.424,-2.238,-0.227,-0.233,1
0.445,1.604,0.539,0.617,-1.105,0.85,0.073,-0.865,-0.908,-1.869,1.647,-1.924,0.35,-0.26,-1.077,1.214,1.335,0.584,2.383,-1.499,-0.292,-0.51,-1.623,-1.71,-0.018,-0.479,-0.771,0.682,-0.353,0.255,1
0.862,-1.384,1.171,1.539,-1.888,0.409,-0.078,-0.611,-0.051,-0.098,0.354,0.729,-2.118,0.626,1.96,1.943,1.111,1.107,0.342,-0.232,0.809,0.777,-0.437,-3.364,1.049,0.522,0.808,-0.78,-0.608,-0.412,0
0.206,0.063,-0.287,1.844,0.773,-0.767,1.114,0.122,1.112,0.455,0.939,-1.16,0.625,-0.298,-0.236,-1.358,0.186,-0.586,2.082,2.232,-1.113,-1.065,-0.459,-0.477,-0.445,0.834,1.214,1.13,3.229,-0.343,0
0.678,1.392,0.238,1.257,0.737,1.465,-0.28,-1.129,-1.097,0.681,-1.258,-0.941,-1.163,0.296,0.529,0.248,0.338,-0.357,-0.116,-2.09,0.224,0.044,-0.259,-0.663,2.608,-0.914,-1.473,2.279,0.291,0.515,0
-1.147,2.522,-0.408,-0.598,-1.235,-0.345,-1.008,-1.223,-1.799,-0.293,-0.069,-0.17,-1.025,-0.157,-0.62,0.113,-0.569,1.758,2.713,-0.368,1.136,-0.153,-0.604,-2.087,0.068,0.857,1.037,1.054,-1.809,0.042,1
-1.553,-1.022,-0.109,-0.484,0.708,0.412,1.135,0.529,0.188,1.09,-0.342,-0.3,0.414,0.04,3.611,-0.024,-0.432,0.868,0.617,-0.378,0.058,-0.385,-0.963,-0.893,-0.577,-1.661,-0.174,-0.306,0.363,0.766,0
2.693,-0.503,0.355,-0.439,0.14,-0.438,0.144,-0.344,0.074,-0.039,1.374,0.858,1.451,1.563,-1.334,0.221,-0.55,-0.444,0.01,0.298,-0.5,-1.094,0.906,-1.838,0.018,-0.662,-0.3,0.489,-0.245,0.454,1
0.255,0.675,0.715,-2.077,-1.204,0.497,-1.373,-0.215,1.433,1.217,0.677,-1.117,-1.302,-1.096,-0.18,0.272,-0.325,-1.12,1.494,1.328,-0.326,-2.085,1.882,0.36,0.275,1.864,0.297,0.345,-0.991,0.371,1
1.146,-0.988,-1.043,1.343,1.354,1.375,0.077,0.127,-2.112,0.038,1.727,0.483,1.311,0.685,-0.179,-1.067,-1.798,-0.36,0.056,-1.089,0.067,-0.443,0.524,-0.675,1.206,-0.205,-0.659,-0.39,2.205,1.4,0
-2.59,-0.03,-0.102,0.028,1.667,0.317,0.478,2.66,0.576,-1.55,-0.234,0.652,1.271,-0.041,-0.107,0.131,0.761,0.333,0.859,-0.805,-0.885,1.13,-0.194,-0.114,1.431,0.643,0.109,0.611,-0.106,0.137,1
-0.466,-1.153,-0.845,1.496,-1.96,-1.07,1.212,1.076,-0.612,-0.522,-0.387,0.343,-2.545,-0.712,-0.893,0.658,-0.462,1.754,-0.148,0.554,2.818,-0.583,0.692,0.348,-1.268,2.094,-0.742,-2.235,-0.272,2.064,0
-1.374,-0.07,1.039,1.496,-0.981,-1.904,1.415,-1.266,0.433,-0.47,-0.733,0.547,-0.265,0.474,0.997,-0.675,-0.619,0.151,0.814,0.371,-1.248,0.819,0.957,0.549,-1.631,-0.537,-0.702,0.223,-0.148,-0.894,0
-0.444,-1.416,0.815,0.5,1.819,1.063,1.219,0.825,-1.183,1.116,-0.872,0.781,-0.479,-0.121,0.282,-1.496,0.139,1.046,-0.973,-2.019,-0.403,-0.364,-0.16,1.44,2.512,-0.623,-0.379,-0.555,-0.798,0.678,0
0.399,-1.435,0.456,-0.589,1.239,-1.182,-0.316,2.843,0.319,-0.396,0.556,0.409,0.903,-0.427,-0.461,-0.342,0.193,-0.119,1.185,-1.663,0.554,0.802,-3.163,-1.333,-1.391,-0.514,-1.65,0.267,1.911,-1.113,0
-0.027,0.466,0.15,0.331,-0.217,-0.509,0.806,-0.745,-0.06,2.397,-1.879,-0.621,1.204,0.605,0.463,-0.787,-0.866,0.684,1.135,-2.723,1.33,1.531,0.482,0.844,-0.502,-0.324,0.215,0.733,1.444,0.734,0
-0.376,-0.093,-0.664,-1.01,0.641,0.25,1.369,0.637,2.169,-0.535,-0.39,0.161,-0.872,-1.779,-0.12,1.033,0.021,0.069,-0.756,-1.201,-1.471,-0.088,0.256,-0.058,1.485,1.373,1.405,-1.21,-0.654,0.832,0
0.96,0.368,-0.463,-1.086,0.934,0.042,-0.361,0.064,0.613,-1.645,0.903,-1.067,1.016,-0.607,0.63,0.192,-0.449,-0.442,0.403,-0.387,-0.459,0.104,1.112,-0.712,0.435,-2.712,0.344,-1.075,-0.447,-0.198,1
-0.908,-0.174,0.386,-2.567,1.018,-0.871,2.21,-0.744,-0.207,2.436,0.299,-1.083,1.131,-0.73,0.253,-1.63,-0.505,-0.749,0.339,-0.494,0.442,2.969,-0.435,0.418,0.289,-0.199,-0.588,1.718,-0.55,0.53,0
-0.307,-1.16,1.165,0.545,-0.154,1.679,0.636,2.46,0.48,0.419,0.374,-0.951,0.153,0.427,1.803,1.138,-0.603,0.75,0.508,-1.527,1.497,-1.827,0.908,-0.958,0.691,-0.247,0.398,-0.74,0.113,1.307,1
0.101,0.998,0.487,0.273,0.426,-2.224,0.378,-0.355,0.109,-0.206,-0.312,0.316,1.762,0.177,-0.801,0.2,-0.076,0.3,0.013,0.19,-0.478,-1.158,0.54,-0.066,-0.752,0.901,0.252,1.126,-0.246,1.014,0
0.485,-1.925,-1.371,-0.182,0.047,-0.332,-1.137,-0.902,0.323,-0.159,-2.369,0.355,0.318,-1.333,0.372,-1.535,0.256,-0.845,0.068,-2.186,-0.23,0.002,-0.73,1.091,-0.832,0.75,-0.457,-0.95,2.15,-1.259,1
0.252,-0.867,0.06,-1.427,0.803,-0.19,0.925,-1.465,-0.97,-0.0,-0.345,-0.55,-0.555,-0.279,0.589,-1.695,-0.317,-0.558,0.261,-0.218,-0.431,-0.74,-1.149,-0.852,-1.184,0.675,0.219,-0.521,0.707,-1.068,1
-0.37,-0.379,1.067,-2.051,-0.029,-1.087,-0.397,-0.166,1.7,-0.814,-0.765,-1.314,2.299,0.961,1.969,0.279,-0.337,-0.322,-0.573,-0.497,-0.114,-0.433,-1.149,-0.209,-0.066,0.661,0.28,-0.579,-0.868,-0.962,1
1.387,0.16,1.169,-1.317,-0.207,-1.902,0.181,0.132,2.695,0.293,-0.52,0.467,-1.597,-1.689,-0.299,0.747,-1.268,-0.241,-1.315,-0.742,-0.579,-0.087,0.161,-0.517,0.427,-0.004,-1.026,-0.649,-0.559,0.346,0
0.16,0.771,1.306,0.265,0.951,-0.294,-0.123,-0.637,0.679,1.159,0.659,1.348,-1.566,-1.15,-0.064,0.462,1.031,0.146,-1.169,0.107,0.166,-2.207,0.162,-0.69,0.436,-0.744,1.527,0.943,-1.2,-1.081,0
-2.153,1.634,-0.546,0.776,0.597,-0.858,0.272,0.393,2.235,-0.232,0.563,0.145,1.58,0.193,1.128,0.08,-1.675,-2.494,1.727,0.9,-0.284,0.37,-0.059,0.758,1.542,-0.527,-1.081,0.584,-0.871,0.496,1
-1.661,-1.347,-2.523,-1.775,0.303,-0.203,-0.303,1.085,-0.916,1.215,-0.434,-0.135,2.161,0.515,-0.287,0.526,-0.881,-0.873,-1.337,-0.442,-0.952,-0.209,0.039,1.217,0.127,1.368,-0.758,0.798,1.283,-0.586,0
-1.89,0.591,-0.453,-0.313,-0.952,0.143,-0.389,-1.093,0.982,-1.291,0.983,0.239,-1.114,-0.457,-0.389,0.875,-2.239,-0.104,-1.537,-0.818,0.132,-1.815,-0.041,1.558,0.691,0.226,0.869,-0.328,0.106,1.466,1
-0.15,0.17,0.159,0.67,-1.71,-0.693,0.614,1.064,-0.716,2.084,0.77,0.712,0.715,0.304,0.973,-0.945,-0.984,1.529,0.732,0.578,-1.03,0.858,0.245,0.665,-1.878,-0.132,2.015,0.898,-0.053,0.693,0
0.454,0.921,1.407,-0.979,-0.073,-0.061,-1.735,0.522,-0.336,-0.243,1.039,1.042,0.072,-0.469,-0.927,0.69,0.532,1.01,0.067,1.085,-0.365,0.392,0.972,-0.634,0.977,-0.035,0.075,-0.817,0.094,-0.611,0
-1.201,-0.06,0.538,0.284,1.556,0.232,0.841,0.494,0.585,0.89,0.542,-1.881,0.368,0.31,0.893,0.17,-1.281,0.135,0.536,-0.301,-1.087,0.97,-0.277,-0.31,-0.346,-1.222,0.844,0.528,0.001,-0.121,1
-0.926,-0.086,1.009,0.091,0.277,-0.422,-0.62,-1.002,0.228,1.224,-0.341,-0.879,-1.45,-0.228,0.222,-0.471,0.888,-0.879,0.812,-2.01,-1.164,-1.078,-0.551,-2.353,0.018,-0.272,1.796,-1.757,-1.635,-0.577,1
-1.906,0.236,-2.968,-1.857,0.501,-0.67,0.113,0.962,-0.707,0.903,-0.936,-0.635,-0.23,-0.213,-1.147,0.813,-1.88,-2.274,0.646,-0.722,0.919,1.087,0.656,0.971,-1.893,1.521,-1.226,-0.126,-0.646,1.813,1
-1.636,0.634,-0.8,0.989,-0.198,0.754,0.126,-1.656,1.482,0.456,-1.972,-2.257,1.288,-0.485,0.213,0.973,0.339,0.409,-0.1,-1.2,-0.287,-1.244,-0.078,-0.707,0.308,0.242,-1.405,0.468,2.032,2.804,1
-0.247,-0.186,-2.769,-1.521,0.778,2.065,-0.391,-0.559,-0.436,-0.953,-0.586,0.996,0.53,0.569,-1.48,-0.486,0.848,-0.435,-0.864,-0.748,0.666,0.237,-0.132,-0.593,-0.18,1.091,0.135,-0.527,0.356,-1.219,1
-0.37,1.726,1.714,0.621,1.038,0.094,0.087,-0.381,1.616,-0.013,0.129,-1.74,-0.83,-0.254,0.008,-0.867,0.14,0.065,1.479,1.606,0.883,0.565,-0.178,0.451,0.319,-0.926,1.82,1.116,0.808,-1.14,0
0.316,-0.086,-0.429,-0.301,-0.702,-0.455,-1.552,-0.619,-0.154,-2.033,1.261,1.239,-0.199,-0.224,0.655,-1.584,-0.05,0.706,-1.337,0.144,0.664,1.271,1.678,2.585,0.549,-0.651,0.065,0.291,1.056,1.635,1
0.66,-0.62,-0.966,2.031,-1.78,-1.58,-0.568,0.7,1.188,-0.406,-1.032,2.967,-2.173,-0.014,0.916,1.361,-0.331,-0.803,0.168,0.44,-0.651,-0.123,1.153,-1.047,1.083,0.122,0.954,-0.11,0.463,1.171,0
0.178,0.777,0.021,-0.96,-0.935,-0.209,-0.169,0.196,0.61,-0.429,2.237,0.225,1.075,-1.822,0.495,-1.064,-0.86,-0.579,-0.384,1.334,-0.773,0.731,-0.597,-0.06,-0.244,1.506,2.863,0.383,0.751,0.354,0
-0.283,-1.072,-0.158,0.714,-0.392,-0.821,-1.252,-2.006,-0.249,-0.574,1.198,-0.719,-0.668,-0.903,1.295,-1.94,0.209,0.36,-0.658,-0.697,-0.442,0.379,-0.259,-0.278,0.101,0.646,-0.876,0.943,-0.577,-0.576,1
-1.269,-0.848,-1.201,1.386,-0.2,-1.665,0.65,-0.755,-1.724,2.102,1.857,-0.388,-0.289,-0.262,-0.597,-0.339,-0.926,-0.582,0.089,-0.928,-1.658,0.739,-0.377,-1.824,1.635,0.502,-1.363,0.254,-1.115,-0.385,1
0.87,0.826,-0.074,-1.85,1.159,1.259,0.839,-0.463,-1.846,-0.465,-0.474,-1.471,1.609,0.405,-0.065,1.328,1.259,-1.409,0.592,-0.933,1.472,-1.923,-0.228,-1.034,-1.026,2.13,1.2,-0.088,-1.208,0.149,0
0.24,-0.479,-0.52,-1.932,0.081,-0.374,0.584,-0.812,1.272,1.58,-1.331,0.552,1.021,-0.386,0.047,-2.444,0.652,1.514,-0.332,1.409,-0.928,0.963,0.322,0.71,0.444,-1.35,-0.159,1.808,-1.735,0.453,1
-2.347,0.392,-1.483,-0.565,1.38,-1.279,-0.946,2.721,-0.813,0.743,1.328,1.067,-0.102,-0.11,-0.877,-0.129,0.905,0.052,0.342,-1.181,0.524,-0.687,-0.304,-0.839,-0.038,-0.316,-1.755,-2.44,0.362,0.8,1
-1.368,-1.104,-0.205,0.103,1.155,-1.513,-0.263,-0.936,0.174,-0.512,-0.665,2.004,0.034,0.088,0.73,-2.088,0.172,0.548,-0.783,0.6,0.744,0.871,-0.074,0.745,-0.72,-0.091,0.916,-0.455,1.373,-0.64,1
2.148,0.033,0.324,1.914,-2.218,-0.322,-1.572,1.217,-0.883,-0.888,1.165,0.076,0.879,1.804,0.631,-1.013,1.104,-1.35,0.456,0.165,-1.017,0.429,-1.436,-1.056,-0.68,-1.124,0.911,1.403,1.069,1.114,0
-0.414,0.101,-2.384,1.887,-0.047,1.004,0.908,-0.058,0.076,-0.701,0.352,0.487,0.513,-1.463,0.313,0.347,-0.522,-1.845,-0.311,-1.443,-0.378,-0.594,1.051,0.36,0.045,-0.799,-0.389,2.351,0.023,0.668,1
-0.708,-0.724,-1.029,0.047,1.812,0.405,0.646,0.196,0.049,2.027,1.114,0.277,1.327,-0.28,0.213,-0.118,-2.018,2.125,0.022,-0.179,-1.21,-0.334,0.962,1.68,2.585,-0.162,-0.602,-2.021,-1.806,-0.896,0
-1.263,0.442,0.702,-0.648,-1.476,0.005,0.908,0.054,-1.153,-0.1,-1.004,-0.192,-0.186,0.288,-1.684,0.003,0.837,0.14,0.364,0.529,-1.197,1.71,0.622,0.836,0.207,-0.545,1.147,-0.252,-2.1,-0.54,0
-1.383,1.851,1.537,2.089,-1.686,-0.354,-0.402,-1.095,-0.874,-0.225,-0.846,0.913,0.655,1.261,-1.22,-0.78,1.285,0.415,-1.142,0.94,-1.45,-0.413,1.249,1.892,-0.375,-1.701,-1.514,0.03,-0.747,0.497,1
0.007,-0.931,-0.354,-0.502,-0.055,-1.853,-0.252,0.341,1.295,-1.232,0.3,0.94,1.465,1.044,0.782,-1.665,-0.313,1.355,-0.566,0.028,1.745,-1.007,1.529,0.539,-1.056,-1.529,0.158,1.093,-0.659,0.272,0
-0.885,0.772,-0.209,-1.02,-2.341,-1.667,1.523,-0.724,-0.663,-0.091,-1.35,1.193,1.607,-0.542,-1.281,-0.209,1.708,-0.133,1.123,-0.089,-0.689,1.382,-1.288,-0.231,0.246,-0.751,-0.179,0.793,-0.887,1.415,0
-2.804,0.269,-0.872,0.098,1.395,-0.558,-0.542,-0.066,-0.15,-0.493,-0.441,-0.485,0.394,0.538,-0.784,-2.63,-1.072,-0.216,0.316,-1.664,1.239,-0.412,1.152,2.275,-1.305,0.53,0.574,-0.564,-0.618,-0.432,0
0.152,1.935,1.233,0.038,0.136,0.814,-0.571,0.175,-1.606,-1.062,1.089,-1.855,0.173,0.335,1.789,-0.712,0.841,0.936,-0.464,0.339,-0.296,0.04,-0.065,-0.463,-0.678,-0.272,-0.98,1.233,-1.204,-0.804,0
0.386,1.191,-0.369,0.502,-1.021,-3.099,-0.27,-0.317,-1.099,0.062,-1.514,-1.367,0.468,0.093,-0.8,-0.483,-1.069,-0.741,-0.578,-2.4,-1.199,-0.234,0.706,-0.689,2.164,-0.963,-1.357,-0.004,-0.443,-0.776,1
1.259,0.348,-1.783,0.052,2.616,-1.296,-0.469,0.807,-0.649,-1.29,-0.79,-0.086,-0.659,-0.024,0.047,-0.177,1.109,-0.24,-0.403,-0.352,-0.076,-1.219,-0.322,1.46,1.555,0.316,-0.237,0.529,0.377,1.174,0
-1.271,-0.901,0.511,1.988,0.332,0.11,0.945,-1.788,-1.206,-0.531,-0.571,-0.421,-1.959,-1.218,-1.004,-0.49,0.636,0.35,-0.129,3.09,0.47,-0.845,-0.127,-3.001,0.234,-0.894,0.881,1.01,0.511,0.113,1
0.258,-0.216,-0.337,0.745,0.592,-0.852,-0.229,-0.105,0.285,-0.641,1.104,-1.355,-1.276,-0.31,1.095,-0.244,-0.65,1.677,0.325,1.832,-2.093,0.022,-0.498,-0.506,-2.1,0.381,-1.367,0.773,-0.621,1.059,0
0.967,-1.034,-1.276,-1.083,0.155,-0.697,-0.44,-0.351,0.842,0.417,-1.138,0.066,-1.462,0.012,-0.46,1.264,0.818,-0.007,1.286,-1.395,0.732,-1.198,-0.197,0.412,1.258,-0.792,-0.706,1.806,-0.292,-1.013,1
-0.563,-0.723,1.291,0.887,-0.133,0.894,-0.745,0.439,0.346,0.801,0.943,1.345,-0.159,0.669,-0.616,0.151,-0.293,1.336,-0.931,-0.253,-2.315,0.293,-1.775,-1.703,-1.801,-1.018,-0.499,1.041,0.975,-0.919,0
1.411,-0.854,0.743,-0.391,1.668,-0.154,0.055,-1.117,0.86,-0.941,0.333,0.358,-0.486,1.224,-0.335,0.562,1.637,-1.026,-0.51,-1.156,-0.446,0.966,-0.61,-0.693,-1.52,-1.082,-0.745,0.309,1.7,0.389,1
-0.566,0.912,-0.556,-0.353,-0.367,-0.552,-1.365,-2.796,-0.181,-0.213,-1.022,0.587,-0.64,-0.248,1.84,-0.391,0.01,-0.57,1.178,-0.923,-0.752,0.684,1.245,-0.418,0.588,-0.549,2.606,1.035,0.356,0.556,1
-0.241,-1.175,-1.765,0.569,-0.66,0.489,-0.387,-1.773,0.503,1.527,0.009,0.044,0.868,-1.009,-0.173,-0.111,1.334,2.015,-1.37,0.888,0.298,-0.065,0.928,0.854,-0.099,-1.801,-1.156,-1.856,0.192,-2.379,0
1.318,-0.953,-0.589,-0.888,-0.31,0.218,-0.632,-0.163,-1.74,1.091,1.474,-0.679,0.467,0.721,0.469,0.543,1.922,-1.053,1.644,-0.848,0.124,1.007,0.884,2.086,-0.272,0.302,1.154,0.21,-0.354,-0.241,0
-0.448,0.759,-1.694,1.205,-0.811,-0.883,0.727,-1.025,-0.105,-0.537,-1.831,1.649,0.956,-0.206,0.858,0.817,1.809,0.94,0.207,0.28,-0.43,-0.15,0.951,0.951,-0.058,-0.219,0.228,0.085,0.891,-1.289,0
0.727,0.35,1.134,-0.375,-1.813,-1.865,0.024,-0.071,0.918,-0.527,-1.868,-0.233,1.355,-0.256,0.857,0.28,-0.933,1.481,-0.221,1.681,2.38,-2.13,-1.483,-0.325,-0.061,1.231,1.83,1.424,0.312,-0.577,1
-0.496,0.75,-0.152,2.015,-0.176,-0.816,-1.363,-0.037,0.525,1.293,1.265,0.262,0.005,-0.136,-1.896,2.318,-1.103,1.008,-1.386,-0.118,-2.426,0.72,-0.47,1.606,0.289,-1.315,-0.737,-0.689,1.57,0.749,1
-0.186,1.606,0.248,-1.37,0.996,-1.707,-0.518,-0.255,0.943,1.658,0.535,-0.212,-0.075,1.291,0.143,0.043,-0.713,0.847,1.995,0.467,0.093,0.538,0.064,-0.198,-0.242,1.714,-0.979,0.162,0.654,-0.11,0
-1.124,-0.693,0.848,-1.493,0.776,0.591,-0.798,0.414,0.639,-0.749,2.077,0.045,-0.936,0.432,1.036,-1.158,0.37,0.864,-1.069,0.638,-1.484,-0.176,-0.237,0.038,-1.237,-1.605,0.72,0.857,-0.824,1.304,1
0.688,-1.353,1.035,1.676,-0.812,0.998,-1.403,0.237,-0.836,-1.259,1.025,0.334,-0.541,0.315,0.327,0.597,0.258,-0.969,0.432,-0.449,0.861,1.665,0.587,0.485,0.151,0.394,-0.844,-1.374,1.042,-0.807,1
0.715,-0.763,0.973,0.481,-0.361,-2.266,1.743,0.344,0.726,-0.26,0.259,-0.493,-0.204,0.676,-0.783,0.07,-0.711,-1.601,-1.288,-0.366,0.88,0.99,-0.654,1.33,0.099,0.779,2.113,-0.748,0.023,0.01,0
-0.555,0.382,-2.002,1.293,0.069,-0.076,0.359,-0.537,0.626,0.365,0.379,0.869,-0.654,-0.646,1.733,0.57,-0.312,0.306,-0.167,-0.763,-0.468,-0.037,-0.104,-0.022,0.017,1.514,-1.042,0.579,-0.903,0.335,0
-0.18,-0.863,-0.115,1.589,-2.598,-0.231,-0.029,0.503,0.875,-0.467,0.573,1.808,-0.89,0.182,0.924,-1.62,0.857,-1.049,-0.897,1.323,-0.613,-0.891,0.436,1.036,0.727,1.396,-0.903,-0.815,0.799,-0.873,1
-0.797,0.372,-0.741,1.222,-0.404,-0.825,-0.588,-1.253,-0.575,1.178,0.303,-0.822,1.103,0.363,-2.101,2.635,0.808,1.209,0.185,0.873,-0.955,-0.576,0.932,-0.39,-0.442,1.312,-0.16,0.81,0.333,1.599,0
0.068,1.766,0.163,0.088,0.481,0.538,1.079,1.171,-0.506,0.141,-0.176,-1.088,-0.707,-1.247,1.497,0.975,-0.118,0.629,-0.873,-1.193,1.557,-1.512,-0.161,-0.036,0.083,0.736,0.211,-0.657,-1.306,0.302,0
1.641,0.929,0.888,-0.737,-0.862,0.224,0.518,1.256,-0.163,1.848,-0.791,-2.532,-0.123,-0.429,1.573,-0.945,-0.033,0.294,-1.833,1.317,-1.637,1.384,1.259,0.285,0.508,2.071,0.785,-1.38,-1.257,-0.71,0
0.029,-1.342,-0.038,-0.254,0.013,-0.234,0.486,1.793,0.593,1.71,-1.214,2.816,0.45,-0.602,0.442,-0.014,-0.959,-0.422,-1.92,-0.834,0.108,-1.284,0.054,-0.449,-0.145,0.517,1.671,-0.363,-0.355,-1.989,1
-0.051,0.228,1.037,2.495,0.596,0.007,1.553,0.46,-0.618,-1.296,0.744,-1.354,-0.201,0.125,0.772,-0.712,0.145,1.609,-0.975,0.71,1.815,0.835,0.57,-1.394,0.227,-0.456,-0.27,1.491,2.308,0.874,0
1.328,-1.143,0.333,0.371,0.694,-0.388,-1.731,-0.854,1.137,1.606,1.555,-1.091,0.995,-0.055,-0.305,0.544,0.279,-0.776,1.304,-1.597,2.063,-0.839,-1.417,0.034,-0.116,-0.267,-0.563,0.005,-0.998,0.355,0
-2.16,0.275,-1.22,-0.087,0.323,-0.458,-0.174,-0.669,-0.718,0.778,-0.88,0.473,-0.377,0.72,-0.503,0.8,1.677,0.531,1.105,0.573,-1.373,-0.591,0.384,0.188,0.162,-0.338,0.583,-0.889,-1.307,-0.645,0
1.309,0.071,-0.29,0.834,0.474,-0.524,1.659,-0.406,0.177,-0.525,1.441,-2.24,0.079,0.568,2.028,-1.01,-1.304,1.103,1.822,0.784,-0.003,0.843,-0.578,1.858,-2.518,0.421,-1.14,0.979,-0.598,-0.634,0
0.84,1.927,0.541,0.806,-0.54,-1.007,0.445,-0.021,1.015,-1.844,0.833,0.811,0.517,-0.188,-1.322,-1.848,-0.536,0.163,-0.255,-0.774,0.542,-0.372,0.108,1.289,1.576,-0.491,1.073,-0.216,0.536,0.692,1
0.742,0.412,-2.177,-1.563,1.059,-1.148,-2.207,-1.749,0.819,0.053,-0.55,1.743,0.467,-2.104,-1.826,0.273,0.686,-0.682,0.15,-0.203,-0.858,-0.852,-1.274,0.269,1.384,0.047,-0.105,-0.704,-1.186,1.723,1
1.117,1.073,-0.503,0.322,1.438,1.282,0.199,-1.643,1.103,-0.875,-0.55,-0.906,-0.141,-2.939,0.404,-1.647,-0.103,-0.305,-1.536,-0.746,-0.212,1.604,0.13,1.688,2.011,-0.124,0.542,0.456,0.18,0.637,1
0.622,2.239,0.133,1.483,0.575,0.478,-1.847,-0.571,0.636,-0.449,-0.196,-1.121,-1.394,-0.451,-0.378,-1.698,-0.243,1.639,0.424,0.111,-0.059,1.161,-1.738,-0.135,1.169,1.35,-0.926,2.029,-1.337,-1.472,1
0.436,0.627,-1.057,-1.103,-1.194,-1.287,1.786,-0.385,0.297,1.027,2.968,0.094,0.564,-1.06,-0.923,-0.401,-0.774,1.748,0.439,-1.821,0.568,0.857,0.357,0.053,-0.034,-0.447,-0.332,-0.763,-1.516,-1.154,0
-0.601,0.628,0.527,0.795,0.18,0.458,-0.096,0.721,-1.605,0.033,-0.863,2.38,0.386,0.393,0.048,-1.066,-0.129,-0.13,-0.821,0.788,2.827,-0.608,0.139,-0.103,-0.813,0.938,0.637,-1.573,-0.797,0.086,1
1.406,1.317,1.261,0.906,1.365,-0.307,-0.344,1.277,-1.658,0.201,0.481,0.969,0.443,-0.349,-0.557,-0.591,0.421,1.155,0.878,1.285,-0.333,0.739,0.442,-0.214,0.408,0.544,-1.314,-0.081,-0.783,1.415,1
0.448,-0.02,1.257,0.439,-0.267,-0.164,-0.555,-0.076,-0.042,0.8,0.046,0.622,0.037,-0.089,1.273,0.514,-0.281,-0.227,-1.41,-0.26,-1.994,1.033,-0.951,-2.449,-0.127,-1.742,-0.64,-1.244,-0.03,-0.869,1
0.299,1.132,0.047,0.952,-0.688,1.321,0.84,-0.561,0.45,0.647,-0.818,-0.854,1.362,0.199,-1.137,-0.596,-0.142,-0.166,-0.983,1.002,1.012,0.583,0.511,-2.082,-0.381,-1.123,0.386,-2.231,1.424,-0.336,0
0.32,-0.192,-0.765,0.64,-0.789,-0.239,-0.479,-1.092,0.404,0.01,0.958,0.411,-0.568,0.501,-0.197,-0.879,-0.319,0.274,-2.204,0.351,-1.596,-1.228,1.965,0.177,-0.091,-0.345,-0.666,-1.422,0.767,-1.514,1
-0.994,0.522,0.477,0.964,-1.479,0.061,2.378,0.433,-0.724,-0.158,-2.486,1.135,-0.53,1.274,-1.591,-0.091,-1.82,-1.433,0.667,0.464,-1.791,-0.074,-0.207,0.696,0.491,0.795,-0.595,-0.627,0.23,-0.539,0
1.215,-0.28,-0.021,1.047,0.579,0.598,0.313,1.096,-1.343,-1.017,-0.023,1.282,-0.427,-1.453,0.908,-0.753,-0.395,1.192,-0.625,-0.393,-0.099,2.226,-1.179,2.88,0.491,0.138,-0.436,1.381,0.615,-1.864,1
-0.33,-2.59,-0.603,0.956,-2.017,1.211,-1.426,-0.629,-1.185,-0.976,1.833,-1.055,1.619,-0.73,0.605,0.783,-0.364,-0.61,0.9,-0.884,2.128,1.833,-1.415,0.145,0.117,0.301,1.897,1.023,-1.224,-0.434,0
-0.327,-1.547,-1.104,-0.793,-1.312,-0.225,0.384,-0.438,0.654,1.193,0.364,-1.033,0.482,0.656,-0.097,0.858,-0.143,-0.203,-0.923,0.031,-0.511,0.41,-1.242,0.349,0.941,-0.346,0.13,0.318,-0.459,-1.061,1
-1.043,1.415,-0.262,-1.291,1.768,1.532,2.002,-0.96,0.174,-0.524,-1.043,0.128,-0.451,-0.292,-0.583,0.333,0.534,0.307,-2.069,-1.497,1.319,-0.869,0.125,0.855,-1.859,-1.261,-1.213,-0.764,0.855,0.552,0
1.196,-0.606,1.102,-0.647,0.645,-0.701,-0.246,0.541,-1.455,-0.376,-0.487,0.716,-0.136,0.579,0.062,-2.09,-0.818,0.51,1.855,-0.609,-0.199,-0.548,-0.651,1.192,-0.899,-0.703,-0.338,0.745,2.102,-1.185,0
-2.156,0.313,0.205,-0.507,1.769,0.158,0.83,0.774,-0.019,2.134,0.553,0.006,1.036,1.189,-1.202,-1.462,0.448,-0.165,-0.452,-0.122,-0.076,3.085,-1.022,1.577,-1.831,1.07,-0.488,-0.788,2.556,0.427,0
0.561,-0.004,0.016,0.138,-0.535,1.263,-0.057,-0.434,0.959,1.253,-1.535,-0.032,0.749,0.495,0.986,0.186,-1.218,0.643,0.616,1.575,0.287,0.65,1.563,-1.344,-0.473,-1.777,-1.115,0.351,-0.161,-0.993,0
2.062,0.149,-0.807,-0.125,-0.518,-0.617,-1.178,-0.147,0.806,0.715,-1.405,-0.462,-1.02,0.776,-1.108,-0.619,1.205,-0.663,0.655,-0.221,-1.048,0.598,0.99,0.577,1.55,-0.241,0.308,0.852,0.817,-0.453,0
0.083,0.679,-1.125,-1.078,0.026,1.077,0.03,-0.968,-0.567,-0.461,-2.48,0.751,-0.903,0.096,-1.793,-1.124,-0.41,0.166,-0.027,0.187,0.689,-0.317,0.836,-0.225,-0.831,-1.246,0.555,0.279,-0.824,-2.197,1
-1.154,0.31,0.347,1.108,-1.509,-0.816,-1.6,-0.357,0.699,-0.283,0.595,-1.409,0.642,0.163,0.937,-1.36,1.208,-0.995,-1.295,0.433,-0.34,-1.105,0.101,0.594,-0.886,-1.197,1.628,0.14,0.227,0.652,1
-0.238,0.208,0.491,-0.264,-1.021,-0.348,0.318,-0.02,1.777,0.844,-0.163,-0.106,0.782,2.032,1.066,-0.355,0.955,-1.94,-0.37,0.385,-0.798,-0.748,-1.837,1.483,1.582,-0.52,-0.688,1.106,0.596,1.058,0
-0.655,-0.066,-0.513,0.233,-1.301,-0.506,-1.994,-1.389,-1.279,0.402,0.417,-1.02,-0.632,-3.173,-0.765,1.795,0.049,0.647,0.121,-0.324,0.381,0.33,0.261,-0.257,1.115,-0.768,-0.729,-0.742,-1.638,-0.188,0
-0.576,0.283,0.143,0.745,0.027,0.645,-0.791,-1.245,0.585,-0.386,0.674,-0.347,-1.292,2.125,0.569,0.93,0.612,-1.764,-0.096,0.87,0.228,0.09,0.603,0.574,-0.154,-1.573,0.033,0.722,-0.195,0.99,1
-0.642,0.116,1.135,0.553,-0.567,-0.48,-1.25,0.44,-0.647,-0.585,-1.57,0.452,0.909,-0.531,0.428,-1.5,-2.217,0.442,0.997,-0.227,1.028,-0.752,0.557,1.457,0.12,0.423,0.815,0.33,1.309,1.914,0
0.354,-1.821,-0.131,-0.024,0.029,0.889,-0.278,0.216,0.717,1.676,0.651,0.027,-0.256,-0.678,1.623,-1.792,-0.797,1.167,-2.156,-0.473,-1.206,0.123,-0.192,0.136,-1.424,-0.41,-1.848,0.891,-0.241,-0.3,0
-1.403,0.742,1.197,-0.362,-1.528,2.014,-1.42,2.141,1.151,-0.893,0.391,0.335,-0.187,-0.22,0.688,-0.363,-0.319,-1.356,1.761,-0.597,0.804,-1.735,1.106,-1.128,-0.145,0.994,0.722,-0.436,1.31,-1.825,1
0.564,0.494,-1.126,0.49,0.081,-0.332,0.607,-1.183,-0.774,0.247,-0.171,0.369,-0.602,-1.183,1.125,0.0,-0.139,0.111,-0.305,2.497,-1.048,-0.582,-2.284,1.287,-1.589,0.274,-1.236,0.313,0.192,1.965,0
-0.284,1.007,0.093,0.064,-1.306,-0.372,0.243,-1.375,0.517,-0.18,-0.301,-0.038,-0.839,0.097,-0.007,0.959,-1.121,0.005,-2.247,-0.128,1.111,-0.718,0.33,0.593,0.065,-2.29,1.284,0.238,1.451,0.325,1
-0.136,-0.744,-1.0,-1.703,-0.549,-1.244,0.207,-0.565,-1.864,0.188,-0.064,-0.197,-0.39,-1.868,0.638,0.057,-0.367,-0.254,-0.026,1.093,1.266,-0.483,2.478,-0.76,0.259,-1.277,-0.545,0.101,-0.918,0.721,1
-0.564,0.758,-0.143,-0.944,0.287,-0.114,-1.237,1.517,-0.449,-0.018,0.508,0.344,0.674,-0.363,-1.018,1.051,-0.192,-0.384,-0.076,0.396,-0.276,-0.906,-0.066,-0.187,-1.138,1.77,-0.546,-1.11,-0.203,-0.691,0
-0.247,0.012,0.969,0.595,0.285,0.456,0.253,1.908,-1.091,-0.305,0.448,0.881,0.176,0.99,-1.135,0.692,-0.303,-1.051,-0.544,1.256,-0.224,-0.056,-1.79,-0.217,-0.7,-0.18,-0.228,-0.766,0.081,-0.789,0
1.212,0.066,-0.796,0.564,-0.592,0.107,-0.361,0.005,0.509,0.109,-1.4,-0.409,0.626,1.875,-0.326,-2.399,-0.892,0.516,-0.496,-0.177,-0.402,0.288,1.927,0.026,-0.608,0.978,1.088,0.922,0.376,-0.219,0
-1.392,0.078,-1.139,1.38,0.354,-1.742,-0.088,-0.034,-2.307,-0.514,1.001,-1.09,0.577,-2.041,1.557,-2.551,0.356,1.877,1.13,-0.424,0.668,-0.737,1.113,2.184,-0.289,-1.363,1.102,-1.347,0.805,-0.611,1
-0.786,0.876,1.142,-0.034,-0.072,0.145,1.854,-0.56,0.585,-0.063,0.762,1.15,1.09,-0.226,0.032,-0.08,-0.272,0.685,-0.138,2.123,0.403,-0.38,1.159,1.237,-1.885,1.21,0.412,2.358,0.291,1.086,0
1.092,-0.593,-1.103,-0.957,-0.343,0.928,-1.692,0.25,0.635,0.955,3.083,0.512,-0.062,-0.312,0.217,0.269,0.248,0.625,1.139,-1.407,0.254,0.381,-0.334,0.455,-0.338,0.242,1.524,-0.203,0.427,0.227,0
0.535,0.412,-0.708,0.318,-1.064,1.213,1.162,-0.542,-1.975,0.608,0.446,-1.217,0.529,0.17,0.157,-0.082,-0.444,-0.031,-0.227,-0.969,-0.443,0.38,1.042,-1.349,-1.307,-1.245,0.548,-0.334,0.075,1.519,0
0.513,1.011,-0.308,0.649,-2.022,1.155,-1.401,0.11,0.203,-0.53,0.02,2.399,0.79,1.421,0.226,1.356,-0.798,0.761,0.552,1.597,-0.528,2.108,0.276,0.886,2.32,-0.894,-0.416,1.856,-0.607,0.348,0
-1.171,-0.188,2.072,0.222,0.296,-0.366,-0.667,0.055,0.571,1.793,-0.258,-1.009,0.044,-0.476,0.071,0.946,-2.217,-0.203,0.619,0.262,0.826,0.88,0.022,0.999,0.696,-0.203,-0.089,0.124,1.321,-0.392,0
0.848,-1.439,0.554,-0.624,-2.243,0.483,-1.164,0.76,-2.396,1.068,-1.165,-0.004,1.084,1.097,-0.309,-0.037,0.072,1.933,0.954,-0.407,0.444,-0.494,-0.58,-0.521,-0.527,-0.155,1.332,-1.051,-0.078,-0.544,0
-0.536,-1.454,-0.029,-0.025,-1.528,0.658,-0.213,0.614,-0.085,-1.019,-0.907,0.214,0.577,1.046,0.076,-1.87,0.422,0.369,0.683,-0.09,-1.807,1.443,1.387,1.014,1.304,0.667,-1.049,-0.722,1.01,-0.793,0
2.083,-0.25,0.49,-1.547,-1.948,-0.681,1.933,1.159,1.326,0.734,-1.972,-0.854,1.41,-0.475,0.891,-0.092,-1.45,-0.126,0.54,-2.497,0.16,-0.438,0.014,-1.384,-1.883,0.003,1.087,-0.073,-0.474,0.101,0
0.719,-0.559,-0.085,1.195,0.994,-1.249,2.211,-1.61,0.12,-0.726,-1.674,-1.863,-0.038,0.23,0.41,-0.835,-1.999,-1.284,0.776,1.223,0.231,0.931,0.74,-1.497,-0.911,-1.238,-0.708,0.062,0.423,-0.155,0
0.555,-1.704,-0.463,-0.618,0.932,1.043,0.139,1.151,-0.099,1.715,1.529,1.485,1.836,0.003,0.854,-1.124,1.162,0.278,0.142,-0.847,0.205,0.59,0.863,-0.559,-0.578,1.213,1.406,0.71,-0.108,0.156,0
-2.502,-1.017,2.327,0.102,1.687,-0.888,0.898,1.867,0.021,-0.044,-1.156,-1.178,0.852,0.925,1.151,-2.459,0.513,-0.886,-1.202,-1.515,-0.207,0.693,0.147,1.199,-0.709,0.163,0.611,0.057,-0.874,1.114,0
1.005,0.25,0.969,-0.173,0.057,-0.53,-0.31,-0.236,-0.691,0.127,-0.439,1.189,0.07,0.576,0.87,1.37,-0.189,0.787,-2.601,-1.437,-0.626,-0.261,2.028,-2.547,3.31,2.638,-1.162,-0.518,-0.369,1.734,0
0.454,0.113,0.489,-1.718,0.136,0.873,1.375,0.716,-0.906,0.97,0.864,0.543,-0.363,-0.944,0.155,0.344,-0.042,-2.16,1.367,0.128,1.533,0.001,-0.482,0.033,0.919,-0.856,1.252,1.592,1.619,0.864,0
-1.325,-0.566,-0.384,-0.293,1.441,0.981,1.581,-1.579,0.193,0.709,0.304,0.472,0.856,1.295,-0.936,1.054,0.338,-1.047,-0.052,-0.225,1.114,-1.535,1.092,-1.301,-0.216,0.01,-0.533,0.59,1.11,-1.502,0
0.343,0.089,0.358,-1.273,0.392,1.02,-0.629,0.093,-0.525,1.02,-1.367,0.618,0.902,0.252,0.634,0.748,-1.706,-0.674,0.473,-1.104,-0.995,-0.411,-0.058,-0.22,0.274,-0.976,-0.503,-1.038,0.384,0.447,1
-2.02,1.063,0.699,-0.716,-2.022,-1.299,-0.214,-0.18,1.872,-0.651,2.024,-0.783,2.933,0.012,0.028,-1.046,0.198,1.189,0.405,-1.131,1.057,-1.21,0.661,-1.44,-0.906,0.755,-0.135,-0.45,-0.7,1.325,0
0.036,1.193,-0.703,0.95,0.557,-0.93,-0.483,1.131,-0.985,-1.129,0.088,0.349,-0.471,0.472,1.523,1.828,0.699,0.636,0.308,-0.723,-1.648,-0.463,-1.377,-0.531,0.283,0.736,0.482,-2.548,0.295,1.25,1
0.678,0.685,1.473,0.709,-0.746,0.683,-2.259,-0.304,0.577,-0.266,0.166,1.053,1.783,-0.589,-0.444,-1.221,-1.162,-0.538,-1.127,-1.594,0.076,0.592,1.218,-0.782,0.626,-0.217,0.456,-0.551,-1.255,0.03,0
-0.52,-0.073,1.181,-1.1,-0.56,0.926,1.066,0.563,-0.067,-0.03,0.218,-0.975,-0.31,-0.623,-1.096,1.687,-1.146,-0.912,-0.752,-1.665,-1.648,1.388,-0.813,2.034,-1.07,-0.983,-1.302,-0.194,-0.093,0.918,0
-0.629,-0.455,0.372,0.087,-0.645,0.925,0.49,0.663,1.463,-0.423,-0.105,-0.555,-0.259,0.123,0.016,0.14,0.708,0.798,0.051,0.55,0.354,1.386,-1.444,1.915,-0.155,-0.926,0.682,2.371,-0.011,-0.651,1
-0.263,1.579,2.125,-0.728,0.474,-0.086,0.15,-0.447,0.41,1.134,0.575,0.511,-0.235,-2.641,-0.812,-1.621,0.023,-1.526,-0.046,0.77,0.747,-1.088,-0.926,1.492,-0.23,-0.323,1.976,-1.16,1.175,1.248,1
-0.459,-0.039,0.164,0.438,-0.16,1.573,1.103,0.02,0.501,1.11,-0.937,-0.352,0.438,-0.429,-0.169,0.842,2.24,1.432,-0.678,1.183,1.105,-0.78,0.417,0.941,0.279,-0.815,0.496,-1.099,0.79,0.891,1
-1.176,1.037,0.675,-0.303,0.233,-2.033,-1.126,0.547,-0.804,-0.945,-1.138,0.877,0.121,0.137,-1.054,0.545,0.052,2.194,-0.183,-2.03,-0.429,-0.881,1.536,0.28,-1.092,-0.031,-0.034,-0.689,0.317,-1.065,1
-1.129,-1.305,0.117,-0.93,-1.242,-0.661,-0.616,-1.205,0.152,0.649,-1.491,0.389,0.985,-0.706,-0.184,-1.15,-0.353,-1.222,-0.898,-1.48,0.464,-0.39,0.632,0.467,-0.104,-0.51,0.714,-2.814,-1.272,0.354,0
-1.68,1.508,0.867,-0.105,0.282,-0.278,0.706,-0.81,-0.566,-0.791,-0.216,-0.731,1.478,1.318,0.372,1.721,0.443,0.566,-0.395,0.183,-1.503,0.951,-0.986,0.834,0.254,-0.154,1.253,-0.134,0.261,-1.402,0
0.336,-0.581,-0.373,-0.141,1.688,0.829,-1.214,-0.184,-0.819,-0.206,0.34,-0.077,0.001,0.544,0.001,-0.534,-1.569,-1.641,0.224,0.267,0.651,-0.064,-3.321,0.904,0.597,-1.049,-0.364,-0.895,0.463,-0.305,0
0.618,0.463,-0.346,0.12,0.07,-0.738,0.581,0.071,-0.71,1.18,2.797,0.436,0.43,2.221,-0.629,-0.52,0.947,0.224,1.66,-0.413,-0.841,0.132,-0.725,1.029,-0.323,1.669,-1.266,-1.304,-0.602,0.682,0
0.786,-0.043,0.054,2.0,-0.327,-1.452,-2.322,-0.399,2.224,0.627,-0.602,0.608,0.193,1.694,-2.198,-0.822,0.677,0.609,0.125,1.991,0.515,0.203,0.269,-0.414,0.871,-1.064,1.162,-0.846,-0.475,0.351,0
-0.836,-0.188,0.068,-0.339,-0.699,0.942,1.141,0.514,0.333,-0.812,-0.021,0.677,-0.862,-1.195,0.537,-1.073,0.344,1.222,0.618,0.235,-0.419,1.491,-0.816,0.202,-0.375,1.251,-0.341,-0.952,0.98,0.278,0
1.239,-0.643,-0.517,0.826,0.747,-0.853,3.319,-0.498,-0.293,0.92,-1.561,0.718,-1.382,0.016,-0.146,-0.874,-0.567,1.932,0.936,1.562,1.698,0.035,0.234,-0.966,0.701,1.223,-0.821,-0.497,0.117,-0.293,0
1.477,2.444,0.099,-0.653,0.011,-0.616,-1.286,-0.944,0.851,1.225,1.169,2.349,0.782,-0.689,0.06,-0.68,-0.171,1.728,0.105,1.64,0.296,-0.22,1.659,-0.803,-0.086,-1.534,-1.061,1.484,-0.73,0.823,0
0.354,-0.469,-1.14,-0.764,0.42,0.636,-0.307,-0.162,-0.606,1.13,-1.533,-3.237,0.332,0.265,1.356,1.111,-0.24,1.676,0.24,1.05,0.279,-0.675,-1.027,0.094,-0.09,-0.934,1.803,2.581,-0.912,-1.285,1
0.215,0.521,0.318,0.549,-0.596,0.421,1.091,1.272,-0.585,-2.135,0.833,0.839,0.508,1.251,0.514,-0.063,1.53,-0.807,1.632,0.791,1.579,-0.753,-0.008,-0.167,1.574,-0.296,0.477,-0.119,-0.333,-0.72,0
-1.53,-0.047,-0.071,-1.57,0.837,-0.288,0.805,1.63,0.397,1.739,1.291,-1.124,2.126,-1.258,-0.132,-1.156,-0.416,-0.606,-0.071,-0.829,1.029,0.995,0.69,0.323,0.302,0.148,0.283,0.836,-0.785,-0.552,1
0.362,-0.044,-0.411,1.348,0.517,-0.987,-0.661,0.527,1.674,0.85,-0.987,-2.172,0.77,0.89,0.401,0.997,1.737,-0.367,0.885,-1.402,0.232,0.341,0.282,-0.954,-0.024,0.942,0.067,1.275,-2.567,-0.953,0
1.574,-1.821,-0.497,1.411,-0.042,-0.407,-0.433,2.165,1.293,-0.233,0.963,-0.629,1.252,-0.434,1.273,0.981,1.201,-1.582,-1.131,-0.019,-0.25,0.11,-1.138,-1.333,0.44,0.258,1.183,-1.321,-0.221,-0.455,0
1.34,0.428,1.421,1.391,-1.228,0.193,0.841,0.343,-1.355,-1.465,-1.668,0.246,0.71,-0.456,0.119,0.513,1.407,-0.887,0.11,-0.78,-1.209,-0.714,-1.464,-0.087,0.087,-0.845,-0.301,-0.08,0.634,-1.176,1
0.405,-0.932,-0.258,2.101,2.045,-0.382,0.816,0.137,1.521,-2.005,1.988,-0.726,0.716,0.592,0.238,-1.46,-3.112,-0.089,-0.823,-0.188,-2.494,1.16,-0.716,0.053,-0.314,1.118,2.95,-2.927,1.099,-0.039,1
0.415,-0.566,-0.016,0.605,-0.816,-0.279,0.139,0.947,0.12,0.661,-0.868,-0.758,-0.242,-0.937,1.632,-0.298,-1.665,-0.863,1.924,-0.505,-0.239,0.112,-1.351,1.372,-1.475,0.033,-0.429,0.121,2.057,-1.222,1
0.006,-1.873,-1.331,-0.498,1.108,-0.65,-1.068,0.707,0.29,1.47,-1.96,0.662,-1.124,0.329,-1.121,-0.079,-0.55,0.071,0.756,0.518,0.508,-0.385,-0.261,1.993,-0.682,-1.506,0.53,0.783,1.096,0.544,1
-0.171,-0.128,0.688,-1.959,-3.157,-0.561,0.121,-0.996,1.747,0.903,1.981,-0.605,0.847,0.812,0.766,0.797,-1.08,0.803,-0.049,0.931,1.237,-0.179,-0.975,-0.851,2.419,1.095,1.059,-0.811,-0.119,0.167,1
0.255,-0.02,-0.838,-1.857,0.691,0.717,-2.062,1.047,0.441,1.821,-0.002,2.25,-0.876,2.698,-0.029,-0.03,1.116,-0.529,0.885,0.446,0.865,-1.287,-0.256,1.758,-0.098,-1.934,-1.267,0.229,-0.841,1.14,1
0.949,-1.03,-0.856,0.32,1.007,2.224,-0.697,0.328,2.056,-0.217,-0.161,-0.214,-1.187,1.71,0.915,0.857,-0.129,-0.03,-2.177,-1.312,-1.339,0.179,-0.33,-0.254,0.426,1.277,0.909,0.467,-1.108,-0.548,1
1.555,-0.13,0.106,-0.567,0.853,0.142,0.541,0.878,-0.123,1.498,0.223,1.062,0.978,0.605,-1.1,1.397,0.266,0.798,1.163,-0.436,0.908,-0.783,-0.464,3.06,0.05,-1.306,-1.071,1.5,1.269,0.658,1
0.663,0.625,-1.409,0.328,-1.211,-0.094,1.178,0.377,0.285,0.369,-1.307,-0.827,-0.002,0.095,-0.736,1.765,0.642,1.744,2.719,0.134,-0.717,1.017,0.761,0.486,-0.39,0.043,1.058,0.853,0.285,0.648,1
-0.438,-1.526,0.157,-0.651,-0.716,-1.103,0.223,-0.3,1.001,-1.296,-0.076,1.912,0.178,2.021,0.032,-0.275,1.139,-2.114,-0.769,-2.057,0.067,-0.66,0.278,0.69,1.361,0.274,-2.097,-1.288,0.217,-1.596,0
-0.464,-0.25,0.508,1.924,-0.699,-0.678,-0.49,0.037,-1.979,0.852,0.347,0.66,-1.178,-0.855,0.791,0.518,-1.32,1.211,0.542,-0.756,1.915,0.41,-1.377,1.681,0.355,-0.226,-0.528,-0.585,-0.771,-1.008,0
-0.587,-0.135,-1.139,-1.252,-0.503,1.374,0.786,-1.172,-1.711,1.309,0.6,0.405,-0.36,-0.709,-0.438,-0.29,-0.611,0.267,-1.777,1.579,0.744,0.844,1.545,-0.192,-1.531,0.798,-1.915,-1.111,2.731,1.762,1
0.071,-0.594,-0.64,0.554,0.212,0.262,0.337,-0.763,-0.782,1.32,-0.471,-1.078,1.573,0.128,-1.184,-2.29,0.526,0.202,1.409,0.024,0.28,-0.446,-0.232,-0.444,-0.072,-0.757,0.038,0.202,1.39,0.192,0
0.309,1.092,-1.495,-2.849,-0.474,1.13,-0.955,1.052,-0.112,-2.352,-0.368,-1.204,0.504,1.416,-0.491,-0.867,-0.295,0.394,-1.106,0.611,-0.478,1.022,-0.686,1.921,0.076,-2.513,-0.317,2.54,0.533,0.295,0
0.014,0.598,0.323,1.46,0.385,-0.752,-1.004,-1.111,0.156,1.44,-0.393,0.149,1.459,0.708,1.493,1.121,-2.773,-0.58,-1.192,-0.723,0.599,0.729,-1.137,-0.327,-0.513,-0.304,0.564,1.162,1.528,0.067,0
1.629,0.991,0.226,0.045,1.678,-1.596,-1.366,0.082,0.197,0.528,0.076,0.428,0.313,0.243,0.107,0.508,1.05,-0.38,0.321,0.912,-0.734,2.979,0.187,-0.148,-0.479,-0.129,-0.879,-0.323,-0.073,-0.33,0
0.898,-1.584,-0.071,0.909,-0.568,-0.361,0.145,-0.314,-0.83,0.944,0.284,0.946,2.5,-0.976,1.215,0.925,-1.461,-0.146,0.651,-0.343,-1.014,-1.863,0.687,0.7,-0.096,1.104,-0.277,-0.291,-0.071,-0.839,0
-1.144,1.646,-2.133,0.163,-2.317,1.939,-0.198,-1.112,-2.956,-0.69,0.504,-0.567,-0.45,1.522,0.633,-3.06,0.729,1.746,0.394,-0.06,0.984,1.398,0.059,-0.657,0.85,-1.276,-0.863,-1.573,0.904,-0.519,1
-1.198,-0.802,0.94,1.132,-0.174,0.555,-0.273,-3.466,-0.023,0.901,-1.268,0.026,-0.174,0.335,-0.365,-0.865,-1.072,0.854,-0.655,0.428,-0.865,0.204,-0.385,-1.969,0.898,-1.398,1.01,-1.006,0.733,0.055,0
0.166,-1.194,0.821,-0.054,1.399,0.578,1.428,0.214,0.783,2.013,-1.278,0.267,0.637,-0.929,0.256,-1.352,0.923,0.072,0.784,1.415,-2.089,0.284,1.436,-0.338,0.806,-1.709,0.246,0.184,-0.979,1.014,1
0.774,-2.191,-0.393,0.81,-1.144,0.217,1.871,0.697,0.595,-0.619,0.665,-0.247,-0.303,0.162,-1.094,-0.408,0.685,-0.389,0.051,-2.287,-1.109,0.535,-0.306,-1.44,-1.525,0.979,1.831,-0.439,0.42,2.264,0
-1.017,-0.786,-0.725,1.025,-0.147,0.418,-0.221,0.601,-0.844,1.095,-1.665,0.602,-0.535,2.897,-0.444,1.253,1.441,0.285,-0.242,-1.377,-1.614,0.116,1.933,-0.311,0.589,-0.02,-0.152,0.023,-2.072,1.275,0
-0.03,-0.446,2.176,-0.617,-0.255,-0.532,-1.201,1.304,0.858,0.346,1.315,-1.113,-0.706,0.727,-0.612,0.761,0.756,-0.509,-0.621,-0.355,1.475,0.664,-1.741,-1.15,0.661,0.173,0.487,-1.77,-0.295,1.512,1
2.058,0.256,-1.97,1.712,0.198,0.57,-0.273,0.399,0.915,0.677,-1.321,-0.7,-0.77,0.544,-0.874,-0.913,0.131,1.605,-0.263,-0.538,-1.326,-2.4,-0.144,-0.649,-0.614,-0.279,0.82,-1.038,0.485,0.791,0
-0.102,-0.121,-1.755,-1.559,0.799,-0.325,0.53,0.829,-0.178,1.167,0.783,-0.464,1.149,0.274,0.307,-1.268,1.549,-0.45,0.215,-1.664,-0.426,1.327,-0.639,0.423,-0.255,-1.306,0.312,-1.151,-0.494,-1.284,1
0.253,0.382,0.389,-1.085,1.108,0.982,-0.328,1.285,0.574,0.155,0.518,0.071,0.031,1.612,0.409,1.148,1.561,0.026,-0.18,-0.871,1.1,1.401,0.031,0.422,-0.491,1.471,0.533,-0.208,1.839,-0.351,0
1.056,0.493,1.458,-0.809,0.387,-0.007,-0.579,0.095,0.581,1.453,-0.332,2.21,-0.772,0.626,-2.202,-1.042,0.771,-1.62,1.013,-0.007,2.217,-1.165,-0.657,-1.215,-0.342,-0.427,0.651,0.174,-0.099,0.25,1
-0.663,-0.186,-1.787,0.112,1.962,1.793,-0.874,-0.385,-1.707,-0.143,1.001,-1.394,-0.829,-1.491,2.675,1.463,0.307,1.855,0.326,-1.249,-0.616,0.746,-0.527,2.221,-0.234,0.759,0.552,-1.21,-0.297,1.153,0
0.353,0.528,-0.443,-0.737,0.964,0.347,1.105,0.642,-0.458,-0.227,-0.133,-1.016,-0.22,0.473,0.711,1.923,2.119,-1.449,0.295,1.109,-0.148,-0.291,-0.955,0.097,1.672,-1.015,-1.094,-0.291,1.419,-1.38,0
-0.292,0.094,0.6,0.64,-1.143,-0.254,0.366,0.23,0.245,-0.003,0.663,0.757,-0.376,0.603,0.258,-0.314,-1.019,-0.504,0.091,-0.363,-0.524,0.552,-0.239,1.554,1.178,1.563,0.98,1.453,-0.267,-0.72,1
0.295,0.513,-0.212,0.428,-0.229,-0.411,1.254,1.247,-0.37,1.07,0.074,-0.425,-0.832,0.819,-1.155,-0.868,1.497,-1.056,-0.411,-0.938,-0.018,-0.497,-0.697,-1.774,-0.131,-0.066,-0.344,-0.861,1.041,-0.546,1
0.427,-0.53,0.502,-0.335,-2.107,-0.799,1.246,-0.624,-2.129,-0.279,0.212,0.976,-1.65,-1.466,3.056,0.268,-1.191,0.212,-1.333,-0.133,1.197,1.134,0.266,0.452,0.683,0.255,-0.97,-0.029,-0.459,1.524,1
-0.333,0.311,1.235,0.343,1.409,-0.212,-0.375,-0.29,-1.323,0.864,0.751,-0.127,0.339,0.519,-0.933,-0.406,0.195,0.672,-0.078,1.141,-0.095,-0.932,-0.011,-0.982,0.691,-0.045,-1.18,0.554,-1.19,1.316,0
1.105,-0.069,0.448,0.631,-0.777,-0.559,1.532,-0.208,-0.015,-0.307,-1.228,0.205,0.094,-0.309,0.198,0.767,-1.162,1.442,0.415,0.314,-1.518,1.63,-0.155,-1.269,1.084,-1.516,0.601,-0.859,0.13,0.25,0
-0.07,-0.591,0.021,0.128,-0.726,-1.067,1.078,-0.172,-0.925,0.447,-0.702,-0.08,0.22,0.736,0.212,0.055,0.191,0.542,-0.271,0.29,-0.56,0.64,-0.324,0.299,0.474,0.736,-1.376,-3.045,0.266,0.283,0
-0.382,0.531,-0.072,-0.265,0.844,1.339,1.557,2.006,-0.8,0.078,-0.091,-0.67,-0.492,-2.262,1.822,-0.306,-1.308,-1.297,1.499,1.516,-0.634,0.528,-0.247,-1.732,0.202,0.342,-2.06,0.313,-0.91,-0.96,0
0.119,-1.308,0.371,-0.383,-0.555,0.352,-1.593,0.556,1.628,-1.634,-0.73,-0.652,-0.291,-0.935,-0.162,0.587,2.074,-0.665,0.673,1.464,0.876,-0.324,-0.021,-0.667,0.617,0.189,0.824,-0.853,-1.078,1.244,1
0.217,-1.247,0.325,1.868,-0.522,-0.765,-0.187,-0.225,0.529,-0.503,-1.289,-0.167,0.853,0.205,-0.848,0.394,-0.103,0.14,2.552,0.668,-0.971,0.207,-0.86,0.599,-0.462,0.161,0.001,0.968,0.862,1.004,1
0.579,1.193,0.245,-1.648,1.388,0.993,2.731,-1.02,-1.807,0.124,2.603,-0.731,-0.305,0.61,-0.184,0.254,0.766,-1.203,0.962,-0.855,-0.067,-0.852,0.345,0.133,-0.571,0.207,-1.863,-0.611,-0.864,-0.314,0
-0.808,-0.692,2.321,0.226,1.836,-0.521,-0.086,-0.685,0.439,1.491,1.599,-0.354,-2.047,-0.339,-1.145,0.332,-1.927,0.115,-0.295,-1.868,-0.144,-0.366,0.449,0.465,1.136,0.482,-0.456,-1.753,0.878,-0.73,1
0.784,0.542,-0.723,0.018,0.501,-0.21,0.933,-0.147,-1.504,-0.389,-1.295,1.054,-1.564,-0.917,0.185,0.066,-0.921,-0.245,-0.245,-1.318,-1.53,-0.421,0.177,-1.359,-0.094,-1.499,0.177,-0.282,0.522,-0.208,0
-0.787,0.043,-1.81,0.88,0.865,-0.449,-1.326,-0.84,0.408,-0.143,-0.104,-0.556,-1.622,0.912,-0.307,0.523,1.004,0.067,-0.632,-0.668,0.541,0.15,1.499,2.769,1.04,1.432,1.004,0.709,-0.419,-1.915,0
0.255,1.585,1.249,0.375,-0.605,1.348,1.692,-1.052,1.467,-1.259,0.531,0.617,-0.21,-0.428,-0.847,-0.569,-0.729,2.849,-0.108,0.102,-0.574,-0.855,0.129,-0.34,-0.333,-0.538,-2.279,-1.179,0.897,-0.211,1
1.166,-0.194,0.971,1.037,2.952,1.984,-0.876,-0.191,1.446,-1.715,0.453,0.463,-0.373,0.145,0.85,-1.145,-1.474,-3.77,-0.389,0.374,0.193,0.259,1.408,1.052,0.379,-1.046,-0.274,-1.834,-0.103,-0.611,1
1.321,0.049,-0.36,-0.527,-0.06,-0.485,-0.579,0.062,-0.479,0.8,-0.092,-0.085,0.835,0.436,1.232,-1.06,0.463,0.274,-0.071,-0.319,-0.602,-0.754,-1.059,-0.688,0.552,-0.061,1.755,-2.213,-1.041,0.853,1
-1.363,-1.113,-1.071,1.529,-0.432,1.664,0.152,-0.408,0.734,-1.455,-0.796,-0.286,-1.497,0.674,1.276,0.315,1.064,-0.015,-0.279,-0.827,-0.615,2.611,1.073,-1.079,1.442,-1.936,0.581,-1.477,1.206,0.294,0
-0.427,0.141,0.082,0.164,0.099,-0.545,1.154,1.551,0.071,-1.708,1.106,-0.426,0.063,1.046,1.406,-0.159,0.109,0.143,1.112,-0.608,1.198,-1.314,1.479,-0.564,-0.922,-0.763,-0.591,0.061,-0.233,-0.397,1
0.168,-1.211,-1.354,0.712,0.613,-0.036,1.031,-0.142,0.477,-0.927,-1.424,0.706,1.812,1.56,1.478,-1.327,0.997,0.195,1.015,0.682,0.561,-0.333,0.011,0.048,-0.358,-0.332,-0.774,-0.375,-1.527,0.852,1
-1.886,0.667,-0.155,-2.079,-1.516,-0.675,-1.197,-0.902,-0.156,1.461,-0.628,-0.073,0.213,0.077,-0.428,-0.32,0.297,0.979,-0.116,0.142,0.149,-0.305,-0.173,-0.247,0.053,1.829,0.433,0.405,0.527,-0.304,0
-0.342,-0.227,0.234,-0.201,0.35,1.589,0.855,-0.414,0.361,0.839,-0.554,-0.643,-0.101,1.532,0.262,0.871,0.279,-0.489,0.121,1.075,-0.715,-1.12,-0.261,0.27,-1.116,-0.263,0.499,1.759,0.449,0.082,1
1.705,0.211,-1.347,-1.455,1.294,0.867,0.059,0.099,-0.341,-0.492,0.959,-1.515,-0.526,0.542,1.052,-0.006,0.496,-0.691,0.242,-0.26,-0.065,-0.101,-0.139,-0.636,-0.406,0.794,-0.441,-0.821,-2.556,1.205,1
-0.08,-0.263,1.962,0.28,-0.37,0.906,0.164,0.226,-1.613,0.018,-0.067,-0.798,-0.893,0.257,0.579,-0.171,-1.439,-2.326,-0.337,0.239,0.013,0.581,0.969,-0.036,-1.046,0.928,0.833,1.86,-0.746,-0.862,0
1.56,-0.541,0.264,-1.695,0.225,1.189,-0.018,0.351,0.013,0.032,1.365,-1.04,0.62,-0.527,0.624,-0.59,-0.154,-0.381,0.497,-0.67,0.039,0.115,-0.567,-1.922,1.693,-1.02,-0.859,0.613,0.412,0.461,1
1.054,-1.463,-1.316,-0.245,-0.55,0.284,0.656,0.919,-0.139,-0.12,0.585,2.309,0.444,-0.118,0.119,-0.373,-2.26,2.208,-1.543,-0.643,-0.96,-0.479,0.677,1.433,-0.352,0.093,-0.005,-1.2,-0.604,-1.153,0
-0.538,-1.204,0.708,-0.965,0.623,-0.61,0.085,-1.892,0.607,-0.061,-0.613,0.171,-1.422,0.523,0.386,1.263,-0.294,-0.52,-0.063,0.483,1.287,0.019,0.207,0.758,-1.381,-0.301,0.583,-0.401,-0.523,1.878,1
0.391,-0.268,-1.681,1.141,0.377,-0.827,-0.559,0.298,0.858,2.424,-0.352,-0.582,-1.121,-1.005,-0.071,-0.287,1.381,0.334,0.821,0.075,-0.577,-1.487,0.848,0.549,0.124,0.868,1.816,0.98,-0.972,-1.651,0
-0.049,-1.567,0.229,2.178,1.169,0.588,-2.243,0.071,1.125,-1.027,-0.904,1.284,-1.673,-1.056,-0.206,0.475,-0.798,-1.71,0.104,0.499,-0.292,-0.823,0.925,-0.173,0.61,0.361,-1.181,1.104,1.281,-0.184,0
-0.591,-1.227,1.088,-1.886,0.725,0.403,0.473,1.504,0.702,-1.161,0.311,-0.573,-0.663,-1.529,-0.566,-0.017,-0.287,-0.669,0.52,0.988,-0.101,1.044,-0.764,-1.005,0.537,0.62,0.356,2.156,0.698,1.394,1
-0.674,0.388,-0.79,0.025,0.926,-0.882,0.624,-1.859,-0.67,1.03,-0.496,-0.099,0.551,0.174,0.776,-0.747,0.681,-0.599,0.46,0.043,0.495,-0.248,0.663,0.917,-0.506,-0.011,-1.06,0.513,1.144,-1.585,0
-0.961,-0.02,-1.153,0.388,-0.407,-1.507,1.336,-1.292,-1.375,0.105,1.306,0.254,-0.853,-0.805,0.146,1.091,-0.805,0.087,-0.47,0.004,-0.715,0.155,-0.883,0.905,-0.156,-0.354,2.149,-0.412,0.419,0.707,0
0.815,-0.907,-1.806,1.324,-0.111,-0.497,-0.756,-1.033,-0.308,0.378,1.044,-0.589,-1.014,0.643,-1.167,-0.395,-0.324,-0.654,-0.245,1.041,0.011,-0.556,-0.626,-0.759,-1.108,-1.345,1.726,-1.18,-0.857,-0.299,0
-1.549,-0.932,0.659,-2.154,0.801,0.171,-0.615,0.184,-0.4,0.764,0.605,2.416,-1.694,-1.015,0.756,-1.896,0.951,-1.407,0.491,0.711,0.006,-0.118,-0.671,0.013,0.414,2.785,1.159,1.757,0.071,-0.939,0
-1.394,-0.322,-1.558,-0.17,1.398,-0.283,1.946,1.158,0.25,-0.124,-1.105,1.701,-0.486,0.952,0.109,-0.534,0.51,0.884,-0.229,-0.137,2.171,0.862,-1.8,0.574,-0.903,-0.988,-0.663,0.124,0.96,-0.145,1
0.615,0.538,0.076,0.623,-0.587,-0.693,-0.658,0.964,-0.387,0.436,-1.462,0.548,0.226,1.84,0.685,0.559,0.589,-0.916,-0.748,2.494,-0.019,-2.3,-0.06,-1.911,1.165,0.411,-1.321,1.361,-1.485,-0.43,0
-1.158,-0.305,-1.42,-0.52,-0.587,0.826,0.413,-1.794,-0.598,-1.043,-1.54,-0.542,-0.375,1.145,-0.003,-0.263,1.255,0.435,1.609,0.521,-0.141,0.005,-0.629,-0.176,0.385,0.332,0.905,0.658,1.109,-0.069,0
1.197,0.416,-0.398,0.395,-0.025,-0.965,-0.301,-0.404,0.715,0.34,-1.689,0.661,-0.986,0.038,0.517,-0.882,0.188,0.631,-0.573,0.059,-1.026,-1.23,-1.061,-0.301,-0.424,0.015,-0.12,-0.177,-0.582,0.123,1
-0.312,-1.043,-0.157,0.664,-0.696,-1.548,0.547,0.97,0.514,0.351,0.96,0.172,0.886,0.031,1.302,0.044,0.763,0.26,1.635,0.164,0.836,1.096,-0.857,-0.627,0.469,-1.158,0.595,0.907,0.89,1.361,1
-1.587,-0.983,-0.937,0.356,-0.757,-1.262,0.086,-0.179,1.298,-0.644,-1.038,-1.916,-0.247,-0.551,-0.794,-0.722,-0.122,-0.365,-0.805,-1.565,0.217,-0.362,-1.337,0.822,-1.261,-0.99,1.418,-1.287,0.083,-0.442,1
-0.464,1.583,1.324,0.13,0.305,0.648,2.848,-0.496,-0.877,0.326,0.339,-1.214,0.731,0.261,0.306,0.765,1.325,0.007,-0.791,0.335,0.084,0.385,-0.16,-1.015,0.858,-0.952,-0.791,-1.059,-0.744,1.29,0
0.23,0.494,0.451,0.514,-0.249,1.608,0.138,-0.672,1.081,-0.377,-1.602,-0.738,1.135,0.516,0.472,-0.326,2.32,0.629,2.748,0.014,1.284,1.019,0.246,0.503,-0.496,0.657,-0.196,1.58,-0.395,-1.433,1
-0.272,-0.741,0.487,0.589,-0.427,2.071,-0.415,-0.254,1.519,-0.514,0.891,-0.056,-1.378,-0.203,0.574,-0.183,1.303,-0.558,0.143,0.56,-1.792,-1.305,0.954,-0.101,0.968,-1.151,-1.068,-0.446,-0.309,-2.116,1
0.893,0.258,0.381,-1.025,-0.699,-0.585,1.061,0.32,-0.28,-0.626,-0.974,-0.451,-2.05,1.23,0.045,0.118,0.288,0.122,-0.983,-0.233,0.463,-0.422,0.534,1.272,-0.371,1.787,-0.707,1.1,0.848,-0.959,0
1.152,1.39,0.548,0.903,0.662,-0.392,0.415,-0.299,1.936,1.183,-0.698,-0.712,-1.453,0.862,-0.268,0.057,-0.425,-0.658,-1.106,1.111,-0.153,-1.983,1.242,0.164,-0.641,-1.324,0.821,-0.466,0.45,-0.259,0
2.381,0.757,0.685,1.772,0.595,-0.702,-1.611,-0.278,1.434,0.424,-0.596,0.607,-0.854,0.215,-1.114,0.922,0.32,-0.102,-0.864,-0.32,0.409,-1.0,-0.027,-1.027,2.508,-0.05,-1.153,-0.848,0.775,0.89,0
-1.011,-0.678,1.316,-0.729,2.317,-0.408,-0.535,0.324,-0.236,0.247,-0.277,0.513,0.058,-0.021,-0.098,2.115,1.673,-3.111,1.122,0.901,0.409,0.137,0.261,0.241,-0.099,0.765,0.494,1.632,-1.098,-0.16,1
-0.884,0.026,0.588,-0.911,1.835,0.944,-1.174,-1.375,0.649,-0.936,-0.133,0.356,-0.004,0.228,2.083,-0.738,-0.377,-1.349,-1.262,0.203,1.353,1.28,-0.423,-0.949,-2.001,-1.654,-0.291,-1.085,-0.122,-1.014,1
-1.001,0.945,-0.554,0.507,-1.736,-1.213,-0.459,-0.542,0.419,-0.827,-0.527,-0.709,-0.441,0.019,-0.834,1.052,0.895,0.566,-0.779,-2.577,-1.035,-1.032,-1.678,-0.087,0.427,0.63,-0.535,0.541,-0.184,-0.391,1
1.712,0.28,1.032,0.681,0.76,1.389,0.015,0.843,0.229,0.33,0.705,0.691,-0.738,-0.049,0.753,0.281,0.787,-0.382,-0.892,-0.654,-0.529,0.713,0.534,-1.012,-0.977,0.282,1.174,-0.09,0.374,-0.286,0
-1.18,-0.867,-1.685,0.222,-0.007,-1.305,-0.755,-2.576,-0.273,2.12,0.95,-0.387,0.891,-0.943,0.379,1.317,-2.563,1.436,-1.585,0.206,-0.817,-0.638,0.345,-1.184,1.095,0.822,0.066,-0.096,-1.233,-0.182,1
-0.318,-2.283,-1.06,-0.5,-0.037,-0.444,-1.277,-0.545,0.457,0.593,-0.001,-0.987,0.663,0.304,1.406,-0.909,-1.466,-1.183,0.504,0.875,-0.48,0.252,1.382,0.214,-0.304,-0.225,1.041,0.749,0.268,0.164,1
0.435,-0.325,-0.12,0.499,-0.809,0.849,0.991,-1.212,0.654,1.346,0.251,-0.025,-0.547,0.269,0.062,0.273,-0.641,0.481,0.629,1.642,-0.557,-0.4,-0.838,-0.182,-1.124,-0.215,1.912,0.28,1.411,0.11,1
2.04,0.943,-0.681,0.356,0.014,0.496,1.755,0.557,-0.186,2.331,-1.414,-0.751,0.354,-0.522,-0.569,0.185,0.581,-0.384,-1.29,-0.496,1.463,-1.227,-1.094,0.178,0.799,-1.401,1.439,-1.375,-0.246,0.086,0
2.102,-0.68,0.086,-2.009,0.557,-1.124,-1.733,-0.744,-0.66,1.736,1.577,0.401,-0.124,-0.916,-0.994,-1.669,-0.735,0.615,0.806,0.803,-1.615,-1.328,-0.45,0.052,0.757,-0.947,0.311,-0.736,-1.501,-1.097,1
-0.782,-0.158,1.512,-0.557,-0.402,-0.722,-0.683,-0.506,2.225,1.421,0.663,1.599,0.873,0.378,-1.522,0.224,0.863,1.989,-1.076,-1.412,0.375,1.077,-1.499,-0.071,-1.353,-0.452,0.872,3.54,-0.517,0.031,0
1.623,1.324,1.703,0.048,0.225,0.77,1.67,-2.927,-0.853,-0.502,-0.763,-0.252,0.728,0.702,1.199,-0.37,1.708,0.162,-0.42,-2.541,0.622,-0.527,-0.158,0.915,0.326,-0.872,0.899,0.876,1.883,-1.205,1
0.866,0.402,-1.414,-0.169,-0.486,-1.083,-1.096,1.071,-0.299,0.178,-2.585,-0.307,1.82,-0.025,-0.442,-0.396,-0.484,-2.086,-2.188,-0.359,1.127,0.971,-0.681,1.117,1.156,1.75,2.189,-0.897,1.698,-0.092,1
-0.307,0.537,-0.9,0.773,0.221,-0.174,0.817,-0.412,-0.067,-1.447,-1.501,-0.206,-1.317,1.063,-1.103,-0.723,0.767,-0.791,0.692,-1.303,-0.464,-0.565,-1.383,-0.571,0.238,0.488,0.874,-0.453,-0.415,-0.199,0
-1.501,-0.893,-0.771,1.783,-1.132,-0.664,0.638,-0.776,-0.341,-0.674,-0.313,0.985,-2.429,-0.965,-0.782,0.672,-1.571,1.171,0.29,-1.159,-0.55,0.594,-1.196,-0.526,0.34,0.548,-1.306,0.914,-1.233,0.116,0
0.469,-0.508,1.108,0.368,2.246,0.254,0.482,-1.847,0.955,-0.527,-1.292,1.057,-0.265,3.545,-1.143,0.299,1.721,1.65,-0.587,-0.369,1.19,1.379,-0.994,0.632,-1.388,1.267,-1.315,0.111,0.093,0.181,1
0.306,-1.555,0.879,-0.698,0.958,0.527,0.662,-0.168,0.045,-1.241,0.756,0.816,1.674,-0.384,-0.789,-1.046,0.831,0.617,-1.42,0.12,0.366,0.349,-0.472,-1.33,-0.151,-0.535,-0.332,0.304,-0.042,-0.193,1
-0.661,0.526,-2.112,-1.827,0.088,-1.083,-0.903,0.407,-0.629,0.036,0.437,-0.209,0.781,3.152,0.47,-2.157,-1.09,-0.806,0.551,-0.034,0.376,2.244,0.028,1.395,-0.003,0.18,-0.219,-0.169,-0.013,0.791,1
2.177,1.651,1.301,2.065,1.288,-0.609,1.01,0.372,0.926,1.542,0.28,0.538,1.567,-1.441,-0.981,-0.889,-1.207,0.412,0.948,-1.773,-0.462,-0.593,-0.369,-0.544,0.737,-1.258,0.013,1.679,-1.169,1.084,1
-1.674,0.726,-0.406,-1.253,-0.427,-0.157,0.512,0.325,-0.343,0.719,0.151,-0.683,-0.145,1.577,-1.401,-0.426,-0.351,-0.536,0.086,0.349,-1.405,-0.487,1.582,0.364,-0.993,0.967,-3.142,-0.811,2.144,-1.508,1
0.3,1.629,-0.06,-1.282,-3.129,0.135,-0.105,0.205,2.272,-1.684,-1.379,0.44,1.056,-0.669,-1.425,-0.413,-0.108,-0.594,-1.117,0.456,0.999,0.916,-0.372,-0.825,0.453,-2.842,0.982,-0.967,-1.513,0.809,1
0.28,-0.513,0.257,1.367,0.616,0.762,-0.444,-0.555,1.352,-1.016,-0.764,1.403,0.239,0.047,1.139,-0.293,0.488,-0.723,-0.444,-1.5,-0.323,-0.174,-0.638,0.05,0.577,1.428,0.539,0.782,0.404,0.439,1
-0.755,-0.529,-1.208,0.519,1.29,-0.375,-0.361,0.775,1.419,2.261,1.521,-0.351,-2.746,1.224,0.432,-0.674,0.859,1.737,-0.489,1.264,-0.186,0.099,0.393,0.63,0.434,-0.993,0.222,-1.069,-1.308,-0.852,1
0.739,-0.716,-1.454,0.4,-1.386,-1.382,0.938,-1.578,0.845,-0.888,0.202,0.165,1.327,1.296,-0.659,1.266,-0.174,-0.556,0.643,-0.315,1.505,-0.212,0.134,0.085,0.898,2.157,0.891,-2.058,-0.941,-0.883,0
-0.92,2.598,-0.142,-1.479,-1.193,0.594,0.661,-0.947,-0.554,0.109,-0.789,0.369,-0.445,1.991,-1.036,0.733,1.039,0.935,0.279,-1.856,-0.523,0.207,0.929,1.126,-0.785,0.538,0.543,-0.036,0.573,0.957,0
-0.742,-1.193,-0.391,-1.286,-0.54,0.41,-0.347,-0.114,-1.006,0.397,-0.746,0.559,-0.484,-1.004,0.983,1.866,-0.891,-0.506,0.068,0.216,-0.374,-0.43,-0.406,-1.66,-1.117,1.469,-0.775,-1.069,-1.643,-0.631,1
0.464,-1.675,-0.804,1.68,-0.996,0.586,1.412,-0.28,-0.358,-0.401,-0.594,-0.192,-0.376,0.336,2.088,0.038,-0.217,0.75,0.043,-0.605,0.006,-0.8,-0.284,-0.217,1.526,-1.006,-1.799,0.304,-0.295,-0.04,0
-0.597,0.752,-0.267,-0.42,-1.801,-0.748,-0.62,-0.347,1.56,1.635,1.195,-1.43,-0.49,-1.038,-1.039,0.628,-0.134,-0.521,-1.131,-0.141,0.04,0.647,0.752,0.796,0.466,0.885,0.64,-0.374,1.933,0.768,1
1.905,0.052,-1.049,0.13,0.935,0.084,-0.228,-0.242,1.066,-0.275,0.844,-0.729,-0.569,-2.081,-1.357,2.457,-2.076,0.844,-2.132,1.195,0.141,0.644,1.544,0.585,0.738,-1.487,1.151,-0.245,-1.118,-1.341,1
0.121,-1.287,0.195,-0.287,0.535,-0.437,0.424,0.853,0.352,-1.126,0.208,2.154,-0.527,-1.462,0.924,1.507,0.271,0.606,0.639,-0.031,-1.52,0.675,-0.507,-1.758,-0.839,-0.359,1.495,-0.302,0.82,-0.111,0
-0.034,0.212,1.651,0.492,-0.629,1.028,-2.093,-0.058,0.448,0.976,-1.214,1.235,1.85,-0.235,-0.215,-0.377,-0.08,-0.82,0.676,-2.275,-1.312,-2.104,0.073,0.147,-0.038,-0.832,-1.229,1.709,-0.217,-0.854,0
-0.657,-0.561,0.863,0.033,1.196,0.972,0.205,0.086,-0.378,-0.723,0.962,0.791,1.176,0.499,-1.207,0.028,1.433,2.399,0.439,1.226,0.328,-2.18,1.063,-0.659,0.073,-0.469,-0.656,1.909,-0.235,-0.027,1
0.397,0.625,0.681,1.679,1.289,-1.466,0.249,-1.076,-1.713,0.445,0.074,-0.814,0.735,1.318,-0.631,0.368,-0.817,-0.945,-1.181,-0.285,1.156,-0.797,1.754,-0.927,0.328,-0.322,0.615,-0.589,-0.151,-0.808,1
0.594,0.931,-1.035,-0.677,0.16,2.278,-0.33,-0.551,-0.308,-1.699,2.031,-3.99,-1.027,-0.171,-0.955,-0.346,-1.139,-0.291,0.856,-1.432,0.208,-0.241,0.059,-0.49,1.11,0.569,0.655,1.574,-0.115,-0.936,0
0.885,0.038,-0.253,2.098,0.564,1.603,0.952,-1.45,1.479,-1.535,-0.346,0.513,-0.223,-1.22,0.325,1.561,-0.67,2.172,0.345,-0.621,0.617,-2.255,-0.701,0.415,2.008,-0.651,0.611,-0.199,-1.8,0.115,0
0.728,-0.138,-1.202,-2.025,0.484,-0.495,-0.088,1.011,0.928,2.932,0.257,0.44,0.275,0.285,-0.121,-1.173,0.322,0.805,0.192,0.481,1.497,-1.24,0.16,-1.211,-1.887,-2.616,0.261,-0.509,-0.34,0.289,1
-0.416,-2.536,0.451,0.274,-0.801,1.278,2.525,0.121,0.41,-0.451,0.047,2.062,-2.312,-1.735,-1.507,-0.146,-0.959,1.042,0.689,2.556,-0.522,0.092,0.754,0.327,-1.417,-1.374,0.567,0.339,1.615,-0.354,0
-0.011,0.436,-0.547,-1.126,-1.177,0.88,-0.616,-1.569,-1.155,-0.079,0.51,-0.285,-1.426,0.173,0.769,0.33,-0.927,0.719,-1.502,-0.225,-0.946,0.566,-0.404,-0.018,-0.35,0.648,-0.462,-0.215,1.805,0.569,1
-0.856,1.806,-1.847,-0.109,1.584,0.69,0.091,-0.265,-0.753,1.219,-0.252,-0.204,1.162,0.745,1.898,0.07,0.198,-1.288,0.977,-1.008,-0.096,0.881,-0.465,-1.425,-1.435,-0.352,0.658,-0.705,0.517,0.246,1
-0.306,-0.645,-0.416,0.496,-0.479,-0.488,0.141,-0.717,1.556,0.444,-1.552,0.98,-0.532,0.311,0.52,-0.173,0.658,0.168,0.202,-0.17,-0.353,-0.766,1.151,0.675,1.447,1.407,1.255,0.145,-2.029,0.194,1
-0.258,0.629,0.507,-1.303,-0.458,0.083,-0.222,-0.812,1.456,1.58,-0.333,0.465,-0.542,-0.054,-0.574,-0.052,-0.284,0.164,0.386,-2.263,0.114,-1.44,0.949,-0.262,-1.234,0.842,-0.83,1.537,-1.528,-0.966,0
0.305,-1.055,0.243,1.388,-1.518,0.525,0.683,-0.203,-0.745,-0.467,0.4,-0.095,-0.97,-0.048,0.744,-1.066,1.444,-0.708,0.844,0.341,1.335,-0.74,0.651,0.396,-0.421,0.694,-1.674,0.458,-0.136,-1.365,0
-0.433,1.311,0.458,-1.608,0.37,1.577,1.256,-2.288,-0.697,-0.959,-1.901,-0.698,0.573,-0.832,2.402,-0.909,1.831,1.089,2.225,-1.698,-0.769,0.76,-0.89,-0.623,0.47,0.5,0.426,1.121,0.67,0.785,1
-0.378,0.121,-1.041,0.003,-0.52,-0.772,1.616,0.193,1.231,1.233,-1.265,-0.705,-0.874,-0.422,-0.286,-0.133,-2.329,-0.07,-1.201,-0.184,-0.648,1.027,-0.653,-1.406,1.692,-0.313,0.751,-0.405,-0.405,0.659,1
1.07,0.425,0.552,-0.559,-0.746,-0.731,-0.197,-0.588,-0.175,-0.31,1.293,-0.899,0.858,0.438,-1.046,-0.022,-1.097,-3.994,1.042,0.733,-0.117,-0.834,-0.342,-0.487,1.528,-0.597,-2.123,1.004,-1.841,-0.589,0
1.336,-1.041,-0.533,-1.53,-1.463,0.242,-0.848,2.238,0.506,-0.168,1.555,0.082,-1.032,2.413,0.002,1.519,0.862,-1.026,-0.263,-0.629,0.178,-2.32,0.138,0.864,0.345,-1.596,1.101,-0.188,-0.332,1.882,1
0.508,-0.269,-1.971,0.179,-1.266,0.47,0.979,-0.838,-1.677,0.188,0.839,-0.15,0.392,-2.366,-0.906,-0.743,-0.824,-0.876,-0.159,0.766,1.022,-1.583,1.006,-0.545,-0.27,0.887,0.277,-0.695,-0.25,0.468,0
0.704,1.998,-1.29,-2.313,-0.318,1.565,-0.193,-0.383,1.534,0.745,0.227,0.738,-0.913,0.439,-0.62,0.529,0.794,-0.394,-1.502,0.16,-0.455,-0.268,0.455,0.257,0.543,-1.596,-1.004,0.698,-0.851,-0.225,1
0.288,-0.386,-0.575,1.344,0.654,0.077,0.037,0.751,0.544,0.038,-1.251,-0.695,0.332,0.259,1.143,0.784,-0.341,-0.179,-0.76,1.987,-1.596,-0.178,1.592,0.918,0.421,-0.691,-1.01,-0.735,0.204,-0.879,1
-1.864,-0.265,-0.441,-0.755,1.121,-0.067,-1.344,0.791,-0.073,-1.796,0.398,1.661,-0.03,-1.696,0.11,-0.47,-0.132,-0.232,-0.025,0.184,-1.209,0.16,0.122,-1.593,-1.15,-1.464,-0.266,0.985,0.349,0.302,1
-1.31,1.075,-0.117,-0.806,-0.012,0.066,-2.621,1.381,-0.916,0.307,1.308,-0.969,-0.248,0.674,-1.236,-0.155,-1.01,-0.005,0.08,-2.662,-1.931,-0.605,0.179,0.097,0.361,-0.601,0.487,-1.132,1.0,0.683,1
0.143,-0.97,0.555,0.052,0.994,-0.241,0.629,0.319,-0.618,0.055,1.035,0.17,0.048,2.178,-1.544,-1.378,2.497,0.767,0.225,0.997,1.324,0.344,-0.584,-0.409,0.523,0.916,-1.185,1.525,-0.766,-0.225,0
-0.526,-0.14,-0.663,-0.595,1.064,-1.016,-0.604,0.31,0.575,-0.742,0.851,0.227,-0.026,-0.844,-0.386,-0.527,-0.352,0.633,-0.883,0.784,-0.427,0.768,0.933,0.887,-0.527,-2.353,0.492,-1.219,-0.254,0.429,0
1.007,2.012,-1.764,-0.358,1.427,-2.35,-0.312,0.428,-0.551,-0.779,-0.201,-0.31,-0.379,-0.677,-0.867,-2.278,1.347,-1.733,-0.652,-0.855,0.195,-0.087,1.081,-1.606,-1.243,-0.696,0.336,-1.094,-0.304,-1.126,0
1.663,0.931,-0.615,-0.493,0.299,-1.527,-0.799,1.422,0.082,-0.373,-1.405,0.48,-1.797,1.558,0.828,1.353,1.123,-0.189,-0.238,1.417,-0.479,0.626,1.039,-1.383,-1.249,-1.096,-1.009,-0.666,-0.855,-0.107,0
0.164,0.207,-0.594,1.289,-1.819,-0.373,-1.546,0.101,-0.966,0.446,-1.815,-0.268,-0.8,-1.369,0.96,-0.523,-0.896,-0.627,0.493,0.947,-0.974,0.749,-2.517,0.346,-1.455,0.093,0.558,0.342,0.522,-0.441,1
0.367,0.726,0.619,0.144,-1.595,-1.139,-0.06,1.055,1.929,-0.42,0.354,-1.501,-0.546,0.676,-0.271,-1.017,0.13,0.066,-0.193,0.815,-0.18,-0.317,-0.8,0.44,0.589,-1.09,-0.749,-0.813,-0.118,-0.717,0
0.997,1.128,0.925,1.669,1.703,-0.706,0.092,-0.034,-0.204,1.901,-1.044,0.277,-0.028,-0.484,-1.024,0.365,-1.7,0.36,0.163,-0.612,-0.781,-1.292,-0.492,-0.72,-3.043,-0.48,-0.898,-1.272,-0.287,-0.97,0
-0.442,-0.473,-2.133,0.093,-0.53,0.166,-0.144,-0.702,-1.983,0.474,1.231,0.161,2.438,0.604,-2.044,0.106,-0.886,1.507,-0.097,0.121,0.758,-1.271,0.863,0.37,0.506,1.565,-0.181,1.609,2.001,1.024,1
1.287,2.179,0.744,-0.191,0.615,-1.138,-1.136,-0.444,1.23,-0.215,0.099,1.122,0.841,-0.069,-0.072,-1.093,-1.709,0.049,-0.784,-0.654,0.229,0.811,-0.231,-0.903,1.168,-0.732,-0.544,0.515,0.507,1.171,1
0.142,0.577,-1.615,0.456,0.774,-0.67,1.092,-0.523,0.021,0.609,-0.242,0.257,1.628,1.23,-0.864,-0.602,1.13,-1.72,-1.317,-1.407,0.413,-0.614,-0.805,0.447,0.893,-0.833,-0.434,-1.907,-0.11,-0.999,0
0.406,-0.086,-1.27,-1.298,0.948,-1.169,-0.018,-0.329,0.103,-1.652,-1.224,1.127,-0.819,-0.492,0.074,-0.099,1.849,0.899,-0.119,-1.687,-1.776,0.6,-0.127,0.585,2.291,0.064,-0.062,-0.383,-0.807,-0.678,1
0.362,-0.901,0.826,-1.065,1.172,0.557,0.99,-0.673,-0.669,-1.683,-1.935,-0.645,1.386,1.156,0.099,0.548,0.028,0.205,-1.674,1.104,-1.014,0.255,-0.884,0.518,0.792,-0.23,0.9,-0.185,0.559,1.28,0
-0.217,0.947,-0.611,0.566,1.67,-0.604,0.619,0.71,-0.341,-0.955,-1.036,0.496,-1.726,0.756,0.651,0.592,0.087,-0.571,-0.775,-0.684,0.374,0.886,0.541,2.071,1.891,-0.433,-0.127,-0.549,0.863,-1.574,0
-1.69,1.027,-1.325,-1.267,-0.064,-2.123,-0.756,-0.64,0.216,-0.606,-0.757,-0.546,1.525,0.521,1.877,0.207,1.813,-0.304,0.655,-0.78,-1.791,0.525,-0.331,-2.461,-0.771,0.268,-0.185,-0.65,0.257,-2.474,1
1.181,0.734,0.091,-2.038,-1.85,-0.63,-0.777,-0.148,-0.21,-0.172,-0.211,-0.3,1.009,-1.573,1.216,0.796,-0.053,-0.98,-0.811,-0.303,0.866,1.024,-1.555,0.535,2.337,-1.267,1.147,0.26,-1.295,-0.441,1
-0.604,-1.318,1.352,-1.143,-2.081,-1.344,1.383,-0.091,0.197,1.706,1.174,0.204,1.42,0.031,-0.766,-0.182,0.03,-1.292,-0.048,-0.52,-0.671,-0.42,1.412,0.366,0.122,-1.042,0.838,-0.941,0.184,0.372,0
-0.478,-0.377,-0.271,1.925,-1.347,0.269,-0.158,-1.653,0.005,1.643,0.237,0.588,-1.373,1.975,-0.386,-1.167,0.242,0.564,1.143,0.242,-0.563,0.65,-0.2,-0.275,-1.187,0.49,0.859,-0.759,0.954,0.539,1
1.244,-0.116,-0.574,-1.88,0.38,-0.27,-0.491,0.753,0.32,0.698,0.261,-1.36,0.929,0.909,0.509,1.22,-1.216,-0.379,1.704,0.714,-0.635,0.261,1.266,-0.59,-1.707,-0.107,0.424,-0.801,-0.338,-0.172,0
1.046,-1.421,0.875,0.329,-0.034,1.284,-1.511,-0.293,0.547,0.056,0.781,-0.63,1.569,-0.361,-0.527,-0.269,-0.529,-0.137,2.003,-1.626,-1.819,1.095,-1.271,0.476,0.825,1.026,1.083,0.868,-1.456,1.624,1
0.622,-0.899,1.576,-0.389,1.404,-0.03,-0.928,1.525,-1.131,0.115,-0.11,-0.403,1.436,-1.48,-1.441,0.57,0.25,0.127,-0.821,1.052,0.102,2.039,-1.36,1.074,-0.097,-0.875,-1.32,-0.193,-1.233,-1.407,0
0.58,0.624,0.045,1.415,0.015,-0.297,1.444,-0.5,0.446,-0.927,0.107,-0.552,-0.215,0.302,-0.95,-0.221,-1.272,-0.104,0.703,0.491,0.41,-0.526,0.772,-0.317,-0.699,-0.98,1.574,-1.5,0.491,0.302,1
-0.259,-0.846,0.036,-0.413,-0.115,0.378,0.162,-0.126,-0.16,-0.485,-0.436,0.574,-1.176,-1.326,-0.038,0.836,0.597,-0.283,1.284,-1.645,0.984,1.182,0.165,0.095,0.829,0.892,-1.26,-0.726,0.159,1.039,1
1.019,-0.749,1.448,-0.907,1.389,-0.873,0.757,0.795,2.318,0.269,-0.077,1.122,1.109,-0.622,-0.396,0.401,1.222,-0.36,-0.287,-1.589,1.947,-0.962,0.982,-2.03,0.287,-0.287,0.392,-0.489,0.618,-0.246,1
-2.682,-0.292,-1.423,1.849,-0.795,0.749,-1.232,-0.684,-1.849,-1.237,1.543,-1.115,0.556,1.566,-0.695,-0.502,-0.634,1.68,0.798,1.21,0.399,1.141,0.344,0.006,-0.424,0.186,-0.723,0.64,2.259,0.701,0
-1.038,0.018,1.151,-0.003,0.829,-0.782,-1.073,1.352,0.649,-0.261,-0.118,0.211,1.53,0.724,-0.044,-0.734,0.62,-0.042,-1.146,-0.856,0.173,-1.481,0.602,0.865,-0.331,-1.094,0.533,1.848,0.972,3.064,0
-0.463,-1.663,-1.212,1.002,-1.438,1.082,-1.396,-1.648,0.351,-1.036,0.375,0.807,0.489,1.648,-2.174,0.928,0.42,-0.177,-0.667,-0.986,1.764,-0.441,-1.109,-0.686,0.697,-0.302,-1.061,1.226,-0.665,-1.859,0
1.385,0.64,-0.891,-0.255,-0.068,-0.515,-0.154,-0.75,1.365,-1.112,2.451,-0.195,0.113,-0.384,0.557,0.87,-0.606,0.881,-0.545,2.455,0.332,0.4,0.226,0.568,-1.678,-0.537,-1.228,0.645,-1.09,0.632,1
-0.97,-0.117,0.754,0.456,0.972,-0.424,-0.564,-1.801,0.242,-0.957,0.404,1.304,-0.129,0.424,-0.89,-0.588,-0.373,1.704,-0.808,0.578,-0.335,-0.044,-0.092,0.587,1.332,0.164,-0.203,1.412,0.498,-0.19,0
0.947,0.172,2.077,0.565,-1.528,0.43,-0.796,2.457,-0.244,1.856,1.704,-0.529,2.494,-0.733,1.896,1.093,0.965,1.467,0.572,-0.302,-0.631,-0.543,0.738,-0.102,-0.063,-0.891,0.261,-0.966,1.32,0.39,1
0.589,0.748,0.356,1.728,-0.062,0.198,-0.393,1.678,-0.722,-1.466,0.497,-1.022,-0.371,0.178,-0.701,-0.783,-1.503,-0.884,-0.121,-0.508,0.188,0.278,-0.956,0.039,1.335,-0.584,-1.388,0.352,-0.577,-0.27,1
0.194,0.156,0.638,-1.356,0.902,0.361,-0.181,-0.081,-0.731,-0.404,-1.264,-0.965,0.562,-0.281,0.463,-1.617,-0.8,-1.659,-0.048,0.355,-0.435,1.759,0.498,0.145,-1.289,0.915,-0.135,0.246,0.775,-1.378,0
-2.06,-1.774,-0.645,-0.559,1.905,-0.579,-1.104,0.712,1.322,-1.717,-0.734,0.151,1.093,-1.554,-0.315,-2.166,1.409,1.275,0.386,0.506,-1.246,1.956,-0.039,-0.053,0.125,0.28,-0.006,2.406,-0.148,-0.443,0
0.327,2.45,-1.576,-2.22,0.899,0.299,-0.092,-0.547,0.416,0.473,-2.279,-1.72,0.956,-0.805,-0.293,0.713,-0.005,0.871,-0.177,0.083,-0.402,0.941,-0.709,-0.126,-1.334,-0.596,-1.682,-0.484,1.751,2.509,0
-0.358,-0.091,-1.07,-0.452,-1.756,0.687,0.884,1.509,-0.384,1.617,-0.653,0.301,1.272,1.642,0.518,-1.535,-0.949,0.513,-1.5,0.284,-1.684,0.033,-1.31,-0.71,-0.058,-1.113,0.67,0.219,-0.614,0.54,0
2.009,-1.794,0.756,-1.444,-0.108,-1.991,-0.406,0.203,-0.551,-0.134,1.513,0.338,0.198,-0.411,0.866,1.129,-1.544,1.341,-0.379,-0.377,-1.861,-0.03,0.063,-0.961,-0.208,-1.562,0.311,-0.432,-0.39,0.977,0
0.59,0.415,-0.991,-0.594,-0.034,-0.503,1.036,-0.898,-0.151,1.036,-0.412,1.054,-0.95,-0.713,0.259,-1.442,1.214,-0.186,-0.21,2.047,1.213,-0.241,-0.439,-0.07,-0.489,0.272,0.432,-0.527,2.168,0.119,0
1.294,-0.31,-0.435,-0.997,-0.661,1.448,0.974,0.306,0.046,-0.72,1.421,0.07,-0.472,1.214,-0.585,0.808,-0.341,0.624,0.034,1.875,0.874,1.58,0.032,-1.806,2.746,2.627,0.313,0.261,2.106,0.771,0
0.737,-0.475,2.167,0.427,-1.628,-0.587,0.417,-0.032,-0.183,-0.483,-1.098,1.039,0.149,-0.784,0.347,-0.6,-0.337,0.352,0.582,0.841,-1.403,-0.178,-0.294,0.919,-1.247,-0.774,0.198,0.259,0.151,-0.364,1
-0.639,1.297,-0.822,1.636,0.538,-0.451,-2.137,1.003,-0.429,1.462,-1.303,-0.263,0.893,0.625,0.181,0.144,-1.861,-1.276,0.604,-0.548,1.653,0.901,2.809,-0.294,0.289,0.763,-0.589,-0.31,2.319,1.155,0
-0.38,0.276,0.72,-0.397,-0.665,1.948,-0.6,1.396,0.727,0.353,-1.114,-0.101,0.251,-0.298,-0.434,-0.126,0.763,1.288,1.277,-0.815,0.274,1.024,0.541,-0.413,1.172,1.003,-1.429,-0.363,1.94,0.522,1
-1.165,1.951,0.635,-1.055,0.147,1.938,1.707,1.161,-0.121,0.159,-0.405,1.113,1.089,0.68,1.245,-3.685,0.141,-0.518,-0.944,-1.888,-1.319,0.565,-0.644,-1.038,1.768,-0.38,-0.877,0.609,1.085,-1.092,0
1.819,0.54,1.347,1.921,-0.159,-1.946,-0.499,-0.039,-0.261,-0.179,-0.21,1.39,-0.33,0.844,0.553,0.745,-1.266,1.294,0.327,1.091,-0.65,-0.131,1.221,-0.69,1.966,-0.767,0.349,0.252,-0.527,0.28,0
-1.196,0.389,0.821,1.037,-0.015,0.406,-0.34,0.309,-1.152,-0.901,-1.388,-1.475,0.185,-0.06,-0.992,-0.277,-2.193,1.377,0.495,1.515,-1.926,-0.561,-0.291,-0.146,0.434,0.368,-0.897,-1.75,-0.524,-0.393,1
-0.115,1.441,1.852,0.212,-0.859,-0.701,1.318,-1.604,0.097,0.102,0.925,1.109,-0.367,-0.551,-0.067,-1.31,-0.087,0.285,-0.741,-0.015,0.21,-0.037,2.181,0.998,-1.207,0.26,0.394,1.391,-1.903,-0.369,0
2.657,0.314,0.595,-1.137,-0.166,0.139,-0.68,0.162,0.185,0.36,-0.631,-1.089,1.325,0.588,0.633,-0.65,-0.571,-0.987,1.671,-0.556,-0.912,1.149,0.176,-0.399,1.294,1.008,-1.423,-1.479,0.619,0.997,1
0.724,1.072,-0.181,-0.717,-0.975,-0.04,0.161,0.343,-1.63,-0.176,0.616,-0.69,1.241,-0.313,0.04,0.19,-0.577,-0.157,-1.137,0.89,-0.028,0.538,0.427,0.812,-0.479,0.198,0.56,-0.449,-2.122,-0.057,0
0.631,1.048,-0.459,2.494,-0.125,1.757,1.586,-1.012,0.505,0.398,0.364,-0.929,1.274,0.564,-0.608,2.031,-0.123,0.989,0.52,0.002,-0.968,-0.192,0.43,1.734,-0.549,-0.904,-0.975,0.503,0.207,-0.526,0
1.554,-0.06,1.149,-0.872,-0.781,1.08,-2.14,0.317,0.378,-1.592,-0.274,-0.147,-0.087,1.993,-0.794,-0.932,-0.307,1.83,0.357,-2.72,0.21,-1.276,-1.081,-0.086,-1.955,-1.228,-0.728,1.19,0.8,-0.163,0
-0.259,1.576,0.925,-2.718,0.534,-2.599,-0.062,-0.088,-1.862,2.69,0.626,-0.775,0.026,-0.892,-0.124,0.501,1.623,1.832,-0.723,-0.88,-0.456,-0.332,3.424,-0.832,-0.358,-0.26,-0.682,0.537,2.264,0.335,0
0.251,-1.129,2.001,1.58,1.152,0.708,2.994,1.092,-0.453,-0.151,-0.497,-1.353,-1.087,1.397,0.921,-0.581,-0.799,0.716,-1.568,-1.32,0.957,-0.801,1.446,0.959,-1.654,0.233,-0.245,-1.054,-0.36,1.086,0
3.073,0.199,1.964,0.248,-0.535,-1.107,0.287,-0.071,-1.139,-0.208,-0.207,-0.384,0.307,-0.881,-1.089,-0.631,0.944,1.754,0.108,-0.2,-0.972,-0.867,-0.224,-0.366,0.961,-0.341,-0.174,-0.468,0.591,1.415,1
0.789,-0.366,1.794,0.777,0.209,0.453,0.161,-0.455,0.285,-1.219,-0.966,1.285,-0.049,0.311,0.617,0.326,-1.345,2.153,-1.028,1.55,0.088,0.54,-0.443,-0.871,-2.986,-0.265,-0.808,-1.643,-0.07,1.546,1
1.108,0.635,-1.405,-1.431,-1.403,0.676,0.673,-0.468,1.244,0.219,-1.158,0.442,0.19,1.035,0.124,-0.26,0.483,-1.053,0.833,-0.5,0.112,0.608,-0.797,-2.673,-0.401,1.16,0.018,-0.161,0.97,1.327,1
-0.988,0.344,-0.424,2.426,-2.002,2.113,-0.725,0.188,1.403,1.199,-0.272,0.416,0.65,-0.83,-0.121,0.637,-1.806,1.773,-0.732,-0.161,-2.106,-1.736,0.085,0.892,-0.603,0.695,0.211,-0.465,0.908,-0.197,0
0.15,1.573,0.695,0.433,-0.881,1.141,-1.039,-0.438,-1.359,0.122,-1.547,0.647,-0.768,0.174,0.489,-0.252,-0.807,0.77,0.319,-2.389,-1.565,-0.407,-0.89,0.295,0.764,0.015,0.852,-1.083,-0.699,-1.772,0
-0.542,-3.06,0.103,0.302,-2.528,0.625,-1.289,-0.294,-0.312,-0.973,-1.283,2.315,-0.132,0.28,2.043,-0.409,0.13,-0.283,-0.286,2.027,1.838,-0.828,0.425,-0.581,-1.5,-1.021,-0.107,-0.064,-1.186,-1.164,0
0.241,-2.453,0.993,-0.648,0.179,0.593,1.081,1.513,-0.039,-0.588,0.31,0.16,1.421,-0.427,1.614,0.279,-1.169,0.841,-0.313,1.313,-0.936,-0.439,-0.044,-0.892,1.43,-1.162,0.445,-0.511,0.464,-0.529,0
0.417,0.991,0.057,1.477,-1.811,0.423,-2.063,1.793,-0.486,-1.078,-1.437,1.529,-0.402,-0.043,0.045,0.088,-0.448,1.186,1.196,-0.091,-0.917,0.718,0.749,-1.635,-2.079,2.504,1.708,0.259,-0.155,0.042,0
-0.531,0.905,-0.66,0.217,0.222,0.453,2.189,0.718,1.745,0.474,-1.762,1.09,-1.086,-0.671,1.133,-0.449,-1.477,-1.139,-0.684,-0.137,-0.443,-0.749,0.382,0.279,0.541,0.889,-1.052,-2.366,-0.252,-2.55,0
0.313,0.762,1.015,-0.935,1.544,0.191,1.209,0.323,-0.321,0.293,-0.811,-1.321,-0.329,0.887,2.04,-0.728,-0.356,-0.621,-0.276,2.386,-0.236,1.141,-0.97,-1.233,-1.988,-1.992,0.627,-0.452,-1.938,-0.371,1
0.407,-2.246,0.183,1.365,0.84,0.47,-1.325,-0.553,-1.592,1.225,-0.138,-1.22,0.554,1.587,0.396,-1.337,0.233,1.154,-0.193,1.472,0.483,2.27,1.787,1.618,0.821,0.062,-0.515,-0.878,-1.359,1.039,0
0.047,0.399,0.789,-0.527,-1.293,-0.177,1.08,1.416,-0.013,1.028,0.727,0.981,0.621,0.416,-0.682,-0.462,-0.165,1.882,0.317,1.591,1.931,-1.575,0.28,1.422,-1.674,-0.379,-0.375,-0.99,2.276,0.447,0
0.532,0.2,2.062,0.067,0.618,-1.412,-0.546,2.987,0.997,0.889,-0.356,-1.665,-0.59,-0.415,-0.038,-1.328,0.369,0.957,-0.407,-0.152,-0.739,0.857,0.092,0.671,-0.758,0.583,0.878,-0.405,0.275,0.416,0
1.419,-0.267,0.077,0.001,0.244,-1.25,-1.469,-0.005,-0.552,0.02,1.301,2.832,-0.53,1.148,0.7,0.711,0.514,1.931,0.101,2.116,-0.408,0.914,-0.943,0.056,1.479,0.818,2.138,-1.337,1.006,0.11,0
-0.245,0.189,0.098,-1.079,-0.977,-1.719,-0.88,-0.329,-0.118,0.063,-1.439,1.81,-0.995,-1.039,-1.806,-2.353,0.428,0.037,0.545,-0.91,0.433,0.797,0.46,-1.334,0.674,-0.267,-1.797,0.303,0.363,-1.027,1
1.031,1.47,-0.725,0.492,0.844,0.193,1.284,1.366,-0.04,-0.388,-0.414,0.628,-0.858,-1.009,-0.673,1.775,0.785,0.853,-0.001,0.891,-0.679,0.478,-0.013,0.018,0.009,1.451,0.879,-1.863,0.679,0.613,1
0.408,0.737,1.357,-1.773,1.809,-0.291,1.746,0.988,1.903,-0.595,-0.488,-0.203,1.519,1.162,0.326,-0.027,0.252,1.423,0.424,1.181,0.577,-1.101,-0.142,-1.131,-0.527,-0.357,1.609,-0.488,-0.06,0.677,0
-0.019,0.727,1.723,1.488,-1.274,0.298,-1.042,-0.683,0.371,-0.387,0.811,-0.018,-0.164,-0.675,-0.885,0.431,-0.166,1.476,0.897,0.922,-1.427,0.062,-2.45,-0.052,-1.618,0.019,-0.314,2.09,-1.403,0.874,1
1.193,1.048,-0.108,0.336,-0.132,0.682,0.773,0.292,-0.028,0.272,-0.37,-1.036,-1.184,0.055,0.372,1.248,-0.354,-0.341,-0.261,0.01,-0.308,-1.817,0.422,0.532,0.044,-1.691,-1.717,0.516,0.015,-1.544,0
0.758,-0.037,-0.216,-0.627,0.782,1.163,1.226,-0.023,-0.023,0.863,-0.426,0.324,2.565,-0.106,0.706,-0.729,-0.293,-1.132,-0.505,-1.973,0.872,-0.887,-0.011,-0.775,1.472,-0.107,-0.228,1.108,-0.961,1.2,1
1.65,-1.492,-0.068,1.414,-0.93,-0.371,0.114,0.779,-0.658,0.107,0.65,0.854,-1.125,-0.243,-1.02,-0.098,-0.215,0.834,0.89,0.416,-0.807,0.519,-0.542,-0.25,0.491,2.84,-1.838,-1.687,0.732,0.42,0
0.887,0.761,-0.621,-1.78,0.004,0.283,-1.106,-0.16,1.115,1.472,0.275,0.427,-2.937,-0.824,-0.022,0.103,-0.306,-1.512,1.526,-1.212,-0.824,-0.33,1.099,0.793,-1.052,-1.611,2.422,-0.112,0.805,0.595,0
-0.495,-0.104,0.013,-1.197,0.342,-0.38,-0.686,0.145,0.176,-1.067,-1.361,0.357,0.93,-2.463,1.433,0.286,-1.539,-0.238,-1.154,1.607,-1.116,1.326,-1.697,-0.999,-0.856,-1.006,-0.582,-1.785,0.651,-0.407,1
0.5,0.451,0.063,-0.942,-0.435,0.051,-0.799,0.301,0.397,0.531,1.559,-0.321,-0.967,1.605,0.051,-1.253,-0.772,-0.609,1.452,-0.795,0.651,0.495,0.018,-0.505,-1.227,-0.147,0.904,-0.307,-0.043,-0.865,1
1.563,-0.801,-0.629,1.218,-0.306,-0.626,-2.48,-1.037,-1.558,0.905,-0.867,1.03,1.771,0.871,-0.165,-0.336,0.037,0.667,-0.415,0.218,0.439,-0.259,2.265,0.943,-1.071,-1.231,-1.613,-0.545,0.041,0.684,1
-1.173,0.303,2.532,0.396,-0.811,-0.729,-0.094,-1.384,-0.594,-1.091,-0.391,0.089,0.429,-0.614,1.658,1.16,0.711,0.159,-0.719,0.443,0.85,0.35,-0.093,0.149,1.324,-2.116,-0.201,-0.253,-0.063,0.101,1
0.565,0.659,-1.74,-0.982,-0.904,-0.712,-0.841,0.084,0.889,1.22,0.271,-0.793,-1.282,0.941,-2.082,-1.188,-0.544,0.005,0.94,-0.598,0.579,0.38,-0.042,-2.086,1.081,-0.492,0.211,-1.323,-0.691,-1.244,0
-0.22,-0.746,-0.251,0.635,2.226,-0.561,0.054,-0.878,0.245,1.542,-0.618,0.264,0.36,1.068,-0.53,0.873,-1.416,-1.748,0.088,0.097,-0.345,-0.619,0.589,-0.559,0.911,1.541,-0.207,-1.581,0.25,-0.855,0
-0.221,-2.085,0.551,-2.491,1.019,-0.298,1.169,-1.149,0.803,-0.255,1.145,-0.321,0.002,-0.38,-0.459,-0.225,0.241,0.759,0.192,1.752,-0.098,-0.724,0.89,-1.301,-1.489,0.057,0.535,0.218,-0.631,0.008,1
0.614,-1.11,-0.813,-0.382,-0.28,0.133,1.13,-2.054,0.078,-0.593,0.669,0.011,1.173,-1.168,0.35,0.916,-0.26,0.813,-0.16,0.029,0.069,0.547,1.239,1.086,-0.353,-1.082,0.513,0.284,1.47,-0.334,0
0.205,-0.232,1.812,1.01,-0.177,-0.321,-2.05,-0.075,-0.27,0.596,-0.3,-0.269,0.691,-1.068,1.07,0.396,-0.088,0.164,0.755,0.136,-1.158,1.319,-0.481,1.304,1.031,0.287,-0.019,1.502,0.199,-0.42,0
0.32,-0.008,-1.687,-0.853,-0.18,0.951,0.016,-1.366,-1.04,0.989,-1.517,-1.814,1.549,0.201,1.124,1.15,-1.048,1.312,-1.338,-1.15,0.592,0.77,1.501,-2.532,-0.205,0.375,0.634,-2.265,1.213,0.684,0
0.5,0.894,-0.782,0.487,-1.827,0.259,-0.688,-1.113,0.183,-0.362,0.365,-1.513,-0.158,-0.517,-0.128,0.37,0.896,-1.253,0.732,1.223,-1.768,-0.478,1.443,0.004,0.725,1.11,-1.05,0.538,0.349,0.491,0
0.644,0.657,2.352,-0.145,1.103,1.111,0.842,1.872,-1.274,0.339,0.361,-0.829,-0.183,0.533,-1.406,-0.451,-0.625,0.484,-0.658,0.702,-0.804,0.103,-1.138,-0.196,0.255,0.992,-0.28,1.117,0.463,-0.189,1
-0.566,-0.04,-0.095,-0.171,-0.911,0.103,0.307,0.145,-1.782,0.17,0.394,-0.623,-0.202,0.173,-1.897,0.48,0.961,0.951,1.241,1.451,-0.655,-0.483,-0.382,0.362,1.513,-0.819,-0.606,-1.22,-1.064,1.343,1
0.674,1.273,-0.617,0.371,-1.153,-1.282,-0.664,1.328,-0.521,-0.526,0.373,-0.554,0.881,-0.447,0.377,0.052,0.919,-0.063,0.032,1.192,0.94,1.655,-1.943,-1.694,-0.004,-1.493,-0.801,0.02,0.466,-0.639,1
-0.376,0.237,-0.952,1.088,1.464,0.861,-0.237,-0.263,-0.406,0.912,-0.091,0.419,0.984,-1.019,-0.291,1.432,0.995,-0.262,-1.638,-0.097,1.251,-1.411,0.277,-0.089,0.408,1.024,1.829,0.38,0.751,0.899,0
-0.217,0.421,0.144,1.71,1.36,0.504,-0.235,0.569,-0.897,-0.672,-0.768,0.932,1.07,-1.902,0.271,0.979,0.4,0.876,-0.172,0.474,-1.422,0.012,-0.672,1.882,0.113,2.085,0.027,-0.325,0.391,0.659,1
-0.059,-1.882,0.936,0.935,-0.62,0.608,-0.704,0.032,0.809,-1.153,0.828,-1.63,-0.196,0.267,-2.424,1.206,-1.305,-1.511,0.005,1.508,1.913,1.277,-0.011,-0.818,-1.749,0.58,-1.111,-0.458,-0.755,0.577,0
0.38,-1.322,-0.947,0.8,-0.193,0.933,1.364,0.882,-0.293,-1.302,-0.036,-0.366,1.432,-1.353,0.332,-0.998,-2.584,-1.893,2.511,0.497,-0.863,0.399,-0.805,-0.044,-0.628,0.745,-0.723,-0.058,0.504,-0.511,0
1.54,0.708,-0.084,0.018,0.902,0.816,1.924,0.538,-1.412,-0.335,0.867,-0.169,0.384,-1.161,-0.681,-0.366,0.214,-0.222,-0.193,-0.82,-0.463,-0.319,1.192,0.534,1.028,-0.559,0.801,-0.606,-0.55,0.508,0
0.361,-0.712,-0.718,-0.404,-0.462,0.892,-0.208,0.629,0.888,1.28,1.373,-0.607,-0.749,-0.324,0.726,0.028,-0.168,-0.969,-0.106,0.151,0.357,-0.643,-0.472,0.39,-1.313,1.727,1.857,0.971,0.062,-0.584,1
-0.609,-0.194,0.42,1.113,-0.574,3.016,0.099,0.552,-0.884,-2.666,-0.933,1.635,-0.453,-0.196,-0.844,-0.49,1.216,-0.237,1.474,0.874,1.837,-0.261,0.179,0.031,-0.293,0.385,0.902,0.902,-0.292,-3.265,0
0.955,-0.508,0.649,0.002,1.146,-2.188,-0.021,1.42,-0.395,0.981,0.218,0.73,-0.25,0.819,1.079,0.872,0.193,-0.757,-0.919,-0.73,-0.359,-1.343,0.186,0.104,2.097,-0.389,0.87,0.396,-2.316,0.399,1
0.223,0.253,-0.569,0.777,0.658,-1.03,-0.583,0.177,0.479,0.393,1.142,-0.181,1.259,-0.708,0.561,0.082,0.274,-0.728,0.416,0.133,0.621,-0.043,1.299,-0.493,0.6,2.517,0.872,0.67,-1.043,-0.063,0
1.314,0.27,0.196,0.802,-0.172,0.677,-0.406,-0.487,-1.512,-0.554,0.108,-0.456,1.62,0.86,-0.38,-0.863,1.429,1.272,-1.632,-1.621,-1.3,-1.961,-0.693,-0.527,-0.986,1.286,-1.111,-0.878,0.858,-0.739,0
0.254,1.178,1.557,-0.847,1.293,0.927,0.159,-0.796,-1.41,0.254,-0.353,-0.357,0.105,0.395,-0.507,0.314,-0.057,0.027,0.164,-1.817,-0.815,-0.045,-0.054,-0.418,-0.075,-0.777,0.258,-1.291,-0.198,0.439,0
-0.649,0.164,0.395,-0.773,0.201,0.666,0.529,-0.088,-2.011,-1.156,-1.484,-0.913,-0.394,-0.16,1.243,-1.512,0.308,-0.046,-0.196,-0.931,1.1,1.554,0.575,1.281,-0.311,-0.611,-1.299,-0.521,0.938,-0.576,1
1.957,0.219,1.203,-0.012,1.39,0.991,-1.204,0.235,-2.524,0.327,1.48,-1.038,-1.965,-0.253,-0.306,0.783,0.316,-0.416,0.086,2.126,2.682,0.578,-0.261,-0.641,1.1,0.834,-0.121,-0.296,1.363,-0.595,1
-0.084,-1.1,-1.719,-1.184,-0.261,-0.554,1.426,0.588,-0.02,-0.428,-1.896,-0.027,-1.24,0.176,1.567,0.032,-1.292,0.052,1.413,0.975,-1.948,0.069,-0.444,0.472,1.64,-0.286,0.588,0.672,1.824,-0.184,1
0.057,0.472,1.207,1.317,-0.406,-0.59,-0.808,-0.741,0.749,-1.626,-0.163,0.086,-0.066,0.164,-2.115,-0.628,-0.785,0.323,1.93,-1.342,-1.385,-0.74,-0.939,0.718,0.041,0.216,-0.003,0.809,-0.389,0.797,0
0.756,-0.124,-0.833,0.945,-0.785,1.729,-0.189,-0.583,0.057,0.794,-1.102,0.003,0.985,0.413,-0.205,0.632,0.48,0.448,-0.456,-1.632,-0.545,-1.154,-0.579,-0.667,-0.781,0.865,2.079,-1.2,0.044,-0.071,1
-0.442,0.085,-0.424,-1.645,-1.223,-0.759,0.308,1.32,-0.768,0.522,0.077,2.156,1.806,1.113,-0.149,1.738,0.229,-0.076,1.443,-0.04,-0.035,-0.556,1.302,-0.72,0.433,-1.364,0.679,0.243,-0.672,-0.608,0
-0.38,-1.358,1.047,1.261,-0.62,2.068,-0.724,-0.644,-0.272,-0.443,1.113,0.589,-0.624,1.613,-0.541,1.105,0.663,0.421,-0.279,1.527,0.661,-2.447,0.152,-0.251,1.398,0.141,1.279,-0.603,-1.941,0.565,1
0.463,0.425,0.312,-1.384,-0.496,-1.134,-1.663,-0.504,0.321,0.177,0.045,1.776,0.996,-0.032,-2.531,-2.819,1.353,-0.455,-0.983,-0.398,-0.68,-1.466,0.446,0.213,0.526,-1.513,0.077,0.92,-1.214,0.328,1
0.133,1.122,1.392,1.196,0.542,0.358,0.537,0.903,-0.36,0.892,-1.917,0.813,1.053,1.097,0.005,-0.399,0.153,1.127,-0.27,-3.595,-0.299,0.75,0.733,1.708,2.325,1.2,1.333,0.378,0.503,0.961,1
-1.339,-1.201,0.513,-0.452,-1.372,-0.046,1.908,-0.307,0.843,0.271,-1.068,1.469,0.64,0.555,0.464,0.441,1.011,-0.447,-0.877,0.631,-0.707,-0.32,0.373,1.228,0.634,-0.626,-0.745,-0.193,0.179,-0.604,0
1.167,-1.664,-1.654,-0.14,-1.78,1.487,0.84,-0.129,-2.372,-0.539,-0.548,0.628,-1.179,-0.327,-0.373,-1.223,0.033,-0.156,-0.627,-0.253,0.861,-1.444,0.081,1.227,-0.819,-1.015,-0.8,0.299,-0.193,-0.655,0
0.899,-0.881,2.514,0.183,-1.445,-0.645,0.691,0.255,-0.633,0.425,-0.609,0.06,0.782,0.428,0.945,-0.519,0.424,-1.002,-0.313,-2.094,-1.316,0.637,-1.266,1.99,0.038,0.622,0.235,0.19,-0.989,-1.314,1
0.151,-1.508,1.509,0.41,1.57,-0.489,-0.996,0.982,2.09,0.622,-0.678,0.372,0.324,-0.212,-0.427,-1.336,-0.442,-0.195,-0.216,0.664,-0.719,-0.595,0.831,-0.434,-0.883,-0.928,-0.564,0.555,-1.668,0.142,0
-1.431,0.886,-0.463,-0.577,1.861,1.012,-0.166,0.952,-0.399,0.191,0.968,-0.712,-0.691,3.43,1.564,0.102,-0.589,1.186,-0.222,-1.365,-2.452,-1.249,-1.604,-1.517,0.532,1.595,-0.36,-1.152,0.491,-0.139,0
-1.569,0.831,1.307,0.712,-1.396,-0.722,0.277,0.945,-0.386,0.997,-0.811,-0.166,-0.01,-1.052,-1.269,0.384,1.073,1.649,-0.323,1.038,-1.08,1.465,0.508,-0.614,-1.105,-0.331,0.046,0.188,1.137,-1.361,0
-0.191,0.324,-0.638,-0.299,-1.138,1.049,2.533,0.086,-0.385,0.05,-0.16,-0.891,1.421,-0.965,-0.706,0.795,-1.304,-1.804,-0.881,-0.08,0.555,-0.716,-0.196,0.141,-0.904,0.162,0.664,0.541,-0.184,-1.099,1
1.149,-1.231,-0.287,-1.284,-0.267,-0.298,0.338,0.18,1.823,-0.194,0.874,0.069,-1.301,1.381,-0.64,0.695,-0.283,-0.719,0.978,0.266,-0.601,0.029,1.022,0.352,0.591,-0.261,-0.384,0.032,-0.351,-0.397,0
-0.539,0.373,0.014,-1.182,-0.698,-0.116,0.908,-0.069,0.526,-0.17,-0.13,0.409,0.816,2.112,-0.124,0.163,-1.128,1.015,-0.348,-0.137,1.536,1.018,0.716,1.457,-0.075,-0.101,-0.012,-0.504,0.364,1.174,1
0.697,-0.216,1.105,-0.517,0.668,-0.677,0.346,-1.936,1.788,-0.287,-1.011,0.164,1.425,-1.935,-1.476,-2.656,1.233,-0.147,0.203,0.517,0.694,-0.158,-2.344,0.066,0.117,0.113,-0.428,0.171,-0.58,-0.484,1
-0.632,1.797,-0.953,-0.315,1.173,-1.665,0.337,1.008,2.415,0.181,0.29,-0.189,0.303,-1.269,-0.585,1.018,-1.612,1.182,1.164,0.247,0.645,1.275,-1.572,-0.64,-0.247,-0.771,-1.079,-0.652,0.388,1.405,0
-0.002,-1.337,1.466,0.149,-1.145,0.049,1.252,-0.573,-0.561,-0.139,0.261,-1.038,-0.175,-1.389,-0.895,-1.013,-0.016,1.026,1.118,-0.433,-0.328,1.083,-1.334,-0.434,0.975,-0.578,-0.386,0.547,-1.886,0.283,0
-0.427,0.363,0.681,0.719,-1.529,-0.671,0.732,0.631,0.296,0.544,1.629,0.111,-0.353,0.124,0.354,1.093,-1.247,-1.864,0.188,-1.603,-0.187,0.234,0.486,-0.514,0.152,0.504,-1.071,-0.382,1.35,-0.187,0
0.814,1.647,-0.61,0.88,-0.348,-1.01,0.985,0.142,0.501,0.176,-0.651,0.478,1.253,-0.853,1.163,-0.321,-0.226,0.343,-1.496,0.668,1.397,0.271,0.037,0.848,0.686,-0.247,-0.318,0.052,1.206,-0.006,1
0.101,0.773,-0.901,1.138,0.628,1.425,0.161,-1.824,-0.165,1.247,1.952,-0.622,-0.609,-0.075,0.576,0.543,-0.092,-1.053,-0.686,-0.199,0.951,0.627,-0.161,0.901,0.065,0.711,-0.063,-0.371,0.405,0.813,0
-0.284,0.175,0.697,0.402,2.196,0.814,-1.245,-1.131,-2.128,-1.079,1.616,-0.793,0.064,0.091,0.596,1.053,-1.411,0.494,0.188,1.837,0.265,0.001,2.033,-1.542,1.306,0.093,1.259,-0.133,-0.467,1.012,1
0.564,-1.089,0.789,0.094,0.976,1.486,0.817,-0.053,1.495,-0.121,-1.174,1.485,0.086,0.303,0.308,1.863,1.455,-0.071,1.011,1.651,0.968,1.144,-0.814,0.013,-0.111,-0.762,0.653,1.632,-1.408,-0.093,0
0.642,-0.943,-0.281,-0.168,-1.028,-0.398,0.821,-1.057,0.49,-0.248,-1.364,0.295,-0.145,1.143,-0.446,-1.133,0.765,-0.15,-2.498,-1.267,-0.605,0.199,0.853,0.03,-0.169,0.783,-0.532,0.769,-0.313,0.848,0
-0.315,1.439,-0.218,-0.477,-0.714,0.524,-0.685,-1.033,0.898,-1.468,-0.887,1.677,2.031,-0.035,0.566,-0.227,0.53,0.243,-0.82,1.526,2.708,-0.671,-1.925,-1.484,-0.057,-0.485,-0.588,-0.894,-0.04,1.328,0
3.128,-1.051,0.71,-0.179,1.06,-0.748,0.371,-0.936,0.925,1.987,-0.971,0.108,0.385,-1.262,0.87,-0.395,0.182,-0.716,2.066,0.255,1.678,-0.244,-0.847,-1.414,0.625,0.382,-1.417,1.185,-1.625,-1.111,1
-0.742,-0.148,-0.669,-0.286,-1.114,-2.171,-1.68,1.526,-1.574,0.671,-0.272,0.15,-0.304,-0.667,0.904,-1.674,-1.176,0.41,0.56,2.337,-0.114,-0.19,0.23,1.923,-1.346,0.997,0.248,0.556,-1.356,-1.621,1
-0.748,-1.632,-0.823,-0.452,-1.2,-1.239,1.171,0.516,0.38,0.41,1.487,-1.506,-1.099,-0.336,0.131,-0.13,-0.899,-1.057,-0.392,-0.947,0.168,0.044,0.803,-0.645,0.034,-1.26,0.729,0.469,0.255,-0.692,0
1.234,0.032,-0.188,1.838,-0.326,-1.382,0.759,-0.437,1.099,0.627,0.371,0.222,-1.095,0.369,0.256,-0.803,0.742,1.014,0.526,0.15,0.996,0.596,0.384,-1.508,1.28,0.566,0.249,-1.282,-1.226,0.672,0
0.315,-1.634,0.915,0.126,-0.929,-0.121,-0.323,-0.164,-0.742,1.486,0.359,-0.065,1.24,1.118,0.929,-0.293,0.186,-1.208,0.62,-0.522,-0.574,0.213,0.875,0.635,-0.043,0.177,0.247,-1.284,0.187,0.256,0
-2.02,-0.243,0.35,1.209,-1.64,-2.79,-1.398,1.252,-0.089,-0.546,-1.18,-0.544,-0.227,-0.958,-0.306,1.812,-0.192,-0.914,-0.279,-1.958,0.456,-0.291,0.042,-0.647,2.24,-1.586,-0.217,0.43,-0.087,0.284,1
-0.617,0.43,2.19,0.217,-0.24,1.415,0.06,-0.56,0.774,0.55,0.311,-0.566,-2.988,0.724,-0.765,2.222,-1.319,0.805,1.319,0.841,1.201,1.979,-0.084,0.121,-0.601,-0.469,-1.144,0.08,0.65,-1.478,1
-0.452,1.233,0.072,2.368,-1.138,-1.276,0.048,0.112,1.875,0.884,1.137,-1.534,0.704,1.74,-1.493,-0.161,2.182,0.477,0.615,-0.01,0.56,0.798,0.847,1.161,-0.6,0.826,-1.33,-0.467,0.285,0.112,1
-0.253,-0.192,-0.661,-0.397,-0.465,-0.195,0.457,-0.72,1.129,-0.968,0.254,-0.737,-0.135,-0.313,-0.223,0.012,-0.517,-0.843,0.987,1.117,-1.848,0.072,-1.107,1.558,-1.175,1.606,-0.4,0.673,0.766,-0.82,0
-0.921,0.564,-0.366,0.645,-0.083,-0.532,1.667,0.205,0.911,-1.611,1.224,-0.838,0.335,-1.265,-0.251,1.275,0.951,1.048,-0.775,0.328,-1.198,-0.512,-1.521,0.766,1.014,1.443,1.708,1.127,-0.836,0.749,1
1.575,1.681,-0.356,-1.51,1.746,-0.821,-1.263,0.759,0.273,1.838,1.36,1.987,-1.178,0.548,0.134,0.919,-0.189,1.481,0.399,0.275,-0.45,-0.362,0.008,0.978,-1.253,-0.092,0.339,1.235,0.358,-1.061,0
0.553,0.47,0.729,-0.005,1.249,-0.43,-0.905,0.272,-0.402,-0.594,-0.014,0.201,0.815,-0.032,0.35,-1.086,-0.161,0.02,-0.429,-0.319,-1.156,1.598,2.238,0.908,-0.041,-1.188,-0.41,1.217,1.093,-2.747,0
-0.544,1.464,-1.243,-0.54,-2.152,0.523,-0.801,0.116,2.626,0.91,-0.659,-0.561,-0.388,-0.02,-0.274,0.126,-0.798,-0.003,-1.469,1.147,1.936,0.024,-0.371,-0.72,-0.096,2.549,2.13,1.171,-1.226,0.066,1
0.053,-0.341,-0.977,0.438,-0.38,1.276,-0.798,0.947,-1.012,-0.862,-1.442,-2.621,-1.743,-0.597,-2.336,-0.405,-0.387,2.69,-1.4,-0.454,-1.056,0.122,2.219,0.219,-0.524,-0.04,-0.957,-1.936,1.479,1.071,1
0.931,0.182,-0.854,-0.784,1.115,1.806,-1.029,-0.262,-1.143,0.998,-0.198,-0.822,0.173,1.881,2.428,0.058,-0.279,0.939,0.765,-0.087,-0.503,2.198,-1.285,-0.767,0.22,1.057,-1.554,0.003,-1.088,-0.858,0
-1.386,-1.045,-0.954,-0.261,-0.551,0.531,0.022,0.272,0.651,-0.413,-0.561,1.294,1.322,0.753,-0.782,-1.988,-0.866,-0.341,-1.158,0.367,-1.362,-0.652,0.441,-1.024,0.097,0.133,-0.492,0.355,-1.325,0.357,1
-1.131,-1.027,0.436,0.861,0.188,-0.992,0.589,0.232,0.997,1.308,-0.682,-0.333,-1.391,0.103,-1.018,-0.16,1.728,-0.952,-0.704,-0.159,1.086,1.512,-0.809,-0.146,0.276,0.196,0.187,1.627,1.507,1.2,1
0.079,0.645,-1.288,0.213,0.07,-1.062,-0.11,0.111,-0.238,1.122,-0.301,-0.546,0.61,-1.005,0.902,1.151,0.552,0.756,0.746,1.686,0.306,0.077,-0.09,-0.76,0.157,1.442,0.849,-0.421,-0.185,0.786,1
-0.081,0.085,0.949,1.707,-0.127,0.069,1.622,-0.261,-0.564,1.126,0.273,-0.101,2.516,1.222,-0.155,-0.277,0.467,-2.01,-0.529,0.126,-1.953,-1.517,0.008,-0.645,1.357,0.437,-0.051,-0.579,-2.23,1.924,1
0.426,-1.9,1.12,-0.25,0.476,0.595,1.422,1.971,0.796,-2.558,1.15,-0.637,0.471,0.303,-2.027,-0.2,-0.54,-1.224,1.855,-0.114,0.68,-0.205,-0.344,-0.517,-1.025,1.188,0.461,-1.108,0.691,-1.801,0
0.718,-0.042,-1.408,0.409,-1.034,-0.266,-1.797,0.633,-0.559,0.781,0.779,0.519,-0.362,0.758,0.618,-0.124,-1.246,1.104,0.068,-2.835,0.663,0.459,-0.231,-0.987,-0.936,0.365,-1.483,0.332,-1.097,-1.099,1
1.919,1.132,-0.141,0.12,-1.697,0.209,-1.641,0.624,1.33,-1.658,-0.723,1.868,-0.749,0.895,0.153,0.88,0.23,-0.718,-0.282,2.659,-2.311,-0.862,-0.674,0.933,-0.108,-0.762,0.106,0.522,-0.301,-0.934,1
0.225,0.383,-0.376,0.509,-0.042,0.212,-0.398,-0.829,-1.09,-1.185,0.791,-0.361,0.042,-0.111,0.735,-0.326,-0.422,0.412,1.726,0.689,-1.055,-0.529,0.619,0.539,1.309,-0.935,-0.528,1.827,0.871,0.258,0
-0.524,-0.189,-0.038,-0.883,-0.074,0.171,1.3,-1.325,0.917,-0.697,-0.958,-0.041,0.853,-0.39,0.551,1.696,-1.929,0.079,-0.486,1.558,0.409,0.299,0.057,-0.486,0.207,0.508,-0.412,0.519,-0.294,-1.214,1
-1.957,0.6,-1.535,-0.137,0.814,-0.571,1.253,-0.454,0.703,-0.686,-1.412,-1.09,1.392,0.554,-2.464,-0.708,-1.023,-0.888,0.219,1.186,1.614,-0.159,1.134,-0.199,-1.295,-0.09,-1.038,0.205,0.874,-0.436,1
-1.608,-1.873,-0.36,-0.2,-0.445,-0.576,-1.974,0.993,-1.279,-0.231,-0.14,-0.646,0.643,0.596,0.352,0.908,-0.406,-0.923,0.312,1.168,-0.431,1.586,1.771,0.835,0.09,1.167,-0.276,0.801,0.103,-0.139,0
-0.943,-0.504,-1.07,-0.537,-0.167,-1.123,1.956,0.353,-0.826,0.459,0.426,0.719,1.106,1.426,-1.415,0.446,0.682,0.254,-0.666,0.331,0.445,-0.736,-0.916,0.532,-0.059,-0.5,-0.753,0.515,0.258,0.26,0
-0.108,0.586,-0.315,-0.75,0.202,0.508,0.267,1.53,0.762,1.33,4.113,-0.464,-0.267,-0.298,1.744,2.636,0.635,1.59,-1.261,0.895,-0.192,0.241,-1.19,0.461,0.66,0.185,-0.93,-0.319,0.292,-0.03,1
0.181,1.352,-0.489,-0.289,-2.555,-0.511,-2.018,-0.579,-0.104,-0.687,0.287,-1.493,0.249,0.009,-1.497,1.103,0.23,-1.411,1.724,0.359,-0.409,-1.195,-0.517,-1.051,-0.561,0.256,-0.302,-1.457,-0.303,0.381,1
-0.364,0.311,-0.145,0.14,1.454,-0.45,0.496,-2.141,0.092,0.404,-1.516,0.43,-0.769,0.833,-0.924,0.184,-0.393,0.019,-0.182,0.093,1.055,-0.344,0.159,1.025,-0.916,0.47,1.479,1.371,-2.185,0.251,0
-0.269,-0.091,0.168,0.778,-1.347,0.481,-0.77,-0.021,-1.785,0.095,0.494,-0.146,1.228,0.263,0.308,1.786,-0.648,1.627,0.543,0.072,0.562,0.696,-1.065,-0.629,-1.022,-1.786,0.009,-0.97,1.764,-1.554,0
-0.379,-0.823,-0.922,-1.34,0.927,-0.942,2.311,0.64,-0.131,-0.838,-0.632,0.573,0.163,0.306,-1.227,1.314,-0.149,0.048,1.946,0.407,0.267,2.411,-1.466,0.825,1.217,-0.017,0.153,0.325,-0.37,0.134,0
0.114,-0.64,0.81,0.694,1.212,0.632,-0.062,1.264,-0.532,1.23,0.937,0.444,-1.249,1.089,0.828,0.059,-0.041,0.184,-0.121,-1.384,-0.764,0.527,-0.76,0.945,0.235,-0.34,1.117,0.345,-1.232,2.294,0
-1.212,1.236,1.355,0.906,0.648,-1.0,-0.601,-0.66,0.332,-0.36,-1.29,1.595,0.415,0.697,-1.347,-0.784,0.152,1.228,-0.229,-0.993,0.245,1.843,2.257,0.103,-0.124,-0.929,1.154,-2.442,-1.002,0.766,1
0.8,0.605,-1.394,0.149,-0.019,-0.49,0.91,-0.949,0.033,-0.22,-0.05,-0.569,0.179,0.226,-1.393,0.269,0.961,-0.072,0.507,-1.615,0.731,-0.598,0.318,1.364,-0.306,0.753,-0.194,0.189,0.138,-0.833,0
-0.628,-0.029,-0.753,-0.772,0.011,-1.252,0.739,0.842,1.192,1.286,-1.501,-1.63,-0.042,0.58,1.084,-0.58,0.284,-0.887,-0.754,0.18,0.656,-0.322,1.221,-0.493,-0.365,0.319,0.681,1.319,0.509,-2.196,0
-0.977,2.083,-0.448,-1.306,0.197,-1.481,0.629,0.35,1.173,0.147,0.109,-0.511,-1.453,-1.715,2.429,-1.657,-0.99,-0.587,-0.916,-0.228,-0.263,0.95,0.109,-0.198,-0.367,0.28,-0.259,1.003,-0.208,0.94,0
-1.455,-2.288,2.321,-0.338,0.779,-1.084,-0.685,0.876,1.78,-2.149,-1.2,-0.966,2.322,0.428,-0.446,0.182,-1.14,-0.404,0.503,1.333,0.002,-0.144,0.118,-0.329,0.169,-1.252,2.837,-0.313,-0.759,-0.177,1
-0.489,-1.643,-0.223,-1.701,0.442,-2.533,-0.592,0.067,-0.372,-0.074,0.996,-0.35,-0.098,-1.619,-0.756,0.789,-0.421,1.63,-0.919,0.482,0.446,0.797,0.837,-0.928,-0.129,-0.025,-0.053,0.372,-0.19,-1.613,0
0.221,-1.392,0.239,0.661,0.873,-0.428,-0.141,-0.027,-3.106,0.363,-1.379,-0.918,-0.617,-0.057,-0.133,-0.533,0.713,1.778,0.348,-0.31,1.256,0.179,0.604,-0.298,-0.104,-1.14,-0.314,0.345,-0.278,1.177,1
1.256,1.329,-0.633,-1.169,0.519,0.563,-0.986,0.981,-2.689,0.964,-1.685,0.727,0.491,1.746,-1.934,-1.079,-2.089,-0.261,-0.579,-0.756,-0.161,-1.946,0.92,-0.398,-0.59,-0.421,0.088,0.064,0.764,-1.792,1
0.697,0.153,-1.449,-0.605,0.594,-0.028,-1.178,2.466,0.65,-0.104,-0.417,1.24,1.621,-0.362,0.614,1.49,-0.078,-0.088,-0.587,1.254,-0.169,0.202,-0.221,-0.538,-0.45,0.774,-0.767,-1.725,-1.059,-0.715,1
0.302,0.015,-1.42,0.959,0.35,-0.197,0.022,0.009,0.424,-0.101,2.75,-0.351,-0.659,-1.813,1.612,1.129,-0.548,-0.873,-0.564,1.699,0.756,0.78,1.301,-0.113,0.738,-0.833,1.583,1.741,-1.022,-2.094,0
2.174,-0.498,0.104,2.959,-0.175,1.142,-0.875,0.229,-2.512,-1.463,-0.347,-0.027,0.313,-0.93,-0.447,0.378,0.621,0.249,1.166,1.038,-0.854,0.698,-1.255,-0.304,1.348,0.444,-1.767,-1.501,-0.549,1.785,1
0.368,1.181,-0.299,-1.591,-0.354,0.79,0.178,-1.121,-1.106,-0.215,-0.851,0.727,-0.168,-0.75,1.689,0.061,-0.823,-0.878,-1.384,0.761,0.958,-0.155,-0.472,0.184,1.029,1.02,-0.888,-0.182,-1.59,2.539,1
1.174,0.286,1.153,-1.329,0.782,1.612,-0.262,-0.578,-0.131,0.069,1.684,0.236,0.056,-1.256,-0.325,1.794,-0.555,-0.138,-0.143,-0.188,-0.825,-1.275,0.705,-0.548,-0.831,-0.541,0.497,-1.198,-1.446,-1.58,1
-0.574,0.584,-0.736,0.434,-0.705,-0.85,0.763,-2.027,0.419,0.441,-0.823,-0.796,-1.618,0.256,2.362,1.436,0.028,0.276,1.886,-0.891,0.896,0.935,0.475,1.62,-0.38,-0.447,0.585,-0.529,-2.232,-0.538,0
0.101,0.118,1.569,0.502,0.16,0.048,-0.515,0.116,-0.444,0.151,0.055,-0.79,-0.38,0.333,-2.801,-0.148,0.052,2.065,0.528,-0.869,1.817,0.286,0.246,1.425,-1.518,0.681,0.807,1.197,0.308,0.731,0
-0.592,0.725,-1.051,-0.527,-1.045,-2.434,-1.18,0.121,-0.662,1.433,-0.503,-0.289,0.003,-0.259,-1.03,-1.186,-1.042,-0.903,1.229,-0.621,-0.243,0.297,-1.6,-1.752,-2.017,0.4,0.866,0.601,0.412,-1.191,1
-0.787,0.314,-0.981,-0.413,0.168,0.206,0.251,-1.462,1.736,0.822,-1.187,-0.968,-0.923,0.845,-0.723,-0.414,1.323,0.505,0.597,2.109,0.59,-1.773,-0.625,-1.604,-0.647,2.327,-0.211,-1.494,-0.852,-0.994,1
-0.617,1.717,1.836,0.917,-0.225,-0.312,-1.078,0.829,-2.825,-0.706,1.866,0.767,0.274,-0.431,0.453,-0.087,-0.125,-0.026,0.817,0.462,-0.352,-0.856,0.306,-0.499,-1.962,-0.067,1.048,0.032,-1.513,-0.304,0
1.9,-0.111,1.159,-0.018,-0.079,-0.25,-1.726,1.072,-0.971,0.329,1.299,-1.486,-0.368,-0.878,-0.145,-1.069,1.036,1.345,0.017,-0.241,0.043,0.637,0.087,0.469,-0.594,-1.591,0.642,1.2,-0.267,1.415,1
0.001,-0.837,-0.831,0.521,1.123,0.153,0.964,-0.516,1.812,0.555,0.823,-0.378,-0.668,-0.853,0.292,1.394,1.321,0.32,-2.046,0.651,-0.031,-0.304,0.55,1.517,-1.391,-0.938,0.491,-0.385,-0.012,-0.487,1
0.835,-1.655,0.15,0.067,0.163,0.293,-0.367,1.294,-0.633,0.364,1.278,0.029,-0.42,1.725,0.413,0.044,1.114,0.356,0.418,0.364,0.754,0.228,0.296,-1.821,-0.127,-0.486,0.745,-1.152,0.801,-1.397,0
0.251,-0.603,0.169,-1.377,0.529,0.06,0.057,-1.548,0.713,-0.729,-0.096,-0.998,-1.689,0.049,0.464,0.041,-1.384,-0.206,0.171,-0.632,-0.276,-1.256,-0.006,0.164,0.296,0.556,0.098,1.409,1.667,1.853,1
1.21,-0.464,-2.154,0.595,-0.601,1.28,-0.927,-0.438,-0.031,0.683,-0.986,-1.19,-0.726,0.394,0.14,0.68,-1.088,-1.131,-1.028,-0.151,0.387,-0.584,-0.137,0.434,0.197,1.016,0.004,-0.375,-1.723,0.275,0
1.145,1.17,1.497,0.014,-0.347,-0.212,-0.594,0.46,0.232,-0.582,0.031,1.002,1.121,-1.239,-0.248,0.333,-2.058,-1.363,0.919,-1.641,-1.01,0.269,-0.074,1.247,-1.469,0.993,0.324,0.438,0.195,-0.059,1
2.652,0.176,0.944,-0.486,1.817,0.094,-2.01,0.184,0.324,-1.209,-0.166,-0.796,-1.926,0.011,-1.502,-0.468,-0.134,1.611,-0.406,0.982,0.516,-1.664,-0.413,0.064,0.995,-2.116,0.597,-0.06,1.175,-0.048,1
2.041,2.58,-0.208,0.422,0.517,1.454,1.127,1.379,-0.015,2.115,0.204,0.346,-1.283,-1.03,-0.538,-0.718,0.529,0.134,-0.907,0.124,-0.773,-0.891,-0.2,0.233,1.563,0.143,-0.659,0.912,1.183,-0.748,1
-1.2,-0.906,0.96,-0.382,-1.045,0.067,-1.21,1.46,0.27,-0.905,0.3,-0.29,-1.008,-2.084,0.358,2.154,-0.428,0.445,2.309,-1.385,-0.14,1.76,1.61,-0.094,1.658,0.506,-0.227,1.175,-0.697,0.157,0
-0.197,-0.29,-2.13,-1.721,-0.22,0.832,-0.232,1.591,1.334,-0.022,1.798,1.645,0.925,-0.89,0.003,0.917,0.493,1.246,2.224,2.486,-0.582,0.833,0.89,-1.052,-0.845,-0.876,1.235,0.701,1.554,1.148,0
-0.079,-0.58,-0.795,1.606,-0.017,-1.651,-0.184,-0.362,-1.329,2.008,0.979,0.433,-0.742,0.076,-0.076,0.691,0.659,-0.668,-0.02,1.207,0.822,-0.688,1.406,0.696,0.79,-0.897,-1.008,-0.247,0.198,0.86,1
0.338,-1.681,-0.143,-0.511,0.097,2.067,0.844,0.053,0.941,1.064,-0.299,0.215,-0.509,-1.385,0.764,1.376,-0.414,-0.097,-1.336,0.922,-1.291,2.147,-1.166,1.22,0.671,-0.602,-0.647,-0.086,0.862,1.779,1
-0.589,0.617,-0.506,1.6,0.183,0.089,-0.496,0.617,-0.407,0.54,0.314,-0.815,-0.548,-0.359,-1.674,0.155,0.099,1.382,0.829,-0.396,0.792,-0.408,0.422,-0.078,-0.382,-0.675,-1.367,0.511,-0.226,-1.513,0
0.475,1.343,-0.167,-0.32,-1.087,-0.344,-1.384,0.671,2.187,-1.52,-0.958,-0.92,-0.297,-2.215,-0.378,0.026,0.453,1.394,-0.674,0.046,-0.383,0.595,0.016,1.521,-1.562,-0.033,0.434,-0.576,0.627,1.352,0
-2.94,-0.878,-0.462,0.325,-0.035,2.261,-0.553,-0.403,-0.361,-1.449,0.297,-1.236,1.507,-0.295,-1.402,2.167,-1.074,-0.527,-0.204,0.004,-1.312,0.833,0.861,0.869,1.926,0.183,-1.27,-1.89,-0.112,0.611,1
2.172,0.014,0.291,0.381,-0.578,0.36,1.971,-1.307,0.401,1.396,0.943,0.364,-0.859,-2.469,2.1,1.139,0.179,0.913,0.686,0.148,-0.189,-0.647,2.217,3.037,1.173,0.136,-0.525,-0.142,0.146,-0.226,0
-0.276,0.594,-0.54,1.783,-2.488,-2.001,0.685,0.356,-2.884,1.299,-1.769,-0.16,-1.447,-0.031,-0.5,0.619,-1.842,1.316,-0.174,-1.465,-0.197,-1.048,-0.2,-1.734,0.783,0.696,0.584,1.087,0.42,-1.284,1
-0.633,-1.249,1.676,-1.397,0.416,-2.399,0.36,-0.732,2.227,-1.34,0.533,-0.636,-0.644,0.811,-0.821,0.931,0.249,0.25,-1.741,-0.331,-1.475,1.274,-0.317,1.25,-0.317,-0.426,0.335,0.538,1.16,-1.121,0
-0.231,1.347,-0.695,-1.095,-0.207,-2.214,1.643,0.376,1.009,-2.008,-0.226,0.497,0.613,-0.546,0.881,-0.276,1.14,-0.039,0.587,0.324,0.608,1.696,0.385,0.264,1.056,0.994,-0.109,-0.178,2.091,0.035,1
0.161,0.498,-1.846,1.976,-0.695,0.16,-0.469,-2.052,-1.396,0.812,0.357,-1.639,3.244,-1.428,0.414,1.493,-1.579,0.514,0.927,1.038,-0.562,0.491,0.401,-1.408,0.911,0.746,0.035,-0.441,-1.628,0.633,0
-1.014,-0.001,0.329,0.175,0.539,-0.754,0.452,1.161,-0.514,-0.203,-0.589,0.87,-1.0,0.284,-0.135,-0.4,-0.44,-0.095,1.466,-1.356,1.091,0.252,0.193,-0.756,1.204,-0.925,0.429,-0.364,-0.568,1.191,1
-0.212,1.068,0.24,-0.717,-1.334,0.801,-0.184,1.407,0.268,-0.146,-1.479,-1.582,-0.189,-0.036,-0.958,-1.418,-0.459,0.196,0.769,-0.322,-0.271,-1.624,0.458,-0.69,-1.084,0.529,0.445,-0.697,-1.695,0.486,1
-0.815,-0.016,0.712,0.812,-1.735,-1.063,-1.141,0.383,0.181,-1.64,-0.483,-0.358,0.915,-0.758,-2.373,1.593,0.405,-1.148,1.812,-1.518,-1.336,-0.67,0.432,-1.191,-0.1,1.884,1.211,-0.045,-0.783,0.274,0
-0.608,-0.279,2.08,-0.956,-1.881,1.253,0.489,-0.118,-0.83,1.275,-0.982,1.295,0.008,1.569,-0.222,0.42,0.747,-0.515,0.467,-0.329,0.302,0.469,-3.324,-1.353,0.617,-2.189,0.174,2.464,0.619,-1.362,0
1.243,1.33,0.92,0.087,-1.702,-1.408,1.907,1.375,0.428,-0.191,0.737,2.03,2.993,0.835,0.091,0.754,1.221,0.144,0.328,0.597,0.912,-0.072,-0.855,-0.884,-0.436,0.579,2.049,0.331,1.291,1.043,0
-1.552,-0.727,0.159,0.161,0.216,0.437,-0.653,1.952,0.627,0.856,-0.377,-1.671,-1.038,-1.437,-1.167,0.61,-1.935,0.402,0.072,0.053,-0.471,-0.611,0.041,1.177,-0.342,1.53,0.197,1.562,-1.766,-0.247,0
1.17,-0.548,-1.36,-0.935,-0.567,-0.077,0.815,-2.044,0.234,0.332,0.857,-2.009,-0.585,0.794,1.042,0.078,0.173,0.02,1.53,0.558,-0.869,-0.84,-1.311,-1.005,-1.034,-0.893,-1.056,-1.776,2.139,-0.899,1
0.797,0.364,-0.887,-0.707,-0.329,-0.756,1.658,-1.08,0.941,0.041,-0.069,-1.008,0.319,1.26,0.403,-1.42,0.787,-0.583,-1.001,-1.556,-0.229,-0.179,-1.169,0.634,0.172,-1.38,0.423,-2.213,-0.537,-0.525,0
-0.02,-0.962,-0.874,-1.011,-1.507,-1.511,0.107,-1.787,-0.568,1.269,-0.534,-1.323,-0.753,0.334,1.031,1.056,-0.793,-1.147,-0.029,0.704,1.521,-0.299,-0.6,-0.4,-1.332,-1.114,-0.682,-2.987,-0.119,0.802,0
-0.317,-0.566,-1.176,0.361,-0.389,-0.544,-0.499,-0.724,-0.907,-0.717,-2.578,0.697,-1.433,-1.555,-0.403,-1.277,-0.967,0.398,0.644,0.101,-1.057,-1.336,-0.176,-0.687,0.344,-1.878,0.239,2.072,1.335,-0.063,1
-0.011,1.902,0.4,-0.032,1.31,-0.308,-0.457,-0.811,0.839,0.298,0.695,0.398,0.445,-0.304,-0.669,1.519,0.116,-1.994,-1.347,-0.204,-1.41,-0.46,-1.264,-0.282,0.578,-0.051,0.729,-0.698,1.092,1.899,1
-0.688,1.732,0.108,0.94,0.713,-0.09,-0.612,-0.216,-1.222,2.018,0.036,-0.005,-0.426,0.177,-0.4,0.1,-0.018,-0.811,-1.08,-0.017,0.275,-0.642,-0.415,1.102,-0.606,0.395,-0.175,-0.055,0.172,2.055,1
1.803,-0.696,0.537,-0.867,0.37,-0.435,0.267,0.609,-1.238,-0.965,0.269,0.345,1.028,0.73,-1.151,-1.361,0.026,0.387,1.509,-1.002,0.889,0.793,-0.222,0.76,-0.333,-0.718,-0.747,1.233,0.915,-0.78,0
2.082,1.03,-0.399,0.831,0.442,0.83,1.784,-0.793,-0.991,0.85,0.657,-0.393,-0.866,0.185,0.778,0.539,-1.109,-0.024,0.847,-0.867,1.689,-1.365,-1.071,-0.419,1.464,-1.781,0.026,-0.855,0.217,0.762,1
0.855,0.766,-0.089,0.077,0.387,-0.277,-0.657,1.9,-1.249,-0.442,-0.424,1.703,0.356,-2.004,0.212,-0.562,0.099,1.005,1.239,0.628,1.108,0.928,-1.712,2.338,1.821,0.04,-1.142,0.225,1.255,-1.47,1
0.886,0.056,0.413,1.095,0.265,2.134,-0.125,0.243,0.394,1.545,1.453,-2.691,-1.339,-2.168,0.626,-0.042,-1.788,0.208,0.356,0.289,-0.803,0.759,-1.638,1.11,-0.159,-0.851,1.562,0.244,2.127,0.755,1
1.37,0.692,0.251,-0.306,1.224,0.97,1.647,0.317,-2.329,-0.272,-1.662,-0.296,0.09,-1.052,0.306,-0.237,-0.687,-1.454,0.339,-0.061,-0.107,0.098,0.304,1.118,0.73,-1.431,-0.098,1.166,0.236,0.985,0
-0.82,1.211,-0.238,-0.59,-1.432,-0.832,-1.186,-0.654,-0.348,0.42,-0.051,-1.083,0.46,0.52,2.217,-1.821,-1.039,2.051,0.798,1.144,0.563,0.259,-0.15,-1.268,0.039,1.299,-1.634,-1.225,-0.016,-0.448,0
-0.495,0.659,0.058,-1.874,-1.768,-0.367,1.108,-1.295,1.053,-0.244,0.349,-0.411,-0.317,-0.168,1.558,0.182,-0.895,0.451,-0.134,-0.497,0.865,0.205,0.679,0.179,0.164,-1.393,1.553,1.318,0.273,-1.039,1
1.49,-0.489,0.578,0.156,-1.502,0.784,1.699,-1.479,1.196,0.698,0.567,0.075,-1.565,-2.441,0.536,-0.914,-0.279,0.94,-1.449,0.192,-0.238,-0.625,-0.482,1.237,-0.625,-0.799,-0.812,-0.702,0.092,1.125,1
-0.425,0.528,-0.203,0.036,0.953,-0.854,0.595,0.938,1.298,0.956,0.56,-1.527,-1.261,0.049,0.96,0.725,0.851,-0.083,0.445,1.653,-0.404,0.479,1.215,-0.488,-0.065,-0.476,-0.209,0.014,-1.681,-1.829,1
0.32,1.831,-0.133,-2.914,-0.18,-0.717,1.378,0.631,-0.213,-0.329,-0.918,1.054,1.133,0.891,-0.72,0.401,0.226,0.943,0.037,0.759,-1.185,-1.574,-0.349,0.468,0.454,-0.046,0.353,0.548,0.203,-1.171,1
-1.083,-0.024,1.548,-0.75,-0.311,-1.912,-0.956,-1.408,2.287,1.475,-1.48,-0.217,-0.518,-0.485,-1.562,0.141,0.772,1.865,-1.023,1.11,0.294,-0.407,-1.92,-0.561,0.841,-1.071,0.409,-2.014,-1.09,-0.181,1
0.541,0.373,-0.056,0.152,1.133,0.763,0.953,0.879,0.76,-1.738,0.541,-0.19,0.95,-1.299,-0.762,-1.072,0.331,0.028,-1.143,-1.244,0.921,1.275,-0.915,0.304,0.241,-0.183,0.72,0.943,0.576,-0.41,0
-0.25,0.323,0.636,1.113,0.403,-1.369,0.589,-1.255,0.404,1.222,0.071,1.238,-0.625,1.014,-0.818,-0.187,0.594,-0.305,0.276,0.756,1.116,-0.507,0.142,-0.879,-0.994,-0.967,1.016,-0.088,1.211,0.803,1
0.416,-0.926,0.566,0.506,-0.465,-0.597,-1.548,-1.09,-1.216,-0.281,0.88,0.029,0.545,-0.473,0.326,1.335,-0.711,0.456,0.024,0.696,-0.571,-0.308,0.219,1.583,1.632,-0.122,1.424,0.347,-1.113,-1.549,0
0.371,-0.083,0.998,1.734,1.379,1.57,-1.377,-0.643,-0.117,-1.126,-0.045,0.287,-0.268,-0.529,0.118,0.357,-1.795,1.308,-2.261,-0.902,0.571,1.84,0.523,1.037,-1.797,-0.14,-1.305,0.299,-1.096,-1.193,0
-0.769,0.044,-0.998,1.319,-0.348,-1.401,-0.301,-0.875,-0.368,-1.606,-2.617,-0.768,-0.695,1.768,0.705,3.164,-0.774,-0.497,-2.34,-0.618,0.075,-2.114,1.259,0.294,-0.106,1.027,1.151,0.529,-0.039,-0.075,0
-0.777,-0.028,0.123,0.532,-0.005,-0.102,0.743,-0.649,1.179,0.678,0.457,-0.981,-1.861,1.681,0.72,-1.587,0.605,2.04,-0.715,-0.672,0.263,-0.615,0.577,-0.461,0.603,1.79,0.168,-0.27,-0.459,1.068,1
-0.375,-1.092,-0.873,0.316,2.105,2.192,1.189,0.93,0.238,0.642,-0.409,0.598,1.46,0.066,0.869,-0.649,-1.264,0.274,-0.598,0.333,1.035,1.306,-3.316,1.592,-0.341,-0.211,1.271,0.401,0.285,-0.821,1
-0.095,0.404,-2.2,0.688,1.546,-0.974,-0.653,0.488,0.725,0.48,-0.651,-0.044,-0.872,1.023,1.144,-1.839,-0.579,-0.045,-0.349,1.076,1.12,0.646,0.264,-1.269,-1.539,-1.375,0.321,-0.382,1.129,-0.708,1
-2.246,0.416,-2.415,1.039,0.235,-2.145,-0.008,-1.417,0.751,0.258,0.548,-0.106,-1.591,-2.101,-0.827,0.461,0.132,-0.919,-0.321,0.675,-0.746,-1.025,0.046,0.048,0.795,0.147,-2.268,-0.039,1.07,-0.412,0
-0.82,-0.209,-0.254,0.338,0.658,0.369,0.368,1.263,-0.327,0.197,0.321,0.747,-1.372,-0.019,-1.0,0.5,0.835,0.824,2.356,0.583,-0.879,0.249,-0.1,-0.076,0.663,-1.17,-1.431,-0.659,1.302,-0.408,1
-0.541,-1.839,0.638,0.894,-1.574,1.536,0.799,-0.372,-0.445,-0.302,-0.747,0.428,-1.42,0.272,-0.027,-0.226,-1.02,-1.084,-1.783,1.574,-0.611,-0.1,-0.457,-0.348,0.796,-0.647,-1.464,0.356,-0.058,0.745,1
0.186,0.114,0.488,0.636,-0.534,0.821,1.406,-0.375,0.837,-1.543,-0.621,-0.521,-0.745,0.061,-0.827,0.048,-0.514,0.988,0.578,-0.982,0.054,0.091,-0.347,-0.499,0.931,1.15,0.049,0.377,-0.077,0.123,0
-0.053,0.687,-0.123,-0.61,0.914,-0.291,1.063,-0.88,-0.188,-1.718,1.984,1.933,0.415,1.013,-0.119,-0.561,0.195,0.029,-2.229,-0.798,-0.252,-0.995,0.089,-0.487,-1.175,-1.319,1.162,0.482,1.084,0.481,0
-0.666,0.955,0.251,-0.285,-0.225,0.429,0.617,-0.021,0.431,-2.383,-0.568,0.384,-0.579,-2.422,-0.153,-2.002,-0.464,-0.308,-1.672,1.384,1.675,-0.255,0.781,0.114,-0.397,1.256,0.033,0.761,-0.587,-0.402,0
0.16,-0.933,1.165,-0.167,-1.586,-0.822,-1.154,0.229,-0.448,0.078,-0.14,-1.747,0.44,-0.694,-0.22,0.745,-1.576,-0.97,0.743,-0.115,1.655,0.991,-1.315,1.208,1.527,0.727,2.188,-0.444,-1.088,0.949,0
-1.596,-0.857,-0.689,1.425,-0.304,-0.419,-1.141,-1.362,0.759,-1.721,0.142,-0.431,-0.997,0.088,0.344,0.791,0.573,-0.581,-0.133,0.681,-1.448,0.775,-0.74,-0.214,-0.298,0.857,1.066,-0.326,0.159,1.169,0
0.204,-0.373,-1.785,-1.057,1.07,-0.839,0.105,0.098,-0.871,-0.594,0.483,-0.139,-0.464,0.087,2.148,0.004,-2.058,0.292,-0.149,-2.593,-0.35,-1.532,-0.374,-0.713,1.134,-0.515,0.424,0.049,0.305,0.202,1
-1.963,-0.748,1.817,1.118,-0.137,-0.226,-0.965,-0.44,-1.251,-0.182,-0.882,0.568,0.559,-1.542,1.58,-0.381,-0.35,-0.22,0.737,0.801,-1.026,1.708,1.04,-0.547,-2.442,-1.552,-0.977,-0.794,-0.766,2.117,1
0.276,1.534,1.675,-0.426,-0.124,0.612,-0.822,0.462,-0.133,-0.746,-0.038,-0.581,-0.103,-0.44,-0.428,-1.385,1.12,0.737,0.276,0.672,-3.409,-0.418,0.033,1.461,0.151,0.673,0.132,-1.698,1.139,-2.614,0
0.232,0.969,0.974,0.888,-0.421,-1.117,-0.056,0.628,0.979,-0.472,-2.385,0.222,-0.238,0.865,1.537,0.153,1.544,-0.965,-0.002,-0.924,2.248,0.604,-0.825,0.148,0.592,-1.962,-0.151,0.802,-1.283,-0.208,1
0.091,-0.715,-0.381,-1.247,1.806,2.002,0.752,0.332,1.227,0.411,-0.927,0.972,0.87,0.1,-0.911,1.757,-0.872,-0.732,-1.116,0.724,-0.104,1.462,0.218,-0.157,-1.513,-2.819,-2.11,-0.419,1.457,-1.191,0
-0.725,-1.888,-1.744,-0.664,0.173,-0.308,-0.247,-0.077,1.559,-1.418,0.007,-0.79,0.03,-1.191,1.045,-1.291,-0.18,2.538,0.741,0.317,0.656,-0.33,-1.286,-1.104,-0.065,0.298,-0.269,0.258,-0.674,-0.711,0
0.394,0.403,-0.792,0.133,-2.056,-0.015,-0.013,-1.544,-0.331,-0.194,-0.546,-1.04,0.829,-0.747,0.588,-0.475,-0.037,0.144,1.747,-0.772,0.434,0.903,-0.05,2.325,0.674,0.335,-2.062,0.177,0.69,1.487,1
1.441,1.256,-1.541,-1.788,0.074,0.717,-0.017,0.815,-0.235,-0.173,0.113,3.032,0.416,0.445,0.284,1.862,-0.08,0.829,1.401,-0.131,0.517,-0.782,-0.543,-0.68,-0.944,1.831,0.35,-1.638,0.697,-0.877,1
-1.924,-0.639,4.015,-1.202,1.271,0.688,-1.729,-1.28,-0.301,0.698,0.633,-0.358,1.714,0.924,-0.154,-0.047,-0.555,-0.67,-1.423,-1.051,-0.037,0.083,1.043,0.259,0.237,-0.43,2.097,-0.545,0.873,1.22,1
-1.014,1.263,1.485,-0.259,0.47,-1.347,-0.838,2.371,1.839,-0.622,0.519,0.039,1.763,-1.974,0.445,0.078,-0.557,-0.343,-0.441,-0.09,-1.298,-1.826,0.888,-1.14,-1.403,0.093,-0.341,-0.217,-0.402,-0.253,1
-0.08,-0.25,0.809,0.616,0.493,-0.54,0.123,-1.078,0.473,1.204,-0.629,0.321,-0.026,-0.517,-0.679,0.463,-0.672,-0.242,-0.059,0.928,0.234,-1.261,0.454,0.132,-0.988,0.509,-0.4,0.019,0.471,-1.504,0
0.771,-0.447,-0.014,-0.233,0.319,0.873,-0.521,1.207,-1.662,0.386,-0.66,-1.661,0.161,-0.764,0.512,-1.53,-0.035,-1.184,-0.385,0.027,1.66,-1.148,0.74,-0.181,0.037,1.112,-0.1,-1.181,0.515,-0.179,0
-0.695,-0.809,0.475,0.768,0.829,0.829,0.145,2.299,-0.582,-2.611,0.565,0.003,-1.017,0.25,-0.805,-0.363,0.27,1.469,-1.257,-1.069,-0.158,-0.324,-2.113,-1.397,0.352,-0.921,-1.321,0.277,-0.234,-0.327,1
1.415,-0.003,0.531,-2.122,1.51,-0.253,0.657,1.008,-0.715,-0.463,-0.035,0.177,-0.805,-0.985,-1.334,0.678,-0.421,-1.388,0.378,0.834,2.119,0.571,-0.06,-0.808,1.7,-1.317,-0.189,1.291,0.177,-0.899,1
0.034,-0.168,0.651,0.577,1.487,0.081,0.894,0.78,0.465,1.622,-1.55,-0.374,0.16,-0.387,-0.493,-0.095,-0.731,0.414,-0.16,0.849,1.085,-1.003,0.113,0.168,0.768,-1.838,1.427,0.851,0.13,0.679,1
0.125,0.771,1.278,-0.582,-0.781,0.664,0.262,-0.12,-0.309,0.832,-0.471,-0.411,-0.96,0.573,-1.784,0.182,1.371,0.257,0.03,-1.897,0.275,0.996,-0.521,-0.214,-0.265,-1.317,-0.993,-0.254,1.188,-0.139,1
1.228,-0.367,-1.324,0.38,0.431,-0.715,-1.322,-0.56,0.618,-1.347,-0.348,-0.581,-0.506,1.318,0.561,0.507,-0.457,-0.517,-1.676,0.152,2.312,-0.77,0.566,1.277,-1.384,-0.196,-0.146,-0.101,2.033,-0.138,1
0.005,0.397,-0.459,1.09,-0.793,0.328,-0.658,0.109,-0.462,0.646,-1.7,-1.164,-0.906,-1.159,0.714,-1.457,0.239,-0.156,-1.533,-1.119,-1.524,0.482,-0.054,0.501,0.529,-0.836,-0.213,-1.128,0.111,1.687,1
-0.012,0.869,-0.476,-0.44,0.929,0.732,-1.227,-1.161,1.335,-1.208,-2.3,-0.026,0.415,-1.874,-0.26,-0.858,-1.314,0.856,-0.525,0.928,-0.119,-0.763,-0.52,1.696,-1.202,-0.16,-0.258,0.986,-0.259,0.308,0
-0.058,-0.928,-1.211,-0.522,0.666,-0.295,-1.552,0.13,-0.797,0.397,0.725,-0.878,-0.807,-1.536,-1.222,0.421,-0.584,-1.913,-0.436,0.546,-0.324,-1.306,-0.831,-0.533,-0.625,-1.608,-1.263,0.292,-0.222,-0.216,0
-0.271,0.939,-0.31,0.726,-0.387,-0.552,0.234,0.161,-0.183,0.277,0.139,1.461,-0.343,-0.24,-0.14,0.02,-0.576,1.355,0.599,0.092,0.794,1.044,-0.375,-1.863,0.832,0.423,-0.744,0.174,-0.37,-0.768,0
1.184,-0.521,-0.33,-0.238,0.015,-0.425,-0.808,-0.807,1.492,2.169,-0.267,0.479,0.326,0.416,-2.087,0.164,-1.391,1.027,0.891,-0.589,-0.438,-0.243,0.628,0.343,-0.582,0.269,-0.295,-0.224,0.086,0.141,0
-1.393,-1.15,-0.367,-1.393,1.23,-0.745,0.363,0.017,-1.95,-0.257,3.035,1.809,0.75,0.811,-0.516,-0.98,-0.099,-0.064,-0.325,0.725,-0.414,-0.124,-1.058,-0.29,1.199,0.884,-1.601,0.126,-0.51,-0.019,1
1.821,-0.245,-0.343,2.71,0.432,-1.944,-1.307,0.895,-1.407,-2.794,-0.152,-0.523,-0.494,0.047,0.569,-1.948,-1.335,1.293,-0.336,0.776,-0.379,0.528,-1.354,-2.116,1.342,1.572,0.341,1.713,0.117,0.516,1
-1.396,0.321,-1.005,0.8,-0.004,1.552,1.16,0.013,-0.338,-1.199,0.504,-0.913,1.336,-0.41,-0.433,0.868,-1.385,0.241,0.211,-1.17,0.673,-1.177,0.529,-0.85,-0.062,-0.493,-1.043,0.117,1.12,-0.9,1
0.155,-0.753,0.149,-0.813,-0.784,-0.8,0.203,-0.082,-0.191,-0.846,-1.346,0.227,-0.409,-0.479,0.484,-0.467,-1.453,1.618,-0.419,-0.668,-0.942,-0.335,0.328,1.041,-1.079,0.69,-1.574,0.25,-0.353,-0.749,1
0.065,-1.367,1.585,-0.121,0.092,0.008,0.711,-0.904,-1.623,0.961,0.006,0.699,0.899,1.262,-1.328,0.839,0.647,-0.384,0.468,-0.175,2.368,-0.494,2.957,-0.164,0.613,-0.511,0.85,-0.969,-0.201,-1.047,0
-0.437,-0.014,-0.302,-0.115,0.883,0.95,2.436,1.296,0.215,-2.875,1.304,-0.129,-0.464,-0.1,1.255,-0.098,-0.75,-1.507,0.043,-0.306,-0.649,0.521,-0.172,-0.666,1.441,-0.274,-1.619,0.64,-0.076,2.103,0
-0.124,0.987,-0.23,-0.632,0.311,-0.389,-1.464,-0.356,1.505,0.413,-0.057,-0.18,0.028,-1.966,-0.007,-0.981,1.763,0.496,-0.289,0.348,-1.756,-0.317,-0.448,0.984,0.492,0.422,-0.088,-0.006,-0.717,-0.039,0
-1.725,-0.695,-0.266,-1.151,0.088,0.645,0.219,0.144,-1.387,-1.583,-0.948,1.171,-0.315,0.578,1.192,0.483,-0.118,0.133,-0.957,-0.518,1.069,1.323,-0.947,-0.693,-0.76,0.897,-2.313,0.63,-0.411,-1.265,0
0.316,-0.529,0.089,-0.527,-0.46,0.52,1.061,-1.394,1.328,1.103,-0.649,-0.44,1.841,-1.157,-0.062,-0.594,0.469,-0.602,-0.56,0.415,1.455,-2.1,0.076,0.779,0.522,0.949,0.183,-0.744,-0.524,0.873,0
0.472,1.581,0.209,-0.525,-0.028,-0.174,-1.672,0.35,-0.772,0.061,0.186,-0.895,-0.66,-1.084,-0.809,-0.761,1.698,0.08,0.948,-0.72,0.345,-1.098,0.923,0.676,-0.63,0.637,1.511,-0.743,-1.316,0.821,0
1.207,-0.176,0.556,0.038,0.379,0.969,-0.779,0.868,-0.699,-1.949,-1.35,0.606,-0.085,0.319,1.42,-0.832,-1.182,0.734,0.146,-0.029,-1.848,0.102,-2.155,-1.2,0.829,-0.659,-0.457,1.383,-0.241,-1.272,0
-0.439,-1.706,0.847,-1.589,-0.134,-0.624,1.125,0.066,0.059,0.836,0.712,-0.006,-0.181,0.2,0.499,-0.823,-0.814,-0.561,0.64,-0.972,-0.364,2.103,-1.746,-1.201,-1.121,-0.574,1.908,0.848,0.388,0.62,1
1.078,-0.313,-0.902,-1.387,-0.813,-0.192,0.272,0.465,1.127,-0.685,0.989,-1.479,1.939,-1.066,2.444,0.124,-0.972,0.187,-0.266,0.165,0.058,0.392,-0.283,0.923,-1.235,0.25,2.073,-1.622,0.623,-2.183,1
0.136,-0.306,0.377,1.326,0.393,-0.619,-0.522,1.607,-2.164,-0.282,-0.486,0.311,-3.869,1.799,-0.2,-1.359,0.15,0.986,1.129,-0.941,0.515,1.876,-0.402,-1.108,-0.589,0.78,0.78,-0.864,0.328,0.65,0
2.063,1.999,-0.57,-0.447,-0.212,0.868,-0.577,0.08,-2.38,-0.705,-1.097,1.907,-1.56,0.088,1.519,-0.532,0.872,-0.077,-1.126,0.896,-0.456,1.672,-0.825,0.948,-0.397,0.8,-0.488,-0.4,0.963,1.728,0
-0.878,0.364,0.611,1.755,0.468,-0.597,-1.139,0.196,-0.647,0.829,0.009,1.095,0.071,0.965,3.875,0.112,-1.223,2.587,-0.547,-0.104,0.367,-0.332,-1.104,0.663,0.356,1.319,0.026,-1.266,0.714,-2.127,1
-0.651,1.347,-0.06,0.272,0.317,-1.418,-0.162,-1.378,-0.772,-0.937,1.266,0.261,-0.104,0.873,-2.43,1.593,-0.188,1.12,-0.531,1.6,-0.475,-0.523,0.74,2.204,2.193,-0.072,1.038,-1.257,-1.039,-1.837,1
0.943,-0.883,0.277,-0.824,0.964,1.137,-0.761,-0.644,0.378,-0.073,-1.674,0.289,-2.57,2.009,-0.733,0.012,0.208,-2.278,-1.281,1.819,-1.275,-1.517,-0.827,0.325,-1.279,0.763,1.267,0.213,-0.592,-1.446,0
1.725,-1.52,-0.033,-0.704,0.876,-0.138,-0.977,-1.991,0.299,0.005,2.722,-0.902,0.427,0.399,0.62,-0.939,-2.585,-0.473,0.968,-1.116,-0.432,-0.415,-0.166,0.903,0.148,0.647,-1.379,-0.214,-0.149,-1.313,0
2.116,-0.264,-0.76,-0.98,0.302,1.422,-0.901,0.71,-0.998,0.721,-1.293,0.014,-0.667,0.55,0.138,1.401,-0.994,-0.78,2.013,1.892,0.502,1.732,0.387,-0.392,-0.642,-0.467,0.022,-0.034,0.124,0.402,0
-0.931,0.565,1.971,1.543,-1.181,-0.493,1.825,-0.667,-0.549,0.09,-0.413,-1.812,-0.656,-0.586,-1.284,1.234,0.077,1.082,0.688,-0.567,0.646,-2.126,0.475,0.377,0.487,0.074,1.171,0.144,-0.749,1.043,1
0.304,-0.786,-0.059,0.851,0.952,-1.12,1.424,-0.82,-0.108,0.723,0.375,-0.741,-1.273,-0.604,-0.365,-1.664,-0.736,0.715,-0.472,-2.427,1.221,-2.074,0.938,0.167,1.347,0.495,1.932,0.013,0.302,0.14,1
1.514,-0.53,-1.454,-0.907,0.712,-0.277,1.432,-0.641,1.211,0.146,-1.117,-2.109,-1.233,-1.386,0.562,-1.322,-0.467,-0.861,0.204,1.23,-0.537,0.759,0.179,0.5,1.58,0.56,-0.62,-0.636,0.734,1.312,1
0.53,0.556,-1.212,-1.976,0.096,-0.161,-0.363,-0.759,0.067,-2.507,-0.359,-1.973,-0.841,0.493,-0.538,-2.372,0.522,-2.772,-0.673,1.455,-0.451,-1.392,-2.206,0.676,0.361,1.369,0.899,0.18,-1.406,-1.538,0
0.203,1.305,-0.683,-1.116,0.382,1.494,0.146,-0.145,-3.021,-0.309,1.195,0.18,-0.298,1.458,-0.566,-0.338,0.177,0.366,-0.4,0.274,-0.431,-0.286,0.643,0.159,-0.17,0.469,-1.566,0.528,1.033,0.44,1
0.545,-0.144,-0.344,-0.947,-1.03,0.271,-0.451,-0.897,-0.574,0.814,-0.229,0.279,-0.609,-0.472,-0.619,-0.521,0.713,0.109,-0.206,0.661,-1.166,0.024,1.339,-1.307,-0.57,0.986,-0.936,-0.503,-0.767,0.889,1
0.807,-1.26,-0.068,-0.056,-0.008,1.317,-1.084,0.13,-0.441,0.008,0.13,0.027,-0.236,-0.215,0.957,0.202,-1.165,2.178,0.526,0.139,0.494,-1.302,0.386,-0.621,0.707,1.484,-0.388,-0.728,0.156,-0.605,1
-1.292,-1.345,1.239,0.999,-0.998,-1.345,0.205,-0.107,0.686,2.147,0.051,-1.24,0.662,-0.717,-0.104,-0.232,0.768,0.842,-0.382,-0.449,3.492,1.656,1.306,0.069,0.466,-0.394,0.153,0.983,-0.583,0.079,0
-1.069,-0.979,0.91,0.367,0.356,0.805,0.309,-0.305,1.289,-1.831,0.411,-0.111,1.581,1.265,-0.928,-1.545,1.46,1.586,0.391,-0.923,-1.581,-0.086,-0.344,0.111,-1.617,-0.764,1.451,0.305,-2.021,2.298,0
-0.692,-0.45,0.275,1.803,0.47,-0.665,-0.22,0.128,0.974,0.454,0.198,1.198,-0.416,-1.637,0.977,0.582,0.485,-0.658,-0.525,-0.69,0.375,0.171,1.337,2.083,-0.729,-0.094,2.302,-0.983,0.01,-0.343,1
-0.827,-0.957,0.033,-0.581,0.749,0.834,0.731,-0.577,-0.337,0.013,-2.253,0.22,-0.509,-1.211,1.249,-1.153,-0.794,-0.648,-0.623,-1.628,0.547,1.288,-1.775,-0.591,1.762,-0.475,-0.706,-1.414,-0.289,-0.458,1
1.391,0.451,-1.053,0.521,-0.596,-0.202,1.356,0.648,1.742,1.124,0.252,-0.445,0.047,-0.917,-0.344,-0.062,0.73,0.356,-0.002,-0.902,-0.36,1.46,1.902,-0.184,1.913,-1.538,-1.252,0.151,-0.124,0.428,1
-2.079,1.096,0.358,0.663,0.193,0.974,0.735,-1.381,-1.294,-0.898,-1.355,2.637,2.858,-0.688,1.778,0.304,0.451,-0.243,-0.557,0.313,0.339,-1.212,-0.934,-0.326,-0.963,0.352,0.834,-0.109,1.18,-0.337,0
-0.513,0.052,1.675,-1.01,-0.692,-0.873,1.383,-0.226,-1.326,-1.466,1.008,2.684,0.109,0.395,0.084,-0.481,-1.889,-1.944,0.905,0.453,-0.504,0.398,0.814,-0.557,-0.519,0.236,1.905,0.772,0.85,0.024,1
0.623,-0.982,1.869,-0.626,1.171,0.46,0.989,0.561,0.431,-0.369,1.637,1.055,0.34,1.19,-0.845,0.494,-0.603,-0.545,0.723,1.275,-0.346,-1.244,0.249,-0.067,-0.446,1.756,0.539,-0.863,0.132,0.387,1
0.819,-1.435,-0.897,2.315,1.455,-0.118,1.264,2.86,-1.087,0.075,-0.208,-0.115,0.051,0.079,-0.358,0.192,-1.341,0.025,-0.553,0.504,1.289,0.687,2.09,0.081,-0.435,-0.095,-0.036,-0.506,-0.219,0.833,0
-0.73,-0.029,0.78,-0.168,0.41,0.159,-1.564,1.122,1.698,0.836,0.21,-1.285,1.235,0.804,-1.131,1.586,0.198,0.61,0.18,-0.722,0.568,0.653,-2.044,-0.363,1.312,-1.506,1.592,-0.133,-1.318,-0.315,1
-0.207,0.973,0.399,-0.203,-0.427,-0.99,1.281,0.994,0.517,0.879,-0.044,0.25,-1.213,1.247,-1.518,0.276,-0.343,0.244,0.176,0.662,-0.157,0.156,1.003,-0.501,-1.033,-0.104,-1.184,-2.854,-0.615,-0.748,0
0.469,-0.19,-2.403,-0.773,-0.894,-0.376,1.373,-0.612,-1.095,-0.454,0.353,-0.818,1.556,0.49,-0.94,1.485,1.111,-0.6,0.147,-0.829,-0.756,-0.492,-0.147,0.609,-0.646,0.475,0.441,0.694,0.701,-1.388,1
0.65,0.331,1.293,-0.583,0.139,-0.146,0.413,-0.227,-0.298,-0.009,0.088,0.488,2.749,-0.22,0.827,-1.566,-0.747,0.086,0.689,-1.394,-1.404,-0.265,-0.068,2.75,1.65,0.631,0.434,-0.92,-0.109,1.121,0
-0.559,0.951,-1.997,0.929,1.117,-1.775,0.079,1.25,0.076,-0.28,2.041,-0.614,1.51,1.281,1.06,-1.616,1.093,0.275,0.391,-1.233,-1.354,0.266,-0.031,0.996,0.159,0.111,0.046,0.953,0.082,-0.811,1
-0.184,0.579,-1.033,-2.215,0.575,-0.152,-1.158,-0.904,-0.878,-0.952,0.6,-0.59,1.296,-0.106,0.366,-0.411,0.671,-0.222,0.107,0.065,-0.986,0.658,-1.85,0.699,-1.148,0.359,-0.025,0.695,0.225,1.047,0
0.789,-0.61,0.176,0.512,-1.292,0.059,-0.242,-1.093,-0.286,0.585,0.15,-3.148,-0.205,0.203,0.815,0.677,-0.98,0.322,-1.248,-1.123,-1.619,0.319,1.673,-0.034,1.537,-0.295,-0.745,-0.561,-1.806,0.964,0
0.292,-1.173,-0.269,-0.917,0.479,-0.384,0.679,-1.083,-0.472,-1.142,-1.047,0.964,1.011,-0.275,-0.721,-1.477,0.796,-1.732,-0.436,0.628,-0.688,0.146,-0.315,0.579,0.126,0.58,-0.757,0.343,1.008,0.491,1
-2.723,1.062,-0.326,0.603,-0.089,-1.709,-0.19,2.351,2.98,-1.461,0.356,1.439,0.471,-1.554,1.542,1.084,0.494,0.165,1.545,0.072,3.003,1.229,1.017,-0.018,-0.122,-0.612,1.225,-0.194,1.5,0.827,0
-0.89,0.379,1.124,0.33,2.097,1.794,0.885,0.894,0.624,0.381,0.614,-1.37,-1.678,0.453,-0.864,-0.141,0.731,0.508,1.23,0.251,0.366,0.042,-0.784,0.193,-1.041,0.027,-1.352,-0.452,0.405,0.008,1
-0.928,-0.764,-0.289,0.369,0.49,-1.157,-1.345,-0.854,0.999,0.662,0.091,-0.52,-0.119,0.774,1.619,-0.957,-0.202,-1.637,0.761,-1.483,0.922,-0.434,0.155,-0.376,-0.785,0.25,-1.922,-0.767,-2.103,0.295,0
-1.033,0.465,0.639,-0.815,-1.632,0.888,0.984,0.759,1.938,0.74,0.034,0.238,0.417,-0.234,1.74,-0.135,-0.695,0.96,0.078,-1.117,-0.462,-0.93,0.579,-0.87,-0.325,-0.06,-0.462,-1.85,1.685,0.587,1
-0.813,0.772,0.041,0.071,0.088,-0.692,0.943,0.097,-0.199,-1.369,-0.49,-1.249,0.831,0.547,-1.079,-1.092,0.747,2.046,1.271,-1.15,0.529,-0.054,0.079,0.744,-0.771,-0.928,0.243,1.725,-0.796,-0.374,1
-1.388,0.008,0.427,0.496,1.276,1.577,-1.717,-1.735,-0.974,0.222,-1.15,-1.724,-0.061,1.021,0.288,0.048,0.491,0.46,1.089,1.301,-0.571,-0.292,-1.09,1.887,1.293,1.296,0.005,-3.322,-0.443,0.017,0
0.886,-0.518,1.647,-0.552,-1.654,0.706,1.479,-0.636,-1.295,0.46,1.129,1.104,1.248,0.011,-1.146,0.304,-0.478,-1.226,0.199,-0.939,3.143,-0.432,-0.464,-0.908,-0.851,1.415,0.355,0.446,0.508,-1.248,0
-0.971,0.371,0.825,0.906,0.048,0.425,0.844,-0.616,-1.283,0.784,0.773,1.003,-0.344,-2.661,1.18,0.565,-1.086,0.538,0.982,0.126,0.087,1.462,0.206,0.982,1.106,0.751,1.397,-0.684,0.672,-0.217,0
1.761,0.38,0.279,-1.038,-0.116,-1.15,-1.129,-1.336,-0.481,-1.808,0.701,-0.579,0.606,-0.316,-0.161,-0.712,0.418,0.589,-0.558,-1.017,-0.342,-0.232,0.342,0.559,0.093,0.235,0.301,0.274,2.714,0.208,0
-0.515,-0.191,-0.888,0.151,0.93,1.071,0.255,-1.868,0.301,0.326,-0.967,-2.023,-1.515,0.152,1.427,-1.536,0.94,0.088,-0.255,-1.659,-0.517,0.424,-0.721,1.121,2.385,-0.324,0.16,0.544,0.118,-0.034,0
-0.293,0.587,1.902,0.121,1.413,-0.489,-0.468,-0.361,1.269,-0.126,-0.299,-1.107,0.135,0.295,-0.232,-0.758,0.929,-1.074,0.158,-0.749,-1.718,-0.554,0.885,-1.548,-1.191,2.864,-0.463,0.579,0.854,0.134,0
3.312,-0.003,-0.899,-0.806,-0.569,-0.531,-0.322,1.099,-0.428,-1.053,1.905,-0.285,0.835,0.538,-0.84,-0.281,0.52,0.399,-0.546,-1.464,-0.624,-0.668,-1.008,0.114,-0.067,0.64,-0.652,-1.527,0.622,-0.959,1
-0.384,-1.415,-0.244,-1.602,0.547,-0.252,-0.104,-0.081,0.236,2.285,-2.864,0.185,-0.413,1.173,0.123,-0.566,0.756,0.044,-0.443,-1.203,-1.462,1.164,-0.559,-0.63,-0.186,0.621,-0.657,-0.388,0.641,0.185,1
1.029,1.648,-1.47,2.155,-0.06,-1.929,1.968,-0.239,-1.485,-1.77,1.957,0.013,0.08,-0.265,-0.668,0.328,1.22,-0.131,-1.514,-0.041,-0.27,1.029,-0.207,-1.24,-0.006,-0.531,0.401,0.126,-1.131,-0.346,0
-0.005,2.217,-1.463,0.245,-0.842,0.376,-0.435,-0.209,-0.844,-0.036,1.524,0.306,-1.153,-0.013,-0.226,2.331,0.814,1.417,-0.048,0.069,0.006,0.646,0.293,0.086,1.049,-0.99,-1.32,0.603,0.961,-1.644,1
-0.483,0.15,-1.422,0.864,1.532,1.506,-0.812,0.562,-1.55,0.791,0.681,-0.168,-0.249,1.48,0.641,0.066,-0.724,0.566,-1.831,-1.81,-1.295,0.61,-0.859,-0.887,-0.128,0.725,-0.383,-0.322,0.815,0.088,0
-2.514,0.38,-0.616,0.489,-0.472,-0.404,-1.235,1.378,-0.568,1.548,-1.198,1.521,1.442,0.688,0.106,-1.857,-0.575,0.056,0.846,0.276,1.249,-1.048,0.034,-0.37,0.106,0.122,0.208,-0.846,-0.138,0.178,0
0.365,-0.251,-0.214,-3.092,-0.706,-1.093,-1.955,1.254,-1.789,-0.44,0.468,-0.814,1.242,2.266,-0.407,1.459,-0.014,-0.022,-0.05,-1.267,0.68,-1.289,-2.414,-0.072,-0.675,1.811,-1.396,0.076,-1.191,0.225,0
2.074,0.12,0.521,-0.449,0.322,-1.393,0.834,-1.134,0.635,-1.047,1.137,-2.046,1.532,0.065,-0.271,-1.222,1.071,-0.231,-0.292,-0.562,-0.092,0.685,0.139,1.273,-0.243,-0.895,0.269,0.682,-1.528,-1.193,0
2.08,0.77,0.724,-0.278,-0.097,-2.237,0.661,0.141,2.322,-1.0,-1.204,-0.006,1.927,2.178,0.589,1.544,-0.062,0.928,1.573,-0.134,0.132,-1.801,-0.139,-0.116,0.681,0.441,-0.289,0.83,0.125,0.808,0
-0.078,-0.867,0.037,-0.925,0.675,1.059,-1.313,-0.171,-0.01,-0.19,1.165,-0.974,0.136,-0.123,-1.25,0.829,0.128,0.329,0.192,1.144,-0.302,-1.5,0.458,-0.536,-0.796,0.595,-0.324,0.377,1.935,1.426,1
0.668,0.403,0.071,-0.62,0.352,-0.319,0.71,0.736,-0.301,-0.964,-0.792,-0.94,-1.198,-0.738,0.242,-0.568,-0.709,-1.511,-0.345,-0.182,1.206,-0.211,-0.119,-0.082,1.572,0.899,-0.094,1.119,-0.6,0.568,0
-0.713,-0.001,-0.64,0.661,0.216,-0.219,0.963,0.835,-1.339,-0.26,0.614,-0.643,-0.054,0.343,1.222,0.738,2.029,-0.229,0.227,-0.94,1.364,-0.795,-0.333,0.225,-0.323,-1.172,0.97,0.163,-0.454,-0.432,1
-0.512,-0.099,0.809,0.041,1.197,1.516,2.013,-1.529,-0.592,0.539,0.179,-0.208,0.233,-0.758,-0.641,-0.008,2.462,0.667,-0.716,-1.367,-2.335,1.088,1.342,-0.614,0.131,0.947,0.619,-0.232,0.087,0.737,1
1.01,0.718,-0.044,-0.371,0.811,-0.449,-1.37,-0.688,0.596,0.004,0.391,1.184,1.247,-1.443,-0.128,0.078,-0.261,0.716,-0.845,1.915,-0.84,-1.811,0.326,0.377,-0.323,0.323,0.962,-0.724,-0.107,-0.568,0
-0.644,1.684,0.235,-1.051,0.978,-0.496,1.014,-0.851,0.689,0.715,0.082,-0.292,-0.111,-0.625,-0.4,0.008,0.704,-1.229,0.64,-1.008,-1.085,-0.56,-1.377,-1.842,-0.205,-1.148,-1.099,0.004,0.283,-0.948,1
0.226,-2.934,1.241,-0.113,-1.098,-0.602,-0.626,1.15,1.628,-1.273,-0.816,0.25,-0.068,-1.941,0.026,0.549,0.507,0.079,1.027,-1.083,-0.878,0.582,0.678,-1.011,0.948,-0.756,0.734,-0.577,0.335,0.646,0
-0.201,-0.098,0.017,-0.707,0.535,-0.708,-0.98,0.206,1.797,0.569,-1.24,1.82,-1.163,0.571,-0.062,1.945,-0.151,0.648,1.009,2.61,-0.671,0.246,-0.141,-1.062,0.059,-1.438,-0.044,-0.184,0.548,-0.137,0
0.104,-0.392,0.471,0.873,-0.721,0.964,-0.909,-0.464,-0.677,-0.695,-2.26,1.744,-0.309,-1.121,-0.082,0.619,0.555,-0.204,0.333,0.217,1.21,0.447,-0.326,0.597,-1.589,0.585,-0.397,-0.521,0.318,-0.259,1
0.982,0.666,0.662,-1.272,0.93,-0.677,-0.715,-0.425,-0.849,-0.221,0.585,2.661,-0.284,-0.598,2.416,-0.227,2.031,-0.327,-0.144,1.316,-1.293,1.12,1.369,-0.286,-0.016,0.22,-1.01,1.131,-0.678,-0.729,1
2.427,0.13,-0.347,1.167,0.222,-1.619,-1.269,0.106,1.586,0.372,-0.217,-0.053,1.705,0.685,2.226,1.203,-0.944,0.116,-0.738,-0.032,0.467,1.408,-1.897,-0.675,-1.739,0.886,-1.477,0.729,-0.628,2.225,1
0.164,0.517,-0.5,0.453,-0.372,-1.069,0.945,-0.135,0.588,1.777,0.857,-0.11,1.172,0.468,0.822,0.954,0.927,-0.826,0.656,1.955,-0.569,0.935,-0.558,-1.926,-2.3,-0.295,-1.186,-0.132,-0.911,0.449,1
-0.297,0.874,1.386,-0.457,-0.111,-1.23,-0.297,1.187,0.529,-1.486,-1.296,-1.875,-0.56,-1.025,1.108,1.099,-1.046,1.388,1.155,-0.132,-0.234,0.513,-1.399,-1.057,-1.161,0.778,1.434,1.046,-1.365,-0.233,0
-1.185,-0.338,-0.75,0.775,-0.52,-0.568,-0.977,1.694,-1.091,0.145,-0.309,1.096,-0.737,-0.59,1.065,-1.193,0.475,-1.16,-0.933,0.924,1.494,-0.631,-0.469,0.03,1.262,-0.689,-1.685,1.368,0.101,-2.839,0
-0.34,1.057,-2.877,1.908,-1.485,-1.182,1.53,-0.88,1.339,0.12,0.321,2.116,1.2,-0.03,-1.903,-0.146,0.511,0.241,0.44,-1.31,-1.468,0.593,-0.005,1.082,0.254,0.039,1.981,-0.767,2.486,2.091,0
1.189,0.463,-0.907,-1.163,1.535,-1.259,0.194,0.466,1.841,0.504,1.751,-0.505,0.003,2.46,-0.319,0.138,-1.721,1.514,-0.624,-0.127,-1.021,-2.296,-0.933,0.513,2.139,-0.703,0.515,0.563,-0.664,-0.028,1
-2.054,-0.395,-2.371,-1.217,-0.131,-0.694,-0.27,0.167,-1.514,1.495,-0.245,-0.662,0.321,1.134,-0.105,0.018,0.99,1.674,0.315,-0.25,-1.815,0.456,-0.323,-0.639,1.872,-1.285,0.314,1.461,-0.817,1.668,0
-1.88,-1.467,-0.178,0.357,1.229,0.827,-0.327,3.16,0.363,-0.508,-0.572,0.242,0.393,-0.998,0.523,-2.235,1.372,-0.682,-0.833,1.203,0.685,0.456,0.269,0.679,-2.092,0.847,-1.539,-0.973,-1.509,0.091,1
0.341,-0.499,-1.768,-2.043,0.767,-0.908,0.134,-0.9,-0.855,0.159,0.722,2.254,-0.702,0.279,-0.464,0.556,0.182,-0.137,-0.091,0.792,-0.049,-0.053,-0.657,0.01,1.161,-0.574,-0.697,-0.043,-0.001,-1.158,1
0.691,0.422,0.222,-0.132,0.569,-0.184,-1.366,-0.656,-0.277,0.616,-1.38,-0.013,-1.612,0.477,-1.263,-0.6,0.084,1.515,-0.18,-1.853,-0.958,-0.205,-1.238,-0.442,-0.094,-0.662,0.31,-1.482,1.738,-0.049,1
-2.457,1.716,-0.444,0.82,0.441,-0.123,1.311,0.286,-0.106,-0.216,-1.159,0.865,-0.506,-1.097,-0.526,-0.463,0.633,0.839,0.094,-0.672,0.092,-1.47,-0.853,1.168,-0.087,0.866,0.774,0.26,0.447,-0.98,1
-0.162,-1.038,-0.602,0.953,-2.025,0.06,-1.076,0.075,1.585,-0.606,-2.162,0.042,-0.05,0.743,0.024,0.112,-0.068,-1.008,0.598,-1.226,-2.219,1.039,-0.792,-0.808,-1.271,-1.195,0.096,1.465,-1.149,-1.427,1
1.409,-0.3,2.597,0.867,-0.348,1.358,-0.479,1.239,1.005,-0.018,-0.497,0.008,-1.806,-0.306,0.991,-1.175,-1.301,0.226,0.214,-0.429,0.945,0.159,1.766,-1.312,-1.706,2.096,2.213,-0.262,-0.156,-0.592,0
-1.18,1.332,0.595,0.142,-0.837,0.883,0.851,2.28,0.718,-1.048,1.756,-0.365,-0.314,-0.383,0.636,0.51,0.416,2.291,-1.009,0.071,-0.8,-0.382,0.671,-0.343,-0.299,-0.02,-0.437,1.007,-0.428,1.632,1
0.561,-1.0,-0.469,-0.936,1.283,0.982,-0.711,1.368,-0.778,-0.047,0.094,-0.407,0.176,0.372,-1.133,1.014,0.793,-1.335,-0.775,0.374,-1.087,0.057,0.19,0.934,-0.288,0.143,0.104,-0.37,0.136,2.435,1
1.344,0.648,0.065,1.062,-0.203,0.455,-0.675,0.277,0.233,0.529,-0.635,-1.294,1.539,-0.085,1.751,0.911,0.208,2.87,1.959,-0.975,-2.353,-2.572,-0.389,0.355,1.031,0.338,0.551,1.532,0.069,0.477,0
-2.296,-0.998,-2.475,1.404,1.099,0.559,0.085,-0.09,0.86,-1.073,-0.607,-0.604,0.298,0.302,1.754,-1.192,-0.295,0.228,-0.272,0.562,0.52,1.708,-1.089,0.369,-0.172,0.573,0.304,0.346,0.765,0.804,1
1.023,-1.657,-1.81,-1.115,0.781,1.747,-0.482,-0.05,2.261,0.246,-0.819,-0.07,-0.645,-1.066,0.019,-1.441,-0.296,-1.715,-0.645,-0.508,1.212,-0.916,0.548,-0.718,0.18,0.866,-0.205,0.584,0.12,-1.013,1
0.897,1.298,-0.955,0.746,0.378,-0.035,0.365,0.731,-0.091,0.917,-0.505,-1.012,1.761,0.841,-0.286,-0.167,-1.744,-0.324,-0.364,-1.5,-0.483,-0.421,-0.25,1.491,1.049,-0.517,-0.823,0.919,-0.449,-1.528,1
0.897,0.896,0.914,2.727,0.016,-1.635,-0.443,0.011,0.764,-1.743,-0.986,0.651,0.655,-2.512,0.47,-0.871,0.529,-0.117,-1.054,0.183,1.298,0.88,-0.214,-0.355,-1.047,-0.438,0.005,0.125,-0.436,-1.795,1
1.752,0.104,-0.804,1.027,0.594,-1.238,-0.192,0.115,-0.722,1.504,2.01,0.189,-1.679,2.007,-0.411,-0.567,-1.065,0.362,-0.41,1.615,0.614,-0.339,0.956,0.262,-0.727,2.001,0.21,2.693,0.866,1.287,0
0.225,0.528,0.548,-1.405,-1.438,0.953,0.007,0.483,-1.76,0.396,1.379,0.664,1.203,-0.386,-0.48,-0.659,-1.321,-0.727,2.035,0.894,-1.942,1.592,0.403,0.581,-1.664,-0.711,-2.046,-0.689,0.916,-0.521,1
0.423,1.539,1.923,0.998,-1.248,0.193,0.296,0.702,-0.457,2.081,0.97,-0.852,1.675,0.822,0.57,0.308,-1.601,0.922,-0.442,-1.462,0.291,1.988,0.064,0.184,0.246,-0.28,-0.003,0.835,1.372,-1.441,0
-0.722,-0.459,-0.741,-2.348,-0.258,-0.505,0.539,0.068,0.895,-0.635,1.942,0.756,-0.548,0.568,-0.906,-0.971,-0.561,-1.277,1.062,-1.136,-0.616,-0.246,1.169,-0.8,-0.033,0.651,-0.803,1.301,-0.859,-0.2,0
0.725,1.183,-0.51,-1.283,0.14,-1.838,-1.846,-0.508,-0.776,-0.98,0.545,1.25,-0.502,-0.045,0.88,0.401,-0.995,0.83,-0.627,0.296,0.256,0.398,-0.106,0.067,-0.63,-0.964,-1.281,0.042,1.143,-0.912,1
-0.677,-0.288,-0.23,-1.489,0.385,-0.004,0.906,-0.204,0.393,0.358,0.329,0.71,0.245,-1.331,-0.161,1.426,-1.466,2.497,0.271,-0.049,0.708,-1.772,1.049,-1.51,0.074,-0.667,0.273,-1.115,1.938,-0.143,1
-0.178,0.289,-1.042,0.887,1.34,0.038,-0.218,-0.518,-0.447,-0.298,0.014,0.699,-0.275,0.119,-0.544,1.422,-1.291,-1.045,0.351,-2.329,-0.078,1.767,-0.495,2.051,0.115,-0.393,-1.348,0.876,-1.829,0.639,0
0.26,0.04,-0.262,-0.621,-1.03,-0.494,-0.992,0.163,-0.4,0.813,0.586,1.691,-0.914,1.092,-0.852,-0.795,0.023,0.424,0.407,0.591,-1.072,-0.102,3.013,1.135,0.557,-0.472,-1.055,-0.039,-1.392,-1.805,0
-0.109,-1.415,0.282,-0.144,-0.596,-1.013,0.784,-0.984,-0.194,1.72,-0.134,-1.447,-2.507,0.561,0.801,0.082,-0.886,0.684,0.076,2.508,-0.402,1.492,-0.262,-0.183,-0.853,0.578,-0.585,-0.437,0.325,-0.323,1
-2.11,-0.959,0.168,1.445,-0.836,0.541,-0.185,1.609,-0.773,0.638,2.487,0.869,0.577,-1.791,-1.251,-0.078,-1.196,-0.064,-0.019,-0.966,-0.786,0.803,0.714,0.215,2.387,-1.181,-1.07,0.334,-1.074,-0.991,0
-0.199,0.031,1.044,-0.289,0.014,0.955,1.686,0.702,-2.041,0.235,0.471,-0.544,-0.131,-2.053,0.038,-1.955,0.292,-1.2,-0.765,0.421,0.061,0.131,1.446,0.665,2.287,-0.858,-0.641,0.089,-1.345,-0.776,0
0.852,-0.516,2.306,0.89,0.007,0.21,0.785,0.14,-0.725,-1.937,-1.006,1.597,-1.769,1.033,0.166,0.632,-0.842,0.604,-1.226,1.125,0.051,-0.413,-0.519,-0.536,0.574,-0.945,1.232,2.207,-0.584,1.227,0
-1.59,-0.169,0.617,0.237,0.276,-0.304,0.649,-0.56,0.279,2.25,-0.374,1.338,-0.438,0.254,0.923,-1.391,-0.03,-0.457,-0.075,-0.95,-1.719,-0.058,1.47,0.388,-0.164,-0.72,-1.041,-0.92,1.758,-0.897,0
1.634,0.884,2.079,0.351,-0.588,0.808,0.061,0.852,1.528,-0.266,-0.529,-0.068,0.33,1.142,0.807,0.259,-1.691,1.309,0.025,0.38,0.289,-0.149,0.479,-0.222,-0.276,0.611,0.963,-0.063,-0.844,-1.205,1
0.518,0.715,-1.286,1.314,0.638,0.273,0.536,0.972,-0.526,-1.206,-0.822,0.625,1.138,-0.212,-0.734,0.139,0.232,1.102,-0.362,-0.378,0.365,0.153,0.618,-0.614,-0.093,0.401,-0.217,-0.03,-1.052,0.697,1
0.284,-0.324,-0.707,0.705,-0.481,0.676,0.226,-0.417,0.386,1.222,-1.39,0.965,1.349,-1.479,-0.343,1.646,1.544,-0.254,-1.483,1.157,-0.716,1.295,-0.023,0.247,-1.336,-0.723,-0.802,-0.837,0.302,1.125,1
-1.195,-0.625,-1.018,-1.049,-0.704,0.731,-1.724,-1.74,-0.844,0.333,0.925,-1.348,0.024,-1.903,0.381,1.749,0.323,-2.111,1.404,0.568,1.638,1.237,-0.729,0.723,-0.81,1.595,-2.051,-1.049,1.004,-1.762,0
-0.182,0.301,1.324,1.126,1.703,-1.83,-0.9,2.533,1.434,1.766,0.53,-0.23,0.863,1.783,-0.136,1.181,0.617,-0.262,-0.88,1.751,0.076,-1.19,-1.081,-1.171,0.271,0.282,0.433,-0.773,0.808,0.675,0
-1.116,-0.614,0.591,0.023,1.184,0.771,-0.085,0.822,-0.642,0.645,-0.678,-0.453,-0.578,0.941,0.357,1.208,-0.668,-0.509,0.716,0.749,1.451,0.267,0.175,1.501,1.218,0.833,1.864,-0.919,0.227,0.985,1
0.723,1.396,1.071,0.842,-1.398,-0.8,-0.729,-1.161,1.286,-1.215,-1.726,0.163,0.757,0.305,0.304,-0.325,0.116,-0.819,-1.217,0.811,0.564,-0.194,-1.179,-0.318,-0.927,1.052,-1.946,-0.165,0.351,0.787,0
0.286,1.393,0.25,-0.816,-0.196,1.825,-1.163,0.26,-1.656,-0.184,-0.827,-0.131,-1.408,0.17,-1.392,0.014,0.519,1.428,0.203,-0.961,1.011,0.558,-0.144,-1.278,0.086,-1.033,1.917,0.672,-0.64,0.746,1
1.877,0.704,-0.39,-0.666,-0.066,0.96,-1.58,-0.663,-0.936,-2.347,-0.99,-0.094,-0.201,0.833,-0.793,1.091,-0.637,-0.031,-1.373,-1.933,1.249,1.216,0.405,1.186,-1.493,0.18,-0.301,1.217,-1.289,-1.389,1
0.029,-0.71,1.487,1.759,-0.295,-1.232,-1.632,-0.287,-0.016,-1.135,0.928,-0.157,-1.629,-0.731,-1.327,1.485,0.258,0.845,-1.37,-0.684,0.344,0.683,-0.362,0.431,-0.496,0.859,1.707,-1.423,0.92,-1.715,1
0.513,-1.175,0.057,-1.292,1.511,1.11,-0.655,0.274,-0.44,-1.534,-0.394,0.504,-0.149,0.507,1.701,0.179,-2.561,-0.692,-0.03,1.355,0.491,1.171,0.271,-1.225,-0.292,0.056,-3.385,-1.048,-0.37,0.359,0
0.455,0.952,-0.138,2.197,1.301,0.877,1.227,1.085,-0.033,1.071,-1.674,0.059,-0.246,-0.286,1.054,-0.019,-0.13,0.52,-0.726,0.848,0.236,-0.812,0.873,-0.913,0.354,-1.043,0.432,-0.177,0.047,-2.4,0
-0.43,0.733,-0.258,-0.965,-1.373,0.788,0.735,0.946,-1.106,-0.176,-0.659,0.436,-0.272,-0.195,-0.64,0.531,-0.276,-0.397,0.158,-0.804,-0.827,-0.711,1.086,0.628,-0.029,0.214,0.004,-0.467,0.925,-0.35,0
0.561,-0.962,1.147,-0.76,0.781,-0.368,-1.186,-1.123,0.607,1.514,0.857,-1.046,-2.423,-0.69,0.616,1.337,0.416,0.654,-0.365,2.162,1.402,-0.602,-1.556,2.008,0.609,-0.925,-0.316,2.466,1.191,0.288,0
-0.739,0.906,-1.26,-2.286,-0.084,-0.202,-0.446,-0.555,0.755,-0.679,-0.593,-0.131,0.148,-0.206,0.557,2.211,-0.41,1.731,0.526,-0.675,-1.079,-0.023,-0.954,0.311,0.727,0.362,-1.646,-0.086,0.203,-0.318,1
0.82,0.355,-0.027,0.467,-1.601,0.502,-0.72,-1.17,-1.117,-0.899,-0.606,-1.524,1.665,-0.307,-0.427,-0.855,0.476,-0.729,1.152,0.919,0.181,0.767,0.354,1.079,0.461,-0.218,-2.841,-0.927,-0.814,-0.526,0
0.872,-1.149,0.341,0.166,2.797,-1.853,-0.995,0.723,0.515,0.287,0.3,-1.154,-0.592,2.075,-0.501,0.249,0.37,-0.117,0.636,-0.608,-0.614,1.706,1.061,-2.637,-0.348,1.72,0.318,-0.408,0.57,-0.188,1
0.109,1.664,2.014,1.038,-0.877,2.12,-0.34,0.265,-0.317,0.515,0.23,0.158,-0.602,0.306,0.519,0.93,-1.234,-0.379,0.183,-0.248,-1.26,0.718,-0.397,-0.039,1.183,0.37,0.342,-1.141,-0.716,1.276,1
0.742,2.073,-0.463,0.206,0.767,-1.53,-1.106,-1.515,2.034,2.03,-0.22,0.179,0.599,-1.908,-1.966,-1.207,-0.43,-0.089,0.676,0.722,0.249,0.103,-0.806,0.826,0.004,0.84,-0.65,-0.844,-0.999,0.548,1
-1.142,-0.148,0.745,-0.214,-0.285,0.003,0.377,-0.231,0.899,1.924,0.214,1.154,-1.745,-1.279,-2.001,0.147,-1.204,-1.519,0.289,0.649,-0.212,0.951,-1.868,-0.411,-0.325,1.241,0.059,0.13,-1.855,-1.465,0
-0.222,-0.456,-0.193,-0.09,-0.285,-0.337,0.656,-1.002,-0.416,-1.068,0.059,-1.87,1.498,1.171,1.135,-2.202,0.406,2.109,0.343,-1.242,-0.009,1.179,0.545,-1.126,0.184,-0.28,-0.348,-2.061,0.556,-0.776,1
-1.378,-1.493,1.688,-0.003,1.707,-0.804,-2.137,-0.054,-0.196,-0.495,0.174,-0.75,0.319,0.361,-0.74,-0.613,0.459,-0.099,-2.123,-1.383,-0.77,-0.709,-0.742,0.086,-0.229,-0.16,-1.206,-0.686,-0.131,-0.601,0
0.795,0.522,-0.856,-1.108,1.144,0.533,-1.176,0.387,-0.375,-0.795,-1.511,-0.126,-1.027,0.458,1.237,2.18,0.226,1.068,-0.191,0.868,2.33,0.665,0.1,-0.404,-0.379,-0.974,1.289,-1.377,-2.413,0.775,0
1.691,-0.909,0.124,0.699,1.088,0.206,0.268,1.492,0.485,-0.041,-0.247,-0.069,0.902,-1.672,0.611,0.451,1.239,0.399,-1.181,0.412,-0.078,0.486,-0.201,-0.928,-0.589,0.257,-2.248,-0.955,0.049,-0.602,1
-1.327,-0.396,0.291,-0.467,1.664,-1.169,-0.042,0.883,0.378,1.498,-0.796,0.463,0.04,-0.481,0.512,0.89,-0.762,0.762,0.92,0.06,-1.844,-0.717,-1.784,-0.555,0.234,-1.447,-0.383,1.311,-0.081,-0.673,1
-0.771,2.147,-0.727,-0.028,-0.627,0.411,0.039,0.042,0.183,0.668,0.572,-0.986,0.657,-0.223,0.116,1.817,-0.762,-0.62,0.166,-0.73,0.421,-1.472,-0.281,-0.307,1.048,1.194,-0.761,1.303,-1.092,0.123,1
-1.498,-1.228,-0.82,-2.276,-0.183,1.221,0.781,-0.43,0.32,-0.545,0.958,0.95,0.527,-1.078,0.761,-0.075,2.236,-1.436,-1.094,-0.162,-0.904,-0.519,0.81,0.176,-1.003,-0.67,-1.181,0.46,-1.04,1.176,0
0.354,-0.251,-0.264,0.847,0.477,-1.301,1.425,0.755,2.691,0.667,0.294,-0.046,-1.629,-0.256,0.377,-0.643,-0.087,-0.163,0.046,0.751,1.172,-0.882,-0.155,-0.818,0.809,-1.84,-1.201,0.163,0.53,-0.236,1
-0.163,0.934,-0.33,-0.897,0.034,-1.025,-0.744,-0.084,-1.022,1.3,0.532,-0.98,0.6,-0.259,0.642,0.383,-0.143,1.021,-0.546,-0.777,-0.025,-1.905,-1.466,1.513,-0.769,0.663,1.454,0.636,-0.443,-0.009,1
-0.009,0.711,0.354,1.112,0.712,0.532,1.229,0.574,1.345,1.691,-1.101,1.669,0.48,-0.948,0.273,1.143,-1.323,-0.088,1.683,0.064,-1.403,1.659,-0.606,-0.509,1.163,2.23,-0.213,1.413,-0.453,1.127,0
0.026,-0.454,-0.266,0.422,1.032,-0.458,0.632,1.725,-0.019,0.972,-0.529,1.219,0.488,-0.809,1.702,-2.161,0.062,1.257,-2.867,-1.189,0.808,0.994,0.151,-1.339,0.56,1.442,-0.5,-0.132,-1.569,-2.722,0
-0.874,1.693,-0.333,0.341,-1.13,0.672,0.386,-1.089,-0.222,-0.114,0.705,-0.093,-0.215,0.114,0.536,0.257,0.955,0.919,-0.529,0.38,-0.539,-1.625,-0.207,1.056,0.414,3.024,0.969,-2.602,-0.787,-1.837,0
-0.224,-0.298,-0.817,0.444,-0.317,0.315,1.255,-1.168,1.929,-1.831,-0.616,0.418,-0.021,1.156,-1.133,0.512,-0.971,0.125,-0.085,0.999,-1.282,-0.576,-0.03,0.609,-0.654,-0.065,0.01,0.42,-0.65,-0.619,0
-0.506,1.046,-0.048,-1.4,1.002,0.989,-0.771,0.088,1.88,0.283,0.641,0.128,-1.215,0.351,0.406,2.009,-0.306,-0.647,0.067,-0.643,0.965,-1.888,-0.438,-0.499,1.376,0.287,-0.496,0.966,0.315,-0.967,1
0.052,-2.116,-1.091,1.189,0.963,-0.95,-0.253,-1.109,-1.011,-1.009,-1.701,0.807,-0.86,2.062,0.244,0.65,-0.399,-0.514,0.53,2.484,-0.362,0.468,0.356,0.548,-0.081,-0.311,-0.786,-0.536,0.259,0.183,1
0.882,0.07,0.109,1.425,0.901,0.261,1.569,1.181,0.369,1.095,0.435,-1.064,-1.15,-0.146,-1.445,-0.523,-1.027,2.188,-0.562,1.547,1.214,-0.483,-1.807,1.384,0.225,-2.9,2.131,-0.792,0.102,-1.204,0
0.74,-0.124,0.862,-1.736,0.25,-0.235,-1.29,1.063,-1.094,-0.57,-0.63,1.827,1.663,-1.915,-0.266,-0.611,-1.177,-1.82,0.425,-1.34,-0.378,-1.1,-0.424,-0.71,1.755,0.484,1.088,0.859,-0.232,0.777,1
1.565,1.205,0.894,-0.299,-0.546,0.752,-0.644,-0.207,0.963,-1.842,0.745,1.322,-0.428,0.172,-0.372,-3.41,-0.306,-1.206,1.104,-0.205,-1.15,-0.816,-0.225,0.867,-0.818,0.451,-1.151,-0.413,-0.505,0.256,1
-1.114,1.318,-0.533,0.657,-1.186,0.293,-1.729,0.696,1.6,1.064,-2.141,-0.188,2.705,1.195,0.368,0.642,0.988,0.034,0.992,-0.206,0.499,-0.017,-1.095,-0.663,-0.811,-0.52,-1.251,0.568,-0.353,-0.584,1
0.286,-1.618,0.237,-0.95,0.174,2.466,-1.122,0.002,0.294,-1.13,0.257,0.07,-1.382,-0.144,0.645,0.368,0.345,-2.49,0.303,-0.528,1.862,0.732,-1.114,0.333,-0.051,-0.574,0.12,-0.409,1.091,-0.671,1
0.477,-1.099,0.99,-0.976,1.047,-0.659,-0.613,0.095,0.262,0.847,1.101,1.256,-2.071,0.54,-1.87,-0.205,-0.713,0.52,1.133,1.98,0.127,0.197,-0.707,0.645,0.066,0.571,0.346,0.442,-0.435,0.051,0
-0.44,0.206,-1.502,0.011,-3.074,-0.836,-0.191,0.294,0.073,1.438,1.023,-0.745,2.672,-1.45,-0.236,0.348,-0.687,0.383,1.278,-1.071,1.699,-1.795,-0.064,0.128,-1.223,-0.696,-0.769,-0.927,1.276,-0.238,1
-2.096,-0.302,-0.203,1.176,-0.711,-0.023,0.052,-1.032,-0.417,-0.861,-0.164,-0.466,-0.267,0.403,1.938,-0.063,-0.661,-0.851,0.218,0.735,-1.29,-0.016,-0.056,-0.012,-0.694,-0.945,-0.133,-1.382,0.723,1.191,1
0.524,1.139,0.721,0.273,-0.227,0.984,0.107,0.145,0.328,-0.246,1.665,1.703,-2.1,-0.194,0.929,0.835,1.023,-1.395,0.762,0.008,-1.625,0.066,-1.745,-0.345,-0.223,-0.892,0.645,0.022,1.41,-0.206,1
-1.27,0.246,2.144,1.126,0.173,1.235,-0.109,-0.255,0.496,0.208,-1.062,-0.533,0.755,-0.733,0.678,0.926,-0.123,0.211,-1.319,-0.527,-0.628,-1.483,0.186,1.591,0.082,-1.092,0.478,-0.774,0.88,-0.636,1
0.181,1.536,-1.595,0.03,-0.347,-0.984,0.235,0.485,-0.276,-0.843,-0.72,-1.13,0.811,-0.921,-0.234,2.277,0.45,0.691,0.094,0.854,-1.747,-1.434,-1.084,0.693,0.987,-1.92,0.933,-0.296,0.198,0.708,0
-0.582,0.515,2.219,0.657,-0.5,-1.257,-0.13,0.897,-1.258,-1.917,-0.807,0.671,-0.139,2.026,-1.061,-1.381,0.982,-0.661,-0.376,1.118,-0.398,-0.408,-1.15,-0.659,1.565,1.576,-0.403,-0.173,-1.28,-1.484,1
-0.784,-1.438,-0.049,1.379,-0.937,0.077,3.019,-1.548,-0.604,-1.001,-0.256,1.571,-0.452,0.723,0.641,-1.906,-1.184,2.312,1.184,-1.905,-1.091,0.679,0.622,0.548,0.089,0.497,-1.155,0.091,-0.086,1.084,0
-1.231,-0.259,-1.37,1.132,-0.303,0.195,2.073,-0.037,-0.345,0.88,-0.444,0.245,0.568,0.15,1.243,-0.459,2.645,0.783,2.324,0.526,-0.01,0.959,1.298,-0.435,0.416,0.889,1.006,-0.193,-1.674,0.46,1
2.201,-0.91,0.167,-0.919,0.16,0.688,-1.746,1.489,0.131,-0.822,-0.382,-0.092,0.75,0.515,1.106,1.477,-0.72,-0.215,-1.148,-0.693,-1.199,-1.197,0.219,0.906,0.83,-1.537,-0.051,1.145,0.343,-0.458,0
0.549,1.042,-0.213,-0.69,-0.321,0.999,-0.832,0.746,-0.868,-0.21,-0.383,1.434,1.322,-0.944,-0.724,-1.488,-1.025,0.019,0.624,-1.669,-0.712,-1.491,0.46,0.801,-0.927,0.176,0.431,1.467,-0.37,1.165,1
-0.686,0.268,-0.361,0.408,-0.095,1.334,0.62,-0.055,-1.623,-0.032,-1.422,0.29,0.432,0.816,0.433,-1.109,0.989,1.123,0.13,1.895,-0.528,1.946,-1.249,-0.932,-0.262,0.1,-1.146,-1.064,-0.316,0.514,0
-1.641,-0.566,0.088,-1.378,0.504,-0.175,0.058,-0.197,0.071,-0.638,0.489,0.558,0.84,-1.185,0.455,-0.825,-0.4,3.002,1.498,0.24,-0.595,-0.03,0.095,0.523,0.299,-0.237,0.13,1.999,0.248,-0.212,0
-0.823,-1.248,0.809,2.367,-0.426,-1.225,-2.022,1.582,-0.164,0.603,0.863,0.173,0.848,-0.431,1.784,0.586,-0.174,-0.69,-0.193,-1.707,0.174,-0.221,1.187,-0.11,-0.394,-0.639,-1.429,-0.743,-0.387,0.908,1
-0.211,1.257,-0.424,0.723,0.222,-0.802,0.627,0.727,-0.47,0.329,0.675,1.188,0.451,-0.788,0.929,2.16,-1.016,-0.894,0.826,1.98,-0.128,-0.184,-0.468,0.82,-0.793,-0.795,1.115,0.335,-1.194,0.174,0
0.376,0.636,-2.129,-0.575,0.186,-0.12,-0.515,0.634,-0.091,-1.198,0.636,-0.761,-0.155,0.244,1.28,0.35,1.336,0.007,-0.997,-0.301,-2.129,-0.984,0.062,0.715,0.258,-0.669,0.45,0.467,1.167,-1.388,1
-0.28,-0.758,-1.297,-1.869,0.414,-0.623,0.187,-1.626,0.674,1.061,0.804,-0.185,-1.017,-0.488,-1.99,-0.003,-1.114,-0.674,-0.026,-1.254,0.841,0.505,-0.954,0.814,0.46,1.161,1.491,0.822,-0.313,-0.266,0
1.325,1.271,0.208,2.691,0.508,-1.175,0.345,-1.581,0.889,-0.696,-0.419,-1.818,-0.797,2.328,-0.453,0.677,0.502,-2.307,0.529,-0.673,-1.061,0.471,-0.425,-0.249,-1.183,0.587,-1.402,0.036,-0.576,0.169,1
-1.246,-0.67,1.112,0.705,-0.922,-2.195,0.481,0.066,-0.896,-0.592,1.123,0.446,0.35,-0.234,-0.213,0.548,0.109,-0.64,0.448,0.659,-2.219,-0.025,-0.47,-0.477,-0.302,-0.138,-1.421,-0.665,-1.373,-0.573,1
-0.924,-0.759,-0.429,-2.123,0.882,-0.262,-1.263,-2.644,-0.615,0.638,0.005,-0.392,0.559,-0.007,-0.213,-1.829,1.932,-0.399,0.774,-0.436,-0.502,1.74,-0.688,2.022,-1.207,-1.183,-0.85,-0.741,0.427,0.024,1
0.441,-0.849,-1.261,-1.194,0.761,0.598,0.971,-0.139,1.412,0.298,0.771,1.513,-1.114,-0.149,-1.022,0.05,-0.626,-0.248,0.144,0.391,-1.356,-3.213,-0.557,-1.053,-0.624,0.687,-0.475,-1.061,-0.511,-0.592,0
0.04,-0.962,-0.134,-0.495,-0.112,-0.308,-1.112,-1.47,0.113,-0.826,-1.586,-0.832,-0.918,0.888,0.076,-0.086,0.084,1.031,0.745,-1.326,0.383,-2.245,-0.12,-2.36,0.538,0.575,0.498,-1.905,-0.106,-0.43,1
1.325,-1.015,0.406,-0.579,0.71,-0.273,1.064,-0.067,-0.678,-0.137,1.615,-0.629,-2.143,-0.326,2.046,0.481,0.36,0.005,-0.472,0.297,-1.369,-1.175,-0.492,1.618,0.496,-0.593,0.949,-0.876,-0.027,-0.257,0
-0.479,1.494,-1.775,1.862,1.241,1.307,-0.953,1.205,-0.67,-0.173,0.515,-1.01,0.856,1.061,-0.223,1.833,0.004,-0.25,0.616,1.652,-0.12,1.298,1.874,-1.828,-0.577,0.049,0.85,0.08,-0.158,0.22,1
0.295,-0.838,0.024,-0.321,-1.698,0.862,-0.963,0.53,0.833,1.956,0.158,-0.067,-0.3,-0.106,1.419,-1.085,0.432,-0.317,-0.166,-0.29,-0.137,0.698,-0.664,-0.702,-0.184,1.078,-0.541,-0.182,0.419,-0.416,1
-0.103,0.347,-2.364,-2.158,-0.454,-0.788,-0.245,0.306,1.725,-0.456,-0.019,-0.383,-0.16,-0.825,-0.864,2.043,0.703,1.333,0.477,0.836,-0.87,-1.606,0.443,1.195,-1.689,-0.379,0.872,0.018,0.545,0.822,0
-0.346,0.383,0.762,-0.625,-0.68,0.123,-0.126,0.453,-0.569,0.606,-0.188,0.048,-0.951,-0.959,0.552,0.309,0.741,-0.359,-0.804,2.356,0.733,1.326,0.302,-1.283,-1.093,0.594,-1.494,-0.262,-1.26,0.418,0
0.374,1.535,-2.483,2.106,0.013,-0.115,0.426,0.455,-0.982,-1.751,0.956,1.019,1.491,-0.697,1.495,0.056,-0.276,-0.116,-0.861,-0.262,0.372,0.412,0.72,2.082,1.161,1.513,1.167,-1.55,-0.993,1.108,0
-0.41,-0.85,-1.224,0.381,0.054,-0.386,1.239,-2.156,-1.535,-0.5,0.189,-1.248,2.102,-0.798,-0.552,0.33,0.064,0.65,-0.769,-0.305,1.022,0.657,-0.981,-0.926,-0.201,-1.72,-2.349,-0.96,-0.262,0.678,1
0.975,-1.426,-0.972,0.514,1.316,0.302,1.523,0.35,-1.618,-1.337,0.933,-0.086,-0.482,-1.215,0.092,0.665,1.38,1.017,0.782,0.239,0.876,-0.383,-0.405,-0.316,-0.323,0.765,0.167,-1.664,0.371,0.551,1
-0.748,0.374,1.455,1.006,1.448,-2.129,0.024,0.219,1.208,0.297,0.047,1.957,-0.035,-0.155,1.01,0.351,1.97,-0.894,-1.389,-0.622,-0.551,1.455,1.164,2.274,-0.186,0.637,-0.013,-0.428,0.855,-1.702,1
-0.952,0.173,1.42,0.936,0.528,-0.156,0.421,-0.036,0.567,-1.821,1.083,0.191,-0.716,-1.471,0.694,-0.927,-1.234,0.195,-1.094,0.828,-2.565,-0.236,1.431,0.1,-0.045,-1.216,-0.093,1.88,1.394,0.556,0
0.317,1.215,0.051,1.216,1.336,-0.148,-1.49,-1.156,0.255,0.016,0.007,0.589,0.246,-1.346,-0.649,0.413,-0.533,0.419,-1.651,0.855,-0.302,1.154,-1.224,-0.321,-0.276,0.397,2.502,0.5,-0.831,-0.299,0
-0.442,-1.743,1.956,1.578,1.669,0.547,-1.393,-0.14,-2.612,-0.394,1.074,-0.159,-0.65,0.292,0.352,-1.349,-0.159,0.174,1.058,0.288,0.364,-0.41,0.884,-0.393,-0.516,-0.226,-1.801,-0.101,0.525,-0.491,1
-0.226,0.43,0.683,1.03,0.805,-1.742,-1.31,0.024,0.953,0.724,-0.489,1.351,0.971,-0.504,0.32,1.735,0.74,-0.003,0.716,1.422,-0.37,0.173,-1.006,-1.049,0.48,-0.194,-0.313,-0.557,-1.4,-0.419,1
0.883,0.357,0.426,-1.375,-0.148,1.135,-0.21,0.883,-0.283,0.623,0.402,-1.869,-0.459,-1.313,-0.109,-0.44,-0.226,1.154,-0.546,-1.431,-0.67,-0.401,1.11,-0.109,0.315,-0.217,-1.125,1.082,-0.126,-1.273,1
-2.06,1.576,0.506,-0.015,0.446,0.922,0.986,1.149,-0.104,1.537,0.351,-0.845,0.505,0.346,0.088,-0.638,0.764,0.687,1.303,0.632,-1.016,-1.796,0.953,-0.796,-0.331,0.222,0.092,1.45,-0.082,-0.461,1
-0.148,1.941,0.638,0.537,-0.147,0.265,0.125,-0.913,-1.456,-0.096,0.024,-0.934,0.049,0.234,-1.558,0.116,1.746,0.341,0.619,1.644,-0.736,0.572,-0.117,-1.397,-0.194,-0.21,1.829,0.202,-0.644,0.022,1
-0.495,0.128,1.955,-2.062,-0.479,0.449,0.598,-1.076,-0.636,0.455,0.065,-0.153,-1.176,-0.06,0.564,0.684,0.354,2.207,0.058,-0.477,-0.896,-0.259,-0.513,0.148,-0.539,0.047,0.106,-0.976,0.235,-1.543,0
0.914,1.313,0.371,-1.221,-0.919,-0.117,0.012,0.832,-0.172,-0.861,-2.866,-0.374,-0.025,0.533,-0.44,0.691,-1.362,-1.396,-0.224,1.126,0.443,-1.354,-2.51,0.387,-0.554,-0.924,0.402,0.772,-0.7,-1.039,0
0.431,0.029,1.649,-1.248,-0.227,-0.3,-0.699,-0.457,1.917,-0.511,0.025,-0.139,-0.932,0.276,1.723,1.583,0.436,-0.597,1.649,-1.813,-1.773,1.817,0.054,-0.998,0.466,-0.261,1.873,0.996,-0.692,0.441,0
0.748,0.714,-0.261,-1.304,-0.263,-0.944,-1.041,-0.152,-0.094,-0.874,-0.801,0.204,-2.234,1.796,1.007,0.407,1.342,-0.624,-0.244,2.45,-0.721,-1.167,-0.108,0.371,0.114,-0.306,-0.193,1.258,-0.239,0.475,1
-0.624,0.884,0.19,0.251,0.458,-0.618,0.638,-1.394,-1.427,-1.11,-0.844,0.669,-2.1,-0.193,0.402,1.736,-0.909,-2.012,1.627,-0.33,-0.16,2.19,0.307,-0.91,-0.588,-0.018,0.191,0.469,-0.986,-1.706,1
0.118,0.484,-0.69,0.517,1.616,1.649,-0.757,0.101,-0.836,0.49,1.535,-0.655,1.647,-3.294,-0.13,-0.82,-0.514,2.571,0.927,0.939,-0.712,0.317,2.894,0.429,1.377,-0.512,-2.628,0.257,0.485,0.766,0
1.041,1.082,-0.047,-0.42,-0.222,0.489,0.467,-0.043,-0.246,2.021,0.863,0.196,-0.594,-0.139,-0.006,-0.768,0.254,-0.157,-0.559,0.367,0.775,-1.445,0.244,-0.1,-0.7,-0.105,0.347,0.31,1.015,-0.101,0
-2.026,-1.148,0.539,1.384,0.209,0.952,2.44,-0.124,-1.071,-0.537,-1.268,0.252,1.205,-0.32,-0.856,-1.153,0.695,-0.081,-0.662,-0.824,-1.174,0.559,0.992,2.46,0.178,-1.099,1.593,0.576,1.701,-0.305,0
-0.25,2.87,0.989,-0.522,1.546,0.93,-0.222,0.381,-0.324,-0.176,-0.674,-1.46,-0.424,0.895,-0.653,0.874,-0.576,0.9,1.392,0.582,1.397,-0.052,1.563,0.769,0.767,0.79,1.116,-0.09,-0.385,-0.488,1
-0.939,-1.42,0.46,-0.395,-0.348,2.227,0.546,-1.793,-1.704,0.112,-0.993,-0.378,0.31,1.262,0.605,0.229,0.36,0.33,0.001,0.213,0.023,-0.387,-0.397,-0.938,0.37,0.422,-1.648,1.175,0.705,-1.65,0
0.63,-2.346,-1.175,0.189,0.213,-1.577,-0.752,-0.571,0.856,-0.744,0.436,0.926,-0.056,-2.296,-0.826,1.089,0.778,-0.769,0.09,0.443,-2.101,-0.913,-0.062,1.364,-1.662,0.147,0.957,-0.059,0.059,-1.001,0
-0.538,-0.782,-0.445,-1.685,0.823,0.929,-0.681,-1.307,-0.25,-0.937,0.158,-1.363,1.489,-1.283,-0.418,-0.216,-0.98,1.172,-0.147,1.393,1.446,-0.354,-0.768,1.657,-1.12,2.032,0.743,-1.282,-0.391,-0.689,0
0.263,1.377,1.875,-0.595,1.971,0.79,0.368,1.768,-0.379,-1.12,1.722,0.633,-2.495,0.508,-1.992,-1.803,-0.726,1.189,-0.102,-0.06,0.829,0.417,0.663,-0.857,0.669,0.524,0.445,-0.539,1.117,1.994,0
1.055,-0.481,-0.189,-0.173,1.407,0.683,-0.14,-0.217,-0.356,-0.362,0.057,-0.233,-0.51,-0.698,-0.994,0.632,-0.137,-0.56,-0.259,-0.112,-1.007,-0.243,-0.66,0.889,-1.235,0.947,-0.022,1.263,-2.025,-1.139,1
0.46,-1.292,-0.667,-0.634,-1.024,-0.693,0.142,-2.258,1.312,0.133,-0.134,-0.364,2.22,2.232,1.551,-0.864,0.911,0.275,-0.136,-0.46,0.551,0.096,0.275,-0.077,-0.769,0.756,0.246,0.674,1.185,0.663,0
-0.974,0.612,0.326,-0.465,-0.911,0.742,1.08,0.638,-0.297,0.157,-0.32,-1.719,-1.129,-0.686,-0.223,0.904,-1.665,-1.367,-0.892,0.215,0.729,-1.65,-0.587,-0.262,0.493,-0.064,-0.266,1.035,-1.195,-0.714,0
-0.28,-0.696,-0.3,-1.411,-1.812,-0.052,-0.304,-1.068,0.557,1.215,0.774,0.203,-0.597,-2.58,0.194,-0.654,0.5,0.424,-0.205,-1.35,-0.063,-1.055,0.179,0.427,0.546,-0.806,0.225,-0.962,-1.544,-0.597,1
-1.671,-0.445,0.139,-0.901,0.514,-1.736,1.312,-1.968,0.266,-0.898,0.315,1.219,1.647,-1.733,1.472,-0.758,-0.13,-0.517,-1.981,1.331,0.532,-1.279,-0.635,-2.27,0.253,0.432,-0.617,0.707,-0.041,0.525,1
0.191,-1.739,0.345,1.273,0.115,-0.578,-0.325,1.92,-1.919,0.521,-1.031,-0.783,0.088,-0.606,0.084,-0.526,0.079,-1.031,1.123,0.626,0.24,-0.312,1.272,-1.506,-0.504,0.395,0.64,0.559,0.447,0.377,1
0.977,0.741,0.061,-0.125,1.585,2.14,-0.32,0.327,1.952,-1.039,-0.078,-0.533,0.274,1.79,-0.858,2.326,0.957,1.386,1.333,-0.867,1.207,-1.424,-0.49,0.299,1.077,-0.111,-0.045,0.173,0.417,0.084,1
-1.357,-0.122,-0.314,-0.536,2.137,-0.112,0.098,-0.644,-1.854,-0.243,0.508,-0.935,0.408,-0.805,2.749,2.078,-0.098,-0.056,1.259,0.32,-1.32,0.773,-0.169,1.727,-1.623,0.382,0.275,0.524,-0.811,-0.5,1
1.582,0.599,0.498,-0.199,0.995,0.315,0.693,1.976,0.349,-0.007,-1.359,-0.092,1.005,-1.125,0.532,0.322,0.572,0.782,-0.081,0.336,0.484,-0.146,-1.968,-0.434,1.263,0.602,0.725,-1.764,-1.546,-0.023,0
-0.511,0.027,-0.326,-0.159,-0.17,-0.355,1.296,0.499,1.835,0.458,0.501,-1.801,-0.947,0.554,1.406,-2.224,0.717,1.423,1.386,0.485,-2.162,-0.435,-1.042,0.024,-1.144,0.235,0.199,-0.865,0.008,0.742,0
0.811,0.302,-1.98,0.262,0.002,-0.049,0.065,0.217,0.489,0.161,-0.421,1.205,0.369,-0.431,0.765,1.372,0.895,-2.281,-0.505,0.127,-0.752,-0.286,0.09,-0.909,0.433,1.77,-1.689,0.708,-0.692,0.612,1
0.029,0.222,-1.825,-0.828,-0.754,-0.111,-0.27,-1.473,0.93,2.043,-1.857,0.316,0.999,0.61,0.385,-0.822,0.645,1.904,0.744,0.613,-0.24,-1.571,-1.327,0.523,-1.526,1.056,-0.238,-1.149,0.842,0.791,1
-0.504,0.166,0.261,-0.371,0.702,1.893,1.135,1.03,0.522,0.933,1.869,1.131,0.43,1.694,-0.597,-0.523,0.527,0.26,-0.187,-1.086,0.829,-0.41,0.289,-1.001,0.53,0.2,-0.482,0.231,0.479,-1.715,1
0.539,1.1,-0.109,2.137,-0.142,0.55,1.493,-1.7,0.815,-1.266,-1.43,-0.538,-0.651,-0.219,-1.867,-0.144,0.701,-1.268,-1.144,-0.598,-0.168,0.782,-1.624,0.675,-1.134,1.16,0.169,0.628,0.888,-0.392,0
-0.639,0.818,-1.313,1.273,-0.815,1.35,-0.937,-0.151,0.395,-0.904,0.133,-0.757,-0.603,1.637,0.833,0.673,1.444,-0.77,0.411,2.253,-0.487,2.572,-0.453,0.487,1.697,-1.629,-0.383,1.835,-1.409,0.256,0
-1.01,-1.017,0.698,-0.74,-0.912,1.099,-1.11,0.994,-0.989,1.045,0.169,-0.142,-0.186,-0.055,-0.182,0.8,-0.83,0.312,0.997,0.399,-1.284,1.312,-1.492,-0.921,-1.271,-0.596,-2.153,-0.495,0.537,0.065,0
0.858,0.916,0.208,1.006,1.756,1.054,0.476,0.07,1.69,-0.355,0.64,-0.404,-1.634,0.097,0.729,-0.923,-2.892,0.116,-0.201,-1.144,0.015,0.373,-0.508,-0.952,-1.358,0.002,-0.676,-0.12,-1.254,0.626,1
1.29,-1.624,0.39,-1.655,0.019,-0.66,-0.574,1.376,-0.7,-2.342,-0.344,-0.881,-1.441,0.093,-0.544,-1.157,-1.237,1.536,-1.024,0.92,-1.144,-1.595,-0.11,0.762,-0.298,-0.872,0.213,-2.502,-0.636,1.106,0
-0.543,-1.234,-1.021,1.412,1.637,0.62,-0.522,-0.35,0.974,1.949,1.038,-1.023,0.141,-0.481,-1.256,-1.148,-1.138,1.341,-1.852,-0.456,-0.198,-0.29,-0.157,0.777,1.97,-0.48,0.339,0.608,0.109,0.822,1
-0.27,0.073,0.156,-0.295,0.39,-0.588,0.423,0.408,-0.719,0.494,0.14,1.005,1.759,-0.653,1.227,0.654,-1.222,0.92,-0.649,-0.352,1.586,0.733,-1.176,-0.911,0.504,1.347,-0.319,-1.077,-0.243,-0.64,0
-1.039,0.665,-0.45,-1.316,2.331,1.335,0.187,0.176,0.08,1.764,-0.809,-0.08,-0.496,-1.143,-0.133,1.088,-2.194,1.088,0.883,-0.177,1.622,-1.578,-2.032,-0.937,1.538,-0.064,-1.02,-0.664,1.028,-0.642,1
-1.451,-1.247,1.287,-0.706,0.8,0.61,0.677,-0.558,0.665,0.189,-1.128,0.242,0.33,-0.961,0.919,-1.072,-0.729,-2.063,0.02,0.4,-0.727,-1.811,-0.537,-0.726,-0.118,0.479,1.046,0.121,0.862,-0.331,0
-0.094,-3.177,1.005,0.934,-0.562,0.079,-0.761,1.778,0.49,-0.087,0.738,-0.808,0.022,-0.484,-1.008,0.205,-1.232,-1.88,-0.708,0.1,1.133,-1.549,-0.953,0.503,1.862,-1.594,0.524,0.596,-0.474,-0.305,0
0.968,-0.852,-0.337,0.417,0.984,-0.846,-1.56,-0.467,0.283,-0.501,0.454,0.926,0.877,0.529,-0.383,0.308,1.267,-0.823,0.92,0.026,-1.385,-0.196,0.855,2.251,-0.658,0.314,-0.824,-0.426,0.788,0.22,0
0.412,2.319,2.878,-0.641,0.484,-0.747,0.825,-1.985,-0.009,0.385,0.474,-0.127,-0.733,-1.884,-2.058,0.243,0.333,0.271,0.955,0.684,-0.892,0.589,-0.927,0.591,0.345,1.552,-0.681,0.127,0.476,-0.616,0
0.305,1.68,-0.53,1.744,0.609,-0.098,-0.034,-2.244,-0.472,1.372,0.315,0.427,1.771,-0.514,1.105,-1.856,-1.154,-0.14,-0.736,0.478,0.732,-1.7,-1.744,0.472,0.215,-1.035,-0.479,-0.724,0.146,2.941,1
-1.676,1.029,-1.143,0.48,-0.556,-0.848,1.396,0.71,1.335,1.188,-1.024,0.395,0.643,-0.044,0.823,-0.46,1.381,-0.292,0.531,0.333,-1.519,-0.155,-0.811,-0.481,1.715,-1.905,0.419,-0.057,0.373,-0.465,1
0.668,-0.506,0.633,-0.965,0.421,-0.869,0.582,1.11,1.121,-0.722,-0.557,-0.39,-1.062,0.455,-0.45,2.513,0.884,0.625,-0.329,-1.261,1.15,-0.903,0.23,0.396,1.109,-0.894,-0.493,-1.478,1.32,-0.232,0
1.684,-0.066,-0.661,-1.127,-1.553,1.44,0.2,0.655,1.219,0.385,1.12,2.22,0.826,0.247,-0.224,-0.064,-0.73,1.718,-1.487,0.149,-1.602,0.856,1.831,0.741,0.285,-0.033,-0.499,-0.515,-0.758,-0.03,0
-0.095,1.783,-1.09,0.095,-1.103,-1.154,1.317,0.776,-0.495,0.338,-1.007,1.022,-0.94,2.056,0.78,-0.297,0.23,-0.308,0.236,1.12,-1.436,0.653,-0.983,-2.117,1.883,-0.101,-0.671,0.069,0.914,1.131,0
-0.841,-0.809,0.53,-0.876,0.604,0.137,-0.89,1.699,-1.675,-0.314,0.303,-0.163,-0.93,1.007,-1.186,-0.138,0.603,-0.456,0.033,0.688,-0.288,0.041,-0.287,-1.348,-1.368,0.53,-0.638,-1.211,0.29,-0.521,1
0.691,-1.08,-0.51,-1.589,0.766,0.202,1.21,-1.346,0.533,-0.949,2.431,-0.837,0.358,-0.457,0.286,1.589,0.864,0.827,-0.249,-1.199,-1.386,1.072,-0.446,-0.993,1.4,-2.106,1.203,0.198,-1.264,-1.154,0
-0.812,-0.767,1.793,-0.616,0.993,0.577,-1.309,0.955,-0.914,-1.682,-0.333,-1.516,0.898,0.032,-0.003,0.884,0.578,0.836,0.499,0.678,0.136,0.535,0.015,-0.205,0.574,1.949,0.102,-0.772,-0.234,1.483,0
0.952,-0.08,0.029,-1.508,1.343,1.572,1.209,0.149,0.559,1.117,0.465,0.091,0.32,-0.795,-1.275,-0.574,-0.408,-1.925,-1.71,-0.901,-0.398,1.073,-1.446,-3.111,-0.726,0.031,0.349,0.003,-1.037,0.266,0
-2.902,0.32,-0.269,-0.643,-0.742,0.643,-0.238,0.472,-0.277,-0.119,-0.625,0.232,-1.55,1.539,0.524,-0.269,0.348,1.18,-0.464,-1.947,-1.674,1.047,0.543,-0.329,1.346,-1.428,-0.007,1.873,-2.734,0.807,0
0.023,-1.303,0.835,0.796,0.461,0.79,-0.899,-0.764,0.954,0.309,0.351,0.353,1.506,1.268,1.667,-0.297,-0.445,0.594,-0.916,-0.692,0.221,-0.876,-1.097,-0.86,-0.215,-0.704,-1.102,0.545,0.405,1.981,1
0.677,-0.908,0.008,-0.468,-0.115,0.605,0.163,0.189,0.371,-1.192,1.133,-1.065,-1.234,-0.375,1.467,0.102,-0.521,0.41,-0.455,0.95,-0.72,-0.969,0.498,0.593,0.534,1.872,-0.37,0.835,0.499,1.252,0
-1.239,-1.383,-1.178,0.533,-0.316,-2.459,0.355,2.322,-0.672,0.824,0.777,1.335,1.029,1.12,0.486,-1.548,-0.613,-0.274,-2.465,1.613,0.916,-0.957,1.14,1.48,-2.208,-0.255,1.7,-1.167,-0.162,-0.338,1
0.174,-0.108,-1.232,0.293,-0.179,0.614,-0.531,-0.407,1.278,-0.71,-0.038,-1.131,-1.277,-0.485,-0.829,0.728,-0.159,1.349,1.211,-0.512,-0.64,-2.707,-0.446,-0.479,-0.917,0.699,-0.476,-0.798,-0.584,0.769,0
-0.29,0.408,-0.384,-0.669,-0.023,0.596,0.534,-1.241,-0.605,-0.776,-0.031,0.253,1.49,0.24,0.64,1.131,0.187,-1.595,-0.126,-0.776,0.712,1.606,0.048,-1.18,-0.231,0.639,0.204,1.101,0.498,0.608,1
-0.165,-1.262,-0.149,-0.589,1.177,1.316,0.543,0.766,-1.353,0.245,0.01,-0.681,0.127,0.928,0.593,1.01,-0.774,-0.121,0.19,2.002,-0.907,0.854,-0.345,0.511,-0.628,-1.513,-0.02,-1.806,0.829,-0.464,0
1.964,-0.192,-0.794,-2.163,-1.374,1.316,1.06,-0.443,-0.345,1.552,-1.13,-2.107,1.362,-0.2,-2.302,1.73,-0.747,-0.62,-0.364,-1.468,-0.025,-1.11,-0.538,-1.036,-0.353,-1.347,0.561,1.619,-1.929,-1.711,1
1.108,0.396,-0.61,-0.143,-1.442,-0.27,-0.291,-1.699,0.566,0.949,2.468,-0.231,-0.677,-0.558,-1.085,-0.389,-0.248,0.636,0.624,-0.95,-0.825,0.586,1.019,0.85,1.411,-0.029,1.288,1.424,0.279,-1.151,0
-0.412,0.204,-0.731,0.842,0.72,-0.984,-0.028,-0.372,-0.508,-0.106,-1.547,0.17,0.282,-1.249,-0.047,-0.236,-0.554,1.056,-0.824,0.153,-1.844,-1.165,-0.054,0.008,-0.042,2.267,2.203,-0.945,-0.707,-0.94,1
-0.193,0.04,-1.286,-2.329,0.752,0.799,0.066,-1.703,0.684,0.108,0.809,0.158,0.176,-0.329,-0.606,-0.551,-0.338,-1.002,-0.262,-0.032,-1.106,-1.295,-0.237,0.33,-0.962,0.607,1.058,-0.146,-1.018,-0.694,1
2.208,-1.091,-0.166,-1.106,1.628,-1.77,-0.817,-1.352,-0.036,0.106,0.248,-0.367,-1.752,0.832,0.328,1.732,-0.319,1.716,-0.137,-0.379,-0.575,0.873,1.058,0.386,0.004,0.73,0.16,0.12,2.964,-0.183,1
-1.204,0.523,0.771,-1.115,-0.308,-0.324,-0.424,0.215,-1.224,0.327,-0.765,-0.779,-2.426,-0.285,0.833,2.145,0.903,0.694,1.463,0.386,1.236,0.083,-0.285,0.383,-0.258,1.771,-0.648,-1.096,-0.02,1.242,0
1.214,0.52,1.021,0.935,2.905,-0.534,0.409,-0.641,0.552,-0.613,-0.66,0.095,0.509,-0.901,-1.537,-2.501,0.701,0.824,1.052,-0.092,0.476,1.093,-1.889,-0.794,-0.424,0.546,-0.519,0.642,-1.713,-1.73,1
-0.189,1.387,-0.91,-0.681,-1.671,-1.579,-1.046,-0.736,-0.685,1.022,1.279,0.381,-0.331,0.047,-0.462,1.05,0.702,-1.292,-0.661,0.735,-1.798,-1.067,-0.042,-0.911,1.189,-0.984,0.673,1.372,0.883,0.588,1
2.24,-1.16,0.563,-1.686,-0.399,-0.311,0.118,0.308,-0.588,0.987,0.734,0.315,0.664,-0.491,0.219,-0.143,-1.432,0.936,0.484,-0.609,0.474,0.511,-0.729,-1.627,-1.244,0.807,1.039,-0.779,0.864,-1.193,0
0.656,-0.262,0.967,-1.99,0.415,-0.156,1.142,0.877,-1.181,0.046,-0.842,0.315,0.877,1.379,-1.468,-0.279,1.08,-0.703,1.034,1.345,1.663,0.496,-1.811,2.1,-0.102,-0.516,1.611,0.101,0.142,1.054,1
-1.313,0.242,0.703,-1.345,-1.372,1.348,-1.327,0.839,-0.775,-0.331,-1.51,0.359,-0.469,-0.07,-1.462,0.111,0.134,-0.646,1.057,0.567,1.189,-0.169,0.6,-2.413,0.892,1.24,0.482,-1.331,0.204,0.487,1
0.264,-1.67,0.449,0.447,-0.852,1.152,-0.583,-0.935,-1.631,-0.062,1.568,-1.243,-1.29,0.032,-0.014,0.23,1.703,0.656,3.015,0.969,-0.412,-0.279,0.373,-0.326,-0.564,-0.652,-1.634,0.016,0.859,-0.656,1
-1.872,-0.707,-1.023,0.284,0.341,-0.815,-1.108,-0.665,-0.504,0.84,-2.162,-0.628,0.394,1.367,-0.597,0.095,1.008,0.044,0.045,0.803,-0.274,-1.643,-1.184,-1.321,0.814,-1.561,1.898,0.897,0.172,1.421,1
-0.986,0.15,0.477,-2.052,0.773,0.658,-1.532,-1.329,-0.316,-0.795,-0.762,0.27,0.364,2.207,0.304,-0.128,-1.782,-0.285,0.144,-0.129,-0.849,1.243,-0.288,-0.384,-0.116,-0.208,-0.179,-1.02,0.002,0.99,1
-0.276,-1.119,0.191,-2.176,-0.292,2.013,-0.996,-1.143,-0.038,0.965,0.235,0.525,0.655,-1.315,-1.114,1.319,-0.192,-0.721,-0.974,0.23,-0.262,0.258,-0.63,0.565,-0.923,-0.196,-0.85,-0.408,-1.47,1.439,1
0.06,0.636,-1.512,-0.155,-0.395,0.016,1.458,1.032,1.263,1.841,0.9,-1.226,-1.124,0.839,0.022,2.112,-0.983,-0.232,-0.753,-0.846,1.615,-0.837,-0.201,-0.766,2.195,0.237,1.366,0.144,-0.548,-0.446,0
0.652,0.444,1.486,0.767,-0.661,-0.949,-0.2,-0.687,1.483,0.629,0.975,-0.635,-1.962,1.12,-0.945,-1.152,0.195,-0.944,-1.13,0.259,-2.084,-1.326,0.917,-0.996,0.737,0.56,0.675,-2.0,0.97,-1.429,0
-1.147,1.792,0.199,-2.577,-0.797,-0.272,1.549,-0.401,-1.649,-2.147,0.096,0.697,0.795,-2.093,-1.638,-0.687,-0.041,-1.777,-0.188,-0.549,-0.607,-0.03,0.205,-1.12,0.169,-0.846,-1.266,-0.81,-0.631,0.43,1
0.615,0.127,-0.958,-1.282,1.323,-0.175,0.839,0.44,1.263,0.332,0.06,0.644,1.234,-0.818,-0.413,0.671,-0.68,0.229,-0.284,-0.038,0.69,0.696,-1.588,-2.665,-0.507,-1.753,1.171,1.02,0.696,0.965,0
0.986,1.935,0.389,-0.953,0.5,-0.115,0.804,-1.641,-1.031,0.6,0.241,1.627,1.184,-0.119,-0.192,-0.619,-1.245,-0.357,-1.152,-0.288,2.642,1.092,1.052,-0.252,1.04,0.054,-0.718,3.039,1.016,-0.058,0
0.595,0.11,-0.832,1.032,1.324,-0.765,-0.338,0.727,-0.883,0.56,-0.252,-0.306,0.466,-1.16,0.756,0.761,0.224,-0.628,-1.163,0.0,-0.082,1.15,1.261,0.159,0.26,0.107,0.426,-2.797,-1.178,0.164,1
-0.416,0.085,-0.609,0.463,-0.119,-0.686,-0.86,-1.339,-1.38,1.239,-0.676,1.245,0.012,0.921,0.948,1.257,0.51,0.499,-0.181,-1.422,0.215,-0.53,-0.899,0.739,1.44,0.013,0.581,0.148,-0.514,1.184,0
1.453,0.282,-1.271,0.178,-1.124,0.262,0.276,-1.44,1.291,0.285,-1.742,-0.104,0.184,0.74,0.589,0.154,-0.256,1.074,0.444,1.236,-0.993,-0.22,-1.471,-0.875,-0.449,-1.473,1.534,-0.571,0.986,-0.9,1
0.388,0.509,-0.177,1.309,0.476,0.943,1.069,-1.042,2.29,1.139,1.393,0.646,-3.631,1.115,1.097,-1.284,0.189,-0.614,1.549,0.024,-1.37,-0.177,-0.506,-1.263,-1.808,-0.474,-0.669,-0.779,-0.793,1.315,0
0.415,0.427,-0.704,1.849,0.619,-0.574,1.371,0.635,-0.343,-0.677,0.498,0.573,1.46,1.262,0.445,0.13,1.271,0.535,-0.189,-0.266,-0.38,0.598,2.309,-0.632,-0.108,2.293,0.368,-0.585,1.341,-0.315,1
-0.357,-0.096,-0.589,-0.332,0.44,-0.967,0.305,-1.91,0.922,0.793,0.618,0.264,-0.692,1.323,-0.864,-0.878,0.453,-1.235,0.612,0.558,0.323,0.211,-1.224,1.092,-0.122,0.947,-0.907,-0.313,-0.435,-0.167,1
1.471,-1.264,-0.723,-1.545,1.165,0.96,-1.796,0.094,-1.144,-1.33,0.961,-0.795,0.233,-0.698,-1.895,1.163,-1.004,-0.752,0.222,0.416,-0.445,0.076,0.659,0.361,0.121,0.819,0.937,0.659,-1.484,1.44,1
-0.423,-0.899,-1.521,-1.041,-0.887,1.353,1.745,-1.032,-0.267,-0.328,-0.909,-1.0,2.024,0.139,0.968,-0.31,0.037,-0.604,-1.071,0.684,1.042,0.89,-0.676,1.338,3.099,1.722,0.07,-0.423,-0.905,-0.944,1
0.279,1.394,-0.818,-0.539,1.503,-0.181,-1.052,-0.167,-0.258,0.187,0.221,2.344,-0.036,0.02,1.147,0.112,-0.134,0.532,0.111,-1.752,1.429,-0.773,0.023,0.276,-0.85,2.478,0.253,0.442,1.184,0.273,0
-0.413,-0.605,-0.362,-0.243,0.026,0.715,-0.66,-0.077,0.326,-1.855,-0.397,-0.723,-0.314,-0.513,-0.346,-1.357,-0.679,2.203,-1.976,-0.538,0.581,-1.133,-1.139,0.521,-0.023,-2.55,-0.334,0.617,1.165,-0.988,0
0.677,-0.523,-1.369,0.682,-0.568,-1.064,-0.985,-1.51,0.492,1.099,-1.786,0.316,-0.156,2.014,-0.094,0.072,1.028,2.469,-0.087,0.019,-0.992,2.299,0.372,1.387,-0.936,-0.107,0.678,-0.978,1.82,-1.022,0
-1.323,0.821,1.058,-0.08,1.628,0.135,0.954,-0.845,0.439,0.081,-0.543,0.041,0.923,1.019,0.775,-1.659,-1.029,-0.948,-0.704,0.072,-0.931,0.528,-1.637,-0.816,-0.658,1.096,0.256,0.343,-0.604,-2.022,1
-0.351,0.371,-0.489,-1.775,0.576,0.558,0.333,-0.258,0.475,-1.14,1.282,0.615,0.119,-0.847,0.11,0.219,-0.23,1.423,0.814,1.987,-1.333,-0.164,0.611,-1.413,0.137,-0.4,-0.032,0.941,-0.171,-1.981,1
0.173,-0.255,0.462,0.467,0.115,-0.197,-0.859,-0.671,0.834,0.241,1.119,1.261,0.056,-0.012,1.574,1.367,0.519,0.331,-0.394,-0.413,-0.836,-0.573,-1.674,2.223,0.469,-1.881,0.536,-0.815,0.24,2.033,1
-0.391,0.171,0.357,-1.266,0.16,0.452,-1.116,1.647,0.566,0.449,-0.283,-0.983,-0.887,-0.261,-0.256,0.318,-0.446,0.052,-0.07,0.557,0.643,-0.811,-0.843,0.087,1.227,0.59,-1.276,1.212,-1.482,0.779,1
-0.006,-0.54,0.577,-1.471,-0.996,-0.371,1.732,0.423,-0.139,-1.401,-1.926,0.306,0.887,0.823,-0.005,0.393,0.11,-0.39,-1.181,1.205,0.249,0.17,-0.406,-0.584,0.489,-1.037,1.227,-1.329,1.105,0.558,0
-1.542,-0.127,-0.597,-1.091,-0.908,1.473,-0.491,1.389,-0.018,2.193,-1.069,-1.316,0.41,-1.155,-0.513,-0.568,-0.923,0.105,-1.868,0.872,0.666,-1.537,0.734,0.278,0.837,0.539,1.048,-1.786,1.737,1.87,0
0.146,-0.212,-0.635,-0.56,-0.861,-0.26,-0.761,-0.387,-0.896,-2.399,0.202,0.346,-0.843,-1.157,-1.212,0.131,0.007,2.144,0.771,0.501,-0.716,-1.413,-1.359,-0.701,-0.053,-0.625,-0.117,-0.768,-3.161,1.337,1
-0.486,1.805,-1.556,-0.795,1.054,-1.01,1.311,0.941,-0.039,-0.042,-0.223,-0.712,0.57,1.155,-1.072,-2.281,0.533,-0.546,0.218,-0.411,0.249,2.086,0.95,-0.205,1.472,-0.155,-1.422,-0.924,-0.858,0.148,1
-0.5,0.666,0.043,2.51,-2.532,0.604,-0.286,-0.158,1.001,-0.398,-0.467,0.164,-1.354,-1.414,1.409,-1.033,-1.443,-1.702,0.541,-1.692,0.101,1.414,0.065,-1.146,-0.599,-1.09,1.293,0.168,-0.536,1.498,1
0.66,-0.976,1.151,2.09,0.112,-0.511,-1.21,-0.119,1.191,-0.254,-0.35,0.068,-0.189,-0.081,-1.223,0.443,-1.392,2.316,-1.766,-0.108,-0.262,-0.685,2.284,-0.231,-0.787,0.602,-0.981,0.738,-1.38,-0.018,1
0.345,-1.129,-1.491,-0.907,2.12,1.09,-0.129,-0.28,0.147,0.557,-2.373,-1.313,0.894,0.984,-1.024,-0.778,0.349,-0.768,2.129,0.58,-1.934,0.091,0.214,-0.126,-2.162,-0.99,-0.616,0.07,-1.026,-1.127,1
-1.816,-0.783,-0.066,1.247,1.089,-0.454,-0.477,-0.278,1.208,-0.133,-1.814,-0.891,-0.348,-1.078,-0.393,0.547,-0.052,-0.965,0.721,-0.371,0.546,-0.257,-1.916,0.058,-0.66,-2.336,1.114,-0.564,0.787,-0.524,0
0.582,-1.295,-2.195,1.454,0.286,1.47,1.367,-1.264,0.362,0.347,-0.678,1.135,-0.297,0.253,0.026,-1.055,-1.785,0.573,-0.883,-0.047,-1.161,-0.805,-0.135,0.639,0.79,-0.594,0.444,1.699,1.988,0.998,1
-0.606,0.357,0.462,0.911,-1.104,-1.563,-0.15,-0.398,0.058,-0.287,0.528,0.645,-1.471,0.693,0.126,1.371,-0.974,0.928,0.434,0.869,-0.777,1.701,-0.39,0.843,-1.663,-0.571,-0.888,0.158,-0.492,0.023,0
0.071,1.219,-0.136,0.133,-1.194,0.285,0.497,0.186,0.472,-0.465,0.161,-0.858,0.398,-0.67,-0.576,0.891,0.61,0.187,-1.307,0.081,-0.285,1.035,2.442,-1.512,-0.895,0.729,0.835,-0.254,0.546,-0.626,0
0.536,-0.642,1.738,0.203,0.561,0.26,0.154,0.366,-2.146,-0.406,1.3,-0.121,-0.242,-0.78,0.023,-1.328,-0.513,-0.965,-0.102,1.695,0.37,-0.321,-0.904,1.501,0.607,-0.293,0.313,-1.408,0.76,-0.75,0
-1.323,-2.219,-0.903,1.076,0.024,1.481,-0.538,0.012,0.002,0.396,-0.6,-0.136,-0.91,0.495,0.63,-1.62,1.075,-1.217,0.65,-2.175,-0.194,-0.002,-2.125,1.184,-1.745,0.52,0.586,-1.593,-1.158,-1.14,0
-1.258,0.528,-0.34,-0.309,-1.656,0.403,0.293,-0.791,0.13,-0.551,0.944,-0.108,-0.615,-1.32,-1.635,-0.831,1.443,-0.496,-0.392,-0.923,-0.6,0.633,0.214,0.25,-0.332,0.2,-1.742,1.482,1.266,-1.505,1
0.96,-0.393,-1.628,-1.406,0.423,-1.377,0.853,0.074,0.517,-0.843,1.356,-0.106,-0.005,0.951,-1.389,-0.052,-0.866,-0.927,0.615,-1.103,-0.425,-0.231,-0.822,-0.508,0.391,-0.65,0.326,2.392,0.625,-1.741,0
-0.355,1.595,-0.521,-0.518,0.564,-0.085,0.219,1.175,0.246,0.25,1.127,-2.117,1.033,1.176,0.759,0.235,1.327,1.078,1.048,0.875,-1.154,0.197,-0.04,1.649,0.437,1.177,0.054,0.631,0.705,0.201,1
-0.224,0.108,-1.079,0.444,-0.196,-0.111,-1.415,-1.817,-0.875,-0.577,-0.23,-0.526,-0.478,1.188,0.82,0.253,-0.097,0.9,-0.324,-1.26,0.863,-0.488,-0.182,-0.574,1.477,0.513,-1.558,1.772,-0.437,1.362,0
-0.106,-0.557,-1.274,1.037,-1.276,-0.368,1.027,0.556,0.176,0.04,0.473,-0.775,0.324,-1.058,0.014,0.291,0.829,1.25,-0.253,0.323,-0.445,0.108,1.211,0.981,0.53,-1.297,-0.124,-1.083,0.061,0.857,1
-0.824,0.457,0.977,0.449,-0.339,-0.193,0.03,0.582,-1.611,-0.492,-2.424,0.14,-0.004,0.055,0.398,-0.705,0.201,-0.032,0.877,-0.343,-0.726,-2.133,0.489,1.021,-0.402,-1.014,-0.217,0.829,-1.371,1.194,1
-0.374,1.742,1.891,-0.242,-0.067,-0.603,-0.355,0.257,-0.571,-1.885,-0.778,1.206,0.386,-0.851,0.41,-1.262,-0.674,0.177,-0.806,1.26,0.472,1.542,-0.545,-1.083,-0.499,-2.419,-0.653,-0.169,1.103,0.542,1
0.55,1.606,-0.837,-0.741,0.741,0.963,0.24,-0.662,0.321,-0.924,-1.962,-1.34,-1.61,-0.981,-0.88,0.662,1.26,0.57,-1.567,-0.184,-0.674,-0.386,-0.915,-0.601,-0.397,0.523,-0.304,-1.537,0.061,-0.506,0
-1.789,0.915,-0.49,0.432,-0.665,2.027,-1.856,-0.295,0.079,-0.239,-0.81,-0.416,1.141,-0.499,-1.848,-0.256,-1.26,-1.709,-0.106,0.273,0.918,0.678,-1.178,-1.702,1.951,0.779,-1.854,0.277,-0.123,0.151,0
1.306,1.414,-1.41,-0.253,0.813,-0.628,0.011,0.82,0.194,-1.042,0.21,-0.986,0.621,0.963,-1.229,-2.558,-0.359,0.726,1.277,-0.259,-0.253,-0.498,1.681,0.906,0.05,-0.167,-2.53,-0.709,1.447,0.216,0
-0.893,0.142,0.664,1.701,1.223,-0.458,0.008,0.512,-2.738,-1.266,0.239,0.253,0.432,-0.871,-0.353,-1.691,0.321,-0.972,-0.017,-0.781,0.358,2.321,-0.136,-0.252,0.829,2.025,-0.674,2.291,0.323,-0.66,0
-1.511,0.522,-0.763,0.155,-0.234,1.357,2.184,-0.276,0.839,1.276,1.44,0.832,-0.804,0.812,0.776,-0.482,0.542,-1.283,-0.059,-0.874,-1.58,1.266,0.03,0.881,-0.799,0.892,1.051,1.282,-0.137,-0.376,1
-1.177,-3.428,-2.822,0.303,-2.359,1.152,-1.774,-2.003,-1.481,-0.022,-0.069,-0.658,0.955,1.435,0.293,0.143,2.601,-1.27,-0.076,-0.249,1.941,-1.139,-0.066,0.67,-0.921,-0.148,-0.026,-0.39,1.239,0.346,0
1.859,0.96,0.992,-0.488,-1.92,0.58,-0.537,-1.443,-0.516,-0.965,-0.42,-0.429,0.113,-0.647,0.827,1.497,-0.354,0.45,-1.782,0.874,-0.266,-1.324,1.05,-0.801,-0.716,-1.189,0.246,0.518,0.716,0.262,1
0.574,0.832,-0.354,-0.727,0.454,1.468,-1.132,-0.56,1.181,-0.42,-1.291,1.907,0.336,-0.032,-1.666,-0.653,-0.207,0.515,-0.396,0.402,2.019,1.035,-2.028,-0.627,-0.601,-0.638,0.996,1.099,-0.416,-0.338,0
-1.258,-0.638,0.21,0.248,1.915,0.293,2.748,0.514,0.777,0.197,0.615,-0.15,-0.755,1.411,-0.702,0.023,-1.197,1.551,1.4,-0.944,0.638,-0.324,0.595,0.031,-0.903,-1.135,-0.253,0.225,0.067,0.113,1
1.197,0.448,-0.982,-0.262,0.592,-0.675,0.893,-0.961,0.596,1.051,-0.494,-1.349,1.145,-0.616,0.809,-0.508,0.146,1.774,1.823,-0.692,0.378,-0.553,-1.005,-0.237,-1.631,1.502,-1.886,-0.904,0.929,-1.614,1
-0.889,-1.327,-0.316,1.066,-0.724,0.53,0.044,-1.08,-0.256,3.119,1.056,-0.677,-1.224,-0.177,-0.373,-2.331,-0.933,-1.119,0.324,-0.743,-0.296,0.235,0.854,-0.192,0.841,-0.01,2.571,0.198,0.073,0.938,0
-0.931,-0.073,0.029,1.178,-0.783,0.043,0.629,-1.152,2.239,0.654,0.225,0.674,0.828,-0.214,0.014,-1.232,0.282,-2.02,-0.467,-0.118,-0.469,-1.743,-0.013,-0.963,-0.722,-1.373,0.58,-0.562,0.107,-0.204,1
-0.082,-0.708,-2.343,0.032,-0.778,0.35,0.799,-0.424,-1.354,-0.829,-0.41,-0.484,1.574,1.432,1.27,0.124,0.608,0.851,-0.603,1.077,-0.051,1.162,0.117,1.561,1.61,1.474,0.384,0.937,-0.047,0.164,0
0.69,0.059,-0.297,-0.141,-1.186,-0.569,-1.509,-0.719,-0.229,-0.693,0.541,0.634,0.354,-0.618,-0.497,-0.399,-1.466,1.127,-0.947,-0.202,1.091,0.594,-1.676,0.022,0.605,0.237,0.141,-0.817,1.385,1.126,1
0.716,0.674,-0.821,-0.288,0.863,0.43,1.031,0.359,0.331,0.883,0.624,0.21,-0.86,0.824,0.013,-0.334,0.895,-1.193,2.089,-1.998,-1.267,0.132,0.245,-1.479,0.049,0.366,-0.27,-1.943,1.312,0.488,1
-2.029,0.852,0.182,1.28,0.73,1.231,0.439,1.032,0.723,1.45,1.121,-0.9,-1.952,-0.238,-0.517,1.641,-0.444,1.352,1.262,-0.668,-1.388,0.111,-0.08,-0.933,-1.295,-0.771,0.239,-1.78,0.798,-1.363,1
0.386,0.237,-0.384,0.687,-0.208,1.601,0.014,0.632,0.707,-0.524,1.815,-0.06,3.024,-0.752,0.763,-0.47,-1.195,-0.852,0.224,0.604,0.541,0.89,0.165,-0.695,0.129,0.343,0.01,-3.549,-0.682,-0.557,0
-1.556,0.186,0.54,-0.214,2.055,1.403,-1.313,-2.826,-2.978,-1.045,0.235,-0.038,0.452,-1.171,0.355,-0.746,-0.458,0.59,-0.838,0.753,0.327,-0.758,0.621,-0.424,-1.37,0.692,0.554,-0.542,0.759,-0.134,1
4.051,0.903,0.514,-0.242,-1.423,1.069,-0.966,-0.424,-0.149,0.254,-1.221,0.336,0.943,0.226,1.069,-0.622,-0.584,-1.155,0.371,0.059,-0.228,-0.131,0.659,0.863,0.705,-0.109,-0.807,0.363,-0.517,-0.281,1
0.131,-1.626,0.251,-0.115,-0.861,0.407,1.412,-0.638,-0.258,0.17,0.783,-0.055,-1.563,0.953,0.508,-0.117,-1.334,-0.283,-0.831,0.692,1.316,-1.785,-1.018,0.027,0.415,0.435,0.48,-0.431,1.29,0.358,0
0.001,0.28,-1.278,-0.047,-1.294,-0.516,0.511,0.396,-1.492,0.306,0.191,-1.255,-0.286,-0.103,0.836,-0.327,0.883,0.36,-0.532,0.036,-0.523,1.725,0.953,-1.505,0.033,1.349,-1.597,-0.872,0.949,0.431,0
-0.295,0.173,1.834,0.935,-1.06,2.493,0.141,-0.211,0.314,1.385,-0.772,-0.181,0.153,0.909,-0.874,0.211,-1.111,1.433,-0.171,-1.399,-1.588,0.021,0.107,-0.578,-0.897,-1.87,0.415,-0.324,1.35,0.93,0
2.037,-0.527,0.244,-0.874,1.609,0.008,-0.53,-1.592,-2.594,-0.698,0.047,-0.328,0.476,-0.648,-0.697,0.34,0.349,0.557,-0.126,1.098,-1.091,1.128,0.444,-0.771,-0.255,0.451,0.666,1.111,0.275,-0.807,1
0.234,-0.788,-0.495,0.127,0.425,0.089,2.017,1.135,0.295,1.296,2.198,-0.921,0.847,0.424,-0.924,0.371,0.951,-0.062,-0.033,0.245,1.07,-1.283,0.936,2.367,-0.004,0.048,-0.438,-0.97,0.102,-0.45,0
-0.792,-0.809,-1.163,0.661,-0.009,-0.467,-0.167,0.073,0.013,-0.942,0.672,0.976,0.916,-0.42,-1.115,0.011,-0.364,1.447,1.912,0.033,-0.105,0.23,0.398,1.232,0.036,1.318,-1.146,-2.339,1.318,0.719,0
-0.949,1.074,0.056,0.534,1.981,0.489,-0.562,-0.084,-0.007,0.828,-0.996,-0.617,-2.467,0.133,0.651,0.269,-2.128,0.469,0.179,-1.238,-0.766,0.902,-0.608,0.094,0.907,-1.1,0.741,-1.639,-0.434,1.421,1
-1.427,1.435,-0.4,-1.001,-1.089,1.915,-0.194,1.469,1.036,1.509,0.073,0.139,-0.93,0.108,1.054,-0.256,-0.083,-0.114,0.418,-0.128,-1.566,-0.692,-0.839,-0.021,-0.415,0.139,0.311,-0.254,-0.339,-1.173,1
0.67,-0.9,1.016,1.258,-2.341,0.613,-1.067,-1.669,0.415,-1.149,-1.703,-1.167,0.873,1.251,1.103,-0.797,-1.95,0.424,-0.528,-0.446,0.795,-0.14,0.41,-0.392,0.786,-0.011,2.336,-1.332,1.177,-1.138,1
-0.649,-0.293,1.287,-2.134,-0.304,0.688,-0.677,1.175,0.742,-0.454,0.107,0.499,-2.238,1.433,0.599,-0.502,0.703,-0.624,0.774,0.333,1.921,0.935,0.098,0.796,-0.951,-0.282,2.18,-1.298,-0.316,-0.156,1
-2.151,0.36,0.381,-1.214,-0.527,-0.077,0.593,0.769,1.241,1.042,-0.222,1.819,-0.26,-0.158,1.857,0.747,-1.582,-0.506,-1.915,0.097,0.072,0.472,-1.052,-0.489,-0.348,-2.496,-2.173,-0.182,0.627,-0.32,0
0.6,0.354,0.204,-0.464,-0.101,0.923,0.68,0.942,-0.153,1.395,0.709,-0.544,-0.215,0.243,0.559,1.29,0.103,-0.742,-1.21,-0.2,0.71,0.362,-0.696,0.206,-1.622,-1.098,0.275,-0.813,-0.085,1.813,1
-0.467,-0.128,-0.593,0.737,1.982,-0.117,-1.197,0.856,-0.218,-0.84,-0.701,-0.122,-1.286,-0.043,0.598,0.133,0.189,-0.302,1.3,0.587,0.57,0.666,0.114,0.165,-0.578,0.409,0.024,0.846,-0.579,-0.217,1
-1.046,0.777,0.932,-0.154,-0.424,-1.88,1.622,-0.466,0.427,0.192,-1.048,-1.716,1.525,-1.515,-0.726,-0.549,-1.566,-1.242,-0.402,-0.956,0.09,-0.866,0.443,0.332,-1.903,0.181,-0.209,-1.161,-0.071,-0.192,1
0.041,0.276,-0.398,-0.881,-1.187,2.747,-0.726,1.258,0.607,-1.074,-0.105,0.419,0.419,-0.665,-1.835,1.88,0.379,1.028,1.6,-1.598,2.204,0.057,0.443,-1.079,0.434,1.0,0.736,0.795,-0.04,0.208,0
1.249,-0.848,-1.091,-1.191,-1.302,0.679,0.311,1.017,-0.143,0.25,-2.371,0.595,-1.095,-1.255,-1.587,-1.072,-1.54,0.181,0.591,0.093,0.097,-2.048,0.284,-1.766,-0.658,1.358,0.178,-0.779,0.109,-0.727,0
-1.626,0.067,0.084,-1.217,-0.475,0.345,0.302,0.87,1.099,0.878,0.219,-0.058,0.425,-1.42,-0.05,-1.73,-0.015,0.223,0.12,0.483,-1.686,0.06,-0.842,2.484,0.737,1.396,-0.137,0.659,2.121,-0.574,0
0.88,1.172,1.891,-0.069,1.313,-0.313,-0.906,0.081,1.355,0.031,0.126,0.264,0.034,-0.798,0.099,-0.111,-0.473,-2.845,1.038,-1.676,-1.111,-0.514,0.959,-0.288,0.938,-1.318,0.038,0.885,0.471,-1.284,0
-0.152,-0.699,-0.325,1.678,-0.157,-0.796,-0.653,0.749,-0.188,0.181,-0.172,-0.712,0.582,-0.182,-0.066,0.407,1.115,-0.883,-0.547,0.164,-0.583,1.792,-0.548,0.515,-0.14,-1.041,-0.823,-0.749,0.346,-1.084,0
-0.289,-0.506,0.28,-1.113,-1.665,1.139,0.245,-0.336,0.374,1.196,-0.075,-0.205,-0.601,-2.01,-0.702,0.993,-1.035,-0.51,1.294,1.411,1.341,0.835,-1.412,0.804,-1.402,-0.749,-0.794,-0.429,-0.999,0.37,1
0.256,0.876,-0.54,1.265,0.085,-1.396,-1.12,-0.135,0.814,-1.82,0.411,-1.011,0.636,1.08,1.435,1.051,-0.586,-0.894,1.051,-1.383,-0.814,0.223,1.344,-0.641,0.876,2.217,0.436,0.777,0.417,-0.097,1
-1.272,-1.555,-1.323,-0.653,-1.507,0.876,-0.082,-0.603,-0.307,-0.169,-1.199,-0.368,-0.575,-0.371,0.189,-0.975,-1.336,-0.322,1.293,0.515,0.558,1.313,-0.588,0.387,0.155,-0.608,0.872,0.412,-0.562,0.436,0
0.568,0.709,-0.325,-1.257,1.211,1.453,0.277,-0.46,-0.258,-1.104,-1.4,0.336,-1.279,0.204,-0.137,-0.623,0.07,-1.106,0.979,0.06,1.014,1.071,0.636,-1.86,-1.44,1.048,1.071,0.639,1.133,0.899,0
0.796,0.242,1.851,0.713,-1.18,0.444,-0.249,-0.713,-2.245,1.562,-0.899,0.506,0.034,-0.897,0.298,-1.819,1.23,1.293,0.068,-0.726,1.569,-0.176,0.077,0.053,1.046,0.144,0.601,0.86,0.414,-2.251,0
-0.339,-0.583,0.122,1.93,-0.703,-1.627,-0.662,-0.219,-0.465,-0.869,0.969,0.225,1.089,-1.298,-1.59,-0.265,0.272,-0.306,0.147,-0.065,0.206,1.08,-1.535,1.284,-0.477,0.679,0.337,1.393,0.015,1.257,0
1.097,2.539,-0.267,1.217,-0.695,-1.033,0.518,-0.611,-0.417,-0.168,0.219,0.17,-1.506,-1.278,0.999,-2.085,1.577,0.574,-1.547,-1.227,1.123,0.222,-1.006,1.68,0.982,-0.487,1.51,-0.368,0.453,0.543,1
1.779,-0.364,-0.624,1.413,1.7,1.292,-0.473,-0.607,1.316,0.696,0.14,1.054,0.764,-0.696,-0.509,0.17,-1.935,0.13,-0.852,-1.15,0.857,1.119,1.314,-1.09,-0.434,-1.07,1.159,0.929,-0.495,1.391,1
-0.107,-1.619,1.583,0.232,2.808,0.654,-1.058,1.183,1.011,0.838,0.784,-0.046,0.474,0.631,-0.198,0.977,0.821,0.284,2.67,-0.053,-0.006,1.754,2.094,1.385,-1.425,-0.768,0.689,-0.936,1.796,0.615,0
-1.135,1.361,0.978,-0.231,0.699,-0.182,-1.791,1.127,-0.556,-2.319,1.68,2.237,1.81,0.587,-1.202,-1.117,-0.346,-1.457,-1.002,0.752,-1.248,0.399,-1.466,0.598,1.177,1.955,-0.521,-1.565,0.203,-0.782,0
0.724,-1.45,0.224,0.852,0.871,-1.842,0.961,-1.595,-0.5,0.714,-0.778,-2.633,0.032,-0.442,1.378,-0.644,0.265,-0.489,-0.293,1.809,-1.713,-0.658,1.761,-1.288,-0.095,-0.563,0.796,0.828,-0.051,0.652,0
0.581,1.161,1.331,1.001,0.963,-0.557,-1.133,-0.249,-0.021,0.975,-1.182,-0.216,0.934,0.078,-0.085,-1.105,0.206,-0.55,0.422,1.606,-0.743,0.412,-1.811,0.498,-0.062,-0.76,-1.075,-0.762,0.223,-0.53,1
0.991,-0.976,-0.03,-2.751,-0.028,0.343,-0.469,1.96,-1.114,1.55,-0.148,1.701,-0.055,0.396,1.029,1.365,0.792,-1.081,-0.31,-2.18,-0.063,0.04,-0.508,-0.462,1.427,-0.287,2.277,0.394,0.206,0.111,0
0.019,-0.87,-1.001,0.496,0.116,-0.496,-1.341,0.039,-0.981,-0.387,-0.533,-0.858,0.944,-0.463,0.888,1.176,0.048,0.552,-0.248,-0.368,-0.446,-1.088,-0.427,-0.372,1.21,0.542,0.686,0.067,-0.21,-0.022,0
1.585,-0.164,1.506,0.127,2.88,-0.98,-0.073,-0.051,-1.458,-0.886,-0.457,-0.186,0.878,0.855,1.372,1.66,-1.218,0.887,-0.434,1.284,-2.309,1.066,-1.181,-0.29,-0.452,1.569,1.092,-0.426,-0.067,0.613,0
-0.253,-1.194,-1.113,-0.52,0.849,0.57,-0.455,0.022,0.987,-0.185,-0.758,-0.615,-0.774,-1.167,-0.393,1.047,-0.587,2.11,-1.459,1.498,1.363,1.707,1.419,-1.174,-0.051,0.044,-0.429,0.353,-0.471,0.148,0
0.345,1.309,-0.514,1.555,0.675,-0.283,0.154,-0.854,-1.033,0.23,-0.858,-1.336,-0.476,-0.554,0.612,-0.488,-0.149,0.055,-0.568,0.595,1.37,-0.525,-1.341,-0.131,-0.328,-1.624,1.229,0.895,0.548,0.371,0
-0.462,0.394,0.429,0.128,0.927,0.112,-1.688,-0.547,1.572,-0.973,-0.469,0.575,0.546,0.157,-1.409,-0.254,-1.396,0.036,0.636,-0.493,-0.034,1.816,1.65,-0.801,-0.061,-1.795,-0.182,1.566,0.613,2.718,0
-0.255,0.48,-0.103,0.29,0.246,0.7,0.277,-0.798,-1.402,0.244,0.71,-1.14,-0.612,1.146,-0.364,2.963,1.057,-2.154,-0.109,-0.216,-0.849,-0.524,-1.009,0.14,-0.407,-1.239,-0.325,0.783,0.882,1.218,1
0.336,-0.219,-0.8,-0.857,0.937,-0.386,1.488,0.102,-1.646,0.288,-0.112,0.288,0.171,-0.834,0.877,0.979,-0.839,0.619,-1.98,1.369,-1.492,0.743,-0.183,-0.166,2.023,-0.74,-0.08,0.197,0.58,1.395,1
-0.336,0.89,-1.541,0.123,0.851,0.689,-1.325,-0.803,-2.078,1.467,2.593,-1.951,1.241,-0.837,0.311,-0.427,-2.192,0.443,-0.815,2.654,1.092,-0.911,-0.63,-0.588,-0.562,-0.888,-0.334,0.026,-1.27,-0.675,0
0.566,-0.578,1.009,0.935,1.537,-0.595,1.019,-1.106,0.085,-1.147,-0.471,-0.691,-1.099,-0.337,-0.218,-0.555,0.773,-0.78,2.039,-1.363,0.048,0.072,-0.569,0.106,-1.307,-0.439,-0.89,0.351,0.58,-1.188,1
1.038,0.356,1.201,-0.256,-0.489,0.668,-0.293,0.377,1.526,-0.206,-0.752,-1.067,-1.244,0.874,1.124,-0.981,-0.507,0.891,-0.028,-1.598,-1.4,-0.025,0.142,-0.963,-0.009,-1.858,1.325,-0.427,0.704,0.375,0
-2.032,-1.574,0.121,0.661,-0.12,-1.098,-0.261,0.061,-0.605,-0.514,-0.426,0.218,-0.532,-0.858,1.233,-1.644,0.433,0.372,0.573,-0.339,0.398,0.224,-0.495,0.113,1.791,1.767,-0.91,0.731,0.318,-1.245,1
0.132,-1.052,-0.872,-1.239,0.091,-0.7,-0.049,0.793,1.057,0.111,2.424,0.281,0.163,1.449,-0.475,-0.465,1.137,1.128,-0.097,-0.552,1.018,0.949,-0.101,1.463,1.08,0.449,0.701,-0.68,-0.047,-0.835,0
0.61,-0.166,0.823,1.137,2.123,-0.526,-0.443,1.243,-0.26,-1.029,-0.871,-0.801,1.72,-0.662,0.792,1.933,1.539,1.613,1.094,1.336,-1.524,-0.626,-0.641,-1.322,-0.368,0.201,0.579,0.14,0.682,-1.383,0
1.174,0.912,-0.141,1.394,0.356,1.905,-0.28,-0.156,-0.306,-1.177,-0.952,1.502,-0.348,0.784,-0.651,0.667,0.515,-0.667,-1.171,-0.072,-0.589,1.64,0.302,0.992,-2.068,-0.414,-0.108,0.274,-1.413,-0.568,0
0.622,-1.202,-0.649,0.033,-0.66,-0.195,0.619,-0.558,0.894,-0.089,0.256,1.331,0.198,-0.085,0.577,-0.738,1.268,1.45,0.633,0.858,0.958,-0.064,-0.884,0.096,0.26,1.616,-0.768,-0.226,-1.086,-0.245,1
-0.485,1.163,1.499,-0.636,0.7,-0.506,0.609,0.017,-0.088,1.133,1.903,-0.033,1.461,-2.171,0.195,-0.612,-0.561,-1.164,1.699,-0.495,-0.222,0.209,1.323,2.451,0.605,-1.054,-0.218,-0.539,-0.244,0.35,0
-0.578,0.549,1.388,0.845,-1.07,0.292,-1.989,1.441,-0.931,-0.158,1.195,0.198,-1.177,0.42,0.816,-0.129,0.662,-0.937,0.487,-0.284,-0.174,1.209,-0.114,-0.485,0.632,-0.272,0.562,-0.524,0.416,0.435,0
1.635,1.087,1.27,-0.087,-0.467,-0.12,0.734,-0.549,0.438,-0.247,-0.071,0.916,-0.15,0.447,-0.128,1.896,-1.704,0.325,0.722,0.689,0.768,-0.689,0.282,-1.17,-1.222,-1.781,-0.699,0.645,-0.935,-0.326,0
-0.363,-0.372,-0.142,-2.476,-0.017,0.471,-2.072,0.506,-1.027,1.466,0.799,-1.069,-0.594,-0.691,-0.842,0.042,-0.419,0.553,0.753,1.002,0.028,-0.579,0.181,0.521,2.819,0.242,-2.426,-0.516,-0.87,-1.892,1
1.53,1.538,0.178,-0.86,0.26,0.961,0.584,1.022,0.268,1.439,-1.86,0.275,1.937,-0.382,1.403,0.209,-0.674,-0.565,-0.103,1.489,0.273,0.656,-0.125,-1.085,-0.453,-0.08,-0.93,-0.971,0.254,-0.585,0
0.805,1.17,0.472,-1.156,-0.397,-0.663,1.079,1.123,-1.083,0.431,-1.531,0.342,0.198,0.362,-0.124,-1.609,1.363,-0.757,-0.256,-1.821,0.606,0.214,0.991,-0.697,1.005,-0.03,0.423,-0.265,1.335,0.691,1
-0.54,-0.257,-0.605,-0.052,0.941,-0.208,1.833,1.519,-1.012,0.453,1.887,0.194,0.724,0.858,-1.125,0.532,0.714,0.482,-0.821,-0.496,-0.228,0.368,0.059,0.893,0.776,-0.03,0.492,0.139,-0.935,-1.507,0
-1.83,0.506,-0.323,-1.55,1.124,-1.075,-0.17,-1.321,0.077,0.528,-1.046,-0.362,-0.303,1.491,0.699,0.177,0.624,0.193,-0.774,1.057,-0.162,-0.11,1.212,-0.355,0.773,2.864,-0.984,-0.058,0.592,0.532,0
0.993,-0.317,-0.543,0.007,0.86,-0.366,-0.607,0.404,0.35,2.059,0.296,0.096,1.251,0.189,1.91,0.876,0.103,1.039,2.291,1.526,0.246,0.44,-1.069,1.975,-1.363,0.431,-1.984,0.14,-0.12,-1.196,0
0.78,-0.122,-0.815,-0.267,-0.811,0.398,-2.658,0.177,-0.456,-0.29,-0.731,0.792,0.277,0.579,0.305,-0.567,-1.571,2.224,0.072,-0.971,-0.841,-1.44,0.215,-1.084,-1.224,1.066,-1.442,1.045,3.347,-1.258,1
-0.031,1.202,0.374,1.131,-1.067,0.046,1.337,-1.443,-1.238,0.756,-0.011,1.7,-0.615,0.913,-0.397,-0.438,0.358,-0.309,0.145,1.971,-0.337,1.805,0.908,0.787,0.55,0.984,1.503,1.197,-1.985,1.076,1
1.757,2.197,0.722,-0.644,1.323,0.263,-0.124,0.311,-0.231,1.006,-0.33,-1.019,1.063,0.379,-0.616,1.13,1.01,-1.542,-1.101,-0.117,2.164,-0.633,0.345,0.695,-0.314,0.0,0.138,0.021,-0.256,1.96,1
0.088,-0.678,-1.032,-0.567,-0.395,0.167,0.253,-0.057,-0.984,-1.381,-0.039,0.737,0.194,1.232,0.727,1.435,0.452,1.879,1.214,0.775,1.522,-0.118,-0.593,0.142,0.24,0.324,-0.513,-0.348,-0.345,-0.617,0
0.266,0.019,0.863,-1.177,-0.786,1.037,-0.686,-0.766,0.123,-0.591,-0.263,0.958,-0.623,0.618,-0.939,0.194,0.442,0.63,-1.426,1.527,-0.458,1.375,1.125,0.153,-0.098,0.166,-0.791,-0.818,-1.197,0.3,1
0.003,-1.417,1.334,-0.116,-0.554,1.68,-0.692,-1.094,0.839,-1.056,-1.536,-1.07,1.904,0.838,-0.727,0.008,0.269,-0.77,-1.596,1.173,0.459,-0.525,0.33,1.641,-1.495,-2.412,-1.218,-1.609,0.538,-0.863,1
-1.244,0.818,-0.693,0.199,-0.451,-0.453,0.607,0.098,-0.99,0.248,-0.633,-0.99,-1.904,0.051,0.768,-1.4,0.259,0.03,-0.897,1.257,0.177,0.792,0.449,0.436,-0.368,1.408,-1.247,0.541,1.099,-0.414,0
0.433,0.569,-0.961,-0.424,-0.605,-0.119,-0.762,0.655,-0.893,-0.384,0.439,1.267,0.201,-1.267,-0.071,-0.315,-0.003,1.332,-0.215,0.565,-1.405,2.425,0.628,-0.821,0.441,-1.19,-1.029,0.711,0.263,-0.27,0
-0.717,0.21,-0.598,0.259,-0.581,0.979,-1.566,-0.652,-0.518,1.041,-1.65,-0.292,1.426,0.431,-0.463,0.079,-0.244,-1.737,-0.209,0.283,-0.513,1.366,0.613,0.392,1.345,-1.43,0.326,-1.064,0.624,0.659,1
1.012,-1.42,1.066,1.468,1.2,-0.127,0.039,0.771,-0.337,0.155,0.75,0.133,0.145,1.467,0.077,-0.848,-0.199,0.551,0.31,-2.783,-0.272,-0.935,-0.271,-0.903,-1.042,-0.128,0.81,-0.147,0.243,2.437,1
-1.417,0.747,-0.397,-0.085,-0.571,0.188,-0.343,0.797,0.559,0.6,0.053,-0.247,2.229,-0.919,-0.848,0.349,0.997,-0.728,-1.068,-0.22,1.139,0.682,1.172,-2.597,0.318,0.055,0.155,-1.726,0.512,0.627,0
-2.056,0.59,0.618,0.185,0.275,-1.012,-1.486,-1.63,-0.559,-0.11,-0.278,-0.44,-0.777,2.009,-0.336,-1.321,0.262,-0.738,-1.388,-0.081,-0.088,1.757,1.205,-0.271,0.125,0.265,0.993,-1.078,-0.3,-0.91,0
-0.373,-1.396,0.313,0.178,1.445,-0.281,-0.499,-2.492,-1.269,1.186,1.551,0.283,-0.098,-0.834,0.256,1.201,0.343,1.014,-0.145,-1.538,-1.188,0.022,1.501,-0.278,-0.57,0.097,1.188,-1.318,-1.407,1.235,0
0.33,1.233,-0.192,-2.532,-0.651,-0.13,0.172,0.464,0.004,1.003,-0.134,0.457,0.945,-2.074,0.81,0.054,-0.005,-0.747,-0.048,-0.663,-1.195,0.255,-0.547,0.707,0.275,-0.687,1.035,-1.048,-1.343,-1.292,1
-0.322,0.148,-1.693,-0.718,-1.76,0.174,-0.423,-0.11,2.952,-0.492,-2.114,-0.723,1.697,0.26,0.341,0.588,-0.827,0.291,0.718,0.638,-1.015,-0.399,-0.429,-0.056,1.732,-0.697,-1.489,-0.936,-0.344,-0.07,1
1.237,0.11,0.131,0.954,-0.518,0.154,-0.688,1.152,-1.25,-0.735,0.098,0.691,0.556,-0.383,0.306,-1.152,0.183,-0.13,-0.33,1.274,-1.194,-1.939,1.264,-0.384,0.533,-0.144,0.181,1.093,-1.306,1.085,1
2.182,-1.231,-0.19,0.849,0.485,-1.006,-2.096,-0.168,-1.183,0.109,1.309,-1.31,0.386,-0.014,0.118,-0.48,-1.16,0.452,0.086,-0.516,0.925,-0.584,-1.323,2.304,0.917,-0.096,0.808,1.303,-0.106,1.04,1
-1.076,-0.477,-0.458,0.124,-1.075,1.199,0.593,0.133,-0.742,-0.146,-1.139,-0.575,-0.564,0.4,0.367,0.061,0.167,-0.932,-0.645,0.095,0.477,0.52,-1.235,1.386,-1.7,0.715,0.279,-0.216,-1.36,-0.669,1
0.93,-0.283,-0.713,1.101,-0.052,-1.627,0.693,-0.241,-0.488,-0.989,1.075,-0.178,-0.386,-0.704,0.367,-0.973,-0.624,-0.211,-0.523,-0.532,-0.055,0.916,0.648,-0.073,-0.055,-0.514,0.166,-1.472,0.772,0.164,0
1.131,-1.289,-0.305,-0.219,0.84,-1.373,-0.437,-1.183,0.378,-0.287,0.239,-0.445,-0.543,0.574,-0.871,0.75,0.92,-0.362,1.002,-0.22,-0.188,1.175,-0.128,0.653,-2.413,1.145,1.19,-1.329,0.534,-0.176,1
-1.25,-1.266,0.024,-0.349,0.057,-0.571,0.808,-0.301,-0.399,-0.362,0.214,-1.859,-0.455,-1.263,0.355,-0.798,-0.621,1.872,-1.627,-0.401,0.757,-0.439,0.393,0.137,-0.865,-0.083,0.818,-0.697,-0.051,-0.777,1
-0.005,1.076,-0.87,0.101,-0.828,-0.047,-0.482,0.874,-0.71,-0.523,2.614,-0.598,1.951,-0.91,2.246,0.608,1.166,-0.04,-0.406,-0.375,0.529,-0.841,0.481,-0.488,0.093,0.281,1.869,0.219,-1.837,-1.349,1
0.02,0.236,-1.798,-0.333,0.542,0.324,0.28,0.412,1.108,1.508,0.641,1.106,0.88,0.959,-0.432,0.178,-0.813,0.768,1.701,2.088,0.055,0.088,0.134,1.045,0.535,0.072,1.431,0.184,0.969,0.434,1
1.308,0.342,-0.155,1.764,0.011,-0.249,0.01,1.083,0.469,0.759,0.838,-2.586,1.281,2.224,0.671,0.108,0.086,-0.768,-0.922,-1.294,1.815,1.837,-0.581,-0.986,1.305,0.288,0.264,-1.816,-0.025,2.207,1
-0.232,-0.213,0.799,-1.019,0.247,-0.883,-0.481,1.367,-1.294,-0.614,-0.21,-0.018,-1.1,-0.178,-0.002,-0.444,0.084,-0.815,-0.938,0.401,-0.426,1.807,0.535,1.789,-0.158,0.096,0.415,0.776,0.352,0.162,1
1.096,-1.094,0.59,-1.104,-0.558,0.773,0.556,-0.955,-0.401,-1.288,-0.805,0.732,1.358,0.342,1.69,-0.083,-0.295,0.033,0.534,-0.292,1.146,0.357,0.941,0.375,1.418,0.004,0.707,0.833,-0.793,-0.36,0
-1.615,-2.403,-0.219,0.231,-0.128,1.984,-2.122,0.461,-0.619,1.113,-0.302,0.278,0.006,-0.295,0.042,0.957,0.936,1.082,1.531,-0.173,1.702,1.496,-1.316,1.174,0.868,-0.745,0.397,-0.394,-0.796,-0.167,0
2.311,-1.845,1.833,-2.271,-0.197,-1.22,-1.062,-0.157,-0.284,-1.153,-0.652,0.23,0.347,1.927,-0.327,-0.531,0.074,1.91,-0.944,0.025,-0.616,-0.299,-0.161,-0.181,1.002,1.447,-1.577,-1.856,-0.663,0.23,0
-0.104,0.69,0.826,-1.259,0.446,-0.232,0.165,1.545,0.211,1.622,-1.156,0.042,0.144,0.781,-2.263,0.59,1.689,-1.692,0.057,-0.559,0.367,1.476,-0.4,0.669,-0.813,-0.19,-1.364,1.354,-2.285,-0.669,0
0.446,-0.554,0.44,0.27,0.44,-0.413,-0.037,-0.076,-0.745,1.184,0.452,1.627,0.723,-0.871,-1.884,0.955,-0.349,-0.166,0.542,-0.029,0.55,1.861,-0.37,0.608,0.056,0.663,0.572,0.668,-0.266,0.17,0
-0.573,-1.12,0.302,-1.106,-0.101,0.449,1.403,-0.386,0.172,0.686,-1.458,0.769,2.808,-0.424,1.798,0.857,-0.047,0.335,0.287,1.901,0.324,0.635,1.332,0.272,1.011,-2.179,1.093,0.753,-0.427,0.728,0
-0.967,0.316,-0.896,1.776,0.267,0.11,3.184,-0.051,0.539,-2.039,0.926,-0.393,0.422,0.011,-0.438,-0.666,0.907,1.297,1.251,-0.066,0.595,-0.162,0.317,1.039,0.952,-1.528,1.032,0.864,-1.299,-0.734,0
0.273,0.744,-0.183,1.105,-0.253,0.2,0.533,-0.391,-1.26,-1.903,0.302,0.13,-0.846,-0.061,-1.681,1.234,0.382,1.432,0.788,1.564,-0.269,3.333,-0.894,1.283,0.833,-0.654,1.04,1.419,0.146,-0.585,1
-0.595,-1.236,-0.231,1.628,-0.906,0.337,-1.498,-0.668,-0.372,-1.533,0.208,0.564,-0.587,-2.047,0.297,-0.37,-1.365,1.376,0.658,1.293,-0.273,-0.551,0.474,-0.219,-1.262,1.866,-1.69,-0.255,2.379,-0.975,1
1.308,-1.383,0.52,-0.105,-1.314,0.142,1.02,-0.222,-0.183,-1.624,0.556,-0.427,-1.009,-1.719,-1.939,0.143,0.496,-0.038,-0.019,-1.028,0.706,0.43,-0.975,0.739,-0.037,-0.544,2.467,0.969,-1.043,1.722,0
0.332,0.273,0.0,-1.322,-1.456,0.223,0.14,-2.265,0.481,-1.858,-0.029,0.715,-0.274,0.738,-0.272,0.163,0.608,-1.195,1.489,-1.703,-0.295,0.173,0.284,0.376,-0.699,0.361,-1.062,-0.614,-1.185,-0.658,1
1.238,-0.227,0.028,-1.425,0.782,1.107,-0.557,-0.06,0.343,-0.139,0.976,-1.61,-1.654,0.937,1.361,-0.992,0.099,0.756,-0.688,-0.427,-1.379,0.816,-1.325,1.151,-0.277,1.141,0.966,1.706,0.243,-0.041,1
1.931,0.194,-0.122,-0.886,-0.415,0.449,0.56,2.532,0.867,1.169,0.221,1.442,0.2,-0.968,-0.987,2.267,-0.637,0.306,2.214,1.057,-0.211,-0.765,0.07,1.173,0.3,-1.274,-1.027,1.345,-0.687,-1.167,0
1.147,-0.999,0.971,1.581,0.888,-0.25,2.075,0.189,-2.029,0.226,-0.933,0.114,0.417,-0.427,0.059,-0.301,-0.381,-1.327,1.349,0.861,0.903,0.92,-0.259,-2.28,1.237,-0.098,0.298,-0.473,0.117,0.256,1
-0.177,0.733,1.905,-0.454,-0.913,0.81,0.875,-0.635,-0.213,0.998,1.329,2.382,0.442,0.404,1.781,-0.733,0.881,-1.15,-0.185,-0.049,0.047,0.123,-2.121,-0.07,0.36,-0.19,0.442,0.627,-3.566,0.808,1
0.949,-0.553,-1.211,0.274,-0.451,0.115,0.486,1.123,1.275,-3.184,1.08,1.477,-0.967,-0.698,-0.611,0.114,0.327,-0.845,-0.597,1.187,-2.886,0.769,-1.11,0.752,0.831,0.103,0.113,-1.295,-0.758,0.019,0
0.384,-0.196,-0.825,-0.08,-1.637,-0.801,-0.614,0.464,-0.556,0.215,-1.825,-1.925,-0.859,0.905,-0.715,0.405,-0.492,-0.649,-1.31,-0.831,0.795,0.168,1.77,0.348,0.585,1.752,0.449,-0.927,-0.707,-0.22,0
-0.586,-1.604,-0.603,-1.888,-1.313,-1.725,-1.875,0.563,1.145,-0.914,-1.526,1.043,-0.171,-1.451,-0.123,-1.16,0.706,-1.458,0.509,-0.249,-0.009,-1.134,0.084,1.111,-1.058,0.692,-1.369,-0.593,0.936,-0.311,0
0.389,1.982,1.175,-0.794,1.216,0.188,0.2,-0.385,-1.007,-2.636,0.677,0.513,0.804,0.309,-0.474,0.122,1.126,-1.078,-0.29,0.775,-0.013,-0.846,-1.301,-0.254,-0.384,-0.076,-1.974,-0.205,0.596,-0.278,0
-0.202,0.234,0.691,-0.068,1.397,-0.031,-1.68,0.539,-0.63,0.363,-1.55,-0.718,0.802,1.082,-0.558,1.685,1.303,-1.171,1.641,1.757,1.401,-0.193,-1.565,-0.54,1.133,0.737,1.676,0.745,0.953,-0.398,1
0.358,1.132,0.465,0.456,-0.434,-1.929,0.86,0.084,-0.628,-1.639,1.999,-0.179,-0.414,0.095,0.727,1.018,0.362,-1.195,0.311,-1.493,0.552,0.116,0.186,-1.239,0.431,-0.183,-1.559,-0.878,-0.127,0.987,0
-1.897,-0.19,-1.852,-2.127,-0.373,-0.179,-0.391,0.18,0.319,-0.27,0.135,0.102,1.927,-0.533,-1.754,0.822,-0.11,-1.704,1.912,0.549,-0.186,-0.929,-0.521,0.755,0.205,1.194,1.709,0.698,0.147,0.76,0
0.123,2.079,-0.755,-0.642,0.311,1.65,1.314,0.024,1.056,0.733,0.619,1.262,0.958,-0.083,0.557,1.052,0.34,0.64,-0.483,-1.62,0.479,-1.831,1.013,0.52,-0.16,1.166,-0.306,-0.609,0.823,-0.222,1
-0.587,0.721,0.088,-0.429,-1.64,-0.573,-0.056,-1.145,0.387,-1.677,-0.872,1.661,-0.092,-0.168,-2.244,0.273,1.262,-0.316,-1.112,1.632,1.491,-0.457,-0.196,-0.514,-2.184,-0.253,-0.528,0.189,0.202,0.866,0
0.917,-0.869,-2.011,-0.749,-1.262,-1.252,-3.18,0.033,-0.208,-0.546,2.295,-1.609,-0.56,0.454,-1.42,0.279,-0.858,1.303,0.579,-0.926,1.774,-0.355,-0.792,-0.463,-0.132,-0.206,-1.704,-0.368,0.735,2.321,0
0.026,-1.37,-0.79,2.218,1.472,-0.981,-1.118,1.034,0.945,1.342,0.16,0.069,-1.921,-0.491,-0.475,-1.458,1.313,0.686,0.6,-0.463,-1.505,1.604,1.491,1.303,0.277,1.138,1.245,0.05,0.017,0.07,1
-0.458,-0.114,0.22,-0.832,-0.516,-0.443,-0.897,-0.792,0.075,-1.287,-0.22,0.81,-0.774,0.648,0.78,1.681,0.558,1.265,-1.305,-0.079,-1.19,-0.692,-2.401,-0.613,0.501,0.245,0.415,1.808,1.042,0.237,0
0.004,0.488,-0.503,-0.036,-0.284,-0.683,-0.207,0.058,2.173,0.978,0.9,0.257,0.847,1.839,-0.426,-0.465,0.794,0.635,0.652,-0.026,-2.403,-0.385,-0.931,-0.124,-0.849,0.75,1.891,0.188,-0.39,-0.357,1
0.153,1.117,-0.124,-1.412,-0.563,0.428,0.607,-0.151,-0.086,0.416,-2.086,0.509,1.075,1.894,0.928,0.852,0.202,-1.543,-0.46,1.168,-0.143,-1.803,-0.977,-0.041,0.383,-0.035,1.014,0.677,-0.332,0.349,0
-0.209,-0.238,0.068,0.395,1.385,-0.32,0.024,0.491,-0.62,0.032,-2.48,0.468,-0.354,0.296,-0.508,-1.108,-0.252,0.842,-0.922,-0.256,-0.067,0.34,0.035,-0.811,-0.399,0.12,0.906,0.135,-0.722,0.127,1
-2.398,-0.275,1.687,0.106,-0.747,0.09,-1.732,1.697,0.174,-1.492,-0.632,-1.192,-0.635,-1.186,1.826,0.405,-0.929,-1.083,-0.64,-1.231,0.416,0.892,-0.816,0.272,-1.048,-0.851,-1.696,0.414,0.025,0.952,0
-0.194,-1.371,-1.736,-0.44,0.323,-2.158,1.363,-0.357,1.562,0.19,-0.002,2.114,0.365,-0.558,-1.178,0.252,-0.371,-0.397,-0.844,0.005,2.545,-0.042,-1.205,-1.168,0.441,2.672,-0.586,0.084,-0.476,0.243,0
-1.132,-1.105,-0.649,0.319,1.473,1.155,-1.058,1.165,-0.326,1.188,0.284,1.276,-0.298,-0.075,0.379,-0.2,1.634,-1.716,0.491,-1.432,1.42,-0.547,0.063,-1.15,-0.352,1.164,0.154,-0.507,0.901,1.596,0
-0.283,0.74,1.612,1.362,-0.505,0.209,-1.733,-1.087,-0.415,0.81,-0.572,1.034,0.77,0.059,0.288,0.053,2.539,0.562,1.505,-0.753,0.355,0.404,0.096,0.454,-0.154,0.596,0.405,-0.391,0.207,0.699,0
0.143,-1.168,0.814,-2.343,0.032,0.272,-2.187,-0.708,0.588,-0.731,1.406,-0.767,-0.622,-1.056,0.383,0.855,-0.553,-0.179,0.45,1.621,-0.691,0.681,0.268,-1.366,-0.895,-1.775,-0.669,0.249,-0.415,-0.539,0
-0.578,-0.598,-0.955,0.032,-2.052,-0.582,-0.792,0.11,-2.061,-0.409,-0.224,-1.006,-1.005,-1.209,-0.601,1.546,-1.611,0.955,3.502,1.85,-1.499,-0.11,-1.069,-0.187,1.042,-1.163,0.77,0.011,1.516,0.953,1
0.26,0.982,1.038,-2.061,-1.054,1.069,0.857,-0.829,-0.121,1.124,0.671,0.736,0.231,0.809,-0.316,0.266,-0.603,-0.201,1.718,1.183,-2.33,0.374,0.614,-0.586,-0.754,-0.341,-0.54,-1.397,1.172,-0.19,0
-0.142,0.406,-1.186,1.257,1.039,-0.766,-1.558,-0.936,0.663,1.244,0.684,-0.847,1.046,0.357,0.463,-1.466,-0.642,0.782,2.502,-0.009,-0.312,-1.182,1.248,-1.763,-0.289,0.398,-0.507,0.459,-1.853,-2.323,1
-1.627,-1.067,-0.353,-0.176,-2.228,-1.607,0.54,1.047,1.262,0.064,1.146,0.645,0.635,-0.412,0.285,-0.419,0.449,0.449,1.244,-0.29,-0.555,0.568,1.736,-0.766,0.013,1.043,1.065,-0.353,-0.884,0.398,1
1.801,-1.669,0.404,-0.049,0.446,-0.999,-0.303,0.653,-0.336,-0.549,-0.761,-1.257,0.739,0.165,-0.117,-1.667,-0.828,0.299,-0.446,-0.805,1.778,0.603,0.778,-0.077,0.744,1.145,-0.661,-1.012,2.255,-0.838,0
-2.317,1.29,0.901,1.114,-0.028,-0.008,0.493,0.131,0.026,0.185,0.734,-0.963,-0.507,0.861,-0.05,-0.256,0.283,-0.001,0.57,1.093,0.627,-0.62,0.373,1.963,2.023,0.292,-1.044,0.112,-1.314,-0.95,0
-1.174,1.612,1.174,-0.055,-0.487,-0.253,-2.308,3.012,1.328,1.225,0.764,-0.612,0.503,0.213,-0.51,-1.368,0.55,-1.284,1.327,0.376,-0.552,-1.081,-1.557,-0.0,0.248,0.637,-0.435,-1.326,0.193,-0.22,1
-1.568,-0.902,0.284,-1.285,-0.639,-0.122,0.388,0.463,-0.824,-0.178,-0.623,0.143,-0.315,-0.125,-0.609,-1.09,0.471,-1.252,-1.374,0.525,0.331,0.075,-0.829,1.078,0.243,1.461,0.962,-2.099,0.053,0.211,1
-0.744,0.525,-1.789,0.156,-1.614,1.954,-0.075,-0.602,0.08,-0.194,-1.03,0.274,0.318,0.726,0.653,0.319,-0.651,-0.89,0.933,0.809,-0.962,-1.692,0.36,-0.926,-0.825,-0.41,2.208,0.476,0.26,0.387,1
-0.656,-0.128,-0.301,-0.428,1.039,-0.361,-1.138,0.91,0.254,-0.349,0.571,-0.726,-0.338,-1.21,0.442,-0.455,-0.116,-0.84,-1.115,-0.672,0.548,0.366,0.063,1.49,-0.472,-1.555,0.789,0.544,-0.392,0.656,0
-0.116,0.19,0.518,-1.458,-0.241,0.047,1.536,2.271,-1.22,-1.685,0.145,1.787,-0.968,1.68,-0.242,-0.843,1.041,-1.651,0.5,0.308,-0.493,-0.403,1.366,-0.336,2.188,-0.187,-1.147,-2.108,-1.572,-0.143,1
0.439,0.691,0.625,0.395,-0.047,1.297,1.928,-0.081,1.25,-0.3,0.086,-1.54,-0.42,0.933,-0.669,3.187,0.613,-0.594,0.686,0.012,-1.214,1.166,-1.542,-0.218,0.732,-0.005,1.66,-0.528,-0.461,0.652,0
-1.289,0.405,-0.726,0.517,0.863,-0.791,-0.857,-0.112,1.352,1.45,-0.387,0.053,0.437,0.543,0.684,0.18,1.375,-0.295,0.862,1.826,-0.392,0.307,1.991,0.175,-0.222,-1.298,0.288,0.733,-0.674,1.196,1
2.475,-2.4,0.669,1.727,1.777,-1.449,0.272,0.176,-0.369,-0.852,-0.149,1.275,1.007,1.79,0.331,-1.313,0.971,1.773,1.115,-0.08,-0.77,1.285,-0.014,0.281,-0.748,-0.562,-1.001,-0.522,0.158,-0.551,0
0.821,-0.249,0.788,0.982,-1.07,0.86,-0.92,0.415,0.374,0.692,-0.407,-0.87,-0.695,0.2,0.485,-0.457,0.184,0.425,-0.728,-0.72,-0.536,0.935,-0.523,1.048,-1.289,-1.449,0.312,1.24,0.016,-1.365,1
-0.642,-0.827,1.137,0.389,-0.559,-0.965,-0.882,-1.067,-0.584,1.381,1.189,0.906,-0.009,-0.237,0.185,-0.672,0.876,-0.848,1.748,-2.386,1.875,-0.554,0.57,0.262,-1.703,0.511,1.713,-1.118,0.972,-1.327,0
-0.228,-1.865,0.42,-1.948,0.589,-0.077,-0.052,-0.387,0.156,0.523,-0.793,-1.811,0.909,-0.236,0.079,0.206,0.385,0.599,-0.851,0.341,0.461,-0.704,1.621,-0.054,1.24,0.245,-0.367,-0.107,0.797,0.413,1
-0.582,-0.041,0.594,1.219,0.149,-0.731,-0.633,1.237,-0.816,-0.021,1.162,2.27,2.056,-0.414,-0.357,-0.042,-1.119,-0.779,0.808,-0.231,-1.392,-0.06,-1.075,0.471,0.292,0.488,2.264,0.745,0.316,-2.797,0
0.75,-1.116,1.232,1.112,-0.55,0.038,-1.643,1.094,1.766,1.033,-1.784,0.775,-1.777,1.59,1.321,0.226,0.419,-0.062,2.069,0.4,-0.785,0.134,0.45,0.18,1.656,-0.04,-0.216,-0.622,1.2,-1.029,1
0.458,0.213,-0.709,-1.322,0.745,-0.642,1.617,1.254,-0.931,0.455,0.369,0.074,1.096,1.444,1.094,1.471,0.014,0.944,1.853,0.699,1.102,0.453,-1.082,-2.202,1.21,0.625,1.335,-0.915,-0.342,0.197,0
-0.466,-2.03,0.968,-2.469,0.085,-0.44,0.187,0.575,0.212,-0.01,1.569,0.395,0.077,-2.025,-0.389,1.292,-2.012,-0.571,-0.2,1.079,0.289,-0.081,-0.744,1.742,-0.993,-1.826,0.85,0.416,0.906,1.007,0
-0.057,-0.791,-1.738,-0.43,1.18,-0.248,1.832,0.343,-0.449,0.475,0.994,0.539,2.55,-0.323,1.018,0.351,1.055,-2.484,-1.134,0.804,0.133,-0.149,0.283,0.617,-0.148,0.99,-0.425,-0.53,-0.039,-2.071,0
-0.904,-0.248,-1.449,-0.218,-0.343,1.098,-0.769,-2.99,1.833,-0.279,0.313,1.829,0.446,-0.534,0.142,0.094,0.276,-0.646,-0.748,-0.362,0.71,-1.225,1.08,-1.373,-1.155,-0.348,-1.316,0.043,-1.265,0.74,0
1.626,0.233,-0.981,1.099,0.968,0.618,-0.439,0.063,-0.762,2.286,-0.526,0.857,-0.546,0.776,0.002,0.467,0.662,0.187,1.513,-1.301,-0.698,1.337,0.26,-1.622,0.775,-0.768,0.272,0.452,-0.935,-0.505,1
0.681,-0.621,-0.071,0.143,0.91,2.499,0.014,-0.717,0.261,-0.68,0.437,1.376,-1.071,0.282,0.893,-0.375,-0.831,0.726,-0.949,-0.846,-1.863,0.41,-1.54,0.298,-0.595,-0.497,-1.463,-0.878,0.839,-0.979,1
-0.775,0.496,0.2,0.549,-0.396,-1.02,0.799,0.343,0.309,-0.442,-0.737,1.023,-1.259,1.374,0.299,0.199,-0.152,0.452,1.444,-0.239,-0.803,-1.464,2.004,0.419,0.864,0.37,0.921,-1.271,-0.655,1.007,0
-0.945,0.211,1.388,-0.794,-0.504,0.697,0.206,-0.109,0.689,0.623,-2.26,0.113,0.112,-1.096,-0.062,-0.505,0.909,-1.772,1.72,0.722,0.756,0.181,-0.29,-1.131,1.174,-1.251,-0.75,1.01,0.05,-0.738,1
-0.184,0.674,0.324,-1.712,-0.751,0.387,0.088,-0.968,0.971,-0.138,1.052,0.961,-0.102,-0.533,0.383,0.073,-0.239,0.421,-0.412,-0.714,-0.088,-0.176,-1.216,0.677,0.489,0.687,-0.503,-0.469,-1.724,0.364,1
0.388,-1.152,-0.196,-1.141,-1.062,-0.839,0.908,-1.307,0.07,-0.236,-1.262,0.176,-1.065,0.245,-0.098,-0.786,0.212,-3.989,-0.309,-1.804,-2.115,-3.337,-1.736,-2.037,0.14,0.329,-0.266,0.322,-0.394,0.187,0
0.58,1.248,1.398,-0.153,-0.015,-0.721,-0.485,-0.257,0.244,-0.955,-0.001,-0.999,1.018,2.828,0.047,1.291,-2.17,-0.567,1.217,-0.912,-0.06,0.537,0.032,-0.243,0.686,-1.433,-0.009,-1.617,-0.623,1.222,1
0.193,0.445,0.632,-0.189,-0.803,-1.028,-1.182,1.445,0.755,-0.95,0.485,0.465,0.717,-1.4,0.384,1.253,0.162,0.452,-0.355,-0.195,0.562,-0.967,-0.068,-1.254,-0.902,1.221,0.831,0.027,0.664,0.83,1
0.489,0.686,-0.238,-0.855,-0.831,-1.335,0.838,-0.18,0.811,-0.2,-0.304,-1.127,-0.004,1.35,0.351,-1.013,-0.156,0.474,-1.191,0.553,-1.298,1.835,0.055,-1.106,0.414,1.23,-0.512,0.791,-0.048,-0.723,0
1.292,0.267,2.039,0.538,0.894,0.401,-0.513,1.365,-0.276,0.188,-1.108,-0.4,-0.363,1.119,0.309,-0.516,-2.032,0.708,-0.445,1.316,-1.215,1.587,-1.87,0.101,0.398,-0.669,1.611,-1.259,-0.474,0.813,1
0.483,0.147,0.833,-0.047,0.082,-2.22,0.03,-1.236,0.953,-0.216,0.873,2.119,0.479,0.625,-0.354,1.847,-0.444,-0.698,1.279,-1.641,2.115,1.102,-0.122,0.592,1.827,-0.659,-0.78,0.674,-0.425,0.342,1
1.566,-0.842,-0.688,1.015,-1.379,-0.571,1.085,0.092,-0.476,-0.857,-0.509,-0.43,0.264,-0.529,-1.253,0.142,1.51,0.098,-0.329,1.573,-0.119,0.279,-1.473,-0.338,1.279,-0.818,1.027,-0.708,-0.3,0.587,1
-0.788,0.351,2.67,-1.455,0.9,-0.178,0.024,-0.091,-1.44,-0.771,0.882,0.761,0.864,-0.886,-0.251,0.076,-1.282,0.44,-1.065,-1.314,-0.949,-0.536,-1.026,0.769,0.612,0.472,1.268,-1.185,0.488,0.093,1
-0.037,1.401,0.105,-1.002,-1.353,-0.452,-0.095,0.123,0.023,-1.515,-0.513,0.315,2.371,0.151,0.156,-1.1,-0.203,-0.478,-0.544,-1.064,-0.874,0.041,1.738,0.679,-1.982,-0.508,0.754,0.347,-0.457,-0.977,1
-2.768,-0.078,1.572,1.13,0.251,0.176,0.202,-1.32,-1.969,-0.911,1.287,-0.02,-0.702,0.435,-0.037,-0.025,0.366,0.693,-0.235,1.516,-1.537,1.092,0.274,-0.403,0.875,-0.956,-1.56,-1.448,1.033,-0.199,0
0.142,-0.352,-1.161,0.05,-0.034,2.48,0.534,0.227,-2.665,0.036,1.208,-0.18,-0.688,-0.024,0.306,-1.289,1.204,0.014,-1.346,-1.107,1.308,-1.101,0.557,-0.376,0.25,-0.954,-0.638,-0.713,0.472,-0.06,1
-0.485,0.808,-0.439,2.93,0.912,-0.493,-0.53,0.134,0.552,1.295,-0.213,-1.495,1.499,-0.081,0.368,0.38,1.112,0.932,0.871,-0.558,-0.355,-0.337,-0.544,-0.149,-2.005,-1.217,-1.097,1.829,-0.412,1.421,0
-0.046,-0.917,-0.1,-1.124,1.328,-1.367,-0.873,-0.63,-0.362,-1.542,-1.592,0.069,0.521,0.204,-0.22,-0.381,-0.104,0.001,1.297,-0.512,-1.041,2.393,-1.083,1.316,-0.558,1.363,1.745,0.317,0.008,1.55,0
0.494,0.905,-1.546,-0.772,0.489,0.016,-0.262,0.712,0.554,-0.91,-0.554,-0.238,1.099,-1.235,0.6,-0.193,0.779,0.066,-0.052,-0.982,-0.811,0.069,-1.274,1.301,-0.211,-0.384,0.13,0.452,-1.234,-0.539,0
-0.975,-0.659,0.247,1.331,-0.397,0.765,-0.877,-0.58,-0.161,-1.365,0.523,0.074,-0.545,0.915,0.414,-0.884,-0.06,-0.578,0.04,0.523,1.545,-0.57,0.692,-0.34,-0.833,-1.64,-0.237,0.095,0.543,-0.262,1
-0.438,-0.147,-1.114,0.929,-0.071,2.441,-0.958,-1.253,0.633,0.677,-1.869,0.633,-1.079,-1.14,0.296,-0.347,-0.503,0.327,-0.084,2.019,-1.251,0.706,1.099,-0.214,1.324,0.095,0.933,-0.095,0.832,0.034,0
-0.502,-0.486,-1.189,-1.667,0.974,-1.305,1.225,-0.243,-0.175,-1.164,1.091,0.065,0.859,0.419,0.63,-1.826,0.048,-0.983,-0.938,-0.862,-0.031,-0.62,0.844,-1.201,-0.539,0.574,0.521,-0.552,-0.091,-1.292,0
1.146,1.671,1.337,-1.19,-0.995,-1.345,0.195,-0.638,0.042,1.386,-0.694,-1.505,-0.403,-0.301,-0.457,-2.469,0.632,-0.781,0.842,0.76,1.604,-0.756,-0.666,0.758,0.066,0.487,0.6,-1.036,-1.165,-1.289,0
-1.468,1.135,1.67,0.822,-0.265,1.427,-0.108,0.31,0.742,0.893,0.672,0.065,-1.39,0.896,0.785,-1.005,-2.114,0.918,-0.427,0.905,-0.931,-0.448,-0.493,-0.695,-0.19,-1.189,-0.556,0.642,0.796,-0.685,0
-0.199,-0.908,-1.626,0.722,-0.497,-0.085,0.276,-0.686,-0.051,0.605,0.616,0.24,0.813,0.04,0.893,-0.486,1.316,0.332,0.583,-1.536,0.421,1.283,-0.888,-0.918,0.136,1.643,0.683,2.012,-0.175,-0.368,0
-0.562,-1.086,-0.175,0.681,-1.172,-1.064,0.836,-0.126,0.377,-1.444,-0.862,-0.418,-0.647,-0.118,0.276,3.044,-0.036,0.518,0.12,0.101,1.501,-0.13,-0.437,-1.515,1.009,-1.099,-0.249,0.617,-1.341,-1.163,1
1.169,0.047,0.76,-0.564,-0.363,-0.875,-0.044,-0.116,0.273,-0.282,-1.258,-0.121,-0.57,-0.604,-1.239,-0.131,-1.702,0.867,0.072,-0.815,-1.824,0.01,-0.189,0.915,0.875,1.723,-0.861,0.08,1.735,1.212,1
0.426,-1.685,-0.707,-1.011,-1.703,-0.753,-1.271,3.341,0.409,-1.17,-0.72,0.128,0.081,0.493,0.913,1.08,-0.997,1.811,1.782,-2.064,-0.919,-0.744,1.99,-1.383,-2.187,-0.362,-1.017,-0.944,0.083,-1.217,1
0.7,-2.635,0.885,1.796,0.681,-0.377,-0.782,-0.537,-0.652,-0.398,-0.05,-0.268,1.13,-0.298,-0.458,-0.448,0.964,0.228,-1.299,0.68,-1.086,-0.197,-1.051,-0.235,2.143,0.021,0.829,-0.098,1.045,1.092,0
1.408,-0.548,-0.773,-0.225,0.124,-0.929,-0.402,1.572,2.422,1.047,0.51,-0.271,-0.12,0.034,1.475,0.49,-1.138,0.476,-2.545,-1.181,-0.069,1.379,0.61,0.766,-0.175,1.434,-0.523,1.738,-0.515,1.552,1
0.103,0.635,-0.038,-1.202,0.516,0.795,-0.715,0.574,-0.645,-0.608,1.57,-0.02,2.335,-0.185,-1.813,0.294,-0.221,-2.362,1.375,0.191,-0.566,-0.139,-0.924,0.359,1.197,0.947,-0.744,-1.136,1.36,1.615,1
0.36,0.718,0.089,0.536,1.354,0.26,-0.974,-0.453,0.02,-0.19,1.567,-0.013,0.621,-1.016,-1.777,0.278,-2.371,-1.357,0.221,-1.109,-1.448,0.62,0.456,-0.105,-1.649,0.337,0.773,-0.324,0.383,-0.194,1
-0.668,-0.587,-0.218,-0.063,1.177,-0.205,0.565,0.668,0.18,-1.822,0.159,-0.08,-0.202,-0.054,-0.631,-0.274,-1.057,3.073,-0.537,-0.432,-1.411,0.736,-0.056,-0.157,-1.515,0.59,1.092,-0.905,-0.527,-0.015,0
-0.737,0.392,0.342,-0.345,0.026,0.595,0.333,0.159,-1.204,0.039,-0.125,-0.691,0.051,0.273,-0.467,0.346,0.438,0.119,-1.036,-1.396,-1.115,-0.453,-1.914,-0.073,0.26,-0.988,0.858,-0.749,-0.684,0.773,0
-0.386,-1.077,-0.12,-0.283,-0.435,0.729,0.744,-0.762,0.025,-0.431,-1.662,0.906,-0.073,1.043,-1.148,2.377,0.831,-0.341,0.05,1.133,0.903,-0.03,-0.977,-0.558,0.819,-1.033,1.831,2.204,0.524,-1.587,0
0.405,-1.633,-0.771,1.471,0.843,0.491,0.088,0.772,-0.972,0.378,-0.8,-0.526,0.465,-0.141,2.569,0.08,-0.27,1.125,-0.12,-1.175,1.896,0.671,0.242,0.27,1.063,0.568,0.099,-0.038,-0.343,0.528,1
-0.902,-2.363,-0.351,-0.535,1.301,0.266,0.496,-0.149,-0.046,-1.283,-0.348,-0.191,1.347,1.354,1.109,2.692,-0.735,0.242,-0.325,0.241,-0.434,0.548,0.429,-0.969,0.978,0.947,1.664,-1.486,-0.034,1.108,0
-1.855,-0.126,-1.903,0.795,0.709,0.707,0.073,0.084,-0.497,-0.473,-0.738,0.11,-0.525,0.106,-1.159,-0.437,0.334,-0.66,-0.64,1.155,0.837,0.73,1.035,-0.086,-0.798,-1.039,1.324,-0.13,2.583,-1.584,1
-1.5,-1.031,-0.241,-0.758,1.241,-0.406,-0.77,0.092,-1.074,0.166,1.183,0.132,-0.6,0.419,0.394,-2.2,-0.006,0.058,0.624,0.374,-0.023,1.496,0.984,-2.357,-0.019,-0.174,0.01,-0.826,1.243,-0.822,1
0.256,-0.53,0.165,-0.723,-1.05,0.441,-1.009,-1.379,-1.275,-1.214,0.831,-2.129,-0.848,0.298,0.841,0.478,-0.054,-2.397,-1.916,1.751,0.523,-0.26,0.613,-0.051,-0.284,-0.753,-0.03,0.175,-0.295,-0.248,1
0.231,-0.832,1.142,-0.967,-1.525,0.076,0.864,0.889,1.686,0.505,1.147,0.866,0.682,-0.687,1.854,0.201,-0.253,1.884,-1.266,-0.55,-0.451,-0.591,-1.558,0.115,-0.176,-1.459,0.26,-1.403,-0.605,2.514,0
-1.514,0.858,1.021,-0.724,0.593,-0.679,-0.44,0.639,-0.466,-0.058,-1.135,-0.369,-0.731,-0.272,0.421,-0.217,0.402,0.352,-1.006,-0.69,0.058,-1.64,-0.22,1.761,-2.137,1.095,-2.507,-0.357,-0.05,-0.89,0
0.198,0.222,0.491,0.256,-1.601,-1.355,0.345,-0.299,0.471,-1.237,0.973,-0.063,-0.126,0.837,-0.294,-1.627,-0.858,-1.381,0.34,0.481,-1.873,0.154,0.918,-2.135,2.308,0.106,0.775,-0.634,0.833,1.519,1
1.217,3.141,-0.179,-2.236,0.942,-0.736,-1.369,1.147,1.268,1.112,1.69,0.116,-0.607,1.581,0.854,-0.035,0.005,-0.347,-0.28,-0.134,-0.353,-0.202,-2.244,-1.104,-0.498,-1.396,-0.937,0.431,-0.388,0.688,1
0.026,-1.422,0.616,0.397,0.951,0.318,1.951,-0.093,-2.047,-0.33,-1.413,1.204,0.775,0.437,-1.909,-0.778,0.368,-1.339,0.073,0.363,-0.554,1.602,-0.123,0.499,0.44,-0.067,-1.547,1.307,0.534,0.01,0
-1.342,-1.21,-0.795,1.016,0.053,0.14,0.419,-0.84,0.715,-0.473,0.539,0.462,-0.839,1.651,-0.269,0.593,0.477,1.896,0.729,0.184,-0.743,-0.267,0.234,-0.951,1.079,0.771,1.265,-0.377,-0.406,-0.628,1
1.409,0.217,-0.679,-1.011,0.342,-0.195,-1.153,-1.018,-0.535,1.155,0.426,1.978,2.304,-0.375,2.148,0.554,-0.928,1.285,1.799,0.139,-0.698,0.355,-0.437,1.445,0.012,0.601,-0.394,-0.547,1.517,0.216,1
-0.179,0.591,-1.085,0.315,2.462,1.227,-0.318,0.661,-0.042,0.462,-1.115,-0.59,0.904,0.067,0.183,-1.076,-0.374,-0.826,-0.677,-1.225,1.881,0.585,1.119,-0.511,-0.484,-0.028,-1.136,0.047,1.465,1.024,0
-0.625,-0.899,0.587,-0.283,-0.339,-1.016,-0.547,0.293,-0.17,0.371,-0.18,-1.987,0.805,1.233,-0.274,2.176,-0.151,-0.762,0.629,-0.363,-0.247,0.801,1.625,-0.832,0.472,-1.302,-0.397,0.375,-0.273,-0.819,1
-2.343,1.115,1.437,-0.11,1.311,-0.061,-0.071,0.532,0.588,0.831,-1.495,0.235,-0.078,1.439,1.307,-0.891,-0.403,-0.735,1.177,-1.0,0.575,0.063,2.095,-0.349,-0.2,-1.325,0.733,0.657,-0.662,0.751,0
-0.254,-0.378,0.669,0.048,1.737,-0.32,0.277,1.325,0.183,-0.347,-0.052,-1.348,1.3,0.795,-1.027,0.012,1.226,-0.04,-0.898,1.698,0.023,0.177,-1.674,2.453,0.974,1.054,-1.285,-1.598,1.347,0.385,1
1.285,0.912,-0.332,-0.43,-0.403,0.795,0.355,0.961,1.271,1.08,0.119,-0.612,-0.215,1.136,0.108,0.473,1.399,-1.394,0.38,-0.549,0.118,0.554,0.06,0.503,-0.176,-0.032,0.126,0.209,-0.638,0.603,0
-0.379,1.2,0.641,1.096,-1.127,0.231,0.426,-0.068,-0.497,-1.104,-1.012,-0.116,1.657,-0.335,-0.563,0.304,-0.653,0.466,-2.213,1.437,0.895,0.066,-0.844,0.666,0.347,0.41,0.692,0.99,0.149,-0.114,0
1.395,-0.694,-0.54,-1.407,1.086,0.579,-0.036,1.211,-0.664,0.629,-0.393,-0.613,-1.813,0.483,-0.138,-0.792,-2.27,-0.318,0.597,-0.98,0.254,-0.585,-0.397,1.92,-0.406,0.506,-0.531,-0.153,-0.048,0.973,1
-0.087,1.286,1.851,-1.551,-0.106,-0.948,0.799,0.612,0.405,0.188,1.274,1.577,1.151,-0.384,0.223,2.237,0.286,-1.116,-0.443,-0.694,-1.07,1.584,-0.915,-0.063,-0.691,-1.267,1.325,1.095,0.697,0.152,0
-1.679,0.623,-0.357,0.933,0.15,-0.389,-1.551,0.956,-0.486,2.086,-0.675,-2.407,-0.362,0.964,-0.87,-0.309,-1.09,0.343,1.912,-0.061,0.571,-0.543,-0.74,-1.225,0.045,0.54,0.69,-0.583,-0.0,-0.104,1
-0.039,-0.834,-0.252,-1.31,-0.333,0.143,0.678,-0.84,-1.436,-0.069,1.027,-0.256,0.529,0.699,-1.958,-0.093,-0.2,-0.197,0.081,0.096,1.001,1.095,0.828,-1.41,-1.473,0.202,0.029,0.709,-0.991,0.806,1
1.568,-2.023,-0.619,-0.463,-1.665,-0.247,0.055,-2.554,-0.496,-0.842,0.078,-0.684,-0.323,-0.187,-0.752,1.047,0.174,1.411,0.111,0.794,0.772,0.749,0.326,0.479,0.902,-0.803,-1.098,-0.775,-0.245,-1.204,1
1.187,0.693,1.244,1.147,-0.97,0.235,0.613,0.166,-0.206,-0.525,-0.589,-0.071,-0.544,-0.479,-0.2,1.207,-0.917,0.11,0.151,-0.858,2.029,-0.467,-0.64,-1.234,0.946,-0.132,1.1,-0.152,-0.299,0.173,1
0.596,0.075,0.923,1.845,-0.456,1.854,0.125,0.481,-0.019,-0.489,-1.263,0.059,0.525,-1.525,0.322,0.025,-0.026,-0.971,0.61,-0.195,1.7,-1.297,0.338,-0.605,-1.059,2.398,0.279,-0.021,0.841,0.514,1
-0.405,1.718,-0.8,-0.177,-0.517,0.959,-1.444,-0.668,0.241,0.346,1.813,0.761,0.103,-0.791,-0.316,0.941,-0.694,0.859,1.392,-0.686,0.803,-1.733,-0.767,0.934,2.101,-0.516,-0.937,1.01,-1.983,-0.572,1
0.265,-0.559,-0.751,1.347,1.186,-0.438,-2.581,-1.117,-0.227,0.343,-2.991,-0.155,-0.275,-0.143,-1.369,0.757,-0.288,-0.257,1.12,-0.092,0.897,1.057,-0.138,0.183,-1.118,-0.918,0.141,-1.259,0.0,-0.992,1
-0.056,0.061,-0.39,0.759,-1.39,0.949,0.379,-2.047,-0.91,-0.377,-1.0,0.631,-1.86,0.686,0.136,0.582,0.462,0.446,1.524,-1.437,-0.85,0.941,0.582,-0.504,1.304,-0.196,-1.109,-1.261,-1.005,0.026,0
-1.109,-0.605,-0.477,-0.077,-0.291,0.67,0.232,0.486,1.409,-0.402,1.416,-1.574,2.147,-0.013,1.877,0.566,0.314,-0.258,-0.553,-0.303,0.912,0.667,0.115,1.832,2.259,-0.109,-0.091,2.219,-0.137,-1.192,1
2.352,-2.652,-0.496,-0.183,2.047,1.035,-0.848,0.892,-2.636,1.523,0.119,-0.515,-0.862,-0.114,-0.14,-2.024,-1.301,-1.009,-0.648,1.557,1.74,-0.484,-1.339,-0.776,0.553,0.757,-1.248,-1.484,-0.499,-0.503,0
0.944,-1.143,-0.516,-2.128,0.963,0.599,0.105,-1.12,-0.998,-1.355,-1.572,-1.004,-0.141,-0.706,0.95,-0.325,0.408,-0.159,0.725,-1.407,0.566,0.607,0.87,0.842,-0.516,0.233,-0.483,-1.483,0.274,-0.576,1
2.469,0.517,-0.911,-0.4,0.46,1.766,0.101,0.885,-2.367,-1.938,-1.078,-0.323,-0.576,0.763,-1.81,0.831,1.517,-2.417,-0.062,-0.4,0.262,0.644,1.073,0.637,0.839,-1.522,1.278,-0.803,1.233,0.565,0
-0.439,-1.59,0.017,-1.429,-0.921,1.002,-1.458,1.133,-0.208,0.253,0.371,0.91,-2.334,0.466,-0.301,0.095,0.274,-0.208,-1.239,-3.124,0.649,-0.896,-0.285,-2.509,-1.01,0.635,-0.03,1.663,-1.113,1.03,0
-1.052,-0.16,-0.391,-0.445,0.396,0.129,-0.721,0.763,-0.96,0.433,-2.388,-1.115,0.974,-1.204,-0.75,0.082,0.977,0.534,-1.244,1.304,-1.417,-0.652,0.438,0.656,-0.711,-0.754,-0.839,-2.439,1.296,0.522,0
-2.246,1.514,-0.272,-2.11,-0.25,1.509,0.971,-0.172,1.052,-0.265,-1.925,0.279,0.238,-0.596,-0.869,0.046,0.09,0.744,-0.052,2.436,1.517,-1.743,-0.124,-0.413,-1.171,-0.867,1.853,-0.776,2.071,0.645,1
-0.224,-0.021,0.083,0.04,-1.358,-0.341,-2.342,1.291,0.177,-0.818,0.23,-2.282,-1.59,-0.08,0.907,-0.135,1.163,0.598,2.757,-0.547,-0.407,-1.82,1.154,1.094,0.26,-1.841,1.989,0.707,0.331,-1.279,0
0.515,0.294,-1.422,-0.547,1.115,1.055,0.637,-0.197,-1.333,-0.899,-1.296,0.172,0.289,1.061,-1.25,-1.372,-0.752,0.078,0.816,0.591,0.048,0.718,1.458,0.025,0.604,-0.263,0.696,-0.459,1.962,-1.111,0
-0.704,-0.464,0.788,0.117,-0.896,2.26,-1.012,0.544,0.293,-1.322,0.275,1.201,-0.521,-0.423,0.464,-0.605,0.105,1.379,0.819,-1.584,-1.083,0.915,-0.56,-0.576,2.285,0.429,1.046,-1.069,-0.674,2.506,0
-1.737,0.362,0.494,0.683,1.33,1.687,1.578,-0.962,-0.596,1.967,-0.44,-0.504,0.131,-0.454,-0.753,1.547,0.516,-0.085,-0.809,0.43,-1.491,0.457,0.582,-0.09,0.02,-0.848,0.13,-0.962,1.229,1.172,1
-0.207,-0.283,-0.003,2.139,-1.299,-1.676,-0.114,0.023,1.549,1.666,-0.43,-0.606,0.211,-2.023,0.043,-0.571,-2.522,-1.762,0.425,1.099,0.606,-2.015,0.569,-0.564,0.106,-0.02,-0.859,-1.247,0.778,-0.196,0
-0.979,0.661,-0.103,0.957,0.102,0.608,0.432,1.067,0.247,3.098,-2.992,-0.826,1.394,-0.636,0.225,-0.459,-0.819,-1.014,-0.117,-0.006,-1.985,-2.771,-0.57,-0.726,-0.041,-0.423,-0.176,1.477,0.197,-0.697,0
0.895,1.882,-1.262,0.717,2.63,1.514,0.371,2.17,1.572,-0.064,-0.48,0.555,-0.926,-2.179,-1.866,-0.911,1.204,-1.018,-0.16,1.492,-0.781,-1.217,-0.114,0.361,1.222,0.322,-0.879,0.518,0.74,-1.501,0
-1.421,-0.45,-0.198,0.566,0.265,0.587,-0.405,0.227,0.21,-0.523,0.064,-0.065,0.259,-0.734,-0.688,-0.364,-0.522,0.95,0.915,0.131,0.074,0.95,0.627,-0.488,1.788,-1.26,-0.09,-0.895,1.234,0.214,1
-0.168,0.21,0.222,1.344,0.39,0.617,0.636,2.48,-0.528,1.727,0.631,1.061,0.123,0.576,-1.346,0.667,-1.647,-1.496,-0.811,0.188,-2.255,0.109,-0.305,-0.759,-0.587,1.247,1.496,0.062,1.203,-1.444,1
0.564,-1.464,0.153,-0.372,0.886,2.402,-0.938,-1.215,-0.161,1.066,1.068,-0.67,-0.526,1.015,-0.451,0.93,0.502,0.824,0.943,0.205,0.025,-0.532,1.056,0.507,-0.771,0.837,1.056,0.909,-0.445,-0.378,0
0.16,-2.701,1.061,0.711,0.471,-0.689,0.176,0.503,-0.845,1.015,-0.926,1.659,-0.817,0.402,0.4,0.056,0.046,0.309,-0.451,0.825,-1.079,-0.742,1.509,1.265,-1.563,-1.632,0.425,0.564,-1.765,1.136,1
-1.122,-0.052,-0.39,-2.295,0.655,1.37,2.361,-0.157,-0.699,-0.644,0.335,0.6,0.342,0.905,0.337,0.437,-0.039,-0.31,1.233,0.325,-1.287,1.432,-1.256,-0.436,-1.227,1.37,0.391,0.553,-1.093,-0.598,0
-0.253,-1.383,-2.196,-1.49,1.088,-0.06,0.72,-1.049,0.292,-0.086,-0.569,1.095,0.099,-0.601,0.227,-0.072,-0.98,1.554,0.071,0.325,-0.505,-2.905,-2.059,-0.893,1.06,-0.374,1.475,0.694,-0.111,0.408,1
0.688,0.572,-1.087,0.988,0.88,0.247,-0.6,-0.523,1.786,-0.164,-0.828,-0.375,1.695,1.17,-1.852,1.572,-0.998,-0.423,1.084,2.299,0.903,0.819,-0.757,0.143,-0.014,0.729,-0.968,-0.546,0.457,-0.95,0
0.357,-0.305,1.585,0.277,-0.024,0.812,-0.519,0.558,0.105,0.588,0.348,0.11,0.811,2.0,-0.543,-0.383,-0.466,0.939,1.419,0.61,-1.049,1.081,0.1,1.127,0.025,-1.934,-0.756,1.582,-1.43,2.024,1
0.129,-0.206,-0.159,-0.791,1.248,0.842,0.828,0.956,-0.0,0.174,2.82,0.458,1.18,0.741,-0.435,-0.999,-1.863,0.784,-1.22,-0.676,1.282,-0.664,1.54,0.116,-1.39,-0.228,1.108,-0.063,-0.717,-0.368,1
-0.049,-0.597,0.271,-1.486,0.074,0.307,-0.839,-0.253,0.979,0.451,-0.104,0.491,-1.215,-0.141,-0.031,-1.046,-0.388,-0.706,0.283,-0.111,-0.417,-0.95,0.765,-0.635,-0.983,1.435,0.429,1.316,0.378,-0.501,0
0.979,-2.475,-0.637,0.057,-1.508,-1.692,-2.225,-0.692,0.536,-1.244,0.16,-0.435,-0.703,-0.637,-0.495,1.033,-1.151,1.3,-0.765,-1.702,-0.652,1.588,0.099,1.227,0.527,-0.107,-0.753,-0.28,-1.393,2.095,0
-1.272,0.666,-0.117,-0.374,2.499,-0.582,0.677,-1.119,-0.231,-0.552,-1.295,0.023,-0.773,0.24,0.748,-0.104,1.812,-0.482,0.47,0.871,1.207,2.034,-0.15,0.168,1.088,-1.24,-3.755,1.65,1.254,-0.147,1
0.669,-0.667,-1.343,0.915,-2.623,-0.005,1.2,0.466,-0.099,0.55,0.151,0.439,0.086,0.097,-0.21,-0.677,1.265,0.54,-0.009,-0.771,0.047,-0.497,-0.034,0.725,-0.248,0.488,1.05,0.49,-0.658,-0.606,1
2.045,1.3,1.759,0.671,0.032,0.488,0.733,-0.654,-0.223,0.898,-0.853,0.32,1.746,1.379,0.396,0.246,-0.521,-1.025,1.543,0.697,-2.714,0.586,0.063,0.026,-0.779,0.923,-0.575,1.462,1.364,0.429,1
0.687,-0.956,-0.838,1.211,0.687,0.329,1.4,0.779,0.268,0.782,-0.988,-0.035,-1.474,0.869,0.462,0.754,-0.49,0.906,0.894,-0.391,-0.597,-0.389,0.544,-0.597,-0.517,0.228,0.355,-0.735,0.671,-0.57,1
0.358,0.037,-0.441,-1.529,-0.836,0.7,0.262,-0.396,0.817,-1.514,-2.202,1.348,-1.093,-2.271,-0.42,0.494,-2.137,1.32,1.653,0.656,-0.621,0.856,-0.694,-0.352,0.585,-0.728,-0.896,1.168,-0.423,0.151,1
-0.768,-0.036,-1.081,0.205,0.713,1.06,-1.003,0.522,0.54,0.608,-1.561,0.479,-0.442,0.165,-0.595,-0.175,1.334,0.261,-1.464,-0.928,1.152,2.243,0.83,-0.677,-1.684,0.814,0.906,0.175,0.326,1.543,0
1.082,-1.413,-1.106,-0.098,-0.278,-1.538,-0.314,1.438,0.852,0.6,1.612,1.178,0.664,0.156,-2.239,0.162,0.112,0.212,-2.193,0.47,0.26,1.474,-1.248,-1.219,-1.453,-0.938,-2.455,0.294,-0.317,-0.625,1
-0.148,0.33,0.323,-0.697,-0.907,-0.605,0.042,-0.157,-1.277,1.452,-0.943,-0.314,1.612,-1.153,0.426,1.272,1.531,0.008,0.06,1.166,0.549,0.82,-1.251,-1.397,0.198,2.237,-0.313,-1.664,-0.442,0.372,0
-1.944,-0.401,-0.151,1.344,-0.205,0.18,-1.107,-0.596,-1.141,0.489,0.218,0.941,-0.298,1.344,1.067,1.449,0.681,-0.981,0.966,0.401,-0.526,0.513,1.017,-0.751,-0.061,0.878,0.698,-1.072,0.253,0.111,1
1.092,-0.938,-1.646,-1.118,-0.973,-1.564,-1.466,1.467,1.802,-1.323,-0.278,-1.339,-0.22,-0.029,1.106,-1.437,-1.933,0.951,0.741,0.025,-1.529,1.192,-0.217,1.711,-1.307,2.56,1.467,1.718,-0.177,-1.383,1
0.575,-1.124,2.428,-0.709,0.409,-1.026,-0.837,-2.497,0.387,-0.963,-0.674,-0.304,-1.391,-1.178,0.805,-0.15,-0.126,-1.39,-3.151,-0.198,-0.184,0.75,-1.251,0.318,0.047,0.173,0.133,1.088,0.772,-0.057,0
1.786,-0.351,0.679,1.165,-0.46,0.573,-0.304,-1.211,-0.447,-1.909,-0.388,0.44,0.956,2.136,-0.953,1.419,-0.845,0.852,0.904,-1.062,-2.068,0.994,-0.192,-0.164,-0.142,0.78,-0.288,0.264,-0.223,1.188,1
-1.23,0.874,0.573,-1.048,0.34,1.498,0.978,-0.32,-0.61,-0.108,-2.065,2.641,-0.136,0.497,-0.855,1.689,0.871,-0.171,0.103,0.325,-0.546,0.275,0.351,0.641,0.446,0.338,-0.731,0.583,-0.235,-0.037,1
-0.209,-0.126,-1.053,-1.85,-0.447,0.257,0.836,1.661,-2.102,0.829,-2.135,0.702,-0.2,-2.309,0.464,-0.44,-0.386,-1.203,1.342,-0.061,0.53,-0.822,-0.252,0.319,-0.955,-2.733,1.59,-2.366,-0.138,-0.832,1
-0.471,-0.814,0.15,-1.329,-0.511,-1.01,-0.634,-0.443,1.052,-0.338,0.188,-0.357,0.817,-1.335,0.845,-0.475,-2.154,-0.412,-0.246,-0.586,0.486,1.321,1.056,0.701,0.724,-1.17,-0.142,1.344,-1.212,0.115,0
-0.95,-0.676,-0.844,-0.314,-0.42,-0.119,-0.608,0.444,-1.364,-0.788,1.497,1.131,-1.787,-0.286,-0.954,1.644,-0.953,-0.037,-0.951,0.272,-0.543,-0.937,-0.155,-0.56,-1.295,0.245,-2.071,-0.016,1.714,1.701,1
-0.205,-2.087,1.388,2.024,-0.005,-1.766,0.489,-1.701,0.333,0.267,-1.39,-1.346,-0.317,0.643,-1.138,0.033,0.638,1.56,-0.369,-1.596,-0.219,-1.141,0.201,-1.039,-0.61,0.632,-0.108,0.331,-0.995,-0.593,1
1.565,0.982,-0.551,1.106,-1.829,0.952,-1.201,-0.812,3.164,-1.249,-0.661,0.348,1.353,-1.447,-1.103,0.559,-1.016,1.604,-0.709,-0.34,0.075,-0.51,-0.897,0.498,-0.733,1.378,1.026,-0.204,-1.276,1.092,0
-0.765,0.311,0.347,0.969,-0.433,0.948,0.288,0.63,-0.697,0.193,0.652,-0.542,1.119,-0.35,1.224,-0.626,0.1,-0.013,0.466,-0.587,1.123,-0.627,1.484,-0.94,-1.754,1.41,-1.137,-1.4,-0.427,-0.375,1
1.486,0.756,-0.2,-1.145,-0.0,-0.939,0.288,-0.457,-0.137,-0.047,0.517,0.553,1.747,1.214,1.861,0.134,-1.078,0.702,-1.307,1.13,-0.376,0.079,0.636,-1.002,-0.808,0.966,0.358,0.083,-0.623,0.339,1
-0.486,2.386,-0.552,-0.977,-1.164,0.444,0.058,1.461,0.008,-0.942,-0.888,-2.692,1.66,1.788,0.998,-1.588,0.369,1.073,-1.399,0.007,-1.017,-0.591,-1.255,0.268,-0.335,0.811,0.286,1.92,-0.794,1.365,0
-2.931,-0.311,-1.774,-0.374,0.818,-1.049,0.463,0.659,0.92,-0.863,1.304,0.795,2.218,-0.941,1.312,0.778,0.805,0.578,-0.938,1.252,-2.213,-0.048,0.602,0.497,0.301,0.096,-0.895,0.396,0.338,1.619,1
0.626,-0.423,-0.667,-0.294,0.441,-0.564,0.671,-0.382,0.252,-0.316,2.137,-1.145,-0.239,0.207,1.882,0.61,0.017,2.392,1.112,1.7,-0.093,0.211,-0.465,-0.552,0.708,0.318,-0.428,-0.469,-1.684,0.692,0
1.544,-1.355,-0.208,-0.906,-0.286,0.575,1.146,-1.364,-1.067,2.087,-1.274,0.931,-0.609,0.641,0.49,-0.012,-1.535,0.068,-0.328,0.998,-1.187,0.338,0.779,0.433,-0.695,0.232,-1.094,0.986,1.167,1.254,0
0.78,1.997,0.378,-0.588,-0.172,0.937,-0.441,-0.582,0.467,-0.121,-1.861,-0.788,-1.846,1.455,0.526,-0.085,0.685,1.125,-0.679,-1.533,1.281,-3.623,0.383,-1.828,-0.707,0.242,0.689,-1.681,-0.229,-0.889,1
0.975,0.803,1.263,0.521,-1.46,-0.349,0.198,0.599,0.454,0.992,0.051,-1.195,1.804,-0.076,-0.276,-0.942,0.62,0.762,0.582,1.227,0.786,-0.278,0.372,-1.29,0.571,-0.697,-0.117,-0.72,-0.546,-1.362,0
1.413,1.823,-0.565,0.151,-1.045,1.177,0.71,-0.284,-0.426,-0.432,-1.061,-0.424,0.685,-2.027,0.054,1.298,0.024,-0.158,-0.244,-0.62,-1.245,-0.965,-0.723,1.317,0.476,0.155,-0.424,-0.607,-0.794,0.739,1
-1.252,-0.17,-0.743,-0.186,1.18,0.36,1.368,-0.355,0.61,-0.342,1.093,0.508,0.512,1.225,-0.582,-0.365,-1.133,-0.598,-0.414,-1.749,-0.288,1.111,1.183,-1.151,-1.007,-0.005,-1.006,-1.378,0.611,0.901,1
-0.074,0.652,-1.765,-0.772,-1.381,-0.602,-1.089,-0.658,0.117,0.359,1.726,0.039,-0.001,-0.141,0.033,0.045,0.299,1.45,-0.302,1.262,1.057,1.163,-0.852,0.804,0.486,-0.495,1.185,-0.762,0.676,0.169,1
-0.51,0.848,0.205,0.855,0.43,-0.005,0.809,-0.152,-1.584,-0.185,-2.887,-1.106,0.742,1.054,-0.13,2.326,0.116,1.531,-1.285,0.023,-0.773,1.464,-0.009,-1.494,-0.448,-0.658,-0.04,0.163,1.431,0.556,0
-2.108,1.632,-1.919,0.568,-0.25,-2.0,-0.838,0.303,0.018,0.307,-0.777,0.631,-0.478,-1.677,0.011,-1.13,-1.493,-1.0,0.421,1.622,1.048,0.403,-3.233,-1.068,-0.76,0.466,-0.921,0.604,-0.44,0.279,0
0.475,-0.271,-0.321,-0.658,-1.287,-0.687,-0.87,0.277,0.464,-0.185,-1.197,-0.881,0.614,2.059,-0.31,-1.0,-0.61,-0.588,-0.928,-0.16,-0.793,-0.571,-1.201,1.432,2.512,-0.363,-1.14,0.624,0.97,-1.249,0
1.811,0.364,-0.574,-0.351,-0.427,-0.504,-0.7,0.567,-2.489,3.366,-1.514,0.47,-0.209,1.282,-0.498,-0.593,-0.807,0.501,0.328,0.272,-0.712,-0.849,-1.49,0.113,-0.064,0.301,0.483,-0.692,-0.301,-0.637,0
-0.838,-0.37,-0.067,0.17,-1.163,-0.156,0.374,-0.135,-1.89,0.672,-1.13,-0.868,-0.317,0.626,-1.892,0.115,0.541,0.656,-1.697,1.097,1.302,1.095,-0.447,-0.642,0.091,-0.287,0.141,0.211,-0.911,-0.864,0
0.149,2.38,-0.352,-1.471,-0.88,-0.713,-0.699,-1.363,-0.129,-0.833,-0.161,-1.256,0.233,-0.642,1.43,-0.766,1.229,-0.449,0.352,-0.366,0.236,-0.993,-0.974,1.155,0.483,0.646,-0.041,-0.166,-0.428,1.152,1
-1.317,0.713,0.649,0.779,0.631,-0.845,0.615,0.092,-1.054,0.462,-1.31,-0.366,0.042,-0.738,1.146,-0.027,0.955,-0.38,0.666,0.021,0.463,-0.75,1.202,-0.499,1.837,-0.323,-0.197,0.1,-0.166,-0.795,1
0.635,0.576,-1.92,-1.011,0.712,-0.364,-0.039,0.629,-1.7,1.151,-1.183,-0.471,0.201,0.247,-0.836,-1.662,-1.159,-0.548,-0.046,-0.562,-2.465,1.136,1.052,-0.526,-1.011,-0.778,-0.139,-0.211,-2.685,-0.614,0
-0.692,-0.673,0.102,-0.961,-1.893,0.513,-0.212,-0.069,1.01,3.202,0.577,-0.521,0.449,1.238,-0.112,0.129,1.572,-0.325,1.579,-0.344,-0.146,-0.05,-0.269,-0.256,1.291,1.42,-0.443,-0.233,1.624,0.022,1
0.556,-0.287,0.482,0.733,0.782,-0.289,-0.336,0.384,2.396,1.041,0.48,0.602,0.065,1.399,-2.208,1.368,-0.826,-0.457,-0.343,-0.098,1.054,0.056,-0.282,0.656,1.526,1.051,-0.374,0.819,0.099,-1.16,0
-0.052,0.728,-0.119,-0.734,0.403,0.239,-0.928,0.7,-0.75,-0.904,0.844,1.43,0.5,-1.079,1.854,1.372,-1.084,0.992,-0.599,0.955,0.827,-0.019,0.067,0.494,0.988,0.198,1.206,1.841,-1.694,1.011,0
-0.159,1.681,-0.459,0.333,-0.428,0.923,-0.512,-0.259,-0.085,-0.053,-0.087,0.449,1.019,-2.205,-1.414,0.537,-0.467,0.71,-0.311,0.275,0.62,0.975,1.364,1.362,-0.329,-0.978,0.239,-0.407,0.937,0.406,1
0.464,-1.526,-1.126,-0.499,-0.029,0.733,0.821,0.077,0.813,1.041,1.854,-0.736,0.34,-0.554,-1.424,-0.212,-0.335,0.174,0.452,0.106,0.395,-1.084,1.09,-0.854,-0.684,-0.578,-0.115,-2.031,-0.41,1.126,1
0.273,-0.014,0.062,-1.208,-0.188,-0.012,0.933,-1.192,0.118,0.455,-0.516,-0.419,-0.969,-0.254,1.156,0.742,-1.071,-0.811,-0.084,-0.455,0.256,-0.797,0.625,0.583,0.546,0.104,-0.357,-0.276,0.626,0.548,0
0.815,-0.512,0.566,-0.353,-0.455,0.452,2.974,1.249,0.307,0.123,-0.644,-0.351,0.78,-0.279,0.323,0.647,0.707,-1.324,-0.344,0.302,0.608,-0.811,0.28,0.123,-1.209,1.03,-0.226,-0.257,0.337,0.143,1
1.39,0.05,0.49,-0.979,0.972,-0.472,1.251,0.068,-0.089,-0.068,1.137,-0.023,-1.188,0.497,0.161,-0.465,-1.499,-1.906,0.371,-2.353,0.139,-0.486,0.78,-0.584,-0.441,-0.505,0.53,0.498,-0.454,-0.893,1
-1.029,2.056,0.902,0.118,1.436,-0.623,0.125,1.098,0.754,-1.02,0.608,0.267,0.277,1.457,0.278,-1.167,-0.367,-1.385,0.555,-0.142,-0.091,0.719,-0.24,-0.955,0.799,0.261,-0.678,-0.157,1.117,-0.231,1
-0.61,-1.04,0.013,-2.204,1.691,0.177,-0.061,-0.047,-0.505,-0.357,-0.853,-1.636,0.336,1.034,-0.651,-0.166,-1.573,-1.302,-0.102,0.615,2.206,1.893,-0.379,0.91,0.38,-2.247,-0.15,-0.277,-0.932,-0.628,1
-1.044,0.905,0.875,0.391,-0.277,-0.711,-0.327,-0.318,-0.698,0.876,-0.717,-1.133,2.314,0.599,0.159,-1.446,-0.053,0.371,0.256,1.393,1.434,0.341,-0.284,-0.118,-0.174,-1.421,0.043,0.106,0.337,0.172,1
0.128,0.12,0.797,1.149,-0.784,-1.904,0.883,2.233,-0.777,-0.322,-0.13,0.514,-0.04,1.161,-1.636,0.966,-0.141,-0.776,-0.082,-1.627,0.25,0.869,-0.112,-1.135,-1.419,-1.853,0.612,0.89,1.042,2.061,1
-0.767,2.94,0.251,1.082,1.786,-1.07,-1.464,-0.636,-1.029,-0.333,-0.733,0.239,2.039,0.544,-0.169,1.219,0.946,-0.474,1.087,0.902,-0.056,-1.059,-0.267,1.221,-1.176,-0.287,1.282,-1.643,-0.757,-1.553,0
-0.509,0.259,0.062,-1.78,-1.033,0.728,1.069,-1.392,-1.293,0.43,-0.381,-0.051,-1.827,0.133,0.215,-1.307,1.091,0.115,0.876,1.079,-1.531,-0.958,-0.594,0.21,-0.63,0.449,-0.204,0.521,-0.991,-0.246,1
-0.579,-0.269,-0.236,-0.486,-0.361,-0.791,1.037,-0.77,0.203,-1.33,-0.13,0.967,-0.116,-0.176,0.094,0.434,0.978,0.131,-0.659,0.69,1.512,-1.474,-0.64,-0.227,0.661,-1.152,0.694,-1.782,-0.959,0.062,1
1.848,-0.057,-0.46,0.451,1.745,-0.467,0.433,-1.091,0.941,0.189,0.828,-1.069,0.632,0.001,1.132,0.652,1.237,0.926,2.024,1.947,0.238,0.832,0.753,-0.267,-0.971,-1.371,1.072,0.432,-0.993,0.32,1
-0.701,-0.354,-0.294,-0.756,1.002,0.33,-0.666,2.603,-0.25,-0.169,-0.139,1.684,0.843,-0.023,0.839,-0.943,0.433,-1.741,-0.323,0.621,-0.191,0.486,-0.14,-0.955,0.831,-1.109,-0.442,0.679,0.077,0.093,0
-1.385,0.602,-0.742,-0.855,-1.55,-1.7,-0.547,0.663,1.696,-0.154,-1.019,-0.269,-0.521,0.549,-0.232,0.769,1.931,0.873,0.575,-1.274,0.804,-0.952,-0.637,-1.324,-0.1,0.469,0.673,0.561,-1.048,0.968,0
1.823,-0.618,-0.701,0.641,0.597,-0.951,0.424,1.319,-0.701,-1.316,0.485,-0.745,-0.162,-0.536,0.765,-1.28,-0.938,0.22,0.606,-0.956,0.24,-0.287,-1.11,-0.795,-0.413,0.32,-1.827,-1.328,0.498,1.284,0
-1.396,1.001,2.236,-0.282,0.75,0.352,-0.386,0.532,0.511,-0.358,-1.106,-1.321,0.906,-0.052,-0.9,0.391,-0.39,-0.595,2.375,-1.008,-1.564,-0.702,1.785,-1.687,0.498,-0.738,0.314,1.249,-0.459,0.324,1
0.514,1.18,-0.795,-0.741,-1.348,2.281,-0.97,-1.245,-1.225,-1.544,0.078,-0.91,0.957,-0.061,0.483,0.347,-0.146,-0.033,-0.686,-0.262,-0.915,0.463,0.972,2.147,1.52,1.944,0.057,-0.383,-0.746,0.223,0
-0.591,-0.909,-0.771,1.282,-1.142,0.346,0.223,0.223,0.727,1.73,-0.253,1.475,-0.691,-0.549,0.897,1.828,-0.662,-1.625,-0.566,-1.208,-0.385,0.697,1.601,0.348,0.101,1.114,-0.07,-0.5,0.157,-0.744,1
0.464,1.415,0.207,-1.859,-1.315,-0.084,-1.805,-0.131,-1.779,0.192,-0.69,-0.255,0.677,-1.964,-0.866,0.04,0.778,0.867,-2.114,-0.638,1.364,-0.549,-0.73,-0.049,1.08,0.299,0.039,0.341,1.499,0.409,1
0.193,0.143,-0.473,-1.832,1.204,0.806,0.054,0.573,0.47,-0.659,0.342,1.509,1.654,-1.005,-0.824,-1.132,-0.793,-1.703,-1.052,-0.323,-1.044,0.273,0.199,-0.48,-0.683,-0.073,0.29,0.291,0.767,-1.109,1
-0.66,-2.013,-0.676,-0.229,0.165,0.464,-0.774,0.331,-0.343,1.181,-0.183,1.374,0.495,0.394,-1.392,0.109,-1.583,0.478,0.31,-0.454,1.619,0.024,0.605,0.857,0.465,0.011,0.178,1.451,-0.12,0.148,0
-0.255,0.37,-1.31,-1.819,0.206,2.269,-0.586,-0.111,-0.014,-0.002,2.031,1.775,-1.14,-0.153,-0.353,1.789,0.57,3.03,-0.089,-0.26,-0.629,0.844,-1.177,-0.957,-0.408,-0.272,1.569,-1.197,0.124,-0.699,0
-0.88,0.962,1.675,0.396,0.372,0.637,-1.101,1.168,-0.298,0.001,-0.948,-0.393,-0.141,0.016,-1.153,1.806,0.279,0.853,-0.778,-0.224,-0.345,0.665,-0.058,-1.452,0.894,-0.169,-0.63,1.327,0.02,0.25,1
-0.931,-0.141,0.055,-0.041,-0.005,0.985,-0.539,1.452,-0.538,-1.209,3.269,0.892,0.473,0.139,0.52,-0.44,1.621,0.74,0.402,-0.662,-0.435,0.727,-1.388,2.264,0.838,2.468,0.306,1.097,-0.681,-1.002,1
0.64,0.686,1.162,0.195,0.087,-0.91,0.387,0.721,-0.101,0.414,-0.482,-0.982,0.512,-0.694,-1.05,-0.937,0.652,0.19,1.355,1.222,-0.212,-0.129,1.741,-0.419,1.144,0.945,-0.298,0.25,-0.741,-0.451,1
0.64,0.599,-0.661,-0.688,0.63,-0.463,0.267,0.509,0.655,0.471,-1.05,0.096,-2.689,-0.012,-2.058,0.536,-1.005,1.508,-0.759,0.681,-2.164,0.062,0.959,0.352,-1.756,-1.057,1.103,-0.034,-1.085,-0.022,0
0.426,-0.525,-0.795,0.061,0.38,1.768,-0.335,1.169,-0.584,1.299,0.716,1.768,-0.881,0.431,-1.962,0.361,0.159,0.442,0.913,-0.808,1.371,-0.378,-0.842,0.066,0.364,-1.242,-1.22,0.004,-0.941,-0.77,0
0.287,-0.536,-0.79,-0.932,0.65,0.91,0.456,-0.891,-0.79,0.039,1.717,0.097,-0.427,-0.658,-0.232,-0.583,-0.702,1.222,0.425,-1.013,-0.764,0.224,-0.106,-0.05,1.965,-0.259,0.942,0.365,0.756,-0.486,0
0.545,-2.399,-0.616,1.205,-0.139,0.32,-0.418,0.671,0.694,-0.089,0.368,0.095,-3.789,-0.488,0.221,0.634,1.196,-2.198,0.939,2.483,-1.914,-1.409,-1.316,0.285,-0.892,0.901,-2.443,0.604,-1.279,-1.172,0
0.415,-0.046,0.682,0.424,0.459,-0.767,-1.352,0.595,-2.036,-0.95,0.258,-0.874,-0.444,-0.728,0.159,0.721,-0.982,-0.801,1.42,0.787,-0.796,0.47,1.958,-0.294,-0.49,0.413,-2.044,-0.002,1.522,-0.621,1
1.779,-0.071,0.573,1.384,0.339,2.158,0.898,-0.818,-0.313,1.717,-0.533,-0.244,0.053,0.325,0.822,1.384,-0.525,-0.134,-0.078,0.144,0.809,0.61,0.955,1.918,0.034,-0.939,-1.506,-0.059,1.232,0.639,1
-0.058,-0.953,-0.593,0.277,1.078,-0.661,-1.64,-1.283,-1.313,-0.44,1.285,-1.313,1.473,1.118,-1.038,-1.098,0.114,0.276,1.584,-0.21,-0.956,1.716,-1.617,1.085,1.201,0.816,1.454,-2.305,-0.572,0.28,1
0.162,-1.244,0.168,1.262,-0.628,0.15,1.443,1.469,-0.322,0.212,0.49,-0.782,1.293,0.044,1.505,0.976,-0.344,0.032,0.859,-1.71,-1.629,-1.174,-1.653,-0.298,-0.378,-0.234,-1.006,0.645,0.66,-0.053,0
-0.128,-1.748,0.038,1.114,-0.79,0.937,2.734,-1.933,0.105,0.433,2.237,1.024,-0.034,0.853,-0.775,-1.171,-0.596,-1.218,-0.272,-0.945,1.128,-1.169,1.02,-0.146,-0.467,1.238,1.237,-1.392,0.19,0.705,0
-0.262,-0.673,-0.339,-0.401,-0.603,-1.064,-0.245,1.472,0.99,-0.492,0.914,1.663,-0.508,-0.029,1.962,-0.634,1.339,0.889,0.75,-1.009,-0.509,0.204,1.249,1.257,0.815,0.362,-0.521,0.707,1.645,0.465,1
1.66,0.562,0.1,0.796,-0.202,0.24,1.533,-2.22,-0.484,0.503,0.348,-0.019,0.415,-0.932,0.293,-0.182,0.969,-1.671,-0.1,0.563,0.62,-0.066,1.128,0.611,-0.646,-1.782,-1.028,-0.961,0.067,0.457,1
-0.561,0.463,-0.92,-0.358,0.032,0.13,-0.306,1.388,-0.044,1.385,-1.871,0.247,0.574,1.608,-1.823,0.178,0.258,-0.202,-0.625,-1.603,0.787,0.471,-0.736,-0.048,0.5,2.302,-0.122,0.632,-0.161,-0.128,1
0.331,-1.25,-0.213,-0.13,0.396,-1.617,0.285,1.46,-1.127,1.129,-0.02,-1.394,-0.973,-0.964,-0.099,-1.414,-1.715,-0.279,0.59,0.078,-0.07,0.651,0.219,-0.367,-0.914,0.023,1.229,2.113,-0.805,-0.147,1
-0.949,-1.573,-0.161,-1.178,-0.841,0.224,0.719,-0.069,0.476,0.252,0.095,0.787,0.122,-0.797,0.81,-1.496,1.01,0.044,-0.26,0.544,-0.767,-1.493,-1.209,1.389,-0.228,-0.114,0.267,0.617,-0.719,1.141,0
-1.203,0.741,-0.944,-0.184,-0.791,-0.567,0.474,-0.109,-0.004,0.414,-0.22,-2.081,0.546,-0.296,0.711,0.285,-1.507,-0.174,-0.225,-0.426,0.054,-0.433,1.876,0.775,0.225,1.619,-0.451,0.08,-0.278,-0.454,0
-0.358,0.167,0.036,-0.255,0.596,-0.763,0.074,-0.303,0.341,1.506,-1.129,0.238,1.2,0.714,0.065,-0.291,-0.692,-1.287,-0.507,-0.265,0.685,-0.399,-1.156,-1.388,-0.952,0.481,0.029,-0.86,0.753,0.617,0
-1.488,1.018,-0.524,0.117,0.493,-0.907,-0.888,-0.648,0.886,-2.274,0.52,-0.138,-0.064,0.342,-0.987,-1.756,-1.169,-0.414,0.021,0.878,1.46,0.807,-1.228,-1.009,0.292,1.336,0.014,-0.195,-0.619,1.878,1
1.774,0.939,-0.775,-0.794,-0.045,0.339,0.569,0.602,-0.367,1.408,-1.43,1.073,-0.587,0.369,0.837,0.205,1.149,-1.078,0.444,2.287,1.355,-0.262,1.442,0.688,0.451,-0.634,1.249,-0.731,-0.049,0.46,0
-0.937,0.388,0.718,-0.824,-0.669,0.738,0.947,-0.745,-0.245,-0.623,-1.302,0.102,2.418,-0.506,1.133,-1.049,0.354,0.201,0.606,-0.056,-0.386,0.522,-0.888,-1.418,-0.632,0.92,-1.392,-1.514,-1.804,0.11,0
-0.759,0.38,-0.247,0.507,1.369,0.964,1.377,0.44,-0.148,-1.602,1.512,-0.752,1.497,0.447,-0.498,-0.562,-0.996,-0.262,1.079,-2.682,1.43,2.279,0.956,0.098,-0.08,-0.184,-1.864,1.135,0.477,-0.965,0
-0.66,1.122,0.937,0.654,-0.696,-2.28,0.074,-0.032,-0.901,-0.601,-0.026,0.779,-0.349,-0.729,-1.51,1.129,0.787,0.258,-0.343,-1.044,-1.29,0.339,1.072,0.848,0.84,0.371,1.315,-0.683,-0.559,0.822,0
1.967,-1.847,0.303,-0.379,-0.409,0.396,-0.179,-0.86,0.78,-1.927,0.23,-1.048,-1.06,-0.774,-0.856,-0.627,-1.805,0.42,0.505,-1.925,-0.124,0.431,-1.21,-2.518,0.081,-0.018,-0.242,0.961,-0.822,0.232,0
-0.306,1.3,0.055,0.21,0.167,-0.846,0.036,-0.47,-1.699,0.498,0.682,-0.7,0.821,-0.273,-0.323,-0.175,2.246,0.101,-1.743,0.275,-0.898,0.368,1.876,0.628,-0.28,1.434,1.024,0.363,-0.019,0.119,0
2.424,-0.267,0.441,0.439,-0.018,0.116,-0.554,-0.001,-0.054,0.339,-1.339,-0.281,-0.68,-0.303,-1.734,-0.183,0.776,-0.925,0.713,2.244,-0.139,-0.376,-0.947,-1.124,1.261,-0.17,-0.742,0.036,-1.426,-0.785,1
-0.649,-2.047,0.957,-0.315,-0.248,-0.686,-0.993,-0.955,0.221,0.925,0.452,0.988,1.338,-0.396,-0.036,-0.425,-1.013,-0.108,-0.152,-0.943,-1.231,2.051,-0.323,0.593,-0.419,-0.029,0.715,1.119,-1.229,-0.282,0
0.231,1.294,-0.382,0.232,1.291,1.241,-0.576,-0.614,-0.287,0.847,0.471,1.213,0.066,-0.003,-0.629,2.729,1.88,-1.009,0.528,0.22,-2.054,0.508,0.597,0.683,0.649,-0.532,-0.035,0.264,0.667,0.646,1
0.419,-0.002,-0.969,-0.718,-0.06,-1.187,0.213,-1.014,-0.424,0.01,2.388,1.093,-0.742,1.501,-1.241,1.418,0.063,0.954,2.027,0.151,0.78,-0.327,0.375,0.117,1.365,-0.616,-0.337,-1.551,-0.935,0.933,0
1.018,1.602,-0.513,-0.794,0.117,-0.81,-0.764,0.564,0.06,1.357,0.001,-0.721,-0.194,0.758,0.734,-1.305,-0.717,-0.97,1.22,-0.216,0.049,-0.058,-0.555,0.964,0.239,0.283,-1.283,1.369,1.43,-0.283,1
-0.197,-0.493,-0.222,1.118,0.081,-0.842,-0.098,-1.577,0.979,0.615,0.189,-0.798,-1.35,-0.214,-1.432,-1.672,-1.181,-0.58,0.605,-1.792,0.187,-2.014,-0.369,1.417,1.487,0.977,-0.829,-1.602,0.302,0.334,1
-0.971,-0.058,-0.051,-0.366,0.813,0.571,0.056,0.039,-1.239,0.595,-0.997,0.148,0.609,-0.688,-0.569,-1.348,-0.23,0.444,1.743,-0.743,0.245,0.02,1.387,1.17,-0.731,0.029,-0.701,-1.842,1.014,-1.109,1
-1.872,1.017,-0.219,-1.501,-1.044,-0.56,1.498,1.862,-1.888,-0.503,0.315,-1.478,-1.556,-0.063,0.123,-1.04,-0.024,-0.016,-0.514,-0.941,0.724,0.028,-0.678,0.458,1.926,-0.725,-0.925,0.598,0.268,0.561,1
-2.141,0.733,0.694,0.826,2.492,0.877,-1.24,0.294,-0.314,0.802,-0.359,-0.155,0.91,-1.14,-1.534,0.704,0.38,-0.518,-0.999,1.408,0.249,-1.01,1.052,0.854,-1.771,-0.124,-1.797,-0.472,-0.9,-0.182,0
-0.04,0.758,1.286,-1.375,0.772,-0.05,0.483,-2.103,0.805,0.795,0.371,0.405,0.595,0.53,-2.921,-0.19,0.801,-1.097,-0.076,-0.226,-0.041,0.073,-0.457,-1.17,0.026,-1.057,-0.611,-0.479,-0.848,0.66,1
0.888,-0.045,-0.737,0.935,-0.116,-1.027,0.624,-1.428,0.666,-0.767,0.721,-0.666,0.996,-1.587,0.853,0.844,0.93,2.349,0.515,0.435,0.995,0.024,-0.44,1.09,0.129,1.338,-0.469,0.898,1.735,0.522,0
0.951,0.266,-0.813,-2.204,0.561,0.249,1.64,1.487,0.551,-1.24,1.761,-1.257,0.767,0.168,0.503,0.365,0.198,1.425,0.408,0.553,-0.242,-0.531,0.49,0.901,-0.761,-1.565,-0.391,-0.532,-0.67,1.603,0
-0.937,-1.474,-0.869,0.419,-0.251,1.169,-1.21,-0.802,-0.833,-0.473,-0.193,-2.459,0.703,1.955,-0.601,0.603,0.531,1.573,-0.823,-0.908,1.663,0.694,0.409,-1.603,-0.591,-1.43,-0.26,0.333,-0.211,0.65,0
-2.357,2.096,1.136,1.103,-0.353,-0.69,-0.644,0.341,1.294,0.4,-0.484,-0.953,-0.081,-0.05,-0.719,-0.597,-0.116,1.281,0.499,0.22,0.296,0.888,1.291,-1.668,-0.665,0.114,-1.082,0.385,1.532,0.276,1
0.412,-0.971,-0.722,2.464,0.505,-0.999,0.454,0.425,0.736,-2.187,0.323,1.644,0.204,0.616,-0.755,-1.06,0.928,-0.005,0.662,0.454,-0.683,1.58,2.538,-0.074,-0.305,-0.298,0.816,2.105,1.034,1.618,0
-1.778,1.101,1.795,0.495,-0.074,-0.18,-1.992,0.215,0.097,-0.418,-0.74,-0.644,0.823,0.517,-0.936,-0.092,-1.147,0.65,0.528,0.107,-0.9,0.289,-0.519,0.178,-1.78,-2.007,0.923,0.659,-1.292,0.241,0
1.203,-0.446,-1.734,0.448,1.389,-1.99,-1.503,-0.989,1.322,0.073,1.09,0.008,-0.654,-0.77,-0.123,0.88,0.881,0.005,0.711,0.379,0.357,0.385,0.635,1.515,-1.249,-0.931,-0.328,-3.626,0.152,0.736,1
1.238,0.752,-1.313,1.418,-0.333,0.781,-0.123,-0.512,1.173,0.416,-0.489,0.16,1.747,0.368,-1.047,0.263,0.307,0.655,-1.315,-1.673,0.901,1.632,-1.254,-2.344,-1.044,1.092,1.161,1.278,-1.59,0.488,1
0.508,-0.57,1.598,2.502,-1.198,0.299,0.25,-0.861,1.385,0.749,-0.14,-0.548,0.517,-0.86,1.019,1.18,-1.811,0.568,1.766,0.486,-0.201,1.658,1.266,0.346,-1.634,0.191,0.775,0.548,-0.486,-0.788,1
0.102,-0.637,0.466,0.368,0.378,0.159,1.029,-0.685,-0.78,0.696,-0.088,-2.026,0.353,-1.212,-0.594,0.088,-0.697,0.442,0.003,1.941,0.864,-0.433,-0.731,0.984,0.979,-0.845,2.168,0.151,1.809,1.71,0
0.087,-0.665,-0.095,-0.3,3.015,-0.676,1.791,0.642,-0.529,1.089,0.55,-1.648,0.683,-0.773,0.624,1.299,0.698,-0.015,0.458,-0.342,-0.22,1.319,-1.345,0.068,0.917,-0.18,0.212,0.02,-0.143,-0.338,1
-0.623,1.442,0.656,3.4,0.446,-2.264,-0.467,-1.148,2.897,-0.497,-0.133,1.129,-0.168,0.29,0.405,2.82,0.33,-0.426,-2.393,-0.783,-1.348,0.525,1.014,1.594,-1.023,-0.677,-1.304,-0.815,-0.039,-0.174,1
0.015,-0.782,-1.543,-0.012,-1.692,-0.114,-1.24,1.34,-0.252,-1.68,1.192,0.342,-0.25,1.05,-0.235,-0.683,1.722,-0.52,-0.148,-0.992,0.633,1.009,0.719,0.916,0.207,0.483,-0.315,-1.431,-0.759,-0.177,1
0.956,0.169,0.343,-1.122,-0.984,2.876,-0.173,0.327,0.03,-1.051,-0.167,-0.261,0.733,-0.541,0.956,-1.374,-1.154,-0.066,-0.083,-1.169,-0.146,1.112,-0.313,0.744,-0.466,-0.518,-0.349,2.455,-1.56,-2.337,1
-0.836,-0.878,0.933,-0.169,-0.609,0.802,-0.497,-1.521,0.832,0.11,-0.13,0.299,0.807,-0.024,-0.486,0.34,0.997,0.208,-1.375,-0.55,-0.951,0.731,-0.319,-1.776,1.7,0.507,-1.565,0.096,0.358,1.55,1
-0.712,-0.412,1.717,0.427,-2.033,-0.176,0.586,-1.875,0.813,0.729,-0.517,-1.139,-1.286,0.999,0.203,0.334,0.413,-1.431,1.353,-0.261,1.435,0.294,1.112,-0.426,-1.757,-1.462,-0.272,-1.217,2.266,-0.107,0
1.537,-0.135,-0.797,0.136,-1.576,0.918,-0.776,-0.983,1.96,0.712,-0.346,0.811,-1.559,-0.787,-0.604,-0.819,-1.075,-0.247,-1.558,0.676,1.535,-0.882,1.838,-0.699,-1.196,0.164,0.3,0.711,1.928,-0.235,0
-0.974,2.058,0.94,0.486,0.713,-0.603,-0.645,-0.663,1.199,-0.832,-0.05,0.623,-1.197,0.751,1.129,-1.179,-1.144,1.09,-2.148,0.52,1.414,1.785,-0.193,0.258,0.721,0.415,-0.907,0.989,-0.887,0.664,0
0.817,0.959,-0.496,-0.249,0.892,-0.742,-0.324,0.006,0.423,-0.502,0.34,2.056,1.304,1.198,-0.949,-0.771,-0.899,1.288,0.203,0.358,1.626,-0.368,-1.688,-1.781,-0.807,0.146,-0.63,-0.092,0.076,-0.131,0
0.465,1.009,-0.791,-0.323,-0.788,0.942,-1.931,0.154,-0.566,1.158,1.924,-1.471,-0.218,1.049,0.909,1.611,-0.489,0.983,1.625,0.62,-0.495,0.46,-0.828,-0.695,0.959,-1.086,-0.542,-0.072,-1.027,1.221,0
1.699,1.482,1.061,0.467,0.475,0.477,0.427,0.738,-0.87,-0.749,0.217,-0.251,-0.942,-0.338,-0.025,1.254,1.711,-0.255,1.235,-0.322,-0.653,0.91,-0.833,-0.402,-0.536,-0.697,0.448,-1.453,0.592,-0.997,0
-2.876,0.087,1.049,-0.081,-0.438,0.489,-0.494,1.176,0.844,0.308,-1.41,0.501,-0.342,0.115,0.29,0.954,-0.713,1.067,-0.391,0.222,-0.097,0.451,-1.266,-1.027,-0.304,1.279,-1.012,-0.922,0.288,-0.443,0
-1.282,-0.147,1.157,0.35,0.406,-1.495,-0.696,-1.233,-0.56,1.159,0.69,0.218,0.661,-1.708,0.028,-1.08,-1.406,1.71,0.386,2.016,0.359,0.611,0.422,-0.87,-0.871,-0.075,-0.994,0.879,-0.288,-0.341,1
-0.711,0.078,1.615,-1.222,0.673,1.169,-0.276,2.266,0.719,-2.255,-0.373,-1.296,0.973,0.333,-1.287,1.412,0.42,1.217,0.087,-0.838,-1.123,0.202,-0.522,0.792,-0.549,-0.649,-0.622,-1.068,0.143,0.59,1
-0.09,0.662,1.094,0.434,0.883,-1.024,1.597,-0.211,-0.22,-0.099,0.362,0.777,-1.511,-1.246,0.751,0.28,-0.496,-0.823,1.236,0.492,-0.857,0.163,-0.693,0.934,-0.551,-1.465,0.638,-3.203,0.741,1.14,1
-2.464,0.566,0.912,-2.175,1.199,0.839,-0.339,0.048,0.017,-0.191,0.327,-1.992,0.672,-0.569,-0.44,-0.719,1.178,1.443,1.108,-0.996,-0.339,0.378,-0.014,0.019,1.326,1.811,1.307,0.505,1.098,0.793,0
-0.427,3.596,-0.294,0.996,-1.639,-0.184,0.34,0.839,1.289,2.501,-0.169,-0.72,2.938,-0.379,0.016,0.286,-0.784,-0.412,1.875,0.522,-0.328,1.922,1.426,1.718,0.594,-0.359,0.468,0.341,-0.065,0.611,0
-0.035,-1.278,0.824,-0.306,-3.066,-0.095,-1.083,0.864,0.503,0.672,-0.527,-1.022,-0.536,-1.48,0.238,-1.106,-0.272,-1.1,-0.37,-0.845,0.208,-0.043,-0.025,-1.18,0.77,0.283,0.362,-1.997,-0.038,-0.078,0
-0.369,0.51,0.808,-0.755,-0.711,-0.076,-1.275,0.04,0.659,0.862,1.695,-1.591,-0.224,-0.309,1.058,1.103,0.297,2.041,-0.653,0.873,-1.079,1.23,-2.24,2.176,-1.056,-0.176,0.488,0.776,-0.264,0.118,1
-1.485,-0.395,0.763,-0.644,0.299,0.75,0.272,-0.466,-0.945,1.155,-0.619,-0.57,1.263,1.66,1.171,-0.109,-0.22,0.308,-0.372,0.718,0.07,-0.626,-0.62,-0.516,-1.075,-0.137,0.351,-1.621,0.921,0.786,1
1.125,0.025,-1.556,-2.037,0.56,-0.075,1.356,-1.006,0.731,-1.016,0.836,0.305,0.187,-0.71,1.187,0.681,-0.91,0.407,-0.956,-0.288,-1.174,-1.22,0.14,0.138,-0.922,0.114,-0.364,0.261,-1.253,-1.232,1
-0.15,0.113,0.841,0.023,1.471,-0.179,0.019,-1.803,1.147,0.4,-0.966,0.246,2.074,-2.013,1.16,0.373,1.383,-0.767,0.039,-1.227,-0.088,1.355,-0.12,0.282,-0.428,-0.703,1.031,-0.805,-0.719,-1.485,1
2.413,0.713,-1.38,0.032,-1.842,-1.232,-0.382,-0.61,-0.796,-0.785,-1.115,-0.697,-0.308,-0.022,-2.552,-0.455,0.182,-1.584,-0.296,1.165,-1.697,0.486,-0.621,2.035,1.015,-0.668,-0.189,0.109,1.334,-0.44,1
-0.338,0.58,-1.371,-0.485,1.482,-0.639,2.054,-1.062,-0.441,0.549,0.009,1.095,0.925,0.084,0.236,1.283,0.695,-1.018,0.702,0.86,-1.273,-1.658,1.419,-1.392,0.911,-0.03,1.799,-0.684,-1.582,-1.411,0
1.561,1.026,1.613,-0.503,1.047,0.534,-2.858,0.512,1.101,1.998,-1.086,-1.099,1.003,1.766,-0.41,-0.61,-0.368,1.407,1.065,1.685,0.633,1.362,0.525,-0.527,0.253,-0.517,-1.111,-1.97,-0.222,-0.492,0
-0.311,0.727,0.978,-0.366,0.757,-0.729,1.72,-0.574,-0.037,0.788,-0.096,0.331,-1.123,-1.289,1.361,1.07,1.993,1.227,0.218,-0.247,0.137,0.282,0.204,-0.34,-0.484,-0.3,-0.838,0.23,0.886,-0.749,0
-0.568,-0.117,-0.618,0.608,0.052,1.336,0.075,-0.622,0.703,0.131,-1.043,-1.571,-0.201,1.68,0.611,-0.114,1.341,0.466,-1.806,-2.459,-0.167,1.746,1.663,0.179,-0.077,1.399,2.405,-2.447,-0.402,-0.954,0
-0.283,-1.06,0.535,-0.506,1.613,1.097,-0.323,0.609,0.21,1.376,0.102,-1.837,0.662,-1.34,0.494,-0.002,1.569,1.396,-1.116,-0.44,1.312,-0.837,0.68,0.509,0.228,0.201,-0.436,-1.709,-1.194,-0.118,1
-0.75,-0.079,-0.526,0.941,1.396,0.038,-0.32,0.828,0.877,1.935,1.232,1.027,1.726,-0.086,1.268,0.07,1.124,0.9,1.586,-0.639,-0.363,-0.41,-0.937,0.288,-0.507,0.01,0.503,0.907,0.063,-0.234,1
0.548,-0.033,1.143,-1.24,0.982,-0.074,-1.666,-0.049,0.078,1.356,0.337,-0.684,0.556,0.677,1.966,0.481,1.743,3.016,0.97,0.788,2.838,0.889,-0.504,0.33,0.189,0.828,-1.434,-0.737,-1.224,0.971,0
0.54,-0.669,1.424,0.018,-1.12,1.881,0.16,1.781,-0.808,-0.075,-1.128,2.015,1.863,1.625,2.167,-0.242,-1.005,1.079,-0.119,0.423,-0.651,-0.16,-0.144,0.071,-0.644,0.164,0.648,0.598,-0.425,1.315,0
0.569,-0.967,-0.33,-0.919,1.643,0.603,-0.738,-0.365,-0.369,0.223,0.006,1.239,-1.765,-0.104,-1.508,0.268,0.542,-0.697,0.619,0.431,1.052,-1.482,1.103,0.173,-1.982,-1.267,1.316,-0.993,-1.442,-0.533,1
-0.635,0.515,-0.731,0.494,0.148,0.081,-0.304,1.156,2.033,1.454,-1.464,-0.964,2.859,-0.752,-0.432,-1.928,-0.893,0.776,-1.59,-0.612,1.411,0.814,0.706,-1.118,1.833,0.844,-0.104,-0.703,-0.717,0.398,1
-0.552,-0.568,-0.183,-0.378,1.029,1.304,-0.023,-1.118,1.598,-0.187,1.55,-0.982,0.558,-1.296,-1.629,-0.361,-1.139,-0.764,0.856,1.404,0.236,0.014,-1.964,1.479,0.69,0.135,-0.719,-0.058,-0.689,0.972,1
-0.2,-0.066,1.519,0.746,0.863,3.918,0.991,-0.232,0.092,0.783,-0.323,-0.111,-0.69,1.293,1.303,-0.356,0.771,-0.508,-0.669,-0.552,-0.252,-1.339,-1.454,-1.695,-1.489,1.517,-0.821,1.126,-1.184,0.498,0
0.988,1.065,0.012,-1.099,-0.536,-2.785,1.671,-0.098,-0.157,0.382,1.2,0.118,-0.727,0.267,-0.105,0.272,-1.144,-0.291,-0.27,0.939,-0.119,0.627,0.157,-0.645,-0.003,-0.191,0.355,1.486,-0.41,0.544,0
0.973,-1.39,-1.144,0.852,1.025,0.54,-0.493,0.375,0.879,-0.278,1.392,-1.877,2.149,0.698,1.418,0.838,-1.268,0.898,-0.038,0.687,1.141,-0.678,0.613,0.14,0.505,-0.837,-0.697,0.662,-0.583,-2.6,1
-0.978,-0.06,2.079,1.501,-1.19,0.737,-1.567,0.363,-0.809,-0.214,-0.547,-0.757,-0.276,1.011,0.444,-2.365,-0.171,0.842,0.474,0.875,1.262,0.382,1.1,1.432,-1.196,-1.64,0.093,-1.564,1.451,0.851,1
0.023,1.115,0.394,-0.035,0.049,-1.665,1.58,1.404,-0.13,0.377,-0.578,1.406,-0.231,-0.983,-0.756,-1.906,0.489,1.295,1.279,1.43,0.948,1.687,-1.046,-0.526,0.092,-0.221,0.472,0.324,-1.68,-0.329,1
0.486,-1.482,0.729,-0.448,0.968,0.57,1.587,1.843,-0.613,-0.268,0.704,-0.886,1.735,-0.605,-0.446,0.964,-1.67,1.475,-1.189,-0.039,-0.92,-1.83,0.171,1.252,1.238,0.059,-0.307,0.106,-1.387,-0.31,0
-1.038,-0.978,0.111,-0.045,-1.15,-0.994,0.128,-0.354,1.519,0.582,0.398,-0.252,0.826,-0.17,-1.504,-0.894,-0.087,-1.007,0.641,-1.78,0.594,-0.826,-0.435,-1.732,-0.106,1.146,0.941,0.582,1.47,-0.496,0
-0.608,-1.068,-0.113,0.175,-1.164,-0.607,-0.745,-0.092,0.018,0.196,1.619,0.143,-0.169,-0.262,-0.942,0.996,0.043,-0.516,-1.077,-0.951,0.964,0.085,0.304,0.572,0.24,0.509,1.575,1.377,-1.935,-1.625,0
0.399,-0.869,-1.364,0.927,-0.56,0.252,1.253,1.859,-0.637,0.141,0.596,-0.87,1.261,-1.093,-0.955,0.182,-0.661,-0.645,-1.222,1.077,0.906,-2.136,-1.919,-1.646,1.82,1.873,0.425,-0.222,0.007,0.652,0
0.641,-1.027,-0.466,1.238,-0.0,0.667,-2.376,-0.824,0.619,-0.39,0.181,-1.195,0.781,-1.647,-0.33,-0.895,0.065,-0.199,0.008,0.489,1.463,-0.245,0.036,-0.248,-0.179,-3.076,-0.907,0.796,1.363,-0.219,1
1.167,0.218,-1.723,0.029,2.62,0.886,0.582,-1.976,0.18,-0.155,0.883,-0.57,-0.861,1.874,0.505,0.448,0.658,-0.034,-0.057,-0.59,-0.373,-0.471,-0.684,-0.747,-0.868,-1.36,0.936,-1.206,1.392,-0.736,0
1.293,0.241,1.685,0.322,0.747,0.27,-0.433,-0.64,0.748,-1.233,-1.161,-1.482,-1.263,-1.063,-1.281,0.303,-1.099,0.729,-0.787,-0.698,0.478,-1.955,0.599,0.5,-0.55,-0.269,0.995,-0.536,0.218,0.375,1
-0.766,-0.489,0.995,2.783,-0.099,1.271,0.543,0.038,-0.097,1.59,-1.285,-1.923,1.374,1.383,-0.573,0.68,0.852,1.117,0.0,0.456,0.568,0.541,-0.56,-1.28,-0.237,-0.531,0.555,-0.607,0.06,0.419,1
-0.761,-1.787,-0.805,-1.478,-0.495,-0.257,-0.396,-0.349,1.342,-1.197,-1.964,-1.035,0.542,1.514,0.951,-1.331,0.289,0.179,-1.148,-0.645,0.653,-0.241,-0.406,0.544,1.12,-0.452,0.888,0.704,0.9,0.984,1
0.221,-0.159,1.656,0.699,-1.789,0.065,-0.04,0.434,-1.132,0.283,0.907,0.236,-1.619,0.091,-1.307,-0.33,0.124,1.51,-0.197,-0.325,1.375,1.949,0.749,0.614,1.086,-0.72,-0.954,-1.038,1.163,0.475,0
0.328,0.104,0.228,0.739,1.018,-0.94,-1.178,-0.433,0.634,0.722,1.266,0.353,-0.57,-0.504,0.669,0.307,0.106,0.454,-0.618,0.656,-0.12,1.098,-0.765,-0.198,1.37,-0.465,-1.372,0.774,0.085,1.062,0
-0.643,0.782,-1.572,1.196,-0.597,1.012,0.357,-0.07,1.167,0.272,-2.662,-0.432,-0.298,-0.194,-0.504,-2.555,-0.431,0.107,0.061,0.551,1.208,-0.58,-0.171,1.377,-1.167,-0.132,0.093,0.986,1.582,-0.106,1
1.125,0.429,0.002,-1.56,1.596,1.866,-0.147,0.278,0.481,-0.094,1.056,1.208,1.197,-1.875,-0.037,-0.394,-1.437,0.334,-0.824,-0.765,-1.184,0.828,-0.101,1.364,-1.083,0.811,-0.881,0.602,-1.534,0.183,1
-1.033,0.758,-1.577,-0.918,0.551,-0.031,0.039,0.0,0.534,-0.824,-0.754,-0.429,-1.8,0.178,-0.385,0.422,0.47,0.591,-0.193,0.124,0.325,0.653,0.776,0.279,1.496,0.149,-0.614,-0.124,-2.41,-1.943,0
0.256,0.736,-0.626,-0.315,-1.361,0.837,0.011,-1.574,-0.946,2.031,-1.437,0.607,0.174,0.99,1.019,-0.525,-0.527,-0.364,-1.076,0.568,-0.412,-1.61,0.515,-0.555,-1.132,0.083,0.123,-2.138,0.713,-1.724,0
0.871,-0.935,-0.221,1.16,0.301,0.057,0.315,-0.27,0.827,0.238,0.504,-0.192,1.852,1.318,-0.149,1.294,-0.442,0.213,-0.272,-1.495,-0.476,1.191,-0.159,0.426,0.3,-0.56,-0.676,1.341,-2.136,-1.491,0
0.059,0.749,0.434,-0.449,-0.081,-0.424,0.407,-0.5,-1.369,-0.174,1.298,-0.444,-1.495,-0.371,0.67,0.891,-0.748,-1.638,0.407,-1.027,-0.065,-0.826,0.539,0.2,-0.469,-0.429,0.606,0.003,0.363,-1.461,1
1.285,1.32,0.956,0.798,-0.912,0.882,-0.865,-0.597,-0.792,0.912,1.819,0.482,0.81,-0.704,0.397,-1.257,0.806,-0.461,0.514,-0.051,0.242,-1.242,-0.816,-0.629,0.38,-0.917,0.061,1.267,0.678,-0.368,0
1.434,-0.238,-2.068,-0.628,1.728,0.327,-0.836,-0.008,0.877,-1.576,0.439,-1.724,0.321,-1.087,0.014,-0.148,1.554,0.911,1.179,-1.084,0.095,0.569,-0.02,1.7,-0.179,-0.092,-0.638,-0.355,-0.996,-0.293,1
-0.632,-1.046,-0.214,-0.423,0.803,0.156,-1.125,0.121,-0.172,-0.707,-1.292,0.006,-1.128,0.655,-1.051,0.642,-0.937,-1.223,-1.029,1.16,-0.965,0.558,-1.159,-0.985,-0.894,1.787,0.125,-0.375,0.286,0.661,0
-0.593,0.046,0.209,-0.64,-0.027,0.813,-0.79,-1.641,2.307,0.734,0.57,0.414,-0.477,0.379,-0.316,0.597,-0.528,0.534,-0.499,0.33,0.781,-0.807,-1.081,0.718,-1.118,1.546,1.641,-2.012,-0.454,0.554,1
-0.186,-0.959,1.832,0.995,0.778,0.327,-0.18,-2.372,-1.495,-0.104,-1.121,-0.354,1.245,-0.05,1.254,1.775,1.244,-0.882,2.06,-0.505,0.31,-0.961,0.95,-0.904,-0.54,-1.522,2.47,-0.542,0.308,1.96,0
-0.348,0.808,0.942,1.491,1.194,-0.225,1.235,0.505,-1.578,0.076,-0.376,-1.825,0.905,-0.024,2.079,-0.129,-2.025,-0.546,-0.619,0.654,0.661,-0.062,0.41,1.184,0.089,-0.383,0.56,-1.059,0.649,1.148,0
-0.358,0.917,0.055,1.178,0.346,-0.892,-0.933,-0.383,0.149,-0.417,0.419,-1.16,0.1,-0.318,0.335,0.881,1.487,0.665,0.243,0.761,-0.318,-1.859,-1.305,0.472,-1.981,-0.417,1.144,-1.195,1.226,0.132,0
-0.004,-1.813,-0.907,-0.191,-0.403,0.811,0.173,-1.021,-0.465,-0.936,0.852,0.157,1.025,0.627,-2.065,-0.819,-0.699,-0.205,-0.383,-0.313,1.454,-0.398,-3.318,0.137,1.149,1.115,-0.569,-1.464,-0.379,-1.531,1
1.737,0.634,1.577,-2.42,-0.072,1.058,0.898,0.186,1.338,-0.406,-0.004,1.062,0.333,-0.118,0.21,-0.07,-0.793,0.364,1.664,0.31,-1.674,-0.091,0.207,0.084,-1.201,-0.08,-0.824,0.122,0.149,0.701,0
-0.567,0.862,-1.182,-1.153,-0.943,1.007,-0.293,-1.487,-2.194,1.174,0.217,-0.121,-0.011,0.251,0.59,-0.571,-0.458,0.596,-2.704,-1.967,-1.097,0.99,0.851,0.266,0.931,-0.362,0.33,1.058,0.186,-0.843,1
-0.34,0.818,1.13,-0.74,-0.394,0.733,0.675,-0.607,2.096,1.12,0.602,0.772,0.407,-0.794,-0.989,-0.797,-0.094,-0.333,-1.382,-0.56,1.818,-1.94,-0.507,0.919,0.899,-0.922,1.653,-0.376,0.943,0.548,1
1.559,0.379,0.092,0.957,0.98,0.913,0.004,-0.884,-1.335,-0.596,0.721,-1.166,-0.64,1.439,2.504,0.443,-0.074,0.242,0.311,-3.114,-0.869,1.271,-1.555,-1.399,1.602,1.509,-0.197,-0.145,0.6,0.021,0
1.135,-1.148,1.157,-0.55,0.696,-0.094,-2.065,0.484,0.803,-0.491,1.32,2.353,1.397,0.011,-1.091,-0.968,1.214,2.374,0.777,0.153,1.143,0.668,1.147,-0.28,-1.7,-0.7,-1.495,-0.095,1.074,1.483,1
0.388,1.661,0.139,-0.315,-0.487,-2.421,0.435,0.238,0.061,-1.339,-0.021,1.786,1.316,1.422,-0.489,0.799,0.752,0.893,1.065,1.114,0.192,0.643,-1.533,-0.091,-0.909,1.602,1.387,-0.568,-1.231,-1.214,0
-0.384,0.658,-1.245,-2.56,-0.399,-0.628,0.629,-1.284,1.047,0.32,-1.544,-1.573,0.258,-0.617,-0.703,-0.631,1.017,1.522,0.947,0.632,-0.253,0.772,-0.238,0.065,-0.019,-0.26,-1.197,-1.501,-1.966,0.387,1
-0.118,0.605,-1.338,-1.483,-1.103,-0.931,0.54,-1.828,-1.234,1.782,-0.403,1.001,1.712,-0.19,-2.203,-0.182,-0.324,0.703,-0.59,1.14,0.239,-1.934,0.114,1.524,0.022,0.333,-0.214,-1.154,-3.018,-0.67,0
0.152,0.2,0.032,1.74,-0.247,-0.204,-0.5,-1.25,-0.451,-1.406,-1.182,2.013,-0.079,0.041,-1.564,2.886,1.708,1.266,-0.924,0.015,-0.679,-1.154,0.109,0.486,0.718,-0.537,-1.272,0.001,0.812,0.361,0
0.125,0.374,-0.387,-0.391,0.469,-0.741,1.231,-0.49,-0.515,-0.705,-0.95,1.952,0.344,-0.837,0.069,0.028,-0.558,-0.846,-1.609,0.781,-1.59,1.206,0.801,0.418,0.935,0.521,0.461,0.663,0.33,1.353,0
1.586,2.265,-1.261,-2.527,-1.171,-0.585,-0.205,0.455,0.426,0.224,-0.942,0.203,0.935,1.001,0.508,-0.687,-1.018,-1.147,-1.05,0.754,-0.926,0.001,-0.91,0.964,0.683,-0.505,0.043,-2.02,-0.79,0.203,0
-0.355,0.226,-0.266,-0.222,-0.284,-0.068,-0.045,-0.991,-1.898,-0.094,0.635,0.121,1.641,1.556,1.192,-0.915,-0.555,0.287,-2.67,-0.996,-0.468,-0.473,-1.442,0.961,-1.108,-0.197,-0.095,-0.848,-0.411,0.56,0
-0.803,-1.23,-1.054,0.443,0.417,1.722,1.089,-1.089,1.049,-0.9,1.476,-0.487,1.302,0.964,1.336,-0.768,0.306,0.034,-0.177,1.004,0.143,1.839,-2.027,0.367,-0.749,0.406,-0.242,-0.452,-0.037,-2.062,0
0.711,1.587,-0.436,0.849,0.286,-0.993,0.255,-0.442,-1.792,0.223,-0.529,0.5,-0.73,-0.072,0.851,-0.368,-1.788,0.434,0.815,0.023,1.09,-0.491,1.471,1.118,-2.284,-0.024,0.142,0.604,0.09,-0.505,0
0.514,-0.283,0.025,-0.041,-0.307,0.06,0.136,-0.777,1.366,-0.41,0.011,-0.076,-2.011,-0.149,0.595,-0.9,-0.566,0.338,0.389,-0.988,-0.396,1.456,-0.537,-0.221,-0.691,-0.026,0.381,-1.443,-2.08,-1.439,0
-0.545,0.509,0.416,1.457,-0.993,-0.97,-0.549,0.016,-0.014,-1.538,-0.672,1.503,-0.688,0.414,1.094,2.0,-0.308,-0.562,2.159,-0.535,0.859,-0.362,-0.664,0.693,1.15,0.849,0.611,1.597,0.471,-1.055,1
-1.168,0.085,-0.645,0.324,0.37,-0.787,-0.68,1.036,0.317,-1.286,-1.056,-0.188,1.591,-1.356,-1.27,-1.983,1.45,-0.765,-1.316,1.222,-1.492,-1.832,0.071,0.776,0.963,-2.249,-0.251,1.088,-0.811,-0.824,1
-0.191,-1.149,-0.518,-1.127,0.037,-0.983,0.359,0.325,-0.156,0.649,-1.637,0.893,0.746,-0.621,1.012,0.054,-2.352,-0.158,-2.399,2.628,0.388,-0.732,-0.597,-0.915,0.387,0.911,-0.254,-1.04,0.764,1.258,1
-1.018,-0.167,-0.089,0.254,-0.947,-1.036,-1.475,0.168,-0.512,0.509,-0.36,0.921,1.526,1.255,0.598,-0.075,-0.065,-0.506,-0.382,0.533,0.244,0.012,0.126,-0.181,-0.2,0.668,-0.584,-0.174,-0.266,-0.128,1
0.693,1.117,0.551,-1.238,-0.469,0.468,-1.162,0.299,-1.98,-0.778,-0.452,0.743,0.341,-0.279,-0.855,2.466,-0.115,-0.719,0.341,0.42,0.75,-2.533,-1.287,0.607,0.491,-1.867,0.531,0.963,-0.737,-0.676,1
0.32,0.43,1.062,-0.516,0.641,0.715,0.869,0.63,0.444,0.654,-0.362,0.736,-1.222,0.824,0.222,-0.28,-0.041,1.508,-0.485,0.845,-1.772,1.187,-1.765,1.252,0.271,0.497,-0.507,-0.253,-0.443,-0.152,1
0.547,-1.779,-0.577,0.342,0.428,-0.127,-0.111,-1.071,0.01,1.606,-0.597,0.823,0.602,0.612,0.111,0.107,0.549,0.942,0.03,-0.666,1.321,-0.255,-0.123,0.592,0.672,1.882,-1.482,0.57,0.644,-0.386,0
-2.197,-0.22,0.524,-0.856,-1.09,-0.233,-0.783,0.096,-0.184,-0.567,-1.578,1.063,-0.312,0.709,-0.733,-0.029,-1.211,-1.174,0.223,0.548,-1.615,-2.035,0.281,-0.869,0.229,-0.464,-0.125,-0.144,2.148,-1.176,0
-2.357,2.485,1.017,-0.285,0.288,0.202,-0.954,0.819,0.186,1.821,0.123,1.492,0.491,-0.851,-0.07,0.668,0.12,-0.083,0.23,-0.865,-1.304,-0.194,-0.699,0.972,-1.888,-0.307,-0.392,0.087,-1.663,-0.568,1
-0.758,0.303,-0.748,-0.39,0.808,0.447,0.386,-0.107,0.208,0.826,0.018,1.301,-0.404,-1.245,-2.25,0.895,0.432,-0.035,1.463,-0.278,-0.266,-1.136,0.087,-0.373,-0.353,-0.522,0.287,0.503,-1.208,-1.445,0
-0.741,-0.914,0.392,0.135,-1.198,-0.056,-0.704,0.539,-0.884,-0.522,-0.647,0.684,0.861,-0.117,0.377,-1.169,0.165,-0.51,0.422,-1.091,1.485,1.666,-0.412,-0.1,2.306,-0.842,-1.506,0.224,0.064,1.38,0
-0.993,-0.016,0.243,-0.07,0.333,0.163,-0.178,-0.171,-0.979,-1.126,-0.233,-0.378,2.248,-0.346,0.525,0.975,0.994,1.516,0.344,1.623,-1.167,-0.707,1.914,-3.587,-0.019,0.144,-0.654,0.743,1.054,1.589,0
0.461,-0.069,-0.55,0.611,-0.9,0.018,1.402,0.755,0.13,0.796,-1.299,2.951,-0.291,1.322,0.102,-0.15,1.031,-0.119,2.07,-0.377,-0.576,-0.837,0.748,1.066,1.435,-0.708,2.294,0.54,1.521,0.134,1
0.996,0.17,0.303,2.083,0.378,-2.189,-1.685,0.971,0.428,-0.044,1.34,-0.533,0.367,0.353,-0.821,-1.654,-0.386,-2.227,-1.418,0.411,2.421,1.011,0.442,0.896,0.235,0.246,-0.155,0.053,1.319,-0.331,1
0.39,-0.197,1.128,-1.638,0.781,0.064,-0.931,1.51,-0.68,0.679,-1.909,-1.239,0.833,-0.102,-1.178,0.399,-0.544,-0.204,1.407,-1.576,-1.572,-0.243,-0.371,-0.191,-0.623,0.831,-0.653,0.507,0.118,-0.145,1
1.531,1.049,-1.98,-0.161,1.823,-1.155,-1.027,0.528,0.503,-1.343,-1.408,-0.185,1.142,0.312,0.561,0.859,-0.409,0.284,0.054,-2.141,1.179,0.565,-0.772,1.146,1.309,1.178,1.019,1.996,0.083,-0.48,0
0.668,0.381,1.146,-2.085,-3.025,0.001,0.385,-0.621,-0.312,-0.998,0.104,-0.191,-1.665,-1.109,0.45,-0.273,0.177,-0.322,-1.086,0.225,0.562,0.997,1.592,0.06,2.121,-0.588,-1.014,-0.603,0.053,0.46,0
0.353,0.34,0.279,-1.712,-0.566,-0.692,0.034,-0.455,-1.467,-0.264,-1.37,1.07,0.806,-0.02,-1.992,0.939,0.722,0.256,1.695,0.737,-0.232,0.698,1.033,-0.09,1.138,1.118,-0.509,0.245,-0.928,-1.989,0
-0.335,2.069,-0.078,-1.98,-1.558,0.445,-1.512,0.326,0.43,0.739,1.729,-0.676,-0.908,-0.568,-1.009,-2.33,-1.419,1.208,2.245,-0.715,-1.594,0.576,0.706,-1.092,0.082,0.556,-1.715,-0.61,0.619,-0.045,0
-1.292,0.223,-0.174,0.817,2.567,-0.02,0.733,-1.026,-0.275,0.66,-1.892,-1.728,-0.387,-1.105,0.06,1.318,1.363,-0.665,-1.002,-1.046,-1.33,0.845,1.661,-1.579,0.019,-0.381,-0.788,0.68,1.522,-0.67,0
-0.458,-1.548,1.287,1.134,2.451,-1.764,0.534,0.169,1.088,-1.215,0.753,-0.392,0.81,1.857,-0.008,0.365,0.345,0.452,-0.689,0.991,-0.002,-1.073,0.725,1.991,-0.854,2.107,2.529,0.251,0.82,-0.556,1
0.128,0.714,-1.327,1.65,0.248,-0.304,-0.957,-0.027,0.066,-0.09,0.375,0.902,0.339,1.372,-2.183,2.341,1.698,1.174,0.312,-0.04,1.151,0.977,-0.79,-0.61,0.609,0.794,0.829,-0.33,-0.156,0.573,1
0.287,-1.058,0.089,-0.348,1.046,-0.051,0.052,0.534,-0.248,0.625,-1.557,0.114,-0.518,0.473,-0.014,1.066,-0.729,0.578,1.985,-1.526,0.114,-0.246,-0.896,-0.751,-1.976,0.158,0.679,-1.494,0.238,0.262,0
0.09,0.513,0.767,1.694,0.027,1.566,-0.796,0.723,0.85,-0.058,1.468,0.775,-1.308,-0.528,1.667,1.832,2.257,0.885,-0.767,-1.129,-0.663,0.4,-1.076,1.436,-0.515,-0.216,-1.399,1.038,-0.401,-1.165,0
-0.818,-0.983,-0.476,-0.05,-0.164,1.158,0.884,1.108,0.878,0.701,1.282,-0.782,-1.513,0.295,-0.526,0.356,-1.026,0.249,1.271,-1.131,1.285,-1.021,1.03,-0.896,-0.506,-1.627,0.992,0.447,1.131,0.47,0
1.971,-0.603,-1.916,-0.367,-0.631,0.547,1.223,-0.998,-2.125,0.8,0.845,1.446,-3.371,0.967,-0.216,-0.495,-0.139,0.875,-1.672,-1.555,0.074,2.399,0.689,0.741,0.897,-0.39,-0.134,0.131,0.521,-0.671,0
-1.397,0.44,-1.489,0.602,-0.078,-0.114,-0.367,-0.512,0.796,0.664,0.04,-0.566,0.092,-0.74,1.887,-0.19,-0.493,-1.007,0.065,0.63,1.446,-0.374,0.356,-0.736,-0.891,0.055,1.256,0.074,0.437,1.22,1
-0.625,0.321,-0.983,-2.525,0.034,0.318,1.744,-0.153,1.415,-0.047,1.295,-0.606,-0.577,-1.806,-0.293,0.104,0.718,0.493,-0.495,0.456,-1.126,-0.776,0.333,-0.909,-0.025,1.199,0.693,-0.038,0.477,0.91,0
0.604,-1.446,-1.681,-0.54,0.032,1.571,0.554,-1.458,0.645,-0.798,0.021,0.046,-0.672,-1.987,1.124,0.602,-0.647,-1.131,0.642,0.337,0.017,0.788,0.311,-0.251,-0.697,-0.207,-0.684,-0.1,-0.469,0.364,1
0.332,-1.12,-0.261,0.359,-1.356,-1.037,-0.79,-1.041,-2.048,0.041,0.546,1.488,-0.443,-0.2,-1.606,0.043,-0.948,-0.223,-1.791,0.038,1.112,0.448,-1.623,0.919,-0.215,1.106,1.286,-2.16,0.311,-0.888,0
-0.897,1.475,-0.865,-0.137,0.24,-0.412,0.171,-0.514,1.762,0.782,0.619,1.057,-0.145,0.286,0.496,0.364,-0.575,0.12,-0.163,1.407,-1.631,-1.601,0.338,1.352,-1.05,0.688,-0.165,-0.698,0.743,0.39,1
-1.142,-0.437,-1.274,0.07,0.176,1.111,-0.241,-1.46,-0.775,0.563,1.236,0.242,0.448,0.484,0.5,0.733,-1.443,-1.045,1.777,-0.703,-0.764,-1.681,0.678,-0.892,2.067,-0.17,-0.733,-0.349,-0.057,-1.504,1
1.464,1.668,1.836,0.972,-1.391,-1.673,0.008,-0.245,0.887,1.15,-0.489,0.245,-0.743,-0.223,0.123,0.556,1.046,-0.25,-0.93,0.042,-2.043,0.544,1.908,0.555,-0.979,0.358,0.912,-0.747,-0.988,0.179,1
-0.698,-0.569,1.745,1.673,-1.808,-0.097,0.654,0.833,-0.228,0.78,0.206,-1.354,0.103,-0.796,-0.245,-1.523,0.433,0.426,1.216,0.462,1.526,0.399,-0.815,0.165,0.139,-0.56,-0.728,-1.149,-0.618,0.208,1
-0.24,-0.846,0.312,0.484,0.464,0.492,0.301,1.143,1.245,-0.377,-0.369,0.666,1.998,-0.451,0.459,1.199,0.998,2.329,-0.467,-0.422,1.3,1.135,0.077,-0.759,-0.362,1.964,0.118,0.635,-1.639,-0.224,1
-1.745,-0.095,-1.227,-0.446,0.795,1.217,-0.005,1.586,0.397,0.231,-0.013,-0.909,0.915,-0.318,-1.071,-1.283,-0.223,-0.299,0.453,0.637,-0.168,1.795,-1.186,-0.257,-0.603,0.047,0.638,0.513,1.118,0.474,0
0.076,-2.457,0.193,0.687,0.747,-0.012,-0.752,1.395,-0.966,-0.9,0.931,0.058,1.021,-0.52,0.181,0.543,-2.269,-1.327,-0.635,-1.065,1.239,-0.289,0.117,-0.944,-0.2,0.731,-0.28,0.031,1.806,0.601,0
-0.862,-0.843,-1.976,1.132,0.458,1.748,0.069,0.856,1.383,0.757,0.327,0.434,-0.155,1.455,-1.319,0.527,-0.879,0.845,0.664,1.083,0.82,0.043,-0.975,-1.641,-0.654,0.912,1.508,-0.359,0.588,0.175,1
0.537,-0.731,1.661,-1.677,0.023,-0.222,1.424,0.624,1.399,1.155,-1.816,-0.294,0.475,1.506,-0.856,1.668,2.738,-0.437,-0.027,-0.3,1.633,0.805,0.331,0.35,-0.551,0.151,-1.114,-1.917,1.724,1.177,1
-2.106,-0.745,-0.771,-0.537,0.98,-0.002,-0.417,-1.397,0.997,-0.714,-1.096,-0.257,-0.307,-0.573,1.86,1.688,-2.231,0.018,-1.069,-1.164,-2.194,0.805,-0.107,1.516,0.105,-0.294,1.823,0.785,0.75,1.649,1
-0.822,-0.477,-1.43,-0.485,-1.976,1.374,0.204,-0.575,0.434,-0.857,-0.406,0.726,-0.333,-0.464,-1.489,-2.287,0.647,0.619,1.251,-2.109,2.217,-0.036,0.032,-0.915,0.842,0.675,-0.938,-0.696,-0.643,-0.473,1
-1.251,0.804,1.516,-1.585,-0.545,0.305,1.208,0.732,1.264,1.009,1.911,-1.002,-0.571,-1.047,-0.58,0.116,0.934,-0.186,1.241,1.234,1.102,0.852,0.57,-1.306,-0.589,-0.854,-0.084,0.512,0.567,0.497,1
-1.049,-0.562,2.369,-1.59,0.176,-0.378,-2.111,0.363,0.762,0.327,0.053,-1.211,0.094,-0.072,1.18,-0.02,0.179,0.666,-0.118,-1.839,-0.987,0.863,-0.96,0.414,0.784,1.029,0.379,0.982,1.026,0.496,0
0.252,-0.407,0.579,0.381,0.326,-0.234,0.673,-0.712,-0.037,-0.282,2.451,-1.409,-0.348,-1.354,0.233,0.093,-1.476,0.653,0.932,-1.434,1.034,-0.696,0.106,0.333,0.907,0.082,-1.526,-0.428,-0.372,0.141,1
-0.344,0.644,-0.609,-0.332,1.304,-0.896,-1.598,1.034,1.596,-1.569,0.312,-0.599,0.927,0.145,-0.82,1.044,-0.57,-0.884,-0.831,0.425,0.265,1.294,-0.277,0.176,0.051,-0.268,0.774,-1.461,0.049,-1.268,1
-0.685,-0.772,0.626,0.815,2.5,0.262,-0.024,-2.041,-0.346,0.415,-3.76,1.132,0.271,0.319,-0.064,1.061,1.968,-0.883,0.744,-0.504,-0.993,0.23,0.55,1.979,1.796,1.427,-0.425,1.119,0.809,0.988,0
0.526,-1.107,0.058,0.324,-0.07,-0.008,-1.361,-1.229,-0.449,0.586,0.624,0.166,-0.332,1.253,-1.126,-0.272,-0.316,-0.705,0.663,1.285,0.203,-0.774,-1.644,0.563,-1.186,1.013,0.774,-1.51,-1.421,-0.588,0
1.2,0.326,-1.128,-1.697,-0.622,0.223,-0.824,1.254,-0.24,-0.323,-0.454,0.432,-1.254,0.883,0.721,-0.889,0.427,0.115,-2.561,1.112,0.981,0.087,0.404,-0.012,2.157,-0.374,-0.867,-0.234,-1.255,0.809,1
-0.499,-1.42,1.148,-2.074,0.599,0.549,0.185,0.76,-0.156,0.719,-1.89,0.962,0.473,0.786,-1.167,1.023,-0.564,0.136,-1.397,0.519,-1.536,-1.364,-1.903,-1.576,-0.312,-0.247,-0.397,0.529,0.472,0.382,0
-0.969,1.607,0.333,-0.019,-0.022,0.608,0.782,0.214,0.394,1.496,0.055,0.141,-1.073,-0.119,1.737,0.575,-1.324,0.305,1.66,0.117,1.116,1.567,0.747,0.036,-0.13,0.074,0.033,-0.066,1.676,0.364,1
-0.847,0.077,-0.046,0.965,0.46,-0.504,1.03,-0.142,-0.238,1.037,-0.026,-0.109,-1.771,1.45,-0.4,0.945,-0.513,1.009,0.309,0.71,0.321,-0.21,1.547,-0.882,-1.136,0.004,-1.735,0.365,-1.429,-0.628,0
0.599,-1.834,-1.247,1.425,-0.567,1.006,-0.845,0.15,-1.837,0.225,-0.369,0.037,-1.737,1.768,1.222,0.821,-1.623,0.646,-0.842,0.508,0.452,0.778,-0.818,-3.174,-0.643,-1.086,-0.399,0.152,-0.776,0.326,1
-1.558,1.093,-0.288,-0.888,-0.124,0.18,0.659,-0.953,-0.825,0.766,0.929,1.362,-1.321,1.186,-0.055,-1.423,0.055,-1.408,-0.342,0.972,-0.345,-0.519,-1.335,0.972,-0.56,-0.205,-0.093,-0.056,1.178,-0.982,0
0.216,0.145,-0.088,0.192,-1.338,0.615,0.214,0.703,0.919,-1.235,-0.449,-0.447,0.318,0.991,0.916,-0.266,-1.437,0.716,0.543,1.211,-1.444,0.378,0.107,0.284,-1.665,0.54,1.088,-0.322,-0.641,0.206,1
-0.063,0.932,0.919,0.249,-1.609,1.414,0.535,1.233,0.441,1.788,-0.094,-1.513,1.083,0.13,0.786,0.337,-0.438,0.354,-0.571,0.271,-0.544,-0.415,-1.135,0.307,1.012,1.97,1.012,-1.231,1.292,1.388,1
1.048,-1.173,1.202,0.555,0.289,-0.666,-0.604,-0.445,-0.304,-0.302,-0.501,1.35,-0.293,-0.606,-1.807,-0.023,-1.385,1.47,-0.452,-0.707,-0.082,1.706,-1.304,-1.05,0.266,-0.019,-2.043,0.794,-0.086,0.09,1
-0.077,0.749,1.399,-1.613,-0.509,0.622,-1.476,0.26,-0.023,-0.773,0.344,-0.894,-0.866,-0.824,-0.136,-0.187,0.018,-0.214,1.034,-1.018,-0.919,-0.838,0.402,-0.22,-0.413,0.272,0.57,-0.613,-0.779,1.05,0
1.193,0.667,-0.491,-0.056,-1.491,-0.774,-0.043,2.322,0.715,0.012,-0.781,-1.425,0.571,0.14,-0.415,-2.023,-0.358,-1.284,0.65,-0.645,-0.328,0.602,1.249,0.866,2.189,0.746,0.244,0.878,1.202,0.148,1
-0.168,-0.616,-0.975,-0.64,0.565,-0.364,-0.088,-0.579,-1.607,0.696,-0.648,0.759,2.014,-0.338,0.344,0.539,-0.856,1.061,0.973,1.406,0.879,0.226,-1.78,-0.575,-1.411,0.145,-1.719,0.474,0.882,0.261,0
-0.992,1.45,0.698,0.685,0.512,-1.273,1.119,0.607,0.247,1.532,-0.654,-1.055,1.329,-0.67,1.542,-0.271,0.924,-1.769,-0.163,0.577,0.527,1.193,0.621,1.303,0.855,-1.709,-0.387,-1.693,-1.588,-0.667,1
0.023,0.46,0.856,-1.068,0.227,-1.028,1.344,1.101,-0.115,-1.325,0.35,1.546,1.709,-1.134,0.627,0.209,-1.266,0.071,1.105,-0.442,2.277,-0.16,-0.717,-0.929,-1.255,-0.514,1.758,0.402,-1.708,0.579,0
-0.329,-0.082,0.072,1.403,-0.112,0.76,-0.532,-0.283,0.227,-1.443,-3.059,-0.746,-2.467,-0.465,1.965,-0.895,1.764,0.154,-0.038,-0.864,1.474,0.257,-0.947,-0.533,-1.957,-1.004,-1.24,-0.3,0.001,-0.679,0
-0.147,0.229,-1.176,1.827,-0.448,-0.295,0.159,0.073,-0.096,2.439,-0.039,-0.37,-0.502,1.4,1.793,-0.419,0.883,0.317,-1.575,-0.102,1.012,-0.631,-2.649,-0.186,-0.362,-0.645,0.236,-0.764,-0.372,-1.228,1
0.157,0.913,-0.01,-1.23,-1.182,2.07,-0.444,-1.474,0.281,0.656,-0.286,1.763,2.047,-1.072,1.876,0.183,0.365,0.111,-0.108,-0.492,-1.095,0.066,1.599,-1.508,1.031,0.473,-0.139,-0.405,-0.272,0.455,1
1.144,0.683,0.424,-0.382,0.378,0.328,0.27,1.475,-1.033,0.484,-0.026,0.117,1.153,-0.27,-0.156,0.773,-1.5,-1.229,1.129,0.899,0.656,0.604,0.979,-0.754,0.308,-0.161,-0.571,0.744,-1.545,2.741,0
0.38,0.879,-1.003,0.526,0.999,-0.981,0.503,0.049,0.443,-0.059,0.668,-0.634,1.365,-0.785,-0.519,-2.141,-0.301,-0.808,-0.619,0.264,-0.45,0.837,-0.458,-0.148,-1.33,0.949,-0.631,0.293,0.604,0.552,0
-1.249,-0.903,-0.02,-0.386,0.15,-0.604,1.177,-0.23,1.844,0.405,-0.374,0.838,1.14,1.098,0.312,0.191,-0.422,0.421,-0.165,-0.983,0.681,-0.302,-0.516,0.38,0.522,0.898,-1.939,-1.176,0.376,0.354,1
-0.14,0.496,1.485,-0.504,-2.512,-0.029,0.711,2.76,0.368,-1.313,-1.253,-0.928,0.199,1.155,-1.401,-2.063,-0.298,-2.281,-1.143,2.116,-0.643,0.766,0.687,-1.571,0.202,0.514,-1.085,-0.214,-0.511,0.951,0
0.596,-0.327,-0.63,-0.484,-0.049,-1.361,0.781,-1.623,-0.446,-0.185,0.037,-0.678,0.637,0.392,-0.929,0.818,-1.659,-0.189,-0.522,0.848,-0.083,0.522,1.032,-1.074,-0.167,-0.604,-1.547,-0.505,-1.2,0.661,1
1.501,-0.776,-0.44,-1.325,0.586,0.465,-0.837,-0.646,0.11,-0.626,-2.713,-0.988,-0.344,0.293,0.429,-0.459,-0.623,1.112,1.977,1.988,1.524,0.393,0.403,-0.162,-2.138,0.18,-2.339,0.038,0.839,1.839,0
-0.704,1.041,0.308,0.618,0.099,0.623,-1.446,-1.55,0.812,0.249,-0.163,-1.076,-1.434,0.284,-0.834,-0.07,-0.906,-0.302,-1.062,-0.656,0.716,1.378,0.197,-0.958,0.756,-1.374,0.342,0.136,0.836,0.93,0
0.234,0.05,1.207,1.137,1.642,0.61,0.595,1.534,1.911,1.077,-0.418,0.021,1.965,1.27,1.046,0.916,-0.089,2.034,-0.75,-0.162,1.475,-1.442,-1.164,1.507,0.03,0.111,-0.944,-1.191,1.273,-0.451,1
-0.531,0.789,0.746,0.614,-0.117,-1.989,-0.394,-0.046,1.41,-0.486,0.546,-1.546,2.023,-0.195,0.212,-0.552,-0.291,-0.505,0.402,-2.24,-0.115,-0.023,1.275,-1.186,-0.56,0.702,-1.693,0.73,-0.261,0.816,1
-1.094,-0.103,-0.262,-0.3,0.517,-0.129,0.174,-1.085,-0.132,0.122,-0.619,0.17,0.642,-1.225,-0.551,1.721,0.743,1.661,1.75,-0.266,-1.722,-2.642,0.018,-0.087,1.354,-0.368,-1.026,0.471,-1.52,0.984,1
1.986,0.772,-1.546,-0.49,0.094,-0.923,-1.661,0.17,-2.159,0.247,0.032,0.115,-0.421,0.472,-1.496,1.314,1.775,0.086,-0.801,0.647,-1.062,-0.712,-2.036,1.127,-0.368,0.695,-0.778,0.237,0.189,0.215,1
-1.892,0.38,-0.184,0.575,0.793,0.771,-1.951,-0.272,1.117,-0.725,0.352,-1.716,0.85,-0.444,-1.354,-0.073,-0.891,-0.431,-1.569,0.87,0.982,-0.695,-1.269,0.766,2.136,1.723,-0.064,0.304,-1.665,0.283,0
1.269,0.6,-1.42,-0.196,-1.46,-1.093,1.449,0.199,0.468,-0.046,0.742,0.358,0.272,-0.001,-0.901,0.241,0.664,1.355,-0.387,-1.551,0.612,-1.019,-1.659,-0.486,-0.483,0.546,0.812,-1.114,-0.779,-1.065,1
0.113,0.569,-0.101,0.647,-0.315,1.026,0.46,1.629,-1.515,-0.846,0.745,0.444,0.046,0.097,-0.111,-0.192,-0.427,0.329,0.101,-0.78,-0.698,0.77,-0.957,-0.427,0.777,0.576,-0.554,-1.699,-1.542,-0.152,1
-0.54,0.727,1.644,0.572,0.047,0.08,1.177,-1.251,0.563,0.621,0.238,0.403,0.128,-0.391,-0.075,-1.107,-0.539,0.062,-0.436,-0.16,-0.523,1.442,0.817,-1.694,-0.462,0.48,-1.248,-0.506,-0.183,-0.97,1
1.619,-1.06,0.059,0.189,-0.203,-0.797,-1.09,0.748,0.06,-0.449,-0.724,-0.534,2.369,-1.397,0.353,1.798,0.098,-0.484,-0.854,-0.232,-0.962,-0.457,0.008,-1.879,0.431,0.51,0.38,0.514,1.172,-1.592,0
0.276,1.72,0.456,-0.575,-0.74,-0.335,-0.012,-0.733,0.305,-0.815,-0.575,-1.14,-0.973,-2.355,-0.862,-0.29,-0.15,-0.545,-0.003,0.951,-0.106,0.395,-0.595,0.214,-1.199,-0.997,0.856,0.423,-1.163,0.749,0
-0.179,-0.394,-0.151,-1.009,0.033,0.184,0.224,-0.943,1.032,-0.383,-0.223,-0.391,1.364,-0.51,3.136,-2.033,0.39,0.767,0.188,0.114,-1.697,-0.173,0.144,-0.934,0.359,0.013,1.083,0.882,0.033,1.384,1
1.381,-0.085,-0.427,-1.02,0.078,1.525,-0.449,0.3,-0.155,0.843,2.955,0.451,0.99,-2.298,-1.735,-0.296,0.581,0.563,-1.509,1.484,-1.273,1.946,-0.656,0.447,-0.648,0.201,0.782,0.725,0.219,0.792,1
-1.225,-0.456,0.248,-0.957,-1.404,-0.512,1.159,-0.925,0.587,-0.535,-0.629,-0.083,0.196,-0.807,-0.158,1.73,-1.19,0.131,0.815,1.387,1.098,-2.086,-1.404,0.188,-0.202,-0.246,-0.404,-1.905,-1.031,0.935,1
0.585,-1.458,0.293,-1.391,0.35,-0.983,0.762,-1.257,-1.207,1.785,0.157,1.672,-0.502,0.659,-2.43,0.644,-0.971,-0.646,0.686,-0.0,1.271,0.489,1.026,0.548,-0.18,0.587,1.621,2.666,1.887,-1.581,0
1.161,-1.182,-0.096,0.354,0.528,-0.74,1.548,-0.206,-0.378,-0.749,-1.921,-0.751,0.782,-1.441,-2.286,-0.135,-0.95,-0.877,1.032,1.401,-0.174,-0.521,0.624,-1.241,-0.042,1.437,0.271,-0.42,-0.659,1.405,1
0.955,-0.215,0.201,0.107,-0.982,0.212,0.29,0.316,0.572,0.951,1.279,-0.932,-1.347,-0.765,-0.601,0.246,-0.106,-0.755,0.85,0.004,1.536,0.624,-0.199,0.916,1.314,-0.152,1.24,-0.484,1.084,-0.054,0
1.503,0.811,0.078,-0.337,0.975,-1.391,0.974,0.553,0.331,-0.51,-1.322,-0.719,0.228,1.48,-0.218,0.685,1.217,-0.448,0.555,-0.063,-0.586,1.314,-1.573,0.818,-0.115,0.548,0.252,-0.419,1.313,-0.719,0
0.808,0.739,0.83,-0.116,-1.355,1.309,0.526,0.715,0.965,-0.449,1.604,-0.137,1.408,-0.91,0.03,0.461,2.381,-1.499,0.542,1.407,-0.071,-0.512,1.381,0.317,-0.472,-0.663,-0.714,-0.174,0.393,0.453,0
0.456,-0.567,1.095,-0.245,-0.237,-0.439,-0.056,-0.803,0.251,-0.075,-0.75,0.859,-0.812,-0.893,-0.212,2.708,0.187,-1.108,0.405,0.802,-0.315,-1.371,-1.416,2.08,-1.695,-0.629,2.049,-0.447,0.22,0.676,0
-1.284,0.228,-1.161,2.019,0.913,0.292,0.751,-0.703,0.406,1.217,0.47,-0.819,1.027,0.11,-2.333,-1.754,-1.942,-0.153,1.619,-0.711,0.307,0.531,-1.557,0.749,-2.018,-0.011,0.754,-0.456,1.691,-0.861,1
-1.116,0.048,0.857,-0.525,-0.107,0.081,-0.592,-0.363,0.736,0.328,-0.784,-0.117,1.211,-0.709,-0.893,0.557,-0.073,-0.724,0.272,1.009,-1.254,0.552,0.599,-1.191,-0.32,0.163,-0.38,-0.361,-1.947,1.734,0
-0.375,-0.318,0.345,0.156,0.531,-0.815,0.696,0.014,1.085,-0.014,0.579,-0.559,1.218,-1.166,-0.701,0.048,-0.565,0.366,0.246,-0.206,1.355,1.11,0.119,-1.237,0.062,-0.25,-0.122,0.671,0.277,-2.028,1
0.608,0.188,0.201,-2.662,-1.775,-0.381,0.172,-1.247,-0.386,1.633,-1.735,1.473,1.608,-0.294,0.846,-0.021,0.601,-0.023,2.021,-0.599,-0.154,-0.306,0.115,-0.316,0.576,0.577,0.923,-0.494,-1.65,-0.05,1
1.237,-0.084,-1.677,1.574,-0.137,-0.623,-1.045,0.376,-0.61,-1.712,-0.565,0.515,-1.207,1.57,0.723,-0.557,-0.322,-2.069,-0.861,0.993,-1.002,0.156,-0.778,0.158,-0.139,0.036,0.848,1.005,0.161,0.188,0
3.446,-0.948,1.74,-0.528,-0.321,-0.504,-1.65,-0.546,0.0,-0.456,2.37,-2.061,0.697,-0.259,0.261,-0.787,0.366,0.919,1.6,0.13,2.399,-0.643,-1.844,1.783,0.452,0.562,-0.323,0.533,0.924,-2.125,0
-0.752,-0.427,-0.236,-1.559,1.738,-0.34,-0.823,-0.988,1.379,-2.046,0.334,0.355,0.502,-0.093,0.626,0.363,-1.339,-0.926,-0.5,0.352,-2.311,-1.236,-1.69,-1.404,0.337,2.268,0.716,-0.249,1.192,-1.018,0
-0.313,0.638,-1.011,-1.33,-1.471,1.3,-0.009,-0.038,-1.722,0.536,-0.886,-0.13,-0.18,-0.056,-0.197,-0.67,-2.572,-0.315,0.492,-0.837,-1.17,-0.491,0.133,1.561,1.0,-2.425,-0.664,-1.818,1.125,2.17,1
1.071,-0.748,-0.148,-1.141,-0.338,-0.393,-0.722,0.025,-0.915,1.98,1.023,-0.191,1.386,1.275,1.479,-0.593,0.072,-0.607,-0.572,-0.97,-0.292,-1.174,1.794,0.841,0.113,0.091,2.474,1.259,-1.315,0.54,0
0.405,-0.723,-0.575,-0.594,0.619,0.218,1.482,1.195,-0.621,0.279,-0.164,0.085,-0.448,1.371,0.351,-0.966,0.153,0.655,-0.86,0.72,1.52,-0.147,0.865,-1.241,0.5,-0.626,0.218,0.851,0.199,-0.27,0
-1.153,2.434,1.031,-0.033,-0.271,-0.16,-0.674,0.857,-1.537,-1.265,0.609,0.666,-1.754,-0.256,-0.928,-0.804,-1.078,0.198,-0.335,2.139,-0.41,0.295,0.75,1.577,0.605,0.143,-1.232,-0.237,-1.419,1.565,1
-0.743,-1.1,0.115,-1.387,-0.66,0.64,0.477,1.742,-0.216,1.05,-0.608,0.376,1.005,-0.475,1.455,-1.108,-0.141,-0.275,0.336,-0.899,-1.02,-1.132,0.286,-0.569,-0.866,1.142,-0.949,0.943,-1.51,1.056,0
0.251,0.552,1.107,-1.365,1.437,-0.389,0.171,0.758,1.012,-0.194,-0.018,0.508,-1.282,0.069,1.222,-0.105,-0.761,0.07,0.228,-2.013,0.158,-0.366,0.631,0.764,-0.052,-0.801,-0.29,-0.302,0.778,0.764,1
1.227,-0.475,-0.17,-0.153,-1.393,0.903,-0.561,-1.257,0.273,-0.117,-0.623,-2.323,-1.529,-0.94,0.72,-0.193,3.095,-1.168,0.58,-0.395,-1.097,-1.086,-1.16,0.56,-0.421,-0.851,1.018,-1.707,1.865,-0.831,1
1.187,-0.655,-0.441,-0.436,1.498,-0.111,-0.561,0.259,-0.809,0.272,0.009,0.628,0.083,0.651,0.981,-0.859,0.474,-1.052,-1.129,0.279,0.497,0.109,0.33,-0.331,-0.031,0.487,1.437,1.097,-1.698,-0.382,1
-0.013,0.275,1.777,0.327,-1.73,-0.644,1.219,-0.003,0.104,-1.712,-0.604,-1.395,-0.823,-0.746,-0.603,-0.445,-0.706,-0.237,-1.175,-0.059,0.493,2.119,1.112,1.663,0.209,-1.09,0.008,0.3,0.281,1.031,1
-0.247,0.015,-1.489,-2.547,-1.071,-0.079,-0.478,-0.898,-0.632,0.057,0.101,0.07,-0.919,0.382,-0.586,-1.038,0.405,0.979,-0.087,-0.188,0.118,-0.804,-3.243,-1.062,0.257,-3.166,2.353,-1.342,-1.549,-0.988,0
0.734,2.061,1.741,0.79,-0.888,0.121,-0.689,-0.261,1.529,-0.01,-1.082,-1.596,0.227,0.044,-0.293,1.264,1.069,0.546,0.582,-1.386,-0.09,-0.275,-1.036,0.843,1.852,0.945,0.575,-1.181,-0.215,1.406,1
-0.172,0.555,-0.204,-0.857,2.81,2.021,2.433,0.983,0.192,0.169,-0.081,-0.647,-0.411,0.792,0.027,-1.552,0.609,0.309,1.809,1.189,0.89,0.269,0.424,-1.119,-0.537,0.019,0.467,-0.337,-0.217,-0.679,0
-0.263,-0.762,-0.808,0.145,1.379,-1.97,-2.122,1.094,1.467,1.267,-1.377,1.237,-0.09,-0.075,-0.707,0.376,1.472,0.503,-0.524,1.474,1.106,0.457,-0.792,1.614,-0.346,0.75,-2.329,1.557,0.089,-0.003,0
-0.343,-0.21,-2.237,0.289,-1.547,-1.047,-1.678,-0.447,-1.691,-0.534,0.032,-0.653,1.021,-0.5,-2.006,-1.192,0.454,0.032,1.028,1.138,-1.247,0.855,-1.437,0.092,-0.433,1.663,-0.451,1.122,-0.062,-1.958,1
-0.96,-0.416,0.6,-1.17,1.116,0.625,-1.198,1.555,1.208,-1.729,-0.471,0.131,-0.876,1.716,1.489,0.741,2.856,-1.061,-0.247,0.948,0.939,0.746,0.708,-0.177,0.452,-0.57,1.686,-1.566,-1.144,-1.472,1
0.276,0.504,0.325,1.96,-0.453,-2.069,0.659,0.659,0.184,-0.155,1.607,0.371,2.631,-0.183,-0.176,-2.548,0.746,-0.035,0.33,1.663,-1.643,0.635,1.181,-0.699,-1.296,-0.853,0.252,0.592,-0.299,-0.72,1
-0.505,0.04,-0.154,-1.145,-1.398,0.34,-1.037,0.705,0.676,-0.066,-0.465,0.506,-0.497,1.237,0.672,-0.496,-1.33,-1.676,-0.51,-1.478,1.041,0.788,1.032,-0.949,-1.265,-0.094,1.261,-0.168,1.018,-0.238,0
-1.01,-1.91,-0.549,-1.552,1.141,-0.747,-2.868,0.391,-0.18,-1.068,-0.839,1.392,0.25,-0.979,-0.014,0.781,1.11,0.493,-0.949,-1.449,-0.397,-2.058,-0.893,-1.648,-0.454,-1.08,1.482,-0.137,0.27,-0.776,0
2.014,0.944,-1.483,1.179,-2.062,-0.206,-0.969,-0.855,0.785,0.146,-0.602,-0.026,0.349,-1.383,-0.741,0.816,-1.288,-0.122,-0.709,1.15,0.523,0.243,-0.577,2.256,1.48,-0.379,0.505,-0.216,-0.552,-0.601,0
0.612,0.79,1.36,0.001,-0.66,0.448,-1.348,-1.438,-1.464,-0.037,-2.246,-1.41,-0.32,0.812,1.176,-1.468,-0.038,0.365,-0.131,0.57,1.038,-0.704,1.43,1.755,1.098,-0.316,0.844,-0.366,-1.234,1.303,1
0.199,-2.483,0.277,0.866,0.381,-0.59,0.018,-0.841,1.548,2.449,-0.214,-1.714,1.801,-0.123,-0.902,1.281,-1.987,-1.482,0.555,0.44,1.208,1.008,-1.036,0.883,0.027,-0.509,0.924,-1.115,0.897,-0.314,0
-0.808,-0.11,1.582,-0.791,-0.125,-2.39,-1.544,-1.099,-0.291,0.821,-0.116,-0.552,-0.902,-0.3,-0.036,-1.106,0.71,-2.888,-0.047,0.841,-0.278,0.181,0.012,0.346,0.317,0.686,-1.91,-1.266,1.064,-0.911,0
0.092,-1.467,0.769,-1.17,0.251,0.473,1.454,0.05,0.745,0.558,0.737,-1.998,-0.159,-0.994,0.091,-0.387,-0.032,0.876,0.607,1.01,0.736,-1.171,0.303,-0.376,0.132,-0.147,-0.755,0.389,0.016,0.865,0
-0.193,0.542,0.535,-0.384,-1.242,-0.423,0.072,0.699,-0.169,0.763,0.214,0.742,1.6,-1.461,1.651,0.938,-0.585,0.33,-0.322,1.219,0.377,-1.303,1.16,1.02,-0.279,-1.503,0.761,0.359,0.988,0.24,1
-2.044,-0.497,1.045,-1.37,0.017,-1.311,0.976,0.429,-0.403,0.019,0.666,0.052,-0.438,-1.888,0.273,0.929,-0.007,0.884,-0.789,1.356,-0.172,1.237,0.622,0.892,-0.238,-0.83,-0.599,-1.203,0.776,-0.286,1
-0.297,0.383,-2.191,1.337,-2.366,-0.906,-0.626,0.495,0.006,-0.979,-0.526,1.47,-0.633,1.283,-0.39,-0.433,0.865,-1.289,-1.251,0.093,0.747,0.154,0.915,-0.661,-0.738,-0.668,-1.377,0.909,1.079,-0.316,0
-2.141,1.142,0.306,1.975,-1.373,0.472,2.276,0.877,-0.544,-0.757,-1.382,1.276,-0.347,1.296,0.102,1.339,0.746,2.335,-2.074,0.524,0.495,1.387,-0.913,0.287,-0.354,0.525,-0.899,0.17,2.515,1.178,1
0.76,-0.744,-0.683,0.892,-0.829,-0.161,0.723,0.546,-1.362,-0.258,-0.045,-0.681,-0.459,-0.515,0.328,0.86,0.124,0.175,1.392,-1.381,0.346,-0.769,-0.948,0.07,0.169,-1.632,1.162,-2.286,-0.558,-1.199,0
-0.149,-0.386,1.029,1.502,-0.087,0.109,-0.591,0.317,-0.624,0.188,-0.75,0.027,0.081,-2.313,-0.428,-0.55,-2.641,-1.703,-2.539,0.028,1.104,0.127,-1.785,1.809,-0.826,0.21,-1.011,1.808,-1.514,-0.439,0
-0.261,1.345,0.261,1.105,-1.564,-1.165,-1.225,-1.997,-0.008,0.58,-0.379,-0.82,0.203,-0.107,0.021,-1.829,-0.035,0.553,0.084,0.241,2.045,1.591,1.242,-2.488,1.213,0.756,0.439,0.226,-1.99,-1.902,1
0.179,-0.753,-0.389,0.584,0.515,0.824,2.045,0.156,-0.178,0.876,1.543,-0.072,1.606,-0.907,-0.433,0.529,0.226,1.207,-0.041,0.66,-0.951,0.374,-1.254,0.058,-0.62,1.465,-0.717,0.282,0.722,1.138,0
0.276,-0.045,-1.231,-0.579,-0.556,0.358,-1.025,-2.616,1.049,-0.052,-0.384,0.523,1.645,-0.713,0.796,0.893,0.962,-0.72,1.253,-0.064,1.3,0.537,-0.411,-0.367,1.127,-1.403,1.466,0.641,0.567,1.289,0
-1.589,-0.234,1.315,2.578,0.186,-0.385,1.312,-0.071,0.493,-1.284,-1.11,0.701,0.521,-0.446,-0.182,0.583,0.605,0.634,-1.22,-1.355,-0.357,1.799,0.566,-1.145,1.02,-0.445,0.387,-0.379,-0.333,1.208,1
-0.662,0.149,0.991,0.874,-0.067,0.495,0.891,0.541,-0.791,0.578,0.718,-2.976,-1.324,0.177,-0.717,-0.255,-0.094,-0.352,-0.559,0.195,0.074,-1.45,-1.095,2.023,-0.408,-1.108,0.106,-0.503,0.12,1.027,0
0.872,0.828,1.831,0.475,0.932,1.039,1.171,0.746,0.052,0.316,1.505,-0.422,1.851,-1.106,0.87,0.429,-0.625,-0.677,-0.185,-0.505,0.293,-1.183,0.439,-1.158,-0.475,1.212,-2.768,0.294,0.417,-1.518,1
1.173,0.138,-0.908,1.111,-0.439,1.557,0.013,1.52,-1.918,-0.469,-2.865,-0.606,-0.434,-0.983,1.377,1.954,0.583,0.472,-1.566,-1.875,0.366,0.132,1.633,0.465,0.2,-0.231,0.355,0.329,-0.248,-0.392,0
-0.883,-2.49,0.388,-0.923,0.225,0.468,-0.714,-0.264,0.963,-1.475,-0.904,-0.241,0.841,0.93,-0.068,-1.332,-0.47,-0.1,-0.669,-0.556,-0.472,1.906,1.748,1.36,-0.288,1.928,-0.775,-0.564,-0.423,2.028,0
-0.042,1.271,-0.494,-0.123,-0.714,2.305,1.863,0.632,-0.849,-1.1,-0.486,-1.607,0.053,0.122,0.982,-2.591,-0.373,0.58,0.638,0.409,-0.741,0.181,-0.427,-2.691,-0.317,0.759,0.328,-1.092,0.612,-1.672,0
0.015,-0.844,-0.899,-3.312,1.571,-0.41,-1.818,0.658,-0.306,-0.019,-0.22,1.508,-0.145,-1.632,1.083,-0.527,-1.951,-0.668,1.038,0.333,0.16,-1.247,0.459,0.641,0.286,-0.305,-0.191,-0.565,0.528,-0.343,0
1.46,-1.543,-0.482,-1.024,-0.797,0.677,-0.144,0.561,0.107,-0.22,0.036,-0.563,-0.784,-0.049,0.263,-0.766,0.323,0.228,-0.361,0.277,1.938,0.489,-0.043,-0.437,0.478,-0.345,-1.854,-0.065,0.295,1.249,0
2.038,0.289,-0.65,0.913,-1.666,1.856,-0.538,-0.456,-0.031,1.34,-0.256,-1.235,-0.452,1.459,0.013,0.647,-0.526,0.506,-0.693,0.913,-0.306,0.052,0.436,0.209,-0.72,0.869,0.054,0.308,-1.617,-0.625,0
-1.08,0.565,-0.037,0.381,1.268,-0.734,-1.353,1.952,-0.055,0.544,-0.324,-0.189,-1.219,-0.217,0.266,-1.113,0.293,0.779,0.038,0.21,-0.808,-1.435,-0.767,0.892,0.712,0.099,-1.195,0.844,-0.306,-0.108,0
-0.675,-1.569,-0.845,-0.121,0.434,-0.706,-0.775,-0.376,1.551,-0.567,-0.73,0.493,-0.83,-0.586,-0.158,0.695,1.033,-1.427,2.002,1.37,0.517,1.154,-0.495,-0.361,-0.88,0.16,0.51,1.121,-1.011,0.427,0
-1.832,-0.11,0.225,0.251,0.141,0.073,-0.3,1.575,-1.65,-1.398,-1.052,1.412,-0.969,0.814,-1.103,1.11,-0.79,-1.169,2.282,-0.733,1.082,1.165,-2.011,-0.778,-0.464,-1.435,1.62,-0.927,0.979,-0.408,1
-0.226,0.997,-0.671,1.007,-0.56,0.377,1.113,0.498,0.132,0.125,-1.204,-0.97,0.768,0.314,-2.008,-0.354,1.882,1.305,1.801,-0.646,0.265,-1.266,-0.362,-0.463,0.219,-0.063,-2.125,0.12,-0.188,0.886,1
1.26,1.409,-1.638,0.595,1.406,-1.42,-0.319,-0.198,0.25,-1.608,-0.465,0.294,0.613,-0.52,-0.791,0.252,0.422,2.338,0.362,-0.502,-0.822,-0.674,0.557,-0.278,-0.328,1.494,0.41,-1.433,0.163,0.455,0
-0.756,2.484,-0.785,-0.729,0.368,-0.43,-0.009,0.636,-0.586,-0.508,-0.122,-0.072,0.947,-2.165,-0.498,-2.081,-0.614,-0.784,-2.271,-1.079,-0.944,-0.224,-0.496,-1.056,-0.675,0.732,0.495,-0.573,0.665,0.248,1
-2.061,-0.466,2.079,-0.836,0.739,2.135,-0.803,1.386,-0.151,-0.746,-1.038,-1.547,0.622,-0.295,-1.354,-2.22,1.054,0.2,-1.773,-0.174,1.091,-1.792,-1.233,-1.307,-0.935,-2.262,-0.148,-1.166,-0.627,-0.218,0
-0.727,0.704,0.335,-0.231,0.327,1.095,-0.162,0.214,0.811,0.415,0.719,-1.015,0.062,-0.107,0.526,0.771,-0.586,-1.227,-0.862,-0.05,0.234,-0.242,-1.249,-0.241,-0.648,1.085,1.336,0.976,-0.547,1.21,0
0.859,0.587,0.773,0.579,-2.227,-1.458,-2.606,1.511,0.115,1.442,1.154,-0.456,-0.531,0.035,-0.212,1.581,0.546,-0.093,0.816,0.465,1.233,1.701,0.216,-1.655,0.142,0.517,0.024,0.093,0.847,1.147,1
-1.245,-1.906,0.346,0.115,-0.13,-0.534,-0.199,0.196,-0.507,1.711,-2.035,-0.46,0.295,2.472,0.061,0.519,-1.262,-1.472,0.93,0.768,-0.081,-1.118,0.272,-1.655,1.157,0.864,0.757,-0.445,-0.083,-0.96,1
0.325,0.299,-0.828,-0.283,1.273,0.289,0.987,-2.971,-1.049,1.844,1.077,1.414,-0.424,-1.458,-0.727,1.318,-1.228,-2.711,1.457,0.465,-0.806,-0.18,0.118,0.392,-1.87,-1.011,2.199,1.072,0.305,0.928,0
0.522,-0.807,-0.569,-0.101,0.188,1.033,-0.281,0.534,-0.622,-2.367,2.111,-1.079,-1.343,0.432,-0.18,-1.557,0.094,-1.028,-0.165,0.79,-0.623,-0.142,-1.047,0.185,-0.705,0.842,0.277,0.665,0.745,0.383,0
0.123,0.921,0.931,0.914,0.128,-1.33,2.726,0.578,-0.516,1.007,1.288,1.423,0.393,-0.672,1.103,0.069,0.881,0.097,0.282,1.37,-1.181,0.38,-0.324,-0.683,-1.96,0.071,1.911,0.453,0.647,-0.435,0
-1.116,-0.405,-1.426,-0.746,-0.386,0.267,-2.183,1.067,-1.052,0.082,0.327,0.723,-0.052,-0.552,-1.076,0.518,-0.948,0.523,-0.207,-0.26,0.588,1.248,0.824,0.247,0.199,-1.173,0.649,0.059,1.4,-0.612,0
-0.259,1.478,1.187,0.089,-0.466,-0.387,-1.107,0.364,1.28,-0.553,-0.783,-1.269,0.184,-0.245,0.139,0.084,-0.717,0.493,-0.156,-0.731,0.812,-0.873,1.733,-0.086,-0.167,1.204,2.396,0.321,0.967,0.605,0
-0.347,-0.357,-1.2,0.548,-1.922,0.925,0.19,-0.374,1.674,-0.811,-0.4,-0.17,-0.349,-1.0,-2.031,-0.549,2.197,1.234,-1.347,-0.76,-0.993,-0.079,-0.447,-0.358,-0.091,-0.155,-0.257,-1.2,-0.795,-0.928,0
0.576,-0.978,0.03,-1.714,-0.082,1.504,0.986,1.785,0.237,1.086,-0.088,2.277,1.594,-0.837,1.426,1.136,0.85,-0.295,0.938,0.24,0.222,-0.7,0.481,0.189,0.825,0.01,-0.289,0.144,1.04,0.302,0
-0.98,-0.797,-0.419,1.822,-0.727,-0.032,1.125,-1.112,-0.784,0.668,0.061,-0.993,2.113,-1.444,-0.524,-0.642,0.678,-0.955,2.326,1.162,1.456,0.821,-0.441,0.675,-1.878,-0.26,0.944,0.459,-0.445,-0.28,0
0.309,1.118,0.056,0.08,0.03,0.927,-1.444,-0.01,-0.573,0.488,0.549,-1.666,2.862,1.35,0.469,0.776,-0.243,1.676,-0.214,0.262,0.582,-1.33,0.748,1.436,-0.483,-0.146,-0.317,0.809,1.021,0.825,1
-0.61,1.691,0.552,-0.07,-0.343,-0.398,-1.064,1.644,-1.887,-0.92,2.267,0.051,0.864,-0.867,2.632,0.842,-0.055,-1.07,1.501,0.262,0.171,1.678,-0.872,0.919,-0.751,-1.794,0.369,-0.562,0.221,-1.912,0
-0.707,-1.056,-0.298,-1.855,-1.023,1.195,1.492,0.984,0.942,0.388,-1.097,1.19,0.64,1.333,0.406,0.06,-0.42,0.149,0.322,1.423,0.306,0.363,0.65,0.283,0.269,-0.53,1.374,-0.677,1.329,0.532,0
-0.985,0.962,0.741,-0.837,0.412,-1.54,0.422,0.63,-0.073,-1.187,-0.36,-1.171,-0.976,-1.818,0.23,2.074,1.311,0.374,-0.972,-0.946,-2.137,-0.079,0.753,0.871,1.084,-0.236,-0.554,1.43,0.306,0.806,1
1.509,0.516,0.399,-0.235,0.03,-0.178,-0.84,-0.627,-1.897,-0.395,0.387,-0.405,0.513,0.225,0.06,0.733,-0.059,-1.404,-1.509,0.048,-0.387,0.238,-0.419,1.513,-0.188,0.364,-0.928,2.291,-0.092,-2.509,0
-0.137,-0.996,0.199,-0.12,0.309,-0.264,0.87,1.452,0.338,0.816,-0.584,0.931,0.914,1.272,-1.97,-1.103,1.071,-2.17,1.162,-0.669,-0.064,1.305,1.218,-1.882,0.591,-0.129,-0.332,1.428,-1.527,-0.815,1
0.348,-0.192,1.0,1.165,-0.836,-1.483,-1.016,-0.622,0.439,-1.549,0.924,-2.365,-0.229,-0.845,-0.191,-0.11,-1.303,0.833,-1.242,-0.646,1.343,0.787,-0.766,1.159,0.347,0.829,0.749,1.705,1.643,0.371,1
-1.584,-0.22,-1.653,0.627,1.474,0.66,0.608,0.601,0.47,-0.596,0.349,1.276,-0.839,0.54,0.981,-0.019,0.121,-0.352,1.391,0.844,1.163,-0.649,0.351,0.358,-1.123,-0.525,-0.271,0.301,0.186,0.843,1
-1.395,-1.504,0.334,2.27,-0.474,1.067,0.589,-0.907,0.696,-0.92,1.122,-0.543,-0.325,2.037,0.253,-0.397,-0.446,0.099,-0.394,-2.649,0.04,0.6,0.381,-0.408,-0.28,-1.766,-0.065,-0.57,1.209,-0.841,1
1.341,-0.174,0.708,0.129,-1.175,0.546,0.496,1.129,0.872,0.193,-1.298,-0.647,-0.694,0.862,-1.207,1.41,0.2,-0.064,-1.536,1.031,-0.107,0.435,1.102,1.563,-0.31,0.54,-1.51,0.33,0.286,0.016,1
-0.039,0.545,-0.404,-0.699,-0.493,-0.288,-0.864,0.645,-1.176,0.735,-0.761,-0.967,0.242,-1.121,0.181,-1.341,0.061,0.175,-0.725,-0.39,0.143,-0.665,1.312,0.264,1.49,0.072,1.181,1.454,-0.846,-1.801,1
-1.201,0.607,0.828,1.827,-0.62,-1.248,0.855,-0.462,1.032,-0.213,0.985,-0.42,-0.23,1.402,-0.287,0.202,-1.776,-0.288,0.91,-0.52,0.641,2.005,0.118,0.99,-0.436,-1.28,-0.599,-0.117,-0.413,1.95,1
0.327,0.243,-0.178,-0.882,0.338,1.588,0.795,0.059,1.305,-0.366,0.175,-0.839,-0.374,-0.688,-0.183,-0.305,-0.03,-0.094,-0.366,-1.036,-0.186,-1.256,1.316,-1.9,0.178,0.49,0.835,1.904,2.472,0.147,1
1.628,-2.491,0.106,0.057,0.052,-0.71,0.83,0.684,-0.653,0.472,0.943,1.631,-0.593,-0.306,0.035,0.015,-1.215,-1.035,1.071,0.219,0.262,-0.269,0.015,2.732,1.245,0.006,0.134,1.573,0.803,1.597,1
-0.721,0.622,-0.847,0.547,0.278,-0.646,0.263,0.988,-1.797,-0.654,1.3,0.056,-0.273,-2.433,0.813,-0.229,1.585,0.449,0.299,-0.715,0.984,0.741,0.538,-2.545,-0.982,0.374,-1.363,-1.375,0.988,0.057,1
0.032,0.153,1.259,0.757,-1.353,0.387,0.261,-1.753,0.392,1.235,0.674,-1.584,0.77,-0.25,-1.015,-0.218,-1.056,-1.524,0.861,0.077,1.234,-0.272,-0.818,-0.617,-0.083,-0.557,0.282,0.151,0.664,0.683,0
0.487,1.89,-0.083,0.126,1.395,1.902,-1.612,-2.022,0.149,-0.931,-1.02,-0.272,-0.26,-1.676,-0.16,0.76,-0.384,0.746,0.648,-0.519,2.117,0.435,0.766,2.431,1.569,1.341,1.079,2.798,-0.072,0.528,1
0.031,-0.053,0.295,-0.681,-1.415,0.54,0.46,0.548,-3.957,0.099,-0.173,-0.563,-0.073,0.388,0.472,0.078,-0.531,-0.636,-0.902,-0.176,0.489,-0.355,0.886,-0.596,-1.424,1.351,0.885,-0.031,-0.083,0.615,0
0.353,0.226,-0.822,0.27,0.726,0.125,-0.927,-0.698,1.168,2.151,1.379,0.35,0.118,0.99,-0.592,0.896,-0.823,0.363,0.411,-1.61,-1.105,0.031,-1.03,-0.635,0.86,0.383,0.893,-0.035,0.089,-0.034,0
0.564,-0.256,0.411,-1.017,0.788,-0.688,0.171,-1.045,0.1,0.692,2.36,-0.983,-1.747,-0.382,-0.492,-0.327,-1.343,0.86,-0.53,1.254,0.152,-1.534,-0.915,0.988,-0.396,0.735,-0.008,-0.709,-0.592,-0.344,1
1.508,1.967,-0.158,0.075,1.211,2.022,0.756,0.812,0.102,-0.451,-1.232,-0.713,-1.028,0.499,1.763,0.34,-0.434,-0.006,0.241,0.293,0.188,-0.805,0.615,1.403,0.337,-0.325,1.536,0.636,0.958,0.385,0
-0.078,0.325,0.772,-0.877,0.28,0.295,-0.763,-0.772,0.548,-1.868,0.146,0.97,-0.709,0.053,-0.8,0.349,2.461,-1.156,-0.041,-0.342,-0.669,-0.217,-1.718,-0.509,0.565,-0.449,-1.257,-0.12,-0.412,-0.647,1
1.345,0.73,0.302,0.712,-0.283,0.29,0.32,-0.235,1.463,-0.225,1.982,-1.393,-0.763,0.151,-1.282,0.289,0.596,0.666,-1.111,1.371,-2.059,-0.982,-2.309,0.579,-0.267,-0.598,0.694,0.021,0.155,0.179,1
-1.174,-1.706,0.47,0.202,2.148,0.849,-1.471,0.177,-0.328,-0.783,1.285,1.249,-1.281,1.767,-1.076,-0.734,0.301,-1.355,0.366,1.05,1.586,0.127,0.331,0.07,0.595,0.091,0.966,0.297,0.882,1.495,0
1.021,-1.741,0.925,0.241,-0.302,0.385,-0.782,-1.486,-0.692,-0.323,-0.883,2.047,0.275,1.758,0.95,-0.616,-1.07,-0.845,1.176,0.314,-0.218,-0.039,-0.948,-0.029,-0.117,0.249,-0.352,1.931,-1.42,-0.431,1
-0.118,-0.761,0.938,-1.868,1.57,1.061,-0.213,-0.242,1.544,-0.304,0.125,0.811,-0.511,-0.953,1.058,0.415,1.372,-0.507,2.474,-0.65,1.685,0.367,1.385,0.719,0.053,-0.561,0.254,-0.246,-0.997,-1.8,1
-1.514,1.045,-0.667,1.153,-0.556,-0.148,-1.194,1.158,0.532,0.586,-1.724,0.041,1.501,-0.311,0.632,-1.392,2.626,-0.276,0.665,-0.577,-0.881,0.185,-0.568,0.708,0.285,-0.556,0.063,0.215,-0.1,1.052,1
-0.003,-0.429,-1.022,-1.264,1.602,-0.354,-1.306,-0.456,0.846,-0.32,-0.262,-1.163,-0.754,0.577,-0.574,-0.334,0.974,-1.856,-0.134,0.037,1.421,-0.431,-1.193,0.003,1.199,1.001,0.579,1.246,0.288,0.003,1
-0.158,-0.668,2.651,1.456,-0.115,-1.565,1.977,0.433,-1.423,0.379,0.838,1.969,-0.423,0.733,0.771,0.24,-0.327,0.238,-0.89,-0.37,-0.944,0.946,0.343,0.383,-1.433,0.927,-0.621,-1.713,-0.035,-0.725,1
0.264,1.557,0.898,-0.677,-2.372,0.296,-2.653,-0.121,-0.627,1.579,-1.73,0.384,-0.74,-0.042,-0.281,1.177,0.03,0.279,0.882,0.169,-1.25,3.107,-0.442,-0.025,-0.789,-2.501,-0.352,-0.019,0.491,1.78,0
1.401,-0.062,-1.405,0.247,1.404,0.553,-0.273,-1.379,-2.374,0.124,0.709,-0.071,0.37,-0.158,-0.924,0.019,-0.378,-0.296,1.701,-0.252,-0.58,1.772,0.193,-0.073,-0.439,-0.387,-1.511,-1.554,0.201,-0.17,0
-0.411,-0.021,-0.331,0.132,-0.504,0.341,-0.439,-1.201,0.295,0.451,1.485,-0.736,2.418,-0.32,-0.664,-2.273,-2.358,0.681,-0.48,-1.115,-1.274,0.761,-1.893,1.001,-0.578,0.008,0.776,-1.052,-1.37,-0.796,0
-0.613,-0.277,1.132,0.392,-1.374,-1.335,0.886,0.568,0.189,1.654,1.31,0.722,0.674,-0.557,1.427,0.978,-1.109,2.493,0.341,-0.168,1.042,1.02,1.635,-0.095,0.172,-0.455,-0.488,-0.731,1.08,0.893,0
-2.924,1.54,-0.336,0.178,0.573,1.354,-0.779,0.329,-1.764,0.036,0.503,0.57,-1.204,-0.081,-0.076,1.487,-1.293,-1.673,-0.966,0.081,-0.011,-1.22,0.579,1.814,-1.581,2.162,0.728,0.026,-0.738,-1.139,1
-0.017,0.195,1.676,0.053,0.525,0.557,0.714,0.71,-0.988,-0.421,1.066,0.541,0.737,-0.411,0.379,-0.088,-0.506,-0.042,1.49,-0.294,-0.858,-0.045,-0.086,0.051,0.066,-0.853,-0.139,-0.685,0.621,0.313,0
0.584,-0.443,0.057,-0.888,-1.377,-0.87,-1.226,0.856,0.417,1.722,-1.383,-0.544,-1.35,-0.841,0.567,1.324,-0.004,0.607,1.616,-0.182,-1.757,1.582,-0.249,0.447,-0.047,0.327,0.421,-1.236,1.446,-0.448,0
0.283,-0.115,1.348,0.663,-0.053,0.087,-0.672,-0.152,-0.702,-0.128,-0.204,0.167,-0.376,-0.697,-0.534,1.004,0.085,0.384,0.629,1.388,-0.039,1.044,-0.864,0.251,-1.237,0.129,-1.283,0.286,-1.168,0.512,1
0.157,0.549,-0.545,-0.712,-0.671,-1.0,1.151,-0.224,0.442,0.53,1.477,-0.475,1.329,0.465,-0.068,0.135,-0.983,-0.722,-0.792,-0.484,-0.78,1.752,-1.443,1.875,-1.563,-1.517,-0.756,-0.262,-1.474,-0.052,0
-0.233,0.758,1.811,-1.268,1.033,-1.935,0.993,-0.237,-1.425,-0.32,3.192,0.343,-0.692,0.295,-0.793,-0.621,-1.208,-1.699,0.934,-0.283,-0.207,0.355,-1.169,-2.103,0.334,1.17,0.06,0.708,0.122,-0.213,1
-0.878,0.553,-0.919,-1.104,0.524,-0.243,1.059,1.437,-0.258,-1.385,1.702,0.504,-0.768,-0.519,0.583,-0.296,1.038,-0.264,-1.104,0.566,2.151,-1.231,-2.124,-2.065,-0.352,-0.597,-0.822,0.122,1.056,-0.547,0
0.07,-1.269,0.202,-0.313,-1.03,1.081,-0.59,0.714,0.68,-0.715,-1.171,0.807,0.825,1.642,-1.91,1.351,-1.802,-0.81,1.175,0.339,-0.941,-1.35,1.238,-0.512,0.579,0.573,-0.315,0.961,-1.889,0.81,0
0.562,0.943,-0.86,2.397,0.15,-0.071,-0.116,-0.678,0.708,0.468,0.012,0.248,-0.742,0.744,1.223,0.719,-1.336,-0.083,1.672,0.907,-1.215,-0.736,-0.204,1.411,0.072,-0.687,2.91,0.116,-0.24,-0.995,1
0.997,-1.309,-0.253,0.176,0.732,0.191,0.513,1.098,-1.708,0.686,-0.969,1.459,-0.931,1.122,1.105,1.115,2.377,-0.143,-1.604,0.522,0.658,-0.043,1.815,1.203,-1.859,-0.347,-0.192,0.407,1.329,1.176,1
-0.474,1.256,-2.075,0.645,0.799,-0.691,-1.293,0.487,0.239,-0.28,-0.876,-0.977,-0.305,-2.253,-1.528,-1.301,1.484,0.927,-0.472,1.194,1.06,1.055,-0.454,-0.636,-0.367,-0.588,0.267,1.459,-0.637,0.818,0
0.158,-2.045,3.411,-2.328,-0.484,-0.998,-0.137,-0.916,0.621,0.365,-1.658,-0.589,-0.652,-2.481,-1.167,-0.472,-1.442,-0.489,0.229,1.842,0.571,0.186,0.306,1.541,-1.807,-0.427,0.683,0.765,0.759,0.424,0
-0.314,0.531,0.053,-0.441,0.477,0.214,-0.844,-0.217,-0.635,-0.256,-2.296,-1.266,-1.911,-0.824,-0.774,-0.019,-0.732,-0.228,-0.461,-0.097,1.953,-0.766,-0.436,0.336,0.834,1.179,0.81,0.456,0.064,2.167,1
-0.333,0.686,-1.389,0.519,-1.027,-1.613,-0.254,0.278,0.121,0.017,-0.272,1.689,0.047,-0.721,-0.048,0.509,-0.049,-0.219,0.602,-0.027,0.352,-1.323,2.033,-1.031,0.58,1.961,1.458,-1.251,0.864,0.003,0
-1.9,-0.317,0.911,0.121,-0.333,0.285,-0.454,0.184,1.457,-1.622,0.858,-0.335,-0.736,-0.868,0.482,-0.987,-0.691,0.122,1.657,0.059,0.833,-0.37,-0.248,-1.008,-1.344,-0.059,0.927,-0.587,-0.47,-0.677,0
0.657,1.136,-0.713,0.75,-0.847,1.036,1.224,0.783,-1.144,-0.395,0.35,0.688,0.829,0.961,-0.662,0.276,0.153,0.721,0.478,0.589,0.048,0.473,1.38,0.261,1.243,-0.765,-0.581,-0.566,-0.675,1.49,0
-0.024,-0.814,-2.159,-1.045,0.959,0.888,0.456,-1.022,0.578,0.053,-1.059,-0.652,0.172,1.777,-0.127,0.174,-0.436,-0.821,-1.121,-0.81,0.774,0.228,0.215,-0.94,-1.223,0.8,0.53,-1.341,0.376,1.996,0
-0.137,-1.008,0.16,-0.593,-0.423,-0.015,-0.963,0.687,0.101,1.051,-0.026,1.941,-0.419,-0.903,-0.214,-1.174,0.569,0.805,-0.024,0.31,-0.675,-1.271,-1.286,0.306,-1.275,1.341,-1.578,-0.642,-0.983,0.544,0
0.45,1.591,0.233,-0.151,-0.356,-0.252,1.136,-0.066,-1.185,-0.798,0.489,-0.073,-0.365,-1.177,0.062,0.471,-0.123,-0.884,-1.146,-0.846,-0.594,-0.659,-1.076,1.622,-1.766,-1.069,1.146,-1.162,0.918,-0.544,1
-0.926,1.38,-0.638,0.615,-1.63,0.839,0.129,-0.71,-1.629,0.582,0.576,-1.233,0.797,-0.717,-1.322,1.931,0.636,-0.417,0.572,2.772,1.242,-0.932,-0.934,-0.894,0.497,1.15,1.117,0.14,0.872,2.375,0
0.463,-0.013,-0.132,-1.081,0.556,-0.638,-0.396,1.345,-0.781,-1.069,0.889,0.093,0.267,0.459,0.15,-1.327,0.608,1.201,-1.557,-0.197,-0.774,-0.102,0.129,0.539,0.223,0.114,-0.979,0.556,-2.152,-0.669,1
0.141,-0.362,1.063,-2.243,1.097,1.402,0.2,-2.136,-0.278,-1.767,1.448,-0.271,1.025,0.485,0.98,-0.093,1.203,-1.219,1.519,-1.065,1.26,-0.162,-0.018,0.71,-0.237,-0.338,-1.807,-0.753,-1.161,-0.74,1
1.623,0.023,1.91,1.569,-0.685,-0.005,0.71,1.776,1.198,-1.095,-0.479,1.22,1.609,1.319,0.583,-0.018,0.409,0.389,-0.042,-0.785,-0.204,-0.266,0.223,0.49,-0.802,-2.199,-0.891,-0.469,-1.0,-0.093,0
-0.572,0.336,-0.939,-0.144,-0.925,-0.816,-0.491,-0.212,0.84,-1.318,-0.881,-0.722,0.751,-1.947,-0.299,-1.149,0.167,-0.433,1.69,-0.105,-1.193,0.938,0.152,1.306,-1.517,0.568,-0.575,-0.204,-0.107,0.801,0
-1.629,-0.752,-0.442,-1.267,0.189,-0.759,0.662,-0.044,0.157,-0.522,0.025,-1.233,-1.784,1.297,0.782,-0.052,-0.602,0.293,-0.835,-0.472,-0.6,0.034,0.781,1.589,-0.349,-0.338,-0.033,0.308,0.518,-2.58,1
-0.689,-0.054,-0.446,0.393,-0.178,0.973,-0.383,1.162,1.317,0.175,-1.083,-0.514,0.798,0.496,-0.895,0.977,2.258,-0.353,0.605,1.366,0.11,-0.31,-0.014,0.477,-0.923,1.001,0.682,0.318,1.287,-0.498,0
0.607,0.285,1.105,0.868,0.797,-1.587,0.398,-0.244,0.288,0.549,-0.909,0.386,0.381,0.124,1.846,0.474,-1.014,0.202,-0.995,1.673,0.533,0.525,0.793,1.656,0.681,-1.694,1.862,-0.304,-0.333,-1.277,0
-0.102,-1.276,-1.214,-0.041,-2.177,0.279,0.001,-0.8,0.669,-1.987,0.429,-0.716,0.106,0.776,1.243,-0.325,0.061,2.178,-0.249,-1.606,0.824,1.124,2.474,0.335,0.021,0.353,-1.359,0.429,0.105,-0.055,0
0.408,0.312,-1.362,0.353,-0.313,-0.134,-1.88,0.184,-1.789,0.536,1.17,-0.475,-0.841,2.166,0.699,-1.374,0.082,0.305,0.842,-0.62,0.598,0.833,-0.244,-0.635,-0.445,0.59,-1.546,-0.678,0.397,0.824,0
2.191,0.208,0.561,-0.097,-1.069,-0.237,-1.763,-1.184,0.534,-0.399,-0.628,1.39,-1.075,1.386,-0.227,-0.024,-1.344,-1.415,1.902,0.606,-1.404,-0.452,0.002,-0.35,-1.582,0.44,1.606,-0.492,0.33,-1.245,0
0.328,1.021,-0.789,-0.03,0.563,0.982,-1.263,1.739,0.863,-0.759,0.376,-0.244,1.528,1.595,-0.495,1.518,0.541,-1.578,-1.626,0.042,-1.484,-0.049,-0.709,0.844,0.383,0.677,-0.295,1.261,0.432,-0.851,0
-0.988,-0.237,1.138,0.228,0.692,1.349,0.101,-0.663,-0.011,1.073,1.131,1.114,0.317,-0.341,-0.516,-0.739,-0.193,0.062,0.096,-0.152,0.142,0.624,-0.189,1.379,-0.176,-0.283,0.542,0.52,0.042,-1.872,1
1.302,0.328,0.244,1.06,0.396,0.714,-0.347,-0.415,0.718,0.763,1.125,-0.719,-1.622,-1.754,0.118,0.563,-0.581,1.485,-1.734,0.971,-0.402,-0.761,-0.945,-0.346,1.205,-1.1,-1.216,-1.068,-0.018,0.129,1
-0.087,-1.109,-0.717,0.95,-1.064,0.897,1.119,-1.101,0.764,-0.968,0.495,-0.692,-0.097,2.188,-1.865,-0.366,0.082,0.725,0.115,0.395,-0.532,-1.263,-0.774,-0.896,0.452,0.229,1.185,-0.134,1.323,-1.03,1
0.093,0.387,0.628,-0.279,-1.989,-0.021,-0.225,-1.27,-1.07,0.144,-0.382,0.661,-0.419,1.632,1.026,-1.101,-0.772,-1.094,0.259,-0.928,0.658,-0.455,1.127,1.003,0.989,-0.611,0.856,0.77,-0.191,-1.661,1
0.143,-0.798,-1.93,-0.276,0.388,-0.163,-0.092,-0.897,-0.585,0.646,-2.192,-0.105,0.08,1.401,0.105,0.446,0.845,-0.235,-1.156,0.904,-0.878,-1.259,-0.742,1.047,0.601,0.206,-1.221,-1.153,0.458,0.029,0
-0.425,1.569,-0.6,-0.35,0.041,0.289,0.427,1.182,-0.222,0.104,-0.31,-0.241,-0.999,0.793,0.992,1.073,0.974,0.288,-1.1,0.28,1.069,1.9,1.343,-0.215,0.936,-2.204,1.239,0.033,-0.172,-0.63,1
0.745,-0.893,0.757,0.386,-1.685,-1.391,0.229,-0.9,0.509,1.411,0.274,0.764,0.658,0.161,0.28,-1.89,0.712,-1.533,1.167,-0.458,-0.156,-1.049,-0.319,2.899,1.891,-0.314,-0.182,-0.682,0.343,0.848,1
-0.341,0.593,-0.659,1.19,-1.123,-1.306,-1.045,-0.195,1.273,-1.518,0.386,-0.755,-0.003,-0.997,-1.318,0.253,0.387,-0.482,-0.359,0.465,-0.23,-0.397,0.36,1.605,-0.236,-0.317,-0.573,1.91,0.004,1.294,1
-0.001,-0.158,1.286,0.878,0.511,1.706,0.886,1.763,-1.172,-0.651,1.404,-0.714,0.901,-1.459,-0.785,0.781,0.837,-0.215,-1.118,-0.177,-1.0,0.749,0.66,-1.003,-0.624,-1.03,-0.566,-1.357,-2.416,-2.091,1
0.589,-0.733,-1.105,-0.781,-2.021,3.094,0.755,0.208,1.66,-3.192,0.216,0.328,-0.154,-0.282,1.913,0.491,-0.104,-0.384,-0.325,0.059,0.622,0.295,0.608,-1.177,0.398,0.335,-0.977,-0.109,-0.482,1.188,0
-0.618,-2.116,0.345,-0.121,-1.163,-1.863,0.576,-0.207,0.479,0.819,-1.199,1.817,-0.933,0.328,1.234,-0.098,0.643,-0.134,0.402,-0.105,2.044,-0.555,0.055,0.342,0.063,1.243,0.169,-0.406,-0.242,-1.38,0
0.693,-0.189,-0.698,-0.03,0.194,-1.486,-0.439,0.519,-1.105,-1.126,0.167,-0.029,-1.361,0.211,-0.886,0.438,-2.833,0.836,0.76,-0.189,0.947,0.074,1.095,-1.823,-0.133,-1.277,0.86,-0.159,-2.205,-0.187,0
0.657,-0.233,-0.245,0.52,-0.173,1.921,1.189,1.912,1.593,0.32,-0.161,0.718,1.784,-0.193,-0.048,1.279,-0.209,0.602,0.263,-1.246,-0.002,-0.008,-1.078,0.336,-0.265,0.614,0.355,-0.224,2.194,-0.097,1
0.457,1.432,0.58,1.009,-1.432,0.208,1.413,-0.78,-0.286,0.562,-2.002,-0.283,0.769,2.737,-0.447,0.583,-0.525,-0.522,1.166,0.271,-0.379,-0.172,-0.194,0.652,-1.448,-0.89,2.14,0.686,-0.028,-0.975,1
-0.051,-0.182,-0.89,-0.091,-0.651,-0.239,-1.024,0.604,0.531,0.9,0.86,0.498,-0.271,-0.909,0.086,1.118,0.354,0.161,1.497,-1.072,1.886,-1.49,-1.156,-0.852,-1.434,0.468,0.774,-1.177,-0.581,-1.374,1
-0.962,-0.005,0.762,-0.053,-0.017,0.457,0.447,-1.303,-0.688,1.367,0.228,-1.318,1.075,0.116,0.103,0.482,-0.792,1.024,-0.964,0.287,-0.774,-0.019,0.417,0.606,-0.221,-0.521,-0.877,0.094,0.525,0.152,0
0.097,1.485,0.55,-0.15,-0.625,-1.199,1.109,-0.875,1.923,-1.135,1.756,-0.734,-1.069,-0.308,-1.563,0.661,1.483,0.426,0.186,0.991,0.774,-0.833,0.737,-0.527,-0.952,-0.064,-1.337,-0.765,-1.774,0.391,1
-1.328,-1.013,-1.66,-0.144,1.676,0.298,0.924,-0.699,-0.46,-1.711,-0.309,1.441,-3.046,-0.054,0.135,0.714,0.663,-0.9,0.696,0.655,-0.691,0.369,0.154,-0.796,-0.559,0.532,0.297,-1.161,2.257,-0.385,0
0.273,0.797,-0.765,0.906,0.566,-1.163,-1.212,0.433,0.024,1.131,0.178,-0.758,0.415,-0.589,-0.52,-0.203,-0.757,1.024,0.986,0.535,-0.178,1.335,1.456,1.156,0.985,-1.318,-1.38,0.697,-0.51,0.151,1
1.019,-0.165,0.585,-0.66,-1.637,0.81,0.224,-0.033,0.874,0.245,-2.39,1.046,-0.485,-1.103,-0.072,0.545,-0.239,0.219,1.186,-0.358,2.313,-0.864,-1.429,1.7,2.237,-0.559,0.104,1.556,-0.073,-1.206,1
-0.392,-0.987,0.622,0.434,-1.711,-0.524,-0.49,-0.206,0.474,0.808,-1.135,-1.421,1.577,0.809,0.015,-0.476,0.695,0.167,-0.688,1.988,0.567,-0.003,0.98,0.171,-0.376,-0.634,-1.334,-0.057,-1.642,-0.035,0
-0.736,1.115,-0.144,-1.271,-0.83,1.017,-0.253,0.367,-0.39,-0.599,-0.715,0.644,1.074,-0.231,-1.354,0.053,0.348,0.526,-1.869,0.629,0.025,-0.041,1.5,-0.852,-0.81,0.046,0.172,1.857,1.382,-0.037,1
1.05,-0.786,0.482,-0.857,-1.009,-0.484,-1.077,-0.4,0.122,-0.169,-0.499,0.115,1.379,0.134,0.807,0.194,-3.776,0.509,0.448,2.047,1.62,0.678,1.455,0.39,0.069,-2.651,-1.893,-0.519,-1.991,-0.771,0
0.039,0.185,1.008,-0.793,1.324,-2.071,-1.833,-0.942,0.391,-1.484,-1.203,0.183,1.696,-0.298,0.132,-0.384,1.263,0.198,1.302,0.426,0.255,0.915,0.514,0.777,-1.438,0.01,0.4,-0.59,0.75,0.972,0
-0.26,2.156,0.717,1.204,0.556,0.352,0.389,1.114,0.308,-2.088,-0.405,1.294,0.143,0.499,-1.493,-1.283,1.798,-0.169,-0.594,1.851,-0.998,-0.299,-0.938,0.27,1.516,-1.029,-1.219,1.374,-0.361,-0.37,1
1.008,-0.566,0.949,-0.432,0.631,-0.141,-1.672,-0.155,-1.109,-0.235,-2.455,0.221,-2.48,1.725,-0.367,0.543,1.464,-0.675,-0.31,-0.138,-0.488,-0.237,-0.548,0.666,-0.921,1.338,0.605,0.049,-0.549,0.22,1
-1.547,0.792,0.394,0.014,-0.926,-1.816,-1.327,0.873,-1.601,0.85,2.232,-0.281,0.79,0.13,-0.519,-1.537,0.944,0.411,0.527,0.651,-0.925,-0.44,-1.562,-1.7,1.032,1.048,1.676,-0.747,-0.903,1.489,1
-0.668,-0.485,-0.598,-0.023,-1.1,0.598,0.934,-0.151,1.128,0.476,1.075,0.162,-0.352,0.92,1.58,0.573,-0.504,-1.29,0.842,-0.066,0.328,-1.116,0.144,-0.384,-0.038,-1.153,-0.823,1.061,0.965,1.706,1
-1.927,0.125,-1.217,0.612,0.797,-0.133,1.983,-0.95,-1.053,2.394,0.46,-0.232,-0.758,-0.781,-0.836,0.672,-0.709,0.891,1.09,-1.027,-0.351,-0.477,-0.544,-0.514,-1.703,-0.126,0.448,-0.317,1.319,0.311,0
0.478,0.199,1.969,-0.979,1.07,-0.932,-0.496,0.611,-2.913,-0.596,-1.704,0.274,0.844,0.175,-1.289,-1.003,0.021,0.193,-1.243,-0.532,-0.737,1.078,-1.138,0.589,-1.666,-0.75,-1.524,-1.897,0.225,-1.315,1
-0.259,0.011,-1.108,-0.006,-0.011,0.48,0.685,-1.85,0.52,1.137,0.613,0.668,-0.022,2.153,0.146,-0.288,0.829,-0.869,0.4,0.132,0.075,0.602,-0.112,0.464,0.046,0.522,-0.277,1.131,-0.811,-0.351,1
-0.166,-0.773,-0.493,-1.46,0.77,1.186,0.034,-0.231,-0.325,0.579,1.097,-0.403,0.497,0.727,-1.819,0.804,0.009,0.05,-1.205,0.23,-0.556,-0.357,1.741,-0.238,0.218,-0.325,1.662,0.995,-1.82,-0.576,1
0.988,0.027,2.283,0.252,-1.662,0.258,-0.249,0.285,-0.758,1.661,-0.331,1.8,-0.299,-1.0,-0.013,3.029,0.321,-0.284,-1.094,-0.4,0.249,0.076,0.645,-0.265,2.495,-1.93,1.568,1.486,1.56,-0.339,1
0.004,0.881,-0.251,1.089,-0.976,0.032,-1.08,0.808,-0.604,0.09,0.615,-0.514,-0.313,0.234,0.606,-2.479,0.046,0.167,0.3,1.637,-0.342,1.062,1.154,0.998,1.926,-0.884,-0.4,-0.035,-0.072,0.879,1
0.613,0.128,0.031,0.403,0.372,0.908,-0.754,-1.066,-0.343,0.285,-0.729,-0.482,0.602,1.481,0.373,-0.198,-0.154,1.198,-0.119,-0.602,1.143,-0.411,0.012,-0.291,1.651,-1.024,-1.807,-0.152,-1.61,-0.515,1
-0.444,-0.451,1.264,-0.357,0.067,0.072,-0.575,-1.199,0.849,1.314,1.285,-1.013,1.095,0.932,-0.397,0.573,1.004,-2.965,-1.191,1.494,-0.09,0.524,-1.053,-0.953,0.805,-0.485,0.793,0.025,1.153,0.635,0
-0.578,-0.668,-0.823,0.989,0.193,0.761,-1.073,-0.36,-0.442,1.819,0.478,-0.747,-0.25,0.148,1.279,-0.111,-2.068,-1.822,0.968,-1.976,0.03,1.126,0.103,0.665,1.976,-2.067,0.635,0.429,-0.022,2.682,0
-1.069,-0.275,-0.331,1.752,1.247,0.523,-0.369,-2.252,0.4,0.603,0.088,-0.143,-0.534,0.794,-0.822,-1.028,-0.246,-0.83,-1.219,-0.326,-2.157,0.153,-0.004,-1.782,0.148,-1.579,-0.151,2.424,-0.054,0.105,1
0.162,-0.984,-0.927,-1.544,0.192,-0.9,-0.583,0.569,0.097,0.953,-0.494,-0.766,-0.729,0.639,-1.302,0.185,2.61,1.126,0.183,-0.042,0.959,0.158,-0.014,0.114,0.848,0.207,0.406,-1.163,0.239,1.749,0
0.785,-0.285,-0.405,0.058,-1.474,0.552,-0.271,0.323,-1.723,0.61,-1.46,0.443,0.218,1.709,1.037,-2.479,0.97,0.947,0.696,0.395,1.41,-0.582,0.84,-0.47,-1.236,-0.065,2.218,-0.029,-1.312,0.27,1
1.103,0.5,0.984,-0.805,-3.217,1.161,-0.824,0.223,-0.144,-0.613,0.53,-0.562,-0.422,1.378,1.288,-0.682,1.069,-1.366,-0.506,3.727,1.241,-0.553,-1.941,0.326,-0.333,-0.232,0.874,0.428,-0.662,-0.061,1
0.853,-0.384,-1.332,0.105,1.728,-0.044,2.539,-0.504,0.495,-0.656,0.219,-0.934,-0.994,1.648,-1.551,-0.188,-0.092,0.569,-0.904,0.229,0.372,-0.32,0.107,0.096,0.132,1.581,0.575,-0.128,0.645,-0.554,0
-0.539,-0.626,0.01,-0.637,-1.946,-0.16,-0.591,-1.383,-0.431,0.332,1.501,-0.348,1.659,0.323,0.974,0.017,0.319,-1.78,-1.061,-1.964,0.311,-0.263,-0.057,-1.308,-0.402,0.028,-0.965,0.971,2.071,-0.312,0
-1.428,1.541,0.39,-0.612,-0.173,-2.097,-1.932,0.937,-2.22,0.24,1.086,-1.232,-0.171,0.308,-1.744,0.822,-1.568,0.037,-0.592,-0.948,-0.71,-1.164,-0.511,-0.088,-2.329,-1.331,1.061,0.264,-0.211,-0.288,0
-0.425,-0.447,-0.324,0.013,-0.064,2.348,-1.241,-0.539,-1.568,-0.701,-0.627,2.664,1.628,1.641,-1.012,0.109,0.04,-0.008,0.655,0.376,0.027,0.499,0.752,0.363,1.087,-0.048,-1.231,0.587,0.116,0.406,1
-2.327,0.268,0.102,-0.816,-1.165,0.567,-1.144,-0.492,-0.557,1.525,-1.109,1.501,0.481,-0.513,-0.569,0.942,0.934,-0.091,-1.379,0.851,0.692,-1.249,-0.546,-0.377,1.42,-1.174,0.35,0.389,1.327,-1.358,1
-0.441,-0.023,2.177,0.227,0.441,1.619,-0.424,-0.501,0.066,0.009,-0.535,-0.215,0.156,1.529,-2.079,0.182,0.441,-2.251,0.053,-0.536,-0.736,0.798,-0.334,0.999,0.161,-2.256,-0.68,-1.265,1.35,-1.582,0
1.324,-0.696,-0.04,0.302,1.724,-0.229,-0.007,-0.892,-0.551,0.847,-0.08,-0.52,-0.708,-0.043,0.382,-1.109,0.249,-0.471,0.018,0.176,-0.201,-0.81,0.406,-0.818,-0.431,-1.888,-0.323,-2.624,0.77,1.544,0
0.08,-0.726,-0.101,-1.066,0.911,1.065,2.718,-0.708,1.193,-1.322,-0.641,-0.137,0.881,-1.94,-0.732,0.775,-0.16,0.223,-1.631,1.574,1.132,-0.044,-1.297,-0.085,-0.203,-1.039,-0.872,-0.523,0.696,-1.591,1
-1.286,1.459,0.189,-2.146,-0.528,-0.187,0.135,0.947,-2.027,-1.057,0.337,-0.04,-0.204,1.564,0.503,-0.313,0.774,0.431,1.04,0.386,1.49,-0.525,-0.585,1.035,0.458,-0.141,0.19,-1.873,-0.1,-0.462,1
-0.88,0.783,-1.163,1.459,2.869,-0.414,0.241,0.916,1.936,2.251,0.018,2.317,0.364,-1.039,0.037,-1.232,1.345,-0.774,0.485,0.579,1.385,1.017,-0.796,0.823,1.012,1.131,-1.285,-0.545,0.096,0.701,1
-1.165,0.074,-1.099,2.213,-1.553,-0.42,-1.004,-0.296,1.307,-0.346,-2.499,0.642,1.081,1.665,-0.061,-0.505,-0.046,0.336,0.568,-2.532,-0.463,-0.632,0.695,0.343,-2.304,1.163,0.188,0.373,-0.235,0.943,1
-0.083,0.866,1.091,-0.065,0.578,-1.094,-0.583,0.886,0.295,-1.9,0.577,0.801,0.008,0.047,2.071,-1.234,-0.415,0.712,0.877,0.425,-0.76,2.146,-0.725,-2.007,-1.562,0.362,1.608,-0.499,-1.376,-0.363,1
0.031,-0.05,-1.315,-0.292,0.201,0.308,-2.152,0.028,1.856,1.007,0.658,0.426,0.166,-0.241,1.073,-1.055,0.342,-1.58,-0.437,-0.079,1.279,-0.419,-0.415,0.416,-0.704,-0.012,-0.395,-2.528,-1.156,-0.185,0
-0.767,-0.6,-0.322,-0.349,-0.942,0.333,-1.477,-0.254,0.821,1.015,-1.291,-0.467,0.296,0.493,1.21,0.972,-1.043,1.442,0.083,0.635,0.004,-0.955,1.277,-0.34,0.78,-0.133,1.431,-0.459,0.493,1.121,1
0.286,-0.51,1.222,-0.738,-0.839,0.468,-0.603,2.438,0.312,0.849,1.815,-1.109,-1.223,-0.617,-0.422,0.321,0.647,1.055,-0.614,-1.054,0.496,-1.262,-0.176,-1.343,1.172,-0.604,-0.514,-0.808,-0.039,-0.197,0
-0.751,1.157,1.407,-1.158,1.475,0.331,0.775,-1.662,1.4,-0.433,-0.224,0.425,-1.101,0.038,0.576,-0.438,0.666,-1.657,-0.389,1.515,-0.547,-1.342,1.259,0.445,-0.222,-0.243,0.986,-0.069,-0.269,-0.875,0
-1.699,-0.121,0.221,-0.43,-1.108,-1.032,-1.137,-0.381,0.165,0.36,0.636,-1.753,-0.373,0.88,-0.248,0.322,0.949,1.154,0.172,-0.415,0.509,0.556,0.881,0.462,0.64,3.472,-0.366,-0.156,-0.591,-1.145,1
1.016,-0.761,0.509,-0.103,-0.692,1.647,-0.677,0.681,1.324,0.198,-0.073,0.109,-0.881,2.091,0.106,0.253,0.319,-0.971,-0.813,-0.61,0.075,2.565,-0.813,-1.183,-0.549,0.956,-1.704,0.915,-0.137,0.259,1
0.277,0.526,-1.508,0.158,-0.418,-0.022,0.036,-2.552,-0.915,-0.33,-2.319,-0.557,-0.588,-0.845,0.584,-0.801,-1.371,0.188,0.838,0.485,-1.453,0.224,-0.776,-0.815,-1.974,1.418,-0.043,3.474,1.432,-0.607,0
0.594,0.075,-1.102,-1.347,0.192,-1.954,-0.257,0.712,1.162,0.148,0.139,-0.571,0.525,2.26,-0.045,0.476,2.355,-1.895,-0.544,-1.302,-0.058,-0.506,0.612,-1.099,-0.356,-0.613,-0.938,-0.018,-0.623,0.02,1
1.548,-0.927,0.411,1.901,-0.268,0.492,1.309,-0.021,-0.735,-1.079,2.211,-1.208,0.323,0.64,-0.495,-1.732,-1.307,0.998,1.954,-0.633,0.178,0.238,1.547,2.035,-0.744,-0.936,1.091,0.73,-0.274,-1.936,0
0.94,1.297,-1.019,0.383,1.361,-0.135,-0.395,1.032,0.552,1.491,1.8,0.134,-0.483,1.791,0.743,-0.235,1.125,0.479,-1.557,-0.935,0.519,0.071,0.477,1.212,0.835,0.21,0.068,-0.313,0.418,3.013,1
1.338,0.245,-0.478,0.589,1.9,-0.162,-0.922,0.491,2.155,0.002,-1.221,-0.285,1.134,-0.182,-1.403,-0.155,-0.172,0.571,1.314,-0.68,0.391,-0.825,1.063,0.147,0.078,0.903,1.274,0.575,-0.897,-1.838,0
-1.216,2.614,-0.351,-1.522,1.631,-0.571,1.953,-0.085,-2.466,-0.973,0.797,-0.32,0.256,-1.185,-0.038,0.012,1.094,0.51,-0.174,-1.042,0.657,0.406,0.594,-0.359,-1.532,-1.994,-1.462,-0.83,-0.822,-0.486,1
-1.184,-0.373,-0.354,-0.524,-0.703,0.586,-0.298,0.083,-2.497,0.688,-0.415,0.721,-0.306,-1.402,0.382,1.101,0.854,0.823,-0.421,-0.126,0.031,0.236,1.425,-0.879,0.259,0.889,-0.364,-0.471,-0.22,0.253,1
-0.774,1.02,-2.686,0.534,-0.56,0.692,2.072,-1.237,-1.669,-1.127,-0.851,-0.295,0.7,-0.828,-0.316,-0.258,0.137,0.086,-1.511,-0.306,0.927,-0.214,-1.414,-1.644,0.017,0.143,0.582,-0.926,-0.48,2.071,0
-0.985,-0.578,1.85,-0.074,-1.063,1.489,-0.912,-0.552,-1.609,-0.754,-0.581,0.023,-0.762,-1.801,-1.435,-0.173,-0.153,-0.159,-0.978,0.195,-1.233,-0.66,-0.995,-1.214,-1.019,-0.25,-1.533,-0.451,1.835,-1.156,1
0.816,-1.184,1.14,-1.659,1.068,0.925,1.318,-0.878,-0.754,-1.534,1.25,-0.739,0.558,0.708,1.467,-0.902,2.203,0.256,-0.632,0.467,-0.806,0.572,0.291,0.042,-0.37,-0.301,0.342,2.543,1.731,0.215,1
1.212,0.909,-0.304,2.38,-0.52,0.005,-1.081,1.615,1.247,-2.267,-0.163,0.204,-0.94,0.344,-0.227,0.719,2.637,0.262,-1.087,0.021,0.043,-0.223,-1.46,-0.493,-0.854,0.47,-0.704,-0.033,-0.368,0.445,0
0.906,-1.007,1.002,1.681,-0.586,-0.393,0.308,0.689,-1.149,0.251,-1.752,-0.484,-0.514,1.377,-0.348,-1.883,1.214,-0.425,0.153,0.075,1.203,-0.717,1.205,0.615,-1.298,-1.859,0.623,1.187,-0.31,-1.27,1
-0.302,1.293,-0.067,-0.82,0.221,-0.228,-0.152,0.649,0.472,-2.064,-2.223,-1.039,1.67,-1.071,1.114,-0.16,-0.524,0.965,0.074,0.056,-0.221,-0.45,-1.681,1.414,-1.244,0.007,-0.895,0.0,-0.51,-2.628,1
1.335,-1.223,-0.902,-1.398,2.476,0.051,0.066,-0.979,-0.577,-1.083,0.774,0.0,-0.537,-0.694,-1.718,0.659,-0.219,-0.36,-0.71,0.549,1.175,0.701,-2.014,-0.336,0.204,1.046,-0.55,-0.235,-1.234,1.056,1
0.085,-0.975,-0.572,-0.207,1.604,-0.433,0.204,-1.706,0.118,-1.24,-0.683,-0.915,0.094,0.579,-1.218,0.237,-0.652,-2.234,0.247,-1.472,0.591,0.23,0.909,1.024,-0.761,-0.22,-1.147,-0.477,2.046,-0.479,0
-0.241,0.531,1.07,1.599,-0.15,-1.24,0.552,-0.094,-1.028,-0.12,-1.071,0.426,0.0,-0.189,-1.471,-1.312,0.843,-0.836,0.326,0.386,-0.875,1.289,-1.566,-0.197,-1.409,0.007,1.036,0.133,1.545,-0.223,0
-0.292,-1.014,0.415,0.564,-1.91,-0.472,1.763,1.414,-0.327,0.911,-0.201,-0.191,0.961,-0.567,0.144,-2.046,0.61,1.816,0.601,1.173,-1.451,-1.291,1.768,1.625,0.391,-0.607,-1.462,-0.866,0.652,0.754,1
1.075,-0.831,0.291,1.375,0.582,-2.093,-0.54,-0.536,0.48,-0.363,-1.829,0.06,-2.699,0.953,1.1,0.03,-0.308,1.557,-0.799,0.411,-0.861,-0.671,-0.322,1.525,-0.831,-1.156,-0.85,-1.383,1.812,-0.296,0
0.106,-1.085,1.091,1.731,0.264,0.179,0.222,-0.53,-0.647,0.722,-0.302,0.791,1.43,0.229,0.796,0.703,2.028,-0.627,-0.058,-0.043,1.092,-0.614,-0.879,-0.097,-0.045,-1.33,0.095,0.592,-1.658,0.012,0
-0.435,-1.909,-0.116,-0.173,-0.282,0.786,1.094,2.246,-0.656,0.868,-0.814,0.062,0.37,0.245,-0.083,0.701,-0.715,-0.939,-0.606,0.469,2.006,0.838,-0.297,0.391,-0.642,-0.419,-0.405,1.216,-1.134,1.172,1
-0.654,-0.354,-0.761,1.314,0.011,-0.263,-1.076,-0.765,0.596,0.241,-1.767,0.029,0.211,-0.809,1.229,-0.451,-0.595,1.942,-0.069,-1.148,-0.316,-1.5,-0.212,0.262,0.212,-0.087,3.023,1.086,0.566,-0.117,1
-1.816,-0.655,-2.033,1.539,-0.029,-0.326,-0.435,-2.376,-0.404,1.915,-0.167,1.179,-0.834,-1.004,0.269,0.237,0.713,-0.999,-1.054,-0.262,-1.733,-2.573,0.623,-0.333,-0.409,0.229,0.752,0.767,0.216,-2.192,0
0.066,1.498,-0.681,0.482,-0.963,0.269,0.612,2.792,-0.89,-0.201,0.238,0.311,-2.474,0.895,0.708,-0.252,-0.228,0.95,-1.021,-1.698,-0.536,-0.105,1.063,0.988,-1.391,0.894,-0.363,0.75,-0.769,-0.47,0
0.027,0.284,-0.512,0.019,1.299,-1.295,1.538,0.178,-0.099,-1.526,-0.155,0.068,0.279,-0.554,1.243,0.657,1.688,0.378,0.666,1.502,-0.029,0.045,-0.437,-0.813,-0.284,-0.368,-0.279,1.149,-0.851,1.029,0
-0.192,1.195,0.356,0.691,0.509,-1.228,0.411,0.748,0.135,-0.612,-0.529,-0.864,-0.397,0.261,-0.838,0.83,0.733,-0.802,0.048,-0.128,0.209,-2.05,0.062,0.82,1.564,-0.915,0.534,-0.042,1.082,0.644,1
-0.696,-0.94,-0.137,0.552,-0.16,1.148,-0.707,0.13,-2.063,-0.153,-0.216,1.046,-1.219,-0.413,0.786,1.796,-0.536,-1.653,0.077,-0.747,-0.593,-2.142,-0.028,-0.309,-0.592,-0.736,0.589,0.47,-0.41,1.344,1
-0.024,-0.161,-0.88,-0.422,-0.022,0.104,2.825,1.244,0.423,1.222,-0.384,0.101,1.464,-1.658,1.007,-0.857,-0.118,-0.362,-2.577,1.043,-0.211,-0.584,0.391,-0.758,1.458,0.507,1.012,-0.613,-1.243,-0.113,0
-0.412,-0.066,-0.319,2.028,0.021,-0.357,0.053,-1.642,0.731,0.407,1.232,-1.494,-1.616,-0.285,0.463,0.026,-0.811,0.358,-0.648,0.756,0.03,0.287,0.442,-0.826,1.36,0.965,0.478,0.28,1.278,0.367,1
0.33,-0.415,0.418,-0.384,-0.87,0.86,0.147,-0.521,0.443,0.636,0.717,-0.718,0.324,0.362,-1.474,0.236,-0.255,0.0,-3.298,-1.861,-0.083,-0.042,0.179,-0.004,2.322,-0.325,-1.049,-1.382,-0.416,0.154,1
1.068,-0.651,0.186,0.293,0.493,-0.24,0.324,1.513,-0.11,2.335,2.201,-0.26,-1.446,0.905,-0.762,0.352,0.745,1.946,-0.454,-1.774,1.661,-0.754,-2.177,0.261,-0.219,0.235,-0.098,-0.536,-0.413,0.943,0
1.18,0.86,-0.633,0.971,-0.225,2.084,1.373,-0.786,-0.642,-1.042,0.111,0.152,0.644,0.87,-0.019,-0.726,-0.029,1.222,0.511,-1.734,-0.705,0.89,0.971,1.913,0.885,0.329,-0.793,0.374,0.578,-1.554,1
3.379,-1.264,2.567,-1.253,-0.695,0.782,1.522,-0.216,-1.002,0.361,-0.454,0.209,-1.787,0.279,0.68,0.631,0.455,1.66,-1.586,0.04,0.247,-0.142,0.252,0.397,1.073,-0.75,0.634,0.609,-1.312,0.089,0
0.886,-0.076,-0.144,-0.857,0.108,0.39,-0.063,-1.627,1.034,-0.384,0.654,0.488,0.372,0.285,-0.345,-0.914,-0.774,-1.665,0.595,-1.982,1.62,0.129,-0.64,1.034,-0.489,2.087,-1.103,1.7,-2.198,0.406,0
-0.75,-0.329,2.003,-0.609,-0.303,-0.461,-1.131,0.123,-0.765,-0.203,0.284,0.571,0.247,-2.506,-0.336,-0.034,-0.758,-1.001,0.153,1.499,-0.371,0.411,-0.459,-2.178,-0.606,1.568,-1.88,-0.293,-1.818,0.88,0
0.64,0.643,-0.195,0.097,-0.88,-2.004,-0.753,2.583,0.203,0.213,0.554,-1.724,-0.61,-0.529,1.394,0.153,0.291,-0.853,-1.724,0.936,0.564,1.452,-0.184,-1.355,-1.401,-0.194,0.982,-0.712,0.35,0.562,0
-0.529,0.381,-0.641,-0.678,-0.151,-0.976,-0.208,-1.32,1.968,1.077,0.04,0.835,1.286,-0.107,1.647,0.336,-0.489,-1.267,2.186,0.474,0.912,-0.951,0.077,0.682,0.048,1.141,-1.12,-0.697,0.285,0.429,0
-1.323,0.401,-1.65,0.451,-0.2,0.682,-1.686,0.199,2.235,1.193,1.096,-0.153,-0.006,0.738,-0.559,0.698,1.001,0.702,-1.335,0.977,-0.354,-1.135,-0.561,-0.736,-0.431,-1.036,-0.824,-1.705,1.984,-0.804,0
0.41,1.108,1.427,1.923,0.445,-0.474,1.276,-0.284,-0.162,0.705,1.439,1.592,0.307,-1.207,-0.207,-1.25,0.691,-0.619,-0.09,-0.048,0.17,-0.145,-1.026,-0.802,0.043,-1.108,-1.74,-1.299,0.569,0.868,0
-0.371,0.614,-1.234,0.94,0.611,-0.478,1.356,-1.285,-0.573,0.036,-1.494,1.113,-0.26,-0.713,-1.329,-0.196,0.29,-0.177,-0.094,-0.258,0.273,-0.172,0.363,-0.055,1.425,0.125,-1.619,0.076,0.897,-0.277,0
-0.595,-0.555,0.591,0.013,-0.226,-0.833,-1.247,0.942,-0.491,-0.541,-0.476,0.036,0.827,-1.502,-0.156,-1.278,0.115,-2.733,0.037,-0.43,2.56,-1.149,0.427,0.199,-1.189,0.657,1.314,1.033,0.288,-0.162,1
-1.606,0.333,0.276,0.825,0.069,0.567,-0.292,-0.217,-1.796,0.435,0.995,1.391,1.731,0.854,0.68,0.204,0.618,-0.261,0.045,0.804,-0.671,1.424,-2.195,-2.293,-0.702,-1.391,-0.203,-0.34,-1.027,-1.721,0
0.871,-0.547,-0.472,0.483,0.925,2.396,-1.24,-0.592,0.98,1.329,1.598,0.451,-0.69,0.546,-0.302,-0.724,0.188,-1.427,-1.016,0.769,-0.353,-0.265,0.435,-0.787,1.206,-1.064,-0.262,1.275,-1.196,-0.228,1
-0.206,-1.121,-1.21,1.841,0.64,-0.4,0.122,1.259,-0.38,0.039,-1.929,0.901,0.966,0.875,0.498,-1.218,-0.3,2.393,-0.505,0.175,-0.18,1.129,-1.109,-0.213,1.469,0.341,0.354,-0.905,0.205,0.543,1
0.365,0.293,0.014,0.214,0.55,-0.868,-0.827,0.453,-0.258,0.013,1.069,-0.073,0.756,-0.965,-0.568,-1.286,0.684,0.095,-0.246,1.542,0.773,0.958,-1.069,-0.623,-1.697,-1.405,0.303,-1.149,-1.232,-0.175,1
-0.702,1.166,-0.226,1.13,-0.204,1.666,0.169,-0.2,-1.571,1.551,0.064,-1.572,-1.01,1.766,-0.929,0.386,-0.551,-0.707,1.721,0.832,0.774,-0.752,0.212,1.263,1.389,0.114,0.212,-0.047,0.773,-1.138,1
0.468,0.462,0.049,-0.236,-0.265,-0.101,0.95,1.375,-1.15,1.441,-0.064,-1.54,0.997,-1.026,-0.308,0.463,-0.76,-0.856,1.259,-0.419,0.538,1.478,-1.036,0.461,-0.234,-0.197,1.139,-1.05,0.502,0.088,0
-0.731,-0.523,-2.593,1.937,0.207,-2.47,-0.678,-0.029,1.328,0.025,-0.824,-0.506,0.386,0.232,-0.454,0.013,1.513,-2.301,-0.878,-0.359,0.898,-2.129,-1.454,0.612,1.426,-0.489,0.05,-0.367,0.37,-2.084,0
-1.67,1.184,0.6,-0.735,1.578,-0.43,0.22,-0.482,0.711,-0.711,0.258,-0.006,-0.442,0.56,-0.869,0.09,1.541,0.062,0.986,-0.616,-0.102,-0.806,0.184,1.828,0.495,3.02,0.326,-0.252,1.533,1.329,0
-0.702,-0.023,-0.127,-0.014,0.776,-0.427,-0.89,0.424,-0.409,0.334,0.118,-1.257,0.243,-0.345,0.187,-0.095,-0.561,-0.502,0.045,-0.203,1.392,1.301,-1.032,1.368,1.775,-1.553,-0.295,0.608,0.176,-0.028,0
0.174,-0.429,0.134,-0.937,-0.532,1.711,-0.011,-0.618,-0.782,0.041,1.278,0.801,-0.165,0.325,0.384,2.489,-0.705,-0.857,0.059,1.375,2.515,0.768,-0.164,-0.126,0.519,-1.556,1.461,0.39,-0.995,0.572,1
-1.419,-1.762,-0.63,-2.069,0.62,-0.13,1.347,0.544,0.331,0.356,0.443,-1.482,0.402,0.686,0.226,-0.169,-0.441,-0.704,0.061,0.009,0.605,2.486,-1.047,-2.53,-0.975,-0.663,-0.634,0.023,-1.959,-0.185,0
0.738,-0.135,0.574,0.764,-1.777,0.146,1.313,-0.444,-0.065,-0.033,-1.048,-0.398,0.483,0.128,1.404,-0.046,-0.273,0.885,-0.41,0.461,-0.332,0.062,2.241,-0.695,-1.268,0.022,0.27,0.135,-0.845,1.668,1
-1.127,2.062,0.717,-0.101,0.269,1.381,1.661,-0.372,0.195,0.393,-0.405,1.988,0.308,-1.573,-1.433,0.457,-0.358,-0.306,0.16,-0.305,0.894,-0.302,0.562,0.591,1.129,-0.535,-0.029,-1.041,1.377,0.902,0
-1.082,-1.981,1.441,0.972,1.454,0.681,0.391,-0.288,-0.579,0.648,0.251,1.154,-1.467,-0.273,0.129,0.935,1.347,1.058,2.434,-1.945,0.639,-1.33,-0.383,-0.464,1.065,-0.846,0.223,1.524,-0.028,1.387,1
-0.111,-0.985,0.659,-0.008,0.053,-0.308,-0.419,0.022,0.462,-0.489,-0.763,-2.45,-0.778,1.189,-0.971,-0.12,-1.34,1.182,1.087,0.609,0.072,-1.898,0.899,-1.154,-0.79,-1.094,0.338,-2.218,0.224,0.316,1
-2.648,-0.552,0.469,-2.915,-3.164,0.777,-1.789,1.355,-1.121,-0.428,-0.293,-0.158,0.269,-1.994,-0.145,-0.486,-0.449,0.754,-1.071,1.358,1.304,0.346,-1.594,0.649,-0.565,0.956,1.5,-0.642,-0.228,0.352,0
1.077,-2.741,-0.817,-0.62,-0.268,1.312,-0.709,0.662,0.028,0.481,-0.253,-1.36,-0.135,-1.128,-1.146,-0.873,0.137,-1.34,-0.215,-1.481,1.328,-0.332,0.559,0.725,1.199,-0.376,-1.37,0.917,-0.094,1.174,0
-0.148,0.19,0.282,1.176,-0.951,2.229,2.1,0.402,1.032,-1.041,0.58,0.038,0.268,-1.833,-2.742,0.132,-0.485,-1.025,0.472,1.213,-0.421,-0.968,-1.844,0.692,0.703,0.328,-0.219,-1.623,-0.357,0.764,1
-0.586,-0.643,0.624,1.189,-0.289,-0.387,-1.708,-0.039,-0.181,0.932,-0.173,1.385,0.462,1.03,0.634,0.777,0.822,1.64,-0.407,1.167,0.916,0.169,0.701,0.179,0.46,0.338,-0.919,-0.669,-0.124,0.878,0
-0.364,1.042,1.149,-1.071,-0.364,1.042,-0.706,0.671,-1.453,-1.126,1.136,-1.162,2.206,0.544,0.366,-1.733,-0.905,0.122,0.819,0.331,0.434,1.605,-0.581,0.092,-0.714,0.095,0.025,-0.278,0.174,-0.174,1
0.642,-0.658,1.129,-0.585,-0.68,0.708,0.754,-1.209,1.399,1.009,0.645,1.849,0.238,1.163,-0.234,-0.092,0.053,-0.357,-0.13,1.646,-0.528,-1.509,1.323,0.028,-1.887,0.083,0.287,-1.292,-1.219,0.012,0
-0.717,-0.132,-1.639,1.274,-0.465,-0.028,-0.892,-1.635,-0.449,-0.001,-0.409,-0.497,1.811,0.5,0.041,-0.758,-0.012,-1.434,-1.456,0.604,-0.032,0.818,-0.243,-1.473,-0.556,-0.378,0.737,-2.618,-1.435,0.142,0
-0.879,1.514,-1.551,-0.98,-1.292,-0.131,0.342,0.286,1.422,-0.611,0.39,0.354,-1.104,0.006,1.704,0.638,-1.542,2.529,0.008,1.173,-1.476,-0.105,-0.351,1.149,0.695,1.719,-0.236,-0.369,1.548,-0.028,0
-0.336,-1.585,-1.715,0.249,0.905,-1.035,-0.935,-0.826,-0.005,1.156,0.739,-0.493,0.796,-3.496,1.021,-1.584,-0.227,1.6,-0.019,0.576,-0.372,1.163,0.596,1.242,-2.129,0.329,0.128,0.174,1.231,-0.511,1
1.348,1.129,0.039,-1.394,1.192,0.482,1.239,-0.205,-0.664,-0.554,0.119,-0.77,1.061,-0.806,-0.401,-0.792,2.046,-1.826,1.665,-1.252,1.139,1.851,-0.468,0.201,1.056,1.732,0.056,-0.782,-0.345,0.902,0
1.124,-0.317,-0.07,-0.124,1.267,0.842,-0.366,-1.81,-0.384,-2.062,-0.362,0.813,-1.141,1.844,1.861,0.403,0.036,0.604,-0.259,1.578,0.621,1.026,0.103,1.376,0.696,-0.648,0.11,-0.67,-0.87,-0.497,1
0.735,2.899,-0.3,0.367,0.789,1.375,1.52,0.148,1.405,1.612,0.592,0.078,-2.165,-0.055,-0.403,0.194,1.514,-0.24,0.022,0.958,0.041,-0.214,0.34,0.745,1.437,-0.628,0.688,-0.089,-1.582,-0.752,1
0.954,1.135,-0.242,0.228,-1.563,-0.329,2.06,0.115,-0.658,-0.252,1.703,-1.209,-0.435,0.738,0.126,1.989,-0.508,-0.044,0.545,0.813,0.353,0.022,1.166,-0.266,1.317,0.626,0.473,0.392,0.312,0.614,0
1.246,-0.558,0.007,-0.123,0.739,-0.515,-0.313,0.677,0.426,0.677,0.202,0.037,0.332,-0.521,2.144,-0.425,-1.21,0.733,0.974,1.305,0.79,-1.621,0.564,-0.835,0.871,2.002,0.291,-0.794,-0.338,0.66,0
0.041,0.635,0.478,0.402,-2.274,1.664,1.887,3.002,0.281,0.686,2.231,1.95,0.486,-1.489,0.278,-0.488,0.389,0.476,-0.703,0.261,0.888,0.987,-0.501,0.746,-1.22,0.087,-0.065,1.282,-1.16,1.289,1
-0.71,-0.66,-0.926,-0.381,-1.613,1.096,-0.291,-0.034,0.257,-0.804,0.15,-0.692,-0.951,-0.302,1.067,-0.052,0.48,-0.805,1.132,1.339,0.576,1.541,-0.113,0.596,1.176,-0.241,-0.816,-0.312,0.458,-0.036,1
-0.931,-1.116,-0.513,-1.764,-0.539,-1.122,-0.965,-1.592,0.802,0.565,0.327,0.854,0.807,2.665,0.567,-2.185,2.9,0.615,0.273,2.411,-0.871,-0.24,-1.214,0.729,0.913,-0.004,1.924,-1.199,0.574,-0.237,1
0.716,0.563,-1.339,0.415,2.321,0.189,-0.011,0.357,0.697,1.154,1.997,0.422,-1.173,-0.562,-0.061,1.362,0.322,-1.013,0.147,0.073,0.263,0.198,0.312,1.469,-0.757,0.421,1.162,-0.46,1.992,1.455,0
-0.42,-0.476,0.17,0.512,1.125,-0.774,-1.779,-0.765,-0.418,0.979,-0.485,0.383,0.882,-1.548,-0.968,0.602,0.931,-0.309,0.749,-0.219,1.959,0.149,-0.209,0.958,-1.127,-1.125,-0.059,-0.319,0.38,0.258,0
0.522,0.928,0.771,0.894,1.111,0.872,1.285,1.297,1.603,0.477,1.348,1.783,1.635,-0.174,-0.559,1.053,-0.106,-2.023,0.875,-1.578,0.179,-1.334,-1.658,-0.827,-0.093,-0.999,-0.867,0.098,0.036,0.165,1
-0.581,-0.458,1.21,-0.555,-1.226,-1.18,0.423,0.025,0.123,0.456,-0.748,-1.336,0.504,0.347,-1.676,-0.694,0.297,0.776,-1.197,-1.208,1.211,-2.279,0.822,0.888,1.03,0.338,-2.043,0.844,-0.29,1.622,0
-0.747,1.581,1.253,0.732,-0.115,-0.093,0.765,0.056,-1.684,-1.144,1.053,-1.055,-0.258,-0.393,-0.159,-0.049,0.498,-1.879,-1.378,-0.781,-0.859,0.52,-0.916,-0.732,0.138,0.653,0.294,0.407,2.003,1.345,0
2.02,-0.474,0.346,0.214,-0.653,-0.649,-0.088,-0.242,-1.289,1.115,1.117,-2.543,-0.446,-0.958,0.211,0.383,1.368,0.138,0.974,-0.792,-0.313,1.253,0.307,-0.269,-0.736,0.627,-0.448,1.232,-0.107,-1.251,0
-0.646,1.397,-0.218,0.64,0.362,-2.07,0.576,-1.484,2.13,-0.607,-0.395,1.191,0.703,-0.048,0.642,0.384,-0.642,0.941,1.649,0.133,1.323,-1.034,2.046,-0.868,2.343,-0.683,-0.983,0.276,-0.541,-1.345,0
1.451,0.639,-0.409,1.504,-0.879,-0.85,-2.796,-0.74,-0.456,0.323,0.683,0.792,1.774,-0.182,0.459,-2.695,1.039,-1.301,0.578,0.707,-0.209,1.35,1.528,-0.559,-0.018,-0.201,-1.126,2.407,-0.083,0.801,0
-1.029,1.147,-0.505,-0.037,-2.078,0.225,-0.526,0.448,2.233,0.601,1.672,2.131,0.462,1.675,0.4,0.346,0.517,0.481,-0.495,0.763,-1.022,-0.09,0.317,0.058,-1.151,1.501,1.325,0.625,0.342,-0.97,1
-0.378,0.02,-1.207,-0.157,0.242,-0.301,1.955,0.152,1.079,-0.015,-1.275,1.395,-1.197,0.502,0.348,-0.281,-0.56,-1.102,-0.912,-0.839,0.467,0.352,0.419,0.683,1.504,0.658,0.323,0.886,-1.539,-0.997,0
-0.579,0.486,0.69,0.09,1.656,0.678,1.455,1.58,1.263,-0.736,0.321,-1.269,-0.157,0.691,-0.691,0.267,0.115,-0.43,-1.495,-0.708,0.267,-0.122,-0.336,-1.35,-0.301,1.526,0.375,-0.224,2.154,-0.308,1
0.507,0.042,2.193,-0.443,0.591,0.436,-0.61,-2.027,-0.46,-1.234,-0.624,0.356,-0.029,0.274,-0.816,0.871,-0.261,-0.319,-0.003,0.315,-0.318,-0.948,-0.634,-0.329,-1.104,0.588,0.431,1.625,-0.666,1.621,1
-0.326,-0.118,1.382,-0.02,0.868,1.045,1.053,-1.575,-0.212,-0.548,-0.794,0.612,0.14,-0.549,-0.448,0.557,0.516,0.498,-2.697,-0.613,-0.224,0.437,0.242,1.051,1.316,-0.819,-0.135,-0.368,0.343,-0.977,1
2.104,0.607,0.679,-0.895,1.322,-0.667,0.823,-2.091,1.272,1.085,-0.182,0.387,-1.312,1.454,-0.271,-0.993,0.052,0.016,0.292,-0.475,-0.151,1.009,0.534,1.451,0.529,-0.339,0.354,0.047,0.097,0.593,1
-1.055,-0.461,0.182,1.377,0.421,0.021,-1.152,-1.918,0.589,-0.363,1.067,-1.697,-0.238,0.17,0.721,-1.454,-1.486,0.593,0.436,-0.523,-0.488,1.239,1.365,0.815,-0.938,0.329,1.08,0.343,-0.766,1.907,0
0.975,-1.483,0.479,-0.937,1.57,-0.797,0.369,0.586,-0.381,0.218,-0.046,-0.219,-1.411,-1.456,-0.135,0.071,0.575,-1.516,-1.575,-0.1,-0.355,-0.034,-0.087,-1.301,1.058,0.611,-0.325,-0.677,-2.88,-0.794,1
-0.781,1.661,-1.229,-1.371,-0.18,0.048,1.44,2.458,-0.643,-1.156,-0.432,-1.822,0.263,0.228,-0.21,-1.991,-0.502,1.287,-0.137,0.174,-0.623,-0.283,-0.454,-0.317,-1.352,-1.942,0.798,0.062,-0.61,1.68,1
-1.088,-1.7,0.643,2.504,-0.086,-0.437,-0.048,0.725,-0.215,0.376,-0.366,0.108,1.754,-1.417,0.811,0.608,-0.656,0.948,0.434,-0.223,-0.261,-0.531,1.441,0.552,0.979,0.159,1.138,0.845,-1.34,-0.714,1
0.424,-0.698,0.869,0.078,0.582,0.538,1.173,1.084,-1.155,-1.395,-0.021,-0.689,-0.483,0.28,-2.166,2.102,-1.151,0.149,0.21,-0.953,-0.301,0.551,-1.378,0.676,-0.706,-1.007,-1.342,-1.775,-1.942,-1.624,0
-0.494,-1.456,0.427,-0.25,-0.352,1.811,-0.176,-0.851,-0.981,-0.777,-0.292,-0.783,0.247,-0.833,0.251,-0.479,0.264,0.396,0.861,0.239,0.06,2.265,0.82,-0.644,1.335,-0.049,1.388,0.443,1.555,0.048,0
-0.072,-0.424,-0.542,0.78,-0.614,-0.854,1.532,1.018,0.379,-0.518,-0.108,-0.442,0.196,0.393,1.153,0.059,0.337,0.232,0.547,1.64,-1.351,-0.048,0.199,-0.845,-0.594,0.489,0.911,-0.866,0.885,0.871,0
-0.402,-0.835,-1.456,0.105,0.356,0.28,0.264,1.582,-1.868,-0.146,1.91,0.881,-0.683,1.235,-0.757,-0.371,0.243,2.354,-0.104,-1.442,1.839,-0.66,-0.383,1.752,-1.1,0.859,1.8,-1.576,0.099,-0.535,1
-0.507,-0.202,-1.368,0.548,-2.088,1.451,-0.571,1.24,0.77,0.681,-0.446,0.529,0.295,0.326,1.6,-0.235,-0.427,-1.721,0.799,-0.279,0.296,-3.082,-0.345,-0.477,-1.172,-0.358,-0.531,-0.855,-1.467,0.795,0
0.501,-0.919,0.816,0.034,-0.06,-1.678,0.173,-0.103,-1.472,0.441,-1.512,-0.71,0.06,0.705,-1.144,-1.532,-0.354,2.887,0.306,0.022,1.044,1.346,0.181,0.873,2.562,-0.126,-2.105,0.69,-1.391,0.165,1
-1.51,-0.539,-1.118,-1.594,-0.834,1.037,1.745,-2.58,0.065,-0.145,-1.534,-0.097,0.154,2.127,3.073,-0.495,-0.661,0.557,-1.315,-0.032,-0.18,-0.412,0.233,-1.291,-0.369,0.02,-0.16,1.486,0.971,-1.509,1
1.125,1.106,-0.536,0.124,0.695,0.952,1.131,1.555,1.345,2.039,0.986,-0.493,-0.31,0.224,0.533,-0.412,0.408,-1.414,0.512,1.062,1.346,-0.984,0.969,-1.294,0.555,-0.39,0.722,-0.987,0.949,-0.36,0
-0.479,0.852,0.416,-0.219,1.702,0.975,0.237,0.718,-0.168,-1.132,-0.766,1.02,0.423,-0.108,-0.575,-0.208,2.309,0.391,1.145,0.767,0.026,-0.285,-0.656,0.55,0.209,-1.3,-0.412,-0.135,1.174,-0.321,1
0.37,-0.02,0.975,-0.22,-1.25,-0.422,-1.565,0.906,0.036,-0.205,1.12,0.315,0.985,0.279,-0.615,1.7,3.357,0.993,0.048,-0.489,0.643,0.455,0.67,0.911,-2.362,-0.224,-0.049,0.23,1.081,1.337,1
-0.718,0.326,-1.027,0.474,-0.131,0.612,-0.586,0.132,0.039,1.511,1.877,0.485,0.126,-1.965,-0.281,0.918,-2.426,0.342,-0.571,-0.512,1.128,1.024,1.428,0.416,-0.734,0.656,-0.549,0.272,0.814,1.48,0
1.616,-0.175,-1.366,1.0,0.166,-0.601,1.864,1.093,1.35,1.272,-1.036,2.673,-0.467,0.623,-0.912,1.782,0.382,-0.633,-1.304,-0.525,0.117,0.386,0.364,-1.493,-0.234,0.099,2.06,-0.038,0.456,-0.332,1
-0.346,-0.168,0.505,1.722,0.818,0.012,-0.33,-0.197,-0.702,1.945,-1.207,0.655,0.387,0.072,0.737,-1.256,-0.142,-0.86,-0.989,-0.425,1.401,-0.952,0.617,-0.148,1.2,0.137,2.266,-1.416,-0.487,-0.123,1
-0.49,-0.097,0.952,-0.547,-0.712,0.894,0.013,0.384,0.17,-0.901,0.686,0.525,0.859,0.703,0.979,-0.028,-1.365,-0.329,-0.437,0.518,0.392,-1.05,-0.383,0.293,0.954,-0.981,0.263,-1.18,0.845,-0.241,0
1.668,1.538,0.176,-0.047,0.558,-0.889,-1.098,0.23,-0.229,0.864,0.032,0.99,0.298,0.691,-1.292,-0.761,-0.248,-0.926,-0.351,0.329,1.393,0.664,2.043,-1.165,0.985,-0.445,1.495,-1.497,0.899,1.189,1
0.048,0.682,-0.076,0.219,1.336,-0.369,-0.725,-1.026,-0.978,-0.909,-0.42,-0.028,0.461,0.515,0.115,-1.035,-0.659,0.39,1.034,0.58,0.813,-0.412,-0.217,-0.402,0.829,-0.027,1.192,-1.019,0.585,0.79,1
-0.973,-0.449,0.602,-0.426,-0.734,0.077,0.725,0.187,0.257,1.011,0.378,-1.144,-1.137,0.395,-0.814,0.306,-0.087,0.972,-0.983,-0.57,0.975,-0.451,1.604,-0.118,0.625,-1.107,-0.453,1.151,1.818,-1.913,1
-0.482,-0.5,1.282,-0.184,0.119,-0.517,-1.072,0.705,0.86,0.107,-0.006,-0.527,-0.065,-0.061,-0.127,1.049,-2.48,-0.7,-0.222,1.502,0.713,-0.583,-0.084,0.165,0.692,0.283,-0.959,-0.586,-0.115,0.312,1
1.069,-0.737,-1.246,0.477,-0.489,-0.668,0.609,1.146,-1.193,1.59,-1.537,0.136,0.983,-1.314,0.849,-0.492,1.146,1.176,-0.682,1.009,-0.672,-0.597,0.485,1.067,-0.907,-0.434,-0.685,0.962,-0.253,-1.584,1
0.945,-0.372,-0.561,-1.406,2.489,0.843,-0.304,0.56,0.85,0.685,-0.411,0.526,-1.023,2.989,-1.297,-0.609,1.019,1.74,1.126,-0.709,0.154,1.156,0.622,-0.361,0.636,2.729,-0.958,-0.108,-1.547,-0.762,0
0.178,0.255,0.597,0.75,-0.909,2.369,0.87,1.468,1.616,0.098,-0.842,0.134,-0.929,-0.301,-2.679,-0.852,-0.333,0.262,-0.904,1.121,-0.136,0.245,-1.801,1.007,0.294,0.397,0.503,0.731,-0.837,-0.762,1
-2.157,-0.089,0.305,-0.685,0.514,0.53,0.996,-0.48,-1.353,-0.258,-1.05,2.384,-0.341,0.247,1.967,2.186,-0.254,0.105,-0.585,-0.454,-0.114,0.383,0.46,-0.379,1.432,-0.35,-0.999,1.084,-1.201,0.268,1
-1.034,0.139,0.606,-1.278,0.226,-0.56,0.038,0.82,0.355,-2.406,0.965,0.565,-0.157,0.305,0.31,0.568,-2.453,1.503,-0.982,-0.132,-0.801,-0.69,-0.592,0.746,-0.069,-0.081,1.444,0.21,-0.472,-0.397,0
-0.671,1.164,1.686,1.967,0.546,-0.091,0.705,0.272,0.036,-1.352,-0.968,-0.685,-0.269,0.995,-0.168,-0.188,1.777,-1.623,0.459,0.622,0.579,0.895,-1.137,-0.641,-1.333,1.154,0.508,-0.301,0.659,1.17,1
-0.022,0.008,0.914,0.833,0.16,-1.46,0.074,-0.317,-0.815,0.252,0.222,-0.755,2.083,0.974,0.34,-1.286,-0.071,-1.041,0.969,1.683,0.691,0.626,-0.412,-2.591,-0.506,-0.795,1.469,-0.04,0.187,-1.305,0
0.538,0.099,-0.184,-0.752,1.178,0.188,-0.625,1.403,0.973,0.801,-0.422,-2.503,-0.569,0.389,-1.407,-0.987,-0.746,0.016,-0.681,0.767,2.728,0.296,1.342,2.064,0.987,1.08,-1.192,-0.186,0.61,-1.577,1
0.34,0.66,-0.108,-0.137,0.551,0.512,0.528,-1.72,-1.413,-0.488,-0.962,0.482,-0.256,0.521,-0.412,0.244,1.951,1.465,0.104,-1.332,-0.455,-1.244,0.682,0.015,-0.73,0.854,0.212,1.096,-0.595,-0.071,0
-0.261,0.215,0.029,0.387,-0.092,0.724,1.671,1.23,-0.855,0.632,0.911,-1.075,-0.673,-1.542,0.116,-0.061,-1.419,1.542,-0.524,-0.248,-0.371,2.041,-1.091,1.407,-0.667,-0.916,1.334,1.512,1.651,0.705,1
-2.984,0.814,-0.228,-0.966,-1.055,1.856,-0.214,-0.459,-0.018,0.357,0.479,-0.826,0.1,0.182,0.801,0.485,1.57,-0.71,0.568,-0.652,0.653,0.249,-1.68,0.549,-1.74,0.604,-0.56,-0.156,-0.317,0.768,1
0.129,-0.549,-0.375,-0.734,0.199,1.887,1.381,-2.128,0.324,-0.325,0.541,-0.678,-2.075,0.33,0.279,0.755,0.287,1.255,0.993,-0.75,-1.105,0.752,-0.77,-1.864,-0.831,0.5,0.479,0.193,-0.811,1.845,0
0.306,-0.893,-0.816,-0.246,1.956,0.008,-0.075,0.225,-0.177,1.566,-0.104,0.534,0.249,-0.578,-2.436,1.437,0.893,-0.732,0.077,-0.961,2.204,1.234,1.07,-0.136,-0.184,-1.413,0.157,0.514,-0.367,-0.689,1
0.52,0.31,-0.601,0.547,-0.561,0.579,-0.642,-0.556,0.346,0.388,1.515,-0.201,-1.119,0.686,-0.746,-1.97,0.845,-0.179,-0.658,0.045,0.596,-0.145,-0.078,-0.499,1.175,-0.451,-0.254,-2.16,0.487,-0.332,0
0.501,2.106,0.304,-1.276,-0.512,0.988,1.322,0.241,0.294,0.351,0.511,0.505,-0.667,1.259,-0.405,-0.047,-0.337,1.081,2.201,2.087,1.496,0.491,0.037,-0.784,-0.396,-1.374,1.236,-2.789,1.063,-0.033,0
-0.181,-0.83,1.092,0.575,-0.265,0.947,1.081,0.928,-0.042,0.058,-0.551,0.592,0.991,1.315,-0.548,-2.229,2.998,-0.752,-1.162,-1.162,-0.012,0.341,0.157,0.486,-0.364,-0.545,0.699,-1.436,0.273,-0.629,0
1.133,2.195,-1.89,-1.185,0.116,0.501,0.775,0.237,0.086,-0.327,-0.101,1.896,-0.349,0.411,1.341,-0.673,-0.125,0.022,0.622,-0.839,2.842,-0.142,-0.346,0.019,-0.477,-1.598,-0.637,-0.591,-0.265,-1.078,0
0.407,0.025,-1.516,-0.42,-1.49,1.255,-0.432,0.457,-0.46,0.317,0.381,-0.326,-1.111,-0.062,0.553,-0.472,-0.343,0.52,-1.616,-1.596,3.42,-0.096,-0.097,0.517,0.11,0.395,0.254,0.784,-0.435,1.197,0
-0.348,-0.745,1.704,1.366,-0.7,2.396,-0.343,-0.738,-0.549,0.657,-1.125,-0.045,-0.735,-0.966,-0.051,-0.933,0.011,-0.183,0.386,-2.022,-0.282,1.315,-0.265,-1.927,-0.872,-1.565,0.24,-1.259,0.407,-0.263,1
-0.676,1.312,1.353,-0.474,0.288,-0.032,0.513,0.661,0.388,1.193,1.656,1.11,0.863,0.438,-1.268,-0.97,-0.257,-0.575,0.856,-0.035,-0.083,1.02,0.455,-0.297,0.788,-0.035,1.713,0.079,-0.506,-0.085,0
-0.679,1.011,0.496,1.911,1.119,-0.863,-0.177,-0.782,1.135,0.639,-1.535,0.472,0.167,0.037,0.005,-0.533,1.205,-0.484,-0.63,-0.649,0.585,-0.791,-0.281,1.115,1.878,0.687,-0.514,-0.803,-0.546,1.023,1
-0.206,-0.254,0.48,0.191,1.254,-0.563,0.845,-0.687,0.178,2.341,-1.492,1.621,0.722,0.309,2.365,0.593,-0.014,-0.266,-1.421,-1.562,1.358,1.089,-0.098,0.667,-0.748,-1.284,-0.462,1.948,0.896,0.036,0
0.38,-1.039,-0.442,2.047,0.494,-0.044,0.829,0.378,-0.413,-1.116,0.403,-0.195,1.92,0.65,-0.579,-0.47,-0.491,0.205,-0.441,0.681,0.673,-0.027,0.996,-1.069,0.064,-1.254,0.298,-0.279,-0.685,-0.337,0
0.075,-0.098,0.463,0.644,1.559,-0.422,-0.096,-0.375,0.088,1.039,-1.86,0.331,-1.023,2.143,1.153,0.942,-0.644,0.012,1.791,1.139,0.753,-1.305,1.227,0.979,-0.661,-1.663,1.457,-0.401,2.522,0.167,0
1.158,0.455,0.556,-0.125,-0.084,0.657,1.416,-0.156,-0.228,-1.588,1.131,0.638,0.401,1.369,-0.597,0.4,0.64,-0.773,-1.265,1.021,-0.701,-0.864,-0.212,-1.945,-0.502,0.588,-0.688,-1.259,-1.628,-1.479,0
-1.821,-0.788,0.427,-2.352,-2.158,1.448,0.974,0.78,-1.608,2.112,-0.381,-0.612,-0.037,-1.247,1.57,-1.815,1.681,-0.178,-0.964,0.65,0.189,-1.173,0.72,0.578,1.109,1.773,1.54,-1.67,0.669,-1.464,0
0.186,-1.275,-0.2,-1.076,0.339,0.34,1.045,0.251,0.396,-0.726,0.517,-0.489,-0.049,1.655,1.533,-0.075,0.421,0.412,-0.071,-0.62,-2.253,-0.21,-0.11,0.616,-0.823,-0.354,0.429,0.854,0.333,0.996,1
-1.329,-1.481,-0.628,0.169,0.424,-1.331,0.676,-1.101,0.797,-1.116,2.123,1.447,-0.507,0.523,-0.336,0.084,-0.736,-0.172,2.039,0.198,0.612,0.099,-0.029,0.731,2.04,-0.542,-0.663,0.832,0.813,-1.835,1
0.729,0.578,-0.25,2.151,-0.028,-0.021,-0.184,1.981,0.014,0.072,-0.578,0.34,0.088,-0.966,-1.644,0.388,0.802,1.49,-1.157,-1.566,1.275,-0.865,-0.313,-0.124,0.934,0.194,0.65,1.449,-1.888,-1.411,0
-0.525,0.052,1.267,-0.341,0.275,-1.077,0.559,2.191,-0.187,1.328,-0.106,-0.637,-0.487,0.646,-1.671,-0.845,0.192,1.039,1.25,1.098,0.88,1.066,-0.372,-1.872,0.652,0.491,-0.273,-1.754,-1.38,-0.687,0
0.807,-0.225,1.319,0.983,-0.532,0.517,0.66,-1.164,1.451,2.232,-0.889,-0.351,-2.054,0.109,-0.956,-0.834,0.138,-0.347,-0.727,0.484,-0.947,1.03,-0.148,0.618,-0.635,-1.115,-2.32,-0.617,0.227,-0.639,0
0.753,-0.031,-0.236,0.405,1.867,0.278,1.361,-0.323,-0.401,-1.169,0.789,-1.03,0.615,-0.045,-0.489,-0.042,-1.107,-1.847,-0.77,-1.503,0.277,-0.141,-0.594,-0.214,0.909,0.821,1.291,1.477,0.606,-0.036,0
-0.61,0.214,-0.665,-0.337,0.853,0.31,-0.929,-0.854,0.658,0.256,-0.494,-0.035,-0.201,-0.441,0.48,0.594,0.748,-1.653,-0.576,-0.589,0.951,0.658,-0.139,0.092,-0.134,0.687,1.025,-0.254,-1.933,0.504,0
-1.082,1.164,-0.843,0.361,-0.094,-0.167,-0.49,-0.804,1.691,0.245,-0.367,0.35,-0.478,-0.575,-1.379,-0.415,0.083,0.662,0.532,1.912,-1.077,1.825,-0.674,-0.389,0.133,0.246,-0.366,-1.381,0.177,-1.39,0
0.381,-0.822,-1.485,-0.075,1.617,-1.697,-0.428,0.349,-1.285,-0.472,-1.618,-0.938,-0.175,-0.282,-0.538,-0.559,1.046,-0.193,1.54,-0.632,-0.437,-0.942,-1.43,-1.564,-0.239,-0.415,-0.83,0.016,1.015,0.647,1
1.577,2.065,0.17,-2.039,-0.55,0.016,1.453,-0.7,-0.43,-0.396,2.098,0.68,0.569,0.435,-0.487,-0.25,0.285,0.813,-0.918,1.393,0.371,0.192,1.984,-0.425,0.611,1.65,-0.195,0.465,0.23,-0.788,1
1.212,0.176,0.633,-1.013,-0.503,-1.063,-0.944,-1.184,0.364,1.198,-0.619,0.53,-0.445,0.076,-1.843,-0.816,-0.168,-0.404,-1.394,-0.808,-0.495,0.362,-0.457,0.785,-0.147,-0.897,0.432,0.055,-0.262,-0.559,1
0.986,-0.722,0.941,0.751,1.057,-0.856,-1.13,-0.256,1.101,0.14,-2.04,-1.322,0.273,0.617,-0.429,-1.784,0.589,1.36,-0.623,0.507,0.213,-0.639,0.62,0.707,0.126,-0.013,-0.965,-1.347,-1.504,0.55,1
1.273,-0.655,0.954,-0.749,-0.765,-0.743,2.131,-1.055,-0.035,-2.394,-1.088,0.512,1.514,0.754,0.763,-0.488,0.042,0.757,0.955,0.609,0.972,0.032,0.701,-1.419,0.036,0.108,-0.186,-1.696,-1.539,0.789,0
-0.453,1.053,-0.041,0.982,-0.266,-1.374,-0.132,0.08,1.551,-0.297,-0.927,0.636,0.905,0.914,-1.213,-0.359,1.699,1.633,-0.754,-1.204,-1.101,0.197,-0.156,0.846,1.182,-1.084,1.408,0.55,-0.626,0.328,1
0.353,0.235,0.835,-0.205,-1.803,1.774,-2.083,1.3,-0.701,-0.728,-0.041,-0.911,0.685,-0.642,0.387,1.257,-0.432,-0.726,0.189,-1.659,-0.82,0.715,-0.297,-0.945,0.796,-1.327,1.322,1.698,0.625,0.265,0
-1.491,-0.208,-0.115,1.216,0.781,0.801,-1.697,1.049,-0.16,-1.26,0.362,-1.181,-0.739,-0.904,-1.232,-0.027,-0.75,-0.156,0.246,0.588,0.162,1.438,0.464,1.312,0.955,1.884,-1.635,-0.447,-0.384,0.633,1
0.138,0.149,-0.989,-1.155,-1.652,-1.015,-0.193,0.762,0.273,0.26,0.763,1.058,-0.586,1.063,-0.337,-0.723,-1.92,-0.737,-1.019,0.318,-0.559,-0.334,1.185,2.595,-0.677,-0.434,-1.704,0.797,-0.635,-1.076,1
-0.087,-0.575,-0.372,0.328,0.412,-0.169,0.415,0.102,0.067,-0.059,-2.104,0.223,-0.175,-1.216,-0.056,-0.236,0.538,-0.416,-0.597,-1.205,-0.225,-2.098,0.868,-1.603,-0.587,0.104,0.112,-0.847,-0.657,0.509,0
1.214,0.321,0.437,1.203,0.288,0.792,1.018,-1.806,-0.433,0.951,-2.368,0.875,0.197,1.375,0.331,1.147,0.526,0.403,-1.736,0.357,-0.957,0.916,-1.514,0.319,-0.316,0.035,0.697,-0.177,0.978,0.212,0
-0.175,0.725,-0.052,-0.9,0.797,0.581,-0.599,0.155,-1.307,-1.283,-1.81,0.278,1.306,-0.192,-0.06,0.246,0.192,-0.348,-0.791,0.072,0.38,-0.368,-0.653,-0.619,1.245,0.67,-0.898,0.755,-0.13,0.843,0
1.463,0.689,0.963,-1.513,-1.76,-1.03,-0.401,-0.924,0.032,0.257,-0.363,1.379,0.341,-2.358,2.165,-0.825,-0.177,1.991,-0.41,-1.837,2.081,-0.986,-0.589,-2.622,-1.753,0.565,1.259,0.144,0.936,0.796,1
0.689,-0.035,-0.173,-0.089,2.383,-1.157,-0.809,-0.755,-0.275,1.085,0.722,-1.39,-0.146,-0.721,-1.406,-0.56,0.19,-0.374,0.425,1.134,0.459,-1.794,-0.373,0.027,1.406,-0.541,-0.418,-0.818,0.215,-1.167,1
-0.034,1.126,-0.195,0.914,-0.524,0.228,0.073,-2.353,0.138,0.837,-0.421,0.713,-0.041,-0.191,0.121,-0.287,-3.256,-0.972,1.424,-0.311,-0.051,1.301,-0.06,-0.235,-0.225,-1.039,-1.3,1.846,0.102,-0.207,0
0.203,2.116,0.601,0.891,-0.262,0.229,-0.057,-0.633,-0.385,1.801,-0.71,-0.698,1.571,0.773,-0.124,0.495,-0.121,0.986,-0.82,-1.861,1.792,-0.266,0.446,0.355,-0.764,-0.473,2.139,-0.308,-0.156,-0.644,0
-0.428,-1.826,1.924,1.432,0.544,-0.467,0.853,0.019,-0.327,-0.883,0.919,2.211,-0.948,-1.372,-1.082,-0.078,0.74,-1.036,0.291,-0.281,-0.428,0.495,0.564,1.187,1.252,0.398,-2.108,0.146,-1.65,-0.075,1
0.758,-0.602,0.27,1.073,-0.177,0.365,0.543,0.554,-1.89,0.094,-0.384,-0.058,-0.005,0.828,0.758,-0.94,0.404,0.539,-0.992,0.675,-0.121,-0.044,1.554,1.204,0.403,-0.014,1.226,1.021,0.558,-1.206,0
2.224,1.591,-0.33,-1.806,1.098,1.193,0.902,-1.25,1.073,-1.423,-1.412,-0.189,0.58,0.176,1.076,-0.795,0.843,-0.243,-0.34,0.647,-0.441,-0.584,-0.058,-1.922,0.022,-1.355,1.023,-1.851,-0.076,0.155,1
-0.708,-0.227,-0.538,-1.588,0.481,0.171,-0.849,-0.533,1.659,-0.355,0.205,-1.202,-1.297,-0.491,-0.071,1.075,1.269,-1.469,0.355,-0.712,0.832,-0.067,0.109,-0.376,1.931,0.958,-0.049,0.911,-0.608,-0.09,0
0.405,0.961,0.232,-0.87,-0.648,0.166,0.536,-0.458,-0.71,0.242,0.116,1.417,1.05,-0.889,-0.718,-2.587,0.474,-0.471,-0.716,-0.304,1.646,-1.006,0.871,-0.385,1.664,0.501,-0.351,-0.658,0.029,1.08,1
-1.428,0.058,-0.451,-0.015,0.007,0.408,0.16,-1.304,-0.789,-0.492,-0.861,0.348,-0.334,0.937,0.541,0.277,-1.448,-1.278,-1.293,0.742,-0.722,-0.242,-0.061,-1.309,-2.494,-0.658,-0.416,0.776,0.348,1.933,1
-0.518,-0.763,-0.028,-2.338,0.528,0.065,-0.472,0.18,-0.155,0.8,-0.549,-0.049,1.16,-0.349,-0.45,0.531,1.19,0.705,2.103,-0.641,-0.534,1.732,0.66,0.528,-0.969,-0.982,-1.766,-0.278,-0.697,0.656,0
0.559,0.745,-0.574,0.292,-0.141,-0.95,0.65,-0.958,0.719,0.797,0.587,0.52,0.022,-0.452,-0.364,-0.164,2.363,1.207,0.498,0.274,-0.147,2.818,1.89,0.169,0.939,-0.681,-0.681,-2.159,0.732,2.255,0
0.883,1.162,1.461,0.617,0.844,-1.235,-0.945,-0.764,-0.506,0.27,-0.045,0.374,-2.342,-0.515,0.004,-0.69,-0.31,-0.391,-0.271,-0.826,1.313,-0.682,-0.193,0.799,0.56,-0.488,-0.359,0.848,-1.543,-0.845,0
0.148,0.57,0.232,2.132,0.999,-0.37,0.134,-1.651,0.101,-0.748,0.106,-0.153,-0.386,-0.783,1.03,-0.08,0.28,1.497,-0.712,-0.348,0.262,-0.172,1.585,-0.625,1.193,0.853,-0.122,-0.652,-0.726,2.204,0
0.102,-1.495,1.211,0.508,1.011,-0.278,-0.368,0.263,0.719,-1.307,0.159,-1.438,1.468,0.133,-0.97,0.473,0.17,-1.929,-1.23,-0.08,-0.359,0.258,-0.22,1.129,1.92,0.423,1.062,1.881,0.406,-0.307,1
0.92,-0.811,-0.598,-0.833,1.78,-0.285,-0.623,0.231,1.132,0.907,0.705,-1.046,0.836,-0.662,-1.343,0.166,-0.245,-1.903,0.535,-0.411,0.144,-0.749,-0.805,-0.291,0.314,-1.519,0.028,1.101,-0.491,-1.051,0
0.801,1.514,-2.167,1.11,-0.372,1.675,-0.313,1.549,0.541,0.309,0.115,0.168,-0.933,-1.711,0.156,-0.695,-1.246,-0.45,0.534,0.553,1.405,-0.119,-0.885,-0.102,-1.259,0.932,-1.748,-1.443,-0.43,0.578,0
0.122,-0.964,-0.751,-0.178,-0.714,-1.406,-0.348,-1.216,0.482,-0.1,-1.169,-1.962,1.139,-0.168,0.879,1.287,-0.791,-0.59,1.466,0.819,-1.004,0.759,-0.194,0.701,1.039,0.689,0.759,-0.489,0.068,1.271,1
-0.883,-0.705,-0.43,-1.535,0.229,0.283,1.394,-0.653,-0.592,-0.152,-1.44,-0.966,0.313,0.296,0.862,0.389,0.653,0.208,1.038,0.907,-1.314,0.394,-0.03,0.651,-0.666,-0.088,0.068,0.359,0.349,0.447,1
-0.814,-2.096,1.347,1.204,-1.534,2.429,-0.757,0.414,-0.414,0.647,1.833,0.462,-1.573,-0.352,-0.552,0.144,0.415,1.281,0.453,-0.053,1.634,-0.977,0.109,1.297,-0.889,0.029,0.174,-0.823,-0.157,-0.376,1
-0.485,0.156,0.258,-0.052,-1.412,0.606,1.006,0.873,1.135,-0.997,1.596,0.334,0.171,-0.678,-0.089,0.179,-1.376,0.606,0.042,0.086,-0.323,-0.589,-0.309,0.891,0.445,-0.91,0.6,-0.418,0.711,-0.714,1
1.989,-0.822,0.988,-0.804,2.57,-1.263,-0.061,-0.764,1.478,0.56,1.119,-0.915,-0.484,-1.051,0.64,0.432,0.296,1.213,0.646,0.922,1.033,-0.727,1.998,0.42,1.028,0.08,0.423,-1.631,-0.599,1.766,1
-0.18,-0.139,-0.583,-0.801,0.479,1.01,-0.056,-0.348,-1.611,1.327,-2.407,1.171,-0.107,0.278,0.348,-0.316,0.078,0.905,-1.633,0.498,-2.551,-0.23,1.082,0.054,-0.455,-0.237,0.403,1.483,-1.683,-0.593,0
-1.547,0.002,-0.64,-0.207,-1.822,0.703,0.681,-1.793,0.409,-1.585,0.962,0.936,0.175,-0.713,0.739,1.119,0.224,-1.491,-0.169,-0.429,-0.347,0.829,0.223,-1.396,0.762,-0.223,0.028,0.231,-0.673,0.108,0
1.207,0.203,-0.089,1.47,0.941,0.338,0.302,1.755,1.224,1.559,-0.645,-0.145,-0.581,0.183,0.44,-1.334,0.139,-1.338,-0.788,0.54,-0.223,0.53,-0.523,0.592,-1.473,-0.505,-0.214,0.272,-0.173,-2.638,0
-1.607,0.668,-0.503,1.036,1.325,-1.264,-0.153,-0.406,-0.429,-2.091,-0.063,0.174,-0.124,-0.399,0.17,0.166,-0.788,1.077,1.832,1.111,1.496,0.572,-0.165,0.059,0.293,-0.235,-0.623,0.848,1.652,-3.172,0
-0.129,-2.53,-0.224,1.888,1.26,-0.256,0.768,-1.297,1.541,-0.078,0.682,1.655,-0.252,0.557,-0.569,0.429,-0.834,-0.607,1.148,0.533,0.511,0.292,2.322,1.838,0.837,0.052,-1.126,-0.663,-0.132,-0.546,1
0.217,0.6,-1.694,0.935,0.01,0.838,0.248,-0.19,0.782,0.878,0.763,-0.891,0.064,-1.881,0.622,1.008,-0.36,0.963,0.599,0.199,-1.687,-0.055,-0.74,-0.017,-1.069,0.403,0.657,0.544,0.123,0.188,1
-1.217,0.694,0.007,1.376,-0.161,0.244,0.752,-0.915,-1.049,0.03,-0.429,0.037,0.922,0.455,0.108,0.678,-0.497,0.442,-0.383,-1.916,-0.505,0.551,0.943,-0.737,-0.275,-0.689,1.793,0.288,-0.816,-0.164,0
-0.884,0.897,1.045,-1.8,1.649,0.789,1.009,0.714,-0.642,-0.412,1.095,0.596,0.07,-2.934,0.53,-0.07,-0.838,-1.194,-0.257,0.578,0.901,-0.079,-0.809,-0.955,-1.604,1.346,0.881,-1.782,-0.644,-0.345,1
-0.221,-1.266,2.318,0.601,-1.097,0.993,1.33,-0.3,0.276,0.595,0.505,1.457,-0.296,-0.562,3.343,-0.577,-0.118,0.02,-0.976,0.357,-0.047,0.56,-0.624,0.259,0.844,-0.907,0.285,0.519,0.022,-0.419,0
0.3,-1.064,-0.731,-0.208,-1.136,0.122,-1.134,-2.246,-0.021,0.055,-0.301,0.593,-1.004,0.938,-0.043,0.255,-1.08,0.804,-0.165,-1.898,-0.594,-0.051,1.028,-0.216,0.54,-0.966,-0.336,0.758,0.208,1.173,0
0.626,1.508,-0.107,-1.228,0.819,0.48,0.668,-0.78,-0.228,-0.363,0.209,-1.467,-1.018,-1.438,0.188,0.482,1.692,0.597,0.182,-0.675,-0.499,-0.879,-0.451,0.605,0.65,1.731,0.242,1.572,-0.61,-0.653,1
0.992,-1.091,-0.276,-0.778,0.776,1.3,0.534,0.087,0.315,1.189,-2.106,-0.261,0.075,0.244,0.576,-0.986,-0.78,0.021,-1.232,0.486,-0.387,1.071,0.147,-0.339,-0.338,-1.247,0.89,1.684,0.225,-0.379,1
-0.123,-0.53,0.082,-0.673,-0.019,-0.003,1.529,0.772,2.437,0.151,-0.659,0.071,0.089,0.367,0.652,0.408,-0.396,-0.067,1.214,0.103,0.23,0.026,0.085,-0.425,-0.309,-0.109,-0.589,-1.146,-0.578,0.174,0
-1.872,-1.482,-0.196,-0.76,0.104,1.337,0.17,0.76,1.168,0.105,0.434,2.012,1.252,1.781,1.154,-0.128,-2.678,1.779,0.353,-3.383,-0.154,-0.779,0.215,-0.391,-0.343,0.572,0.707,-0.018,-0.898,2.495,1
0.587,0.682,-0.09,-0.037,0.119,-0.681,-1.1,0.787,0.905,-0.298,-0.918,0.823,-1.597,0.822,0.3,0.227,1.996,-0.423,-0.541,0.033,-0.004,0.302,0.045,-0.371,0.514,0.949,0.29,-0.193,0.467,1.074,0
1.375,1.407,0.123,-0.518,-1.06,-1.08,0.031,-0.393,-2.31,0.168,1.595,0.002,2.191,0.188,-1.275,-1.495,2.606,0.068,1.493,-1.183,-1.088,0.418,-1.39,-0.468,0.705,0.894,-0.104,0.483,0.024,0.33,0
-1.431,-0.691,-0.608,0.948,1.85,-1.059,-1.644,-0.544,2.388,-0.776,-0.565,-1.255,-0.426,-1.813,-1.938,1.305,0.012,-1.353,2.189,0.32,1.258,1.676,-0.142,0.427,1.581,-1.346,-0.457,-1.044,0.185,1.377,1
1.062,0.067,1.181,0.372,0.804,-1.995,2.557,-0.271,-0.075,-2.195,0.203,-0.537,-0.518,0.882,-0.74,-1.702,0.637,-1.664,1.438,-0.948,-0.409,-0.271,-0.928,-0.907,0.23,0.298,-0.486,-1.074,-0.093,1.034,1
-1.097,-1.327,-0.831,0.004,1.03,-1.387,0.037,-0.645,-1.302,-0.556,0.063,-0.072,-1.585,-1.029,0.749,-1.441,-0.288,-0.085,0.86,0.028,-0.085,1.182,1.365,-1.394,-0.778,0.599,2.222,-0.355,0.382,-0.277,0
0.259,-0.249,-0.972,0.257,-2.037,-0.062,-0.19,1.493,0.001,-0.824,-0.669,-0.298,-1.265,-1.003,-0.231,-0.413,-0.541,-1.396,0.116,-0.165,0.795,1.927,-0.677,-3.194,-1.302,0.528,-0.423,-0.804,-0.153,0.013,0
-1.522,-0.327,-1.471,0.794,-0.964,0.825,-0.844,-1.137,-1.91,0.862,0.702,-0.31,-0.063,-0.752,0.587,1.15,2.173,0.588,-0.551,0.521,-0.313,0.969,1.211,0.416,-0.783,3.029,-2.049,0.936,-0.665,1.281,0
-1.539,-0.801,0.104,-0.402,1.338,-1.02,0.28,1.205,-0.662,-0.625,1.403,-1.529,1.209,-0.028,-0.184,-1.262,0.371,0.272,-0.377,-0.944,0.295,0.105,-0.088,0.165,0.183,-0.127,0.837,0.982,0.226,1.002,1
-1.057,0.695,-1.546,0.687,-1.709,0.676,0.44,0.87,-1.059,-0.061,-1.647,-0.346,-0.623,0.614,0.541,-1.068,-0.079,1.578,0.006,-1.106,0.864,0.931,-0.341,-0.823,0.051,1.355,-1.103,1.538,-0.892,-0.942,1
0.973,-0.317,1.336,-0.729,-0.688,-0.738,-0.421,-0.824,0.145,1.274,-0.78,0.918,0.085,0.553,0.961,0.394,-0.713,0.392,0.841,-1.514,0.171,0.925,1.778,1.983,-0.404,-1.202,-0.748,-2.245,1.19,1.114,0
-0.457,0.095,0.42,-0.047,-0.18,0.327,1.451,0.827,-1.485,0.517,1.553,0.952,0.148,0.543,0.184,-0.506,-0.285,-1.103,-0.924,-0.925,0.989,-0.511,0.727,0.678,-1.358,-1.953,1.587,0.999,1.179,-0.616,0
-0.002,0.656,-1.693,0.98,-0.985,-0.154,-0.286,0.288,-0.115,1.475,0.706,-0.1,-0.08,2.24,0.073,-1.134,1.725,0.39,-2.895,-1.607,-0.085,-1.057,-1.98,1.5,-0.44,0.334,0.597,0.16,-1.101,-0.126,1
-0.839,-0.892,0.732,0.575,-1.313,0.162,0.004,-1.773,1.136,0.653,0.894,-0.241,0.913,-0.089,0.681,-0.518,-0.078,1.73,-0.822,2.176,0.599,2.322,-0.1,-0.614,-0.836,0.403,0.738,0.041,0.238,0.931,0
-0.111,1.214,-1.314,1.604,-0.804,0.987,0.151,-1.868,0.033,0.521,-0.584,1.105,0.582,0.055,0.295,0.035,0.316,-0.777,0.525,1.211,1.827,-0.432,0.045,0.461,-1.479,-0.634,-0.816,0.401,-0.253,-1.151,1
-0.394,0.255,-0.175,0.762,-0.181,1.396,0.528,1.031,-0.802,-0.594,-0.96,-1.144,-2.395,-0.13,0.954,-0.455,-0.279,-0.986,0.912,-0.971,0.958,0.913,-0.673,-1.126,-0.804,-0.962,0.065,-0.443,0.531,-0.667,0
-0.551,-1.867,0.723,-1.002,0.916,-2.32,-0.211,0.133,-0.134,-0.637,-1.067,0.099,0.033,0.179,-1.567,1.016,-1.135,-0.298,-0.581,-1.094,0.904,-0.473,0.159,0.275,1.311,-0.298,0.917,1.749,-1.372,-1.959,1
2.721,-1.215,0.936,3.508,-1.647,0.118,-0.841,0.155,1.16,2.076,1.401,-0.523,0.735,-1.664,0.593,1.854,0.452,-0.394,1.068,-0.122,2.128,-0.021,1.396,-1.995,-0.618,-0.931,0.211,-0.127,0.821,0.013,0
-1.342,0.708,0.0,-0.676,-0.124,0.255,0.214,0.906,0.711,-2.407,-1.216,1.069,0.54,-0.455,0.743,-0.74,-1.62,0.914,-0.337,0.556,-1.106,-0.233,-0.488,-1.131,1.548,-0.663,0.964,-0.36,1.429,-1.141,1
1.448,-1.482,0.401,-1.317,-0.318,-0.45,1.764,0.147,-0.346,0.656,-0.032,0.407,0.953,-0.467,-0.651,-0.199,0.226,0.33,2.898,-0.105,0.002,-1.783,-0.443,-0.642,-1.44,0.703,0.601,-0.688,-1.019,1.267,0
-0.168,-1.423,-0.072,0.766,1.523,0.16,0.64,3.067,0.914,1.612,-0.075,-1.903,0.241,-1.077,0.752,0.173,2.221,2.632,-0.339,-0.625,0.845,0.285,-0.824,1.45,1.534,1.093,-0.097,0.126,0.098,0.598,0
-0.204,-0.31,1.623,0.373,-1.244,1.341,-0.386,1.416,-1.172,0.047,-0.089,1.036,1.341,-0.515,-0.631,-0.319,0.321,0.19,0.726,2.295,1.56,0.689,0.204,0.935,-0.077,1.216,-0.017,-1.174,0.143,0.919,1
0.312,0.019,-0.194,0.616,-1.072,0.672,0.89,-1.07,0.255,0.631,-1.222,0.367,0.315,0.156,-0.363,-0.815,0.204,-0.325,0.369,-1.652,0.443,2.221,-0.934,-2.357,2.12,0.248,-0.927,2.761,0.62,-1.562,0
-0.783,-0.545,-1.251,0.56,-0.244,0.083,-1.205,-0.257,0.735,-2.346,-1.969,0.61,-0.817,-0.684,-0.155,-1.541,1.354,-1.257,-1.145,1.074,-0.15,-0.519,1.675,1.634,1.142,-0.675,0.547,-0.311,2.361,0.422,0
-0.663,0.432,0.102,-1.326,-0.092,-0.936,0.117,1.675,-0.153,1.629,-0.371,-0.632,0.928,-0.049,-0.678,1.401,0.136,-0.19,-0.14,-2.026,-1.128,1.204,-0.069,0.966,-0.138,0.223,-0.248,-0.03,-0.518,-0.895,0
0.276,-0.114,0.067,-1.564,1.043,-0.482,-1.249,-0.14,-0.17,0.578,0.887,1.182,-0.586,-0.49,1.158,0.429,1.217,1.926,1.179,-0.101,0.176,-0.142,1.367,-0.157,-1.024,-0.795,-0.686,-1.444,2.067,0.005,0
0.511,-0.494,0.598,-0.75,-0.672,0.261,2.226,0.223,1.521,-1.483,-1.283,0.529,-0.13,-1.596,-0.14,-0.018,0.859,0.33,0.306,1.616,-0.685,1.683,-1.866,-0.89,1.965,-0.516,1.442,-0.636,-0.067,0.218,0
-0.558,1.347,-0.939,0.446,-0.802,0.071,1.352,-0.852,-0.089,-1.505,-0.245,0.588,-1.12,-0.078,0.692,-0.584,-0.13,0.325,-0.264,-0.735,0.896,-1.803,0.065,0.099,0.914,-0.155,-0.776,1.98,-0.529,-0.184,1
-1.706,0.457,-2.065,-1.327,0.964,-0.492,0.067,-0.91,0.29,0.019,-0.352,-0.514,1.189,-0.128,2.049,-0.493,0.184,1.446,-1.35,0.357,0.793,1.159,-0.715,-1.547,-1.008,1.254,-0.149,-0.108,0.607,1.165,1
-0.101,0.118,-0.972,0.117,-0.831,-1.144,0.276,-0.482,-1.047,-0.261,1.013,0.118,1.113,-0.025,-0.079,0.127,-0.469,0.144,0.587,-0.668,2.045,0.323,0.163,1.156,-0.655,0.658,-0.227,-0.378,-0.377,-0.584,0
0.508,-0.588,1.728,-0.901,-0.552,3.55,-0.178,0.11,-1.163,-1.043,1.833,0.582,1.148,-0.212,0.576,-0.717,0.814,-0.063,0.07,-0.864,2.457,-0.066,-1.318,-0.556,-0.463,-0.37,0.563,1.812,1.077,0.081,0
-1.108,-0.81,-0.399,-1.22,0.56,-1.724,-0.916,-0.501,0.743,1.432,0.539,0.583,-1.244,0.169,0.427,0.135,0.903,1.039,-2.142,1.957,2.423,-0.261,-0.367,0.27,-0.011,-0.049,-0.473,0.494,-0.03,-0.188,0
-1.162,-0.762,1.028,-0.583,1.452,2.253,1.081,0.915,0.681,0.497,0.009,-1.003,0.44,-0.475,-0.783,0.811,-0.126,-0.665,1.638,-0.895,1.964,0.253,-1.32,0.568,-0.373,0.252,0.154,-2.418,-0.567,0.553,0
-1.965,0.483,-1.853,1.096,0.65,0.465,-1.889,-0.807,-1.95,0.196,-0.058,0.902,-2.533,0.887,0.333,1.716,1.019,0.63,1.454,0.481,-1.872,-0.812,-0.689,2.154,-1.375,0.37,1.107,0.462,0.191,-0.281,1
0.098,0.453,0.578,0.087,0.646,-0.068,-1.465,0.888,-0.116,-0.472,-0.048,-0.169,-0.17,-0.431,0.295,-0.659,-1.813,0.321,0.804,-1.523,-1.483,0.762,0.021,0.772,-0.065,0.719,0.185,-0.972,1.637,-0.748,0
0.947,-0.124,-1.91,-0.878,0.596,1.183,0.757,1.381,-1.705,0.001,-2.036,-1.307,-2.106,0.473,-1.881,2.146,0.745,-1.058,-0.368,1.22,1.052,-0.444,-0.144,-0.091,3.223,0.84,-0.254,-1.018,1.103,0.117,0
-1.061,0.782,0.593,0.974,-0.266,-0.448,-2.653,-0.22,-0.255,0.26,0.115,-1.607,-0.484,-1.273,-0.795,-0.869,0.519,0.62,-0.23,-1.091,-1.119,0.12,-0.242,-1.641,-0.422,-0.904,0.561,1.193,0.384,0.056,0
-0.828,-0.032,0.541,0.086,0.965,-1.332,-1.317,0.711,-0.197,2.081,0.177,0.466,-0.546,-0.742,-0.498,-1.25,0.285,-0.094,-0.038,-0.28,0.695,-0.086,-0.426,-0.078,-0.877,-2.179,0.263,-0.826,-0.761,-0.561,1
2.308,-1.245,2.01,0.522,0.868,-0.096,0.808,0.819,-0.266,0.644,1.58,1.094,-0.699,1.533,-0.514,0.894,-1.462,1.75,0.432,-0.972,-1.523,1.14,1.222,1.01,-0.859,-0.735,-0.575,1.303,0.316,-1.413,1
0.513,-1.099,-0.001,-0.847,-0.13,1.309,-0.321,0.276,0.201,-0.767,-0.223,-0.088,0.34,0.453,0.714,-0.769,0.353,-1.082,0.35,-0.571,-0.789,-0.415,-1.503,0.668,0.563,-0.836,0.369,-0.177,-0.23,1.229,1
-1.733,0.318,0.999,-0.235,0.236,-1.186,-0.386,-1.234,0.468,0.554,-1.626,1.222,-0.002,1.111,1.393,-1.532,-0.006,1.846,-0.327,0.375,-1.469,0.914,0.35,-0.233,-0.541,-0.262,0.408,1.68,0.044,0.154,0
-1.69,-0.606,1.779,-0.657,0.912,-0.718,-0.097,-0.295,0.509,0.502,0.29,1.936,-1.712,0.026,2.096,0.716,-0.715,-2.257,-0.246,-0.044,-0.397,-0.318,1.8,0.612,-0.144,-0.258,-0.294,-1.395,-0.991,-1.046,1
2.201,0.576,-0.287,-0.854,0.227,-0.958,-0.65,-0.094,0.068,1.529,1.163,-0.177,-0.441,0.11,-0.201,-0.601,-0.836,-0.27,-1.447,-1.941,0.652,-0.599,0.156,0.622,0.209,0.957,-0.9,0.502,-0.182,-0.34,1
-1.527,0.308,-1.64,-0.637,1.285,-1.477,-1.003,-0.338,-0.549,-1.372,0.193,-2.039,1.464,-1.07,1.184,-0.445,-0.859,-2.016,-0.817,1.857,-0.081,-0.156,-0.089,0.208,0.912,-0.484,0.691,-0.13,0.356,-0.246,1
0.503,-2.261,0.098,-1.29,-0.014,-0.202,0.261,1.393,-1.637,-0.777,1.13,-0.649,0.321,1.407,-0.677,0.003,0.098,-1.218,0.024,0.36,0.334,0.219,-0.301,0.16,2.278,-0.128,0.299,-0.314,-0.394,0.709,0
0.182,2.808,-1.472,-0.233,0.139,0.101,1.976,-0.154,-0.89,-0.522,1.304,-0.386,-0.979,-1.14,-0.251,1.126,-0.121,0.824,-2.629,2.676,0.269,-0.207,0.886,-0.364,-0.79,-1.32,1.197,-1.216,-0.339,-1.111,0
0.113,-0.345,0.622,0.254,0.563,-0.396,0.58,1.259,2.895,0.464,0.04,1.208,-1.352,0.838,0.716,-1.907,3.099,1.582,-0.553,-1.227,0.426,-0.809,-0.859,-0.132,-0.877,0.79,0.223,-1.929,0.972,0.595,0
-0.626,1.387,-0.288,0.699,0.586,0.788,0.394,1.137,-0.225,0.202,0.369,2.14,0.437,1.379,-0.577,0.438,-2.134,-1.301,-0.204,-0.72,-0.805,-1.988,0.955,-0.374,0.595,-0.249,-0.875,0.508,0.111,-0.753,0
0.606,0.552,0.538,-1.109,-0.841,1.783,-0.105,1.516,-0.226,-0.564,0.773,0.43,-0.384,-1.003,0.759,-0.629,-1.636,-0.217,0.712,-1.127,-0.227,0.844,-0.864,-1.333,-1.795,0.817,-1.694,-1.592,-0.494,-1.275,0
-0.978,1.287,-0.081,0.253,-1.342,-0.943,1.522,-0.311,0.752,2.142,-0.642,-0.271,-1.996,-1.296,0.417,0.127,-1.201,0.133,0.179,1.06,0.947,-1.721,1.131,1.686,1.1,1.068,-0.201,0.19,2.322,-0.601,1
0.195,-0.697,0.101,-0.231,0.153,0.347,0.09,-0.038,1.913,-0.001,1.433,-1.7,0.613,2.047,-0.582,-0.487,0.721,1.645,0.415,2.296,0.739,-1.502,-0.783,0.716,1.013,0.943,-0.169,-0.199,0.006,1.39,0
-1.009,-0.928,-0.16,-2.476,-0.027,0.76,-0.249,-0.349,0.677,-1.045,0.886,1.703,-0.881,-0.96,0.117,1.463,0.482,1.681,0.779,0.21,-0.394,-1.601,0.884,-0.083,0.316,1.334,0.978,0.407,-0.59,-0.186,1
0.489,0.023,-1.265,-1.166,-1.186,0.368,-0.107,0.353,0.392,0.157,0.398,-0.397,0.463,-1.389,-1.837,-0.581,0.051,0.047,-1.334,-0.384,-0.242,0.051,-0.661,-0.31,-0.413,-1.146,-1.156,-1.726,-0.575,0.414,0
-0.286,-0.567,-2.276,-0.512,0.498,0.382,-0.676,-2.558,1.619,-0.173,-0.069,-0.703,-0.199,1.4,0.875,0.487,0.303,-0.038,-1.157,0.681,0.868,-0.584,0.89,1.366,-0.942,1.924,-0.195,-0.447,1.785,-0.756,0
1.026,1.044,-1.845,-0.197,-0.418,-1.45,-0.136,0.907,1.652,-0.52,0.93,-1.316,0.806,0.484,0.55,2.451,-0.922,0.417,0.872,0.425,0.131,-1.75,2.119,0.336,-1.227,-0.155,0.24,0.144,-1.376,1.01,1
1.931,-2.509,-1.729,-1.339,-0.036,1.023,1.623,1.101,-0.105,-2.156,0.583,-2.002,0.44,1.327,-0.058,0.372,-0.012,0.117,0.811,0.486,0.132,1.266,-1.244,-0.628,0.549,0.385,-0.45,0.917,-0.266,0.189,0
1.323,-0.221,-2.17,-1.434,0.433,-0.387,-0.976,1.501,-0.933,0.464,-1.742,-0.374,0.736,0.114,-1.723,-0.231,0.776,-2.253,0.454,-1.018,-0.409,1.296,0.559,-0.604,-1.228,0.196,0.308,-0.326,0.158,-1.578,0
1.322,-0.565,0.656,0.762,-0.703,0.586,-0.383,-0.349,0.673,1.325,0.284,0.638,0.355,1.586,1.998,1.229,0.519,-1.172,0.936,-0.898,0.647,0.97,0.194,0.727,-0.437,0.265,-1.632,-0.139,0.685,-0.767,0
0.235,-0.009,0.964,-0.014,-0.058,0.094,0.901,-0.224,-1.281,0.447,1.884,0.196,1.163,0.335,0.967,1.365,1.108,-0.836,-0.218,-0.639,0.34,1.441,-0.709,-0.098,0.536,-0.867,-1.082,-0.263,0.888,-0.364,1
-1.643,0.922,0.02,-0.684,2.456,2.198,-1.432,-0.294,-0.1,0.853,1.069,2.81,-1.798,0.158,0.645,0.649,-0.198,0.004,-0.335,-1.357,-1.586,0.162,-1.215,-0.18,0.087,1.057,-0.84,0.741,0.106,1.121,1
-0.726,-1.703,0.557,1.226,0.887,0.586,0.343,-0.01,-1.575,0.995,-0.533,-0.032,-0.38,0.588,1.611,-0.6,-0.404,-0.716,0.936,0.066,1.479,2.097,0.21,0.702,0.98,0.421,-0.056,0.356,-1.126,-1.403,0
-1.867,-0.219,1.482,0.352,0.12,0.656,0.344,-2.126,-0.456,-0.636,-0.378,0.574,0.554,-0.791,-2.153,-0.358,-0.156,-1.426,0.307,0.907,-0.252,0.943,-0.435,1.198,-0.797,2.75,-0.432,0.15,1.031,1.578,0
1.223,-1.403,-0.339,-1.671,-1.7,0.582,1.004,-0.123,-0.663,0.095,1.01,-1.156,0.619,-0.061,0.217,-0.986,-1.169,-0.282,-0.12,-0.712,2.08,-1.132,-1.713,1.386,-0.052,-1.385,0.217,1.934,-0.78,-2.549,0
-0.358,0.243,0.089,0.517,-0.95,1.594,-1.532,0.242,-1.41,-0.122,-0.18,-1.971,0.981,-0.356,-0.316,1.814,-1.386,-2.553,-0.029,-1.39,1.476,0.583,-1.522,0.095,0.743,-0.482,-0.647,-1.035,0.301,-0.122,0
1.619,0.437,0.139,0.597,2.997,-0.363,0.556,0.341,0.167,-0.034,-0.283,0.136,1.009,0.032,0.251,-0.042,-1.335,-0.305,-0.385,-1.565,-0.83,-0.725,1.965,-0.546,0.493,-0.802,-1.884,0.673,-0.459,2.009,0
-0.098,-0.987,-0.16,-0.017,0.003,-1.204,1.474,0.549,-1.528,-0.881,0.253,0.37,2.346,-0.007,2.278,2.061,-0.442,-0.561,-0.673,0.645,-0.736,1.61,-1.0,-0.903,0.148,0.72,0.021,-0.022,-0.114,0.987,0
-0.173,-0.073,-1.119,-1.107,1.924,0.823,-0.722,0.19,-0.582,1.847,1.975,0.748,-1.62,0.374,1.054,0.749,0.73,1.19,2.054,-0.825,-0.249,-0.517,0.174,1.729,-0.227,1.252,-0.604,-0.727,0.503,0.147,0
0.444,0.094,-0.391,0.003,0.883,0.518,-1.175,-0.577,-0.884,0.259,0.688,0.981,-1.023,-0.607,-0.099,-0.59,-1.457,0.534,-1.697,1.096,0.446,-0.058,0.175,0.257,-0.391,-0.345,1.117,1.12,-1.145,-0.391,0
0.314,0.776,-0.481,0.031,2.357,0.599,0.485,-0.865,-0.902,-1.219,-1.748,-1.328,-0.176,0.064,-0.42,-0.361,-2.519,0.095,1.086,1.544,-0.058,-1.151,1.189,-0.804,-0.059,0.342,-0.491,-1.205,-0.3,-1.1,1
-1.258,-0.546,-0.751,-0.66,-2.601,0.999,0.299,-0.426,-1.049,1.861,1.335,-2.896,-0.486,-0.281,0.139,0.258,1.478,-1.322,-0.9,0.181,-0.389,0.834,0.183,0.119,0.547,0.795,-0.23,-0.016,-0.065,-0.819,0
0.075,-1.808,-0.317,-0.144,0.355,-0.37,-1.706,-1.342,-0.111,0.018,-0.966,-1.624,0.077,-0.26,0.971,-0.322,-2.877,-0.938,0.479,1.346,1.461,-1.301,-0.489,1.464,0.42,-1.165,1.623,0.512,1.022,-0.467,0
-0.076,-0.038,-1.157,0.908,-2.215,0.254,-1.703,0.225,-0.112,0.643,0.385,0.94,-0.515,-1.623,-0.349,-0.416,-1.598,-2.233,0.409,-1.737,-1.993,-1.553,-0.171,-1.624,0.134,0.393,-2.014,0.527,-0.966,-1.913,1
-2.291,0.73,-0.611,-0.522,2.462,0.465,-0.803,-0.101,-1.37,-0.057,1.608,-0.818,-0.208,-0.582,-1.417,-2.343,-0.514,-0.428,0.093,0.25,0.7,-0.275,0.585,2.004,0.97,-0.067,-1.033,2.124,-0.053,-0.977,0
-1.167,-1.076,0.153,-0.189,0.628,-0.107,-0.858,-1.04,0.051,-1.565,1.417,0.468,0.503,-0.627,0.691,-0.629,-1.153,0.434,1.206,1.041,-0.053,1.822,-0.049,-3.053,-0.978,-1.125,1.376,0.927,-0.366,0.34,1
0.807,1.283,-0.877,1.821,0.71,-0.273,1.917,0.253,-0.031,1.43,0.583,1.131,0.415,-1.699,1.036,0.622,0.896,-1.797,-0.062,1.184,-0.774,0.446,-0.523,0.973,1.973,1.494,1.116,-2.403,0.516,-0.387,0
0.318,-0.874,-3.562,-0.344,1.201,-0.667,0.12,-0.586,-0.978,-0.412,-1.307,0.633,-0.903,-0.032,-1.418,-0.662,1.237,-0.305,-0.466,0.489,-0.544,-0.6,1.79,-0.564,-0.218,0.479,-1.335,-2.859,1.598,0.643,0
0.273,-1.63,1.654,-0.504,2.12,2.017,0.159,1.042,1.163,1.124,-1.317,0.307,1.37,1.58,-1.177,-0.654,-0.332,-0.37,-1.099,-2.083,0.211,0.675,1.456,-0.048,-1.601,-0.461,0.399,-0.593,-0.683,-1.198,0
0.492,-0.906,1.467,0.425,-0.592,0.066,1.337,0.622,-1.3,0.152,1.39,-0.416,-0.97,-0.1,0.779,-0.257,1.005,-0.879,-1.474,-0.389,0.722,-0.07,-1.384,-0.131,-0.453,-0.266,1.53,0.257,-0.617,1.244,0
-1.067,-0.115,-0.29,1.223,-0.821,-0.957,0.047,-1.066,-1.442,1.061,-2.541,0.384,-0.603,0.322,-0.266,-1.55,0.41,1.16,-0.007,-1.503,1.163,0.723,-2.465,0.194,0.328,0.198,1.14,0.349,0.988,0.774,1
0.351,-0.631,-0.567,1.483,2.09,1.252,-0.689,0.843,-0.115,2.23,0.597,0.995,-0.34,0.249,0.484,-0.1,0.327,-0.343,0.471,1.182,0.183,0.206,1.363,-0.151,-1.795,-0.258,-1.035,-0.014,-0.401,0.115,0
-1.344,-0.902,0.275,-0.585,0.009,-1.17,-0.351,0.323,-1.388,0.762,-0.144,0.705,0.325,0.068,0.646,1.565,-1.463,-0.478,-0.051,-1.201,-0.279,-0.421,-0.007,-0.73,-0.696,-0.164,-0.303,-3.143,1.135,1.518,0
0.201,1.757,0.851,0.722,-0.608,0.051,-1.281,-0.608,-1.122,-1.883,-1.065,-2.408,1.121,-0.187,-0.314,0.245,1.138,-0.22,-0.001,-1.695,-2.016,-0.627,-0.465,-0.763,-1.293,0.837,0.279,0.233,1.882,-0.334,1
-1.553,-0.059,1.804,-0.353,-0.868,-0.09,-0.997,-0.015,-0.795,-0.124,1.063,-0.263,0.321,-1.777,-1.312,-1.312,0.191,0.443,-0.817,0.854,0.072,-1.307,-0.493,0.591,0.034,-0.17,-1.363,0.472,0.382,-0.661,0
0.051,0.34,-0.767,-1.569,-2.672,-0.57,1.788,-0.856,-0.401,1.315,0.525,-0.771,0.459,-0.002,-0.472,0.846,1.048,-0.032,0.401,1.127,-0.504,-0.579,0.235,0.112,-0.617,-0.357,-1.167,1.322,-0.528,0.687,1
-0.252,1.116,1.369,0.961,-1.923,-0.81,0.779,-1.043,-3.047,-0.137,-1.827,-0.762,0.256,0.581,-0.209,-1.284,-0.111,-2.336,-0.822,-0.024,-1.868,2.368,-0.922,-0.099,-0.845,0.081,-1.872,-0.82,-1.126,-0.32,0
-0.222,-0.885,-0.477,0.388,1.026,0.844,-1.202,0.497,0.684,0.686,2.516,-0.416,0.742,1.291,-1.666,-1.334,-0.611,-1.172,-0.934,-1.163,-1.454,1.078,1.533,-0.406,-1.294,1.241,-0.372,-0.103,0.642,-0.788,0
0.569,1.044,0.448,0.772,-0.971,0.863,2.031,-1.561,-0.539,-0.555,-0.852,2.814,-0.886,2.711,-0.68,0.376,-0.792,2.438,2.041,-0.606,0.39,-0.081,-0.073,-0.98,0.652,1.404,-0.132,-0.421,-0.31,0.39,1
-0.012,-1.114,1.104,0.28,-0.516,0.315,-0.491,2.122,-0.35,-0.359,-0.635,0.409,-1.264,0.804,-2.967,0.097,2.455,-0.144,-0.554,0.063,-0.289,-0.704,0.355,0.94,0.392,0.832,-0.936,-0.213,0.219,-2.409,1
-0.08,0.639,-0.121,-1.657,-0.025,0.896,-0.363,1.453,-0.822,-0.944,-0.132,-0.665,0.624,0.048,-0.496,-0.794,-0.281,0.934,1.105,0.871,-1.351,0.1,-0.202,1.324,1.806,0.07,-0.675,-1.293,-0.511,0.83,0
-1.903,-0.091,0.177,-0.394,-1.28,-0.45,-1.729,-0.31,-0.206,-0.072,0.49,1.76,-0.914,1.602,-1.103,-1.915,-1.493,-1.128,0.87,-0.992,-0.556,1.107,-0.109,0.492,-1.779,-0.737,0.553,-0.526,-1.029,0.216,0
-0.016,-0.748,0.419,-0.362,-0.538,1.296,0.192,-0.595,-0.209,-0.209,1.044,-0.253,0.506,-1.663,1.258,-0.396,-0.041,0.22,1.453,0.689,-0.23,-0.382,-0.932,-0.683,-0.117,0.643,0.362,0.683,0.213,0.849,1
0.153,0.548,-0.524,1.481,-1.27,-1.773,0.405,-1.17,-0.046,0.002,-0.955,-1.91,0.169,-0.19,-0.208,0.364,-0.562,1.283,-0.027,-0.111,1.642,0.075,1.323,0.566,-0.004,0.305,-1.994,0.764,-0.606,-0.986,0
-1.556,1.749,-0.574,-0.618,-1.042,0.438,1.045,-0.255,0.282,0.379,0.988,-0.863,-0.528,1.145,0.215,-0.698,-0.232,-0.559,0.615,-0.823,1.085,-0.644,-1.715,0.221,0.019,0.409,1.617,-0.883,0.113,-0.227,0
1.173,0.576,0.157,2.293,0.694,0.234,-0.14,0.021,-0.535,-0.191,-0.298,-0.24,-0.764,0.333,0.88,-0.17,-1.613,-0.721,-0.689,-0.105,0.298,0.073,1.121,-1.584,-0.635,0.471,0.947,-0.085,-0.299,-1.666,0
-0.39,-0.172,-0.073,-0.088,-0.732,0.267,-0.44,0.999,-0.071,1.583,0.536,-0.336,-1.438,1.589,0.204,0.132,0.673,1.69,-0.467,-1.43,0.302,-0.282,-0.081,-0.49,-0.401,-0.976,-0.936,-1.125,-0.108,1.758,1
0.603,1.121,0.189,-0.354,0.206,0.191,-1.623,0.135,0.414,-0.892,0.675,-0.127,-1.971,-0.232,-0.275,-1.567,-0.098,0.025,0.597,0.609,0.353,-0.16,1.087,-0.227,-1.16,-0.012,-1.793,0.987,-1.114,0.449,0
-0.604,0.545,1.306,-0.613,0.955,-0.319,0.861,0.852,1.052,-1.382,0.221,0.63,1.119,2.418,-0.851,-0.834,-0.486,-1.146,0.427,0.463,-0.851,-1.522,-0.197,0.75,-0.676,-0.764,0.772,1.103,-0.029,-0.373,1
0.632,-0.098,1.021,-0.104,0.188,0.052,-0.479,-0.705,0.227,-0.447,0.64,-1.173,0.944,1.048,0.865,-0.041,0.85,-0.531,1.014,-1.195,0.146,-0.405,0.465,0.493,1.376,-0.244,0.286,0.671,0.63,-1.031,0
-1.214,0.639,0.156,-0.588,-0.684,-0.111,0.622,0.994,-2.459,0.26,0.876,-0.852,1.716,-0.56,0.099,-1.588,0.2,-1.627,2.566,0.346,0.658,0.004,-0.136,0.267,0.838,0.822,0.121,-0.264,-1.527,-0.557,0
-0.907,0.433,0.535,1.368,1.201,0.19,-1.6,1.237,-0.286,0.932,-0.95,0.503,-0.044,0.658,0.113,-1.112,-0.298,-0.342,-1.352,0.545,-0.427,1.305,0.18,0.211,-1.009,1.47,-0.393,-0.669,-0.905,-0.842,0
-2.376,-1.481,-1.069,-0.598,0.012,-0.351,-1.311,0.273,0.353,-1.71,0.595,1.004,0.267,0.519,0.015,0.161,1.011,-1.701,0.398,0.405,1.951,1.804,-1.796,-0.726,0.35,-0.031,0.761,-0.692,0.607,1.576,0
-0.146,-0.429,1.188,-1.033,0.891,-0.104,-1.091,-0.165,1.369,0.361,-1.991,0.778,-0.336,-1.474,-0.249,-0.562,0.386,0.735,0.429,1.3,0.347,0.38,-0.516,0.507,1.215,0.754,0.81,1.786,0.826,-0.146,1
-0.51,-1.805,0.446,-0.794,1.132,-0.058,-1.772,1.319,-1.848,-0.682,-0.594,0.688,-0.393,0.703,-0.151,1.611,1.157,-1.954,0.905,0.394,-0.831,1.013,-0.323,-0.003,0.442,0.299,0.161,-1.724,0.993,0.174,1
-0.884,-0.361,-0.429,-1.117,1.617,-0.35,1.952,0.559,-0.254,1.703,-2.036,0.685,0.249,0.752,-1.712,0.7,-0.296,0.115,-1.891,0.245,1.023,-0.127,0.361,-0.371,0.408,-2.181,-0.716,-0.688,1.254,-0.785,1
0.055,-0.836,0.172,-1.026,-2.33,1.145,-0.148,0.399,-0.342,0.142,0.973,-0.442,2.39,0.1,1.429,-1.592,0.022,1.688,0.782,-0.257,-2.046,-0.027,1.152,0.99,-0.269,1.103,-0.98,-0.564,-0.814,0.895,0
-0.654,1.352,-0.38,-0.393,-0.871,0.673,0.066,-0.938,-1.476,-0.313,0.021,-0.631,0.699,0.276,-0.142,0.316,-1.166,-0.598,0.148,-0.492,-1.184,-0.527,-0.143,-0.63,-0.0,-0.165,-0.7,0.296,0.532,-2.511,1
-0.878,-0.05,-1.106,1.099,-0.466,-0.832,-2.326,0.85,-0.236,0.753,0.343,-0.156,0.555,1.005,0.425,-0.274,-0.503,0.718,-0.627,0.135,-0.943,-0.349,-2.285,0.511,0.612,-1.167,-0.635,-1.016,-0.436,0.038,0
1.304,-0.771,0.309,1.288,0.277,0.644,-0.531,0.311,-0.973,-0.636,-1.004,-0.246,0.992,-0.719,0.484,0.379,1.571,-0.271,-0.734,-0.36,-0.989,-0.137,-1.795,1.473,1.054,-0.261,1.288,-0.391,1.785,0.475,0
2.371,0.056,0.981,-0.736,0.134,-1.277,1.023,-0.204,-0.5,-1.574,-0.804,1.9,0.462,-0.25,0.657,0.555,1.594,-1.354,0.584,0.986,-0.507,0.369,0.022,-0.001,-0.166,1.496,-1.51,1.222,1.374,-1.328,0
-0.736,0.196,-1.69,0.66,-1.061,-1.715,1.167,-1.883,-0.413,0.121,-0.38,0.023,-0.928,-0.114,0.089,0.26,-1.174,0.329,-1.963,-0.541,1.079,1.312,2.036,0.854,-0.814,0.09,0.061,-0.537,1.266,0.053,0
1.074,-0.703,-1.312,-1.416,1.057,-0.743,-0.236,1.7,1.007,0.896,-1.416,0.372,-1.34,0.374,-1.007,0.475,0.723,-0.566,-0.608,1.851,-0.327,1.025,0.695,0.715,-0.887,-0.37,-1.708,-0.053,-0.839,-0.614,0
-0.063,-0.805,1.323,-1.253,0.262,1.309,-0.412,1.581,-1.119,-0.141,0.977,-0.492,0.641,0.667,0.252,-0.229,-0.014,-0.041,0.24,2.067,1.396,-0.694,-1.717,-1.525,0.569,-0.056,-0.136,-1.138,0.615,-1.46,0
-0.179,0.583,0.684,0.457,-0.245,-1.573,0.233,-0.101,-1.116,-0.066,0.549,-1.112,-1.006,-0.471,0.215,-0.216,0.678,1.433,-0.239,0.7,-1.318,-0.394,0.691,0.825,0.139,-0.859,-0.634,1.456,-0.1,0.884,1
-0.227,1.218,0.014,1.133,-0.584,-1.771,1.128,-1.375,0.243,1.246,1.487,-1.218,0.497,0.211,-1.238,0.325,-0.782,-2.852,-1.635,-1.503,1.113,-0.752,-0.393,0.512,-0.218,-0.215,1.16,-0.277,1.234,0.684,1
-0.536,0.007,1.699,0.385,-0.324,-1.64,-1.618,-1.508,-1.743,-0.826,-0.555,-0.788,1.427,-1.321,0.737,-2.242,-2.933,-1.163,-0.511,-0.141,-0.792,-1.179,0.234,-0.02,1.421,0.571,0.667,-0.037,-0.644,-0.864,0
-1.482,0.395,-0.196,1.274,-0.35,0.884,0.599,0.852,-1.396,-0.863,-0.428,-1.061,-0.582,-0.161,-0.608,0.861,-0.436,-0.631,2.409,0.194,0.166,-0.08,-1.079,-0.131,-1.307,-0.284,1.048,-0.964,0.712,0.664,0
0.399,-0.608,-1.286,-0.115,0.123,-1.563,0.237,0.392,0.46,1.025,-0.213,-1.518,0.336,-0.18,0.768,0.231,-0.445,-2.859,0.62,1.163,-1.15,0.905,-0.134,0.636,-0.019,0.532,1.227,-0.541,-0.959,1.28,0
0.977,-0.688,-0.593,-1.467,-0.391,1.501,-0.928,1.358,-1.088,-0.337,1.2,0.215,1.09,1.715,0.029,-0.685,-0.618,2.352,1.3,-0.05,-1.247,-0.67,1.729,-0.816,0.119,0.075,-0.987,1.07,-0.735,2.891,1
-0.62,0.311,1.256,-1.294,-0.285,0.343,-1.075,-0.281,0.11,-0.922,-1.403,0.814,-1.282,-1.578,0.349,-1.219,-0.445,0.651,1.022,-0.865,0.019,-1.303,-0.184,-0.521,1.077,0.466,-0.383,0.556,-0.238,0.731,1
-3.09,-0.512,-0.802,2.055,-0.19,-0.102,-0.155,0.448,-1.207,0.442,0.216,-0.58,1.041,0.533,-0.99,0.841,-1.836,-0.427,0.605,-0.441,-0.042,-0.052,3.539,-0.674,-1.44,0.795,-0.032,0.145,0.802,-0.015,1
-0.417,-1.647,-0.777,0.04,0.115,0.757,-0.539,-0.599,1.269,0.425,0.151,0.843,-1.752,-2.872,1.363,-0.955,-0.108,-2.018,0.104,2.274,-0.739,-1.07,-1.774,0.571,-0.775,1.291,0.526,-0.11,-0.574,0.692,0
0.287,-0.295,-0.264,1.931,-0.229,-1.344,0.456,0.107,0.96,-1.567,1.254,-0.118,0.361,-0.618,0.288,0.761,0.335,0.958,-1.359,-0.185,-0.458,1.324,0.964,-0.709,0.603,0.134,-0.342,1.417,0.136,-1.486,1
0.083,-0.706,-1.426,-0.43,0.294,-0.293,-1.3,-0.126,2.125,-0.389,-0.804,-0.374,1.501,-0.544,0.326,-0.338,0.893,1.002,-0.423,-1.039,-2.038,-1.829,-1.312,-0.838,1.951,-0.338,0.49,0.999,0.333,0.087,0
-0.108,-1.691,1.129,-0.467,-0.977,1.465,0.374,-2.48,-1.287,-1.332,0.337,0.322,-1.323,0.449,0.054,-0.058,0.582,-0.274,-0.758,-0.989,0.675,0.819,-1.427,-0.45,1.017,0.136,-0.454,-0.698,0.118,-0.651,0
1.442,-0.556,-0.047,0.023,0.068,0.461,-0.727,-0.546,0.434,-0.715,0.997,1.157,-0.145,-1.019,-3.034,-0.566,-1.148,3.563,0.186,1.793,-0.187,-0.635,0.414,-1.0,-0.133,0.054,1.203,-1.231,-0.039,-0.815,0
0.075,-0.567,-1.008,-0.787,2.217,0.806,0.849,0.336,-1.19,-1.118,-0.07,1.984,-0.02,1.002,0.091,-0.808,-1.081,-0.277,0.299,0.807,-2.422,0.738,-0.944,-0.679,0.212,0.229,0.352,0.151,-0.276,0.03,1
1.765,0.264,1.53,0.622,-1.301,0.402,-0.856,1.003,-1.172,-1.162,-0.845,0.928,-1.84,0.817,1.009,-0.702,-1.23,0.635,-1.72,0.446,-0.183,0.383,-0.22,-0.304,1.182,0.333,1.273,0.069,1.268,0.102,1
-0.829,-0.444,-0.32,-1.294,-0.372,1.02,0.115,0.288,1.607,-0.754,0.996,0.813,-1.305,-0.582,-0.634,-1.284,-0.998,0.736,0.984,0.125,1.376,-2.382,-0.911,0.577,-1.561,-0.521,0.388,-2.454,-1.799,-2.366,1
-0.892,-0.877,0.949,0.211,-0.816,0.254,1.407,-0.21,-0.094,0.509,-0.119,-1.277,-0.833,1.752,-0.123,-0.169,1.138,-2.891,-0.014,0.556,-0.384,-0.273,-0.592,1.017,-0.254,-1.012,1.575,-0.626,-0.068,0.844,0
-1.142,-0.06,2.538,-0.698,-2.799,-1.317,-0.698,1.023,0.273,-0.937,0.373,0.938,0.438,-0.001,2.833,0.633,1.033,1.084,-0.687,-2.272,1.202,-0.725,1.599,0.511,-0.056,0.928,-2.346,0.028,0.567,-0.656,0
-1.529,-0.455,-1.184,0.987,-0.139,-0.809,-0.64,-0.292,-1.293,0.926,0.37,-1.425,-1.531,-0.097,-0.527,-0.003,-0.511,0.067,-1.211,-0.416,-0.909,-0.185,0.68,0.384,0.577,-0.086,0.212,0.047,0.592,-0.205,0
0.675,-0.303,-0.433,0.253,2.151,0.33,0.318,-0.336,0.843,-0.197,0.156,2.638,-0.632,-0.367,0.494,1.042,-1.055,0.117,1.143,-0.46,-0.166,-0.582,-0.612,-0.121,1.336,-1.292,1.689,-2.465,-0.981,0.499,1
1.075,-1.332,-0.494,0.431,-0.868,0.232,0.821,-0.83,0.817,-1.068,-0.816,-1.979,-1.344,-1.894,0.541,0.122,1.119,0.889,-2.348,-0.496,1.132,0.073,1.093,0.4,0.195,-0.052,-0.261,-0.045,0.405,-0.79,1
-2.069,-0.74,0.976,1.985,-0.538,0.218,1.066,-0.149,0.842,0.016,0.846,-1.432,0.257,-1.375,0.355,0.992,-2.02,0.846,-0.893,-0.779,-1.827,0.057,0.11,0.232,-0.481,-1.335,0.194,-0.169,-0.527,1.079,0
-0.366,-0.277,-0.435,0.949,0.309,0.21,-0.032,-2.112,1.607,0.333,-1.239,0.513,1.331,-1.985,0.628,-2.556,-0.624,0.962,-1.24,-0.954,0.308,-2.272,0.252,0.974,2.036,-1.7,-0.133,-1.145,0.208,0.484,1
0.147,0.017,-0.406,1.044,-0.244,-0.67,-1.389,-0.894,-0.291,-0.752,-1.023,1.233,0.269,-0.342,-1.395,-1.386,0.679,-0.185,-0.657,-0.648,1.073,-0.352,-0.085,-0.36,-0.872,-0.975,-0.897,0.929,0.673,-0.696,1
0.909,-0.001,-1.307,-0.185,-0.794,1.077,0.08,0.099,0.031,-0.706,-0.526,0.255,-0.732,0.581,-0.258,-0.29,-1.182,-0.325,2.152,0.207,-1.18,-0.708,-0.001,-0.504,-0.028,-0.402,-0.647,-0.045,-0.144,-0.032,1
-0.008,0.051,0.837,-0.539,-0.243,1.011,0.27,-0.189,-0.117,1.539,-0.622,-0.448,-0.876,-0.299,-0.923,0.198,-0.74,0.186,1.152,-1.277,-0.287,0.942,-0.409,1.893,1.294,2.078,-2.281,0.309,-0.615,1.369,1
-0.151,1.092,1.329,-0.865,-0.321,0.125,0.383,0.556,-0.284,-2.009,0.199,0.259,-0.919,-0.417,1.353,-1.306,-0.795,0.867,0.158,-1.092,-0.477,-0.087,-0.008,0.851,-0.392,-0.979,-1.541,-1.492,3.065,1.873,1
-0.238,-0.399,0.457,-1.915,0.253,1.177,1.008,-0.257,0.75,0.677,-0.923,0.429,-1.927,0.987,-0.582,-1.07,-0.433,-2.086,-1.167,-0.796,-0.249,1.77,0.135,-1.798,-0.599,0.802,-1.171,0.296,0.341,0.345,0
-0.891,-1.433,0.036,0.94,-0.348,0.799,-0.446,-1.529,-1.247,-0.563,0.905,-0.469,0.157,-0.412,0.777,-0.2,-0.76,0.967,0.03,-2.205,0.777,0.002,-1.447,0.22,1.445,2.221,-0.094,0.509,-0.525,2.714,1
-1.153,1.349,-0.896,0.689,-0.839,-0.272,-0.803,1.638,-1.269,0.455,1.47,-1.071,-0.463,0.589,0.852,0.962,1.277,1.612,2.408,-0.315,0.353,-0.232,0.844,0.092,0.353,0.664,-0.363,-1.907,-0.118,0.368,0
0.092,-0.61,0.135,0.522,-0.928,-0.455,-0.644,-1.268,0.349,1.043,-0.532,2.586,-0.402,-0.604,0.006,0.514,0.499,0.486,-0.049,-0.797,0.226,-0.653,-0.593,-1.991,0.54,-0.191,2.399,0.303,1.342,-0.651,1
-0.242,0.505,-1.124,0.66,-1.598,0.828,-1.017,-1.003,1.103,-0.161,-0.031,0.881,-1.092,0.251,0.524,0.676,0.434,1.133,0.401,-2.01,-1.452,-0.56,0.046,0.073,-0.487,0.257,0.335,-0.171,-1.472,0.669,1
0.805,-0.008,1.346,1.009,-1.4,1.133,-0.916,-1.232,-0.437,-1.965,0.643,-1.064,1.106,-0.244,0.923,0.282,0.873,-0.894,-0.043,-0.971,1.123,-0.587,-0.075,-0.344,0.623,0.835,0.533,1.067,1.401,-1.693,1
-0.627,-0.471,1.581,-0.122,-2.683,-0.42,0.611,0.072,0.341,-0.191,-0.375,0.951,1.03,-1.829,-0.847,-0.948,-0.417,-1.961,0.533,-0.153,0.818,0.16,-0.043,0.146,2.44,-0.449,-0.182,-1.125,-1.673,0.72,1
1.364,1.205,1.788,1.288,0.873,-2.125,-0.099,0.462,-0.528,1.299,1.712,0.805,0.616,-0.509,-0.557,-0.677,0.818,-0.308,-1.538,0.863,1.3,-0.325,-0.428,0.795,-1.68,1.045,0.95,-0.773,-0.019,-0.517,0
-0.371,0.455,-0.489,0.411,-0.613,-0.986,2.27,0.824,0.591,-0.79,-0.675,-0.451,1.012,-0.102,1.385,-0.014,-0.071,0.103,1.436,-0.456,-0.521,-0.997,-0.087,1.211,-1.737,-0.634,0.585,-0.61,-0.757,0.559,1
-0.011,2.305,-1.275,-1.192,1.239,0.836,0.007,0.148,0.902,-1.176,0.31,-1.076,0.234,1.233,-0.641,-0.404,-0.265,-0.812,-0.045,-1.266,-0.963,-0.824,2.435,-1.323,-0.231,-0.909,1.895,-1.731,-1.212,0.638,0
0.515,0.477,0.386,0.371,1.228,0.345,-0.334,-0.526,-0.008,0.89,0.723,-0.988,-0.457,0.225,0.49,1.015,1.74,0.267,1.368,0.547,-1.074,-1.747,0.556,1.959,-0.067,0.026,-2.011,0.413,-0.336,-2.491,0
-0.375,-0.487,-1.019,0.119,0.923,-2.218,-0.066,-1.129,0.001,-1.146,0.173,-0.765,1.643,-1.498,-0.306,0.18,-0.401,-1.554,-1.832,0.205,-0.183,-0.138,0.269,-0.746,0.05,2.478,0.468,-0.173,-0.224,-0.626,0
-0.721,-0.951,-0.286,0.47,0.776,1.057,1.074,-0.537,1.592,-0.889,-0.22,-0.632,-0.238,0.3,1.313,-0.727,1.218,0.596,-1.127,-0.793,0.195,-0.213,-2.417,-1.607,-0.077,-0.027,0.879,-0.625,0.32,-0.309,0
0.385,-0.343,2.23,0.702,0.879,1.335,-1.433,1.814,2.412,-0.189,1.227,1.654,0.629,-1.283,-0.269,1.199,1.335,-0.448,-1.104,-0.716,-0.121,-0.833,0.033,-0.358,0.615,-0.294,0.575,1.094,0.344,0.939,0
0.586,-0.351,0.114,0.142,-0.377,-0.936,0.643,-0.594,1.566,0.186,0.684,0.002,0.435,0.518,-0.945,0.412,-0.076,-0.216,0.256,0.242,-0.484,-0.745,-1.07,1.494,1.231,0.331,-0.099,1.609,-1.111,-1.894,0
-0.149,-0.957,-1.07,-0.476,0.075,0.617,-0.272,-0.509,-0.317,-0.742,0.671,0.838,0.386,1.051,-2.189,-1.949,-0.785,1.179,0.791,1.961,1.311,-1.654,0.221,0.939,0.09,0.524,-0.539,0.103,-1.509,0.109,0
0.061,-0.829,0.769,0.179,0.021,1.048,0.37,-0.51,-0.186,-0.281,1.509,-1.28,0.124,-0.968,0.388,-0.177,-0.125,0.659,-0.562,0.425,0.52,0.906,-1.917,0.574,-0.429,2.097,0.752,-1.585,-1.642,-0.009,0
-1.939,-0.296,0.472,0.157,0.549,-0.426,-0.842,-0.165,-2.136,2.552,0.085,-0.045,2.467,0.963,-0.41,-1.063,2.496,-1.831,1.051,-0.999,-0.025,0.817,0.233,1.577,-0.182,1.197,-0.324,-0.167,-1.017,0.038,1
-0.976,1.294,-0.025,-0.971,1.856,0.622,-0.952,-0.681,0.162,-0.924,-0.294,0.559,0.558,0.644,-1.893,1.272,-1.269,1.153,0.052,-1.146,0.122,-1.887,0.274,1.743,-0.859,-0.264,0.003,1.671,1.166,-0.847,1
-0.512,-0.474,0.317,-1.841,0.745,1.57,-0.117,0.89,-1.729,-0.958,-1.423,-1.823,0.886,0.135,-0.591,-0.841,-0.396,0.578,-0.207,1.12,0.605,0.631,-0.243,1.487,-1.109,0.187,-0.609,-1.921,1.191,1.328,1
-1.291,-0.44,-0.403,0.574,-1.307,0.941,-1.329,-0.054,1.727,-0.086,-0.316,1.961,-0.466,-1.997,2.174,0.165,0.959,0.438,0.455,2.461,-0.025,-0.911,-0.231,2.026,0.43,0.295,0.014,-0.502,-0.592,0.879,1
-0.771,0.679,1.005,0.582,1.867,0.26,0.805,-0.097,-0.037,0.559,0.493,-0.294,-1.382,-0.809,0.597,2.252,-0.184,-1.416,-1.679,-1.0,-1.732,-0.104,0.769,0.212,-0.472,-1.855,0.438,0.392,0.399,-0.673,0
0.659,0.472,0.158,1.34,-1.013,-0.762,-1.088,-1.576,-0.423,0.04,-1.713,1.715,-0.919,-0.193,0.502,-1.28,-0.849,1.172,-0.631,-0.081,0.102,0.204,0.466,1.138,-0.236,-2.115,-0.469,1.839,-0.237,-1.011,1
0.67,0.696,0.336,-1.311,-1.113,0.408,-0.307,0.203,0.812,-0.119,-0.371,0.033,0.665,-1.495,-0.653,-0.521,-0.736,1.25,-1.144,0.504,1.342,-2.078,0.443,-0.329,0.533,-0.412,0.345,-0.127,0.228,1.291,0
-0.538,-0.011,-0.245,0.228,2.157,-0.984,-1.584,-0.87,-0.018,-0.858,1.373,-0.954,-2.688,-0.945,0.997,-0.2,0.354,-1.062,-0.839,-0.758,1.553,1.102,0.74,-0.013,-1.872,1.725,0.295,1.376,-0.072,0.165,1
0.069,-0.9,1.106,0.356,0.884,-0.199,0.941,-0.441,0.223,-0.335,-2.082,-0.43,-0.794,0.933,1.084,-0.54,1.084,0.159,-0.202,-0.998,-1.513,-0.385,-0.287,0.194,-0.593,0.321,-1.201,0.485,0.756,0.181,1
0.468,0.248,0.379,-1.696,0.781,-1.203,0.885,0.756,-0.259,0.235,0.198,-0.547,-0.262,1.229,1.6,1.27,2.715,-0.878,-1.935,0.247,1.02,0.387,0.513,-0.955,-0.523,-0.586,-0.002,0.017,0.371,-0.771,0
1.307,-0.682,-0.146,0.085,-0.599,1.222,-1.458,0.725,-0.34,-0.228,0.04,0.5,0.567,-1.524,0.887,-0.171,1.022,0.797,0.664,1.473,0.724,0.322,0.091,-1.075,0.453,0.514,0.945,-0.467,0.337,0.658,0
-2.012,0.606,0.535,-0.821,-0.562,-0.751,-0.802,-1.233,-0.577,0.745,-1.058,0.41,-0.222,0.537,0.554,0.118,1.144,-0.439,0.51,-1.19,0.626,-1.816,-0.383,0.699,-0.216,0.177,-0.779,0.874,-0.028,0.458,1
0.524,0.278,3.122,1.631,-0.245,-1.899,-0.044,1.072,0.942,1.07,1.181,0.048,-0.112,-1.455,1.212,1.049,-0.136,-0.405,-0.449,1.252,-0.019,0.522,-0.903,2.115,-0.062,-1.256,0.801,2.512,1.2,-0.649,1
-0.498,-0.844,1.733,-0.857,-0.407,-0.72,1.28,-1.063,0.174,0.571,0.303,0.144,1.808,-0.795,-0.547,-0.154,-0.306,-1.119,1.999,-0.254,0.434,0.589,-0.69,-0.645,0.784,-0.982,0.273,0.244,-1.044,-1.255,1
-0.495,-0.49,-1.585,0.075,-0.977,-0.786,0.276,-1.699,0.319,-0.389,0.743,-0.052,-0.768,-0.834,0.94,0.45,0.975,0.765,2.166,-2.691,-0.928,-0.72,-2.019,-2.161,-0.343,-0.714,-1.114,0.266,1.59,1.163,0
1.259,-0.449,1.253,-0.579,-0.255,-2.149,-0.927,1.178,0.239,0.885,-0.13,-0.501,0.316,-1.988,0.567,0.608,0.07,-1.049,-0.752,0.406,0.24,1.033,0.867,0.728,-1.08,0.079,-2.066,-0.817,0.74,-0.623,1
1.484,-1.212,0.485,0.635,0.547,-0.475,1.081,-0.666,-0.604,0.292,2.786,-0.752,0.598,-0.083,-0.556,-0.94,0.586,-1.812,0.175,1.187,-1.738,0.426,-0.587,-0.206,-1.3,-0.581,0.923,0.359,0.559,1.794,0
-2.073,0.509,-0.953,-0.713,-0.126,0.318,1.914,-1.179,0.128,-0.164,0.143,0.355,0.033,-0.195,0.171,-0.868,-0.912,-2.631,0.933,0.792,0.191,1.507,1.125,1.118,0.86,-1.001,-0.845,-0.485,-0.395,-1.125,1
-0.623,-0.154,-0.978,-0.927,-0.139,2.042,-0.077,0.103,-0.169,-0.349,-0.229,-0.538,1.307,-0.711,0.169,-2.127,0.655,-1.629,-0.964,0.051,0.452,0.799,0.211,-1.098,1.707,0.164,0.143,0.168,-1.06,0.586,1
0.436,-0.374,-0.94,-0.405,-0.241,0.008,0.483,-0.044,-1.056,-0.512,0.462,0.417,2.567,1.523,1.176,-0.043,0.202,-1.908,0.415,1.457,0.123,0.171,1.632,-0.311,-0.33,0.13,1.929,0.036,0.393,1.077,0
-0.141,-0.5,-0.428,-0.624,-1.258,-1.365,-0.138,0.856,-0.296,-0.551,0.28,1.103,-1.211,0.724,-1.23,1.291,-1.273,-0.117,-1.517,-1.423,1.892,-0.527,0.041,1.115,-1.013,0.217,-0.352,-1.044,0.341,1.775,0
-0.863,0.45,-0.759,0.654,-0.517,1.471,-0.896,0.31,-0.693,0.464,-1.284,0.789,-0.749,0.335,-0.334,-0.063,-0.081,-0.166,1.786,-0.382,1.608,-0.503,0.26,-0.696,-0.104,-1.794,-0.495,0.569,0.233,-1.997,1
0.028,-1.302,-1.242,0.207,1.128,-0.189,-1.307,0.81,-0.031,-0.691,-1.863,0.37,-0.632,-1.64,0.655,-1.645,-1.89,-1.773,-0.248,0.071,1.619,0.648,-0.989,-0.198,-1.782,1.481,0.231,1.363,0.57,-0.255,0
1.305,0.962,-0.475,0.63,-0.713,-0.502,-1.167,0.43,-0.257,-1.322,0.886,-0.973,-0.357,-0.333,-0.303,0.267,0.455,1.802,-0.286,-0.111,1.118,1.536,0.042,-1.67,0.721,1.356,-0.64,1.321,0.21,-1.316,1
-0.498,0.488,0.306,0.137,0.477,0.812,-0.323,-0.069,-1.565,-1.849,-0.552,-0.266,-0.642,1.479,-0.166,-1.049,0.761,-0.154,0.548,-1.41,1.805,-1.821,0.121,-1.109,1.635,1.402,-1.056,0.796,-1.446,-1.503,1
-0.727,1.318,-0.942,0.182,0.715,-0.219,-0.659,-1.083,-0.558,-0.369,0.901,-0.919,0.546,-1.2,-2.191,-2.157,-1.241,-0.838,-0.438,-1.113,2.125,-0.479,-0.3,-0.146,0.142,-1.525,-0.033,-2.702,1.008,1.59,1
0.885,-0.22,0.302,-0.613,1.312,-0.476,-0.905,1.272,2.439,-0.37,0.113,0.348,-0.406,-1.178,-0.593,-0.993,0.123,0.064,0.247,-1.027,0.843,-0.309,-0.475,0.122,-0.658,0.004,-0.66,-0.49,0.348,0.201,0
-0.459,0.213,1.317,0.124,0.817,-0.453,0.565,-1.505,-0.305,0.236,0.22,-0.389,-1.424,1.468,-1.269,0.858,2.139,-1.729,0.563,-0.809,2.022,0.214,0.799,-1.778,0.97,-0.43,-0.109,-0.368,-0.909,-1.087,0
0.065,1.375,-0.659,1.938,-0.403,0.282,-1.321,-0.05,2.199,1.365,-0.728,-3.115,-0.225,-1.755,-0.076,0.479,-0.189,2.066,0.489,0.216,-1.18,0.42,0.959,0.103,-0.021,-1.223,1.256,-1.06,0.927,-0.228,0
-0.654,-1.424,-0.748,-0.858,1.26,-0.603,0.986,1.004,0.105,-1.861,-0.741,-0.151,-1.821,-0.494,-1.058,1.389,0.785,-0.885,0.743,-2.378,1.4,-0.689,-0.41,1.588,-1.168,2.814,-2.001,0.726,-0.92,1.173,0
-0.465,-2.293,-1.18,-1.708,0.775,-0.696,1.025,1.339,-0.111,1.008,0.548,-0.146,-0.186,-1.452,-0.092,-0.903,2.234,0.005,0.668,0.943,-0.213,-0.309,-1.171,0.87,0.34,0.455,-1.132,0.208,-2.179,1.536,0
-0.325,1.742,1.537,1.309,-1.35,0.423,-1.394,-0.114,0.071,1.269,0.152,0.183,1.376,0.366,0.696,-0.536,-0.469,1.063,0.73,1.387,0.753,-0.552,0.051,-2.454,-1.002,-0.683,1.9,-0.396,-1.167,0.274,0
0.189,0.418,0.181,1.29,1.901,-1.705,1.569,0.05,0.177,1.398,0.348,0.536,-0.902,0.408,0.481,-0.955,-0.378,0.79,0.576,0.698,-0.445,-0.144,0.332,-0.136,-0.031,2.901,0.815,0.09,0.682,-0.677,1
-0.065,0.819,0.051,0.555,0.262,-0.019,0.581,1.412,-0.616,0.396,-0.099,-0.592,0.109,1.387,0.007,1.867,-0.03,1.729,-0.199,0.945,-0.632,-0.294,1.436,-0.065,0.075,1.604,-0.032,1.932,-0.47,0.309,0
-1.271,-0.631,0.518,0.391,1.0,-0.799,1.214,-0.446,0.247,1.714,-0.069,0.15,0.667,1.06,-0.003,0.24,-0.597,0.182,-0.078,-0.111,-0.077,-0.708,1.242,0.632,-0.451,0.17,0.845,-0.715,-0.145,0.765,0
1.335,-0.154,0.327,-0.636,0.111,-0.676,0.603,-0.578,-0.594,0.999,-0.56,2.322,0.601,-1.362,-0.362,1.344,-1.0,-0.571,0.122,1.111,-0.03,-2.287,1.047,1.336,-1.302,-1.151,0.415,0.286,-0.358,0.415,0
1.754,-0.907,0.213,-0.103,3.432,1.244,0.632,-0.11,-0.706,0.417,-1.104,0.071,1.464,0.042,-0.46,-0.066,-0.265,0.162,0.014,0.342,1.168,-0.631,0.457,0.401,-1.597,-0.322,-1.043,0.688,-0.603,-1.029,1
0.362,-1.523,0.793,0.939,-1.432,0.147,0.668,0.168,-0.921,-0.546,-1.698,0.134,1.928,0.818,-0.674,-1.014,0.876,0.226,0.35,0.638,0.725,-0.861,-0.902,-1.732,0.418,0.66,-0.397,-1.002,0.796,-0.806,1
-0.486,-0.71,0.268,-0.08,-1.131,0.178,0.045,0.822,-0.184,0.146,1.571,0.251,-0.234,2.217,1.441,-0.253,1.335,0.002,-0.963,1.2,-1.799,-0.305,-0.902,-1.176,0.256,-0.445,-1.5,0.752,-0.605,-1.825,0
0.447,1.848,-0.407,-0.875,2.66,1.254,0.006,-0.521,-0.116,1.533,1.091,1.588,0.428,0.476,-0.958,-0.286,-0.31,-1.232,-2.114,0.315,0.006,-1.877,0.555,-0.401,0.262,-0.69,0.646,0.681,0.076,-2.035,0
0.432,1.129,-1.721,0.438,0.608,2.545,1.218,-0.771,-0.389,0.207,0.797,0.326,0.192,0.065,0.322,-1.02,-1.16,-0.256,0.327,-0.405,0.761,2.196,1.435,-1.713,1.12,-1.536,-0.5,-0.522,1.41,0.215,0
-1.844,1.028,-0.088,0.349,-0.652,-1.334,-2.375,-1.673,-0.195,0.395,0.58,1.36,-0.47,0.106,-1.36,-0.336,-0.617,1.516,-1.597,2.178,-1.201,1.091,1.014,-1.179,-0.682,0.322,1.233,-0.636,-1.341,1.253,0
1.301,-0.069,-0.469,1.748,-0.669,2.296,1.27,-0.394,-0.915,-2.011,0.002,0.965,0.334,0.681,-1.652,0.767,-1.107,-0.89,-0.779,-0.86,0.408,-2.088,0.825,-0.316,0.359,0.154,-0.036,-0.924,1.997,1.976,0
-1.003,-2.009,-1.116,-0.85,0.545,-0.437,1.627,0.011,-0.248,0.31,-0.369,0.07,-1.056,0.163,-1.277,0.937,-0.915,2.058,-0.525,-1.041,0.074,0.843,-0.157,-0.84,0.96,0.533,-0.209,0.466,-0.008,-0.424,1
0.287,-1.917,0.527,0.84,2.88,0.393,0.545,0.31,-0.161,-0.609,0.213,-1.973,2.14,-1.132,0.233,0.767,-0.98,0.706,1.484,-1.576,-0.469,-1.025,1.895,1.335,0.04,-1.29,0.233,-1.456,-0.447,0.613,1
1.273,1.201,1.461,0.334,0.475,0.274,1.254,-1.416,-0.254,0.192,-0.441,0.689,1.435,0.525,0.478,1.582,-1.759,1.915,-0.69,0.64,1.312,-0.827,0.238,-0.363,0.492,0.524,-0.315,1.058,-2.567,2.549,1
0.711,1.41,-1.771,-1.176,1.2,0.516,-2.446,-0.311,0.208,-1.041,-0.503,-0.634,1.857,0.673,-1.947,-1.946,0.392,0.196,-1.072,-1.292,-0.442,-1.89,1.159,-0.689,-0.438,1.223,1.934,0.201,0.205,-0.967,1
-0.205,0.349,1.136,1.141,0.299,0.191,-1.129,0.461,1.055,0.836,-0.831,1.57,-0.321,-1.277,0.191,-0.108,0.108,-1.542,1.456,0.629,1.562,-1.072,1.537,-0.162,-0.829,0.66,-0.633,-0.501,-0.792,0.602,0
0.678,0.678,-0.088,0.278,0.18,-1.22,-1.547,0.738,0.162,-0.181,-0.612,1.674,1.047,1.08,0.073,-0.202,-0.186,0.094,0.529,0.555,0.04,0.04,-0.349,0.46,0.629,-0.993,-0.377,0.165,-1.459,-0.301,0
0.295,0.709,-0.407,0.13,-0.421,-1.288,1.089,-1.183,0.074,-1.14,-1.247,1.089,-0.096,1.262,1.937,-1.394,-0.394,0.134,1.645,0.193,0.831,-0.049,-0.901,-1.299,-0.729,0.487,-1.393,-0.027,-1.123,0.22,1
0.786,-0.483,-1.498,0.068,1.202,1.062,0.802,2.504,0.774,0.396,1.575,-0.087,-0.874,-1.146,0.152,-1.639,0.095,-0.01,0.606,-0.87,-1.053,-1.731,0.795,0.158,-1.173,1.526,-0.309,0.669,1.991,0.592,0
-0.778,0.127,-0.709,0.284,-0.097,-1.063,1.289,-1.432,0.226,0.57,-0.076,-1.09,-0.149,-0.519,-0.13,-0.615,0.574,1.909,-0.935,-0.914,-0.45,1.093,-1.924,-0.038,0.723,0.114,-1.1,-1.337,-1.675,1.284,1
-0.59,1.242,-1.225,1.572,-1.925,-1.065,0.099,0.583,0.373,0.074,-1.421,2.436,0.715,0.542,-1.148,-1.685,0.243,-1.587,-1.013,-1.501,-1.771,1.442,0.473,-0.047,0.818,0.641,-1.183,-1.169,0.076,1.099,0
0.456,0.76,1.026,0.097,-1.234,-0.361,-1.089,-0.331,0.268,0.338,-1.376,-0.478,0.666,0.748,-0.381,0.379,-0.17,-1.393,-0.154,-1.446,1.586,0.912,0.385,-1.916,0.975,-2.176,0.693,0.756,0.561,-0.095,1
0.595,1.855,-0.084,-1.232,0.716,0.113,0.143,-0.858,0.523,1.295,-1.13,0.373,-0.289,-0.473,0.16,0.236,0.657,2.071,-0.793,-0.16,-2.593,-0.452,-0.673,0.222,-1.863,-0.625,-1.263,-0.916,0.575,1.799,1
-1.912,0.906,1.098,0.88,-0.513,-1.754,1.103,-1.295,0.617,1.475,0.076,0.159,-0.126,-1.287,1.915,0.252,-0.436,0.07,0.472,0.235,0.615,-0.249,0.523,-0.059,1.064,0.028,-0.774,0.376,0.428,-0.356,1
0.404,-0.496,-0.374,-0.482,-1.898,-0.514,1.083,-0.824,2.402,-0.688,0.194,-1.132,-0.651,-0.191,0.345,-1.102,1.344,-0.082,-0.049,-1.424,2.057,-0.507,0.203,1.329,-1.318,1.512,-1.271,0.706,0.114,0.032,1
0.4,1.59,-0.36,-1.244,0.404,-0.276,-0.595,0.873,-2.458,-0.916,0.578,0.792,0.478,0.183,-1.566,0.291,-0.469,-0.674,1.246,-0.101,0.857,-0.738,-1.425,-1.234,-0.32,1.187,0.878,-0.799,1.311,-0.408,0
1.21,0.121,-1.143,0.001,0.414,0.251,-0.441,-0.42,0.06,-0.154,0.693,-0.391,-1.286,0.315,-1.387,0.456,0.047,0.049,1.672,1.074,-0.994,0.537,1.355,-1.636,0.134,0.849,0.476,0.027,0.531,0.672,0
-1.104,-0.168,1.535,0.886,-2.34,-0.645,1.323,1.525,1.205,0.378,-1.044,0.87,0.095,-0.529,0.21,-0.187,2.276,-0.884,-0.332,-0.863,-1.815,-1.276,1.13,-0.41,1.464,-1.662,-0.199,2.523,1.194,0.24,0
-0.176,-1.851,0.382,-1.31,0.833,0.746,0.475,0.065,1.638,1.846,-1.123,0.14,0.717,-1.552,0.125,-0.871,0.965,-1.257,0.214,0.355,1.335,0.375,-0.772,0.241,-2.418,-0.227,-0.356,-0.41,-0.534,0.407,0
0.4,0.553,1.843,-1.349,0.286,-0.285,-0.168,-0.073,-1.611,-0.907,-0.139,1.335,-1.418,0.51,1.703,0.991,-0.068,-0.878,0.176,0.758,0.288,-0.599,0.387,0.502,-0.453,-0.431,0.402,-0.564,-0.242,-0.736,0
0.962,0.405,0.642,0.49,-0.565,-0.61,-1.257,0.064,1.187,1.527,0.46,2.377,-0.654,-0.931,0.563,0.506,0.244,-2.023,-1.248,1.655,-0.47,-1.464,-1.702,-0.241,1.705,0.096,-2.134,1.486,0.241,-1.593,1
-0.291,-1.668,-1.0,-0.1,-0.232,0.488,-0.155,1.144,0.586,1.806,0.133,1.134,0.658,0.411,0.262,-0.098,0.158,0.049,1.782,-0.567,0.18,0.13,0.003,-0.988,-0.338,-0.743,-0.985,0.298,0.507,-0.234,0
-0.581,0.497,1.146,-1.044,1.166,1.939,-1.334,-1.091,0.446,0.57,-1.067,-1.206,-1.021,-1.355,0.521,2.184,0.367,0.739,2.337,0.592,0.563,1.216,0.275,0.16,-0.862,0.276,1.415,-0.467,-0.088,-0.359,0
-0.166,-1.21,-1.523,1.289,-0.261,0.53,0.748,0.64,-0.144,-0.003,0.793,-0.874,0.444,-0.128,-0.309,0.21,-0.51,-0.165,0.184,-0.22,0.229,0.541,0.172,0.861,1.408,-1.291,-1.546,0.114,0.109,1.14,0
0.478,0.594,2.012,0.959,-0.526,2.181,0.236,-0.944,1.327,-0.149,-1.459,-1.638,1.81,1.532,0.765,1.126,-1.329,-0.829,1.461,2.207,0.181,-0.015,0.939,-1.686,1.49,0.654,1.476,0.201,-1.157,1.199,1
2.262,0.355,-0.558,-0.735,-0.931,1.545,-1.442,0.259,-0.267,-1.155,-0.125,0.891,0.269,-0.329,-0.006,1.369,-1.566,0.863,-1.386,-0.616,-0.643,0.435,0.077,0.175,-1.129,-1.583,-1.787,0.183,1.302,1.106,0
0.704,-0.324,0.515,-0.314,-1.1,0.496,-1.266,-0.048,1.322,-0.105,0.963,-1.447,0.989,0.52,-1.107,-1.03,-0.9,-0.042,-0.711,0.44,0.648,1.16,0.844,-0.153,-0.866,0.862,-0.083,-1.762,-1.997,-0.395,0
-0.034,0.757,0.007,0.507,1.362,0.475,-0.128,1.542,0.247,0.589,0.622,-1.037,-0.105,0.038,0.356,0.148,1.172,-0.722,-0.556,-0.894,-2.669,1.932,0.368,2.318,0.235,-1.787,0.895,0.003,-0.038,0.364,0
1.433,-0.321,0.112,0.081,-0.153,-1.396,0.685,-1.309,0.564,-1.095,-0.178,0.804,0.234,-0.749,1.265,-0.266,-0.375,-0.059,1.154,0.594,-0.97,-0.834,0.792,-0.29,0.109,-1.315,-0.262,-1.218,-0.942,-0.323,1
1.472,-0.054,-1.618,-0.449,-0.182,1.224,0.936,-0.408,2.198,-0.894,-0.69,0.082,0.199,-1.872,0.292,-0.53,-1.733,1.276,0.152,0.199,0.216,0.448,-1.241,-1.318,1.134,-0.4,-0.268,0.725,0.414,-0.108,0
-0.754,-0.639,0.257,-0.001,-0.616,-0.618,0.459,-2.446,-1.882,1.248,-0.705,0.21,-0.86,-0.495,-0.21,-0.447,-0.187,0.673,1.863,-0.822,0.351,0.455,-0.565,0.683,-1.164,1.062,-0.325,0.414,0.406,0.748,1
0.943,-0.466,0.355,0.889,0.065,-0.595,2.482,0.396,0.924,-0.012,1.171,1.048,-1.161,0.466,0.03,0.882,2.205,1.157,-1.642,0.466,0.391,-0.846,-1.225,-0.377,3.094,0.308,-0.97,0.854,0.707,-0.396,1
-0.55,-0.398,0.274,-1.245,-0.15,-1.573,-0.11,-0.806,-0.13,-0.363,1.011,-0.922,1.545,-1.156,-0.528,0.102,0.085,1.268,0.393,-0.181,-0.108,0.297,0.822,1.075,0.751,0.04,0.471,1.855,-0.124,-0.075,0
-2.027,-0.122,1.169,-1.807,-1.561,-1.126,0.795,-1.811,-1.889,-0.137,-0.218,-0.484,0.05,0.312,1.18,0.833,0.793,-0.95,0.403,0.665,-1.609,0.288,0.368,1.791,-0.21,1.371,1.227,-1.686,0.153,-0.501,1
-0.76,0.195,-0.831,0.484,0.65,0.127,0.936,1.444,-1.111,0.792,1.003,-0.678,1.514,0.725,-1.199,0.742,1.496,-0.075,-0.756,0.171,-0.91,-1.009,-1.956,-0.704,1.865,0.151,-0.234,-0.011,-0.519,-0.235,0
-0.781,1.424,0.706,0.14,0.771,-0.918,0.029,-0.041,-0.66,-0.032,1.097,-0.091,1.011,-0.98,-0.282,-0.452,-0.286,-0.237,-1.023,0.789,0.599,-1.176,0.699,-1.553,-0.638,1.331,-0.472,0.98,-1.836,-1.778,0
0.127,-1.051,-0.042,-1.555,0.433,-0.8,0.757,-0.984,-0.135,-0.084,1.456,1.183,-0.515,1.823,1.222,1.066,1.15,1.205,0.371,-0.546,0.598,-2.113,0.159,-0.432,-0.358,-1.531,-0.873,-0.496,0.717,0.572,1
-1.754,0.94,-0.285,1.701,1.456,1.804,-1.484,0.922,0.765,-0.199,-0.893,-0.341,-0.361,-1.863,0.02,-0.495,-0.553,0.229,-0.258,0.686,0.083,0.635,-1.684,-1.328,-0.249,-0.862,0.081,-2.164,0.17,-0.838,0
0.326,1.954,0.085,-1.433,0.354,0.951,0.016,0.514,-0.074,0.297,1.5,0.758,-0.428,0.203,-0.985,-0.102,1.157,-1.074,-0.895,0.851,-1.531,0.84,0.448,-0.113,0.846,0.73,-0.778,0.311,0.462,-0.989,0
-1.105,0.22,-0.409,1.767,0.896,0.959,-0.385,0.956,-1.558,-0.867,0.163,0.084,0.222,-0.086,-1.487,-1.317,0.266,-1.903,1.548,0.562,-1.607,-0.192,0.269,-0.722,-0.464,0.072,0.038,-1.385,0.011,0.284,1
-1.1,1.646,-0.225,0.545,1.917,-1.086,1.958,0.435,0.36,-0.549,0.16,-0.302,-1.611,-2.698,2.13,1.067,0.418,-0.901,0.514,0.807,-1.041,1.763,-0.155,0.251,0.994,-1.314,0.728,-1.215,-0.72,0.644,1
-0.491,-0.95,0.402,-1.943,-0.859,-0.48,-1.678,-0.593,-0.259,-1.065,-0.458,1.894,-0.618,-0.637,0.408,0.707,-0.939,-0.119,-0.947,-0.519,-0.694,0.52,-1.236,1.283,-1.395,0.581,0.324,1.032,-0.535,-1.722,1
-0.261,-0.774,1.176,-0.667,-1.259,-0.589,-0.702,-1.818,-1.135,1.595,-2.229,1.34,-1.178,-1.004,-0.648,0.346,0.74,1.091,-0.857,1.548,0.397,-0.592,-1.035,0.447,2.342,0.21,-0.441,0.937,1.95,-0.864,0
-1.247,0.348,-1.618,0.762,0.626,0.59,-0.357,1.003,0.201,1.211,-0.094,-0.956,-0.362,0.421,-1.389,-0.17,-0.318,-0.857,-0.034,-0.423,1.463,1.394,2.554,1.424,0.208,-0.841,-0.15,0.484,2.187,1.415,0
-0.956,-0.072,-0.557,0.518,0.068,-0.755,-0.177,-0.393,0.799,-0.189,-1.338,0.045,-1.628,0.928,0.058,-0.154,1.043,-1.199,-0.112,0.039,0.078,-1.256,0.317,-0.228,-0.187,1.292,2.04,0.714,-0.737,0.378,1
1.157,0.606,1.834,-0.56,-0.159,0.457,0.118,-1.403,-0.17,0.268,-2.418,-0.113,0.34,0.394,0.071,-1.357,-1.117,0.717,-0.428,-0.061,1.34,0.947,-0.78,-0.613,-0.248,-0.12,-1.002,-1.268,1.205,0.375,0
0.81,2.039,-1.709,-3.09,0.534,1.253,0.671,0.527,-0.255,0.264,0.173,-0.732,0.664,1.215,-1.02,-0.689,-0.289,1.344,0.121,0.525,-1.022,0.197,-1.204,-0.639,-0.632,-0.086,-0.853,1.716,0.921,-0.446,1
-0.249,-0.313,0.228,-0.401,-1.378,-2.25,-2.104,-1.33,-0.615,0.621,0.952,0.951,-0.063,-0.57,0.124,0.614,-1.261,-1.575,-1.691,-1.203,-1.118,0.035,-0.252,1.823,-0.665,1.66,0.73,0.737,-0.077,0.049,0
0.217,-0.517,-1.511,-0.292,0.531,0.804,-0.971,1.005,1.238,0.794,1.047,1.888,1.006,-0.751,1.216,0.077,-1.09,0.628,1.627,-0.365,-0.079,1.32,-0.991,-1.515,-0.487,1.051,-0.821,-0.877,-0.371,-0.852,0
-0.007,0.476,-1.529,-0.004,0.702,-1.016,0.131,-1.099,-0.608,-1.238,0.403,0.075,1.029,0.539,0.113,-0.421,-0.549,-0.524,-1.483,-1.151,0.059,-0.724,-0.298,0.027,-1.019,-1.74,0.761,-0.395,0.145,-0.624,1
-0.758,0.447,1.324,-0.119,0.482,-0.192,-1.066,0.682,-0.409,-1.597,-0.033,-0.582,-1.099,0.795,-1.982,-1.185,0.262,0.236,0.297,0.793,-1.622,-1.379,1.511,0.043,1.719,-1.379,-1.565,0.657,0.324,0.74,0
-0.83,0.869,0.708,-0.58,-1.407,-1.237,0.508,-0.661,-1.075,-0.423,-0.5,-0.067,1.684,-1.477,0.663,-0.81,0.022,1.154,0.591,-0.16,1.004,0.018,0.499,0.861,0.14,-0.759,0.696,1.674,1.72,-1.383,1
-0.734,-0.694,-0.211,-1.32,-0.705,1.063,1.4,-0.843,0.303,-0.852,2.158,0.493,-0.281,0.343,-1.486,-1.726,1.29,0.568,1.248,0.205,-0.667,1.445,0.75,-0.401,1.634,-0.407,-0.194,-0.934,-0.536,-0.595,0
0.104,-2.039,0.092,0.381,1.401,1.276,-0.891,2.207,0.357,0.267,1.142,0.551,0.471,-0.664,0.022,-0.402,1.21,1.08,0.308,1.896,-0.561,-0.749,1.035,-0.271,-0.018,1.422,-0.584,-0.14,-0.452,-0.036,0
0.475,0.33,0.594,0.646,0.523,1.994,1.955,0.757,-0.823,2.854,2.527,0.837,-0.157,-0.707,0.402,-0.032,-1.558,-0.06,-0.123,-0.005,-0.116,0.445,2.472,-0.511,-1.256,-0.285,-1.247,-0.201,-1.448,-0.206,0
-0.347,-0.197,-0.152,-1.634,0.154,1.679,-0.202,0.599,-0.807,-0.444,1.435,-0.831,1.188,-1.05,0.516,1.47,2.073,1.804,1.114,-1.632,0.326,1.409,-2.208,-1.153,1.924,-1.425,0.643,2.078,2.489,0.959,0
1.293,-0.907,-2.666,0.616,0.495,-0.032,-1.133,-2.365,1.675,0.219,-0.411,1.715,-0.237,-0.627,0.448,1.113,0.857,-2.401,-0.259,-0.835,1.114,-1.0,0.73,1.534,0.991,0.692,0.765,0.722,-1.381,0.812,1
-0.448,1.122,-0.63,-0.721,-0.775,-0.162,-1.295,1.708,-1.36,0.197,0.724,0.565,-0.097,-0.145,0.364,-0.076,-0.87,1.417,0.97,1.113,-0.413,0.217,-0.518,0.118,0.401,0.812,-0.007,1.025,0.164,-1.096,1
-2.045,-1.794,-0.617,-1.143,1.24,0.07,-0.081,-0.061,-0.282,-1.754,0.036,-2.409,-1.815,-0.331,-1.108,-0.154,-0.05,0.434,-0.311,0.739,-1.817,-0.032,1.133,0.499,1.218,-0.08,0.078,-1.437,0.772,0.03,0
-1.094,-0.201,-0.056,-0.528,-0.293,0.219,-1.262,0.806,-1.199,-0.912,1.642,1.186,-1.939,-0.196,0.618,1.813,-0.754,-1.133,-2.13,-0.784,-1.363,-0.485,0.075,-0.643,-1.098,-0.362,0.935,0.363,-1.429,-0.08,0
-0.84,-0.719,0.082,-0.134,0.681,-1.797,1.769,-0.42,-0.778,-0.925,2.473,-0.293,0.243,1.03,0.813,-0.099,-0.66,0.966,0.68,-3.432,1.454,0.314,0.331,0.423,0.501,1.116,-0.554,0.837,-1.098,-0.58,0
0.598,0.299,-0.284,-0.787,0.471,-0.65,0.315,-1.664,-0.231,0.223,0.654,-0.5,1.013,-1.745,0.005,0.35,-0.029,-0.533,-0.921,-0.313,-0.007,1.429,-1.135,-0.013,1.651,-0.536,-0.108,0.086,0.016,0.468,1
0.293,-0.242,0.235,-1.253,0.315,-0.496,0.38,-0.641,-1.654,-0.709,0.398,-0.288,0.794,0.686,-0.78,-0.218,1.243,0.479,-1.084,-0.787,-0.643,-1.243,-0.698,1.043,-0.578,0.166,-1.188,-0.477,0.594,-0.181,1
-0.891,-1.875,1.3,-0.292,-0.502,1.392,0.792,-0.834,0.379,0.842,0.017,-0.493,-0.502,0.251,0.518,-0.952,0.534,-2.227,0.237,0.524,-0.906,0.874,-0.847,-1.779,-0.44,0.029,-0.46,-0.64,1.12,-0.354,0
-1.064,0.294,0.94,1.349,-0.122,1.757,0.965,-0.801,0.458,-0.756,-0.356,0.443,2.277,-0.764,-0.242,0.956,-0.895,-0.924,-1.516,0.535,-0.729,1.563,-0.983,1.565,-0.044,0.371,0.714,-0.207,-0.414,-1.636,0
-0.496,1.599,0.369,0.233,-0.43,0.062,-0.094,0.205,0.067,0.09,-0.012,0.277,2.286,0.606,1.294,1.666,1.079,-0.582,-0.344,-0.689,-0.663,-0.885,0.033,-0.526,-0.313,-2.173,0.305,0.141,-1.212,0.665,0
0.641,-0.391,-1.889,0.008,0.695,0.791,-0.909,0.088,-1.477,1.001,0.348,-1.215,0.441,-0.876,-0.457,-1.508,-1.549,1.129,0.488,-0.227,-1.602,-0.239,0.755,-1.874,-0.253,-1.253,-0.624,0.327,0.538,0.39,1
0.251,1.967,-0.848,0.075,0.918,0.411,-1.194,-1.359,-1.126,0.837,-0.467,0.13,-0.014,-2.298,-0.652,-0.098,-0.526,-0.087,1.369,-0.183,-0.61,-1.351,2.728,1.204,-0.079,1.617,0.113,-0.13,-0.065,0.484,0
1.045,-0.548,-1.521,0.36,-0.414,-0.054,1.467,2.16,1.05,0.831,-1.133,0.223,-1.992,-0.342,0.879,2.258,1.757,0.242,0.451,-0.691,0.081,0.178,-0.1,1.676,-1.277,1.669,1.177,-2.251,-0.578,0.359,0
1.169,-1.468,0.243,-0.659,2.218,-0.867,0.058,1.059,-0.479,1.231,-0.983,0.035,2.386,1.113,-1.138,1.101,-1.564,0.627,0.324,0.763,-1.704,0.464,0.352,-1.156,0.155,1.183,-1.027,-0.377,-1.178,0.316,1
0.325,-0.696,-0.113,0.606,-0.764,2.339,0.061,0.869,-1.403,0.472,1.041,0.837,-0.791,-0.268,1.134,2.1,0.24,0.401,2.097,-0.14,0.318,1.253,0.955,-0.301,-0.621,1.492,2.377,-0.934,1.37,-0.234,1
-0.439,-0.635,-1.131,-1.142,-1.49,-2.077,2.267,0.878,-0.994,-1.145,0.294,-0.582,0.515,0.733,-0.796,0.276,-1.138,0.652,0.001,-0.512,-1.291,-1.321,-0.841,-0.83,-0.406,1.244,-1.121,0.49,-0.437,-0.841,0
-0.728,0.179,-1.045,2.451,-0.419,0.233,0.598,0.949,0.322,0.38,0.227,-1.523,-0.073,-1.028,1.223,0.712,-0.549,1.37,-0.811,-1.362,1.079,0.667,0.151,-0.47,-0.326,-0.447,0.698,0.42,2.961,0.011,1
-1.512,-2.223,0.137,0.172,0.666,1.067,-0.972,-1.013,-0.782,0.817,0.138,-0.594,0.473,0.409,-1.044,0.525,-1.486,-0.616,-0.678,-0.316,0.106,-0.415,-0.039,-0.699,0.433,-0.785,-0.727,-0.684,0.515,-2.197,0
-0.451,1.353,-1.123,2.91,0.676,-1.182,-0.225,-0.48,-1.242,0.817,-1.811,-2.671,-0.08,-1.435,-0.35,0.08,-0.134,-1.254,2.014,-0.55,1.262,1.392,-0.018,0.756,-0.874,1.734,0.174,0.36,1.145,-0.398,1
1.375,-0.482,1.72,-3.233,-0.453,1.417,-1.546,1.355,-0.441,0.893,-0.518,-1.218,0.401,-0.863,-0.258,-0.551,0.79,2.739,-1.029,-1.192,0.188,0.304,-0.313,0.399,0.034,0.761,-0.116,0.26,0.443,-1.348,1
0.113,0.609,-0.117,0.182,-0.765,0.297,1.175,1.727,-0.297,0.741,-1.201,-0.059,0.43,0.405,0.426,0.574,0.428,-0.532,1.115,0.391,-1.076,1.561,0.848,0.156,-0.176,0.047,-1.036,-0.314,-0.723,0.317,0
-0.18,1.298,-0.228,-1.654,1.316,1.101,0.082,0.559,0.284,0.366,-0.99,-1.474,0.29,0.545,-1.528,0.618,1.632,1.06,0.588,-0.318,-0.446,0.219,-0.146,-0.362,-1.616,-0.243,-0.011,0.159,0.227,-1.069,1
-1.628,1.783,-0.343,0.066,-1.594,0.928,0.995,-0.893,0.008,1.143,-1.334,0.42,1.589,-0.265,-0.23,0.307,0.545,-1.174,-0.012,0.328,-0.491,1.562,-1.841,1.439,0.071,0.245,-0.142,-1.022,1.017,-0.947,0
0.418,-1.967,-1.079,0.054,-0.941,1.427,-1.205,2.399,-0.632,-1.427,0.489,-0.796,-2.477,0.987,-1.575,-0.039,0.701,0.442,0.562,0.68,1.208,0.833,0.265,0.467,-0.826,0.444,-2.321,1.601,-1.899,0.963,0
0.507,-0.815,2.466,-0.137,-3.435,-0.461,-0.399,-0.588,-1.03,-0.013,-0.94,0.981,0.2,-0.377,1.12,-0.828,0.343,1.925,-0.72,1.86,0.439,-0.514,0.586,-1.122,-1.68,-0.943,0.557,1.314,-0.25,0.571,1
-0.333,-1.54,1.354,0.335,1.831,1.437,0.848,0.064,1.81,0.907,-0.098,1.298,1.429,-0.444,0.435,0.642,-0.905,-0.521,-0.299,1.639,-0.19,-0.077,0.287,0.998,0.378,1.447,0.017,-0.318,-1.318,-0.383,1
-0.687,-0.309,0.317,-0.804,2.093,-1.592,-1.47,-0.12,-1.265,0.507,-0.864,0.293,0.798,-0.772,-0.262,-0.574,-1.195,0.001,0.188,-0.274,0.753,-0.554,0.46,1.375,1.131,0.323,0.996,-1.159,2.507,1.13,1
-1.817,-0.642,0.488,-0.54,-0.049,0.509,-1.754,2.232,0.571,-0.998,1.29,1.217,-0.209,0.811,-0.457,1.143,-0.673,-0.313,0.97,-0.573,0.073,0.254,2.159,2.185,0.154,-0.373,1.227,0.3,-1.173,1.105,0
0.002,-0.036,-1.075,1.267,1.165,-0.917,0.915,-0.988,0.125,1.299,0.794,0.141,-1.297,1.378,-0.774,-0.757,-0.409,0.283,1.115,-0.948,0.81,0.077,1.426,-0.705,0.145,0.414,-0.073,0.176,0.237,0.596,1
1.624,-0.534,-3.113,-0.056,-0.033,-0.449,-0.211,-0.2,-0.272,-0.423,0.307,-0.338,-0.744,0.577,0.015,1.673,0.267,-1.479,0.034,-1.714,0.11,-0.829,-0.837,0.147,1.951,-0.61,0.02,-1.965,0.12,1.55,0
-0.346,-0.69,0.842,-0.676,-1.42,-0.132,-0.401,0.627,0.134,0.153,1.829,-0.64,-0.44,2.019,1.711,0.259,-0.811,-2.222,-0.457,1.315,-0.508,-3.136,2.859,0.71,0.187,0.929,1.191,0.963,-0.103,0.141,0
1.232,0.443,-0.037,0.133,-0.249,1.415,-1.01,0.594,-1.795,1.043,1.027,-1.701,1.051,0.195,-0.339,-0.914,-1.933,-0.462,-1.578,1.421,0.058,-2.257,-0.506,0.027,-0.792,-0.848,0.031,-1.136,1.699,0.45,0
0.085,-1.941,-1.342,-0.842,-0.602,0.418,-0.412,1.165,1.055,1.589,-0.112,-1.703,1.039,0.999,1.383,0.032,-1.863,-0.42,-0.981,-0.722,1.963,-0.83,0.349,1.564,2.17,0.711,-0.148,0.605,-0.502,0.357,1
-0.179,1.137,0.493,0.038,-0.984,-1.453,-0.11,-0.051,0.281,-1.897,-0.874,0.472,0.333,-0.76,-0.456,-0.974,-2.189,0.097,0.583,-0.34,0.998,-0.538,1.286,0.992,-1.814,0.527,-0.439,-1.019,0.325,2.407,1
0.927,-0.387,-1.576,0.402,2.421,-0.004,-1.674,-0.687,-2.239,0.2,0.78,0.311,-1.084,0.026,1.011,-0.98,0.043,0.436,-0.57,-0.076,1.796,-0.195,0.867,0.819,-0.273,1.883,-0.658,0.369,0.059,0.078,0
0.142,-0.801,-1.229,0.968,0.653,1.139,1.867,0.598,-0.05,2.746,1.882,2.634,0.438,-0.05,-0.554,1.794,1.405,0.396,-0.232,0.995,0.544,0.642,0.744,-1.028,-0.393,0.047,-0.146,-1.243,-1.64,1.065,0
