f0,f1,f2,f3,f4,f5,f6,f7,churned
-1.152,1.776,-0.022,-0.535,-0.552,-0.678,0.177,1.055,0
-0.524,-0.468,0.585,0.049,1.233,-1.511,1.094,-0.062,0
-0.403,-1.944,0.205,0.246,1.109,1.243,-0.562,2.114,1
-0.875,0.145,-1.091,-1.992,-0.631,0.051,0.856,-0.862,1
0.227,0.51,-0.179,-0.217,-1.62,0.311,-0.823,-0.981,0
0.893,1.182,-0.668,-1.815,1.428,0.7,-0.796,-0.246,1
0.695,1.368,-0.361,-0.236,-0.308,-0.367,0.415,-0.181,1
1.093,-0.143,1.613,-1.432,0.298,0.59,-0.6,-0.26,0
-1.312,-0.559,-3.348,-0.377,0.485,0.533,-1.079,-0.051,1
-0.603,0.142,0.805,0.108,-0.259,0.777,-2.255,1.036,0
0.081,-1.004,-2.188,-0.393,-1.683,-0.213,-0.862,-0.363,1
0.527,0.795,-0.063,-0.221,-0.84,1.416,0.815,1.293,1
0.841,-0.409,-0.479,0.157,-0.131,-0.275,-0.596,-2.099,1
-0.601,-0.09,-1.254,-1.326,1.653,1.048,-2.228,-0.357,0
-3.472,0.293,0.409,-0.537,2.293,0.88,-1.302,0.76,0
2.887,-0.233,-0.277,0.89,0.673,-0.321,-0.118,2.102,1
-0.016,-1.1,-1.15,-1.612,-1.478,-0.296,-1.401,1.596,1
0.999,-0.244,-1.319,1.03,0.642,1.034,1.221,0.5,1
0.253,-0.319,-1.487,0.871,1.034,-1.214,-1.214,0.66,1
-0.125,-0.703,-1.646,-0.17,-0.621,-1.216,1.125,-0.59,1
-0.303,1.538,0.201,0.317,-0.19,-0.656,-0.274,-0.362,0
0.385,-1.337,-1.43,0.262,-0.244,-0.243,-0.328,0.204,1
-0.336,0.628,1.241,-1.677,0.726,-1.54,-1.073,-3.511,0
2.127,-0.776,1.259,0.285,-0.547,-0.928,-0.274,2.653,1
0.144,-1.212,0.241,1.889,0.953,0.267,-0.227,-1.806,1
-0.657,-0.287,0.691,-0.3,0.447,1.042,0.145,1.132,1
-0.337,0.092,0.089,-1.086,0.019,1.553,-0.408,0.049,0
-1.383,-2.791,-0.855,-0.245,1.239,0.149,0.9,-0.419,1
0.328,0.611,-0.559,0.287,-0.276,0.968,-0.628,-0.569,0
-1.13,-1.535,-1.646,2.522,0.519,-0.073,0.172,-1.623,0
0.167,-0.485,-0.047,1.857,-1.159,-2.638,0.415,-0.195,1
0.942,-1.302,-1.344,0.807,-0.356,0.573,0.434,1.109,1
-0.913,1.101,0.29,-1.559,0.673,2.747,-0.235,0.136,0
0.885,0.034,0.552,-0.276,1.382,-0.709,0.304,-0.788,0
0.013,-0.097,1.214,2.695,-1.531,1.408,0.573,0.264,1
-0.607,-1.23,0.375,1.052,-0.304,0.774,0.826,0.938,1
0.397,-2.177,-0.329,1.085,1.926,-0.692,0.017,-0.729,1
-2.079,-0.452,0.733,-0.514,0.245,-1.272,0.19,-1.265,0
0.139,0.803,0.042,-0.492,-0.354,-0.855,-0.046,0.147,1
0.98,0.308,-1.039,-0.976,-0.242,-0.169,-0.908,0.358,1
1.012,-0.085,1.887,-0.169,0.768,-1.287,-2.792,0.084,0
-0.754,0.208,0.953,1.311,-0.546,1.434,-1.051,1.195,1
0.276,-0.805,-1.684,1.344,-0.145,0.831,1.074,1.782,1
-0.992,0.263,-0.074,-0.665,1.045,1.204,-0.939,-0.687,1
0.707,-1.425,0.249,-0.365,-1.305,0.621,1.298,1.221,1
0.68,-0.096,-1.881,-0.992,-0.519,-1.991,0.829,0.262,1
-1.25,-0.812,0.578,0.281,-1.077,-0.066,2.224,-0.498,0
0.805,-1.174,0.386,0.455,1.108,0.234,-1.608,-1.855,0
0.574,-1.226,0.319,0.719,-0.763,-2.792,-0.122,-0.078,0
1.586,1.961,0.726,-0.789,-0.621,0.693,-0.061,-0.661,0
-1.941,-1.07,0.504,-0.171,1.168,1.6,2.581,1.067,1
-1.417,1.233,-0.83,0.116,1.623,-0.745,0.304,0.098,1
0.11,0.779,-0.025,-0.611,-1.088,0.951,-1.283,-0.314,1
1.026,-1.127,0.89,-1.841,-1.007,0.23,0.887,0.691,1
0.621,0.201,1.588,-0.925,1.132,-0.927,-0.472,0.472,0
-1.672,0.704,-1.704,-0.361,0.927,-0.184,-0.866,-0.762,1
1.34,-0.791,-0.606,-1.569,-0.41,-0.032,0.389,-0.989,0
-1.047,-0.511,-0.719,0.075,-0.082,1.104,-0.007,0.255,1
1.225,-0.843,0.479,0.827,-0.32,-0.06,0.589,0.374,0
0.167,-0.454,-1.948,-0.148,-1.178,0.563,-0.447,1.427,1
0.09,-0.668,1.144,0.531,-2.636,1.242,1.166,-0.594,0
-0.268,1.206,-1.022,-0.956,0.665,0.296,1.54,0.481,1
-0.231,0.923,-2.177,-0.667,-1.173,0.181,0.148,-0.29,1
-1.021,0.097,-0.296,-0.589,0.623,0.78,-2.035,-1.673,0
-0.389,1.057,-0.301,1.485,0.677,-0.942,1.993,-1.05,1
-0.359,-0.073,0.983,-0.487,-1.689,0.434,0.679,0.134,1
-0.713,-1.408,-0.491,-2.087,0.491,0.22,-0.496,1.029,1
0.052,-0.281,-0.062,-0.101,0.294,-1.839,-0.248,-1.255,1
0.372,1.015,1.027,0.407,0.269,-0.475,-0.557,0.77,0
0.223,0.571,0.819,0.301,-0.029,1.389,-2.017,1.726,0
0.479,-0.934,-0.537,-1.65,-0.838,-0.142,-1.563,0.864,1
0.675,-2.146,-1.113,-0.828,0.161,-1.025,-1.484,2.028,1
-0.111,-2.077,-1.075,-1.136,-0.494,1.517,-0.415,0.035,1
1.599,1.048,-1.087,-1.051,0.147,0.691,-1.533,1.369,0
-0.414,-0.956,0.307,1.148,1.128,0.269,-0.556,0.362,0
0.31,-0.148,-0.043,-0.175,-1.251,0.829,1.062,1.618,1
1.317,1.442,-0.97,0.33,2.5,-2.586,-2.054,-0.122,0
1.383,0.732,0.704,-0.701,0.016,0.62,0.99,0.46,0
1.987,0.992,0.561,1.349,-0.445,-1.709,0.943,0.494,0
-1.968,0.537,0.445,0.055,-0.137,0.112,-1.416,0.526,0
-0.699,0.364,0.313,0.155,-0.06,-1.196,-0.34,1.75,0
-0.317,0.738,2.818,1.586,1.247,1.393,-1.454,-0.634,0
0.658,1.456,1.004,-0.393,-1.165,-0.976,-0.131,-0.477,0
1.41,0.013,-0.96,-1.393,-0.931,-0.917,-1.093,0.334,1
1.362,2.141,1.386,-0.036,0.023,0.696,-1.024,0.47,1
0.219,1.046,-1.419,0.398,0.373,2.582,-0.931,-1.129,0
-0.292,0.953,0.806,-0.925,-1.24,-0.635,0.558,0.805,0
-0.544,-0.017,-0.68,-0.483,0.486,1.973,0.164,0.178,1
-0.519,-0.051,0.501,-0.17,-0.116,0.443,0.076,-1.583,0
0.965,0.095,-0.796,-0.267,-0.94,-0.057,0.558,0.178,1
-0.788,1.125,0.059,0.138,0.77,0.359,-0.821,0.337,0
0.189,0.346,1.478,-0.344,-0.612,-0.977,-0.862,1.073,0
0.973,-0.582,-0.007,1.261,0.321,0.596,0.845,-0.19,1
-0.634,1.009,0.719,2.018,-0.64,-0.096,-0.643,-0.064,0
-0.742,-0.434,0.157,0.658,0.352,0.987,-0.716,-0.867,0
-0.077,-0.002,-0.83,-0.056,1.002,1.121,-0.318,0.463,0
0.955,-1.064,0.402,-0.4,-0.639,-0.384,-0.005,0.176,1
-0.028,-0.082,0.618,0.252,0.364,0.206,0.573,0.705,0
-0.67,0.355,1.281,0.31,-0.507,-1.636,1.756,0.725,0
0.122,-0.575,0.085,1.264,0.846,-1.302,-0.752,-0.97,0
0.856,-0.724,-1.724,-1.695,1.701,0.717,1.181,-1.271,1
-0.431,-0.734,-0.688,-1.211,0.388,0.27,-0.547,-0.07,0
0.315,0.294,-1.362,1.003,-0.029,0.978,-0.303,0.176,0
1.367,-1.305,-0.476,-1.643,-0.182,-0.348,-0.018,-0.894,0
2.792,-1.166,-1.126,0.518,0.005,-0.017,1.134,0.982,1
-0.718,-0.462,1.228,0.239,-1.152,0.235,-0.615,-0.528,0
0.608,0.184,-0.482,-0.144,0.162,-0.417,0.418,-1.014,1
0.841,0.797,-2.487,-0.035,1.06,-1.9,0.038,0.253,1
-0.671,0.714,0.492,-1.747,0.653,0.68,1.973,0.671,1
1.77,1.879,1.953,2.037,-0.246,0.404,1.846,-1.604,0
0.451,-0.443,0.341,-1.778,-0.288,-1.094,0.256,2.428,1
-0.174,-0.953,0.547,2.083,0.555,0.08,-0.632,2.124,1
0.15,0.146,0.445,-0.038,-0.21,0.345,-0.609,1.155,0
0.62,0.768,-0.232,0.88,0.272,-0.409,1.026,0.21,0
0.837,-0.111,-0.161,1.67,0.476,0.222,0.434,-1.871,0
0.35,-0.977,1.752,-0.83,0.924,-0.111,-0.713,0.001,0
-0.805,-0.868,1.034,-0.728,-0.822,1.395,-0.163,1.121,1
-0.011,-1.513,0.312,-0.744,1.084,-0.938,0.083,-0.72,1
-0.853,-1.054,-1.276,-0.595,-0.061,-0.837,-1.917,0.513,1
-0.208,-0.84,-0.957,-2.097,0.751,-1.222,0.599,0.241,1
-0.048,1.206,-0.237,-2.059,0.169,0.743,-0.052,-1.581,0
-0.62,0.613,-1.232,-1.581,1.425,-0.589,1.016,-1.026,1
0.165,-0.154,-2.97,-0.162,0.285,0.189,-0.443,0.808,1
1.179,0.993,0.553,-1.279,0.582,-0.421,-0.561,0.843,0
0.816,0.407,0.147,-0.103,0.944,-0.405,0.559,0.525,0
0.748,-1.178,0.257,-0.851,-0.289,0.456,0.058,1.425,1
-0.038,0.513,1.029,-2.772,-1.098,0.413,1.047,-0.45,0
2.632,-0.034,0.123,-0.9,0.759,0.373,-0.616,1.406,1
-0.831,1.725,0.872,0.071,0.071,-0.592,-0.867,0.46,0
-0.371,-2.127,1.368,-0.406,-0.304,0.316,-0.184,1.363,0
0.451,0.138,0.653,0.062,-2.196,-1.199,1.046,0.825,1
-0.266,0.915,0.786,0.092,-1.415,-1.383,0.219,0.445,1
1.894,-0.407,-0.802,1.362,0.731,-0.273,1.488,-0.155,1
1.157,0.179,-1.138,-2.029,0.482,-1.658,2.544,-0.629,1
-0.862,0.028,-0.066,-0.904,-0.115,0.902,-1.553,-0.407,1
-1.055,-0.119,0.382,-0.324,0.869,-0.709,0.408,0.175,1
-0.234,-0.609,-0.33,1.853,0.584,1.331,-0.299,1.142,1
-0.706,-0.676,-0.516,-0.612,-0.622,0.609,-0.667,1.106,1
1.651,2.323,0.402,-0.069,0.774,-1.257,0.791,-1.374,0
0.18,-1.507,0.839,-0.904,0.223,1.192,-0.043,1.015,1
-1.592,-1.225,0.431,-0.799,-0.494,1.174,-0.342,-0.123,0
0.005,-1.263,-1.777,-1.151,0.585,-0.034,-0.221,-1.215,1
-0.297,0.053,0.152,-0.097,1.239,0.163,-0.498,1.93,0
-0.897,1.095,-1.253,-0.002,-0.121,0.893,-0.492,1.317,0
0.461,0.302,0.599,-0.283,1.287,-0.956,-0.932,0.074,0
0.305,1.879,-1.123,-0.702,-0.503,-0.803,1.116,0.742,1
0.164,2.498,-0.152,-0.637,0.188,-0.573,0.217,1.205,1
1.062,-2.789,-1.237,0.47,1.184,-0.536,-1.383,2.476,1
-1.287,0.062,0.137,0.071,0.245,0.398,0.254,-1.555,1
-0.488,0.006,-0.103,0.374,-1.388,0.091,0.995,-0.732,0
0.58,-1.712,0.548,0.092,-0.274,-0.673,-0.487,0.068,1
0.727,-1.03,0.372,-0.514,-1.733,-0.571,-1.572,0.523,0
0.179,-0.259,1.475,0.702,-0.493,0.169,0.107,1.309,0
0.515,1.508,-1.05,0.444,0.372,1.512,0.267,0.399,0
1.028,2.126,-1.199,-0.774,-0.153,0.057,-0.777,-0.521,0
-1.502,0.717,0.366,0.457,0.079,0.036,1.89,-2.281,0
0.575,-0.195,0.249,-1.627,1.846,-0.141,-0.282,0.02,0
0.257,-0.349,0.601,-0.513,1.207,-2.281,0.271,1.689,0
-0.193,0.225,-0.984,-2.005,-2.482,-0.22,0.662,0.241,1
0.153,0.686,0.602,1.367,1.262,1.34,-0.758,0.551,0
-0.86,1.176,0.728,-2.457,-0.214,-1.143,2.024,0.174,1
2.164,0.011,1.274,0.412,1.541,-0.322,-0.513,0.321,1
0.847,-1.109,0.894,-0.245,-1.227,0.268,-1.31,-0.876,0
-1.373,0.647,1.396,-1.187,0.264,1.396,-0.995,0.214,0
0.593,-0.09,1.934,-1.904,0.418,0.471,2.166,1.132,1
0.078,-0.639,2.211,0.545,0.825,-0.226,1.043,-0.725,0
-0.523,-0.192,-0.183,1.465,-0.559,-1.109,0.033,0.967,0
1.623,-0.744,0.953,-0.287,0.132,-1.295,1.304,0.557,0
1.55,-1.179,-0.593,-0.947,-1.561,-1.217,0.262,0.81,1
2.056,-1.314,-0.768,1.995,-0.45,0.294,1.504,-0.699,0
0.133,2.061,-2.443,0.829,1.35,0.389,-0.753,0.682,1
-0.788,-0.136,0.2,-0.258,-0.043,0.406,0.362,1.031,1
-0.335,0.435,-1.141,-0.811,0.61,0.257,1.028,-0.417,1
-1.335,0.327,-0.997,0.365,0.199,-1.87,2.408,0.326,1
0.22,0.495,0.054,-0.192,1.266,-0.047,-0.179,0.317,0
1.663,-1.785,-2.283,0.414,-1.169,-0.15,0.122,-1.097,1
0.619,-0.365,0.592,-1.307,0.711,-0.614,2.18,0.164,1
0.574,1.064,-1.52,-0.167,-0.486,-1.708,-0.413,0.113,1
0.925,0.769,-0.473,1.612,0.585,1.155,0.102,-0.663,1
-0.276,-1.989,-0.701,-1.348,0.086,1.042,-1.462,-0.516,0
2.105,-0.364,-0.81,-1.423,-0.364,0.789,-0.03,1.37,1
1.212,0.219,-0.486,1.678,0.885,0.406,0.29,-0.729,0
1.674,1.187,1.283,-0.94,0.424,-0.883,1.038,-1.073,0
-0.616,0.912,-1.614,0.264,0.688,-0.316,-0.438,1.068,1
0.162,-0.627,1.065,-0.752,1.017,-0.528,-1.05,0.021,1
0.349,-0.143,0.501,2.29,-0.188,0.311,-0.784,0.529,0
-0.692,-1.216,-0.001,-0.288,-0.249,0.23,-1.791,-0.257,1
1.184,-0.393,-1.185,2.179,-0.807,1.237,0.892,-0.878,1
-0.255,0.18,-1.777,-0.849,0.888,0.986,2.296,0.336,1
-1.333,-0.341,0.755,0.07,-0.27,-0.119,-0.886,-3.635,0
0.328,0.538,-0.93,-0.176,-0.082,0.837,0.557,-0.064,1
0.847,0.452,-1.577,-1.04,0.245,0.945,0.38,1.462,0
-1.486,0.136,-0.154,-1.584,0.474,-1.414,-2.223,-0.452,0
2.026,-0.049,-0.858,0.031,0.208,-0.774,-0.035,0.838,0
-0.285,1.499,1.866,0.134,2.551,-0.25,-0.606,0.354,0
0.553,0.418,-2.06,1.115,0.081,1.231,-0.837,0.371,1
-0.554,-1.933,-0.286,-1.405,-0.97,-1.619,-2.025,1.538,1
-1.014,-1.149,-0.372,-1.269,-0.587,0.044,-0.506,-1.393,0
-1.013,2.417,0.904,-0.522,-2.474,0.594,-0.977,0.01,1
-0.759,-0.001,-1.242,2.964,0.917,-1.661,1.392,-0.415,1
-1.068,-1.281,-0.136,1.722,2.329,-0.395,1.157,-0.505,1
-1.071,-1.28,-0.055,2.994,0.521,-0.099,0.283,-0.498,1
-0.948,-0.161,0.659,-1.281,-1.811,-1.958,-0.017,-2.89,0
-0.54,0.064,2.53,0.199,-0.189,-0.509,0.506,1.033,0
-0.107,0.058,-0.437,0.34,-1.575,-1.695,0.493,-0.292,1
-0.244,-1.156,-0.383,1.294,-1.255,-0.931,0.025,1.706,1
-0.874,-0.101,0.74,0.113,0.201,-0.196,-2.195,1.562,1
1.0,-1.223,1.044,0.432,-0.072,0.381,-0.343,-1.074,0
-0.248,0.719,0.693,-0.723,1.439,-0.195,1.8,0.097,1
0.766,0.511,-0.675,-0.176,-1.158,-0.797,0.766,0.787,1
0.685,0.548,-1.272,-0.546,-0.796,-0.061,-0.72,0.655,1
-0.297,-1.56,-0.208,-0.759,-0.586,-0.885,-1.852,-0.195,1
0.217,1.233,0.341,-2.383,-0.183,1.062,-1.929,-1.643,0
0.754,-0.499,-1.337,-0.892,-0.61,-0.275,-1.009,-1.657,0
-0.314,0.534,0.154,1.799,-1.494,0.093,1.613,-1.36,0
0.073,-2.084,0.113,-0.848,-0.156,0.204,-0.686,0.916,0
-0.989,1.88,-0.624,-0.749,0.086,-0.612,-1.486,0.387,1
-0.048,0.507,-0.917,0.081,-1.348,-1.163,-1.988,0.275,1
-1.131,0.046,-0.81,-1.973,-1.105,0.16,0.496,-1.48,0
0.113,-0.312,-1.565,0.425,-0.445,-0.327,0.621,-0.683,1
-0.753,0.237,-0.333,-0.241,-0.097,-1.726,0.407,-0.506,0
0.591,0.738,-0.126,-2.31,-1.743,1.508,-0.738,-0.347,1
-1.939,-0.026,0.38,-0.344,-1.658,-0.605,-0.581,-0.849,0
-0.497,-0.918,-1.127,-0.179,0.808,1.787,-0.688,-1.44,0
-0.929,0.727,1.584,-0.202,-0.062,-0.939,1.151,0.193,1
0.855,0.021,0.804,-0.18,-1.037,2.207,0.562,1.041,1
-0.46,-0.204,0.98,0.29,0.097,1.459,-0.797,0.546,0
0.874,1.615,0.216,-0.151,-0.454,2.174,-0.345,1.516,0
-0.759,-0.757,1.363,0.788,-0.884,-1.719,0.388,1.33,1
0.162,0.9,-0.151,0.477,0.608,-0.451,-0.65,-0.152,1
0.497,-0.147,0.072,-2.217,1.689,1.198,-0.173,0.496,0
-0.281,-0.361,-1.129,1.193,0.52,-1.529,0.047,0.43,1
0.267,1.312,0.352,1.295,0.255,-0.065,-0.675,0.337,1
-0.094,-0.027,1.538,0.461,-1.714,1.396,0.342,0.473,1
-0.268,-1.242,-0.205,-2.047,1.22,-0.866,-0.043,-2.011,0
0.17,-1.793,0.633,-1.572,0.033,-0.408,0.673,0.629,1
0.545,0.486,-1.95,1.607,-0.577,0.586,-0.071,0.386,0
0.421,0.774,-0.097,0.192,0.103,0.733,0.093,-0.14,0
1.902,0.041,-0.464,1.532,-0.008,1.613,-0.898,-0.49,0
0.063,-0.529,0.972,-0.717,1.782,-2.322,1.386,-0.492,1
0.916,-1.089,0.633,1.083,-1.111,-1.873,0.412,2.402,0
-1.369,0.63,0.9,0.945,-1.166,0.305,0.78,-0.071,1
-1.006,0.289,1.251,1.89,1.04,0.575,-0.691,0.219,0
2.382,0.901,-0.316,2.033,-2.104,0.146,-0.469,-0.359,1
2.758,1.364,0.362,-0.777,-0.83,-1.473,0.344,0.258,1
0.968,0.594,-1.592,0.213,-1.529,-0.814,0.124,1.126,1
-1.883,-0.04,0.67,-0.738,0.245,-0.182,0.29,1.491,0
-0.066,-2.125,1.323,0.076,-0.635,0.285,-0.656,0.589,0
-0.719,-1.473,1.37,-1.9,-0.028,-0.286,-0.055,0.502,0
0.965,-0.083,-1.025,0.514,0.481,1.986,0.56,-1.597,1
0.057,-0.698,-0.831,0.283,0.505,-1.502,-0.435,-0.48,1
0.599,-1.862,0.115,-1.239,0.979,-0.414,0.197,-0.197,1
0.857,1.315,-0.411,-1.249,-0.216,0.007,-1.587,1.177,1
-0.439,-1.099,-1.266,0.831,-0.001,-1.127,0.309,-0.955,0
-0.008,-0.672,-0.009,-0.12,-1.0,-1.738,-0.156,-0.553,1
-1.734,0.454,-1.055,2.043,2.23,-0.55,-1.411,1.754,1
0.003,1.024,-1.708,-0.757,-1.84,-0.091,0.92,-1.11,1
-1.062,2.198,0.474,2.264,0.299,-0.547,-0.278,1.45,1
-0.033,-0.596,0.769,-0.627,-0.691,-0.654,0.263,-1.247,0
0.418,2.134,0.094,-0.037,0.49,-0.757,-0.593,-0.144,0
0.315,-0.844,0.92,0.316,0.109,-0.639,-0.341,-0.151,1
1.74,1.637,1.741,-0.264,0.212,1.189,-0.048,-0.05,0
-0.042,-1.055,-0.935,-0.702,0.999,-0.938,-0.968,0.125,1
-0.819,0.502,-0.247,0.558,-0.037,-1.47,0.15,-1.275,1
0.252,-0.429,-2.45,0.117,-0.366,-0.586,0.92,-0.702,1
-0.357,-0.952,-0.437,-0.374,-0.206,0.156,-0.558,0.239,1
-0.871,1.021,-1.1,-2.559,-2.355,0.412,0.438,-2.886,0
0.41,-0.875,-2.125,-1.773,0.122,-0.262,-0.651,-0.158,1
-0.383,-0.675,0.671,-1.063,0.05,1.741,0.717,1.639,0
-0.086,-0.023,0.96,0.299,1.061,-0.954,-0.696,0.982,1
-0.765,-0.325,-0.969,1.753,0.505,-1.308,0.583,0.489,1
-1.557,0.452,1.383,-0.225,0.452,-2.393,-1.456,0.424,0
-1.805,-0.475,-1.501,-0.573,0.148,0.252,-1.727,2.419,1
0.112,0.193,0.394,-0.196,0.566,-0.256,-0.216,-0.048,1
0.138,-0.238,0.818,-0.743,0.85,-0.622,-0.177,-0.091,0
0.616,1.032,-1.228,-0.997,0.367,-0.019,-0.438,-0.936,1
0.963,0.234,-0.661,0.107,-0.479,-0.776,0.292,0.198,1
-1.149,0.574,-0.26,-0.712,-0.049,-0.199,0.271,0.033,1
-0.316,-0.218,-0.84,-0.029,0.461,0.522,-0.161,-0.89,0
-1.141,-1.051,0.421,0.654,0.211,-0.131,0.37,-0.799,0
-0.594,0.777,0.207,0.879,0.731,-1.023,-1.477,-0.64,1
0.984,0.423,-0.084,1.423,-0.086,0.744,-0.413,-0.172,0
0.894,1.684,-0.849,-0.347,-1.343,0.145,2.436,1.564,1
0.045,-0.127,0.657,0.616,-1.152,-1.431,-2.136,0.382,0
-0.482,-0.387,-0.695,0.887,0.453,0.635,-1.203,-0.271,1
-0.382,0.781,-1.569,-0.845,0.466,0.436,-0.14,-1.128,1
-0.065,-1.672,-0.265,-1.12,0.62,-0.839,-1.451,-1.059,0
0.386,0.169,-0.372,-0.51,0.822,-0.623,-1.41,0.815,0
-0.376,0.255,-1.313,2.341,0.872,-0.515,0.719,0.976,0
0.437,-0.263,-1.14,-0.936,-0.444,0.945,1.039,0.337,0
-1.504,-0.73,0.701,0.134,1.847,1.565,-0.049,1.069,0
-0.062,0.208,-0.374,-1.268,-0.404,-0.483,-0.34,0.847,1
-1.744,1.529,-0.004,-0.326,-1.324,-0.771,0.644,0.462,1
1.534,1.317,-1.227,0.668,1.357,-1.117,-1.1,-0.363,1
-0.936,0.844,0.062,-0.048,0.817,0.338,-0.946,0.197,0
0.032,0.661,0.228,-1.483,0.086,-0.0,-0.249,-1.019,0
-1.323,0.963,-1.769,0.595,0.498,0.251,0.959,-0.638,1
0.853,-0.432,0.803,-0.506,-1.108,-1.285,0.071,0.557,0
2.807,1.172,0.376,-0.566,0.471,0.736,-1.421,0.178,1
0.305,-1.161,0.387,0.21,0.723,1.131,0.335,-1.482,0
-0.642,-0.119,0.221,-1.154,-1.946,-0.778,0.073,-0.962,0
-0.828,0.201,0.566,2.878,-1.387,-1.262,-0.411,-1.236,0
-0.109,1.054,-2.236,-1.136,-0.125,-0.455,1.479,0.199,1
1.219,-1.56,0.42,0.231,0.417,0.683,-0.367,0.024,1
0.055,0.234,-0.207,1.203,0.257,-0.218,0.017,-0.261,0
1.51,0.304,0.351,-0.337,0.197,2.032,2.444,0.12,0
-0.291,-0.239,-0.065,-0.416,-0.159,-0.239,-0.942,-0.259,1
-0.747,-0.409,-1.046,0.077,1.222,-0.054,0.095,-1.761,0
1.176,0.354,-0.321,-0.633,0.702,-0.012,1.497,-0.505,0
-0.182,-0.938,1.342,-0.17,-0.771,0.776,-0.34,1.733,1
-1.242,1.312,-0.435,1.281,-0.442,0.745,-1.145,-0.876,0
0.374,1.278,0.423,0.939,-0.192,-0.183,1.276,-0.097,1
0.471,-1.099,-0.226,-0.116,-0.708,0.251,0.877,0.647,1
-0.122,-3.153,0.654,-0.902,-2.104,-1.245,-0.712,-1.371,0
0.118,-1.884,0.227,-1.185,-0.641,-0.248,0.797,0.128,1
0.163,0.187,-2.045,-0.041,-2.082,1.029,-0.001,1.527,1
-0.47,-0.676,-2.034,0.101,-1.537,-0.894,-0.232,0.595,1
0.613,1.6,-1.031,-0.663,2.052,0.056,0.616,0.224,0
-0.937,0.846,-0.391,-0.463,-1.108,0.819,0.902,1.357,1
0.104,1.322,0.452,0.296,0.879,0.723,1.092,0.612,0
0.505,0.392,-0.993,-1.166,-0.3,-0.869,1.053,0.429,0
1.185,-0.54,-0.378,-1.057,-0.227,1.926,-1.199,-0.615,1
1.262,0.193,-1.668,2.254,1.034,0.353,0.351,0.105,1
1.624,-0.147,-0.003,1.048,-0.046,0.036,0.862,0.405,1
0.925,-1.135,1.081,-1.342,0.54,0.356,-0.075,-1.425,0
-0.497,-0.592,1.539,-1.385,0.139,0.324,0.302,-1.395,0
0.979,1.16,-1.713,-0.018,-0.073,-0.55,2.569,1.268,1
-1.293,-0.599,-0.259,-0.949,0.857,0.361,-0.955,-0.593,1
0.488,0.945,0.19,0.669,1.798,-0.036,2.108,0.046,1
-0.32,-0.166,0.575,-0.006,-0.287,-0.054,-0.869,-0.392,0
0.422,0.52,-0.986,0.627,-0.042,-0.607,1.475,-1.001,1
0.819,0.415,-1.261,0.333,0.259,-0.098,0.082,-2.004,0
-1.517,0.325,0.408,1.069,1.138,1.42,-1.082,-1.876,0
-0.65,0.309,1.212,0.894,2.008,0.814,-1.019,1.71,0
-0.078,1.151,-0.343,-0.36,-0.217,-0.062,-0.052,-0.655,1
1.439,-0.529,-0.136,-0.007,1.083,-1.467,1.541,0.078,0
1.146,0.709,0.146,-0.852,-0.729,-0.639,-1.242,-1.088,0
-1.331,0.187,-1.52,0.296,-0.847,0.154,-0.945,0.308,1
0.369,-0.928,-0.865,0.207,1.405,-0.827,-1.436,-0.958,1
-0.09,0.484,-0.655,-0.221,-0.399,0.304,-1.487,1.46,1
2.284,-0.498,1.028,0.074,0.784,-0.895,1.072,0.259,0
0.073,-2.16,0.813,-1.155,1.784,-0.23,-0.145,0.394,1
-0.711,-0.006,0.596,-0.265,-0.771,0.448,1.526,0.527,0
-1.226,0.911,-0.237,-0.293,0.599,-0.379,-1.21,0.145,0
0.289,1.005,-1.004,1.208,-3.226,-1.066,0.355,0.019,1
-1.022,-0.339,0.492,1.932,-0.176,0.849,-0.641,1.456,0
-1.187,1.486,-0.119,0.695,-0.526,0.346,0.638,0.201,1
-1.332,-0.797,0.594,-1.735,-0.68,-0.299,0.79,-0.146,1
0.271,-0.415,0.997,-0.022,-0.375,-0.472,-0.189,0.884,1
-0.097,1.879,-0.178,0.577,-0.748,0.546,-0.004,-0.257,1
0.039,-0.304,0.648,0.285,-0.204,1.017,-0.06,-1.032,0
0.377,-1.779,0.735,-1.237,0.476,0.401,-2.072,-0.493,0
0.518,0.222,-1.682,1.141,0.6,-0.723,0.11,-0.806,0
1.872,-0.538,-0.126,1.621,-1.748,0.235,1.254,0.145,1
-0.727,0.087,-0.739,-2.634,0.428,0.615,-0.397,1.611,1
0.548,-0.16,0.757,-0.164,1.127,-0.582,-0.037,-1.751,0
0.614,1.525,0.915,0.023,0.684,-1.396,-0.495,-1.689,0
0.096,0.094,-0.04,1.887,0.109,-1.191,-1.408,0.958,0
0.206,-0.696,0.532,0.486,-1.162,-1.119,-1.014,-1.456,0
1.322,-0.803,-0.144,0.207,0.068,1.287,-0.411,-0.361,1
-0.897,0.482,0.345,2.043,-1.037,0.992,-1.264,-0.36,1
-0.35,0.074,0.991,-1.668,2.542,-1.669,-0.922,1.467,0
-1.025,0.626,1.27,-0.959,1.868,0.495,0.28,-1.573,0
-0.846,0.817,1.226,-0.31,1.019,-0.987,0.44,0.215,0
0.087,0.127,-1.446,-0.662,1.453,0.222,1.724,-0.167,1
-0.199,1.007,-1.77,-0.31,-0.141,-1.517,0.447,-0.18,0
-0.169,1.759,0.001,-1.503,0.764,1.003,-1.067,-1.519,0
0.225,-2.457,0.486,-0.882,-1.742,-0.928,-0.607,-0.375,0
-0.807,0.508,-0.626,0.164,-0.963,-0.416,0.204,-0.298,1
-1.403,-0.905,-0.89,-0.182,0.518,2.0,-0.141,0.128,0
-1.561,-0.213,-0.362,-0.888,-1.209,-1.753,-1.466,1.403,1
1.801,-1.631,0.747,-1.056,-0.094,-0.227,0.65,1.291,0
0.133,0.404,0.782,0.348,1.253,0.568,-0.429,-0.009,0
0.327,-0.315,0.7,-0.357,0.738,0.229,-1.045,-0.174,0
-0.064,0.132,0.58,0.328,-0.059,-0.006,-1.929,-0.058,0
0.148,-0.293,-1.02,1.207,-0.222,-0.598,0.235,0.176,1
1.184,0.202,-0.109,0.107,1.422,-1.187,0.715,-1.476,1
0.13,-0.743,0.798,0.922,-1.148,-0.665,-0.865,1.177,0
-0.79,-1.03,0.731,1.506,-1.708,-0.626,0.421,1.561,1
0.42,-0.155,0.656,-2.994,-0.347,1.076,-0.463,1.586,1
0.354,1.243,0.714,-0.14,1.252,-0.889,-0.841,0.838,1
-0.419,-0.406,-1.109,0.504,-1.005,0.08,0.374,-1.53,1
-1.338,-0.331,1.598,-1.549,2.084,-0.06,-1.185,-0.548,0
1.148,-0.944,-2.19,1.221,-1.66,0.903,0.508,-0.337,1
-1.219,-1.389,-0.824,-0.247,0.965,-0.692,-0.706,0.429,1
0.152,1.923,1.347,-0.091,0.535,-1.522,0.31,1.003,0
-0.574,-1.078,1.266,-1.447,0.031,-1.233,0.035,0.633,0
-0.275,-0.523,-0.393,1.916,-1.336,0.172,-0.608,0.815,0
2.51,0.498,-2.241,0.246,-0.133,0.312,-0.34,-0.404,1
-1.531,-0.227,-0.382,1.106,1.032,-0.146,1.073,0.407,0
1.412,-0.344,-0.845,-0.577,-0.578,0.303,-1.366,-0.395,0
0.87,0.606,1.001,-0.27,-1.073,1.023,1.108,-0.367,1
0.129,0.42,0.127,-1.333,1.079,1.483,0.848,1.714,1
-0.969,-0.04,2.394,-2.167,-1.032,-0.442,1.118,-0.306,0
-0.879,0.641,-0.168,1.646,-0.931,-0.031,-0.377,-0.133,1
1.746,0.715,-1.01,1.999,-1.515,-0.381,-0.547,-0.004,0
-0.235,0.307,0.333,0.277,1.49,-0.662,0.464,-0.639,0
0.645,-1.399,-0.329,0.028,-1.458,-0.927,1.491,1.275,1
-1.456,1.254,-1.893,1.541,2.494,-1.267,0.477,-0.372,1
0.544,1.205,0.716,0.908,0.423,-0.197,1.741,-1.843,1
0.083,-0.55,1.135,0.397,0.972,0.375,-0.01,-1.306,1
-0.02,0.955,0.75,-1.464,-0.016,-0.968,-0.647,-1.501,0
0.223,-1.018,-0.043,1.672,0.476,0.541,-1.981,-0.068,1
-1.533,-1.328,-0.189,0.768,-1.061,-1.072,0.308,-0.261,1
0.228,0.835,1.93,0.627,0.872,-1.943,-1.04,0.662,0
0.427,0.682,0.867,1.935,0.015,1.027,0.245,-0.111,1
-0.639,2.163,-0.2,-0.002,0.132,0.782,-0.105,-1.212,0
-0.213,-0.092,0.864,-0.479,1.308,0.051,-0.636,1.424,0
-0.212,-0.517,-2.005,-1.855,-0.346,-0.485,-0.11,-0.297,1
-1.435,1.267,-0.248,-1.438,0.304,1.11,0.369,-0.173,0
-1.47,1.364,0.956,-0.659,-1.056,3.09,-0.444,-1.302,0
-1.418,0.775,0.917,-2.453,-0.284,0.162,-0.999,-0.78,0
0.145,0.672,2.591,0.272,-0.136,0.725,0.304,0.625,0
-0.973,0.299,-0.487,1.739,0.583,0.568,0.701,1.994,1
-0.743,-0.288,-0.144,-0.041,-2.009,0.451,-0.512,-0.227,1
-0.755,1.562,1.477,-0.418,-1.546,0.083,0.786,0.129,0
-0.796,-1.455,1.335,-0.457,1.197,0.366,-0.384,-0.168,0
-0.467,-0.322,-0.665,0.076,-0.085,1.086,-0.169,0.878,1
1.854,-0.543,0.095,-0.767,0.847,-0.123,0.204,-0.056,1
0.211,-2.099,-0.912,0.714,0.121,-0.01,0.039,-0.028,0
-0.596,1.003,1.001,1.243,1.996,-1.007,0.177,0.073,0
1.398,-0.322,0.621,0.668,-0.014,0.608,-2.402,1.245,0
0.902,1.145,1.852,0.684,0.993,0.275,0.345,-1.096,0
-0.669,-0.834,-1.979,-1.384,0.931,0.001,-0.323,-0.872,0
1.538,2.357,0.561,0.609,0.063,-0.151,1.179,-2.281,0
-0.223,0.714,0.595,-0.868,1.715,0.208,1.596,0.153,0
1.049,-0.664,1.234,-1.891,-0.129,0.29,-1.358,-0.41,0
-0.835,1.368,-0.959,-0.347,0.741,0.088,-1.344,-1.537,0
-1.076,2.209,0.006,1.59,-0.387,-0.127,-1.309,-0.185,1
1.276,-1.456,-1.49,0.561,1.381,0.428,0.073,0.058,1
-0.291,1.009,-1.853,0.863,1.547,0.832,-0.214,0.484,1
-0.587,1.84,0.91,0.742,0.627,0.681,-1.498,1.412,0
1.037,-1.949,0.984,0.217,0.437,0.472,-0.625,1.06,0
-1.591,-2.917,-0.79,-1.963,-1.372,-0.087,0.664,-0.728,1
1.29,-0.043,-1.125,0.192,-0.493,0.692,-1.424,-0.977,1
0.855,-0.588,-0.491,-0.851,0.183,-0.149,0.549,1.907,1
0.975,0.476,0.323,0.47,-1.051,0.907,1.919,-0.358,0
-0.584,-0.307,-1.551,0.724,1.065,0.088,-0.635,0.67,1
-0.898,-1.871,0.193,-0.704,-0.43,1.239,-0.214,0.92,1
1.502,-0.454,-0.157,-1.192,0.024,0.562,0.346,-1.311,0
-1.186,0.326,-0.421,0.847,-0.918,1.431,-0.354,0.068,0
-0.076,-0.607,-1.517,-1.081,-0.37,-0.264,-1.895,-0.145,0
0.698,0.302,2.074,-0.632,-0.6,-0.44,-1.358,0.14,0
-0.924,0.744,-0.333,-1.526,-0.072,1.26,-0.174,1.6,1
0.307,1.072,1.575,-0.858,0.064,0.881,-0.203,-0.862,0
-0.606,0.05,0.319,1.64,-0.37,0.706,-0.106,-0.403,0
-0.042,0.366,-1.418,1.169,-1.49,1.657,-1.047,1.557,1
-0.284,-0.636,-0.599,-0.073,-0.43,0.41,-0.216,0.918,0
-0.61,0.872,0.441,-2.6,-0.144,-0.288,1.451,2.399,1
-0.038,1.851,0.339,-0.974,-0.243,0.841,1.125,-0.597,0
0.692,1.603,-0.288,0.853,-0.14,-0.938,0.928,0.738,0
0.834,-1.25,0.894,1.096,-0.729,-0.898,0.657,1.12,0
1.63,0.023,-1.27,0.764,1.454,1.261,-1.132,-0.561,0
-1.766,-0.106,0.274,0.469,-0.95,2.131,2.05,0.392,1
0.439,1.008,0.749,0.503,0.05,-1.223,-0.196,-0.682,0
-0.428,0.42,0.743,-0.262,-1.57,0.889,2.469,-2.5,0
-0.074,-1.32,1.138,0.531,-0.431,0.323,-0.599,0.62,0
1.07,-0.062,-0.145,0.424,0.177,-0.533,0.023,-0.018,1
-1.51,0.794,-0.267,-0.199,0.934,-1.222,0.717,-0.919,0
1.86,0.018,1.936,-0.035,2.662,1.291,1.5,-0.38,0
-1.413,0.375,-0.738,0.451,-0.092,-1.329,1.109,1.33,1
0.22,0.358,-1.896,-0.134,-0.216,-0.353,-0.159,0.265,1
-1.415,0.933,-0.792,0.276,0.161,-2.833,1.665,3.239,1
1.226,-0.463,-0.993,-0.023,0.583,-0.815,-0.815,-0.317,0
0.745,-1.627,-1.091,-2.139,-0.718,2.857,-0.248,0.246,1
-0.3,-0.69,1.01,-0.588,1.777,0.252,-0.115,0.543,0
-1.015,-1.951,-0.112,-0.26,1.307,-0.213,0.357,-0.571,1
-0.141,-1.299,1.114,0.087,-0.502,-0.178,-0.375,1.523,0
-1.394,0.932,-0.613,0.157,0.461,1.203,1.953,0.025,1
0.075,-1.152,-0.829,-0.809,-0.65,-0.483,0.107,-0.996,0
1.647,-0.648,0.248,-1.347,0.61,-0.128,2.491,-1.177,1
-0.802,-0.566,-0.328,0.551,0.097,0.22,-0.385,-0.72,0
-0.834,-0.913,-0.653,1.727,-0.661,-0.354,-0.314,0.64,1
-1.055,0.643,0.628,1.037,0.187,-0.467,-0.738,-1.57,0
0.001,0.633,0.833,-1.322,-1.18,-0.295,-0.289,0.177,0
-1.192,-1.011,0.61,-1.663,-1.159,-0.692,-1.682,0.446,0
-0.36,-0.69,-1.266,1.038,-1.246,1.789,-0.557,-1.254,0
1.212,-0.704,-1.603,-0.799,0.545,-1.86,-0.423,0.219,1
-1.499,0.407,-0.547,-1.177,-0.489,-1.123,-0.742,-0.892,1
0.646,1.414,0.573,0.551,0.33,-0.667,-0.23,0.283,1
0.496,-0.475,-0.581,1.509,2.085,1.304,-0.314,-0.282,1
0.788,-0.82,-1.302,0.036,0.267,-0.004,0.792,1.934,1
-1.789,1.332,1.432,-0.09,-0.735,-1.248,1.317,0.294,1
-0.399,-0.074,2.465,0.61,-0.818,-1.347,0.04,0.891,1
-0.377,-1.307,-1.642,-0.493,-0.374,-0.621,-1.056,-2.012,0
0.597,-0.753,0.866,-0.136,-0.489,0.607,-0.942,1.862,1
-0.781,0.02,0.18,0.236,-0.589,-0.212,-0.96,0.415,1
-0.449,-1.128,0.135,1.892,-1.307,-0.422,0.379,0.712,1
-0.022,0.07,-1.784,0.395,0.739,0.615,0.883,-1.332,0
-1.228,-1.103,0.308,0.854,-0.585,-0.881,-0.278,-0.702,0
-0.878,-0.637,0.048,-0.291,0.777,-0.67,-2.455,-0.609,1
-1.105,2.64,1.324,-1.008,0.058,-0.88,-1.23,0.472,0
1.153,-0.349,-0.129,1.593,1.065,-0.451,-1.981,0.354,1
0.027,-0.329,-1.611,0.07,-0.788,-0.573,0.742,1.015,1
-0.169,0.664,0.566,-0.341,0.626,-0.455,0.645,-2.433,0
-0.696,-0.011,-1.795,1.284,1.137,-0.091,-1.739,-1.009,1
-2.227,0.223,-0.754,-0.175,-0.641,-0.914,-1.011,0.95,1
-0.244,-0.419,-1.323,-1.476,-0.765,0.064,-0.718,-1.297,1
0.085,0.105,0.933,-0.143,0.197,0.771,0.959,1.143,0
2.503,-1.153,-0.368,-0.448,0.242,1.365,0.192,0.045,1
0.644,-0.832,0.399,-1.34,-0.632,0.432,0.623,1.282,1
-0.968,-0.5,0.175,-0.754,0.341,0.346,-1.157,-0.459,0
0.93,-0.802,-1.259,-0.436,1.055,1.139,1.041,-0.21,1
-2.43,0.252,-0.602,-0.121,2.444,-0.04,0.687,-0.343,1
-0.389,-0.168,1.613,0.384,-0.797,1.267,1.214,1.02,1
0.442,-0.768,-0.675,-0.273,-1.805,-1.634,-0.976,-1.863,0
-1.549,0.023,0.206,-0.183,-1.372,-1.393,2.385,0.278,1
-0.656,-0.12,0.838,-0.177,0.843,0.837,-0.325,0.411,0
-0.448,0.247,-1.337,0.297,0.095,-1.112,1.647,-3.35,1
-0.701,-0.646,-1.192,-0.959,1.82,-0.13,-0.989,1.986,1
2.183,0.689,-1.14,-0.174,-0.948,-1.674,0.343,0.501,1
-0.267,0.577,0.923,-0.799,-1.172,-0.038,0.918,-0.474,0
-0.689,-1.487,-1.715,0.092,0.676,0.466,-2.572,-0.009,1
0.807,0.003,-0.361,0.603,0.852,0.685,-0.254,0.812,0
1.051,1.239,-1.706,-1.3,-0.358,0.204,0.189,0.915,1
0.326,-0.567,-0.292,0.369,1.307,0.21,0.591,-0.816,0
-0.483,2.599,-1.612,-1.881,-0.779,1.335,0.976,-0.807,1
0.558,0.036,0.215,0.098,1.49,-1.03,-0.038,-0.258,0
-0.655,-1.037,0.51,0.253,1.048,-1.195,0.184,0.402,1
-1.327,0.731,-0.504,0.071,0.3,0.099,-0.05,-0.32,1
-0.84,0.893,1.298,0.196,1.559,1.374,0.912,0.843,1
0.347,-0.946,-0.332,-0.484,-0.746,1.032,0.533,0.235,1
-1.799,1.079,1.209,-1.577,0.778,2.577,-1.526,0.187,0
-0.375,-0.897,-1.082,-0.717,-0.889,-1.387,-0.919,1.009,1
1.991,1.473,-1.428,0.629,1.443,-1.543,2.755,-1.143,0
0.248,-0.215,1.834,0.726,0.525,0.274,1.261,0.257,0
-2.013,-0.835,-2.091,0.635,2.069,0.35,-1.325,-0.099,1
-1.03,1.385,1.457,-0.001,-0.54,-0.761,0.445,0.663,1
1.187,-0.442,-1.375,1.277,-2.07,0.145,-0.526,-0.79,1
-0.185,1.245,0.146,-0.358,-3.684,1.263,0.343,2.558,1
0.116,1.384,-2.328,0.89,-2.114,-0.527,-1.32,-2.083,1
1.353,-0.113,-0.232,0.041,1.555,-0.702,0.717,1.996,1
-0.594,0.12,-0.441,1.674,-0.241,-0.391,-0.173,-1.113,1
0.161,0.708,-1.622,1.64,0.094,0.308,0.093,-0.87,0
0.697,0.125,2.002,-0.735,0.426,0.499,-0.797,-0.622,0
-1.28,-0.606,0.343,0.873,1.461,0.429,0.879,-0.648,0
1.513,-1.049,-0.045,0.93,-1.862,-0.146,-1.581,0.91,0
-0.429,0.793,1.152,-1.138,0.333,-1.915,0.253,1.37,1
0.585,-0.09,0.052,-1.545,1.62,-0.26,-0.436,-0.182,0
-0.769,0.142,-1.754,-2.337,-1.202,-0.691,-1.697,0.508,1
-0.265,-0.983,0.783,0.436,1.142,0.154,1.246,0.424,1
-0.187,1.125,1.385,1.009,1.253,-0.749,0.895,1.197,0
-2.045,1.32,0.319,0.723,-0.873,-0.077,-0.12,-1.127,0
1.609,1.521,-0.47,-1.754,0.317,-0.027,0.382,-2.317,0
-1.097,-0.899,0.053,0.26,0.518,0.43,0.209,0.431,0
-0.309,-1.56,1.155,-0.119,-0.736,-1.003,-0.422,0.495,0
0.509,1.24,-1.398,-1.456,-1.741,-2.051,-1.547,0.685,1
2.194,-0.663,-1.502,-0.265,-0.866,-0.561,-0.463,-0.323,1
-0.473,0.664,1.144,1.59,0.012,-1.529,0.818,-0.76,0
0.913,0.434,0.16,2.418,-0.603,1.478,0.998,0.755,0
-1.18,-0.458,0.177,-0.6,0.179,0.468,-0.169,-1.195,0
1.266,-0.288,-0.175,0.204,0.928,1.646,-0.329,0.204,1
0.865,-1.018,1.21,0.344,-1.273,0.72,0.922,-0.978,0
0.37,-0.108,0.655,-0.932,-1.407,2.096,-1.319,-0.389,0
1.144,1.272,0.929,0.47,0.554,-0.377,-0.236,0.578,0
2.083,2.43,-0.139,-1.943,-1.433,-0.96,0.028,0.122,0
1.04,0.485,0.974,0.168,0.472,0.618,-1.354,0.415,1
-0.124,-0.405,-0.206,0.505,-0.396,1.01,-2.902,0.524,0
-0.244,-0.147,-1.957,-0.978,-0.476,1.213,-0.673,0.117,1
-0.741,1.146,1.542,-0.719,0.223,-1.293,-0.39,0.281,0
-0.384,0.793,-0.124,0.395,-1.161,0.679,0.432,-2.255,0
-0.098,-0.621,-0.31,-0.703,1.363,0.628,-0.649,-0.711,0
0.842,1.295,0.952,0.444,-0.625,-0.403,2.671,-0.657,0
-2.335,0.548,0.137,0.775,0.007,0.324,1.728,-0.664,1
-1.699,-0.98,1.164,-0.308,-0.784,1.663,1.698,-0.597,0
-0.868,0.756,-0.249,1.625,0.772,-0.485,0.561,-1.564,0
-1.075,0.201,0.137,-0.612,1.546,0.171,-1.024,1.667,1
0.049,0.309,-0.627,1.577,1.649,1.157,-0.744,0.057,0
-0.187,-1.535,-0.177,0.76,0.135,-0.568,-0.791,-1.445,0
0.022,1.056,1.881,0.871,-0.94,0.813,-0.649,-2.738,0
-0.475,-0.713,-0.649,1.051,-0.414,-1.199,0.889,1.642,1
-1.292,0.797,-0.897,-0.312,-1.397,0.362,0.046,0.945,1
-3.655,-0.098,0.807,1.599,0.246,1.141,-0.81,0.389,0
-0.211,1.162,-0.505,-1.15,0.254,1.164,0.253,-0.023,0
1.134,-1.105,-0.44,-0.367,0.492,-1.032,0.544,0.709,1
-0.379,0.16,-0.845,0.309,0.53,0.178,-0.863,0.241,1
-0.291,0.035,0.143,-0.279,-0.175,-1.653,0.123,0.221,1
0.44,1.839,1.587,-2.206,1.527,-0.057,1.237,-0.767,0
0.814,-0.325,-0.035,0.612,-1.403,0.182,-0.194,0.017,0
-1.151,-1.735,-1.354,0.102,-0.701,-0.716,1.115,1.653,1
-1.022,-1.54,-2.407,-0.28,0.021,-0.29,1.106,-0.929,1
1.086,1.664,-0.494,-0.963,-1.242,-0.245,-1.993,0.593,1
0.64,0.512,-0.317,0.423,-0.092,1.823,0.622,-0.58,1
0.107,-0.352,0.684,0.475,-0.745,1.854,-0.695,0.231,1
0.168,-1.553,-0.524,-0.525,-3.394,-0.48,0.035,1.67,1
0.823,0.497,-0.462,-0.521,0.636,-0.172,-1.594,-1.146,0
0.671,-0.902,0.444,-0.794,0.495,-1.209,-0.214,1.701,0
0.471,-0.216,1.436,0.438,1.892,0.161,-0.972,-1.487,0
-1.54,-0.633,-2.045,0.468,0.607,1.041,-1.92,-0.567,1
-0.217,-1.592,-0.056,1.128,-0.434,-0.427,1.725,0.523,1
-1.22,0.458,1.066,0.102,0.895,0.027,2.134,-0.779,0
-0.046,1.097,-0.739,-0.628,1.276,-0.501,1.296,0.728,1
-1.14,0.38,-0.153,0.266,-0.055,-1.419,-0.54,0.584,1
0.035,-0.139,0.404,-1.096,1.144,-0.33,0.325,-0.571,0
-0.345,0.103,0.391,0.742,-0.693,-0.585,-0.747,-0.368,0
0.382,-0.706,-0.985,-0.026,0.283,-0.054,-0.069,0.456,1
-0.592,0.016,-1.218,0.999,-1.242,-0.316,-1.594,1.461,1
1.698,0.306,1.389,0.497,-1.09,-0.627,-0.711,-0.306,0
0.238,-2.336,0.403,-0.23,0.053,-0.003,0.535,0.458,0
-0.619,-0.85,0.756,1.023,0.881,-0.228,0.953,1.239,1
-0.972,-0.339,-0.254,1.037,0.844,-0.101,-1.089,0.998,1
1.545,-0.169,1.613,1.038,1.361,-0.2,-0.658,0.129,0
0.311,-0.15,0.312,0.758,-1.401,-1.208,-0.686,-0.423,0
0.126,-0.26,-0.919,0.671,1.913,2.298,0.399,0.405,1
-1.954,0.435,-0.011,-1.063,-0.658,0.501,-0.074,-0.495,1
0.017,1.885,-2.11,-0.116,0.479,-1.082,0.652,-1.565,0
0.686,-0.34,1.121,1.027,0.224,1.14,1.005,-1.762,0
-0.105,0.328,-0.857,-0.646,0.016,-0.196,-0.737,-0.176,1
1.817,-1.459,-0.068,1.679,-0.765,1.235,-0.538,0.11,0
-0.316,-1.203,1.953,-0.381,0.103,0.094,1.354,-0.245,0
-0.718,-0.484,1.107,-0.697,-2.309,1.606,0.3,-0.385,1
-1.283,0.83,-0.269,1.047,-1.61,0.246,-3.085,0.706,0
-1.169,-0.519,1.801,0.22,-0.529,0.849,-0.331,0.153,0
0.525,0.607,0.52,0.553,-0.344,-0.361,0.096,0.19,0
0.075,0.294,0.676,-0.563,-3.39,-0.121,-0.429,-1.267,0
0.729,-0.801,0.448,-0.243,1.907,0.078,0.022,0.167,1
0.49,-0.499,1.513,1.36,1.322,0.346,1.902,-1.739,0
-1.198,0.561,0.228,0.834,-0.174,-0.826,1.582,1.009,1
-1.191,-0.531,-0.907,-0.693,-0.749,0.214,0.287,-0.846,1
0.968,-0.944,-0.137,0.05,0.236,-0.602,1.191,-0.409,1
-0.015,-2.431,-0.758,0.211,-0.004,-0.616,-0.301,-0.521,1
1.973,0.378,-1.657,2.474,-0.812,0.03,-0.712,0.386,1
0.828,-1.577,-1.214,-0.506,-0.172,1.901,0.799,-0.361,1
-0.782,0.278,0.382,0.379,-1.277,0.386,-0.335,0.24,0
-1.047,-1.442,-0.549,-2.178,0.387,1.245,0.518,1.587,1
1.533,0.657,-0.329,-0.63,0.11,0.005,0.981,0.144,0
1.83,0.691,-1.033,-1.259,-0.179,0.65,-1.618,0.974,1
-1.298,0.412,0.618,-0.127,-1.152,-0.136,0.648,-0.079,0
0.989,1.315,-0.332,-1.615,1.032,-0.16,-0.859,2.014,1
-1.918,-0.169,-1.146,0.152,1.599,0.34,1.319,-0.204,0
1.125,-0.423,-0.286,-0.17,0.42,-1.436,0.287,0.792,1
0.919,0.094,0.726,0.324,-0.111,0.071,0.761,0.75,0
-1.356,-0.921,-0.679,0.22,-1.273,-0.354,-1.342,-0.159,1
-0.988,0.455,0.756,1.202,-1.529,0.644,0.988,1.616,1
-1.316,-0.258,-0.744,-1.543,-0.79,1.033,-0.316,0.389,1
1.582,0.154,1.697,-0.348,0.851,-0.226,0.249,1.183,0
-0.13,-0.087,1.104,-0.404,-0.259,0.908,0.864,-1.168,1
-0.704,0.306,-0.309,2.186,0.287,-0.065,-0.241,-0.822,0
-0.612,0.157,1.967,-0.256,0.16,-0.477,1.316,-1.426,0
-0.021,-1.101,0.194,-0.742,-0.145,0.895,1.341,-1.348,0
1.064,2.055,-1.461,0.636,-0.799,0.869,-2.366,2.08,1
-0.063,1.473,0.319,0.15,0.172,-0.232,-0.03,2.183,1
-1.914,-0.031,-0.221,-0.434,-0.573,1.921,0.52,-1.408,1
-0.805,0.757,-0.759,-1.281,0.07,0.322,0.264,-0.844,1
1.46,1.161,0.818,0.076,0.401,-1.079,0.044,0.034,0
1.068,1.43,-0.335,-1.805,1.117,-1.41,0.842,-1.323,0
-1.175,1.678,0.918,-2.067,-0.759,0.194,0.742,1.96,0
-0.215,-0.774,1.039,-0.387,-0.754,-0.114,1.066,-0.356,0
0.547,0.177,2.798,-0.101,0.503,-0.09,0.825,-0.874,0
-0.152,0.402,-0.11,-1.317,-0.544,0.507,-0.45,-0.448,0
-0.432,-0.718,-1.067,1.047,-0.543,-0.552,1.341,-0.183,1
0.527,0.039,1.789,-1.613,0.215,-1.39,0.11,1.267,0
-0.509,-0.848,2.796,0.353,-0.413,-1.16,0.279,-0.04,0
0.589,0.598,-0.765,-0.144,-0.732,0.721,-3.088,-0.256,1
0.025,0.038,0.707,-0.956,1.426,-0.444,-0.313,-1.278,0
-0.24,-1.95,-0.645,0.153,1.265,0.049,-2.278,-0.592,0
0.897,1.753,0.296,-0.519,0.397,-0.308,1.441,-0.578,1
0.08,0.548,0.174,-0.62,0.662,1.225,1.11,-0.823,1
0.494,-0.839,0.113,-0.68,0.901,-0.558,2.006,-0.001,1
-1.2,-0.759,1.822,-1.351,-1.079,-0.627,0.116,-0.854,0
-2.511,-0.552,0.462,-2.007,-0.571,-0.285,2.196,0.521,0
0.513,0.475,0.562,1.091,1.293,1.101,0.835,0.506,0
0.138,1.029,-0.303,0.154,0.76,-0.574,0.192,-0.335,0
1.921,-1.405,-0.284,0.479,1.022,0.492,0.694,0.034,1
1.948,0.409,-0.502,0.41,-1.47,-0.076,0.411,-0.103,0
0.941,0.662,-0.604,1.07,1.22,0.775,1.622,-1.541,1
-0.144,-1.558,0.781,0.849,0.604,-0.954,-0.777,1.088,0
-1.331,1.221,1.902,2.087,1.853,0.213,1.331,0.429,1
0.809,0.456,1.471,-1.262,-0.751,0.508,0.848,1.654,0
-0.272,-1.031,0.954,-0.771,0.881,-0.695,0.77,-0.05,0
1.128,0.789,-1.029,0.007,0.681,1.564,0.375,-1.546,1
0.544,0.23,-1.618,-0.372,-2.949,0.662,-2.426,0.285,1
0.545,-1.218,-0.287,0.529,-0.138,-0.598,-0.416,-0.204,0
-0.575,0.565,-0.819,0.678,-2.132,-0.025,0.541,2.043,1
0.781,0.884,-0.509,0.725,-2.008,-0.611,0.811,0.036,1
1.475,0.448,-1.281,1.078,0.91,-0.14,0.299,1.091,0
-0.212,0.06,0.145,-0.562,-0.653,0.536,-0.067,-0.098,0
0.13,-0.356,2.073,1.362,-0.521,-0.827,0.444,-0.642,0
-2.349,0.261,0.51,0.316,0.129,-0.711,0.294,0.283,1
-0.372,1.028,0.155,-0.107,-0.451,1.898,1.697,-0.371,1
0.668,2.164,-0.697,-0.001,-0.098,-0.642,-0.34,0.84,1
1.179,-1.181,1.665,-1.778,-2.86,-1.091,1.577,-0.796,0
0.342,1.13,0.273,-0.597,0.266,-0.26,-0.67,1.574,1
-0.445,0.414,0.716,-1.223,0.044,-0.963,0.234,-0.802,0
1.743,-0.557,0.633,-0.898,-0.771,-0.657,0.009,-0.948,0
-0.889,-0.189,1.312,-1.342,1.224,-0.841,-0.878,1.029,1
1.69,-0.342,0.421,0.676,1.2,-0.292,0.206,-0.153,1
-0.38,-0.323,0.461,-2.119,1.633,-0.193,-0.303,-0.342,0
0.24,0.416,-1.557,0.615,-0.246,-1.01,0.731,-0.196,1
0.841,0.432,-0.317,0.311,0.037,0.261,-1.096,-0.527,0
-0.528,0.289,0.178,0.426,-1.267,-1.289,-1.001,1.364,1
0.945,-0.587,1.767,-0.336,-1.221,-0.183,1.818,-0.234,0
-1.193,1.222,-0.943,1.676,-2.097,-0.261,0.753,0.918,1
2.932,1.116,0.008,0.033,-1.383,-0.209,-1.107,1.61,1
0.746,-2.136,-0.043,-0.968,-0.078,-1.545,0.151,-0.732,0
-2.445,1.082,1.121,1.228,-0.353,-0.517,-1.708,1.936,1
1.646,-0.753,-0.447,0.975,-0.847,0.28,0.577,0.442,1
-1.778,-0.909,0.269,2.077,-2.087,-1.567,1.056,-0.452,1
-0.496,1.49,0.841,-0.914,-1.287,-1.485,0.837,-0.173,0
-0.316,-0.429,-0.92,-0.666,0.716,0.412,0.979,-0.348,1
-1.21,0.14,2.1,-1.295,-0.652,-0.273,-0.09,0.676,0
1.295,1.925,1.975,-0.856,1.117,0.5,-1.312,0.069,0
-0.725,-0.184,-0.51,-1.536,-0.024,-1.548,1.038,1.296,0
1.08,0.124,-1.098,-1.107,1.334,-0.006,0.125,-1.272,0
-0.896,1.338,-0.727,-1.466,1.031,0.514,0.085,-0.71,1
-1.523,0.7,0.933,-0.215,0.697,-0.978,2.165,-2.573,0
0.896,-0.045,0.3,-0.641,0.201,0.197,1.214,0.661,0
2.077,-1.568,-0.439,0.635,0.005,0.025,0.339,-1.679,1
-0.603,-0.05,0.301,-0.935,-0.079,-1.752,0.422,-0.67,1
-0.468,-0.005,-0.377,1.989,0.705,1.579,-0.789,1.515,1
1.579,-2.301,-1.535,1.386,0.896,-0.146,-0.945,-0.415,1
0.465,0.055,1.443,-0.108,-0.028,0.235,0.525,1.274,0
-0.5,1.41,0.839,-0.766,0.02,0.058,-0.381,0.267,0
-0.905,0.135,0.871,-0.298,-0.109,0.326,1.054,0.109,1
0.369,-0.073,1.06,0.284,-0.188,-0.553,-0.251,0.108,0
-1.994,-1.194,0.631,-0.79,0.698,-0.121,-1.805,0.167,1
-1.773,-0.95,0.865,-1.242,0.49,-0.639,0.91,0.181,1
1.547,-0.393,0.213,1.195,0.57,0.446,-0.86,-0.175,0
-0.242,-0.041,-0.289,-1.434,1.884,-1.969,-1.416,0.535,0
1.073,-0.291,0.696,0.374,0.259,-1.551,-0.504,-0.248,1
0.064,1.079,-0.329,-1.723,0.979,-0.025,-1.292,-0.347,1
-0.472,0.756,1.479,1.285,-0.804,-0.694,1.068,1.823,1
1.189,0.954,-1.759,0.012,0.422,2.037,-0.135,-0.559,0
-0.511,-0.733,1.833,-0.158,-0.803,-0.154,-1.105,-0.901,0
0.422,-0.08,0.503,0.695,0.48,0.863,0.299,0.077,0
-0.172,-0.007,-0.272,0.218,-0.091,0.018,-0.199,-1.304,0
-0.312,-1.598,1.013,-0.525,1.35,1.317,0.169,0.851,0
-0.475,2.321,0.411,-0.555,0.243,-0.663,0.428,0.319,0
0.712,-0.752,0.073,-1.78,0.233,0.416,-1.147,0.817,1
-0.258,-0.308,1.842,-0.205,-2.016,0.348,-0.777,1.99,1
-1.449,-0.438,-2.351,0.795,1.309,0.334,0.711,-1.008,1
0.77,-0.229,0.497,0.478,-0.933,-0.676,-0.704,-0.301,0
-2.015,0.249,0.218,0.697,-0.652,-0.088,0.947,1.324,1
-0.798,1.543,-0.325,-0.843,-0.264,0.253,0.798,-1.055,0
-1.027,0.34,-0.992,-1.617,1.074,-0.661,-0.329,0.161,1
0.688,0.612,-0.232,0.031,-0.828,-0.877,-1.017,-0.796,0
-0.851,-0.62,0.554,-0.402,-0.753,-0.669,-0.359,0.892,1
0.505,0.485,0.807,0.058,0.057,0.279,0.394,-0.022,1
-0.739,-1.073,-1.564,0.713,1.694,1.348,-1.513,0.654,1
0.785,2.017,0.528,1.322,0.557,-0.091,-0.708,0.312,1
-1.132,0.239,2.016,-0.319,0.54,1.693,-1.123,2.349,1
0.294,-0.667,-1.072,0.829,-1.04,0.039,-0.414,-0.029,0
-1.775,0.396,0.288,-1.067,-0.791,0.355,-1.023,-1.077,0
1.772,-1.073,-1.822,1.93,0.252,0.032,-0.135,-0.029,1
-0.384,0.747,-2.203,0.925,0.588,-0.673,1.057,0.438,1
0.732,0.975,-0.065,-0.592,-0.503,1.587,-0.648,-0.414,1
-0.939,0.645,-1.324,-1.29,-0.33,0.53,0.797,-0.033,1
0.542,-1.912,1.148,0.807,-0.794,0.45,-0.428,-1.202,0
-0.108,0.535,1.197,0.266,-0.81,0.846,-0.17,-0.125,0
1.132,-0.234,0.829,-0.267,-0.454,-2.025,-0.892,1.364,1
0.95,-1.098,0.297,-0.765,2.157,-1.116,-1.193,0.743,1
-1.917,0.382,0.012,2.536,-0.97,0.232,0.631,-0.809,1
0.175,-0.725,-1.59,-0.065,0.701,0.847,-0.606,0.823,1
-0.272,-0.867,-0.402,0.345,1.039,0.811,-0.766,0.107,1
0.5,-0.153,0.075,0.053,0.003,1.096,-1.528,0.327,0
-0.812,-0.32,1.112,0.928,-0.362,0.748,0.846,1.057,1
0.996,0.057,0.425,0.286,-0.205,-0.491,0.48,-2.142,0
0.97,0.744,-0.111,-2.18,0.328,-0.069,-0.327,-0.603,0
0.154,-1.125,0.104,1.792,-0.796,0.644,-2.559,-1.501,0
-0.776,0.257,1.311,-0.425,-0.034,0.537,-0.47,-1.018,0
1.213,1.26,1.926,-0.442,-0.108,0.214,0.865,-0.452,0
-0.785,-0.264,-1.787,-0.231,-1.535,-0.144,-1.218,-0.423,0
0.798,-1.013,-0.757,0.826,0.931,-0.066,0.737,1.103,1
0.683,-0.773,1.27,0.539,0.346,1.055,-0.653,-1.177,0
0.622,-0.454,-0.322,-1.484,-1.095,0.181,1.019,-0.646,0
0.77,0.435,0.967,0.426,-1.155,0.133,0.396,0.315,0
-0.819,-0.396,1.003,0.271,0.1,-0.579,0.771,1.48,0
1.906,0.549,-2.202,-1.369,0.439,-0.097,-0.318,-0.621,1
-1.335,-0.158,-0.349,-0.291,0.52,0.525,-0.026,0.762,0
0.629,0.271,1.804,-0.735,0.856,-0.819,0.376,-1.337,0
0.855,-1.671,1.557,0.129,0.895,0.265,-0.442,1.298,0
0.542,-0.211,0.115,0.02,-0.338,1.581,-1.168,-0.629,0
1.373,1.126,2.017,-2.308,1.043,-0.672,-1.336,0.736,0
0.998,-1.194,-0.331,-1.665,-0.509,0.21,2.009,0.18,1
0.229,-1.208,-0.03,-0.224,-0.515,-1.11,-1.291,1.185,1
0.537,-0.052,-0.628,0.463,-0.609,-0.228,0.808,-0.564,0
0.073,0.399,0.841,-0.827,1.537,-1.635,1.089,0.495,0
-0.068,0.012,0.264,0.42,0.713,0.639,1.946,-1.223,1
-0.524,-0.913,-0.642,0.681,0.244,-0.077,-1.582,-1.497,1
-1.165,0.673,0.125,-0.297,-1.211,-1.03,-0.742,0.428,0
-0.182,0.119,1.993,0.423,-0.425,-0.842,0.882,1.402,1
0.624,-1.067,0.726,0.241,0.979,0.834,-0.277,-0.744,0
0.539,0.435,0.553,-2.69,-0.53,-0.361,-0.762,1.12,0
-2.483,0.486,2.177,0.015,-0.366,0.95,-0.011,-0.413,0
-0.333,2.044,-0.252,-0.594,-0.024,-0.066,0.041,0.633,1
2.179,-0.458,-1.841,0.305,1.493,0.942,-0.463,1.025,1
1.199,-0.408,1.767,0.27,0.065,0.544,0.445,-2.42,0
-0.202,-0.118,-0.302,1.775,-0.748,0.858,-0.194,1.834,1
-0.099,-0.476,-0.451,-0.798,-0.857,0.294,-0.421,-1.63,0
-0.769,1.192,-0.039,-0.156,1.58,0.048,-0.199,-0.187,0
-0.421,-0.516,1.446,-0.138,0.111,1.657,0.61,1.977,0
-0.333,0.065,-0.715,-0.207,1.275,-1.181,-0.531,1.497,1
-0.752,-0.133,-0.646,0.088,-1.51,-1.091,-0.187,-0.821,1
-1.481,-1.083,-0.276,-0.466,0.077,0.269,1.039,-0.321,1
1.31,-0.194,-0.346,0.139,0.578,-0.677,-0.569,-0.249,1
-1.26,1.114,-0.202,0.268,0.051,1.505,0.67,0.245,0
-0.474,0.845,-0.375,0.312,-0.774,0.717,-0.158,-0.747,0
-0.374,0.6,0.269,-1.703,0.246,-1.004,-1.677,1.549,0
-1.404,-1.128,0.313,0.705,-0.423,-1.896,-0.645,-0.456,0
0.215,0.559,0.314,0.055,-0.634,-1.706,0.627,1.127,1
-0.747,1.356,-0.856,0.324,-0.083,0.338,1.279,3.088,1
-1.248,-0.676,0.423,-0.237,-1.147,-0.085,0.972,1.366,1
0.321,-0.394,-0.511,-1.379,0.933,-0.138,-0.312,0.357,0
0.626,0.373,-0.212,0.627,-0.347,-0.579,0.59,0.377,1
-0.114,-0.504,0.202,0.884,-0.841,0.519,1.283,0.492,1
-0.385,1.155,-0.22,-0.195,-0.551,0.997,-0.254,0.911,1
-2.469,0.344,0.654,0.218,0.629,-2.013,2.243,0.287,0
-0.529,0.71,-0.633,0.536,0.829,0.393,0.596,-1.058,0
-1.368,-0.486,-0.369,-2.531,-0.158,0.039,-0.681,1.401,1
-0.676,0.084,-1.341,-1.183,0.719,0.467,0.031,-1.749,0
0.005,-1.309,1.081,0.234,-0.933,1.412,0.568,-0.705,0
0.365,-0.761,-0.244,1.034,0.708,-0.641,-0.639,-1.266,1
-0.079,-0.277,-0.842,-2.889,-0.398,-2.784,-1.021,0.318,0
-0.118,-0.67,-2.505,-0.203,-1.382,1.226,1.283,-0.77,1
1.346,0.196,-1.093,0.641,-0.71,-1.165,0.636,-0.246,1
-0.559,0.317,1.561,-1.904,0.63,0.515,-0.872,-0.432,0
1.037,-1.01,0.073,-0.095,0.335,-0.276,-1.548,0.537,0
-0.411,-0.061,2.387,-0.892,0.455,-0.133,-0.605,-0.976,0
-1.063,0.698,1.291,0.168,2.623,-0.931,-0.865,0.46,1
-1.168,-1.254,0.542,1.372,0.085,-1.33,0.692,-1.509,0
0.306,-1.092,0.062,-0.004,-0.767,-0.429,0.383,-1.231,0
0.65,-0.083,-0.044,-3.129,-0.878,-1.867,-0.788,0.411,0
-0.356,0.122,-0.288,1.609,0.374,-0.793,-1.228,0.226,1
-0.419,-0.922,1.96,-1.059,0.281,-0.235,0.957,-2.015,0
0.622,0.072,-1.572,-1.203,2.347,0.302,-2.286,0.316,1
1.715,2.37,-0.087,-1.119,0.558,-0.849,-1.274,-0.716,0
-1.682,-0.385,1.499,-0.077,-0.245,0.158,0.249,0.885,1
-0.645,1.834,-0.505,0.949,1.519,0.675,-1.649,-0.78,0
-0.434,-0.899,1.321,1.192,1.134,-0.016,-0.416,-1.177,0
-0.554,-0.044,-0.821,-0.198,-0.798,0.009,-0.224,0.189,1
0.446,-0.215,-0.365,1.68,0.944,0.749,0.736,-1.42,0
1.101,-0.218,0.256,-1.2,0.184,-0.247,-0.118,1.634,1
0.05,0.209,-0.189,1.051,-0.876,0.104,-1.576,0.275,0
-0.906,0.403,0.975,0.156,0.736,1.07,0.433,0.088,0
-1.141,-0.789,0.479,-0.706,0.652,-1.435,0.228,-1.102,1
-0.141,-0.011,-1.593,-1.063,0.129,-0.448,0.129,-0.22,1
0.858,-0.154,-0.288,-0.82,-0.389,-1.06,0.735,-0.696,1
-1.822,-2.304,-0.068,0.237,-0.902,-0.472,-0.693,0.248,0
-0.465,2.054,-0.823,0.991,0.999,-0.655,0.3,-1.37,0
1.095,0.677,-0.253,1.388,1.633,-0.45,-1.187,1.025,0
-1.172,1.537,-0.101,-0.559,0.672,1.575,-0.104,-0.541,1
0.729,0.608,-0.282,0.386,0.03,-0.882,0.865,-1.24,0
-1.507,0.376,-0.02,-0.695,-1.036,-0.929,0.491,-0.402,1
-0.612,-0.569,-0.494,-0.21,0.577,0.646,-0.442,0.392,0
-0.725,0.547,0.698,-1.828,0.397,0.185,-1.164,-0.665,0
1.793,1.332,2.535,0.05,-0.904,1.814,-0.292,-1.648,0
0.157,1.394,-0.616,0.143,-1.193,0.811,0.637,-0.444,0
0.903,-0.876,-1.863,-0.205,-0.263,-1.177,-0.401,-1.671,0
0.403,-0.324,0.679,-0.651,-0.818,-1.911,-0.345,0.151,1
1.579,0.133,0.357,0.082,0.533,0.601,-0.504,-1.271,0
0.484,0.386,-1.615,0.349,-1.128,0.722,-0.757,-0.638,1
-0.232,-0.154,0.392,-0.586,0.296,-0.008,1.091,-0.162,1
-0.842,0.646,-0.4,-2.394,-0.875,0.064,0.452,-0.691,0
-0.16,0.249,1.423,-0.485,0.676,-0.688,1.595,-0.896,0
-0.725,-0.777,0.302,-0.564,-1.851,1.644,1.366,-1.081,0
-0.761,0.1,-1.864,0.353,-1.494,-1.219,-0.151,-1.098,1
0.108,-0.447,-0.149,-1.125,0.792,-1.339,-0.823,0.271,1
0.852,-0.988,-2.048,-1.697,-0.697,1.348,-0.536,-0.226,1
-1.554,-1.105,-1.153,-1.342,-0.332,-0.465,0.469,0.413,1
-0.251,-1.089,0.352,-1.148,-0.166,-2.025,0.468,-0.359,0
-1.555,0.075,0.133,0.863,0.444,0.76,1.779,0.294,1
0.294,0.581,-1.503,-0.542,0.564,0.81,-0.422,-0.273,1
-0.976,0.787,0.881,0.441,2.088,0.056,-1.119,-1.287,0
0.014,0.228,0.444,-2.444,-1.932,-1.118,-0.005,-0.484,0
0.041,0.451,-1.839,-0.07,1.737,-0.424,-1.626,0.177,1
0.483,0.007,0.049,0.023,-1.265,1.656,0.628,-0.586,0
0.697,0.959,0.378,1.244,2.126,-0.317,-0.91,0.531,0
-0.464,-0.206,-2.011,-0.089,1.669,-0.54,1.049,-1.321,1
-1.063,0.501,-0.401,0.468,-0.795,0.263,-1.267,-0.698,0
-0.344,1.15,1.446,0.741,0.148,0.475,1.234,0.101,1
-0.952,-0.39,0.271,-1.282,0.736,-0.301,1.326,1.171,0
0.223,0.88,-1.052,0.74,1.628,0.103,0.91,-0.175,1
0.354,0.137,-0.454,0.681,0.5,-2.501,0.073,0.766,1
-0.38,-0.309,0.01,-0.719,0.646,1.449,-0.129,-0.528,1
0.777,1.091,-1.015,-1.149,-0.25,-0.869,0.665,-0.917,0
-0.546,0.435,0.265,1.445,0.127,1.625,-1.664,0.159,1
2.569,-0.665,2.024,2.169,-1.148,0.069,-1.383,-1.413,0
-0.29,-0.596,1.883,-1.293,-2.046,0.558,-0.647,-0.721,0
-0.142,1.06,0.981,1.712,0.865,-0.069,0.058,0.241,0
-1.069,0.892,-0.867,-0.494,-0.703,1.078,-1.617,-0.851,1
-0.176,0.986,1.111,0.573,0.449,-0.951,0.89,-0.399,0
-0.851,0.301,0.732,1.295,-0.053,1.511,-1.592,-1.556,0
0.443,1.487,1.45,-1.348,0.304,0.873,-0.075,0.828,1
0.105,0.441,-0.13,-0.735,1.461,0.425,0.981,0.517,1
-1.394,-0.995,1.258,-2.132,2.098,-0.119,-0.526,-0.54,0
0.315,-0.528,1.116,-0.079,0.284,0.868,-0.976,0.308,0
-0.074,-0.514,1.93,0.576,1.728,-0.499,-0.024,-1.543,0
0.286,0.069,-2.22,0.43,2.578,0.238,0.892,-0.773,1
-0.666,0.495,1.426,-0.64,0.73,0.485,-0.033,-1.777,0
0.134,1.007,-2.419,-1.101,-0.872,-2.023,0.535,-0.293,1
-0.04,0.442,-0.945,0.846,-2.673,-1.1,-1.693,0.533,1
-1.143,0.789,-0.165,-0.063,0.534,-0.042,-1.569,-2.298,1
1.636,1.217,-0.222,0.146,1.857,-1.176,-0.35,0.632,1
0.408,0.627,0.826,-1.529,0.127,-0.143,-0.229,-0.861,0
-0.688,1.304,-0.59,0.492,-0.09,-0.771,-0.712,-1.719,0
0.255,2.324,-1.021,-0.49,-1.115,0.736,-0.636,1.434,1
1.121,0.212,-0.658,0.032,0.902,0.156,1.253,0.855,1
1.113,-1.595,-1.308,0.16,0.364,0.293,0.801,0.765,1
0.857,1.257,-0.165,2.865,-1.176,0.448,0.021,0.147,1
0.35,-0.641,0.135,-1.037,-0.084,0.929,1.328,0.287,1
0.642,-0.224,0.015,1.066,-0.41,-0.101,-1.025,-0.239,1
1.561,-0.122,0.358,-1.973,-0.244,0.817,1.146,-0.91,0
0.444,0.062,-0.647,1.496,0.023,-0.096,-0.686,-1.031,0
-0.087,0.167,-0.991,0.823,2.016,0.309,-0.083,-0.171,1
1.657,0.615,0.266,0.634,0.099,0.362,2.096,0.009,0
1.203,0.182,-1.806,-1.293,-0.114,-0.344,0.954,-0.864,1
0.956,1.248,-0.893,-0.21,1.151,0.244,-0.18,-0.39,1
-0.604,-0.826,-1.766,1.224,0.099,1.867,-0.005,-1.131,1
-0.494,0.303,0.889,-0.307,-0.257,-1.688,-1.356,1.177,1
-0.56,0.91,0.188,-1.383,0.381,-0.319,-1.701,0.709,0
-0.646,-0.672,-1.594,-1.011,-0.194,-1.09,-1.729,0.686,0
0.42,-1.023,0.41,-0.867,0.033,3.208,-1.368,1.847,0
1.121,0.064,-0.743,0.853,1.344,-0.711,0.715,-0.468,0
0.191,-1.026,0.556,-0.741,-0.595,0.039,1.27,0.182,1
-0.348,-0.251,-1.714,0.174,0.247,-2.024,-1.786,-0.53,1
-0.85,0.81,0.636,-0.172,0.57,-0.019,-0.832,1.057,0
-0.037,0.387,0.224,1.375,-1.002,-0.508,-0.749,-0.145,0
1.039,0.838,0.141,0.517,2.643,1.617,1.572,-0.014,1
1.111,0.251,0.377,-0.43,-0.997,0.197,-1.296,1.075,1
-0.576,-1.0,-0.836,-0.673,1.963,0.962,0.417,0.081,1
0.783,-0.415,1.046,-0.198,-0.412,-0.115,-0.339,-1.641,0
-0.015,0.506,-1.743,0.105,-0.152,1.703,0.145,1.469,1
-0.22,-1.273,0.768,-0.142,2.375,0.579,-0.118,0.912,1
-1.695,-1.905,1.148,1.081,-0.386,2.179,-0.122,-1.086,0
-1.646,-0.704,-0.556,-0.41,-1.195,0.541,-0.901,1.644,1
-0.435,1.464,-0.061,-0.705,-0.923,-0.001,0.578,-1.277,1
-1.895,0.021,-0.721,-1.548,-1.004,-0.231,0.757,0.734,1
-1.442,1.488,0.292,-0.693,0.132,-1.128,0.675,0.516,1
1.32,1.91,0.707,1.331,0.177,-0.64,-0.791,-0.48,0
0.741,0.384,1.255,-0.286,-0.437,1.001,0.295,0.601,0
0.48,-0.915,0.046,0.214,2.979,0.782,-0.57,0.339,0
0.695,-0.839,-0.2,-1.05,0.861,-0.145,0.648,0.389,0
0.753,0.663,0.661,1.299,0.668,-0.51,2.031,0.331,1
-0.88,-1.088,-0.023,-1.282,1.61,1.378,-0.861,1.965,0
-1.274,-0.34,2.161,-0.121,-0.8,0.664,0.224,1.045,0
1.389,-0.078,-1.517,0.586,-0.255,0.295,-0.849,0.513,1
0.397,-0.784,-0.186,-0.213,2.003,0.102,0.387,-0.796,0
0.542,0.42,-0.639,0.903,0.882,-0.139,0.107,0.035,1
0.564,-1.305,1.975,-0.613,0.087,1.228,1.69,-0.547,0
-2.002,1.596,1.288,-0.803,0.369,0.642,-0.588,1.234,1
0.205,0.33,-0.621,-0.408,0.608,-0.041,0.262,-0.462,1
-1.137,-1.717,-1.431,-0.812,-1.341,-0.322,1.507,-0.82,1
0.479,0.081,-0.259,-0.874,-1.199,1.266,1.081,0.935,1
-0.799,0.412,0.753,1.401,-1.857,0.382,-1.279,-0.994,0
-1.145,-1.677,-1.057,-0.984,-0.254,0.678,0.911,-1.291,0
0.048,1.672,1.897,-0.586,-0.104,0.12,-1.15,0.442,0
2.735,0.319,-0.739,0.648,0.451,-0.887,0.533,0.116,1
-0.52,0.194,0.112,0.325,1.429,0.575,1.767,-0.005,1
-1.016,1.033,-2.171,0.544,-1.564,0.472,0.874,0.016,1
-0.844,0.662,-0.081,0.581,1.034,0.359,0.303,0.033,1
-1.255,-0.381,-0.136,1.053,1.122,0.36,-0.728,0.521,1
-0.734,0.265,-1.426,-0.545,0.688,-0.934,-0.627,0.172,1
-0.481,0.058,-0.3,1.282,-1.341,-0.799,-1.107,-1.07,0
0.14,0.156,0.633,1.218,-0.096,-0.268,1.863,-1.526,0
-0.668,-0.533,-0.781,-1.258,0.362,-0.755,-0.473,-0.961,1
-1.131,0.472,0.657,-1.306,2.304,0.622,1.059,-0.732,0
-0.261,-1.431,1.825,0.143,1.764,-1.309,1.141,-1.26,0
-0.091,-0.522,-0.739,0.838,0.57,-0.555,-1.665,-1.182,1
-0.676,-0.064,0.335,-0.09,-1.136,0.472,-2.141,0.135,0
-0.179,-0.31,1.373,-0.452,1.124,-0.813,1.14,0.711,0
-1.249,0.418,-0.806,0.271,0.705,0.443,-1.671,0.929,1
-1.465,-1.533,1.085,0.846,-0.081,-0.873,0.814,-0.008,0
-1.296,1.178,-0.917,-0.636,0.163,-0.193,0.641,-0.556,0
-0.523,-0.554,-0.81,0.706,-1.417,-1.746,-0.246,0.539,1
-0.997,1.592,-0.694,-1.923,1.055,-0.345,-0.471,-0.023,1
-0.505,-0.625,-2.374,1.305,-0.229,-1.238,0.199,0.004,1
-0.413,-1.091,1.139,0.951,-0.206,-0.855,-0.454,-1.55,0
0.443,-1.014,0.334,-1.031,-0.932,0.222,0.222,0.158,0
-0.947,0.685,0.517,-0.74,-0.517,-0.723,1.939,0.622,1
-0.119,0.089,1.054,-2.131,1.752,-1.405,1.486,-0.963,0
-1.466,-1.84,-0.131,2.311,0.399,0.599,0.179,0.618,1
-0.081,-0.083,0.275,-0.096,-0.196,0.502,0.275,-0.798,1
-0.21,-1.083,0.598,0.422,1.675,-1.224,0.83,0.463,1
0.071,0.689,-1.757,-0.033,-0.092,0.907,-0.41,0.492,1
-0.724,0.014,-0.127,-1.737,-0.585,-0.871,0.275,-1.257,0
2.217,0.545,-0.589,-0.871,2.436,0.578,1.456,-1.17,0
0.183,0.914,0.067,1.244,0.579,0.555,1.019,-0.491,0
1.466,-0.471,0.031,-0.556,0.663,-0.626,-0.035,-0.51,0
0.476,-1.291,-0.278,2.155,1.876,1.558,-0.103,1.026,0
-1.268,-1.355,0.668,0.6,-0.003,-0.205,-0.278,0.183,1
-1.21,-0.381,-1.564,-1.219,-0.472,-2.165,1.564,-2.12,0
-0.773,-0.232,-0.67,0.563,0.049,1.197,-0.624,-2.287,1
1.266,-0.349,-1.471,0.254,0.642,0.222,-0.052,-0.89,0
0.877,-0.772,1.737,-0.49,-0.859,1.431,-1.291,-2.994,0
-1.658,-0.318,-0.245,0.319,-0.918,0.382,0.362,-1.236,1
-1.296,0.266,-1.03,-0.018,0.123,-0.689,1.296,-0.698,1
1.929,0.126,0.112,0.791,-0.345,-1.205,-0.468,-0.565,0
0.532,-0.47,0.961,-0.572,-1.133,-0.295,0.586,-1.462,0
-1.007,-0.153,2.343,-1.282,-1.546,0.234,0.205,0.085,0
-0.444,0.242,0.518,-0.508,0.669,0.077,-0.741,0.519,0
1.319,-0.434,-0.777,0.344,-0.036,0.319,-0.078,-0.795,1
0.761,-0.974,0.491,1.155,-1.213,-0.902,-0.236,-0.8,0
0.803,-0.342,-0.094,-0.875,0.706,0.115,0.147,-1.361,0
1.452,-0.525,-0.94,-0.43,-0.736,0.18,0.174,-1.181,1
-0.265,-1.327,0.217,0.566,2.112,-1.763,-0.041,-1.914,0
-0.256,-0.984,0.332,-0.34,-0.66,-0.877,-1.334,-0.834,0
0.512,0.055,-0.729,1.613,-0.37,0.028,-0.329,0.736,1
0.231,0.171,0.083,0.459,0.15,-0.897,-1.567,-0.352,1
0.518,-0.9,-1.395,-0.108,0.481,-0.857,0.919,-0.332,1
0.734,1.132,0.05,-1.898,1.169,-1.488,0.056,-0.76,0
-0.822,-0.496,1.159,1.652,-1.246,1.123,0.373,-0.675,0
-1.676,-1.157,-0.366,1.265,-0.273,-0.052,-0.868,0.958,1
-1.257,-0.268,1.661,1.217,0.159,-0.995,1.081,-0.073,0
-0.227,-1.069,-0.093,-0.164,0.674,-0.238,0.452,2.622,1
0.629,0.291,-0.507,0.994,-1.185,-0.093,-0.691,1.405,0
0.393,1.756,-1.521,-1.787,-0.717,1.871,-0.503,0.53,0
0.33,-0.4,0.865,1.232,1.764,-0.441,-0.873,-0.589,0
1.957,-1.286,0.301,-0.247,1.552,0.406,-0.507,1.521,0
-0.196,-1.294,-0.309,-0.326,0.118,-0.875,0.717,-1.44,1
1.161,0.243,-0.137,0.89,1.649,1.153,-1.021,-0.238,1
1.99,0.544,-1.037,-1.492,-0.113,0.994,-0.24,0.647,1
-0.077,1.288,-1.283,0.255,-1.423,0.754,0.437,-0.036,0
-0.821,0.803,-0.205,-1.256,0.327,2.043,1.576,-0.57,0
-1.813,0.846,-1.526,-1.071,-0.032,0.356,-1.032,1.684,1
-0.053,1.243,-0.269,-1.262,0.308,0.354,-0.7,0.291,1
-0.666,0.344,-1.437,1.264,1.518,0.804,0.989,-0.687,1
-0.755,0.755,0.548,-1.763,-1.107,-0.22,0.982,0.374,1
-1.132,-1.947,-0.788,1.54,-1.316,2.065,-0.159,-0.87,1
0.346,1.06,-0.843,2.474,0.284,-0.0,-0.878,-0.177,1
-0.246,0.156,-0.119,0.617,0.556,-1.228,-0.355,-0.651,0
-1.199,-0.262,-0.789,0.346,1.989,-1.054,0.715,-0.064,0
-0.482,-0.864,-0.926,-0.135,-1.655,1.195,0.389,0.387,1
-0.525,1.168,-0.467,1.577,0.633,0.529,-1.183,0.986,1
-1.977,-0.729,-1.967,-0.344,0.277,1.792,-0.512,-1.268,1
-0.391,-0.19,0.181,2.496,0.713,0.051,-0.319,-0.471,0
-1.611,0.994,-0.471,0.273,1.043,0.148,1.039,0.478,1
1.051,1.901,-0.081,-0.269,0.481,-0.54,-0.08,-0.571,0
1.181,0.633,-0.491,0.803,-0.068,-0.013,0.221,0.042,0
1.036,0.69,-0.858,1.624,0.406,-0.285,-2.661,0.282,0
1.003,-0.709,-0.099,0.298,-0.748,0.468,-1.804,0.055,0
-0.479,-0.246,-1.26,0.438,1.304,0.936,1.075,0.547,0
0.648,-0.852,1.094,-1.573,-1.449,0.681,0.002,0.487,0
-0.274,-1.219,-2.355,-0.331,-0.337,2.046,2.619,-0.194,1
-0.102,1.076,2.595,1.526,-0.801,-0.226,-0.474,-1.378,0
-1.346,1.384,-0.521,1.669,0.909,-0.523,0.397,-0.142,0
-0.837,-0.962,-0.006,0.085,0.257,0.409,0.281,-0.553,1
-0.944,-1.451,-0.022,0.838,-0.855,1.852,-0.466,-0.422,1
0.448,-0.892,0.962,-0.024,-0.254,-0.745,-0.659,1.751,1
-0.22,-1.174,-0.084,-0.236,0.011,0.291,0.08,-0.339,1
0.648,-1.36,0.639,0.014,-0.014,3.232,-0.167,-0.849,0
-0.953,-0.132,0.394,-2.493,-1.218,1.192,-0.198,1.653,0
-0.06,1.731,-0.087,-0.719,-1.289,-0.119,0.257,0.216,0
-0.18,-0.819,-0.417,-1.588,-1.166,-0.475,0.941,-0.089,1
0.062,0.293,-0.304,-0.296,2.248,-0.001,0.658,-0.44,0
0.093,-0.211,0.306,0.581,2.161,-0.713,-0.884,-0.419,0
-0.204,0.623,-0.601,1.014,-0.785,-0.711,-0.203,-1.591,0
0.333,0.526,-0.152,1.123,0.126,0.536,-0.364,-0.646,0
-1.713,-0.396,0.787,-0.094,0.762,-0.664,-0.762,-0.134,0
0.616,-0.888,-0.18,-0.814,0.191,-0.448,0.409,0.107,0
1.633,0.31,0.332,1.24,0.137,-1.515,0.827,-0.081,0
-0.218,-0.154,0.114,-0.01,-0.374,-1.742,0.209,-1.029,0
0.896,0.267,0.292,0.898,1.352,1.67,0.494,1.222,0
0.066,-1.024,0.349,-0.14,-0.646,0.052,0.927,-2.466,0
1.028,0.724,1.217,-0.221,0.889,0.855,0.599,-0.428,0
-0.451,-0.057,0.779,-0.988,0.557,1.0,0.606,-0.424,0
-0.216,0.927,0.899,-1.087,-0.728,0.535,0.354,0.207,0
0.445,0.108,-0.485,-0.825,0.927,0.531,0.061,-1.127,0
0.11,-1.347,0.871,1.074,-0.332,0.36,-0.962,-1.008,0
-0.274,0.682,-0.913,0.593,0.241,-0.266,-1.162,-0.273,1
0.144,-1.031,0.982,0.452,0.272,0.79,-0.328,-1.002,0
-2.588,0.359,0.922,0.728,0.029,-0.777,-0.49,0.563,0
1.062,1.447,-1.737,1.572,-0.274,0.154,-0.27,-0.726,1
0.192,-1.017,-1.621,1.218,-0.657,0.409,-0.083,0.207,1
-0.759,-0.032,-1.26,0.982,-1.393,-0.379,-1.405,-1.085,1
0.254,-1.506,0.604,-0.954,-0.064,-0.273,-0.348,-0.785,0
-0.476,-0.872,3.432,-1.02,-0.168,0.277,0.72,-0.064,0
0.95,-1.413,1.242,0.715,1.205,-0.759,-1.657,-0.058,1
-1.19,-0.122,-0.873,-0.261,-0.373,-1.052,0.864,0.089,1
-1.236,-2.011,0.888,0.306,0.688,0.485,0.243,-2.243,0
1.391,1.35,-0.381,-0.254,1.23,0.201,1.282,0.582,1
0.048,-1.128,0.8,-1.299,0.182,0.139,-0.426,-0.223,1
1.965,-0.921,2.044,0.665,1.704,1.09,-0.351,-1.034,0
-0.942,-0.479,1.4,1.536,-0.509,0.101,-0.817,-1.001,0
-1.519,0.256,-0.621,0.189,-0.968,-1.922,0.88,0.221,1
-1.551,-1.562,0.732,-0.01,0.343,0.401,-0.543,0.477,0
-0.523,-0.277,-1.087,1.491,0.684,2.75,0.803,2.149,1
-0.144,-1.566,0.755,-0.546,-0.638,-0.405,-1.314,1.612,1
0.614,0.911,-0.547,-0.098,0.171,0.545,-1.908,-0.78,0
0.72,-0.348,-0.068,-1.254,1.687,1.086,-1.009,0.263,0
0.285,-0.041,0.586,-0.596,-1.385,1.459,1.099,0.36,1
-0.387,0.162,-0.516,1.289,-1.389,1.598,-1.535,1.413,1
-1.007,0.903,-0.275,0.34,1.478,-0.336,0.721,-1.48,0
1.631,0.11,-0.499,-0.803,0.166,-0.183,0.556,0.321,1
-1.183,0.459,-0.466,-0.566,-0.996,-0.83,-0.645,-1.667,0
-0.906,-0.768,-0.708,0.066,-0.955,0.586,0.802,-2.206,0
0.107,-0.071,-0.831,-0.823,0.048,0.604,-0.696,-1.7,1
-1.641,0.703,-0.254,-0.849,-0.749,-0.042,0.266,0.841,1
0.302,-0.038,0.639,-1.05,0.252,0.398,-0.355,0.088,0
0.327,-1.804,0.298,0.089,2.203,2.313,-0.193,-1.67,0
-0.053,0.246,-0.417,-0.91,0.975,1.765,-0.505,-0.261,1
-1.789,0.663,0.211,-1.09,0.136,0.687,-0.846,-1.669,0
-0.128,-0.433,-0.143,-0.765,1.712,0.29,0.841,0.788,1
-1.77,-1.783,0.549,-1.259,-0.718,-0.005,1.305,-0.512,0
0.475,0.023,-1.063,0.222,0.65,-0.724,0.665,-1.729,0
-0.879,-1.089,0.537,0.135,-0.292,0.155,0.053,0.348,1
0.009,-1.384,0.585,0.408,-0.052,0.283,-0.735,-0.276,0
0.238,0.503,-0.578,1.617,0.176,-0.683,1.075,0.357,1
-0.165,-0.17,1.008,-0.517,0.509,0.613,1.905,1.103,1
0.706,-0.897,-2.396,-0.074,-0.062,-2.098,-0.133,-0.246,0
0.39,-0.569,-0.153,0.211,-0.062,-2.238,-0.741,-0.806,1
-0.289,0.472,-0.606,0.595,-1.147,0.505,-0.347,0.312,1
-0.536,1.484,0.385,-0.191,0.007,-0.674,0.02,1.3,0
-0.656,-0.605,0.068,0.766,2.105,1.527,-1.358,-1.799,0
-0.136,0.775,0.228,-1.789,-0.775,0.498,-1.191,0.408,0
-1.417,1.085,-0.361,0.761,-1.104,-0.062,0.421,1.011,1
0.383,-1.807,-0.192,1.098,0.282,-0.837,0.201,0.766,1
-1.531,0.365,-1.271,0.905,0.822,-1.707,1.043,-0.281,1
-2.2,1.051,0.317,-1.06,0.328,-0.038,0.838,0.637,0
0.675,-0.496,-1.403,-0.445,1.772,-0.199,-1.287,2.869,1
-1.888,2.228,0.461,-0.492,0.187,-0.512,-0.805,1.174,0
1.036,-0.444,0.133,-0.298,1.744,0.35,-0.169,0.625,0
0.424,0.262,0.949,-0.449,1.017,1.661,-1.058,-0.597,1
1.861,0.47,-1.416,1.425,-1.374,-0.956,-0.218,-1.469,1
0.094,-1.259,-0.543,0.663,-0.103,-0.339,0.431,-0.57,0
0.12,-0.718,-0.367,0.008,0.487,-1.148,0.263,-1.326,0
-0.238,-0.748,-0.481,0.628,1.355,1.342,0.507,0.215,1
-2.944,1.994,0.237,0.229,-0.508,-0.573,-0.765,1.136,1
-1.177,-0.877,-0.678,-1.988,0.46,-1.119,-0.475,-2.353,0
0.739,-2.364,1.4,1.148,-1.472,-0.047,-0.554,0.023,0
2.02,0.476,-0.119,1.121,-1.555,-1.113,-0.484,-2.345,1
-0.172,-1.237,-0.891,-0.181,0.12,-1.47,-0.364,-1.5,0
0.444,-0.47,0.705,-0.561,1.277,-1.467,0.087,-2.041,0
0.092,-1.187,-2.215,0.053,2.08,0.298,0.579,2.055,1
-0.622,0.718,0.218,0.931,-0.676,-0.63,-0.08,-0.233,1
0.037,-0.061,0.313,0.279,1.278,-0.521,1.754,0.919,0
0.102,-0.471,0.628,-0.248,-0.742,0.377,0.233,0.256,0
-0.125,-0.513,1.318,-0.271,-0.869,-0.595,0.069,1.026,0
0.733,-0.335,-1.13,0.64,-0.641,0.864,-0.484,-0.331,1
3.182,-0.621,-1.614,-0.326,0.758,0.65,0.685,-0.426,1
1.814,-0.679,2.146,-0.104,0.438,0.344,0.054,0.786,0
-0.49,0.391,0.079,-0.626,0.159,-1.026,1.556,0.525,1
-1.688,2.781,-0.064,-0.779,-0.206,1.875,-0.47,0.608,1
-0.762,-0.577,-1.587,-0.004,0.672,-0.187,2.192,0.518,1
0.263,1.35,-0.672,0.009,1.566,0.059,-2.248,0.815,1
0.548,-0.63,-1.879,-0.734,1.758,-1.222,-0.107,0.333,1
-0.821,1.907,-1.432,-0.621,0.347,1.962,-0.366,-0.368,0
-0.407,0.44,1.059,-0.661,0.286,-0.8,0.356,0.842,0
-0.438,1.142,-0.971,-0.158,-0.003,0.653,-1.248,-0.239,0
-0.727,0.107,-0.105,1.556,-1.046,-0.914,1.19,-0.254,0
0.844,1.33,-0.045,-0.022,-0.532,-0.487,0.401,0.607,1
0.64,-1.04,1.969,0.233,-2.043,0.268,0.72,-0.371,0
0.071,-0.23,1.162,0.816,-0.485,0.727,0.492,0.08,1
1.247,-0.298,0.841,-0.588,0.143,0.337,1.307,-1.179,0
0.623,-0.734,0.306,0.526,1.508,-0.374,-0.209,-0.464,0
-0.55,1.293,0.71,3.509,0.592,0.656,-1.73,-2.426,0
0.155,1.767,-0.077,-1.11,0.144,0.753,0.034,-0.922,1
-0.597,0.708,0.328,1.8,-1.458,-0.356,0.493,1.103,1
0.76,-0.755,0.053,-1.343,0.936,-0.181,-1.532,-0.386,0
0.411,1.386,1.769,-1.147,1.234,0.264,0.369,0.348,0
-0.053,0.9,1.357,0.383,0.438,0.755,-1.248,2.092,1
-1.779,-0.178,-0.468,-0.043,0.645,-0.417,-0.518,-0.229,1
-1.214,-2.431,-1.179,-1.481,-0.631,3.179,1.825,0.346,1
-0.891,1.174,-0.711,-0.084,0.764,0.749,0.818,0.943,1
1.344,0.08,1.501,0.269,-0.427,0.885,-1.184,0.367,0
-0.71,-0.072,0.358,0.826,-0.811,-1.069,-0.554,0.529,1
0.12,-0.845,0.079,-1.091,-0.247,0.776,-0.086,-1.319,0
-0.096,0.466,0.555,-0.154,0.488,-0.713,-0.855,0.074,1
0.928,-0.011,0.64,-1.86,-0.521,0.524,-0.339,-0.47,0
1.13,-0.144,-0.341,-0.319,-1.083,-2.004,0.813,0.692,1
0.98,-0.025,-1.256,-0.314,-0.1,-0.149,-0.352,1.356,1
1.692,0.04,-0.487,0.9,-0.882,0.714,-1.093,0.313,0
-1.322,-0.829,-0.405,1.751,0.094,-0.375,-0.529,0.302,1
-0.49,-0.583,0.11,0.431,-0.98,0.306,0.11,-0.465,0
0.295,0.96,-0.506,0.359,-0.865,0.641,1.017,-0.131,1
-1.46,1.354,-0.313,-1.207,-3.116,-0.877,-0.853,0.406,1
1.481,0.772,-1.288,1.782,-0.407,1.545,-1.16,-1.095,0
0.071,-1.341,0.961,0.149,1.058,-0.814,-0.138,-0.326,0
-0.14,0.556,-1.415,-1.999,1.243,-0.09,-0.278,-0.792,0
0.361,-0.931,-0.05,1.635,0.343,0.354,1.088,2.798,1
-0.055,-1.838,0.9,-0.115,0.801,-1.748,-0.931,0.078,0
2.69,-1.018,0.139,-0.412,-0.056,-1.194,0.756,-0.537,0
-1.803,0.414,-0.071,1.718,-0.036,-0.639,-0.598,-0.773,1
-0.899,0.068,-1.819,-0.809,-0.294,0.056,0.091,0.753,1
0.118,-1.619,1.062,-1.252,0.471,-0.538,-0.952,1.053,0
0.785,-1.869,-0.337,0.081,-0.031,-0.89,0.859,1.142,1
-1.017,-0.452,1.124,0.759,0.298,0.05,-0.01,1.281,0
-2.036,-0.827,-0.23,0.959,-1.045,0.365,1.75,0.569,1
1.662,-0.998,-0.438,-0.551,-0.203,1.284,-1.203,-0.766,0
-0.528,1.253,-1.485,-0.032,-0.177,0.036,-0.766,-0.207,1
1.453,-0.53,-0.589,-2.019,-1.549,0.124,-0.099,0.224,1
0.886,-1.246,0.671,0.053,-0.128,1.057,0.126,0.376,0
-1.45,0.224,-1.067,-0.319,0.022,-0.489,1.172,0.247,1
0.643,-0.684,0.11,-0.207,0.856,0.181,-0.07,-0.749,1
-1.505,1.833,0.761,-0.114,1.661,0.149,-0.789,0.323,1
-0.309,-1.012,-0.396,-0.779,0.598,-2.307,0.142,-0.98,1
0.608,1.448,-0.803,-0.21,-1.559,-0.476,0.264,-1.795,0
-0.244,-2.021,0.281,-0.121,-0.098,1.558,1.267,-2.253,0
0.585,-1.819,0.133,1.538,0.017,0.231,-0.736,-1.646,0
-0.966,1.677,-0.173,-0.442,-0.046,-0.047,0.542,-1.123,0
1.086,-0.342,0.477,1.507,-0.183,0.916,-1.167,-0.448,0
0.518,-0.794,0.423,-0.007,0.623,-0.633,0.592,-0.93,0
0.188,0.427,-0.894,0.569,0.629,-0.799,-0.412,1.394,1
-0.104,-0.972,1.344,0.209,1.381,0.052,0.951,-1.01,0
0.75,-1.31,0.055,-0.664,1.115,0.328,0.3,-1.878,0
-2.338,-1.092,-0.423,-0.404,0.796,0.361,0.351,0.867,1
-1.271,0.885,1.399,-0.842,0.133,-0.988,1.28,1.127,0
0.668,-0.289,-1.33,0.459,0.168,1.738,-1.373,0.904,0
-1.724,0.435,-1.33,-0.358,-2.149,1.476,-0.519,0.857,0
-0.719,1.291,1.08,-0.411,0.998,0.192,2.382,1.024,1
-0.581,-2.387,0.846,0.61,0.545,-0.677,0.195,0.177,0
0.228,-0.482,-0.731,-0.666,0.305,0.05,-0.272,-0.631,0
0.945,-0.708,-1.777,-2.365,-1.556,0.702,-0.678,-0.302,1
0.476,1.026,-0.44,1.107,-0.869,-0.401,-0.261,0.668,1
0.663,-1.741,-0.92,1.519,0.639,-0.122,0.72,-0.257,0
-0.803,-1.401,-1.518,-1.225,0.702,-0.342,0.265,0.445,1
1.539,-1.371,1.086,-0.321,-1.234,0.272,0.53,1.106,1
0.086,0.463,-0.059,1.732,-0.077,-1.102,-0.159,0.408,1
-1.49,-0.208,0.637,-0.146,-1.162,-0.196,0.711,-1.835,0
1.193,-2.211,1.383,-0.738,-0.449,-0.516,-0.147,1.178,1
-0.549,2.447,-1.382,0.092,0.25,0.495,0.067,-0.89,1
1.24,0.429,-1.617,2.254,0.806,1.341,0.623,0.625,1
-2.6,0.223,-0.718,-1.421,0.388,-1.141,-3.224,0.172,1
0.289,0.416,-0.597,0.828,1.225,0.039,0.461,-1.664,1
-1.119,0.598,-0.686,0.634,0.142,-1.135,1.44,-0.643,1
0.769,-0.395,0.531,-0.784,-1.257,1.466,1.171,-0.28,0
-0.748,0.385,-0.665,1.483,-1.966,0.065,-0.095,0.399,1
1.006,1.359,-0.496,-1.09,0.51,-0.122,-0.46,-0.618,0
1.112,-0.699,0.249,1.271,2.874,0.108,0.353,-0.008,0
0.638,-0.714,-1.364,0.36,0.842,-0.347,-0.99,-0.863,1
1.067,-1.19,-0.541,0.191,-0.174,-2.424,-1.466,-1.212,1
0.34,-1.786,-1.445,-0.611,-2.512,-0.565,-0.5,-1.271,1
-0.096,-2.75,-0.453,-1.068,0.302,0.906,-0.514,0.35,0
-0.607,0.015,0.346,0.391,0.41,-0.259,-0.486,0.674,1
1.441,-1.499,-0.715,-0.375,0.177,0.329,-0.776,-0.999,0
-0.74,0.101,0.399,1.021,-1.309,-1.056,1.276,0.483,1
-0.637,2.054,0.371,0.453,-2.143,-0.635,0.534,0.609,0
0.518,0.577,0.5,-0.663,0.745,-0.751,-0.848,0.085,0
2.693,-0.301,0.937,1.373,1.294,1.904,-0.426,-1.248,0
-0.743,-1.441,0.018,2.103,-0.372,-0.358,-0.633,0.036,0
-0.046,1.184,-0.306,1.6,-1.109,1.406,-0.312,0.883,1
-0.342,-0.93,-0.15,-0.548,1.526,-1.494,0.51,-0.103,1
-0.811,1.642,-0.235,0.687,1.451,1.077,1.59,0.723,1
-2.058,-0.789,0.447,1.261,-0.563,0.776,0.889,-0.72,1
-0.189,-0.58,0.15,1.143,-1.021,0.087,0.667,-1.396,0
-0.195,-0.398,-0.501,-1.019,-0.02,0.439,1.377,-0.133,1
0.195,-1.476,0.041,0.485,2.889,0.186,3.09,-1.145,1
3.093,-0.441,-0.271,-1.487,0.195,-0.873,0.405,-1.17,1
1.152,0.287,0.127,-0.057,0.115,0.272,-1.065,0.001,0
-0.96,0.353,1.008,0.763,0.099,-0.396,0.325,-0.149,0
-0.332,-0.698,-1.893,-0.207,2.556,0.314,-0.561,0.86,1
-1.049,0.952,0.265,0.175,-0.141,-0.211,0.332,-0.57,0
-0.231,-0.691,2.441,-1.433,-1.522,0.913,0.932,-0.086,0
-0.015,0.586,-1.736,-1.683,-0.497,1.321,0.956,0.626,1
0.299,0.875,1.033,-0.579,2.021,0.374,-0.003,-0.368,0
1.33,-0.614,0.442,-0.841,-1.229,-1.168,1.276,0.487,0
0.809,1.782,1.217,-0.215,1.009,-0.708,0.531,-1.319,0
-1.171,-1.375,-0.857,-0.123,-2.498,0.268,-0.043,0.444,1
-0.465,0.253,0.692,-0.638,-2.072,2.275,0.5,-0.158,0
2.22,1.177,-0.928,-1.399,0.651,-0.253,-0.008,-0.519,1
-1.761,-1.406,0.729,0.652,-0.722,0.573,1.041,-1.524,0
-0.14,-0.043,-1.211,-1.203,-0.705,0.024,1.385,1.912,1
-0.594,1.131,-1.134,-0.302,-0.571,1.409,1.102,0.929,1
-0.487,0.918,-0.442,0.497,-0.112,-0.006,-0.966,0.599,1
0.449,-0.143,0.787,0.073,0.704,0.606,-0.214,1.249,1
-0.401,0.422,-0.179,-0.541,-0.992,0.636,1.222,-0.148,0
-1.728,0.871,1.26,0.406,1.159,0.313,0.224,1.105,1
2.734,0.785,-1.748,2.121,0.165,0.264,-0.329,1.709,1
1.403,-0.565,-0.398,0.923,-0.95,-1.046,0.325,1.59,1
-0.086,1.024,0.764,0.272,0.197,-0.532,0.206,-0.641,0
-0.028,0.285,-0.853,-1.289,-0.612,-0.355,0.497,-2.294,0
0.43,0.553,-0.886,1.179,1.183,0.891,-3.169,-0.539,0
0.857,-0.467,-1.062,1.46,-0.583,-0.201,-0.016,-0.708,1
0.55,-2.016,1.269,0.357,-0.518,0.823,-1.046,1.216,0
0.145,2.3,-0.234,-0.918,1.846,0.15,-1.454,-1.009,0
-0.424,-1.673,-0.286,1.234,-0.628,0.524,0.484,0.156,1
-1.693,-0.479,-1.267,1.482,0.782,-1.492,-0.751,-2.42,0
-0.802,0.147,-1.049,1.279,0.812,-0.331,-1.39,0.993,1
-0.886,0.075,0.233,0.481,0.34,0.361,0.926,1.644,0
-0.328,0.937,-1.414,-0.444,-1.432,0.942,-1.094,-0.158,1
0.362,-0.239,-1.454,-0.395,0.125,0.075,-0.373,-0.511,0
0.286,0.887,0.796,-0.292,1.871,0.888,0.495,1.1,1
-2.078,0.158,-1.441,1.542,2.358,-0.086,-1.717,-0.238,1
-0.276,-0.037,1.018,-1.027,1.854,1.067,-1.223,-0.612,0
-1.182,-1.991,0.001,2.29,1.09,-0.935,-1.753,-0.058,1
-1.688,0.566,-0.857,-0.154,-0.193,-0.595,-0.576,1.221,1
-0.225,1.335,-0.891,-0.52,0.103,-0.024,-0.892,0.106,1
-0.554,0.274,-0.212,0.623,-0.511,0.084,0.009,0.586,1
-0.111,-2.311,2.366,0.136,-0.097,0.122,0.483,-0.454,0
0.677,0.259,-0.392,-0.84,-1.293,-1.02,-0.31,-1.512,0
-0.32,0.759,-0.176,-0.096,-0.22,-0.767,0.19,0.57,0
0.253,-0.199,0.204,0.556,0.418,-0.556,0.115,0.225,0
1.698,-0.871,0.173,-0.073,2.077,-0.712,-0.513,-0.506,0
-0.931,-0.552,0.324,1.227,0.855,0.875,1.118,0.568,1
0.89,1.169,0.195,-0.038,-1.262,-1.292,-0.569,0.398,0
0.111,0.14,0.07,0.022,-1.311,0.4,-0.142,0.927,1
-1.304,0.71,-0.499,0.451,1.633,0.82,0.746,0.359,1
-2.399,0.728,1.59,0.623,-0.014,2.384,-0.369,0.627,0
-0.292,0.841,-0.955,2.207,-0.479,0.123,2.04,-0.728,1
0.219,-0.509,0.883,-1.185,0.142,1.074,0.83,-2.487,0
-0.991,-1.078,1.683,-1.388,-1.34,-1.697,-1.43,0.171,1
0.167,-1.012,0.551,-0.499,-1.001,1.148,2.739,1.059,1
0.002,-1.096,-1.382,1.104,-0.38,-0.044,0.399,-1.165,1
0.272,-0.717,-0.009,-1.836,-0.228,-1.485,0.778,-0.171,1
-0.648,-0.233,1.166,1.981,-0.143,-0.72,-1.438,2.038,0
1.158,0.661,0.525,0.154,-2.196,-1.751,-2.083,-0.792,0
-0.119,-1.282,-2.482,-0.019,0.288,0.294,-1.243,-0.99,1
0.946,-0.245,-0.154,0.216,1.477,-1.096,0.479,0.941,0
-0.907,-0.977,0.906,0.373,1.37,1.38,0.165,-1.021,0
-0.253,0.299,-0.113,1.808,0.582,0.321,0.295,-0.745,1
1.009,-0.358,-0.111,0.168,0.142,1.229,-0.21,0.614,1
0.676,-0.189,0.736,-0.027,2.088,-0.53,0.643,0.399,0
-2.086,-1.197,-1.676,1.837,-0.461,-0.875,-0.514,-1.04,1
-0.357,0.723,-0.167,0.252,-0.115,-1.019,-0.362,1.675,1
-0.451,-0.812,0.237,0.962,-1.158,0.963,-0.494,1.209,1
0.315,0.266,1.976,-0.632,-1.283,0.221,-0.896,-0.181,0
0.289,0.322,-0.932,0.613,0.504,0.285,-1.014,-0.168,1
-0.458,-0.98,-0.529,0.072,1.615,-0.098,0.151,0.137,1
-1.734,0.907,0.939,0.647,-0.141,-0.152,0.202,-0.176,0
0.735,-0.555,2.1,-0.426,1.011,-0.621,0.049,0.923,1
-0.49,-1.035,0.628,0.347,0.325,1.049,-0.072,0.479,0
-0.587,1.203,0.238,-0.537,0.473,-0.181,1.009,-0.529,0
0.507,-0.111,-0.576,1.13,-0.335,0.43,-2.084,0.548,1
-0.646,-0.437,0.49,-0.041,-0.868,0.959,1.442,-1.066,0
1.242,0.759,0.626,-0.216,1.353,1.552,-2.096,-1.422,0
0.369,-0.294,-1.507,0.513,0.153,-1.099,-0.73,0.081,1
0.111,-1.403,0.912,2.136,1.665,1.879,-1.431,0.322,0
-0.523,0.639,-0.231,0.37,-0.123,-0.145,0.118,0.85,1
-0.711,2.267,-1.09,0.034,-1.693,0.572,-1.08,-1.946,1
1.016,0.526,0.366,-1.673,0.353,1.576,-2.423,0.348,0
-0.404,0.112,-0.248,0.526,0.712,-0.406,-1.89,0.192,1
0.775,-0.612,0.319,0.315,-1.654,0.275,-0.804,0.473,0
1.783,0.85,2.376,1.114,-1.442,0.046,1.211,0.257,0
-0.904,-0.425,-1.407,0.815,-0.385,1.535,-1.473,0.544,1
0.644,-1.387,1.585,1.23,-0.779,-1.225,-0.104,1.173,0
-0.057,-0.682,-0.593,2.087,-0.316,0.257,-0.686,3.819,1
-0.44,0.78,0.884,-0.125,-0.999,1.44,-1.68,-2.036,0
0.35,1.122,-0.636,-0.293,0.09,0.419,-0.286,-2.691,1
-1.33,1.005,1.993,0.909,2.005,0.386,0.715,1.427,0
-0.483,-2.073,-0.966,0.941,-1.273,0.132,-0.178,1.138,1
-0.553,0.35,-0.103,-0.007,-1.932,-0.838,-1.019,1.523,1
0.465,0.668,1.196,0.989,-0.32,-1.437,-0.311,-1.313,0
-1.295,0.033,-0.143,-0.203,-0.403,2.66,-0.448,-1.001,1
0.918,0.302,-1.233,0.375,1.195,-0.349,-0.965,-0.398,1
0.244,-0.315,1.985,-0.397,0.552,-0.274,0.248,-0.25,1
0.531,1.725,0.992,-0.776,0.691,1.253,-0.208,-0.129,0
-0.804,1.192,0.037,0.187,0.763,0.7,1.84,0.237,1
0.363,1.198,-0.061,-0.311,-0.648,-1.009,-1.257,-1.485,0
1.131,-1.084,0.544,-0.407,-0.549,0.798,0.797,-0.439,0
1.128,0.285,0.628,-0.885,-0.029,0.318,0.335,0.318,1
1.66,0.131,0.011,0.15,0.069,-0.914,-0.9,-0.698,0
-1.053,0.484,-0.535,-1.709,-0.016,-0.327,1.271,0.634,0
0.165,0.932,1.624,0.53,-0.307,0.793,-0.588,0.063,1
-0.548,-1.742,-0.146,-0.822,0.145,1.755,-1.019,-0.218,1
0.182,0.001,1.084,0.521,0.09,-0.018,-1.6,0.743,0
0.941,1.385,-0.166,-0.318,0.252,1.255,-2.188,0.905,1
0.127,-0.631,-0.726,0.496,0.237,-0.247,-0.174,-0.344,0
1.788,0.317,-1.489,-0.515,0.749,0.092,-0.069,-0.694,1
0.976,1.49,-0.535,-1.175,-0.605,0.165,0.256,-0.084,0
-0.746,-0.158,0.883,1.353,-0.328,-0.237,-0.715,-1.334,0
-0.046,1.098,-0.562,0.65,0.677,-1.495,-0.557,-0.287,1
1.17,-0.797,1.538,-0.864,0.37,-1.528,-0.879,-1.217,0
0.528,0.98,0.395,0.441,0.115,0.54,2.076,0.09,0
-0.785,-0.558,-2.619,0.906,0.074,0.621,0.495,0.852,1
1.034,0.131,1.83,-0.442,0.542,-1.018,1.484,0.212,0
1.326,1.222,1.098,2.373,1.149,-0.36,0.074,0.743,0
-0.631,-0.71,-1.227,0.09,3.179,-0.887,-0.232,0.496,1
0.747,-0.899,0.283,1.93,0.455,-2.019,1.196,-1.323,0
0.485,-0.248,-0.726,0.927,-0.51,0.643,1.082,0.607,1
0.026,0.356,-1.024,-0.667,-0.319,-0.229,-0.979,-0.427,0
1.429,-0.096,0.48,-1.517,-0.387,0.974,0.762,-0.618,0
0.157,-0.543,0.032,0.012,-1.422,0.615,0.201,-1.37,0
-0.878,-0.627,2.046,0.104,0.036,1.148,1.025,0.767,0
-0.949,0.793,-0.251,0.744,0.528,1.873,0.587,0.6,1
-0.049,-0.122,1.149,2.039,0.123,1.508,0.276,0.089,1
1.092,2.341,-0.171,0.353,1.072,-0.063,0.034,-1.888,0
0.428,-0.281,0.173,-1.145,0.657,1.452,0.636,-1.285,0
-0.641,-0.348,0.76,-0.001,1.773,-0.367,-1.208,0.803,1
0.455,1.693,0.617,0.599,0.348,0.146,0.076,0.263,0
0.525,0.433,-0.642,-0.516,0.944,0.367,0.421,0.259,1
0.808,-1.126,-1.409,-2.78,-1.177,-1.553,0.184,-1.647,0
0.02,-1.435,-1.189,-0.563,-1.405,-0.381,-0.822,-0.241,1
-0.044,0.37,-1.109,0.903,-1.885,-0.178,-1.47,1.22,1
0.133,0.741,-0.964,-0.764,0.666,0.955,0.345,-2.045,0
-0.593,-1.071,-0.778,-0.294,-0.036,-0.406,0.804,1.221,1
-0.625,-1.586,0.035,-1.848,0.83,-1.338,-0.156,0.525,1
-0.84,0.252,0.258,0.742,0.416,-0.888,-1.194,-1.547,0
-0.152,0.013,0.747,0.62,-0.897,1.756,0.932,-0.997,1
0.885,-1.441,0.822,-0.974,-0.674,0.437,0.34,2.214,1
-0.136,0.523,1.079,0.59,0.447,-0.068,0.253,0.641,0
1.013,-0.311,-1.635,-0.078,0.225,0.111,0.375,-0.532,1
0.562,1.522,-0.369,0.675,-0.348,-1.128,-1.151,0.419,1
0.106,-0.653,-0.427,0.772,-0.078,1.335,1.849,-0.07,1
-0.234,-0.91,0.881,2.003,-0.667,1.122,-1.003,-1.905,0
-0.248,-0.514,1.601,-0.96,-1.161,0.542,0.544,-0.863,0
-0.194,-0.981,-0.473,-1.281,0.395,0.203,-0.439,2.253,1
0.391,1.697,0.078,-0.209,-2.132,0.054,0.263,-3.007,0
0.974,-1.759,-0.015,-1.748,0.925,-0.417,0.252,1.406,1
-0.461,-0.674,0.416,0.597,0.686,0.983,0.865,0.622,1
1.647,-1.538,0.007,-0.091,-1.134,-0.349,-0.581,0.823,1
-1.722,1.372,0.081,0.324,-1.384,-0.273,-0.156,-1.095,1
-1.091,-1.473,-1.76,-0.987,0.607,-0.112,1.313,-1.684,1
1.415,-0.326,0.48,-1.67,0.444,0.057,-1.095,0.294,0
-0.209,0.305,-0.761,-1.038,0.955,1.147,1.001,0.248,0
0.452,1.277,-1.734,1.364,0.41,2.119,0.309,-0.103,1
0.751,-0.311,-0.9,1.321,-0.066,-0.508,1.884,-0.865,0
1.686,-0.635,0.975,-0.227,0.379,-0.496,-0.647,-0.662,0
-0.036,-0.037,-0.481,1.608,-0.159,-0.159,0.671,0.886,1
1.259,-1.065,-2.51,-0.671,-0.389,0.309,-0.115,0.5,1
0.09,-0.974,1.095,-1.357,-0.104,-0.272,1.044,-0.133,1
1.593,-2.2,2.322,0.668,0.823,-1.279,-0.114,-0.904,0
-1.128,0.355,-0.012,0.18,-0.026,-0.756,1.132,-0.371,0
-0.419,-1.745,1.775,-0.35,0.703,2.625,-0.448,0.877,0
0.097,1.096,0.12,-0.085,-0.439,1.48,0.55,2.59,1
1.41,-0.004,-0.088,0.822,-1.007,0.429,0.319,0.673,1
0.457,0.375,0.642,0.386,0.753,0.243,-0.811,0.949,1
-0.471,-0.631,0.245,-1.073,1.693,0.179,0.252,2.464,1
0.848,0.958,-0.157,-0.343,-1.225,-2.255,0.007,-0.941,0
0.214,0.548,-0.089,-0.824,0.203,-0.406,-0.109,0.53,1
-0.559,-0.374,-1.078,0.47,-1.556,-0.733,0.014,-0.767,1
-1.016,-0.259,-1.45,-1.065,-0.336,-0.581,-0.815,-0.219,1
0.547,-0.457,2.141,1.652,0.648,0.407,-1.051,1.659,0
-0.289,-0.165,0.507,-0.021,-1.962,-0.007,-2.345,2.173,1
0.6,-1.017,-0.075,-0.876,-0.068,-0.026,-0.292,-0.892,0
0.149,-1.051,-1.108,-1.399,-0.459,0.105,0.143,0.898,1
1.045,1.356,0.606,0.303,-1.021,0.352,-1.079,0.882,0
-0.525,2.724,-1.218,-0.856,-0.969,0.429,-0.201,1.99,1
0.651,-2.41,-0.387,1.36,-1.006,-0.068,0.889,-0.881,1
0.536,0.169,0.2,-0.544,1.303,0.025,-0.171,0.957,1
0.851,0.031,-0.384,2.32,1.128,0.2,-1.755,0.373,0
-0.567,1.408,0.706,-0.169,-0.976,0.082,-0.58,1.403,0
0.144,0.707,0.261,-0.583,0.187,-0.611,0.814,1.679,0
0.778,1.72,-1.008,0.039,-0.786,0.448,-0.589,-0.228,1
-1.786,0.065,-0.999,0.086,0.278,-0.868,0.524,0.659,1
-2.535,-1.584,0.487,-0.346,-0.703,0.836,-2.323,-1.003,0
-0.933,0.528,-0.008,1.116,0.285,0.535,0.865,1.512,1
0.878,0.943,0.569,0.232,0.427,0.796,-0.162,-0.823,1
-1.67,0.594,-0.088,0.634,0.169,0.044,0.937,-1.045,0
-1.702,0.335,1.016,-0.882,0.052,-1.969,0.332,0.354,0
1.275,-0.204,-0.684,-1.431,-0.325,0.559,-1.058,0.992,1
0.403,-0.297,-0.631,0.527,0.6,-0.564,0.252,0.057,1
-0.467,-1.689,-2.194,0.28,-1.287,-1.255,-1.203,-0.888,0
0.491,0.894,2.691,0.514,0.987,-0.7,0.578,0.081,0
-0.452,1.341,-0.471,0.195,0.394,2.577,-0.158,-0.557,1
0.168,-1.975,-1.079,1.943,-0.905,-0.448,-0.123,0.395,1
1.835,1.448,-0.503,0.319,0.116,1.765,-1.861,0.729,0
-0.454,0.717,-0.314,0.505,1.598,1.036,0.557,-1.95,0
-0.84,0.242,1.691,-1.585,-1.303,-0.384,1.536,1.439,1
0.024,0.395,0.973,0.512,-1.816,0.595,0.653,0.582,1
-0.001,0.424,-0.453,-0.115,0.237,0.077,1.659,0.637,1
-0.69,0.972,0.977,1.175,1.262,-0.003,-0.14,0.639,1
1.022,0.821,-0.688,-2.864,0.965,0.549,1.269,1.851,0
-0.718,0.781,-0.209,0.599,1.226,0.006,-0.182,1.108,1
-0.637,-0.133,0.506,0.211,0.687,0.929,0.187,-0.04,1
1.327,0.205,0.17,0.21,-0.581,-0.356,0.581,0.392,0
0.194,1.344,-0.391,-0.274,1.557,-0.176,-1.729,-0.697,1
1.021,-1.684,1.201,-0.335,0.844,1.068,1.196,0.585,1
-0.493,0.94,-0.53,-0.776,-1.345,-0.573,0.11,0.216,0
1.152,-0.591,0.007,0.286,1.707,2.043,-0.341,-1.251,0
0.235,0.778,-0.576,-1.424,-0.442,0.295,-0.946,-0.028,0
1.095,0.277,-0.878,-0.612,-0.423,-0.957,0.324,0.165,0
1.105,0.911,0.226,-1.197,-0.088,-0.368,0.879,-1.09,1
1.111,-0.326,0.112,-0.388,-0.711,1.504,-0.84,-0.403,1
1.868,-0.529,0.874,-0.276,-0.019,-1.176,1.259,-1.977,1
-0.243,-0.373,-0.696,-0.306,0.768,0.309,-2.21,-0.424,0
0.382,0.351,0.988,1.021,-0.937,0.179,0.087,-0.695,0
-1.011,1.369,-0.029,-0.141,-0.266,1.499,-0.632,-0.96,0
0.005,0.238,-1.452,0.77,-0.0,-0.462,-1.599,0.654,1
1.116,-2.082,-0.311,-0.768,0.619,0.77,0.122,-0.301,1
-0.011,-1.838,-1.414,-0.657,-1.205,-0.813,-1.849,-0.252,0
1.313,-0.59,-1.677,0.067,-0.132,-0.099,2.196,0.829,1
-0.815,0.876,-0.17,0.6,1.065,-1.078,0.907,-0.128,1
-0.969,2.508,-0.872,-0.119,-1.011,-0.316,-0.42,2.287,1
0.154,0.455,1.829,-0.211,-1.123,0.848,-1.906,-2.199,0
-0.027,1.908,-1.53,-1.252,0.773,1.442,0.438,-0.392,1
0.003,1.152,-0.367,-0.11,1.061,0.093,0.977,-0.953,0
-0.182,2.084,-0.025,-1.369,-1.165,-0.69,1.047,-1.709,0
-0.186,-0.641,-0.507,-0.949,1.905,-2.809,1.611,0.353,1
-2.126,-1.834,-0.066,-1.224,-0.028,-1.444,-1.711,0.607,1
0.768,-0.148,-0.454,0.445,0.576,2.034,-0.705,-1.45,0
-0.479,-2.776,-0.167,-0.14,-2.29,0.54,0.788,-1.641,1
0.995,1.478,-0.289,-0.988,-0.344,0.37,-0.985,-1.02,0
0.034,0.308,-0.128,2.436,1.805,-1.176,-1.052,-0.177,1
-0.274,1.012,-0.35,-0.904,0.928,0.841,-0.764,0.715,1
0.006,-1.249,1.277,-0.539,0.093,1.676,1.82,-0.43,1
0.614,1.801,0.074,1.912,2.184,-0.275,0.755,-0.905,0
1.193,0.152,0.647,0.96,-0.923,0.358,1.392,0.429,0
-0.438,-1.223,-0.405,0.722,-1.59,-0.143,-0.221,-1.045,1
0.521,-1.568,0.481,1.253,0.528,-0.61,0.066,-0.399,0
-0.432,1.891,0.461,2.063,0.543,-0.181,0.206,0.149,0
-1.723,-0.146,-0.009,0.847,-0.486,0.937,1.178,0.157,1
0.147,0.805,0.621,-0.836,-0.218,0.139,-0.73,0.13,0
-0.672,-0.315,0.573,-2.614,0.649,1.246,-0.724,-1.921,0
-2.548,-0.754,-0.71,0.03,0.409,-0.917,-0.254,-0.638,0
-0.253,0.641,0.602,0.67,-0.003,0.409,0.804,-0.625,0
-1.587,1.41,-0.535,0.718,0.752,-0.409,-1.039,-0.048,1
-0.786,0.041,-2.405,-0.043,0.192,-0.508,-1.731,-1.28,1
-1.55,0.354,-0.774,-0.754,-0.732,0.381,-1.267,-0.688,0
-1.367,1.921,0.64,2.615,0.329,-0.618,-0.857,0.327,1
-0.142,-0.888,-1.378,-0.868,-0.57,-0.038,0.551,-0.649,1
-0.723,0.363,-0.731,0.233,-1.169,-0.878,-1.986,-0.626,0
-0.565,-0.361,0.13,-0.941,1.621,-0.129,0.759,0.341,1
0.36,-1.618,0.229,-0.949,-0.119,-1.426,-0.343,0.842,0
-0.752,0.066,-0.605,-0.44,-0.838,0.406,0.911,-1.05,0
-0.118,-0.313,-1.155,0.125,-0.821,0.139,0.156,0.883,1
-1.541,-1.502,-0.432,0.971,-1.037,-0.454,-0.377,0.605,0
0.119,1.225,0.466,-0.378,0.129,-0.215,0.383,-0.956,1
0.588,-1.117,0.197,-0.597,0.83,-0.385,-0.169,-0.608,0
-0.361,-0.04,-0.031,0.272,-1.154,-0.869,1.12,1.971,1
-0.303,0.348,0.456,-0.719,-0.086,-0.384,1.052,-0.32,0
-0.566,-1.212,-0.503,-0.847,0.101,-0.258,-0.56,-0.475,1
-0.482,0.095,0.155,-0.753,1.287,-1.22,0.211,-0.807,0
0.291,-0.713,0.196,-1.984,0.338,0.237,1.006,-0.418,0
-0.278,2.608,-0.351,0.363,-0.148,-0.951,0.885,0.294,1
-0.168,1.271,1.013,0.237,-0.501,-1.736,-0.38,-0.606,0
-0.695,1.522,-0.922,-1.167,-0.357,-2.028,-0.496,-0.207,1
-0.354,-1.786,0.631,-0.907,-0.132,2.743,0.319,0.162,1
-0.435,-0.426,-0.138,-0.314,0.21,-0.142,0.022,2.059,0
-1.53,1.396,-1.743,-0.679,1.934,-0.117,-0.109,-0.713,0
-0.144,1.721,0.671,-0.328,0.15,-0.704,1.177,-0.176,0
-0.775,0.275,-1.048,-1.409,-1.531,-0.748,-0.614,0.38,1
-0.686,0.023,0.313,0.311,0.361,-1.338,-0.101,1.476,1
-1.003,-0.531,1.268,0.375,0.097,0.98,0.563,0.63,0
-1.088,0.589,-0.264,0.368,0.324,-1.363,-0.933,1.059,1
0.031,0.277,0.301,-1.765,-0.669,-1.025,0.584,0.708,1
-0.356,-0.548,-2.004,-1.055,-0.89,0.941,0.647,-0.029,1
-0.065,0.066,-0.288,3.026,1.525,-0.643,1.945,-0.291,1
-0.835,0.453,1.142,0.249,-0.836,-0.026,0.598,-0.8,0
0.348,1.771,0.916,-0.526,-0.732,-0.755,0.648,-0.188,0
-1.733,0.47,-1.124,-1.04,-0.043,0.04,0.965,-0.662,1
0.865,-0.075,0.936,1.963,1.196,0.441,1.168,-0.66,1
-0.834,-0.772,0.287,-1.019,-0.952,0.931,-0.298,0.372,1
-0.879,-0.926,-0.006,-1.11,0.407,-0.624,-0.366,-0.8,0
0.64,-0.466,-0.435,-2.33,1.225,0.617,-0.587,0.204,1
-0.12,-1.279,-1.777,0.733,0.164,0.979,0.807,1.712,1
0.744,-0.01,1.496,-0.097,0.884,-0.451,0.16,-0.089,0
0.448,-0.097,-0.806,-1.668,-0.37,1.756,0.834,0.426,0
1.824,-0.15,2.365,0.093,-0.124,-0.285,-0.476,1.773,0
0.813,0.376,-0.155,0.169,-0.858,1.448,1.265,0.352,1
1.195,0.759,-2.286,0.291,-1.091,0.744,-1.093,0.186,1
0.065,0.751,0.556,-0.909,-0.063,-1.401,-0.78,-0.176,0
1.073,-0.518,0.51,1.564,1.044,-1.086,0.618,0.462,1
-0.217,-0.879,1.439,0.149,1.627,1.349,-0.353,-1.207,0
0.037,-0.421,0.238,0.874,1.805,-0.076,0.096,1.207,1
0.2,-0.442,0.452,0.281,-1.024,-0.251,0.814,0.621,0
0.643,0.593,-1.024,-0.295,2.451,-0.092,1.661,0.404,1
-0.101,-0.565,-0.47,1.448,0.42,1.516,0.307,-0.842,0
-0.883,-1.049,-0.1,0.762,-0.132,0.076,-2.294,0.279,1
-0.012,1.327,-1.142,0.888,1.647,0.533,1.107,-0.427,0
-2.3,-0.136,1.011,-2.682,0.544,1.335,0.664,0.167,0
-0.34,0.677,0.329,-1.307,1.563,0.791,-0.956,-2.509,0
0.826,0.015,-0.013,0.022,0.514,-0.17,-0.633,-0.087,1
-1.508,1.655,0.205,-0.506,0.756,0.462,-0.901,1.904,0
-1.206,0.322,0.77,0.257,-0.726,1.594,-0.217,-0.031,0
1.043,-0.189,-1.01,-0.432,-1.468,1.115,0.004,0.123,1
-0.35,0.059,1.432,-0.794,0.871,-1.34,-1.449,0.246,0
-2.517,0.132,-0.295,-0.449,-0.932,-0.577,1.703,-2.01,0
1.907,0.585,-1.471,0.949,0.584,0.667,-1.993,2.109,1
0.089,-0.998,0.193,0.755,1.36,-1.245,0.216,0.558,0
-0.408,0.346,0.766,-1.065,0.297,0.731,-0.206,-0.756,0
1.797,-1.739,-0.576,1.215,0.337,-1.631,-0.214,1.317,1
0.035,-1.607,1.478,1.806,-0.52,-1.049,-0.791,0.587,1
-0.503,0.065,0.442,-1.634,0.108,1.351,-0.424,0.098,0
-0.939,0.044,1.276,-0.204,2.7,-0.093,0.783,0.326,0
-0.748,0.324,1.542,-0.987,-1.167,-0.817,-0.299,0.195,0
-0.511,-2.141,1.739,0.437,-0.499,0.536,2.439,1.554,1
-1.246,-1.22,-0.496,-0.027,-0.057,0.842,-2.713,0.822,1
-0.146,0.138,0.745,2.344,0.503,-0.898,1.327,-1.608,0
-0.376,-0.07,-0.572,1.309,0.25,0.2,0.063,0.686,1
1.808,1.105,-0.464,-0.658,0.212,-1.72,1.493,0.946,0
-0.2,0.851,0.987,-1.129,0.563,-0.159,-0.164,1.315,1
-0.109,-1.395,-0.47,0.274,-0.643,0.087,1.055,0.138,1
-0.171,-1.366,2.261,0.24,-0.206,0.544,0.971,0.668,0
-0.235,-0.511,0.852,0.682,1.408,-1.224,-1.811,-0.656,0
-2.188,-0.492,0.973,-0.989,0.613,1.799,-0.954,-0.77,0
1.414,2.069,0.626,-0.03,-1.165,-0.823,1.421,-0.584,1
0.85,0.309,-1.366,-1.605,-0.736,-0.991,0.521,1.18,1
0.307,-0.212,0.529,0.604,-0.633,-1.009,-1.045,-2.086,0
-0.06,0.885,-1.452,0.656,-0.057,-0.957,-0.841,-1.787,0
0.945,0.525,0.653,-0.858,-0.005,-0.585,-1.36,-0.338,0
-0.526,-0.247,-0.503,-0.377,0.324,-0.592,-0.037,1.949,1
-1.004,-1.197,0.768,-0.737,-0.308,-0.064,2.002,0.47,0
-1.114,-0.134,1.473,-0.945,0.789,-0.105,-1.626,-0.45,0
1.042,0.152,-0.558,-0.012,-0.401,0.226,-1.97,1.755,1
1.08,-0.287,-1.15,-0.739,-0.774,0.289,-0.785,1.986,0
-0.43,0.544,-0.86,-0.149,1.001,0.707,-1.597,2.209,0
-0.111,-0.002,0.158,-1.331,0.86,-1.649,-1.906,0.546,0
-0.224,-0.488,0.245,0.432,0.97,-0.173,-0.387,0.567,0
-0.26,-0.885,0.577,-0.394,-0.994,-0.659,-0.517,-0.721,0
-0.329,1.281,-0.152,1.229,-0.658,1.069,-1.115,-0.335,0
0.181,1.75,0.66,0.897,-0.305,-1.208,-1.278,1.799,1
0.461,-0.571,-0.416,-0.239,0.762,0.321,-0.062,-0.81,0
-0.748,-0.409,0.922,1.173,1.343,0.481,0.786,1.382,1
0.714,-0.218,-0.312,0.959,0.94,-0.354,-0.382,0.275,1
-0.4,0.092,-0.413,-1.491,-0.153,0.278,-0.534,-1.286,0
-0.895,1.397,0.567,0.153,1.38,0.409,-0.701,1.658,1
-0.979,-1.403,0.31,0.671,0.365,0.984,0.483,-1.411,1
0.599,0.772,2.423,1.437,-0.473,0.111,1.615,0.697,0
0.361,0.404,1.468,0.591,0.344,-0.571,-1.343,-0.925,0
0.428,-1.637,-0.334,0.934,1.565,-1.513,0.816,-0.066,1
-0.682,1.364,-0.903,0.421,-0.958,-0.952,-0.609,-1.876,0
-0.034,0.828,0.89,-1.308,-0.365,-0.433,1.267,-0.252,0
-0.41,-0.867,0.095,-0.98,0.473,-0.402,0.192,-0.948,1
0.792,0.388,-0.565,-0.811,-0.469,-0.545,0.721,-0.399,0
-0.435,0.396,2.535,-0.897,-1.676,-1.672,-0.821,-1.605,0
-0.805,-1.915,0.078,0.916,-0.714,-0.494,1.057,1.089,1
-0.151,-0.635,-2.378,0.078,-1.44,0.908,1.855,0.615,1
0.164,1.152,-0.477,-1.142,-0.07,0.282,-0.109,0.778,1
2.385,0.243,0.26,-0.657,-0.844,1.378,-0.29,-0.923,1
-1.209,0.092,-0.074,-0.398,0.119,1.627,-1.282,-0.392,0
1.925,-2.34,0.018,-0.33,-0.591,-0.75,-2.278,0.514,0
-0.19,-0.83,0.464,-0.844,0.646,1.365,-1.246,0.375,0
0.438,-0.358,0.636,-1.366,1.775,-0.679,-0.978,2.609,1
0.864,0.504,0.584,2.427,0.906,1.612,-0.564,-1.781,0
0.021,0.384,-0.844,1.157,-0.458,0.03,0.374,-0.928,0
-1.359,0.918,-0.224,0.569,-0.686,0.511,-0.016,-1.358,1
0.802,1.049,-0.486,-0.897,-0.579,-0.086,-0.924,0.167,1
-0.658,-0.534,-0.351,0.037,0.363,-0.672,0.986,-0.402,1
0.758,1.503,-1.287,-0.591,-0.471,-0.204,-0.304,-0.482,1
-1.138,1.12,1.62,-0.506,0.993,-0.013,-1.1,-0.593,0
0.631,-0.711,-0.217,-0.389,-0.183,-0.996,-0.067,0.192,1
-0.276,-1.436,-1.375,1.167,0.776,0.329,-0.549,-1.727,0
1.197,0.713,-1.291,0.031,0.08,0.722,-0.074,-0.665,1
-0.14,-0.62,0.427,-0.328,0.367,0.07,-0.387,1.378,1
-0.736,-0.523,1.686,1.103,-0.265,0.812,-1.34,1.099,1
2.065,1.315,1.068,-0.324,1.309,0.175,1.532,0.386,0
-0.35,0.038,0.433,-1.393,-0.164,0.388,0.635,1.517,0
0.373,-0.004,1.354,-1.264,-1.528,-1.306,1.46,-0.948,0
-0.081,-0.842,-0.184,-1.328,-1.681,-0.257,-0.646,0.72,1
-0.348,-0.165,-0.611,-0.321,-0.131,-0.845,-1.113,-0.541,0
0.162,1.385,0.659,1.907,-1.388,0.882,-0.15,0.704,1
1.344,-0.975,0.433,0.526,0.187,-0.645,1.435,0.567,1
-0.039,-1.081,-0.766,-0.288,-0.528,3.001,1.193,0.474,1
-0.771,0.701,0.412,-0.394,-0.87,0.63,0.799,0.052,0
-2.173,-0.134,-2.723,1.948,-0.045,0.06,-0.241,-0.27,1
0.162,-0.314,0.081,0.366,0.774,1.108,1.129,0.432,1
-0.762,-0.477,1.245,-0.076,-0.607,-1.204,1.367,-0.905,0
-0.937,-0.072,1.409,0.311,-1.724,0.812,1.296,-0.851,0
0.823,1.285,1.191,0.098,-1.537,0.016,-0.539,0.012,0
0.785,-0.37,0.457,-1.873,-0.198,0.988,-0.567,-0.105,0
-0.075,1.065,1.266,0.921,0.06,-1.72,1.454,-0.94,0
-0.681,0.995,0.121,-0.093,-0.713,-0.986,-2.26,0.631,0
1.212,-0.918,-0.198,0.495,-0.08,1.51,-0.484,-1.12,0
-0.069,0.757,-0.181,-0.079,-0.106,0.003,1.155,-1.041,0
2.092,-1.12,-0.569,1.86,0.484,0.594,-0.578,-1.042,0
1.303,-0.032,1.694,-1.056,-0.082,-1.164,-1.735,0.784,0
-0.81,-1.009,-0.413,2.25,0.637,-1.169,-0.712,-0.85,0
0.497,-0.099,-0.028,-0.269,0.899,-0.404,-0.834,-0.446,1
0.984,-0.825,0.795,-0.219,-0.782,1.499,0.521,0.468,0
-0.118,0.418,-1.191,-0.739,0.177,0.754,-1.15,0.501,1
-0.729,-1.0,1.105,-1.063,2.091,-0.869,0.64,-0.156,0
1.36,-1.247,1.452,-0.152,1.088,-2.57,-0.77,-1.211,0
0.54,-1.006,-0.234,1.516,0.9,0.124,-0.348,0.287,1
1.023,-2.457,-0.142,-1.364,1.235,0.061,1.374,1.209,1
-1.538,-1.192,0.347,-0.261,-0.173,0.382,0.228,0.809,1
-0.013,0.124,-0.896,-1.95,0.809,-1.279,-1.013,-2.764,0
1.392,-0.123,-0.979,-0.334,-0.255,-1.664,0.835,0.793,1
0.178,-0.344,-1.065,1.469,1.24,1.658,1.761,0.202,1
-0.323,-0.146,-0.194,0.08,-0.325,-1.279,2.691,-0.26,0
-1.228,-0.142,-1.014,0.025,-1.036,-0.466,0.626,-0.59,1
-1.567,-0.561,-0.699,-0.535,1.124,-0.751,-0.038,0.021,0
-0.335,0.809,0.072,0.343,1.831,-0.697,-1.0,-1.745,0
-0.324,0.9,-1.173,-0.357,-1.68,1.802,0.133,0.606,1
-1.288,-0.531,0.97,-1.544,-0.282,-0.964,-2.02,0.266,0
-1.262,1.368,-0.77,-1.884,-2.484,0.253,0.798,-0.88,0
1.857,-0.03,-0.505,-0.028,0.931,-0.111,-0.139,-0.42,1
-0.512,0.867,0.241,-1.504,-1.134,-0.388,1.404,0.428,1
1.21,0.69,-1.356,-0.132,0.489,0.532,-1.403,-0.652,0
0.359,2.832,-0.209,-0.7,0.302,1.064,-0.3,-1.62,0
3.166,0.068,0.164,0.158,0.066,-1.597,0.829,0.483,1
0.301,0.947,-0.084,-0.047,0.486,0.217,-0.311,-0.039,1
0.746,1.169,0.223,0.535,0.26,-1.685,-1.566,-0.171,0
0.183,1.265,0.471,-0.435,0.189,1.569,1.326,-0.192,0
0.799,-1.428,1.465,-2.864,0.977,1.946,-0.392,0.533,0
0.205,0.266,0.368,-0.246,-0.517,-1.487,-0.212,-0.588,0
0.055,0.057,0.243,0.909,0.74,-1.328,-0.296,-0.012,1
0.678,-1.227,-0.577,-0.993,-0.168,-1.006,0.81,-1.72,0
-0.239,0.061,0.562,0.596,-0.035,0.915,1.661,-0.673,1
-0.377,-0.145,-0.315,-0.96,-1.075,0.925,0.476,-2.02,1
-1.514,-0.407,-0.637,-0.536,0.555,-1.221,0.611,1.332,1
-1.231,-0.485,0.557,1.82,-0.827,0.659,-0.522,-1.031,0
-1.243,1.991,-0.586,0.83,-1.818,0.301,-1.238,0.876,1
-1.583,-0.218,0.145,0.806,0.376,-1.926,-0.539,-0.562,1
0.559,0.363,1.768,-1.258,0.52,0.076,1.431,2.017,0
2.071,-0.826,0.706,-0.4,-0.694,-0.724,0.44,-0.075,0
0.715,0.626,-0.214,0.799,-1.985,0.961,-0.435,-0.838,0
-0.947,0.738,-1.036,0.447,1.421,0.821,0.649,1.631,1
0.186,0.539,0.227,-0.041,0.824,-0.455,0.158,-0.498,0
0.989,0.323,0.521,0.18,0.704,-2.242,-0.714,0.54,1
1.251,0.179,-0.753,-0.816,0.119,-0.064,-1.256,0.096,0
0.415,0.817,-2.087,-0.289,-0.751,-0.583,1.113,-0.989,1
0.294,0.72,-0.958,-0.264,-0.872,-1.386,-1.231,-0.968,0
0.664,0.464,1.042,0.029,0.366,0.553,1.861,-1.806,0
-0.772,0.112,1.126,-0.727,1.757,-0.966,-0.515,0.54,1
0.159,-0.368,-1.297,0.249,-1.148,1.208,0.672,-0.537,1
0.604,0.487,-0.074,-1.146,-0.268,2.045,0.015,0.581,0
-0.4,0.058,-0.839,0.944,-0.456,0.398,-1.013,-1.062,1
0.354,-0.184,-0.679,-0.688,-0.483,-1.221,-1.229,-0.749,0
-1.574,0.391,0.517,0.123,-0.07,0.794,-3.17,0.12,1
-0.736,0.306,-0.197,-0.405,1.986,-0.086,0.932,0.802,1
-0.26,0.898,-1.032,-0.634,-1.247,-0.775,-0.656,0.953,0
1.843,-0.293,0.651,0.764,1.026,0.415,1.533,0.543,1
-0.633,1.364,-1.121,-0.766,-0.791,-1.015,0.222,-0.236,1
0.169,-0.361,-0.166,-1.857,1.789,0.031,0.014,0.463,1
-0.24,0.578,1.976,0.017,0.053,0.42,0.453,0.214,0
-0.51,0.157,-0.687,1.005,-1.25,-0.352,-0.547,-0.131,0
1.749,-0.644,-0.057,0.81,0.717,0.283,-2.071,0.106,0
0.169,0.306,1.343,1.075,0.43,-2.009,1.117,-0.345,0
0.391,-0.483,-0.699,-0.497,-1.0,0.423,-1.281,-2.16,0
0.021,0.647,0.33,1.21,-1.345,-1.692,0.151,0.185,0
0.337,-1.554,0.884,0.773,-0.832,-0.196,0.136,-1.69,0
1.771,0.506,-0.176,-0.465,-0.421,-1.628,-0.363,0.461,1
-1.579,0.319,-1.26,-0.965,1.092,-1.838,1.676,0.471,0
1.813,-0.285,0.752,0.268,-0.655,0.176,-1.436,0.158,0
-1.609,-0.358,-0.734,0.435,-0.597,0.303,-0.811,-0.203,1
-0.514,0.73,0.853,0.764,0.031,1.645,1.113,1.333,0
-1.055,1.778,-0.379,-0.503,2.085,0.038,-0.232,-1.044,0
0.55,-1.793,-0.662,-2.481,0.532,-1.578,1.684,0.257,1
-0.649,1.225,-0.177,0.112,-1.366,-0.634,0.198,0.784,1
-0.089,0.955,0.137,0.041,-2.119,-0.959,0.811,0.702,1
-0.551,0.965,-1.024,1.681,-0.798,0.111,1.625,-0.454,1
0.17,0.756,-2.468,-0.237,-0.468,-0.628,-1.057,0.599,1
-0.746,-0.585,-0.424,-1.067,-0.62,-0.322,0.185,0.801,1
-0.725,-0.54,0.681,-1.13,-0.716,-0.159,-0.949,1.23,1
-0.947,0.637,0.51,2.056,1.131,-0.667,0.414,-0.08,0
0.6,-0.285,0.636,-0.871,-0.539,2.693,-1.2,1.726,1
1.451,-0.505,-1.258,0.892,-0.161,-0.33,-0.922,-0.65,1
0.847,-1.975,1.111,1.048,-0.319,-1.641,0.507,1.512,0
0.768,0.834,-0.066,1.749,-0.723,-0.076,-0.34,-0.01,1
-0.169,-0.77,-1.266,-0.043,-0.621,0.596,-1.286,1.624,1
1.008,1.17,-0.496,-0.473,0.357,-0.755,-0.104,-0.92,0
-0.308,-2.246,-0.669,-0.516,-1.15,-0.497,0.791,-1.51,0
-1.13,1.555,-0.066,-1.31,2.134,-1.906,0.171,0.511,0
0.169,0.385,-1.059,2.025,-0.567,0.128,0.009,-0.704,1
0.177,1.047,-1.13,-0.684,0.488,-0.352,0.027,-0.512,0
-0.956,0.141,2.226,0.846,0.703,-1.519,0.592,1.917,1
-2.443,-0.185,0.448,0.504,0.792,-0.583,-0.547,-0.679,1
-0.88,-1.71,0.509,-0.703,0.677,-1.223,1.836,0.953,1
-0.213,-0.726,0.081,-0.965,0.169,-0.58,0.709,-1.072,0
0.748,1.544,1.13,-0.151,2.362,-1.515,0.029,-0.007,0
0.981,0.51,-0.679,0.422,-0.858,-1.996,-1.749,0.605,1
0.547,1.81,0.377,-0.471,-0.218,1.963,-0.76,-0.686,0
-1.66,-1.766,-0.371,0.673,0.395,-0.689,0.078,-0.07,0
-1.537,1.019,0.932,-0.698,-0.056,1.138,-0.649,-0.824,0
0.837,-1.038,0.423,-0.358,0.376,1.738,1.403,0.636,0
0.286,0.817,0.083,0.437,0.683,0.577,-1.106,-0.591,1
-0.101,1.058,-0.877,-0.869,0.266,-0.565,0.966,0.238,1
0.804,0.528,0.678,-2.564,-0.948,-0.12,0.249,-0.798,0
0.608,-0.448,-0.652,0.87,-0.467,2.416,-0.311,-1.621,0
0.243,-0.491,1.05,0.374,-0.837,-0.253,-0.217,0.584,0
-0.431,-0.346,0.83,-0.459,-0.45,0.966,-0.233,-1.186,0
1.313,-0.907,0.061,0.616,-1.128,-0.342,-1.175,0.448,0
-1.434,-0.074,-0.875,0.115,-0.697,0.014,0.663,2.034,1
0.118,-2.89,0.717,1.105,0.467,-1.102,-0.812,0.828,1
0.743,2.24,-0.072,0.235,-0.654,0.599,-0.946,-0.675,0
-0.971,-0.326,0.103,-0.3,-0.789,2.236,0.662,-0.385,0
1.36,-0.571,0.573,0.06,-2.883,0.454,0.354,-0.825,0
-0.696,0.645,-2.616,-0.955,1.17,-0.17,0.529,1.17,1
-1.393,0.294,0.306,1.456,-0.14,-0.604,1.748,-0.837,1
-0.682,-0.975,1.01,0.866,2.264,1.047,-1.641,1.137,0
0.194,0.26,0.632,1.041,-0.325,-0.398,1.586,0.282,0
0.483,0.339,-0.866,-1.715,-1.477,1.457,0.176,0.338,1
0.914,1.443,0.624,-0.328,-0.991,-1.086,-1.912,0.33,1
-1.337,-1.557,-0.815,-0.524,0.086,-1.369,-0.676,-0.253,1
-1.65,-2.078,0.492,-0.384,-1.619,-0.997,0.61,-1.974,0
1.776,-0.165,2.072,1.056,0.861,-1.1,-0.629,0.314,0
-1.622,0.284,0.57,0.782,0.468,-1.922,2.262,-0.794,1
0.788,0.108,-1.434,0.246,2.06,1.263,-0.415,1.238,1
0.783,-0.031,-0.136,1.054,-1.252,0.637,0.275,-0.545,0
0.887,0.144,0.437,2.775,1.536,0.238,1.921,-1.286,1
-3.182,0.196,1.014,-0.617,-1.256,-0.206,2.658,0.027,1
-1.357,-0.058,0.707,-0.807,1.476,-0.757,-0.007,-1.664,0
0.24,0.19,-1.322,-1.659,-1.49,-1.299,0.937,-0.349,1
0.765,0.365,1.229,1.207,0.373,0.06,-1.876,-0.177,0
0.685,0.282,1.186,0.645,-0.114,-0.012,-0.79,-0.351,1
1.346,-0.21,-0.828,1.088,-0.794,-0.013,0.367,-1.169,1
-1.283,0.817,0.73,1.319,-0.029,0.148,-0.623,0.856,1
1.213,0.22,-0.935,-0.358,-1.475,-2.481,-1.458,-0.829,0
-0.857,-1.516,0.351,1.065,1.618,0.407,-0.983,0.747,0
1.467,0.693,0.385,-0.553,0.849,0.529,0.723,-0.956,1
0.517,-0.395,-1.699,0.818,-0.452,-1.114,-0.322,-0.337,1
-0.913,-0.261,0.245,0.381,1.212,0.877,-0.388,-0.063,0
2.198,-1.1,0.799,0.166,-1.224,2.508,-1.247,0.233,0
-1.205,1.289,0.043,-2.373,0.031,-0.564,0.798,-0.815,1
-0.809,-1.723,-2.429,-0.049,-1.738,0.947,-2.11,-1.575,1
1.175,0.395,-0.562,0.022,0.392,0.707,2.255,-1.708,0
-0.104,0.313,0.404,0.772,2.087,1.12,0.136,-1.414,0
1.032,-0.517,-0.636,-0.933,1.75,-0.702,0.151,-0.414,1
-0.919,-0.644,0.156,0.193,-0.716,-0.684,-1.407,1.684,1
0.459,-0.399,0.106,0.953,0.226,0.135,0.369,-0.962,0
-0.159,-0.561,-0.476,-0.141,0.935,-1.406,0.035,0.881,0
0.075,0.344,1.358,-0.442,-0.859,-1.192,-0.985,0.657,0
-0.03,0.088,-1.777,0.965,-0.215,-0.398,-0.296,0.078,1
-0.066,0.085,1.877,1.68,0.835,-1.421,-0.586,-1.991,0
-0.367,-1.011,0.743,-0.564,0.688,0.14,0.553,0.17,0
-0.429,1.427,-0.879,0.433,0.567,-0.633,1.572,-1.208,0
-1.933,-1.065,0.323,0.047,-0.322,0.085,0.945,0.588,1
-0.395,0.343,0.789,-0.456,2.035,0.607,0.621,-0.615,0
-0.614,-0.564,0.384,1.111,0.399,1.579,-1.216,-1.037,0
0.701,1.862,0.122,0.551,-1.659,1.04,1.12,0.721,1
0.22,-1.056,-0.913,0.465,-0.712,1.027,0.214,-1.539,1
1.039,-0.525,-1.151,-0.599,-0.321,-1.196,0.802,-0.189,0
-0.174,0.1,1.157,0.099,-0.667,-0.288,1.09,-0.346,0
1.263,0.135,0.693,0.561,1.117,0.055,0.747,-0.822,0
-0.37,0.236,0.095,1.087,-0.173,-0.984,0.858,-2.117,1
-0.059,-0.622,-0.55,-0.886,-0.482,1.123,-0.566,0.165,0
-0.727,0.375,-0.956,-0.267,1.118,1.713,1.426,0.464,1
-0.322,2.104,0.425,-1.834,1.054,1.015,0.267,-0.127,0
0.212,-0.851,0.303,1.22,-0.423,0.336,-1.047,-0.702,1
-2.492,0.509,1.127,-1.818,2.005,2.988,-0.75,1.326,0
-0.578,-0.641,0.092,0.102,0.899,-0.183,0.436,0.116,1
-0.85,1.169,0.228,0.024,0.701,-1.301,-1.048,0.457,0
-1.16,-0.646,0.624,0.419,0.842,0.032,0.916,-0.72,0
1.436,0.582,-0.599,-0.818,1.536,0.059,0.581,-0.917,1
1.516,0.129,0.547,-0.697,-0.557,-0.631,-0.736,-0.019,0
1.218,-0.533,-0.107,-0.562,-0.271,0.005,-0.86,-0.804,0
-0.037,0.497,-0.166,0.043,2.254,0.588,1.825,0.28,1
-0.97,0.285,0.809,-0.859,0.291,0.695,1.703,-0.144,0
2.051,1.479,0.73,-0.775,0.078,0.56,-0.615,0.868,1
-2.028,-0.236,0.112,0.241,-0.866,1.99,-0.512,0.675,1
-0.588,0.016,0.455,1.97,1.088,-0.075,0.248,0.452,1
-1.716,0.192,-0.577,-1.106,-0.348,0.717,0.641,2.504,1
-0.144,0.975,-0.127,-0.776,-1.536,0.385,-0.031,-0.209,0
-0.064,-1.549,1.232,-0.194,0.127,-0.341,-0.651,-0.232,1
1.044,0.508,0.277,0.798,0.917,-0.046,0.506,0.377,0
-0.275,0.686,0.006,-0.621,-1.084,0.215,-1.684,0.699,1
1.427,0.266,-0.08,-1.543,1.279,1.274,-0.298,-1.027,0
0.497,0.593,-1.404,0.597,-0.734,2.053,-0.564,-1.435,0
1.23,1.22,-0.591,-0.12,0.057,0.305,1.003,0.148,1
-1.514,1.056,-0.203,0.292,0.361,-0.455,0.295,0.789,1
0.379,2.741,1.723,0.515,1.643,-1.564,-0.37,-1.113,0
-0.211,-0.397,0.556,-1.869,1.973,-1.657,-0.611,-0.703,1
-0.626,1.278,0.893,1.36,-1.168,2.682,-1.331,-0.676,0
-1.057,-0.877,-0.602,0.04,0.439,0.265,0.719,0.202,1
-0.927,2.042,0.175,-0.371,-0.486,-0.462,-0.042,0.298,1
0.062,-0.843,-0.692,-0.323,3.025,0.853,0.828,-1.302,0
0.775,-1.011,-0.465,-0.429,1.326,1.551,0.889,0.592,1
0.085,1.214,1.001,1.727,-0.502,-0.003,-0.763,1.75,0
2.254,-0.246,0.156,1.594,1.532,-1.386,-1.013,-0.423,0
-1.561,-0.913,-1.769,-0.485,0.196,-1.607,0.679,0.604,1
-1.122,-0.488,-1.549,0.674,1.193,-0.163,-3.352,1.437,1
-2.224,-0.861,-0.251,-2.054,-2.517,1.272,0.41,2.128,0
1.953,0.268,-0.85,-0.554,1.231,-0.659,0.903,0.833,0
1.574,1.722,-0.407,-0.311,-0.745,0.549,-0.006,-0.942,0
-0.652,-0.144,-0.48,0.857,-1.785,-1.464,-2.402,-0.618,0
2.683,-1.176,-1.427,1.25,0.636,-0.019,1.076,-0.862,1
0.39,2.276,-1.001,-0.138,-1.39,0.163,-0.223,-1.858,0
-1.055,-1.048,-0.201,-0.437,-0.553,0.866,-0.431,-1.747,0
0.483,-1.3,0.314,1.529,1.29,-1.108,-0.514,-1.818,0
0.603,-0.094,-2.268,1.767,0.64,1.012,0.54,-1.203,1
-0.897,-0.154,1.101,-0.496,-2.608,1.388,0.709,0.375,1
-0.599,0.526,0.323,-1.335,0.997,0.028,-0.446,-0.293,0
-0.084,0.939,0.509,0.752,1.214,0.792,-0.582,-0.736,0
-0.019,0.615,-0.045,-1.123,1.356,1.378,-1.157,0.367,0
-0.154,-0.247,0.519,-1.177,0.53,0.462,-1.53,1.579,1
-0.377,0.096,0.059,-1.222,0.525,1.472,-0.211,0.324,1
-0.627,0.215,-0.023,0.44,0.261,-0.426,0.699,-1.286,1
-0.34,-0.041,-0.33,1.458,0.857,-1.815,-1.303,0.672,0
-0.8,0.687,-0.928,0.029,0.574,-0.911,0.614,-0.859,1
0.676,-1.901,0.927,-0.534,-0.977,0.937,-0.914,0.007,0
-1.7,0.375,-0.313,-0.359,0.45,-1.904,0.098,0.936,1
0.953,0.57,-0.165,0.441,-1.612,-0.286,1.833,-1.125,0
0.357,0.231,0.76,-1.424,0.431,0.785,-1.16,-1.358,0
0.88,-0.896,-0.774,0.954,-0.691,0.253,-1.521,-1.462,1
0.026,-0.61,0.799,-0.793,0.066,-0.13,1.087,1.378,1
0.679,0.508,2.453,-0.037,-1.019,-0.784,-0.505,0.983,0
1.555,1.035,-2.237,-1.61,1.203,-2.372,-0.49,-1.289,0
0.558,-1.806,1.252,-0.952,0.583,-0.268,-0.943,1.373,0
0.064,0.477,-0.284,1.033,-0.107,-0.792,0.471,0.702,0
0.368,0.654,1.239,-0.753,-1.22,0.749,-0.498,2.115,1
1.127,1.615,-1.885,0.317,0.068,-0.055,-0.077,0.474,1
0.401,0.724,0.558,1.318,-2.881,-1.992,0.258,-0.439,0
-1.39,0.692,0.726,1.31,0.666,-1.101,0.697,-1.294,0
0.448,-0.941,0.517,-0.79,0.225,-1.112,0.167,0.864,0
1.626,0.026,-0.049,-0.509,0.118,-1.495,0.323,0.569,1
-1.293,0.599,-0.949,-1.222,-0.238,1.678,-1.466,2.066,1
-1.013,1.004,0.139,-0.271,-0.95,0.815,-1.699,-0.174,0
0.585,-0.479,-1.355,0.179,-0.26,-0.343,-2.375,0.509,1
-0.439,-1.176,0.411,0.133,0.197,0.52,0.504,0.53,0
-0.071,-0.236,-1.723,-0.882,0.024,-1.18,1.426,-0.446,0
-0.425,-0.309,1.514,-0.457,0.36,0.426,1.086,1.612,1
-0.268,-0.566,-0.843,1.502,-1.422,-0.643,-0.884,-1.339,0
-0.839,-0.058,-1.502,0.032,0.408,-0.671,0.944,-1.381,1
0.544,1.471,-1.528,-1.68,-1.04,-2.171,0.041,0.151,1
-0.854,-0.997,-1.394,-0.413,1.5,0.104,-0.628,-0.392,1
0.657,-0.242,0.935,-0.346,2.39,0.019,0.179,1.061,0
-1.525,-1.548,-0.031,1.1,0.216,0.492,1.256,0.428,1
1.034,-0.562,0.12,-1.745,0.306,-0.661,0.06,1.292,1
0.59,0.136,-0.283,0.507,0.595,0.94,0.687,-1.165,1
0.713,0.974,-1.947,-0.878,-1.802,1.174,1.474,0.33,1
0.222,0.5,0.751,-0.415,1.777,0.181,0.676,0.386,0
-0.22,0.146,0.474,0.302,0.491,-0.47,-0.246,1.116,1
-0.079,-0.546,-0.776,0.434,0.295,-0.407,0.409,-1.032,0
-0.502,0.095,-0.957,0.443,2.303,-0.309,0.193,0.625,1
1.764,1.304,1.797,-0.204,-1.761,-0.089,0.183,1.211,1
0.652,-1.089,-0.484,0.221,-0.069,-0.492,0.696,1.57,1
0.822,1.153,-0.851,0.016,-0.959,1.226,-0.715,-1.183,1
-0.457,-1.745,0.776,0.659,1.552,2.04,0.427,-0.388,0
0.28,-0.339,0.432,-0.305,-0.859,1.525,-0.657,0.101,0
0.314,-1.411,-0.52,-0.721,0.01,-1.311,-0.23,0.123,1
0.354,-0.193,0.282,-0.488,-0.793,-0.593,1.591,-0.262,0
1.106,0.867,-1.499,0.2,1.059,-0.067,1.538,0.242,1
1.005,-1.498,1.231,-0.39,0.308,0.68,-0.368,-0.503,0
-0.858,-0.079,-0.427,0.727,-0.639,-0.321,-1.661,0.943,1
-0.911,-0.903,-0.458,-0.307,0.902,0.954,0.402,-0.153,1
0.145,0.857,-1.37,0.508,-1.34,1.545,-0.851,-0.211,1
0.897,-0.435,0.488,-0.04,1.248,-0.641,-0.719,-1.449,0
-0.04,-0.652,0.188,-0.72,0.308,0.352,-1.669,-0.432,1
-0.2,-0.397,1.145,0.76,-1.198,-0.292,2.574,0.071,0
-0.607,-0.44,-1.603,1.782,0.192,0.848,0.635,-0.267,1
1.039,0.32,-0.145,-0.348,-1.317,1.422,-0.564,1.23,1
0.14,-0.648,-0.37,-1.443,-1.304,-0.332,-1.642,-0.143,1
0.72,-0.176,0.218,-1.41,-1.261,0.254,0.963,-0.085,1
-0.643,-0.546,-0.286,-0.61,-1.782,-1.447,-0.575,-0.557,0
-0.01,0.359,1.538,-1.058,0.705,-0.166,-0.811,0.16,0
-2.348,0.273,1.931,0.109,1.605,1.156,0.744,1.092,0
-1.394,0.703,0.932,0.468,0.816,-1.091,0.915,0.434,1
-0.301,1.106,-0.737,0.958,-0.529,-2.282,0.897,-0.219,0
-0.204,-0.341,-1.241,0.361,1.868,-0.476,1.518,2.016,1
0.205,-0.769,1.148,-0.7,0.69,-1.155,1.199,-0.116,0
-0.336,1.676,-0.698,0.197,1.434,-0.105,0.422,-1.638,0
0.257,-0.524,0.751,-0.042,0.747,0.006,1.06,1.43,1
-0.021,1.071,0.049,-1.289,-0.511,1.119,-0.974,1.325,0
0.471,-0.943,1.013,1.459,-0.139,-1.098,0.03,0.168,0
1.501,-2.317,0.459,-1.132,0.301,0.516,-0.066,0.767,0
-0.049,-0.226,-0.461,1.31,-1.473,-0.555,0.24,-1.217,0
0.046,0.427,0.012,-0.313,-0.046,-0.869,0.881,0.142,1
0.09,-0.346,0.243,-1.224,-0.859,0.403,0.408,-0.43,1
-0.458,0.029,0.534,-1.92,-1.068,-0.168,-0.238,-0.134,0
-0.596,-0.019,-0.52,1.161,-0.067,0.354,1.248,2.485,1
-1.951,0.73,1.27,-0.2,-0.232,-1.631,-0.96,-1.362,0
0.917,-1.73,-0.227,0.023,-0.23,1.847,-0.377,2.219,1
1.048,1.017,0.37,-0.498,-1.358,-1.244,-0.086,-0.395,0
0.864,-1.415,0.866,0.564,-0.688,-1.616,-0.353,-0.436,1
0.307,0.914,0.457,0.859,0.183,0.462,-0.833,0.248,1
1.023,-0.189,0.097,0.315,-0.245,1.009,3.02,0.823,1
-1.189,-0.359,-0.216,0.125,-1.256,-3.167,1.707,-0.122,1
-0.262,-1.088,0.504,-0.405,-1.597,-0.842,-0.854,-0.896,0
-0.9,1.182,1.241,-0.478,-0.784,-1.48,0.956,1.241,0
0.361,-0.118,-1.35,0.992,-0.634,1.686,1.099,-0.177,1
0.829,0.71,0.938,-0.681,-0.414,-1.262,-0.668,1.128,0
0.722,-0.85,1.091,0.25,1.556,-0.281,0.426,0.649,0
-0.548,0.314,0.612,-1.143,1.002,0.168,0.494,-1.238,0
0.39,-0.346,1.616,0.451,1.084,-0.254,-0.583,0.477,0
-0.968,0.534,-1.583,1.181,-0.085,-0.014,-0.376,-1.52,0
0.826,0.651,-0.07,-1.621,0.73,0.058,0.706,-1.307,0
-0.084,1.432,-0.807,-0.156,-0.435,-0.588,-0.488,-2.227,0
-0.882,0.762,0.981,0.484,0.255,0.257,-0.109,-1.159,0
-0.836,0.572,-1.148,-0.887,0.958,-0.837,-1.734,0.971,1
-0.608,0.619,0.756,-0.388,1.09,0.625,-2.328,2.672,1
-0.623,-0.459,-1.592,0.807,-1.312,-0.124,1.064,0.981,1
-0.123,1.015,1.454,-0.326,-0.152,2.244,-0.387,1.538,1
1.182,0.616,-0.586,-0.93,0.497,0.644,0.856,0.593,1
0.835,1.718,-1.289,-1.091,0.896,0.469,-1.233,-0.386,1
-0.911,0.186,-1.821,0.776,0.825,0.552,0.458,0.629,1
1.156,1.023,-0.468,-1.46,0.669,1.485,0.227,0.818,1
1.888,-0.069,0.707,-0.752,-0.132,0.714,1.927,0.134,1
-1.45,-0.671,-0.595,-0.371,-1.114,-1.371,-0.225,-0.283,1
-1.108,2.33,0.708,-2.349,-0.785,1.574,-0.394,0.205,0
-1.221,-1.064,1.098,1.624,-0.184,1.467,-0.616,0.885,0
1.394,-1.172,1.359,1.793,-0.575,-1.203,0.352,0.309,0
-0.185,-0.339,1.096,-0.393,0.392,-0.913,0.017,1.605,1
0.564,0.072,0.091,0.696,1.615,0.401,1.086,0.303,0
-0.1,-0.245,-0.78,-0.617,0.453,-0.22,0.535,0.793,1
0.306,-0.112,-0.332,-0.356,-0.51,1.005,-0.218,0.392,1
-0.01,0.545,1.132,-0.499,-1.014,0.459,-1.237,2.468,0
-1.413,1.727,-0.274,-0.094,0.986,0.854,1.69,0.844,1
1.027,-1.839,-0.763,1.659,-0.522,1.029,-1.325,1.407,1
-0.169,0.356,-1.641,0.217,0.036,0.252,1.003,0.031,1
-0.776,-0.621,0.522,-1.467,-0.304,-0.631,0.943,0.511,0
0.677,-0.456,-0.398,0.237,-1.389,0.073,1.208,-1.571,0
-0.434,-0.539,-0.02,0.104,-0.179,-1.789,0.127,0.441,0
0.613,0.145,0.812,1.826,-0.048,-1.5,-0.31,-1.255,0
0.986,0.127,0.45,0.773,0.847,0.245,-0.667,-0.208,0
-1.351,-0.074,-2.34,0.492,-0.743,0.022,1.465,-0.439,1
-1.575,-0.458,-1.407,0.332,0.424,2.737,-1.144,-0.765,0
0.015,0.356,-0.078,-1.474,-2.001,0.635,1.095,-0.194,0
1.817,-0.252,-0.639,0.606,0.372,-1.168,1.564,1.228,1
-0.328,-1.131,-1.25,-1.247,0.93,1.376,1.159,-0.452,1
-0.145,-0.221,0.845,2.416,-0.846,-0.241,0.753,1.848,1
0.423,1.711,0.49,-1.604,1.733,0.219,-0.289,0.87,0
0.184,0.297,-1.938,0.758,-1.58,-0.429,-2.454,-0.515,1
2.08,-0.234,0.884,0.435,1.327,0.978,-1.933,1.199,0
0.728,-1.516,-0.434,-0.107,-0.04,-0.367,0.304,-0.17,1
-0.219,-0.231,0.882,-0.159,0.718,-0.404,0.206,-1.906,0
-0.162,-0.964,0.808,-1.12,-1.128,0.849,-0.666,1.79,1
-1.139,-0.088,0.353,-0.221,-0.054,0.64,0.279,-0.225,0
0.552,0.806,-1.636,0.786,-1.476,1.382,-0.993,0.773,1
-1.73,-0.263,1.567,-0.172,1.146,0.495,-1.942,-0.216,0
-0.819,-0.622,-0.388,1.159,1.278,-0.814,1.136,-0.608,1
-0.31,0.867,0.334,0.077,-0.593,-0.15,0.617,0.808,1
0.661,-1.469,0.904,-0.931,-0.635,-0.366,-0.615,1.143,1
-1.055,-0.139,-2.549,0.17,-0.654,1.733,0.567,-1.035,1
1.286,-1.3,1.493,-0.126,-0.408,1.723,1.457,0.172,0
0.282,0.691,-0.162,-0.468,-0.892,0.602,-0.78,-1.903,1
-0.428,-0.032,1.626,-2.165,-0.215,-1.212,-0.217,-0.377,0
-1.377,-0.23,-0.506,0.083,1.01,-0.788,0.062,1.774,1
0.719,0.681,-0.564,0.906,-1.085,-0.257,-0.497,-1.984,0
-2.101,-1.204,0.712,0.118,-0.014,0.894,1.142,0.514,0
-0.485,0.283,-0.811,0.059,-0.159,0.426,0.254,0.18,1
-0.08,-0.061,-1.351,-0.896,0.502,-1.601,0.493,-1.075,1
-1.12,0.543,-0.309,0.688,-0.757,0.168,0.636,0.341,0
0.958,-0.794,-0.875,-0.401,0.49,0.659,1.927,-0.507,1
0.43,-0.395,1.699,2.677,-1.2,0.483,-0.703,0.311,0
0.159,0.072,-1.031,0.47,-0.358,0.244,0.764,0.449,1
0.388,0.546,-0.358,-0.437,0.362,1.36,-0.337,1.41,1
0.04,-1.129,0.664,0.81,0.648,1.339,0.817,-0.35,1
-2.371,-1.165,0.07,-0.53,-0.693,-0.743,1.069,-1.119,1
-1.66,-0.083,-1.007,-1.23,0.892,1.672,-1.284,-0.178,1
-2.012,-0.293,-0.849,-0.804,0.857,1.359,-0.734,-0.558,0
0.829,-0.754,-0.392,-1.245,1.226,0.127,-0.602,0.713,0
-0.313,1.204,-1.312,-1.765,0.957,1.894,-0.362,-0.596,0
-0.532,-0.706,-1.282,0.358,0.221,0.372,-0.126,0.415,0
0.17,-0.577,0.238,0.28,-2.603,0.173,-0.692,-0.394,0
-0.434,0.657,-0.79,-0.664,-0.448,-0.113,0.691,1.422,1
1.716,-0.912,-0.681,1.249,1.026,1.022,-0.29,-0.342,1
1.287,-1.207,3.035,-2.075,-0.47,-0.446,-1.066,2.004,1
-0.656,-1.43,-0.724,-1.299,0.983,2.631,-0.19,1.499,1
0.952,1.026,0.296,0.274,0.721,0.463,-0.954,-0.144,0
-1.413,1.499,0.273,0.187,-1.614,0.028,0.464,-1.551,0
1.04,-0.389,-1.35,-1.294,-1.35,-1.198,2.048,-1.181,1
-0.995,-1.042,-0.41,0.147,0.773,-0.186,0.328,-1.532,0
-0.382,0.895,0.407,0.456,-0.604,-0.577,1.716,-0.379,0
0.024,0.54,0.446,-1.509,0.442,0.197,-0.101,0.063,0
0.306,0.999,0.379,-0.179,-0.532,1.902,0.565,0.955,0
0.478,-0.138,1.486,0.329,0.211,-0.103,1.482,-0.051,1
-1.224,-0.699,-0.577,-2.232,-0.08,-0.136,0.291,-0.393,1
-0.832,-0.05,0.514,0.509,0.829,0.819,-0.747,0.79,0
0.696,0.535,-1.706,-0.34,-1.495,-1.555,0.294,-1.215,0
0.644,1.157,-1.042,-0.781,0.434,-0.352,-0.277,0.733,1
-2.795,-0.205,-2.518,1.449,1.034,1.136,0.419,-0.186,1
0.421,-1.53,0.105,0.737,1.78,-1.14,-0.086,-0.227,0
1.237,1.442,0.478,0.376,-0.174,-0.543,-0.651,-0.222,0
-0.797,0.674,0.458,-2.921,1.115,0.448,2.236,1.315,0
-0.166,-0.384,0.679,-1.05,-0.503,0.608,1.039,2.527,1
1.192,-0.1,2.072,0.565,-1.178,1.018,-1.429,0.001,0
0.82,-0.838,1.889,-0.128,1.19,0.253,0.067,-0.728,0
-1.803,-1.845,-1.518,-0.301,0.664,0.908,1.001,-0.576,1
-1.465,0.524,0.709,-0.816,-0.656,1.607,-0.874,0.19,1
1.609,-0.656,-0.53,-0.895,-1.245,-0.621,-0.252,0.704,1
0.771,-0.03,1.68,-1.067,1.505,-0.718,0.378,-0.267,0
-0.114,-0.65,-1.098,1.749,0.743,0.307,-0.547,0.019,1
-0.385,-0.281,-0.536,0.405,-0.107,-0.609,-0.119,0.269,1
-0.266,0.063,0.611,1.739,-0.005,-0.594,-0.842,-1.028,1
0.344,-0.623,0.074,0.681,0.923,0.13,-1.182,-0.385,0
1.475,0.503,0.9,0.357,-1.634,1.363,0.63,-1.1,0
0.883,0.845,-1.675,1.13,-1.338,1.601,-0.355,-0.875,1
0.182,-0.173,0.156,1.794,-1.901,-0.906,-2.339,1.012,1
-0.393,-0.883,0.175,0.645,0.72,-1.094,-1.573,-0.357,0
-0.436,-0.37,0.453,0.126,-0.151,1.41,1.103,1.155,1
0.204,0.757,-0.552,-0.388,-0.14,-0.221,-1.455,-0.53,1
-0.178,-1.017,1.369,0.042,-1.848,-0.276,0.056,-0.325,0
-0.349,0.224,-0.584,1.374,0.582,0.936,2.209,1.176,1
-0.102,0.3,1.772,1.459,0.754,-1.078,0.994,0.175,0
0.776,-0.882,0.381,0.956,0.192,0.266,0.273,-0.644,0
-0.088,0.913,1.094,0.16,-0.13,-0.024,0.105,-1.243,1
-3.559,-0.55,0.472,0.35,-0.321,0.597,-0.637,0.914,1
-0.106,0.273,-0.214,-0.007,-1.521,-1.568,-0.222,-0.277,0
-0.233,0.486,-0.257,-0.172,-0.361,0.722,-1.976,-2.215,0
0.466,0.599,-0.094,0.529,0.305,-0.46,-0.12,-0.474,1
-1.222,0.861,-0.609,-1.692,0.997,1.189,0.819,0.47,0
1.052,0.129,-0.738,0.726,-0.643,-0.901,1.921,0.084,1
-0.72,1.256,-1.262,-1.046,2.249,-0.473,-1.086,0.099,0
-0.903,-0.219,-0.11,0.69,0.154,1.402,0.767,0.794,0
-1.93,-0.125,0.35,-0.139,0.496,2.423,-1.756,1.771,0
0.21,-2.031,-1.105,-1.083,0.115,0.886,0.45,-0.816,1
-0.393,-1.967,-0.714,0.735,0.226,-1.854,-0.5,-0.446,1
0.097,-1.828,0.2,-1.461,-0.564,1.546,0.326,-1.128,0
1.054,0.684,1.461,-0.617,0.967,-0.045,-0.418,-0.961,0
1.517,-2.053,0.676,0.91,-0.644,-0.141,0.709,-0.628,0
-0.339,1.262,0.716,-0.508,0.764,-0.457,1.363,0.414,0
1.776,0.577,-1.538,1.193,-0.099,-0.041,-0.178,1.197,1
-1.133,0.679,2.156,0.337,0.719,0.109,0.149,0.917,1
1.348,1.578,1.622,0.395,0.217,0.387,-0.317,1.098,0
-0.449,-0.332,-0.784,0.106,0.885,0.286,0.159,-1.13,0
-0.021,-0.173,-0.878,0.249,-0.354,0.868,1.228,1.225,1
-1.031,0.784,1.133,0.732,-0.994,0.927,0.434,1.292,0
-0.718,-0.806,-1.326,0.185,1.71,0.981,0.726,0.854,1
0.194,0.182,-0.976,-0.658,2.312,0.942,2.184,0.188,1
-1.061,-0.144,1.151,-1.258,0.74,-0.867,1.478,0.744,0
0.446,0.697,-0.895,1.051,-0.494,-0.631,-1.105,-0.027,0
0.52,0.436,0.465,-3.086,-0.776,-0.522,1.123,0.793,0
0.577,0.834,0.521,-1.634,0.879,-0.42,0.316,0.545,0
0.122,0.424,-1.031,-0.804,-0.88,0.631,1.065,-0.319,1
-0.681,-0.297,2.046,1.364,0.69,-1.873,0.844,0.149,0
-1.282,1.091,0.628,-0.487,1.529,-0.616,-0.875,1.716,1
-1.245,0.381,-0.106,0.06,-0.195,0.448,-0.867,1.043,0
0.176,-1.491,0.21,1.582,-2.06,0.465,-0.191,-0.739,0
0.831,1.058,-2.166,-0.968,1.17,1.685,0.611,-0.868,1
-1.167,-1.285,0.842,-1.755,0.073,-0.541,0.11,-0.329,0
-1.74,-1.082,-0.36,-0.965,-0.39,1.299,2.435,-0.062,0
0.935,1.486,-0.792,-1.524,1.112,-1.52,0.874,0.851,1
1.277,-0.205,-0.327,0.39,-1.035,-0.147,0.54,-0.278,0
0.232,1.307,0.553,-0.278,1.381,0.731,-0.543,-1.407,0
-1.692,-1.073,-0.51,0.578,-0.286,1.059,0.176,0.373,1
0.43,-0.29,-1.31,0.133,1.338,-1.244,-0.087,0.144,1
-1.293,0.013,-1.421,-0.888,-0.406,1.012,-1.095,0.442,1
-1.016,0.671,-1.102,-0.813,-0.638,0.84,0.415,0.079,1
-1.087,0.806,1.253,0.571,0.946,-2.08,0.266,-0.547,0
-0.144,0.519,-0.326,-1.697,1.449,-0.143,-2.043,-0.929,0
0.325,0.078,1.176,1.751,0.659,-0.527,-0.852,-0.967,0
-0.002,1.151,0.274,0.449,-2.226,1.422,-0.638,0.753,0
-0.802,0.918,0.454,-0.863,0.86,-0.711,0.922,-1.048,0
0.385,-0.163,1.188,-0.281,0.766,-1.045,3.027,-0.722,0
-1.939,-0.138,2.511,0.533,0.109,-0.891,0.671,-0.154,0
0.084,0.205,0.206,-0.131,-0.4,-0.217,-0.256,-0.241,1
-1.077,-1.574,-0.997,-1.107,-1.343,-0.055,0.576,-1.637,1
0.744,0.049,0.615,-1.459,0.387,-1.63,0.213,1.667,0
-1.158,-1.8,-0.745,-0.667,-1.41,-0.073,0.841,0.031,1
1.458,0.252,0.344,-0.188,-0.65,-0.502,-0.624,-0.442,0
-0.579,1.432,1.403,-3.518,-1.277,0.399,0.772,0.608,0
1.224,-0.157,2.078,1.052,-1.452,-0.192,0.901,-0.164,0
-1.922,1.471,-1.222,0.379,0.083,0.711,-0.949,0.546,1
1.429,-0.225,0.395,-0.26,-0.026,0.026,0.113,0.291,1
0.015,-0.931,-0.324,-1.621,-0.266,-1.624,-1.02,-0.589,1
0.067,0.558,-1.467,-0.721,1.112,-0.841,-0.172,1.025,1
-0.873,-0.736,-0.408,-0.735,0.962,1.435,0.506,-0.823,0
0.569,-0.155,-0.282,0.206,-0.436,0.944,0.195,1.269,1
-0.003,0.438,1.309,1.166,-0.964,-0.842,-1.009,0.291,1
0.195,0.435,-0.68,-0.122,-0.438,-0.657,-1.398,-0.753,1
-0.982,-0.189,-0.636,0.47,0.785,-1.319,-1.483,-0.017,1
0.507,1.524,-1.624,-0.018,-0.337,0.297,1.021,-0.266,1
-1.64,-0.576,0.067,0.517,-2.003,-0.402,0.362,0.375,0
1.227,1.472,0.065,-0.424,1.396,0.049,-0.283,0.273,0
0.941,-0.212,0.121,0.026,0.95,-0.283,-0.419,-0.462,0
0.208,1.253,-0.318,-2.105,-1.415,0.398,-0.433,0.786,1
0.544,2.47,-2.389,-0.377,0.402,-1.347,-0.349,0.235,1
0.158,-1.057,-0.15,-0.581,0.415,-0.481,-1.2,1.126,1
-0.39,-0.861,-0.141,0.846,0.182,-0.388,-0.192,0.152,1
-0.17,0.534,1.26,0.341,0.454,0.37,0.622,0.495,0
0.18,-0.015,-0.386,-0.403,-0.145,-1.215,1.103,1.372,1
0.358,0.228,-0.45,-0.675,-0.994,-0.535,-0.266,1.561,1
1.337,-1.275,-1.276,-0.47,-0.991,0.31,-0.079,-0.502,1
1.146,-1.186,-2.524,1.499,0.152,-0.124,1.172,2.085,1
0.647,-0.958,-0.915,-1.314,0.574,0.022,0.575,-0.838,0
-0.707,-0.231,-1.766,1.481,0.384,0.389,-0.725,-1.616,1
0.253,0.704,-1.014,-0.175,1.275,-0.219,-1.532,-1.112,1
-0.166,-0.472,-0.106,-0.753,-1.812,-1.425,1.46,0.266,1
0.469,-0.995,-0.109,-0.78,-0.251,0.503,-0.344,0.62,1
-0.265,-0.862,-0.201,-1.071,0.186,0.75,-0.832,-1.205,0
-2.217,-0.739,-0.024,0.384,-0.423,-0.186,0.73,-0.199,1
1.174,0.539,-0.788,-0.936,0.106,-0.26,-0.127,-0.316,1
-0.839,0.423,1.014,0.711,-1.255,1.781,0.274,0.293,0
0.898,-1.235,0.476,-0.842,0.187,-0.489,-0.213,1.008,0
0.081,0.719,0.856,1.81,0.706,0.619,0.344,-0.453,1
1.707,-0.224,-0.987,0.812,-1.645,-0.717,-0.075,-0.03,1
0.731,-0.872,-0.871,1.296,0.999,-0.067,0.043,0.063,1
-2.215,0.625,-0.277,0.158,1.649,0.823,-1.731,1.281,1
-0.579,-0.32,-0.529,-0.4,0.564,0.153,-1.329,0.056,0
-0.216,-0.304,1.452,0.682,-1.476,1.222,-0.661,-1.938,1
0.313,0.833,-0.279,-0.656,-1.206,0.9,2.876,-0.899,0
-0.305,-0.157,-0.748,-0.23,0.255,-0.996,-0.496,-0.401,1
-0.401,-0.032,-0.094,-0.079,-0.269,0.314,0.292,1.34,1
-1.18,-1.091,0.538,-1.231,-0.684,-1.865,-0.324,-0.038,0
2.295,-0.12,-0.234,-0.692,-1.528,0.872,-0.107,-0.011,1
0.446,-1.386,-1.564,-0.524,1.162,-0.617,1.691,1.662,1
-1.756,-0.152,-0.751,1.629,-1.218,0.786,1.283,-1.438,0
-0.547,2.498,0.944,0.118,-1.004,-1.695,1.306,-1.071,0
-1.496,-0.805,0.444,-1.641,0.14,0.068,-0.257,-0.314,0
-0.251,-0.086,-0.947,-0.783,-1.284,-0.569,0.626,-0.03,1
0.357,0.61,0.115,-0.631,-0.091,0.573,-1.908,-0.114,1
0.597,1.13,-0.522,-0.84,0.014,-0.206,-0.157,-0.309,0
0.096,-0.418,0.549,-0.555,-1.03,1.017,0.227,-0.403,0
0.256,-2.102,-0.555,-0.167,-1.747,0.877,-0.224,-0.036,1
0.51,1.24,-0.034,-1.115,-1.002,-0.461,-1.597,0.816,1
0.236,1.821,0.476,-0.421,0.306,1.14,0.31,-0.907,0
1.178,0.207,0.333,0.265,0.04,-0.27,0.023,-0.423,1
1.009,-0.931,1.711,-1.14,-1.338,0.544,-1.201,-1.978,0
-1.71,-1.369,1.003,-0.672,-2.565,0.216,-0.316,1.167,1
-0.487,0.717,-0.704,-0.1,-0.276,0.185,-0.738,0.765,1
0.2,-0.12,-0.227,-1.753,1.271,1.435,-0.842,-0.955,0
-0.363,0.632,-0.116,0.234,0.073,-0.716,0.45,0.679,1
-0.096,0.653,-1.119,-2.199,-0.319,1.114,-1.035,-0.712,0
2.306,-1.427,0.554,0.566,0.09,0.832,1.68,2.466,1
-0.823,-0.414,-0.591,-0.157,-0.467,-0.13,0.444,-1.858,1
0.564,1.571,1.655,-0.112,1.076,0.745,-1.465,-0.171,0
-1.137,-0.005,0.486,-2.091,0.204,0.953,0.915,-0.087,1
-0.469,1.438,1.229,-0.11,0.111,-0.353,-0.244,0.792,1
0.529,-0.061,-0.088,1.277,-0.227,0.232,-0.473,-0.722,0
-0.113,-0.014,-0.763,0.832,-0.749,0.735,0.361,0.493,1
-1.032,0.441,-1.467,-0.825,-0.296,-1.357,1.542,-0.407,1
1.117,-1.593,-0.229,0.718,0.808,0.973,-0.093,0.431,1
0.208,0.278,0.989,-0.996,0.597,-0.572,-0.813,0.723,0
-0.033,-0.17,0.277,-1.02,-0.565,0.94,1.32,0.979,0
-0.401,-0.163,-0.068,0.644,-0.106,1.095,0.396,0.124,1
0.602,0.04,0.18,-0.146,0.138,-0.721,-0.347,-1.944,0
1.509,-0.463,0.982,0.727,0.344,-0.409,-1.15,0.621,1
0.819,1.322,0.97,1.529,0.038,-0.011,2.48,0.885,1
-0.853,-0.92,0.24,-0.79,1.245,-1.287,-1.11,0.487,1
-1.411,0.146,2.221,0.264,-0.691,-0.063,0.188,0.301,1
-1.428,1.383,-0.322,-1.306,-1.754,2.633,-0.433,-0.374,0
0.404,1.046,-0.102,0.863,-0.416,2.499,0.154,-0.327,0
-0.504,0.162,1.601,0.48,0.91,-1.437,1.304,-1.06,1
-0.157,-1.199,0.079,-0.748,-0.743,-2.44,-1.343,-0.258,1
-1.915,-0.408,-0.632,-1.794,-0.167,0.967,-0.353,2.099,1
0.41,0.251,0.37,1.247,0.361,0.137,-2.478,-1.93,0
-1.048,0.666,-0.573,-1.033,1.545,1.519,-1.843,-0.859,0
0.909,-0.767,1.942,-1.629,-3.346,-0.134,-0.251,0.291,0
-0.728,0.11,-0.521,0.301,1.168,-1.047,1.83,1.001,1
-0.01,1.75,-1.561,-0.311,-0.637,0.225,1.18,0.683,1
0.966,1.013,-0.157,0.136,-0.218,1.104,0.116,-0.682,0
0.334,-0.145,0.751,0.082,0.072,0.609,-0.222,0.18,0
-0.179,0.13,2.114,0.185,1.026,-1.454,1.414,-0.326,0
2.078,0.026,0.001,1.713,-0.597,-0.221,0.717,-0.487,0
-0.743,0.562,1.251,-1.651,-0.362,-1.482,0.304,1.848,0
0.482,1.341,-0.108,0.604,0.882,-0.891,1.736,-1.317,1
-1.294,-1.098,-0.419,0.27,-0.566,-0.312,-1.334,-0.854,0
0.331,0.372,0.618,0.625,0.299,-0.348,0.063,0.388,0
-0.879,-1.685,0.414,0.609,-0.906,-1.312,0.675,0.711,1
-2.128,-0.029,-1.118,1.506,-1.289,-0.451,0.869,0.86,1
2.132,-0.377,-0.052,-0.247,1.432,-1.388,0.0,-0.985,1
1.302,0.157,-0.413,-1.84,0.204,1.398,0.88,-1.241,0
-0.723,-0.223,0.093,-0.249,0.983,1.808,1.242,-0.855,0
0.467,-0.32,0.363,0.97,-0.073,-1.327,0.441,1.296,1
0.63,1.577,-0.782,-0.959,0.15,-0.381,-1.432,1.533,1
-0.765,-0.209,-1.486,-0.81,0.524,2.252,-0.131,0.073,0
1.005,0.994,0.165,0.605,-1.346,1.785,0.205,-1.051,1
-1.374,0.537,2.4,1.044,-2.329,0.263,-0.396,-0.785,0
1.017,-0.934,0.951,-1.523,0.366,0.222,-0.733,0.243,1
3.398,0.892,-0.343,-1.029,1.011,-0.551,-0.214,-1.637,1
1.967,-1.485,0.1,-0.862,0.077,-0.656,-1.75,-0.948,0
-0.006,-1.034,-0.02,-1.315,-0.55,0.447,2.232,-0.008,1
1.384,-1.185,1.791,0.64,-0.09,-2.132,0.149,-1.335,0
0.321,2.564,0.461,-0.93,-0.648,-0.794,-0.151,-0.853,0
-0.684,0.113,-1.479,0.337,0.799,0.202,0.568,1.568,1
-0.225,-0.09,-1.197,0.82,-1.423,-0.457,0.068,0.289,1
-0.077,-0.113,-0.385,-1.646,-0.574,0.658,-0.506,-0.884,1
-1.478,-0.194,0.34,0.647,1.065,0.545,-0.09,-0.728,0
0.352,1.54,-0.005,-0.082,1.833,1.672,-1.005,-0.615,0
0.332,-1.167,-1.138,0.112,-0.438,-0.026,0.427,-0.712,1
-0.069,-0.889,0.949,-0.153,-0.311,-1.354,1.36,-0.563,0
-0.715,-1.484,-0.013,-0.476,-0.552,-0.88,-0.457,-1.106,0
0.635,-0.516,1.765,0.122,-0.083,1.802,0.102,-0.339,1
-0.857,0.149,0.119,-0.941,0.196,-0.248,0.342,0.996,0
0.686,1.07,-0.122,0.001,-1.231,-0.649,-0.312,0.235,0
0.321,-0.216,-1.278,0.894,0.863,-0.056,1.828,-0.488,1
-1.592,0.2,-0.395,0.365,1.427,0.07,-0.061,-1.199,1
-1.719,0.411,-0.005,1.015,-0.32,1.458,1.613,-0.813,1
0.876,-0.323,-1.976,-0.039,0.58,1.238,0.487,-0.896,1
0.108,0.226,-0.139,1.043,-1.388,0.334,0.944,0.035,1
0.333,1.763,1.465,-0.841,-2.067,1.03,-0.56,1.0,0
2.074,-0.475,0.239,-0.058,0.203,-1.008,-2.286,1.095,0
1.861,0.043,-1.227,-0.321,0.257,0.124,0.311,-0.037,1
-1.003,-1.532,-1.775,-0.449,-1.121,1.244,0.807,-0.925,1
0.18,-1.885,-0.635,-0.268,-0.557,-2.418,-0.393,-1.296,0
0.499,-0.444,-0.08,0.601,0.831,0.201,-0.833,-0.858,1
-0.863,1.194,0.301,0.522,1.495,0.576,0.25,0.334,1
0.95,-0.132,0.503,0.553,-0.498,1.283,0.82,-0.265,1
1.105,0.627,1.666,-0.069,-0.024,-1.354,-0.675,1.35,0
2.082,-0.446,0.854,-1.2,-1.149,-1.697,-0.361,0.014,0
0.709,1.099,0.08,-0.148,-1.185,0.725,0.301,-1.346,0
0.682,-0.313,1.084,0.315,0.859,-0.563,0.898,-0.948,0
0.621,0.473,0.33,-0.096,-0.277,-0.712,-0.362,-0.039,0
-1.144,-1.776,-0.591,-1.524,0.869,-0.111,-0.48,0.662,1
1.075,1.724,1.565,-2.65,-0.933,-0.587,0.705,0.148,0
-1.112,0.466,2.174,-0.766,-1.36,-1.752,1.015,-0.395,0
0.972,-1.409,1.027,-0.248,-1.456,0.148,-0.262,0.835,1
0.068,0.335,-0.746,0.601,-0.249,0.87,0.384,-0.368,1
-0.39,-0.62,-0.068,1.804,1.905,-0.472,-0.219,1.291,0
0.006,0.945,1.822,0.274,1.061,-0.734,0.897,-0.682,0
0.942,-1.363,-0.415,0.146,-1.702,-0.155,0.832,0.261,0
1.956,-2.361,-0.635,-0.794,-0.164,0.389,1.056,-0.255,0
-0.022,2.498,-1.3,-1.08,1.537,-0.633,-0.7,-0.336,1
1.748,-0.329,0.618,-0.45,0.824,-0.788,2.334,0.47,1
0.097,-0.853,-1.093,0.085,0.361,-0.46,-2.149,-0.125,1
0.349,-0.374,0.156,0.459,0.717,-0.869,0.91,0.642,0
0.467,0.937,-1.069,-1.141,0.643,-1.604,0.451,0.249,0
0.11,-1.227,0.558,0.744,-0.909,0.825,0.472,-1.369,0
0.64,0.1,-1.721,-0.238,-0.043,1.278,-0.755,0.191,1
-0.757,1.373,1.371,0.741,-1.06,0.836,0.824,0.282,0
0.039,-1.055,-1.576,-0.439,0.735,0.42,0.713,1.339,1
0.606,-2.32,-0.644,0.25,0.321,0.621,-1.072,1.179,1
0.855,2.211,0.585,-0.928,0.566,0.434,1.84,-1.185,0
-1.678,-0.737,1.14,-0.379,1.672,1.371,1.05,0.311,0
0.793,-0.087,-0.975,0.172,-0.662,0.491,0.32,-0.724,0
0.483,0.186,-0.861,-2.022,2.104,-1.557,0.467,1.208,1
0.386,0.066,-1.451,-1.679,-0.385,0.196,1.265,-0.783,0
1.302,-1.023,0.229,0.227,1.387,0.417,0.299,0.614,1
-0.21,-1.213,-0.449,0.373,1.603,1.337,1.998,0.395,1
0.161,0.177,0.992,-1.609,0.049,1.833,-1.779,2.581,1
1.47,0.729,2.058,-0.21,-2.403,0.906,0.723,-0.02,0
-0.268,0.394,0.601,-0.053,0.365,-0.35,-0.218,1.339,1
0.426,0.252,-0.663,1.26,1.633,-0.231,1.077,1.544,1
0.444,-0.163,-0.081,1.572,1.524,1.141,0.854,-1.392,0
0.553,-1.223,-0.116,-1.102,-0.996,0.971,0.0,-1.317,1
-0.018,-1.123,0.112,-0.428,2.209,-0.433,0.534,-1.13,0
-0.254,0.574,-1.353,-0.099,-0.47,-0.667,0.321,0.309,1
1.64,1.7,1.13,0.317,1.898,-1.988,0.825,-1.248,0
0.773,-0.2,-0.607,-0.398,-0.85,-0.574,-0.6,-0.532,1
0.763,-1.624,-0.549,0.586,1.719,-1.731,0.938,0.283,1
-0.019,0.219,-2.045,1.494,0.978,-0.748,0.804,-0.015,0
0.808,-0.643,0.561,-0.619,-0.537,0.989,-0.079,1.369,0
-0.882,0.651,-1.665,-0.168,-0.175,0.786,0.698,-1.174,1
0.796,0.193,-0.437,0.756,-0.812,-0.758,-1.287,0.278,0
-0.365,0.5,0.06,0.094,-0.793,-0.361,-0.69,1.105,1
-0.401,-1.161,-0.062,0.987,-1.709,-0.272,-2.346,0.939,0
0.353,-0.374,-0.769,1.253,1.039,0.241,-0.376,-0.772,0
-0.332,0.891,-1.377,1.508,0.597,0.698,1.362,0.77,1
-0.178,-0.744,0.095,-0.059,-1.927,0.153,-0.152,-0.325,0
-1.238,0.751,0.439,1.274,0.373,0.632,0.492,-0.453,0
0.072,1.592,-0.544,0.826,-1.966,0.298,0.195,-0.991,1
0.703,0.123,-0.43,-0.163,1.186,0.651,-0.388,-0.944,0
-0.304,-0.31,1.43,-0.116,-0.269,0.165,-0.838,0.393,0
-2.572,1.998,-1.159,0.441,-0.437,-0.39,0.551,1.878,1
-0.524,-0.091,-0.178,-0.077,0.181,-0.536,-0.756,1.101,1
-0.472,1.459,0.935,-0.874,-0.952,1.697,1.898,-0.546,0
0.706,0.57,1.416,-0.38,-1.51,-0.065,-0.397,-0.208,1
-1.353,-0.198,-0.96,-0.817,-0.396,-0.193,0.838,0.264,1
1.053,-1.277,1.459,0.863,-0.311,0.296,0.414,-0.765,0
1.352,1.075,-0.378,1.337,0.099,-0.136,0.309,-0.302,1
1.437,0.517,-0.149,-0.427,0.479,0.894,0.382,-0.57,1
-0.702,-0.174,1.547,-0.402,0.187,1.319,0.248,-0.22,0
-0.963,-0.497,2.038,-1.506,-2.676,-0.413,0.55,1.146,0
0.536,-0.524,-1.057,-1.721,-1.425,-0.804,-0.369,0.838,1
-0.642,-0.145,-0.315,-1.898,-0.044,0.126,0.261,-0.8,1
0.99,0.645,-0.92,1.059,-0.222,-0.055,0.233,-1.445,1
0.301,-0.53,0.073,-0.416,2.157,-0.77,-0.88,-1.188,0
1.994,-1.051,-0.492,0.22,-0.546,0.105,-1.256,-1.588,1
0.532,-0.527,1.158,0.294,-0.977,0.111,1.462,0.276,1
-0.694,0.215,-0.136,0.4,0.385,0.571,0.744,1.901,1
-1.007,1.552,-0.409,0.859,0.378,0.481,0.373,0.542,1
0.362,-0.447,0.705,1.741,0.735,-0.167,-2.121,1.743,1
0.828,-0.267,-0.989,1.482,-0.273,0.125,0.059,0.584,1
2.159,0.626,0.192,-0.794,-0.181,0.307,-0.669,0.873,1
-0.049,-0.154,-1.198,0.674,-0.031,-0.308,0.525,-0.189,1
0.651,0.684,-0.662,0.783,-2.332,0.835,0.167,0.054,1
0.131,-0.145,0.115,0.242,0.196,-0.331,-0.016,0.568,1
-0.211,-0.33,-0.059,-1.059,0.057,0.124,-1.801,0.337,0
-0.977,0.142,-0.038,1.8,-0.853,1.404,-1.122,0.525,1
0.967,0.114,-1.195,-1.094,0.26,-0.61,0.727,-0.696,0
-2.395,0.643,-2.67,-1.04,-0.425,1.961,-0.028,1.217,1
-0.624,-0.926,0.883,0.348,-0.016,-0.532,1.181,0.51,0
0.955,-0.014,-0.889,-0.161,-1.556,1.114,-0.869,1.669,1
-0.039,-0.735,0.82,-0.803,-0.238,-1.315,-0.738,0.976,1
-0.479,-1.405,-1.144,0.295,0.39,1.821,0.295,-0.263,1
0.378,0.609,0.655,0.395,-0.528,-0.742,0.367,-0.469,1
0.582,1.464,0.497,0.172,-0.174,-1.529,0.149,-1.232,1
0.408,-0.057,0.846,-0.552,0.17,1.219,-1.024,0.853,0
0.401,-0.649,-0.006,-0.017,-0.92,1.047,-0.539,1.078,0
-0.619,-0.792,-1.558,0.294,1.321,-0.205,-0.943,-0.667,1
-1.572,1.019,0.953,2.956,0.235,0.79,-0.236,-0.006,0
-0.181,0.206,-2.094,-0.411,-2.25,0.651,-0.012,2.076,1
0.34,-1.125,-0.39,-0.604,0.707,0.978,0.648,1.394,1
-0.981,0.396,-0.179,1.088,1.021,-0.022,0.627,0.439,1
-0.303,-0.345,-0.703,-1.603,0.409,-0.279,-0.52,-1.739,0
-0.856,0.244,-0.737,-0.192,0.327,-0.449,1.884,-1.488,1
0.666,0.017,0.148,-0.115,-1.23,0.155,-0.773,1.022,1
-0.877,-1.33,0.91,1.572,-1.448,1.658,-1.577,0.071,1
-0.055,-2.545,-0.598,-0.645,0.261,1.441,-0.147,0.561,1
-0.735,-0.78,0.315,-1.163,0.924,1.021,0.397,0.181,1
0.702,0.959,-0.722,-0.398,0.738,-0.174,0.019,-0.396,0
1.057,0.279,0.63,-0.385,0.311,-0.418,-0.568,-1.07,0
-1.192,-1.213,1.044,-0.564,-0.68,-1.12,1.148,0.133,0
-1.601,1.201,0.236,-0.108,-0.862,-0.744,-0.567,0.139,0
-1.173,-1.106,-0.384,-0.015,-0.821,0.35,-0.775,-0.487,1
0.436,0.204,-0.075,1.806,0.232,-2.049,1.913,0.639,1
0.66,0.418,0.55,-0.098,-1.096,-0.606,-1.926,0.058,0
-1.101,-0.389,1.443,0.28,1.063,-0.425,-0.756,0.866,0
-0.71,-0.831,-0.875,0.295,-1.065,-0.769,-0.472,0.481,1
-0.926,0.953,0.236,0.151,0.625,0.567,-0.142,-1.268,0
-0.19,0.713,0.18,0.129,0.243,-0.116,-0.523,1.288,1
-0.648,-1.606,-1.231,1.028,0.058,-0.904,-0.542,1.446,1
0.604,0.481,-0.524,-0.927,-0.666,-0.803,-1.101,-0.009,1
1.008,0.42,0.022,-0.519,1.199,-1.1,-0.551,0.859,1
-0.343,0.612,-0.333,0.645,-1.393,0.368,-0.079,-0.112,0
-0.158,-0.261,0.272,-1.177,1.433,1.596,-0.658,0.364,1
-0.892,0.341,0.555,0.377,0.361,-1.803,0.564,-0.521,0
0.414,0.321,0.463,-0.142,-0.507,-0.506,-0.911,1.762,0
0.145,0.342,-0.672,0.911,1.982,0.024,1.517,-0.194,0
0.451,0.236,-1.842,0.603,0.987,0.99,-1.429,-0.097,1
-2.114,-0.655,0.146,-0.433,0.727,-1.131,1.476,-0.193,1
0.011,0.33,-0.831,-0.487,-0.681,0.843,0.526,1.027,1
0.935,2.1,0.902,-1.327,1.51,-0.894,2.168,-0.096,0
1.265,0.037,-0.113,1.871,1.651,-0.44,-1.349,0.092,1
-0.285,1.855,-0.262,-1.619,-0.669,-0.966,-0.577,-0.925,1
0.241,-0.04,-0.851,0.129,-0.374,-0.1,0.067,-0.633,0
-0.288,0.786,-0.225,-0.535,0.02,0.492,-1.46,-1.653,1
-0.514,1.007,1.451,-1.285,-0.597,0.068,-0.039,-0.215,0
-1.021,0.031,-0.24,1.045,-0.882,0.067,0.19,-0.546,1
-0.784,-0.701,-1.941,-0.411,0.243,1.875,-0.823,-1.208,1
-2.165,-2.886,0.12,-0.931,-0.109,-0.393,-1.173,0.106,0
2.148,0.512,-1.407,-0.826,-1.138,1.831,-0.8,1.711,1
-1.73,-0.791,0.893,-2.127,0.628,2.692,-0.189,0.518,0
-0.171,0.119,-1.056,1.16,-1.287,-0.115,1.408,0.079,1
0.109,-1.909,-0.995,-1.043,0.021,-0.996,0.004,-0.071,1
-0.219,-1.693,-1.155,2.648,1.484,0.433,-0.581,-0.758,0
-2.163,0.697,0.522,0.395,1.655,1.402,-1.287,0.333,1
-0.377,-0.671,-0.168,0.645,0.265,-0.661,0.031,0.024,1
1.354,0.851,-0.726,0.392,2.038,-0.825,1.433,-1.042,0
-0.559,1.992,-0.332,0.298,-0.227,-0.616,0.529,1.635,1
0.202,-1.428,1.989,-0.701,0.031,0.637,1.323,0.356,0
-0.132,0.688,1.89,-0.589,-0.939,0.861,-1.23,-0.54,0
1.095,0.071,-0.547,0.242,-1.022,0.135,-0.428,0.878,0
-1.797,2.378,-1.09,0.321,-0.841,-0.897,0.628,-0.138,1
-0.152,2.354,-0.106,0.065,-0.294,1.026,0.524,2.223,0
-0.968,-0.924,-0.087,-1.339,-0.186,0.123,-0.036,-1.051,0
-0.433,-0.268,-0.905,0.167,-0.709,0.027,-0.442,1.639,1
-1.077,0.691,-1.07,-1.149,0.435,-0.323,0.155,-1.195,0
-0.325,1.831,0.239,-1.241,0.113,-0.155,1.465,-0.056,0
1.898,-0.429,-0.64,0.286,1.648,1.194,-0.375,0.795,1
1.013,-0.771,0.631,-0.737,0.873,-0.134,0.045,-0.728,0
-2.174,0.378,-0.308,-2.226,0.67,0.477,0.02,1.023,1
-0.758,0.33,-1.12,-2.469,1.54,0.657,-0.457,1.057,1
-1.319,1.431,-0.721,-0.153,0.94,0.103,-0.88,-1.509,0
0.678,-0.621,1.384,-1.606,-2.579,-1.508,-0.621,-1.601,0
-0.228,0.838,-0.831,-0.732,0.037,-0.946,0.518,-1.312,1
1.269,0.133,1.528,0.134,-1.952,-1.532,-1.049,-1.037,0
-0.99,0.634,-1.314,-0.801,0.172,-0.033,1.169,0.4,1
-0.251,0.141,1.06,0.83,-0.712,-1.495,-0.1,-0.214,0
-0.355,1.208,1.916,-0.363,-0.921,0.901,0.517,0.742,0
-0.695,-0.481,0.31,-0.816,0.512,-0.467,1.65,-0.114,0
-1.709,-0.766,-0.38,0.255,-2.836,1.405,-0.736,0.706,0
0.286,2.028,1.901,-0.258,0.748,-0.522,-0.093,-0.41,0
1.52,-1.041,0.473,-1.982,-0.845,-0.08,0.357,0.298,0
-1.468,-1.363,0.448,0.875,0.376,-0.217,0.991,0.008,1
0.994,1.441,-0.359,1.882,-0.742,1.319,0.627,1.058,1
-0.19,-0.04,0.979,0.806,1.248,-1.776,-0.353,0.498,0
-0.073,-0.411,1.073,-0.563,0.286,-1.502,0.322,0.875,1
-0.169,0.103,-0.555,-0.364,0.175,-0.961,0.18,-0.753,0
-2.229,-0.023,-0.886,-1.11,-0.529,0.122,-1.356,-0.076,1
-0.455,1.858,-0.203,0.521,-2.627,0.687,-0.418,-0.922,0
0.399,-0.827,-0.095,-0.216,0.987,1.055,1.934,0.406,1
1.821,0.042,0.584,0.163,0.132,-0.731,1.31,-0.494,0
-0.527,-0.464,-1.646,0.382,-0.149,1.609,-0.711,-2.249,0
-0.759,-0.423,-0.391,1.048,0.719,-0.785,0.876,-0.601,0
0.437,-0.21,-0.032,-0.792,-1.095,-0.461,0.207,-0.055,0
0.558,-0.7,1.611,-0.446,-0.805,-0.399,-0.042,0.22,0
-1.794,1.412,-0.629,-0.196,0.796,1.871,0.308,-0.802,1
0.65,-0.079,-1.299,-0.581,0.462,0.828,-0.649,-0.485,0
-0.641,-0.956,-2.292,0.042,0.928,0.761,-0.18,-1.031,1
0.016,1.668,0.028,0.154,-1.176,-0.782,1.083,1.106,1
-0.309,1.649,-0.775,-2.138,0.949,0.073,-1.019,1.059,1
-0.173,-0.487,0.642,2.444,-1.74,0.91,-0.003,-0.341,0
-0.557,0.666,-0.636,1.083,0.634,-0.079,1.151,0.799,1
1.78,-0.37,1.449,-1.475,0.58,0.771,-2.078,2.105,0
-1.817,0.044,-0.083,0.859,0.569,-0.206,-0.159,2.589,1
-0.925,0.319,0.639,-0.083,-1.041,2.12,-0.044,0.434,1
0.422,-0.426,-0.01,0.781,2.095,2.104,-0.308,-0.499,0
1.147,1.93,0.883,-1.583,-0.865,-0.241,-0.242,0.262,0
1.174,-0.639,-2.767,0.915,-0.114,0.966,-1.457,-0.052,1
0.257,-0.165,-0.225,1.31,0.257,1.075,-0.051,1.81,1
0.47,1.668,-1.065,-0.457,0.654,-1.487,-0.027,-0.627,1
1.632,2.198,0.327,0.152,-0.064,1.799,1.908,0.184,1
0.699,0.644,0.224,0.72,0.01,-0.498,1.084,0.142,0
-0.797,-0.437,-0.303,-1.116,-1.017,-0.189,0.959,0.656,1
-1.288,-0.154,-0.089,-0.143,-0.087,0.419,-1.465,0.185,0
0.758,0.512,-0.416,-0.68,0.277,0.772,0.792,-0.888,0
0.638,-0.653,-1.334,1.155,-1.327,-0.518,-0.252,-0.425,1
-2.205,0.274,-0.012,0.565,-1.495,-0.318,0.053,-1.635,0
1.868,-0.998,0.241,0.794,0.838,-0.821,0.449,-0.088,0
-0.312,0.557,-0.557,1.994,0.616,-0.01,1.635,-1.338,0
0.393,-1.794,0.977,-0.39,1.414,0.773,-1.203,0.408,0
-0.387,1.012,-0.704,0.051,0.394,0.415,-2.477,-1.02,0
2.08,-1.803,-0.542,0.031,0.438,1.601,-0.676,-0.664,1
0.216,0.721,0.315,-1.602,0.357,0.003,0.955,-1.808,0
0.072,1.056,-0.964,-0.696,-0.716,-0.577,-1.78,-1.305,0
0.612,-1.165,0.98,1.273,0.496,1.621,-0.239,0.128,0
0.774,-0.841,0.332,-1.173,-0.498,1.214,-0.75,0.562,0
0.273,0.264,0.791,-0.265,1.99,-0.899,-0.572,-0.072,0
-1.489,-2.164,0.77,-0.103,1.44,0.265,-1.224,0.128,1
0.477,-1.029,0.091,1.674,-1.163,-0.06,-0.489,0.734,1
1.928,0.547,0.416,0.047,-0.556,-0.251,-0.426,1.333,0
-0.526,0.612,-0.664,-0.022,0.054,0.483,-1.114,-0.165,0
-0.43,0.619,1.081,0.11,0.456,0.805,-1.675,-1.324,0
-2.087,1.045,-0.831,-1.987,0.741,-0.213,0.543,1.198,0
-0.215,2.377,0.022,-0.182,-0.42,2.375,0.304,-0.01,0
0.509,0.841,-1.801,-0.306,-0.081,-0.399,-0.022,-0.166,0
-0.019,0.035,-0.876,0.754,0.105,0.549,1.267,0.597,1
-0.267,-0.816,-1.832,-0.163,0.248,-0.038,1.259,0.684,1
0.047,-0.495,0.876,-0.272,-0.854,-1.997,0.804,0.105,1
-1.565,-0.33,-0.348,1.003,0.289,1.671,-0.369,-0.165,0
0.257,1.269,1.544,2.106,-0.407,-0.602,-1.129,-1.594,0
-0.47,-0.84,0.414,-0.194,1.309,-1.027,-1.171,-0.471,0
0.337,-2.857,1.441,-1.027,0.13,-0.453,-0.52,0.112,0
-0.257,0.529,-0.294,0.628,-0.941,0.718,-0.595,-0.523,0
-0.945,1.506,-1.0,-0.818,-0.132,0.838,1.533,0.805,0
1.025,1.239,0.586,1.608,1.89,0.436,-0.177,0.122,1
-0.016,-3.067,-0.006,0.042,0.686,1.501,-0.374,-0.208,1
-0.901,-0.458,-0.886,-1.741,-0.633,0.121,0.325,-0.933,0
0.291,0.827,-0.572,-0.415,0.766,0.745,-0.194,-0.787,1
0.455,0.8,0.462,0.408,-0.262,-0.005,-0.763,1.564,0
-0.219,0.928,0.745,1.812,-2.07,0.103,1.863,-0.82,1
0.3,-0.528,-0.066,-0.112,0.123,-0.223,-2.223,0.891,0
-0.286,-0.021,1.627,-1.793,-0.566,-0.229,0.609,0.344,0
1.546,-0.55,-1.119,-1.282,-0.077,-0.793,1.807,1.098,1
-1.086,0.799,-1.176,0.267,0.614,-0.19,-0.999,-1.175,0
0.337,0.988,0.104,-0.417,1.263,0.785,0.863,-0.131,0
0.839,-1.581,0.017,-0.504,-1.095,0.826,-0.002,-0.395,1
-0.135,-0.367,0.02,0.033,1.018,-1.188,0.85,0.575,0
1.115,1.542,0.477,0.341,-0.377,-0.778,-0.092,1.345,1
-0.294,0.205,0.028,-0.018,-2.132,-1.761,-1.067,-0.375,1
-0.826,-0.18,0.389,1.731,0.195,0.934,-0.585,-1.314,1
-1.014,0.293,-1.095,-0.029,1.209,0.767,-1.373,0.936,0
1.182,0.625,0.696,2.585,0.423,-0.631,-1.771,1.3,1
0.427,-0.65,-0.34,-0.108,1.287,-0.988,-0.124,1.272,0
1.09,-1.767,0.439,-0.168,-0.289,-1.276,0.813,-1.169,0
-0.404,0.164,-0.199,-1.434,0.005,0.025,-0.815,-1.104,0
0.876,-0.059,-1.045,2.372,-1.151,0.159,-0.863,0.199,1
1.221,1.526,-0.748,-0.331,-0.842,-0.178,0.444,0.791,1
-0.149,0.031,-1.469,0.776,-0.91,-0.342,-1.216,1.46,1
0.05,-0.93,-0.41,1.086,1.869,-0.181,0.52,-1.191,1
1.341,-2.373,-0.052,1.396,-0.117,-0.086,0.716,-0.713,1
-0.524,-0.143,-1.553,0.887,0.538,1.886,0.16,-0.329,1
0.504,1.755,1.132,0.479,0.442,0.053,-0.376,1.906,1
-0.813,1.609,0.551,0.6,1.549,-0.905,0.799,1.538,0
-2.109,0.917,0.23,-0.412,-1.228,-0.704,-0.202,0.147,1
0.815,1.699,-0.114,-0.404,-0.655,1.43,0.136,-1.831,0
-1.005,0.008,0.836,0.285,-0.425,-0.125,-1.224,-0.135,0
-2.388,-0.159,-0.185,-0.443,0.92,-0.027,0.676,0.079,0
0.481,0.071,-0.694,0.221,1.767,-1.225,0.585,-0.871,1
-0.143,-1.976,0.072,-0.593,0.82,1.097,-0.497,-0.208,0
0.33,-1.572,-1.967,0.8,1.688,-0.082,0.994,0.627,1
-1.723,-0.316,0.414,-0.201,0.367,1.252,-0.304,0.252,1
-1.429,0.754,-1.279,-0.834,-0.018,-2.255,-1.012,-1.014,1
-2.943,-0.405,0.088,-0.94,-0.003,1.36,-0.375,0.253,1
1.36,3.089,0.908,0.452,2.347,-2.055,-0.125,-0.353,0
-0.261,-0.115,-0.34,-0.158,1.265,2.178,0.04,-1.409,0
0.557,-2.182,-0.863,-0.439,-0.274,1.025,-0.434,-0.339,0
-0.011,-0.769,-0.594,1.482,-0.114,-0.269,-0.483,1.139,1
1.752,0.6,-0.124,-0.494,0.825,0.215,-0.531,-0.692,0
1.398,-0.471,-0.387,0.849,0.942,0.683,1.538,-0.994,0
-1.124,0.178,-0.323,-0.574,0.318,1.332,0.262,-0.398,1
0.042,0.247,-0.676,0.575,-0.806,0.865,-1.221,1.114,1
-0.271,0.354,-0.957,-0.299,1.014,1.442,-0.932,-2.251,0
1.072,0.805,0.984,-0.753,0.526,-0.402,0.652,-1.02,0
-0.01,2.351,-0.456,-1.744,0.415,-0.938,-0.35,-0.148,1
0.068,0.561,2.318,0.354,0.706,-0.51,-1.128,-0.11,0
-0.528,0.814,0.011,1.173,0.166,-0.839,0.41,-0.747,1
-0.649,-0.219,0.884,-1.387,-0.98,-0.099,1.274,-0.094,1
-0.257,0.102,-0.1,-0.654,0.135,0.22,-0.157,0.373,0
0.739,0.011,-1.686,-0.134,0.618,-0.414,0.291,1.207,1
-0.806,0.474,1.314,0.767,-0.059,-0.5,-0.194,0.513,1
-1.108,0.679,1.575,0.602,-0.639,1.176,0.847,-0.415,0
0.505,-2.095,0.242,-1.28,0.398,-1.45,1.377,0.985,1
1.749,-2.405,-2.591,-0.641,0.521,-0.438,0.169,0.218,1
-0.399,-0.201,0.19,0.595,-0.553,-0.047,0.18,-1.308,0
0.787,1.115,-1.179,0.751,-0.451,-0.522,-0.751,0.644,0
2.067,0.906,-1.382,0.179,-0.688,0.631,1.259,-0.003,1
-0.442,-0.001,1.843,-2.027,0.669,-0.059,-2.514,-0.063,0
-0.563,-0.074,-1.047,-0.284,-0.708,-0.867,0.726,2.239,1
0.067,0.743,1.595,0.669,0.25,0.684,0.944,-1.795,0
-0.318,0.39,-0.873,-0.506,-1.188,0.878,0.393,-0.333,1
0.414,-1.137,0.079,1.092,0.18,0.35,2.424,1.029,1
0.846,-0.353,0.633,-0.265,1.037,-2.087,1.213,-0.653,1
3.196,-1.259,2.33,0.261,-0.761,0.023,0.3,-1.095,0
1.142,0.05,1.804,-0.659,0.641,-0.412,-1.035,0.025,0
0.484,-1.585,0.81,1.401,1.3,1.31,-0.263,-0.304,1
-2.106,-0.901,-0.113,0.749,0.506,-0.272,0.599,-0.102,1
-0.041,-1.215,-0.925,-1.429,-0.038,-1.101,-0.987,-0.631,0
-1.855,-1.902,0.135,-0.191,-1.738,-1.012,-0.983,-0.882,1
-0.515,0.168,-1.019,-0.567,-0.513,0.213,1.503,1.15,1
0.411,-0.308,-0.738,1.104,-1.78,-1.371,0.576,0.568,1
1.478,0.212,1.593,0.345,0.826,-0.606,-2.159,0.88,0
0.967,0.202,-0.479,-1.313,1.455,1.314,0.774,0.632,1
1.386,-1.116,-1.076,-1.183,0.605,0.248,-0.462,-0.736,1
0.403,0.209,0.176,-0.716,0.078,1.379,-0.786,-0.416,0
-0.287,-0.591,-0.457,0.624,-1.64,2.106,0.168,-0.53,0
1.405,0.166,2.605,-1.34,0.781,0.958,-1.061,-2.488,0
-1.6,-1.786,-0.663,-2.111,-0.413,1.385,0.212,-1.498,0
-0.566,0.899,0.516,0.339,-0.39,0.946,-0.232,0.481,1
-0.765,-0.974,-0.002,-1.087,-1.16,1.081,-1.256,-1.272,1
1.796,0.436,-0.028,-1.024,-0.468,1.096,-0.296,-0.593,1
0.771,-0.816,-1.427,-1.102,-0.178,-0.929,0.648,0.127,1
0.115,0.041,-0.231,1.584,1.096,-0.516,0.441,0.675,1
-0.623,1.966,0.22,-1.004,-0.116,-0.971,2.216,0.208,1
1.025,-0.319,0.534,2.089,-1.394,-1.351,-1.377,0.313,1
0.826,-0.071,-0.001,0.092,-0.767,1.132,-0.624,-0.844,0
1.454,-0.936,-2.073,0.642,-0.939,-0.763,1.2,2.425,1
2.096,2.182,-1.465,0.731,0.518,-0.944,0.405,-0.566,1
-0.1,-0.65,-1.219,0.451,0.97,-0.135,-1.026,1.572,0
0.986,2.163,-0.009,-0.964,0.514,-0.501,-0.068,-0.599,0
-0.601,-0.307,0.533,-1.077,-1.95,-0.634,-0.443,-1.987,1
0.912,1.126,0.939,0.615,-0.191,0.955,-0.46,1.852,1
0.999,0.433,-1.233,0.524,-1.938,-1.444,-0.652,-0.264,1
0.398,1.045,1.117,0.41,-1.6,-0.427,-0.372,1.22,1
1.289,0.842,-0.573,-1.499,1.434,0.624,-1.416,0.958,0
0.279,1.061,-0.375,-0.672,-0.44,-0.784,-0.29,-0.462,0
-0.365,-0.544,1.432,0.654,0.029,-0.662,0.514,-0.374,1
0.541,-0.833,-0.402,0.702,1.699,-0.984,-1.712,0.345,1
2.082,1.673,-1.191,-0.526,-0.373,0.553,0.707,0.638,0
1.136,1.165,-1.267,1.065,0.33,-0.693,0.447,-1.208,0
-1.343,1.713,-0.267,0.825,1.072,0.053,1.407,-0.884,1
-0.434,0.07,-0.949,-0.493,1.388,-0.459,1.64,-0.206,0
0.138,-0.433,-1.048,1.283,-0.168,-0.544,1.277,0.973,1
-0.156,1.728,-1.711,-0.719,0.607,-0.693,-0.345,-0.508,1
-0.777,1.758,-2.216,-0.276,2.473,-0.806,-0.0,-0.437,1
-0.457,-1.239,-1.132,-0.732,0.56,0.237,0.147,0.978,1
1.269,0.64,2.166,1.193,1.525,1.148,-0.468,0.685,0
0.385,0.735,-1.26,-0.44,-1.217,-1.776,-0.519,0.722,1
0.067,-0.856,0.947,-1.594,-0.737,0.149,-0.194,1.447,0
0.214,2.191,0.424,0.536,-0.585,-0.948,0.411,0.495,0
-0.258,-0.627,1.811,-0.1,0.263,0.432,0.03,1.106,0
0.456,-1.564,-0.835,2.106,1.099,0.161,0.799,-0.095,0
-0.91,0.141,-0.985,-1.052,0.516,0.421,-0.346,0.108,1
0.308,-1.371,-0.807,-0.727,0.17,-0.468,2.578,0.217,1
0.019,0.11,0.083,0.969,-1.341,0.19,-1.273,-0.113,1
-0.537,-0.525,-1.637,-0.603,1.018,1.691,-1.703,0.586,1
-0.009,0.529,0.464,-0.791,-1.576,-0.445,-1.471,-0.948,1
-0.143,-0.506,0.649,0.388,-2.482,0.606,-0.837,-0.646,1
-0.094,0.471,-0.74,-0.909,-0.069,0.602,0.231,-1.578,0
-0.713,-1.109,-0.698,1.11,0.345,-0.186,0.3,-0.912,1
-0.775,2.008,-0.437,0.017,1.174,1.254,0.766,0.62,0
0.099,-0.317,-0.918,0.466,0.514,2.043,0.061,1.182,0
0.531,1.659,-0.252,-0.613,0.33,-0.915,-0.714,0.356,0
-0.006,-1.409,0.567,-0.009,0.168,0.071,0.844,0.601,1
1.35,-1.38,0.139,-0.519,-1.814,0.413,1.146,0.7,1
0.565,-0.446,0.164,-0.975,0.144,1.997,-0.433,-0.748,0
2.05,-0.721,0.997,-1.358,-1.438,-1.045,-0.56,0.559,0
0.728,0.838,-1.34,-0.775,-1.004,0.527,-3.038,-0.297,0
-0.536,-0.799,0.448,0.182,-0.804,1.225,0.151,-0.766,0
0.683,1.693,0.28,-1.453,-0.187,0.084,1.172,-0.916,0
0.76,-0.014,0.932,0.675,-0.465,0.617,0.202,-0.087,0
1.097,-0.394,-0.231,0.507,1.305,0.559,0.984,2.307,1
-0.42,-1.304,1.155,-0.901,0.276,0.564,-1.47,0.892,0
0.698,-0.363,0.531,0.119,-0.654,-0.634,1.15,0.297,0
1.478,-0.379,1.423,0.274,-1.529,0.226,-1.176,0.544,0
-1.441,-0.76,0.198,1.429,0.67,-0.757,0.651,-0.492,0
-0.769,0.403,0.767,0.912,-0.751,1.83,2.167,0.163,1
0.25,-0.811,0.559,-0.144,-1.144,1.013,-0.027,-0.984,0
-1.006,0.221,1.993,-0.852,-1.437,0.223,0.708,1.605,0
-0.622,-1.689,0.172,0.39,-1.05,-1.548,2.504,1.622,1
2.027,-0.957,-1.329,1.162,0.435,-0.217,0.475,1.747,1
0.04,2.32,0.601,-0.252,-0.44,-0.491,1.548,-0.474,0
-0.877,-0.714,0.933,-0.296,1.498,0.129,1.901,0.259,1
-2.922,2.08,-0.798,-0.11,-2.201,1.089,1.101,-1.391,0
-0.546,-0.271,-0.84,0.411,0.237,0.852,1.822,-0.177,0
-0.182,0.426,-0.088,-0.484,0.785,-0.231,0.83,0.053,1
-0.296,0.458,-0.311,-1.646,-0.534,0.774,-0.624,1.344,1
1.165,2.661,-3.242,0.132,-1.321,-1.183,0.765,-3.02,1
0.749,-0.627,-0.155,-0.341,-0.871,0.072,1.407,0.502,0
-0.122,1.876,-0.389,-0.236,0.772,-0.017,-0.062,0.042,1
0.327,-0.733,-2.268,0.09,1.309,-0.311,-0.734,1.68,1
0.975,1.72,-1.588,-0.456,1.747,1.166,1.9,0.848,1
0.153,-0.519,1.211,0.479,-0.623,-0.323,-1.957,-0.204,0
0.338,0.573,-0.176,0.669,1.809,-2.851,-1.966,-0.906,0
0.109,0.279,0.409,-0.665,-1.174,0.112,0.32,-1.202,0
0.646,-0.892,0.806,1.021,1.1,-0.696,1.322,-0.607,0
0.232,-0.097,-0.393,-0.394,-0.428,0.271,-0.004,-0.988,0
-1.893,-0.371,-0.619,1.718,0.346,0.494,0.654,0.353,1
0.439,1.663,0.8,-1.648,0.284,-0.532,1.053,-1.096,0
-1.322,-0.997,1.063,-0.203,-0.834,-0.064,1.092,-0.43,1
-0.602,-0.42,0.159,1.813,1.0,-1.263,-0.412,-1.616,0
0.227,-0.571,0.929,-0.507,-0.966,-0.067,-0.761,1.27,1
0.544,-2.393,-0.267,0.564,0.546,-1.542,0.675,0.605,1
0.31,0.612,-1.499,0.507,-0.102,-0.304,-0.289,0.239,1
-0.978,0.024,0.514,0.576,0.767,1.041,0.005,-1.692,0
0.335,-0.22,-0.595,0.624,0.595,0.026,0.317,-0.23,1
-0.084,0.555,-0.411,-1.357,-0.242,-0.182,0.183,-1.543,0
1.31,-0.582,0.34,-1.249,-0.206,-0.002,0.198,-0.092,1
-0.525,-1.418,0.63,0.362,1.26,-0.198,1.612,-0.901,1
-0.187,0.389,0.243,-0.126,1.663,0.308,0.531,-1.844,0
1.643,0.476,-0.5,0.085,-0.407,0.619,0.445,-0.172,1
0.074,1.768,-0.321,-1.176,-1.358,0.136,-0.421,-1.775,0
-0.227,0.588,0.39,0.218,-0.192,-1.542,0.576,-0.89,1
0.951,0.685,0.891,1.197,0.171,2.224,1.577,0.148,0
1.721,-0.137,-0.173,-1.531,1.673,-0.347,-0.112,0.044,1
0.502,-0.049,-0.012,-0.821,-0.276,-1.337,-1.18,-0.279,0
-0.325,0.192,2.246,0.731,2.166,-0.209,-1.462,-0.994,0
-0.903,-1.154,-1.036,0.979,1.921,0.805,-0.902,-0.902,1
1.023,0.493,0.733,1.039,-0.206,0.268,-0.03,-0.466,1
1.083,0.748,-0.179,-1.52,0.987,-1.703,3.207,0.485,0
0.033,0.328,0.274,-0.225,-0.941,0.092,2.472,-0.611,1
0.198,0.505,-2.298,0.621,-0.784,-1.216,-1.495,0.711,1
-0.201,-0.018,1.229,1.126,-0.61,-1.742,1.498,2.26,1
0.258,-0.173,-0.543,-0.26,-0.588,0.484,1.532,-1.571,0
-0.743,-2.596,-0.284,0.186,-0.226,2.101,0.343,-1.19,0
-0.016,-0.347,-2.445,-0.654,-2.475,0.019,-0.356,0.112,1
-0.9,-0.307,0.715,-0.068,0.032,1.205,1.576,0.476,0
-0.491,0.932,-2.208,0.129,1.45,-0.36,1.885,-0.208,1
-0.227,-0.394,-0.897,-0.966,1.833,0.384,0.389,0.98,0
-1.118,-0.302,-0.816,-1.91,0.249,1.539,-0.294,-0.982,1
0.978,-0.093,-0.095,0.349,0.685,-0.584,-0.87,0.029,1
-0.337,0.782,-0.371,0.817,0.514,-1.013,-0.257,-1.058,1
0.148,0.788,0.359,-0.069,-1.032,0.928,-1.101,0.979,0
1.502,1.117,-2.301,-0.847,0.267,-1.029,0.282,-0.143,1
-0.727,-1.024,-1.604,-0.387,0.181,0.66,0.262,-1.538,1
1.905,0.494,-1.169,0.628,0.574,-0.491,0.531,-0.986,0
-1.423,-1.424,0.883,-1.02,0.523,-0.438,0.546,-0.276,0
-0.842,0.735,0.883,-0.26,-0.068,0.432,1.416,1.011,1
-0.168,0.638,0.247,-1.115,-0.012,-2.061,0.391,-0.007,0
1.291,-0.155,-0.785,-1.328,-0.832,0.28,-1.118,1.016,0
-1.469,-0.94,-1.256,1.13,0.451,-0.577,0.451,-0.297,1
0.527,-0.457,1.319,1.869,0.248,-1.642,-0.092,-1.565,0
2.865,0.427,-0.772,-0.915,0.23,-0.317,0.106,0.351,1
-0.251,0.556,0.136,-2.982,0.078,-1.224,-0.496,-0.192,1
-1.454,0.073,0.568,1.054,1.079,-0.66,0.453,-1.034,0
0.22,-0.835,2.118,0.423,-1.194,0.172,-1.278,-0.208,0
-1.007,1.273,0.657,-0.818,0.695,0.771,-0.259,1.168,0
-1.15,-0.207,-0.63,0.705,-0.968,1.038,1.009,0.458,0
0.174,0.155,0.355,2.004,-1.293,0.185,-0.434,-0.268,0
0.113,-2.317,0.007,1.267,0.678,-0.106,-0.714,-0.98,0
-0.051,0.993,0.371,-0.356,-0.79,-0.434,-0.567,-1.043,0
-0.711,1.12,1.207,-0.179,-0.502,-0.178,1.579,1.274,1
-0.071,1.581,0.384,0.546,0.363,0.22,1.247,-1.061,0
0.905,-0.45,-0.176,-1.514,-0.451,2.077,-1.226,0.407,1
0.295,-0.113,-0.509,-0.139,-0.797,1.038,-2.793,0.529,0
-0.208,-0.776,-0.825,-0.99,-0.833,0.232,1.364,0.455,1
0.98,1.4,2.742,1.527,1.948,0.264,-0.507,0.643,0
-0.151,-0.585,0.291,1.344,-0.331,0.757,0.993,-2.044,0
0.235,-0.524,0.636,-0.695,0.029,-2.574,0.001,-0.645,0
-1.251,0.643,0.02,1.921,1.673,-1.242,0.448,-0.702,1
0.312,-0.19,-1.703,0.721,0.64,-0.465,0.307,1.814,1
0.491,0.006,-1.311,-0.56,-0.066,-1.695,-0.483,0.913,1
0.685,-1.222,-0.133,-0.66,0.219,-0.983,1.375,-0.722,1
2.555,-2.552,0.015,0.674,-0.826,-0.15,-0.112,-1.9,0
-1.73,0.205,0.438,-3.18,0.818,0.205,-1.723,0.394,0
0.116,2.043,-0.82,-1.905,-0.544,-2.119,1.253,-2.291,1
1.008,1.228,-1.005,-0.558,0.642,0.137,0.099,1.049,1
0.9,1.139,0.035,1.103,-0.8,0.691,0.409,1.583,1
3.399,1.349,-0.15,0.29,-0.552,1.711,0.427,1.017,1
-0.307,-0.835,-0.089,-0.008,0.886,0.33,-0.341,0.247,1
-0.619,-0.114,-0.162,0.461,0.881,0.702,-1.059,-0.582,0
0.282,0.147,-0.845,0.438,-1.76,1.3,-1.839,0.06,1
-0.512,1.409,1.044,0.887,2.095,1.304,-0.457,-0.059,0
-1.437,1.165,-1.011,-0.287,1.011,0.246,0.454,-0.586,1
0.419,0.516,-0.181,-0.809,-0.09,-0.49,-0.871,-0.648,0
1.343,-1.205,0.727,-0.378,0.617,0.848,0.12,2.281,1
0.309,0.151,0.287,0.187,-1.594,0.11,1.024,-0.549,0
-1.828,-0.968,-0.026,2.345,0.253,1.249,-0.293,-1.126,0
1.279,-1.205,-1.391,-0.732,0.131,-0.748,0.515,0.177,1
-0.14,0.915,-1.027,0.931,1.406,-1.661,1.976,-0.173,1
1.904,-1.383,-0.593,1.456,-0.412,-0.865,0.758,-0.132,0
0.907,-1.819,0.489,-1.064,0.2,0.757,-1.043,0.189,0
-0.282,-1.975,1.172,0.68,0.367,-1.342,0.26,0.792,0
0.336,0.83,-0.338,-0.929,0.256,0.072,-1.513,-0.017,1
0.298,0.367,-2.202,-1.427,-2.025,0.081,1.232,-0.252,1
0.779,0.619,-1.038,0.212,-1.162,0.561,1.721,0.138,1
-0.503,0.489,0.015,-0.346,-0.843,-1.534,-0.379,-0.21,0
1.794,1.875,0.29,-0.304,-1.344,-1.312,2.063,-0.597,0
0.836,-0.591,-1.312,-0.908,2.317,-2.166,0.193,-0.271,1
-0.51,0.569,-1.799,-0.126,-0.719,-0.661,0.04,0.44,1
1.63,-0.366,-0.052,-1.539,-0.356,-0.896,-1.341,-1.291,0
-0.958,0.3,-2.475,-1.207,-2.178,0.525,-0.931,-0.44,1
-0.12,0.894,1.055,0.341,0.409,-0.767,-0.455,0.854,0
-0.045,-1.492,1.241,0.476,-0.197,1.527,0.615,-1.366,1
-0.63,-0.864,1.642,0.288,0.156,1.88,-0.857,0.612,0
-0.453,0.735,1.661,0.184,0.097,0.579,-0.101,0.417,0
-0.513,0.482,1.029,-0.297,0.304,1.358,0.709,0.376,1
-0.5,0.587,-1.001,0.233,-0.522,-2.185,-0.065,2.163,1
-0.306,-1.02,-1.628,-0.541,0.512,-2.552,1.261,-0.117,0
0.552,-1.04,-1.371,-0.438,1.301,0.489,2.149,-4.363,0
0.217,0.571,-0.121,0.041,0.145,-0.4,-0.193,0.119,0
0.412,0.383,0.858,-0.672,0.164,-0.565,-0.335,-1.141,0
-2.319,-1.793,0.598,1.794,-1.066,-0.282,0.573,0.668,1
-1.801,-0.716,-0.44,-1.22,-0.204,-1.222,0.788,1.574,0
0.245,0.873,1.402,0.173,-1.304,-0.004,-0.462,0.514,1
-1.652,0.095,-0.026,1.15,-1.67,1.139,1.305,-1.382,1
2.183,0.722,-0.657,-0.203,1.289,2.601,0.168,0.997,1
-1.421,-0.141,0.771,0.978,0.814,-1.488,2.331,-0.03,1
-0.789,-1.613,1.46,0.517,0.791,0.382,-1.092,0.012,0
0.119,0.787,0.497,-1.37,3.126,-0.569,0.115,0.855,0
-0.874,-0.511,-0.357,0.008,-0.728,-2.302,1.183,-0.618,1
0.484,-0.18,1.298,0.361,-0.469,-1.594,-0.533,0.651,0
-0.626,-0.119,-0.905,-0.394,1.938,1.164,-2.119,-0.392,0
-1.036,0.273,1.584,0.776,-1.261,1.804,-0.096,-0.32,0
-0.57,-1.034,-1.945,-0.247,-0.289,-0.797,0.605,-0.496,1
-1.333,-1.253,-1.119,-0.249,0.404,-0.174,-1.371,0.173,1
-0.776,-1.259,-0.483,-1.111,-0.201,1.018,-0.745,0.761,0
-1.538,-1.366,-1.219,-0.371,1.12,-0.668,0.343,-1.789,1
1.89,-0.684,-0.473,0.955,-0.557,-1.186,-1.517,0.053,1
0.322,-1.842,0.085,0.59,0.3,0.026,-1.063,1.05,0
0.554,-0.051,0.112,0.535,-1.893,-1.294,0.537,1.254,1
0.303,-2.862,-0.124,-0.32,2.04,0.505,1.725,0.61,1
-0.335,-0.695,-1.055,-0.65,0.441,0.605,0.39,0.052,1
0.611,0.345,-0.469,-0.264,-0.032,-0.653,-0.156,0.354,0
-0.738,0.377,0.388,0.262,1.347,-0.635,-1.383,0.326,0
0.37,0.047,-1.291,0.424,0.594,1.327,0.54,-1.015,1
-1.591,-0.654,-0.41,-0.309,-2.39,0.274,-0.078,-0.315,1
-0.118,-2.395,-1.929,0.299,1.14,0.477,-1.142,0.192,1
0.999,0.692,-0.217,0.198,0.385,1.111,-0.742,1.707,1
1.65,-0.85,-1.525,-0.323,-0.524,0.403,-0.584,-0.727,0
0.99,-1.186,1.308,-0.306,-0.385,-0.252,0.279,-0.273,0
-1.282,-0.058,1.058,-0.586,-0.081,-0.201,1.071,-0.511,0
1.036,1.7,1.464,0.257,-0.406,0.057,-0.781,0.468,0
-2.398,0.24,0.894,-0.971,0.519,-0.017,-1.024,-0.691,0
-1.309,1.701,-0.575,0.641,-1.144,3.134,0.114,0.257,0
-1.188,-0.795,-0.56,-0.393,1.285,-0.15,-2.059,-0.912,1
-0.456,-0.149,0.309,0.8,-0.808,-1.462,0.65,-0.916,0
-0.078,-1.089,-0.159,0.237,-0.834,0.854,0.103,0.542,1
-1.61,-1.366,-0.752,0.522,-0.35,1.992,0.757,-0.544,1
-0.459,1.61,1.308,-0.319,2.156,-0.974,0.246,1.24,0
0.443,0.603,1.097,0.518,-0.839,0.455,0.504,-0.706,1
1.486,-0.375,0.18,-0.733,1.154,0.045,0.432,-0.132,0
-0.653,0.979,-1.962,-0.113,-0.685,-0.689,0.269,0.383,1
1.48,-0.739,-0.134,-1.325,0.53,1.773,-0.597,-1.384,0
1.347,-0.412,-0.03,-0.598,0.71,0.072,-0.385,-0.022,1
-1.285,-1.955,-0.434,1.639,0.413,1.466,0.001,-0.077,0
0.571,-1.797,0.785,-0.909,-0.993,0.373,1.75,-0.354,0
-0.698,0.666,-0.677,0.302,0.028,0.421,0.254,-2.313,0
-1.283,-0.44,-0.21,-0.003,0.249,-0.023,-1.558,1.24,1
0.852,0.092,0.982,-2.544,-0.671,2.594,-0.452,0.572,0
0.5,0.938,0.98,-1.056,-0.503,-0.384,-0.641,0.339,0
-0.273,0.634,-1.559,0.276,2.461,0.854,1.311,-0.155,1
0.347,0.041,-0.093,-1.087,-1.355,-1.653,0.027,1.052,0
1.138,0.012,2.307,-0.976,0.289,1.91,0.074,-1.684,0
-0.28,0.861,-1.886,0.569,-0.692,0.374,0.234,-0.06,1
-1.971,-1.387,-1.097,-0.064,0.564,0.326,-0.641,-0.916,1
0.989,-0.573,-0.442,0.309,1.229,-1.405,-0.443,-0.744,1
-0.898,-1.086,0.769,-0.632,0.735,-0.821,-0.305,0.903,1
0.389,-0.351,-0.004,-0.407,0.412,-1.009,-0.784,0.836,1
-0.564,0.987,-0.892,-0.261,-0.237,-1.286,0.342,-0.331,0
-0.446,-0.91,1.581,-0.899,0.061,3.16,-1.392,1.318,1
0.352,0.551,-0.137,1.626,2.444,0.092,-0.078,1.658,1
0.505,0.401,1.86,-0.79,-0.29,1.511,-0.194,-1.803,0
-2.083,2.518,0.586,-0.73,-0.342,2.004,-0.165,1.329,0
-0.327,0.848,-1.246,-3.385,0.181,1.126,-0.81,0.416,1
0.159,-0.015,-1.785,0.501,-0.09,-1.86,-1.754,-0.419,1
-1.861,0.203,1.756,-0.62,0.184,0.239,-0.656,-0.839,0
-0.327,-0.314,-0.143,-0.41,-0.945,-0.979,1.339,-0.045,1
1.047,0.042,-1.522,0.74,1.671,1.502,0.158,-0.261,1
1.978,-0.793,0.446,1.079,-0.802,-2.184,0.039,-0.074,0
0.645,0.693,2.164,-0.025,1.177,-0.623,-0.125,0.314,0
-1.137,-0.333,-0.391,-1.071,1.018,1.035,0.274,0.594,1
-0.079,0.538,-0.057,0.569,1.67,1.553,-0.169,0.204,1
0.037,1.559,2.302,0.803,-0.702,0.402,1.666,0.729,1
-0.938,0.755,0.355,0.866,-0.524,1.241,-1.617,-0.695,0
2.395,1.624,0.604,-0.894,2.55,-0.771,0.111,-1.343,0
0.869,-0.751,-0.398,1.16,-1.123,0.696,-1.103,-0.297,1
0.988,-0.606,-0.405,2.254,-0.319,0.974,0.313,-0.778,0
1.741,-0.149,-0.054,-0.886,-0.907,-1.191,2.986,0.296,0
0.044,0.498,-0.708,-0.87,-0.675,-1.851,-0.724,0.923,1
-1.1,-0.931,-1.559,1.35,-0.969,0.243,-0.598,1.33,1
-1.019,-1.126,-1.423,1.901,0.244,0.769,1.039,-0.296,1
0.532,1.392,0.829,1.799,-0.644,-0.284,0.039,0.16,0
-0.437,0.13,2.251,1.393,0.505,-0.963,-1.872,-0.685,0
0.942,0.803,1.959,1.041,-2.3,-0.014,0.155,-0.845,0
0.468,0.74,1.338,-0.816,-0.454,1.083,0.602,0.001,0
0.401,1.396,-1.082,0.117,-1.079,1.528,-0.021,-0.621,1
0.012,0.54,0.214,0.795,-0.047,-0.437,0.251,2.832,1
1.801,1.128,-0.165,-0.923,2.008,0.128,0.895,-1.094,1
0.902,1.852,-0.267,-1.138,0.688,0.316,0.048,-1.458,0
-0.085,1.044,1.412,-1.202,0.401,-0.94,-1.032,1.269,0
0.683,-0.219,-0.03,-0.484,0.462,-0.415,0.476,-1.201,0
0.219,-0.679,-1.481,0.409,-0.067,0.791,0.664,0.673,1
-0.905,0.075,-0.059,0.065,-0.804,-0.395,1.686,-0.841,1
1.612,1.318,-0.821,0.112,0.446,2.333,1.876,0.576,1
0.643,-0.452,0.915,0.301,-0.949,-0.238,0.007,-1.424,0
0.343,-0.348,1.264,-0.922,1.937,-0.129,0.093,0.099,0
-0.612,-0.945,-0.001,-1.797,0.788,-0.407,1.307,0.911,1
-1.229,1.431,0.51,0.712,0.555,-0.917,-0.022,-0.792,1
-1.142,-2.031,0.596,-0.011,0.221,1.831,1.778,1.169,0
-0.396,0.008,0.333,0.946,-0.654,-0.869,1.028,1.579,1
0.381,0.242,1.331,1.599,-0.476,-0.752,0.975,0.819,0
-1.715,-3.252,0.589,1.558,0.859,1.159,1.256,0.09,1
-0.878,0.03,-1.167,-1.227,0.778,-0.458,0.043,0.686,1
0.429,0.069,-1.101,0.065,-0.987,-0.812,0.323,-0.808,0
-0.238,0.47,-1.391,0.644,-2.979,-0.879,-0.087,-2.238,0
0.528,-2.171,-1.781,0.992,-0.1,-0.735,-0.447,1.495,1
1.144,-1.597,-1.021,0.002,0.497,-0.988,0.165,0.173,0
-0.894,0.159,0.312,-0.144,0.762,-1.547,-0.059,-0.122,1
-0.765,-0.374,0.338,-0.879,1.066,0.502,2.057,-0.515,1
-0.417,1.489,0.673,0.812,0.534,-0.025,0.345,-1.176,0
-0.52,-0.915,-0.191,1.01,-0.763,0.711,-0.938,1.026,0
0.3,1.605,-0.278,0.468,-0.009,-1.53,1.004,0.262,0
-0.525,0.059,0.773,1.768,-0.085,-0.841,-0.468,-2.075,0
0.351,0.415,-0.21,-0.434,-1.035,-1.15,1.069,1.644,1
0.972,-1.533,-0.312,1.834,1.683,-0.166,0.292,0.514,1
0.49,-0.694,0.311,0.192,-0.935,-0.284,-0.122,-1.628,1
-1.204,0.412,0.16,-0.904,0.565,-0.004,0.242,-1.245,0
-0.834,2.036,-1.172,-0.5,0.625,-1.078,-0.004,0.99,0
-0.824,-0.33,-1.702,-0.298,-0.439,0.011,0.954,1.099,1
0.746,1.108,-0.423,-0.632,-0.776,-0.349,1.88,1.025,1
1.115,-0.589,0.528,1.485,-1.396,0.339,1.264,-0.464,0
-0.167,-1.185,-1.335,-1.153,1.165,-1.326,1.311,-0.695,1
-0.609,-0.103,1.098,-1.367,0.322,0.721,0.53,0.312,1
1.898,0.147,-0.032,0.908,0.985,-0.409,0.777,-0.461,1
0.198,0.856,0.634,0.914,0.876,0.799,0.983,-0.366,0
0.718,-0.366,1.224,0.439,-0.005,-0.431,0.533,0.212,0
0.409,0.884,-0.231,0.334,-0.304,-0.513,0.237,-0.072,1
-0.485,-0.85,0.835,-1.265,0.471,-0.507,-0.105,0.105,0
-2.109,-1.33,0.607,0.483,0.688,-1.14,0.225,0.473,1
-1.667,-0.637,0.555,1.1,-0.512,1.386,-0.069,-0.301,1
0.448,0.449,-0.107,-1.758,-1.087,0.123,1.584,-0.37,0
-0.945,-2.173,1.077,0.51,0.293,-0.347,0.902,-2.308,0
1.316,-1.074,0.718,0.003,-0.764,1.569,-1.586,0.725,0
-0.578,0.929,-1.312,0.82,0.439,-0.695,-1.082,-0.057,1
1.108,0.51,-0.45,-0.006,1.261,0.827,-1.519,-0.609,1
-0.419,1.226,-0.146,-0.628,-0.367,-0.31,-1.165,-0.483,0
2.631,0.112,0.575,-0.264,-2.352,0.735,0.895,-0.074,1
-0.763,0.722,-0.23,0.355,-0.547,-0.631,0.983,0.336,1
0.233,-1.743,0.515,-1.863,0.283,1.107,-0.546,0.518,0
0.669,1.149,-0.524,1.244,-0.363,0.742,-0.289,-1.036,1
0.428,0.727,-1.728,0.15,0.52,-1.454,0.126,-0.112,1
-1.627,0.737,0.802,-1.036,2.016,-0.108,1.336,0.251,0
0.394,0.128,0.465,1.422,2.337,-1.929,1.248,-0.614,0
0.894,1.37,0.357,1.141,0.917,-0.917,0.006,-0.995,0
1.482,1.727,0.691,-0.871,0.687,0.408,0.843,-0.946,0
0.603,-0.76,-0.198,-0.717,1.132,-0.701,0.48,0.394,1
-3.082,-0.435,0.725,0.457,-0.092,-0.877,-0.801,0.379,1
0.229,-0.366,0.281,-0.423,0.834,0.591,0.164,1.201,0
-0.322,-2.095,0.551,0.76,1.068,0.274,0.518,0.802,0
-0.911,-0.568,0.709,-0.414,1.285,0.25,2.631,-0.199,1
0.232,2.22,-0.872,-0.929,1.294,-0.219,0.737,-1.19,0
2.031,1.248,0.118,-0.457,1.602,0.989,-2.792,-0.233,0
0.154,0.758,-0.199,0.411,0.371,-1.217,-1.087,-2.632,0
0.232,-0.19,-1.607,0.239,-1.754,-0.706,-0.563,-0.246,1
0.207,-0.277,1.954,0.091,-1.329,-0.789,1.467,1.295,0
0.089,-1.822,2.044,1.289,-0.974,0.152,0.811,1.545,1
-0.342,2.378,-0.438,-0.072,-0.52,0.999,-0.454,-0.692,1
0.16,-2.53,-0.469,1.311,0.406,0.743,-0.471,-0.414,0
-0.33,1.147,-0.674,-0.577,-0.408,0.187,0.066,-0.592,0
1.007,0.447,-2.984,-0.974,0.326,1.943,0.894,0.47,1
1.351,0.431,0.305,0.909,-0.901,0.539,-0.003,-1.34,0
-0.218,1.342,0.378,-0.126,1.317,0.367,0.494,-0.129,1
0.763,-0.407,0.205,0.183,1.318,-1.06,0.41,-0.489,0
-1.406,0.79,-1.205,-0.4,-0.201,0.766,2.918,-0.858,1
-0.181,-0.416,-1.973,0.456,1.17,-0.428,0.565,1.029,1
-0.583,0.017,0.668,-2.139,-1.204,0.426,-0.518,-1.702,1
0.506,0.612,2.546,-0.08,-0.015,0.62,0.798,0.65,0
-0.25,0.999,-0.642,0.841,-0.276,0.065,-0.851,0.128,1
-0.139,0.067,0.992,-0.428,-1.943,-0.962,-1.36,-0.201,0
0.391,0.484,0.005,0.775,0.176,-1.492,-0.414,0.412,0
-0.575,1.809,-1.854,2.712,-0.475,0.889,-0.427,-0.481,0
-2.074,-0.797,0.866,1.208,-0.307,0.711,1.222,1.146,1
-0.413,1.33,0.816,0.178,0.023,0.37,1.411,0.801,1
-1.468,0.833,-1.621,0.265,2.574,1.513,0.122,-1.714,0
1.724,0.374,-1.036,0.784,1.493,1.784,1.235,1.175,1
-2.695,-0.805,1.623,-0.924,-0.102,1.564,-0.521,-1.003,0
0.366,-0.585,0.528,-0.994,1.073,1.422,-0.736,-1.617,0
-1.858,-0.273,0.518,0.812,1.626,1.168,-0.807,-0.463,0
-1.021,2.006,-1.016,0.174,0.161,-0.537,0.131,-0.984,0
1.916,-0.326,1.109,-0.53,-0.772,-1.078,1.348,-0.121,0
-0.382,1.198,-0.652,1.106,0.324,-1.078,-1.585,0.879,1
0.702,2.136,-0.337,-1.209,0.518,-1.452,1.076,1.348,1
0.084,0.002,0.756,0.428,-0.599,0.577,-1.647,-0.649,1
-0.173,-1.11,2.107,1.124,-1.155,0.502,-1.329,-0.25,0
-0.273,-1.655,0.544,-1.94,0.896,0.614,0.975,0.242,0
0.679,0.724,-1.182,-0.686,0.039,-0.543,-0.743,-0.375,0
0.525,0.557,1.506,-0.767,0.241,-2.263,1.704,-0.845,0
0.325,-0.112,0.895,0.094,-0.145,0.179,0.76,-0.149,0
-0.618,-0.65,-0.562,0.606,2.024,0.497,-1.024,-2.049,0
1.522,-1.557,-0.068,-1.198,0.515,-2.454,-1.531,0.268,1
-1.719,1.172,-0.285,0.468,0.491,0.297,1.139,0.061,1
0.011,-0.974,0.943,1.169,-0.002,-0.775,-1.131,0.521,1
-0.279,-1.701,-0.283,-1.229,-0.171,-0.564,0.87,0.273,1
0.06,0.157,1.113,0.276,1.724,-1.376,-0.21,-0.515,0
1.183,0.832,1.377,1.139,0.207,-0.694,0.141,0.883,0
-0.227,0.245,0.861,-0.96,1.637,0.371,1.969,-0.904,0
0.324,-1.026,-0.77,1.641,-0.187,1.517,0.362,-1.122,0
0.118,-1.149,0.291,0.752,0.787,-0.067,-0.408,0.728,1
1.073,0.098,-0.216,0.514,0.433,-0.458,0.085,0.958,1
-1.53,0.805,0.072,-0.149,1.377,0.787,-0.042,0.384,1
0.065,1.571,-0.753,-2.344,-0.552,-1.462,0.15,-0.036,0
-0.022,-1.025,-0.691,0.541,0.92,-0.269,-0.208,-2.812,0
-0.848,-0.447,1.26,0.841,-0.888,-0.555,0.841,-0.789,0
-1.766,-1.336,-0.668,-0.438,-0.488,0.015,0.594,0.298,1
-1.432,-0.942,0.176,0.306,-1.008,0.328,-0.954,-1.75,0
0.532,-0.195,-1.297,0.376,-0.771,-1.449,0.699,-1.006,1
0.096,0.078,-0.177,0.564,-1.169,1.569,0.576,-0.756,0
-0.347,-1.091,-0.857,-0.158,2.035,0.498,-1.205,-1.082,0
1.083,0.551,-0.9,-1.288,1.791,-0.78,-0.651,-1.298,0
2.132,1.215,1.309,-0.573,0.804,1.725,-0.834,0.304,0
0.23,-2.372,0.099,-1.006,2.844,-0.493,0.812,1.567,1
-1.316,-1.594,-1.451,-0.326,-1.879,0.675,0.76,0.305,1
0.351,0.484,-2.122,0.484,0.407,-1.15,0.02,-1.06,1
1.026,1.458,-0.357,0.666,1.052,1.616,-0.373,0.133,1
-1.06,-0.225,1.459,0.852,-1.105,0.34,0.548,-1.116,0
-0.561,0.337,0.045,0.972,0.34,2.137,0.688,-1.045,0
0.512,1.505,-0.347,1.048,2.068,-0.355,-1.544,0.15,0
0.225,-0.679,0.114,0.211,0.902,-0.479,-0.425,-0.893,0
1.092,0.011,-0.262,-0.28,1.794,-1.014,-1.006,-0.365,0
0.589,-0.666,0.269,-1.199,0.129,-0.868,-0.299,0.626,0
-0.898,1.908,0.598,-1.097,0.615,-0.617,0.519,0.495,0
0.779,-0.252,-1.359,-0.563,0.263,-1.528,-1.038,-0.049,1
0.591,-0.432,-0.812,-1.362,-1.843,-1.013,0.592,2.922,1
0.976,0.895,-2.029,0.238,0.559,1.003,0.971,-0.14,0
-0.325,1.043,-0.276,-0.346,-0.853,0.829,2.369,-1.738,0
1.914,1.085,-0.266,0.62,0.661,-1.364,-0.709,1.667,0
0.006,-0.861,0.074,-0.274,-0.933,-0.09,0.041,0.365,1
0.452,0.521,-0.971,1.128,0.54,0.923,-0.494,1.7,1
-0.154,-0.767,-0.495,-0.18,-2.715,0.843,1.057,0.45,1
0.073,1.179,-0.944,-1.331,-0.466,-1.676,-0.547,0.605,1
0.624,-0.38,-0.312,-0.684,0.956,1.525,-0.626,2.802,1
-0.381,0.981,0.229,1.742,0.65,-0.006,-0.064,0.225,0
-0.327,1.7,-0.011,1.125,-1.041,0.011,0.678,-0.677,1
0.22,-0.331,0.061,-0.801,1.007,0.373,-1.014,-0.605,0
-1.467,-0.018,1.736,0.097,1.304,0.92,0.471,1.866,0
-0.09,-0.072,-0.934,-1.596,-0.867,1.615,1.836,-1.111,0
-1.324,-0.726,-2.358,0.322,-0.103,0.186,-1.834,0.839,1
0.354,0.715,-0.123,-0.542,-0.165,-1.483,0.826,-0.139,1
0.838,-0.248,0.144,0.963,1.926,-0.583,-0.253,-0.349,0
-0.522,0.072,-0.091,1.017,0.97,0.439,0.43,-0.473,0
-0.134,-2.31,1.241,-0.413,-1.064,0.199,-0.216,1.029,0
-0.348,-1.128,0.316,-0.544,-0.734,-0.595,0.517,-0.374,0
0.614,0.401,1.005,-1.283,-0.824,1.84,0.428,0.989,0
-0.542,1.075,-0.27,-0.091,0.497,-0.478,1.404,0.425,0
0.93,0.025,-0.024,-0.375,0.46,0.261,0.03,0.428,0
-1.755,0.488,-0.78,-0.367,-0.588,-1.989,-0.982,0.232,1
0.788,0.431,0.256,-1.138,-0.918,-0.056,-1.55,0.304,0
0.923,-0.439,-1.552,1.241,-0.729,0.132,-0.67,0.546,1
0.495,-0.119,-0.129,-1.156,0.274,-0.543,0.157,-0.232,1
-0.748,0.446,0.055,-1.41,-0.287,1.886,-2.828,-0.001,0
-0.22,-0.285,1.898,0.019,-0.885,-0.018,0.918,0.117,1
-0.887,1.746,2.179,0.08,-0.718,-1.131,0.766,-0.503,0
-0.614,-0.075,1.312,-0.858,-1.042,-0.313,1.675,-0.475,0
-1.631,-0.786,-0.254,1.43,0.23,-1.525,-1.18,-0.679,1
1.589,-0.173,-0.197,-1.618,-0.101,-0.031,0.876,0.358,1
1.218,0.88,-0.754,-0.294,-0.913,0.917,-1.212,1.317,1
-0.688,-0.922,1.189,0.826,0.48,-0.547,0.961,0.967,1
-0.163,2.517,0.4,1.34,0.927,1.413,-0.448,-1.082,0
1.772,0.151,0.124,1.643,-0.322,0.626,0.642,1.38,1
3.052,0.929,1.538,0.176,-2.051,-2.196,-0.639,0.505,0
-0.619,0.273,0.608,-0.22,1.292,0.764,-0.667,-2.292,0
0.891,0.577,-0.049,-1.122,1.587,-1.07,0.435,-0.333,0
-0.091,1.286,-0.753,1.433,-0.356,0.745,-0.678,-0.669,1
0.331,0.501,1.657,0.568,1.015,-0.915,-2.203,0.955,0
1.086,-0.992,-0.215,0.896,0.435,-0.234,0.849,-0.453,0
-0.698,0.298,1.446,1.322,1.227,-0.231,-1.348,-0.054,0
-0.137,-1.002,0.718,-0.349,0.356,-0.289,0.189,0.794,1
0.355,0.189,0.329,-0.896,-0.662,-1.351,-0.227,0.659,1
2.695,-0.655,0.488,-0.154,0.014,-1.244,-2.211,-1.288,0
