customer_id,month,f0,f1,f2,f3,f4,f5,churned
C00564,0,1.611,-1.241,-0.959,-1.394,-1.444,0.423,1
C00555,5,-0.15,-1.043,0.585,-0.249,-0.381,2.031,1
C00732,0,-0.55,-0.903,-2.036,-0.617,0.289,-0.71,1
C00199,4,-0.289,0.687,-0.432,-0.386,1.064,0.626,0
C00349,0,-0.394,-1.117,-0.78,-2.402,-1.862,-1.838,0
C00739,4,-0.266,0.116,0.887,1.107,1.459,-0.102,1
C00066,3,0.121,1.031,0.151,0.946,0.409,-0.026,1
C00196,0,0.248,0.142,-2.446,1.386,1.431,1.138,1
C00102,5,-0.715,-0.679,-0.328,-0.338,0.649,0.077,0
C00064,0,-1.45,-0.434,-0.258,0.187,0.306,0.139,1
C00041,0,-0.074,0.045,-1.065,-0.944,1.758,-0.459,0
C00286,3,2.48,1.199,-1.278,0.861,1.589,0.884,1
C00160,1,0.468,0.756,-0.634,0.838,0.109,0.265,1
C00754,0,0.041,-0.434,0.142,0.347,0.298,2.74,0
C00541,0,-1.018,-1.588,-0.621,-0.755,-1.976,0.402,1
C00742,0,-0.726,-0.338,0.837,-2.501,-0.189,-1.758,1
C00145,2,-1.365,0.362,-1.094,-0.913,-1.687,0.038,0
C00681,2,0.16,0.204,0.682,1.317,-0.214,1.473,0
C00139,3,-1.032,0.856,-1.508,-0.392,0.098,-1.012,0
C00500,0,0.04,-1.845,0.467,1.194,-0.632,-0.347,1
C00253,2,-0.154,1.364,1.042,0.93,0.475,-1.464,1
C00681,5,-0.801,1.124,0.756,0.667,-0.422,2.041,0
C00374,2,-0.096,0.87,-1.105,0.863,1.301,0.18,0
C00731,1,-0.845,-1.401,-1.161,-1.093,-0.688,1.268,1
C00597,3,-0.552,-0.316,0.47,-2.343,-1.094,-0.563,1
C00327,1,1.829,-0.441,0.992,-0.276,1.613,0.812,1
C00713,0,-0.428,0.884,0.21,-0.044,0.737,0.089,0
C00329,0,-1.637,0.3,0.405,0.757,-0.282,0.755,1
C00113,2,0.648,-0.579,0.533,-0.291,1.574,0.727,1
C00284,0,0.491,0.718,-1.234,-1.614,1.069,-2.697,0
C00573,3,-0.782,-0.298,0.477,1.2,0.862,-1.141,1
C00656,1,-1.437,-0.347,-0.069,-0.205,1.017,2.797,0
C00063,1,0.016,-0.762,-0.118,-1.307,0.539,1.165,0
C00392,2,1.761,0.544,-0.905,-0.263,-0.252,0.251,1
C00218,2,-1.521,-1.733,-0.544,1.554,-0.86,0.659,0
C00114,2,-0.809,-0.899,2.261,-0.094,-1.239,-0.784,1
C00009,0,0.164,0.841,0.081,0.449,-1.037,-0.862,0
C00377,3,-1.109,-1.078,-0.593,-0.911,0.073,0.171,1
C00000,1,-0.72,0.29,2.347,-1.526,0.147,0.695,1
C00176,1,1.129,0.063,0.589,-0.644,-0.075,-0.913,0
C00573,2,-1.594,-0.381,0.906,0.859,-0.038,0.139,1
C00118,4,-0.082,0.056,0.529,-0.949,2.344,-0.037,1
C00745,3,1.918,0.049,-0.373,-3.469,-0.301,0.16,1
C00499,1,1.574,1.802,-1.428,1.734,-0.216,-0.173,0
C00230,1,1.758,-0.89,1.747,-0.455,0.017,0.071,1
C00381,2,-0.887,-0.969,0.246,-0.87,0.138,0.948,0
C00051,2,-1.577,-0.169,0.443,0.729,-0.223,-2.372,0
C00692,1,1.678,-0.918,0.248,1.545,-0.28,1.871,1
C00653,3,0.043,0.619,-0.581,-2.173,-0.413,0.973,1
C00671,4,0.379,1.054,0.742,-0.775,0.95,0.82,1
C00417,0,0.168,0.803,-0.364,-0.895,-0.153,0.918,0
C00472,5,-1.491,-0.2,-0.493,-0.307,1.424,1.762,0
C00066,0,0.618,0.987,-0.276,0.363,1.195,0.359,1
C00533,5,-2.602,-0.752,1.71,0.264,-0.064,0.349,0
C00247,3,1.413,-0.457,1.039,-0.169,-1.167,-0.487,1
C00462,2,2.511,-1.952,-1.055,1.134,-0.697,1.653,1
C00229,2,-0.953,-0.175,-0.741,0.547,1.221,0.068,1
C00119,1,1.094,0.874,-0.748,-0.869,-0.312,1.899,1
C00224,4,2.686,-1.792,-0.108,-3.675,1.099,-0.748,1
C00142,0,1.037,0.375,-0.379,0.33,-1.297,1.208,1
C00765,2,-0.572,0.384,-0.528,0.232,-0.18,-0.481,1
C00427,0,0.264,0.684,2.185,1.135,-0.754,-1.143,0
C00119,4,0.727,0.992,0.018,-1.06,-1.162,1.774,1
C00158,2,-0.505,-0.499,1.83,-0.069,-1.28,-0.707,0
C00453,1,0.76,-1.467,0.027,-2.195,-1.176,0.702,1
C00665,0,0.205,-1.275,-0.378,-2.498,-0.978,0.034,0
C00479,2,0.234,0.249,0.423,-0.222,-0.03,-0.708,0
C00575,0,0.246,-0.08,-0.315,0.308,-0.074,2.458,0
C00423,1,-1.187,-0.11,-0.277,1.662,0.474,-0.18,0
C00149,0,-0.789,0.594,0.306,-0.228,0.27,0.298,0
C00577,0,-0.352,1.21,0.933,0.89,1.333,2.01,0
C00124,1,0.162,-0.578,0.119,-1.262,-0.141,0.005,0
C00475,0,-0.946,0.372,0.819,0.132,-0.125,-1.113,0
C00741,3,0.422,1.764,1.029,0.4,-1.793,-0.413,0
C00339,0,-0.309,0.832,0.977,-1.966,-0.104,0.728,1
C00197,1,-1.063,1.654,0.107,2.242,-0.293,2.453,0
C00465,0,-1.171,-1.319,0.395,0.128,0.401,-0.341,0
C00064,4,-0.332,-0.56,0.126,0.159,-0.094,0.981,1
C00630,1,1.292,-3.2,-1.789,0.504,-0.517,1.248,1
C00495,1,-1.054,1.134,-0.043,1.054,1.516,1.318,0
C00491,4,0.547,-1.649,-1.032,-0.797,0.862,-0.022,1
C00395,4,1.033,-0.418,-1.197,-0.523,0.411,1.52,1
C00105,0,-1.558,0.083,-0.345,-0.886,-1.179,-0.885,0
C00570,0,-1.172,0.131,1.139,0.211,-0.77,-0.101,0
C00708,0,0.17,1.891,-0.702,-1.377,-2.827,-0.211,0
C00598,4,1.928,-2.172,-0.236,1.019,-0.472,1.702,1
C00410,3,-2.009,0.148,0.181,1.16,-0.462,-0.478,0
C00112,2,2.005,-0.78,-0.896,1.038,-0.146,0.365,1
C00557,0,-0.474,-0.852,0.909,-0.473,0.369,-0.481,1
C00670,3,0.436,-0.503,-0.515,-1.708,-1.131,0.08,1
C00476,1,1.8,-2.583,1.093,0.843,-1.01,-0.524,1
C00371,2,-0.135,-0.041,0.548,0.466,1.105,0.667,1
C00535,2,1.051,0.795,-0.374,2.028,-1.136,-0.966,0
C00615,3,-0.754,0.484,0.096,-0.138,0.274,-1.339,0
C00471,1,0.023,1.253,-0.654,0.197,0.229,0.634,0
C00432,3,-0.197,-0.668,-0.935,-0.32,-0.526,-1.473,1
C00643,0,-0.888,-0.613,0.071,0.858,-0.445,0.529,0
C00669,3,0.954,0.503,-2.212,1.172,-0.565,1.229,0
C00525,1,0.266,0.059,-0.358,0.557,-0.306,1.426,1
C00047,0,0.626,0.838,0.064,-0.236,-1.439,-1.928,1
C00676,0,-1.113,0.791,0.048,-2.231,0.565,-0.354,0
C00112,5,1.883,-0.615,-1.038,1.887,-0.736,-0.609,1
C00648,5,0.21,0.517,-1.789,-1.679,1.274,0.605,1
C00006,2,1.327,0.715,1.133,2.772,0.511,1.187,1
C00024,1,-1.033,-1.041,-0.669,1.158,-1.526,-1.743,0
C00492,2,-1.93,-0.289,1.871,-0.173,0.184,-0.769,0
C00318,2,0.221,-0.069,-0.244,1.408,0.026,-1.081,1
C00104,3,0.578,-0.649,-1.0,-0.458,-0.768,1.763,1
C00333,3,-0.218,0.412,0.375,-1.125,0.946,-0.169,0
C00424,4,-0.172,2.447,-0.484,-1.287,0.895,-0.496,1
C00262,4,0.845,-0.01,0.663,0.916,0.138,-1.261,0
C00638,0,-0.154,1.9,-1.41,-0.975,-0.278,0.134,0
C00007,2,0.426,-0.512,1.004,-0.469,-0.005,2.531,1
C00105,4,-1.959,-0.634,1.381,-0.949,-1.388,-0.319,0
C00620,0,-2.13,-0.945,-0.768,-0.696,-0.55,-0.972,0
C00409,0,0.35,0.227,0.493,1.396,-0.183,0.363,0
C00075,4,1.613,-1.775,1.979,0.657,1.037,-0.047,1
C00794,2,0.271,0.209,0.431,-0.342,0.766,-0.802,0
C00141,0,-0.077,1.241,0.089,-0.343,-2.028,0.689,0
C00266,2,-0.475,0.565,1.044,-0.328,-2.612,1.49,0
C00780,2,0.359,-0.257,0.315,-0.545,-0.463,-2.319,1
C00664,1,0.291,0.411,-0.451,-2.583,0.363,-0.231,1
C00272,1,1.327,0.357,1.108,-0.201,0.086,2.368,1
C00027,2,1.445,3.217,-2.173,-1.266,0.32,0.718,1
C00493,2,1.161,-0.932,-0.371,1.642,-1.634,0.62,1
C00459,0,-1.508,0.254,-0.807,-1.259,1.029,-1.027,0
C00156,3,-0.396,-1.115,-0.767,2.619,-0.879,1.314,1
C00492,0,-1.99,0.396,2.581,-0.064,0.659,-0.141,0
C00715,1,-0.38,1.057,-2.336,1.019,0.866,-1.255,0
C00496,2,1.244,-1.177,1.861,-0.463,-0.225,0.251,1
C00310,1,1.953,-0.814,-0.985,1.799,-1.651,0.424,1
C00434,2,-0.304,-1.578,-1.673,0.182,1.416,0.528,1
C00444,1,-0.607,-0.534,0.311,-1.977,-0.889,1.624,1
C00326,1,3.204,2.114,-0.925,0.305,0.236,1.989,1
C00607,1,-1.254,-1.661,0.521,-1.312,-0.165,-1.813,0
C00263,3,-2.059,0.419,1.626,1.165,0.295,-1.603,0
C00758,0,-0.623,0.714,-0.65,1.758,-0.747,0.224,1
C00761,3,-1.624,-0.469,0.606,-1.483,0.261,-0.572,0
C00697,3,0.38,-0.526,1.55,0.472,0.009,0.494,1
C00355,2,-0.114,-1.213,-0.473,-0.56,-1.111,0.635,0
C00545,3,0.241,-0.075,1.143,0.76,-0.033,-1.222,0
C00738,2,0.159,-1.18,-0.169,-0.912,1.385,0.362,1
C00038,2,-1.035,-1.081,-0.697,-0.463,1.975,-1.441,1
C00433,0,-0.66,-1.13,-1.4,0.515,-0.804,-0.593,1
C00526,0,0.063,1.208,1.885,-0.861,-1.401,2.019,0
C00227,1,-0.449,0.489,0.04,0.87,-0.941,0.768,1
C00767,2,-1.526,2.133,1.861,0.865,-0.989,0.035,0
C00718,1,1.04,-0.659,-2.721,-0.858,-0.867,-1.08,1
C00619,0,-1.84,0.35,1.07,1.514,0.707,-0.165,0
C00269,5,0.23,-2.09,-0.318,-0.788,0.876,0.173,1
C00795,0,-0.972,1.803,-1.577,1.607,-0.496,-0.203,0
C00681,4,-0.903,1.244,1.462,1.228,0.148,1.994,0
C00719,0,0.993,-3.3,1.374,-0.148,-0.81,0.495,0
C00525,4,0.457,-0.538,-1.23,1.145,0.966,1.303,1
C00251,4,2.354,-0.158,-0.404,-0.293,-0.482,-1.124,1
C00793,3,-0.145,0.725,-1.424,0.983,-0.573,-0.025,0
C00360,0,-0.562,-0.616,0.104,0.367,0.358,0.123,1
C00731,3,-0.224,-1.65,-1.266,-1.089,-0.997,0.703,1
C00201,0,-1.54,-0.421,-0.352,0.807,1.085,0.694,0
C00344,4,-0.249,0.137,1.658,0.689,0.595,2.315,0
C00109,0,-0.146,0.859,-1.465,-2.146,1.128,2.375,0
C00024,2,-1.591,-1.19,-2.205,0.333,-2.097,-1.515,0
C00447,1,0.663,0.405,-0.446,-2.635,-1.243,-0.478,1
C00377,0,-0.587,-0.56,-0.145,-2.048,0.088,0.63,1
C00391,0,-0.45,0.639,-0.409,0.638,-0.229,-0.63,0
C00248,2,0.588,-0.697,0.445,-0.059,-0.118,1.137,1
C00577,2,-0.936,1.093,0.046,0.488,0.502,2.654,0
C00122,1,-1.06,1.795,0.634,2.362,0.773,0.79,1
C00618,5,-0.942,0.823,0.851,0.567,-0.371,-0.43,0
C00636,4,0.385,-1.258,-2.338,-0.622,-0.029,-0.142,0
C00490,3,0.395,-0.521,0.932,-1.515,-0.107,-1.285,0
C00288,1,0.013,-0.374,-0.818,-0.231,-0.391,1.268,1
C00095,3,0.369,-0.42,-0.17,-0.671,-0.933,0.183,1
C00185,1,-2.211,0.422,1.057,0.16,-0.926,-1.221,0
C00642,1,-0.647,-1.091,1.079,-0.565,-0.05,1.61,0
C00209,1,0.657,1.435,1.044,0.422,0.643,-1.084,0
C00039,4,2.274,0.327,-0.812,1.854,0.576,0.301,1
C00584,2,-0.771,0.625,-1.57,-2.72,0.141,-0.245,0
C00298,0,0.724,-0.443,-1.011,1.418,1.296,-1.25,0
C00119,3,0.476,1.466,0.592,-0.793,-1.011,1.463,1
C00418,3,-2.056,-0.943,-1.834,0.407,0.235,0.558,0
C00070,1,-0.874,0.723,-0.417,-3.136,-0.814,-1.53,0
C00125,1,-1.683,0.959,1.705,-2.343,1.549,-0.682,1
C00281,0,0.489,2.297,0.231,1.024,-2.17,-0.682,0
C00587,0,-0.032,0.676,0.463,0.522,-0.321,0.368,0
C00288,2,0.133,-0.411,-1.421,-0.817,-0.578,2.123,1
C00566,2,-0.445,-0.898,0.926,0.314,1.707,-1.189,1
C00047,3,1.227,0.412,-0.482,0.296,-1.193,-1.747,1
C00281,4,0.164,1.866,-1.056,0.31,-2.236,-0.995,0
C00389,1,0.168,-2.234,2.067,0.997,-0.513,0.599,0
C00387,0,0.764,-1.568,-2.092,1.591,0.098,-0.2,1
C00271,3,-0.304,-1.516,0.125,-2.361,0.37,0.507,1
C00433,3,-0.255,-1.298,-2.058,-0.243,-1.852,0.226,1
C00392,0,1.234,0.547,-0.353,-0.639,-0.54,0.934,1
C00373,3,-1.177,0.023,0.277,-3.303,-0.94,2.178,0
C00410,0,-2.165,0.089,0.219,-0.212,0.244,-1.186,0
C00392,5,1.021,-0.044,-0.874,-0.054,0.125,-0.084,1
C00053,1,1.213,1.794,0.321,-0.286,-0.718,1.319,1
C00108,0,0.457,1.279,-1.401,-1.403,-1.126,-0.211,0
C00533,0,-2.92,-1.582,1.694,0.86,0.36,1.014,0
C00639,4,1.242,-0.153,0.55,2.385,-1.402,-1.327,1
C00572,2,2.291,2.355,-2.007,0.424,-0.204,-0.357,1
C00442,1,0.801,0.443,-0.934,0.597,1.786,-1.324,1
C00628,0,0.799,-0.575,-0.939,0.393,0.824,0.557,1
C00688,0,-1.432,-0.842,-1.462,-0.156,0.622,-0.443,0
C00639,0,0.642,0.367,0.997,1.842,-1.251,-1.472,1
C00074,2,0.979,-1.528,0.234,0.069,-1.688,-0.468,0
C00037,3,-0.636,-0.431,0.701,1.101,-0.857,-0.348,0
C00366,1,1.161,-0.201,1.924,0.644,-0.023,0.189,0
C00303,4,-0.551,-0.951,2.33,0.788,-0.016,0.084,1
C00411,1,-3.059,1.583,-0.781,-0.514,0.083,0.782,0
C00226,0,0.66,0.752,0.441,-1.567,-0.638,-0.585,1
C00004,2,-0.5,-0.783,-0.471,-0.141,0.045,-0.034,1
C00737,1,0.042,0.39,-0.422,-2.399,-0.838,-1.536,0
C00139,2,-2.215,0.623,-1.163,0.121,-0.046,-0.248,0
C00149,5,-0.634,-0.751,0.206,0.341,-0.23,0.41,0
C00370,1,-0.635,-2.009,-1.812,-1.273,0.388,1.021,1
C00607,2,-0.712,-1.662,0.495,-0.845,0.498,-1.572,0
C00086,4,-0.928,0.134,0.429,-1.509,1.449,1.264,0
C00691,1,0.346,1.046,1.541,-0.621,0.269,1.243,0
C00659,1,-0.922,-1.376,1.616,-0.55,-1.151,0.25,1
C00451,0,1.14,-0.468,-0.035,0.538,-1.262,-1.961,0
C00560,0,-0.453,0.702,-0.782,0.686,-0.644,-0.641,1
C00633,4,0.53,-0.997,0.17,-1.131,0.093,0.915,1
C00152,0,2.429,-1.502,-0.066,-0.236,1.533,0.41,1
C00044,2,1.431,-0.168,0.943,-0.285,3.482,-0.582,1
C00734,2,-1.987,-0.473,0.545,-0.552,1.306,-0.228,1
C00099,3,-0.036,-1.207,0.462,-1.552,1.197,2.369,0
C00554,3,-0.724,-0.396,1.0,0.044,0.131,-0.158,0
C00126,0,0.283,-0.045,0.135,-0.309,-0.139,-1.02,1
C00287,1,-2.459,-0.059,0.55,0.016,0.165,-0.48,0
C00584,0,-1.009,-0.671,-1.914,-1.667,0.195,0.015,0
C00322,3,-0.705,0.169,0.932,0.269,0.235,-0.072,1
C00201,5,-2.195,0.061,0.084,0.108,0.98,-0.008,0
C00244,4,0.647,0.104,1.156,1.037,-0.748,-1.305,0
C00676,2,-1.093,-0.193,0.619,-1.521,0.916,0.205,0
C00103,0,1.135,-0.156,-0.964,-0.545,0.631,0.119,0
C00393,2,-0.646,-0.578,2.858,-1.397,0.39,0.296,0
C00797,3,-1.143,0.309,-1.224,0.546,0.45,-0.449,0
C00302,2,2.508,-0.756,1.076,2.891,0.023,-0.911,1
C00662,1,-0.607,-2.389,1.453,-0.529,-2.527,-0.299,1
C00703,0,-1.161,0.581,1.319,-0.12,-0.077,0.257,1
C00317,4,-0.29,1.412,1.777,-1.781,0.031,-0.897,1
C00107,1,1.095,-1.543,-0.374,-1.435,-0.824,2.172,1
C00670,1,-0.311,-0.597,-0.372,-1.219,-0.107,-0.478,1
C00673,0,-0.251,0.795,0.38,-0.923,0.745,-0.829,1
C00283,2,1.939,1.812,-0.813,-0.143,-1.053,2.064,1
C00186,0,0.127,-1.04,-1.523,-0.168,2.395,-1.356,0
C00192,0,-1.597,-1.427,-0.396,1.151,-0.434,0.264,1
C00285,0,1.352,-0.155,0.028,0.601,-2.424,-1.196,0
C00308,0,1.537,0.683,-0.799,-1.555,0.25,-0.582,1
C00663,2,-0.186,-0.231,-0.65,-0.519,0.951,1.477,1
C00613,0,0.96,0.648,0.219,1.265,0.072,0.21,1
C00688,4,-1.158,-0.665,-1.188,-0.611,0.442,-1.869,0
C00787,0,-0.84,-2.286,-0.85,-0.521,-0.395,1.901,1
C00512,3,-1.76,-0.641,-1.76,0.129,1.391,-0.1,0
C00537,1,-0.781,0.397,-0.1,0.721,1.134,-0.14,0
C00783,0,2.608,0.243,1.78,0.234,0.117,1.13,1
C00650,1,1.587,-1.401,-1.318,0.945,-1.57,-0.477,0
C00025,2,0.479,-0.264,1.398,0.487,1.514,-1.606,0
C00042,2,-0.59,0.732,-1.33,0.191,-0.118,-1.225,0
C00480,3,-1.278,2.802,-0.193,1.213,1.744,-0.324,0
C00332,2,1.853,-0.825,-1.269,1.134,1.441,-0.11,1
C00132,1,-0.895,0.19,-0.157,1.635,1.328,-0.222,0
C00277,0,3.405,1.332,0.129,0.042,0.02,-0.362,1
C00213,5,1.232,2.527,-0.506,-1.527,1.265,-1.131,1
C00750,0,-0.081,-0.246,-0.311,0.963,0.268,1.284,0
C00513,3,-0.767,1.163,0.193,-0.14,1.204,0.668,1
C00606,3,-2.249,1.554,1.233,1.324,-1.603,-1.279,0
C00397,2,-0.306,-1.768,0.043,-0.483,-0.196,1.261,0
C00250,0,1.214,-1.576,0.85,0.495,-0.643,0.524,1
C00132,0,-1.249,0.965,0.156,1.058,2.116,-0.063,0
C00372,3,1.414,1.269,-1.394,0.091,-0.919,0.633,1
C00737,2,0.519,0.156,-0.506,-1.949,-1.312,-0.721,0
C00481,4,-0.974,-0.985,0.737,0.089,-2.285,-0.101,0
C00019,2,0.622,0.579,-0.508,-0.706,0.213,-0.119,0
C00392,1,1.556,-0.272,-0.87,0.32,-0.591,0.236,1
C00527,1,-0.207,1.552,0.146,-1.378,-0.3,-2.57,0
C00005,5,-1.524,-0.054,-0.052,2.044,0.112,2.493,1
C00088,1,-3.188,-1.302,2.008,1.058,-0.506,0.245,0
C00722,3,1.382,-1.399,1.958,-0.309,0.704,0.181,0
C00135,4,-0.481,-0.424,-0.831,0.556,-2.33,0.049,1
C00755,1,0.97,0.333,-0.757,0.354,-0.105,-1.454,1
C00407,2,0.604,-0.017,-1.704,0.948,-0.694,1.2,0
C00168,2,-1.989,-0.633,-0.68,1.676,0.16,-1.4,0
C00106,2,0.236,0.568,-0.354,-0.686,0.072,-2.17,1
C00716,1,0.171,-0.383,-0.062,-1.177,-0.009,-0.413,0
C00705,0,-1.762,0.135,-0.839,-0.263,-1.327,0.121,0
C00250,2,0.724,-1.635,-0.444,0.453,-0.798,0.068,1
C00195,1,0.601,-1.575,-0.121,-1.368,-1.48,-1.384,1
C00624,1,2.375,0.261,0.484,0.101,0.725,2.107,0
C00098,3,-0.327,-0.893,-1.695,2.226,-0.067,-0.596,1
C00543,0,-0.775,0.602,-0.585,0.068,-0.887,-1.552,1
C00081,4,-0.0,1.026,-1.873,1.362,-1.695,0.943,0
C00010,1,-0.476,2.635,-0.078,1.191,-0.415,1.279,0
C00402,3,1.641,-1.012,0.094,-2.619,2.118,-0.861,1
C00503,2,-0.41,0.279,0.519,0.833,0.162,-1.828,0
C00645,1,0.807,1.204,-0.391,-1.012,0.932,-0.246,0
C00101,2,-0.124,0.031,-2.263,0.024,-0.155,-0.909,0
C00135,5,-0.206,-0.284,-1.083,1.339,-1.761,0.035,1
C00309,1,1.049,-1.109,1.223,-0.635,-0.684,-1.973,1
C00793,2,0.416,0.406,-2.054,0.882,-0.243,0.443,0
C00723,0,-1.108,0.257,-0.827,0.009,-1.448,1.398,0
C00194,1,1.252,-0.647,0.505,-0.337,-0.07,-1.711,1
C00466,3,-1.055,-2.101,0.872,-0.65,-1.877,0.467,1
C00063,2,0.66,-1.087,-0.083,-2.961,0.703,1.447,0
C00498,3,0.252,-0.261,-1.265,1.332,1.647,-0.307,1
C00728,3,-0.443,2.522,0.428,-2.063,0.758,0.898,0
C00767,3,-2.042,2.836,0.608,1.658,-1.324,-0.151,0
C00799,3,-1.629,-1.193,-0.806,-0.303,0.768,-1.576,0
C00072,0,0.749,-1.407,0.754,-0.661,0.045,0.716,0
C00253,4,0.788,0.907,1.357,0.269,0.143,-0.749,1
C00332,3,1.927,-0.749,-1.329,0.529,1.555,-0.603,1
C00569,4,1.476,-0.618,0.271,-1.465,0.534,0.649,1
C00156,2,-0.025,-1.253,-0.08,3.4,0.235,1.528,1
C00698,5,-1.233,1.249,0.596,0.114,-1.796,0.225,0
C00791,1,1.319,1.921,-0.84,-1.867,1.341,-1.298,0
C00300,0,0.302,-1.981,0.108,1.072,-1.247,-0.545,1
C00612,2,-0.711,0.552,-1.146,0.44,1.129,-0.855,1
C00176,0,1.759,0.325,-0.448,-0.483,-0.71,-0.294,0
C00317,0,0.273,0.943,1.038,-1.561,0.279,-1.135,1
C00373,1,-1.276,-0.182,-0.593,-3.179,-1.053,2.324,0
C00124,0,0.128,0.086,0.071,-1.059,1.014,0.619,0
C00745,0,2.566,0.427,0.317,-2.846,0.297,0.548,1
C00118,1,0.669,-0.082,-0.278,-0.763,1.342,-0.163,1
C00393,4,-0.127,-0.454,2.531,-1.7,-0.447,0.074,0
C00325,0,-0.027,0.636,0.439,0.649,-0.245,0.463,0
C00136,4,-0.115,-0.015,-1.879,0.518,0.336,1.312,0
C00565,5,1.213,-1.027,0.313,0.591,-0.123,0.519,1
C00786,4,-0.103,-1.329,2.141,0.052,0.845,-1.099,0
C00105,1,-1.765,-0.582,0.439,-0.739,-2.029,-0.7,0
C00121,2,-2.214,-0.607,0.052,-0.081,-0.873,1.211,0
C00065,3,-0.433,0.373,0.063,-0.916,2.599,-1.008,0
C00002,0,-0.595,-0.056,-0.464,-0.642,-0.586,0.01,1
C00003,0,0.844,-0.859,1.354,1.181,0.957,-0.443,1
C00349,1,-1.065,-1.129,-0.598,-2.419,-0.817,-1.735,0
C00097,0,-0.998,-1.269,-0.283,0.481,-0.13,1.395,0
C00001,0,-0.773,0.305,-0.99,0.226,-2.89,0.902,0
C00035,0,0.413,0.4,-0.119,-0.694,1.182,-0.183,0
C00140,0,2.448,1.127,-0.292,1.983,0.001,1.819,1
C00090,2,2.502,-0.563,-0.524,0.952,1.033,-1.735,1
C00427,2,0.827,0.596,1.317,0.046,0.023,-1.304,0
C00199,3,-0.166,0.472,-1.849,-0.546,1.331,0.636,0
C00649,0,0.101,0.386,-1.748,-0.545,-1.363,-0.029,1
C00602,1,-0.696,1.315,-0.572,-2.174,2.116,-2.269,0
C00599,2,-0.435,-0.268,0.374,-1.012,-1.217,0.98,0
C00087,4,-0.004,-1.355,1.226,0.108,-0.032,-1.108,1
C00583,3,-2.842,0.431,-0.764,0.721,0.041,1.491,0
C00086,0,-0.796,-0.285,0.242,-1.775,0.995,2.26,0
C00507,2,0.098,-0.637,0.605,0.998,2.735,-1.272,0
C00444,2,-0.977,-0.966,0.941,-2.032,-0.618,1.738,1
C00159,2,0.045,-0.734,0.108,-0.469,0.358,-1.081,1
C00307,0,0.35,0.034,-0.347,-0.821,1.332,-0.009,1
C00237,1,1.657,0.054,0.582,2.731,0.039,0.916,1
C00734,0,-1.066,-0.275,0.912,-0.744,0.704,-0.382,1
C00522,0,0.589,-1.106,0.367,0.795,0.048,0.435,1
C00212,4,-1.094,0.679,0.876,0.169,0.452,0.102,0
C00244,3,0.94,0.674,0.315,1.825,-1.283,-0.856,0
C00157,2,-1.39,1.254,-0.92,-0.435,0.633,0.531,0
C00420,0,-0.52,-0.722,-1.423,0.821,-0.093,0.484,0
C00505,3,0.615,-0.378,-2.179,1.978,1.285,-0.452,0
C00326,2,4.047,1.394,-1.821,-0.328,0.52,1.213,1
C00062,0,-0.852,1.37,0.796,0.7,0.419,0.345,0
C00210,2,0.634,0.35,1.478,-0.833,-0.178,-1.291,0
C00263,1,-2.06,0.433,1.152,1.27,-0.568,-1.613,0
C00652,0,0.058,0.68,0.002,1.254,-0.6,-1.005,1
C00390,3,-1.661,-0.05,-2.727,0.406,2.712,2.121,1
C00247,4,1.19,-0.657,1.385,-0.769,-0.559,-0.277,1
C00444,3,-0.063,-0.291,0.098,-1.89,-0.347,1.915,1
C00222,1,1.929,1.484,0.093,1.408,0.905,-1.151,1
C00190,1,-0.063,-0.833,0.203,-1.807,-0.969,0.614,0
C00149,4,-0.72,0.204,0.48,-0.148,0.295,1.402,0
C00641,2,-0.446,2.221,-1.19,-0.84,-0.14,-1.576,0
C00371,5,-0.796,-0.716,-0.007,0.194,1.294,1.344,1
C00170,3,0.755,0.299,-0.636,-0.43,1.003,-1.81,1
C00651,3,-1.432,0.114,-0.672,-0.954,-1.562,0.629,0
C00458,0,1.595,0.173,-0.395,2.319,-0.033,0.82,1
C00013,2,-0.925,1.611,-0.275,-0.451,1.034,0.815,0
C00039,0,2.625,0.46,-1.39,1.147,0.953,0.565,1
C00521,1,0.829,-0.298,0.156,0.491,-0.935,0.595,0
C00045,4,2.145,-1.838,0.984,0.068,0.761,-1.034,1
C00082,0,2.619,0.73,2.289,-0.541,0.915,1.996,1
C00045,3,1.908,-1.347,0.947,0.355,1.009,-1.68,1
C00609,0,0.548,-0.632,1.065,0.402,-0.66,1.027,1
C00734,1,-1.083,-0.741,-0.455,-0.65,0.617,0.129,1
C00505,4,1.536,0.08,-2.549,1.284,0.37,-0.074,0
C00395,0,0.399,-0.48,-1.118,-0.454,-0.142,1.845,1
C00053,0,1.504,1.104,0.827,-1.158,-0.66,1.625,1
C00550,1,0.084,-1.075,0.492,0.812,-1.094,-0.964,1
C00127,0,-0.25,-1.96,-0.382,-1.274,0.714,0.58,0
C00225,3,1.115,2.525,-0.04,1.319,-0.494,-0.194,0
C00532,1,0.431,0.406,-1.016,1.366,0.072,-0.358,1
C00599,5,-0.667,0.214,0.28,-0.649,-0.194,0.656,0
C00274,4,-0.775,-1.315,2.743,0.433,1.011,-0.345,0
C00709,5,-0.398,0.623,1.063,-1.586,0.432,0.365,1
C00429,4,2.171,0.318,-0.436,-0.048,0.123,-0.378,1
C00442,3,0.407,0.094,-1.466,0.129,1.372,-0.89,1
C00003,1,0.494,-1.092,1.874,1.15,1.22,-1.171,1
C00588,2,-1.085,0.677,0.735,1.041,-1.09,0.484,0
C00158,1,-0.971,-1.272,1.829,-0.106,-1.95,-0.67,0
C00232,0,0.452,0.66,0.277,-0.486,1.223,1.315,1
C00312,4,-0.064,-1.506,-0.039,0.717,1.044,-0.386,1
C00300,2,0.283,-0.854,-0.019,1.117,-1.315,-0.448,1
C00370,0,-0.774,-1.755,-1.468,-1.145,-0.694,1.777,1
C00123,1,0.514,-0.477,-0.044,0.164,0.433,1.662,1
C00047,2,0.587,0.599,-0.855,-0.15,-0.819,-1.84,1
C00109,2,0.1,0.324,-1.348,-1.449,0.623,1.749,0
C00784,2,1.543,0.102,0.621,-0.345,-0.534,1.322,1
C00109,3,-0.65,0.6,-0.443,-1.405,0.19,1.545,0
C00202,3,1.356,-0.07,2.406,0.135,0.645,0.721,0
C00049,0,0.629,0.862,0.612,0.281,0.846,-0.104,1
C00638,3,-0.441,1.312,-1.409,-2.732,-0.64,-0.175,0
C00659,2,-1.332,-0.871,1.998,-1.285,-1.5,-0.777,1
C00101,0,-1.07,0.127,-2.314,0.495,-0.21,-0.843,0
C00680,3,-2.009,0.275,0.49,-1.11,1.441,-0.07,0
C00280,1,1.479,-1.142,-0.931,1.005,-1.334,-0.478,1
C00497,0,0.952,-0.044,2.435,0.193,-0.161,0.833,1
C00381,4,-0.925,-0.578,0.029,-0.69,0.096,0.849,0
C00307,2,0.388,-1.073,0.029,0.234,1.188,0.341,1
C00534,1,1.245,-2.277,-0.28,-0.715,-0.432,0.262,1
C00635,3,-0.009,-0.197,-0.892,1.236,-0.921,-1.031,1
C00389,2,0.505,-2.293,2.345,1.672,-0.115,1.311,0
C00567,0,0.697,-1.957,-1.068,0.783,-0.019,-1.56,1
C00150,1,0.313,-0.715,-1.586,-0.14,1.88,-0.146,1
C00733,3,-0.394,0.922,0.075,-0.322,-0.286,-0.491,1
C00426,2,-0.081,-0.157,0.107,-0.953,-0.874,2.791,1
C00482,1,0.791,2.266,1.018,-0.65,-0.257,0.002,0
C00482,3,0.093,2.597,1.595,-0.859,-0.821,0.584,0
C00036,1,-0.935,-1.273,-0.863,0.603,-0.168,0.249,0
C00392,3,1.643,0.464,-0.868,-0.797,0.09,-0.031,1
C00013,0,-1.252,1.506,-0.015,0.859,1.086,0.579,0
C00750,2,0.545,-0.269,1.258,1.426,-0.383,1.87,0
C00102,0,-0.463,-1.424,0.529,-0.432,0.148,-0.207,0
C00697,2,-0.316,0.121,1.209,0.096,-1.252,0.774,1
C00208,0,0.296,-1.178,0.315,1.816,0.462,-0.173,1
C00669,1,0.296,1.032,-1.467,0.936,-0.683,1.126,0
C00621,1,-0.648,1.129,-2.209,0.272,1.794,1.058,0
C00752,0,2.495,-1.685,1.195,-0.5,-1.989,-0.733,1
C00129,3,-2.854,-0.713,-0.279,-1.46,-0.648,-0.922,0
C00628,1,0.905,-0.168,-1.253,1.021,1.044,0.485,1
C00165,1,3.065,0.493,0.358,-1.934,-0.758,-1.488,1
C00086,1,-1.647,-0.755,0.006,-1.3,1.354,1.001,0
C00683,4,1.963,-0.285,0.818,0.701,-1.101,-0.369,0
C00378,1,2.068,0.042,-0.92,-0.564,-1.045,-1.819,1
C00538,2,-0.734,1.853,-1.075,-0.173,0.64,0.211,0
C00317,1,-0.464,-0.007,0.489,-1.771,0.018,-0.625,1
C00176,3,1.151,-0.045,0.488,-0.219,0.219,-0.82,0
C00724,1,1.222,-1.167,-2.131,0.884,-0.62,0.004,1
C00257,2,2.296,-1.293,-1.838,-0.097,-1.644,-1.144,1
C00128,0,-0.71,-1.044,0.564,1.094,-0.782,-0.819,0
C00151,0,0.301,0.601,-1.31,1.385,0.073,-1.895,1
C00496,3,1.149,-0.89,1.383,0.456,-0.646,0.268,1
C00518,1,-1.962,1.151,-1.18,0.194,0.223,2.197,0
C00182,5,1.464,-0.239,0.317,1.261,-0.599,-2.105,0
C00468,2,-0.514,0.486,-0.348,-0.358,0.15,-2.079,0
C00304,3,-0.801,-2.189,1.928,0.316,1.035,0.963,0
C00645,4,0.272,1.05,-0.35,-1.435,1.004,-0.286,0
C00058,1,0.52,0.237,-0.94,-1.563,-1.16,1.498,0
C00796,1,-0.924,0.115,0.582,-0.883,-0.411,0.126,1
C00604,1,0.023,0.279,-0.774,1.022,0.494,1.369,0
C00198,3,0.284,1.271,-0.069,0.532,-0.383,2.243,1
C00454,0,0.633,0.685,-0.71,1.679,-0.905,-1.21,0
C00599,4,0.502,0.184,0.201,-1.446,-0.712,0.452,0
C00604,5,0.424,0.16,0.092,0.997,0.29,0.975,0
C00582,1,-0.693,-0.402,-1.305,-0.243,0.121,1.661,0
C00322,4,-0.837,-0.159,0.907,0.764,0.055,-0.057,1
C00199,0,0.458,1.703,-1.146,-0.093,0.813,1.348,0
C00638,5,-0.26,1.354,-1.037,-2.095,-0.663,-0.022,0
C00592,0,-0.762,-0.864,0.335,-0.561,-0.573,1.046,1
C00128,1,-1.56,-0.202,0.036,0.787,-0.944,-0.797,0
C00039,3,2.301,0.197,-1.111,1.46,0.14,0.443,1
C00039,1,1.588,1.207,-1.411,1.074,0.15,0.436,1
C00030,1,-0.019,-2.101,1.553,0.59,1.171,-0.76,1
C00236,0,0.679,1.134,0.236,-0.663,-0.538,-0.511,1
C00753,0,0.22,0.127,-1.466,-2.582,1.15,-1.469,1
C00362,5,0.035,1.552,0.169,-0.823,-1.539,0.792,0
C00354,2,1.397,-1.023,-0.205,-0.543,0.293,0.106,1
C00523,4,-0.809,1.244,-0.2,1.15,1.493,-2.458,0
C00082,3,2.124,1.312,2.709,-0.323,0.689,2.161,1
C00500,1,-0.347,-1.846,0.244,1.56,-0.398,-0.704,1
C00580,0,-1.138,1.296,-0.431,-0.444,0.378,-1.023,0
C00205,0,-1.573,-0.033,1.381,0.315,-0.487,-1.409,0
C00278,2,-1.132,-1.165,-0.125,0.766,0.164,-0.605,1
C00509,3,0.039,-1.171,-0.934,-1.069,-1.726,-1.494,0
C00234,1,-1.058,-0.957,2.703,1.12,-2.436,0.158,0
C00525,0,0.129,-0.11,-0.905,0.462,0.848,1.14,1
C00457,1,-1.175,0.77,0.696,-2.395,-0.259,0.198,0
C00683,5,1.834,-0.003,0.947,-0.134,-1.274,-0.689,0
C00268,1,2.195,0.585,1.768,-0.146,-0.243,-0.364,1
C00065,1,-0.228,0.167,0.392,-1.027,2.373,-1.744,0
C00602,0,-0.561,1.617,0.268,-1.637,1.776,-2.43,0
C00117,0,-0.185,-0.5,1.444,0.188,0.649,0.31,0
C00224,0,2.311,-2.67,0.22,-3.289,0.164,-0.013,1
C00468,4,0.243,1.067,-0.283,0.227,0.634,-2.367,0
C00738,1,-0.065,-1.928,-0.373,-0.048,1.231,0.312,1
C00792,4,-0.624,-0.855,-1.507,1.65,0.32,-2.051,1
C00743,4,1.454,-0.582,0.518,0.764,-0.783,0.18,1
C00328,4,0.104,1.398,-0.012,-0.021,-0.717,0.473,0
C00223,2,-0.115,0.56,-0.253,0.868,-0.818,-1.449,0
C00331,1,0.892,0.774,-2.481,0.286,-0.291,-0.804,0
C00055,1,-1.338,0.796,0.247,1.101,-0.924,0.222,0
C00660,2,-1.335,-0.502,-1.532,-3.184,-0.527,1.092,0
C00328,3,-0.068,0.711,0.449,-0.354,-0.818,-0.311,0
C00098,4,0.027,-2.031,-1.042,1.7,0.383,0.632,1
C00790,0,1.024,-0.959,-0.162,-0.579,-2.895,-0.243,1
C00192,2,-1.308,-1.676,-0.493,0.74,-0.961,-0.029,1
C00381,1,-1.574,-0.335,-0.134,-0.553,0.382,1.347,0
C00246,0,-2.148,-1.243,-1.008,0.827,-0.386,-1.359,0
C00014,4,0.704,0.445,-0.163,-0.818,-0.353,-0.176,1
C00458,4,1.907,0.029,-0.054,2.498,-0.437,0.558,1
C00655,0,0.754,-0.093,-0.612,0.913,1.136,0.167,1
C00473,1,0.104,-0.865,-0.173,0.212,-0.563,-0.416,0
C00463,4,-1.08,-1.166,0.311,-0.34,0.965,0.405,0
C00034,3,0.765,0.181,-0.563,0.782,-0.364,-0.599,1
C00116,2,1.075,0.523,-0.577,0.838,0.137,0.326,1
C00420,2,-1.015,-0.638,-1.387,1.009,-0.107,0.55,0
C00156,0,-0.13,-1.537,-0.503,2.856,0.058,0.571,1
C00654,0,0.466,1.512,0.275,1.08,0.449,-0.506,0
C00763,2,-0.453,-1.983,-0.567,-0.888,0.965,-0.42,1
C00404,2,1.63,-1.846,-1.476,-0.711,-1.052,1.217,1
C00369,1,0.416,-1.289,1.491,0.111,-0.099,-1.892,0
C00146,1,0.41,-0.596,1.534,-0.595,-0.827,1.6,1
C00032,3,-0.721,-2.123,0.708,0.278,1.156,2.159,0
C00559,4,0.939,-1.554,-0.456,-1.001,0.407,-0.849,1
C00124,2,-0.344,-0.629,0.009,-1.134,-0.38,-0.263,0
C00220,0,1.331,-0.142,-0.581,0.202,0.142,-0.076,1
C00150,2,1.326,-0.216,-1.94,0.518,2.517,-0.232,1
C00143,1,1.392,-1.088,0.049,-2.072,0.64,-0.581,1
C00412,2,-1.525,0.126,-1.676,0.82,1.773,-1.063,0
C00360,3,-0.289,0.526,0.884,-0.058,0.647,0.703,1
C00068,0,1.048,0.198,-1.011,-0.95,0.412,0.518,1
C00260,3,0.378,-0.866,0.899,-1.312,-1.922,0.197,1
C00711,1,0.783,1.737,0.13,0.538,0.847,0.156,0
C00217,3,-0.026,1.039,-1.315,0.067,-0.443,-0.737,0
C00064,1,-0.898,-0.975,0.005,0.388,0.427,-0.179,1
C00783,1,1.487,0.357,1.719,0.27,-0.236,1.09,1
C00032,0,0.241,-0.75,0.348,0.21,1.688,1.462,0
C00040,2,0.995,0.7,-1.3,-0.971,0.042,1.373,1
C00722,1,1.649,-0.456,1.417,-0.151,0.896,-0.385,0
C00448,1,0.471,-0.367,0.175,2.482,-0.96,0.805,1
C00569,0,1.741,-0.551,-0.013,-0.853,0.39,0.03,1
C00243,1,-1.335,0.265,-0.943,1.347,1.122,-0.925,0
C00212,0,-0.951,0.89,0.9,-0.336,1.094,0.125,0
C00145,0,-1.634,-0.132,-0.268,-1.099,-0.887,0.04,0
C00576,1,0.887,-1.123,0.636,-0.569,-0.506,-0.979,0
C00552,3,-1.286,-1.099,1.834,0.069,-1.332,0.065,0
C00713,1,-0.978,0.831,0.011,-0.734,0.526,-0.234,0
C00079,4,2.415,-1.827,0.145,-1.617,-1.724,0.61,1
C00021,2,-0.057,1.417,-1.179,-0.238,-1.784,0.512,0
C00756,1,-0.993,0.485,1.073,0.011,2.703,0.358,0
C00331,2,1.525,0.532,-2.225,0.791,-1.944,-1.028,0
C00539,1,-0.23,-2.324,-1.653,-1.183,-0.916,-0.455,1
C00784,5,1.83,0.324,1.62,-0.574,-1.396,0.207,1
C00331,3,0.542,0.618,-1.771,-0.21,-0.517,-0.799,0
C00774,4,0.779,-0.178,-1.722,-1.283,1.296,-1.201,1
C00352,3,0.857,0.447,0.782,0.433,-1.013,0.133,1
C00634,3,-0.585,0.213,1.557,2.075,1.256,-0.041,0
C00358,3,-0.204,1.735,-0.009,-1.439,-0.622,0.007,0
C00397,0,-0.403,-2.074,0.314,-0.2,-0.562,1.15,0
C00367,1,0.945,0.368,-0.089,0.077,-2.871,0.328,1
C00281,1,-0.281,0.871,-1.083,0.48,-2.162,-2.0,0
C00464,1,1.213,-0.63,1.243,-0.708,-0.526,-1.426,1
C00509,2,0.275,-1.503,-1.694,-0.427,-1.495,-0.99,0
C00795,1,-1.088,2.224,-1.977,2.022,-0.896,-0.255,0
C00077,4,0.101,1.247,-0.593,0.656,0.464,1.154,1
C00242,0,-1.602,-0.52,-1.929,0.697,1.16,-0.062,0
C00359,3,0.776,-1.645,-0.979,-1.444,-0.475,-0.698,1
C00280,5,2.038,-0.742,-1.294,0.811,-0.355,0.085,1
C00678,3,-1.727,0.477,-1.517,-0.14,0.448,1.326,0
C00632,0,-0.17,0.108,-2.228,0.24,-1.378,0.702,1
C00666,1,-0.888,-1.171,-0.392,0.075,-1.05,-0.08,0
C00467,1,-0.049,-0.221,0.899,1.11,0.273,-0.029,0
C00075,3,2.31,-2.14,1.715,0.203,0.9,-1.419,1
C00408,3,-1.352,0.297,2.235,0.737,0.595,0.676,0
C00524,0,1.627,0.164,-1.324,-1.639,-0.615,-1.373,1
C00306,2,0.062,0.683,-2.031,-0.597,1.872,1.26,1
C00011,3,0.141,-0.001,-0.356,0.997,-1.708,-0.266,0
C00302,1,2.773,-0.886,1.044,1.606,-0.015,-0.508,1
C00249,3,0.303,0.74,0.337,-1.793,-1.804,0.16,1
C00513,0,-0.148,2.069,0.352,-0.357,1.566,-0.231,1
C00306,3,0.677,0.866,-1.648,-0.463,1.724,0.833,1
C00439,1,-1.016,-0.844,2.848,-0.562,-2.973,-2.451,0
C00233,1,-0.645,-0.753,0.857,-0.001,0.298,-0.335,1
C00716,3,0.536,-0.197,-0.566,-0.769,-0.117,-0.587,0
C00728,2,-0.394,2.085,-0.345,-1.929,0.939,-0.065,0
C00043,5,0.617,-0.47,-0.53,-0.78,0.826,1.209,1
C00762,0,-0.747,1.613,-0.078,0.64,2.962,0.553,0
C00192,1,-1.637,-0.894,-0.885,0.713,-0.035,-0.437,1
C00281,3,-0.04,1.118,-0.645,0.058,-2.465,-1.961,0
C00675,2,-0.508,0.6,0.419,0.894,-1.353,0.139,0
C00531,0,0.818,-0.617,0.563,-0.304,0.81,-0.683,1
C00611,1,-0.063,-0.553,0.158,0.476,1.596,-0.259,1
C00069,1,-1.083,-0.58,1.401,0.703,-0.31,-0.535,0
C00732,2,-1.238,0.256,-1.502,-1.914,-0.039,-0.514,1
C00217,1,-0.407,0.533,-0.859,-0.534,-0.22,-0.475,0
C00087,1,-0.287,-1.111,0.664,-0.642,0.244,-1.369,1
C00428,0,-1.318,0.729,-1.959,1.701,-0.823,0.21,0
C00751,3,2.115,0.237,1.63,0.209,-1.39,1.468,1
C00632,3,-0.865,-0.882,-0.999,0.947,-0.879,1.021,1
C00405,4,-0.823,-1.408,1.614,-0.776,0.156,-0.435,0
C00702,1,0.914,0.231,1.684,-0.975,-1.33,-1.067,1
C00500,4,-0.464,-0.987,0.51,1.164,-0.371,0.211,1
C00533,4,-2.692,-1.612,1.576,1.079,-0.184,0.198,0
C00425,1,-0.389,1.087,0.477,0.826,1.854,-0.567,0
C00725,2,0.762,-0.425,0.387,0.113,-0.775,-0.26,0
C00073,0,0.473,-0.428,1.271,-1.163,0.233,1.29,1
C00105,2,-1.603,-0.002,-0.718,-0.532,-0.919,-0.486,0
C00689,1,0.428,-0.859,-0.825,1.629,1.459,-0.685,0
C00195,4,0.34,-1.314,-0.322,-1.232,-1.139,-1.018,1
C00393,5,-0.395,0.007,2.202,-1.626,0.674,0.116,0
C00028,3,1.474,0.67,0.153,1.144,0.251,0.461,1
C00440,0,1.442,0.916,1.717,-0.296,-1.561,-0.364,1
C00065,2,-0.921,0.45,0.109,-1.362,1.74,-0.883,0
C00777,1,-1.174,-2.569,1.089,0.278,-1.746,-0.674,0
C00798,3,0.185,-2.709,1.015,0.375,-2.316,-1.131,1
C00223,1,0.257,0.755,0.066,0.173,-0.834,-0.463,0
C00754,1,0.446,-0.784,-0.927,0.748,-0.156,2.038,0
C00521,2,0.814,0.229,-0.08,-0.287,-0.766,1.168,0
C00212,2,-0.809,0.507,0.497,-0.005,0.366,0.146,0
C00561,0,-0.481,-1.107,-0.144,-0.573,-2.311,-0.319,1
C00430,4,0.424,0.484,0.637,-2.582,-1.137,0.466,0
C00240,3,1.933,-0.214,1.35,0.171,0.693,0.82,0
C00100,3,1.914,-0.873,0.939,0.503,-0.701,-1.077,1
C00451,4,0.739,-0.752,-0.027,1.438,-1.438,-1.53,0
C00653,1,0.65,0.281,-1.041,-3.095,-0.652,1.07,1
C00303,0,0.065,-1.337,1.052,0.239,0.101,-0.078,1
C00540,1,0.493,2.091,-1.795,1.171,-0.886,1.04,0
C00550,0,0.208,-1.782,0.226,0.802,0.435,-0.073,1
C00744,5,-1.734,-2.363,-0.236,-0.393,0.277,-0.072,0
C00120,1,0.443,-0.26,0.129,0.472,0.915,-1.706,1
C00797,0,-0.23,0.441,-1.39,0.692,0.778,-0.274,0
C00589,3,1.036,0.281,1.117,0.91,0.051,0.957,0
C00138,1,-0.208,1.691,-2.688,0.146,-0.733,-0.707,1
C00512,4,-1.251,-0.166,-1.783,0.435,1.095,-1.021,0
C00071,2,-1.483,-0.358,1.255,-1.998,0.491,-0.152,0
C00406,2,0.311,-0.447,0.499,0.121,-1.467,0.911,0
C00780,3,0.476,-0.195,1.566,-0.015,-0.574,-1.383,1
C00519,2,0.405,0.211,0.078,-0.163,-0.619,-0.024,1
C00003,3,0.869,-0.135,1.097,1.107,1.615,-0.727,1
C00399,3,0.717,-0.012,0.362,-1.748,0.651,-1.739,0
C00561,2,-0.07,-0.698,0.126,-0.637,-1.835,-0.946,1
C00463,5,-1.96,-1.71,0.012,-0.815,0.482,0.959,0
C00304,0,-0.152,-1.916,0.88,-1.033,1.662,0.835,0
C00704,3,-1.815,0.984,-1.891,0.117,-0.459,-0.501,0
C00216,0,-2.869,0.006,-0.543,-0.051,0.01,0.139,0
C00636,1,-0.156,-1.409,-2.331,-1.915,1.057,-0.398,0
C00285,3,1.088,-0.743,-0.27,0.884,-2.398,-1.371,0
C00310,0,2.09,-0.754,-0.329,0.766,-1.102,-0.744,1
C00583,4,-2.563,1.504,-1.099,0.282,0.659,1.031,0
C00367,3,0.638,-0.176,0.387,-0.888,-2.899,1.834,1
C00107,3,-0.128,-0.959,-0.815,-0.921,-1.058,2.43,1
C00549,0,0.295,0.73,-0.161,0.325,-1.012,1.733,0
C00343,0,0.191,-0.272,3.121,-0.771,-0.528,0.172,0
C00724,3,1.149,-1.19,-1.467,0.608,0.178,-0.478,1
C00183,0,-0.239,0.39,-1.65,-0.893,2.24,-1.141,1
C00680,0,-1.248,-0.064,0.479,-1.095,1.432,-0.107,0
C00061,5,0.276,-0.847,1.606,-0.272,0.928,0.499,1
C00274,0,-1.18,-1.425,2.814,0.564,0.032,-0.035,0
C00621,0,0.719,1.34,-1.536,0.155,0.353,1.084,0
C00777,2,-0.555,-2.931,1.087,-0.388,-1.656,-0.497,0
C00396,0,0.47,-0.188,0.491,-1.15,-0.18,0.16,1
C00685,2,0.13,0.146,0.312,-0.466,-2.441,-0.091,0
C00125,2,-0.856,0.68,1.482,-1.865,0.606,0.089,1
C00296,1,0.382,-0.438,-1.958,1.869,0.281,0.806,1
C00730,0,1.212,1.204,-0.689,2.714,-0.83,0.115,1
C00706,2,-0.445,0.149,0.881,0.23,0.56,-0.583,0
C00668,4,-0.473,-0.414,-0.967,0.506,0.26,-1.052,0
C00509,0,-0.293,-1.615,-1.47,-0.368,-1.909,-1.407,0
C00244,5,1.237,0.608,0.837,1.76,-0.804,-2.054,0
C00741,1,-0.247,1.893,0.947,0.864,-1.154,-0.697,0
C00345,2,0.415,-1.774,-2.147,1.435,0.539,-1.65,1
C00635,0,-0.64,-0.221,-0.281,0.161,-1.232,-0.81,1
C00703,1,-0.766,-0.139,0.652,-0.599,0.758,-0.661,1
C00127,1,-0.248,-1.219,-0.556,-1.109,-1.184,-0.311,0
C00632,1,-0.027,0.266,-1.143,0.89,-1.731,0.557,1
C00461,5,-0.223,0.034,-0.244,0.332,2.661,1.835,1
C00362,4,-0.094,1.34,0.519,-0.935,-1.54,0.95,0
C00004,3,0.152,-1.164,-0.386,-0.764,0.06,0.44,1
C00761,0,-0.736,-1.452,0.328,-0.649,0.057,-0.704,0
C00261,1,0.666,0.017,0.173,1.39,-0.935,-2.323,1
C00680,1,-0.905,0.484,0.162,-0.251,1.309,0.428,0
C00574,2,0.218,1.068,0.249,1.482,-0.167,-1.837,1
C00255,1,0.34,-0.64,1.036,0.864,-0.138,0.067,1
C00275,1,0.67,0.981,-0.548,-1.08,0.94,2.322,0
C00093,1,0.314,0.557,-0.309,-0.464,-1.011,-0.718,0
C00770,4,-0.991,2.165,0.957,0.344,-0.235,1.195,0
C00278,0,-1.567,-0.858,-0.368,0.47,1.133,-0.646,1
C00543,2,-1.288,0.573,-0.284,-0.588,0.518,-1.421,1
C00652,1,0.502,-0.528,-0.359,0.399,0.185,-1.453,1
C00252,0,-1.788,0.533,0.797,0.023,1.452,-1.034,0
C00045,2,2.451,-2.097,0.458,0.482,0.596,-2.226,1
C00147,0,0.516,1.312,2.717,-0.232,1.424,-1.047,0
C00473,3,-0.38,-2.287,0.266,-0.527,-0.841,-0.029,0
C00321,2,1.302,0.565,-0.258,2.791,0.465,-0.906,1
C00795,2,-1.894,1.698,-2.765,2.435,-1.352,-0.8,0
C00682,2,0.475,1.143,0.147,0.957,1.267,1.534,1
C00556,2,0.362,0.489,3.485,2.473,1.218,-0.276,0
C00549,2,0.898,1.154,0.159,0.32,-1.11,2.19,0
C00438,3,1.564,0.038,-0.237,-1.638,-0.927,0.7,0
C00326,0,3.658,2.357,-0.947,-0.177,0.762,2.121,1
C00699,3,-0.691,0.089,1.789,-1.092,-0.671,-0.158,0
C00282,1,1.206,2.653,-1.456,0.122,0.484,0.455,0
C00310,3,2.275,-0.387,-0.914,1.165,-0.813,0.125,1
C00511,0,-0.576,-1.154,0.515,-0.948,0.454,-0.872,0
C00488,2,0.623,0.501,0.929,-0.735,1.954,-0.65,0
C00155,0,1.295,0.318,1.438,0.098,1.604,1.733,1
C00186,1,-0.503,-0.571,0.245,-0.761,1.597,-0.226,0
C00140,3,1.644,0.744,0.435,2.313,-0.275,1.416,1
C00403,4,0.363,1.955,-0.508,-0.53,-0.043,-1.36,1
C00481,2,-0.558,-1.772,0.342,0.09,-0.99,-0.343,0
C00278,1,-1.131,-1.528,-0.318,1.048,-0.121,-0.579,1
C00419,1,0.808,-0.233,-0.471,-0.685,1.109,-0.888,0
C00700,4,0.8,-0.32,-1.063,1.343,-0.538,1.474,1
C00524,1,1.631,0.261,-0.54,-1.895,-0.354,-1.138,1
C00122,2,-1.232,1.872,0.935,1.567,0.901,-0.644,1
C00328,1,0.677,1.051,1.075,-0.098,-1.156,0.25,0
C00683,3,1.819,-0.554,1.186,-0.665,-0.473,-0.283,0
C00082,5,2.701,1.175,2.733,-0.682,0.84,1.898,1
C00468,1,-1.535,0.882,-0.605,0.241,-0.057,-1.457,0
C00199,2,-0.174,0.403,-1.594,-0.485,1.345,0.902,0
C00639,3,0.717,-0.24,0.107,1.239,-0.827,-1.88,1
C00610,1,-0.35,-0.739,0.248,-0.02,1.459,-0.469,0
C00735,2,1.707,-1.23,0.472,-1.71,-1.332,1.414,0
C00153,5,-0.15,-0.152,1.506,-0.27,-1.369,-2.397,1
C00392,4,1.501,-0.638,-0.576,0.079,0.393,0.359,1
C00770,1,-1.679,1.364,0.337,-0.276,-0.286,1.855,0
C00460,1,-2.312,-2.373,-0.796,-0.255,0.987,0.988,0
C00251,5,3.19,-0.275,-0.167,-0.611,-0.725,-0.55,1
C00711,2,0.368,2.151,-0.272,0.294,0.978,-0.343,0
C00195,2,0.616,-1.788,0.008,-1.848,-1.792,-0.515,1
C00633,2,-0.065,0.406,0.694,-0.403,0.385,1.154,1
C00799,0,-1.279,-1.265,-0.546,-0.241,1.196,-0.509,0
C00450,0,0.381,0.908,0.289,0.46,0.534,-1.847,1
C00091,3,-1.116,-0.118,0.763,-0.902,1.02,1.125,0
C00619,4,-1.702,-0.55,0.261,1.327,-0.28,-0.946,0
C00511,3,-0.291,-0.531,0.261,-0.694,0.696,-0.763,0
C00768,0,0.793,-0.238,-3.021,0.027,-0.355,-0.696,1
C00315,3,0.77,-0.84,-0.064,-1.415,0.701,1.784,0
C00458,3,2.567,-0.783,-0.453,1.887,-0.309,1.677,1
C00000,2,-0.527,0.538,1.339,-2.438,1.115,0.095,1
C00611,0,-0.353,-0.687,-0.545,0.643,0.469,-0.45,1
C00014,3,0.218,0.207,-1.072,-0.414,-0.409,-1.096,1
C00781,4,-0.095,0.979,-1.583,-0.405,1.203,0.022,1
C00598,3,2.224,-1.981,-0.691,-0.139,-1.08,1.199,1
C00115,0,-2.867,-0.12,0.137,-0.024,2.503,-1.717,0
C00544,0,-1.134,0.525,-1.047,-1.569,-1.259,0.277,0
C00037,0,-0.475,0.606,0.759,1.063,-1.645,-0.243,0
C00388,1,-1.247,0.131,0.622,-0.537,0.455,-0.823,0
C00484,2,-1.633,-1.096,0.199,-0.93,0.525,0.624,1
C00500,2,-0.105,-2.512,0.775,0.763,-0.936,-0.308,1
C00255,3,-0.044,-1.458,0.838,0.95,-0.898,0.387,1
C00742,3,-0.158,0.456,1.534,-1.936,0.475,-1.511,1
C00022,3,0.425,0.53,-1.531,-0.486,0.401,0.031,1
C00150,3,0.808,-0.11,-1.214,-0.246,1.728,-0.086,1
C00619,5,-1.435,0.682,0.918,1.565,0.337,-0.943,0
C00674,0,1.504,-0.604,1.595,-0.583,-2.088,1.222,1
C00208,1,-0.242,-1.814,0.645,2.643,-0.116,-0.007,1
C00170,2,0.782,0.098,-0.167,-0.246,0.834,-2.402,1
C00031,3,0.959,-1.209,1.721,0.886,1.356,-0.641,0
C00106,1,0.211,-0.396,0.042,-1.415,-0.103,-1.374,1
C00068,1,0.67,0.531,-0.964,-2.115,0.375,1.111,1
C00238,1,-0.541,-1.398,-1.163,-1.415,-1.379,-0.141,1
C00691,2,-1.153,1.393,1.51,-0.99,-0.918,1.338,0
C00452,2,0.723,-0.757,-1.623,-0.824,1.184,1.599,1
C00293,1,0.457,-1.451,0.35,-2.579,1.074,-0.1,1
C00258,0,-0.972,-0.072,-0.801,0.635,-0.626,0.163,0
C00606,0,-1.556,1.873,0.083,1.408,-1.707,-0.986,0
C00213,2,1.214,1.362,-1.393,-1.6,0.825,-0.571,1
C00130,1,-1.004,-0.381,-1.893,-2.216,-0.759,-1.345,0
C00619,1,-1.948,0.216,0.235,1.209,0.155,-0.534,0
C00380,2,1.104,-0.264,0.907,-1.671,0.006,0.809,0
C00127,3,-0.566,-1.01,-0.003,-0.916,0.055,0.154,0
C00342,1,-2.45,-1.674,1.088,-0.958,0.353,0.436,1
C00731,2,-0.736,-1.251,-1.026,-0.891,0.394,1.0,1
C00450,2,0.477,1.392,0.152,0.115,0.816,-2.253,1
C00548,2,-0.155,-0.113,-0.735,0.509,-0.039,-0.922,0
C00578,1,0.052,-0.019,-0.514,-0.172,-1.333,1.514,0
C00364,1,1.334,-1.636,0.391,-0.048,-0.16,0.142,1
C00495,0,-0.711,1.339,0.377,-0.226,2.025,1.408,0
C00667,0,-0.559,0.463,1.734,2.239,0.484,-1.268,0
C00536,3,1.31,1.29,-0.053,0.213,-0.539,-0.274,1
C00671,3,0.055,-0.073,0.708,-0.749,1.319,0.619,1
C00181,2,-0.517,1.069,-0.756,0.409,-0.371,0.356,1
C00356,0,-0.28,-0.931,0.248,-0.42,-0.162,1.336,0
C00330,3,0.273,0.427,0.082,0.674,-0.775,1.328,0
C00295,1,0.977,0.533,0.033,-0.91,-1.75,0.724,1
C00350,2,0.444,0.497,-0.223,0.661,-0.466,-0.141,1
C00786,1,-0.22,-1.259,1.847,-0.743,0.212,-0.907,0
C00116,0,1.286,0.079,-1.461,0.859,-0.374,-0.995,1
C00741,4,-0.077,1.063,0.165,0.233,-1.426,-0.986,0
C00451,1,0.526,-1.117,-0.703,0.513,-1.357,-1.698,0
C00748,3,-0.217,-0.032,-1.605,-1.424,-0.851,-0.289,1
C00174,1,0.159,2.222,0.121,0.748,1.347,-2.715,0
C00749,2,-1.199,-1.657,0.494,-1.61,0.884,-2.402,1
C00214,0,0.134,1.801,-1.864,1.27,2.551,-0.567,0
C00208,3,-0.447,-1.055,0.779,2.592,0.55,0.099,1
C00484,1,-1.767,-1.168,0.424,-0.125,0.023,0.295,1
C00437,0,1.727,-1.439,-0.562,-0.7,-1.237,1.65,1
C00424,2,-0.167,2.657,-1.023,-0.641,1.174,-1.377,1
C00464,5,1.032,-0.38,1.463,-1.205,-0.242,-1.147,1
C00797,2,-0.195,-0.561,-1.814,0.75,0.035,-0.116,0
C00769,0,-0.048,-0.226,-0.39,-0.062,-0.144,-0.327,1
C00291,2,-0.091,-1.295,0.675,-0.366,-0.816,-0.314,0
C00555,3,-0.729,-0.144,0.522,-0.221,-0.174,2.712,1
C00792,5,-0.18,-1.153,-0.804,0.855,1.031,-1.293,1
C00377,2,-0.341,-0.988,0.24,-1.42,0.182,0.323,1
C00117,2,-0.973,-0.88,1.356,-0.112,0.411,0.706,0
C00319,2,-1.2,1.332,0.244,-0.78,0.518,0.267,0
C00505,0,0.611,-0.263,-0.946,1.639,0.592,-0.797,0
C00763,3,-0.261,-1.626,-0.45,-0.678,1.506,-0.151,1
C00222,2,1.922,1.657,-0.35,0.666,0.887,-1.25,1
C00507,0,0.037,-0.516,0.124,0.695,2.972,-0.396,0
C00411,0,-2.842,0.527,-0.823,0.859,0.406,0.584,0
C00167,0,0.259,0.406,2.46,0.893,-1.662,-0.669,1
C00466,2,-1.326,-2.217,0.128,0.583,-1.322,0.626,1
C00154,2,1.483,0.068,-1.176,-2.908,-0.007,-1.237,1
C00435,3,-0.549,1.187,-0.563,1.715,0.523,-0.52,0
C00735,1,1.253,-0.68,0.053,-1.53,-0.963,0.657,0
C00001,5,-0.928,0.41,-0.673,-0.023,-2.346,0.538,0
C00304,1,-1.137,-2.392,0.651,-0.35,0.934,-0.132,0
C00732,3,-1.299,-1.162,-0.607,-1.08,-0.406,-0.896,1
C00218,3,-1.116,-1.09,-0.236,1.913,-0.662,0.015,0
C00136,1,-0.544,0.068,-1.256,0.05,0.437,2.351,0
C00706,1,-1.156,-0.039,1.52,0.478,0.442,-0.789,0
C00335,0,-0.437,-1.638,-0.218,0.091,-0.217,0.669,1
C00311,3,0.374,-0.852,-1.06,0.022,0.843,-0.038,1
C00014,2,0.149,0.496,-1.135,-0.826,0.296,0.154,1
C00616,3,-0.29,1.363,0.446,0.0,2.32,0.189,0
C00005,4,-0.353,-0.381,-0.134,1.769,0.063,3.116,1
C00171,1,0.175,0.45,0.914,-0.926,1.237,0.264,0
C00490,2,-0.757,0.698,1.238,-1.678,-0.787,-1.177,0
C00776,2,-1.285,1.976,0.189,0.354,0.193,-1.106,0
C00358,5,-1.021,1.759,0.539,-2.002,0.281,-0.637,0
C00729,0,-0.056,0.723,0.275,1.068,-1.948,-2.345,1
C00543,4,-0.586,0.444,-0.752,-0.056,-0.046,-0.87,1
C00504,1,2.323,0.216,-0.022,1.375,0.55,-0.996,1
C00267,0,-0.11,0.527,-1.229,-0.913,-0.042,-0.306,1
C00204,0,-0.697,0.169,-0.126,-1.677,0.315,-0.29,0
C00502,0,0.493,1.873,-1.417,-1.069,0.989,-1.139,1
C00558,2,0.839,0.78,-1.206,0.814,2.389,-0.194,0
C00438,0,1.066,0.496,-0.46,-0.453,-0.677,0.969,0
C00054,1,1.409,-0.661,-1.209,0.912,-1.068,0.642,1
C00720,2,-0.674,1.564,-0.833,-1.996,1.19,-1.178,1
C00220,2,0.87,-2.206,-0.318,0.459,0.372,-0.124,1
C00549,1,0.944,0.151,-0.372,-0.543,-0.504,1.539,0
C00318,3,0.608,-0.162,-1.243,0.973,-0.368,-1.266,1
C00761,2,-0.216,-0.041,0.566,-1.199,-0.496,-0.274,0
C00074,3,0.812,-1.65,-0.323,0.484,-2.372,-0.28,0
C00752,4,2.112,-1.406,0.431,-0.015,-1.006,-0.472,1
C00776,0,-0.953,1.584,0.065,1.009,-0.039,-0.296,0
C00291,4,-0.194,-0.071,0.76,-0.616,-0.291,-0.425,0
C00227,3,-0.31,-0.526,-0.694,0.399,-0.075,1.148,1
C00564,2,1.532,-0.497,-1.213,-0.775,-1.009,0.159,1
C00380,1,1.677,-0.098,0.426,-0.506,0.463,0.735,0
C00295,0,1.234,0.963,0.206,-0.701,-1.414,1.029,1
C00775,1,0.448,1.043,-1.917,-1.062,0.294,1.412,0
C00758,2,-1.082,0.604,-0.301,1.834,-0.785,0.807,1
C00646,2,1.253,-0.426,1.263,0.876,-1.17,0.282,1
C00048,0,0.311,0.488,-0.826,-1.888,0.327,-0.377,0
C00593,3,1.984,0.183,0.225,-0.593,0.47,-0.559,1
C00075,1,1.496,-2.768,1.404,0.144,0.949,-0.444,1
C00499,4,1.297,2.305,-2.055,1.584,-0.172,-0.165,0
C00390,2,-0.687,0.469,-1.794,0.829,2.076,2.07,1
C00120,0,1.15,-0.146,-0.027,1.194,0.531,-1.242,1
C00328,5,0.439,0.554,0.885,-0.489,-1.62,-0.238,0
C00767,0,-2.415,2.241,1.253,1.086,-1.209,0.331,0
C00047,4,0.838,0.216,-0.002,-0.348,-0.612,-1.695,1
C00007,0,0.347,-1.485,0.952,-0.827,-0.881,2.677,1
C00798,0,0.344,-2.334,0.839,0.148,-2.379,-1.393,1
C00516,0,-1.316,0.982,2.384,-0.05,-0.134,0.127,0
C00785,5,-0.322,-1.029,-0.226,-0.335,1.31,-0.429,0
C00341,0,1.853,0.576,1.202,2.592,-0.046,-1.781,1
C00573,0,-1.734,-0.801,0.024,-0.302,0.447,-0.185,1
C00148,1,-0.031,0.213,-1.527,-0.557,2.109,1.073,0
C00131,2,-1.379,0.351,-0.019,-1.138,0.404,1.015,0
C00197,2,-0.886,2.382,0.616,2.152,0.417,2.184,0
C00049,1,1.696,1.217,0.319,0.393,2.271,-0.978,1
C00160,0,-0.227,0.851,-0.926,0.715,0.44,-0.574,1
C00654,1,0.066,0.427,0.45,0.415,0.291,-1.657,0
C00356,1,0.615,-0.435,-0.487,0.722,-0.564,1.256,0
C00432,2,0.329,-0.683,-0.583,-0.544,-0.03,-1.912,1
C00232,1,0.677,0.092,0.545,-0.964,0.258,1.334,1
C00504,3,3.16,0.381,-0.013,0.877,0.364,-1.08,1
C00365,0,-1.335,0.268,1.246,-0.617,1.269,0.808,0
C00736,0,0.613,0.177,-0.163,-0.429,0.019,-1.184,0
C00249,2,0.453,0.571,0.886,-1.266,-1.8,-0.661,1
C00503,0,-0.06,0.215,1.037,1.286,0.118,-0.981,0
C00409,4,-0.089,1.262,0.559,0.826,0.054,0.649,0
C00028,2,0.695,1.23,-0.632,0.162,0.783,0.918,1
C00642,2,-1.54,-1.051,0.625,0.258,-0.056,1.42,0
C00503,3,-0.282,0.324,1.438,0.908,0.081,-1.277,0
C00594,1,-1.718,-0.082,-0.446,0.661,-0.928,1.608,1
C00475,4,-1.106,1.585,1.218,-0.071,-0.456,-1.193,0
C00097,3,-1.209,-0.661,-0.348,-0.834,0.024,0.827,0
C00035,5,1.007,0.491,0.175,-1.221,0.341,0.721,0
C00446,4,0.451,-1.353,1.271,0.646,-1.002,-0.095,1
C00718,2,0.69,-0.12,-1.794,-0.703,0.371,-1.3,1
C00165,4,3.316,-0.26,0.55,-0.681,0.381,-0.208,1
C00189,0,-0.212,1.715,-1.463,-0.626,-0.166,-0.318,1
C00386,0,1.33,0.065,1.242,0.312,-0.78,-0.755,1
C00305,1,0.197,0.083,2.606,-1.597,-1.665,0.975,1
C00115,3,-2.696,0.994,0.306,-1.123,1.182,-1.212,0
C00383,1,1.788,1.109,1.324,0.876,-0.081,-0.702,0
C00050,5,0.23,0.29,0.773,0.21,1.044,-0.562,1
C00537,4,-0.157,-0.197,-1.044,0.293,0.499,-0.953,0
C00580,1,-1.176,0.414,-0.289,-0.581,1.121,-1.365,0
C00050,2,0.323,0.146,0.68,0.193,1.447,-0.556,1
C00772,5,-0.476,-0.624,-0.12,-0.162,-1.379,-0.352,0
C00311,4,1.113,-1.086,-0.378,0.098,0.482,-0.124,1
C00523,1,-0.717,1.128,-0.215,1.492,1.105,-2.057,0
C00543,3,-0.565,0.261,-0.439,-0.142,-0.622,-1.684,1
C00343,2,0.71,0.601,2.624,-0.724,-0.228,0.219,0
C00648,4,0.262,0.021,-1.795,-2.51,0.499,-0.399,1
C00643,3,-0.756,-0.65,0.14,0.631,-0.848,-0.053,0
C00145,5,-1.407,-0.364,-0.511,-1.998,-1.288,-0.037,0
C00551,0,1.314,0.451,-0.146,-0.465,-1.052,1.031,0
C00775,0,1.293,1.045,-1.606,0.063,0.053,0.978,0
C00225,2,0.993,1.723,0.645,1.621,-0.499,0.226,0
C00218,1,0.374,-1.976,-0.261,1.068,-1.398,0.079,0
C00672,1,-0.755,-1.936,-1.736,0.213,-0.64,-0.745,0
C00285,2,1.072,-0.459,0.094,0.045,-2.209,-1.519,0
C00717,2,0.136,-0.62,1.185,-1.152,0.486,0.726,1
C00501,4,-0.687,1.249,-0.953,0.182,-0.476,-0.354,0
C00499,3,1.369,2.229,-2.096,1.344,0.45,0.06,0
C00010,5,-0.31,2.335,1.075,0.848,-0.594,1.272,0
C00590,5,-1.608,0.589,-0.653,-0.413,-0.254,-0.972,1
C00716,0,0.071,0.123,-0.038,-1.499,0.141,-0.306,0
C00427,1,0.596,0.005,1.576,1.087,0.636,-1.795,0
C00175,1,-1.278,0.055,0.074,-0.895,-1.165,-0.358,0
C00298,3,0.934,-0.552,-0.608,0.915,0.254,-1.903,0
C00591,4,-0.211,1.273,-1.37,-0.26,0.486,1.062,0
C00751,1,1.538,-0.747,0.893,-0.978,-1.25,1.437,1
C00745,2,2.249,0.956,-0.217,-2.224,0.285,0.911,1
C00749,1,-1.678,-0.442,-0.502,-0.372,0.933,-1.581,1
C00295,4,1.184,0.465,0.386,-1.353,-1.163,1.293,1
C00206,0,0.976,2.382,1.246,0.398,-1.076,0.462,0
C00722,0,0.379,-1.457,1.603,0.144,0.779,-0.444,0
C00353,2,0.519,0.061,0.472,-0.26,0.066,0.662,1
C00367,4,0.12,-0.307,0.944,-0.496,-1.939,-0.091,1
C00289,0,-1.101,0.842,-0.043,1.3,1.288,1.457,0
C00030,2,-0.121,-1.489,1.35,0.395,0.192,-1.397,1
C00447,0,0.238,-0.38,0.195,-2.773,-1.717,-1.246,1
C00537,3,-0.137,0.336,-1.0,0.306,-0.269,-0.716,0
C00275,4,0.554,0.472,-0.383,-0.481,0.955,1.898,0
C00071,4,-1.449,-0.581,0.987,-0.917,0.839,-0.816,0
C00284,1,1.152,0.48,-1.485,-1.01,1.861,-1.673,0
C00188,2,0.474,-1.093,-0.744,0.039,1.655,2.286,0
C00629,2,-0.494,-0.921,-0.136,-0.75,-0.436,-0.179,1
C00526,2,-1.034,0.862,1.174,0.103,-0.729,1.253,0
C00110,0,1.648,1.79,-0.304,0.774,1.206,3.08,1
C00490,0,-0.484,0.682,1.104,-1.81,0.216,-1.001,0
C00068,4,1.705,0.417,-1.408,-1.301,1.368,0.41,1
C00548,1,-0.198,0.965,-0.059,0.015,0.048,-1.962,0
C00406,3,0.471,-0.403,-0.657,0.115,-1.768,0.322,0
C00702,2,0.402,0.551,1.754,-1.108,-0.976,-0.831,1
C00385,3,1.37,1.544,0.514,0.299,0.654,1.652,0
C00768,2,0.776,-0.459,-2.826,0.726,-0.178,-0.721,1
C00314,2,-0.35,1.048,1.26,-0.284,1.78,2.008,1
C00656,2,-1.874,0.311,0.659,-0.864,0.358,2.556,0
C00215,0,0.81,1.493,0.225,-0.355,-0.418,1.861,1
C00132,3,-0.282,0.373,0.54,0.43,2.288,-0.275,0
C00581,1,-0.731,-0.241,0.776,1.988,0.218,-1.461,1
C00020,2,-2.116,-1.436,-0.114,1.045,-2.519,0.371,1
C00642,4,-0.811,-1.266,0.21,-0.905,0.12,1.554,0
C00571,0,-1.069,0.587,-0.455,-2.53,-1.322,-0.204,0
C00204,5,-0.74,0.758,-0.147,-0.864,0.584,-1.036,0
C00007,3,0.557,-1.21,0.624,-0.515,-0.152,2.205,1
C00322,0,-0.719,-0.059,0.38,0.695,-0.183,0.104,1
C00305,0,0.487,-0.011,2.225,-1.977,-1.785,0.109,1
C00696,3,2.043,-0.657,0.197,-0.265,0.085,-1.092,1
C00785,0,-0.566,-0.757,-0.043,-0.003,0.192,-0.289,0
C00023,1,1.007,0.179,0.388,0.267,0.454,-0.191,0
C00148,0,0.187,0.279,-1.638,-0.541,2.605,1.156,0
C00207,3,-2.052,0.136,-0.569,0.271,0.79,0.266,0
C00099,0,-0.915,-1.028,0.02,-1.483,1.116,1.759,0
C00504,2,2.915,0.448,0.522,1.133,0.107,-0.364,1
C00158,4,0.331,-0.075,1.928,-0.142,-0.403,-0.066,0
C00234,0,-0.705,-1.005,1.891,0.076,-1.362,0.732,0
C00447,2,0.473,0.617,0.005,-2.133,-1.547,-0.838,1
C00306,0,-0.023,0.198,-1.616,-1.146,1.359,1.146,1
C00486,1,0.881,0.61,0.677,-1.885,0.576,-1.031,0
C00088,2,-3.457,-1.458,0.814,0.998,-0.522,-0.273,0
C00556,1,-0.094,0.287,3.563,2.205,1.072,-0.666,0
C00749,0,-1.647,-1.103,0.719,-1.394,1.316,-1.569,1
C00025,0,0.55,0.239,0.698,-0.067,1.463,-0.994,0
C00586,0,0.941,0.655,-2.267,-1.287,0.286,-1.713,0
C00366,2,0.205,0.097,1.65,0.636,-0.525,0.298,0
C00238,2,-0.766,-1.514,-1.72,-1.946,-1.055,1.284,1
C00358,1,-0.192,0.865,0.059,-1.991,-0.15,-0.913,0
C00333,1,-0.276,-0.076,0.984,-2.108,0.126,1.386,0
C00076,0,-0.985,0.075,0.001,-0.661,-1.224,1.418,0
C00755,2,0.321,-0.022,-1.746,0.27,-0.019,-1.962,1
C00325,5,0.439,0.355,0.386,0.214,0.049,0.987,0
C00794,1,0.255,0.68,-0.219,-1.375,0.666,-1.304,0
C00169,1,-0.243,0.554,1.848,-0.387,-1.421,-0.845,0
C00085,3,1.209,0.152,-2.214,1.667,1.924,0.861,1
C00592,1,-0.601,0.036,-0.691,-0.349,-0.254,1.335,1
C00015,3,-0.795,0.284,1.417,-1.442,0.592,-0.469,0
C00258,1,-1.905,-0.391,-1.528,0.481,-0.205,0.438,0
C00400,4,-0.489,-0.222,1.968,0.741,0.812,0.469,0
C00460,4,-2.918,-2.124,-0.421,-0.19,0.149,0.413,0
C00154,0,2.282,0.436,-0.457,-1.882,0.146,-1.148,1
C00499,0,1.051,2.238,-1.998,1.989,0.142,-0.642,0
C00351,0,-1.363,-0.275,0.723,-1.001,-0.923,0.644,1
C00253,5,0.262,0.711,0.653,0.124,0.64,-1.414,1
C00430,3,-0.48,0.532,0.968,-2.073,-1.015,0.371,0
C00087,2,-0.002,-2.275,0.521,-0.737,-0.117,-1.437,1
C00381,0,-0.834,-0.968,0.846,-1.134,0.57,-0.024,0
C00404,1,1.463,-1.594,-0.686,-1.416,-1.474,0.727,1
C00018,1,1.512,1.186,-0.7,0.044,-0.179,-1.492,0
C00142,4,0.554,0.143,-0.756,-1.372,-0.612,1.032,1
C00256,0,-0.592,-0.789,-0.557,0.685,-0.789,-0.295,0
C00238,0,-0.931,-2.624,-1.43,-1.176,-1.101,1.325,1
C00541,2,-0.823,-2.522,-0.718,-0.466,-1.063,-0.152,1
C00247,2,0.149,-0.365,0.867,0.252,-1.132,0.513,1
C00762,2,-0.763,1.39,-0.368,0.727,2.347,1.025,0
C00792,3,-0.291,-0.947,-0.476,1.828,0.872,-1.169,1
C00242,2,-0.88,-0.846,-1.708,0.434,0.979,-0.094,0
C00422,0,-0.037,-1.085,0.978,1.841,1.528,1.368,0
C00534,0,0.993,-0.569,-0.253,-0.117,-0.77,0.473,1
C00328,2,-0.286,0.84,-0.179,0.751,-0.515,-0.933,0
C00115,1,-2.926,-0.06,0.572,-0.385,2.784,-1.382,0
C00315,1,-0.365,-0.274,-0.657,-0.975,0.175,2.087,0
C00487,2,0.636,-1.783,-1.686,-0.535,0.696,-1.326,1
C00115,2,-2.003,-0.114,-0.173,-0.177,1.918,-1.516,0
C00544,5,-1.525,0.907,-0.714,-0.988,-0.334,-0.148,0
C00479,3,-0.101,-0.407,0.364,0.724,-0.026,-1.18,0
C00523,3,-0.18,1.24,-0.877,1.758,2.134,-2.027,0
C00393,0,-0.77,-0.115,1.838,-1.717,0.324,0.106,0
C00263,4,-2.415,0.062,0.959,-0.004,-0.517,-1.289,0
C00294,2,0.992,-0.63,0.282,-0.324,-1.705,0.289,1
C00231,2,-1.396,0.281,1.039,0.743,-0.479,0.324,1
C00407,0,0.584,-0.227,-1.862,0.613,-0.9,1.033,0
C00777,0,-1.31,-3.094,0.692,-0.091,-1.214,-0.43,0
C00156,1,-0.416,-2.096,0.311,2.79,-0.485,1.306,1
C00667,2,0.222,-0.005,1.672,1.338,1.308,-0.778,0
C00491,3,1.168,-1.297,-0.443,-1.245,0.502,-0.512,1
C00402,2,0.868,-0.844,0.924,-1.772,2.436,-1.181,1
C00123,3,1.471,-0.132,-0.183,-0.063,-0.218,1.586,1
C00760,2,-0.083,1.461,-0.307,-0.731,-1.351,0.154,0
C00008,3,1.248,-1.689,0.838,0.025,-0.436,2.442,1
C00241,0,0.739,0.056,-0.108,-0.069,0.815,-1.173,1
C00286,1,3.046,1.558,-1.267,1.319,1.029,0.305,1
C00499,2,1.329,2.134,-2.188,0.597,0.086,0.293,0
C00382,5,-1.043,1.145,-1.959,2.882,0.326,-2.094,0
C00179,1,-0.188,1.038,0.339,-1.035,0.801,-0.416,0
C00398,1,0.462,-0.755,-0.361,0.984,0.463,-1.471,1
C00682,1,0.678,1.487,-0.288,0.91,1.673,0.874,1
C00688,5,-1.229,-1.033,-1.084,-0.126,0.192,-0.631,0
C00353,0,1.429,0.354,0.048,-0.052,-0.482,0.684,1
C00740,2,-0.447,-0.405,-0.206,-1.429,0.268,0.466,1
C00092,2,-0.394,-0.012,0.314,-1.115,0.076,-1.053,0
C00745,1,2.022,0.581,-0.514,-2.352,-0.792,-0.07,1
C00677,3,-1.117,-1.215,-1.045,0.641,1.281,2.113,1
C00316,3,0.269,-1.487,-1.069,-0.456,-0.569,-0.88,0
C00675,1,0.058,-0.55,0.964,0.485,-0.644,-1.147,0
C00132,2,0.007,0.4,0.396,1.741,1.786,-0.158,0
C00747,2,-1.73,-0.409,-1.473,-0.048,1.656,0.604,0
C00399,5,0.802,0.814,-0.405,-1.255,0.386,-1.484,0
C00230,2,2.249,-1.15,1.247,-1.188,-0.676,0.386,1
C00172,2,1.586,0.971,-0.179,1.253,-0.277,0.037,1
C00727,5,-0.458,-1.075,1.07,1.417,0.939,-0.859,1
C00597,1,-0.632,-0.794,0.475,-2.202,0.074,0.526,1
C00171,0,0.208,0.454,1.198,-0.027,1.297,2.173,0
C00219,0,-0.938,0.746,-0.355,1.403,1.194,0.553,0
C00546,0,-1.268,0.68,1.124,-1.284,0.875,-0.62,0
C00305,3,0.542,0.444,1.773,-1.38,-0.907,0.624,1
C00164,1,2.038,-0.41,0.994,1.221,0.091,1.133,1
C00527,0,0.625,1.665,-0.505,-1.33,-0.212,-3.086,0
C00591,5,-0.421,0.9,-1.5,-0.042,0.578,1.366,0
C00539,4,0.054,-2.412,-0.984,-0.518,-1.785,-0.306,1
C00284,2,0.467,-0.211,-1.252,-1.223,2.138,-3.119,0
C00187,1,-0.637,1.199,2.442,-0.388,-1.139,0.669,0
C00727,2,-0.291,-0.288,0.685,1.363,1.148,-0.442,1
C00716,2,-0.219,-1.032,0.515,-1.517,-0.368,-0.126,0
C00729,2,0.81,-0.536,-0.477,1.1,-1.985,-3.247,1
C00602,3,-0.509,1.004,-0.684,-1.462,2.0,-1.944,0
C00016,4,-0.437,0.798,0.246,-0.642,-0.253,-2.044,0
C00164,2,1.882,-0.952,0.544,0.638,-1.153,1.44,1
C00601,2,-1.954,0.695,-0.071,-0.267,1.051,-0.742,0
C00245,4,0.559,-0.572,-0.295,0.07,-0.605,1.625,1
C00221,3,-0.298,0.784,0.741,0.404,0.57,1.827,0
C00764,1,-1.052,-1.938,0.155,-0.115,-1.578,0.247,1
C00029,0,0.718,0.75,1.203,-1.608,-1.003,0.284,0
C00190,2,-0.419,-0.849,0.382,-1.822,-0.522,0.451,0
C00245,2,0.127,-0.9,0.864,-0.083,0.234,0.355,1
C00465,1,-1.149,-0.856,0.225,0.17,1.851,-0.492,0
C00291,1,-0.327,0.079,0.519,-0.646,-0.395,0.105,0
C00110,4,0.911,2.153,-1.021,0.882,0.295,2.877,1
C00593,1,1.498,-0.379,0.424,0.728,0.568,-0.307,1
C00772,1,-0.162,-0.57,-0.156,0.122,-1.745,-0.598,0
C00623,1,0.171,2.014,-0.339,-0.34,-1.172,1.923,0
C00024,5,-1.922,-1.942,-1.175,0.713,-1.744,-1.141,0
C00401,0,0.261,-1.924,0.069,0.008,0.685,0.445,1
C00334,1,2.509,1.287,-1.042,-0.758,0.141,1.08,1
C00512,2,-1.268,-0.01,-2.122,0.338,1.549,-0.37,0
C00763,1,-0.915,-1.047,-0.695,-0.628,0.884,-0.069,1
C00380,5,0.953,0.097,0.755,-0.222,0.45,0.303,0
C00043,0,0.218,-0.537,0.086,-0.254,0.485,1.061,1
C00272,3,1.306,-0.188,0.826,0.305,0.833,1.665,1
C00322,2,-0.548,0.257,-0.15,0.765,-0.703,0.191,1
C00426,1,-0.487,0.089,-0.418,-0.936,-0.66,2.877,1
C00657,5,-2.282,0.296,-1.698,2.454,0.158,-1.565,0
C00056,3,0.302,-1.523,-0.528,0.059,-2.082,-0.869,1
C00776,4,-1.572,1.938,0.024,0.538,-0.536,-1.25,0
C00552,0,-2.242,-0.949,1.671,-0.343,-0.404,0.745,0
C00188,0,-0.059,-1.014,-0.722,-0.173,1.299,2.518,0
C00028,0,1.195,1.446,0.17,-0.018,0.082,0.345,1
C00667,1,-0.072,0.105,1.552,2.21,1.013,-0.861,0
C00187,3,0.352,2.308,1.969,-0.406,-1.747,0.504,0
C00182,0,0.657,-0.753,-0.085,1.601,-1.333,-2.002,0
C00196,3,0.741,0.681,-2.265,2.326,0.382,0.402,1
C00303,1,-0.235,-1.432,1.491,-0.02,0.39,-0.663,1
C00089,1,-2.061,-0.539,-1.032,0.537,-0.389,0.9,0
C00364,2,0.564,-1.446,1.041,-0.45,-0.022,-0.545,1
C00445,3,0.809,-1.051,0.354,1.154,-0.363,0.955,1
C00490,1,-0.217,0.158,0.601,-1.473,-0.67,-0.616,0
C00163,2,-0.855,0.394,-0.157,-2.095,-0.434,-1.254,0
C00103,3,0.858,-0.303,-0.426,-0.588,0.696,0.806,0
C00435,0,-0.862,1.234,-1.337,2.384,1.538,-0.819,0
C00574,1,0.419,0.836,0.136,1.366,-0.56,-2.667,1
C00281,2,0.514,1.372,-0.475,0.639,-1.885,-0.349,0
C00168,0,-1.436,0.243,-0.515,2.902,-0.097,-1.223,0
C00219,4,-0.831,1.161,0.899,1.311,0.146,0.487,0
C00421,1,0.161,0.824,0.413,2.164,-0.195,-0.269,0
C00379,0,-0.178,1.129,0.901,-0.37,-1.117,0.018,1
C00056,5,0.819,-2.486,-0.93,0.144,-1.345,-0.457,1
C00780,4,0.208,-0.019,0.688,0.2,0.087,-1.924,1
C00396,5,-0.573,-0.263,0.273,-0.828,-0.123,0.46,1
C00366,3,-0.12,0.141,1.955,0.585,-0.442,0.142,0
C00739,1,0.355,0.184,0.207,1.802,0.508,0.16,1
C00147,2,-0.445,1.022,2.563,0.272,1.404,-0.742,0
C00433,1,-0.238,-1.416,-1.275,-0.318,-1.748,-0.559,1
C00143,2,1.563,-0.611,0.818,-2.178,0.343,-1.729,1
C00544,4,-1.827,0.632,-1.172,-0.646,0.091,0.347,0
C00530,5,0.091,0.729,0.564,-0.645,-1.044,-1.264,1
C00276,2,0.981,-1.093,1.057,1.189,-0.978,-2.612,1
C00153,4,-0.534,-0.695,2.081,-1.226,-0.904,-1.448,1
C00539,0,-0.647,-0.937,-1.564,-0.776,-1.287,-0.529,1
C00283,3,1.352,1.068,-1.597,0.17,-0.656,1.843,1
C00130,2,-1.742,0.312,-1.655,-2.19,-0.982,-0.913,0
C00617,1,-2.348,-0.271,-0.225,-1.335,-0.301,1.971,1
C00617,0,-1.524,0.02,0.579,-2.151,-0.327,1.298,1
C00067,1,1.492,2.436,-1.315,0.035,-0.844,0.962,0
C00024,3,-1.855,-0.518,-1.21,0.441,-2.112,-1.367,0
C00614,0,1.467,0.272,0.598,-1.109,-2.947,0.327,1
C00282,3,0.638,2.156,-1.182,0.689,0.498,-0.13,0
C00508,0,0.674,0.279,-0.328,1.171,-0.473,0.702,1
C00687,5,-0.323,1.206,0.797,-0.715,0.739,1.719,0
C00377,4,-0.708,-0.367,-0.387,-1.289,0.378,0.335,1
C00423,0,-0.835,-0.409,0.541,1.815,0.531,-0.05,0
C00210,0,-0.031,-0.362,1.028,-1.168,0.672,-1.384,0
C00721,0,1.606,0.894,0.767,1.143,-0.711,-0.775,1
C00274,5,-1.196,-1.189,2.259,0.884,0.275,0.205,0
C00184,0,1.575,1.091,-1.267,0.32,0.166,0.207,1
C00045,0,2.007,-1.65,0.161,0.904,1.071,-1.013,1
C00084,2,-0.135,-1.988,0.537,0.028,-0.635,1.631,0
C00005,2,-1.382,-0.584,-0.386,2.517,-0.083,2.383,1
C00455,1,0.651,0.646,1.102,1.24,-0.304,-1.703,1
C00165,5,3.252,1.002,1.374,-1.548,0.696,-0.821,1
C00104,1,0.835,-1.435,-0.413,-0.749,-0.287,1.255,1
C00340,1,0.736,0.53,-1.768,-0.074,0.167,-0.514,0
C00302,4,2.467,-1.112,0.347,2.197,-0.065,-0.25,1
C00201,4,-1.057,-0.25,-0.031,0.257,1.578,0.405,0
C00367,2,1.528,0.2,0.515,-0.126,-2.906,1.098,1
C00776,1,-1.588,0.561,1.073,0.07,-0.079,-0.128,0
C00136,2,-0.245,0.138,-0.765,1.145,-0.466,1.525,0
C00683,2,1.811,0.042,1.31,0.069,-0.688,0.116,0
C00486,2,1.275,0.966,0.425,-2.248,0.408,-1.208,0
C00684,4,1.346,-1.062,-1.509,1.076,0.713,-0.871,1
C00548,0,0.127,0.045,0.016,-0.632,0.124,-1.32,0
C00027,0,1.455,2.395,-1.468,-1.687,0.049,0.462,1
C00060,2,0.262,0.801,0.317,-1.234,0.19,1.327,1
C00655,2,1.152,0.039,-0.677,-0.039,-0.002,0.497,1
C00123,2,0.085,-0.491,-0.895,-0.22,0.099,1.381,1
C00204,3,-0.17,0.599,-0.031,-1.729,0.308,-0.176,0
C00663,3,-0.598,-0.483,-0.234,-1.265,1.628,1.727,1
C00215,4,1.133,0.489,0.306,-0.526,0.123,1.626,1
C00438,2,1.058,1.255,-0.037,-0.158,-0.669,0.476,0
C00202,2,1.088,0.169,2.153,0.789,0.626,0.067,0
C00732,1,-1.218,-0.766,-1.62,-1.406,0.055,-0.803,1
C00752,2,2.099,-1.251,1.45,-0.67,-1.572,-0.061,1
C00569,1,0.997,-1.105,-0.006,-1.326,0.826,0.786,1
C00159,0,0.495,-0.934,-0.058,-0.935,0.664,-1.237,1
C00550,2,-0.764,-1.449,0.075,0.887,-1.186,-0.65,1
C00494,4,2.422,0.425,-1.048,-0.687,1.922,0.982,1
C00425,0,-1.144,1.444,0.323,0.074,1.62,-1.573,0
C00228,2,-0.991,-1.248,-1.12,2.039,0.863,0.154,1
C00131,3,-1.067,0.572,0.631,-0.968,-0.864,1.11,0
C00595,4,-0.375,-0.076,0.231,-0.107,-0.941,-2.354,0
C00236,2,0.558,0.951,0.612,-0.497,-0.052,-0.136,1
C00222,0,1.778,0.5,-0.329,0.574,0.44,-1.419,1
C00528,1,0.81,0.821,-1.026,1.868,-0.291,0.915,0
C00632,2,-0.06,-0.855,-1.682,0.998,-0.955,0.796,1
C00416,0,-1.23,0.812,-0.876,0.058,0.356,0.04,0
C00567,5,0.864,-1.143,-0.651,1.344,0.335,-0.348,1
C00336,1,0.005,-0.724,1.069,-1.828,-0.981,-1.221,0
C00143,0,1.515,-0.083,1.014,-1.575,0.26,-1.45,1
C00431,2,-0.116,0.2,1.05,-0.807,1.04,-0.654,0
C00604,4,0.763,0.225,-0.461,1.05,0.037,0.525,0
C00452,3,0.421,-0.833,-1.958,-0.301,1.577,1.039,1
C00536,5,1.418,1.948,0.364,-0.811,-0.8,-0.849,1
C00146,0,0.72,-1.157,1.804,-0.355,-1.324,2.326,1
C00733,0,0.298,0.322,-0.371,-1.335,-0.202,-1.149,1
C00195,0,0.049,-0.991,-0.809,-1.975,-1.14,-0.812,1
C00540,0,1.32,1.849,-2.038,0.357,-0.046,1.153,0
C00073,2,-0.907,-0.285,-0.001,-1.545,0.701,0.006,1
C00600,0,0.571,-2.418,0.04,0.286,0.306,-1.701,1
C00695,3,1.653,-0.481,-0.017,-0.256,-0.973,-1.431,1
C00511,1,0.144,-1.386,0.685,-0.856,1.019,-0.798,0
C00414,1,-2.335,0.074,-1.197,0.838,0.858,0.732,0
C00400,1,-0.917,-0.417,1.536,-0.172,-0.191,1.018,0
C00634,5,-1.46,-0.724,1.171,2.147,1.875,-0.29,0
C00282,4,0.869,2.69,-1.557,0.168,0.294,-0.53,0
C00113,0,1.17,-0.248,0.507,1.159,0.965,0.932,1
C00559,0,1.626,-1.085,-0.735,-0.369,0.905,-1.438,1
C00306,5,0.186,0.8,-1.987,-0.784,1.591,0.047,1
C00168,4,-1.64,-0.473,-0.854,2.274,-0.228,-1.147,0
C00422,2,-0.797,-0.546,0.083,1.075,0.98,0.446,0
C00554,2,-0.709,-0.047,0.449,-0.094,-0.101,-0.679,0
C00456,3,-0.158,-1.277,-1.221,-1.118,1.518,1.089,1
C00201,1,-1.451,-0.014,-0.738,0.342,0.827,-0.088,0
C00485,1,0.35,-0.727,0.913,-0.697,-0.261,-0.592,1
C00692,0,0.586,-1.123,-0.665,1.036,-0.193,2.029,1
C00729,4,-0.319,0.052,0.365,0.436,-2.554,-1.896,1
C00185,3,-1.573,0.473,1.389,0.392,-0.65,-1.527,0
C00056,2,0.696,-2.418,-0.4,-0.49,-1.529,-0.532,1
C00233,3,-0.248,-0.287,0.246,0.7,0.288,0.392,1
C00347,0,1.277,1.4,0.202,-2.458,-0.07,1.195,0
C00683,1,1.728,-0.821,1.224,-0.248,-0.546,-0.202,0
C00568,2,0.644,-1.537,1.197,-0.23,-0.051,0.865,1
C00022,1,0.275,0.162,-0.989,-0.044,-0.026,0.651,1
C00778,0,0.099,-0.488,0.519,0.453,-2.145,1.191,0
C00697,1,-0.374,-0.136,1.339,1.098,-1.39,-0.205,1
C00241,3,1.649,-0.543,-0.074,0.444,0.764,-0.35,1
C00651,0,-2.157,0.019,-0.657,-0.465,-2.111,-0.319,0
C00161,1,1.601,-0.803,-1.258,-0.124,1.212,0.099,1
C00317,3,0.499,0.544,0.75,-1.203,0.851,-1.042,1
C00711,3,-0.165,1.389,-0.102,0.259,1.289,0.488,0
C00049,4,1.591,1.146,0.546,-0.347,1.234,0.206,1
C00568,1,1.308,-1.754,0.404,-0.262,-0.352,0.518,1
C00471,2,-1.053,0.997,-0.508,-0.046,0.443,-0.103,0
C00489,1,0.933,0.105,-0.949,0.912,-0.654,1.616,1
C00736,3,0.633,-0.031,0.211,-1.171,-0.377,-1.091,0
C00662,3,-0.437,-2.843,0.309,-0.28,-1.309,-0.606,1
C00477,1,0.843,-2.66,-0.353,1.265,1.678,-1.163,0
C00483,2,0.359,0.509,-1.084,0.225,1.162,-2.712,1
C00434,3,-0.971,-0.456,-1.018,0.078,0.467,0.948,1
C00513,5,-1.372,0.996,0.042,0.25,1.387,0.288,1
C00669,0,0.263,1.386,-1.016,0.484,-0.398,1.356,0
C00257,3,2.87,-1.463,-1.76,-0.402,-2.447,-0.969,1
C00547,4,0.062,-0.314,-0.433,-1.323,-1.206,-0.278,1
C00383,3,1.256,1.547,0.961,1.298,0.029,-1.497,0
C00202,1,0.944,-0.745,1.592,0.242,0.624,0.024,0
C00042,4,1.113,0.218,-1.481,0.458,0.133,-1.258,0
C00039,2,1.859,0.546,-0.699,1.511,0.112,1.174,1
C00106,0,0.355,-0.18,-1.103,-0.742,-0.16,-0.845,1
C00388,2,-1.297,0.276,1.019,-0.247,1.179,-1.058,0
C00096,0,-2.038,0.352,-1.243,-1.764,2.066,-0.172,0
C00050,4,0.124,0.05,1.443,-0.2,0.692,-1.208,1
C00134,2,-1.039,-0.588,-1.609,0.808,-1.599,-0.565,1
C00620,2,-1.588,-0.179,-0.617,-1.02,-0.842,0.01,0
C00684,0,1.555,-1.158,-1.246,1.639,0.297,0.087,1
C00690,4,1.355,-0.017,-0.19,2.621,1.219,0.628,1
C00263,2,-2.213,0.492,0.751,1.205,-0.36,-2.329,0
C00717,4,1.003,-1.222,1.064,-0.01,1.364,0.761,1
C00658,0,-1.519,1.009,0.533,1.653,2.009,0.556,0
C00558,1,1.216,1.218,-0.932,0.308,2.576,-0.375,0
C00797,1,-0.479,-0.988,-1.093,1.827,0.931,-0.628,0
C00022,2,1.107,0.554,0.023,-0.617,0.959,0.164,1
C00241,1,1.246,-0.438,1.173,-0.012,0.221,0.245,1
C00295,2,0.617,0.98,0.446,-0.831,-0.98,0.805,1
C00351,2,-0.104,-0.203,0.625,-1.31,-1.011,0.391,1
C00093,0,0.882,1.635,0.144,-1.066,-0.792,-0.619,0
C00756,3,-1.529,0.929,-0.142,-0.031,2.024,0.722,0
C00721,1,0.952,0.68,0.48,0.998,-0.447,-1.099,1
C00475,2,-0.919,0.655,1.155,0.349,-0.14,-0.487,0
C00437,3,1.023,-2.226,-0.603,-0.485,-0.714,1.879,1
C00210,1,-0.238,0.287,1.113,0.127,0.358,-1.086,0
C00557,1,-0.239,-0.683,-0.064,-0.413,0.127,-0.181,1
C00732,5,-1.235,-0.84,-0.603,-1.721,-0.232,0.011,1
C00332,0,1.784,-0.053,-1.51,1.57,1.281,-0.062,1
C00180,2,0.062,-0.995,-0.407,-0.263,0.085,-2.164,0
C00100,1,1.47,-1.0,0.665,0.548,-0.757,-1.713,1
C00623,2,0.322,1.788,-0.218,-0.534,-1.549,2.022,0
C00207,2,-1.919,0.569,-1.573,-0.097,1.563,1.325,0
C00065,0,-0.084,0.939,-0.686,-1.308,2.852,-1.366,0
C00685,3,-0.539,0.745,0.377,-0.119,-2.814,-1.0,0
C00253,3,0.878,1.115,1.116,1.315,0.742,-1.823,1
C00148,2,1.004,-0.111,-0.55,-0.862,2.064,1.258,0
C00480,0,-0.098,1.363,0.449,0.871,1.537,-0.619,0
C00029,3,0.566,1.296,0.776,-1.487,-1.538,-0.09,0
C00502,4,0.02,1.566,-0.836,-1.225,0.824,-0.699,1
C00574,0,0.473,1.06,0.019,1.614,0.076,-1.884,1
C00598,2,2.041,-1.073,-1.293,-0.27,-0.55,0.968,1
C00008,0,1.274,0.22,0.637,1.15,-1.376,2.445,1
C00759,2,0.652,-1.308,0.61,-0.475,0.276,-0.945,1
C00280,3,1.69,-1.298,-1.69,1.511,-0.724,0.196,1
C00732,4,-1.201,-0.498,-1.145,-1.399,0.313,0.173,1
C00365,1,-1.866,-0.854,1.761,0.737,0.614,1.059,0
C00466,0,-1.543,-2.423,0.726,0.138,-1.842,0.084,1
C00774,0,0.735,1.021,-1.344,-0.822,1.507,-0.136,1
C00456,4,0.136,-2.095,-0.537,-0.55,1.34,0.578,1
C00371,1,-0.913,-0.381,0.394,0.119,1.382,1.508,1
C00517,1,-1.327,0.274,1.773,0.145,0.344,1.049,0
C00357,2,0.324,0.227,1.136,-1.636,0.983,-0.909,0
C00316,5,0.682,-0.987,-0.748,-0.794,-0.271,-0.847,0
C00346,3,-0.027,0.253,1.669,0.576,0.06,0.338,1
C00084,0,0.293,-1.094,0.804,1.317,-1.076,2.14,0
C00309,2,0.64,-1.968,2.033,-0.927,0.532,-1.694,1
C00524,3,1.304,0.491,-1.262,-2.491,-0.942,-1.692,1
C00416,3,-1.852,0.627,-1.546,0.852,-0.049,-0.795,0
C00689,4,0.577,-1.468,-1.067,2.47,2.445,-0.423,0
C00052,2,0.436,0.617,-0.685,0.778,0.827,0.962,0
C00674,1,0.796,-1.15,1.611,-0.431,-1.53,0.752,1
C00077,0,-0.258,0.884,-1.055,1.192,0.018,0.152,1
C00059,0,0.575,0.333,0.887,-1.082,-0.764,0.524,1
C00751,2,1.873,0.614,0.803,-0.58,-0.981,1.568,1
C00583,2,-3.557,0.439,-1.478,0.144,0.989,1.26,0
C00048,3,-0.004,0.827,0.534,-0.897,0.123,-0.012,0
C00134,3,-2.176,-1.366,-1.007,1.583,-1.459,-0.472,1
C00728,1,-0.003,1.304,0.753,-1.964,2.089,0.671,0
C00368,2,-1.738,-0.716,1.193,0.001,-2.229,1.623,0
C00071,0,-1.676,-0.208,1.669,-1.679,1.333,-0.53,0
C00208,2,-0.234,-1.441,0.493,1.707,-0.193,-0.305,1
C00172,0,1.228,0.475,-0.47,1.563,-0.425,0.795,1
C00459,1,-1.286,-0.195,-1.94,-1.802,1.508,-1.201,0
C00014,1,0.302,0.298,-1.003,0.024,0.041,-0.523,1
C00221,1,-0.357,0.835,0.01,0.43,1.008,1.195,0
C00265,0,0.36,-1.142,0.35,1.946,2.035,-0.576,1
C00739,3,-0.189,0.56,0.354,1.142,0.312,0.3,1
C00272,2,1.329,0.324,1.616,0.175,0.854,2.655,1
C00297,1,-1.74,1.129,-0.923,-0.061,-0.591,0.255,0
C00569,3,1.352,-0.627,0.091,-1.228,0.38,-0.043,1
C00525,3,0.585,0.235,-0.582,0.837,0.236,1.682,1
C00428,3,-0.617,-0.037,-0.921,1.926,-0.765,0.885,0
C00382,2,-0.433,0.504,-1.162,1.664,-0.013,-1.543,0
C00454,3,0.633,-0.101,-0.376,1.236,-0.292,0.209,0
C00346,2,0.31,0.614,2.954,-0.147,0.284,1.016,1
C00698,3,-0.704,1.736,-0.159,-0.167,-1.145,-0.089,0
C00362,0,0.445,0.791,0.874,-0.902,-1.741,0.953,0
C00742,2,-0.023,1.345,1.482,-2.027,0.047,-1.805,1
C00139,4,-2.041,0.543,-0.757,1.065,0.323,0.557,0
C00442,4,-0.233,-0.464,-0.315,-0.179,1.336,-1.123,1
C00173,0,-0.097,0.046,1.466,-0.208,-1.586,-0.428,0
C00113,4,0.451,-0.345,0.659,-0.091,0.779,0.451,1
C00363,0,-1.428,-0.972,-0.184,1.479,-0.032,-1.399,0
C00354,3,1.133,-0.53,0.305,0.004,0.23,0.267,1
C00435,1,-1.113,0.521,-0.041,1.939,1.363,-1.058,0
C00626,0,0.344,0.641,-0.504,-2.12,-0.302,-0.166,0
C00342,2,-2.144,-0.916,1.814,-0.183,-0.496,0.763,1
C00242,1,-1.114,-0.876,-1.859,0.332,0.938,-0.506,0
C00226,2,0.16,0.779,-0.464,-0.367,0.139,0.011,1
C00431,0,-0.295,-0.606,0.443,-1.293,1.161,-0.682,0
C00334,2,2.076,0.445,-1.198,-1.317,-0.107,1.022,1
C00276,0,0.821,-1.269,1.563,1.47,-1.503,-2.277,1
C00659,3,-0.385,-0.973,2.144,-0.517,-1.227,-0.063,1
C00029,4,0.961,1.291,0.463,-1.635,-1.74,0.165,0
C00001,4,-0.438,0.297,-0.488,-0.059,-3.265,1.043,0
C00619,3,-1.293,-0.463,0.255,1.322,-0.158,-0.747,0
C00394,1,-0.318,1.952,-0.21,-1.371,-1.084,0.451,0
C00456,2,-0.283,-1.048,-0.688,-0.838,1.11,-0.036,1
C00033,1,1.053,1.901,-0.561,-0.533,-1.314,0.201,1
C00694,5,0.073,0.588,-0.616,-0.03,1.209,-0.437,0
C00397,3,0.096,-2.655,0.03,0.164,0.098,1.853,0
C00247,0,0.283,-0.723,0.104,-0.128,0.235,0.756,1
C00618,2,-0.975,1.344,0.338,0.816,0.94,-0.149,0
C00077,2,-0.103,0.907,-0.261,1.31,0.15,0.597,1
C00105,5,-1.2,-0.133,0.701,-0.585,-0.985,-0.325,0
C00264,0,0.796,-1.115,0.665,0.459,-0.067,0.177,1
C00002,3,-0.225,-0.678,-0.043,0.217,0.425,0.013,1
C00273,3,-2.286,1.08,0.465,-0.92,0.179,-0.375,0
C00394,0,0.14,2.158,-0.698,-0.557,-0.333,0.356,0
C00456,1,0.394,-1.354,-0.866,-0.339,0.904,0.376,1
C00081,5,-0.123,1.703,-1.101,1.727,-0.751,1.838,0
C00378,3,1.453,-0.558,-0.233,-0.627,-0.258,-1.478,1
C00600,1,0.255,-2.139,0.308,-0.688,0.878,-1.124,1
C00768,1,0.758,0.229,-2.757,0.0,0.307,-0.517,1
C00166,4,-0.834,0.556,-0.305,0.835,-1.167,1.404,0
C00236,4,0.464,1.307,0.807,-0.444,-0.089,-0.413,1
C00472,0,-0.82,-0.468,-0.533,0.403,0.933,1.784,0
C00690,5,1.409,-0.393,0.327,1.834,1.206,-0.003,1
C00651,4,-1.594,0.599,-1.349,-0.668,-1.681,0.36,0
C00235,1,-0.046,-0.398,0.876,0.479,-0.558,1.994,0
C00472,3,-1.636,-0.384,-0.306,0.279,0.848,1.18,0
C00413,2,0.169,-0.89,-0.11,0.454,0.105,-0.882,1
C00215,1,1.101,0.453,0.057,0.139,-0.628,2.263,1
C00767,1,-1.154,1.508,1.244,1.201,-0.54,0.488,0
C00012,0,-0.266,0.992,0.93,-2.206,-0.92,0.234,1
C00572,0,1.76,1.414,-1.716,0.903,0.464,1.149,1
C00214,1,0.19,2.936,-1.028,2.016,1.933,0.043,0
C00699,2,-0.809,-0.5,0.73,-1.488,-1.302,-1.358,0
C00240,0,1.849,-0.569,1.625,0.755,0.864,2.185,0
C00325,3,-0.041,0.708,0.468,0.505,0.02,0.719,0
C00608,0,0.662,-0.591,1.172,-0.085,1.142,1.054,0
C00468,0,-0.636,0.375,-0.571,0.638,1.368,-1.408,0
C00796,5,-0.727,-0.212,-0.681,-0.571,0.4,0.101,1
C00787,1,-0.781,-0.75,-0.504,-1.393,-0.975,1.171,1
C00712,0,-1.8,0.849,0.675,-0.3,0.029,-0.623,0
C00563,0,1.308,-1.601,-1.27,0.526,1.581,-0.112,1
C00096,2,-1.583,-0.54,-1.246,-1.439,2.261,-0.333,0
C00469,1,0.994,1.646,-1.379,-0.509,0.471,0.896,0
C00104,0,0.861,-0.541,-0.367,-0.253,-0.73,1.692,1
C00791,0,1.837,0.732,-0.826,-1.465,2.239,-0.757,0
C00249,1,0.458,1.003,-0.251,-1.077,-1.948,-0.17,1
C00157,1,-0.981,0.545,-1.226,0.182,0.37,1.145,0
C00317,5,0.243,1.22,1.01,-0.617,0.214,-1.175,1
C00516,1,-0.962,1.189,2.586,0.097,0.042,1.126,0
C00729,3,-0.503,0.028,0.0,0.455,-2.334,-2.971,1
C00001,2,-1.393,0.818,-0.766,-0.555,-2.768,1.346,0
C00306,1,0.178,0.922,-1.5,-0.125,1.941,1.333,1
C00025,3,0.289,-0.307,0.913,-0.976,1.92,-0.815,0
C00404,0,1.647,-1.347,-1.019,-0.769,-0.55,1.493,1
C00155,2,0.178,0.46,0.879,1.065,1.115,1.651,1
C00377,5,-0.831,-0.127,-0.476,-0.969,0.707,0.021,1
C00385,0,1.016,1.337,0.388,0.528,-0.474,0.704,0
C00084,1,1.166,-1.261,0.422,0.433,-0.331,2.367,0
C00541,4,-1.885,-2.324,-1.512,-1.609,-0.831,0.085,1
C00045,5,1.471,-1.396,0.693,1.017,1.271,-1.386,1
C00219,1,-1.024,0.359,0.701,1.289,0.128,0.685,0
C00646,4,0.517,-0.286,0.927,0.418,-1.903,0.345,1
C00275,0,0.488,0.496,0.13,-1.017,0.704,2.093,0
C00231,1,-0.608,0.101,0.959,0.673,-0.277,0.195,1
C00011,4,0.152,0.233,0.006,0.231,-1.261,-1.362,0
C00125,0,-1.206,0.571,0.727,-1.891,0.362,-0.772,1
C00180,3,-0.548,-0.831,0.199,-0.163,0.847,-2.394,0
C00712,1,-2.472,0.674,1.923,0.04,-0.59,-1.427,0
C00154,1,1.116,-0.352,-1.392,-1.418,0.205,-0.893,1
C00681,3,-0.328,1.013,0.967,0.598,-0.072,1.532,0
C00054,3,1.001,-0.52,-0.304,0.655,-0.673,0.246,1
C00607,5,-1.62,-1.181,0.856,-1.033,0.485,-2.826,0
C00385,4,0.544,1.674,0.297,0.218,-0.206,1.232,0
C00773,0,-1.386,-0.408,-0.449,-0.349,-0.027,1.083,0
C00286,4,2.934,0.538,-0.971,1.189,0.943,0.853,1
C00261,0,0.843,-0.737,0.027,0.893,-0.798,-2.468,1
C00676,1,-1.368,-0.696,0.476,-1.957,0.225,0.138,0
C00253,1,0.252,0.474,0.963,0.206,1.318,-1.236,1
C00157,3,-1.907,1.274,-0.725,0.375,0.068,0.954,0
C00228,0,-0.091,-1.228,-0.283,1.78,1.254,0.215,1
C00082,4,2.473,0.651,2.653,-0.39,-0.075,2.188,1
C00130,0,-1.18,0.147,-1.579,-2.131,-1.209,-1.412,0
C00751,4,1.53,-0.244,1.042,-0.565,-0.307,0.618,1
C00393,3,0.004,-0.457,2.487,-0.335,-0.066,0.379,0
C00766,3,-0.974,-1.452,-1.485,-1.46,0.527,1.391,1
C00723,1,-1.762,0.439,-0.694,-0.016,-1.518,0.871,0
C00598,0,1.924,-1.39,0.055,-0.182,-1.264,1.688,1
C00520,0,1.475,-0.331,-0.566,1.681,0.697,-0.823,1
C00590,0,-1.393,-0.541,-1.044,-0.143,-0.602,-0.676,1
C00188,5,-0.289,-1.349,-0.99,0.589,1.46,2.648,0
C00337,0,0.956,-1.252,-0.719,0.641,0.848,-0.127,1
C00757,2,-1.39,0.287,-0.632,1.433,1.298,-0.223,0
C00645,0,0.635,0.348,-1.128,-1.175,0.945,0.018,0
C00778,1,0.431,-0.275,-0.222,0.87,-2.601,1.51,0
C00715,4,-0.437,1.305,-2.968,0.564,0.788,-0.864,0
C00521,4,1.192,0.426,-0.249,0.487,-0.461,1.11,0
C00235,2,-0.068,0.364,1.508,0.426,-0.758,1.598,0
C00181,4,-0.504,1.097,-0.341,-0.165,-0.681,0.579,1
C00668,1,-1.322,0.403,-0.744,0.19,0.06,-1.236,0
C00720,5,-0.552,1.485,-0.211,-1.872,0.779,-1.417,1
C00565,3,0.263,-0.22,0.607,0.427,-0.058,0.976,1
C00099,1,-0.784,-1.18,0.188,-0.973,1.213,2.678,0
C00010,4,-0.526,3.247,0.613,1.444,-0.594,2.066,0
C00551,2,0.691,0.727,0.265,-0.729,-1.032,0.084,0
C00004,0,-0.821,-0.68,-0.512,-0.286,-0.49,0.224,1
C00316,1,0.102,-1.338,0.351,0.005,0.074,-1.124,0
C00687,1,-0.047,1.302,1.319,-0.232,-0.345,0.866,0
C00559,2,1.958,-1.57,-1.192,-0.303,1.351,-0.891,1
C00040,1,0.156,1.378,-1.208,-0.952,-0.603,0.444,1
C00270,0,-0.365,-0.602,-0.25,-0.399,-0.055,1.71,1
C00517,0,-1.092,0.437,1.225,-0.802,-0.405,1.23,0
C00243,0,-1.032,0.078,-0.786,1.678,1.361,-1.191,0
C00722,2,1.331,-1.475,1.266,0.434,-0.046,0.446,0
C00271,0,-0.432,-0.729,0.347,-1.927,0.392,0.515,1
C00055,2,-1.623,1.057,-0.319,0.933,-0.771,0.041,0
C00575,4,-0.311,-0.498,0.207,-0.864,-0.265,2.876,0
C00591,1,-0.141,0.569,-0.293,0.13,1.143,1.234,0
C00324,0,-0.919,0.627,-1.155,0.935,0.916,1.876,1
C00651,2,-1.63,0.321,-0.746,-0.562,-1.464,-0.491,0
C00458,2,1.163,0.03,-0.162,1.393,0.155,1.278,1
C00695,2,1.186,-0.358,0.224,0.009,-0.631,-1.459,1
C00616,4,-1.277,1.139,-1.064,-0.615,0.835,0.587,0
C00068,2,0.741,1.122,-0.679,-1.251,0.726,0.617,1
C00127,4,-0.197,-0.771,0.88,-0.973,-0.627,0.607,0
C00526,5,0.722,0.945,1.994,0.054,-1.458,0.901,0
C00756,2,-0.709,0.367,0.752,0.605,1.942,0.041,0
C00498,2,-0.051,0.114,-0.19,1.626,1.565,0.246,1
C00010,0,0.835,2.974,0.745,1.095,-0.521,1.755,0
C00368,1,-1.874,-1.067,1.957,0.188,-2.065,1.561,0
C00178,1,-0.052,-0.341,0.914,-1.08,-0.642,-1.612,0
C00693,3,-0.988,0.063,-0.119,1.007,0.912,1.34,0
C00046,2,1.137,0.176,-0.583,0.621,0.37,-0.393,1
C00129,1,-2.494,-0.706,0.387,-1.265,-0.778,-1.263,0
C00630,3,1.283,-2.715,-1.535,0.33,-0.354,1.249,1
C00580,5,-0.973,0.192,-1.527,-0.967,1.484,-0.208,0
C00274,3,-1.384,-0.732,2.213,0.374,0.859,0.222,0
C00686,0,-1.051,1.65,0.649,0.804,-0.421,-0.638,0
C00183,3,0.245,0.64,-1.648,-0.793,2.192,-0.124,1
C00516,2,-0.985,0.458,2.861,0.085,-0.598,1.414,0
C00372,2,1.085,0.209,-2.142,0.524,-1.601,0.155,1
C00151,1,0.537,0.295,-1.934,0.997,0.195,-2.001,1
C00351,1,-1.118,-0.057,0.423,-0.75,-1.38,1.147,1
C00214,2,0.412,2.584,-1.306,0.924,2.228,-1.107,0
C00102,1,0.316,-1.165,1.011,-0.463,0.011,-0.92,0
C00292,1,2.046,0.663,-0.812,-1.426,-0.426,-1.045,1
C00255,0,0.327,-0.467,0.375,0.179,-0.35,0.681,1
C00061,2,0.526,-0.876,1.598,-0.791,0.944,-0.031,1
C00272,0,0.853,-0.599,1.536,0.274,0.364,3.177,1
C00531,2,1.666,-0.447,0.896,0.291,0.824,0.078,1
C00563,2,0.736,-1.914,-1.771,0.564,1.768,-1.261,1
C00329,4,-1.232,0.242,-0.16,0.528,-1.226,0.735,1
C00421,2,0.573,0.764,-0.307,2.896,-0.137,0.389,0
C00273,2,-2.389,0.916,1.306,-1.066,0.031,0.098,0
C00020,1,-2.414,-1.576,-0.632,0.769,-2.028,-0.804,1
C00245,3,0.878,-0.793,-0.026,-0.253,0.106,-0.075,1
C00440,1,2.174,0.388,1.283,0.028,-1.862,-0.945,1
C00689,2,0.762,-1.538,-0.083,2.201,2.008,-1.423,0
C00693,0,-0.398,0.473,-1.224,1.723,0.315,1.538,0
C00176,2,0.852,0.356,0.358,-0.324,-0.822,-0.593,0
C00348,1,-0.527,-0.56,1.02,-0.088,-0.248,0.648,0
C00715,3,-0.49,1.727,-2.537,1.0,0.819,-1.805,0
C00061,1,0.42,-1.339,1.523,-0.625,1.279,0.199,1
C00122,0,-0.272,1.053,0.012,2.386,0.413,0.353,1
C00492,3,-0.839,0.268,1.379,-0.597,0.38,-0.318,0
C00757,0,-0.425,-0.551,-0.1,1.026,0.98,-0.899,0
C00496,1,0.699,-0.594,1.864,-1.07,-0.15,1.008,1
C00788,0,0.731,-0.484,-1.228,-1.744,0.588,0.016,0
C00067,2,1.82,1.497,-1.008,-0.215,-0.295,-0.213,0
C00405,3,-0.158,-0.624,0.469,0.336,0.244,-0.399,0
C00205,2,-1.601,-1.035,0.88,-0.658,-0.479,-0.914,0
C00027,1,0.936,2.805,-1.751,-1.241,0.149,0.18,1
C00447,4,0.745,-0.101,0.184,-1.61,-1.617,-0.818,1
C00783,2,2.331,1.004,1.199,0.67,-0.589,1.034,1
C00377,1,-1.362,-0.672,-0.698,-1.073,0.973,0.736,1
C00587,1,0.092,0.42,-0.776,-0.01,-1.414,-0.49,0
C00132,4,-1.178,0.135,-0.543,0.734,1.587,-0.353,0
C00747,1,-0.66,0.141,-1.049,0.38,1.889,0.392,0
C00246,2,-2.337,-0.282,-0.614,0.496,-0.805,-0.905,0
C00312,0,-0.758,-0.763,0.872,0.171,0.721,0.058,1
C00417,3,-0.468,1.047,0.037,-1.18,0.79,1.517,0
C00743,2,2.31,-0.619,0.392,0.237,-0.732,0.057,1
C00211,4,0.319,-1.814,-1.848,1.873,0.41,1.454,1
C00348,2,-1.445,0.524,0.54,-0.812,-0.57,0.55,0
C00466,1,-1.702,-1.493,0.265,-0.416,-1.872,0.552,1
C00221,4,-0.43,-0.015,0.673,1.222,1.077,-0.019,0
C00562,3,-2.945,0.182,-0.644,-1.962,-1.338,-1.026,0
C00325,1,0.054,0.367,0.277,0.533,0.393,0.646,0
C00002,1,-0.043,-0.365,-0.518,-0.042,-0.436,0.456,1
C00396,4,0.35,-0.294,0.535,-0.617,-0.327,0.029,1
C00419,0,0.489,0.067,-1.075,-0.451,1.259,-1.008,0
C00694,1,-1.089,-0.247,-1.376,-0.279,1.037,-0.657,0
C00773,3,-2.037,0.584,-1.147,-0.679,-0.227,0.664,0
C00514,4,-0.284,0.723,-0.902,-0.133,0.703,-0.247,0
C00096,4,-1.134,-0.586,-1.286,-1.61,1.838,0.257,0
C00780,1,0.915,0.214,0.626,0.154,0.206,-1.322,1
C00578,2,-1.325,0.534,-0.836,0.132,0.237,1.235,0
C00032,1,-0.027,-0.913,0.724,0.124,1.849,0.937,0
C00443,4,0.367,0.471,1.34,-0.962,0.011,0.311,1
C00649,3,1.235,1.223,-2.191,-0.08,-1.311,-0.139,1
C00110,2,0.921,2.093,-1.261,0.594,0.739,2.335,1
C00276,1,0.684,-1.02,1.405,2.258,-1.515,-2.613,1
C00668,5,-1.007,0.299,-0.438,1.046,-0.066,-1.332,0
C00779,0,0.824,-0.867,0.478,2.513,0.049,-0.446,0
C00003,4,0.205,-1.316,0.981,0.658,0.909,0.027,1
C00410,1,-2.11,-0.438,-0.01,-0.286,0.253,-1.037,0
C00042,0,0.0,1.215,-1.544,0.119,0.164,-1.366,0
C00461,1,0.464,-0.267,1.05,0.419,2.309,1.627,1
C00755,3,0.896,0.559,-0.439,0.843,-0.163,-2.211,1
C00323,1,0.335,-1.724,0.007,-1.829,0.308,0.967,0
C00590,3,-1.137,-0.442,-0.361,0.032,-0.549,-0.923,1
C00141,3,-0.467,0.707,-1.215,-0.399,-1.532,0.778,0
C00638,2,-0.402,1.568,-1.227,-1.421,-0.56,0.695,0
C00339,2,-0.392,0.925,1.398,-2.358,0.249,-0.468,1
C00169,5,0.044,0.723,0.685,0.388,-1.062,-1.306,0
C00009,2,0.236,1.32,0.818,0.675,-0.631,-0.743,0
C00794,3,-0.297,-0.039,-0.401,-1.24,0.967,-1.495,0
C00559,1,0.994,-0.625,-0.419,-0.765,-0.019,-0.998,1
C00491,0,0.94,-1.285,-0.82,-1.393,0.019,-1.554,1
C00547,0,0.199,-0.438,-0.456,-1.186,-0.707,-0.794,1
C00267,2,0.96,-0.085,-1.531,-1.528,-0.569,-0.148,1
C00451,3,0.755,-0.566,-0.796,0.915,-1.418,-2.064,0
C00330,1,-0.369,1.156,-0.517,0.918,-0.964,1.209,0
C00318,1,0.167,-0.866,-0.059,0.558,0.027,-1.318,1
C00358,2,-0.381,1.879,-0.074,-2.032,0.066,-0.832,0
C00348,0,-0.968,0.821,0.979,0.209,-0.568,1.009,0
C00473,0,-0.364,-1.003,-0.296,0.373,-0.627,0.323,0
C00223,0,-0.535,0.338,0.213,0.616,-0.775,-0.215,0
C00481,0,-0.669,-2.08,0.434,0.86,-2.234,-0.682,0
C00199,1,0.289,1.463,-1.155,-0.391,1.369,0.18,0
C00236,3,0.883,0.53,-0.302,-0.706,-0.77,-1.109,1
C00144,1,1.629,-0.384,-1.92,1.411,2.298,0.334,1
C00469,0,0.458,1.104,-1.781,-0.861,0.851,0.559,0
C00445,2,-0.086,-1.234,0.31,0.562,-0.464,1.221,1
C00391,1,-0.363,0.352,-0.046,0.048,-0.229,-0.031,0
C00629,1,-0.861,-1.024,-0.521,-0.746,-0.873,-0.031,1
C00277,4,3.154,1.349,0.895,0.979,-0.891,-1.013,1
C00657,4,-1.974,0.829,-1.011,1.417,-0.058,-1.974,0
C00224,5,2.406,-2.466,0.4,-2.925,-0.019,0.234,1
C00459,2,-0.871,-0.438,-2.008,-1.497,0.349,-0.683,0
C00089,0,-1.726,-0.883,-0.688,0.382,-0.418,0.93,0
C00567,4,0.834,-1.93,-0.797,1.08,0.33,-0.761,1
C00053,2,0.634,1.185,0.258,-0.101,-0.603,1.871,1
C00627,0,-1.62,-1.362,1.145,-1.303,0.449,1.113,0
C00684,2,0.795,-0.837,-0.98,0.43,1.237,-1.033,1
C00279,3,0.003,1.361,0.958,1.082,-0.93,0.41,0
C00150,0,1.068,0.202,-1.676,0.079,3.205,0.089,1
C00064,2,-0.358,-0.259,-0.469,0.418,0.419,0.931,1
C00026,2,-0.849,-0.774,0.045,-0.937,1.832,1.293,1
C00235,0,-0.327,-0.591,0.799,-0.147,-0.295,1.899,0
C00586,3,0.44,0.575,-2.125,-0.294,0.359,-1.238,0
C00434,1,-0.786,-1.518,-0.821,0.239,-0.732,0.33,1
C00279,0,0.012,-0.055,1.156,0.476,-1.044,0.424,0
C00246,4,-1.896,-1.352,-1.23,0.563,0.258,-1.128,0
C00187,0,0.344,2.267,2.295,-0.67,-1.937,1.031,0
C00638,1,-0.438,0.825,-0.926,-2.131,-0.376,0.265,0
C00709,2,0.201,1.654,1.672,-1.188,0.448,0.068,1
C00296,3,0.748,0.494,-2.231,1.62,-0.34,1.323,1
C00083,0,1.112,-0.172,1.418,0.302,0.535,0.341,1
C00142,3,1.026,0.596,-1.1,-1.004,-1.015,1.258,1
C00730,3,1.26,0.476,-0.614,2.609,-1.268,-0.203,1
C00714,2,0.984,-1.956,-1.806,1.182,-1.077,-0.649,1
C00764,0,-1.373,-2.025,0.533,0.906,-1.836,0.606,1
C00601,1,-1.509,1.066,0.542,0.316,0.632,-1.063,0
C00179,0,-0.234,1.353,-0.306,0.126,0.962,0.397,0
C00596,5,-0.17,2.163,-0.419,-1.937,0.25,-2.178,0
C00079,1,1.777,-1.154,0.137,-0.981,-1.301,0.117,1
C00638,4,-0.125,0.844,-1.179,-2.839,-1.171,-0.269,0
C00655,3,0.655,0.207,-1.547,-0.643,-0.21,-0.299,1
C00684,1,0.824,-0.622,-0.728,0.881,1.063,-0.714,1
C00288,3,-0.483,-0.579,-1.257,0.027,-1.195,0.812,1
C00779,1,0.056,-1.082,-0.94,1.409,-0.259,0.788,0
C00384,3,-0.972,-0.315,0.008,0.909,-1.352,-0.431,0
C00553,2,-1.072,0.698,1.859,3.014,0.14,1.447,0
C00315,0,-0.046,-0.483,0.5,-0.639,0.823,2.024,0
C00745,4,2.087,0.006,0.214,-2.719,0.203,0.991,1
C00583,0,-2.953,0.503,-1.538,0.24,-0.196,0.801,0
C00560,2,-0.579,0.416,-1.61,1.397,-1.203,-1.346,1
C00280,2,1.513,-0.495,-1.201,0.789,-0.648,-0.953,1
C00385,2,0.798,1.889,0.8,0.439,0.215,1.395,0
C00100,0,2.2,-1.094,1.594,0.361,-1.067,-0.566,1
C00765,3,0.19,-0.116,-0.585,-0.309,-0.912,-0.935,1
C00269,4,-0.344,-1.99,0.039,-0.565,0.823,0.271,1
C00225,1,1.583,2.274,1.139,1.58,-0.183,0.082,0
C00435,4,-0.744,0.466,-1.514,2.46,0.964,-0.832,0
C00275,2,0.19,0.485,-0.338,-1.021,0.607,1.889,0
C00488,0,0.653,1.504,0.156,-0.561,2.422,-0.439,0
C00748,0,-0.902,-0.214,-1.778,-1.325,-1.23,-0.737,1
C00618,1,-0.576,0.465,0.228,0.139,1.592,-0.343,0
C00229,0,-1.795,0.178,-0.621,0.117,1.465,0.652,1
C00695,1,1.404,0.397,0.178,-0.82,-0.882,-0.711,1
C00505,2,1.23,0.88,-1.901,1.184,0.337,0.397,0
C00018,0,1.132,1.39,-0.877,0.619,-0.017,-1.22,0
C00700,1,0.911,-0.285,-1.708,2.009,-1.137,0.672,1
C00350,4,-0.783,1.019,-0.143,1.321,-0.753,1.011,1
C00265,1,0.459,-1.284,0.424,2.658,2.724,0.134,1
C00336,2,-0.555,-0.952,1.508,-2.434,-1.297,-0.756,0
C00726,2,-0.148,-0.956,-0.865,0.985,1.082,1.643,1
C00076,1,-0.86,-0.681,0.657,-0.755,-0.711,1.24,0
C00226,3,0.116,0.265,0.829,-1.544,-0.488,-0.194,1
C00361,3,-1.135,-0.525,-0.487,1.02,1.909,-0.834,0
C00720,1,-1.406,1.244,-0.903,-1.362,1.275,-0.627,1
C00750,1,-0.138,-0.568,0.692,1.456,0.138,1.031,0
C00594,2,-0.738,-0.404,0.085,1.22,-1.274,1.504,1
C00194,3,-0.253,-0.757,0.728,-0.027,-0.191,-0.702,1
C00097,1,-0.842,-0.373,0.052,0.934,0.005,1.046,0
C00033,0,1.093,1.946,-0.843,0.003,-1.567,0.62,1
C00514,3,0.128,0.289,-2.031,-0.003,0.167,-1.123,0
C00052,0,0.354,0.261,-1.121,0.132,0.585,0.742,0
C00784,0,1.526,0.201,1.648,-0.782,0.344,1.61,1
C00218,0,-0.788,-1.226,-0.1,1.6,-0.802,0.616,0
C00196,1,-0.067,0.025,-1.645,1.723,1.027,1.006,1
C00786,0,-0.788,-1.85,1.844,-0.43,0.389,-1.28,0
C00395,3,0.468,-0.719,-1.841,-0.354,0.939,1.725,1
C00663,0,-0.077,-0.043,-0.14,-0.67,0.846,0.747,1
C00035,3,1.269,-0.114,-0.697,-0.901,0.835,0.314,0
C00440,2,2.11,0.617,1.871,0.081,-1.53,0.145,1
C00475,3,-1.781,0.431,1.07,0.049,0.097,-0.844,0
C00726,1,0.324,-1.024,-1.094,1.691,0.72,1.042,1
C00182,2,0.575,-0.496,0.884,0.753,-0.684,-2.865,0
C00602,4,-0.744,0.979,0.127,-1.161,0.913,-2.327,0
C00145,4,-1.641,0.343,-0.377,-1.057,-1.205,-0.339,0
C00775,2,0.375,0.706,-2.279,-0.441,0.28,1.831,0
C00447,5,0.785,-0.022,0.007,-2.507,-0.587,-0.549,1
C00687,2,-0.593,1.65,0.972,-1.356,-0.776,1.207,0
C00694,3,-1.054,0.148,-1.712,-0.417,1.501,0.048,0
C00662,5,-0.691,-2.61,0.191,-0.351,-1.536,-0.027,1
C00032,2,-0.758,-1.024,0.5,0.862,2.299,1.045,0
C00028,4,-0.047,1.305,0.291,-0.152,0.97,0.695,1
C00635,2,-0.397,-0.579,-1.166,0.361,-1.231,-1.575,1
C00126,2,-0.218,0.437,0.141,-0.043,-0.514,-0.372,1
C00361,1,-0.004,0.773,0.046,1.341,2.49,-1.554,0
C00390,0,-1.029,1.003,-2.202,0.138,2.383,1.412,1
C00378,0,1.462,0.042,-0.46,-0.409,-0.351,-1.738,1
C00457,2,-0.971,0.243,0.672,-2.516,-0.067,0.532,0
C00170,0,1.057,0.272,-0.367,-0.717,0.469,-1.727,1
C00699,1,-0.928,-0.821,1.712,-0.977,-1.406,-1.209,0
C00546,2,-0.557,0.766,0.588,-1.097,0.868,-0.9,0
C00662,0,-0.501,-1.482,0.581,0.179,-1.633,-0.533,1
C00073,4,0.25,-1.123,0.462,-0.905,0.585,0.086,1
C00175,2,-0.975,0.804,0.236,-0.999,-1.121,0.367,0
C00222,3,1.968,1.396,-1.16,1.139,0.134,-0.629,1
C00530,0,0.358,-0.999,0.172,-0.362,-1.045,-1.897,1
C00096,3,-1.176,-0.231,-1.521,-0.8,2.085,0.341,0
C00174,2,0.712,1.488,0.968,-0.036,0.151,-2.702,0
C00288,4,-0.246,-0.142,-0.611,0.805,-0.681,1.259,1
C00633,0,-0.939,-0.215,-0.048,-0.831,-0.398,0.316,1
C00442,2,0.326,0.639,-0.815,0.615,1.43,-1.405,1
C00706,0,-0.411,-0.096,1.387,-0.199,-0.026,-0.559,0
C00117,1,-1.568,-0.402,1.491,-0.107,0.301,0.857,0
C00754,2,0.462,0.817,0.999,-0.005,0.06,1.758,0
C00203,1,0.683,-0.483,-0.7,2.778,0.536,0.018,1
C00308,2,-0.07,-0.217,-1.41,-1.092,0.305,-0.95,1
C00709,3,-0.87,1.02,1.461,-1.131,0.205,-0.09,1
C00008,2,1.359,-0.358,1.043,1.141,-1.687,2.206,1
C00766,0,-1.289,-2.692,-0.853,-0.503,-0.025,0.809,1
C00643,4,-0.851,-0.836,-0.456,0.464,0.345,-0.006,0
C00335,2,0.393,-1.28,-0.142,0.332,-0.478,0.467,1
C00016,2,-1.574,0.356,0.033,0.254,0.367,-2.494,0
C00788,3,0.959,0.217,-0.766,-1.435,1.41,0.571,0
C00056,4,-0.023,-1.818,-0.677,0.187,-1.423,-0.744,1
C00533,3,-3.134,-0.602,1.558,0.765,-0.011,-0.198,0
C00487,3,1.483,-2.045,-0.551,-0.318,1.663,-1.182,1
C00510,1,-0.61,0.619,1.006,-0.709,-1.099,0.063,1
C00103,2,1.636,0.34,-1.151,-0.2,1.087,-0.033,0
C00116,1,2.382,0.382,-0.926,0.032,0.082,-0.826,1
C00727,0,-0.152,0.066,0.433,1.672,1.082,-0.678,1
C00294,1,1.11,-0.547,0.447,-0.504,-1.561,0.572,1
C00453,3,0.085,-1.374,0.597,-1.531,-1.334,0.705,1
C00533,2,-2.64,-0.852,1.526,-0.016,0.854,0.793,0
C00506,4,0.481,0.092,0.42,-1.353,0.399,0.502,1
C00056,1,-0.461,-0.777,-0.14,0.77,-1.963,-0.772,1
C00335,4,-0.426,-1.55,-0.044,0.049,-0.802,0.379,1
C00048,4,0.06,0.134,0.25,-1.324,0.458,-0.192,0
C00765,1,-0.549,-0.018,0.091,-0.82,-0.613,-1.031,1
C00585,0,0.964,0.188,-1.646,0.475,2.842,-0.585,1
C00698,2,-0.662,1.068,-0.034,-0.071,-0.408,0.233,0
C00792,1,-0.07,-1.372,-1.321,0.949,0.46,-1.698,1
C00061,3,0.898,-0.966,1.39,-0.346,0.893,0.045,1
C00244,1,1.477,0.621,0.6,1.289,-1.18,-1.126,0
C00161,3,0.951,-1.039,-1.824,0.364,0.795,-0.684,1
C00654,2,1.051,0.694,-0.329,0.189,1.862,-1.311,0
C00112,0,1.852,-0.277,-0.869,0.981,-0.138,-0.802,1
C00180,0,-0.432,-0.364,0.342,-0.044,0.239,-2.92,0
C00662,4,-0.805,-2.053,0.471,0.803,-1.812,-0.458,1
C00605,0,-0.437,-0.203,0.529,-1.061,0.679,-1.129,0
C00374,1,0.084,-0.304,-0.345,1.056,0.877,0.227,0
C00181,0,0.209,0.686,-0.681,0.337,-0.752,1.02,1
C00183,2,0.177,0.166,-1.992,-1.066,2.393,0.151,1
C00280,0,0.782,-0.871,-1.481,0.251,-0.516,0.492,1
C00352,0,0.508,0.299,-0.052,0.631,-1.548,0.603,1
C00466,4,-1.392,-2.48,-0.077,-0.597,-1.635,0.442,1
C00059,1,1.662,-0.052,0.809,-1.142,-1.428,0.202,1
C00164,0,1.765,-0.458,-0.086,0.061,-0.947,0.981,1
C00282,5,1.172,3.001,-0.911,0.245,0.542,0.344,0
C00376,0,-0.719,-1.187,-0.974,-0.845,0.965,-0.782,0
C00052,1,0.362,0.079,-0.557,0.29,0.443,1.076,0
C00460,3,-2.028,-1.731,-0.781,-0.903,0.899,0.547,0
C00515,2,0.091,0.465,-0.105,-0.27,0.025,0.583,0
C00562,1,-2.31,-0.454,0.213,-1.067,-0.559,-1.268,0
C00519,0,0.189,-0.55,-0.336,0.618,-1.175,0.197,1
C00677,2,-0.283,-1.147,-1.796,0.845,0.497,1.232,1
C00232,2,-0.228,-0.871,-0.291,0.061,1.001,1.483,1
C00511,2,-1.243,-1.352,0.972,0.059,0.638,-1.359,0
C00006,0,1.275,1.013,1.724,3.151,-0.369,0.604,1
C00744,4,-1.584,-2.55,0.871,-1.51,0.496,-0.112,0
C00191,1,1.127,-0.629,0.35,-2.56,0.786,-1.151,1
C00752,1,2.027,-1.618,1.212,-0.478,-1.554,-0.02,1
C00538,1,-0.207,0.76,-0.955,-0.521,0.569,1.067,0
C00405,1,0.018,-0.979,1.831,-0.327,0.759,-0.726,0
C00516,3,-0.926,0.702,2.311,-0.681,-0.313,1.63,0
C00769,2,0.658,-0.448,-0.386,0.515,-0.476,0.58,1
C00186,2,-0.968,-1.31,-1.043,-0.934,2.041,-0.743,0
C00741,2,0.473,1.18,0.966,0.3,-1.503,-0.476,0
C00415,0,-0.841,-0.792,-0.036,0.861,0.15,0.112,0
C00657,3,-1.997,1.449,-0.965,2.269,-0.397,-1.907,0
C00617,2,-1.795,-0.141,0.377,-1.084,-1.023,1.314,1
C00547,1,0.498,-0.743,0.058,-0.291,0.183,-0.726,1
C00680,2,-1.358,0.434,1.814,-1.308,1.159,-0.213,0
C00759,0,0.18,-1.421,0.133,-1.41,-0.539,-1.005,1
C00560,3,-0.244,0.935,-1.022,0.126,-0.855,-0.773,1
C00311,0,1.171,-0.254,-0.269,-0.418,0.365,-0.054,1
C00066,1,0.602,0.649,-0.002,0.737,0.036,0.334,1
C00491,2,1.271,-1.868,-0.263,-1.719,0.048,-0.618,1
C00679,0,0.349,1.951,0.251,-0.997,-0.504,-1.539,0
C00107,0,-0.122,-1.356,-0.46,-1.425,-0.372,2.913,1
C00181,3,-0.179,1.056,-0.383,0.083,-0.55,0.664,1
C00792,0,-0.384,-1.663,-1.093,1.756,0.873,-1.631,1
C00394,5,-0.053,2.07,-1.062,-0.216,-0.662,1.167,0
C00497,2,1.261,0.285,2.657,-0.173,-0.364,0.283,1
C00576,0,1.071,-0.449,0.061,-0.106,-1.015,0.082,0
C00344,3,0.383,-0.107,1.585,-0.141,0.202,2.586,0
C00390,4,-0.583,-0.206,-1.306,0.382,1.747,1.634,1
C00589,2,0.151,1.514,1.522,0.918,-0.476,0.638,0
C00721,2,1.599,0.934,-0.039,1.103,-0.473,-0.214,1
C00597,2,-0.13,-1.012,-0.046,-2.506,-0.768,-0.353,1
C00344,2,-0.061,0.33,1.531,0.315,0.8,2.554,0
C00279,2,-0.073,0.295,0.607,0.683,-1.213,0.628,0
C00259,1,0.613,0.97,0.229,0.116,-0.315,-0.278,0
C00198,0,0.76,0.464,0.538,0.767,0.001,1.31,1
C00215,5,1.031,0.591,0.206,0.125,0.066,0.915,1
C00463,2,-2.103,-1.199,-0.521,-1.175,0.372,1.178,0
C00607,0,-0.776,-1.578,1.03,-0.96,-0.033,-2.24,0
C00625,2,-1.595,1.364,0.451,0.6,2.217,1.421,0
C00264,1,1.346,-1.061,0.995,1.158,-0.29,0.027,1
C00593,0,0.699,-0.401,-0.575,-0.934,0.003,-1.023,1
C00586,2,0.309,0.355,-1.762,-1.502,0.153,-1.445,0
C00113,3,-0.015,-0.762,0.348,0.452,0.949,1.066,1
C00746,3,-0.55,-0.02,0.397,-0.528,0.656,-0.036,1
C00085,0,0.37,0.185,-1.657,1.906,1.954,0.599,1
C00515,1,0.219,0.874,-0.15,-0.156,-0.838,-0.102,0
C00015,4,-1.383,0.775,1.095,-1.753,0.376,-0.386,0
C00349,5,-1.266,-0.708,-0.609,-1.267,-1.364,-1.032,0
C00316,0,0.194,-1.353,-0.702,-0.094,-0.617,-0.502,0
C00489,2,0.807,-0.095,-0.032,0.291,-0.665,1.121,1
C00055,0,-1.158,0.191,0.41,1.161,-0.686,0.3,0
C00041,2,0.945,0.238,-0.476,-1.475,1.939,-0.252,0
C00601,3,-1.58,0.855,-0.351,-0.703,0.976,-1.159,0
C00050,0,0.344,0.404,1.252,-0.403,1.215,-0.952,1
C00158,3,-0.261,-1.392,2.685,-0.072,-1.277,-0.234,0
C00621,3,-0.38,1.295,-1.78,0.006,0.496,1.265,0
C00461,0,-0.192,-0.448,0.356,0.451,2.495,2.316,1
C00542,2,-0.136,-0.217,0.66,0.809,0.961,-0.373,0
C00235,4,-1.079,0.063,0.846,-0.115,-0.33,1.588,0
C00501,1,-0.533,2.421,-1.19,0.879,-0.628,-0.353,0
C00177,0,-1.281,0.471,-0.078,-1.498,-0.878,1.188,1
C00600,2,0.544,-2.688,0.205,-0.326,0.801,-1.428,1
C00705,1,-1.517,0.258,-0.823,-0.261,-0.505,-0.464,0
C00082,1,2.158,1.055,1.329,-0.346,0.436,2.294,1
C00647,1,-0.683,0.749,-0.736,-0.565,-2.178,1.627,0
C00472,1,-1.458,-1.56,-1.15,0.223,0.397,1.463,0
C00420,3,-0.609,-0.633,-1.883,1.13,-0.095,1.508,0
C00230,0,2.067,-0.436,1.126,-0.713,0.133,1.386,1
C00269,3,0.73,-1.973,-0.655,-0.53,0.892,-0.241,1
C00713,2,-1.16,0.912,-0.479,-0.841,1.017,0.358,0
C00709,1,-0.239,1.265,2.175,-0.417,-0.712,0.219,1
C00332,1,1.407,-0.141,-1.07,2.125,1.413,0.127,1
C00539,2,-0.655,-2.345,-1.774,-1.115,-1.277,-1.094,1
C00337,2,1.558,-1.434,-0.729,1.138,0.13,-0.45,1
C00022,0,1.081,0.247,-0.958,-0.032,0.686,-0.276,1
C00379,1,0.418,1.561,0.696,-0.927,-0.449,0.464,1
C00017,1,0.632,1.139,-0.001,-0.028,0.852,-1.274,0
C00272,4,1.086,-0.449,1.754,0.068,0.691,2.499,1
C00230,3,1.553,-1.715,1.782,-0.178,0.284,1.409,1
C00103,1,1.076,-0.871,-1.302,-1.049,1.014,0.538,0
C00266,1,-1.261,0.938,0.911,0.132,-1.866,1.558,0
C00254,1,-0.389,-0.639,0.722,0.082,-1.151,1.103,0
C00681,0,-1.03,0.44,1.516,1.089,-0.074,1.76,0
C00631,2,1.839,-0.029,0.642,0.148,-0.498,-1.487,1
C00094,1,1.058,-0.271,-0.8,-0.337,-0.826,-0.814,1
C00341,1,1.824,0.275,0.455,1.897,-0.853,-1.801,1
C00112,1,2.031,-0.946,-1.655,1.586,-1.134,-0.433,1
C00383,0,1.603,1.69,1.203,1.144,-0.524,-1.332,0
C00502,3,0.088,2.486,-0.652,-0.767,0.093,-0.643,1
C00301,1,0.773,0.605,0.769,-1.16,-1.073,-0.224,1
C00374,0,0.073,0.324,-1.03,0.37,0.679,0.74,0
C00726,0,0.173,-0.437,-0.901,0.924,1.081,1.537,1
C00482,4,0.443,2.198,0.695,-0.408,-0.072,0.092,0
C00139,1,-1.652,0.435,-1.556,-0.643,-0.229,-0.501,0
C00432,1,0.217,-0.96,-1.198,-0.31,-0.437,-1.365,1
C00138,2,-0.387,0.552,-1.85,0.304,-0.416,-1.209,1
C00369,3,-0.069,-1.949,0.851,0.321,0.128,-2.004,0
C00579,0,-1.206,3.2,-1.887,-0.113,-2.724,0.714,0
C00298,1,-0.154,-0.234,-0.4,0.685,0.549,-1.51,0
C00570,1,-0.89,0.235,0.8,-0.058,-1.022,-0.471,0
C00796,2,-0.697,-0.728,0.408,-0.936,-0.335,-0.856,1
C00064,3,-1.58,-0.377,-0.801,-0.187,0.82,0.19,1
C00074,1,1.582,-1.99,-0.748,-0.182,-1.992,-1.133,0
C00671,5,0.457,-0.213,0.826,-0.491,0.853,0.556,1
C00670,0,-0.549,-0.46,-0.797,-0.597,-0.5,-0.867,1
C00402,1,1.43,-0.746,-0.017,-2.004,2.14,-1.302,1
C00606,4,-1.62,1.474,0.771,1.789,-1.743,-0.443,0
C00401,2,0.272,-0.695,-0.237,-0.022,0.617,-0.122,1
C00432,0,0.569,-0.854,-0.31,-0.004,-1.002,-1.222,1
C00769,4,-0.359,0.123,-0.24,1.012,-0.343,0.656,1
C00066,2,0.402,0.975,-0.379,1.541,0.991,0.293,1
C00162,0,0.26,-0.557,1.5,0.01,-1.636,0.928,0
C00038,4,-1.283,-1.627,-1.405,-0.816,1.716,-1.104,1
C00294,0,-0.01,-1.159,0.565,-0.389,-1.182,0.738,1
C00701,0,0.517,0.091,-0.791,0.464,-0.137,1.301,1
C00375,4,-2.448,0.739,2.003,-1.241,-0.642,1.702,1
C00513,2,-0.382,1.65,0.13,0.308,0.719,-0.36,1
C00148,3,-0.236,0.372,-1.22,-1.186,1.501,1.039,0
C00042,3,0.472,0.656,-1.46,0.116,0.106,-0.914,0
C00790,2,1.554,-0.827,-0.403,0.504,-2.322,0.255,1
C00089,2,-2.646,-0.792,-1.349,-0.162,-0.34,0.644,0
C00112,4,1.735,-0.611,-0.876,1.19,-0.793,-0.598,1
C00203,2,0.608,-0.382,-0.274,2.787,-0.056,-0.076,1
C00744,0,-2.357,-2.897,0.921,-0.379,0.444,-0.102,0
C00074,0,0.28,-1.98,0.639,0.206,-2.57,-0.586,0
C00391,2,0.204,-0.439,-0.651,0.446,-0.595,-0.285,0
C00355,0,0.016,-1.308,0.704,0.09,-1.133,-0.037,0
C00063,0,-0.393,-0.472,-0.051,-1.476,1.641,0.48,0
C00389,3,0.362,-2.797,2.092,0.975,-0.134,0.988,0
C00245,0,1.305,-0.357,-0.027,0.501,0.603,1.561,1
C00200,3,-0.718,0.7,-0.704,-1.089,0.012,-1.492,0
C00140,4,2.144,1.209,-0.669,1.655,-0.528,1.505,1
C00659,5,-1.67,-1.383,2.679,-0.607,-0.479,-0.213,1
C00796,4,-0.705,-0.153,-0.339,-1.49,0.247,0.167,1
C00762,1,-0.854,1.502,-0.435,0.466,2.134,0.928,0
C00443,1,1.31,1.161,0.762,-0.9,0.242,1.31,1
C00643,2,-1.473,0.019,-0.186,0.079,-0.318,0.352,0
C00498,1,-0.355,-0.497,-1.197,1.467,1.688,0.211,1
C00590,2,-1.61,0.239,-0.508,-0.599,-0.346,-0.981,1
C00260,0,-0.376,-0.884,0.845,-2.005,-1.29,-0.315,1
C00130,5,-0.736,-0.371,-1.938,-1.158,-0.963,-0.408,0
C00455,0,1.405,-0.079,0.614,0.51,-1.17,-1.829,1
C00760,0,-0.129,0.978,-0.307,-0.636,-1.124,0.627,0
C00054,2,1.955,-0.441,-0.372,1.224,-0.922,-0.005,1
C00405,2,-0.945,-0.875,1.404,0.209,-0.525,0.58,0
C00700,0,1.192,-0.529,-0.942,2.026,-0.488,0.621,1
C00184,1,1.188,0.758,-0.973,0.228,-0.047,0.08,1
C00299,0,0.757,-1.178,0.308,0.249,0.554,1.253,1
C00057,0,0.517,-0.047,0.365,2.214,-0.597,0.372,1
C00756,0,-0.602,0.334,1.83,0.215,2.157,0.437,0
C00248,3,0.938,-2.091,0.439,-0.014,0.855,0.883,1
C00109,1,-0.089,0.488,-1.225,-0.713,1.078,1.482,0
C00535,3,0.62,1.841,-0.947,1.759,-1.31,-0.066,0
C00531,3,1.488,-1.041,0.942,-0.059,0.898,-0.414,1
C00671,0,-0.073,0.815,0.742,-1.032,1.039,0.739,1
C00468,3,-0.358,0.925,-1.32,0.02,0.752,-3.123,0
C00594,0,-1.181,-0.37,-0.211,1.068,-0.672,1.546,1
C00534,2,1.738,-1.631,-0.019,-1.003,-0.428,0.446,1
C00770,3,-1.596,1.647,-0.102,-0.281,0.201,1.203,0
C00293,2,-0.591,-1.446,1.311,-2.639,1.728,-0.997,1
C00641,1,-0.55,1.738,-0.475,-0.746,0.646,-1.808,0
C00755,4,1.177,0.499,-0.764,0.534,-0.551,-1.91,1
C00787,3,-0.871,-1.117,-0.166,-0.918,-0.669,0.312,1
C00350,5,0.495,-0.314,-0.817,0.086,-0.781,0.122,1
C00658,4,-1.581,0.269,0.474,1.132,1.796,0.414,0
C00429,1,1.709,-0.134,0.019,0.484,-0.604,-1.119,1
C00647,2,-0.443,0.897,-0.423,-1.051,-2.341,1.365,0
C00407,3,0.404,-0.542,-1.756,-0.438,-1.237,1.35,0
C00577,1,-1.245,0.723,0.094,-0.063,1.142,2.552,0
C00642,3,-1.878,0.055,0.846,0.11,-0.148,1.711,0
C00425,2,-0.383,1.666,0.151,0.374,2.078,-0.999,0
C00517,2,-1.681,-0.055,1.399,-0.576,0.523,1.401,0
C00077,3,0.349,1.8,-0.819,1.455,-0.394,1.201,1
C00708,3,0.715,1.274,-0.137,-1.659,-3.117,-1.045,0
C00136,3,-0.335,-0.343,-0.881,0.355,0.208,1.938,0
C00566,1,-1.029,-0.893,0.982,1.251,1.704,-1.229,1
C00219,2,-0.561,0.359,0.393,0.873,1.391,0.686,0
C00006,3,1.242,0.629,1.44,3.378,0.133,0.828,1
C00151,2,0.37,0.295,-0.878,1.361,0.135,-1.361,1
C00789,3,-0.016,-1.109,-0.02,0.176,-1.296,1.662,1
C00736,1,0.539,0.551,0.496,-1.042,0.249,-0.112,0
C00081,2,-0.105,0.849,-1.613,1.948,-1.005,1.293,0
C00020,5,-1.668,-1.269,-0.012,0.23,-2.209,-0.022,1
C00469,4,0.193,0.932,-0.908,-0.354,0.263,0.463,0
C00330,2,-1.108,1.272,0.878,-0.088,-0.508,0.346,0
C00661,2,0.996,-2.072,1.298,1.848,-0.353,1.448,1
C00209,0,0.588,0.729,1.808,0.574,-0.25,-1.066,0
C00358,0,-0.08,1.259,0.525,-2.178,-0.467,-0.751,0
C00211,1,0.243,-2.181,-0.673,1.982,0.375,0.899,1
C00422,1,-0.859,-0.49,0.876,1.302,0.728,-0.06,0
C00279,1,0.034,0.303,-0.072,0.572,-1.36,0.792,0
C00375,1,-1.885,0.527,3.079,-0.722,0.142,1.907,1
C00418,4,-2.033,-0.339,-1.967,0.608,0.487,0.878,0
C00523,2,-0.691,1.484,-0.905,1.342,1.816,-2.266,0
C00547,2,0.052,-0.5,-0.413,-0.705,-0.384,-0.245,1
C00324,1,-1.416,0.232,-1.307,1.638,1.197,1.083,1
C00110,3,1.053,2.096,-0.776,0.074,0.915,3.352,1
C00345,1,0.065,-2.314,-1.375,1.994,0.157,-1.674,1
C00323,2,0.265,-1.809,-0.225,-1.222,0.257,0.629,0
C00439,2,-1.043,0.419,2.726,-0.861,-2.014,-2.333,0
C00268,3,3.139,0.2,1.705,-1.48,0.057,-0.588,1
C00581,2,-0.521,0.157,0.982,2.173,0.084,-1.258,1
C00012,2,-0.334,0.373,1.716,-2.485,-0.381,0.212,1
C00261,2,0.882,-0.944,-0.06,1.225,-0.888,-1.731,1
C00718,0,0.243,-0.046,-3.038,-0.31,-0.369,-0.665,1
C00525,2,0.308,-0.074,-1.05,0.911,0.739,1.091,1
C00710,2,-0.138,0.398,-0.379,-1.225,-0.485,0.044,1
C00660,3,-1.807,-0.934,-1.842,-1.68,-0.029,1.144,0
C00099,2,-0.712,-1.772,0.477,-0.844,0.949,2.111,0
C00347,1,1.548,1.664,-0.5,-1.63,0.005,1.224,0
C00249,0,0.123,0.923,0.308,-1.674,-1.502,-0.707,1
C00509,4,-0.059,-0.609,-2.117,-0.198,-1.788,-1.786,0
C00113,1,0.84,-0.038,-0.552,0.634,0.675,0.609,1
C00085,1,1.066,-0.163,-2.131,1.54,2.137,0.995,1
C00555,2,-0.83,-0.343,0.546,-0.197,-0.653,0.919,1
C00030,0,-0.581,-1.717,0.605,0.003,0.333,-1.398,1
C00625,4,-1.634,0.776,-0.201,-0.466,2.802,2.02,0
C00677,1,0.364,-0.765,-1.16,0.627,0.721,1.705,1
C00010,2,0.751,2.74,0.943,1.775,-0.555,2.419,0
C00014,5,-0.032,0.23,-1.801,-1.359,0.064,-0.309,1
C00750,3,-0.819,0.38,0.681,0.518,0.133,1.375,0
C00396,1,0.233,-0.143,0.332,-0.557,-0.333,0.715,1
C00006,5,0.64,1.059,1.445,3.364,-0.605,-0.016,1
C00561,3,-0.351,-1.37,-0.176,-0.745,-2.693,-0.872,1
C00784,3,1.685,0.378,0.339,-0.723,-0.687,0.626,1
C00254,4,-0.591,0.352,0.737,-1.014,-1.994,0.564,0
C00782,1,0.707,-0.309,-2.329,0.182,-1.695,-1.236,0
C00532,0,0.775,0.152,-1.112,1.567,0.549,-0.527,1
C00029,1,1.093,0.403,0.152,-1.651,-1.825,0.31,0
C00327,5,1.892,-0.929,1.004,-0.092,1.032,0.8,1
C00066,4,-0.082,0.457,0.463,0.247,0.619,0.205,1
C00603,2,-1.358,-1.364,-1.939,-1.508,-0.897,0.452,1
C00626,4,-0.461,0.503,-0.825,-2.157,-0.47,0.915,0
C00676,3,-1.214,-0.639,0.711,-1.94,1.223,-0.5,0
C00514,2,0.088,0.411,-0.888,-0.238,0.928,-0.865,0
C00667,4,0.54,0.605,1.251,1.634,0.589,-1.354,0
C00265,2,0.957,-1.216,-0.895,1.401,2.923,0.427,1
C00497,3,1.183,-0.002,2.288,-0.258,-0.021,0.948,1
C00293,0,-0.397,-1.952,0.348,-2.758,1.577,-1.283,1
C00487,1,0.698,-1.862,-0.263,-0.579,1.407,-0.968,1
C00588,1,-0.72,0.751,0.737,1.468,-1.99,0.325,0
C00686,3,-0.85,2.9,1.125,0.158,-0.736,-0.028,0
C00260,2,-0.71,-0.538,0.936,-1.25,-1.446,0.045,1
C00741,0,-0.187,1.593,0.892,1.199,-1.543,-0.325,0
C00619,2,-0.984,0.159,0.708,0.418,0.005,-0.944,0
C00031,1,0.657,-1.747,1.505,1.731,-0.292,-0.71,0
C00323,0,0.359,-1.206,-0.072,-0.405,-0.122,0.742,0
C00715,5,-0.166,1.024,-3.451,0.856,0.969,-1.751,0
C00603,0,-0.699,-2.078,-1.859,-1.533,-0.579,0.831,1
C00359,4,1.142,-1.014,-0.273,-1.8,0.743,-0.502,1
C00473,2,-0.072,-1.263,-0.577,0.109,-1.115,0.283,0
C00723,2,-1.109,1.151,-0.135,0.461,-1.654,0.162,0
C00239,2,0.275,-1.164,0.616,0.103,-1.857,-0.127,1
C00365,3,-1.241,-0.399,2.105,-0.265,0.552,0.645,0
C00008,1,1.458,-0.171,1.849,1.058,-1.689,1.34,1
C00693,1,-1.253,0.638,-1.164,1.746,0.287,1.464,0
C00001,1,-0.487,0.353,-0.702,-0.267,-2.959,1.379,0
C00011,1,0.148,-0.177,-1.072,0.283,-0.869,-0.785,0
C00615,1,-0.849,-0.632,-0.513,0.278,0.586,-0.481,0
C00373,5,-0.23,-1.334,1.224,-3.79,-1.344,1.932,0
C00219,3,-0.988,0.926,0.96,2.528,0.581,0.656,0
C00237,3,2.573,0.261,0.238,3.387,0.337,0.876,1
C00574,3,1.261,0.28,0.189,1.398,-0.222,-2.211,1
C00111,3,-0.744,0.739,0.517,1.243,-2.574,0.551,0
C00757,1,-0.267,-0.293,-0.829,0.968,1.943,-0.405,0
C00385,5,0.832,2.088,-0.388,-0.425,0.118,0.94,0
C00704,2,-1.913,0.125,-0.842,0.307,-0.398,-0.399,0
C00297,0,-1.223,-0.339,-1.704,-0.02,-0.786,0.162,0
C00380,3,0.648,-0.93,0.548,-0.729,0.187,0.396,0
C00050,1,0.326,0.348,2.166,-0.586,-0.167,0.274,1
C00599,1,-0.788,-0.17,0.328,-0.996,-1.2,1.404,0
C00623,0,0.394,1.745,0.178,0.0,-1.701,1.741,0
C00371,4,-0.4,-0.952,0.375,0.214,0.844,1.453,1
C00053,3,1.414,0.653,0.393,0.01,-0.239,2.098,1
C00485,2,0.206,-0.76,0.84,-0.834,-0.224,-0.444,1
C00387,4,1.243,-1.464,-1.039,0.806,-0.414,-0.175,1
C00283,1,0.952,0.864,-0.463,-0.516,-1.484,0.921,1
C00193,2,1.979,1.08,-0.687,0.521,-2.315,-0.351,1
C00712,3,-1.066,0.07,1.796,0.469,-0.22,-1.289,0
C00733,4,0.11,0.381,0.142,-0.977,0.534,-0.681,1
C00198,1,1.156,-0.381,0.236,1.091,-0.869,1.994,1
C00316,2,0.981,-0.154,-0.538,-0.26,-0.634,-1.158,0
C00399,0,-0.153,0.652,0.117,-0.84,-0.105,-1.978,0
C00596,1,1.136,1.912,0.179,-1.433,0.414,-1.53,0
C00410,2,-1.674,0.273,-0.301,0.227,-0.317,-0.901,0
C00203,0,1.061,-1.026,-1.787,1.882,-0.028,-0.348,1
C00753,2,0.886,-0.041,-0.641,-2.363,2.003,-1.43,1
C00545,1,0.529,-0.109,2.269,1.471,0.931,-0.77,0
C00072,2,0.769,-1.942,0.304,-0.643,-0.051,-0.417,0
C00121,0,-2.154,-1.003,-0.201,0.564,-0.015,1.521,0
C00381,3,-0.972,-1.095,0.005,-0.808,0.596,0.758,0
C00430,2,-0.003,0.252,1.221,-2.08,-0.843,1.608,0
C00474,1,1.01,0.238,-0.975,0.478,0.994,1.355,1
C00450,4,0.36,0.104,0.006,-0.204,0.939,-1.539,1
C00158,0,-0.377,-1.232,2.094,-0.219,-1.097,-0.185,0
C00494,3,2.136,-0.29,-0.213,-0.456,1.818,1.686,1
C00028,5,1.379,0.457,0.32,0.729,0.046,0.117,1
C00417,2,-0.473,0.891,0.285,-1.674,0.442,0.914,0
C00245,1,0.433,-1.46,-0.163,-0.655,0.16,0.831,1
C00228,4,-0.784,-0.794,-1.295,2.135,0.543,1.127,1
C00733,1,-0.161,1.109,-0.224,-1.419,0.024,-1.017,1
C00128,2,-1.58,-0.427,-0.458,0.608,-1.511,-1.296,0
C00407,4,0.869,-0.044,-2.45,0.039,-0.675,0.943,0
C00781,0,-0.311,1.042,-0.479,-0.554,0.451,-0.014,1
C00206,3,0.635,3.202,1.075,-0.419,0.331,0.27,0
C00567,3,1.176,-1.3,-1.188,1.041,0.204,-0.865,1
C00363,1,-1.127,-0.835,-0.33,1.753,0.066,-1.404,0
C00021,0,-0.76,0.909,-1.132,-0.361,-1.498,1.077,0
C00414,0,-1.291,-0.111,-1.182,1.735,-0.051,0.07,0
C00461,4,0.164,-0.455,-0.442,-0.176,2.051,2.048,1
C00418,2,-2.022,-1.028,-0.971,0.806,0.233,0.326,0
C00647,0,-0.95,0.405,-0.299,-0.12,-2.283,2.123,0
C00674,2,1.092,-0.918,1.413,-0.293,-2.147,1.284,1
C00791,5,1.432,1.815,-1.342,-1.628,2.386,-0.299,0
C00043,2,0.43,-0.311,0.277,-0.651,0.547,0.738,1
C00265,3,0.936,-0.676,0.597,1.66,2.963,-0.208,1
C00159,1,0.126,-1.151,-0.777,-0.629,1.19,-1.404,1
C00743,0,1.885,-0.334,0.912,1.19,-0.508,1.289,1
C00003,5,0.667,-0.569,0.962,0.427,1.549,-0.319,1
C00772,0,0.072,-0.723,0.768,0.311,-1.714,-0.32,0
C00011,0,1.992,-0.282,-0.396,0.938,-1.843,-0.681,0
C00412,0,-2.144,0.987,-1.431,0.516,1.253,-1.196,0
C00243,2,-1.697,-0.043,-0.926,1.678,1.265,-1.703,0
C00569,2,1.386,-0.442,0.253,-1.259,0.296,0.801,1
C00637,0,0.189,-1.235,-0.031,0.399,0.61,1.275,0
C00639,2,0.908,0.685,0.462,1.93,-0.508,-1.316,1
C00344,1,-0.455,0.314,1.671,0.787,0.881,3.356,0
C00796,0,-0.234,-0.223,1.21,-0.8,-0.239,0.415,1
C00165,3,3.465,0.698,0.989,-1.362,-0.216,-0.731,1
C00478,2,0.302,-1.835,0.126,2.805,2.77,0.725,0
C00251,3,1.698,0.444,-0.073,-0.333,-0.581,-0.942,1
C00491,1,1.056,-1.874,-0.784,-1.885,-0.279,-0.787,1
C00452,1,1.288,0.435,-0.923,0.036,1.38,2.018,1
C00747,0,-2.151,-0.371,-1.43,0.812,1.411,0.081,0
C00350,3,-0.186,0.516,-0.409,0.954,-0.477,0.212,1
C00521,0,1.035,-0.617,0.133,-0.709,0.346,0.619,0
C00480,2,-0.217,2.966,-0.819,1.352,1.147,-0.424,0
C00782,2,-0.022,-0.026,-2.601,-0.595,-0.301,-1.317,0
C00746,2,0.252,-0.131,0.208,-0.877,0.694,0.241,1
C00506,1,0.283,0.657,0.621,-1.476,0.037,0.421,1
C00710,3,-0.107,0.82,-0.229,-0.914,-0.546,-0.037,1
C00254,5,-0.373,-0.282,1.676,-0.364,-1.741,0.156,0
C00615,4,-0.848,0.258,-0.133,0.042,0.186,-1.335,0
C00501,0,0.448,1.08,-1.457,0.436,-0.505,-0.688,0
C00007,1,0.498,-1.362,0.6,-0.709,-0.57,2.224,1
C00707,5,1.073,1.095,0.293,1.012,0.771,1.772,1
C00542,1,-0.778,-0.484,1.099,0.148,0.884,-0.339,0
C00240,2,1.646,0.356,1.365,0.113,0.87,1.461,0
C00571,2,-1.027,0.787,-0.417,-2.863,-0.956,0.919,0
C00687,3,-0.116,1.107,0.631,-0.082,-0.177,0.988,0
C00073,1,0.262,-0.92,1.409,-0.998,0.102,-0.174,1
C00342,0,-2.527,-0.315,1.27,0.023,-0.968,1.047,1
C00724,2,0.947,-1.624,-2.003,1.59,0.204,-0.542,1
C00062,3,-0.138,1.793,0.48,0.159,0.67,1.603,0
C00373,4,-1.53,-0.723,-0.302,-3.627,-1.084,2.7,0
C00672,2,-1.292,-2.166,-0.831,-0.345,-0.79,-0.062,0
C00798,2,-0.199,-2.417,-0.066,0.857,-1.776,-1.57,1
C00217,2,-0.275,0.562,-0.87,0.32,0.197,-0.318,0
C00497,1,0.636,-0.39,2.782,-0.159,-1.091,0.611,1
C00615,2,-0.246,-0.111,-0.221,-0.079,0.095,-1.284,0
C00371,0,-0.153,-0.168,-0.106,0.91,0.989,0.917,1
C00498,4,-0.563,-0.668,-1.159,1.557,1.975,-0.5,1
C00486,0,0.612,0.553,0.442,-2.287,0.386,-1.278,0
C00180,1,-0.467,-1.602,0.309,0.375,1.414,-2.717,0
C00104,2,1.301,-0.954,-0.988,-0.468,-0.798,1.455,1
C00655,1,0.868,-0.245,-0.289,0.734,-0.422,0.47,1
C00216,3,-1.84,0.409,-0.773,0.807,-1.078,-0.115,0
C00287,0,-2.314,-1.415,0.377,-0.65,0.477,-0.085,0
C00159,3,0.298,-0.934,-0.701,-1.533,0.638,-1.123,1
C00316,4,0.147,-0.862,-0.84,-0.086,-0.701,-1.228,0
C00621,2,0.393,1.357,-2.139,0.361,1.505,0.539,0
C00720,0,-1.231,1.703,-0.77,-1.797,0.864,-1.481,1
C00593,2,1.075,0.114,0.299,0.206,0.89,-1.027,1
C00224,3,3.902,-1.928,0.1,-2.698,0.144,-0.085,1
C00695,0,0.87,0.064,-0.19,-0.841,-0.197,-1.451,1
C00273,0,-2.07,0.342,0.673,-0.296,-0.325,-0.171,0
C00528,0,0.36,1.037,-0.301,1.201,-0.526,-0.57,0
C00095,1,-0.059,-0.134,0.282,-0.003,-0.366,-1.39,1
C00528,4,0.879,1.458,0.641,1.553,-0.041,-0.179,0
C00580,3,-0.724,0.996,-0.725,0.044,1.409,-0.849,0
C00468,5,-0.189,1.362,-0.529,0.111,0.766,-2.128,0
C00476,2,2.168,-2.342,1.907,0.504,-0.612,-0.136,1
C00123,0,-0.023,0.221,-0.934,0.316,-0.868,1.113,1
C00520,2,0.546,-0.259,-0.214,1.61,-0.289,-0.75,1
C00042,5,0.655,0.384,-1.397,0.107,-0.822,-1.535,0
C00375,0,-2.252,-0.21,2.06,-0.745,-0.713,2.083,1
C00704,0,-1.382,0.865,-0.813,-0.673,0.22,0.119,0
C00338,0,-1.556,0.781,0.509,0.103,-0.603,0.173,0
C00575,2,-0.188,-0.222,-0.749,-0.482,-0.235,2.456,0
C00144,2,1.59,-0.131,-2.09,1.109,2.253,0.393,1
C00748,4,-0.371,-0.232,-0.811,-1.391,-0.822,-1.018,1
C00479,0,-0.411,0.029,0.845,-0.406,0.244,-0.293,0
C00018,2,0.174,0.914,0.02,0.563,0.557,-1.504,0
C00141,1,-0.513,0.66,-0.584,-0.849,-1.755,0.268,0
C00167,2,0.893,0.232,2.771,1.695,-1.341,-1.163,1
C00233,4,-0.173,-1.009,0.805,0.715,-0.102,0.537,1
C00182,3,0.285,-0.724,-0.647,1.049,-0.572,-2.634,0
C00274,2,-0.995,-0.745,2.41,1.059,1.053,0.84,0
C00420,1,-0.701,-0.595,-1.623,-0.127,-0.588,1.25,0
C00576,2,1.411,0.194,0.596,0.191,-0.136,0.006,0
C00339,1,-0.388,0.094,0.997,-2.338,-0.007,0.649,1
C00744,1,-1.994,-3.4,-0.134,-0.136,0.464,-0.114,0
C00624,0,2.441,0.806,0.806,-0.284,1.264,1.264,0
C00029,2,1.368,1.607,0.804,-0.733,-0.911,-0.056,0
C00173,1,-0.528,-0.009,2.142,0.877,-2.014,0.274,0
C00455,2,1.262,0.43,-0.32,1.209,-0.25,-1.806,1
C00413,1,-0.281,-0.518,-0.177,0.087,0.542,-0.306,1
C00478,3,1.026,-1.838,0.265,2.953,2.089,-0.142,0
C00490,5,-0.277,-0.392,0.448,-1.364,-0.099,-1.076,0
C00590,4,-1.64,0.432,-0.49,-0.521,-0.761,-0.166,1
C00035,1,1.198,0.365,0.781,-1.053,0.117,0.237,0
C00088,3,-3.464,-1.158,0.937,1.251,-0.452,-0.561,0
C00090,0,2.095,0.054,-0.276,1.186,1.107,-1.056,1
C00635,1,-0.497,-0.562,-1.401,0.852,-1.253,-0.722,1
C00286,5,2.288,0.892,-1.348,0.76,1.516,0.775,1
C00697,0,-0.64,-0.096,2.229,0.492,-0.788,-0.523,1
C00706,3,-0.166,0.115,2.234,-0.11,0.351,-0.838,0
C00078,2,-0.426,1.007,-0.476,-0.389,-0.869,1.647,0
C00556,5,0.517,1.054,2.921,2.729,1.14,-1.038,0
C00162,5,-0.294,-0.671,1.129,0.866,-1.435,0.981,0
C00015,0,-1.472,0.662,1.362,-1.531,0.328,-0.176,0
C00707,0,0.639,1.113,0.498,1.893,0.794,1.026,1
C00712,2,-1.562,0.36,0.734,-0.643,0.287,-1.263,0
C00280,4,1.215,-0.984,-1.732,0.681,-0.881,-0.368,1
C00442,0,0.315,-0.224,-1.189,0.33,1.363,-1.2,1
C00331,4,1.24,0.542,-2.084,-0.388,-1.54,-0.335,0
C00270,3,-1.231,-1.23,-0.408,-0.598,-0.213,0.601,1
C00661,1,1.31,-1.607,1.835,1.485,-0.723,2.537,1
C00465,4,-0.51,-1.635,0.592,0.578,1.32,-0.7,0
C00737,0,1.045,-0.191,-0.429,-1.457,-0.23,-0.162,0
C00444,0,-0.426,-0.075,1.096,-2.412,-0.815,2.391,1
C00138,4,-0.264,0.804,-2.049,0.253,-0.25,-0.332,1
C00611,2,-0.249,-0.368,0.599,0.822,1.315,-0.082,1
C00748,2,-0.603,-0.715,-1.174,-0.845,-0.919,-0.892,1
C00582,0,-0.591,-0.237,-1.843,-0.185,0.455,1.802,0
C00241,2,0.461,0.368,-0.476,0.047,1.139,-0.247,1
C00313,0,-0.737,2.161,1.663,0.441,-1.371,0.921,0
C00139,0,-2.203,1.256,-1.496,0.522,0.044,-0.294,0
C00324,2,-1.357,0.151,-0.869,0.648,0.241,1.282,1
C00451,5,0.77,-1.208,-1.567,-0.273,-0.777,-1.73,0
C00661,4,1.095,-1.766,2.424,2.177,-0.883,1.896,1
C00409,5,0.096,0.691,0.123,0.87,-0.679,1.024,0
C00662,2,-0.249,-2.108,0.172,-1.192,-1.811,-0.136,1
C00399,1,0.12,0.319,-0.229,-1.774,0.142,-1.981,0
C00036,2,-0.411,-1.423,-1.166,0.451,0.301,-0.047,0
C00108,2,-0.12,1.518,-1.395,-1.197,-0.449,0.355,0
C00105,3,-1.084,-0.318,-0.062,-0.596,-1.614,-0.794,0
C00633,3,-0.32,-0.615,0.323,-0.674,0.506,1.12,1
C00545,4,-0.043,-0.033,2.61,0.707,-0.521,-1.245,0
C00616,1,-0.157,0.794,-0.556,-1.106,1.572,-0.303,0
C00194,4,-0.531,-0.203,0.46,-0.932,-0.647,-1.617,1
C00259,2,0.168,0.066,0.243,0.183,-1.149,-0.206,0
C00376,2,0.387,-0.353,-1.284,-1.29,0.329,-0.882,0
C00298,2,0.52,-0.439,-0.673,0.776,1.019,-2.031,0
C00784,4,1.469,-0.287,0.568,-1.343,0.137,0.326,1
C00649,1,0.102,0.087,-1.765,-0.305,-1.688,0.266,1
C00167,1,0.504,-0.158,1.711,0.763,-1.67,-1.476,1
C00493,1,-0.324,-0.301,-0.063,1.489,-1.563,0.567,1
C00357,0,0.871,0.522,0.668,-1.306,0.256,-0.568,0
C00302,3,2.947,-1.417,1.096,2.478,0.386,-1.0,1
C00781,1,-0.105,-0.079,-0.897,-0.373,0.677,-0.008,1
C00357,1,-0.189,0.462,0.901,-1.02,0.233,-1.129,0
C00221,0,-0.538,1.219,0.857,0.194,0.118,-0.369,0
C00464,4,1.078,0.422,1.164,-0.284,-0.489,-1.05,1
C00613,2,0.455,-0.249,-0.049,0.084,0.111,-0.362,1
C00592,3,0.081,-0.364,0.492,-0.118,-2.006,1.36,1
C00408,1,-0.683,0.66,1.881,0.728,0.43,0.724,0
C00581,0,-0.785,-0.193,1.175,2.471,0.438,-1.211,1
C00783,3,1.922,1.48,1.172,-0.163,-0.828,1.183,1
C00068,3,0.51,0.709,-1.088,-1.942,0.312,1.248,1
C00038,1,-0.316,-1.817,-0.717,0.44,1.863,-1.236,1
C00555,4,-0.296,-0.372,1.322,-0.331,-0.692,1.52,1
C00546,4,-0.854,0.072,-0.35,-0.947,0.467,-0.192,0
C00571,1,-1.719,0.791,-0.018,-2.839,-0.97,0.002,0
C00450,3,-0.006,0.486,0.245,0.305,1.2,-3.035,1
C00185,4,-1.02,0.228,1.497,-0.282,-1.024,-1.838,0
C00668,0,0.205,-0.114,-0.451,1.016,0.077,-0.088,0
C00118,2,0.145,-0.025,0.067,-0.574,2.31,-0.274,1
C00256,3,-0.029,-1.01,-0.507,0.538,-0.031,-1.213,0
C00177,2,-0.656,0.363,-0.257,-1.313,-0.354,1.103,1
C00514,0,-0.656,0.248,-1.075,0.377,0.79,-0.894,0
C00253,0,0.601,0.916,0.804,0.41,0.303,-1.374,1
C00043,4,0.085,-0.648,-1.154,-1.91,0.954,0.117,1
C00013,1,-0.998,1.806,0.514,-0.319,1.102,0.958,0
C00191,0,1.783,-0.39,0.764,-1.649,0.885,-1.073,1
C00615,0,-0.436,0.023,-0.085,0.472,0.136,-1.411,0
C00771,0,1.908,0.009,-0.028,1.534,0.061,0.138,1
C00252,3,-1.829,0.334,1.317,-0.094,1.299,-0.827,0
C00228,1,-0.607,-0.879,-1.032,1.253,-0.308,1.011,1
C00073,3,0.655,-0.998,1.297,-1.528,0.545,0.266,1
C00194,2,0.55,-0.68,0.735,-0.804,-0.925,-1.499,1
C00335,1,-0.386,-1.111,-0.115,0.753,-0.113,0.081,1
C00080,2,0.495,-2.711,-0.365,-1.292,2.093,-0.957,1
C00197,0,-0.07,2.51,0.491,1.434,-0.676,1.932,0
C00688,1,-2.006,-0.27,-1.581,0.501,1.032,-0.806,0
C00656,0,-1.367,-0.102,-0.007,-1.335,2.182,2.919,0
C00779,2,0.695,-0.797,-0.972,2.071,0.26,0.178,0
C00294,3,0.408,-1.311,0.929,-0.706,-1.286,0.355,1
C00687,0,-0.334,0.896,0.343,-1.709,1.045,1.327,0
C00020,0,-1.826,-1.249,-0.19,0.076,-1.665,-0.547,1
C00523,5,-0.644,0.816,-0.728,0.787,1.323,-1.88,0
C00537,0,-0.64,0.357,-0.809,0.184,-0.703,-0.412,0
C00733,2,-0.458,0.456,-0.442,-1.534,-0.146,-0.602,1
C00026,3,-0.772,-1.018,0.156,-0.598,2.017,0.841,1
C00470,0,1.506,-0.045,-1.517,-0.217,0.926,-0.206,1
C00364,4,0.184,-1.374,1.376,-0.754,-0.196,-0.991,1
C00441,0,-0.591,-0.839,0.032,-1.192,0.897,1.222,1
C00773,2,-1.515,-0.361,-1.063,-0.389,0.668,1.407,0
C00526,1,-0.239,0.845,1.827,-0.513,-0.436,1.152,0
C00743,5,2.236,-1.096,1.505,1.071,0.006,0.037,1
C00665,2,0.077,-0.074,-1.17,-3.289,-0.921,0.256,0
C00080,0,0.798,-2.074,0.207,-2.403,1.696,-0.371,1
C00396,3,0.192,0.141,0.83,0.448,0.054,-0.353,1
C00469,2,0.592,0.632,-0.641,-0.437,1.174,0.59,0
C00403,0,0.363,2.183,-0.435,0.28,-0.339,-2.179,1
C00221,2,-0.506,0.852,0.729,1.166,0.998,-0.044,0
C00195,3,0.131,-1.231,0.317,-0.723,-0.433,-0.178,1
C00162,2,-0.554,-0.712,0.852,1.422,-0.277,1.404,0
C00048,2,0.524,-0.445,0.202,-0.501,0.991,-0.069,0
C00081,3,0.054,1.034,-1.769,1.526,-1.298,1.603,0
C00648,2,0.241,-0.262,-0.572,-1.665,0.611,0.786,1
C00598,5,2.433,-1.929,-0.648,0.568,-0.317,1.956,1
C00094,2,0.638,0.024,-0.548,-0.428,-0.549,-1.482,1
C00303,3,-0.817,-0.925,2.216,0.794,0.862,-0.477,1
C00307,1,-0.152,-0.132,-0.032,-0.257,1.54,-0.106,1
C00355,3,-0.243,-1.056,0.321,-0.061,-1.327,0.025,0
C00254,2,-0.268,-0.3,1.313,-0.182,-1.737,1.122,0
C00035,2,0.842,1.017,0.748,-0.79,1.11,0.24,0
C00416,4,-1.616,0.655,-1.878,0.549,0.279,0.259,0
C00180,4,-0.633,-0.664,0.668,-0.265,1.215,-1.364,0
C00610,0,-0.289,-0.258,0.821,0.647,1.424,0.01,0
C00503,1,-0.06,1.022,1.258,-0.137,-0.475,-1.851,0
C00211,3,0.124,-2.307,-1.245,2.428,0.342,0.798,1
C00003,2,0.317,0.061,0.173,1.256,1.092,0.284,1
C00450,1,0.448,0.2,0.776,0.408,-0.725,-2.018,1
C00448,2,0.162,-0.306,-0.373,1.597,0.295,0.928,1
C00604,3,0.039,0.194,-0.642,0.322,0.139,1.032,0
C00079,2,1.195,-1.152,0.625,-0.72,-2.286,0.454,1
C00313,1,-0.641,3.015,-0.102,0.373,0.325,-0.434,0
C00714,5,1.133,-2.202,-1.712,1.653,-1.037,-0.221,1
C00743,3,1.944,-0.182,0.247,0.806,-0.133,0.347,1
C00524,5,1.484,1.461,-0.678,-2.828,-1.377,-1.379,1
C00550,3,-0.183,-2.048,0.066,0.844,-0.777,-0.649,1
C00675,0,0.272,0.247,0.202,0.811,-0.37,0.466,0
C00409,2,0.118,0.775,-0.214,0.687,-0.474,0.501,0
C00608,2,0.601,-0.455,0.013,-0.632,2.102,1.204,0
C00429,0,2.283,0.474,-0.99,0.312,0.103,-1.785,1
C00584,1,-1.163,-0.213,-2.078,-1.682,-0.578,0.561,0
C00362,3,0.48,1.2,0.199,-1.143,-1.507,1.012,0
C00637,1,-0.03,-0.282,-0.439,1.065,-0.317,1.452,0
C00119,0,0.963,0.4,1.11,-0.797,-0.244,1.79,1
C00325,2,0.772,1.028,1.312,0.624,0.019,0.828,0
C00372,1,0.677,0.154,-2.149,-0.333,-1.396,0.097,1
C00422,3,0.105,-0.85,0.737,2.164,0.879,-0.095,0
C00121,1,-1.654,-1.549,0.762,0.364,-0.626,1.427,0
C00078,0,-0.25,0.852,-0.402,-0.665,-0.342,1.572,0
C00120,2,0.697,-0.594,0.331,1.006,0.105,-1.511,1
C00580,4,-1.074,0.491,-1.45,-0.306,1.668,-1.569,0
C00016,3,-0.747,-0.07,-0.345,0.249,-0.146,-2.002,0
C00384,1,-1.155,-0.374,-0.207,1.587,-1.932,-0.018,0
C00745,5,1.762,0.146,0.345,-3.227,-0.57,0.444,1
C00076,2,-1.054,-0.213,0.084,-1.543,-0.667,0.839,0
C00463,0,-1.192,-1.227,-0.445,-0.189,-0.171,0.574,0
C00121,3,-0.858,-1.548,0.718,-0.165,-0.272,0.94,0
C00152,1,1.272,-0.394,0.531,-0.057,1.199,0.128,1
C00595,2,-0.544,-0.346,0.784,-1.381,-0.542,-2.631,0
C00142,1,0.626,-0.453,-0.747,-1.012,-0.922,1.607,1
C00648,1,0.1,-0.012,-1.119,-1.939,1.21,-0.485,1
C00661,3,0.39,-1.372,0.798,1.392,-0.561,2.318,1
C00091,1,-1.583,0.688,0.214,-0.769,-0.354,0.64,0
C00273,1,-2.3,1.189,1.067,-0.612,-0.154,-0.382,0
C00243,3,-1.09,-0.414,-0.874,1.541,1.493,-0.753,0
C00583,1,-2.926,0.167,-1.415,0.572,-0.249,1.352,0
C00667,5,0.054,0.231,1.099,1.935,1.289,-2.387,0
C00512,1,-0.85,0.016,-1.625,1.01,1.278,-0.782,0
C00213,4,0.592,1.424,-0.543,-1.76,0.623,-0.553,1
C00259,0,0.362,0.011,0.875,-0.397,-0.758,0.344,0
C00080,1,0.259,-2.103,0.061,-1.735,1.222,-0.775,1
C00707,4,0.905,0.477,0.239,2.077,-0.227,1.648,1
C00650,0,-0.081,-1.431,-0.8,0.687,-1.342,0.079,0
C00351,4,-1.799,0.261,0.557,-1.862,-0.476,1.091,1
C00330,0,-0.626,0.664,0.104,0.464,-1.7,0.93,0
C00765,0,-0.26,-0.351,0.04,-0.614,-0.498,-0.625,1
C00411,2,-2.564,0.558,-1.517,-0.082,0.299,0.632,0
C00054,0,1.425,-0.925,-0.687,1.616,-0.911,0.136,1
C00169,2,-0.118,0.706,2.046,0.54,-1.209,-0.514,0
C00458,1,1.982,0.023,-0.976,2.202,-0.294,0.713,1
C00448,0,-0.206,-0.289,-0.354,2.222,-0.495,1.001,1
C00023,2,2.032,0.591,0.747,0.477,1.004,-0.702,0
C00402,0,1.275,-1.263,-0.196,-2.864,1.679,-0.663,1
C00356,2,0.491,-0.383,-0.086,-0.638,-1.223,1.66,0
C00213,1,1.031,2.56,-0.465,-2.188,1.167,-0.648,1
C00508,1,1.488,0.137,0.284,1.138,-0.319,1.257,1
C00149,1,-0.352,0.254,0.236,-0.178,0.143,0.797,0
C00515,3,-0.057,0.803,-0.062,0.208,-0.614,0.352,0
C00011,2,0.083,-0.337,-0.048,0.457,-1.079,-0.62,0
C00764,2,-0.591,-0.672,1.522,0.916,-2.203,1.197,1
C00095,2,0.595,-0.713,0.276,0.049,-0.22,-0.339,1
C00235,3,-0.921,-0.891,1.329,0.029,-1.191,1.701,0
C00031,4,0.496,-0.298,1.883,1.938,0.816,-1.914,0
C00568,3,0.811,-1.996,0.492,-0.611,0.115,0.595,1
C00226,1,0.272,0.363,0.224,-1.523,-0.277,-0.399,1
C00012,1,-0.253,0.385,1.468,-2.396,-0.697,0.822,1
C00461,3,-0.175,-0.442,0.541,-0.009,1.915,1.941,1
C00172,1,0.929,0.783,-0.123,1.116,0.807,-0.288,1
C00006,4,1.433,0.811,1.327,3.125,-0.176,0.6,1
C00670,2,-0.57,-0.311,-1.074,-0.32,-0.208,-0.281,1
C00368,0,-2.312,-0.838,1.341,-0.08,-2.586,2.011,0
C00236,1,0.499,0.724,0.145,-0.329,-0.678,-0.693,1
C00077,1,0.477,1.734,-1.322,0.991,0.031,0.768,1
C00251,0,1.499,-0.53,-0.559,0.146,-0.818,-1.344,1
C00785,2,-0.601,-0.493,0.142,-0.194,0.585,-0.759,0
C00114,0,-0.393,-1.349,1.996,-0.034,-1.412,-1.027,1
C00267,3,1.551,0.228,-1.158,-1.02,0.283,-0.372,1
C00622,0,-0.59,-0.636,1.406,-1.166,1.266,-0.875,0
C00055,3,-1.528,0.139,0.283,1.444,-0.708,-0.065,0
C00354,1,1.352,-1.014,-0.465,-0.56,-0.03,0.31,1
C00371,3,-0.145,0.167,0.051,0.519,0.998,2.02,1
C00436,2,0.49,-1.288,0.266,1.527,0.84,-1.435,1
C00338,2,-2.233,1.17,-0.241,0.586,-0.549,-0.302,0
C00544,2,-1.832,1.012,-1.343,-0.699,-0.06,0.018,0
C00626,2,-0.526,0.842,-0.017,-1.147,-0.309,1.195,0
C00601,0,-2.041,-0.172,-0.109,-0.421,-0.397,-0.565,0
C00072,3,0.643,-1.507,-0.413,-0.605,-0.488,0.601,0
C00257,1,2.791,-0.914,-1.684,0.08,-2.427,-1.216,1
C00196,4,-0.119,0.725,-1.989,2.325,1.205,1.492,1
C00107,4,0.605,-0.725,-0.27,0.091,-0.888,3.167,1
C00127,5,-0.831,-0.662,0.097,-1.65,0.254,0.333,0
C00735,0,1.501,-1.152,0.034,-2.289,-0.38,1.575,0
C00566,0,0.058,-0.081,1.911,0.614,1.524,-1.104,1
C00605,1,-0.215,-0.284,0.305,0.03,0.517,-0.074,0
C00264,2,1.071,-1.824,0.866,0.475,-0.486,-0.218,1
C00653,2,0.236,0.387,-0.774,-2.516,-1.21,1.789,1
C00044,0,1.596,-0.687,0.243,-0.41,2.84,-0.125,1
C00605,2,-0.031,-0.122,0.519,-0.337,-0.127,-0.902,0
C00237,0,2.263,0.696,0.424,3.062,0.168,1.327,1
C00015,2,-1.549,0.413,1.528,-1.234,0.366,-1.089,0
C00640,4,1.161,0.32,0.438,-1.436,2.19,0.983,1
C00291,3,0.097,-0.371,1.073,-0.403,-0.305,-0.431,0
C00229,1,-0.474,0.162,-1.171,0.068,1.368,0.505,1
C00694,4,-0.877,0.916,-1.373,0.166,0.745,0.109,0
C00051,1,-1.098,-0.559,0.397,0.388,-0.026,-1.803,0
C00356,3,0.369,0.022,-0.798,-0.201,-0.888,1.245,0
C00744,3,-2.238,-2.443,-0.369,-0.028,1.225,-0.748,0
C00333,2,-0.174,0.848,-0.198,-0.855,0.428,1.082,0
C00425,3,-1.378,1.649,0.172,0.648,1.635,-1.445,0
C00038,3,-0.152,-0.771,-0.904,-0.418,1.41,-1.055,1
C00559,5,1.31,-0.965,-0.604,-0.695,0.626,-0.525,1
C00447,3,0.486,0.636,0.04,-3.089,-1.306,-0.192,1
C00457,0,-0.479,0.181,1.159,-1.627,-0.061,1.089,0
C00547,3,0.118,0.225,-0.714,-1.772,0.224,-0.418,1
C00362,1,0.523,1.709,0.316,-0.726,-0.695,1.755,0
C00561,4,0.366,-0.446,-0.279,-1.151,-2.739,-0.183,1
C00240,1,1.392,-0.643,1.835,0.875,0.538,1.619,0
C00552,2,-1.002,-1.244,1.564,-0.435,-2.099,0.485,0
C00664,0,-0.878,0.945,-0.158,-3.293,1.507,0.23,1
C00395,1,0.903,-1.18,-0.611,0.175,0.475,1.742,1
C00369,2,0.272,-1.549,0.805,-0.147,-0.092,-1.455,0
C00006,1,1.539,0.732,1.399,2.969,0.183,0.128,1
C00683,0,1.575,-0.436,1.07,-0.46,-1.005,-0.114,0
C00251,1,2.609,-0.217,-0.43,0.025,-0.302,-1.161,1
C00698,1,-0.863,1.047,0.117,0.124,-1.653,-0.537,0
C00097,2,-1.552,-1.128,0.023,0.234,-0.291,0.951,0
C00685,0,0.08,1.032,0.781,-0.356,-2.552,-1.139,0
C00101,1,-1.229,0.346,-1.789,0.098,-0.285,-0.908,0
C00790,1,1.011,-1.026,-0.753,0.243,-2.27,0.578,1
C00484,0,-0.73,-0.671,-0.227,-0.023,-0.327,0.379,1
C00374,3,-0.442,0.241,-0.206,0.781,1.031,1.57,0
C00513,4,-0.872,1.692,1.017,0.529,0.468,0.426,1
C00400,2,-1.214,0.152,2.226,0.555,-0.218,0.082,0
C00431,1,-0.041,-0.758,1.494,-1.541,1.718,-0.016,0
C00542,0,-1.07,-0.456,1.417,0.238,1.193,-0.351,0
C00050,3,0.344,0.678,0.993,-0.092,0.866,-0.48,1
C00379,2,0.263,1.213,0.371,-0.296,-0.358,0.763,1
C00086,3,-1.554,0.43,-0.107,-1.425,0.173,0.523,0
C00451,2,0.717,0.327,0.041,0.207,-1.537,-2.624,0
C00440,3,1.518,0.537,1.647,0.214,-1.368,-0.43,1
C00787,2,-1.452,-0.957,-0.966,-0.97,-0.265,1.226,1
C00098,1,-0.282,-1.853,-1.647,2.115,-0.039,0.589,1
C00272,5,1.459,-0.008,1.668,0.747,0.072,2.45,1
C00625,3,-1.002,1.768,0.469,-0.551,2.404,1.933,0
C00672,0,-1.76,-2.085,-1.973,0.228,-1.046,-0.262,0
C00517,3,-1.166,0.282,1.034,-0.797,0.026,1.373,0
C00102,4,0.445,-1.265,0.604,0.049,0.257,-0.205,0
C00579,5,-0.178,2.822,-0.73,0.407,-1.512,0.249,0
C00772,3,-0.263,0.222,0.178,-0.392,-1.333,-0.748,0
C00688,3,-1.342,-0.573,-1.667,0.396,0.237,-1.321,0
C00373,2,-1.036,-0.412,-0.181,-3.546,-1.258,2.33,0
C00544,1,-1.378,0.437,-0.985,-0.587,-0.28,-0.659,0
C00633,1,-0.313,-0.018,0.132,-1.238,0.015,0.585,1
C00396,2,0.236,-0.365,0.109,0.445,0.267,0.087,1
C00406,0,0.255,-1.179,1.157,-0.278,-1.843,0.728,0
C00135,0,-0.878,-0.973,-0.306,1.024,-1.843,0.745,1
C00313,2,-1.303,3.289,1.124,0.103,-0.494,0.021,0
C00774,1,0.474,-0.621,-1.88,-0.419,1.635,-0.021,1
C00691,3,0.021,1.103,1.99,-1.035,-0.059,1.786,0
C00622,1,-0.051,-0.677,0.602,-0.325,0.178,-1.633,0
C00471,0,-0.289,0.578,0.212,-0.381,0.844,-0.238,0
C00602,2,-0.946,0.394,-0.763,-1.462,0.77,-1.441,0
C00556,4,-0.058,0.085,3.025,2.117,1.243,-0.573,0
C00612,3,-0.617,1.081,-0.318,0.634,0.891,-0.731,1
C00688,2,-1.4,-0.427,-1.096,0.449,-0.024,-1.262,0
C00514,5,0.393,0.499,-1.046,-0.047,1.221,-1.111,0
C00271,1,-0.418,-0.816,0.839,-1.424,1.211,0.905,1
C00394,2,-0.175,2.034,-1.08,-0.485,-0.936,0.944,0
C00333,0,-0.476,0.499,0.822,-2.054,0.508,0.748,0
C00694,2,-0.417,-0.158,-1.749,0.327,0.593,-0.214,0
C00700,3,1.289,-0.344,-1.737,1.863,0.375,0.76,1
C00465,2,-0.972,-0.454,-0.039,1.218,0.885,-0.464,0
C00384,0,-1.48,-0.18,-0.074,1.965,-2.056,-0.996,0
C00118,3,0.304,-0.694,0.673,-0.571,1.09,-0.38,1
C00022,4,0.061,0.813,-0.567,-0.355,-0.165,0.141,1
C00364,0,0.081,-1.986,0.131,0.355,0.218,-0.546,1
C00111,2,-0.27,0.581,0.563,1.151,-1.98,1.682,0
C00360,1,-0.501,-0.88,1.027,-0.047,0.581,0.594,1
C00443,2,-0.473,0.194,1.505,-0.955,-0.008,0.64,1
C00639,1,1.206,0.702,0.2,2.32,-0.825,-1.502,1
C00454,1,0.256,0.485,-0.055,0.783,-0.564,-0.344,0
C00464,3,1.29,-0.543,1.99,-1.072,-0.563,-0.97,1
C00616,0,-0.501,0.056,-0.749,-0.767,0.962,0.423,0
C00382,0,-0.676,0.63,-1.322,2.097,0.343,-1.883,0
C00359,0,0.873,-1.841,-1.079,-1.538,0.754,-0.404,1
C00626,3,-0.752,1.291,0.137,-0.945,-0.621,-0.919,0
C00016,0,-0.608,-0.344,0.027,-0.294,0.872,-1.628,0
C00565,2,0.432,-0.265,0.197,0.664,0.73,0.314,1
C00514,1,-0.132,1.12,-0.852,0.433,1.027,0.137,0
C00443,3,-0.168,-0.263,0.973,-0.361,-0.193,1.115,1
C00682,0,1.198,1.535,-0.646,0.211,1.269,0.411,1
C00067,0,1.274,1.75,-1.712,-0.323,-0.726,1.02,0
C00588,0,-1.926,0.794,1.104,2.07,-1.263,0.7,0
C00290,1,-0.814,0.305,1.389,-0.435,-0.089,0.81,0
C00202,0,0.666,-0.091,1.254,0.867,1.404,-0.156,0
C00153,1,-0.386,-0.404,1.433,-0.119,-1.082,-2.118,1
C00529,0,-0.661,0.201,-1.175,0.694,0.586,0.331,0
C00101,3,-0.392,-0.328,-0.679,-0.468,-0.059,-0.05,0
C00226,4,0.537,0.575,0.377,-1.456,-0.552,0.609,1
C00078,1,-0.862,0.467,-1.191,-0.007,-1.538,1.802,0
C00408,0,-1.811,0.21,1.343,0.194,0.975,0.369,0
C00789,0,-0.28,-1.208,-0.021,-0.533,-1.966,1.257,1
C00299,1,0.098,-0.428,0.621,0.244,0.574,1.913,1
C00303,2,-0.369,-0.635,2.071,1.174,0.514,-0.136,1
C00678,0,-0.879,0.084,-0.559,0.5,0.336,1.917,0
C00460,0,-3.127,-2.137,-0.565,-0.874,-0.095,0.962,0
C00658,1,-2.035,0.945,1.039,1.92,2.245,1.842,0
C00786,3,-0.038,-1.781,1.582,-1.273,-0.175,-1.043,0
C00340,2,1.022,0.7,-2.048,-0.306,0.559,-0.129,0
C00229,4,-0.523,-0.39,-0.63,-1.076,1.27,0.05,1
C00016,5,-0.562,0.687,-0.244,-0.421,0.041,-1.787,0
C00016,1,-1.165,0.456,-0.632,-0.471,0.149,-1.578,0
C00145,1,-1.469,-0.043,-0.221,-0.908,-0.683,-0.128,0
C00320,0,1.022,-0.036,-0.495,-2.768,-1.157,0.695,0
C00778,2,-0.479,0.922,0.488,0.96,-1.64,0.683,0
C00204,1,-0.231,-0.094,-0.431,-0.617,1.224,-0.778,0
C00320,1,1.931,0.148,-0.438,-1.904,-1.318,0.689,0
C00645,5,0.552,1.033,-0.517,-1.075,1.304,-0.07,0
C00607,4,-1.37,-1.272,0.808,-1.124,-0.12,-2.414,0
C00591,0,0.165,0.644,-1.151,0.719,1.021,1.476,0
C00500,5,-0.045,-1.374,0.854,1.099,-0.179,-0.795,1
C00526,4,-0.263,0.165,0.873,-0.448,-0.583,2.079,0
C00179,3,0.179,0.371,0.022,-0.771,0.479,-0.053,0
C00336,0,-0.375,-0.031,0.93,-2.0,-0.635,-1.006,0
C00144,0,1.864,-0.837,-2.0,2.226,2.092,-0.039,1
C00426,0,-0.02,0.105,-0.16,-0.711,-1.208,2.755,1
C00321,0,1.074,1.33,-0.848,2.49,-0.236,-1.471,1
C00753,1,-0.028,-0.264,-0.163,-2.257,1.233,-1.699,1
C00189,2,0.207,1.837,-1.917,-0.056,-0.174,-0.169,1
C00399,2,0.447,0.426,-0.479,-1.415,0.086,-1.469,0
C00570,2,-1.068,0.827,1.206,0.077,-0.616,-0.953,0
C00650,2,0.768,-1.002,-0.631,0.169,-1.299,-0.598,0
C00764,3,-1.001,-1.159,0.569,0.682,-1.524,0.725,1
C00186,4,-0.66,-0.281,-1.034,-0.742,2.577,-0.145,0
C00184,2,1.062,0.554,-1.146,-0.29,0.212,0.372,1
C00360,2,-0.159,-0.848,0.739,-0.332,1.135,0.263,1
C00044,1,1.297,0.353,0.093,0.057,4.209,-0.306,1
C00558,3,0.445,1.379,-1.14,-0.283,2.351,-0.68,0
C00700,2,1.034,-0.249,-1.103,2.06,-0.187,0.994,1
C00026,5,0.415,-0.634,-0.933,-1.154,2.255,1.305,1
C00096,1,-1.152,-0.363,-1.139,-1.344,2.418,0.489,0
C00680,4,-1.089,0.042,0.736,-1.153,1.385,-0.107,0
C00536,4,0.853,1.448,-0.507,-0.425,-0.962,-1.303,1
C00559,3,1.742,-1.57,-0.834,-0.876,0.666,-0.37,1
C00359,2,1.144,-1.393,-0.311,-1.052,0.829,-0.22,1
C00188,3,-1.339,-0.752,-1.406,-0.139,0.81,2.929,0
C00097,5,-0.675,-0.679,-0.306,-0.045,0.152,1.3,0
C00711,0,0.688,2.124,0.505,-0.432,0.385,0.51,0
C00642,0,-0.97,-1.08,0.873,-0.431,-0.171,2.084,0
C00728,4,0.384,1.84,-0.431,-2.211,1.575,-0.326,0
C00646,3,1.281,0.296,0.81,1.539,-1.479,1.278,1
C00383,2,1.192,2.249,0.343,0.822,-0.056,-0.899,0
C00021,1,-0.583,1.831,-1.175,-0.164,-1.645,1.77,0
C00113,5,1.058,-0.844,0.248,0.447,0.787,0.553,1
C00246,1,-0.955,-1.037,-1.324,0.86,-0.578,-1.352,0
C00403,1,0.325,2.377,0.107,-0.239,0.001,-1.781,1
C00315,4,-0.619,-0.323,-0.005,-0.469,0.163,3.028,0
C00033,4,1.49,2.139,-1.183,0.263,-0.572,0.796,1
C00682,4,0.601,0.856,-0.478,0.333,0.459,1.168,1
C00201,2,-1.618,-0.429,-0.365,0.895,0.462,0.294,0
C00531,1,2.173,-0.074,0.173,-0.528,1.247,0.162,1
C00668,2,-1.168,0.109,-0.082,0.736,-0.059,-0.281,0
C00536,2,0.647,1.145,0.197,-0.104,-0.063,-0.121,1
C00412,1,-3.14,1.242,-2.022,1.011,1.873,-0.886,0
C00594,3,-0.953,0.161,0.349,0.756,-0.914,2.484,1
C00566,3,-0.162,-1.352,0.486,0.648,1.725,-0.582,1
C00386,2,1.683,0.1,1.486,0.14,-0.609,-1.31,1
C00554,1,-0.577,-0.041,0.428,0.09,0.175,-0.117,0
C00085,2,0.653,0.591,-2.083,1.587,1.951,0.807,1
C00137,2,-0.936,-0.563,-0.158,-0.45,-2.001,0.703,0
C00152,3,1.743,-0.056,0.303,0.845,1.214,0.438,1
C00211,2,0.143,-2.693,-0.846,1.759,0.117,0.877,1
C00167,3,-0.189,0.81,2.638,0.876,-1.38,-1.178,1
C00513,1,-0.8,1.222,0.454,0.929,0.561,0.392,1
C00308,3,0.002,0.556,-0.207,-0.776,0.048,-0.687,1
C00496,0,0.761,-1.293,2.081,-0.402,0.302,1.076,1
C00685,4,-0.05,0.392,0.472,-0.218,-2.407,-1.239,0
C00312,2,-1.009,-1.565,0.476,0.368,0.236,-0.031,1
C00141,2,0.092,1.326,-0.562,0.332,-2.291,0.335,0
C00739,2,-0.386,0.432,-0.153,1.642,0.432,0.462,1
C00696,0,1.844,-0.408,0.576,-0.134,0.455,-0.337,1
C00781,2,-0.532,0.856,-1.009,-0.673,0.338,-0.428,1
C00418,0,-1.442,-0.525,-1.928,0.418,0.597,0.238,0
C00169,4,0.363,0.973,1.467,-0.472,-1.462,-0.549,0
C00717,3,1.081,-1.982,0.754,-0.871,1.572,0.912,1
C00010,3,-0.009,2.498,0.458,0.88,-0.149,2.142,0
C00563,1,0.569,-2.12,-1.033,0.832,1.678,-1.056,1
C00624,3,2.621,0.864,1.072,-0.457,0.19,1.683,0
C00306,4,-0.28,-0.158,-1.421,-0.525,1.551,0.552,1
C00250,1,0.724,-1.432,0.862,1.318,-1.059,-0.36,1
C00727,1,-0.222,0.094,1.224,1.284,-0.075,-1.012,1
C00229,5,-0.531,0.452,-0.492,-0.48,0.512,0.781,1
C00543,1,-0.628,-0.046,-0.987,-0.012,-0.117,-2.053,1
C00507,1,-0.487,-1.219,0.616,0.811,3.007,-1.075,0
C00475,5,-1.038,0.844,0.804,0.282,0.295,-0.75,0
C00682,3,0.521,1.254,-0.851,-0.162,0.891,0.814,1
C00022,5,0.113,0.056,-0.402,0.007,0.288,0.208,1
C00038,0,-0.291,-1.288,-0.978,-0.596,2.076,-1.236,1
C00558,0,0.269,0.772,-0.606,0.816,2.682,-0.384,0
C00135,2,-1.164,-0.777,0.486,1.233,-1.944,0.077,1
C00603,1,-0.774,-1.844,-2.46,-1.482,-0.852,-0.028,1
C00622,2,0.11,-0.774,0.314,-0.413,1.31,-1.698,0
C00379,4,0.272,1.206,-0.13,-0.323,-1.471,1.297,1
C00348,4,-0.169,-0.508,0.872,0.4,-0.331,0.658,0
C00770,5,-1.728,1.622,0.181,-0.445,-0.057,1.547,0
C00380,4,0.867,-1.044,0.6,-0.325,0.631,0.089,0
C00262,2,0.732,-0.161,1.077,-0.006,0.434,-1.022,0
C00472,4,-1.062,-0.709,-0.783,0.359,0.693,0.775,0
C00561,1,-0.312,-0.041,-1.116,-0.43,-2.342,-0.105,1
C00085,4,0.94,0.944,-2.248,1.361,2.191,1.088,1
C00286,2,2.053,1.054,-1.894,1.021,1.026,0.729,1
C00363,3,-0.831,-0.816,-1.196,1.574,-0.08,-1.224,0
C00686,1,-0.491,2.958,0.373,-0.043,-0.052,-0.13,0
C00766,2,-0.53,-1.913,-1.039,-0.544,0.901,-0.193,1
C00387,1,1.655,-1.695,-1.545,1.007,0.114,-0.293,1
C00474,0,1.241,-0.341,-0.588,-0.071,1.194,1.556,1
C00463,3,-1.389,-1.035,0.538,-0.187,0.019,0.503,0
C00582,2,-0.961,0.201,-1.025,0.257,1.229,2.194,0
C00595,1,-1.174,0.144,0.942,-1.304,-1.019,-2.234,0
C00125,3,-0.979,1.184,0.997,-1.841,0.477,-0.736,1
C00799,1,-0.65,-0.446,-0.322,0.594,0.825,-0.767,0
C00703,2,-0.873,0.893,0.779,0.271,1.392,-0.286,1
C00612,1,-0.809,0.046,-0.887,0.098,0.896,0.036,1
C00512,5,-1.251,-0.992,-1.584,0.06,1.579,-0.934,0
C00724,0,1.492,-0.401,-2.044,0.56,-0.346,-0.301,1
C00343,1,0.263,-0.871,3.073,-2.082,-0.655,-0.128,0
C00719,3,1.025,-2.168,0.709,-0.095,-0.914,0.165,0
C00416,2,-1.112,1.175,-1.507,1.188,0.058,0.562,0
C00076,3,-0.678,-0.034,0.43,-1.061,-0.196,0.888,0
C00134,1,-0.934,-0.772,-1.864,1.164,-1.526,-0.539,1
C00049,5,1.262,1.045,0.341,-0.203,0.604,-0.547,1
C00773,4,-0.499,-1.058,-0.873,-0.494,0.707,0.509,0
C00671,2,0.254,0.651,1.092,-0.402,1.618,0.048,1
C00481,1,0.189,-1.927,-0.198,0.036,-1.489,-0.528,0
C00599,0,-0.059,0.537,0.269,-1.517,-1.207,1.705,0
C00401,1,-0.108,-1.041,-0.259,0.084,1.589,-0.022,1
C00081,0,-0.153,1.451,-1.435,1.675,-0.48,2.337,0
C00751,0,1.479,-0.463,1.293,-0.93,-0.643,1.101,1
C00429,2,1.168,1.008,-0.571,-0.644,0.308,-1.399,1
C00293,4,-0.131,-1.521,1.641,-2.282,0.649,-0.252,1
C00251,2,1.933,-0.726,-0.026,-0.945,-1.029,-0.462,1
C00709,0,-0.648,1.697,1.852,-0.465,-0.1,0.268,1
C00341,2,1.416,0.444,1.016,1.616,-0.471,-2.525,1
C00590,1,-2.001,-0.938,-0.624,0.087,-0.045,-1.038,1
C00654,5,-0.088,1.325,-0.338,0.131,0.955,-1.452,0
C00160,2,0.477,1.408,-0.881,1.04,0.583,0.159,1
C00544,3,-0.683,0.889,-1.715,-0.764,-0.282,0.383,0
C00553,0,-0.804,1.248,1.515,2.127,0.123,1.565,0
C00310,4,1.821,-0.505,-0.292,0.71,-1.185,0.164,1
C00714,1,1.517,-1.128,-1.876,1.087,-1.007,-0.561,1
C00314,0,0.635,1.338,0.504,0.153,2.097,0.953,1
C00726,3,0.249,-0.925,-0.613,1.373,1.0,2.088,1
C00502,5,-0.03,2.038,-0.737,-1.272,1.023,-1.294,1
C00082,2,2.473,0.893,1.661,-0.409,1.118,2.59,1
C00629,0,0.086,-0.396,0.085,-0.332,-0.587,0.672,1
C00574,4,1.12,0.713,0.51,1.257,-0.497,-2.2,1
C00334,0,2.093,0.222,-1.331,-0.704,-0.251,1.177,1
C00727,3,-0.123,0.821,1.055,2.0,1.157,-0.347,1
C00772,4,-0.059,-0.276,0.437,0.375,-1.36,-0.691,0
C00293,3,0.274,-1.149,0.277,-3.396,1.223,-0.619,1
C00673,1,-0.819,0.885,0.443,-1.302,0.136,-0.956,1
C00274,1,-2.08,-1.354,2.743,0.329,1.013,-0.858,0
C00497,4,1.002,0.111,2.502,-0.141,-1.074,1.17,1
C00721,3,1.298,0.125,-0.237,0.96,-0.104,-0.82,1
C00149,3,-0.091,0.486,0.424,-0.393,0.092,1.061,0
C00608,5,0.748,-0.516,0.631,-0.565,1.255,0.566,0
C00282,2,0.594,2.547,-1.172,-0.343,-0.715,0.045,0
C00524,4,1.705,1.057,-1.473,-1.988,-0.794,-0.949,1
C00025,1,1.461,-0.08,0.975,0.242,1.399,-1.723,0
C00585,2,0.751,-0.36,-0.519,0.454,2.722,-0.832,1
C00144,4,1.456,-0.545,-2.413,1.216,1.848,-0.212,1
C00397,5,-0.431,-2.242,-0.601,-0.267,-0.911,1.807,0
C00572,1,1.853,1.355,-1.488,0.653,-0.473,0.212,1
C00511,4,-0.348,-1.511,0.282,-0.603,1.765,-0.717,0
C00434,4,-1.688,0.617,-1.605,0.43,0.425,0.167,1
C00698,0,-1.652,0.52,0.213,-0.03,-1.607,0.298,0
C00048,1,0.418,-0.058,0.188,-1.127,1.0,-0.021,0
C00200,0,-1.712,-0.058,-0.998,-0.836,-0.287,-2.404,0
C00640,0,1.221,-0.07,0.816,-0.52,1.879,1.412,1
C00168,3,-1.731,-0.253,-0.269,2.08,0.087,-2.048,0
C00648,3,-0.267,0.344,-1.275,-2.454,0.719,0.148,1
C00710,1,0.268,-0.927,-0.278,-0.759,-0.568,0.608,1
C00538,0,0.479,1.267,-1.229,0.033,-0.181,0.183,0
C00678,2,-1.344,0.349,-1.701,0.53,0.911,0.846,0
C00387,3,0.96,-1.589,-1.148,1.151,0.44,-0.651,1
C00174,0,0.834,2.129,1.21,0.673,0.285,-1.914,0
C00476,3,2.32,-2.32,1.231,-0.084,-0.671,0.109,1
C00705,2,-0.922,0.38,-1.384,0.581,-0.023,-1.026,0
C00630,2,0.805,-2.757,-1.085,0.657,-0.501,1.447,1
C00091,2,-0.965,1.164,0.696,-0.127,-0.167,0.7,0
C00774,2,0.358,0.289,-1.28,-0.789,2.227,-0.893,1
C00416,1,-0.927,0.967,-1.714,0.303,-0.506,-0.225,0
C00580,2,-0.292,1.346,-0.808,-0.106,1.837,-0.719,0
C00730,2,1.568,0.747,-1.269,2.961,-0.08,-0.076,1
C00474,2,1.617,-0.047,-0.15,-0.594,0.56,1.919,1
C00176,5,1.95,0.018,0.833,-0.828,0.072,-0.205,0
C00415,1,-0.113,-0.403,0.559,-0.008,0.628,0.766,0
C00446,1,-0.554,-1.465,0.963,1.386,-0.249,-0.183,1
C00569,5,1.271,-0.359,-0.222,-1.398,0.414,0.453,1
C00137,3,-1.049,-0.644,0.063,-0.16,-1.177,1.276,0
C00107,5,0.246,-0.126,-0.906,-0.159,-1.012,2.724,1
C00656,3,-0.476,0.1,-0.075,0.02,1.512,2.418,0
C00360,4,0.208,0.242,0.486,-1.158,0.939,0.809,1
C00395,2,0.438,-1.712,-1.004,-0.726,-0.303,2.511,1
C00490,4,-1.466,-0.148,1.289,-1.442,-0.242,-0.225,0
C00419,3,1.048,0.779,-0.176,-0.117,1.054,-1.149,0
C00175,0,-0.312,0.299,0.047,-0.411,-1.651,-0.767,0
C00567,1,0.763,-2.043,-0.858,0.949,0.316,-0.372,1
C00691,0,0.284,1.338,0.487,-1.121,-0.061,0.994,0
C00535,1,1.665,1.367,-1.095,1.865,-1.592,-0.048,0
C00746,0,-0.093,0.062,-0.071,-0.954,0.726,-0.07,1
C00505,1,1.099,-0.508,-2.382,1.506,0.833,-0.793,0
C00791,3,1.981,1.344,-1.246,-1.22,2.068,-1.438,0
C00090,1,1.793,-0.184,-0.031,1.129,1.223,-2.248,1
C00163,1,-0.803,1.063,-0.312,-1.418,-1.325,-1.105,0
C00472,2,-1.216,-0.595,-0.974,-0.42,0.771,1.021,0
C00270,1,-0.33,-1.167,-0.733,-0.912,-0.283,1.594,1
C00107,2,-0.116,-0.12,-0.292,-0.019,-0.508,2.656,1
C00423,3,-1.351,0.257,0.022,0.874,0.64,0.117,0
C00260,1,0.253,-1.044,1.571,-1.266,-2.351,-0.52,1
C00579,2,-0.456,2.916,-1.669,-0.758,-2.347,-0.414,0
C00298,4,1.169,-0.659,-0.237,0.369,0.545,-0.807,0
C00182,4,0.497,-1.081,0.176,1.91,-0.217,-2.034,0
C00660,0,-1.958,-0.706,-1.303,-2.145,-0.368,1.392,0
C00636,2,0.456,-0.478,-2.174,-0.982,0.082,0.44,0
C00329,3,-1.245,-0.051,-0.493,0.322,-0.757,0.623,1
C00755,5,1.318,0.177,-0.896,0.247,-0.215,-2.157,1
C00753,4,0.349,-0.055,-1.168,-3.075,1.241,-2.191,1
C00709,4,-0.279,0.939,0.976,-0.986,-0.158,0.122,1
C00227,4,-0.07,-0.083,-0.77,0.257,-0.753,-0.22,1
C00545,0,-0.223,-0.831,0.834,0.132,-0.487,-1.253,0
C00130,4,-0.938,0.032,-2.412,-2.037,-1.535,-0.98,0
C00753,3,0.153,0.695,-0.721,-2.332,1.276,-1.782,1
C00742,1,0.002,0.522,0.634,-1.503,0.775,-1.587,1
C00720,4,-0.639,0.985,-1.133,-1.403,0.919,-0.669,1
C00556,0,-0.448,2.01,2.684,2.863,1.141,-0.133,0
C00398,0,0.946,-0.88,-0.066,0.976,1.482,-1.521,1
C00620,1,-1.412,-0.025,-0.474,-0.613,-1.196,-0.389,0
C00026,1,0.026,-0.798,0.223,-1.5,2.076,0.782,1
C00677,0,0.24,-0.516,-1.549,0.618,0.913,1.543,1
C00539,5,0.304,-2.386,-1.113,-1.088,-0.625,-0.71,1
C00086,5,-1.652,-1.224,-0.411,-1.588,1.151,1.388,0
C00030,3,0.296,-1.608,-0.639,1.328,0.188,-1.289,1
C00770,2,-1.625,2.301,0.994,0.643,-0.824,1.463,0
C00530,4,0.223,-0.035,0.476,-1.191,-0.949,-1.268,1
C00319,3,-1.051,0.549,-0.04,-1.252,0.737,-0.074,0
C00363,2,-1.223,-0.729,-0.904,1.32,0.01,-0.703,0
C00776,3,-1.793,1.988,0.623,0.147,0.484,-1.261,0
C00541,1,-0.851,-2.59,-0.831,0.017,-0.96,0.798,1
C00012,3,0.295,0.7,1.205,-2.669,-0.345,-0.154,1
C00518,0,-1.294,1.049,-0.993,0.459,0.852,1.962,0
C00501,2,-0.442,1.569,-0.421,0.741,-0.61,0.05,0
C00564,1,1.065,-1.662,-1.518,-0.451,-0.949,0.165,1
C00531,4,1.415,-0.675,-0.111,-0.903,0.873,0.478,1
C00019,5,0.963,0.321,-0.163,-1.415,-0.257,0.108,0
C00213,3,0.414,2.058,-1.35,-0.773,0.966,-1.393,1
C00487,0,1.215,-1.942,-1.24,-0.205,2.078,-1.984,1
C00763,0,-0.676,-2.165,-0.262,-0.618,0.893,0.41,1
C00351,5,-0.886,-0.527,0.523,-1.173,-1.357,0.819,1
C00631,0,1.187,0.677,0.339,-0.031,0.332,-1.355,1
C00478,0,1.711,-1.731,0.598,2.012,2.032,0.81,0
C00049,2,1.206,0.575,0.927,0.551,1.543,0.229,1
C00046,1,1.98,-0.472,-0.904,-0.281,0.053,-0.776,1
C00746,1,-0.274,0.373,0.16,-1.257,0.74,-1.166,1
C00530,3,0.795,0.24,0.571,-1.188,-0.364,-0.877,1
C00400,3,-0.785,0.485,1.372,0.371,0.512,0.482,0
C00024,4,-1.778,-0.909,-1.978,0.334,-1.65,-1.304,0
C00375,3,-2.413,0.975,1.582,-1.176,0.486,1.582,1
C00586,1,0.605,0.918,-1.815,-1.049,0.582,-1.34,0
C00799,2,-1.761,-1.401,-0.235,0.355,1.639,-0.497,0
C00527,2,0.091,1.161,-0.152,-1.248,-0.284,-2.358,0
C00586,4,0.595,0.345,-1.525,-0.54,0.347,-1.622,0
C00040,0,0.895,1.104,-1.464,-0.257,-1.13,0.316,1
C00506,3,-0.216,0.149,0.366,-1.819,0.6,0.39,1
C00037,2,-0.979,1.091,0.135,0.514,0.052,-0.015,0
C00716,4,-0.034,-1.005,0.505,-1.042,-0.609,0.145,0
C00083,3,0.703,0.358,1.683,-0.693,0.071,0.452,1
C00215,3,1.651,1.472,0.271,-0.353,-0.491,2.678,1
C00654,3,0.454,0.657,-0.526,0.083,0.826,-1.489,0
C00346,0,-0.121,0.229,2.199,0.091,0.253,1.452,1
C00146,2,1.181,-0.401,2.285,0.023,-1.29,1.806,1
C00669,4,0.171,-0.222,-0.865,0.695,0.016,0.788,0
C00769,1,0.291,-0.597,-0.211,0.903,-0.651,-0.236,1
C00304,2,-0.698,-1.667,1.056,-0.779,1.019,0.196,0
C00311,1,0.806,-0.333,-0.597,0.171,0.522,-0.92,1
C00071,3,-1.47,-0.243,1.061,-2.258,0.392,-0.021,0
C00135,3,-0.211,-1.308,-0.174,1.542,-2.092,0.039,1
C00285,1,1.027,-0.279,0.218,0.431,-2.054,-0.462,0
C00056,0,1.235,-2.057,-0.002,-0.109,-1.474,-0.641,1
C00428,1,-1.521,0.509,-1.314,1.625,-0.673,0.31,0
C00489,0,1.054,-0.015,-0.484,0.613,-0.654,1.346,1
C00575,3,0.157,0.22,0.08,-0.183,0.045,1.944,0
C00400,0,-1.734,0.885,2.056,0.116,-0.171,-0.168,0
C00047,1,1.085,0.811,-0.236,-0.579,-1.344,-2.157,1
C00021,3,-0.759,1.657,-1.644,-0.23,-1.484,1.508,0
C00535,0,1.425,1.45,-0.569,1.672,-1.629,-0.128,0
C00335,3,0.606,-1.613,-0.947,-0.329,-0.31,-0.448,1
C00785,3,0.087,-1.62,1.095,-1.048,1.02,0.248,0
C00138,3,-0.176,0.567,-1.714,0.146,0.261,-0.872,1
C00606,1,-1.974,1.271,0.461,1.403,-1.671,-0.467,0
C00459,3,-1.316,-0.303,-1.1,-2.083,0.779,-1.729,0
C00193,1,2.192,0.33,-0.586,-0.082,-1.744,-0.8,1
C00508,2,1.193,-0.122,0.338,1.623,0.034,0.42,1
C00465,3,-0.467,-0.49,0.553,0.876,1.49,-1.046,0
C00263,5,-2.019,0.161,0.854,0.93,-0.464,-1.816,0
C00551,1,-0.002,1.566,-0.594,-0.967,-0.377,0.331,0
C00419,4,0.635,-0.489,0.021,-0.781,0.37,-0.615,0
C00390,1,-1.755,0.319,-2.414,0.407,2.222,1.658,1
C00426,5,-0.066,-0.292,0.23,-1.429,-0.751,3.117,1
C00155,1,1.599,0.263,1.287,1.355,0.877,1.91,1
C00646,0,1.342,0.521,0.534,0.57,-1.292,0.49,1
C00673,2,-0.994,1.306,0.898,-0.324,0.01,-1.369,1
C00521,3,0.854,-0.209,1.105,0.021,-0.996,1.055,0
C00494,0,1.895,0.198,-0.757,-0.132,2.721,1.735,1
C00376,1,-0.657,-0.593,-1.304,-0.592,1.131,-1.775,0
C00061,0,0.656,-1.482,1.406,-0.512,0.342,0.02,1
C00370,2,-0.201,-1.953,-1.781,-0.799,0.812,0.836,1
C00204,2,-0.534,0.187,-0.297,-0.461,0.893,-0.89,0
C00318,4,0.428,-0.55,-0.724,1.748,-0.393,-1.351,1
C00685,1,-0.491,0.788,-0.134,-0.631,-2.508,-0.791,0
C00646,5,1.037,-0.527,0.779,0.888,-1.858,0.142,1
C00161,4,0.392,-0.588,-2.183,0.714,-0.22,0.137,1
C00400,5,-1.64,0.853,0.7,-0.037,0.496,1.291,0
C00530,2,0.17,-0.959,0.118,-0.105,-1.514,-1.162,1
C00523,0,-0.118,1.706,-0.32,1.205,2.263,-1.75,0
C00791,2,1.397,0.693,-1.33,-1.422,2.647,-1.227,0
C00204,4,-0.488,-0.335,-0.479,-0.785,0.765,-0.811,0
C00312,3,0.096,-1.031,0.604,-0.255,1.08,0.506,1
C00748,1,-0.277,-0.284,-1.34,-0.482,-0.244,-0.632,1
C00034,1,0.515,-0.745,0.293,0.502,0.039,-0.837,1
C00546,3,-1.593,0.566,0.363,-0.955,0.929,-0.535,0
C00504,4,2.967,0.834,0.96,1.32,0.214,-0.965,1
C00740,3,0.551,-0.269,0.507,-0.712,0.178,0.796,1
C00002,2,-0.615,-0.754,0.01,0.771,0.072,0.525,1
C00346,1,0.175,0.229,1.239,-0.078,0.025,1.185,1
C00136,0,-0.422,-0.464,-0.831,0.55,-0.204,2.206,0
C00244,2,1.349,0.514,1.076,1.583,-1.314,-0.93,0
C00019,0,0.618,-0.042,-0.237,-1.445,0.182,-0.22,0
C00135,1,-0.685,-0.742,-0.313,1.923,-2.616,0.174,1
C00722,4,1.554,-0.683,1.094,-0.404,0.574,-0.181,0
C00312,5,-1.089,-1.677,0.958,-1.225,1.022,-0.471,1
C00189,1,-0.686,1.612,-2.312,-1.121,0.451,0.238,1
C00658,2,-1.998,0.603,0.968,1.929,1.47,0.847,0
C00170,4,1.022,0.128,0.12,0.258,0.266,-1.608,1
C00365,2,-1.198,-1.142,1.718,-0.201,1.007,0.343,0
C00441,1,0.258,-2.201,-0.266,-1.009,0.682,1.079,1
C00522,1,0.526,-0.8,0.153,1.758,-0.727,0.5,1
C00755,0,1.208,0.441,-1.609,0.22,0.131,-1.882,1
C00005,3,-1.29,-0.163,0.445,2.115,-0.321,2.724,1
C00340,0,-0.094,1.052,-1.63,0.38,0.157,-0.375,0
C00237,2,1.875,0.549,0.091,2.833,0.456,1.277,1
C00424,1,0.188,2.39,-0.248,-0.902,0.784,-0.707,1
C00562,2,-2.752,-0.911,0.304,-1.685,-0.751,-0.192,0
C00015,1,-0.884,0.2,1.19,-0.608,0.185,-0.356,0
C00112,3,1.896,-0.702,-1.583,1.956,-0.676,-0.559,1
C00291,0,0.02,0.163,0.803,-1.246,0.377,0.143,0
C00579,3,-1.146,2.961,-0.963,-0.274,-1.717,0.242,0
C00495,2,-0.744,1.786,-0.336,-0.111,1.928,1.331,0
C00445,0,-0.114,-1.428,0.945,0.907,-0.459,2.153,1
C00478,4,0.188,-1.152,0.109,2.828,2.598,0.665,0
C00354,0,1.396,0.171,0.707,0.499,-0.206,-0.041,1
C00338,1,-1.726,0.772,-0.459,0.66,-0.524,-0.679,0
C00024,0,-1.589,-0.783,-2.057,0.997,-1.653,-1.259,0
C00519,1,0.222,-0.226,-0.243,1.256,-1.3,0.557,1
C00239,1,0.917,-1.072,1.397,-0.694,-1.663,-0.251,1
C00597,4,0.164,-0.501,-0.077,-2.542,-1.125,0.354,1
C00398,2,0.069,-0.341,-0.725,1.598,0.916,-1.968,1
C00626,1,-0.534,1.798,-0.045,-1.609,-0.815,0.204,0
C00725,1,-0.23,-0.194,0.733,-0.405,-1.231,0.311,0
C00666,2,-1.033,-0.802,0.765,1.38,-1.289,-0.048,0
C00357,3,0.267,0.645,1.275,-1.06,0.442,-0.927,0
C00136,5,-0.519,0.4,-1.055,0.265,-0.132,1.84,0
C00719,1,1.162,-2.84,1.779,-0.337,-0.783,0.81,0
C00088,0,-3.075,-1.596,0.407,1.36,-0.85,-0.027,0
C00596,3,0.965,1.225,-0.805,-0.854,0.367,-1.861,0
C00362,2,0.925,1.649,1.05,-1.356,-1.495,0.625,0
C00023,3,1.568,1.318,0.301,0.781,0.768,-0.131,0
C00061,4,0.192,-1.549,2.072,-0.585,1.391,-0.777,1
C00664,2,0.497,0.926,-0.311,-3.199,0.598,0.189,1
C00263,0,-2.436,-0.024,0.998,0.441,0.293,-1.813,0
C00072,4,1.259,-1.575,0.623,-0.628,-0.522,-0.343,0
C00597,0,-0.746,-0.701,0.029,-1.888,-0.779,-0.155,1
C00009,1,0.283,1.204,0.415,-0.094,-0.766,-0.707,0
C00165,0,1.97,0.801,0.839,-0.527,-0.657,-1.056,1
C00729,5,-0.056,0.357,0.664,1.036,-2.728,-2.533,1
C00166,0,-0.37,0.403,0.216,0.687,-1.507,1.212,0
C00100,4,1.591,-0.612,1.078,0.662,-0.627,-0.576,1
C00429,3,2.3,-0.572,-1.006,-0.366,0.058,-1.625,1
C00147,3,-0.402,1.18,2.271,0.031,1.242,-0.784,0
C00601,5,-1.609,0.307,-0.453,-0.188,1.009,-1.091,0
C00267,4,0.753,-0.075,-1.499,-1.183,-0.357,0.19,1
C00717,1,0.516,0.137,-0.07,-0.028,0.989,0.654,1
C00092,1,0.517,-0.486,0.297,-1.405,0.901,-1.058,0
C00070,0,-0.096,-0.055,-0.855,-3.585,-1.901,-1.322,0
C00145,3,-1.089,-0.083,-0.175,-1.335,-0.624,1.197,0
C00075,2,1.723,-2.282,1.778,0.422,0.722,0.178,1
C00097,4,-0.722,-1.602,-0.256,-0.114,0.151,0.592,0
C00155,3,0.694,-0.561,1.769,1.303,1.272,1.646,1
C00426,3,-0.055,-0.487,-0.294,-0.626,-0.422,2.992,1
C00382,3,-0.962,0.642,-1.485,1.858,-0.274,-1.639,0
C00271,4,-0.187,-1.456,-0.226,-1.541,0.715,0.925,1
C00743,1,2.096,-0.911,1.124,0.784,-0.251,0.77,1
C00255,2,0.555,-1.119,1.952,1.304,0.338,0.518,1
C00083,1,0.606,0.207,1.344,-0.545,0.394,0.183,1
C00305,2,0.025,-0.101,2.721,-1.39,-1.1,1.065,1
C00297,2,-1.184,0.32,-0.296,0.828,-0.216,0.071,0
C00166,1,-0.851,1.179,0.127,0.163,-1.654,0.523,0
C00485,4,0.51,-0.296,1.071,-0.827,-0.065,-0.484,1
C00098,2,-0.108,-2.369,-2.03,1.6,0.848,-0.599,1
C00266,0,-1.028,-0.23,1.267,-0.398,-1.894,2.024,0
C00153,3,-0.694,-0.278,1.797,-0.287,-1.539,-1.44,1
C00499,5,1.698,3.435,-2.908,1.232,-0.068,-0.675,0
C00359,1,0.794,-1.106,-1.359,-1.858,0.373,-1.0,1
C00183,4,0.15,-0.205,-1.709,-0.645,2.76,-0.276,1
C00211,5,-0.473,-1.915,-1.361,2.429,-0.369,0.927,1
C00707,3,0.576,1.036,0.019,2.099,1.211,1.868,1
C00541,3,-1.463,-2.007,-1.074,-0.296,-2.55,0.276,1
C00385,1,1.203,2.208,0.657,-0.681,-0.282,1.206,0
C00315,2,0.147,-0.117,-0.276,-1.351,0.316,2.053,0
C00314,1,0.326,0.835,0.261,-0.927,1.854,1.147,1
C00794,0,0.407,-0.342,-0.467,-0.286,1.252,-0.648,0
C00707,1,0.165,0.473,0.65,1.652,0.196,1.75,1
C00262,1,0.603,-0.669,1.14,0.008,-0.072,-0.545,0
C00696,1,1.191,-0.386,0.141,-0.247,0.02,-1.248,1
C00446,0,-0.157,-1.381,2.162,-0.162,-1.441,-0.152,1
C00277,5,3.396,1.821,0.744,0.416,-0.24,-0.012,1
C00547,5,0.321,-0.588,0.101,-1.14,-1.324,-0.477,1
C00004,1,-0.428,-1.03,-0.306,-1.193,-0.411,-0.94,1
C00289,2,-0.896,0.505,-0.78,0.247,1.67,0.561,0
C00625,1,-0.937,1.606,0.433,-0.383,2.452,1.357,0
C00540,2,0.691,1.633,-1.631,0.754,0.011,0.534,0
C00510,2,-1.1,0.954,0.642,-1.28,-0.389,0.18,1
C00687,4,-0.539,1.086,0.62,-0.396,0.033,1.093,0
C00147,1,-0.916,1.494,2.149,-0.916,1.302,-0.328,0
C00747,3,-0.799,-0.188,-1.454,-0.116,1.945,0.567,0
C00430,1,-0.355,0.609,0.507,-1.515,0.145,-0.128,0
C00186,5,0.083,-0.612,-1.212,-0.433,2.107,-0.664,0
C00152,2,2.211,-0.287,-0.398,0.276,0.993,0.715,1
C00659,4,-0.622,-1.259,1.747,-0.491,-1.307,-0.296,1
C00302,0,3.417,-0.896,0.816,2.399,0.106,-1.32,1
C00252,4,-2.039,1.218,0.26,-0.114,0.919,-0.718,0
C00193,0,1.66,1.45,0.031,0.169,-2.756,-0.622,1
C00133,0,1.058,-1.362,-0.757,1.6,0.173,-1.949,1
C00184,3,1.545,0.601,-0.395,-0.051,-0.731,0.18,1
C00654,4,0.559,1.447,-0.44,0.642,0.871,-0.447,0
C00138,0,-0.024,0.185,-2.231,0.202,0.287,-0.999,1
C00200,1,-1.297,1.036,-1.226,-0.362,-0.373,-2.022,0
C00645,3,0.344,0.531,-0.579,-1.335,0.602,0.14,0
C00388,0,-1.048,0.316,0.485,-0.908,1.373,-0.668,0
C00609,1,0.14,-0.603,1.284,-0.03,-0.573,0.941,1
C00456,0,-0.388,-1.296,-0.953,-0.525,1.198,0.158,1
C00611,3,0.514,-0.159,-0.091,0.005,0.96,-0.383,1
C00791,4,2.155,1.734,-1.161,-0.685,2.132,-1.02,0
C00069,0,-0.647,0.215,1.27,-0.069,0.007,-1.038,0
C00153,0,-0.666,-0.128,1.471,-0.851,-1.385,-2.584,1
C00262,3,1.354,0.148,-0.398,0.545,-0.539,-1.361,0
C00616,5,-0.528,0.703,-1.031,-1.095,1.76,-0.438,0
C00137,1,-1.169,0.492,0.469,0.085,-2.104,0.627,0
C00740,1,-0.01,-0.74,-0.419,-1.27,0.582,0.555,1
C00482,2,-0.351,2.975,0.909,-0.598,-0.998,0.933,0
C00225,0,1.198,1.275,0.402,1.171,-0.445,-0.191,0
C00329,2,-1.743,-0.155,-0.091,0.615,-0.94,0.267,1
C00244,0,1.5,0.502,1.246,1.113,-1.357,-1.617,0
C00187,2,0.358,2.49,1.913,-1.259,-0.871,0.709,0
C00669,2,0.556,-0.023,-0.931,-0.075,-0.572,1.202,0
C00171,2,0.532,1.362,0.586,0.14,1.369,1.41,0
C00133,1,1.383,-0.493,-1.202,1.129,0.165,-2.531,1
C00035,4,1.245,-0.161,-0.561,-0.288,0.929,0.427,0
C00268,0,2.762,0.249,1.629,-0.899,0.121,0.118,1
C00504,0,2.234,-0.465,0.757,0.693,0.1,-0.35,1
C00545,2,-0.235,-0.094,2.389,0.798,0.615,-1.62,0
C00020,4,-1.885,-0.991,-0.355,1.102,-1.693,-0.41,1
C00275,5,0.755,0.93,-0.052,-0.453,0.773,2.701,0
C00163,0,-0.515,-0.005,-0.128,-2.357,-0.76,-1.185,0
C00072,1,1.241,-1.428,1.422,-0.481,0.086,-0.506,0
C00646,1,1.321,0.306,0.97,0.902,-1.874,-0.21,1
C00640,3,2.338,-0.21,0.234,-1.116,2.27,0.479,1
C00379,3,0.348,1.126,0.548,-0.005,-0.255,0.4,1
C00640,2,1.817,-0.221,0.352,-0.977,2.143,1.837,1
C00131,0,-1.288,0.785,0.503,-1.244,0.002,0.163,0
C00296,2,1.17,0.031,-1.713,1.406,0.104,1.224,1
C00492,1,-1.3,0.396,1.374,-0.284,0.66,-1.471,0
C00773,1,-0.918,-0.368,-0.076,-0.973,0.15,0.419,0
C00347,2,2.078,1.238,0.474,-2.628,-1.437,0.855,0
C00667,3,0.436,0.178,1.182,1.428,1.142,-1.359,0
C00345,0,0.327,-0.806,-1.649,1.91,0.256,-1.945,1
C00689,3,1.324,-1.883,-1.38,1.62,1.334,-1.002,0
C00070,2,0.337,-0.64,-0.305,-2.692,-0.685,-1.45,0
C00428,2,-0.736,-0.082,-1.154,1.364,-0.719,1.026,0
C00140,2,2.047,0.303,-0.314,1.838,0.166,1.507,1
C00477,2,0.635,-1.684,-0.102,1.128,0.395,-1.0,0
C00453,2,0.727,-0.624,-0.713,-1.883,-0.222,-0.454,1
C00636,3,0.501,-0.89,-2.501,-2.25,0.951,-0.091,0
C00327,2,2.094,-1.218,1.26,-1.073,1.324,0.712,1
C00407,1,0.906,0.207,-2.889,-0.154,-0.492,0.488,0
C00774,3,0.236,0.062,-1.511,0.006,1.431,-0.085,1
C00100,2,1.849,-0.954,1.699,0.196,-0.583,-1.261,1
C00233,0,-0.05,-0.52,0.495,0.121,0.877,0.427,1
C00311,5,0.383,-0.785,-0.009,-0.583,0.587,-0.003,1
C00349,3,-1.452,-1.227,-0.455,-1.591,-1.177,-2.065,0
C00438,1,0.143,0.348,-0.344,-1.027,-0.815,1.442,0
C00585,1,0.9,-0.041,-1.548,0.512,2.785,-0.224,1
C00091,0,-0.829,0.641,1.095,-1.034,0.179,1.224,0
C00162,3,-0.465,-0.956,1.256,0.56,-1.299,1.364,0
C00417,1,-0.947,0.176,0.134,-1.07,-0.052,1.107,0
C00310,2,1.897,-1.162,-0.571,0.954,-1.974,-0.3,1
C00319,4,-0.531,1.087,-0.405,-0.692,0.857,0.425,0
C00108,1,0.415,1.764,-1.595,-1.062,-1.165,0.067,0
C00609,3,-0.058,-1.127,1.162,0.76,-0.008,-0.18,1
C00081,1,-0.972,1.376,-1.654,2.821,-1.138,1.735,0
C00216,4,-2.42,-0.291,-1.198,0.983,-0.702,0.272,0
C00269,2,0.743,-1.296,-0.272,-0.083,1.18,0.301,1
C00704,1,-1.442,0.12,-0.9,-0.389,-0.837,-0.509,0
C00087,0,0.673,-2.038,1.23,-0.008,-0.073,-1.085,1
C00546,1,-1.326,0.18,0.626,-0.923,1.545,-0.611,0
C00317,2,-0.424,1.323,0.805,-1.862,0.404,-0.927,1
C00019,3,1.449,1.227,-0.583,-0.661,-0.09,-0.184,0
C00393,1,-0.032,-0.291,1.788,-1.58,0.07,-0.75,0
C00494,1,1.868,0.029,-0.664,0.214,1.643,0.907,1
C00607,3,-1.563,-1.548,-0.138,-1.204,-0.282,-2.45,0
C00409,3,-0.19,0.431,0.681,0.646,-1.252,1.322,0
C00183,1,0.054,0.224,-2.464,-1.317,2.713,0.144,1
C00093,2,0.291,0.903,0.631,-0.197,-1.172,-0.227,0
C00419,2,0.323,0.596,0.153,-1.084,1.242,-0.147,0
C00686,2,-0.317,1.964,0.583,0.038,-0.214,0.224,0
C00740,5,-0.324,-0.628,0.347,-1.323,0.08,1.194,1
C00614,1,0.987,-0.532,0.509,-0.862,-3.371,0.212,1
C00060,1,0.793,0.719,1.149,-1.07,-0.858,0.664,1
C00644,1,-2.817,0.154,-1.271,-0.869,-1.898,2.349,0
C00073,5,0.076,-0.619,1.298,-1.58,0.354,0.196,1
C00596,2,1.038,0.975,-0.6,-1.214,0.789,-1.668,0
C00618,3,-0.844,0.584,0.627,0.818,0.959,-0.47,0
C00565,1,0.676,-0.074,0.182,1.609,0.127,0.844,1
C00248,1,0.571,-1.419,0.329,-0.135,0.391,0.122,1
C00351,3,-0.69,0.04,0.322,-1.523,-0.818,0.996,1
C00151,3,-0.109,0.648,-0.232,0.89,-0.069,-1.805,1
C00000,0,-0.438,0.707,2.156,-1.996,0.964,-0.034,1
C00353,1,0.54,0.762,-0.251,0.553,-0.213,0.769,1
C00380,0,1.599,-0.631,0.274,-1.465,0.62,1.006,0
C00315,5,0.408,-1.105,-0.019,-0.872,-0.055,2.664,0
C00448,3,0.453,-0.377,-0.777,2.073,-0.025,1.278,1
C00445,1,-0.31,-1.053,-0.55,0.439,-0.857,1.087,1
C00443,0,0.654,-0.187,0.315,-0.023,-0.466,0.055,1
C00660,1,-1.873,-0.504,-1.337,-1.921,-0.18,0.767,0
C00252,2,-1.09,0.579,0.333,-0.301,1.385,-1.025,0
C00512,0,-1.225,-0.949,-1.685,-0.294,1.389,-0.524,0
C00276,3,1.071,-0.469,1.35,1.053,-1.747,-2.213,1
C00710,0,-0.436,-0.838,-0.358,-0.794,-0.046,0.751,1
C00526,3,0.381,2.248,1.103,-0.149,-0.574,1.395,0
C00477,0,-0.088,-2.124,0.298,0.72,0.983,-1.351,0
C00502,2,0.244,2.022,-0.306,-1.226,0.983,-1.026,1
C00798,1,0.354,-2.51,0.974,0.969,-2.165,-1.828,1
C00257,4,3.103,-1.838,-1.736,0.153,-0.935,-1.136,1
C00644,2,-2.771,0.571,-0.071,0.02,-1.19,2.3,0
C00051,0,-1.501,-0.461,0.071,0.741,0.326,-2.866,0
C00793,1,-0.22,-0.25,-1.756,1.371,-0.081,1.452,0
C00717,0,0.837,-1.179,0.994,-0.225,1.327,0.929,1
C00596,4,1.255,1.321,0.243,-0.841,0.705,-1.54,0
C00372,4,0.885,-0.122,-2.654,-0.637,-1.343,0.578,1
C00206,2,0.96,3.45,2.062,-0.549,-0.345,0.077,0
C00730,1,1.736,0.872,-0.095,2.898,-0.583,-0.287,1
C00325,4,-0.251,0.998,1.273,-0.085,0.777,0.622,0
C00437,2,2.303,-1.146,-0.268,-1.01,-0.865,1.423,1
C00079,0,1.412,-1.224,-0.032,-1.349,-1.226,0.056,1
C00510,0,-1.027,0.663,-0.048,-0.845,-0.851,0.184,1
C00162,1,-0.289,-1.021,1.341,0.687,-1.459,0.069,0
C00005,1,0.094,-0.858,-0.717,2.137,0.421,2.553,1
C00641,0,-0.601,1.657,-0.772,-0.346,0.113,-2.461,0
C00320,2,2.067,-0.02,-0.756,-2.454,-0.806,0.785,0
C00758,1,-0.422,-0.23,-0.447,2.293,-0.479,-0.147,1
C00149,2,-0.42,0.365,0.181,-0.417,-0.163,0.64,0
C00699,4,-0.211,0.11,1.063,-1.241,-0.919,-1.437,0
C00277,2,3.924,1.948,0.992,0.895,-0.418,-0.136,1
C00000,3,-0.042,0.106,1.13,-2.097,0.949,0.49,1
C00485,0,0.278,-0.285,0.97,-0.935,-0.341,-0.206,1
C00185,2,-2.22,0.808,1.228,-0.011,-1.508,-1.441,0
C00532,2,0.916,0.356,-0.346,1.789,0.42,-0.7,1
C00062,2,-1.02,1.249,1.292,0.223,0.751,0.729,0
C00153,2,-0.16,-1.215,1.479,-0.36,-0.796,-2.39,1
C00233,2,-0.652,-0.366,-0.176,1.172,0.389,0.514,1
C00736,2,0.537,0.234,0.333,-1.057,0.577,-0.934,0
C00536,0,0.84,1.678,-0.344,0.319,-0.488,-0.667,1
C00780,0,0.066,0.169,1.512,-0.587,-0.151,-1.446,1
C00372,0,1.175,1.055,-2.342,-0.371,-1.078,-0.166,1
C00435,2,-1.402,0.479,-0.553,2.149,0.713,-0.962,0
C00277,1,2.161,1.43,0.904,0.92,0.48,-0.808,1
C00504,5,2.678,0.159,0.551,0.921,0.324,-0.516,1
C00288,0,-1.014,0.332,-1.34,-0.017,-0.279,1.322,1
C00414,2,-1.634,-0.505,-0.309,1.205,0.274,0.242,0
C00529,1,-0.584,-0.14,-1.323,1.261,0.39,0.859,0
C00321,1,1.818,0.422,0.172,1.851,-0.23,-1.33,1
C00593,4,0.955,0.261,0.165,0.24,0.837,-0.792,1
C00132,5,-0.022,0.688,-0.68,1.151,2.104,-0.504,0
C00286,0,2.462,1.146,-1.373,1.586,1.051,-0.07,1
C00555,0,0.404,-0.678,0.593,0.016,-1.774,2.398,1
C00012,4,0.153,0.812,1.258,-2.014,-0.983,-0.062,1
C00352,2,0.983,0.802,-0.079,0.53,-0.775,0.143,1
C00418,1,-1.424,-0.316,-0.745,0.511,-0.155,-0.129,0
C00220,1,0.689,-1.083,0.178,-0.064,-0.627,-0.317,1
C00309,0,0.792,-1.53,2.033,-0.184,-0.493,-0.81,1
C00049,3,0.738,0.858,0.428,-0.04,1.191,-0.348,1
C00142,2,0.765,-0.347,-0.866,-0.362,-1.3,1.616,1
C00436,1,0.15,-0.927,-0.155,0.444,1.03,-1.294,1
C00023,0,1.933,0.462,0.097,1.13,1.495,-0.649,0
C00670,4,-0.442,-0.863,-1.155,-0.924,0.339,-0.377,1
C00300,1,0.594,-2.471,0.123,0.676,-1.352,0.229,1
C00178,2,0.013,-0.633,1.263,-0.652,-1.35,-1.438,0
C00348,3,-0.675,-0.719,1.209,0.6,-0.119,0.874,0
C00127,2,-0.852,-0.768,-0.319,-1.688,0.238,0.815,0
C00406,1,1.389,-0.426,0.372,0.557,-2.794,0.729,0
C00026,0,0.288,-0.8,-0.05,-1.665,2.339,1.469,1
C00679,1,0.129,0.974,0.037,-0.91,-0.589,-0.655,0
C00711,4,0.371,1.882,0.052,0.657,0.931,-0.269,0
C00728,0,-0.894,1.075,0.283,-2.564,1.558,0.404,0
C00188,1,-0.724,-0.982,-1.288,-0.198,0.478,2.895,0
C00608,1,0.213,-0.176,0.296,-1.052,2.055,0.84,0
C00485,3,0.208,-1.203,1.628,-0.529,-0.368,0.225,1
C00679,2,0.967,1.408,-0.257,-1.066,0.312,-1.285,0
C00717,5,1.235,-1.765,-0.066,-0.495,0.213,-0.249,1
C00001,3,-0.978,0.56,-0.885,-0.758,-2.475,1.227,0
C00565,4,-0.401,-1.21,0.72,0.532,0.864,0.151,1
C00188,4,-0.623,-0.897,-1.178,-0.266,1.11,2.773,0
C00664,3,0.62,0.524,-0.572,-2.887,0.552,0.188,1
C00595,3,-1.644,0.121,0.134,0.526,-0.532,-2.15,0
C00758,3,-1.112,1.486,-0.399,1.94,-1.375,0.205,1
C00661,0,1.825,-1.379,1.795,1.104,-0.16,2.013,1
C00725,3,0.256,-0.22,0.031,0.017,-0.579,-0.15,0
C00087,3,0.008,-2.044,0.872,-0.427,0.035,-1.603,1
C00788,2,0.922,0.03,-0.995,-1.01,0.888,0.284,0
C00533,1,-2.924,-0.693,2.129,0.113,0.922,0.756,0
C00031,2,0.288,-1.49,0.88,1.806,1.09,-1.295,0
C00350,1,0.048,0.055,0.219,0.639,0.002,0.291,1
C00530,1,0.376,0.06,0.7,-1.112,-0.909,-2.015,1
C00522,2,0.231,-0.957,0.57,0.778,-0.119,0.056,1
C00223,3,-0.713,0.874,-0.085,0.407,-1.211,-0.719,0
C00591,3,0.013,0.24,-1.21,0.318,0.985,1.816,0
C00708,2,-0.264,1.438,-0.393,-1.596,-2.9,-1.197,0
C00059,2,0.579,0.929,0.405,-1.18,-1.578,0.83,1
C00738,3,0.301,-0.826,-0.843,-1.49,1.162,0.264,1
C00796,3,-0.397,-0.536,-0.09,-0.778,0.441,-0.595,1
C00693,2,-0.387,1.459,-0.296,2.195,0.695,1.898,0
C00086,2,-1.652,-0.48,0.248,-1.125,0.969,1.316,0
C00356,4,1.032,-0.88,-0.041,-0.074,-0.379,1.53,0
C00332,4,1.479,-0.211,-1.261,0.621,1.161,0.334,1
C00557,2,-0.71,0.16,0.045,-0.571,0.143,-0.946,1
C00329,1,-0.399,0.388,-0.661,1.28,-0.64,0.432,1
C00398,3,0.178,-0.142,-0.672,1.489,1.764,-1.546,1
C00446,3,0.029,-1.792,2.168,-0.671,-1.249,-0.001,1
C00110,1,1.76,2.541,-0.629,1.201,0.628,3.219,1
C00573,1,-1.224,-0.826,0.388,1.27,0.177,-0.337,1
C00681,1,-0.498,1.163,0.859,1.446,0.069,1.272,0
C00387,2,0.787,-1.526,-1.329,2.131,-0.745,-1.052,1
C00200,2,-1.176,0.576,-0.241,-0.738,-0.44,-1.501,0
C00453,0,0.074,-1.697,0.286,-1.744,-0.932,0.085,1
C00714,0,1.354,-1.009,-1.048,1.033,-1.477,-0.767,1
C00373,0,-1.23,-1.016,-0.055,-3.137,-1.631,1.763,0
C00120,3,0.437,0.027,0.353,0.892,0.05,-1.938,1
C00412,3,-2.341,0.407,-1.254,0.721,1.377,-1.4,0
C00752,3,2.26,-0.966,1.385,-0.803,-1.685,0.605,1
C00399,4,0.835,0.079,0.092,-1.548,0.095,-1.648,0
C00719,2,1.281,-2.295,1.385,0.135,-0.454,0.252,0
C00252,1,-1.994,0.737,0.983,-0.72,1.117,-0.881,0
C00211,0,0.477,-2.399,-1.213,1.964,-0.163,1.524,1
C00033,2,1.467,1.914,-1.226,-0.214,-0.853,0.542,1
C00370,3,-1.048,-2.367,-1.054,-0.661,0.658,0.781,1
C00376,3,0.169,-0.389,-1.971,-1.044,0.581,-1.285,0
C00528,3,0.811,0.894,-0.235,2.465,-0.156,-0.145,0
C00467,2,-0.211,0.511,1.192,1.344,-0.43,0.514,0
C00701,2,0.75,1.015,-0.51,-0.161,0.613,0.696,1
C00771,1,1.607,0.444,-1.019,1.552,-0.599,-0.015,1
C00785,1,-0.553,-1.446,0.212,0.114,1.246,-0.3,0
C00337,1,1.701,-0.865,-1.719,0.178,0.907,-0.751,1
C00098,0,-0.166,-1.431,-1.941,1.813,0.755,-0.191,1
C00645,2,-0.392,0.447,-1.541,-0.955,1.253,-0.142,0
C00209,2,0.856,1.325,0.762,0.683,-0.006,-0.441,0
C00630,0,1.006,-2.853,-1.181,0.521,-0.935,0.954,1
C00752,5,2.276,-1.787,1.136,-0.353,-2.175,-0.072,1
C00342,4,-1.998,-0.813,1.782,-1.284,0.167,1.279,1
C00409,1,0.115,0.885,0.297,1.191,-0.51,1.113,0
C00095,4,0.755,-0.825,0.636,0.292,-0.825,-0.071,1
C00292,0,2.296,0.209,-0.461,-1.095,-0.063,0.006,1
C00173,2,0.084,-0.273,1.873,1.194,-0.997,-0.177,0
C00194,0,0.321,-0.489,0.751,-0.874,0.191,-0.915,1
C00162,4,-0.282,-0.218,0.987,0.696,-1.458,1.53,0
C00637,2,0.075,-0.919,0.198,1.376,0.009,0.942,0
C00224,1,2.245,-2.434,-0.747,-3.832,0.136,-0.472,1
C00408,2,-1.354,0.345,0.683,0.98,0.756,0.705,0
C00129,2,-2.949,-0.177,-0.065,-0.211,-0.45,-1.221,0
C00290,0,0.05,0.608,0.95,-0.405,0.354,0.496,0
C00663,1,-0.293,-1.065,-1.066,-1.08,1.323,0.571,1
C00075,0,0.789,-1.595,0.838,0.068,0.3,0.217,1
C00546,5,-1.164,0.739,-0.062,-0.894,1.456,-0.638,0
C00228,3,-0.746,-0.38,-0.899,1.793,0.769,0.316,1
C00258,3,-1.221,0.535,-2.382,0.598,-0.07,0.082,0
C00556,3,0.095,1.504,2.761,1.913,1.473,-1.029,0
C00772,2,0.701,-0.698,0.216,0.503,-1.93,-0.537,0
C00344,5,-0.375,0.428,2.018,0.533,0.96,1.983,0
C00599,3,0.152,0.277,0.652,-1.712,-1.984,0.409,0
C00126,1,0.075,-0.14,-0.499,-0.302,-0.136,-1.084,1
C00141,4,0.763,1.242,-0.108,-0.248,-2.383,0.235,0
C00131,1,-0.668,0.779,-0.367,-1.961,-0.673,1.505,0
C00653,0,-0.111,0.603,-0.69,-2.207,-0.236,1.149,1
C00277,3,3.439,1.698,0.827,0.412,-0.878,-0.322,1
C00348,5,-0.45,0.115,1.308,0.634,-0.24,0.546,0
C00290,2,0.647,1.182,0.183,-0.319,0.351,-0.086,0
C00102,3,-0.552,0.132,-0.234,-0.688,0.181,0.1,0
C00177,1,0.204,0.4,0.162,-0.57,-0.599,1.53,1
C00060,0,0.365,0.605,0.887,-1.038,0.315,0.438,1
C00207,1,-1.484,0.874,-1.335,0.458,0.532,1.707,0
C00161,2,1.382,-0.745,-2.427,0.064,0.636,0.599,1
C00613,1,0.746,0.125,0.079,-0.551,0.558,-0.3,1
C00640,1,1.15,-0.289,0.687,-1.902,1.519,1.645,1
C00666,0,-0.468,-1.617,-0.532,0.987,-1.076,-0.572,0
C00727,4,-0.867,-0.523,1.566,1.55,0.998,-0.981,1
C00254,3,-0.406,-0.044,1.058,-0.338,-1.07,1.247,0
C00361,0,-0.217,0.501,-0.813,1.667,2.597,-1.003,0
C00684,5,1.014,-0.57,-0.858,1.821,1.394,-0.416,1
C00715,0,-0.22,1.935,-3.062,1.556,-0.012,-0.903,0
C00555,1,0.51,-0.086,-0.055,-0.336,0.219,1.403,1
C00129,0,-2.326,-1.869,0.175,0.112,-0.775,-0.503,0
C00487,4,1.678,-1.444,-0.429,0.548,1.19,-0.488,1
C00032,4,0.149,-0.991,0.318,0.563,2.193,1.666,0
C00247,5,-0.634,-0.099,0.354,-0.745,-0.241,0.589,1
C00620,3,-0.895,-0.215,-0.653,-1.145,-0.703,-0.066,0
C00424,5,-0.665,2.398,-1.271,-1.098,0.451,-1.005,1
C00701,1,0.495,0.504,-0.855,-0.076,0.544,1.368,1
C00189,3,-0.039,1.729,-2.287,-0.454,-0.279,-0.502,1
C00212,1,-1.584,0.546,0.177,-0.138,0.373,0.296,0
C00729,1,-0.239,0.317,-0.989,0.603,-2.233,-2.662,1
C00296,0,0.985,-0.807,-1.763,0.899,-0.699,0.268,1
C00271,2,-0.531,-0.406,0.093,-2.073,0.776,0.23,1
C00270,2,-1.31,-1.192,-0.72,-0.348,-0.558,0.553,1
C00595,0,-1.527,0.44,-0.031,-0.523,-1.013,-2.114,0
C00133,2,1.217,0.191,-1.293,1.538,0.14,-1.432,1
C00033,3,0.836,0.889,-0.67,-0.342,-0.721,0.896,1
C00478,1,0.959,-2.117,-0.06,1.94,3.178,0.002,0
C00231,0,-0.928,0.726,1.418,0.602,0.182,0.408,1
C00439,0,-1.312,-0.381,2.815,0.375,-2.558,-2.952,0
C00592,2,-0.172,-0.563,-0.394,-0.353,-1.153,0.979,1
C00764,4,-0.853,-1.294,-0.079,0.229,-1.032,1.34,1
C00071,1,-1.304,-0.94,1.439,-1.751,0.352,-1.087,0
C00446,5,0.025,-1.949,0.972,-0.092,-0.952,-0.428,1
C00560,1,-0.934,1.445,-1.0,1.525,-1.464,-0.677,1
C00565,0,-0.341,0.51,-0.072,-0.066,0.366,-0.11,1
C00770,0,-1.438,1.341,-0.285,0.011,-0.638,1.746,0
C00318,0,1.045,-0.779,-1.252,1.147,-0.319,-1.171,1
C00738,0,-0.392,-0.724,-0.514,-1.755,0.899,0.587,1
C00475,1,-1.125,1.163,0.506,0.559,-0.492,-1.39,0
C00179,4,0.411,0.786,-0.026,-0.107,1.217,0.613,0
C00095,0,0.757,-0.957,0.162,0.029,-0.43,0.036,1
C00247,1,0.326,-0.352,0.99,-0.346,-0.227,0.019,1
C00464,2,0.875,-0.111,1.712,-0.721,-0.446,-1.781,1
C00190,0,-0.578,-1.866,0.214,-1.856,-0.728,0.605,0
C00057,2,0.619,-0.414,-0.227,1.855,-1.055,0.719,1
C00215,2,0.036,0.59,0.585,-0.354,-0.088,2.094,1
C00612,0,-0.623,1.106,-0.245,-0.298,0.794,-0.621,1
C00789,1,0.577,-1.624,0.268,0.383,-1.722,0.859,1
C00474,3,1.556,0.143,-0.665,-0.149,1.43,1.967,1
C00299,3,0.628,-0.518,0.884,0.97,0.74,1.095,1
C00625,0,-1.109,1.762,-0.198,-0.444,2.739,1.779,0
C00196,2,-0.133,0.537,-2.637,2.038,0.968,0.767,1
C00121,5,-1.566,-1.469,-0.13,0.299,-0.577,1.491,0
C00201,3,-1.865,-0.196,-0.583,1.056,1.764,-0.575,0
C00308,1,0.005,0.089,-1.557,-1.565,-0.207,-0.375,1
C00469,3,1.178,0.847,-1.684,-0.314,0.976,0.688,0
C00568,0,0.986,-1.574,1.176,-0.157,-0.368,0.662,1
C00111,1,-0.967,0.503,0.045,1.745,-2.092,0.814,0
C00529,2,-0.192,-0.339,-1.131,0.652,0.697,0.816,0
C00046,0,0.819,0.048,-0.135,0.266,0.23,-0.826,1
C00287,2,-2.337,-0.529,-0.699,0.189,1.186,0.287,0
C00029,5,1.122,0.735,1.511,-0.77,-1.064,-0.026,0
C00394,3,-0.165,1.755,-0.54,-0.878,0.271,0.488,0
C00234,2,-0.379,-1.275,3.402,0.146,-2.029,0.719,0
C00403,2,0.291,2.619,0.027,-0.044,0.31,-1.738,1
C00707,2,0.523,0.383,-0.591,1.659,0.797,0.777,1
C00634,1,-1.218,0.152,1.464,2.611,0.955,-0.311,0
C00111,0,-0.904,0.031,0.433,-0.241,-1.656,0.637,0
C00069,2,-0.921,0.059,1.363,-0.424,-0.558,-0.98,0
C00349,2,-1.168,-0.445,-0.105,-1.717,-0.673,-1.396,0
C00036,0,-0.085,-1.009,-1.867,0.452,0.43,-0.281,0
C00634,2,-0.396,-0.777,1.7,1.652,1.24,0.439,0
C00423,2,-0.928,-0.0,0.521,0.718,0.835,-0.277,0
C00034,2,0.627,-0.129,-0.821,0.149,0.126,-0.828,1
C00312,1,-0.805,-1.141,-0.004,-0.187,0.853,-0.395,1
C00782,0,0.348,0.861,-2.374,-0.27,-0.334,-1.523,0
C00310,5,1.705,-0.11,-1.28,1.199,-1.134,0.338,1
C00501,3,-0.736,1.395,-0.589,0.084,0.781,-0.83,0
C00483,1,-0.359,0.847,-1.729,-0.879,0.946,-2.047,1
C00498,0,-1.179,-0.245,-1.451,1.771,2.465,0.903,1
C00028,1,0.381,0.965,-0.029,0.66,0.965,0.7,1
C00327,4,1.406,0.099,0.483,-0.036,1.62,1.06,1
C00698,4,-1.062,1.439,0.774,-0.029,-0.821,-0.396,0
C00283,0,0.596,1.572,-0.643,-0.233,-0.462,1.68,1
C00437,4,1.833,-0.905,-0.606,-0.525,-1.666,1.95,1
C00198,2,0.293,-0.309,0.544,1.206,-0.47,2.391,1
C00041,1,-0.464,-0.543,-0.753,-0.725,0.772,-0.523,0
C00518,2,-2.24,1.402,-1.065,0.029,0.941,0.767,0
C00329,5,-1.625,0.327,-0.667,0.543,-0.577,0.669,1
C00397,1,0.057,-2.741,-0.5,-0.268,-0.259,1.67,0
C00463,1,-0.854,-0.895,-0.22,-1.074,-0.08,0.143,0
C00169,0,0.226,0.603,1.155,-0.129,-1.547,-1.131,0
C00506,0,0.364,0.253,1.067,-1.255,0.879,0.994,1
C00598,1,1.534,-1.658,-0.636,0.046,-0.962,1.462,1
C00462,1,2.539,-1.109,-1.246,1.531,0.202,1.545,1
C00248,0,0.794,-1.73,0.692,-1.122,0.293,-0.091,1
C00771,2,1.559,0.273,0.085,1.891,-0.25,0.196,1
C00634,0,-1.329,-1.022,1.174,2.03,1.349,0.42,0
C00690,3,2.31,-0.623,-0.561,1.85,1.13,0.664,1
C00191,2,1.04,-0.753,0.339,-2.841,1.087,-0.735,1
C00529,3,-0.827,-0.141,-0.21,0.923,0.312,1.749,0
C00242,3,-1.309,-1.036,-2.121,0.201,1.525,-0.155,0
C00322,1,-0.727,-0.61,-0.054,0.457,0.081,0.101,1
C00041,3,-0.026,-0.061,-1.195,-0.643,0.951,-0.411,0
C00093,3,-0.127,0.791,0.001,-0.096,-0.933,-0.407,0
C00793,0,0.139,0.399,-1.815,1.055,-0.58,0.276,0
C00403,3,0.659,2.491,0.385,-0.112,-0.659,-2.386,1
C00397,4,-0.454,-2.511,-0.399,-0.053,-0.356,1.694,0
C00649,2,0.87,1.395,-1.397,-0.346,-0.745,-0.213,1
C00437,1,1.455,-1.466,-0.968,0.186,-1.288,1.101,1
C00161,0,1.335,-0.547,-2.001,-0.731,0.657,0.531,1
C00659,0,-0.975,-0.206,2.79,-0.533,-0.935,0.166,1
C00063,3,0.282,-0.06,0.409,-2.214,-0.048,0.848,0
C00470,2,0.741,-0.433,-1.05,-0.58,1.842,0.046,1
C00179,2,0.123,0.656,-0.297,-0.546,0.774,0.271,0
C00575,5,0.237,0.229,-0.144,0.059,-0.46,2.567,0
C00350,0,0.041,-0.011,-0.364,1.288,-0.467,0.825,1
C00665,1,0.324,-0.625,-1.197,-2.494,-0.623,-0.007,0
C00260,4,-0.468,-1.058,1.821,-1.852,-1.142,-0.514,1
C00759,1,0.575,-1.194,0.244,-1.251,-0.269,-1.735,1
C00761,1,-1.057,0.098,0.887,-1.544,-1.392,-0.683,0
C00182,1,0.814,-0.738,0.359,1.287,-0.307,-2.413,0
C00601,4,-2.189,0.214,0.516,0.121,1.658,-0.108,0
C00275,3,-0.444,1.324,-0.579,-0.638,0.43,2.558,0
C00349,4,-1.095,-1.034,-0.916,-0.804,-0.966,-1.719,0
C00756,4,-0.803,0.507,0.725,-0.191,1.994,0.134,0
C00137,0,-0.963,-0.555,0.604,0.654,-1.902,0.614,0
C00321,3,1.04,1.438,0.748,3.194,-0.106,-0.56,1
C00381,5,-0.97,-0.99,0.476,-0.35,0.463,0.945,0
C00258,2,-1.262,-0.135,-1.729,-0.21,-0.797,1.474,0
C00502,1,-0.096,2.129,-0.838,-1.024,0.808,-0.767,1
C00365,4,-1.869,-0.035,1.498,-0.192,-0.127,0.512,0
C00684,3,0.869,-0.816,-0.41,1.557,1.321,-0.029,1
C00760,3,-0.489,2.105,0.232,-0.644,-0.089,0.216,0
C00578,0,-0.192,-0.019,-0.278,-0.277,-0.406,1.875,0
C00616,2,-0.672,1.453,-0.764,-1.316,0.781,0.396,0
C00609,2,0.311,-0.94,0.836,1.11,-0.466,0.793,1
C00227,2,-0.577,-0.466,-0.181,0.251,-0.607,1.119,1
C00389,0,-0.101,-2.943,0.832,0.469,-0.131,-0.195,0
C00062,1,-1.238,1.99,0.362,1.149,0.386,0.823,0
C00449,0,0.184,-0.606,1.481,1.625,0.271,1.022,1
C00386,1,0.728,-0.431,1.45,-0.595,-0.104,-1.503,1
C00506,2,0.33,-0.055,0.716,-2.452,0.472,0.378,1
C00224,2,2.783,-2.372,0.518,-2.859,-0.461,-0.314,1
C00671,1,-0.036,0.275,0.928,-0.356,1.577,0.528,1
C00014,0,0.345,1.462,-0.497,-1.002,0.27,-0.423,1
C00004,4,-0.155,-0.702,-0.009,-0.532,-0.716,-0.04,1
C00045,1,1.599,-1.716,0.41,1.605,1.267,-1.534,1
C00636,0,0.209,-1.49,-2.483,-2.796,0.652,-0.438,0
C00424,0,-0.885,2.032,0.46,-0.454,1.155,-0.429,1
C00618,0,-0.313,1.559,0.421,0.545,0.791,0.83,0
C00256,2,-0.243,-0.69,-1.481,0.837,-0.365,-0.781,0
C00479,1,-0.116,0.61,0.612,-0.132,0.389,-0.671,0
C00034,0,0.236,0.634,-0.358,0.113,-1.316,-0.497,1
C00781,3,-0.212,0.136,-0.208,-1.223,0.754,-0.606,1
C00043,1,0.946,-0.741,0.41,-0.349,0.674,0.427,1
C00515,0,0.085,0.489,-1.027,-0.173,-0.56,0.168,0
C00464,0,0.534,-0.393,1.614,-0.404,-0.372,-0.859,1
C00130,3,-2.091,-0.503,-1.889,-2.44,-0.666,-1.765,0
C00262,0,0.565,-0.467,0.684,0.287,0.439,-1.408,0
C00382,1,-0.641,0.793,-1.37,2.066,0.297,-1.418,0
C00413,0,-0.115,-0.801,0.746,0.863,-0.026,-0.985,1
C00114,1,-0.791,-1.11,1.765,0.076,-1.369,-0.418,1
C00517,5,-1.823,0.274,2.109,0.078,-0.398,0.772,0
C00102,2,-0.317,-1.109,-0.246,-0.509,-0.351,-0.431,0
C00301,0,0.644,0.195,0.419,-1.015,-0.755,-0.351,1
C00481,3,-1.035,-2.212,0.138,-0.399,-1.569,-0.969,0
C00624,2,2.123,0.472,0.459,-1.296,0.639,1.376,0
C00342,3,-2.137,-1.162,1.021,-0.71,-0.587,0.763,1
C00731,0,-0.987,-1.291,0.331,-0.387,-0.418,0.648,1
C00206,1,0.5,2.177,1.328,-0.12,-0.696,1.197,0
C00421,0,-0.397,1.013,-0.057,2.149,0.454,0.045,0
C00604,0,-0.294,0.438,-0.493,0.885,-0.216,1.89,0
C00361,2,-0.948,0.636,-0.478,0.64,2.492,-1.65,0
C00327,3,1.82,-0.105,1.188,-0.104,1.36,1.646,1
C00254,0,-1.119,-0.377,1.302,0.351,-1.485,0.556,0
C00651,5,-1.82,0.586,-0.457,0.392,-0.934,-0.18,0
C00424,3,-0.744,2.382,-0.331,-0.512,1.016,-0.679,1
C00213,0,1.22,1.264,-1.334,-1.861,0.849,-0.578,1
C00331,0,0.872,0.684,-1.939,0.969,-0.683,-1.272,0
C00005,0,-1.083,-0.653,0.345,2.242,0.12,2.673,1
C00252,5,-1.193,0.107,0.181,0.393,1.692,-0.943,0
C00488,1,0.569,1.375,0.45,-0.603,1.908,-1.484,0
C00205,1,-1.264,-0.165,0.784,0.282,-0.159,-0.985,0
C00715,2,-0.16,1.354,-2.672,1.069,0.566,-0.851,0
C00347,3,1.519,2.327,-1.173,-1.902,-0.191,1.169,0
C00608,3,1.094,-0.13,0.982,-1.134,2.297,-0.263,0
C00186,3,-0.027,-0.315,-0.916,-0.799,1.862,-0.061,0
C00367,0,0.672,0.05,-0.127,-0.334,-1.912,1.033,1
C00652,2,0.229,1.281,0.689,1.26,-0.078,-1.639,1
C00588,3,-1.239,0.414,0.738,1.523,-1.517,0.301,0
C00227,0,-0.159,-0.008,-0.279,0.67,-0.755,0.804,1
C00485,5,0.068,-1.253,1.085,-1.338,0.463,-0.269,1
C00165,2,3.622,0.322,1.107,-1.182,-0.631,-0.639,1
C00739,0,0.406,0.531,1.312,1.457,0.768,-0.632,1
C00678,1,-0.808,-0.8,-0.767,0.963,0.484,0.742,0
C00525,5,0.889,-0.084,-1.139,1.314,0.027,1.618,1
C00037,1,-1.701,0.712,0.227,0.56,-1.135,-0.447,0
C00282,0,0.321,2.12,-0.357,-0.377,0.26,-0.247,0
C00554,0,-1.179,-0.178,1.491,0.075,0.454,-0.335,0
C00319,0,-1.505,0.229,-0.126,-1.791,0.663,0.448,0
C00134,0,-1.697,-1.42,-1.183,0.238,-1.518,-0.117,1
C00685,5,0.001,1.697,-0.26,-0.806,-2.221,-0.043,0
C00301,2,0.524,-1.197,0.548,-1.071,-0.82,-0.569,1
C00520,1,0.743,0.369,-0.686,2.098,0.067,-0.895,1
C00422,4,-0.812,-0.147,0.555,1.898,1.315,1.012,0
C00740,4,-0.08,-1.017,-0.289,-1.947,-0.116,1.187,1
C00421,3,-0.316,0.606,0.488,2.919,-0.158,-0.464,0
C00730,4,1.176,0.512,-0.471,2.469,-0.637,-0.673,1
C00019,4,1.519,1.207,-0.956,-0.993,0.051,0.289,0
C00169,3,-0.092,1.553,1.479,-1.055,-1.681,-1.031,0
C00139,5,-1.839,0.711,-1.129,0.021,-0.264,-0.597,0
C00289,1,-1.274,1.038,-1.148,0.786,1.572,1.663,0
C00517,4,-1.473,-0.736,1.275,-0.423,0.28,0.759,0
C00562,0,-3.24,-0.142,0.203,-1.584,0.107,-1.411,0
C00552,1,-1.205,-1.404,2.038,-0.345,-0.631,0.554,0
C00269,1,0.313,-1.662,0.388,-0.922,1.237,0.549,1
C00311,2,0.635,-0.479,-0.53,-0.642,0.894,-0.039,1
C00352,1,0.781,-0.048,0.399,0.403,-0.709,0.367,1
C00267,1,0.871,0.283,-1.621,-0.813,0.38,-0.201,1
C00058,0,-0.606,0.21,-1.208,-2.564,-1.769,0.354,0
C00634,4,-0.358,-0.213,1.635,2.099,1.805,-0.666,0
C00256,1,-0.518,-0.633,-0.74,0.054,-0.432,-1.426,0
C00268,4,3.232,0.672,1.272,-0.386,0.342,-0.098,1
C00462,0,2.251,-1.384,-1.351,1.586,-0.44,1.424,1
C00246,3,-1.183,-1.242,-1.448,1.354,-0.555,0.092,0
C00065,4,-0.639,0.749,-0.025,-0.699,2.286,-1.35,0
C00625,5,-1.215,1.222,0.486,-0.297,3.411,1.419,0
C00457,3,-0.305,0.498,0.187,-2.766,-0.347,0.821,0
C00193,3,1.693,1.132,-0.29,0.287,-2.786,-0.407,1
C00690,2,0.827,-0.094,0.19,1.609,1.37,0.061,1
C00017,2,0.454,0.916,-0.231,0.55,0.443,-1.282,0
C00627,2,-2.574,-0.461,0.891,-1.107,0.595,1.533,0
C00689,0,0.969,-1.47,-0.652,2.621,1.874,-0.596,0
C00610,2,-0.183,-0.327,0.463,0.601,0.982,-0.823,0
C00694,0,-0.896,0.634,-1.175,0.21,1.054,-0.604,0
C00690,0,1.31,0.044,0.505,1.114,1.881,0.309,1
C00628,2,0.812,-0.143,-1.236,0.764,0.633,-0.013,1
C00319,1,-0.265,0.732,-0.474,-1.222,0.407,-0.326,0
C00579,4,-1.017,2.464,-2.421,-1.187,-1.229,0.801,0
C00043,3,0.679,-1.475,-0.05,-2.092,-0.07,0.563,1
C00714,4,1.484,-1.495,-2.025,0.848,-1.404,-0.499,1
C00618,4,-0.784,1.043,0.094,0.56,1.049,0.184,0
C00436,0,0.339,-0.793,-0.11,0.7,0.301,-1.393,1
C00587,2,0.774,0.908,-0.153,0.731,-0.52,-0.28,0
C00441,2,-0.021,-1.205,0.081,-1.233,0.228,0.434,1
C00482,0,0.147,2.201,0.182,-0.237,-1.216,-0.127,0
C00617,3,-1.499,-0.108,0.206,-0.794,0.556,2.134,1
C00207,0,-1.832,0.754,-1.55,0.468,0.317,0.911,0
C00476,0,2.083,-2.106,0.783,0.369,-1.88,0.254,1
C00537,2,-0.349,-0.043,0.005,0.996,0.16,-0.256,0
C00026,4,-0.268,-1.062,-0.09,-0.982,1.783,0.531,1
C00382,4,-1.263,1.08,-1.428,1.951,0.369,-1.443,0
C00460,2,-2.884,-1.982,-0.793,-0.835,-0.037,0.989,0
C00766,1,-0.761,-1.799,-0.943,-0.61,0.252,0.471,1
C00212,3,-0.877,0.277,0.22,-0.904,0.12,0.559,0
C00121,4,-1.509,-1.642,0.341,0.117,-0.433,1.623,0
C00536,1,1.087,1.951,0.393,-1.052,-0.578,-1.348,1
C00427,3,0.84,0.525,1.949,1.267,0.568,-1.38,0
C00344,0,-0.787,-0.058,1.357,0.501,0.362,3.11,0
C00538,3,-0.397,1.076,-0.967,0.144,-0.087,0.785,0
C00042,1,-0.318,1.032,-1.375,-0.745,-0.652,-1.68,0
C00658,3,-1.708,0.499,0.393,1.428,1.609,1.63,0
C00449,1,-0.19,-1.469,1.378,1.547,1.753,1.527,1
C00079,3,1.719,-0.678,1.329,-1.049,-1.798,0.284,1
C00216,2,-2.582,-0.726,-0.771,0.261,-0.463,0.013,0
C00364,3,0.823,-2.202,0.135,-0.743,0.031,-0.403,1
C00539,3,-0.076,-1.973,-1.261,-0.852,-1.005,0.062,1
C00181,1,-1.0,1.244,-0.291,0.032,-0.637,0.662,1
C00433,2,-0.398,-1.405,-3.083,-0.162,-0.873,0.339,1
C00292,2,1.871,0.836,-0.495,-1.241,0.453,-0.916,1
C00422,5,-0.272,-0.827,0.141,1.99,1.014,0.872,0
C00053,4,1.73,1.175,0.563,-0.948,-0.411,1.138,1
C00725,0,-0.249,0.21,0.248,0.463,-0.419,-0.257,0
C00702,0,0.582,1.396,1.736,-0.985,-1.029,-0.917,1
C00328,0,-0.142,0.665,0.658,-0.249,-1.491,0.254,0
C00378,2,1.689,0.1,-1.165,-0.359,-0.329,-1.933,1
C00493,0,0.339,-0.731,-0.251,1.339,-1.548,0.559,1
C00358,4,-0.285,1.26,0.639,-2.173,0.222,-0.935,0
C00295,3,0.573,1.047,1.267,-0.333,-1.385,0.39,1
C00122,3,-1.018,1.823,0.145,1.747,1.039,0.747,1
C00416,5,-1.153,1.732,-1.281,0.231,0.25,0.299,0
C00080,3,0.836,-1.556,0.722,-1.416,1.915,-0.59,1
C00657,1,-1.877,1.331,-1.871,1.865,0.436,-2.133,0
C00614,2,0.663,0.322,0.294,-0.668,-3.455,0.077,1
C00631,1,0.877,0.748,0.611,0.287,0.462,-1.326,1
C00666,3,0.048,-1.452,0.029,0.805,-1.083,-1.113,0
C00730,5,1.561,0.665,-0.509,1.945,0.133,-0.86,1
C00375,2,-2.406,0.143,2.942,-0.111,-0.179,1.253,1
C00259,3,-0.392,0.563,1.015,-0.583,-1.211,-0.105,0
C00449,2,0.474,-0.664,2.415,1.017,1.936,1.233,1
C00268,2,2.988,0.456,2.098,-0.484,-0.114,-0.307,1
C00648,0,-0.157,-0.23,-1.089,-1.843,0.532,-0.161,1
C00216,1,-2.379,0.065,0.125,0.265,-0.817,-0.595,0
C00257,0,2.641,-1.045,-1.653,-0.235,-2.119,-0.239,1
C00452,0,0.714,-0.666,-1.637,-0.542,0.95,1.706,1
C00788,1,0.82,0.235,0.32,-1.808,1.415,-0.179,0
C00239,0,1.405,-1.926,0.486,0.335,-1.841,0.125,1
C00668,3,0.036,-0.242,-0.62,0.96,0.021,-0.635,0
C00170,1,1.315,0.235,-0.32,-0.235,0.43,-1.14,1
C00069,3,-0.326,-0.193,0.682,-0.071,-1.043,-0.542,0
C00500,3,-0.308,-1.712,0.735,1.379,-0.705,-0.365,1
C00017,0,0.004,1.187,0.007,0.483,1.268,-1.274,0
C00596,0,0.45,1.243,-0.093,-1.296,0.636,-1.107,0
C00657,0,-1.903,0.988,-1.65,1.086,0.02,-1.168,0
C00355,1,-0.614,-0.873,0.591,-0.278,-1.611,0.009,0
C00591,2,0.518,1.061,-1.436,-0.357,1.02,1.678,0
C00541,5,-1.06,-2.293,-1.549,-0.652,-0.776,0.139,1
C00425,4,-1.011,1.543,-0.089,0.475,1.642,-1.027,0
C00019,1,0.916,0.83,-0.76,-0.783,-0.52,-0.118,0
C00699,0,-0.729,-0.188,1.397,-1.241,-1.589,-1.122,0
C00094,0,1.43,-0.16,0.089,-0.793,-1.805,-0.946,1
C00627,3,-1.671,-0.731,1.058,-0.587,1.318,1.5,0
C00708,1,-0.446,1.51,0.016,-1.211,-2.147,-1.41,0
C00518,3,-2.053,1.223,-0.807,0.041,0.136,1.254,0
C00467,0,-0.107,-0.004,0.504,1.058,-0.885,1.165,0
C00299,2,-0.219,-1.021,1.296,0.597,0.838,1.425,1
C00053,5,1.425,1.742,0.165,-0.595,-0.274,1.323,1
C00196,5,0.67,1.149,-2.351,1.955,1.647,1.051,1
C00787,4,-0.484,-1.399,-0.69,-1.16,-0.097,0.68,1
C00327,0,2.695,0.127,0.905,-0.735,0.869,1.771,1
C00690,1,1.535,0.463,-0.514,1.437,1.065,0.188,1
C00366,0,1.013,-0.127,0.976,0.622,-0.213,0.202,0
C00083,2,0.827,0.054,2.12,0.232,0.418,1.202,1
C00528,2,0.693,0.269,-0.001,2.14,-0.005,0.169,0
C00057,1,0.454,0.128,-1.376,2.384,0.085,0.887,1
C00166,3,0.212,0.723,-0.522,-0.053,-1.016,0.325,0
C00426,4,0.346,-0.436,-0.502,-1.024,-0.405,2.789,1
C00692,2,0.692,-0.813,-0.98,0.665,-0.527,1.573,1
C00434,0,-1.376,-0.712,-1.717,0.193,0.663,1.072,1
C00785,4,-0.042,-0.553,-0.63,-0.378,1.273,-0.441,0
C00483,0,-0.566,1.358,-1.327,0.18,0.975,-2.115,1
C00178,0,-0.131,-0.658,0.811,-0.731,-1.231,-1.485,0
C00461,2,0.451,-0.593,-0.176,0.021,2.144,1.413,1
C00269,0,0.87,-2.134,-0.744,-0.328,-0.088,0.531,1
C00651,1,-1.333,-0.232,-0.467,-0.349,-1.442,-0.489,0
C00784,1,0.865,0.212,-0.055,-0.363,-0.111,0.851,1
C00567,2,-0.233,-1.711,-1.494,1.148,-0.106,-0.804,1
C00604,2,0.379,0.1,-0.098,0.62,-0.013,1.444,0
C00031,0,1.18,-0.311,0.75,1.896,0.644,-1.257,0
C00509,1,-0.23,-2.054,-1.631,-0.897,-1.278,-1.063,0
C00157,0,-1.238,1.066,-1.087,0.37,0.533,0.578,0
C00575,1,0.305,0.336,0.198,-0.666,-0.547,2.745,0
C00119,2,0.461,0.53,0.102,-0.978,-0.59,1.438,1
C00140,1,1.456,0.839,0.475,2.57,-0.139,1.498,1
C00608,4,0.84,0.459,-0.127,-1.022,1.286,0.01,0
C00740,0,0.339,-0.812,-0.168,-1.515,0.543,1.493,1
C00744,2,-1.843,-3.146,0.497,-0.686,1.606,-0.953,0
C00092,0,0.657,0.193,0.169,-0.519,0.839,-0.959,0
C00657,2,-1.641,0.542,-0.736,2.165,-0.919,-1.845,0
C00714,3,1.598,-1.106,-2.004,0.943,-0.893,0.152,1
C00144,3,2.563,-0.007,-1.964,1.509,2.255,0.32,1
C00176,4,1.263,0.57,0.398,0.025,0.072,-0.992,0
C00792,2,-0.361,-0.996,-1.093,1.28,0.592,-1.96,1
C00720,3,-1.207,0.757,-1.132,-1.636,0.634,-0.552,1
C00446,2,0.337,-1.945,2.29,0.095,-0.846,-1.081,1
C00020,3,-1.258,-1.526,-0.189,0.678,-2.02,-0.165,1
C00644,0,-1.955,0.305,-0.507,0.457,-1.328,1.508,0
C00553,1,-0.551,0.886,2.065,2.251,-0.242,0.769,0
C00776,5,-0.749,2.378,1.514,0.289,-0.476,-0.408,0
C00415,2,-0.689,-0.246,0.584,0.636,0.365,1.004,0
C00454,2,0.155,0.096,0.311,1.049,-0.546,-0.405,0
C00166,2,-0.404,1.098,1.067,0.272,-1.455,0.142,0
C00217,0,0.832,0.874,-0.295,-0.175,0.654,0.017,0
C00480,1,-0.457,2.254,-0.836,1.342,1.207,-0.742,0
C00430,0,-0.598,0.549,0.576,-2.312,-0.148,0.824,0
C00627,1,-2.162,-0.538,1.605,-1.607,0.174,0.905,0
C00470,1,1.194,-0.649,-1.251,0.477,1.106,-0.68,1
C00643,1,-0.51,-0.092,0.219,0.761,-0.2,-0.342,0
C00118,0,0.626,0.445,-0.016,-0.333,2.056,-0.299,1
C00378,4,1.38,-1.138,-0.478,0.143,-0.414,-1.46,1
C00643,5,-0.665,-0.664,-0.104,0.303,-0.118,0.337,0
C00494,2,2.132,0.515,-0.668,-0.206,2.347,1.165,1
C00473,4,0.436,-1.266,-0.339,0.328,-0.85,-0.759,0
C00576,3,1.103,-0.597,0.323,-0.114,0.409,-0.329,0
C00789,2,-0.001,-0.974,-0.361,-0.21,-1.975,1.268,1
C00154,3,1.584,0.552,0.155,-2.109,-0.252,-0.789,1
C00524,2,1.942,0.599,-1.435,-1.989,-0.879,-1.74,1
C00769,3,0.373,0.23,-0.346,0.341,-0.573,-0.609,1
C00589,1,0.395,1.219,0.6,1.06,0.433,1.723,0
C00786,2,-0.568,-0.741,1.604,-0.498,-0.662,-1.766,0
C00696,2,1.653,-0.204,0.581,-0.076,0.013,-0.89,1
C00589,0,0.256,0.711,1.387,0.469,-0.051,1.117,0
C00405,0,-0.465,-1.475,1.207,0.313,0.506,-0.787,0
C00394,4,0.839,1.533,-0.708,-0.149,-0.116,0.578,0
C00058,2,0.054,0.239,-0.241,-1.6,-0.715,0.394,0
C00229,3,-1.162,0.061,-1.014,-1.051,0.876,-0.25,1
C00760,1,0.631,1.555,0.833,-2.347,-0.87,0.063,0
C00384,2,-0.886,-1.036,0.211,2.339,-1.642,-0.168,0
C00168,1,-1.797,0.144,-1.552,2.423,0.124,-1.139,0
C00185,0,-2.003,0.293,1.173,-0.699,-0.937,-0.739,0
C00723,3,-1.824,0.315,-0.453,-0.164,-1.695,1.582,0
C00369,0,-0.066,-1.47,0.67,0.219,-0.31,-2.192,0
C00579,1,-1.038,3.596,-1.094,-0.622,-1.885,0.07,0
C00606,2,-2.242,1.475,0.85,1.3,-1.289,-0.451,0
