f0,f1,f2,f3,f4,f5,f6,f7,will_upgrade
-1.985,-1.134,-1.13,1.269,-1.655,1.008,0.132,-0.201,yes
0.464,-1.684,0.14,1.065,1.17,-0.512,0.677,0.794,yes
-0.425,0.331,0.454,1.654,1.052,-0.789,-0.276,0.974,yes
0.493,0.305,0.32,-0.702,-1.104,-0.188,0.046,0.259,no
-0.999,0.688,-0.904,-0.737,-0.744,-0.804,-0.473,0.442,yes
-2.144,0.249,-0.44,-0.588,-0.609,-1.574,-1.762,-0.154,no
0.448,0.272,-1.7,-2.565,-1.357,0.579,0.421,0.275,yes
1.153,0.387,1.511,-1.044,0.149,-0.315,-1.448,0.189,no
-0.091,-1.501,-0.736,-0.638,-0.091,1.234,0.458,0.561,no
-0.543,0.15,-0.619,0.838,-1.286,-0.892,2.956,-0.557,yes
0.012,-0.498,1.016,1.715,-2.175,2.098,0.928,1.092,yes
-0.193,-0.477,1.167,-1.429,-0.835,-0.942,-0.437,0.48,no
-1.026,1.191,0.095,0.858,0.644,0.892,0.038,-0.61,yes
0.164,-1.479,-0.797,-1.023,1.084,-0.349,-1.416,-0.302,no
1.681,-0.187,-0.169,0.423,1.453,1.781,0.104,1.158,yes
0.262,-0.88,0.832,-1.332,0.943,-0.574,1.285,-0.848,no
-0.152,0.33,0.514,-1.391,-0.827,-0.55,-1.225,-2.075,yes
1.831,0.672,-0.569,-1.245,-0.086,0.419,0.387,-0.252,no
-0.644,-0.657,-0.913,2.176,-0.289,0.999,0.862,0.155,yes
0.597,0.232,-1.479,0.588,-0.735,-1.819,-0.596,-0.729,yes
-3.19,-0.945,0.556,-0.54,0.398,-0.152,0.769,-1.341,no
-0.228,-0.775,-1.207,-0.862,0.582,0.47,0.135,0.915,yes
-0.712,0.015,-0.155,-0.24,-1.654,-0.09,2.019,-0.282,yes
1.208,0.77,-1.376,-0.418,-0.997,0.001,1.487,-1.023,yes
-1.558,-0.118,-1.189,-0.283,-0.245,-0.245,-0.428,0.157,yes
0.432,1.371,0.769,0.885,0.082,-0.957,-0.492,0.005,no
-0.64,-1.397,-1.576,-0.708,0.992,1.413,0.537,-0.279,yes
1.352,1.56,0.039,0.577,-0.404,-1.908,-0.383,-1.284,no
0.439,0.759,-0.178,-1.546,0.409,0.691,-0.278,-0.007,no
1.5,0.409,-1.706,0.231,-0.85,-0.065,-2.672,1.835,no
0.382,-1.736,-0.089,0.404,-0.285,1.285,-0.833,0.289,yes
-0.011,1.011,-0.189,1.288,-2.201,-1.339,-0.697,0.186,yes
1.514,2.238,-0.709,0.726,-0.82,1.068,0.341,0.5,no
0.975,1.85,-0.307,0.266,0.625,-2.227,0.96,0.624,yes
-0.847,-0.461,-0.138,-2.38,0.375,-0.169,1.571,1.545,yes
-0.809,1.417,0.594,0.336,-0.263,2.323,-0.847,0.415,no
-0.194,0.244,1.536,-0.437,0.536,2.773,0.2,-0.911,yes
0.23,2.317,-0.851,0.302,0.599,0.048,0.393,0.802,no
0.78,-0.203,0.167,0.623,0.206,-0.965,-0.306,1.208,no
-1.098,-0.285,-0.809,0.828,0.621,1.003,-2.343,-0.925,no
0.582,-0.243,0.214,-1.365,0.646,-0.41,-1.905,-1.064,no
0.042,2.064,-0.428,0.58,-1.094,0.274,0.177,-0.217,yes
0.036,-2.051,0.404,0.617,-0.965,-1.619,0.346,0.192,yes
0.522,0.901,-2.689,-0.815,0.591,0.026,-0.553,1.054,yes
-1.198,-0.724,-0.357,0.055,-0.289,-0.517,-0.303,-1.47,yes
1.038,-0.08,-1.17,-0.457,-0.703,0.219,-0.09,0.338,yes
-2.249,1.37,0.252,1.27,1.849,-0.001,0.048,-0.722,no
2.045,0.788,1.843,0.246,0.072,0.58,0.347,1.227,no
-0.663,-1.137,0.302,-0.103,-0.529,0.098,-1.045,1.581,yes
0.259,1.649,0.663,-0.624,-1.854,0.668,0.627,0.545,yes
-2.434,-0.828,-0.175,-0.484,0.776,0.398,-1.952,0.062,no
0.759,0.612,-0.559,-0.822,-0.08,-1.516,-0.605,0.549,no
-1.257,-1.148,-0.316,0.863,0.707,-0.107,-0.113,0.909,yes
-2.692,-0.418,-0.513,-0.265,-1.239,0.691,-0.73,-0.328,yes
-1.469,0.324,1.087,-2.026,0.475,0.179,1.368,-1.569,no
-1.146,0.26,1.107,0.257,0.963,-0.803,1.528,-0.534,no
0.493,-1.697,2.353,0.861,-0.872,1.336,0.899,0.453,yes
-0.527,-1.028,-0.977,0.365,2.781,-1.205,1.936,-0.137,no
-0.116,-0.367,1.402,0.316,0.215,-0.631,-0.227,1.103,yes
0.139,0.472,0.27,-0.425,0.789,0.608,-0.273,0.694,no
0.928,-1.359,0.298,-0.513,-0.131,0.52,-0.979,-1.272,no
-1.159,1.121,-0.551,-0.784,-0.684,-1.467,-1.397,-0.156,no
-0.011,-0.938,-0.731,-0.429,-0.231,1.516,1.393,0.403,yes
-0.85,-0.349,-0.196,0.376,-0.282,0.892,1.949,-0.739,yes
-0.186,0.308,-0.669,0.008,0.817,1.23,1.851,0.016,yes
-0.655,0.354,-0.859,0.23,1.192,-0.528,-0.626,0.89,yes
0.638,0.704,-0.506,-0.341,0.713,0.129,-0.188,-0.869,no
-1.825,0.602,1.133,-1.048,0.424,1.599,1.159,-0.149,no
-0.085,-0.179,0.338,-1.019,-0.946,0.743,0.571,1.44,yes
1.321,1.125,-0.359,-0.02,-0.408,1.089,0.833,-0.366,no
-0.274,0.875,-0.242,-0.729,0.6,0.949,1.889,-0.434,yes
-2.742,-1.271,0.524,0.801,-1.338,-1.247,-0.514,-1.827,no
-0.366,0.833,-2.157,-1.495,1.525,1.237,-0.171,-0.609,no
-1.532,-0.155,-0.615,1.782,-0.852,2.33,-0.377,-1.423,yes
1.008,0.585,0.047,-0.406,-0.908,-0.223,-1.777,-0.281,yes
0.353,-0.52,-0.532,-1.041,-0.448,-1.331,0.408,1.54,yes
-1.06,-0.29,-0.434,-0.397,0.468,-2.763,0.631,0.873,yes
-0.678,1.059,0.155,0.662,-0.43,0.073,0.727,-0.787,no
0.904,-0.279,-2.151,-0.835,-1.589,0.138,-1.447,0.859,yes
1.006,-0.95,-1.943,-0.27,0.34,0.935,0.536,-0.38,yes
-1.358,-1.221,-1.596,-0.471,0.994,-1.305,0.255,-0.459,yes
-0.319,1.194,-0.795,0.374,0.369,0.853,-0.315,-1.028,no
2.321,0.408,-1.309,1.645,0.698,1.062,-0.209,-0.717,no
0.245,-0.877,0.822,-0.258,0.153,-1.161,0.178,-0.855,no
-0.289,1.653,-1.171,0.892,0.383,1.148,-0.762,-0.147,no
-0.431,0.486,-1.571,0.661,0.522,0.56,-0.858,-1.898,no
0.401,0.99,-0.383,-0.796,-1.163,0.066,-1.0,0.359,no
-0.082,-0.882,1.239,-2.513,0.408,-2.004,-0.456,-0.797,no
1.155,-0.143,0.177,0.694,-1.217,0.289,0.028,-0.315,yes
0.688,-0.17,-0.386,0.52,-0.488,-1.745,0.535,-0.35,yes
0.571,-0.616,-0.406,3.136,-1.106,0.918,0.815,-1.812,yes
-0.198,-0.893,-0.808,-0.002,0.208,-1.446,-0.436,0.258,yes
-1.428,0.767,0.327,0.119,0.556,-0.314,-0.173,-0.823,no
-0.484,-1.059,0.262,0.186,-0.056,0.166,0.394,0.778,no
3.806,1.099,-1.775,-0.802,0.16,-0.06,-0.831,-0.217,no
0.876,-0.652,-0.449,0.405,1.097,1.13,0.757,-0.975,no
0.837,-0.984,0.307,0.547,0.535,0.393,0.675,0.037,yes
-0.607,1.48,0.096,-1.139,0.913,0.735,-3.526,3.64,no
-0.824,-0.524,-0.946,1.187,-0.89,-0.074,1.743,0.232,yes
0.74,0.369,0.629,-2.231,-0.44,-0.322,0.633,1.075,yes
-0.592,-0.223,0.322,0.851,-1.713,-1.655,-0.304,0.145,yes
0.352,1.145,0.79,-2.555,-0.799,2.287,-0.927,0.68,no
0.546,-0.117,-0.827,-0.989,-0.648,0.418,0.696,-0.125,yes
-0.066,-1.223,1.482,1.201,0.031,-1.846,0.4,0.357,yes
-1.444,0.936,-0.708,0.434,-0.681,-0.977,-0.345,0.209,yes
-0.265,-1.376,0.981,0.138,-0.847,0.915,2.236,0.162,yes
1.254,-0.628,1.001,-1.073,1.422,0.332,-0.419,-0.324,no
1.051,1.207,1.834,-1.766,0.486,-1.543,-0.803,1.468,no
-0.572,0.783,-0.508,0.574,1.473,-0.3,-0.391,-0.468,no
-0.319,-0.026,-1.114,0.449,-0.762,0.005,-0.649,-0.121,yes
1.986,-0.787,-0.177,0.24,0.471,0.188,-1.267,-0.681,no
-0.78,-0.592,1.176,2.421,0.588,0.24,-0.772,0.905,yes
0.771,0.324,-0.444,0.661,-1.391,-1.663,-1.484,-0.737,yes
-1.473,-1.649,1.825,0.132,-0.712,-1.212,0.378,-0.988,no
2.069,0.186,0.756,0.803,0.639,-0.552,0.282,1.597,yes
-0.668,-1.036,-0.818,-1.499,-0.652,-1.171,-0.245,-0.162,yes
-1.209,0.618,-1.127,-0.008,0.498,-0.297,-0.17,0.598,no
0.403,-0.826,1.518,0.924,-0.53,1.338,1.507,-0.412,no
-1.331,0.613,1.078,0.54,0.692,1.256,-0.002,0.104,no
-0.426,-0.048,-0.049,-0.383,-0.76,-0.761,0.514,-0.69,yes
-0.878,0.226,0.017,-3.151,2.315,-0.988,0.65,-0.081,no
0.028,0.834,0.953,-0.086,1.428,0.585,1.904,0.313,no
0.736,-0.138,-0.52,-0.771,-0.157,0.649,-0.662,-0.973,yes
-0.185,0.173,-0.849,1.535,1.669,-0.011,0.004,2.78,yes
-0.089,-0.747,0.291,-0.712,-0.029,-0.512,-0.606,-0.808,no
-1.545,-0.579,-1.205,-0.585,-0.593,0.513,-0.373,0.484,yes
-0.797,1.299,0.599,0.284,0.35,-0.505,1.123,-0.082,no
-0.257,-1.745,2.19,-0.175,-1.278,1.139,1.195,-1.97,yes
2.097,-0.802,0.063,-0.442,2.818,0.673,-0.444,1.328,no
-0.366,-0.358,0.067,0.107,-0.614,-0.513,-1.478,-0.318,no
1.658,0.593,-0.044,-1.529,-1.156,1.303,0.721,1.117,yes
0.915,-2.557,0.795,0.752,-0.176,0.116,-0.604,1.329,yes
1.018,0.966,1.645,2.589,2.807,0.52,0.736,-2.463,no
-0.704,-0.222,0.699,0.869,-0.335,-0.342,-0.149,-0.464,yes
-0.171,-0.277,-0.516,0.172,-1.334,-1.345,0.429,-0.67,yes
-1.103,-0.016,1.076,0.785,0.887,-1.225,-1.521,1.208,no
0.324,1.14,-1.263,0.29,-1.114,0.281,0.01,-1.698,no
-0.411,0.297,0.234,0.181,-1.048,0.289,-1.882,0.49,no
-0.058,0.158,1.067,2.177,-0.021,-1.015,-0.771,-0.735,yes
-1.258,0.492,0.399,1.635,0.471,0.101,-1.063,0.946,no
1.652,0.252,-0.43,2.208,-0.647,0.134,0.699,0.473,yes
-0.698,0.032,-0.796,-0.523,0.028,0.787,-0.692,0.808,yes
-0.605,-0.026,1.055,0.777,-0.528,1.211,-1.195,0.356,no
0.86,-0.132,0.367,-0.038,-0.83,0.493,0.062,-0.165,yes
-0.474,0.102,-1.687,0.729,-0.821,-0.615,1.53,1.932,yes
0.788,-0.942,-1.384,0.604,0.326,-1.39,-0.353,-0.0,no
0.058,-1.304,-0.81,1.248,0.512,-0.925,-1.896,1.981,yes
0.703,1.283,-0.163,-1.269,1.234,-1.7,-0.516,1.555,no
-0.099,-0.135,0.44,0.68,-0.666,-2.192,1.838,0.325,yes
1.289,0.405,-0.957,1.814,1.117,0.928,-0.457,-1.598,no
-0.303,1.048,-2.641,-0.392,-1.012,-0.45,0.301,1.506,yes
-2.841,1.649,0.445,-0.121,-0.033,0.458,0.939,0.481,no
0.819,-0.639,-0.407,-0.298,1.605,0.117,-0.493,0.376,no
-1.023,0.834,0.033,-0.126,-0.249,-0.151,0.463,1.078,yes
1.326,0.449,0.405,-0.553,0.729,1.113,-1.15,-0.474,no
-0.293,-0.279,-0.411,1.119,1.16,-1.681,0.821,-1.31,yes
2.235,-0.033,-0.931,1.328,1.575,-0.301,-0.572,-1.608,no
-0.987,-0.708,-0.532,-0.221,-1.249,0.662,-0.64,-0.768,no
0.926,0.761,-0.872,-0.18,-0.363,-0.408,0.58,-0.392,yes
-0.765,-1.211,-0.26,-0.05,-1.004,1.688,-0.488,1.199,yes
-1.293,-0.595,0.479,0.776,-0.047,-0.439,0.728,-0.642,yes
-0.316,-0.901,0.93,0.083,-0.416,-0.621,0.724,0.471,no
0.115,-0.713,-0.562,-0.958,2.74,-0.142,-1.048,0.317,no
-1.925,1.59,0.642,0.128,-0.176,-0.724,-2.221,-1.053,no
0.594,1.898,-0.961,-0.604,-1.09,-1.783,0.554,-0.554,no
-1.825,1.452,0.676,-0.13,-1.188,-0.018,0.713,0.303,yes
-0.901,0.319,0.077,2.126,0.44,0.826,1.187,-0.307,no
2.047,0.6,-1.562,-0.137,-1.581,-2.17,1.165,0.541,yes
2.141,0.518,-1.222,-0.112,-1.118,0.756,1.283,-1.256,yes
-1.71,0.881,-1.924,-1.908,-0.351,0.346,-0.002,-1.247,yes
-1.504,-2.301,1.945,0.625,0.665,-0.089,-0.341,1.048,yes
0.078,0.405,-0.35,0.145,-0.194,-0.761,-0.435,-0.856,no
-1.329,-0.294,0.863,-2.035,0.117,-1.402,0.351,-1.089,no
1.531,-0.831,1.226,1.029,1.141,-0.026,-1.493,-0.369,yes
-0.234,0.442,-0.983,0.595,0.889,1.209,0.492,-0.736,no
0.341,-1.016,0.299,0.628,0.328,0.581,-0.433,0.755,no
0.596,1.916,1.226,-1.684,-0.129,-0.742,-0.05,1.977,no
-0.022,-0.567,0.709,0.19,-0.966,-0.66,1.307,-0.543,yes
2.02,0.57,-0.86,0.873,-0.38,-0.149,-1.271,0.329,yes
0.062,-1.493,-1.179,-0.136,-0.675,0.349,-0.25,0.518,yes
0.802,1.097,0.783,-0.129,-0.174,1.458,-0.228,1.241,no
0.031,-0.429,0.534,-0.412,0.497,-0.003,1.79,-1.109,no
1.07,1.437,1.453,0.804,0.361,1.543,-0.763,0.191,no
1.589,-0.906,-0.733,-1.601,-0.408,-0.25,-1.097,-1.264,no
0.657,2.697,-1.846,-2.462,2.228,0.736,0.325,0.196,no
0.025,1.422,0.037,-2.056,-0.033,-0.589,-0.34,-0.882,no
-0.312,-0.719,-0.547,1.276,-1.045,-0.317,-0.192,0.466,yes
-0.019,-0.37,-1.001,-1.435,0.964,0.211,0.979,0.313,no
-1.159,0.47,0.202,-0.206,-1.307,-0.997,-0.825,0.705,yes
0.033,1.795,0.587,1.245,1.914,-2.718,-0.498,-1.145,no
-0.157,-2.589,0.814,0.014,1.476,0.954,0.58,-0.371,yes
0.416,-0.172,0.0,-1.633,0.906,0.068,-1.325,-0.027,no
0.461,-1.11,0.206,-1.443,-1.445,-1.312,0.028,-0.5,no
0.076,0.847,-1.224,0.871,-1.401,1.362,1.966,0.641,no
-0.12,-0.171,-0.148,1.937,-1.281,1.285,-1.045,1.148,yes
0.553,-0.03,-1.103,0.454,-0.476,-0.533,1.487,-0.608,yes
-0.223,-0.569,-0.924,1.493,-1.025,0.159,-0.014,-0.201,yes
-0.504,0.505,0.151,1.607,-2.78,0.239,-1.944,-0.024,yes
-1.042,-0.605,-0.003,1.966,-0.829,0.893,0.955,0.302,yes
-2.13,-0.662,0.003,1.631,-1.74,0.607,0.1,0.179,yes
0.282,0.976,0.954,0.035,-0.27,0.8,-0.381,-0.516,no
0.736,0.654,1.084,2.224,0.189,-0.953,1.035,1.712,yes
-0.739,-0.911,-2.175,-0.834,1.089,-0.052,-0.441,2.657,no
0.475,-0.47,1.136,1.128,0.711,0.011,-1.633,-0.678,no
-1.059,2.647,1.024,-0.311,-0.588,-0.9,-0.303,-0.674,no
-0.598,-0.293,2.396,1.259,1.325,1.58,-0.955,0.663,no
-0.371,-0.673,0.069,-0.657,2.014,0.094,0.58,-0.907,yes
-1.147,0.455,0.914,0.802,-0.026,-0.886,-0.241,-0.806,yes
-0.004,-0.409,-0.434,0.406,0.378,1.549,0.858,-0.238,yes
-1.284,-0.532,-0.501,-1.467,-0.96,0.482,0.335,1.316,yes
-1.437,-1.21,-0.205,-1.494,-0.285,0.041,0.029,-0.827,yes
-0.838,-0.476,-1.624,-1.056,-1.061,0.401,-1.043,1.101,yes
0.357,1.446,2.064,-1.382,-1.515,-1.781,-2.115,-0.331,no
-1.314,-0.129,-0.324,0.445,-0.675,-0.667,-0.331,-0.695,yes
1.929,0.429,-0.975,0.301,-0.401,0.087,-1.414,0.067,no
-0.67,0.659,0.538,-0.239,0.142,0.468,-1.082,1.166,yes
0.468,-0.17,0.974,-1.052,-0.861,0.501,-0.301,-1.47,no
0.646,-0.224,2.182,1.328,-2.621,0.828,-1.101,-0.119,no
0.77,-1.475,-0.249,-0.708,-2.094,-0.147,0.079,-0.756,yes
-1.008,-0.349,-0.485,1.289,0.89,-0.424,0.679,1.063,yes
-1.682,-0.213,0.183,0.022,0.015,1.845,-1.471,-3.33,yes
0.85,1.378,0.481,0.871,0.384,-0.241,-0.871,-0.165,no
-1.746,2.076,-0.27,0.599,-0.04,-0.676,1.092,0.686,no
0.927,-0.457,0.019,1.627,-0.548,1.002,1.771,0.682,yes
0.213,0.301,0.226,-0.78,-1.374,-0.523,0.119,-0.211,no
-0.88,0.941,0.066,-0.356,0.121,1.424,-0.422,0.454,no
-1.214,-0.917,-1.281,-0.686,0.607,-0.344,0.027,-1.555,no
0.271,-0.838,-0.169,-0.945,-0.149,0.54,0.471,-1.877,yes
0.223,-2.204,-0.697,0.103,0.431,0.816,0.412,1.515,yes
0.619,-2.134,-2.304,-0.548,1.81,0.163,-0.94,-0.384,yes
-0.841,0.476,-0.079,0.49,-1.251,-1.221,-0.085,0.064,no
-1.254,-1.804,0.398,0.972,0.234,0.42,1.011,-1.67,no
-0.041,-1.086,1.127,-0.761,1.099,1.4,-1.535,-1.265,no
-0.613,0.71,-1.383,-0.981,-0.059,0.705,0.345,-0.13,yes
-0.612,0.818,-0.451,1.804,0.046,-0.569,-1.449,0.555,no
-0.853,-0.345,1.065,-0.211,1.317,-1.94,1.856,-0.943,yes
0.439,-0.518,0.539,0.938,1.629,1.388,0.145,1.508,yes
0.089,0.651,-0.302,1.343,-0.042,1.297,-0.692,-2.27,yes
-0.396,-1.488,-1.274,1.129,-0.237,1.513,-0.056,1.279,yes
0.392,-1.833,-0.454,-0.371,2.28,0.103,0.516,0.128,yes
-0.227,0.268,-0.876,0.558,-0.169,1.0,0.735,0.539,yes
-0.063,1.015,-0.668,1.839,-1.041,-1.104,-1.408,-0.964,no
0.355,-1.432,1.652,-1.999,-1.005,-2.162,-0.361,-1.321,yes
-1.856,0.619,0.175,-0.127,-0.269,-1.068,0.234,0.954,yes
0.485,-0.058,0.979,-0.601,-1.423,-1.002,1.882,0.657,yes
1.291,0.688,-0.265,1.481,-0.718,0.74,1.149,0.061,yes
-0.049,0.352,-0.246,-0.392,0.95,-0.515,-1.219,-0.408,no
1.168,-0.181,0.622,-0.568,0.428,-1.711,0.903,0.473,no
-0.897,-0.683,-0.507,-1.219,1.084,-0.076,-0.185,0.786,no
-0.746,-1.386,0.944,0.114,-0.499,-0.036,-1.908,-0.425,yes
0.193,-0.247,0.338,-0.041,0.308,0.841,1.498,-1.044,no
-0.13,0.341,-0.024,0.256,0.397,-0.033,-1.225,-0.204,yes
-0.432,-0.356,-1.379,1.41,1.007,-0.296,0.776,0.648,yes
1.281,-0.763,-2.169,-0.033,-1.122,0.107,0.219,-1.423,yes
-0.761,-2.283,-2.009,1.031,0.603,-0.33,-0.558,-0.257,yes
0.234,-1.298,-0.194,0.033,0.574,0.758,1.689,-2.495,yes
-0.829,0.065,-0.922,0.803,-0.91,0.333,1.032,0.669,yes
-2.19,-0.264,0.315,0.297,1.747,0.423,0.638,-0.665,no
-2.189,-1.837,0.384,1.688,0.884,-2.544,-3.109,2.677,yes
1.079,-0.055,-1.572,-1.514,-0.487,-0.804,-1.045,2.035,no
0.336,-0.228,0.501,0.212,-1.666,0.51,-0.6,-1.107,yes
-0.277,0.921,1.551,1.079,-1.287,-0.726,-0.968,0.18,no
-0.929,0.273,-1.517,-0.938,2.324,-1.167,1.089,-0.332,no
-0.149,0.634,1.399,-1.753,0.546,-0.936,0.16,0.906,no
1.214,0.264,1.446,1.096,0.538,-0.516,-0.066,-0.615,no
-0.367,-0.326,-0.342,0.789,0.663,1.468,0.12,0.486,yes
2.937,-0.018,-0.322,0.642,1.291,-0.939,-0.696,2.243,yes
-0.947,0.423,-0.35,-1.345,-0.143,1.361,1.909,0.147,yes
-2.634,-0.126,0.247,0.581,0.669,0.089,-0.244,-1.052,yes
-1.014,0.606,-0.407,0.105,-1.305,-1.057,2.111,-0.251,yes
-0.073,0.595,-1.273,-0.714,-0.505,1.2,-1.225,-0.101,yes
0.61,-0.32,0.158,1.344,0.793,1.62,0.72,1.59,yes
0.018,0.408,0.829,0.369,-0.042,-0.783,0.6,-0.646,no
-0.926,-0.816,2.192,-0.791,0.059,-1.228,1.739,0.945,yes
0.023,-0.37,0.882,-0.499,-2.286,0.176,-0.019,-1.205,yes
-0.918,2.36,1.045,0.741,0.494,0.014,-0.08,-0.525,no
0.106,0.725,0.02,1.431,0.057,-0.276,-0.449,2.442,no
-0.214,1.32,1.993,0.107,0.131,-0.254,-1.074,-0.149,no
-0.118,-1.173,-0.242,0.692,1.67,0.898,0.242,1.555,no
-1.106,0.121,0.713,1.123,1.567,-2.016,-0.593,1.1,no
1.586,-0.677,-0.445,-0.539,1.586,1.548,-1.225,1.471,no
-0.776,0.461,1.489,0.439,-0.185,-0.422,0.526,0.547,no
-0.58,0.942,0.752,0.727,-1.693,0.848,0.873,0.651,yes
0.617,1.131,0.131,-1.137,0.362,-0.311,0.027,-1.331,no
-1.412,-0.207,1.526,1.743,-0.303,-0.57,2.264,0.592,yes
1.516,0.303,0.769,1.654,0.278,0.16,-0.562,0.735,no
1.355,0.5,0.117,-0.704,-0.463,-0.133,0.021,-1.82,no
0.376,-0.474,0.048,-1.089,1.301,-0.377,0.237,0.165,no
1.252,-0.201,0.749,0.174,0.284,0.385,0.299,-0.353,yes
-0.303,1.118,0.717,1.151,-0.625,-0.797,0.139,0.252,yes
-0.081,-2.01,0.577,-1.118,-0.716,0.654,-0.359,-1.033,no
0.925,1.792,-1.305,-1.429,-0.175,-0.477,1.663,-1.069,no
0.008,0.027,0.515,-1.169,-0.628,-0.648,-1.035,-1.082,yes
0.161,0.098,0.974,-0.809,0.292,0.145,0.587,0.112,no
-1.325,1.597,0.811,0.084,-0.424,0.116,-0.647,-1.446,no
-0.789,-1.321,-0.685,1.084,1.344,-0.218,0.441,-1.56,yes
0.709,0.438,-1.07,2.313,-1.603,-0.79,-0.011,0.534,yes
-0.416,0.94,0.263,-0.246,-0.884,-0.888,-0.357,0.171,yes
0.777,2.781,-1.859,-0.294,-0.376,-0.438,-0.359,1.725,no
0.635,-0.251,0.252,0.156,-0.712,0.266,1.021,0.618,yes
0.087,-0.453,0.374,-0.498,1.402,0.562,-0.634,-1.424,yes
-0.678,1.03,0.646,0.649,-0.627,1.034,-0.831,-0.459,no
0.62,-0.601,0.276,-0.398,0.47,-0.072,-0.971,-1.044,yes
-0.957,0.809,-0.793,-1.708,0.52,0.126,1.329,0.586,yes
0.453,0.836,0.083,-0.596,0.418,-0.04,0.192,-0.231,no
-0.027,-0.869,-0.399,1.682,0.949,0.124,-0.21,-1.019,yes
0.231,0.873,0.059,-1.458,-0.753,-0.593,0.27,-0.175,yes
0.499,0.649,-0.742,-0.286,-0.854,-0.658,0.268,0.391,yes
-0.679,-0.718,0.073,0.397,-2.398,-1.34,-0.223,0.055,yes
-0.909,-2.081,0.096,0.202,0.48,0.21,-0.971,-2.075,yes
0.934,2.119,0.863,0.768,0.796,-0.949,-0.729,1.469,no
-0.578,0.442,0.457,-0.501,-1.287,0.227,1.105,0.714,no
0.147,0.452,0.442,-1.762,0.984,-0.49,0.646,-0.92,no
0.71,-2.227,-0.596,0.693,-0.977,-1.473,0.455,0.733,yes
-0.324,1.176,0.363,-0.411,-0.36,0.35,-0.605,-1.232,no
-1.299,-0.27,0.061,-0.064,1.124,-0.861,0.62,0.13,yes
-0.749,-2.143,0.253,-0.81,0.215,0.537,2.666,-0.092,yes
0.042,1.833,-1.112,-0.19,2.323,1.444,-0.931,-0.678,yes
-0.309,-0.468,-0.397,0.321,0.961,-0.069,0.091,-0.591,yes
0.528,1.128,0.594,1.223,-0.842,0.402,1.039,0.584,yes
1.353,-0.75,0.179,0.044,-0.395,0.033,0.096,-1.003,no
-1.772,0.84,1.188,-0.27,0.975,0.651,0.508,-0.688,yes
-0.521,0.443,1.421,0.737,0.754,0.772,-1.069,-0.754,no
0.897,0.874,0.418,-0.379,-1.908,0.14,0.793,0.508,yes
0.262,1.23,-0.055,-0.445,0.663,0.077,0.036,0.046,yes
-0.155,-0.4,1.332,0.342,-0.16,1.27,-0.538,2.171,no
-1.259,-0.25,-1.905,-0.1,0.253,-2.51,1.828,-0.924,yes
-0.068,0.437,0.063,0.653,-0.156,0.599,-0.524,-1.425,yes
-1.768,0.524,2.692,2.274,-0.759,0.75,-0.736,1.258,no
1.629,-0.842,-0.208,-0.215,-0.92,0.125,0.497,-0.545,no
-0.912,-0.737,-0.096,0.844,-0.823,0.035,0.248,-1.505,yes
-0.007,-0.109,0.83,1.641,-0.534,-0.652,0.848,1.696,yes
0.402,-0.721,0.127,-0.017,-1.983,-0.057,2.557,-2.317,yes
-1.372,0.916,0.697,0.485,0.171,-0.515,-0.417,0.98,no
-1.133,-2.089,0.484,0.816,-0.404,-0.705,0.248,-0.677,yes
-0.922,-1.099,-0.844,-0.508,1.002,-1.032,-1.231,0.522,no
-1.644,0.375,-0.006,-0.02,-0.174,1.516,-0.736,-0.919,no
0.633,-0.491,0.243,-0.027,-0.599,-0.813,-0.52,-0.62,yes
-0.083,0.582,-1.708,1.005,-0.101,-0.324,-1.967,2.075,yes
1.213,0.001,0.645,0.038,1.263,0.349,-0.835,-0.647,no
-0.393,0.837,-0.206,0.724,1.602,-0.246,1.201,-0.704,no
-0.168,0.519,0.009,0.016,-1.48,-0.549,1.748,0.293,yes
-0.422,0.28,-0.38,1.098,-1.364,-0.672,-0.52,-0.901,no
-0.153,-0.176,0.27,-0.625,1.421,0.607,-1.6,-0.448,no
-0.673,0.924,1.57,-1.394,0.507,0.188,1.498,-1.456,no
-1.213,1.072,-0.912,0.188,-0.324,0.149,-1.334,0.701,no
-1.18,1.449,-1.829,0.071,-0.347,-0.596,0.293,-1.697,no
-0.63,-0.322,0.519,-1.138,-1.147,-1.947,-2.401,-1.341,no
-0.022,0.571,-0.405,-0.05,0.614,-0.613,-0.793,-0.685,no
-2.264,-0.001,-1.083,-0.28,0.37,-0.261,-0.469,-0.501,yes
1.944,1.325,1.784,1.054,0.192,1.148,-0.973,-0.012,yes
-0.143,-0.266,1.158,1.226,1.705,-0.356,-0.14,0.289,no
0.769,-0.403,2.446,1.313,-0.71,-0.856,-0.658,-2.326,yes
0.498,0.417,-1.047,0.522,-0.763,-0.969,1.15,0.934,yes
-1.661,0.373,-1.445,1.642,0.484,0.771,-0.198,-0.254,yes
-1.091,-0.33,2.317,-0.79,0.322,-0.757,2.153,0.455,no
2.844,-0.037,-0.621,0.698,0.316,0.939,0.013,0.637,yes
-0.369,1.242,-0.724,-1.304,-0.97,0.094,1.309,-1.32,no
1.567,0.456,1.145,1.473,0.354,-0.067,-0.635,1.106,yes
-0.285,-1.744,0.09,0.448,1.825,-0.493,0.619,0.219,no
0.177,-1.346,-0.614,0.06,-0.0,-0.06,1.189,-0.004,yes
0.922,1.412,-1.303,-0.117,0.427,0.591,0.733,-1.213,no
-1.168,0.486,0.212,0.108,-0.41,0.516,1.073,-0.069,yes
-0.933,-0.85,-0.531,0.191,-0.328,-0.124,-0.203,0.675,yes
-1.155,0.251,1.377,-0.418,-0.41,1.749,1.859,0.12,yes
-1.471,0.561,-0.935,0.34,1.298,-0.652,-0.665,-0.165,no
-1.037,-0.248,-0.541,1.201,0.006,1.15,1.112,1.13,no
-0.452,1.604,-0.316,-0.788,0.78,0.519,2.465,-2.507,yes
0.865,0.206,0.122,-0.177,-0.283,-0.213,-0.49,-0.1,no
-0.572,-0.041,0.731,0.887,1.637,1.176,0.907,-0.245,no
1.242,-0.206,0.217,-0.109,-1.009,-1.029,0.904,2.445,yes
-0.06,0.612,0.551,1.003,0.017,-1.146,0.119,0.175,no
0.647,0.225,-0.531,1.1,-0.512,0.636,0.249,0.224,yes
0.26,-1.129,1.418,0.589,0.22,-1.256,1.907,0.873,yes
-1.115,0.791,-1.424,-0.736,-0.474,0.419,0.605,1.04,yes
-0.193,1.517,-0.683,2.118,0.122,0.053,-0.278,-0.677,yes
0.014,-0.424,-0.892,-0.796,-0.257,-1.692,0.795,-0.375,no
1.317,0.535,-0.518,0.148,0.613,0.233,-0.114,-0.504,no
-0.951,-0.449,0.416,1.906,1.38,0.247,-1.312,1.902,yes
0.577,0.209,-0.492,0.264,-0.689,1.119,0.799,-1.115,yes
1.277,1.765,-1.01,-1.358,0.625,-0.539,-1.437,-1.399,no
2.181,-1.919,-0.123,-0.956,2.294,-0.683,0.094,-0.68,no
-1.447,-0.271,1.564,1.286,-2.506,0.198,-0.084,0.273,yes
0.283,-0.614,1.606,1.383,-0.746,-0.034,-0.087,0.456,yes
1.003,1.454,-0.827,1.21,0.302,0.144,0.613,0.721,no
0.693,-0.339,0.832,1.329,0.398,0.257,-0.116,0.66,no
2.492,0.362,-0.314,-0.157,1.5,0.133,-0.358,1.431,no
-0.067,-1.213,0.224,0.346,0.285,-0.777,-0.126,-0.383,no
-0.387,0.963,-0.751,-0.048,0.689,-0.034,-0.72,-1.617,no
0.658,-0.505,-1.428,1.242,-0.368,-0.915,-0.189,0.394,yes
0.142,-0.179,-0.373,2.081,0.137,-1.195,-1.108,-0.006,no
-0.282,-1.753,-0.422,1.031,1.163,0.357,1.356,-2.512,yes
2.051,-0.367,1.139,1.266,0.525,2.96,-0.775,-0.115,no
-0.42,0.37,0.545,-0.005,-0.45,-0.922,-0.737,-0.37,no
-0.957,-0.058,-1.776,-1.23,-1.1,-0.762,1.357,0.083,yes
0.441,-0.622,0.383,-1.864,-1.44,0.155,0.732,-1.563,yes
-0.068,1.945,1.566,0.097,-0.053,0.605,-0.735,-0.17,no
-0.845,-1.864,0.707,-1.135,1.033,-0.593,1.161,0.794,yes
1.888,-0.538,-0.823,-0.382,1.348,1.121,-1.439,-0.563,no
-1.184,0.819,0.517,0.466,-1.404,-0.455,-0.355,-0.306,no
1.516,0.436,0.353,0.532,0.322,0.19,0.3,-2.052,yes
-1.027,-0.356,0.259,1.133,-0.182,0.689,0.422,-0.8,yes
0.265,-0.689,0.292,-0.007,2.667,-0.492,-1.935,2.273,yes
0.187,1.485,-1.01,-0.599,-0.423,0.15,0.113,0.037,yes
-1.1,-1.194,0.444,-0.259,-1.802,0.214,-0.047,0.382,yes
0.778,-1.338,-1.211,-0.455,-0.533,0.132,0.987,-0.069,yes
-0.086,-0.72,0.37,0.979,-0.954,-0.097,-0.003,2.07,yes
-0.49,0.341,-0.418,0.004,-0.248,-0.392,0.542,0.296,yes
0.156,1.038,-1.426,-0.91,-0.248,0.146,0.724,-1.642,no
-0.994,-0.352,-0.879,0.175,0.763,0.428,-0.683,-0.693,yes
-0.535,-0.498,-0.746,0.442,0.01,-0.01,-1.137,0.202,yes
0.774,-0.323,0.306,0.576,1.985,-2.732,-0.349,0.666,no
-0.755,-0.644,1.256,1.155,-1.38,1.931,0.85,0.044,yes
-0.738,-0.043,0.267,0.226,0.605,0.631,-1.071,1.03,no
-0.437,0.072,-2.115,1.344,-0.049,1.913,-0.388,0.001,no
-0.912,0.208,-0.303,-0.445,0.797,-0.705,-0.635,-2.192,yes
0.354,0.852,0.151,0.938,-1.521,2.054,-0.638,2.178,no
0.347,0.114,0.433,-0.24,0.418,0.571,-0.682,0.305,no
-0.205,0.416,0.555,0.312,0.691,-0.724,0.589,0.159,no
-0.937,-0.405,0.485,-1.437,0.454,-1.119,1.551,-1.015,no
1.652,0.607,1.13,-0.486,0.097,2.162,0.07,0.56,no
-1.137,-2.582,0.647,1.78,-0.936,-1.1,0.767,-0.855,yes
0.285,-0.435,-0.982,-0.247,-0.413,0.4,-0.759,-0.946,no
0.089,1.806,2.148,1.55,-2.354,-0.074,-0.739,0.644,yes
0.41,0.516,-0.51,-0.212,0.661,1.527,-0.735,-1.161,no
0.18,0.869,-0.246,-2.005,-1.077,0.194,-1.597,0.023,no
0.519,-0.881,0.855,-1.945,1.314,-0.446,1.648,1.119,yes
-1.039,-1.687,0.402,-0.878,-0.087,-0.395,-0.813,-0.088,yes
-0.07,-0.235,0.498,-0.349,-0.85,0.829,-0.865,1.129,yes
-2.286,1.873,1.467,1.138,0.482,0.599,-0.07,0.671,yes
0.094,1.117,1.367,-1.128,1.726,1.711,-0.069,-0.35,no
-0.403,1.186,-0.875,0.14,1.183,-0.137,1.725,-0.959,no
-1.311,1.011,-2.16,-0.141,-0.855,-0.622,0.101,0.147,yes
0.256,-0.374,-0.181,-0.927,0.032,-0.463,-0.854,1.204,yes
0.635,-0.592,1.016,-0.124,-0.069,-0.72,0.122,-0.578,no
0.413,-0.906,-0.628,1.442,0.016,0.392,-1.084,-0.082,yes
1.01,0.902,0.931,-0.289,1.173,0.311,0.932,0.455,no
0.872,-0.784,-0.593,0.72,-0.957,0.044,0.199,1.022,yes
-0.06,-0.128,-1.641,0.119,0.454,-0.098,1.182,1.34,yes
-0.693,0.66,-0.252,-1.021,-0.091,-0.357,-0.142,0.775,no
0.156,0.408,-0.045,0.498,-0.142,1.083,-0.25,0.539,yes
0.224,0.786,0.25,-0.745,-0.066,-0.573,0.645,-0.759,no
-0.76,0.397,0.032,-1.509,-0.064,1.429,-0.199,1.775,yes
-0.78,-1.304,-0.585,-0.254,0.181,0.891,-1.114,-1.191,yes
0.904,-1.046,1.2,0.779,-0.039,0.141,-1.244,0.185,yes
1.279,0.495,-0.743,0.019,0.022,1.339,-0.202,-0.5,no
-0.198,0.461,-1.001,-0.627,0.491,0.012,-0.12,-1.122,no
0.133,0.859,0.095,-0.179,0.784,1.869,-0.584,-0.005,no
1.056,0.605,0.276,0.097,0.888,1.889,-3.021,-1.471,no
0.409,1.109,0.453,-0.193,0.328,-0.18,0.546,1.908,no
0.818,-0.187,-1.696,-0.335,0.453,1.316,-0.959,1.8,no
1.46,0.334,1.405,-0.979,-1.286,1.027,-1.168,-0.137,no
-0.226,0.807,-0.046,-0.753,0.283,0.344,0.447,-0.15,yes
-0.431,-1.232,0.445,-0.186,-0.508,-0.656,1.617,0.651,yes
-0.418,0.449,-0.047,1.678,0.338,-0.539,0.324,1.042,no
1.237,-0.078,-1.034,-0.408,0.746,-1.674,-0.39,0.705,no
0.645,0.086,0.699,0.305,0.504,-0.355,-0.775,2.448,yes
-0.289,-1.457,-0.68,-2.442,-1.309,-0.774,-2.468,0.283,yes
0.753,0.3,2.074,1.539,0.734,1.239,1.046,0.036,yes
-0.91,0.097,-2.572,0.579,-1.144,3.094,0.197,-0.258,yes
1.291,0.443,-0.166,-0.891,-0.085,0.076,1.609,-0.723,no
0.003,-0.397,0.606,-0.078,-0.01,0.037,-0.408,0.803,yes
-1.239,-0.505,-0.471,0.364,0.661,0.054,-0.518,0.73,yes
1.568,-0.925,0.491,-1.019,1.178,0.91,-1.003,0.742,yes
1.928,-0.777,0.189,0.522,2.383,0.874,-0.204,2.035,no
-1.947,-0.856,-1.188,0.448,-0.527,1.433,-1.219,0.743,yes
-0.135,-0.97,-0.639,-0.068,1.653,-1.004,-0.508,0.278,yes
3.269,-0.094,-1.049,1.004,-0.474,-2.202,0.093,0.18,no
-0.803,1.581,-0.729,-0.334,-0.494,0.027,0.808,-0.733,yes
0.901,0.231,-0.146,-0.465,1.941,0.565,0.833,0.658,yes
1.724,1.483,0.588,0.413,-1.65,-0.464,-1.792,0.19,no
-1.23,0.638,-0.608,-1.05,0.573,0.977,-0.095,0.823,no
-0.035,-0.178,0.31,-0.263,-0.466,-0.107,-0.596,0.654,no
-0.843,1.042,0.196,-0.268,-2.531,1.566,-0.094,-0.393,yes
1.129,-0.871,0.581,-0.639,-0.771,0.976,0.14,-0.052,no
0.801,-1.886,-2.263,1.228,1.078,-1.268,0.463,-0.03,yes
1.67,1.163,-0.616,-0.419,0.026,0.099,-0.78,0.277,yes
-0.346,-0.777,-0.921,-0.989,-0.718,-1.131,-0.189,-0.056,no
-0.124,-0.44,-1.508,-0.943,-0.182,-1.01,-0.153,-1.56,no
0.244,0.505,0.524,-0.899,-0.986,0.045,0.688,-0.027,no
-1.444,-0.463,-0.608,1.101,0.368,0.709,-0.785,0.226,yes
-0.871,-0.075,-1.136,-0.168,0.221,-0.801,-0.014,1.376,yes
0.115,-0.568,0.413,0.785,-2.085,-0.631,0.025,1.38,yes
1.887,1.133,0.792,-0.452,0.47,-0.279,0.44,0.308,no
0.418,0.006,0.529,-0.457,-2.217,0.852,-1.683,-1.554,yes
-0.906,-1.776,-0.301,-0.335,0.396,0.27,-0.827,-0.479,yes
0.234,0.965,1.457,-1.536,-1.4,-0.293,0.424,0.738,yes
-1.091,-0.47,-1.55,1.271,0.365,0.64,-1.672,-0.83,no
-1.861,0.838,0.064,-0.388,-0.286,0.468,-0.855,1.955,no
-2.437,1.193,0.165,-0.115,-1.145,0.916,-0.806,0.11,no
-0.723,-0.919,-0.035,-0.919,-0.066,0.047,0.178,-1.518,no
-0.684,-0.73,1.329,0.198,-1.453,-0.498,-0.144,-0.12,yes
1.831,0.776,1.002,2.087,-0.09,-1.212,-0.173,0.463,no
0.402,-0.488,0.637,-0.727,-0.104,-2.62,-0.348,-2.872,no
-0.358,0.135,0.985,0.023,-1.178,0.066,-1.107,0.321,no
-0.834,0.238,-1.166,0.617,0.479,0.142,0.914,0.175,yes
-1.191,0.812,0.272,1.243,0.113,1.031,-0.916,-0.966,yes
-0.778,-1.18,0.974,-1.534,1.455,0.691,0.207,0.184,no
0.011,-1.403,0.948,0.841,0.722,0.477,-0.821,1.7,no
1.383,-0.105,-0.399,1.167,0.559,0.284,0.398,-0.627,yes
-0.632,-2.358,-0.257,1.62,-0.837,-0.112,0.11,-0.859,yes
-1.301,-0.104,1.259,1.414,-0.324,1.844,-0.109,-0.127,no
0.255,1.521,-0.658,0.595,0.26,-1.343,-0.204,-0.039,yes
-1.285,1.208,-1.08,-0.67,1.357,-1.107,-2.178,0.899,no
-1.152,0.216,0.603,0.552,0.869,-0.333,0.68,0.741,yes
0.611,-1.12,2.495,0.197,-0.988,1.034,-0.34,0.588,no
-0.341,1.598,0.262,0.314,0.431,1.297,-0.254,-1.018,no
0.978,-0.445,1.125,0.032,-0.769,-0.142,1.164,-0.423,no
-0.779,0.05,-1.321,0.284,-1.059,-0.605,0.018,0.042,yes
-0.363,0.033,1.006,-1.078,-1.197,-0.638,0.195,-0.05,no
-0.691,1.224,-0.14,0.953,0.382,-0.818,-0.961,0.18,no
-0.623,-0.476,1.19,-0.539,0.671,-1.103,-0.521,-1.796,no
-0.185,1.393,0.304,-0.906,2.01,-0.427,-1.101,0.78,no
0.054,1.069,1.568,-1.047,-0.33,-0.538,0.681,-2.116,no
-1.767,0.215,2.281,-0.137,0.262,0.537,0.032,0.617,no
0.281,-0.743,0.753,-0.373,-1.479,-0.629,-0.379,0.308,no
-1.571,-0.763,0.26,0.633,-0.395,1.038,-0.582,0.857,yes
-0.374,0.629,1.367,-1.805,-0.618,0.269,-0.677,-0.601,no
0.033,1.218,-0.049,0.685,1.234,0.093,1.196,-0.017,no
-0.076,-0.218,1.603,-1.386,-1.441,-0.391,-0.574,0.67,no
-0.17,-0.272,0.381,0.442,-0.371,0.067,-0.037,0.08,no
-0.235,1.221,-2.235,-0.296,-0.369,0.439,0.841,-0.738,no
1.119,0.144,-0.538,0.043,0.129,-0.685,2.291,0.363,yes
-0.445,1.588,0.99,0.091,0.138,0.319,0.795,-0.36,no
0.345,0.596,-0.392,-0.782,-0.853,0.011,-0.57,0.484,yes
1.209,0.058,-1.025,0.032,-0.605,0.145,-1.305,-0.139,no
-0.569,1.641,0.114,-0.91,-0.393,-0.659,0.44,0.317,no
-0.934,-2.797,-0.595,0.942,0.15,0.622,-0.381,-0.026,yes
-0.198,-1.034,-0.082,-0.566,-0.646,-2.069,-0.1,0.734,no
0.828,-0.416,-1.248,-0.997,1.651,0.285,-1.283,0.273,no
0.018,-0.487,-0.954,0.417,-0.49,-0.502,0.786,0.556,yes
-1.057,-1.049,0.053,-0.169,-0.919,-0.305,-0.501,-0.447,no
0.378,0.981,-0.391,-1.264,-0.167,0.933,1.647,-1.144,no
0.522,0.62,-0.198,1.325,-0.643,0.571,0.393,0.304,yes
0.978,-0.909,0.749,-0.998,-1.252,-0.094,1.666,-0.227,yes
0.306,-0.576,0.095,0.081,-1.096,-0.114,-0.66,2.086,yes
-1.251,-0.77,0.382,-1.871,-1.552,1.817,0.443,0.623,yes
-0.118,2.451,-0.775,-1.142,0.605,-1.118,-0.976,0.7,no
0.546,0.601,-0.697,0.561,-1.635,1.577,-0.757,-0.215,yes
-0.461,0.473,0.542,-1.234,-1.64,-0.186,-1.271,-0.296,no
-0.358,0.128,1.796,-0.059,-0.239,0.289,1.582,-0.538,no
0.825,-0.795,-0.335,-1.067,-0.56,-0.116,0.082,1.323,yes
0.188,-0.065,-0.54,0.879,0.204,0.558,-0.86,-0.297,yes
0.041,-0.891,2.762,-0.167,0.623,-0.315,-1.012,2.651,no
0.406,1.367,-0.158,-0.637,1.213,-0.683,-1.909,0.178,no
-1.529,-0.069,0.843,-0.9,-0.491,-0.662,-0.148,-1.485,no
0.371,0.061,-0.311,-0.454,0.654,0.16,-1.092,0.584,no
0.371,-0.308,-0.6,0.821,0.599,1.867,-0.852,-0.08,no
0.17,2.059,2.088,0.475,0.279,-0.647,0.237,-1.37,no
0.126,0.445,0.844,-0.113,0.422,-0.944,0.539,-0.894,no
-1.08,0.101,0.17,0.281,-1.018,0.422,0.841,-0.994,yes
1.54,-0.962,0.07,0.335,0.184,0.053,0.342,0.031,yes
0.383,-1.0,-1.752,0.638,0.335,0.443,0.41,-1.547,yes
-1.322,-1.297,0.698,-0.311,0.455,-0.886,1.204,0.366,yes
-0.601,-0.747,-1.007,0.404,-0.228,0.588,0.467,1.856,no
-1.408,-1.903,0.417,-2.326,0.026,1.211,1.396,1.855,no
0.824,0.275,-0.212,0.154,1.074,-0.518,0.72,-0.505,no
-0.95,0.012,-1.482,0.051,1.281,-0.46,0.509,1.674,yes
-0.714,0.645,0.638,0.372,0.196,0.743,-0.807,-2.868,yes
-0.772,0.537,-0.215,1.03,0.292,-0.533,1.214,0.462,yes
0.879,-0.202,1.179,1.151,0.275,0.226,0.773,-0.227,yes
1.022,1.794,-0.454,0.327,-0.59,0.061,0.87,-0.097,yes
-1.662,-0.542,-1.108,0.533,0.132,-0.7,1.01,-0.651,yes
-1.129,1.245,0.33,-1.985,0.013,0.231,-0.677,0.401,no
-0.533,0.541,-0.524,0.632,-1.595,0.588,0.789,-1.15,yes
0.352,1.065,-0.333,0.828,-0.36,0.313,1.448,-0.122,yes
0.23,0.369,-0.193,2.199,0.757,-1.426,-0.783,0.119,yes
-0.104,-1.727,1.996,0.258,0.516,-1.349,0.948,-0.625,no
1.454,-0.128,0.078,-2.043,-0.23,-0.796,-1.279,1.074,no
1.804,-1.752,0.582,0.361,1.429,0.199,-0.169,-0.004,no
-1.937,0.922,0.746,0.22,0.092,1.525,-1.037,1.029,no
-2.559,1.662,-1.237,0.444,2.597,1.548,0.505,-0.935,yes
-0.33,0.458,-0.248,-0.003,-1.241,-0.32,2.717,2.139,yes
0.901,0.013,-1.305,-0.048,0.381,0.314,-0.56,1.765,yes
0.041,-1.277,-1.699,1.757,-0.255,-1.043,0.0,0.327,yes
-0.861,-0.731,-1.836,0.29,-1.316,0.067,-0.915,-0.997,yes
0.723,-0.642,-1.048,-1.455,-2.028,-0.356,-0.014,-0.459,yes
1.171,-0.378,-0.731,0.25,0.906,-0.11,2.302,-0.106,yes
-0.155,-1.582,0.067,0.423,-0.55,-0.528,0.676,-0.285,yes
0.123,-2.13,-0.005,0.328,1.056,-1.412,-1.263,-0.963,yes
0.568,-1.132,-1.583,-0.956,0.331,0.485,1.564,0.016,yes
-0.769,0.575,-0.134,-0.138,-0.198,0.16,0.227,-1.373,no
-0.411,0.15,-0.214,-0.47,0.166,-0.015,-0.453,0.636,no
0.425,0.726,0.593,1.467,-0.053,0.717,0.332,-0.266,no
-0.081,-0.985,-1.292,-1.769,0.172,-1.197,1.94,-0.007,yes
-1.055,1.409,-1.323,1.026,-0.212,1.128,1.047,-0.696,yes
1.254,-1.347,-0.69,0.677,-1.822,0.071,-1.672,-0.086,yes
1.015,-0.183,-0.773,-0.563,-0.107,0.402,2.646,-0.653,no
-1.046,-0.009,0.244,1.143,-3.176,-0.55,0.587,-2.078,yes
-2.16,0.215,-0.179,-0.055,0.224,-0.181,-0.268,1.162,yes
-1.882,-0.625,-0.416,-0.414,-1.004,1.159,-0.515,-0.493,yes
0.108,1.772,0.123,-0.296,0.252,0.692,2.095,-0.783,no
-0.087,-0.606,-0.852,0.948,-1.071,0.815,0.824,0.62,yes
0.586,0.034,0.321,1.077,0.47,0.396,0.967,0.188,yes
0.023,1.185,-0.791,0.04,0.008,0.877,-0.607,-1.315,no
0.835,0.872,-0.953,0.072,-0.608,0.623,-0.242,1.21,yes
2.444,1.144,0.354,-0.154,0.812,-2.132,0.722,1.084,no
0.195,0.722,1.227,0.804,-0.043,-0.48,-0.493,-1.07,no
0.741,1.162,-0.194,-0.194,-0.176,-0.31,-1.876,-0.773,no
-1.625,-0.04,-1.509,0.998,2.439,-0.581,-0.285,0.055,yes
0.251,-1.259,-1.894,1.098,0.938,0.915,0.121,-0.112,yes
0.844,1.189,-1.416,0.762,-0.086,-1.568,0.223,-0.024,no
1.018,1.138,1.267,-2.177,1.232,0.292,1.671,-0.896,no
2.234,-0.041,-1.038,0.271,1.63,1.161,-0.895,0.145,no
0.664,-0.601,1.007,-1.671,-0.239,-0.426,-1.798,0.687,no
-0.79,0.26,-0.26,0.67,-1.401,-0.022,0.811,-2.393,yes
1.883,-0.558,-0.215,-0.983,0.899,-1.197,0.402,-0.387,no
-0.425,1.284,-0.203,0.139,-0.007,0.073,-0.345,1.16,no
0.546,1.04,2.295,-0.524,1.748,1.169,-0.706,0.091,no
-0.134,-1.982,-0.274,0.776,1.459,1.999,0.145,1.529,yes
1.939,-0.791,-0.121,-1.066,-1.109,-0.925,-0.059,0.174,yes
0.06,-0.283,2.722,0.178,-0.775,-0.757,-0.103,-0.624,no
-0.852,0.685,-0.947,0.258,0.807,2.099,-0.802,-0.798,no
0.944,0.551,-0.609,-0.818,0.167,1.441,-1.943,0.825,yes
1.128,-0.627,1.845,-0.746,-0.156,0.257,-0.696,-1.314,no
0.039,0.819,-0.006,-1.198,0.746,-1.067,0.049,0.412,no
-1.59,-0.319,-0.291,0.175,-1.56,0.567,-1.214,0.3,no
0.563,-2.006,-0.33,0.355,0.113,0.341,0.073,-0.841,yes
-0.238,-1.242,-0.037,1.43,-1.82,-1.779,-0.937,-0.558,yes
0.958,-0.272,-0.371,-0.103,-0.479,-0.805,-1.007,0.916,no
0.648,1.779,-0.765,0.87,0.644,0.578,-0.095,-1.208,no
-0.693,-0.189,0.395,0.873,-0.664,0.652,-0.311,0.292,yes
0.046,2.013,0.432,0.765,-1.464,1.433,0.22,-1.186,yes
-0.293,-0.118,-1.447,-1.37,0.63,-0.5,-0.952,-0.319,no
2.066,0.036,1.761,-0.26,-1.138,0.26,-0.156,1.533,yes
0.058,1.439,-1.393,0.585,0.9,0.121,-0.53,0.808,no
1.734,0.893,0.511,-0.937,0.214,-0.985,0.64,0.382,no
0.639,1.446,0.081,-0.468,0.883,-0.501,-0.717,-2.444,no
1.147,0.068,-0.415,-0.373,0.131,0.274,-2.104,-0.206,no
-1.234,0.549,-0.624,1.005,0.422,0.3,-0.991,0.16,no
-0.669,-0.756,-0.804,-3.094,-0.828,-2.618,-0.36,0.617,no
-0.502,-0.569,1.272,-1.367,0.443,-0.241,2.019,1.304,yes
0.103,-0.483,0.854,0.073,0.776,-0.374,0.771,2.959,yes
-0.352,-0.803,-0.063,-0.742,0.93,0.206,0.397,0.834,no
1.507,-1.79,0.874,0.385,-0.562,0.908,-1.075,2.28,yes
-0.307,0.643,0.631,1.322,-0.363,-0.392,-0.514,-0.194,no
0.169,1.195,-1.048,-0.197,-1.46,-1.136,-0.178,2.219,yes
-0.624,-0.519,-0.755,-1.607,0.794,-0.449,1.848,1.279,yes
0.011,-2.295,-0.359,0.567,-0.644,-0.622,-0.484,-0.039,no
1.075,-0.059,-0.88,-0.467,0.659,1.432,0.335,-1.112,yes
0.128,0.247,-1.023,1.459,-1.112,0.119,0.927,-0.199,yes
1.151,0.542,0.99,-0.162,-0.258,-1.597,-1.223,-1.155,no
0.699,-0.163,0.794,-0.468,-1.037,0.522,1.308,-0.743,no
-1.618,0.215,1.276,1.526,-0.188,-0.951,0.286,0.649,yes
-0.319,-1.563,1.157,-0.654,0.937,-1.471,0.978,1.048,yes
-2.191,0.033,-1.086,-0.239,1.65,-0.315,-0.333,-1.283,no
-1.089,0.225,-0.037,-1.023,0.764,-1.34,0.332,-0.488,no
-0.511,1.281,0.037,-0.339,-1.411,0.63,0.1,-0.743,no
0.224,0.722,-1.569,2.567,1.138,0.149,-1.412,0.425,no
0.946,-1.018,1.976,0.483,-1.809,1.964,0.962,2.034,yes
-0.806,0.892,-0.052,-0.643,-1.226,-0.443,0.124,0.029,yes
0.157,0.4,-0.125,-1.105,-1.089,1.386,-0.244,0.791,yes
-0.414,1.155,-0.391,0.111,-0.41,-0.168,-0.695,1.884,no
0.181,0.432,1.675,-0.18,-0.784,0.723,-0.425,-0.277,no
1.069,-0.775,-0.655,1.189,-2.126,1.059,-0.521,-1.4,yes
-0.415,-0.725,-0.019,-1.115,0.124,0.207,0.442,0.124,no
0.378,-0.313,-1.983,-0.578,3.056,-2.245,-0.457,-1.589,no
0.124,0.799,0.94,-1.178,1.282,1.372,-0.401,0.707,no
0.229,1.209,0.325,0.704,0.076,1.942,-1.445,-0.459,no
-0.043,0.088,-2.124,0.655,0.639,-0.496,1.2,0.205,no
-0.442,-0.614,0.145,-0.526,-1.322,1.131,0.683,1.045,yes
-0.49,-0.054,-0.2,-0.651,-0.783,0.782,-0.526,-0.0,no
0.822,-0.537,-0.668,-1.733,-0.74,-0.459,-0.178,1.256,no
-1.584,1.514,-0.58,1.523,-0.332,-0.95,1.401,-0.842,yes
1.828,-0.979,-0.408,1.427,1.972,1.251,0.403,1.589,no
-0.034,-0.316,-1.357,1.863,-0.371,1.175,0.326,-0.062,yes
-0.43,-0.7,0.745,2.035,-1.378,0.617,-0.442,-0.644,yes
-0.586,2.069,1.022,0.479,1.18,-0.164,0.81,-1.307,no
1.651,0.013,0.459,1.336,1.238,-0.022,-0.092,0.241,no
0.784,1.826,0.058,1.896,-0.159,-1.59,-2.007,0.003,no
0.062,1.691,-0.139,-0.125,0.529,0.056,1.183,0.275,no
-0.805,0.586,-0.342,-1.509,0.759,0.374,-1.118,0.688,no
-0.037,-0.236,1.669,-0.072,-0.064,-0.286,0.843,-0.582,yes
1.147,-1.141,-1.423,-0.901,0.647,0.403,1.374,-1.933,no
0.161,1.39,-1.584,-1.243,-0.111,-0.333,-0.007,-0.769,no
-0.346,0.2,0.534,0.052,-0.002,-1.26,-0.647,0.84,no
-0.045,-1.009,0.093,0.154,-0.182,0.705,-0.846,-0.115,no
-2.196,-0.96,-0.804,0.864,-0.622,0.297,-0.368,0.915,yes
-1.255,0.338,1.704,-1.227,0.566,0.288,0.047,-0.829,no
-1.319,-0.714,1.192,0.768,0.892,-0.503,-0.227,-2.095,no
-2.02,1.273,-1.38,0.59,2.095,-0.839,0.001,-1.341,no
-0.544,-1.832,-0.285,-0.389,-1.907,-0.947,-2.771,-0.654,yes
0.836,0.052,-0.788,-0.02,-0.275,-0.226,0.736,1.158,yes
-1.464,-1.753,-0.506,0.733,-0.578,0.89,-0.468,0.202,yes
-1.116,1.012,-1.26,0.386,1.006,1.545,-1.94,-0.326,no
1.18,-0.583,1.557,-0.928,-0.141,-0.575,-0.475,-0.172,no
0.245,-0.925,-0.692,0.317,-0.351,0.326,0.595,1.569,yes
0.523,0.757,-0.64,-0.934,-0.367,0.72,-1.02,-0.038,no
-0.901,-0.794,0.381,0.556,1.654,-0.021,-0.493,-1.289,no
-0.84,-0.051,-0.683,-0.467,0.638,0.657,1.073,-1.46,yes
0.776,0.65,-0.132,-0.583,1.382,0.861,0.115,0.569,no
1.518,-0.395,1.142,1.054,1.488,0.89,-0.888,0.362,no
-0.588,-0.059,-1.567,-1.054,-0.309,0.975,0.191,-0.581,yes
0.07,0.236,0.237,0.778,0.39,-0.359,-0.099,-1.331,yes
0.084,-0.143,-0.144,0.164,0.036,-0.159,0.481,-0.29,yes
0.752,-1.229,1.369,0.468,-0.172,-0.129,-0.116,0.672,no
-1.245,-0.637,0.475,-0.229,-0.658,0.906,0.864,-1.243,yes
1.847,-0.101,2.637,-0.28,-1.097,0.488,0.57,-1.599,no
-1.638,-0.8,-0.512,0.166,1.302,-1.098,1.266,0.093,yes
-0.183,1.62,-1.467,-1.981,0.869,-1.97,-0.888,-0.228,no
0.048,-0.911,0.345,0.513,0.016,1.086,0.336,-1.249,yes
-1.935,-1.149,-0.527,0.088,1.05,1.45,1.356,-1.103,yes
0.642,-0.174,1.29,-0.717,0.682,1.473,-0.949,-0.744,no
-0.138,-0.262,1.804,0.457,-0.752,-1.873,-0.535,-1.731,no
2.106,0.845,0.819,0.91,-0.96,0.895,-0.396,-0.644,no
-1.288,1.311,0.55,-0.811,1.264,0.476,1.475,0.08,yes
-0.063,0.9,1.117,-1.025,0.453,-0.091,1.749,0.233,yes
2.249,-0.563,1.064,1.724,0.91,-0.408,-0.855,-0.459,no
0.04,-0.265,0.602,-0.94,-0.353,1.126,1.413,0.456,yes
-1.08,-1.026,0.155,1.504,1.961,-0.221,0.714,-0.754,no
0.49,0.007,-0.04,-0.007,-2.277,-0.266,0.045,2.474,yes
0.796,1.309,0.882,-0.379,1.017,-0.036,-0.301,1.113,no
1.119,0.467,0.56,2.114,-0.246,-0.65,1.917,-0.805,no
0.76,1.234,-1.432,0.188,0.105,0.846,0.687,-0.104,yes
0.945,-1.41,0.189,-0.386,-0.806,0.476,-1.613,-0.301,no
2.144,-1.256,-0.609,0.921,-1.211,-0.913,-1.134,-0.56,no
1.106,2.331,-1.055,0.169,0.291,-0.296,-0.748,-0.093,no
0.391,-1.462,-0.388,1.319,-1.308,1.344,1.07,-0.379,yes
-0.245,0.988,-0.46,-0.144,-0.474,-0.026,1.238,-1.195,no
-2.617,-0.106,0.421,1.205,0.699,-0.588,-0.28,-0.296,no
-0.191,1.134,-0.478,-0.519,1.138,-1.871,0.472,-0.43,no
-0.279,-1.17,0.397,-0.425,-0.178,-0.152,-0.854,0.86,no
-0.521,-0.262,-0.706,-1.055,0.17,1.362,-0.712,0.2,no
-1.068,1.361,-0.345,-1.35,-0.11,-0.733,-0.608,-0.385,no
0.946,0.064,-1.411,1.766,-0.966,0.273,-0.507,0.784,yes
1.378,0.441,1.404,-0.78,-0.388,-1.92,1.393,1.285,no
-0.303,-0.842,-0.737,-1.998,-1.616,-0.841,0.152,-1.384,yes
0.157,0.154,0.901,1.358,0.375,1.867,-0.518,-0.162,yes
0.401,1.119,0.472,0.532,0.722,0.225,1.239,-0.972,no
0.727,-1.103,-1.222,-1.292,-0.823,1.871,-0.291,1.429,yes
-0.277,1.159,0.831,1.774,0.401,-0.76,0.133,-0.877,yes
-1.307,0.275,0.139,-1.568,1.195,0.995,0.968,0.075,yes
-1.307,-1.317,-0.834,-1.166,1.033,0.771,0.589,-1.66,yes
0.065,0.043,-0.566,-0.541,0.126,0.316,-1.068,0.073,yes
-0.064,0.906,1.958,-0.056,-1.985,-0.159,0.406,-0.923,no
0.49,0.72,0.892,0.181,0.829,-0.245,-0.111,-0.969,no
-0.994,-1.143,-1.306,-1.506,-0.603,0.099,2.253,0.098,yes
-0.51,0.102,0.372,0.74,-0.01,0.603,-0.999,0.408,yes
0.583,-0.491,0.013,0.851,0.889,1.499,0.214,-0.433,yes
0.802,-0.782,-0.051,0.74,-0.198,0.749,-0.909,0.188,no
1.68,-1.091,-0.239,0.444,0.147,-0.795,0.827,0.564,no
-0.48,-1.152,0.428,-0.287,0.198,-1.786,0.193,0.179,no
-0.14,2.294,0.616,1.091,0.32,-0.449,0.848,-0.199,no
0.194,1.169,0.171,-1.405,-0.698,0.045,-0.062,0.203,no
1.261,-0.073,-0.731,0.086,0.96,-0.638,-1.629,-0.693,no
1.747,1.161,0.278,-0.473,0.985,-0.657,-0.11,0.836,no
-1.968,1.32,-0.454,0.674,1.003,0.984,1.625,-0.25,no
-0.455,1.58,0.629,-0.954,-0.71,-0.085,0.182,1.026,no
-0.406,-0.847,-1.909,-0.038,1.149,-0.3,-2.176,1.974,yes
0.245,0.823,1.385,-0.481,1.332,-0.379,1.945,1.034,no
-0.503,-1.654,0.373,-0.183,-0.981,-0.599,-0.015,-0.216,yes
1.173,-0.433,-0.228,-0.634,0.547,-1.953,-0.866,2.406,no
0.257,0.139,0.869,2.284,0.769,0.378,0.647,-0.302,yes
-0.098,0.501,-1.436,-1.003,0.148,-0.952,-0.184,0.276,yes
1.075,-1.539,1.883,0.782,1.08,0.195,2.368,-1.99,no
-2.374,0.021,0.828,0.804,-0.633,0.287,0.754,0.785,yes
-0.451,1.003,0.427,-0.389,1.112,-1.399,-1.123,-1.938,no
0.635,-0.661,-0.883,-1.324,1.921,-1.241,-0.833,-0.132,no
0.784,1.361,0.343,0.158,2.203,-1.446,-0.295,-0.636,no
-1.112,0.283,0.212,-1.103,0.671,1.787,1.859,-1.431,yes
-0.659,1.127,1.613,-0.321,2.499,-0.176,-0.675,0.616,no
1.662,1.043,-0.217,-0.788,0.825,-0.514,2.459,-1.325,no
0.393,0.543,1.998,0.331,-0.498,-1.49,-0.212,-0.505,no
1.424,-1.89,-0.877,1.384,0.03,1.514,0.584,-2.121,yes
0.07,-0.194,0.731,-1.6,0.057,2.935,-0.356,-0.408,no
1.055,-1.133,-0.284,0.257,0.142,-0.061,0.579,-2.624,no
0.947,0.116,1.731,0.735,-0.286,-0.143,0.371,-2.174,no
0.713,0.202,-0.553,0.785,0.322,-0.197,-1.051,-0.827,no
-0.853,-0.238,-0.025,-0.235,-0.029,0.38,-0.189,0.209,no
-0.853,0.75,-1.161,0.157,-0.703,-1.406,0.529,-1.108,yes
0.179,0.112,-0.429,0.979,-0.148,-0.178,0.208,0.983,no
0.893,0.103,-1.139,0.668,-0.72,-0.088,-0.98,1.243,no
0.381,-0.532,0.546,0.5,-2.136,1.169,2.799,1.002,yes
1.451,0.98,0.632,0.431,-0.611,-1.959,-0.007,-1.069,no
0.432,-0.562,2.042,-1.384,1.363,0.824,-0.56,-0.818,no
-0.8,-0.39,0.351,0.681,0.06,-2.377,0.183,1.309,no
0.163,0.709,0.894,-0.646,0.994,0.343,0.911,-0.773,no
2.532,-0.606,-2.139,0.836,-0.94,-0.035,-0.108,-0.197,yes
-0.499,-1.086,0.267,0.037,-0.109,-0.762,-0.851,0.683,yes
-0.847,-1.201,0.203,-0.106,0.7,1.67,-2.343,0.369,no
1.436,0.869,-1.711,-0.862,0.344,2.397,-0.24,0.227,no
0.499,-1.856,-0.167,1.868,-0.079,1.013,-0.537,0.291,yes
1.407,0.342,1.527,-1.008,1.177,-2.093,0.278,-0.426,no
0.982,-0.01,1.18,1.168,0.083,-0.098,1.902,0.54,yes
-0.903,-0.509,-0.234,0.615,1.838,0.74,1.331,-1.153,yes
-0.069,-1.571,0.005,-0.342,-1.133,0.984,-0.231,-0.602,yes
-0.446,-0.547,1.222,0.037,1.061,0.269,-0.149,-2.039,no
1.477,0.4,1.643,0.031,1.304,0.029,-0.646,0.314,no
-0.64,1.022,-0.727,-0.358,0.637,-0.042,0.066,-0.389,yes
0.302,0.246,-0.717,0.502,-0.381,0.082,-0.157,0.46,yes
0.07,-0.219,-0.713,0.512,1.834,0.594,-0.616,-0.852,no
-0.351,0.615,-1.118,-0.298,-0.635,-0.22,0.494,1.829,yes
0.545,-1.306,0.755,-0.037,-0.426,-0.363,0.307,-0.285,yes
-0.222,0.987,0.113,-0.469,-1.808,-0.352,-0.006,0.662,yes
-0.19,-0.962,-1.079,-0.673,-1.488,-1.834,1.165,0.927,yes
-1.183,-0.672,-0.609,0.151,0.979,-1.428,-0.127,-0.867,no
1.308,1.585,-1.908,0.356,0.396,-0.797,1.933,-1.463,yes
-0.826,-0.861,0.382,-0.62,1.571,0.044,0.154,1.446,no
-1.166,0.227,-2.399,-1.355,1.418,0.145,-0.147,0.335,yes
1.357,1.504,0.97,-0.603,0.609,1.843,-0.961,1.256,no
0.471,1.174,-1.094,-0.131,1.046,-1.242,-0.049,-0.892,no
-1.056,-0.46,-0.051,1.291,-0.057,-0.401,0.992,-0.765,yes
0.995,1.811,0.099,-1.206,-0.229,0.481,0.613,0.395,no
0.118,0.032,0.507,-1.486,-0.114,-0.087,-1.415,-0.585,no
0.549,-0.58,0.917,-1.697,0.941,0.856,1.869,0.712,no
-0.295,0.693,-0.082,-1.535,-1.559,-0.261,0.381,-1.116,no
-0.723,-0.859,2.1,0.087,0.063,-0.332,-0.498,0.63,yes
-0.511,0.189,0.362,1.075,1.135,-1.085,0.859,-0.541,yes
0.347,0.154,-0.319,0.267,1.057,-0.139,-1.021,-0.152,no
0.753,-1.155,-2.122,-0.496,0.159,-0.233,0.791,-0.306,yes
-0.699,-1.049,-0.843,-1.426,-0.922,-1.292,0.111,1.664,no
-0.299,-0.055,0.287,0.209,-1.767,-1.364,0.176,-0.553,yes
1.073,-0.985,-1.277,-0.261,1.747,1.363,-0.02,-0.107,no
0.383,-1.083,-0.397,-0.934,-0.596,-0.407,-0.358,0.088,no
-1.373,0.295,-0.357,1.261,-0.908,0.798,-1.592,2.473,yes
-0.222,-1.75,1.407,1.547,0.264,-0.384,-0.722,-1.027,no
0.813,1.03,-0.567,1.794,0.451,-0.152,-0.409,0.478,no
1.193,-0.226,-0.376,0.361,2.079,0.165,0.375,-1.341,no
-0.207,-0.494,-1.018,-0.364,1.702,-0.32,1.349,0.112,no
0.116,0.037,0.625,0.009,0.916,0.913,0.353,-1.623,no
-0.014,-1.527,-0.49,-0.668,0.377,-0.573,0.546,0.55,yes
-0.138,-0.934,0.13,-2.273,0.451,-1.64,-0.527,-0.113,no
-1.494,-0.435,-0.484,-0.836,-0.667,-0.68,-0.454,1.287,yes
-0.189,-0.054,0.692,-0.994,0.348,-1.345,-1.31,0.418,no
-0.843,0.168,0.177,-0.648,3.119,0.934,-0.54,1.046,yes
2.91,0.133,-0.621,-0.021,-1.428,0.314,0.28,3.509,yes
-0.468,-0.703,-0.44,-1.087,-0.423,-1.213,1.198,-0.766,yes
-1.479,-0.587,1.308,-1.006,0.27,0.729,-0.897,-0.339,no
-2.849,0.999,0.072,1.078,1.239,0.052,-1.163,0.81,no
0.244,-0.244,0.771,-0.302,0.701,-0.152,2.391,1.747,yes
1.099,1.988,-0.264,-0.875,0.853,-0.828,0.37,0.613,no
-0.737,-0.213,-1.558,-0.304,0.114,-0.635,-0.333,-0.683,yes
0.058,0.277,0.978,1.26,-0.364,0.083,0.704,-0.838,yes
-1.211,-1.202,-1.211,-1.139,0.386,0.498,0.373,-0.633,yes
-1.261,0.403,-1.202,1.11,0.625,1.347,-0.26,0.92,yes
0.123,0.252,-2.905,-0.4,-0.088,-0.865,-0.494,-2.274,yes
-0.004,-0.444,1.044,0.563,-0.78,-0.675,-0.556,0.352,yes
0.569,0.485,-2.208,0.253,-0.468,-0.519,-1.252,-0.181,yes
-2.023,-0.392,-1.071,1.375,0.066,-0.229,-0.165,-0.326,yes
-0.006,-0.106,0.3,1.018,1.219,0.033,0.224,1.342,no
0.586,1.247,0.405,-0.765,0.62,-1.352,0.135,0.503,no
1.469,-0.092,-0.328,-1.45,0.87,-0.187,-0.715,-0.129,no
2.45,0.823,0.816,0.165,0.584,0.013,0.814,-0.009,no
0.9,-0.347,-0.394,-1.253,-0.51,-0.797,0.587,-2.509,no
0.586,0.701,0.075,0.54,-0.122,-1.041,0.654,-2.396,no
-1.288,-0.415,-1.377,1.08,-1.548,-0.826,0.493,-0.923,yes
0.683,-0.738,1.159,-0.409,-0.094,0.538,0.847,-3.442,no
-0.004,-1.428,0.988,-1.268,1.76,-0.289,-0.339,1.957,no
0.101,0.761,1.277,0.26,0.013,-1.313,0.917,-0.545,no
-0.508,0.373,1.802,1.719,0.304,1.199,-0.362,-0.984,no
-0.972,-0.561,0.279,-1.781,0.326,1.321,0.433,0.074,no
0.186,-0.279,-0.427,1.399,0.791,0.172,0.587,0.345,yes
0.457,0.158,-0.647,-0.174,0.99,0.914,-0.229,1.29,no
1.934,0.877,1.942,-1.012,1.48,-0.591,0.328,0.574,no
0.043,1.004,-1.205,-0.934,-1.32,-1.143,1.385,1.021,no
-0.441,1.605,0.957,-1.428,0.5,0.367,-1.308,-0.231,no
0.332,-0.407,-0.273,0.999,0.569,2.007,-0.132,-0.029,yes
-0.449,-0.383,-0.76,0.232,-1.586,-0.022,-1.563,-0.329,yes
0.272,-0.042,-0.921,0.528,-0.053,-0.693,-1.704,0.772,no
0.635,-2.314,-0.008,-1.324,-0.355,-0.427,-0.167,0.181,yes
0.338,0.285,1.117,0.955,0.945,2.163,-0.507,-0.351,no
1.252,0.608,-1.637,-0.348,-1.084,-1.079,0.968,-0.767,no
1.556,0.969,1.803,0.593,-0.634,1.036,0.577,-0.741,no
-0.426,-1.639,0.905,-0.682,0.154,-0.002,0.837,-0.516,no
-1.516,0.158,0.621,-0.753,-1.102,1.261,0.53,-0.61,yes
0.054,-0.228,0.893,0.413,0.173,0.824,0.585,-0.476,no
1.433,-0.917,-0.592,0.015,-0.127,0.858,-0.088,-0.491,yes
-1.893,-0.386,1.373,-0.897,-0.872,0.369,-0.171,0.542,yes
0.719,-1.047,-0.421,-0.125,-0.482,0.67,-0.473,1.94,yes
0.219,0.071,0.848,1.844,1.37,0.585,0.52,0.678,no
1.293,1.202,1.039,-0.262,-0.159,-1.424,0.405,-1.205,no
-0.881,0.392,-1.373,0.026,1.01,-0.246,1.117,-1.201,no
-0.801,0.139,0.582,0.141,-0.042,0.739,-1.004,2.458,yes
-1.297,-0.106,0.345,0.418,0.864,-0.457,1.056,0.075,no
-0.882,0.085,0.386,0.109,-0.007,-1.088,-0.537,-0.645,no
-0.755,1.159,1.35,0.808,0.135,-1.026,0.796,0.329,no
-1.169,-1.666,-0.621,0.147,0.376,-2.396,-0.505,1.446,yes
0.843,1.594,0.042,0.957,2.245,-0.226,-0.516,-2.084,no
0.754,-0.821,0.692,-0.879,-1.008,0.142,0.241,-2.119,no
0.79,2.287,0.717,0.423,1.489,0.423,1.434,-1.535,no
0.745,-0.633,0.66,0.392,-1.256,-1.942,-2.247,1.202,no
0.341,-0.462,0.735,2.276,0.344,-0.96,-1.401,-0.916,no
-0.089,-2.255,0.076,0.289,-0.068,2.224,-1.887,0.927,yes
0.213,-0.061,0.486,-1.014,0.882,0.049,-1.808,-1.705,no
2.501,1.52,-0.109,0.342,-0.242,-0.245,0.928,2.13,no
0.559,-0.18,-1.833,1.245,-0.532,1.22,-1.214,0.594,yes
0.721,-1.249,1.537,-0.697,-0.833,-1.116,1.846,0.201,no
0.988,-0.843,-0.862,-2.567,0.137,-1.395,-1.104,-0.291,no
1.428,0.014,0.561,-1.696,-0.671,-0.217,-1.648,0.503,no
-0.217,0.37,0.363,0.085,0.029,0.997,0.562,-0.142,no
-0.172,-0.704,0.074,0.519,-1.17,1.086,1.233,0.68,yes
-0.01,-0.635,2.5,-1.274,-0.04,0.945,-0.422,-0.337,no
0.988,-0.702,-0.457,0.583,-0.454,1.003,1.023,1.627,yes
0.963,0.262,0.46,-0.677,-0.927,-0.481,0.477,-0.149,no
-0.267,-0.308,0.464,0.03,0.294,-1.471,0.844,-0.964,yes
-0.117,0.438,-0.122,1.075,-1.071,-0.237,-0.135,-0.242,no
-0.194,1.005,0.778,-1.899,-1.336,1.456,1.306,0.816,no
-0.463,-1.021,0.779,1.18,-0.291,0.603,-0.287,0.982,yes
0.651,-0.865,0.593,0.96,-0.326,-0.321,-0.683,0.565,yes
1.915,-1.41,0.911,-0.055,-0.753,1.592,0.369,0.262,yes
0.024,0.838,0.387,1.319,1.172,-0.79,0.96,-0.284,no
0.408,-0.217,0.758,0.577,-0.131,-0.681,-1.028,0.562,no
-0.581,-0.313,0.927,0.73,-0.388,-1.128,0.926,0.302,no
2.091,-0.487,1.696,0.003,-2.275,1.168,0.438,-0.085,no
-0.67,0.345,1.252,0.185,-1.059,0.115,-1.344,-0.217,yes
-2.051,1.206,0.525,-0.05,0.208,-0.051,-0.152,-1.067,no
-1.527,1.584,-0.355,0.331,0.491,-0.074,-0.173,2.121,no
0.982,0.458,-0.449,-1.029,-0.838,-0.229,1.839,-0.997,yes
0.376,1.549,0.178,-0.656,-1.106,-1.672,-0.158,-1.136,no
-2.5,-1.951,1.806,2.756,0.286,-0.5,0.01,0.195,yes
0.75,0.557,1.048,0.885,0.758,0.301,-0.975,-0.87,no
0.183,1.131,-0.456,-0.048,-0.593,2.46,-1.144,0.462,no
0.379,0.318,-1.458,-0.75,1.009,-1.08,-0.183,0.389,yes
-0.486,-0.878,0.002,-0.245,-0.022,0.452,-0.711,-2.628,no
0.684,-2.152,0.041,0.05,0.373,1.994,0.88,-1.702,no
-1.411,0.586,-1.433,0.437,-0.414,0.584,-0.338,0.208,yes
-0.146,1.174,-0.671,-1.476,0.277,1.068,-1.129,-0.124,no
-1.138,-0.168,0.547,1.332,0.581,0.13,-2.096,0.597,no
-0.574,1.668,0.008,0.257,-1.81,0.931,-0.311,-1.343,no
0.853,1.562,-0.709,2.461,0.457,-1.124,0.211,0.515,no
0.508,-0.228,-0.592,-0.181,0.163,-1.778,-0.234,-0.148,no
0.068,-0.281,-0.285,0.709,-0.94,-0.512,0.353,1.015,yes
0.236,1.28,0.459,-1.63,-0.812,-0.422,0.61,-0.421,yes
-0.088,-1.715,-1.286,0.634,-1.117,-0.012,-1.775,0.814,no
-1.67,-0.472,1.616,0.758,-0.897,0.251,0.272,-0.338,yes
1.002,-0.951,-0.673,0.567,0.298,1.423,0.959,0.666,yes
0.311,1.474,0.188,1.049,-0.636,-1.793,0.592,-0.448,no
0.531,-0.712,0.095,-0.716,0.239,1.611,0.119,-0.25,yes
-0.037,-1.159,-0.948,0.364,-0.393,-0.306,0.661,2.246,yes
-1.138,1.006,-0.529,-1.203,1.128,0.446,1.268,1.724,no
0.848,-1.262,-0.847,0.831,0.758,0.113,0.588,0.037,yes
0.967,0.099,-0.997,-0.236,-0.09,0.669,1.297,-1.067,yes
-0.172,-0.178,-1.005,0.588,-1.345,1.165,0.175,1.234,yes
-0.527,-1.649,-0.485,1.386,0.707,1.121,-0.658,-0.18,no
-1.639,-0.289,1.095,-0.639,-0.516,-1.595,0.15,0.72,no
1.874,0.638,0.929,-0.854,-0.026,-0.123,-0.113,0.728,no
0.684,1.049,0.579,1.534,-0.454,0.887,-0.628,-0.106,no
0.886,1.473,-1.057,1.078,0.856,0.331,-1.404,-0.71,no
-0.69,-0.401,-1.446,-0.318,-0.381,0.616,-0.799,-0.923,yes
0.048,0.087,-0.854,-0.524,1.154,-1.337,-1.57,1.691,no
0.369,0.697,0.521,-0.124,1.539,0.027,0.607,0.652,no
-0.956,-0.7,0.492,0.678,0.763,1.861,-1.055,-0.484,no
-0.722,-1.092,1.092,-1.009,-0.697,0.462,0.334,-0.609,no
2.029,0.274,-0.27,-0.614,1.229,-2.609,0.428,-0.934,no
-0.248,-0.354,-1.229,-0.502,1.636,1.348,0.962,-0.344,yes
-0.027,0.213,0.243,-0.811,-1.123,-0.605,0.364,-1.088,yes
1.051,-1.136,0.916,-0.56,-0.106,-0.075,-1.257,0.258,no
-0.57,0.392,-1.229,-0.705,0.107,-0.224,0.609,-0.319,yes
-0.749,-0.883,-0.424,-0.019,-0.19,-0.468,-1.304,-1.032,yes
-0.997,-0.121,0.852,-0.514,-0.328,0.671,-0.36,0.288,no
-0.063,0.09,1.959,0.352,1.502,-1.587,-0.229,1.904,no
3.044,-1.196,-1.691,0.594,-0.455,1.314,0.762,-0.038,yes
-0.657,-1.413,0.658,-0.546,0.437,0.973,1.425,0.467,yes
0.388,-0.653,-0.331,0.626,0.105,0.099,-1.422,-1.793,no
-0.887,0.637,0.747,-0.019,-0.712,0.571,0.347,0.721,no
0.321,0.659,1.65,-0.627,0.567,1.369,1.96,-1.041,yes
-0.34,-1.107,1.276,-1.189,-1.159,-2.533,0.348,0.719,yes
0.369,0.557,1.625,1.053,-0.998,-0.715,-1.602,-0.466,no
0.169,-0.557,-0.092,-0.631,0.437,1.464,1.281,-0.483,yes
1.95,1.526,0.416,0.347,0.789,-0.486,1.297,1.013,yes
0.371,0.472,0.3,-0.142,-0.318,0.719,-1.997,1.321,no
-1.261,-0.707,-0.266,0.387,-0.364,0.66,-0.089,1.23,yes
-0.152,0.663,-0.541,0.246,-0.242,-1.457,0.933,-1.217,no
0.138,2.754,-0.696,0.209,0.765,0.206,0.513,-0.723,yes
-0.146,-0.476,-0.807,-1.148,1.409,0.016,-1.074,-0.571,no
0.183,0.33,-0.922,-0.063,-2.285,-0.527,-0.587,-1.968,no
2.503,-0.231,-0.481,-1.622,0.238,-1.655,-1.859,0.724,no
0.338,0.866,0.079,0.223,-0.363,0.926,1.983,0.142,yes
0.116,-1.245,-0.136,-2.177,-0.425,-2.041,-1.447,0.529,no
-1.743,1.847,-1.005,0.722,1.284,1.121,-0.784,1.07,no
-1.375,-0.007,-0.729,1.023,0.042,0.52,-0.237,-0.442,yes
0.933,0.376,-1.026,-0.133,0.223,0.317,0.587,1.521,no
1.612,-0.131,0.357,1.704,-1.667,-0.284,-0.634,-0.28,yes
-1.413,0.546,-0.403,1.028,0.334,0.699,-0.643,0.08,no
-1.752,-0.412,0.854,0.321,0.272,-0.417,1.708,-1.915,no
1.886,-0.095,0.765,-0.318,0.978,0.135,-0.304,0.668,no
0.735,-1.348,0.744,0.913,-0.639,0.05,-0.687,-1.127,no
-0.084,1.904,-1.043,-1.928,0.587,0.103,-0.581,-0.837,no
-0.892,-0.612,0.374,-1.056,-1.29,1.533,0.585,-0.592,yes
-0.404,1.341,0.945,-0.147,0.634,-0.587,0.725,0.472,no
-1.477,-1.03,-1.061,-0.26,-0.339,0.255,0.495,-0.378,yes
0.615,-0.035,1.537,-0.975,0.749,0.258,-0.161,1.011,no
1.613,-0.446,0.947,1.343,1.363,0.062,-0.375,-0.53,no
-0.633,1.631,0.198,-0.48,1.423,1.988,-1.237,2.457,no
0.874,0.753,-0.689,0.452,-0.562,-0.688,0.32,-0.595,yes
0.236,0.105,-1.241,1.031,1.413,-1.454,0.767,0.107,yes
0.011,0.405,-0.377,0.631,0.443,1.785,1.107,-0.638,yes
-1.595,0.051,-0.802,-1.229,-0.8,0.829,1.196,0.012,yes
-1.861,0.505,1.44,-0.655,-0.5,-0.376,0.174,-0.098,no
-0.984,-1.814,-0.38,-0.036,0.54,-0.045,1.566,1.474,yes
0.852,0.108,-0.901,-0.52,1.67,-2.175,2.028,1.777,yes
-0.97,-1.648,-0.641,0.79,-0.542,-0.501,0.377,-0.752,yes
0.983,-3.245,-0.503,0.88,-1.762,-0.444,0.273,1.153,yes
-1.426,0.782,1.374,1.538,1.466,2.399,-0.193,0.245,no
-0.028,0.22,0.102,0.421,-0.424,-0.267,0.762,-1.501,no
0.177,-0.018,0.726,0.022,-0.613,0.072,-0.339,-0.785,no
-1.03,-0.362,-1.246,-0.373,1.723,-0.935,-1.25,-0.591,yes
0.528,0.944,-0.332,0.29,-1.906,0.152,1.542,0.278,yes
-0.016,-0.119,-0.59,1.782,1.046,-0.511,-1.232,0.774,no
0.577,0.152,1.378,0.921,0.802,0.736,0.41,0.103,no
-0.669,-1.037,-0.111,-1.449,1.322,-0.47,0.145,0.152,no
0.442,-1.011,-2.078,-0.207,-0.045,-0.142,1.18,1.844,yes
0.071,0.139,-0.201,-0.197,-0.053,1.0,0.211,1.416,no
0.445,0.812,-0.472,-0.281,0.765,0.741,-0.07,2.057,no
0.611,1.53,1.317,-0.36,1.687,0.819,-0.535,1.083,no
-0.485,-0.956,-1.273,-1.666,1.102,-1.506,1.471,1.696,yes
-0.544,-2.504,-0.451,-1.167,-0.43,0.828,1.865,-0.222,yes
1.807,1.111,-0.155,-2.169,2.069,0.236,0.951,0.984,no
0.27,-0.929,0.018,-1.131,0.458,0.642,0.564,0.41,yes
-0.146,0.394,-0.219,-0.786,0.822,1.145,0.441,0.187,no
2.328,1.135,0.794,0.057,0.229,1.047,1.924,1.741,yes
2.048,-0.84,0.566,-0.761,0.491,-1.032,-0.493,-1.859,no
0.737,1.448,-1.252,-1.809,-2.503,0.001,-1.285,1.757,yes
-0.35,-0.291,-0.916,0.476,1.405,0.069,0.835,0.141,no
1.46,0.438,-0.588,0.536,-0.595,-0.11,0.903,-0.837,yes
1.254,1.114,-0.326,0.432,-0.641,-0.609,-2.485,0.292,no
-1.074,-0.72,-0.23,1.132,-0.051,-1.62,0.973,0.998,yes
-1.502,-0.596,-0.629,0.157,0.153,-0.539,-1.616,0.099,yes
-0.361,-0.402,-1.2,0.512,0.23,-0.764,0.911,0.287,yes
1.372,1.19,0.598,-0.438,0.992,-1.096,-1.893,-0.63,no
-0.166,-0.483,0.108,0.219,0.386,-0.275,0.017,-0.751,yes
-0.712,1.83,0.874,-0.252,-0.374,0.185,-0.628,2.361,no
-0.752,-0.002,0.256,0.264,-1.562,-0.92,-1.77,0.45,yes
-0.478,-0.011,-1.075,0.012,0.761,-0.403,-0.058,-0.355,yes
0.762,0.047,-0.86,0.417,0.166,1.076,0.322,0.698,yes
-2.035,0.278,-0.403,-0.448,0.824,0.456,-1.066,1.882,no
-0.547,-0.32,0.396,-0.604,0.657,-0.686,0.14,-0.838,yes
-0.081,-0.59,-2.335,0.626,0.106,0.174,2.91,-1.415,yes
0.021,-1.909,0.257,0.369,-0.126,-0.498,-0.209,-0.095,yes
-1.043,-0.257,-0.555,1.605,0.259,-0.461,0.056,0.826,yes
-0.112,0.836,1.165,-0.306,-1.153,2.32,-0.693,-0.121,no
-1.807,0.579,-0.837,0.719,0.417,-0.725,-0.62,0.467,yes
-0.462,0.052,0.566,-0.328,1.543,0.361,-0.205,0.788,no
1.467,0.048,-0.661,-0.493,-0.205,-1.53,-0.435,0.205,no
0.124,-1.28,0.13,-0.752,0.129,0.597,1.445,0.248,yes
-1.408,-0.599,-0.976,-0.25,0.024,-1.156,-0.312,0.057,no
0.213,0.912,-0.94,-1.601,0.02,0.764,-1.194,0.791,no
0.013,1.673,-1.823,0.632,0.189,-0.161,-0.247,0.262,yes
-2.41,-0.699,-1.175,0.363,1.155,-0.41,-1.022,0.554,yes
-0.7,0.497,-0.853,1.063,-1.609,-0.993,0.14,1.093,yes
-0.53,-0.819,0.183,-1.772,-0.565,-0.868,0.484,-2.339,no
0.538,1.831,0.997,0.54,1.445,0.537,0.372,-0.1,no
0.173,-0.741,1.358,-0.274,0.045,0.185,-1.18,-0.718,no
0.914,0.632,-1.121,0.511,-2.012,0.874,-0.208,0.4,yes
0.626,1.775,-0.449,-1.0,-1.342,-0.312,0.728,0.088,yes
-1.002,-0.179,1.28,-0.598,-0.544,1.245,1.748,-0.395,yes
-0.57,-0.505,-1.294,-0.402,-0.756,-0.736,-1.618,0.161,yes
-0.38,-0.772,-0.994,-0.542,0.032,-0.116,-0.56,-0.945,no
-1.35,-1.186,-1.052,-0.103,-0.215,-1.504,-1.933,0.693,yes
1.287,0.073,-2.181,-0.848,-1.067,-0.098,-1.439,-0.076,no
-0.444,1.36,2.086,-0.155,-0.053,-0.954,-0.315,0.973,no
-0.102,-1.004,-0.888,0.383,-0.025,0.44,0.253,0.203,yes
-0.925,-0.296,0.268,1.122,-0.787,0.307,-1.157,-0.492,yes
-0.651,-3.175,0.387,0.505,-0.199,2.044,-1.445,-0.561,yes
-1.734,-0.014,0.173,-1.396,0.983,1.617,1.095,0.565,no
0.636,-2.299,2.105,-1.368,-1.687,0.142,0.85,0.795,yes
-0.231,1.539,-0.093,-1.599,0.437,-0.069,-1.345,-0.091,no
0.238,-0.577,1.207,0.714,-0.268,0.109,-2.212,-0.577,no
-1.055,-1.278,0.092,-0.401,0.845,-0.083,0.401,0.786,yes
0.124,0.579,-1.355,1.302,1.162,0.489,1.09,-0.664,yes
-0.133,3.039,0.365,-0.233,-1.282,0.526,0.608,-1.466,no
-0.971,-0.847,-2.054,-0.713,2.301,0.305,1.158,-1.364,no
-0.019,-1.284,0.846,-0.206,1.251,-1.358,-0.694,0.384,no
1.099,0.781,0.014,0.245,0.983,-0.037,1.688,-0.953,yes
0.785,-1.506,0.703,1.482,-1.438,0.82,0.948,1.842,yes
0.775,1.318,-0.809,-0.178,1.064,-0.477,-0.066,0.099,no
-0.2,0.505,0.88,0.181,-0.11,-0.843,1.026,-0.253,no
-0.606,-0.8,-0.57,-2.586,-1.251,2.315,-0.738,-1.225,yes
-0.594,-0.248,-0.385,-1.933,0.519,0.417,-0.365,-1.279,no
-1.289,1.309,-1.126,-1.33,2.221,0.757,1.59,-1.191,no
0.339,-1.305,0.208,0.986,-0.544,-0.028,-0.158,1.638,yes
-0.52,-0.386,2.11,-0.95,-0.818,0.36,0.685,-0.286,no
-1.132,0.281,-0.363,0.269,1.259,-0.268,0.249,-0.396,no
0.989,-1.597,-0.368,-2.165,0.109,0.731,-0.289,-0.295,no
-0.505,-0.691,-0.017,-1.271,-0.366,-0.62,-0.186,-0.741,no
0.354,-1.466,-0.032,0.118,-1.377,0.335,-0.878,0.069,yes
0.426,0.989,-0.239,-0.529,-1.913,-0.278,0.513,0.157,yes
1.483,0.101,-0.66,0.155,1.263,0.86,1.017,-0.102,yes
-1.626,-1.199,0.621,-0.314,0.584,-2.893,1.107,0.679,yes
-0.208,-0.739,0.688,0.256,-0.001,1.403,0.722,1.042,no
0.615,-0.081,-0.907,1.619,0.353,-0.485,-0.325,1.298,yes
-0.833,0.355,-0.52,-0.762,1.944,0.093,1.322,-0.131,yes
0.746,-0.3,-1.405,-0.241,0.323,0.315,1.837,-1.742,yes
-0.007,-1.547,0.893,-2.072,-0.893,-1.561,-0.424,-1.027,yes
2.253,1.285,-0.452,-0.156,-1.974,0.537,-1.386,1.152,yes
0.458,-0.084,0.349,-0.449,0.081,0.058,-2.367,2.436,yes
-0.371,0.263,-2.069,0.389,1.395,-0.743,-1.703,2.789,no
-0.881,-1.059,1.323,-0.17,-0.618,0.213,0.424,0.308,yes
0.177,-0.332,-0.224,-1.312,-0.194,0.993,2.229,-0.027,yes
0.828,-0.819,-0.428,-2.664,-0.209,-1.15,-0.82,0.375,no
-0.852,0.253,-0.897,-1.204,-0.077,-1.407,1.402,-1.622,yes
0.624,-0.243,0.584,0.045,-1.776,-0.764,0.833,-0.543,yes
-0.275,-0.327,-2.073,-0.34,0.629,-1.608,-0.725,1.628,yes
0.531,1.686,-0.61,1.071,0.682,-0.291,1.311,0.618,yes
-0.368,2.037,-0.207,0.341,-0.353,1.202,0.809,-1.365,no
1.122,-0.39,0.115,-0.085,1.692,0.646,0.112,1.873,no
-0.888,-0.172,-0.132,-0.586,-1.354,1.254,0.387,-0.21,yes
-1.506,0.88,-0.384,1.121,-0.314,-0.35,0.77,0.799,yes
0.512,1.226,-0.165,0.403,1.172,-0.6,1.104,0.593,yes
-0.604,0.848,-0.808,0.136,0.027,1.539,-0.194,0.313,no
0.809,-1.655,0.11,-0.855,-0.763,-1.414,-0.606,-0.061,no
1.258,1.344,0.839,0.601,0.288,0.793,0.559,-0.339,no
1.839,1.574,-1.022,0.051,0.106,1.076,-1.163,0.419,no
-0.473,0.171,0.676,-0.438,1.222,0.579,-0.167,-1.378,yes
0.186,1.017,1.603,-1.274,1.481,-0.478,-0.563,0.791,no
-0.155,0.93,0.481,-0.033,0.688,0.85,0.902,-1.691,no
2.124,-1.717,-0.112,2.132,1.545,-0.012,-1.82,1.856,no
0.028,0.404,-2.134,0.483,2.133,-0.616,-0.237,-0.383,yes
-1.735,-0.516,0.803,-0.827,0.01,0.26,0.787,-0.189,yes
-0.709,1.264,1.257,-0.814,-0.843,-0.544,-0.672,-0.786,no
-0.429,0.402,-0.597,0.044,-0.832,-1.838,-2.235,-3.811,no
0.601,0.822,0.683,-0.16,0.243,0.264,0.085,-0.3,no
0.255,-2.57,1.138,1.642,-0.919,-0.065,-0.217,-0.771,yes
1.483,-1.488,-1.241,0.652,-0.203,0.11,-1.504,-2.208,yes
1.132,-1.052,0.987,1.521,-2.957,-0.54,-0.558,1.117,yes
-1.717,-0.91,-0.534,1.145,-0.718,0.856,-0.838,0.351,yes
0.721,-0.785,-0.369,0.495,-1.276,1.824,0.36,-0.354,yes
-0.732,1.235,0.444,-1.433,0.309,2.648,0.156,-2.335,no
0.242,0.842,0.61,0.185,0.873,0.569,0.514,1.126,yes
-0.85,-0.545,0.103,0.224,-2.107,-0.715,-0.303,-0.934,yes
-0.612,-2.047,2.236,-0.17,1.253,-2.038,-0.318,0.205,no
-0.275,0.158,-0.882,1.551,-1.223,0.014,0.446,-1.653,yes
-0.288,0.855,0.848,0.541,2.07,1.104,0.135,1.972,no
1.293,-1.341,-0.786,1.136,1.444,1.588,-0.873,-2.08,no
-0.04,0.365,-0.821,-2.298,1.042,1.144,0.412,1.001,no
-0.137,-1.028,0.369,0.898,-1.506,-0.035,0.287,-0.038,yes
0.209,-0.384,1.597,-0.046,0.768,-1.122,0.793,0.395,no
-1.287,-0.868,1.427,0.059,-0.777,-0.672,-0.385,-1.26,yes
0.078,-0.615,0.676,-0.762,-2.015,-0.614,-0.051,0.194,no
-0.809,0.34,-0.237,-0.417,-0.293,-2.053,-0.602,0.062,no
2.258,0.375,0.718,-0.12,-2.486,1.372,-0.517,0.002,yes
-0.105,1.444,1.125,0.046,-1.296,0.227,-0.244,0.426,no
2.603,0.855,0.258,1.162,-0.663,1.693,-0.641,-0.22,no
0.492,0.352,-0.832,-1.42,-2.196,-1.216,0.593,0.717,yes
0.757,0.451,-1.256,-0.117,-1.231,-0.77,-0.52,-1.057,yes
-0.615,0.685,-0.685,-0.228,1.304,0.034,1.705,0.798,no
0.283,1.571,0.044,0.639,-1.609,-0.826,0.07,0.972,yes
2.075,0.302,0.34,-0.515,0.091,-0.198,1.455,-1.25,yes
-0.732,2.089,1.081,-0.558,0.752,1.091,-2.028,-2.39,no
-0.32,0.052,0.636,-0.266,-0.959,-0.582,0.659,1.07,no
1.128,0.079,0.116,-0.154,-1.041,1.533,2.003,0.06,yes
-0.984,-1.04,0.003,-0.495,-0.947,0.075,1.043,2.495,yes
-0.718,1.215,-1.907,0.617,1.41,0.188,-1.175,2.439,no
-0.704,-0.093,-1.404,-1.835,-1.417,-0.612,0.743,-1.579,no
-0.336,-0.208,0.083,2.088,0.073,-0.96,1.283,-0.897,yes
-1.876,-1.051,0.487,-1.794,-1.112,-0.998,1.341,-0.263,yes
0.391,0.855,-0.52,-1.659,0.657,-0.012,0.642,0.784,yes
-0.449,0.011,0.075,0.823,1.894,0.452,1.047,1.981,yes
0.667,1.263,0.832,-1.513,0.511,-1.539,-0.884,-1.88,no
-1.518,-0.318,0.306,-2.153,-0.155,0.06,-0.629,1.881,no
0.834,-1.794,0.987,-0.344,-1.037,0.137,-1.275,0.64,yes
-0.534,0.158,1.34,-1.255,-0.562,0.67,-0.781,-1.338,no
-1.527,-1.406,2.075,-0.363,-0.692,-1.203,0.22,-0.512,yes
2.07,-0.365,-1.006,-0.306,-0.366,0.534,-1.613,0.301,no
-1.211,1.371,0.955,-1.035,-0.29,-0.789,2.224,-1.04,yes
0.691,-1.37,-0.628,-0.753,1.759,-0.1,-0.041,0.601,no
0.901,-0.914,-1.295,0.125,0.902,1.425,-0.894,-2.005,yes
0.424,1.3,1.254,-1.175,0.818,-1.935,0.734,0.313,no
-0.426,-0.974,1.223,-0.163,0.005,-0.662,-0.842,-0.472,yes
-0.323,0.966,-1.529,0.198,-0.878,-0.109,0.979,-1.837,yes
1.249,-0.366,1.358,1.269,-1.133,-1.636,1.062,1.752,yes
-1.012,-0.989,0.345,0.755,0.147,-0.704,-2.663,0.503,no
0.433,0.11,-0.257,2.011,0.866,-0.002,1.048,-0.47,no
0.163,-0.795,-0.479,0.918,-0.798,0.868,0.769,1.702,yes
1.165,0.45,-0.442,-0.831,-1.481,-0.142,-0.172,-2.469,no
1.22,-0.558,0.663,-0.14,-0.783,1.539,-1.307,2.262,no
1.27,-0.333,-0.71,0.415,-1.221,0.956,-0.503,-0.267,yes
-0.213,-0.468,0.333,1.363,-0.707,0.4,0.48,1.223,yes
0.456,0.876,0.591,-1.016,-1.696,0.222,-2.216,-0.191,no
-1.188,-0.535,-1.867,-1.421,0.027,-1.232,0.449,-0.531,no
-0.275,-0.891,0.039,1.642,0.177,-0.82,0.201,-0.555,yes
-0.926,-2.122,0.733,0.051,-1.042,2.457,0.613,-0.486,yes
-1.042,-1.307,-0.319,-0.883,0.527,0.632,-0.112,-1.38,yes
1.822,-0.208,-0.823,-0.092,-0.665,0.732,-1.422,0.087,no
1.202,0.58,0.178,0.159,-0.339,-1.117,0.724,-0.402,no
0.165,-0.034,0.347,-0.443,1.703,-0.564,2.047,-1.053,yes
0.647,-1.116,0.064,-0.33,-2.013,0.609,0.55,0.687,yes
0.539,0.783,0.675,-0.642,0.78,-0.625,-0.097,-1.047,no
1.08,0.85,-3.084,-1.164,-0.367,0.098,1.045,1.194,yes
0.583,1.435,1.107,-1.181,-1.295,-0.235,0.916,0.222,no
-0.786,-0.261,2.319,-2.412,-0.709,-0.395,0.311,0.853,no
-0.415,-1.602,-0.385,0.881,0.658,0.677,-2.045,-0.06,yes
0.403,0.48,0.026,-0.802,0.602,-0.277,0.462,-0.552,yes
1.138,0.904,0.456,0.932,0.505,-1.399,0.624,0.795,no
-0.117,0.73,-0.71,1.155,-0.815,-0.414,-0.894,-0.021,yes
-2.242,-2.895,0.574,-1.691,0.158,-0.426,1.265,0.663,yes
-0.266,0.024,0.846,2.077,0.217,-0.351,-0.162,-0.88,no
1.217,0.079,1.194,-0.975,-0.054,-1.162,1.14,-0.801,no
0.516,-0.893,-0.748,2.056,-0.211,0.039,1.447,-0.125,yes
-0.567,-1.191,-0.496,0.799,-0.359,-0.995,0.997,1.442,yes
1.687,-0.839,0.044,0.933,0.2,-0.902,1.304,-0.938,yes
-2.028,0.611,0.161,-0.1,-0.343,0.096,-0.534,-0.444,no
-0.626,1.942,2.098,1.155,-0.721,0.983,-0.568,-0.263,no
-0.315,2.483,1.03,0.682,1.371,0.769,0.295,-0.374,no
-0.622,0.816,0.366,1.388,0.061,0.332,1.489,0.703,yes
-0.435,-0.535,-0.39,0.547,1.701,2.195,0.478,-1.062,yes
0.502,0.369,-2.095,1.875,1.981,2.024,0.121,-0.077,yes
0.54,0.067,0.644,1.023,-0.464,-0.513,0.251,-0.662,yes
-0.999,-1.226,1.053,-0.258,-0.892,-2.313,-0.248,1.057,no
0.257,1.122,-0.156,-0.248,0.505,2.56,-0.444,0.425,yes
-1.486,-0.798,0.572,-0.026,-0.555,-0.793,0.923,-0.128,no
0.401,-0.743,0.301,-0.265,-0.992,-0.689,-0.927,-1.619,yes
-0.565,0.539,0.254,-0.761,-0.315,-0.634,1.339,0.508,no
1.473,-0.783,0.138,-0.836,0.071,-0.6,-0.039,-1.316,no
-1.001,0.084,0.352,-1.088,1.128,-0.369,-0.87,1.082,no
1.28,0.418,0.137,-1.221,-0.783,1.341,-1.376,1.438,no
3.185,-0.425,1.453,1.085,0.148,1.027,-0.038,2.46,no
0.078,0.255,-0.201,0.959,-1.861,-0.477,1.439,0.607,yes
0.15,-1.52,0.114,-0.02,0.259,0.585,-0.42,0.438,no
-0.977,-0.556,-1.049,-0.46,-0.286,-0.916,-0.252,0.012,yes
-0.369,-1.485,-0.363,-0.597,0.806,-0.867,-0.672,-0.786,yes
-0.022,0.62,1.345,-0.509,-0.837,-0.507,0.08,1.229,no
1.44,0.438,-0.02,0.331,0.306,1.613,-0.299,1.745,no
-1.874,1.119,0.641,-2.482,0.399,0.291,1.079,-0.974,no
0.261,-0.277,0.42,0.021,0.723,0.566,1.533,-1.166,yes
-0.644,0.364,-1.367,1.102,-0.86,1.713,-1.459,-0.578,no
0.666,1.15,0.254,-1.995,-2.204,0.244,-0.153,-0.42,yes
-0.016,-0.612,-0.96,0.113,0.784,-1.531,0.659,-0.296,yes
0.661,0.508,-1.081,0.205,-0.74,-0.637,0.379,-0.243,yes
-0.782,-0.022,-1.02,3.128,-0.467,0.342,1.43,-0.047,yes
0.721,1.007,1.328,-0.513,0.937,1.145,-1.074,0.681,no
-0.624,-0.379,0.398,0.093,1.255,0.806,-0.353,-0.103,no
-0.008,-0.636,-0.529,0.231,-1.442,0.778,-1.725,-0.927,yes
-0.859,0.339,-0.87,-1.793,1.403,-1.304,1.474,-0.704,no
1.623,0.674,-0.593,-0.552,1.317,0.188,-1.566,0.784,no
0.488,1.241,0.031,-0.383,-0.775,-0.88,-0.522,-0.613,no
-0.321,-1.259,-1.396,-1.478,0.025,0.741,0.388,0.885,yes
0.286,0.101,-0.906,1.389,-0.749,-2.326,-0.238,0.636,yes
-0.162,-0.072,-1.605,2.128,1.443,-1.086,0.7,-1.293,yes
-0.651,-0.557,0.223,0.473,-0.807,-0.446,-1.304,-0.838,no
-0.114,-0.819,1.515,0.917,-1.773,-0.539,-0.547,-1.049,no
-0.88,0.283,0.982,-0.462,0.087,1.224,0.548,-0.13,yes
0.168,0.393,-0.435,-0.437,1.003,-1.044,-0.121,-0.376,no
2.288,0.128,-2.274,0.109,0.353,0.292,1.1,-1.374,yes
-0.383,-0.687,-1.193,0.076,0.881,1.409,-1.005,-0.106,no
1.165,-1.561,1.29,1.556,-0.073,-0.253,0.405,1.753,yes
0.655,-0.435,0.845,-0.428,-0.566,0.822,0.008,0.879,no
1.816,-1.519,-0.248,1.128,-0.981,-1.791,-1.102,0.566,yes
0.074,-1.171,0.948,1.67,-1.379,0.087,-1.117,0.513,yes
0.379,0.372,0.339,0.544,0.528,0.673,-0.339,-1.374,no
-0.664,0.008,-1.081,0.855,-1.209,-0.244,1.511,1.714,yes
0.838,-0.585,1.594,0.163,-0.828,-0.632,1.741,0.425,yes
-0.563,0.05,-0.154,0.472,0.728,-0.303,0.537,2.178,yes
-0.9,1.23,-0.459,2.408,-0.042,-0.967,-1.442,-0.761,yes
0.449,2.529,-3.179,-0.661,0.074,0.911,-0.674,0.611,no
-0.142,0.593,-0.162,0.026,0.25,-1.042,1.892,1.896,yes
0.314,0.386,-0.075,1.739,-0.367,1.617,-0.751,1.4,yes
2.345,0.987,-1.273,-0.825,-0.106,1.888,0.942,3.062,yes
0.883,-0.695,0.885,2.031,-1.547,-0.451,0.012,-1.044,yes
1.145,-0.083,-0.031,1.176,0.325,-0.881,-0.845,-0.982,no
0.894,-0.88,-0.826,0.513,-0.731,0.491,-0.186,0.306,yes
0.79,2.015,0.305,-0.486,1.25,0.056,1.826,-0.174,no
-1.583,-0.285,0.765,0.877,0.625,2.124,0.909,-0.486,yes
0.121,1.715,0.607,-0.252,0.426,1.192,0.523,0.309,yes
1.102,0.444,-0.448,-0.576,-0.446,-0.041,-1.433,-0.425,no
-1.446,0.944,1.028,-1.221,-0.184,1.561,-1.332,-0.024,no
1.451,-1.074,-0.029,0.534,0.861,1.695,0.028,0.141,no
-0.137,1.451,1.871,1.923,-0.113,2.085,-0.533,-1.345,no
-0.219,2.811,-1.263,0.146,-0.36,0.48,-0.73,-0.974,no
-0.952,0.218,-0.39,-1.799,0.937,0.654,-0.221,0.023,no
-0.01,-0.995,-2.499,1.642,-1.606,-0.825,0.502,0.463,yes
0.249,-0.734,-1.522,0.761,1.025,-0.15,-2.419,0.668,no
0.023,0.639,-0.635,0.214,0.554,0.232,-0.435,1.355,yes
-0.266,-0.421,-0.133,0.393,1.784,-0.51,0.495,0.699,no
0.449,1.94,0.192,0.547,-0.381,-0.477,-0.398,0.217,yes
1.208,-1.031,0.785,2.092,-0.954,-1.575,0.631,0.182,yes
-1.917,1.469,0.011,0.407,-0.926,2.141,1.05,0.206,no
0.469,-0.955,-0.166,0.983,0.639,-1.226,1.427,-2.146,yes
0.008,1.24,-2.276,-0.312,0.411,1.256,0.721,-2.158,no
0.291,-0.19,1.181,0.757,0.051,-0.373,-0.202,-1.262,no
0.675,-0.472,-0.729,0.271,-0.651,0.215,-1.392,-0.12,no
0.652,0.912,1.117,1.723,1.727,0.506,1.293,0.641,no
1.053,0.408,0.009,-0.255,1.038,0.575,0.794,0.756,no
0.974,-0.219,0.951,1.759,2.159,-1.167,-1.069,0.395,no
-1.123,0.32,-0.063,-0.362,-1.577,0.603,-0.183,-0.098,yes
0.619,-0.394,0.706,-1.59,0.081,-0.236,0.13,-0.765,yes
-0.566,-1.754,-0.818,0.028,-0.451,-0.347,-0.334,0.302,yes
-0.159,0.034,-1.343,0.37,-0.423,0.242,0.357,-0.45,yes
0.037,-0.79,-1.495,-1.17,-0.807,-0.391,1.343,1.878,yes
-0.333,-0.947,-1.573,-0.721,-0.699,-1.058,-0.175,-0.741,yes
-0.762,-0.519,1.235,-0.155,-0.144,1.657,-0.562,-0.5,no
0.314,0.784,-1.229,0.89,0.902,-0.136,-0.63,-0.442,no
0.162,-0.257,0.624,-0.477,-2.426,-2.218,0.224,0.562,yes
-0.346,0.079,1.575,-0.833,0.197,-1.149,-0.137,-0.387,no
2.252,0.378,-0.456,0.289,-0.179,0.164,-0.403,-2.042,no
-0.16,1.564,0.861,0.844,-0.734,-0.582,-1.135,0.292,no
-0.554,0.634,0.204,1.487,-0.576,-1.97,0.652,-0.446,yes
-1.692,0.192,-1.299,-1.048,-2.341,-0.727,0.506,-0.68,yes
-0.871,0.37,1.399,-1.577,-0.151,-1.081,-0.63,1.638,no
0.438,0.203,1.294,1.138,-0.055,-2.153,0.061,-2.255,no
0.764,-0.93,-0.475,0.708,1.682,2.875,-1.014,0.193,yes
-1.227,-0.457,2.475,0.094,0.713,-1.65,-1.87,0.914,no
1.0,0.44,0.905,-2.363,-0.277,0.497,-0.304,-0.183,no
1.396,2.061,0.252,1.159,0.088,-0.348,0.672,0.398,no
-1.206,-0.825,-0.255,1.247,1.79,-0.463,1.083,0.959,no
0.101,1.525,-0.599,-1.569,1.298,-0.922,1.734,1.62,no
1.629,-1.771,1.555,0.681,-0.162,0.427,-1.455,0.986,yes
-1.537,-1.206,-1.43,0.456,-0.91,0.114,0.246,0.315,yes
-1.963,-0.211,0.317,1.219,-0.403,0.43,0.296,1.697,yes
-0.124,0.829,0.36,-1.376,0.679,0.105,-0.399,0.13,no
-0.641,0.156,-0.43,0.374,0.747,-1.055,-0.516,-1.833,no
-1.756,-0.638,1.078,-0.178,-0.839,0.283,0.033,-0.008,yes
0.092,1.439,0.689,-0.486,0.406,0.085,1.102,1.494,yes
-1.077,-0.023,-2.55,1.23,-1.018,0.665,0.112,0.395,yes
-1.653,-0.69,0.382,0.103,0.104,0.658,-1.103,1.085,yes
0.56,-1.582,0.419,-0.193,1.541,-0.196,0.842,-0.722,yes
1.034,1.097,-1.899,-1.788,0.86,0.322,-1.19,0.053,no
-0.35,1.041,-0.769,-0.395,-0.862,1.118,-0.024,-0.545,yes
1.069,-2.785,-0.959,1.958,1.078,1.442,0.425,-0.766,yes
0.449,2.581,-1.909,0.385,0.433,-1.316,0.615,0.347,no
0.744,-0.07,-0.41,0.815,-0.557,1.492,-0.077,-0.369,yes
0.143,1.217,1.326,-0.498,-0.281,0.949,-0.667,-0.68,no
0.424,-0.761,1.248,0.794,-1.85,0.68,0.387,0.191,yes
-0.947,0.417,0.741,0.493,0.19,-1.715,-0.148,1.64,no
-1.865,-1.011,0.054,0.975,0.093,-0.486,-0.043,1.864,yes
-1.082,1.113,0.283,-0.95,1.441,-0.15,-0.303,-0.116,no
1.715,-0.701,0.803,-0.757,-0.989,0.66,1.53,-0.16,yes
0.11,0.873,3.412,0.922,-0.675,1.212,-1.224,-1.506,no
-1.404,-0.311,-0.788,-0.811,1.111,-0.143,2.241,-0.637,yes
1.111,-0.425,-0.185,-0.213,-1.783,-0.482,3.586,-0.436,yes
-1.735,1.222,1.314,-0.247,0.463,-0.116,-0.313,-0.659,yes
0.374,0.662,1.204,1.45,-0.279,-0.481,0.197,2.211,yes
1.106,-1.077,0.179,-1.587,0.604,-0.966,0.251,-1.516,yes
-0.752,1.508,-0.248,-0.242,-1.104,-2.227,0.216,1.113,yes
-1.936,0.287,0.988,0.854,-0.741,0.577,-0.593,-0.943,no
0.369,0.077,-1.861,0.81,-0.653,-1.037,0.247,0.1,no
1.06,-0.41,-0.735,-1.224,-2.353,0.623,1.662,0.301,yes
0.503,-0.237,-0.702,0.43,-0.605,0.953,-0.879,-0.344,yes
-2.047,-1.118,-1.282,-0.267,-0.248,-0.461,-0.425,-0.017,yes
0.597,-0.58,-0.679,0.055,1.831,0.391,1.186,1.451,yes
0.076,0.448,0.841,1.339,0.87,0.48,-0.052,-0.107,no
1.026,-0.588,-0.683,0.789,-0.578,0.252,0.208,0.413,no
0.831,0.087,1.87,0.684,-0.624,0.262,-0.619,0.952,no
2.094,-1.004,-0.612,1.916,0.293,-0.704,0.549,-2.433,yes
-1.071,2.331,0.657,-0.112,1.21,0.422,0.827,-1.744,no
-0.064,-0.053,0.066,1.417,-0.252,-0.102,-0.715,-1.243,yes
-0.799,0.392,0.435,-1.612,0.201,-1.207,0.574,0.54,no
0.314,-0.655,0.145,0.975,0.803,2.472,-0.162,0.736,yes
0.546,1.775,-1.244,0.069,-1.539,1.857,-1.457,-0.406,yes
0.266,0.336,-0.527,-0.295,0.337,-0.702,-1.046,1.684,no
-1.352,2.156,0.126,-1.067,-0.792,-0.797,-3.042,-0.984,no
2.396,-1.527,0.464,0.101,1.362,1.942,-0.277,-0.475,no
-1.282,1.14,0.63,-0.955,-0.012,1.458,-1.541,-1.237,no
-0.676,0.571,-0.892,-1.571,-0.002,1.13,1.043,0.672,no
1.795,0.223,-0.766,-1.279,-0.174,0.942,-1.406,-0.342,yes
-0.665,1.976,1.076,-1.05,-1.166,1.142,0.548,-1.17,no
-1.882,-0.379,-1.107,-2.779,-0.932,1.324,1.688,0.271,yes
1.567,0.225,0.091,-0.401,-1.572,0.425,-0.62,1.869,no
-0.929,0.419,1.143,-0.818,-0.49,-2.274,0.487,1.455,no
0.76,0.647,1.611,-0.05,-0.643,0.24,1.524,-1.489,yes
-0.265,-1.932,1.325,0.02,-0.688,0.749,1.429,0.312,yes
0.822,-0.51,-0.076,-1.838,0.653,0.307,1.617,1.372,no
0.948,-1.103,0.266,-0.235,-0.112,-0.466,-0.214,-0.902,yes
0.711,0.955,0.006,1.562,0.674,-1.015,-0.013,-1.86,no
-0.416,-1.203,-1.7,-0.361,-1.158,-0.904,-0.997,0.489,yes
0.464,-0.132,2.629,-0.205,-0.012,-1.156,-1.636,-0.038,no
-1.34,-0.75,-0.054,1.479,0.566,0.103,-0.285,0.052,yes
-1.619,-1.3,-1.403,1.814,-1.201,0.715,-0.538,-0.581,yes
1.446,0.153,1.551,1.754,0.466,-0.579,0.26,-0.37,yes
0.173,-1.413,0.712,0.607,-1.007,0.723,-1.591,-0.416,no
-0.563,-0.05,0.303,-0.076,-0.698,0.047,-0.147,0.162,no
0.513,-0.889,1.134,0.405,1.291,-0.215,0.101,-0.611,no
-1.592,0.724,-0.666,0.115,0.315,-0.161,-0.542,-0.913,no
-0.552,0.889,-0.048,-1.905,0.102,-0.229,-1.749,2.184,no
-0.6,-1.592,-0.825,0.019,-0.482,-0.441,-0.565,-1.008,yes
0.011,0.118,-0.266,-1.299,-0.277,0.383,-0.481,0.7,no
-1.349,-0.89,0.157,-0.352,-0.735,-0.783,0.311,-2.336,yes
-0.674,1.153,-0.104,1.335,-2.243,-0.53,-0.644,-0.065,yes
-1.827,0.906,1.364,0.706,-1.321,0.309,-1.821,0.153,yes
-0.978,1.078,1.644,1.526,-0.554,0.945,-0.937,1.957,no
0.929,-0.48,-2.03,1.259,0.587,1.68,-1.263,0.162,no
-0.973,1.69,0.089,0.09,-1.031,1.393,-1.067,0.683,no
0.031,0.541,0.608,-0.64,0.827,0.062,-0.316,0.512,no
0.357,-1.006,-0.004,-2.109,-0.89,0.411,-0.491,-0.986,yes
-0.253,-1.278,0.841,-0.202,-0.298,1.353,0.29,0.471,no
0.556,2.215,-0.9,0.231,0.793,0.667,0.231,0.015,no
-0.307,0.519,0.705,1.221,-0.677,1.162,-1.113,1.85,yes
1.287,0.882,-0.845,-1.32,-0.108,-0.669,-2.419,-1.796,no
0.53,1.625,0.686,0.753,1.361,0.09,-0.687,-0.455,no
1.866,-1.01,-2.319,1.23,-0.026,0.663,-0.495,-0.162,yes
1.47,1.794,-0.75,0.217,-0.734,-0.555,-0.069,-1.339,no
-1.041,0.872,0.771,1.214,0.811,-1.146,-0.173,-2.043,no
0.809,0.781,0.012,1.519,1.006,-0.186,0.47,-1.253,no
1.139,1.086,0.911,0.695,-1.428,0.652,-0.68,0.361,no
-0.548,0.37,0.669,1.216,-1.823,-0.996,-2.352,0.192,yes
-0.799,0.144,0.092,0.402,-1.379,-1.314,-0.277,0.036,yes
0.086,-0.679,1.022,-0.967,0.365,0.148,0.113,-0.408,yes
0.995,-1.538,0.225,0.699,-0.158,0.31,-1.069,1.396,yes
0.483,-0.425,1.472,-1.333,1.294,0.133,0.84,-1.56,no
0.388,0.621,-1.178,-1.454,0.696,-0.541,1.059,1.158,no
-0.485,0.896,-0.952,-0.406,-1.022,0.224,1.814,-0.235,yes
-0.809,0.11,-0.533,-0.703,-1.222,0.402,-0.344,0.293,yes
-1.279,-2.051,-1.068,-0.031,-1.913,-1.581,0.963,-0.499,yes
-1.005,1.34,0.263,-1.487,-0.462,-0.492,-0.164,-1.588,no
-0.324,0.698,-0.833,-0.277,0.282,1.043,-0.577,-0.27,yes
0.467,0.597,-1.206,-0.719,1.275,2.026,1.819,-1.064,yes
-1.915,0.914,-0.19,0.619,1.469,-0.425,-0.997,-0.056,no
-0.343,0.467,1.14,-0.827,-0.102,0.031,2.048,-0.51,yes
0.511,1.448,0.604,-0.349,0.509,0.308,0.57,0.002,no
-0.164,-1.213,-0.409,0.366,1.317,-0.635,0.485,-0.157,yes
-0.48,-0.408,-0.859,0.056,0.406,1.687,0.767,-1.087,yes
0.679,-1.429,-1.114,-1.563,0.792,0.579,-1.089,0.336,no
1.156,-0.617,1.931,0.355,-0.82,0.666,0.858,-1.163,no
-0.141,1.129,1.413,1.206,0.63,2.851,-2.092,0.0,no
-0.406,0.763,-0.12,1.201,0.146,-0.154,-0.424,-1.481,no
0.468,1.311,0.25,-1.032,-1.467,-0.57,-0.093,0.086,yes
-0.623,-1.228,0.392,0.078,-0.102,1.86,-0.127,-0.931,yes
0.209,-0.997,-0.8,0.202,0.729,0.51,-1.717,-0.807,no
1.376,-0.493,1.5,1.79,-0.036,2.222,0.16,0.481,yes
-0.554,-0.022,0.025,-0.739,0.133,-0.843,-0.504,1.374,no
-0.404,-0.607,1.679,0.599,-0.978,0.223,-0.756,-1.256,no
0.431,1.092,-2.148,-0.901,0.234,0.538,1.179,-0.208,no
0.681,0.111,0.309,-1.848,0.963,1.376,-0.116,0.574,no
0.021,-1.018,-0.036,-0.606,-1.531,0.694,1.355,0.561,yes
1.358,-0.511,1.184,-0.218,0.4,1.964,1.783,0.045,no
-0.311,0.553,-0.054,-0.58,-1.106,-1.095,-1.088,-0.313,no
1.469,0.313,-1.915,1.3,-1.088,-0.346,-0.391,0.68,yes
0.854,-0.786,-0.983,0.017,0.025,-0.09,-2.125,-0.454,yes
-0.007,-0.019,0.809,-0.247,-0.787,0.142,0.863,1.047,yes
-0.315,0.057,-0.762,1.115,1.233,-1.69,0.378,-0.74,yes
-0.265,-1.039,-0.109,0.664,0.993,-0.076,-1.237,0.598,yes
-1.49,-0.546,0.349,0.359,0.562,-0.761,0.397,-0.58,no
-0.017,0.167,-1.998,1.92,2.104,0.29,-2.742,-0.126,no
-1.265,-2.258,-1.746,2.837,0.602,0.104,-1.701,0.381,yes
-0.502,1.132,-1.572,-0.916,1.657,-1.095,-1.134,2.426,no
2.206,-1.53,1.017,-0.812,1.383,0.515,-1.429,-1.129,no
1.153,-1.089,-0.399,-0.664,-0.377,2.375,-0.048,0.412,no
-0.234,0.768,-1.317,1.423,0.735,0.401,-0.454,0.786,yes
2.265,0.999,-0.903,-0.11,-0.356,-1.239,0.18,-0.25,no
0.346,-1.484,-0.451,-0.319,-0.71,2.554,-0.377,0.219,yes
-0.472,0.203,-0.828,-0.352,1.715,0.518,-0.716,0.071,no
0.633,0.662,-0.315,0.258,-0.117,1.893,-1.103,1.705,no
1.261,0.835,0.235,0.924,1.127,-0.327,-1.847,1.552,no
-1.771,0.352,-0.902,-1.508,1.127,0.983,-2.137,0.368,yes
1.065,0.443,-1.271,1.174,0.048,-0.733,-0.018,-0.901,yes
-0.056,-2.722,-0.615,0.497,0.766,0.357,1.304,0.308,yes
-0.924,-0.363,0.328,-1.189,-0.52,-0.252,-1.046,-1.937,no
0.082,-0.774,0.303,0.631,0.19,-2.89,-1.323,1.404,no
0.447,0.823,0.178,-0.483,-0.51,-0.031,-2.097,-0.702,no
0.749,-0.503,-0.17,0.784,1.475,0.872,1.239,-0.629,yes
-0.122,0.635,-0.16,0.158,1.014,-0.414,-1.017,0.701,no
-0.379,0.767,1.741,1.391,1.296,-0.183,-1.32,-0.439,no
0.502,0.697,-0.639,-1.143,-0.122,1.227,0.417,-1.385,no
-1.396,-0.27,0.296,1.732,0.149,0.837,1.063,-0.074,yes
-0.515,-0.937,0.287,-0.075,0.043,1.603,-0.152,1.336,yes
-0.587,0.465,1.882,-0.744,1.408,0.87,-0.114,0.354,yes
0.641,1.437,0.803,-0.444,0.03,0.338,0.099,0.497,no
0.959,-0.422,-0.005,0.361,0.393,-0.216,-1.386,-0.295,no
-1.055,-0.358,-0.971,0.297,1.052,0.446,0.893,0.002,yes
-0.767,0.745,0.716,0.461,-0.845,-0.412,-0.7,-0.585,no
-0.743,2.611,-1.25,1.228,0.052,0.119,0.766,0.25,yes
-1.459,-0.105,0.413,-2.119,0.608,-1.626,-0.355,0.095,no
-0.299,-0.756,0.141,-0.273,0.804,-0.521,-0.973,-1.543,yes
0.615,0.929,-0.082,-0.972,1.049,0.592,-0.439,0.568,no
0.251,0.818,-0.58,0.439,0.053,-0.567,-1.128,-0.219,no
-1.362,-0.829,2.144,0.655,1.241,-0.185,-0.42,-0.26,no
-0.085,0.102,-0.384,-1.353,0.126,-0.082,-0.969,-1.468,no
0.886,-0.444,0.108,0.972,0.757,-2.286,-0.524,-0.434,no
1.205,1.022,0.195,0.592,1.856,-0.336,1.152,-0.051,yes
-2.434,-0.686,1.681,1.219,-0.381,-0.657,-0.053,0.764,yes
-0.676,0.25,0.053,-0.801,-0.082,-0.74,1.871,3.269,yes
-0.221,0.048,-0.915,-1.094,-1.841,1.295,-1.408,-1.623,no
-1.413,0.733,-0.068,-0.798,-1.329,0.965,-0.023,-1.136,no
-1.195,0.468,-0.916,0.518,1.012,-0.043,-1.018,-0.211,yes
0.16,-1.253,0.397,0.159,1.735,-1.148,-0.325,-1.123,no
0.769,-0.113,-0.563,1.353,0.779,0.384,-0.187,-1.012,no
0.195,-0.208,0.815,1.762,-1.11,-0.325,0.225,0.707,yes
0.687,-1.011,0.297,1.204,0.245,0.188,0.023,0.578,yes
2.237,0.421,0.355,0.977,0.511,-1.532,1.084,0.592,no
-0.604,-1.319,0.24,-0.465,0.641,0.736,-0.656,0.38,no
-0.334,1.234,-0.445,-0.213,1.22,-0.691,0.918,-0.395,no
2.152,-0.402,0.562,-0.864,-0.63,-0.822,0.873,1.757,yes
0.44,-0.392,0.248,1.227,1.611,-0.752,-0.037,-0.247,no
2.649,-1.377,-0.282,-1.04,-0.273,0.405,0.502,0.438,yes
-1.455,-0.079,0.33,-0.293,1.447,-0.603,0.656,-0.775,yes
-0.114,1.803,0.976,-1.672,-1.21,-0.905,0.246,-1.075,yes
-0.217,-1.599,0.62,-0.905,-1.643,0.477,-0.45,-0.892,no
-1.065,2.461,-2.143,1.324,-0.138,-0.566,0.282,0.697,yes
1.857,0.468,1.38,0.138,-0.252,-0.856,0.382,0.601,no
0.359,-0.222,0.75,-0.436,1.157,-0.384,1.807,-0.51,no
-0.638,-0.774,0.45,-0.481,2.553,-1.183,-1.387,-0.937,yes
-2.051,0.231,-0.448,-0.332,-1.569,0.74,1.268,0.151,yes
1.36,-1.123,-0.274,1.294,1.444,0.403,-0.417,-1.949,no
0.305,-1.011,-0.116,0.571,1.689,0.104,0.214,-1.06,no
0.668,0.592,1.274,1.109,0.895,-0.111,-0.847,-0.509,no
-0.593,1.229,-1.349,0.685,0.489,-1.262,-1.13,0.615,yes
-0.933,-2.071,-0.619,0.181,0.408,0.279,0.905,-0.039,yes
-0.686,0.719,-1.326,1.465,-0.067,-0.099,-0.901,1.435,yes
1.113,0.604,1.035,-0.771,-1.723,1.301,-0.082,-0.088,yes
1.577,-1.285,-2.35,-0.526,0.671,1.019,1.307,0.359,yes
-0.333,-1.188,-2.969,0.256,0.724,-0.526,-1.197,-1.17,yes
0.201,-0.901,0.136,0.392,0.579,-1.054,-2.342,-0.183,no
0.166,1.48,-0.368,-0.585,-0.558,-0.096,-0.186,0.8,no
0.534,-0.137,-0.288,0.258,1.16,-0.675,0.559,0.745,no
2.031,-0.031,0.197,-0.473,-0.043,-0.512,-0.344,-1.433,no
-1.222,-0.16,0.431,1.156,-0.515,0.848,-0.687,0.6,yes
1.123,0.118,1.292,1.411,-1.266,0.445,-1.784,-0.407,no
-1.141,-1.506,-0.396,-1.179,1.032,0.375,0.337,0.285,yes
-1.492,0.241,1.786,-0.695,0.116,-0.67,0.188,1.375,yes
-0.048,-0.497,0.659,1.649,-0.135,-1.914,0.798,-0.913,yes
-0.093,-1.425,-0.069,-0.698,-0.256,0.529,-0.746,-1.44,no
0.567,-2.926,1.162,1.676,0.23,0.826,-0.659,0.28,yes
1.67,-0.099,0.348,-1.816,0.808,-1.296,-0.573,1.22,no
-0.439,-0.52,-0.379,-0.822,0.031,0.215,-0.933,0.675,no
-0.784,0.335,-1.753,0.488,1.172,-0.557,0.991,-0.153,no
-0.996,0.188,-1.445,-0.571,-1.714,0.854,1.032,0.815,yes
1.213,0.257,0.501,0.185,0.88,0.988,0.886,-2.018,no
1.966,-0.07,-0.96,-0.876,1.123,-1.171,1.054,1.705,yes
-0.379,2.242,1.524,-1.241,0.956,0.995,-0.584,-1.293,no
-0.289,0.604,1.713,0.718,-0.497,0.903,-0.313,0.042,no
0.49,-1.498,-1.158,0.506,0.685,-0.665,-0.889,0.559,yes
0.41,0.513,-0.916,-1.517,-0.548,-0.701,-0.065,1.084,yes
1.451,1.413,-0.78,-0.682,-0.269,0.751,0.799,-0.714,yes
0.309,0.447,1.118,-0.045,-0.759,1.503,-0.714,-0.138,yes
0.573,0.972,0.154,1.616,-1.255,-1.133,-0.069,-0.522,yes
-0.225,-2.254,0.158,1.318,1.588,-1.03,0.316,-1.516,no
-0.712,0.388,-1.144,-0.096,0.57,-0.261,0.777,-0.747,yes
-1.115,1.511,-1.238,1.203,0.863,-2.822,0.027,0.591,no
0.318,-0.095,-0.896,0.668,2.093,0.185,0.347,-0.678,no
1.057,-1.123,1.691,0.002,-0.708,0.869,0.383,-2.302,yes
-0.153,1.645,1.14,0.09,-1.792,0.625,1.72,0.184,yes
0.876,-0.438,0.071,0.383,1.88,0.017,0.294,-0.993,no
0.68,2.048,-0.597,-0.845,0.582,-0.345,0.759,-1.785,no
-0.585,-1.122,0.392,1.936,-0.469,-0.079,0.013,1.145,yes
-1.056,-0.398,-1.034,-0.854,0.441,0.512,0.66,-0.648,yes
-0.995,0.12,2.083,0.632,1.178,2.255,-0.848,0.907,no
0.163,0.354,1.425,0.27,-0.203,-0.021,0.047,0.739,no
-0.386,-0.525,-0.987,-0.319,-1.105,0.271,0.341,-1.072,yes
-0.522,-1.653,-0.45,-0.142,-1.287,-1.272,-0.013,-1.039,yes
0.105,0.055,-0.997,0.06,-1.197,-1.104,-1.133,-0.112,no
0.935,-0.683,-0.194,0.559,0.679,-1.039,0.141,-1.114,yes
0.241,-0.762,1.142,-0.129,0.096,-0.515,-0.027,-1.394,yes
-0.445,0.42,0.724,-0.241,-0.307,-0.704,1.677,-0.674,no
-0.842,0.569,-0.11,-0.426,0.729,0.627,-0.806,1.681,no
0.404,-0.423,-2.364,0.605,0.881,0.247,-0.321,0.592,no
-0.86,0.417,-0.91,0.208,-1.596,-1.683,0.578,-1.194,yes
-0.864,-0.186,-0.133,-0.036,2.046,0.878,-0.38,-0.544,yes
-0.97,1.095,1.512,1.028,0.059,-1.085,1.845,-0.136,no
1.169,-0.707,-1.009,1.02,-0.468,-0.012,-0.532,-0.596,yes
-0.998,0.383,-2.066,0.408,-0.708,-1.067,0.134,-1.18,yes
-0.958,-0.969,0.584,1.387,1.835,1.06,-0.057,0.6,yes
0.287,0.559,-0.287,0.106,-2.215,1.281,0.35,-0.12,yes
0.845,1.01,-0.569,0.434,-0.769,-1.027,0.614,0.424,yes
0.281,-0.916,1.283,-0.407,-0.325,0.016,-1.011,1.21,no
-0.671,-0.779,-1.574,0.083,-0.11,-0.241,0.978,0.842,yes
0.124,-0.957,-1.707,0.622,-1.387,0.167,0.723,-0.827,yes
0.271,-0.017,0.755,-1.66,-1.599,-1.611,2.291,0.39,no
-1.497,0.503,1.96,1.184,0.611,2.714,0.654,0.883,yes
0.183,0.073,0.589,-0.081,1.059,0.194,-0.673,1.291,no
-0.611,-0.08,-1.079,1.591,-0.269,0.449,0.064,-0.762,no
0.92,-1.982,-0.198,-0.803,0.034,-0.39,-1.346,0.286,yes
-0.808,-0.14,0.003,-2.033,1.282,1.628,0.059,0.649,no
1.263,-0.537,-1.959,0.646,-0.541,1.018,-0.414,0.133,no
0.457,0.084,-0.048,-0.775,1.061,0.787,0.685,0.184,no
-0.191,0.329,-0.778,-2.472,-0.403,-1.788,0.17,1.724,no
-1.154,-1.765,-0.564,-0.451,0.929,-0.239,-0.939,0.246,yes
-0.221,0.94,0.851,0.215,-0.894,-1.687,1.326,0.357,no
0.089,-0.827,-0.259,-0.67,-1.009,0.857,-0.732,-0.478,yes
1.135,-0.903,-1.214,-1.6,-1.329,0.089,1.151,-2.011,yes
-2.195,-1.445,0.76,-1.2,0.449,-1.845,-1.036,1.196,yes
-0.801,0.334,-0.354,0.831,0.78,1.929,0.057,0.128,yes
0.39,0.171,1.508,0.218,0.622,0.889,0.379,-0.936,no
0.089,1.054,-0.496,-1.498,-0.356,-0.804,-0.414,0.058,no
0.321,1.498,1.102,-0.159,1.114,1.002,-0.254,-0.093,no
0.767,0.689,-2.108,1.166,0.516,0.666,0.217,-1.176,yes
0.931,1.572,1.087,-0.683,0.431,-0.407,-0.131,0.927,no
1.452,0.721,-1.758,-0.141,-0.455,0.572,-0.051,-0.047,no
1.565,0.779,0.651,-0.29,-0.31,0.829,-0.05,0.956,no
-0.3,0.607,-0.242,0.299,-1.528,1.688,1.13,-1.069,yes
-0.773,-0.815,-0.486,1.299,0.499,1.811,-0.738,0.532,yes
0.941,-0.821,0.175,-1.131,-0.295,-1.454,-1.815,-0.697,no
0.64,-1.223,0.323,-0.97,2.065,1.072,1.475,1.202,no
0.101,-0.177,0.629,-0.13,0.068,-0.568,1.817,0.879,yes
-0.04,-0.902,1.545,0.81,-0.167,-0.785,-0.424,0.404,no
1.794,-2.042,0.295,1.472,0.141,-0.114,0.307,1.267,yes
-0.451,-0.623,0.246,0.728,0.522,0.088,-0.236,0.352,yes
-0.699,1.61,0.244,-0.538,1.183,-0.624,2.345,-0.668,no
0.099,-0.166,-0.368,0.505,0.124,0.104,-0.525,-0.757,yes
-0.532,-1.062,0.66,0.863,-0.333,-0.627,0.225,0.626,no
0.28,1.496,-0.695,-1.51,-2.468,-0.637,-0.106,-1.328,no
0.229,-0.92,0.747,0.392,-1.052,1.05,-0.139,-2.23,no
0.253,0.053,0.262,0.072,0.685,-0.0,0.433,-2.056,no
-1.046,-0.624,1.565,-0.267,-1.084,-0.485,-0.827,-1.924,yes
-1.408,-0.462,-2.482,0.785,-0.168,0.813,1.634,1.972,yes
0.524,-0.873,0.859,1.633,-0.343,-1.303,0.247,-0.203,yes
-0.787,1.417,0.034,-0.15,0.589,0.584,0.994,0.833,no
-0.098,-0.521,-0.347,0.765,-0.374,-0.077,0.336,0.409,yes
-0.831,0.537,2.29,-1.051,-1.076,0.438,0.48,-0.645,yes
-1.316,1.298,0.095,-1.169,-0.603,1.658,-1.225,-0.517,no
0.08,2.65,0.152,-0.996,-0.012,1.53,-1.512,2.231,no
-0.031,-1.515,-1.686,1.16,-1.352,2.008,-1.049,0.911,yes
0.816,0.599,1.995,0.305,-0.033,1.31,0.705,-0.615,no
0.222,-0.322,0.638,-0.543,0.999,-1.635,1.955,-0.303,yes
0.157,-0.318,0.53,-0.181,0.264,-1.47,0.493,0.43,no
-0.03,0.02,-0.831,-1.066,0.81,1.816,0.521,0.063,yes
0.988,-0.656,-0.762,-0.11,0.194,0.789,-0.85,0.205,yes
0.066,-0.226,-0.64,0.872,0.918,-0.652,-0.307,-0.202,yes
1.057,-1.312,-0.456,-0.033,-1.843,1.944,0.696,-0.195,yes
0.653,-0.241,-0.718,0.529,-0.969,-0.399,0.459,2.38,yes
-0.287,1.45,1.634,0.131,0.475,-1.508,-1.668,1.065,no
-1.062,-0.345,0.476,0.908,-1.058,0.543,-0.514,0.16,yes
1.97,0.188,-0.787,0.624,-0.631,0.379,0.182,-0.457,no
0.437,-0.266,1.911,-0.032,0.941,0.239,0.538,1.538,no
0.574,1.134,-0.508,0.536,-0.816,1.311,1.299,-0.887,yes
1.168,0.338,1.118,-0.213,1.059,0.669,-2.477,0.479,no
-1.128,-1.141,0.578,-0.835,-0.003,0.104,0.374,0.207,no
-1.266,-0.128,-0.529,-1.094,2.08,-0.137,0.672,-2.14,no
-1.233,0.65,-0.935,0.557,-0.344,0.53,-0.292,-1.506,no
1.158,-0.259,-0.866,-0.025,-2.022,-1.638,2.278,0.437,yes
-0.521,0.236,0.085,0.813,-0.395,0.441,-0.17,-0.635,yes
2.05,-0.899,0.322,0.646,1.513,-1.035,0.32,-0.19,yes
0.372,-0.836,0.212,-1.326,1.915,-0.96,0.237,1.409,no
0.572,-2.446,0.082,-1.073,1.124,-1.231,1.517,1.311,yes
-0.537,-0.87,0.377,0.544,0.628,0.629,-0.744,1.017,no
-0.683,-0.567,0.781,-0.348,1.713,-0.685,0.971,-1.094,yes
0.253,-0.073,-1.163,0.876,1.323,0.389,0.614,0.436,yes
-0.611,0.088,0.582,-0.157,-0.837,-0.241,0.149,0.26,no
0.996,1.002,-1.416,1.315,-0.161,0.435,0.42,0.678,yes
-0.743,1.038,-1.171,0.842,-0.125,0.656,-1.906,0.462,yes
0.087,-0.433,-0.13,-0.13,1.007,-0.526,1.337,1.968,no
0.674,-1.0,1.576,-2.221,-0.286,1.223,-0.406,-1.499,no
-0.189,1.481,0.205,0.427,0.945,-0.585,0.538,-1.229,no
0.422,-0.336,0.558,-0.311,-0.17,-0.149,-0.277,0.098,no
-0.379,-0.33,-1.24,-0.466,-0.901,-0.288,-1.227,0.528,yes
-0.134,0.713,-0.245,-0.055,0.124,1.082,-1.159,-0.759,yes
0.033,0.997,-1.195,0.636,1.389,0.14,-0.818,-0.152,no
-0.404,1.289,0.69,0.04,0.061,1.01,0.506,0.13,no
-0.763,-0.297,0.481,-1.386,0.353,-1.055,-0.094,-0.723,no
0.879,-0.206,-0.998,-0.496,-0.453,-1.894,-1.178,-0.667,no
1.537,1.147,0.55,-0.247,1.012,-1.033,-0.427,-0.488,no
3.272,0.902,-1.141,0.741,2.607,-0.191,0.957,-0.534,no
-0.134,-0.249,-0.543,-0.985,0.118,0.176,0.322,0.532,yes
-0.888,0.534,0.134,1.896,1.02,-1.995,0.589,0.552,no
0.279,2.095,-0.983,-1.321,-0.619,1.312,-0.27,0.829,no
0.258,-1.474,-0.765,-0.296,0.14,-0.007,0.356,-1.707,yes
0.664,0.281,-0.811,1.322,1.498,0.591,0.46,-0.87,yes
1.878,1.208,0.049,2.209,0.352,-0.395,3.11,-0.307,yes
-0.232,0.39,1.269,1.096,-0.03,-0.387,1.144,0.834,yes
-0.644,-0.775,-0.788,-0.8,0.239,-2.378,-0.304,-1.014,no
-0.878,-0.691,-0.093,-1.503,-1.127,0.378,-1.377,0.859,yes
-1.454,0.337,-1.288,-0.5,-0.088,0.019,1.006,-0.622,yes
0.712,0.696,-1.095,0.622,1.516,0.619,0.779,0.164,yes
-0.807,-0.673,-0.536,-0.404,0.424,0.773,-1.44,-0.142,yes
-0.511,-0.285,1.816,0.186,-0.245,-0.484,1.417,0.776,no
-0.916,-0.237,0.781,-0.816,-0.261,-1.103,1.391,-0.284,yes
1.056,-1.594,0.702,-1.1,-0.119,-0.66,1.142,-0.929,yes
0.327,1.338,1.537,0.229,0.511,0.191,-0.706,-0.188,yes
0.937,0.879,0.047,-1.529,0.647,0.016,-0.778,-0.458,no
-0.918,-0.205,-0.037,-0.254,-0.071,0.111,1.24,1.538,yes
-1.441,0.383,-0.589,1.107,0.979,1.408,-1.266,0.328,yes
1.343,1.071,-2.177,0.406,0.448,-0.765,0.057,0.707,no
0.466,1.125,0.616,0.266,1.321,0.183,0.039,1.108,no
-0.302,0.551,0.417,-1.456,0.446,-0.015,0.084,-0.769,no
1.035,0.436,1.356,2.413,-0.674,0.49,-0.506,-0.18,yes
0.946,0.338,1.471,0.637,0.804,0.051,-0.212,-0.791,no
1.681,1.193,-0.84,-0.444,0.849,-1.046,1.634,0.354,yes
0.178,0.368,-1.459,-0.45,0.908,0.559,-0.518,-1.26,no
0.907,0.945,0.198,0.042,0.966,1.179,0.196,-1.736,no
-1.456,-1.188,1.082,-0.374,-0.524,0.039,-0.675,-0.372,no
1.253,-0.099,0.283,-0.016,0.076,-0.936,-0.74,0.645,yes
-2.379,-0.251,1.483,0.966,-0.649,0.039,-0.912,0.784,no
-0.91,1.707,-0.086,-0.296,-1.18,-2.307,-1.116,-0.166,yes
-0.718,-0.308,1.011,0.084,-0.924,0.244,1.367,0.453,yes
-0.656,-0.13,0.392,-0.26,1.524,-1.037,0.28,-1.172,no
0.417,-0.206,-0.688,-0.247,-0.018,-0.553,0.016,-0.119,no
0.469,-0.107,-1.44,0.156,-1.054,-0.398,1.547,-0.28,yes
-2.0,-0.547,0.774,-0.296,0.63,-1.176,-0.122,-0.297,no
0.514,-0.654,0.575,-2.07,-0.869,-0.754,-1.273,-0.456,no
-0.193,-1.406,-0.972,-0.616,-1.526,0.605,1.54,0.417,yes
0.307,1.039,0.688,-0.077,0.991,0.244,-0.471,-0.227,no
-0.92,1.245,-0.685,-1.004,-1.111,0.295,0.355,-0.528,yes
-1.526,-0.77,0.568,1.371,0.382,-1.498,-0.846,0.44,no
0.687,-0.274,1.627,0.494,0.974,1.046,0.316,-0.225,no
-0.292,-0.261,0.51,-0.361,1.315,0.417,1.271,1.242,no
0.243,0.251,2.136,-1.826,-0.806,1.277,-1.464,0.411,no
1.732,-1.456,-0.695,0.077,-0.183,-0.104,-0.583,0.163,yes
-0.435,0.286,0.466,-1.015,0.452,1.105,0.018,-0.885,no
-0.474,1.636,0.931,0.116,1.179,0.43,0.411,-0.542,no
-1.48,-0.601,1.733,0.214,-0.623,-0.384,0.508,1.462,yes
-0.015,-0.138,0.14,2.048,2.587,-1.003,0.568,-1.036,yes
0.806,0.084,-1.847,-0.863,-0.701,0.322,1.504,-0.97,no
2.073,2.77,0.728,0.171,-0.685,-0.074,-0.735,-0.973,no
-0.345,0.116,-0.317,1.584,0.225,-0.368,-1.933,-0.578,yes
0.762,0.402,0.855,1.079,1.314,0.789,1.447,2.544,no
-0.653,1.81,1.43,-1.051,-0.515,-1.479,0.117,0.938,no
-0.417,0.833,1.124,-0.128,0.788,-0.778,-0.086,0.283,no
-0.927,1.815,-0.263,-0.119,-1.582,-0.071,0.681,-1.678,no
-0.453,0.293,1.616,-1.355,1.609,-1.27,-1.475,-0.461,no
1.136,-0.105,-1.604,0.502,1.309,0.728,1.264,-0.288,no
-1.481,-1.024,-1.117,-1.777,-0.555,0.615,0.065,-0.091,yes
1.609,-0.047,-1.742,0.241,1.024,1.056,-0.288,0.724,yes
-0.052,-0.448,0.106,1.017,0.165,0.712,0.671,-1.712,yes
-1.464,0.193,-0.916,-1.461,0.242,-0.632,-0.096,-1.044,no
-1.085,-0.413,-0.597,0.174,-0.459,-0.72,-0.022,-0.76,yes
-0.126,-0.482,1.719,-0.754,0.467,-2.488,-1.105,-2.078,no
0.53,0.23,-0.519,-2.286,-0.118,-0.512,-0.731,-1.543,no
1.228,-0.16,1.673,1.156,0.041,1.084,0.644,0.553,no
0.623,-0.77,0.438,0.102,1.004,0.188,1.383,-0.521,no
-0.476,-1.064,-0.595,-0.075,1.219,0.288,-1.019,0.33,yes
-0.891,-0.695,-0.741,-0.578,0.659,-0.107,0.577,0.142,yes
0.065,0.678,0.638,1.721,-0.974,-0.166,-1.104,-1.105,no
0.998,0.179,0.376,0.181,0.133,-1.051,0.026,-1.468,no
0.79,-1.11,1.241,1.118,1.472,-0.706,0.618,0.286,no
0.999,0.518,-0.641,0.194,-0.833,-0.518,-0.44,-1.066,no
1.983,0.706,-0.269,-1.505,-2.559,-1.57,-0.35,0.465,no
0.354,-0.414,-0.202,0.609,1.694,1.416,-0.326,-1.731,no
-0.841,-1.007,-1.393,-0.659,0.002,0.497,0.184,0.002,no
2.683,0.94,1.581,-1.046,0.45,-0.897,-0.308,1.729,no
2.153,0.871,3.542,-0.274,0.267,-1.185,-2.015,0.655,no
0.44,1.219,-0.84,-1.349,0.934,1.115,0.605,-0.639,no
0.28,0.203,-0.064,-0.36,-0.055,1.137,1.743,-0.468,yes
-1.033,-0.522,0.971,0.984,0.466,-0.266,0.012,-1.107,no
-0.358,1.343,-0.711,-0.402,-0.439,0.583,1.439,0.112,no
0.95,-0.141,0.007,0.842,0.879,-0.801,-0.268,-1.112,no
0.201,-1.336,-0.169,-1.362,1.093,0.929,1.833,-1.617,no
0.557,-0.788,1.094,-0.818,1.737,0.156,1.296,1.079,yes
-0.971,-0.201,0.295,-0.306,-2.731,0.786,0.589,0.027,yes
-1.11,-1.406,-0.41,-0.21,0.614,1.192,-0.639,1.668,yes
1.083,-0.211,0.729,-0.595,1.103,-0.679,-0.608,0.65,no
0.055,-0.997,-1.277,-0.503,0.728,-1.721,-0.5,1.299,yes
0.849,0.998,-0.544,-1.982,-0.942,0.961,-1.295,-0.126,yes
-0.489,-0.412,0.206,-0.165,0.609,-0.83,-1.329,-0.606,no
-0.295,0.291,1.032,-0.652,0.116,0.756,-0.26,-1.306,no
-0.749,-0.258,0.835,0.71,-1.066,-0.344,0.859,-1.884,yes
1.739,1.135,0.495,0.898,-0.315,0.544,1.69,0.02,yes
0.171,-0.267,-0.246,-1.055,0.99,1.368,0.136,0.931,no
-0.52,0.603,-0.493,0.67,0.428,1.386,0.835,-2.092,yes
-0.29,1.845,-1.486,0.301,1.221,0.109,1.756,0.234,no
0.56,0.099,1.616,1.722,0.676,0.133,1.72,-0.67,no
-0.224,-0.124,0.477,-0.026,0.878,3.009,0.577,-1.364,no
-1.074,0.519,0.605,-0.691,-0.258,0.549,-2.187,-0.033,no
0.627,0.163,0.091,1.793,0.611,0.278,0.319,0.741,yes
1.099,-0.219,1.58,-0.111,-0.163,-1.191,0.258,-0.453,no
0.117,-0.131,0.937,0.54,-0.602,0.819,-0.066,0.768,yes
-0.21,-0.124,-0.444,0.148,0.641,-1.388,1.404,0.288,no
-0.608,0.144,1.554,0.659,-0.574,-2.004,1.005,-0.561,yes
-0.97,-0.093,0.662,0.024,-1.004,-0.277,-0.717,2.418,yes
1.069,0.968,1.246,1.588,-0.756,0.441,0.216,0.085,no
1.035,0.274,0.997,-0.639,-0.747,-0.702,-1.059,0.743,no
-0.948,-2.16,-0.961,0.201,-0.745,0.933,-0.108,0.211,yes
0.601,-1.598,-0.11,0.075,-0.972,-1.027,0.27,-2.132,yes
-1.741,0.315,0.528,0.462,-0.721,0.682,1.135,1.844,yes
0.33,-0.345,0.229,-0.507,-0.126,-1.437,0.813,-0.249,yes
-0.158,0.357,-2.296,0.986,1.771,0.64,-0.132,1.605,yes
-0.833,0.507,0.634,-1.225,0.445,1.208,1.683,-0.745,yes
-1.417,-0.717,-0.053,-0.003,0.546,1.162,0.461,0.722,yes
0.181,0.531,2.255,0.085,0.123,0.649,-0.065,0.742,yes
1.47,0.797,2.074,-0.326,-0.555,1.808,-0.247,1.588,no
0.216,0.674,1.325,0.68,-0.049,-2.364,-1.185,-0.858,no
0.943,-0.623,-1.092,0.109,0.849,1.075,-0.969,-1.151,yes
-0.829,-0.214,-0.548,0.813,1.836,1.042,0.568,-0.096,yes
-1.188,0.593,-1.081,-1.557,-0.746,1.001,-0.318,0.07,no
-1.17,-0.61,0.766,1.814,-1.017,0.029,-0.617,-0.563,yes
-0.368,2.239,-1.014,0.151,-0.732,0.257,-0.512,-0.788,yes
0.945,-0.436,-0.993,-0.821,1.257,-1.372,-0.425,-1.856,no
0.431,1.742,0.624,1.461,-0.318,1.595,0.185,0.448,yes
0.559,1.214,-0.091,0.068,0.546,-0.281,-0.505,-0.173,no
1.287,0.087,0.719,0.333,-1.029,-0.73,-1.796,1.768,no
0.789,1.72,-0.649,-0.938,0.304,-0.205,-0.066,-0.008,no
-0.875,-1.16,-0.417,-0.408,0.28,-0.56,1.837,-1.725,no
0.204,0.382,0.464,0.503,-0.021,0.917,-1.62,0.068,no
-1.915,-0.37,0.582,1.77,-1.356,0.901,0.816,-1.412,yes
-1.041,-0.137,0.253,0.313,0.937,-1.361,0.14,-0.628,no
0.802,0.962,-0.404,-0.054,1.59,-0.3,-0.127,-0.993,no
-0.209,0.252,0.743,-0.948,0.829,-1.407,-0.85,0.115,no
0.411,-1.183,2.775,1.041,0.151,0.189,-1.242,-0.675,no
0.084,-1.148,0.401,0.708,0.735,1.662,-0.125,-0.715,yes
-0.881,-0.508,-1.329,-0.185,0.052,0.108,0.279,-0.517,yes
-0.452,-0.401,1.861,0.66,-0.048,-1.959,-0.517,-0.883,no
0.372,-0.534,0.682,-0.868,-1.799,-0.579,0.634,0.92,yes
-0.673,-1.414,-0.588,-0.143,2.434,-0.789,0.761,1.544,yes
1.251,-0.219,0.088,1.105,1.496,-0.444,-3.419,-0.021,no
-1.888,-0.026,-1.298,0.982,-0.035,0.505,0.51,0.32,yes
1.57,-1.377,-0.646,-0.352,1.001,1.534,-0.636,-1.891,yes
0.297,1.272,-0.938,0.797,0.405,0.757,0.906,0.593,no
0.117,2.779,-1.366,-1.878,-0.93,0.431,-1.852,-1.349,no
-2.444,-1.238,-0.23,1.553,1.694,-0.339,-0.091,-0.118,yes
-1.146,-0.406,0.242,0.998,-0.444,0.353,0.635,0.255,yes
0.258,0.784,-0.51,0.095,-0.486,-0.232,0.292,-0.056,no
0.864,0.62,0.612,-2.22,-0.424,-0.945,-1.033,-0.259,no
-1.641,0.441,0.106,-1.605,-0.869,1.581,1.972,-0.898,yes
0.14,0.262,0.636,-0.685,-0.67,0.676,-0.742,-0.961,yes
-1.563,-1.076,-0.484,1.326,-0.011,-0.429,0.444,0.26,no
0.063,-1.933,0.021,-0.284,0.372,-0.216,2.897,0.603,yes
0.547,-1.128,0.245,-0.416,-2.379,1.474,0.04,-0.093,yes
0.822,0.499,-0.039,-0.898,-0.129,0.091,-2.377,-0.062,no
2.098,-0.406,0.433,-0.014,-0.296,-0.512,-1.375,0.327,no
-0.783,0.466,-1.36,-0.19,-1.511,-1.428,1.245,0.048,yes
0.445,-0.153,1.651,-0.044,-1.672,-0.934,-0.431,0.006,no
-0.687,0.223,0.013,-1.519,-0.755,-0.584,1.078,-0.421,no
-0.805,-1.171,0.089,1.435,-0.231,-0.704,0.41,-0.595,yes
-2.526,0.374,-2.141,0.234,-1.585,-1.756,-0.221,-0.396,yes
-1.509,0.341,-0.083,0.867,-0.289,1.516,-0.325,0.345,yes
-1.472,0.06,-0.518,-1.055,-0.666,0.255,1.158,-0.889,yes
-0.665,-0.25,-1.046,0.286,0.974,-0.325,-0.53,-0.01,yes
-1.031,0.514,-0.375,1.363,1.746,1.895,0.217,-0.751,yes
-1.041,-0.984,-1.569,0.97,1.043,0.168,-1.744,-1.003,yes
0.648,-0.996,-0.464,0.075,0.361,1.742,0.211,-0.881,yes
-1.552,-0.941,1.466,-1.455,1.354,0.864,1.544,1.182,no
0.115,0.232,0.233,-0.933,-1.637,0.667,1.462,-0.545,yes
-0.062,-2.355,0.891,1.277,-2.115,0.457,0.478,-2.2,yes
0.064,-0.114,-0.474,-0.555,0.128,0.062,-0.504,-0.237,yes
-0.506,-1.194,0.949,-0.908,0.984,-0.373,-0.347,-0.102,no
-0.876,-0.199,0.197,0.671,0.217,-0.312,-0.663,0.157,yes
0.182,0.05,0.545,0.955,-0.504,0.587,-2.041,0.483,no
1.129,0.082,1.298,-0.329,0.332,-1.174,-0.125,-0.7,no
-0.348,0.826,0.678,-0.549,2.369,0.92,-0.385,-0.268,no
1.239,-0.118,-1.166,0.359,0.796,-0.023,-0.468,-0.46,yes
-0.179,-0.15,0.126,-2.322,-0.008,0.833,0.601,0.892,no
-0.178,-1.718,-0.528,-0.536,-1.562,0.949,-0.178,-0.671,yes
0.931,0.912,-0.152,2.91,0.344,-1.853,-0.476,-1.302,no
-0.241,-0.392,-0.652,0.123,0.658,0.232,-0.954,-0.503,yes
1.653,-0.624,0.436,1.671,-0.886,0.062,-1.446,-0.007,no
0.013,-0.378,0.306,-1.456,-0.055,-0.688,-1.279,0.369,no
0.625,0.703,1.632,0.486,-0.049,0.234,0.338,0.287,yes
-0.956,0.386,0.059,-1.414,-1.264,0.163,0.613,0.134,no
0.948,-2.192,0.172,0.893,-0.725,-0.938,-0.461,-0.238,yes
0.784,-1.176,-0.357,0.001,0.148,0.652,0.319,0.913,no
0.451,-0.499,-1.19,0.627,-0.776,-0.782,0.833,-0.207,yes
0.871,0.992,0.556,1.535,-0.606,-1.349,0.302,1.149,yes
-0.819,-2.308,0.563,-1.096,-0.539,-1.504,0.24,0.785,yes
-1.12,0.105,0.561,-0.942,0.891,-0.055,0.094,0.186,no
2.534,0.521,0.466,-0.46,1.667,-0.339,-0.652,0.908,no
-0.855,-0.44,-1.096,0.656,-0.487,1.425,-0.136,0.385,yes
-0.303,-0.408,-0.198,0.082,0.16,-0.286,-0.162,-0.767,no
-0.497,-0.558,0.643,0.941,-0.735,-0.446,0.023,0.09,yes
1.552,1.007,0.938,-1.194,-1.408,-0.658,0.635,-1.401,no
-0.181,1.107,-0.239,-0.776,0.138,1.91,-0.105,-1.872,no
0.01,-0.12,0.075,0.083,-0.62,-0.104,0.769,-0.511,yes
-1.398,-1.592,-0.61,1.858,-0.208,0.155,-0.302,-1.515,yes
1.379,-1.573,-0.724,0.907,-0.489,1.658,0.936,-0.425,yes
0.027,-0.258,-0.726,-0.576,-0.952,-1.646,-1.402,0.847,no
0.528,0.669,-0.517,0.449,-1.195,-0.433,1.458,1.97,yes
0.549,-0.82,0.036,-1.338,-0.176,-1.17,0.209,-0.243,no
1.394,-0.637,-0.025,2.282,0.575,1.395,1.449,-0.109,yes
2.895,-0.6,0.514,1.066,1.347,-1.469,-1.504,-0.947,no
-0.306,0.389,0.699,0.177,0.844,-2.799,-0.003,0.151,no
0.479,0.517,-0.277,-0.841,0.185,0.107,2.139,-1.595,yes
0.857,-0.595,-0.347,-0.149,-1.583,1.784,0.074,-1.271,yes
-0.868,-0.148,-0.064,1.321,0.56,-0.287,0.362,-0.636,yes
-0.046,0.495,2.112,-0.426,0.339,-0.349,0.797,-0.078,no
-0.879,0.053,0.055,1.548,1.285,-0.219,1.472,0.468,yes
-0.672,1.394,-1.494,0.85,0.785,-0.924,0.858,0.707,no
0.0,1.515,-1.166,2.266,0.093,1.362,0.398,-0.429,yes
0.583,-0.979,0.193,0.537,-0.31,0.842,0.136,0.113,yes
-1.19,0.447,-1.445,0.199,-0.388,-0.286,1.92,-0.687,yes
-0.676,-1.881,-0.534,0.012,1.605,0.503,-0.635,0.862,yes
-0.079,-0.209,0.099,-0.841,-0.255,-0.805,0.338,-0.831,no
0.959,1.105,1.311,0.265,-1.768,-0.222,-0.815,-1.33,no
-1.179,-0.695,-0.628,-1.637,-0.434,0.515,0.24,-0.154,no
-0.974,0.237,0.797,-0.522,-0.355,0.758,0.731,-0.094,yes
1.213,0.799,-0.031,0.472,-0.875,-0.879,0.851,-0.086,no
-1.098,-0.402,2.002,0.983,0.519,-0.083,-0.649,-2.1,no
-1.71,-0.641,0.281,2.318,-0.613,-1.784,0.577,1.683,yes
0.68,-0.441,0.836,2.339,1.25,0.415,-1.254,2.374,no
-0.57,0.461,-1.024,-0.541,-0.712,0.315,1.826,0.069,yes
1.038,1.155,0.125,-0.427,0.233,-0.545,-1.335,-0.12,no
-0.376,0.928,-0.325,-0.581,-0.517,-0.165,1.463,-1.917,yes
1.089,-0.372,-0.619,0.633,0.803,-0.603,0.374,-0.634,yes
0.516,-0.555,-0.545,1.86,-0.524,-0.388,0.852,0.109,yes
0.099,0.698,1.589,-0.643,-0.219,0.452,0.185,0.048,no
0.901,-0.212,0.459,0.175,1.161,-0.033,-1.048,0.15,no
-0.166,0.457,-1.622,-0.078,-1.57,-1.265,0.13,-0.095,yes
0.716,1.478,-0.669,-0.76,1.239,-0.188,1.085,0.363,no
1.313,0.182,-0.519,-0.358,-0.909,-1.194,-0.073,-0.091,no
1.801,-1.546,-0.38,-1.823,0.696,-1.994,1.681,0.785,yes
-0.66,-0.892,1.555,2.053,0.507,1.442,-0.778,0.847,no
-1.053,0.491,-0.186,-0.97,0.967,1.021,-0.367,-0.663,no
0.386,-0.268,1.078,-2.057,0.143,-2.523,0.196,-1.415,no
-0.5,-0.688,-0.397,0.177,0.85,1.298,0.484,-0.763,yes
-0.644,0.908,-1.136,0.112,-1.66,-1.7,-0.718,0.152,no
1.944,0.238,1.443,0.334,-1.511,-1.468,-0.529,-0.276,yes
-0.054,1.037,0.474,0.199,1.268,-0.749,0.713,0.591,no
-0.794,-0.837,0.625,0.472,-0.309,0.122,1.226,0.618,yes
-0.915,0.509,-0.201,-0.798,0.409,-2.322,-1.216,0.187,no
0.304,1.215,2.217,-0.959,-0.386,-0.151,1.276,1.106,yes
0.895,0.807,-0.947,-0.504,-0.217,-0.297,-0.087,-1.134,yes
0.217,1.11,1.891,1.115,-0.33,-0.526,0.504,0.523,no
-0.713,1.173,1.271,0.361,2.515,0.744,-0.152,0.691,no
-0.343,0.375,0.44,-0.425,1.087,-2.444,0.051,-1.037,no
1.87,0.905,-0.692,-0.62,-0.117,0.775,-0.698,0.147,yes
0.044,-0.718,-1.972,-1.175,-0.47,-0.058,0.304,-0.204,yes
0.447,2.307,0.281,-1.006,-0.025,0.108,-0.912,0.297,no
-0.253,0.751,0.289,1.171,-0.833,-0.734,0.805,-1.329,no
1.935,-0.555,-0.461,-1.622,0.376,-0.399,1.365,0.216,no
0.054,-0.673,-0.42,1.145,0.106,0.114,0.619,0.289,yes
-0.446,1.107,-1.288,-2.263,3.541,0.326,-1.701,-0.217,no
-0.594,2.043,-0.654,1.589,-1.167,-0.241,0.068,0.249,yes
0.25,-0.334,1.522,0.06,0.265,0.559,1.274,-0.301,no
0.011,-0.376,2.0,0.531,-0.507,1.749,0.757,-0.829,no
0.898,0.521,0.715,-0.575,0.034,-1.553,-0.107,-0.931,no
-0.447,-0.769,0.782,0.685,0.361,-1.091,0.77,0.247,yes
-0.217,0.748,1.202,0.683,0.966,0.694,-0.659,-1.856,no
-1.067,-1.161,-0.679,0.878,0.523,1.092,0.161,-0.739,yes
0.62,-0.595,1.311,-0.477,0.48,0.562,-1.388,-1.126,no
-0.304,-2.153,-1.227,-0.233,-1.563,0.678,0.372,-0.749,yes
-1.213,1.195,1.569,-0.317,1.778,-0.462,-0.708,0.94,no
-0.112,1.305,-0.05,-0.706,-0.762,-0.542,0.052,-0.591,no
1.164,-1.719,-0.387,-1.263,0.513,0.71,0.36,0.988,yes
-0.352,0.508,-0.59,0.513,0.581,-1.141,1.177,-0.168,yes
-2.103,0.869,-1.633,1.248,-0.609,0.906,0.113,1.462,no
-0.402,0.645,0.506,-1.856,0.215,-0.504,0.103,0.229,no
-1.158,0.742,1.077,0.302,0.124,-1.672,-0.702,0.361,no
0.847,-1.351,0.707,0.127,0.925,1.614,0.555,-0.634,yes
1.523,0.065,0.164,-0.066,-1.017,0.815,0.173,0.7,yes
-2.709,-0.285,0.769,-0.047,0.842,-0.186,1.342,0.957,yes
-0.29,-0.34,-0.205,0.289,1.848,0.708,-0.647,0.129,no
-2.712,-0.258,-0.124,1.109,-0.238,-0.329,1.096,-0.954,yes
-0.738,0.989,-0.86,-1.398,0.187,0.118,0.981,0.801,no
-0.18,-1.722,-1.632,-0.607,-1.128,-0.799,-0.482,2.802,yes
-0.508,0.941,0.29,-1.12,0.345,0.208,0.25,1.333,no
1.055,2.037,-0.117,1.07,-1.188,0.614,0.339,0.314,yes
1.152,-1.292,0.531,-0.669,-0.037,0.756,1.816,-0.551,yes
0.019,1.711,-0.654,-0.352,0.773,0.652,-0.804,0.036,no
-0.13,1.632,-0.084,0.576,0.577,-0.51,0.192,0.691,no
0.394,0.057,-0.719,0.679,0.252,0.63,2.222,-0.7,yes
0.864,-0.606,1.137,0.173,-0.293,-0.634,-1.97,1.06,yes
-0.256,0.257,-0.874,-0.691,1.483,-0.065,0.023,0.167,no
0.018,1.91,0.747,-0.584,-1.49,-0.147,-0.385,0.378,no
-1.125,-0.787,-1.252,1.118,-1.503,1.571,0.118,-0.135,yes
-0.432,0.641,-0.909,0.19,0.799,-0.403,1.46,0.829,yes
-0.965,-0.542,-1.143,-0.86,1.663,-1.026,-0.432,0.416,yes
-0.655,-1.326,0.101,-0.2,2.012,-0.03,-0.17,2.691,no
-0.928,1.075,0.541,0.088,1.14,1.189,-0.136,-0.601,no
0.038,0.503,1.207,-2.524,0.43,0.542,1.262,0.816,no
-0.484,-1.147,0.085,-0.651,0.451,-1.988,-0.949,0.392,yes
-0.002,-1.4,1.577,1.666,-1.397,-0.201,0.831,1.974,yes
0.502,-1.029,0.172,-0.377,0.352,-1.624,-0.523,0.752,no
1.136,-0.857,-1.198,2.048,-0.298,-0.555,1.224,0.096,yes
0.227,-1.134,-0.301,-0.388,-2.794,0.86,0.4,0.311,yes
-0.379,-0.113,0.395,0.122,0.708,-0.616,1.203,0.935,no
0.545,1.639,-1.326,1.244,0.581,-0.576,1.239,1.204,no
-0.202,1.214,1.593,1.163,-0.394,-3.569,0.057,-0.941,no
-0.642,0.904,-1.655,1.493,0.691,-0.539,0.2,-0.025,yes
-0.213,-0.121,1.129,-1.089,0.937,0.543,0.848,0.328,no
0.707,0.127,-0.826,-0.396,0.103,-0.725,0.838,0.402,yes
-0.253,0.123,0.924,-0.234,0.583,0.314,1.462,0.395,yes
-0.116,-0.25,0.267,-0.724,-1.182,-1.188,1.01,1.228,yes
-0.621,-1.97,0.621,-0.119,1.165,1.644,-3.191,1.41,no
0.339,1.003,-1.009,0.575,-0.323,-0.946,-0.671,-0.232,no
0.347,0.826,-1.557,-0.47,0.879,0.103,0.77,0.756,no
-1.322,0.787,0.399,-0.598,-0.043,-0.259,1.081,-0.463,no
0.417,0.138,-0.974,1.036,-1.129,-0.188,0.552,-0.369,yes
0.134,-0.809,1.201,0.438,0.399,0.17,-1.492,0.512,no
-0.665,-0.266,-1.542,-0.648,1.413,1.18,-1.109,-1.306,no
-0.392,1.175,0.183,1.435,-0.369,1.017,-0.559,-1.02,no
-1.744,-0.123,0.869,1.653,0.876,0.733,0.616,0.162,yes
-0.278,-0.694,0.343,-0.772,-0.743,0.11,-0.92,0.175,no
-0.627,-0.411,-0.653,-0.238,-1.438,0.357,-0.359,0.328,yes
0.382,0.415,0.27,-0.316,0.637,-0.988,-0.471,-1.391,no
0.309,-0.054,-0.424,1.065,0.237,-1.009,-0.379,0.112,no
-0.3,2.943,-0.174,1.659,0.912,0.653,0.797,-1.327,no
-0.372,1.321,-0.251,0.759,1.005,1.915,0.063,-0.729,yes
-1.536,1.688,-1.97,-0.459,-1.948,-0.523,-0.645,-0.945,yes
-0.193,0.172,-0.52,0.595,-1.091,-0.154,-0.574,-0.314,no
1.285,-1.14,0.471,0.865,-0.279,-0.721,-0.424,1.628,yes
-0.817,0.808,0.326,1.15,0.426,0.429,-1.283,0.417,yes
-0.229,-0.113,-1.339,-0.985,0.308,-1.662,-2.395,0.766,no
0.998,-1.137,0.922,0.671,-0.412,0.048,-1.869,-0.111,no
-1.238,0.895,-0.37,0.579,-0.234,0.612,-1.226,2.853,no
0.828,0.183,-0.959,0.151,-0.32,1.092,-1.017,1.543,yes
0.614,0.906,-0.035,0.105,0.139,-1.106,-0.5,-1.585,no
0.66,0.491,0.874,0.576,0.826,1.56,0.906,-1.345,yes
-0.215,-0.681,1.219,0.871,0.66,-0.49,0.247,0.964,yes
-1.944,-0.779,0.136,-0.332,-0.209,-0.302,-1.63,1.212,no
-0.717,0.819,0.772,-1.608,0.382,-0.396,-1.319,1.086,no
0.785,0.142,-0.13,0.315,0.044,-0.783,-0.759,0.345,no
0.807,-2.354,-0.943,-1.27,-2.351,-1.689,0.247,0.445,yes
1.237,0.846,-0.408,0.927,1.299,-1.333,-0.09,3.303,no
-0.45,-1.205,0.878,0.725,-0.314,-0.197,0.69,0.737,yes
-1.091,0.931,-0.312,-0.988,1.195,1.276,-0.892,-0.32,no
0.256,-0.462,0.884,0.957,-0.797,0.309,0.672,-0.243,yes
-0.191,0.306,-2.094,-0.473,-0.063,-1.484,-0.335,0.498,no
2.391,-1.248,-1.049,-0.849,-0.013,1.154,-0.934,0.137,yes
-0.216,0.928,0.978,-0.39,0.626,-1.281,-1.856,0.722,no
1.27,-0.08,1.13,0.545,0.103,-0.364,0.739,0.498,yes
-0.129,-0.079,-0.051,-0.649,-2.061,1.536,-0.519,-1.125,yes
-0.267,-1.204,-0.358,0.125,0.672,0.005,0.465,0.531,yes
-0.365,-0.356,0.3,0.197,-0.042,-1.407,-0.586,-0.791,no
-1.197,0.413,-0.577,-1.788,-0.183,-0.696,0.417,0.937,yes
0.706,-1.475,-0.429,-1.232,-1.217,0.272,1.063,0.992,yes
-0.605,0.496,-0.795,0.669,-0.509,2.042,0.478,0.741,yes
-1.658,1.16,0.082,0.373,-0.132,0.297,0.016,1.183,no
-0.838,1.235,-0.029,-0.962,0.735,-1.294,-1.954,0.421,no
-0.282,1.656,1.032,-0.398,-0.022,0.731,-0.087,-0.408,no
0.243,-0.831,0.124,-1.236,0.602,0.764,-0.31,0.737,no
-0.246,-0.836,0.696,-0.389,-0.531,0.654,-0.607,-0.231,yes
-0.521,-1.57,0.834,0.915,-1.142,-0.577,0.183,-0.428,yes
-0.388,0.009,1.858,0.832,-0.817,0.862,2.075,-0.071,yes
1.376,-1.449,-0.433,-1.475,-0.1,-0.805,0.798,-0.805,no
2.013,-1.107,-0.593,-0.205,0.138,0.05,0.577,0.458,yes
-0.245,-0.307,0.958,1.605,0.726,-0.968,1.158,1.469,yes
0.69,1.457,1.019,0.214,-0.465,-1.44,-0.803,-0.797,no
0.538,-0.023,-0.397,-0.98,-0.286,1.069,-0.818,1.063,no
-1.132,1.257,0.161,-0.241,1.16,0.392,0.024,2.083,no
0.39,-2.072,-0.029,0.958,-0.019,-0.401,-1.68,-0.566,yes
0.164,-1.449,-1.662,-0.679,-1.642,0.116,-1.478,1.415,yes
-0.432,0.357,-1.848,-1.366,-1.24,-1.219,-0.971,0.865,no
1.262,1.176,-0.039,0.163,-0.376,0.162,0.459,1.0,no
0.658,0.603,0.839,1.262,0.369,1.966,-0.129,2.589,yes
1.183,1.007,-0.687,-0.688,1.562,0.574,-0.528,-0.934,no
-0.722,-0.269,0.311,0.539,-0.584,-0.842,1.571,-0.955,yes
-1.311,-0.218,1.385,-1.943,0.335,-1.015,1.159,-0.544,yes
-0.228,-1.262,0.717,1.312,0.344,0.664,1.708,1.403,yes
1.378,-0.589,0.24,1.363,-1.167,-0.522,-1.539,-0.476,yes
-2.837,0.665,-1.211,-0.906,0.602,-1.28,1.414,0.286,no
-0.641,0.204,-1.242,0.498,-0.477,0.12,0.439,-0.771,yes
0.708,-0.449,-0.644,-0.605,0.526,-0.929,0.717,-0.13,yes
-0.715,0.074,-0.061,-1.412,0.798,0.842,0.498,-0.0,yes
-0.421,-0.242,0.436,0.856,-0.732,-0.676,1.543,0.946,yes
0.353,-2.096,0.045,1.268,-0.006,0.373,0.19,0.773,yes
0.139,0.118,-0.745,-1.327,1.364,1.517,2.758,0.827,yes
-1.187,0.041,0.781,0.512,0.11,-0.087,-2.089,0.88,no
0.985,-2.386,1.304,0.856,-0.241,0.48,0.617,-0.451,yes
-0.966,-0.657,0.093,0.531,-0.59,1.029,1.248,-0.169,yes
0.553,-0.311,-0.037,0.345,0.029,0.711,0.129,1.662,yes
0.378,-1.147,-0.315,-0.3,0.187,0.511,-0.458,0.123,yes
0.982,0.625,0.799,0.253,-0.423,-1.754,1.357,-0.121,yes
-0.214,0.599,2.373,0.222,0.748,1.632,1.382,-1.069,no
1.476,0.679,0.254,-0.602,1.167,-1.02,0.001,-0.677,no
-1.292,-0.697,0.199,0.747,-1.048,-0.161,0.339,-0.577,yes
-0.885,-0.875,-0.862,1.982,-0.556,0.77,-0.209,0.957,yes
0.16,0.027,-1.231,-0.832,0.525,-0.514,1.128,-0.92,no
-0.657,-0.329,1.039,-0.966,-0.745,-0.538,-0.513,-2.274,no
1.221,-1.28,0.649,0.658,-0.421,-1.25,0.875,0.242,yes
-0.046,0.256,2.263,0.221,1.461,0.719,0.309,-1.366,no
-1.141,-0.325,0.029,-2.316,-0.347,-1.456,-0.451,-0.078,yes
-0.466,0.583,2.254,-1.513,-1.085,-0.646,-0.763,-0.413,no
-1.199,-0.35,1.31,0.151,-0.823,0.534,-0.011,0.326,yes
0.382,-0.741,0.221,-0.108,0.837,-2.021,0.988,-0.838,no
-2.187,1.007,0.117,-0.035,-2.059,-0.656,-1.639,-0.82,no
0.08,0.555,0.41,1.155,2.506,-0.016,1.162,-1.824,yes
-0.584,1.134,0.365,-0.816,1.766,-0.861,-0.521,2.356,no
1.161,-0.542,0.825,-1.017,-0.968,0.642,0.554,0.87,yes
0.838,1.175,-0.186,-0.68,-1.271,1.166,0.206,-0.88,no
0.168,0.927,-0.43,0.038,0.948,0.509,0.422,-1.127,yes
-1.273,0.109,-0.713,0.101,-0.86,0.316,0.351,0.902,yes
-0.096,0.72,-0.624,-0.734,1.096,-0.205,0.279,0.745,no
-1.056,0.141,-0.399,1.088,0.351,-0.839,-0.677,-1.303,no
-0.046,0.402,-0.021,0.98,-1.647,0.312,1.955,0.733,yes
0.35,0.799,-1.333,1.442,0.374,-0.548,-1.143,-0.71,no
-1.511,1.444,1.021,1.185,-0.202,0.135,-0.335,1.073,no
1.173,0.169,0.038,-0.389,-0.701,0.056,0.827,-1.714,no
0.032,0.131,-0.042,-0.46,0.813,2.454,-0.39,-1.373,no
-0.936,0.935,-0.27,1.682,-1.714,-0.474,-0.222,-0.54,yes
0.28,0.145,-0.359,0.178,-0.559,-0.074,1.884,1.033,yes
-0.17,0.277,1.895,0.304,-0.125,-0.549,0.191,-0.182,no
-0.546,-0.72,-1.102,0.015,1.762,0.03,-1.66,-0.578,no
-0.097,-0.493,-0.828,0.144,0.145,-1.658,-0.299,-1.324,no
-0.328,-1.085,0.697,-1.612,-0.578,-1.144,0.996,-1.94,yes
-0.61,-0.636,-0.496,-0.211,-2.119,-0.325,-0.07,-0.242,yes
0.164,1.099,0.651,-0.727,-1.452,-1.721,1.097,-1.68,no
-0.85,-0.763,-0.073,0.238,0.222,-0.079,-0.298,-0.871,yes
0.999,-0.146,0.276,0.608,-1.074,0.794,1.348,0.971,yes
-0.797,-1.245,-1.756,-1.552,1.021,0.317,-1.139,0.787,yes
-0.172,-0.017,1.522,-0.294,-0.141,-0.765,0.323,0.264,no
0.628,0.224,-0.532,0.277,-1.254,-0.009,0.421,-1.766,yes
0.975,2.519,1.759,2.073,-0.245,0.327,0.33,-0.181,no
-0.498,-0.535,0.449,0.067,0.323,-0.337,-0.164,1.056,no
1.99,-1.106,-0.709,0.347,1.689,0.508,0.535,0.717,no
-1.073,0.272,1.063,0.512,-1.335,-0.507,-0.122,0.231,yes
-0.773,0.075,1.095,-0.475,-1.823,-0.092,1.472,-1.806,yes
-1.119,0.026,-0.703,0.263,0.585,1.522,-1.016,0.681,yes
0.424,-1.345,0.534,-0.153,0.559,0.122,0.061,0.488,yes
1.157,-0.845,-0.172,-0.624,-0.33,1.265,-0.021,-0.803,no
0.409,0.209,0.353,-0.424,-0.943,-0.052,0.591,-1.254,no
-0.154,-0.838,-0.921,1.048,-0.987,0.926,0.592,0.026,yes
1.034,0.222,0.252,0.809,-0.256,1.13,-1.176,2.069,no
1.251,-0.885,0.178,0.94,0.788,-0.251,0.191,-0.871,yes
-1.107,-0.275,-0.316,-1.427,-0.071,-0.857,-0.976,-0.549,no
0.264,-1.727,-0.639,-0.699,-1.225,-1.199,0.749,0.35,yes
-0.026,-0.173,-0.056,-1.569,-2.293,1.069,-0.064,-1.316,yes
-0.738,2.398,0.605,0.329,-1.501,0.976,1.297,-2.514,no
0.315,-0.598,2.841,0.682,0.962,-0.884,0.684,2.303,no
-1.268,0.235,0.415,-0.354,-0.97,1.507,-1.403,-1.631,yes
0.868,0.005,-1.931,1.131,-0.624,1.63,2.307,-1.487,yes
-1.439,-0.741,-0.489,0.064,2.256,0.143,-1.244,0.591,yes
-0.798,0.655,-0.119,0.252,-2.237,-1.011,-0.294,1.044,yes
1.78,0.444,-0.432,-0.101,-0.498,0.98,0.994,0.989,no
-1.297,-0.127,-0.292,0.436,1.52,1.708,-1.396,0.163,yes
-0.719,-0.631,0.041,-0.508,-0.439,0.002,0.816,-0.841,yes
-0.007,0.907,0.558,0.435,-0.031,3.082,2.32,0.141,yes
-0.067,0.225,-1.892,1.253,-1.059,0.739,1.167,0.715,no
0.98,0.38,0.717,-0.74,0.052,0.801,-2.544,0.186,no
1.019,-1.468,0.181,-1.997,-1.752,-0.051,0.163,-1.765,yes
0.476,-0.112,-0.624,-1.355,0.195,-0.813,0.886,1.076,yes
-0.731,-0.029,0.233,-0.368,1.559,0.698,1.14,-1.443,no
1.099,-0.219,-0.559,0.777,-1.168,-1.387,0.248,0.1,yes
-0.644,-0.064,-0.176,-0.989,3.477,0.231,-0.983,-1.052,no
1.902,-0.212,0.382,0.333,0.171,-0.536,-1.279,-0.372,no
0.705,-0.226,0.519,0.335,-0.495,0.507,1.766,0.601,yes
-0.265,0.467,0.44,0.082,0.054,-0.2,-3.052,-0.577,no
0.732,1.259,0.278,-2.129,-1.239,0.12,-1.593,-2.004,no
-0.839,1.67,-0.376,-0.109,-1.309,-1.879,-0.334,-1.687,no
-0.506,1.11,0.749,-1.704,-0.007,-0.085,1.457,-0.109,no
-0.047,0.999,-0.023,0.438,0.312,-1.094,-0.331,-0.798,yes
0.101,0.365,0.413,-1.369,0.245,0.679,-0.13,2.339,yes
-0.438,0.476,0.694,1.034,-0.118,0.48,0.865,3.493,yes
1.94,-1.115,-0.057,1.664,0.191,-0.707,-0.256,-1.654,no
1.685,-0.831,-1.392,0.972,-0.262,-0.065,-1.087,-0.3,no
-2.218,-1.098,0.828,1.671,-1.502,0.48,-0.029,1.457,yes
-2.242,0.303,-1.238,-1.881,0.785,-1.219,-0.452,0.107,no
0.971,-0.217,-1.471,1.366,-0.377,0.499,-0.574,-1.535,yes
-1.155,0.802,-0.922,0.926,1.133,1.482,-0.118,-0.492,yes
0.807,-0.27,-0.298,0.793,1.313,0.905,-0.6,1.627,no
0.527,-0.237,-1.48,1.168,0.268,-0.489,1.922,-0.804,yes
-0.472,-0.026,-1.124,-0.407,0.49,0.343,0.453,-0.378,no
2.946,-0.256,-2.398,-0.366,0.444,-2.153,-1.287,0.785,no
0.121,0.942,-1.274,1.051,0.484,0.94,-1.031,-2.374,yes
-1.289,1.479,-1.341,1.277,0.465,-0.647,-0.031,-0.337,no
0.733,-0.219,-1.163,1.152,-0.041,-1.063,0.124,-0.137,yes
-0.378,-0.376,0.439,0.745,-0.403,0.141,-0.229,0.413,no
-0.768,1.32,0.453,0.363,0.419,0.539,-1.826,-0.624,no
0.246,-2.203,0.092,1.498,1.706,0.292,-0.847,1.582,yes
-0.223,-0.97,0.493,0.956,0.476,-0.091,0.368,-0.167,no
-0.086,0.824,0.561,0.446,1.13,-0.109,0.767,-0.653,no
1.154,0.735,-0.058,-2.054,-2.099,-0.065,-0.526,-1.468,no
0.544,0.491,0.572,0.309,-0.923,0.448,0.704,-0.036,no
0.218,-0.688,-0.018,0.833,-0.411,-0.315,2.422,-1.259,yes
-2.345,-1.461,-0.243,-0.76,-0.931,-0.956,0.396,-0.268,yes
-0.215,0.043,0.743,0.594,0.927,-0.141,0.542,-1.097,no
0.882,-1.083,-1.662,0.278,0.097,-0.009,-1.31,1.5,yes
0.357,0.358,0.696,2.025,-0.181,0.786,-0.476,-1.14,yes
0.275,-0.785,1.442,1.197,-1.924,-0.055,-0.215,1.296,yes
-0.17,0.714,-1.35,0.456,-0.371,0.14,0.293,1.874,no
-0.111,0.005,-1.154,0.891,0.741,-0.456,-0.314,1.757,yes
-1.514,-0.61,-0.823,0.174,0.868,0.276,0.796,1.383,yes
1.047,1.365,0.717,0.52,0.949,-0.647,0.312,0.516,no
-0.484,-0.563,-0.64,0.376,-1.148,-0.809,-0.605,1.572,yes
0.956,0.696,-1.754,1.92,-0.614,1.255,0.004,-0.087,yes
-1.21,0.072,0.117,-1.271,1.757,0.932,-1.006,1.105,no
0.344,0.337,-1.296,-0.905,0.679,2.055,-0.267,-1.284,no
0.48,-0.818,0.688,0.553,-1.08,-0.644,0.962,0.552,no
-1.023,0.275,-0.777,-1.112,-1.888,-0.845,-2.482,0.47,yes
-0.652,-0.605,-1.259,0.347,-1.659,-0.1,-1.553,-0.012,yes
2.007,0.915,-0.81,-0.921,0.56,-0.855,0.079,0.297,no
-0.579,-0.866,0.317,0.578,0.185,1.769,0.003,-0.549,yes
0.486,1.639,0.416,1.076,-1.058,-1.838,0.542,0.341,no
0.172,-1.913,0.666,-0.97,-0.734,1.424,-0.375,0.167,yes
1.084,1.442,0.085,0.083,1.21,2.233,1.403,0.788,no
-2.079,-1.142,0.876,0.033,-0.055,-2.455,1.058,-0.587,yes
0.393,0.833,1.162,-0.595,0.051,1.127,0.866,0.34,no
0.829,-0.323,0.439,0.299,-0.205,-0.819,0.001,-1.797,no
-0.613,1.427,0.598,-0.893,-0.688,0.928,0.284,-0.996,no
1.334,0.551,0.37,0.683,0.191,0.011,-0.147,2.23,no
-0.587,0.846,0.065,0.25,-1.345,0.961,0.842,-0.407,yes
0.437,0.501,-0.621,-0.689,-1.024,-1.366,0.65,-0.824,no
1.5,0.471,0.452,0.658,-1.62,-0.895,-1.544,0.206,no
-1.672,0.779,-1.439,-0.094,-1.467,0.689,-1.773,0.787,no
-0.648,-1.219,1.175,-2.3,-0.459,-1.193,-0.465,0.647,no
-0.428,1.104,-0.366,0.104,-0.632,-0.912,0.312,-0.332,yes
1.437,0.633,0.031,0.449,0.653,0.315,-0.637,0.773,no
0.442,0.963,-2.629,-0.378,0.092,-0.84,0.629,0.469,yes
1.674,1.02,-2.021,0.353,0.694,0.416,0.365,-1.085,yes
-0.553,-0.257,-1.162,-0.391,1.521,-1.142,-1.879,-0.089,no
1.731,-0.794,-0.559,0.534,0.672,1.401,-1.604,-1.139,no
0.249,-0.026,-1.705,-0.938,1.387,-1.252,-0.981,0.829,no
0.534,0.373,0.837,-1.67,-0.102,-0.981,-0.1,1.127,no
0.156,-0.906,-1.313,-0.514,0.33,1.045,-1.52,0.303,yes
-0.489,0.572,-0.974,2.879,-0.858,-0.853,0.901,-0.711,yes
0.593,-0.166,-1.449,0.575,-1.524,-0.555,1.559,-0.512,yes
0.456,1.334,0.224,0.19,0.445,1.089,-0.413,0.071,no
-2.142,-0.392,-0.295,-0.261,0.024,1.157,0.944,1.168,yes
0.08,0.805,-0.679,0.818,-0.818,0.788,1.236,-1.228,no
-0.025,0.585,2.08,-0.374,2.724,0.66,-0.409,-0.15,no
-1.967,-1.575,0.728,-1.671,0.198,-1.426,-0.471,0.181,no
-0.751,1.699,0.688,-0.307,1.113,-0.429,-0.094,0.084,no
-0.172,-2.312,-0.312,-1.091,-0.766,0.767,-0.863,-0.341,yes
-2.406,-0.398,0.059,1.37,0.23,1.005,0.146,1.423,yes
0.511,-0.167,-0.694,-0.147,-0.069,-0.12,-3.004,-0.438,no
0.323,1.075,0.847,-2.722,0.764,-0.633,-0.319,1.333,no
-0.586,-1.18,0.597,0.017,-2.31,0.897,0.168,0.129,yes
0.313,-0.673,0.232,0.058,-0.332,0.961,-0.189,-1.306,yes
-0.786,-0.588,-0.259,0.119,-0.806,0.703,0.173,-1.342,no
0.243,-1.811,-0.54,0.398,0.74,-1.8,1.987,-1.508,no
-0.347,-0.438,-0.843,0.388,-0.186,-0.134,0.074,-0.089,yes
1.171,0.398,-0.946,0.656,0.452,0.163,0.417,-0.875,no
1.076,0.638,2.22,0.049,1.239,-0.055,-0.684,1.266,no
0.761,1.499,-0.296,0.066,-0.687,-0.099,1.295,-1.346,no
0.726,0.077,0.018,-0.171,0.358,0.618,1.855,1.119,no
0.81,0.063,-0.265,0.041,0.836,0.525,0.006,0.08,no
0.528,1.524,-0.418,-0.45,-0.923,-0.142,0.472,0.157,no
-1.209,-0.925,-0.138,0.53,-0.662,-0.079,1.123,1.143,yes
-0.626,0.433,1.442,0.38,-1.236,0.886,-0.448,-1.103,yes
-1.149,-1.275,1.263,0.693,-0.207,-0.697,1.223,0.507,no
-0.323,-0.376,-0.798,1.098,-0.528,-1.486,0.743,-0.224,yes
-0.334,-0.711,-0.875,-0.984,0.806,0.381,-1.262,-0.155,yes
-0.103,0.252,0.722,-0.012,-1.099,0.409,-2.189,0.39,yes
-0.141,-0.408,-1.053,-0.162,1.475,0.571,0.227,-0.921,no
-0.793,0.039,0.647,-0.802,-0.24,0.23,-1.707,-1.66,yes
2.392,0.074,-3.362,-1.888,-2.074,-0.085,0.973,-0.609,yes
0.837,-1.646,0.697,-1.199,-0.255,0.458,-1.299,0.869,yes
1.697,-0.974,-0.459,0.581,-0.621,-1.408,0.25,0.504,yes
-1.968,-0.925,1.057,0.132,-1.104,-2.986,-1.801,1.045,yes
-0.033,-0.509,-0.252,-1.775,-0.645,0.632,-1.887,-0.268,no
1.005,-0.066,1.17,0.473,-0.028,0.443,-0.671,1.394,no
-0.977,0.168,-0.048,-0.358,1.548,-1.299,2.509,0.896,no
0.538,-2.222,-0.961,-0.406,-0.323,-2.347,0.226,-0.613,yes
0.917,0.818,0.242,0.712,0.426,0.919,0.374,-0.161,no
1.281,-0.754,-0.669,0.03,0.524,0.567,0.91,-1.728,no
1.125,0.277,-0.142,0.502,0.409,2.652,0.283,3.132,yes
-1.827,0.753,-2.148,0.899,-0.12,-0.467,1.271,-0.715,yes
-1.523,0.234,-0.109,-0.095,1.08,-2.978,0.926,0.996,no
0.218,1.064,-0.912,-0.587,-0.118,-0.972,0.154,-0.243,yes
0.631,-0.995,1.067,2.625,-1.75,-1.294,1.293,-1.835,yes
0.228,0.988,0.212,1.862,0.281,0.024,0.102,-1.392,yes
1.021,-0.266,0.619,1.885,2.144,0.604,-0.855,-0.292,no
0.627,0.708,0.993,0.171,-1.433,0.175,0.056,0.127,yes
-0.554,-0.358,0.541,-0.927,-0.641,-0.248,0.409,-0.37,yes
-0.482,1.542,1.372,1.02,-0.01,0.915,0.623,0.628,yes
-0.018,0.208,-1.554,-0.033,0.314,-0.825,1.672,0.29,yes
0.305,1.249,0.782,0.144,1.505,-0.687,-2.75,-0.476,no
-0.14,-0.991,0.454,-0.982,1.822,-0.703,0.6,-0.934,no
-1.898,0.152,0.77,2.083,-0.554,-0.414,-0.553,-0.086,yes
1.394,0.573,-0.259,-0.159,-0.228,0.799,-0.091,-1.989,yes
-0.715,0.179,-2.415,1.283,0.958,-0.675,0.682,-1.418,yes
-0.774,-1.403,-0.893,0.49,0.198,-2.259,-0.222,-1.552,yes
-0.28,0.745,0.625,0.548,-0.115,-1.481,-0.356,-1.099,no
-0.427,1.373,-0.884,1.404,-0.645,-0.541,1.102,0.363,yes
-1.983,-0.799,2.062,-0.455,0.517,0.55,-0.263,1.035,yes
-0.681,0.72,1.248,-0.107,0.375,1.773,-0.832,-0.734,yes
0.623,1.625,0.089,0.537,-0.154,0.458,1.435,-0.509,no
-1.415,1.502,-0.233,-1.842,-0.37,-1.523,1.392,0.43,no
1.012,-0.261,1.177,0.001,1.245,0.759,0.311,1.81,yes
1.729,0.266,-0.839,-0.562,0.38,-0.333,-0.478,-0.644,no
-0.639,0.132,0.406,1.0,1.121,0.533,-0.487,-1.262,no
1.334,-1.591,-0.274,0.151,-0.664,-0.482,-0.419,-0.388,yes
-1.645,1.549,-0.259,0.347,-1.02,1.821,-0.143,1.117,no
-0.244,-0.756,-1.22,0.682,0.178,0.206,-1.347,-0.311,no
0.875,1.129,0.104,0.823,-0.909,-1.929,-0.199,1.369,no
0.639,-1.85,-0.534,-1.088,0.316,1.255,1.525,-0.442,yes
-1.912,-0.504,-1.029,-1.086,-0.382,0.8,-0.01,-0.436,no
1.676,0.871,2.242,0.859,0.112,-0.9,-0.93,-0.888,no
0.197,0.521,1.392,-1.054,-0.039,-0.298,-0.845,1.735,no
-0.483,0.303,1.039,-1.313,-1.735,-1.535,-1.872,-0.275,no
-0.699,-0.114,-1.709,-0.1,-1.093,-2.166,-1.168,-0.075,yes
-1.39,0.229,-0.812,-0.489,0.432,1.159,1.727,1.574,yes
-0.183,1.61,0.588,-1.459,0.289,-0.45,0.451,-0.323,no
0.704,0.462,-0.474,-1.161,-0.383,-0.146,-1.231,-0.816,yes
0.577,0.912,0.694,-1.784,0.178,0.383,0.435,-2.278,no
-0.436,-0.309,-0.818,-0.133,-0.738,0.595,-1.132,-0.721,yes
-1.153,1.05,0.275,-0.394,1.582,-2.301,-0.873,-0.776,no
-0.142,0.258,-1.086,-0.532,0.94,-0.685,-0.455,2.117,yes
0.49,2.762,0.938,-0.0,-2.118,-0.645,0.794,0.182,no
0.696,0.509,0.969,-0.14,0.134,-1.503,0.822,1.49,no
0.158,0.334,0.363,-0.441,-0.74,-0.485,-1.676,0.843,no
1.441,-0.961,-0.441,-0.035,2.142,0.452,-0.079,0.51,no
-0.949,1.387,-0.456,-0.237,0.039,-1.178,-0.919,-0.804,no
-0.601,0.072,-0.242,-0.587,-0.104,0.121,1.387,1.488,yes
-1.574,-1.394,0.782,0.967,0.373,0.951,0.203,1.117,yes
-1.667,-0.567,1.135,-0.806,0.389,1.412,-0.533,-1.84,yes
1.021,-0.589,-0.48,0.644,0.393,0.687,-0.355,0.258,yes
0.579,0.448,0.491,-0.498,-0.183,0.078,-0.462,-0.033,no
0.159,0.181,0.143,1.449,-0.779,-0.529,0.992,-0.869,yes
-1.652,2.04,-0.299,-0.043,0.928,0.193,1.735,1.223,yes
1.683,1.959,-1.764,-0.593,-0.324,0.436,-0.888,-0.247,no
-1.733,-0.44,-0.714,-1.182,0.68,-0.746,1.632,-0.416,yes
-0.294,-0.269,0.494,-1.724,-0.466,0.722,-0.11,0.227,no
-0.512,-1.406,-1.333,0.137,-0.387,-0.218,0.84,-1.05,yes
-0.527,-0.242,0.864,0.205,0.161,1.239,-0.362,-1.117,yes
-1.059,2.059,-0.268,0.371,0.396,0.858,0.306,-0.138,yes
0.343,2.383,0.775,1.579,-1.467,0.22,0.627,0.002,no
1.286,0.136,-0.171,-1.362,1.932,-0.116,-1.255,-1.124,no
0.214,-1.431,0.666,0.109,0.361,0.333,-0.502,-0.615,no
0.023,-0.531,-0.907,1.851,2.235,-1.138,-1.441,2.897,yes
0.58,0.176,-1.053,0.537,0.514,-0.202,1.07,0.874,yes
-0.476,0.054,1.057,-1.172,-0.083,2.147,-0.144,1.901,no
-1.31,1.805,0.08,1.172,-0.585,0.657,-0.915,-0.095,yes
-1.06,2.076,-0.768,-0.476,0.111,-0.186,0.704,0.115,yes
0.288,-0.923,-0.431,0.893,-1.233,-0.608,-0.585,0.401,yes
-2.109,-2.415,-0.043,0.074,0.022,1.387,0.938,0.061,yes
-0.931,1.13,0.152,2.222,0.596,-1.873,1.607,1.883,yes
2.106,1.621,1.23,0.513,-1.495,-0.418,0.858,-1.057,yes
1.18,-0.508,0.687,-0.716,-1.386,-0.058,0.792,0.899,no
0.324,-1.359,0.951,0.246,-1.116,-0.516,-1.59,-0.074,yes
-0.937,-1.027,-0.424,1.165,-0.149,1.638,-1.979,-1.82,no
-0.134,-2.649,-0.35,-1.554,-0.271,-0.001,-1.486,-0.589,yes
-1.62,2.068,0.982,-0.485,-0.505,-0.834,-0.007,-0.614,no
-1.405,-0.906,-1.331,1.703,-0.592,-0.798,0.459,-1.29,yes
-0.847,-0.5,-0.587,-0.904,0.444,1.439,-0.955,-1.468,no
0.987,-0.222,0.269,-0.276,0.17,0.182,-1.5,0.658,yes
0.234,-0.466,-0.211,0.916,0.775,-0.554,0.421,-0.27,yes
0.442,-2.198,-0.944,-2.676,0.444,0.047,1.017,-0.025,no
-1.763,1.42,-0.19,-0.112,-1.195,-0.236,-0.075,-0.475,yes
-0.24,-2.594,0.711,0.635,0.45,-1.205,1.072,0.842,yes
-0.816,0.691,1.47,-0.238,-0.642,1.483,-2.712,-2.475,no
1.444,0.132,-0.329,-1.286,-0.692,-1.318,-1.317,0.694,no
2.266,-1.087,1.258,0.035,-0.1,0.387,-0.564,0.355,no
0.813,-0.053,1.475,0.826,-0.2,-0.769,-0.509,-0.04,yes
0.363,0.136,-0.397,-2.688,-0.937,0.902,1.172,-1.402,yes
-0.63,-0.254,1.749,0.252,2.202,0.005,1.146,-0.075,no
-0.592,0.349,-0.838,-0.047,0.539,0.038,-1.414,0.624,no
1.012,1.499,1.062,-0.272,1.232,-0.416,-0.362,-1.078,no
0.264,1.24,0.742,0.49,-0.42,1.207,0.3,0.447,no
-0.601,-0.512,1.798,0.664,-0.922,0.863,1.856,-2.496,yes
-0.636,-2.115,-0.863,1.057,1.077,0.181,0.415,0.297,yes
1.067,0.715,-1.638,-0.959,-1.432,0.054,-1.948,0.554,yes
-0.495,0.302,-1.506,0.654,-0.924,0.852,1.677,-0.136,yes
1.47,1.305,-0.183,0.417,0.129,-1.338,-0.445,2.445,no
0.034,0.181,1.606,1.68,-1.426,-0.052,0.27,-1.584,no
0.239,-0.371,-0.889,-1.654,-0.038,0.378,-0.452,1.71,no
-1.133,-0.345,0.343,0.413,1.439,-0.561,-1.833,0.346,no
0.68,0.47,-0.077,-0.973,-0.359,-0.44,-0.73,1.121,no
0.431,1.097,-0.243,-1.557,0.138,0.041,0.539,0.497,no
-1.207,0.964,0.254,-0.845,0.665,0.046,-0.808,1.408,no
-0.598,-0.927,-1.218,1.898,-1.015,0.031,1.404,0.358,yes
0.687,-0.152,-0.682,-0.054,-0.201,0.85,0.461,-1.765,yes
-1.346,-0.588,-1.059,0.823,0.628,0.888,0.088,0.134,yes
0.303,0.33,-0.18,-0.119,-1.452,0.011,-0.875,1.743,yes
1.16,0.03,1.759,0.19,-0.252,-0.65,-2.408,0.057,no
-0.105,0.019,1.597,1.556,0.627,1.287,0.785,-0.957,no
-0.024,0.645,3.06,1.57,0.056,-0.546,0.348,1.065,no
-0.455,0.919,-1.045,-0.55,0.552,-0.152,0.208,-1.049,no
2.647,-2.383,1.014,-0.429,-0.251,-1.177,0.285,-0.844,yes
-0.101,-0.847,-2.187,-1.182,-0.03,0.06,2.269,-0.966,yes
0.48,0.676,0.508,1.124,2.157,-0.66,0.957,-0.425,no
-0.416,0.87,1.407,-1.19,0.609,0.665,-0.257,-0.104,no
0.092,0.672,0.673,-0.988,0.182,0.379,-0.277,0.501,no
0.222,-2.425,-0.29,0.719,-0.254,-0.149,2.567,-0.982,yes
-1.204,1.216,0.238,0.435,-0.977,-0.423,1.205,0.267,yes
-0.122,0.343,-0.78,-0.454,-0.509,0.342,0.734,0.84,yes
-0.213,-0.395,-0.147,-0.5,-0.719,1.744,-0.167,-0.385,yes
0.246,-0.115,0.453,0.608,0.08,-1.062,-1.868,0.504,no
0.322,0.352,1.096,0.716,0.163,-0.992,-0.358,-0.003,no
0.773,0.23,0.048,-0.599,0.284,0.013,-2.031,-0.749,no
0.28,-0.418,0.965,0.345,-0.378,-0.48,0.44,-0.681,yes
0.993,-0.04,0.084,0.782,-1.48,0.259,1.866,-0.631,yes
0.067,1.363,-0.128,-0.744,-0.208,-0.622,1.334,-0.541,no
-0.34,0.554,-0.458,0.425,-0.202,-1.47,0.3,1.365,yes
-0.282,0.374,0.841,1.919,0.251,1.039,1.024,-1.704,yes
-1.58,-0.965,0.26,0.674,-0.4,0.722,-0.584,1.413,yes
0.17,1.513,-0.501,1.043,0.415,0.57,0.437,1.231,yes
-2.411,-1.087,-0.531,-0.022,-1.042,2.147,1.403,-0.615,yes
-0.182,1.781,1.662,-1.993,-1.511,-0.824,0.342,-0.451,no
1.03,0.236,0.161,1.055,-1.67,-1.334,0.66,0.497,no
-1.651,0.273,-0.219,-0.092,-1.727,-1.298,1.704,0.14,yes
-0.694,-0.683,-0.479,0.253,-0.606,2.52,0.864,-0.607,yes
1.052,0.421,2.357,0.065,-0.888,1.798,1.309,0.014,yes
0.265,-0.153,-0.228,1.563,-0.061,-1.306,-0.848,0.398,yes
-0.56,0.532,-0.208,-1.76,-1.153,0.3,-0.154,-0.847,no
-0.434,1.392,-1.833,-0.789,-3.001,-0.251,1.182,0.651,yes
-0.793,-0.511,-0.625,-0.639,-2.089,1.443,1.327,-0.304,yes
0.026,0.164,-1.268,-0.163,1.079,-1.978,0.502,-0.949,no
-0.512,-0.346,-0.275,-0.032,-1.65,1.253,1.386,1.358,yes
-0.466,-0.422,-0.618,-2.57,0.203,1.136,-1.047,0.198,no
-0.553,2.049,-1.696,-0.153,0.065,-1.723,0.207,0.888,no
0.6,0.786,1.475,0.069,-0.084,-0.182,0.715,-1.106,no
-0.725,1.163,2.073,1.125,0.205,0.785,0.223,0.533,no
0.09,-0.006,-0.818,-0.091,-3.746,-0.045,0.058,-1.44,yes
0.282,-0.648,-1.036,-0.833,-0.206,0.089,-0.511,-0.531,yes
-1.012,0.7,-0.593,1.635,0.21,0.027,3.477,2.029,yes
0.093,-2.057,0.502,-1.124,-3.147,0.461,-0.931,-1.307,yes
-0.601,-1.028,-0.425,0.678,-0.477,-0.438,0.102,-1.13,yes
-0.885,-1.221,0.053,1.152,-0.42,0.971,2.43,-0.054,yes
0.074,2.404,-1.655,-1.814,2.414,0.777,-0.747,-1.201,no
0.64,-1.003,1.82,2.527,-0.124,1.278,-0.328,-1.418,yes
-0.075,0.034,-1.406,-0.728,0.138,-0.351,1.244,-0.919,yes
-0.577,-0.542,-1.132,-0.528,-0.365,-1.723,-1.201,0.005,no
0.386,0.164,-0.964,-1.439,0.706,-1.605,0.254,0.789,yes
0.463,-0.99,0.017,0.432,-0.176,0.908,0.211,-0.422,yes
-1.536,0.554,0.034,0.957,-2.404,0.579,-0.499,-0.552,yes
0.441,-0.973,1.023,0.483,1.055,-0.423,-0.869,0.033,no
0.39,-1.534,1.242,-1.205,-0.76,-0.009,0.57,-0.149,yes
-0.161,2.04,-1.243,-2.654,-0.334,0.378,0.428,-1.935,no
0.247,-1.25,0.266,-1.934,1.177,-0.444,0.662,-0.287,no
-1.134,-0.41,0.027,-1.419,0.487,-1.471,0.736,0.94,no
-0.485,-2.028,-0.288,0.143,0.232,1.488,-0.94,0.411,yes
-1.31,0.668,0.739,-1.246,-0.087,1.267,-1.339,-1.003,no
-1.177,-0.338,0.879,-0.544,0.385,0.352,1.398,-0.64,yes
1.275,0.83,2.507,-2.471,-0.342,-0.141,-0.85,-0.266,no
-0.956,1.003,1.787,0.416,-1.305,0.663,0.976,1.189,no
-0.133,1.262,-0.491,0.352,2.223,-0.901,-0.994,-0.985,no
-0.322,0.519,0.234,0.321,-0.103,0.487,0.678,1.649,yes
0.232,-0.309,-0.182,-0.313,-1.214,0.867,0.483,-0.794,yes
-0.107,0.343,0.344,0.419,0.566,0.277,0.538,1.064,no
0.229,-0.758,0.213,0.95,0.492,2.075,-1.826,-1.674,yes
-0.218,0.166,-0.882,-0.827,-1.038,0.491,-0.481,1.354,no
-2.257,-0.258,1.693,1.69,-1.167,-0.495,-1.119,0.393,no
0.272,-0.202,1.187,1.397,-1.879,-0.773,0.819,-0.083,yes
-0.334,1.03,-0.277,-0.52,2.97,-0.923,-0.193,-0.275,no
0.618,1.446,-0.473,0.715,-0.152,-0.769,-1.779,1.609,no
-1.345,0.409,-0.113,-0.295,-0.205,1.39,0.359,1.045,no
1.327,-0.882,-0.429,-1.178,1.621,-0.154,1.609,0.147,yes
2.117,0.176,0.204,-1.928,-0.906,-1.114,1.0,1.078,no
-0.4,0.324,-0.816,1.08,-0.14,1.005,-1.079,-0.693,yes
0.925,1.128,0.607,2.757,-0.555,-0.189,-1.029,0.394,yes
-0.933,1.227,-1.071,0.694,0.665,-0.509,-1.197,0.337,no
0.491,-0.095,0.195,1.164,0.15,0.883,0.75,-0.112,yes
-0.186,0.1,-0.93,-0.481,-0.287,-0.062,0.12,-1.568,yes
-0.245,-1.072,0.787,-0.569,0.364,-0.231,0.708,0.817,yes
0.336,0.387,-2.261,0.474,0.169,0.422,0.195,0.846,yes
-0.344,-0.91,-0.664,0.027,-0.587,0.294,-0.825,1.002,yes
0.736,1.172,-1.269,1.401,0.842,-1.777,-1.393,-0.671,no
0.463,0.013,-0.46,-0.973,0.14,0.307,0.539,0.709,yes
-0.275,0.009,-0.955,0.117,-1.09,0.042,-0.066,0.455,yes
0.642,1.531,-0.63,0.002,0.276,-0.978,0.883,-1.692,no
1.765,-0.442,-0.172,0.3,0.047,1.12,-0.656,-0.016,yes
3.063,-0.425,0.877,0.226,-0.069,1.209,-1.866,0.511,no
-1.578,-1.113,1.752,-1.73,0.417,2.144,0.533,0.037,yes
-0.06,-1.134,-1.816,-0.056,-0.545,0.753,-0.067,-0.107,no
0.324,-0.787,-1.025,0.14,-0.934,0.809,0.631,-0.932,yes
-0.131,0.835,1.106,1.497,-0.331,-0.022,1.569,-0.475,yes
-0.304,-0.214,-1.272,-0.569,0.494,0.253,1.718,0.719,yes
-0.172,-0.906,1.223,0.654,1.219,0.744,-0.123,-0.815,yes
-0.743,-0.367,-0.026,1.155,0.987,0.378,0.634,-0.982,yes
0.344,0.563,-1.771,-0.6,0.456,-0.126,-0.998,-1.575,no
1.377,-0.12,0.258,0.427,-1.659,0.726,-0.283,1.02,yes
-0.879,0.608,-1.862,-0.567,0.154,-1.874,1.407,-1.15,yes
1.595,-2.195,0.158,-0.419,0.776,-0.595,-1.207,0.433,no
-1.223,-2.196,-2.137,0.419,1.157,-0.551,-0.7,-0.01,yes
-0.363,0.613,-2.006,-0.577,0.551,-1.22,1.813,-0.025,yes
1.682,1.302,-1.342,-0.833,1.146,-0.878,-0.385,0.663,no
-2.177,-0.67,1.136,0.192,1.375,2.208,0.162,0.39,no
-0.907,-0.094,-0.64,-0.649,-0.709,-0.741,-0.998,0.374,no
-0.773,0.58,-0.8,-0.087,0.299,-0.456,-0.512,-0.552,no
2.861,1.833,-0.733,-0.483,0.487,-0.617,0.516,-0.774,no
1.0,1.95,-0.17,-0.938,0.304,-0.198,0.465,-0.308,no
1.468,-0.748,-0.593,-0.676,-0.385,1.845,0.431,-0.794,yes
-0.188,0.433,-0.31,1.303,0.739,0.253,1.087,0.343,yes
-0.768,-1.258,1.503,0.162,-0.947,0.928,1.059,0.455,yes
-1.505,1.297,0.096,-1.564,-0.103,-0.012,-1.367,0.701,no
0.06,0.903,1.256,-0.857,-0.418,-1.095,-0.531,0.133,no
0.288,-0.36,-0.197,-0.082,-0.48,-0.639,-0.794,0.359,yes
-1.103,-0.941,-0.198,0.328,1.208,0.72,0.077,0.095,yes
0.653,-0.189,0.453,-0.859,-1.25,-1.095,0.132,1.308,no
-0.338,1.217,0.692,-0.444,-1.2,-0.078,0.652,-0.242,yes
-0.549,-0.195,-0.245,-0.133,-0.525,0.477,0.72,-1.262,yes
1.924,-0.442,0.596,-2.127,0.904,-0.685,-0.124,0.107,no
0.295,1.489,-0.44,0.849,-0.852,0.226,-0.87,0.434,yes
-1.452,-0.002,-1.673,0.795,0.664,1.771,-0.864,-1.045,yes
-0.497,-0.423,0.472,-0.384,2.353,-0.54,-0.086,1.855,no
-0.365,1.286,0.247,-0.386,0.428,-0.018,-1.701,-0.703,no
1.44,0.935,0.835,-0.341,0.171,0.479,-0.734,0.446,no
-1.247,0.819,1.468,-0.712,-0.081,0.559,-0.138,1.451,no
0.575,-0.736,-1.307,1.948,-0.099,1.647,-0.817,-0.912,yes
0.929,0.231,-0.337,1.079,-0.76,-2.005,0.719,0.395,no
-0.08,0.415,-0.461,-0.434,0.113,-0.057,1.902,1.577,yes
1.082,1.807,-0.479,2.153,0.286,0.594,1.753,-0.473,yes
-0.656,1.997,-0.488,0.77,-0.656,-1.644,1.405,1.309,yes
-0.322,1.133,-1.653,0.37,-0.837,-0.864,0.441,1.235,yes
0.07,-0.123,1.556,0.636,1.005,-0.986,-1.696,0.019,no
0.03,-0.959,0.462,-1.166,1.266,-1.211,1.039,0.174,no
-2.763,-0.622,0.237,2.023,-0.476,-1.632,-2.684,-0.434,yes
0.508,0.539,0.829,-0.188,-0.577,0.498,0.022,-0.127,yes
-0.973,-1.763,-0.349,-1.287,0.064,0.249,0.357,0.395,yes
-0.686,0.309,1.499,-3.185,0.062,-0.257,0.975,0.351,no
-0.302,-0.144,0.251,0.809,-0.784,0.47,0.324,-0.037,yes
1.336,-1.182,0.29,1.694,-1.083,0.1,1.802,0.189,yes
-1.36,0.345,0.929,1.203,-0.055,-0.039,-0.534,2.01,yes
-0.403,-0.058,0.973,-0.299,-1.578,1.659,-0.163,-0.06,yes
0.635,0.249,0.053,-0.735,-0.693,0.311,1.116,-0.274,no
-1.981,-1.82,0.898,-0.946,-0.705,0.225,-1.612,-0.488,yes
-0.455,1.403,-0.421,-0.477,0.048,-0.984,1.087,0.95,no
1.807,-0.84,-0.363,-1.161,-2.005,-0.773,-0.941,-2.202,no
-0.225,-0.198,-0.432,0.814,-1.266,-0.047,-0.405,1.567,yes
1.372,-0.064,-0.303,0.833,-0.137,-0.194,-1.031,-1.787,no
0.211,-0.1,1.374,0.471,0.714,0.926,-0.426,-0.605,no
0.04,1.348,1.337,-0.697,0.71,0.965,1.95,-0.349,no
1.412,-0.139,0.332,-1.374,0.429,1.11,-0.858,-0.628,no
2.124,-0.815,-0.011,-2.004,-0.164,0.917,-0.192,0.727,yes
-1.848,-0.715,-1.007,0.409,-0.129,-0.985,-2.058,0.736,no
-0.341,-0.868,0.996,0.236,-2.052,0.422,0.641,0.743,yes
0.024,0.336,-0.317,0.367,0.026,0.128,-0.714,1.457,no
-0.467,-0.208,2.114,1.059,1.049,-0.026,-0.605,0.052,yes
-0.931,-0.138,0.545,1.451,0.28,-0.714,0.912,0.226,yes
0.9,0.421,-1.671,-1.191,-0.548,1.832,0.011,0.418,yes
0.132,-0.481,2.406,0.564,-0.224,-0.171,1.436,-0.014,yes
-0.982,-1.557,0.663,0.072,-0.535,-0.037,-0.045,0.629,yes
-0.217,-1.29,0.717,-0.093,0.088,2.539,0.719,0.255,yes
-2.363,-0.345,1.064,0.236,-0.789,-1.034,-0.256,1.034,yes
0.055,-0.306,0.012,-0.308,-0.891,-1.414,1.553,1.351,yes
0.003,-0.87,-0.472,-1.1,-1.714,-0.685,0.004,1.867,yes
1.0,-1.17,-1.6,0.327,2.164,0.566,1.726,0.565,yes
1.288,0.087,0.348,0.558,0.376,0.753,0.634,-0.32,yes
1.315,-0.179,0.709,0.56,-0.222,-1.78,-0.585,1.138,yes
1.75,0.93,-1.76,0.354,-1.215,-2.06,-0.501,0.034,no
-1.548,0.552,0.055,0.352,0.759,1.529,-0.588,1.064,no
2.271,-0.4,-0.705,-0.976,1.975,-1.633,0.447,0.652,no
1.251,-0.079,2.105,-1.4,-0.584,-1.042,0.285,0.274,no
-0.435,-0.207,-0.829,0.691,2.268,1.575,-0.075,-0.425,no
-0.087,-0.492,0.165,-0.893,-1.427,-0.196,-0.84,-0.095,no
0.609,-1.124,-0.212,-0.228,0.438,-1.169,-0.155,1.872,no
-0.005,-0.353,-0.647,-0.335,-0.692,-0.282,1.559,0.702,yes
-0.362,-0.876,-0.182,-0.371,-0.429,0.719,-0.405,-1.689,yes
-0.444,0.196,1.965,0.116,0.05,0.106,0.026,0.042,yes
2.195,-0.023,0.39,-0.809,0.776,1.314,-1.824,-0.241,no
-1.917,0.399,0.137,-0.113,0.41,-0.525,-1.71,0.586,yes
1.115,0.651,-0.354,-1.829,0.829,1.025,0.061,-0.924,yes
-1.95,0.692,0.447,0.741,0.457,1.486,-2.102,-1.285,no
0.968,-1.209,0.503,0.36,-0.616,-0.025,-0.045,2.184,yes
1.382,-2.198,0.265,0.129,0.272,-0.765,0.342,0.78,yes
0.076,-1.063,-0.644,2.614,0.067,-1.624,1.858,-0.684,yes
-0.918,-0.724,0.564,0.561,-1.259,-0.366,-0.664,1.214,yes
-1.074,1.906,1.577,0.152,1.284,0.171,2.059,0.973,no
-1.19,0.104,-0.527,-0.225,-0.162,0.123,0.642,1.561,yes
1.279,-0.362,-0.821,-0.454,-0.634,0.289,1.424,-2.995,yes
0.125,3.071,0.212,0.031,0.11,1.273,0.46,0.664,no
-0.515,0.949,-0.863,1.022,1.428,-0.224,0.098,0.656,no
-0.442,0.634,-0.928,-0.535,1.546,1.014,0.648,-0.724,no
-0.678,-0.778,2.114,-1.447,0.07,-1.251,-0.044,1.731,yes
-0.124,-1.528,1.135,1.305,3.11,0.003,0.002,-1.427,no
0.702,-1.087,0.672,-1.564,-0.321,-1.11,0.3,-1.677,yes
-0.837,-0.424,-0.362,-1.458,-0.215,0.091,0.682,-0.597,no
-0.949,0.113,-0.822,0.93,-1.886,0.391,-1.697,0.532,yes
0.879,1.498,0.475,-0.421,0.132,-0.478,-0.366,-1.039,no
0.823,0.465,-0.34,0.817,-0.001,-2.002,-1.353,1.177,no
0.511,-2.174,-1.089,-0.813,2.266,0.067,-0.896,1.121,yes
-0.698,-0.368,-1.47,-0.19,-0.296,-0.572,0.107,-1.226,yes
-0.815,0.367,-0.032,-2.284,-0.008,0.175,1.82,-0.327,yes
0.23,-1.638,0.907,-0.682,1.21,1.553,1.141,1.314,yes
0.733,1.893,-0.153,0.59,0.162,1.392,2.37,1.455,yes
0.299,0.562,0.185,1.104,-0.909,1.358,-0.046,2.071,yes
0.815,0.801,-1.966,0.246,0.411,-0.474,0.346,-0.471,yes
0.387,-0.753,-0.211,-0.158,-2.325,-0.258,1.854,0.959,no
0.14,-1.983,1.198,0.2,-1.26,-0.297,-1.597,-0.842,yes
0.189,-0.181,1.983,-1.016,-1.626,-1.851,-0.687,-0.155,yes
-0.323,0.053,0.333,0.929,-0.474,1.833,-0.102,0.487,yes
0.46,0.227,-1.258,1.752,-1.557,0.183,1.101,1.679,yes
-1.152,1.132,0.271,-1.138,1.032,1.175,-2.564,-0.068,no
-0.104,-1.416,-0.654,1.667,2.104,-0.8,0.432,-0.341,yes
1.24,0.188,0.42,-1.064,1.48,1.864,-0.742,0.099,no
-0.687,0.998,0.559,-0.378,0.7,2.318,0.462,0.281,yes
-0.025,-1.591,-0.373,0.004,0.61,-0.158,-1.384,-1.528,no
0.375,0.163,1.366,-1.195,-1.316,-0.313,0.096,0.114,no
0.796,-0.622,-0.024,-0.039,1.251,-0.94,-0.38,-0.423,no
-0.155,-2.661,0.482,-1.621,1.42,0.202,-0.764,0.348,no
-1.333,-0.396,-0.272,-2.006,0.056,0.461,0.45,-0.538,yes
0.023,0.928,0.41,0.204,0.086,-0.608,1.152,0.692,yes
-0.327,-0.03,1.635,0.102,-0.157,-0.536,1.07,2.103,yes
-1.405,-0.842,-0.134,1.085,-0.112,-0.191,1.037,-1.113,yes
0.42,-0.498,0.322,-0.579,0.524,0.345,0.772,0.221,yes
0.172,-1.095,1.26,-1.453,0.559,-1.778,-0.456,-1.652,no
1.951,-1.409,0.505,0.448,0.473,0.252,1.717,-0.29,yes
0.119,1.052,3.55,-0.767,-2.144,0.473,0.246,-1.218,no
1.661,-0.282,-1.06,-0.455,-0.636,1.325,-0.141,0.273,yes
1.721,-0.155,-0.935,-0.873,0.846,0.571,0.508,-1.251,yes
-1.841,-0.194,-0.981,-0.696,0.803,0.287,0.641,2.191,no
-0.34,-1.245,0.33,2.185,1.74,-0.409,1.377,-0.509,yes
-1.229,0.478,1.204,0.487,-1.424,0.92,0.801,0.253,yes
1.871,0.306,-0.782,1.635,-0.431,1.554,0.006,-0.199,yes
-0.299,-1.528,-0.306,0.809,-1.051,0.644,0.167,-1.39,no
-1.033,-0.077,0.031,0.498,-1.307,-0.358,-0.177,0.815,yes
1.93,-0.834,-2.195,-1.615,-0.757,1.96,-0.488,-0.842,yes
0.714,-0.874,0.31,-0.5,0.595,-0.314,1.744,-0.023,no
0.189,-0.938,-1.785,0.258,-1.538,-1.644,-0.745,0.323,yes
-1.642,0.596,0.97,0.87,0.054,0.586,-2.82,0.805,no
-0.751,-0.539,1.725,0.605,-1.569,0.818,-0.037,-0.798,yes
-1.628,-0.331,0.893,1.573,0.905,0.685,-1.222,0.958,no
-1.473,-0.034,-0.634,-1.953,-0.564,0.742,0.812,-0.806,yes
-1.192,0.947,2.098,-0.889,-0.717,-1.224,1.019,-0.105,no
-0.787,0.052,-0.425,0.311,0.489,0.04,0.024,0.024,yes
0.499,0.256,-1.096,-0.277,0.764,-1.549,-0.3,0.742,yes
1.393,0.798,0.09,0.47,1.439,1.778,0.707,-1.407,no
0.014,-1.123,0.573,-0.497,-0.139,-1.572,-1.272,-0.389,yes
0.083,-0.865,1.823,0.32,-0.646,0.369,1.753,1.057,yes
-1.028,-0.387,-1.148,0.038,0.806,-0.954,-1.372,2.028,no
1.021,0.582,-0.42,-0.442,-0.697,-0.274,1.298,-0.629,no
1.694,0.818,0.208,2.522,-0.314,0.963,1.567,0.644,no
1.075,1.147,0.224,1.212,0.328,-1.947,-1.267,0.228,no
0.908,-0.867,0.015,0.72,-0.043,-1.036,0.739,-1.123,yes
-0.65,-0.632,2.509,-0.691,-1.346,-0.514,0.932,-0.504,no
-0.419,-0.054,-1.002,-0.573,0.35,-0.495,-0.322,-0.846,yes
0.55,-0.657,0.67,0.594,0.602,0.443,-0.25,1.118,no
1.343,-1.277,-0.792,0.742,-1.73,0.076,-0.967,0.296,no
0.205,-0.292,-0.913,-0.274,-0.571,-0.871,1.126,-1.253,yes
-1.311,0.197,-0.435,-2.063,-0.807,-0.279,-0.304,-1.104,yes
-0.118,-0.023,-0.651,1.617,0.12,-0.526,0.946,2.093,yes
-0.497,1.754,0.687,-1.019,-0.453,-0.242,0.613,-0.598,no
-0.365,-0.689,1.147,0.974,0.083,-1.003,0.368,0.284,yes
0.273,1.875,0.404,-1.304,2.938,-0.343,-0.737,0.576,no
0.119,0.762,-0.695,-0.148,0.043,-0.753,1.138,0.778,no
0.881,0.801,-0.074,-1.231,0.183,-0.206,-0.699,-0.511,no
0.819,1.004,-0.833,0.872,-2.421,0.785,-0.856,1.057,yes
-1.47,0.298,1.099,0.149,-0.614,2.199,1.198,-0.524,yes
-0.371,-0.583,1.114,0.044,-0.654,0.383,0.046,-0.703,no
0.397,0.536,1.295,1.313,-0.987,-1.2,-0.102,1.657,no
1.346,-0.389,-1.046,1.796,-1.225,1.03,-0.851,-0.293,yes
-1.345,-1.179,2.063,-0.847,-0.621,0.369,1.286,1.228,yes
1.85,-0.18,-1.632,-0.446,-1.314,-0.94,0.281,-1.75,no
1.188,-0.239,-0.209,0.265,-0.217,-0.256,0.495,1.117,yes
-0.134,-0.33,-0.279,-0.775,0.632,1.192,-0.257,-1.641,no
-0.78,-0.149,1.283,0.415,1.268,0.949,-1.82,-0.287,no
-0.814,-0.516,0.085,1.305,0.044,1.917,0.661,-0.197,yes
-0.107,0.545,1.302,-0.393,-0.252,0.085,-0.568,1.099,no
1.077,-0.0,-2.031,-1.007,-1.339,-0.334,0.994,0.231,yes
-0.826,-1.23,-0.553,0.22,2.527,-0.693,-0.114,1.034,yes
0.916,0.076,1.512,-1.285,-0.123,0.201,-0.244,0.666,yes
-1.357,-0.053,-0.615,1.123,1.197,1.163,-0.848,0.686,yes
1.029,0.514,-1.037,0.724,0.555,0.297,0.317,0.514,yes
1.227,-1.058,1.705,-0.52,-0.367,0.511,-0.18,0.014,yes
-0.605,-1.845,0.965,0.523,-0.199,-1.169,0.717,1.326,yes
-1.292,0.455,-1.179,-1.163,1.058,-0.614,0.579,-0.215,no
-0.201,0.867,-0.228,2.018,-1.001,-0.599,-0.767,-1.061,no
0.423,1.418,0.359,0.93,-1.78,0.179,0.567,-1.552,no
0.038,0.606,-1.019,-1.384,0.747,-0.863,1.991,1.814,yes
-1.254,0.822,-1.532,-0.372,-1.011,-0.718,-0.366,0.075,no
-0.624,-0.029,0.136,0.138,-1.3,-0.657,-0.84,-0.935,yes
-0.946,0.774,-0.061,1.15,-0.168,-0.26,-0.594,0.023,no
-0.678,-1.117,-0.56,0.674,0.09,-0.711,-0.223,-1.572,no
-1.279,-0.419,-0.051,-0.676,-0.153,-1.791,-2.075,-0.484,yes
0.158,1.461,0.163,1.5,-0.149,0.637,-0.61,-1.18,no
0.881,-0.003,0.418,0.656,-2.491,-0.705,-0.133,-0.091,yes
-0.618,-0.617,-1.674,0.547,0.223,0.202,-1.513,-0.061,yes
-1.645,0.943,-0.877,0.391,0.967,-1.0,-1.133,-0.972,yes
0.839,-0.353,0.756,-0.379,-0.636,-0.235,0.229,0.507,no
-1.107,0.622,2.5,0.384,-0.64,-1.139,1.038,1.646,no
0.186,0.017,-2.159,-0.035,-0.166,-2.048,-1.099,-1.329,no
-1.077,0.507,-0.272,-1.106,1.842,0.533,0.659,1.27,yes
1.476,1.739,-0.919,-2.011,-0.991,0.07,0.294,-1.109,no
-1.929,-0.736,-0.013,-0.356,-0.045,-1.054,0.214,-0.201,no
-1.526,1.415,-0.35,-2.569,-1.598,1.105,-1.413,1.063,no
-1.681,-1.338,1.48,0.077,0.393,0.044,-0.398,1.011,yes
-0.005,1.757,0.232,-1.274,0.631,-1.685,0.25,-1.039,no
-0.835,1.104,0.01,-0.544,0.354,1.028,-1.516,0.356,no
-0.701,-0.638,-0.089,-1.526,1.399,0.174,-0.099,0.741,no
1.706,-0.939,-0.303,-1.326,-0.864,0.162,-1.352,-1.956,no
-0.145,-0.699,0.1,-0.929,0.148,-1.395,0.795,1.166,yes
-1.001,0.046,-0.321,0.958,-0.482,1.546,1.314,1.532,yes
0.934,-1.26,-0.155,2.233,-0.049,-1.059,-0.15,-0.856,no
-0.258,-1.549,0.275,0.349,1.059,-0.324,1.281,-0.258,yes
0.308,0.476,0.673,0.73,0.602,2.372,0.159,1.438,no
-0.556,-0.636,1.301,-2.205,0.552,0.396,0.991,-0.623,no
-0.178,2.074,-1.558,0.853,-1.877,-0.045,0.755,-0.931,yes
1.218,-0.562,0.088,0.894,0.281,-0.358,-1.413,-0.134,no
-1.671,0.052,-0.555,1.067,0.409,0.296,-0.219,-1.76,yes
-1.254,-0.886,0.944,-0.117,0.013,0.283,0.898,1.088,yes
0.76,1.457,-1.63,0.019,1.586,1.177,-0.462,2.361,yes
1.561,0.256,0.648,0.452,0.319,0.612,-1.701,0.734,no
-0.793,0.905,-0.8,0.345,0.45,-1.074,0.938,-0.262,yes
0.078,1.395,-1.725,0.194,1.125,1.223,0.32,0.845,yes
1.066,-1.084,-2.006,-0.911,1.758,0.913,-1.675,-0.156,no
-0.871,-0.57,0.367,-0.958,0.915,-2.998,2.722,0.707,yes
-3.128,1.575,0.936,2.874,-0.67,-0.296,-0.364,0.255,yes
0.376,-0.331,0.662,1.363,0.173,0.528,-0.214,0.137,no
0.57,-0.378,-0.124,0.034,0.27,-1.31,-0.097,-0.265,no
0.767,-1.363,-0.034,-1.129,1.939,0.143,-0.187,-0.943,no
-0.048,-0.366,-0.916,-2.853,-0.354,0.457,-0.142,-1.012,yes
0.965,2.023,0.552,-1.879,-1.469,0.3,0.688,0.711,no
0.626,-2.077,0.111,1.82,-0.096,0.452,0.206,0.05,yes
0.543,-1.73,-0.676,1.422,0.655,-0.756,1.262,0.829,yes
-0.195,0.035,1.446,-0.501,0.631,-1.713,-0.241,-0.128,no
0.797,-1.268,-0.116,-1.504,0.725,-0.548,-0.117,1.552,no
1.097,0.691,-0.647,-1.486,-0.43,0.612,0.195,-0.291,no
0.21,-0.44,-0.421,-0.942,-0.61,0.699,0.236,-0.017,no
1.626,-1.486,0.155,0.28,0.17,0.059,-0.991,1.242,yes
-1.122,-1.237,-0.561,0.383,-1.285,0.755,-0.997,-1.062,yes
-0.473,-1.202,1.098,1.264,0.273,1.232,-0.326,-0.205,yes
-0.688,1.451,0.49,0.952,1.102,0.189,2.594,0.794,yes
0.024,-1.993,-0.969,0.918,-1.194,-1.007,1.984,-0.177,yes
0.669,0.243,-0.837,-1.157,-1.186,-0.437,-1.092,-0.652,no
-0.321,-1.362,-1.106,-1.167,1.387,-1.883,-1.331,-0.894,no
0.479,1.005,0.781,0.51,2.02,-0.322,0.034,0.983,no
0.004,0.797,-0.86,0.28,-0.351,-0.733,0.358,0.323,no
-0.758,0.738,-0.496,0.325,0.294,-0.235,-1.241,0.221,yes
-0.047,0.723,-1.417,-0.527,-1.917,0.846,1.347,1.417,yes
2.85,0.966,0.499,0.348,-0.243,-0.011,0.397,0.812,yes
-0.472,0.317,-0.093,0.007,-0.061,1.151,1.572,-1.077,no
-0.417,0.632,-0.218,-2.478,2.496,-0.214,-0.207,-0.047,no
0.7,0.684,0.651,0.945,-0.018,-0.486,0.871,0.479,yes
-1.998,-0.609,-2.399,-0.212,-0.261,-1.07,-0.849,-0.37,yes
1.949,-1.535,-1.113,0.586,-0.277,0.875,-0.552,-1.276,yes
0.671,-0.052,1.231,0.452,0.034,1.07,-0.586,-1.22,no
-1.039,0.415,0.499,-0.828,-1.009,0.575,-0.615,-0.58,no
-1.264,0.58,-1.235,1.17,0.731,1.076,0.224,0.295,yes
-3.531,-0.789,-0.711,-0.459,0.828,0.533,0.417,-0.362,yes
-2.715,-0.69,-0.519,-1.325,-0.141,0.145,-0.363,-2.369,no
1.976,0.381,0.403,-0.253,-0.466,1.832,0.672,-0.344,no
-0.796,-0.743,-0.896,0.884,-1.041,-0.233,0.013,0.626,yes
0.194,0.911,-0.19,0.683,-0.845,1.543,-2.209,0.084,yes
-1.45,1.036,0.614,-0.718,2.041,-1.222,-0.266,-1.686,no
0.59,1.025,1.956,0.112,0.117,0.372,0.931,-1.767,no
-0.058,-0.055,-0.43,0.658,-0.497,0.026,-1.169,0.821,yes
-0.033,0.798,-2.492,1.942,0.918,0.774,-0.741,0.41,yes
0.576,-0.202,0.997,-0.577,-1.013,0.434,-0.872,-0.71,no
-1.024,0.182,-0.751,0.778,0.293,-0.527,0.327,2.009,yes
2.372,-0.27,-0.009,-0.268,0.319,-0.804,-0.969,0.874,no
-1.057,0.476,0.188,-0.555,0.652,-0.706,0.796,-0.711,no
1.74,1.211,0.29,0.514,0.147,-1.329,0.361,0.024,yes
1.061,-0.722,-0.063,0.765,-1.252,-1.759,1.265,0.599,yes
-0.657,-1.869,-0.208,-0.08,0.011,0.034,0.972,-0.824,yes
1.223,-0.173,-1.851,0.399,0.193,-1.159,-0.022,-1.66,yes
-0.139,0.601,-1.037,-2.011,-1.36,-0.158,0.32,0.468,yes
-0.653,0.601,1.005,-2.06,-1.249,0.421,0.647,0.615,no
0.218,0.02,0.822,0.469,-0.453,-0.661,-0.628,-0.324,no
-1.499,0.024,-2.645,1.563,1.395,0.48,0.856,-0.155,no
0.997,1.133,0.133,-1.326,0.741,0.119,-0.108,-1.318,no
-0.885,1.036,-0.978,-0.926,0.905,-0.412,0.234,-0.35,no
-1.986,-0.248,1.692,2.443,-1.046,-1.333,-0.089,0.063,yes
0.476,-1.376,0.682,0.397,-1.738,1.074,0.171,0.392,yes
-0.918,-0.128,0.766,-0.25,1.107,-0.589,0.84,-1.165,yes
-0.753,0.504,0.057,-0.423,0.172,-0.87,-0.404,1.127,no
-0.924,-0.346,0.923,0.909,-0.668,-0.479,2.718,0.546,yes
-0.878,0.846,-1.26,0.292,-1.035,-0.737,0.826,-1.688,yes
-0.941,-0.146,0.662,-0.814,0.073,-1.219,-0.907,-0.169,no
-0.77,0.736,0.186,-0.503,1.748,2.344,0.544,-2.368,yes
0.057,-0.774,1.452,0.43,1.119,0.503,-1.347,0.779,no
-1.298,-0.053,-1.78,0.305,0.848,0.159,-0.125,-0.506,no
-1.25,0.089,-1.031,0.929,0.84,-0.644,-1.171,-1.587,no
-0.043,1.307,-0.866,-2.028,0.144,0.322,0.956,-0.189,no
0.285,-0.789,0.898,2.271,-0.226,-1.162,-1.081,-0.079,no
0.646,0.328,0.762,1.315,2.055,1.501,-0.956,1.246,no
1.335,-0.569,-0.404,0.191,-0.188,0.453,0.965,0.928,no
1.396,0.499,0.581,0.21,-0.508,-0.897,-0.153,-0.203,no
0.594,0.037,0.042,0.572,0.056,-0.797,1.074,-1.865,no
-0.0,1.523,-0.323,0.534,0.309,-0.076,1.464,-1.038,yes
-1.51,-0.718,1.882,-1.92,0.875,-0.408,-0.007,-0.062,no
0.152,0.192,1.189,-0.751,-0.181,-0.294,0.091,0.992,no
-0.397,-0.162,-0.177,-0.056,-0.688,-0.318,-0.959,-0.959,no
0.893,-2.048,-1.029,0.71,0.855,0.242,-0.17,0.527,yes
-0.679,-0.443,-0.126,0.225,-0.066,-0.269,-0.706,-0.322,yes
0.534,1.399,-0.152,-0.307,1.022,1.636,1.35,0.864,yes
1.047,-1.13,0.387,0.22,0.589,1.61,-0.675,-1.522,no
-0.627,0.035,-0.566,0.38,0.329,1.537,-1.848,-0.517,no
0.369,-0.1,-0.655,0.469,1.668,-0.369,0.43,0.499,no
0.205,-0.01,-1.238,0.384,0.574,-0.278,0.044,0.539,yes
2.457,0.513,0.548,-0.485,-1.266,0.725,0.302,-0.042,yes
-0.723,3.006,-0.307,-1.715,-0.914,1.277,-1.535,-0.761,no
1.14,-0.333,0.678,0.342,-0.287,1.92,-0.642,0.074,yes
-0.027,0.769,0.38,0.389,-1.546,0.123,-0.333,0.644,yes
1.515,1.758,-1.067,-0.006,-0.801,0.296,-0.479,-0.466,yes
-0.959,1.148,-1.04,-0.245,-0.163,-1.5,0.562,-0.104,yes
-0.201,-0.565,-0.803,1.745,1.165,-0.654,-0.474,-0.332,yes
-0.588,-0.311,-0.107,0.475,-0.931,-0.327,1.464,0.78,yes
1.714,-1.086,0.912,-0.815,0.087,-0.543,0.584,0.133,no
-1.162,-0.174,-1.268,-0.671,0.781,0.182,0.072,-0.294,yes
0.019,0.997,0.34,-0.686,-0.033,-1.212,0.472,0.599,no
-1.248,-0.834,0.881,0.256,-0.856,-0.339,-0.096,1.434,no
0.571,1.143,-0.245,0.059,0.598,-0.165,0.215,-0.485,no
0.429,-0.709,0.443,-0.178,0.465,1.027,-0.035,0.686,yes
-0.182,0.067,0.893,-0.832,-0.11,1.049,0.898,1.174,yes
-0.055,1.371,-0.547,-0.969,-0.58,1.138,0.99,-0.81,no
0.593,-0.694,-0.474,1.251,-1.038,0.278,-0.922,0.576,yes
0.91,0.261,0.43,1.714,0.484,1.043,-1.006,-0.859,no
0.409,1.272,0.485,-0.276,-0.676,-1.644,0.636,-1.775,no
0.958,0.966,2.212,1.178,-0.295,-1.329,0.121,-0.225,no
1.292,1.548,-1.181,-1.336,0.788,0.929,1.244,-0.772,no
-0.134,0.116,-0.406,0.125,0.733,-1.483,0.869,-0.486,yes
1.319,0.461,0.412,1.165,-0.032,-0.446,-1.007,0.784,no
-0.257,-0.626,-0.242,-1.941,0.231,-0.542,-1.304,0.703,no
-0.003,1.59,-0.415,-0.551,-1.385,0.448,0.178,-1.037,no
-0.541,0.942,1.386,2.218,1.525,-0.176,3.307,-0.273,yes
0.686,-0.028,-0.359,-0.923,-1.072,0.171,0.418,0.917,no
0.379,1.4,1.6,0.21,-1.292,0.303,-0.129,-0.581,no
-0.001,1.654,0.874,1.7,-0.216,1.024,-0.986,1.081,no
1.069,0.009,-1.157,-0.79,-2.43,-0.735,-0.375,0.259,yes
0.059,0.717,-0.879,0.967,-0.342,0.757,0.981,-1.806,yes
0.828,-2.499,1.082,-0.825,1.477,-1.428,0.143,-0.582,yes
1.601,-1.491,1.239,0.024,-0.303,0.405,1.113,-0.949,yes
0.673,-0.044,1.234,-0.523,-0.592,-0.538,-0.899,-0.603,no
-0.153,1.203,1.091,-0.199,-0.404,1.267,0.12,1.419,no
-1.067,-0.544,-1.733,-0.934,-2.019,-1.056,0.796,0.68,yes
0.837,-1.29,0.471,0.066,1.205,0.16,-0.849,0.551,yes
0.598,0.764,0.006,0.113,-1.866,0.036,0.634,-0.186,no
-0.879,-0.737,-0.869,-0.857,-0.404,1.036,-1.085,-0.108,yes
-0.342,0.291,-0.578,-1.774,0.551,0.0,-1.784,-0.668,no
-0.238,-0.766,0.158,0.811,0.06,-0.45,0.562,0.899,yes
-0.124,-0.053,-0.021,-0.973,-0.16,0.075,1.085,1.128,yes
-0.323,0.019,-0.189,-1.361,-1.415,0.171,1.584,1.639,yes
0.612,-0.037,-0.741,0.431,-0.406,1.223,1.563,-1.898,yes
0.122,0.436,0.231,-0.186,0.01,0.339,-0.386,1.702,yes
-0.646,1.844,0.812,-0.032,-1.202,1.35,0.305,0.289,no
1.034,0.353,1.417,0.339,0.765,-1.695,1.047,1.222,no
1.216,1.032,-1.173,-0.426,1.529,0.164,-0.495,0.278,yes
1.295,0.781,-0.949,-0.492,0.724,0.559,-0.965,-0.306,no
-1.701,-0.707,-0.505,0.162,0.066,-1.149,1.661,1.154,yes
1.677,0.66,-0.828,-0.151,-0.45,0.5,0.779,-0.853,no
0.116,1.533,0.292,-0.957,-0.877,-0.067,0.479,1.745,no
-0.026,-1.114,-0.514,-2.447,-2.125,-0.422,0.44,0.861,yes
-0.822,0.662,1.096,0.89,0.405,0.596,1.804,0.084,yes
2.313,0.497,0.313,0.488,0.157,-1.392,1.084,-2.021,no
-0.371,-0.336,-1.405,0.337,-1.747,-1.171,1.123,-0.248,yes
-0.715,1.146,0.329,-1.283,0.191,-0.365,-0.049,-1.234,no
0.625,1.032,0.896,1.145,0.314,0.073,-2.421,-1.859,no
-0.05,0.396,-0.66,0.937,-0.885,0.142,-0.868,-1.011,no
0.769,0.939,-1.058,-0.914,-0.209,-0.547,-0.065,-0.54,no
0.029,0.226,0.842,-0.101,0.271,-0.121,0.591,0.49,no
1.035,1.147,1.826,0.844,-0.393,-0.525,-0.592,0.35,no
-0.757,-0.768,-0.87,-0.804,-0.03,-0.335,-1.529,-0.443,no
-0.962,0.065,-1.596,1.221,-1.529,-0.243,0.567,0.265,yes
0.839,-0.794,0.263,-0.453,-0.795,0.674,1.55,0.233,yes
2.124,1.632,-1.706,-1.991,0.668,-2.437,-1.516,-1.465,no
0.978,-0.261,0.201,0.628,-0.803,-0.712,-2.455,0.324,no
0.382,-0.202,0.449,0.234,0.442,0.581,-0.215,-1.337,no
-0.417,-0.892,-0.676,-0.408,0.193,-0.198,-0.511,-0.699,yes
-0.113,1.47,0.733,0.332,0.519,0.187,0.722,-0.235,no
0.205,1.02,0.008,0.427,-0.067,0.803,-0.642,1.702,yes
0.299,1.641,-0.927,1.177,-1.297,0.297,0.271,1.294,yes
0.06,-0.82,0.62,0.746,-1.222,-0.966,0.027,1.147,yes
-1.9,0.016,0.893,1.884,1.542,0.393,0.022,-0.235,no
1.193,-1.464,-1.195,0.537,0.822,0.175,0.34,-0.459,yes
-0.958,-0.811,-1.006,-0.096,1.168,0.451,1.334,0.988,yes
-1.04,0.99,1.048,-0.145,-1.453,0.458,0.776,-0.268,yes
-0.961,-0.879,1.09,1.545,0.716,-3.118,-0.611,1.662,no
-2.324,-0.121,1.049,0.735,-1.41,0.343,-1.567,-0.837,no
0.22,0.96,1.929,1.028,-0.746,0.343,-0.611,1.117,yes
1.152,-0.017,0.193,-0.509,0.846,-0.279,2.042,1.621,no
0.797,-0.871,2.356,-1.08,2.311,-0.061,-0.778,0.974,no
0.784,-1.065,1.496,0.906,0.715,0.779,0.06,0.376,yes
0.373,1.088,-1.142,0.511,0.8,0.192,0.558,0.281,no
-1.057,0.952,-1.111,0.939,-0.491,0.488,-0.65,0.593,no
1.828,1.633,-0.819,1.284,-0.871,1.215,0.788,0.609,no
-0.157,0.669,0.228,1.101,0.62,-0.289,0.752,-0.34,yes
0.896,-1.886,0.418,2.56,-0.011,0.726,0.716,-0.082,yes
0.825,-0.467,0.037,-0.121,-0.366,-0.991,1.229,-0.212,yes
0.53,-0.633,0.46,0.575,-0.236,-1.507,-0.622,2.054,yes
-0.852,-0.583,0.273,-0.001,0.647,-3.017,-0.158,0.62,no
-0.27,0.605,-1.91,0.167,-2.304,0.285,0.905,1.221,no
0.321,-0.704,0.273,-1.167,0.444,0.252,0.095,0.421,no
0.833,0.119,-2.587,-1.812,0.405,-1.052,0.846,-2.201,no
2.56,-0.189,0.898,0.566,-0.393,-0.803,-0.518,1.136,no
-1.581,-0.284,-0.556,-0.999,-0.017,0.972,-2.198,0.021,no
1.017,0.441,-1.583,-0.501,-0.398,1.881,0.715,-1.224,yes
0.122,0.159,0.389,0.613,0.816,-0.461,0.217,-0.254,no
0.813,-0.653,-1.411,0.145,-1.157,-0.206,-0.663,1.238,yes
-0.849,-0.447,0.354,-0.153,1.061,0.761,-0.593,1.916,no
-0.73,0.484,-0.249,0.647,0.472,-0.709,1.422,-0.25,yes
0.776,0.101,-0.924,-0.634,0.841,-0.456,1.283,-2.047,yes
1.408,1.052,2.734,1.351,1.129,1.771,-2.188,-0.547,no
0.541,1.546,-0.941,0.339,-0.586,-0.156,-0.542,0.603,no
-0.101,0.644,1.244,-0.174,0.483,0.314,0.01,-0.04,no
-0.957,-0.803,-1.081,-0.734,1.231,-1.211,-0.666,-0.497,no
0.171,1.817,0.539,-0.789,0.964,-0.961,0.7,-1.301,no
1.266,0.32,1.649,-1.957,-0.432,-1.036,0.36,-0.51,no
0.371,-0.304,-1.299,-0.188,-0.588,0.225,0.89,0.392,yes
1.238,-0.094,-0.079,1.233,0.673,-0.197,1.371,0.177,yes
0.93,-0.7,0.332,-0.115,1.723,-0.223,3.05,-0.604,no
-1.534,0.751,0.266,-0.211,-0.093,-2.041,1.858,-0.675,no
0.526,0.129,-0.93,-1.172,-1.023,-1.603,-1.157,0.434,no
1.901,1.151,-0.017,-0.884,0.363,0.555,-1.165,1.373,no
0.012,-0.354,-0.561,-0.168,-0.151,-0.152,1.419,0.392,yes
-1.018,-0.28,1.002,-0.865,0.142,0.238,-0.999,-0.284,no
-2.187,-0.696,-0.018,0.168,0.569,1.121,-0.478,1.103,yes
0.715,1.043,-0.45,-0.223,-0.652,-1.099,-0.569,-0.637,no
2.795,0.786,-1.132,-1.261,-0.671,0.537,1.15,0.543,no
0.2,1.055,-0.073,-1.768,-1.835,-1.162,-0.567,0.14,yes
0.801,-0.142,0.344,0.511,-0.69,1.271,0.219,0.368,yes
0.618,0.786,2.246,1.189,-1.507,1.395,-1.225,-0.047,yes
-0.045,0.043,-0.223,1.151,0.14,-1.138,1.183,-1.08,no
-1.039,0.256,0.977,0.054,1.404,1.247,-1.409,-0.436,no
0.879,-1.342,0.566,-0.714,0.061,-0.191,-0.21,0.36,yes
-2.091,0.956,0.373,-0.609,0.469,-1.67,-3.165,0.493,no
0.541,-2.422,0.414,-2.546,1.948,-0.333,0.391,-1.04,no
-0.819,2.226,0.653,1.018,-0.99,-0.947,-0.605,0.184,no
-0.154,1.412,-0.582,0.151,0.58,0.552,-0.609,-0.091,no
-1.392,0.508,0.069,-0.257,0.22,-0.482,-0.478,0.972,yes
-2.084,0.642,-1.444,0.661,-0.263,-1.578,0.275,-1.198,yes
0.673,2.27,-0.517,0.856,1.753,1.196,0.763,-1.517,no
-0.172,0.801,0.117,1.141,0.592,-0.437,0.64,-1.493,yes
0.731,-1.465,1.068,0.845,-0.63,0.346,1.605,-0.763,yes
-0.092,0.71,0.427,1.626,1.818,-1.094,-0.267,0.5,no
0.152,-0.052,0.625,1.723,-0.743,-1.261,1.929,0.624,no
0.315,-0.583,-2.107,-0.587,0.376,1.364,-0.062,1.629,yes
1.505,0.475,-1.094,0.854,0.822,-0.482,0.959,1.362,yes
-2.199,0.474,-0.901,0.483,-2.075,-0.967,2.192,-1.388,yes
-1.209,-0.143,-0.906,-0.866,-0.548,-0.929,-0.327,-0.482,yes
-0.914,1.217,-0.315,0.022,0.695,-1.027,1.261,0.115,no
0.987,-0.461,-1.663,-0.193,1.43,0.581,0.017,0.376,yes
-0.691,0.042,-1.515,0.374,0.599,0.583,-0.191,0.641,yes
0.399,-1.178,2.117,1.389,0.03,1.443,1.118,0.331,yes
-0.402,0.705,0.142,0.819,0.515,0.179,0.397,0.538,yes
1.724,-1.419,-0.134,0.561,-0.671,-0.377,0.027,0.449,yes
0.747,0.066,-1.22,-0.642,-0.402,-0.677,0.421,0.349,yes
-0.093,-1.266,-0.954,0.954,1.677,-2.842,-0.921,1.517,no
-0.453,-0.577,-1.624,-0.739,-0.774,1.709,-0.994,-0.003,no
1.119,0.28,-0.546,1.147,0.263,1.387,0.283,1.164,no
0.882,-0.036,1.611,1.192,0.116,-1.361,1.032,-1.338,yes
0.853,-1.189,0.605,0.12,0.448,-2.161,0.618,1.783,yes
-0.314,0.268,-0.664,-0.397,-1.936,0.522,-0.207,-0.196,yes
1.205,-0.47,-0.389,-0.512,-0.968,-1.133,0.6,1.396,yes
-1.384,-0.016,0.849,-0.317,1.093,-1.751,-0.645,-1.548,no
0.671,0.162,-0.35,1.342,1.055,1.192,-0.476,-1.632,no
1.08,1.554,0.691,-1.013,1.942,-0.072,0.731,-0.686,no
-0.03,-0.717,0.436,0.153,-0.115,-0.639,-0.257,-0.223,yes
0.109,-1.29,1.112,0.667,0.911,-1.002,-0.198,0.027,yes
-0.114,-0.43,-2.333,0.06,0.206,-0.563,-0.928,0.537,yes
-1.137,0.647,0.093,-1.416,-0.439,-0.696,-1.08,-0.54,no
0.881,0.433,-1.671,-0.069,-0.373,0.333,-0.542,-0.842,yes
0.031,0.509,1.096,0.263,1.293,0.868,-0.038,0.019,no
-0.461,-0.225,0.32,-1.457,1.115,0.802,0.836,-0.372,no
0.641,-1.646,-0.487,-0.408,0.998,0.22,-0.163,-0.64,no
-1.21,0.034,1.066,-0.969,0.835,0.7,2.21,-0.239,yes
0.348,1.265,2.837,-0.054,-1.924,-1.709,1.678,-0.09,yes
-0.094,-2.584,-0.657,-1.291,0.496,-0.283,0.208,-1.272,yes
1.381,-1.635,-0.321,-0.979,-0.238,-1.264,1.171,0.374,no
0.609,0.418,-1.768,-0.597,0.039,-0.509,0.005,-1.157,yes
-0.589,1.247,1.368,1.015,1.213,0.087,-1.088,-0.744,no
-0.446,-2.121,0.629,-0.384,-0.133,-1.604,-0.41,0.661,yes
0.367,1.861,1.94,-0.597,0.152,0.287,-1.217,-1.375,no
-1.053,-0.438,0.421,-0.256,-1.779,-1.61,-1.94,0.308,no
0.772,1.088,0.264,0.42,0.31,-0.123,0.468,-0.773,no
-0.672,-0.841,-0.553,0.803,1.152,-0.203,0.798,0.979,yes
-0.987,-1.51,0.599,2.36,1.041,0.52,-0.362,-0.366,yes
0.349,0.783,0.336,-0.224,-1.222,0.269,-1.38,-0.681,no
2.136,0.471,1.586,0.377,0.369,-0.364,1.18,-0.921,yes
-0.343,0.711,-1.618,-0.355,1.108,1.151,1.171,2.301,yes
0.143,1.668,-0.213,-0.661,1.477,-1.499,0.588,-0.054,no
-1.324,-0.435,0.302,1.201,-0.4,-1.125,0.037,1.384,no
0.683,-0.938,0.083,-2.745,-0.744,0.292,-0.109,-1.518,yes
-0.704,-0.264,0.303,-1.267,0.977,0.26,-0.144,-0.112,no
0.241,-1.367,1.632,1.505,0.641,-0.31,-0.362,-0.839,no
0.607,0.204,-0.895,-2.354,0.074,-2.041,-0.16,-0.309,no
-0.122,0.035,-2.277,0.584,-0.255,0.162,1.328,0.098,yes
-0.152,0.651,-0.921,1.223,-1.28,-0.59,0.197,-1.918,yes
0.052,-0.44,1.896,0.295,0.682,0.792,1.684,-0.431,no
0.546,0.572,0.923,-0.514,-1.029,0.329,0.833,-0.647,no
-1.61,1.344,-0.965,-0.914,-0.285,-1.076,0.824,1.443,no
-0.187,-0.938,0.294,-0.132,-0.236,1.355,0.088,-0.178,no
1.524,1.154,0.787,-1.27,0.784,-0.609,2.756,1.159,yes
-0.474,-0.13,2.032,-0.734,1.839,0.464,-0.235,-0.163,no
-0.677,0.891,-1.057,-0.403,-0.291,-0.344,-1.934,-0.174,no
-1.138,-0.277,-1.202,-1.618,-1.272,-0.408,-0.005,-0.645,no
0.036,0.938,0.593,-0.559,0.161,1.048,0.333,-0.821,no
-0.411,-1.142,0.681,1.543,0.689,-1.037,0.611,-0.049,yes
0.634,0.616,-1.044,-2.051,1.218,-0.862,-1.091,-0.001,no
0.863,1.271,-0.349,-0.694,0.342,-0.063,-1.247,-2.808,no
1.157,-0.724,-1.209,1.296,1.112,0.327,-1.6,0.051,no
0.52,-0.832,0.284,1.372,1.955,0.029,-1.193,-0.155,no
1.437,0.914,-1.388,0.552,-0.937,-0.687,1.48,-0.581,no
-1.586,0.162,-1.361,1.445,-0.061,-1.784,1.258,0.358,yes
0.424,-1.445,0.802,-0.502,1.089,-0.137,2.752,0.377,yes
-0.598,1.088,-0.63,0.302,-0.361,0.01,-0.345,-1.567,no
0.584,0.982,1.621,-0.931,-0.643,0.048,-0.99,0.968,yes
0.262,-0.02,0.183,1.013,0.411,0.671,1.336,-0.563,yes
-0.278,-1.182,0.346,0.083,-0.98,0.788,0.588,0.503,yes
2.308,-0.204,-0.142,-0.991,-0.264,-1.139,0.628,-1.627,no
-1.389,-0.313,-0.698,1.216,0.189,0.193,2.878,1.305,yes
-0.886,-1.827,1.259,1.125,-0.372,-0.136,2.564,-0.645,yes
-0.877,0.278,-1.381,-1.978,1.59,0.508,1.85,-0.745,no
-1.179,0.375,0.951,1.266,-0.698,1.862,-0.034,1.556,yes
0.794,0.957,-1.593,0.192,0.07,-1.038,0.159,1.049,no
0.704,0.746,2.026,-0.125,0.381,0.919,1.762,0.426,yes
2.831,0.399,2.458,-1.654,-0.859,-0.011,-0.603,0.85,no
1.412,-1.943,-0.796,-0.442,-0.472,0.94,1.277,-0.853,yes
0.893,-0.053,-1.643,-0.978,-0.697,0.276,0.165,0.883,yes
-2.154,-0.067,0.764,0.703,-0.397,-0.477,-0.978,0.684,yes
1.018,1.455,-0.275,0.735,1.863,-0.332,0.338,0.414,no
-0.566,-0.472,-1.888,0.627,-0.476,0.152,0.167,-0.819,yes
0.224,0.045,-0.047,2.315,1.146,2.041,0.649,0.389,no
1.998,-1.227,-0.427,0.53,0.373,-2.014,0.552,0.679,yes
0.21,-0.22,0.039,1.11,0.644,1.267,0.045,0.467,no
0.326,1.364,-0.605,-0.31,0.68,-1.267,-0.685,-0.642,no
1.838,-0.564,0.578,-1.543,-0.44,-0.926,-0.07,-0.519,no
-0.244,-0.179,0.263,-0.689,-0.923,-0.597,0.557,1.429,yes
0.43,2.156,0.678,0.185,2.837,0.732,-0.323,-1.668,no
-1.304,-0.262,2.651,-0.987,0.693,1.456,-0.72,-1.285,no
-0.011,-1.385,0.002,1.688,0.93,1.055,1.113,1.009,yes
-0.746,1.524,-0.631,1.015,2.021,0.496,-0.143,0.837,yes
0.474,-0.709,-1.872,-0.409,1.232,-0.464,-0.207,-0.256,no
0.218,0.774,-0.298,0.865,-0.226,0.169,-0.375,2.414,no
1.699,0.008,1.732,-1.06,-0.765,0.678,-0.816,1.31,no
0.997,0.336,0.009,-0.966,-0.24,1.27,-0.091,1.651,no
0.755,1.157,0.399,-1.546,0.519,-0.217,-0.485,2.967,no
-0.365,-0.962,0.741,-1.281,-0.468,-0.9,-0.674,3.022,yes
0.737,-0.098,0.647,-2.049,0.407,1.541,1.172,-2.54,no
-0.811,0.565,0.813,-1.166,0.744,-1.924,0.33,-0.983,no
-1.119,-0.268,0.216,0.009,-1.148,0.057,-0.267,0.239,yes
0.504,-0.728,-1.463,-0.85,0.375,-0.862,-1.457,1.022,no
0.76,0.789,-0.446,-0.992,-0.377,1.337,0.525,-1.757,yes
1.232,-0.166,-1.451,0.997,0.359,-0.687,-0.004,-0.251,no
-0.06,0.961,0.604,-1.053,-0.361,0.318,-0.651,0.496,no
0.426,0.137,0.235,-0.2,0.245,-0.082,0.336,-1.478,no
-0.391,2.214,-0.893,0.406,-2.587,0.623,-0.641,0.66,yes
0.309,0.343,-1.38,1.036,-0.444,-0.195,1.075,0.559,yes
0.318,1.133,-0.107,0.844,0.322,-0.655,0.688,-0.521,yes
-0.639,0.927,2.106,0.759,0.243,0.578,1.19,0.37,yes
1.857,1.193,0.093,0.419,-0.356,1.133,0.615,1.476,no
-1.114,-1.46,-0.425,-1.615,2.9,0.524,4.361,-0.931,yes
1.543,0.125,-0.516,-0.04,-0.413,1.212,-0.194,-0.212,no
1.193,-0.379,0.173,0.166,0.943,0.05,-0.751,-1.43,yes
0.218,-0.741,-1.882,-1.534,-1.175,0.262,0.308,2.128,yes
-3.559,-0.048,0.965,-0.695,-0.39,-0.316,0.441,-1.069,yes
0.893,1.363,0.592,-1.302,1.01,0.573,0.683,-0.002,no
-1.408,-1.025,0.583,2.131,1.509,-1.318,-0.02,1.334,no
0.048,2.127,-1.199,-1.465,0.982,0.053,0.834,0.891,no
-0.31,0.569,1.676,0.775,0.554,0.257,-0.669,0.918,no
-1.597,-0.58,1.142,-0.351,-0.077,0.329,0.855,2.246,yes
0.377,-1.646,0.42,-0.15,-0.796,0.404,0.256,0.71,yes
-1.488,1.469,-0.624,-1.073,-0.658,1.494,-0.068,-0.684,no
1.337,0.231,0.397,0.874,-1.525,1.466,-1.164,-0.515,yes
-0.503,-1.501,0.069,-0.13,-1.046,-0.248,-0.882,0.958,yes
-1.515,0.035,0.403,-0.975,-1.339,0.192,0.814,0.427,no
-0.52,-0.928,-1.575,-0.288,1.236,0.632,-0.525,1.256,no
0.002,0.449,0.109,-0.307,1.566,0.527,-0.666,-0.157,yes
-0.307,0.422,0.217,-3.162,-1.185,-0.388,0.754,0.873,no
0.248,-0.564,1.639,-0.39,-0.117,-1.689,0.378,-0.175,no
-0.248,-0.125,-0.066,-0.031,-0.793,-0.461,-0.58,1.169,no
-0.61,-0.006,-1.011,1.531,0.319,-0.602,0.849,-0.466,yes
0.437,-0.616,1.092,2.074,0.608,1.129,-0.199,2.361,yes
0.083,-0.283,-0.739,0.339,2.181,0.234,1.009,0.685,no
0.397,-0.728,0.248,-1.446,0.397,0.75,0.877,-1.484,yes
0.773,0.088,-0.653,-0.696,-0.235,-1.966,0.595,-1.363,yes
0.317,-0.321,-0.031,1.844,-1.596,-0.641,1.161,0.293,yes
1.705,-1.443,-0.407,-0.074,-0.557,-0.882,-0.351,0.513,yes
0.231,-0.608,-0.843,-1.191,1.749,0.333,2.464,0.237,yes
1.477,-0.021,0.79,-1.345,-1.152,-1.677,1.447,0.364,no
0.058,-1.039,-0.539,1.157,0.052,0.847,-0.696,-1.051,yes
2.034,2.606,-0.138,-0.444,-0.483,1.955,0.512,1.573,no
1.451,0.208,0.333,-1.22,-1.575,-0.24,0.049,0.243,no
-1.371,-0.457,-0.247,1.656,-0.755,-1.426,0.574,0.43,yes
1.104,-0.09,-0.579,-0.94,0.141,-0.587,-0.312,-2.308,no
