f0,f1,f2,f3,f4,f5,f6,f7,churned
-0.07,1.248,-0.608,-0.423,1.981,0.943,-0.302,0.803,0
-0.086,0.077,0.404,-1.282,-1.379,-0.051,2.637,1.304,1
-0.499,-2.512,2.047,-0.398,0.216,-0.195,0.299,-0.574,1
1.341,-1.058,-0.38,0.688,1.006,1.82,1.66,0.434,0
-1.27,-0.133,-0.191,0.209,0.032,0.042,0.011,1.307,0
0.011,1.575,0.464,0.241,0.384,0.414,-1.011,0.487,0
-0.642,-0.217,0.148,1.119,-0.435,-0.465,-1.315,0.739,1
0.038,0.154,-0.925,0.921,0.707,0.143,-1.204,-0.059,1
-0.585,-1.559,-1.326,0.63,-0.778,-1.566,-0.113,0.648,0
1.056,-1.315,-0.416,0.653,-0.205,0.254,-1.391,-1.317,1
2.08,0.463,0.027,0.007,-0.617,-0.617,-1.784,-0.333,1
-0.087,0.295,-0.182,0.116,0.578,0.806,1.715,0.682,0
-0.577,-0.256,-1.175,-0.592,-0.385,1.309,-0.123,0.465,0
-0.901,-0.167,-1.509,0.441,1.566,0.694,-0.293,-0.678,1
0.182,0.289,2.405,-1.658,-0.946,0.037,-0.506,1.168,0
-0.749,-0.357,-1.183,1.103,1.112,0.25,0.253,1.471,0
-0.542,-0.611,1.686,0.892,-0.633,1.163,-0.923,-1.071,1
-0.184,0.589,-1.066,-2.026,2.009,0.585,0.081,-0.564,0
0.155,0.417,-1.721,-0.266,0.285,-1.072,1.15,-0.037,0
-0.19,0.677,-0.919,-1.263,2.266,1.408,-0.314,-1.462,0
0.347,-0.845,-1.404,0.162,-2.684,-0.455,-0.711,1.589,1
-0.596,0.9,-0.36,-0.333,-0.371,0.48,0.847,0.022,0
0.34,-0.895,0.479,-1.335,0.685,-0.761,0.359,0.411,1
0.193,-0.39,0.229,0.463,0.628,-0.538,0.487,-0.749,1
-0.337,0.587,0.201,0.224,0.118,-0.442,1.407,-0.487,1
1.034,-0.308,-0.589,-0.359,1.919,-0.324,0.243,1.516,1
0.282,-0.412,-0.471,1.056,-0.095,-0.201,-0.121,0.182,1
0.174,-0.51,-1.166,1.094,1.418,-0.437,-0.091,0.235,1
-1.04,-0.329,-0.475,0.739,-0.09,-0.695,-1.758,0.295,0
-0.329,-2.491,-0.479,0.305,1.248,0.705,-0.167,1.187,1
-1.044,1.208,1.39,0.748,-1.251,-3.045,1.687,-0.182,1
-0.497,-0.165,0.637,-2.025,0.649,0.625,0.572,0.557,0
-1.948,-0.446,1.143,-0.051,1.36,0.502,-0.245,1.391,0
1.02,1.659,1.033,-1.283,-0.054,-1.366,-1.35,1.419,0
0.254,-0.208,-0.029,2.023,1.256,1.256,1.315,0.025,1
-1.353,-1.479,1.153,1.434,0.099,0.167,-0.048,-0.135,1
0.582,-0.834,1.187,-0.629,0.476,-0.65,0.163,0.674,1
0.273,0.787,0.337,0.631,-1.027,-1.249,0.441,-0.592,1
-1.091,1.458,-0.244,-1.571,0.042,0.65,1.236,1.687,0
0.95,-1.301,-1.398,-0.107,1.915,-0.179,1.189,1.315,1
-1.527,-0.304,-0.145,0.044,0.009,-0.488,-0.466,0.616,1
0.388,-0.012,-1.686,0.587,-0.001,0.84,0.196,-0.088,0
-0.111,0.208,1.131,-0.523,-1.838,0.204,-1.359,-0.397,0
-0.348,0.5,1.991,0.085,-0.461,0.403,-0.928,0.216,1
-0.395,2.427,-0.893,-0.28,1.04,-1.323,-0.277,-0.638,1
-2.467,-0.975,-0.126,-0.708,-2.472,-2.122,0.074,0.498,0
-0.154,1.8,-1.523,1.629,-0.163,1.251,-1.139,-1.621,0
0.382,0.045,-2.809,-1.048,0.2,-1.22,-0.604,0.443,0
0.793,0.307,-0.341,-3.161,0.386,-0.403,0.598,1.163,0
0.441,0.527,1.97,-0.381,-0.691,2.044,-0.624,0.823,0
-0.257,1.748,0.324,0.505,0.135,0.264,-0.631,-0.681,0
-1.142,0.197,0.267,2.179,-0.763,2.606,0.483,0.781,0
-0.748,-1.073,1.541,1.54,0.726,0.192,-0.858,-0.314,1
0.29,0.775,-1.583,1.137,-0.679,0.68,0.061,0.055,1
-0.624,0.309,-0.051,-0.826,-1.701,-0.515,0.92,2.251,0
0.071,-0.391,3.051,-0.11,-0.741,0.255,0.585,-0.656,0
-0.271,1.03,1.226,-0.009,0.206,0.71,-0.389,-0.492,1
-1.691,0.966,1.44,0.612,-0.627,0.859,-0.103,0.091,0
-0.152,0.888,0.763,1.593,0.349,0.044,0.764,1.069,1
1.303,-1.15,-0.226,0.108,-0.258,0.554,-0.674,-0.357,1
0.358,1.119,-0.713,1.156,0.536,0.295,-0.021,0.925,0
-0.313,0.379,0.497,0.013,0.05,-0.837,0.427,0.104,0
-0.079,1.778,1.094,0.519,0.826,0.708,-0.264,-1.378,0
-0.841,0.44,-0.149,0.043,-0.87,-0.783,0.019,0.179,0
2.289,-0.002,0.069,-0.761,-0.731,1.011,-1.239,0.69,1
-0.839,1.157,-1.612,-1.614,-1.476,0.262,0.31,-0.018,0
-0.706,-1.807,1.382,0.816,1.565,1.722,1.319,-1.099,1
0.397,-1.179,1.605,-1.307,-0.837,-1.311,0.856,2.542,0
0.75,1.611,0.897,0.504,-1.511,1.382,-0.324,0.051,0
0.645,-0.116,0.105,-1.29,1.744,1.151,0.253,-0.622,0
-0.479,0.307,0.649,-1.067,-1.621,-0.075,0.458,-1.011,0
-0.423,0.238,-0.562,0.629,-0.489,-0.399,-0.261,-0.446,1
-0.27,-1.374,0.493,-0.776,1.343,-0.775,0.968,0.271,1
0.107,-0.804,-1.276,-0.139,0.785,0.212,0.971,-0.048,1
-0.768,-0.495,0.92,-1.495,-0.92,-0.677,-0.168,-0.948,0
1.242,0.125,0.62,-0.927,0.238,-0.264,0.248,-0.704,1
-0.235,-0.027,0.684,-0.625,-0.229,-0.603,0.727,-0.282,1
-1.196,0.152,-0.435,1.508,0.236,-0.327,-0.797,-0.399,0
-0.357,-0.85,-0.14,2.799,0.102,0.403,-0.368,0.406,1
0.565,-0.743,-0.726,0.799,0.746,0.123,0.217,-0.892,1
0.707,-1.695,1.3,1.582,-1.443,-2.301,-0.611,-1.259,1
-1.653,-1.517,2.251,0.576,0.06,-0.186,-0.543,-0.73,1
-0.488,-0.517,0.915,-2.691,-0.589,0.466,0.395,0.063,0
-0.126,0.879,1.122,0.836,-0.592,0.575,0.179,-1.032,0
-0.732,-0.704,0.833,0.24,0.799,0.392,-0.228,-0.106,0
-0.847,0.126,-0.683,1.261,-0.583,1.207,-0.504,0.383,1
-0.366,0.546,1.827,-0.741,0.039,-0.017,0.575,-1.749,1
-0.592,-1.738,1.491,0.193,-0.709,0.145,0.763,-1.258,1
-1.216,1.523,0.037,-2.291,-2.086,-1.421,-0.934,2.073,0
-0.465,1.192,0.566,-0.886,0.57,-1.157,-0.017,-0.027,0
0.247,-0.424,0.953,0.592,0.227,-1.372,-1.134,-0.017,1
-1.382,0.427,-0.943,-0.307,-0.974,0.844,-1.398,-0.632,0
-0.653,-1.182,-0.729,1.541,-0.049,-0.188,-0.216,-0.463,1
0.226,0.798,-1.038,1.019,0.367,1.389,0.763,-0.275,0
-0.731,-0.728,1.093,-2.015,0.324,-0.03,0.951,-0.168,1
-0.425,-0.09,-0.502,0.882,1.483,-0.19,0.286,-0.905,1
-1.79,0.278,-1.063,-1.17,0.453,-0.763,0.564,0.744,0
-1.585,0.745,-0.055,0.079,-0.561,-1.146,-0.128,0.264,0
1.188,-0.319,-1.457,0.403,0.361,0.171,1.548,-1.139,0
-0.933,-0.301,1.302,0.718,-1.686,0.85,0.007,-0.18,1
0.144,0.576,0.433,0.389,-0.236,0.118,0.104,1.859,0
0.026,0.363,0.418,-2.021,0.428,-0.177,0.669,1.38,0
-0.118,1.075,-0.784,-0.46,0.173,1.146,0.157,0.307,0
1.26,-1.571,0.436,-0.89,0.129,-0.467,-0.572,-0.391,1
0.32,1.55,0.708,-2.745,0.806,0.04,0.332,-1.523,1
0.401,-0.075,0.572,-0.161,-0.354,-2.649,1.146,-0.256,1
-0.879,-0.525,0.469,0.354,0.585,-0.144,0.209,-0.617,0
-1.343,-0.726,-0.588,2.045,-0.567,-1.836,0.735,0.381,1
0.447,2.009,-0.84,1.194,-0.257,1.317,-0.706,-0.583,1
0.892,0.439,0.016,2.023,0.506,-0.429,0.054,-1.241,1
-1.508,-0.225,-0.565,-0.866,-0.222,-0.128,1.103,0.249,0
-0.347,0.503,-0.545,-2.141,1.13,-0.883,1.597,-0.394,1
-0.117,0.218,0.833,1.528,1.585,-0.171,0.224,0.886,1
2.301,-0.718,-0.485,-0.455,-0.394,-0.067,0.667,-1.334,1
-0.878,-0.159,0.565,-1.302,0.982,-1.107,1.466,1.67,0
0.182,-0.595,0.692,0.716,-0.898,-0.306,0.539,-0.178,0
0.249,1.581,0.659,-1.114,-2.37,0.178,-1.029,0.511,0
-1.549,-0.398,1.575,0.096,-1.283,-1.069,-2.156,-1.433,0
1.854,0.62,-0.934,-0.517,-0.522,-0.812,-1.373,1.366,0
2.53,1.391,0.727,2.493,-1.272,-2.222,-1.516,0.854,1
0.811,-0.137,1.318,-0.07,-0.912,-0.072,-1.431,0.708,0
0.574,-0.574,0.892,-0.171,-0.748,1.46,-1.373,0.684,0
0.5,-0.05,-0.727,1.694,0.172,0.644,-1.04,0.462,1
-0.509,-0.363,0.246,-0.216,-0.554,-1.236,1.049,-0.089,0
1.212,-0.712,0.007,0.32,-0.52,-0.556,-0.594,0.474,1
0.949,-0.103,0.923,-2.321,0.755,-0.623,-0.203,1.325,0
1.128,1.783,0.745,0.078,0.458,-1.552,2.275,0.492,1
-1.036,1.5,-0.256,-1.508,-0.675,2.51,0.895,-1.014,0
0.293,0.371,-0.019,0.015,-1.382,0.404,0.093,1.431,0
1.493,0.05,-1.022,-0.968,-2.554,0.001,-0.057,-0.709,1
0.063,1.512,0.789,-0.429,1.332,0.082,0.105,1.023,0
-0.178,0.825,-0.584,-1.098,-0.492,0.615,0.777,0.134,0
1.233,0.61,-2.255,0.871,1.543,-1.271,-2.496,0.229,1
0.367,-0.875,-1.156,0.421,0.971,0.472,-1.033,0.272,1
-1.081,0.702,1.01,-0.078,0.414,0.414,-0.227,0.21,0
0.88,-0.609,0.913,-0.093,0.006,-0.558,-0.635,0.34,1
-1.141,-1.842,0.216,0.677,0.938,0.755,-0.147,-0.905,0
0.846,-0.728,1.608,0.798,0.792,0.151,-0.529,0.001,1
1.774,-0.099,0.869,-1.442,0.473,-1.231,-0.536,1.707,0
-0.012,0.032,0.571,0.211,1.081,1.618,1.061,1.278,0
-0.881,0.355,-0.001,-1.528,0.985,-0.607,0.941,-0.12,0
-0.889,1.426,0.953,-1.582,-1.072,0.25,-0.243,1.226,0
-0.094,-1.423,0.669,0.921,0.201,1.263,0.122,0.403,0
-0.665,0.932,-0.793,-0.306,-0.339,-0.79,-0.055,0.029,0
0.675,-1.354,1.173,1.18,-0.006,1.142,-1.656,1.369,1
-1.375,0.772,0.116,1.118,0.245,1.191,0.228,-0.179,0
-1.74,-0.043,-0.916,0.526,-0.952,1.3,1.392,2.597,0
1.492,-2.294,1.651,-1.392,-1.125,-0.314,-0.631,0.322,1
0.961,-0.819,1.158,-0.834,-0.722,-0.531,2.605,0.606,1
0.433,-1.037,-0.675,-1.477,-0.056,-0.185,0.336,-0.941,1
1.343,1.242,1.003,0.768,-1.33,-1.922,-0.035,1.303,1
-1.335,0.419,-0.302,1.466,-1.706,-1.812,-0.412,0.823,0
-0.003,0.676,-0.389,-0.283,-0.797,-0.894,-0.353,0.111,0
-0.184,-0.721,-0.807,-1.481,-0.419,-0.082,0.015,-0.091,1
-0.939,-0.492,0.254,1.405,-0.141,0.109,0.826,-0.811,1
0.958,-0.425,0.505,0.636,-0.829,-0.424,0.147,2.037,1
-0.611,-0.937,1.265,0.475,1.884,-0.433,0.605,0.248,1
1.387,2.24,0.397,1.434,1.836,-0.858,1.209,-0.797,0
-1.334,1.149,-0.312,-0.478,-0.59,-1.823,-0.763,-0.955,0
-1.304,1.007,0.45,-0.719,0.404,-1.508,0.002,-0.023,0
-1.174,0.611,-0.153,-1.888,-0.173,-0.017,-1.608,-0.828,0
0.171,0.221,2.725,-0.836,-0.916,0.42,0.596,-1.105,0
-0.318,1.04,-0.294,-0.133,-0.899,-0.316,0.411,-0.382,1
-1.83,-0.001,-0.983,1.014,0.05,-0.996,1.66,0.925,1
1.501,-0.512,-0.857,1.186,0.547,0.88,-0.77,-1.38,1
-0.23,-1.278,0.844,0.223,2.424,0.057,0.159,-0.034,1
0.969,-0.393,-0.045,0.071,-0.441,-0.171,0.41,-0.608,1
0.53,0.134,0.107,0.493,-2.13,0.162,-2.359,0.066,1
0.748,-0.896,0.646,-0.277,-0.349,1.792,0.224,-0.113,1
-0.239,-0.96,2.504,1.089,0.43,-0.019,0.537,-0.183,0
0.664,0.168,-2.256,-0.266,1.607,-1.039,0.517,0.403,1
0.251,-1.67,0.286,-0.351,0.328,1.589,-0.397,-0.29,1
-0.914,-0.804,0.326,-0.454,-0.689,0.581,0.55,-0.136,0
0.898,-0.113,-0.246,-0.265,3.746,1.658,0.33,-1.537,1
0.379,0.479,-1.047,-0.43,-0.972,-0.716,-1.569,-1.331,1
-0.557,0.64,-0.835,-0.298,0.338,-0.284,-0.238,-2.23,1
0.306,-0.751,-0.566,0.529,0.263,-0.896,1.305,-0.186,1
-2.416,0.51,-1.278,1.058,2.175,-1.066,0.331,1.345,0
0.055,2.909,-0.999,-0.973,1.54,-0.224,-0.275,-0.035,0
1.299,0.09,2.233,-1.754,-0.516,1.125,-0.999,2.128,0
-0.494,-0.643,0.48,0.283,-0.095,0.624,-0.912,1.313,1
0.53,-0.235,0.135,-1.407,-0.58,-0.41,1.018,1.221,0
-1.774,-1.096,-1.475,0.921,-0.92,0.554,-1.713,-0.02,0
-0.857,-1.042,-2.154,0.898,0.355,-1.834,-0.078,-1.91,1
-1.006,0.57,0.611,0.394,0.391,0.608,0.212,-0.524,0
-0.776,-1.26,0.637,-0.399,-0.507,-0.726,0.067,0.889,1
0.792,1.812,0.514,-0.631,3.253,-0.714,-0.102,0.731,0
-1.094,-1.198,-0.082,1.814,2.037,-0.916,-1.486,-1.152,1
0.288,-0.173,0.273,1.408,-0.017,-0.893,0.195,-1.043,1
-1.332,-1.083,0.387,1.129,-0.363,-0.728,-0.213,-1.965,1
-1.047,-2.112,0.43,1.332,0.686,-0.669,1.57,-0.407,1
-1.123,-0.855,0.566,0.427,0.609,-0.08,-0.765,-1.744,0
-1.246,-0.115,0.23,-0.639,0.402,-0.295,-1.297,1.515,1
1.046,0.345,-0.073,-0.053,0.879,0.161,-0.183,1.148,0
0.3,0.242,-1.205,0.768,-0.829,0.482,-1.045,-0.443,1
2.211,0.849,0.529,-0.988,-0.058,-0.351,0.477,-0.237,0
0.928,1.193,0.285,-0.805,0.318,-2.406,-1.127,-2.005,1
1.229,-0.034,-1.444,0.917,1.048,0.687,-0.841,0.214,1
0.12,-0.413,-0.613,-0.283,-0.474,-0.467,-1.048,0.5,0
-1.607,0.635,0.738,-0.368,1.026,0.441,-0.49,-2.122,0
-0.306,-1.474,-0.034,0.906,0.991,-0.407,1.002,-0.161,1
-2.233,0.716,-1.074,-1.019,0.58,-0.453,-0.904,-0.434,1
-0.422,0.682,1.152,-0.799,-1.433,-0.836,0.925,0.615,0
-0.326,0.375,-0.71,-0.035,0.423,0.191,1.796,0.701,0
1.273,0.778,0.081,0.551,0.845,1.248,1.921,-0.529,1
-0.389,0.682,-0.514,1.203,-0.536,1.713,-0.135,-0.053,0
0.25,-1.432,1.25,-0.59,-0.111,-0.791,-0.521,0.525,1
0.576,-0.193,1.821,0.929,-0.217,0.537,-0.641,-1.813,1
2.358,-0.024,0.271,1.972,-0.899,-3.168,0.838,-1.216,1
-0.04,1.82,-1.383,0.147,-0.048,0.481,0.835,-0.42,0
-0.154,-1.138,1.01,-1.217,-1.99,-0.648,-0.385,0.316,0
1.489,-1.551,1.682,-1.023,-1.419,-0.189,0.171,-0.191,1
0.399,0.499,-0.875,1.096,-0.118,0.317,-1.72,-0.985,1
-0.063,-0.78,1.774,-0.032,1.012,0.508,2.445,-0.898,1
1.586,-0.506,0.558,-1.302,0.112,-0.297,-0.65,0.04,1
-0.282,1.501,0.806,-1.165,-1.511,0.536,0.038,0.255,0
1.44,-0.937,0.313,0.624,0.602,-0.798,0.281,0.514,1
1.287,-1.481,1.262,0.096,-0.47,1.207,-1.874,-0.793,1
-1.61,-1.825,0.201,0.197,2.127,-1.199,-1.665,0.062,1
0.703,-0.619,-1.4,1.837,-0.433,-1.505,2.087,0.123,1
0.712,2.696,-0.525,-0.149,-0.985,-0.055,2.847,-0.215,0
-0.216,0.203,-0.178,0.802,-1.036,0.802,-0.9,0.668,0
2.033,-0.028,-0.734,-2.157,-0.644,0.351,-1.025,-0.005,0
1.246,-1.514,0.607,0.27,-0.73,0.949,-0.137,0.381,1
0.331,-0.966,-0.548,0.818,-1.725,-1.064,-0.398,-1.265,1
1.346,-0.701,0.784,0.305,0.914,-0.742,-1.017,-0.351,1
1.142,-2.028,1.461,-0.238,-1.83,0.1,0.757,-0.315,1
0.601,0.566,-0.983,-2.363,-1.532,-1.417,0.337,1.132,0
-1.67,0.413,-0.54,-0.056,0.779,2.037,-0.008,0.33,0
0.099,-0.536,0.244,-0.928,-0.588,0.254,0.511,1.462,0
0.036,-0.87,-0.74,0.141,0.149,0.0,-0.614,0.034,1
-1.468,0.422,0.704,0.722,-2.013,-0.532,1.713,0.038,0
-1.014,0.003,-1.012,1.68,-2.084,0.852,-0.607,-1.431,1
-0.703,1.071,-1.763,-0.573,-1.396,0.241,-0.202,-0.444,0
0.111,-0.487,0.104,0.621,0.043,-0.332,0.315,0.299,1
0.871,1.631,0.455,0.495,-0.292,-0.168,-1.984,-0.745,1
-0.26,-0.261,-0.35,-2.291,-0.691,-0.873,-0.501,1.101,0
0.4,-0.342,0.613,0.232,-0.856,0.822,0.462,-2.402,1
1.051,-1.262,0.228,-0.094,0.886,0.603,-1.373,-0.181,1
-0.705,-1.59,0.057,-1.008,0.945,-0.782,-1.003,-0.703,1
-0.209,-1.492,-0.024,-0.028,0.732,-1.419,-0.186,-1.446,1
-0.244,0.603,0.678,0.581,0.463,-1.509,1.08,-0.685,1
0.807,1.392,1.135,-0.225,1.444,-0.112,-0.235,0.595,1
-0.365,-0.277,-0.021,-0.155,-0.953,0.454,0.578,-0.131,1
-0.448,-1.391,0.455,-0.618,-0.076,-0.833,-1.402,0.627,1
-1.064,1.546,0.886,-1.401,-1.49,1.385,-0.472,0.373,0
-0.551,-0.533,0.276,0.165,-1.665,-1.525,-1.815,2.673,0
-0.608,-0.624,-0.866,0.547,-0.027,-0.317,-1.196,0.843,1
-0.494,0.65,1.082,-1.01,0.282,0.019,-1.219,0.249,0
-0.149,-0.08,0.185,0.507,-0.924,-1.766,-0.541,0.566,0
-0.201,-3.832,0.652,0.728,-0.046,-1.24,0.013,-0.216,1
1.192,0.689,-0.949,-2.467,-0.0,0.668,0.186,1.554,0
-0.782,1.224,-0.629,-1.339,0.161,-0.818,0.001,0.157,0
-0.485,-0.194,-0.691,-0.233,0.783,1.035,-0.452,-0.52,0
0.28,0.681,0.161,-0.376,0.794,-1.265,0.312,-0.382,1
-0.426,0.442,-0.003,-0.587,0.737,1.026,-0.394,0.944,0
-0.046,0.496,-0.059,0.031,-0.204,1.535,0.148,1.897,0
-0.786,-0.852,1.357,1.705,-0.04,-2.489,0.129,0.324,1
0.276,0.17,0.691,0.594,-2.325,0.23,1.086,-0.027,0
-1.301,-1.437,-2.364,-0.094,0.119,-0.195,-1.467,-0.966,1
0.557,-0.582,0.473,0.447,3.438,-0.791,-0.63,0.43,1
-0.082,1.123,0.809,0.614,0.709,1.013,-0.058,-0.094,0
-1.641,2.228,0.67,0.026,-0.759,-0.048,0.475,0.908,0
1.136,-0.044,0.145,-0.288,0.415,-2.752,-1.871,-1.356,1
-0.627,-0.844,-0.245,1.015,-0.984,0.472,1.179,-0.847,1
1.097,0.796,1.86,1.112,0.883,0.573,1.265,0.775,0
1.88,-0.171,0.876,-1.234,-1.332,0.01,0.715,0.11,1
-1.214,-1.093,0.142,0.981,0.935,0.328,0.059,-1.513,1
0.717,0.993,-0.619,-0.56,0.815,-0.498,1.346,0.543,1
-0.459,-1.136,0.613,1.792,-0.196,1.882,0.767,1.61,0
-1.066,0.187,-0.069,-1.322,-0.228,-0.396,-0.885,0.234,0
1.066,-1.47,0.714,0.642,-0.069,1.293,-1.327,-0.559,1
0.569,-0.732,0.96,0.208,-1.499,1.007,0.211,-0.217,1
1.147,0.585,1.145,1.042,0.745,-0.04,-0.03,-0.321,1
-0.187,1.874,-0.968,0.803,-1.252,-0.917,-0.01,-0.862,1
0.564,0.871,0.404,-1.927,-1.363,-1.449,-0.854,0.882,0
1.057,0.097,-1.847,1.186,0.891,1.567,-0.243,0.459,1
0.914,1.964,-1.033,2.012,-1.477,-1.881,-0.203,-0.866,1
0.111,2.23,2.367,1.116,0.028,-1.011,1.01,0.992,1
-1.699,0.674,-1.049,-2.052,0.268,0.3,-1.206,0.703,0
-0.109,-0.002,0.316,0.474,1.424,-0.408,0.903,-1.393,1
-0.06,-0.824,0.957,-1.735,0.471,0.229,-0.01,0.638,0
-0.672,-0.206,0.731,1.003,0.378,1.984,-0.704,0.647,0
-1.657,-0.181,-0.021,0.229,0.317,-0.683,0.202,0.747,0
-0.153,-0.2,-1.143,0.147,1.777,-0.012,-1.633,-1.417,1
-0.716,-0.703,1.39,0.365,0.316,-0.063,1.389,-0.463,1
-0.491,-0.939,0.194,1.238,0.801,1.77,-0.459,1.367,0
1.424,-1.204,0.328,0.211,0.731,0.852,1.143,0.643,1
-1.187,-0.232,-2.956,-0.385,-0.439,1.662,0.209,0.153,0
-0.901,-0.258,0.168,-0.137,1.836,-0.998,-0.82,1.214,1
-0.693,-0.155,0.327,0.344,-1.272,-1.758,-0.51,-1.196,1
-0.972,-0.153,0.568,1.259,0.216,0.858,-1.721,1.68,0
-0.248,-0.111,0.571,-0.075,-0.325,0.943,2.048,0.607,0
-1.229,1.064,-1.032,0.903,-0.174,0.102,-1.777,-0.668,0
0.172,1.938,-0.534,-0.392,0.162,0.793,1.101,-0.176,0
-1.503,0.081,0.237,-0.825,0.255,0.34,1.8,-1.821,1
-1.67,0.075,-1.282,-0.827,-0.286,0.851,-0.553,2.294,0
1.634,-0.049,-0.073,0.133,-0.273,1.477,-0.194,-1.08,1
-0.615,-1.056,0.562,1.804,1.416,0.591,-0.639,-0.536,1
-0.871,-0.283,-0.484,0.39,0.95,-0.778,-0.326,0.815,1
-0.559,-1.083,0.559,-1.528,-1.792,-1.197,0.685,-0.649,0
0.647,-2.226,-1.789,1.16,-0.681,0.863,-0.549,0.927,1
1.427,1.397,1.223,1.01,-0.122,-0.686,0.027,-0.006,1
2.173,-1.113,-0.138,0.814,-0.122,0.198,0.815,0.518,1
0.236,-1.211,1.701,-0.413,-0.269,-1.528,0.304,0.226,1
0.79,-1.244,-0.412,1.423,-0.645,0.069,-1.547,0.276,1
-0.839,0.414,-2.892,-2.341,-0.555,-1.275,-0.539,0.206,0
0.753,-0.011,-0.309,0.769,-1.192,2.005,0.161,-0.409,0
0.059,0.694,1.286,-0.481,-1.288,1.811,-0.417,0.302,0
1.845,0.666,0.738,1.628,-0.642,1.231,0.4,-1.364,1
0.847,0.655,0.227,-0.765,-0.098,-0.18,1.636,-1.002,1
0.522,-0.651,-1.112,-1.203,-0.341,-0.089,-0.385,0.528,1
0.993,0.533,0.132,0.413,0.167,-0.531,-0.98,0.805,1
1.502,-0.282,-0.843,1.659,-0.952,-0.954,-1.34,-0.968,1
1.058,0.296,-0.465,0.319,-0.867,0.509,-0.44,1.568,0
0.41,0.564,0.757,-1.544,0.679,0.157,-2.419,-0.721,0
-0.916,-0.806,0.709,-0.116,-0.499,0.21,-1.25,0.913,0
1.022,2.229,0.31,-0.446,-0.385,0.494,-0.372,0.289,0
-1.184,-0.478,-0.651,1.827,-0.22,0.244,2.027,-0.801,1
0.444,-0.244,-1.136,0.736,-0.098,-0.402,-0.278,0.808,1
0.366,-0.604,-0.394,-0.572,0.691,-1.14,0.337,0.502,0
-0.547,-0.093,-0.193,-0.74,-0.384,1.076,1.064,0.453,0
0.379,0.398,1.103,-0.955,-0.404,-0.504,-0.385,-0.408,0
-1.892,-0.748,0.698,-0.298,0.387,-0.329,0.697,0.846,1
1.815,0.608,-0.233,1.774,2.084,-0.726,-0.27,0.592,1
0.643,-0.84,-1.057,0.748,-1.889,-0.029,-1.532,-0.484,1
0.081,0.806,0.076,0.294,-0.481,-0.602,1.02,0.137,0
1.857,-0.197,-0.087,1.908,0.927,0.035,-1.062,0.731,1
-0.087,-2.341,-0.535,-0.859,-1.227,-0.777,-0.069,-1.336,1
-0.421,1.062,-0.78,0.003,-2.031,-0.194,0.28,1.262,0
0.567,0.19,0.768,1.981,-0.396,-3.112,0.399,-0.819,1
0.616,1.513,0.577,-0.317,0.253,-0.059,-1.68,0.096,0
-0.651,-1.364,1.034,0.238,0.533,2.349,-2.232,-0.231,1
0.856,-0.68,-0.379,-0.813,2.161,-0.459,-1.719,0.6,0
1.218,-0.669,-0.85,-1.022,-2.134,-0.469,-2.182,0.429,1
-0.076,0.999,-0.198,0.48,0.512,1.259,-0.317,0.657,0
0.75,0.464,-1.282,1.232,1.493,0.719,0.611,0.608,0
-1.188,0.948,1.134,0.341,-1.628,-0.599,-0.497,0.111,0
-0.791,0.699,-0.976,-0.518,-1.075,-0.951,1.847,-1.745,0
-0.9,-0.102,-0.935,-0.349,-0.492,-1.06,-1.915,-1.209,1
-0.555,1.289,2.409,-0.645,-0.835,-0.165,0.074,-0.27,0
0.569,-0.568,0.794,0.043,-0.31,1.543,-0.151,2.658,0
-0.027,0.097,-0.935,0.145,0.722,0.66,-0.1,1.262,0
-0.777,-0.638,-0.22,-0.135,0.075,-0.182,1.03,-0.685,1
0.35,-1.003,-1.158,-0.103,1.189,0.422,0.873,-0.735,1
0.379,0.602,0.884,-0.527,-0.578,0.513,0.613,-0.188,0
1.657,-0.423,-2.27,-0.978,-0.88,1.299,0.542,0.644,0
0.704,0.42,0.049,-1.54,0.019,-0.021,-0.048,-0.768,0
1.214,0.523,-0.004,-0.17,0.267,-1.509,-0.352,-0.097,1
0.469,0.561,-0.813,0.275,-0.028,0.17,0.94,0.619,0
-1.553,0.402,0.486,-0.444,-0.026,-0.066,0.231,0.677,0
-0.057,0.361,0.781,-1.082,-0.2,-0.053,-1.232,0.781,0
-0.021,1.371,0.693,1.597,0.478,-0.193,1.078,1.056,1
-0.248,-1.682,1.218,0.696,-0.421,0.941,-0.381,0.388,0
0.995,-0.845,-1.191,0.17,-0.08,-1.468,0.608,0.935,1
0.991,-1.16,1.256,-1.069,-0.884,0.84,-0.651,-1.925,1
1.381,0.077,0.617,1.356,-0.709,2.441,1.182,-0.428,1
-0.336,1.146,0.833,0.396,0.721,1.367,-0.22,0.58,0
-2.765,-1.05,-0.05,0.11,-1.092,0.821,-0.154,-0.207,0
-1.543,1.432,0.514,0.694,-1.154,-0.058,0.541,-0.368,0
1.235,1.597,1.874,-0.505,-1.291,0.568,-2.115,-1.412,0
-0.046,-1.243,1.419,0.26,0.085,0.401,1.929,0.249,0
0.261,-1.303,-0.683,0.116,-0.737,1.907,0.654,0.035,1
0.277,0.217,1.087,-0.786,0.24,0.281,1.144,0.16,1
-0.932,-0.774,0.808,1.495,1.56,0.927,0.471,-0.68,1
0.748,-1.487,0.952,-0.771,0.348,-0.5,0.877,0.661,1
-0.66,1.624,-0.646,0.439,0.992,0.242,-0.666,-0.274,0
-0.942,-1.293,-0.142,-0.971,0.014,-1.502,0.353,-1.958,1
0.19,0.701,1.291,-1.555,1.269,-0.012,-1.408,0.729,0
1.411,0.131,-0.861,-0.4,-0.953,-0.187,-1.768,-0.318,0
2.247,2.352,0.312,0.401,0.611,-0.28,-0.25,-0.059,1
-1.076,-0.15,-1.637,1.594,1.517,0.811,0.618,-2.275,1
-0.787,0.637,-0.984,-0.566,1.567,0.798,0.063,0.899,0
-0.53,0.314,-2.164,0.508,-1.613,1.183,-0.886,0.269,0
-0.07,2.388,-1.594,0.904,0.085,1.521,-0.4,1.649,0
0.886,1.136,1.128,-1.443,-1.236,0.397,1.548,-0.699,0
-1.422,-1.787,-1.166,-0.243,0.627,0.037,1.83,-0.027,1
-0.717,-0.57,-0.443,0.874,-0.289,-1.716,0.278,0.217,1
-0.856,0.703,0.394,0.361,1.068,-0.489,1.113,0.915,0
0.028,-2.404,-0.593,-0.173,1.181,0.071,-0.353,-0.259,1
1.082,0.398,0.741,-0.348,-0.859,-1.611,-0.465,1.342,0
-0.373,-0.182,-0.604,0.026,1.149,0.267,0.135,-0.235,1
-0.157,-0.535,-0.361,-1.159,0.095,0.853,0.04,1.416,1
-2.021,-0.277,-0.51,0.471,-0.782,0.167,-0.177,-0.427,0
-0.714,1.372,-0.035,-0.152,-1.867,0.225,1.179,0.923,0
1.557,-0.266,2.323,0.941,0.122,-1.132,-0.131,1.049,1
0.982,1.216,-0.472,0.195,-0.03,0.123,-0.673,-0.089,1
-0.018,1.776,-0.54,0.125,0.524,-0.193,1.647,-0.738,0
0.529,0.88,-1.678,0.571,1.594,-0.693,-0.248,-1.895,1
0.254,0.444,-0.006,0.183,1.156,0.468,1.014,-0.149,1
-0.383,-0.706,1.266,-0.822,-1.351,0.089,-1.14,0.326,0
1.649,1.165,-0.368,-0.145,-0.422,1.946,0.257,-1.078,1
-0.779,-0.59,0.786,-2.247,-0.347,0.16,-0.661,-0.592,0
-0.379,-0.339,0.273,0.397,1.761,-0.323,-0.089,1.415,0
0.09,0.217,-0.683,1.587,0.796,-1.329,0.997,-0.053,0
0.778,-0.87,-0.502,0.619,1.394,0.15,-0.513,-0.04,1
-0.829,1.975,-0.24,-0.96,0.668,-3.278,0.186,2.114,0
0.087,0.069,0.728,0.609,-0.863,-0.865,0.235,1.212,1
-0.86,0.265,1.445,0.353,0.037,-0.879,0.408,-0.529,1
-0.584,0.603,2.279,-1.588,0.383,1.085,-1.344,0.419,0
1.264,-0.561,-0.053,1.18,0.106,-0.183,-1.703,-0.403,1
-0.972,0.878,-0.048,0.055,-0.053,0.476,-0.454,0.473,0
-1.02,-1.129,-0.566,0.104,-1.374,1.608,-0.494,1.594,0
1.519,1.14,-0.986,-1.632,0.061,0.036,0.545,-0.89,1
-0.422,1.142,0.136,0.933,0.552,-0.033,-1.017,-0.681,0
-1.215,0.936,-0.725,-0.583,-0.141,-0.532,0.098,0.767,0
-0.326,-0.723,0.295,2.256,-0.266,-1.356,0.017,-0.802,1
0.696,1.395,-0.356,-0.676,1.238,-1.674,1.673,0.901,1
0.941,-2.32,0.28,0.668,-0.606,-1.049,1.698,-1.788,1
-0.341,-1.449,1.309,0.174,-0.092,-0.415,-1.303,-0.472,1
0.242,-0.195,0.041,-0.974,-0.486,0.67,-0.683,-1.172,0
-1.753,0.228,-0.572,1.322,-0.011,-0.769,0.265,-0.864,1
-0.326,-0.53,-0.163,-1.79,-0.584,0.465,-0.72,-1.269,0
-0.25,-0.322,-1.451,0.344,1.368,0.021,-0.237,-0.95,1
-0.578,-2.435,-0.766,-0.237,-0.144,0.491,-1.55,0.987,1
1.344,-0.659,0.179,-0.913,-0.128,0.712,0.43,-1.19,1
1.107,0.27,2.168,-0.239,-0.476,-2.254,0.21,3.203,0
-0.039,-0.59,-0.231,1.59,-0.395,-0.586,-1.479,0.329,1
0.912,0.125,-1.155,1.045,0.804,0.06,1.256,0.142,1
2.182,2.15,0.294,-0.651,1.527,1.27,-1.513,1.104,0
0.114,-1.324,0.01,0.813,-0.845,1.24,-1.6,0.689,1
-0.968,-0.573,-0.094,-1.35,0.521,0.071,2.2,0.65,1
0.34,-0.7,1.233,-2.15,-2.368,1.034,0.996,-0.038,0
-0.94,-0.052,0.272,-0.96,0.095,0.887,2.421,1.079,0
0.643,0.926,-0.905,1.016,0.189,0.637,-1.633,-0.542,0
-1.101,-0.553,-0.433,0.89,1.339,-0.202,-1.133,1.795,1
-0.501,-0.429,-0.265,1.322,1.555,-0.177,0.049,-0.074,1
1.272,-0.093,0.914,0.261,0.926,1.494,0.787,-0.961,1
0.681,0.749,-1.721,0.231,0.21,0.39,0.701,0.045,1
-0.41,0.217,1.322,0.06,1.122,-0.582,-1.502,1.13,0
1.246,1.613,1.025,0.092,1.156,-1.112,0.022,0.421,0
-1.616,0.16,0.404,-2.558,0.958,1.417,-0.167,0.072,0
0.302,-1.015,0.623,1.051,0.382,0.188,-0.411,-0.363,1
-0.312,0.205,0.657,1.702,1.076,-0.857,-0.24,0.982,1
-0.824,0.869,-0.902,-1.182,0.351,-0.14,-0.659,0.063,1
1.042,0.609,-0.978,1.09,-1.974,1.004,-0.247,-1.129,0
0.818,-1.451,-0.576,0.036,0.15,-1.019,0.569,0.999,1
0.541,0.038,0.686,1.044,-0.263,-1.308,-0.982,0.374,1
-0.442,0.056,-0.615,0.468,-0.454,-1.095,-0.466,0.39,1
1.454,0.364,1.155,-0.947,-0.228,-0.216,-0.675,0.813,0
0.359,-0.965,-0.382,-1.147,1.087,-1.139,0.979,1.227,1
2.003,1.139,0.846,-0.347,-0.104,-1.142,1.083,1.53,0
0.303,-0.41,-0.443,-0.731,-0.725,-0.195,-0.142,-0.52,0
1.082,0.827,1.147,1.245,-0.101,-0.71,1.625,0.847,1
0.691,-0.303,-0.928,0.825,0.347,0.019,-0.313,-1.933,1
0.712,0.75,0.402,-0.436,1.679,-1.662,-0.663,1.39,0
0.44,0.15,-0.516,0.381,-0.901,-0.363,1.456,1.349,0
-0.872,-1.569,-0.513,-0.373,1.301,0.213,-0.912,1.213,1
-0.693,-1.538,-0.874,0.669,0.205,-0.978,-1.411,0.039,1
-1.957,-0.635,0.57,0.573,-0.311,-0.742,-0.008,0.917,0
2.325,-0.322,0.495,-0.193,0.381,0.396,0.746,-0.871,1
1.724,1.207,-0.833,-0.016,0.869,0.98,1.259,-0.82,1
-0.875,0.23,0.641,3.033,-2.165,0.154,0.101,1.248,0
0.775,1.072,-0.56,-1.667,-0.469,0.308,0.986,3.409,0
-0.542,-0.7,0.557,-0.402,-0.101,0.808,-1.006,-0.19,0
0.612,-0.193,0.545,0.058,-0.284,0.024,1.065,-0.081,0
1.659,-0.803,-0.699,2.212,-0.194,-0.297,1.756,-0.345,1
0.804,1.341,1.872,1.55,1.129,-0.317,-2.445,-2.278,1
-0.621,0.925,-2.016,-0.039,0.331,-0.081,0.1,-0.275,0
1.345,-0.398,0.14,-1.961,-1.13,-1.883,-0.592,2.511,1
-1.296,0.112,-0.957,-0.472,-0.295,-1.493,0.392,-1.252,1
0.417,0.825,1.982,0.664,-0.824,3.589,0.887,-1.247,0
-0.441,-0.846,0.263,-0.925,1.449,-0.887,1.023,-0.039,1
0.755,-1.073,-0.521,0.19,0.434,1.367,-0.865,-2.135,1
-0.837,0.337,-1.664,-0.668,-0.436,0.362,-0.845,-0.184,0
-0.312,1.785,1.074,-0.584,0.974,0.841,0.64,-1.007,0
-0.878,0.229,0.477,-1.122,-0.823,-0.901,0.855,-2.821,1
-1.637,0.02,0.467,-0.772,0.038,0.422,-1.459,1.534,0
1.367,1.298,0.247,-1.034,-0.638,0.431,1.104,-0.488,0
-0.455,-1.656,-1.256,1.329,1.45,0.329,-0.133,1.284,1
2.273,2.608,-0.473,-1.211,-1.136,0.204,-0.338,-1.021,0
0.075,-0.425,1.657,-1.32,-1.177,-0.443,0.239,0.114,1
-0.757,0.503,-2.095,-0.19,-0.421,-0.589,0.649,0.349,0
0.332,2.652,1.272,0.018,-0.298,-2.54,0.204,0.162,0
-0.592,-1.306,1.446,0.774,1.309,1.107,1.985,1.515,1
-0.38,1.418,0.271,1.251,1.294,0.727,1.957,0.453,0
0.114,0.609,0.368,0.783,-0.356,2.692,-0.846,1.325,0
-0.872,-0.027,-2.057,1.042,-1.133,0.641,0.669,-0.265,0
1.507,0.649,1.021,-0.01,-1.202,-1.819,1.906,-0.014,1
-1.405,-0.857,-0.124,-0.837,0.281,-0.115,-1.167,-0.38,1
1.34,0.543,0.057,-2.282,0.23,-1.296,1.12,1.401,0
0.656,-0.326,1.644,1.06,-0.339,-1.663,0.608,1.281,1
-0.47,-1.327,0.822,-0.669,1.874,-1.152,-1.149,0.317,1
1.403,-1.197,-0.952,0.858,1.545,1.471,1.197,1.833,1
-0.683,0.036,1.381,0.324,0.275,0.495,0.035,-0.423,1
-0.97,-0.47,0.911,-0.466,-0.285,1.235,-0.041,-0.934,0
0.056,1.027,-1.271,-0.713,-0.771,-0.321,2.392,1.059,0
1.103,1.173,-1.242,0.685,-0.69,0.283,0.584,0.637,0
1.059,-0.451,0.15,-1.331,-1.533,-0.562,0.45,0.295,0
-0.118,0.342,1.769,0.14,-0.186,1.438,0.326,-0.656,0
0.221,0.697,1.234,0.841,0.267,-1.003,0.957,-0.386,1
-0.753,-0.974,-0.792,0.333,0.053,0.369,1.722,0.215,1
-1.012,0.587,-0.282,0.252,-0.481,1.297,1.536,0.334,0
-0.778,0.891,-0.018,-0.411,0.52,0.131,-0.325,0.655,0
-1.121,-0.287,-0.129,-1.669,0.851,0.623,0.453,-0.598,0
-0.577,0.462,-1.225,1.692,-0.196,-0.19,0.394,0.849,0
-1.668,0.649,-1.685,-1.906,0.096,0.661,-0.627,1.375,0
-1.066,1.965,0.211,-0.748,0.442,-2.06,-0.108,0.577,0
1.761,0.958,-1.674,0.51,0.557,0.263,1.109,1.596,0
-0.382,0.483,-1.227,-0.354,1.063,-0.727,1.722,0.664,0
-0.603,-0.163,0.193,-1.522,0.574,0.223,0.972,-0.231,1
0.023,-0.3,-1.55,-0.59,0.978,0.051,0.089,-0.622,1
-0.583,0.653,0.61,0.591,0.89,-1.382,-0.56,-0.806,1
0.762,-0.859,0.885,0.493,0.016,0.089,1.099,-1.041,1
1.336,-0.528,-0.968,1.21,-0.112,-0.052,-0.252,-0.514,0
-0.607,0.904,0.959,-0.695,-0.6,-0.238,-0.66,-0.144,1
1.627,-2.764,1.788,0.175,-1.455,-1.276,-0.013,-0.934,1
0.282,1.745,-1.992,-0.498,0.394,1.476,-1.317,2.015,0
1.292,1.393,-0.285,0.12,2.401,0.94,2.148,-0.359,1
0.249,-1.206,0.237,-0.164,0.155,0.474,-0.224,0.927,0
-0.964,-1.625,-1.692,-0.102,-0.364,-2.315,1.251,-1.458,1
-0.072,-0.91,-0.41,0.267,-2.543,1.242,-1.045,0.98,0
-0.174,-0.409,1.657,0.811,-2.459,-0.891,1.538,-1.628,1
-1.212,1.157,2.964,-0.147,0.149,0.07,0.727,1.641,0
-1.437,-1.265,0.35,-0.472,0.339,0.598,-0.314,-0.499,1
0.66,0.997,0.555,0.457,0.664,-0.534,-2.0,-0.384,0
0.078,-0.404,-1.776,-0.619,-2.073,-0.545,-1.301,0.278,0
-0.288,-0.074,-1.156,1.52,-0.604,1.638,0.721,1.855,0
-0.327,0.809,0.122,-0.09,-0.473,-1.359,0.698,0.415,1
-0.452,0.573,-1.049,1.033,0.125,0.914,-1.046,-1.939,1
0.665,1.933,0.067,-0.207,1.113,-1.231,1.099,1.208,1
-0.159,-1.046,-0.337,-0.722,-0.024,0.045,-1.579,-0.328,1
-0.577,-1.104,1.703,0.522,-3.174,0.22,-1.805,-0.398,0
0.288,-0.811,1.083,2.025,-0.588,0.734,0.366,0.282,1
-0.994,0.03,-1.139,1.405,0.014,-0.347,0.808,0.834,1
-0.465,-0.22,-0.833,0.877,-0.11,-1.363,-0.205,-0.632,1
0.765,-1.606,-0.472,-1.598,0.064,1.601,0.4,-0.608,0
0.14,0.73,0.142,-0.798,-0.836,-0.511,-0.183,-1.136,1
0.999,-1.71,1.385,1.258,1.892,0.583,0.036,-1.006,1
0.559,0.225,-0.093,-0.285,-0.684,-0.875,1.546,2.089,0
-1.328,0.68,1.069,-1.767,-0.107,1.205,-1.158,-0.645,0
0.75,-0.003,-1.134,0.34,0.79,0.157,0.657,2.02,0
-0.02,-0.006,1.098,-0.328,0.82,-0.407,1.201,1.504,1
-1.452,-0.398,1.203,0.396,-1.372,-0.441,0.828,-1.23,1
0.862,1.336,0.356,0.113,1.611,0.275,-1.696,0.129,0
-1.52,1.075,-0.277,2.161,-1.337,1.419,-0.493,-2.073,1
0.511,0.942,0.613,-0.867,-1.593,-2.028,0.991,-0.835,0
-0.233,1.291,1.649,0.422,-0.711,1.45,-0.317,-1.265,0
-1.439,-2.482,-0.578,1.232,0.464,-1.225,0.489,0.002,1
-1.61,-0.802,0.708,-0.168,-0.206,-1.393,-0.34,0.512,0
0.486,0.62,-2.372,0.665,0.451,-1.248,-0.632,-0.845,1
2.788,2.786,-0.209,-1.968,1.126,-0.84,0.289,-0.139,0
-0.31,-0.125,0.852,-0.69,0.971,-1.062,-0.496,-0.938,1
0.166,0.972,-0.84,-0.176,-0.326,-0.152,-0.637,-0.524,0
0.353,0.718,-0.355,0.131,-0.502,0.261,0.837,-2.296,1
-0.462,-0.623,-1.198,-0.391,0.093,-1.277,-1.149,0.206,0
1.244,0.555,1.381,0.395,-0.508,0.14,0.317,-0.468,1
0.114,1.148,0.074,1.06,-2.15,-0.24,0.833,0.466,0
1.335,0.45,1.712,-0.546,-0.002,1.295,-0.931,-1.016,1
1.311,1.633,-1.941,1.03,-0.47,0.13,1.545,0.905,0
2.194,-0.724,2.385,0.87,1.617,1.059,1.278,0.682,1
-0.279,-0.516,0.043,-1.019,0.191,0.249,-0.339,0.761,0
-0.142,-0.355,0.384,1.512,-0.265,1.493,-2.455,-2.398,1
0.059,0.152,0.632,-1.74,-1.815,1.305,-0.696,1.006,0
-1.573,-0.111,0.604,-1.042,-1.387,-0.674,-1.348,0.853,0
-1.305,-0.385,0.774,-0.46,0.658,0.882,-0.641,-1.067,0
0.123,0.129,-0.986,-1.039,-0.582,-0.195,-1.461,-0.988,0
-0.801,0.054,-0.778,0.567,-0.949,0.059,-1.49,-0.657,0
-0.851,-1.5,-0.934,0.308,1.792,-0.454,0.133,-0.358,1
-0.324,0.865,0.376,-0.772,-0.417,0.586,0.916,-0.295,0
-1.773,0.907,1.105,-0.552,-0.593,-0.08,-0.444,0.244,0
0.36,0.196,-0.124,-0.146,0.792,-0.15,-0.635,0.12,1
-1.567,0.328,1.562,0.756,0.976,-0.426,0.489,-0.273,0
-1.153,0.301,1.282,-0.378,0.945,-0.043,-1.256,0.627,1
0.493,-0.03,1.243,-0.326,0.86,-0.749,0.045,1.103,1
1.708,-0.076,0.449,0.176,0.827,-0.131,0.938,0.111,1
-0.531,-2.204,1.055,-0.251,-0.171,-1.206,1.298,1.207,1
0.594,0.743,1.502,-0.736,-0.1,-0.236,-0.982,1.125,0
0.337,-0.85,0.328,2.019,0.137,-0.621,-1.174,-0.276,1
-0.128,-0.152,1.183,0.683,-0.524,0.259,1.303,-0.628,1
0.84,0.014,1.248,-0.16,-0.319,0.973,1.071,0.278,1
2.156,-0.824,0.42,0.523,-1.049,-0.501,0.261,2.012,1
-0.187,0.31,0.754,-0.619,-0.099,0.135,0.732,1.126,1
-0.841,-1.637,0.026,-1.138,-1.253,0.103,-0.166,0.676,1
-2.152,0.073,-0.805,-0.901,-1.139,0.363,0.202,1.415,0
2.019,-1.806,-1.62,0.392,-0.023,0.599,0.176,-0.52,1
2.173,-1.902,0.137,1.514,-0.232,0.341,0.961,0.536,1
0.523,-0.09,-0.044,-1.308,-0.685,-0.742,-1.112,0.04,0
-1.291,0.038,-1.569,-0.281,0.896,-2.148,1.165,1.911,0
0.255,-0.334,1.241,0.741,1.934,0.82,0.162,-0.724,1
-0.117,-1.047,-0.548,-0.532,-0.534,0.216,-0.541,-1.102,1
-1.28,0.561,-1.036,-0.15,0.404,-0.486,1.234,-1.875,1
0.169,-1.376,-0.956,-0.262,1.026,-1.391,-0.224,-0.74,1
0.622,-0.078,-1.961,-0.712,-1.032,0.507,0.928,0.476,0
0.293,-0.656,0.035,0.508,-0.824,1.729,0.316,-0.498,0
-0.008,0.496,0.649,1.172,-0.938,-1.204,-0.94,-0.16,0
-0.405,-0.212,-1.263,0.958,-0.459,-0.067,-0.907,-1.091,1
-0.828,0.028,-0.756,1.787,1.13,1.253,-0.136,-1.62,1
-0.304,-1.959,2.073,-2.919,0.237,1.758,0.019,-1.051,1
-0.562,-0.754,0.918,0.976,-0.566,1.883,0.104,-0.523,0
-0.851,0.127,0.776,-1.264,-1.099,-0.395,-0.041,0.397,0
3.593,0.702,-0.865,1.062,1.423,-0.339,0.855,0.89,1
-1.19,-1.469,-0.295,-0.062,0.21,-0.431,-1.957,-1.32,1
0.458,1.089,1.838,0.876,-2.907,0.508,0.995,0.796,0
0.221,2.045,2.215,-0.416,-0.128,0.884,-1.016,-0.575,0
1.272,-0.337,-0.471,0.776,0.449,-0.623,-0.759,0.383,1
0.276,0.59,-1.331,2.998,-0.876,0.298,-0.121,0.583,0
0.226,-0.288,0.301,2.198,-0.342,0.576,0.067,-1.044,1
-0.081,0.743,-0.621,0.236,-0.2,-0.568,1.275,0.657,0
0.876,-1.279,0.131,-0.128,0.141,-1.42,-1.227,1.245,1
-0.499,-0.061,-0.92,2.463,1.809,0.089,-0.275,0.853,1
-0.946,0.742,-0.267,-0.497,-1.551,-0.841,-1.202,-0.125,0
-0.965,-0.443,0.003,0.481,0.463,-0.989,0.362,-0.264,0
1.131,-0.866,0.594,1.748,1.651,0.332,-0.241,-0.666,1
0.472,0.036,1.116,0.692,0.476,-0.212,0.421,0.177,1
0.241,-0.302,-0.354,0.858,0.084,-2.327,0.429,1.492,1
-0.396,-0.258,0.434,1.768,-0.538,-1.129,1.624,-0.956,1
-0.625,0.207,-0.533,-0.427,0.283,1.808,0.345,0.836,0
1.618,-0.179,0.389,-0.424,1.836,-0.575,-1.192,-1.291,1
-0.579,1.034,0.129,-2.273,-2.012,0.276,-1.27,-0.951,0
-1.718,-0.787,0.337,1.416,-1.319,-0.416,-0.897,-0.605,1
1.031,-1.906,-0.564,-1.442,0.057,-2.146,-0.147,2.44,1
1.222,0.711,-0.406,0.391,-0.892,1.663,0.212,-1.104,0
-0.817,0.528,2.106,-0.509,-1.314,-0.59,1.344,0.989,1
-0.186,-0.326,0.111,-0.609,-0.339,1.677,-1.68,-0.113,0
-1.17,-0.07,-0.235,-0.128,-0.203,1.407,1.44,1.046,0
-1.2,-1.37,0.577,0.895,-1.016,-0.243,1.001,-2.335,1
0.265,-1.219,0.405,-0.63,0.791,0.408,-0.049,-1.316,1
0.725,1.01,-2.35,0.884,-0.186,-0.314,-0.244,-1.124,1
1.85,-0.969,0.486,0.506,1.506,-0.976,-0.606,-0.487,1
1.113,-0.685,-0.878,-0.588,-0.367,-1.287,0.717,0.865,1
0.66,0.708,-0.409,1.863,0.047,-0.785,-0.678,-0.797,1
0.462,1.234,0.507,0.427,0.236,0.109,3.124,0.376,1
-0.512,-1.963,-1.501,1.246,0.463,1.008,-1.252,0.392,1
0.021,-0.249,-0.877,-0.65,-1.518,0.195,-0.066,0.112,0
1.068,1.404,0.139,0.695,-1.151,-0.347,-2.196,0.866,0
-0.246,1.732,0.412,-1.778,-0.059,-0.309,0.271,-0.985,0
-0.397,0.645,-1.328,-0.152,-0.386,-1.75,1.225,-0.473,1
-0.064,0.159,0.02,-0.495,1.746,0.58,-0.112,-0.52,1
0.195,-0.75,-0.382,-0.641,1.626,0.857,0.158,1.888,0
0.208,0.495,0.12,-0.572,0.841,-0.162,0.107,0.577,1
-0.555,-0.098,-0.737,-0.618,-0.578,-0.803,-1.486,-0.356,0
0.37,0.919,0.797,-0.958,-1.181,-1.445,-0.341,1.719,0
0.572,-0.546,-0.345,-0.305,-1.185,0.282,1.549,0.649,0
0.426,0.332,-1.387,0.287,2.626,-0.898,-0.245,0.019,1
1.171,1.296,-1.107,-0.261,-0.498,0.567,-0.324,1.306,0
-1.429,-0.484,1.221,-0.52,-0.062,-0.349,-0.821,-1.046,1
-0.332,-0.602,0.015,0.471,1.161,1.227,-0.579,-2.224,1
-2.159,-0.381,-0.048,0.856,0.436,-0.933,-1.254,-0.281,0
0.827,0.314,-1.066,1.06,-1.245,0.322,0.269,-1.59,0
0.218,-0.494,0.865,0.978,-1.555,1.109,-0.274,0.592,0
-0.516,-1.466,0.742,-0.08,0.786,0.665,-0.508,-1.62,1
-1.449,-0.516,-0.571,-0.214,0.683,0.488,-0.005,1.035,0
0.822,-0.607,1.106,0.211,-0.184,0.588,-0.884,0.504,1
0.306,-0.544,-0.572,0.225,0.033,-0.385,-1.202,-0.585,1
0.743,0.381,0.365,2.048,-0.694,-0.842,-0.859,0.537,1
0.692,0.734,-2.545,0.747,0.518,0.017,2.778,1.266,1
-0.474,0.714,0.862,2.178,1.37,-1.021,-0.347,-0.168,1
-1.283,-2.23,0.253,-0.158,0.798,-0.755,-0.104,-0.084,1
0.453,0.725,1.046,0.57,2.019,-1.908,0.274,0.39,1
0.061,-0.228,1.302,-1.01,0.319,-0.9,0.917,0.5,0
0.214,1.239,0.083,-0.934,2.226,-1.701,0.095,-0.452,0
-1.03,0.568,-0.198,-1.432,0.285,0.762,-1.164,-2.007,0
0.409,-0.014,0.323,1.945,0.091,-1.663,0.513,-0.155,1
0.017,0.813,-0.284,0.276,-0.226,0.502,0.534,-1.004,1
-0.79,0.53,0.839,-0.889,-0.151,0.827,2.058,-1.79,1
-1.291,-0.815,0.531,-1.214,0.354,0.459,-0.159,0.72,0
-0.01,0.24,0.733,2.278,-0.6,0.452,-1.132,-0.151,1
0.046,-1.161,-1.52,0.329,-0.211,-0.203,2.425,2.135,0
1.061,0.966,0.966,-0.127,-0.116,-0.001,1.529,-1.235,1
-0.206,-0.314,-2.401,1.392,-0.348,1.132,0.35,0.035,1
0.231,-1.229,0.536,1.359,-1.147,0.252,-0.447,0.311,1
1.788,-2.086,-1.77,-0.303,-1.13,-0.743,0.067,0.653,1
0.67,-0.587,-0.017,-0.23,1.096,-0.47,0.585,-0.029,0
-0.569,-1.057,-0.982,-0.882,-0.233,0.624,0.434,-1.168,1
-0.679,0.363,0.139,1.196,-0.736,1.97,-0.279,-1.248,0
-0.884,-0.071,0.763,1.504,0.678,-0.509,-1.557,0.438,1
1.809,-0.954,-0.065,-1.378,1.245,-1.366,-0.453,-1.822,1
1.143,0.185,-0.707,1.05,1.787,-0.35,-0.829,0.13,1
-2.172,0.857,-0.469,-0.397,-0.92,1.649,1.556,1.766,0
-0.518,0.305,-1.18,-0.227,-0.676,0.962,0.188,-0.667,0
-1.099,0.592,-0.484,0.916,-0.986,0.133,-0.295,0.105,0
0.612,1.275,-0.24,-1.69,1.347,-1.306,-0.314,-2.861,1
-0.091,0.288,0.523,-0.714,-1.685,1.455,-0.374,-0.158,0
2.2,-1.203,-0.965,0.56,1.24,-1.548,0.786,1.14,1
-0.118,-0.27,-0.518,0.337,0.283,2.946,0.054,0.968,0
-0.934,-0.361,-0.877,1.078,0.587,0.234,0.313,-0.534,1
-0.444,-0.377,1.162,0.737,0.321,0.897,1.379,0.826,1
1.107,0.705,-0.537,-0.226,-1.401,-0.801,-0.479,1.126,1
-0.132,1.147,-3.5,-1.939,0.438,-0.256,-0.439,1.153,0
3.017,-0.084,0.227,0.188,-0.165,-0.854,-0.235,-0.902,1
-0.192,-0.795,-0.748,0.546,1.65,-1.093,-0.882,1.797,1
0.553,0.334,-0.124,0.034,-1.105,1.484,1.032,-0.091,0
0.756,-2.343,0.741,-0.145,0.054,-0.795,-0.257,-1.667,1
0.834,1.598,-1.541,1.109,-0.025,1.104,-1.099,0.581,0
-0.071,0.04,1.616,-0.872,0.868,0.406,0.83,0.977,0
0.995,-0.249,-0.362,-0.027,1.143,-0.433,0.783,0.172,1
0.569,-0.59,0.308,2.108,0.163,0.297,0.831,0.485,1
-1.196,-1.892,1.13,0.635,-1.777,0.625,0.689,-0.765,1
0.391,0.137,-0.745,0.014,-1.819,0.795,0.045,-0.09,0
0.426,0.058,-0.281,0.066,-0.504,0.611,1.714,-0.249,0
-1.437,-1.051,-0.794,-0.876,-0.134,0.409,-1.406,1.006,0
-0.734,0.589,-0.107,-1.734,0.052,-0.298,-0.842,-1.765,1
-0.069,1.234,-0.056,-0.943,0.701,-0.306,0.523,-1.644,1
-2.705,-0.617,-1.502,1.088,-1.792,-0.159,-1.23,-0.859,1
0.523,-1.681,0.072,2.093,0.346,-0.658,1.023,-0.936,1
1.655,-0.206,-0.975,-1.981,0.819,-1.179,-0.414,2.833,0
-0.534,-0.464,-1.363,-0.02,-0.563,0.116,-1.238,-2.021,1
1.027,0.937,-0.326,-0.475,0.53,-0.312,-0.088,0.94,0
1.497,-0.872,-1.158,-0.891,-1.764,-0.766,1.934,0.675,0
-0.556,-0.659,0.324,-0.356,-0.352,0.992,1.059,1.517,0
-1.049,-0.227,0.081,-0.321,1.613,-0.073,-0.237,-0.337,0
-1.103,1.179,0.293,1.218,-0.314,-0.124,0.01,-0.956,1
-0.462,-0.498,1.54,-1.34,0.235,-0.859,0.593,-1.947,0
0.655,1.074,-2.605,0.688,0.046,-1.394,0.903,0.341,0
-0.456,1.008,1.589,-1.281,0.285,2.322,0.565,0.624,0
1.415,0.247,0.797,-0.601,-0.914,0.864,-0.334,0.252,1
-0.645,0.078,0.44,-1.048,0.826,0.055,0.059,1.403,0
2.434,-0.634,0.659,-0.015,1.926,1.477,0.477,0.218,1
0.634,0.217,-0.147,-0.117,0.786,1.148,-1.313,-0.998,0
-0.271,0.945,0.488,-0.37,0.42,-1.758,-1.399,0.525,0
0.315,0.118,-0.682,-1.105,-0.864,-0.207,-0.437,0.228,0
0.483,0.381,1.35,0.167,2.693,-0.417,1.042,0.672,0
0.404,1.999,2.081,0.072,-0.257,0.056,-2.065,-0.096,0
-1.304,-0.239,0.464,-0.986,-1.224,0.407,0.151,1.183,0
1.925,0.166,-0.318,-2.603,-0.815,0.206,0.812,-0.214,0
-2.992,-1.561,-1.162,-0.013,-0.583,0.359,-0.432,-0.555,0
0.925,-0.174,1.676,-1.228,0.376,0.439,0.755,0.391,0
0.935,-1.409,0.831,-0.857,0.456,0.175,-0.691,0.72,1
0.165,0.021,1.804,-0.745,-0.031,0.063,0.518,-0.235,1
-0.155,1.787,0.481,-0.321,-1.302,0.321,-2.104,2.026,0
-0.98,0.78,1.179,0.961,-0.083,0.332,0.433,1.344,0
-0.752,-0.27,-0.505,-0.42,1.38,0.351,0.134,-0.143,0
0.971,1.36,0.268,-1.061,0.041,0.358,-1.529,2.574,0
-0.563,-2.264,-0.486,0.268,-0.758,-2.547,-0.437,0.629,1
-1.864,-0.348,0.039,1.832,-0.338,1.144,0.072,0.295,0
1.208,-1.533,-0.597,1.157,0.678,0.41,1.043,-0.479,1
-0.869,-0.993,1.126,1.681,-0.31,1.207,-1.509,-0.203,0
-2.285,0.447,0.564,-0.436,-0.285,0.354,-0.013,-0.515,0
1.147,0.294,0.107,1.137,0.763,-0.565,0.715,1.423,1
-0.227,0.56,0.021,-0.919,-1.42,0.075,-0.777,-0.189,0
-0.535,0.869,0.092,1.843,-0.134,0.815,-0.547,0.564,0
-0.995,1.863,1.82,0.866,-0.43,-2.452,0.547,1.398,0
0.323,2.211,0.298,0.105,1.205,2.394,-0.101,0.061,0
-0.148,0.311,-0.735,-0.919,0.478,-1.412,-0.723,0.102,1
-1.873,1.141,-2.121,0.091,0.819,1.381,0.712,-0.434,0
-2.8,-0.647,-1.296,-1.155,0.259,-1.221,0.166,-0.864,0
-1.329,0.595,-0.365,-0.03,-0.561,0.432,1.137,-0.629,1
-1.232,2.064,0.738,-1.453,-0.229,-0.375,2.221,1.406,0
-0.883,-0.641,-2.294,2.109,1.238,-0.106,-0.822,-0.245,0
0.004,-1.107,-0.579,0.049,0.351,0.924,-0.647,-0.036,0
0.39,0.325,-1.021,2.455,-2.619,-0.232,0.433,-0.644,1
-0.244,-1.492,0.157,-0.414,-0.081,-1.107,-0.203,0.382,0
0.782,0.085,1.039,0.012,0.998,1.971,-1.083,0.719,1
1.145,0.155,-1.467,0.896,1.615,0.854,0.952,0.09,1
-1.443,-1.578,0.171,-1.446,1.32,1.099,-1.016,0.383,0
-0.705,0.449,-0.271,0.642,-1.647,0.194,0.529,-1.624,0
-1.789,1.49,-0.937,-1.274,-1.704,2.762,-1.348,-0.525,0
-1.227,0.112,0.64,0.913,0.434,0.655,-1.354,-0.27,1
1.066,1.524,-0.48,0.599,0.245,-1.213,-1.549,-0.502,0
0.908,2.241,0.545,-2.515,1.086,1.926,0.415,-0.088,0
0.801,0.382,-0.522,0.62,0.057,-1.552,-0.798,-1.125,1
1.235,1.067,-2.019,0.904,0.689,1.412,-0.557,0.81,0
0.203,0.957,-2.654,0.193,0.462,-1.316,-0.899,-2.154,1
-1.865,0.903,-1.076,1.184,-0.074,0.758,-1.032,-0.103,0
1.192,0.915,-1.533,-0.752,1.969,0.888,-0.158,-0.176,1
0.709,-0.121,-0.567,0.154,-0.352,-0.348,0.512,-0.77,1
2.057,-1.759,1.01,-1.168,-0.261,1.644,1.388,-0.113,1
0.169,-0.213,-0.186,1.282,1.188,0.519,0.7,-1.119,1
0.079,1.354,-0.423,0.076,0.133,-0.442,-0.525,-0.106,0
1.334,-0.505,0.472,-1.988,0.326,-1.141,0.023,-1.638,1
-0.738,-0.797,1.112,0.62,-1.135,0.58,-0.343,0.201,0
-0.369,1.037,0.783,0.643,-1.318,0.978,-0.825,0.356,0
0.066,-0.965,1.828,-0.25,0.222,0.353,-0.343,-0.248,1
0.766,-1.146,-0.86,1.613,-0.125,-0.541,-0.765,0.947,1
-0.475,-0.824,2.154,0.693,0.78,-0.469,1.023,1.213,1
1.069,-0.46,-1.285,-0.943,1.986,0.524,1.408,-1.426,1
-1.14,1.305,0.09,-0.294,-0.354,0.565,0.844,-1.284,0
0.723,-0.192,-0.835,1.338,-0.085,1.284,0.52,-0.059,1
0.666,0.638,-0.221,1.597,0.021,-1.299,-0.447,0.702,1
1.279,-0.933,0.026,-0.451,-0.57,-0.3,0.424,-0.13,1
-0.567,0.265,0.062,1.655,1.15,-0.053,-0.188,0.553,0
0.332,-0.023,0.403,-0.224,-1.045,-1.336,1.437,0.065,1
0.247,1.61,0.806,-0.22,1.337,-1.346,-2.621,0.838,0
-3.202,0.726,-1.151,-1.238,0.113,0.727,-0.378,2.49,0
-0.296,0.234,0.698,0.574,0.474,1.345,1.041,-0.682,0
0.382,-1.412,-0.363,0.508,-1.693,1.433,0.45,-0.123,1
1.017,0.229,-0.338,-0.933,-0.978,-0.516,-1.272,-1.432,1
-0.464,1.009,1.038,-0.66,-1.095,-0.944,0.342,1.824,0
-0.485,-1.459,-0.511,-0.548,0.014,-0.998,-1.631,-1.083,1
0.655,-0.687,-0.043,3.331,0.077,0.645,-0.909,-1.3,1
1.541,-0.834,-0.118,1.191,1.371,-0.843,0.233,-0.655,1
-0.214,-1.503,0.318,-0.913,0.465,-0.58,-2.232,2.733,1
-0.513,0.43,-0.234,-1.539,-1.331,-0.468,0.15,0.101,0
-0.896,1.158,0.859,-0.197,-1.396,1.182,-1.055,-0.765,0
0.594,-0.691,-0.108,-2.49,1.416,0.277,1.243,-1.008,0
0.979,0.197,-0.687,-0.58,-0.482,-0.33,0.282,-0.806,0
-1.097,-0.002,0.242,-0.107,1.525,-0.167,0.717,0.438,0
0.066,0.299,1.078,0.649,0.229,-0.715,-0.805,1.046,1
0.595,-0.176,0.081,0.216,1.263,-1.365,-0.284,1.712,1
1.738,0.329,0.653,-0.469,-0.344,1.175,0.851,-1.302,1
0.529,-1.338,-0.043,1.012,-1.698,-4.113,-0.374,-0.122,1
0.106,-0.769,0.44,0.347,-2.176,-0.52,0.502,0.163,0
-0.02,-0.848,0.405,1.723,0.235,-0.8,-0.212,-0.259,1
1.336,0.922,-0.023,0.698,0.917,0.04,-0.67,-0.512,1
-0.115,0.531,-0.447,-0.347,-1.425,0.102,0.527,1.119,0
0.995,0.806,-0.09,0.763,0.093,-1.24,1.325,0.943,1
0.744,1.109,-1.133,-1.464,0.25,-1.949,-0.731,0.16,1
0.488,0.897,-0.952,1.303,-1.012,-0.319,-0.453,-1.836,1
0.774,-1.091,-0.926,-0.418,0.232,1.76,0.213,0.205,0
0.298,-0.317,1.247,-0.122,0.467,1.05,-1.055,-0.631,1
-0.351,-0.025,-0.585,0.285,-0.221,0.42,1.823,-1.431,1
-0.298,0.924,-0.548,-1.563,1.047,-0.155,-0.434,0.468,0
1.402,-0.284,0.768,0.134,-0.663,1.412,-0.643,-0.003,1
0.754,-1.654,1.041,-0.587,-0.762,1.381,-1.313,0.807,0
-1.369,-2.221,0.805,-0.242,0.434,0.851,-0.34,-1.427,1
-2.536,0.294,-0.429,-0.397,-0.68,0.543,-2.12,-1.883,0
0.02,0.26,-1.056,0.134,1.743,-1.022,0.084,0.824,0
0.024,0.346,1.097,-2.195,-1.377,-0.741,0.131,1.431,0
-0.453,0.51,1.75,-0.511,-0.082,-0.598,-0.314,-1.394,1
1.431,1.145,-0.172,1.714,0.371,-2.103,-0.365,-0.068,1
0.219,0.385,-1.636,-1.014,-1.48,-1.041,-0.256,-0.834,1
1.811,-0.057,0.369,-0.995,0.342,-0.111,1.192,0.542,1
0.214,-0.323,-0.326,0.945,-0.36,1.674,0.818,0.733,0
0.864,-0.253,-0.209,0.229,-0.87,-0.445,-0.56,1.137,0
-0.106,-0.676,-0.295,-1.417,-1.247,-1.785,1.453,0.165,0
0.356,-0.796,-1.935,2.304,0.281,-0.174,0.319,0.455,1
-1.103,-1.651,-0.387,1.017,-0.112,-2.029,0.192,0.473,1
0.105,-0.198,-1.029,0.327,0.044,0.204,-1.526,0.108,1
-0.833,2.245,1.103,0.81,1.629,-0.392,-0.253,-0.174,0
-1.842,-0.551,1.571,-0.628,-1.916,0.386,0.218,1.126,0
-0.834,0.149,-0.14,-0.477,2.574,0.098,1.273,-2.167,1
2.555,0.472,-0.623,0.069,0.615,-0.321,0.458,-0.508,1
0.672,-0.028,2.399,-1.12,0.341,0.151,-0.989,-0.506,0
-1.987,-0.006,-0.974,0.241,-1.413,1.93,1.738,0.321,0
0.688,0.415,-0.917,-0.871,-0.913,1.109,0.719,0.872,0
-0.51,0.909,-0.17,0.752,0.241,-1.514,-0.573,-1.418,1
-1.484,-0.672,-1.667,0.655,1.198,0.738,0.75,-0.397,1
0.88,-0.449,-1.599,-0.821,0.177,1.918,-1.826,-0.064,0
0.656,-0.086,0.474,1.218,1.901,-0.363,-0.832,0.236,1
-0.077,-0.855,-0.462,-0.381,0.858,0.337,-0.531,-1.183,1
-1.778,0.178,-1.605,0.286,-0.224,1.393,1.151,0.53,0
-0.433,-1.142,-0.538,-0.143,-0.386,1.898,-0.767,0.459,0
-0.439,-0.067,0.186,-1.287,0.062,0.111,-0.063,-0.58,0
-0.88,-0.316,0.55,-0.991,-1.006,0.753,-0.129,0.721,0
-0.629,-0.121,-0.195,1.607,1.429,-0.552,-0.949,-0.284,1
0.772,0.302,-0.777,0.234,-0.408,1.256,-1.349,-1.167,0
2.133,0.459,-0.081,-0.838,0.634,0.695,0.656,0.271,0
-1.652,0.133,-1.645,-0.901,0.225,0.39,0.027,-0.499,0
-0.12,0.259,-0.041,-0.94,-0.614,-0.879,-1.15,-0.496,0
-1.113,0.082,-1.712,1.489,0.737,-0.52,0.172,-2.337,1
-0.546,-0.299,0.519,0.136,-1.258,-0.274,-0.4,1.488,0
-0.087,1.273,-1.159,1.096,0.12,-1.943,-0.461,0.595,1
-0.962,-0.769,0.981,-0.357,-0.228,0.606,-0.094,-0.725,1
1.318,2.182,-0.136,-0.417,-0.951,1.786,-2.337,1.637,0
1.717,1.156,-0.252,0.095,-0.485,-0.076,0.858,1.724,0
-0.723,0.829,1.319,-0.932,0.044,0.518,-0.782,1.701,0
0.237,-0.314,-0.469,-0.532,-0.053,-0.511,-1.566,0.449,0
-0.4,-0.426,1.591,-0.122,-0.108,-1.024,-0.453,0.684,1
-1.504,-1.155,0.553,-0.666,2.415,0.532,-1.693,-0.261,0
-0.413,0.64,-0.542,0.574,-0.845,0.648,1.249,0.582,0
1.376,1.541,0.029,-1.545,-0.04,-0.138,0.943,-0.402,0
0.71,-1.661,0.469,1.257,1.531,-1.189,0.531,1.506,1
-1.459,0.167,1.578,0.016,-0.871,-1.255,2.202,-0.981,0
0.553,-1.009,0.958,0.181,-2.154,-0.106,-0.118,-0.017,0
-0.666,-0.133,0.849,1.321,1.107,1.078,-1.727,0.416,1
-0.9,-2.235,0.576,-0.171,1.103,-0.159,0.702,-0.013,1
0.759,-0.732,0.365,0.963,1.285,0.982,0.783,0.562,1
0.402,0.336,-0.959,0.57,-0.342,-0.739,0.315,0.704,1
1.082,-0.623,-0.86,0.617,1.869,-0.009,0.722,-0.012,1
0.428,0.041,-1.1,-0.883,-1.331,0.872,-0.406,0.305,0
-1.125,-0.389,0.264,-0.206,-1.22,1.127,0.376,2.088,0
-0.898,0.015,0.67,1.328,-0.578,0.164,0.018,-0.388,1
2.021,-1.602,0.093,-0.057,-0.024,-0.68,-0.144,1.583,1
-1.052,-0.906,0.512,-0.667,-0.213,-0.478,-0.43,0.254,1
0.143,0.215,1.506,-0.051,-1.72,-1.395,-0.623,0.85,0
0.598,-0.114,0.347,1.107,1.491,-0.919,-1.103,-0.61,1
0.662,-0.107,0.567,0.667,0.389,0.393,-1.184,0.741,0
-0.233,2.561,-1.511,-0.09,-0.157,0.073,1.038,0.558,0
0.196,-2.193,-0.291,-0.156,-0.243,1.349,0.883,0.362,1
-0.967,-0.16,1.08,-0.24,0.947,2.134,0.202,0.062,1
0.165,0.237,0.555,-0.353,-0.197,-1.332,1.567,0.01,0
-1.325,0.475,0.897,-0.667,1.352,-0.36,1.011,0.8,0
1.607,2.536,-1.653,-0.4,0.824,0.867,1.207,1.188,0
-0.569,-0.709,0.029,-0.139,-0.651,-2.275,0.075,-1.632,1
-0.656,0.806,0.736,0.809,-0.647,-0.45,-0.003,-0.073,1
1.078,-0.482,1.408,0.554,0.101,0.393,0.16,0.001,1
-0.765,-1.291,-0.748,0.7,1.279,-1.093,0.893,-0.766,0
-0.279,0.928,1.123,1.765,1.653,-1.517,0.552,-0.63,1
-1.222,0.531,-0.457,-1.581,1.208,0.243,-0.907,-0.423,0
-1.253,2.162,0.79,-0.474,-0.854,-1.088,1.17,-1.237,0
0.394,-0.735,-1.192,-0.789,-1.089,-0.793,-1.25,-0.509,1
-0.414,-0.945,-1.232,0.194,0.032,0.44,-1.064,0.975,1
-1.563,0.315,-0.995,-1.423,0.108,-0.179,-0.625,-0.543,0
0.278,-0.637,0.357,-0.176,0.963,1.116,-0.799,-0.346,1
2.086,0.002,0.512,-0.231,-0.246,-2.01,-0.725,0.586,1
-0.715,0.27,-0.615,-0.323,-1.318,0.192,2.151,-1.272,1
-1.37,-0.65,-0.85,0.81,-0.979,-0.609,-0.396,-0.603,0
1.368,-0.343,0.189,-0.22,1.142,-0.003,0.395,0.191,1
-1.376,1.296,1.24,-0.283,0.224,0.588,0.02,0.86,0
0.642,-1.054,1.1,-2.332,-1.145,-0.259,-1.31,-0.812,0
-0.222,-1.278,-0.508,-0.013,0.176,0.512,-0.083,-0.676,1
0.949,-0.511,0.435,0.756,0.225,1.127,0.521,1.453,0
0.366,0.628,0.46,0.751,-3.036,1.886,1.903,0.688,0
0.042,0.133,-1.014,-1.036,-0.739,0.533,-1.089,0.512,0
-0.432,0.028,-0.725,1.018,0.646,-0.194,-0.438,-1.059,0
0.517,0.163,-1.454,0.2,0.875,-0.92,1.837,0.744,0
0.989,0.903,-1.166,0.976,0.352,1.4,-1.226,-1.464,0
0.381,-2.216,-0.874,-0.186,0.386,0.669,0.058,-0.739,1
-1.152,-0.763,-0.294,1.075,1.388,0.069,-0.897,-0.045,1
-1.118,0.458,1.093,-0.343,1.298,-0.671,2.114,0.717,1
1.304,-0.816,-0.6,-0.669,1.113,1.213,0.301,1.599,0
-0.771,0.259,0.01,-0.949,-0.804,-2.08,-0.499,0.123,0
0.212,0.248,-1.254,2.249,0.548,-0.426,1.176,-0.866,1
-1.409,-0.502,1.281,-0.721,1.946,1.197,-0.1,-1.413,1
0.591,-1.247,-0.401,0.902,0.011,0.443,-0.619,-0.865,1
0.28,-0.71,-0.756,0.56,-1.526,1.223,0.674,0.931,0
-0.167,-1.688,-0.309,-1.057,-0.201,0.872,-1.423,-1.729,1
-0.884,-0.043,-0.352,0.363,-0.211,1.472,-0.011,-0.066,0
-0.82,-1.341,-1.184,0.302,0.653,-1.111,0.22,0.054,1
-1.064,0.224,-0.051,0.183,1.027,-0.422,-2.13,0.477,0
-0.248,1.614,-0.021,-0.676,0.507,-1.081,0.224,-0.264,0
0.93,0.821,-0.413,-0.761,-0.767,-0.307,-0.242,0.902,0
-1.369,1.33,2.005,-0.328,-0.319,0.278,-0.36,0.188,0
-0.47,0.704,-0.19,1.701,2.164,1.562,-0.943,0.114,0
1.397,0.768,0.532,1.232,-0.028,1.658,-0.087,-0.76,1
-0.504,1.533,0.504,-0.365,0.883,0.088,0.845,0.385,0
-0.683,-1.46,0.418,-0.328,-0.085,-0.65,-0.874,-2.312,1
-1.638,1.531,-1.067,0.619,-1.084,0.161,0.187,0.843,0
-1.396,-0.45,-0.232,-1.142,0.403,0.347,1.256,1.004,0
-0.386,0.494,1.842,0.633,1.55,-1.202,-0.85,-1.859,1
0.594,-0.232,1.214,0.237,0.591,-0.898,1.456,0.907,1
0.472,-0.667,-1.118,0.578,-0.264,1.083,-1.371,1.013,0
-2.272,-1.769,0.504,-1.541,0.479,-1.061,-0.321,-0.73,0
0.774,-0.056,-1.687,-0.6,-0.242,1.498,1.138,-0.349,0
0.728,0.996,-0.619,-0.493,1.052,-0.121,-0.611,-1.546,1
-2.206,-0.918,1.441,0.393,0.558,-0.668,-1.604,1.344,1
1.698,0.072,-1.86,1.484,-1.766,-1.178,-0.373,-0.502,1
1.749,0.23,1.27,0.232,1.38,1.165,0.489,1.537,1
0.983,1.272,-0.8,-0.029,0.17,-0.972,0.219,-1.688,1
-0.722,-0.36,1.397,-0.551,0.635,-0.003,0.435,-0.187,1
-0.494,0.424,-1.913,-1.681,0.52,0.672,0.306,-1.018,1
-0.703,0.535,-1.535,2.617,0.596,0.316,-0.877,0.197,1
-0.199,1.852,0.186,-0.164,0.51,-1.162,-0.083,1.165,0
1.077,-0.624,-0.125,-0.676,0.337,0.914,-1.187,0.375,1
-1.352,0.43,1.143,-0.606,0.684,-1.472,-1.01,1.284,0
-0.434,0.947,-0.803,0.371,0.48,-0.377,-0.223,0.802,1
-0.105,1.195,1.108,0.453,-1.204,-0.324,-0.546,-0.818,0
0.986,2.681,0.746,0.526,1.384,0.114,-1.03,-1.076,0
0.315,0.118,1.146,-0.696,1.363,-0.208,-0.794,0.376,1
-0.597,0.383,0.633,1.311,-1.671,0.125,-0.493,-1.753,1
0.02,-0.996,0.338,-0.153,-1.308,0.072,0.357,-1.437,0
0.488,-0.151,0.859,0.963,0.521,-1.42,-0.644,-0.777,1
-1.454,0.518,-1.327,0.222,-0.946,-1.92,1.077,-1.65,0
-1.53,0.751,-1.141,-0.557,-1.912,0.703,-0.729,1.431,0
1.102,-0.478,1.193,0.86,0.388,-0.615,1.234,0.209,1
-1.31,-2.378,0.578,-0.536,-0.392,-0.551,1.072,-1.248,1
-1.75,0.843,0.738,-0.262,-1.631,0.492,1.134,0.518,0
2.068,-0.626,0.04,1.235,1.006,1.117,0.189,-0.504,1
0.896,2.535,0.187,-0.501,1.863,0.449,1.4,-0.298,1
-0.429,1.004,-0.317,-1.532,-0.678,-0.44,-0.899,-1.599,0
-0.965,1.383,-0.329,0.513,-0.053,-2.568,0.88,-0.69,1
1.073,0.398,0.971,1.207,2.667,0.895,2.041,1.674,1
0.426,-1.757,-1.075,-0.377,-1.864,-0.559,0.048,-0.718,1
0.531,-0.315,-0.56,-0.15,0.339,0.19,0.129,0.456,1
1.213,0.244,0.03,0.161,0.525,-1.34,-0.1,-0.314,1
0.735,-0.728,0.554,0.827,1.346,-0.576,-0.127,-1.023,1
0.311,-0.198,0.474,1.093,-0.876,-0.361,0.189,-1.216,1
0.654,0.466,0.777,0.487,0.648,-0.003,-0.161,1.68,0
2.213,-0.159,-0.105,0.386,-1.44,0.677,-0.228,-2.096,1
-0.941,0.57,-0.965,-0.743,0.41,0.672,0.485,0.142,0
-0.644,0.2,-0.281,-1.16,-0.075,0.109,-1.283,-0.085,0
-1.949,1.766,0.155,-0.526,0.295,-0.253,-0.788,-0.135,0
0.222,-0.183,-0.156,0.154,-0.348,-0.475,0.571,-1.276,1
-0.462,-2.353,0.778,-0.977,1.01,-0.322,0.357,1.264,1
-0.042,-0.83,-1.081,0.383,-1.427,-0.152,0.948,-0.306,1
-0.608,-0.204,0.261,-0.591,0.188,0.182,-0.124,-0.46,1
0.574,-0.484,1.816,-0.275,0.19,-1.56,0.695,-0.445,1
-0.216,1.552,2.015,0.307,1.117,0.83,1.095,2.044,0
1.233,0.067,-1.768,-0.037,0.285,0.639,0.27,0.704,0
-0.769,-0.398,2.774,-0.454,0.943,-1.124,0.703,1.314,0
-0.721,-0.129,-1.181,-1.568,-0.786,-0.005,0.683,0.028,0
-0.169,2.264,-0.984,0.82,0.089,-1.254,1.095,-0.684,0
0.317,0.34,0.109,-0.454,-0.735,0.922,0.951,-1.066,0
0.567,0.121,-0.48,-1.128,-2.114,0.098,-1.14,-0.491,0
1.729,0.195,1.016,1.196,0.13,-1.394,0.051,-0.318,1
0.697,-0.896,-0.071,-0.384,-0.65,-1.226,0.139,-0.024,1
-0.355,-2.044,0.222,1.246,0.01,-1.22,-0.676,-1.426,1
-0.251,-1.32,0.817,-0.709,0.649,0.821,0.031,2.163,0
0.426,1.549,-0.055,0.196,1.624,-1.528,-0.302,0.779,0
-0.039,-0.12,-1.224,-0.857,2.632,-0.961,-0.864,0.149,1
-0.171,1.72,-1.539,-0.95,0.211,0.18,-0.177,-0.747,0
0.414,-0.437,2.74,-0.196,-0.081,-0.345,-0.225,0.625,1
-0.352,0.387,0.075,-0.44,0.66,0.36,-0.581,-0.564,0
-0.454,1.268,0.345,-1.067,0.028,0.581,0.019,-0.88,0
0.453,-0.108,0.814,-0.826,0.262,-0.832,-1.517,-1.285,1
-0.489,-0.451,0.682,1.42,-0.713,-0.689,0.851,0.014,1
-0.498,-0.845,1.404,0.203,-0.256,0.189,-0.328,-1.161,1
-0.228,0.992,-1.515,0.852,1.391,1.558,-0.947,-0.743,0
-0.746,-1.177,0.606,0.943,-0.018,-1.652,-0.594,1.27,1
-1.402,-2.704,-0.973,-2.53,-0.768,0.701,0.135,0.783,1
-0.586,-1.037,-1.537,0.975,0.026,1.208,-0.885,2.63,0
0.117,0.339,-0.53,-0.132,-0.941,-1.047,-1.44,0.213,0
0.371,-0.994,0.79,0.418,-2.139,-0.139,-0.596,-0.943,1
-0.029,-0.304,0.381,-0.252,0.752,1.591,0.529,-1.105,1
0.295,0.569,-2.396,-0.342,-1.289,-1.753,-0.174,-0.159,0
-1.228,0.924,-0.73,-1.179,0.115,-1.387,0.284,-1.29,0
-0.909,-0.544,-0.856,-0.627,0.963,0.653,-0.897,-0.038,0
-2.587,-0.342,0.646,0.998,0.01,-0.025,0.37,0.7,0
1.149,2.7,0.409,0.258,0.689,0.145,1.145,-1.185,1
0.025,-1.107,0.199,0.425,-0.115,0.989,0.293,-0.574,1
-0.25,0.551,-2.845,-1.043,-0.238,-0.715,-0.243,-0.151,0
-1.469,0.419,0.547,0.149,0.434,0.339,0.702,0.733,0
0.948,-0.155,0.822,-1.307,1.387,1.164,-0.774,-0.391,1
-0.123,1.054,0.204,-0.846,0.921,-0.239,1.267,-1.851,1
0.38,0.021,-0.868,-0.552,0.836,-1.508,0.695,-0.004,1
-0.991,0.293,-0.567,0.886,0.573,0.722,0.756,0.344,0
-0.837,-0.075,0.865,2.01,0.178,1.102,-0.671,2.07,0
-0.314,0.619,0.722,-1.374,-0.965,1.184,0.627,-1.549,0
0.924,0.777,-2.118,-0.208,-1.99,2.24,-0.077,0.284,0
-0.943,-0.5,-0.088,-2.645,0.206,0.728,2.283,-0.863,1
-0.048,-0.955,1.331,-0.13,-0.601,1.478,1.695,1.078,0
0.545,-1.909,0.904,-0.0,1.212,-0.161,1.225,-1.26,1
0.98,1.537,0.766,1.749,-0.374,-0.089,0.249,-0.673,0
1.069,-0.953,0.85,1.144,-1.6,-0.409,-0.563,0.873,0
0.264,0.509,-1.261,2.465,-1.094,-0.43,2.559,0.13,0
-0.114,0.206,1.417,-1.396,0.507,-0.536,-1.754,0.391,0
-0.131,1.224,-1.025,-1.279,0.379,0.198,-0.381,0.093,0
0.845,-2.186,-0.134,0.25,-0.968,-0.223,0.058,-0.085,1
1.134,0.391,-2.417,-0.143,-0.958,0.908,-0.545,-0.937,0
-0.687,-0.165,-0.183,-1.477,-0.331,-1.722,0.046,-0.444,0
-1.719,1.685,-0.04,-1.067,0.525,0.059,0.011,0.508,0
-0.868,-1.384,1.128,-0.68,-0.102,1.598,1.337,0.817,1
0.308,-1.635,-0.63,0.463,0.668,-0.902,-1.038,-0.96,1
-1.536,0.922,-0.82,0.206,-0.0,0.888,-1.046,-0.242,0
0.121,0.727,-0.072,0.94,-1.244,-0.546,-0.43,-1.878,1
-0.041,0.797,0.469,-0.242,-0.165,-0.256,-1.46,0.497,1
-1.742,2.297,0.003,0.088,-0.211,0.604,-2.181,0.106,0
0.521,0.39,-0.913,1.208,0.792,0.102,0.709,1.095,0
-1.628,-0.196,1.552,-0.267,0.587,0.122,0.786,1.157,0
0.089,-0.212,0.812,0.551,1.741,-0.934,0.365,-0.345,1
-2.314,-1.055,0.337,0.164,1.21,-0.006,1.231,0.069,1
0.805,0.444,-2.042,-0.417,-0.92,-0.423,-0.524,-1.087,0
1.124,0.215,0.493,1.047,-0.766,0.523,-0.602,-1.499,1
-0.503,-0.984,-0.581,0.675,-1.613,0.623,-0.647,2.116,1
-0.201,0.264,-0.783,-0.839,-0.014,-0.034,2.106,0.54,1
1.983,-0.634,-1.572,0.128,0.656,0.471,-0.513,-0.152,0
-1.081,-0.614,-1.139,1.159,1.019,0.253,-0.418,-0.287,1
0.648,-0.891,0.224,-0.366,-0.102,-0.217,-0.705,0.074,0
-0.266,-0.554,0.929,-1.001,-1.273,-0.33,-1.821,-0.95,1
-0.552,0.658,0.749,-0.217,0.597,0.435,-0.689,2.029,0
0.509,-1.111,1.057,-0.406,0.542,-1.077,-0.864,0.99,1
1.703,0.235,-0.53,-0.245,-0.851,-0.611,0.637,-0.482,0
-1.074,1.22,-1.234,0.764,0.775,-1.217,0.127,0.008,0
-0.496,0.749,-0.51,0.636,-0.892,1.574,-0.761,-0.592,0
0.533,1.19,1.055,-0.03,-0.752,-0.854,-0.808,-1.644,0
-0.613,-0.877,1.213,-2.268,0.951,-0.9,-0.971,0.943,1
-0.083,0.299,1.287,-0.347,0.822,-1.752,0.455,0.91,1
0.7,-1.012,0.573,0.289,0.041,0.383,-0.54,0.046,1
-0.213,2.46,-3.001,0.423,1.09,0.009,-0.544,-1.277,1
0.554,1.692,-0.357,0.954,0.991,0.131,0.192,0.396,1
-0.202,1.861,0.047,1.787,-0.046,0.925,0.271,1.176,0
-0.668,0.035,0.108,0.588,-1.603,-1.319,-0.33,0.999,0
-1.099,0.77,-1.012,-0.961,0.125,-1.123,-0.538,-0.141,0
-0.184,0.045,0.46,-2.873,-0.792,-2.671,-1.544,0.439,0
-0.909,0.922,2.258,0.558,-0.117,-0.36,-0.813,-0.277,0
0.916,0.387,0.193,-0.675,-0.036,0.441,-0.635,-0.476,0
0.649,-0.801,-0.078,-0.922,-1.853,-1.875,-1.387,1.284,0
1.363,0.475,1.082,-0.832,0.009,-1.067,-0.689,-1.666,1
0.323,1.417,0.823,0.0,0.288,-0.552,-2.008,0.505,0
0.455,-1.601,-0.749,0.581,-0.701,-0.367,-1.533,0.598,1
2.504,-0.948,0.216,1.003,1.911,1.429,-1.658,0.377,1
-1.633,-2.423,0.51,0.535,3.298,-0.143,-0.509,-0.544,1
2.259,-0.214,-0.578,0.055,0.678,-0.258,-0.951,0.883,0
-0.496,-0.373,0.537,0.917,-0.0,-0.258,-1.058,-0.469,1
-0.093,1.367,0.541,0.644,-1.596,0.158,-0.765,-0.375,0
-1.579,0.392,0.79,-0.593,0.178,1.017,-1.264,-0.456,0
0.891,-1.649,1.228,-2.226,1.712,0.593,0.496,1.235,1
0.479,1.178,1.741,1.804,1.881,1.091,0.804,0.216,1
0.981,-0.241,-0.796,0.727,-0.89,-0.299,0.166,-0.886,1
-0.2,0.655,-0.272,0.076,1.111,-0.313,0.305,1.237,0
0.235,-0.661,-1.302,-0.191,-1.149,-0.533,-1.413,1.365,0
0.219,1.96,1.838,-0.249,0.489,0.896,0.283,0.96,0
-0.939,0.199,-0.004,-0.394,1.059,-1.365,-0.405,1.355,0
0.512,0.567,-2.187,1.343,-0.943,0.518,0.057,-0.167,1
-0.687,0.191,0.576,-0.356,-0.944,0.586,0.373,-0.904,1
0.29,1.026,-0.857,0.364,-0.632,0.134,0.264,0.005,1
-0.049,-0.685,-0.368,0.876,1.175,-0.028,1.28,-0.576,1
0.252,0.649,-0.494,2.193,-1.252,0.815,0.452,0.371,1
0.788,-0.367,0.769,-1.931,-0.443,0.161,-0.83,0.517,0
1.375,-1.159,0.92,-0.843,-1.983,-0.54,-0.377,-0.833,1
-0.517,1.04,0.405,-0.785,-1.083,-0.663,-0.337,-0.902,0
-0.131,-0.405,-0.626,-0.359,-1.645,-2.798,1.201,-1.222,1
-0.738,-0.428,-0.433,0.086,-1.166,2.014,1.921,0.484,0
0.247,0.341,-0.729,0.75,0.011,2.114,-1.214,-0.243,1
-1.19,1.42,-0.039,0.324,1.153,0.458,0.103,-2.942,1
0.545,0.689,-1.13,-1.55,0.042,-1.456,0.054,0.414,0
-0.148,0.262,0.349,0.474,1.04,-0.323,-2.045,0.507,0
1.304,0.412,-0.263,-0.103,0.309,-0.173,0.415,-0.413,0
-1.481,-0.597,-0.684,1.311,-0.688,1.179,0.855,0.157,1
0.824,1.43,-0.162,-1.725,0.028,0.049,-0.236,2.056,0
0.637,0.032,-0.416,-1.133,1.376,-0.586,-0.051,0.823,0
-1.285,1.467,-1.552,0.853,0.353,-0.953,0.071,0.055,0
-0.049,-1.089,-0.253,-0.534,1.338,-0.722,0.408,-0.588,1
-1.927,1.778,-0.39,-0.461,-0.041,1.579,-1.262,-0.038,0
-0.172,0.968,-0.333,0.384,0.045,-0.34,-1.05,1.715,0
-1.675,1.755,1.069,-1.049,0.092,0.75,-0.724,-1.914,0
-0.752,-0.752,0.659,0.292,-0.385,0.849,0.306,-0.107,0
1.271,-2.191,-1.554,-0.705,-1.673,-0.098,-0.181,0.655,1
0.615,-0.752,1.142,0.645,-0.948,0.103,0.445,0.299,1
-0.557,0.463,-0.768,0.501,-0.708,0.339,0.827,0.343,0
-1.481,0.701,0.246,-1.083,1.139,-0.09,-0.153,-0.077,0
-0.69,0.53,-0.064,-0.594,-0.883,-0.842,-1.181,-0.644,1
0.954,-0.241,0.222,-0.171,-0.791,-0.218,-0.533,-1.699,1
-1.053,0.348,-1.385,0.536,-0.308,0.638,-1.812,0.018,0
-1.749,1.16,0.283,0.419,-1.12,-0.371,2.031,-1.201,0
0.378,-1.615,-1.174,-0.465,-0.498,0.63,-0.873,0.344,0
-0.121,-2.772,2.262,-0.048,-0.26,0.781,0.757,-0.35,1
1.4,0.059,-0.079,0.172,0.514,0.002,-0.276,-0.484,1
1.236,0.093,0.734,-0.684,1.145,-1.367,0.565,-0.8,1
1.222,-0.045,0.467,0.457,-0.095,-0.044,-0.715,2.011,0
1.296,-0.347,1.864,0.369,-0.846,-0.328,0.422,0.519,1
0.207,-0.229,-0.832,-1.083,0.035,-0.435,-0.893,-1.912,1
1.745,1.497,1.46,-0.091,-0.491,-1.481,1.422,-0.515,1
0.612,-1.018,-0.884,0.378,-1.912,0.802,-0.106,0.358,1
-0.203,0.125,-1.435,-0.738,1.628,-0.104,-0.387,0.493,0
0.616,-0.101,-1.451,0.124,-1.296,0.88,1.361,0.959,0
-0.36,0.113,1.082,-1.643,1.021,-0.939,2.022,0.038,0
0.655,0.89,0.684,1.628,0.25,0.481,1.314,-0.935,1
0.506,0.202,0.335,0.384,-0.699,-0.34,0.093,0.52,1
1.499,0.698,-0.296,-0.203,-0.414,-0.846,-0.773,-0.025,1
0.404,1.173,1.296,0.476,1.039,0.359,0.488,0.047,0
1.481,-0.087,0.292,1.187,0.865,-0.355,-1.118,-0.79,1
0.662,-1.383,1.087,-1.751,0.911,0.515,0.78,1.237,1
-0.092,0.374,1.457,-0.542,-0.855,-0.085,0.761,-0.333,0
-0.787,-0.026,-0.337,0.982,-0.543,0.525,-0.741,-0.028,0
1.456,0.58,0.658,1.651,-1.573,0.422,0.198,0.042,0
-0.054,-1.129,-0.27,2.177,-0.223,-1.266,0.413,0.971,0
0.054,0.672,1.409,-1.153,-0.18,0.388,0.325,-0.557,1
-0.655,0.78,0.584,0.017,-0.723,0.376,0.545,-0.525,0
0.181,1.437,-1.078,-0.716,-1.107,1.039,-0.422,-1.686,0
-0.905,-0.193,1.553,1.291,-0.609,0.322,0.025,-0.685,0
0.651,-0.83,-1.083,0.49,0.565,-0.263,0.123,2.466,1
-0.487,0.474,0.82,1.26,-0.856,1.055,-0.369,1.402,1
1.645,3.251,0.856,-1.148,0.236,1.98,-0.443,-0.477,0
1.477,-0.736,-0.812,1.221,-0.142,-0.601,1.124,-1.125,1
0.003,0.852,0.196,0.393,1.134,-0.919,2.034,-1.42,1
1.217,-0.171,-0.085,2.209,0.074,-2.104,-0.859,-1.203,1
-0.458,-0.277,0.343,-0.397,0.405,-1.074,-0.123,0.006,0
0.212,0.276,-0.47,1.234,0.224,-0.034,1.01,0.017,1
-0.919,0.98,0.001,-1.008,-1.396,0.418,-0.246,1.051,0
1.47,0.08,0.318,0.468,-1.355,0.441,0.286,0.933,0
-1.672,-2.346,1.199,-1.393,-2.175,0.698,-1.238,1.537,0
-0.229,0.048,-0.137,0.514,-0.416,0.474,-2.908,-0.612,1
1.405,1.439,0.026,0.504,0.148,-1.221,-0.184,-1.17,1
0.336,0.177,-0.696,-0.658,1.729,0.963,0.081,0.727,1
0.641,-1.733,-0.869,-0.73,-2.068,1.109,-1.255,0.393,0
-0.846,1.628,-0.498,0.793,-1.159,0.114,-0.905,-0.232,0
-1.344,1.398,0.096,0.194,1.574,0.671,-0.583,0.232,0
-1.222,1.64,-1.096,0.263,-0.052,-0.619,0.803,0.566,0
-1.238,0.881,0.047,-1.889,0.023,-0.66,2.008,-0.565,0
1.467,-1.511,-0.094,-0.386,0.182,-0.159,0.723,1.558,1
0.865,-1.188,0.794,-0.99,-2.374,-0.712,0.288,0.293,0
-0.932,-1.376,0.591,-0.608,-0.538,-0.697,-0.353,0.094,0
0.334,-1.162,-0.681,0.904,-0.254,-1.851,0.965,0.295,1
-1.2,-0.913,-0.738,-0.909,-1.16,-3.236,0.042,-0.377,0
0.179,-0.153,0.026,1.986,0.569,2.057,-0.104,-0.416,1
-0.742,-1.033,0.658,-0.468,-0.193,-0.601,0.507,-1.007,1
-0.92,-1.082,-0.424,0.894,0.43,-1.362,-0.258,1.421,0
0.669,0.124,0.736,2.007,-0.061,-0.339,1.11,0.852,1
1.821,-0.261,0.502,1.559,1.336,0.013,0.568,1.055,1
0.268,-0.69,-0.935,0.583,0.158,1.583,-0.444,0.512,1
-0.763,-0.026,-0.481,-0.544,0.816,-1.351,-1.173,-0.385,1
-0.446,1.019,1.34,0.351,-0.027,-0.411,-0.005,-1.602,0
0.651,0.455,-0.015,-0.169,0.047,-0.216,-1.826,1.179,0
1.064,-0.496,0.152,-0.351,-0.823,0.48,-0.692,-0.771,1
0.623,-0.123,0.011,2.007,0.722,-2.074,-0.967,-0.949,1
0.419,0.636,-2.035,-0.008,0.565,-0.007,2.536,0.02,1
-1.02,0.615,0.114,1.951,-0.394,0.483,0.603,0.852,0
0.849,2.115,-0.413,0.441,-1.215,-0.133,-0.551,0.795,0
0.466,1.844,-0.683,1.092,-0.965,0.87,1.29,1.543,0
-2.551,1.388,1.77,1.038,0.595,-0.061,0.026,1.718,0
0.538,0.149,-0.801,-0.853,0.209,0.362,-0.868,0.496,0
0.189,1.11,-0.643,0.178,1.924,-0.417,0.743,-0.475,0
1.325,-0.128,-0.355,-1.333,1.556,0.126,0.49,-0.205,0
-0.784,0.845,0.443,-0.2,0.979,-0.621,0.018,-0.253,0
-0.363,3.352,1.257,0.117,-2.583,0.955,-1.527,-1.202,0
-0.715,0.386,1.305,0.332,-0.614,0.232,-1.635,0.011,0
1.721,-0.285,-0.144,-0.351,-0.698,0.678,-0.065,0.462,0
-1.963,-0.519,-0.105,-1.262,1.113,0.66,0.785,1.513,0
0.243,1.132,1.299,0.531,0.631,-0.396,1.615,0.04,1
-0.468,0.41,-1.305,1.04,0.712,2.032,0.378,0.41,0
-0.751,-1.42,0.328,1.442,1.541,0.844,-1.867,1.297,1
-0.459,-0.543,0.781,0.275,0.31,1.305,0.181,-0.074,0
-0.751,-0.463,-1.453,-0.151,0.129,-0.804,-0.225,0.726,1
0.771,0.556,1.907,-1.776,0.917,1.292,-2.259,0.12,0
0.935,0.183,-0.928,-1.222,-0.336,0.427,0.602,-0.666,0
-0.27,-2.055,-0.651,0.566,-1.197,-0.486,-0.594,-0.432,1
-0.156,-0.138,-1.098,-2.338,-0.907,-0.079,-0.471,1.01,0
-1.263,2.39,0.375,-2.083,-0.274,0.297,-1.304,-0.673,0
0.631,0.359,-1.226,0.059,0.528,0.213,1.476,-1.374,1
1.947,1.07,0.437,-0.029,-1.495,-0.33,-0.741,-0.883,1
-0.629,-0.605,0.843,2.365,0.618,-0.91,0.942,0.988,1
-0.071,-0.036,1.055,-3.026,0.127,0.243,-0.711,-1.129,0
0.368,-0.426,0.107,-2.225,0.82,0.26,2.061,-1.845,1
0.878,-0.023,0.723,1.702,0.868,-0.794,-0.134,1.25,1
-0.269,0.626,-0.652,-0.549,-0.328,-1.224,-0.016,-0.333,0
0.516,-0.286,1.421,0.441,-0.535,0.284,0.898,1.091,0
0.288,1.383,-1.683,-0.676,-0.49,0.516,0.503,-0.618,0
-0.19,0.865,0.416,-1.164,-1.265,-0.656,1.032,-0.723,0
0.371,-0.65,0.301,1.053,1.881,0.414,0.874,0.353,1
-0.529,-0.137,-0.053,-0.999,0.252,-0.307,-0.28,-0.211,0
-1.038,0.626,1.295,1.368,1.486,-0.602,0.901,0.338,0
-0.569,0.357,-0.902,-1.254,1.608,0.441,0.371,-0.343,0
1.208,1.545,-1.861,0.464,-0.086,-1.148,0.323,0.27,1
-0.696,-0.437,0.204,1.342,1.315,1.502,-0.696,0.935,1
-0.006,1.244,-0.905,-0.099,-1.943,-1.309,-0.396,-1.028,0
-0.272,1.223,-0.332,-1.171,0.01,1.242,0.802,0.927,0
-0.181,1.387,0.273,1.231,-0.952,-2.059,0.227,-0.443,0
0.507,0.637,0.416,1.215,-1.093,-0.633,0.474,-1.172,1
-0.129,-1.037,-2.023,0.685,-1.068,-0.509,-0.489,0.645,1
-0.205,-0.43,1.495,-0.839,1.089,-1.17,-2.24,0.199,0
-1.621,-0.091,0.428,-0.781,-0.203,0.613,-0.752,1.011,0
0.3,-0.095,-0.739,-0.029,1.816,-0.67,0.583,-0.7,1
-0.714,1.807,1.799,0.779,1.603,-0.396,-0.397,1.005,0
1.367,-0.889,0.538,0.394,1.747,-0.092,0.662,-1.288,1
-0.015,-0.942,0.274,1.718,-0.302,-1.177,0.376,-0.825,1
-0.566,-1.005,-0.038,-0.336,1.056,1.0,-0.186,-1.462,1
1.235,-0.663,-0.335,-1.493,-1.496,-1.427,1.042,0.24,0
-1.177,0.843,-0.055,-0.503,-0.682,-1.5,1.022,-0.92,0
-1.137,0.777,-0.079,0.339,-0.851,0.53,-0.917,-0.099,0
0.126,-2.008,-0.521,0.62,-1.993,0.021,-0.768,-0.461,1
-0.642,0.186,0.514,-1.768,1.488,-0.835,0.671,-0.172,1
-0.333,-1.241,-1.608,-0.96,0.947,-1.983,1.393,-1.001,1
1.099,-0.196,-1.594,0.289,0.571,0.681,-0.155,1.199,1
-1.174,-0.122,-0.397,1.567,0.057,1.935,-2.551,-0.851,1
-0.073,1.167,-0.247,1.225,-1.861,-1.502,0.369,-0.825,0
0.59,0.77,1.184,-0.6,-1.424,-0.014,-0.274,-0.681,1
1.288,-0.272,0.733,-1.206,0.451,-1.083,2.418,-0.505,1
0.267,-0.75,-0.805,-0.11,-0.222,1.65,-0.857,0.62,0
-0.458,1.244,-0.722,-0.305,-0.587,-0.593,0.171,-0.156,0
0.433,-1.225,0.813,-0.152,-1.885,-0.969,-0.153,-0.465,1
0.061,-0.433,-0.401,-0.682,-2.02,0.472,0.355,0.851,1
-0.331,0.651,-0.425,1.649,-0.794,-0.341,0.087,-0.139,0
-0.386,-0.988,-0.76,0.132,1.34,-0.191,-0.371,-0.334,1
0.888,0.468,-1.232,-0.258,2.64,-0.437,0.821,0.072,1
-0.173,-0.565,1.191,1.588,-1.383,1.082,-1.239,-0.199,0
-0.414,0.638,-0.328,1.34,-0.798,-0.286,-0.261,-0.436,1
-0.438,0.812,-0.263,0.542,0.55,1.415,-0.33,0.289,0
-0.13,-0.756,-1.039,-0.092,-1.42,-1.128,-0.825,-1.082,1
-1.612,-1.301,-0.145,1.498,0.86,-0.383,0.191,0.314,1
0.111,0.253,0.678,0.372,-1.305,0.71,0.019,0.339,0
0.513,0.459,-0.554,0.053,1.211,-0.669,0.033,0.599,1
-1.326,-0.326,0.365,0.866,-2.39,0.686,-0.112,-0.108,0
1.295,-0.196,-2.44,0.585,-0.552,0.592,2.673,-0.523,0
-0.352,-0.665,0.384,-0.145,1.445,0.352,-2.466,-0.096,0
0.76,0.663,0.345,0.205,-1.495,-2.082,2.345,0.377,0
0.285,-0.926,-0.312,-2.229,0.328,-0.138,1.029,-0.267,0
1.659,-0.427,0.254,0.11,1.005,-2.357,0.705,-0.225,1
-0.076,0.088,-0.205,0.648,0.035,-0.368,-0.682,0.307,1
-0.385,-0.091,0.342,-0.956,-0.118,0.632,-1.671,0.42,0
-0.191,1.335,-0.392,-0.479,-0.454,2.285,0.201,0.14,0
-1.16,-0.821,-0.086,-0.543,1.029,1.322,-0.735,-0.044,1
-0.434,-1.017,-0.232,0.252,0.707,-0.739,-0.157,-0.615,1
0.291,0.302,-0.623,-1.208,0.834,-1.343,-0.926,-0.019,1
0.968,-0.074,-0.862,-0.728,-0.84,1.163,-0.174,1.383,0
0.129,0.108,1.156,0.041,0.252,1.558,1.016,1.976,0
-0.673,-0.237,0.292,0.296,1.492,-1.524,2.18,0.039,1
-1.128,-0.866,1.637,-1.686,1.042,-1.089,-0.641,-0.071,0
0.495,-2.212,-0.492,-0.691,-0.031,-0.22,0.255,-0.449,1
2.599,-0.952,1.386,0.987,0.628,-0.815,-0.237,-0.231,1
-1.269,-0.732,1.697,-0.937,-0.701,-0.416,1.143,-0.57,0
-2.468,-0.426,-0.5,-0.846,-0.439,-1.725,0.794,0.082,0
0.3,-0.99,-0.337,0.261,-0.84,-1.932,-0.804,0.237,0
-1.362,0.634,-1.187,-1.962,-1.873,-1.053,0.414,0.975,0
1.569,-0.237,0.407,-0.029,0.066,0.42,-0.193,0.362,1
0.377,-1.006,-0.708,0.584,-0.975,0.22,-1.172,-0.271,1
0.787,1.543,-0.042,1.295,0.323,0.773,1.346,1.444,0
-0.375,-1.249,0.25,1.195,0.692,0.428,-0.032,-0.263,1
0.048,-0.748,-0.952,0.865,-1.035,0.76,-0.158,-0.905,1
1.291,-0.772,0.527,1.206,0.396,-1.819,1.243,-0.356,1
0.211,-0.093,-1.519,-0.147,0.41,0.11,0.853,1.181,1
0.631,-0.611,-0.447,0.95,0.203,1.314,0.42,0.789,1
-0.129,0.127,-0.353,-0.682,-1.23,0.704,-0.497,-0.418,0
-0.574,-0.619,0.026,-0.98,0.18,0.493,-0.582,2.941,0
1.119,-1.559,-1.265,1.423,0.497,1.08,0.652,0.176,1
0.851,-0.325,-0.069,1.015,0.094,-0.487,-1.461,0.118,1
-0.741,2.522,-0.744,-0.161,-0.77,0.035,0.686,-0.995,0
1.255,0.961,1.587,-1.303,0.061,-0.679,0.147,0.52,0
-0.421,0.014,1.254,-1.033,0.954,-0.221,1.2,-0.344,1
-0.719,0.165,0.915,-0.612,0.01,-0.89,-0.518,-0.713,1
-2.323,0.11,-0.424,-1.258,-0.829,-0.351,-0.126,-0.193,0
-0.645,-0.945,-0.99,-1.191,1.122,-0.575,1.183,-0.291,0
0.273,-0.99,-1.165,-0.951,-1.247,-0.912,-0.767,-1.781,1
1.893,-1.032,-0.183,2.341,1.396,0.534,-0.718,-0.815,1
1.231,0.084,-1.548,0.998,0.644,0.004,0.511,0.798,1
0.436,1.062,-0.088,-0.396,-0.127,-0.025,0.303,0.946,0
-0.799,-1.031,0.634,0.211,1.721,1.44,2.155,-1.198,1
-0.414,-0.566,0.398,-0.31,0.992,0.637,-1.251,-0.27,0
1.48,0.237,1.287,-0.963,-0.331,1.584,2.968,0.216,1
1.637,0.294,0.49,-1.099,-0.564,-1.054,-0.076,0.358,1
0.256,0.066,-1.591,-0.223,-1.639,-1.402,-0.236,0.246,0
0.552,-0.012,-0.831,0.686,-0.298,0.136,0.761,0.347,0
0.07,0.143,0.399,0.747,-3.311,-0.855,1.428,0.882,0
0.341,2.443,-1.771,0.195,-0.276,-0.283,-1.878,0.094,0
0.043,-1.237,-1.361,-0.919,-0.436,-0.789,-0.347,1.564,0
1.381,0.304,-0.694,-0.403,-2.035,-0.757,-0.761,-2.155,1
-0.818,-0.449,-0.675,1.126,-0.542,-0.216,-0.069,1.03,0
0.63,-0.778,-0.066,0.684,0.933,0.568,1.364,-0.71,0
0.583,0.004,1.004,-0.013,0.656,-0.911,0.361,0.698,1
-0.629,-0.406,0.318,-2.271,-1.315,0.224,0.919,-0.173,0
0.184,0.294,0.859,-0.647,0.896,-0.946,0.999,-0.897,0
0.318,-0.381,-1.246,0.944,0.854,-1.044,-0.333,1.19,1
0.773,1.984,1.416,-0.018,-1.868,-1.099,-1.296,0.879,0
-0.664,-1.308,0.129,1.122,0.268,-0.525,0.094,-0.348,1
1.739,-0.221,-0.502,-0.678,-0.184,-0.544,0.507,1.061,0
-0.236,-0.387,-0.829,0.124,-0.005,0.478,-0.205,1.354,0
1.471,0.165,0.537,1.381,-1.487,-1.798,-1.096,-1.194,1
0.237,-0.688,0.691,-1.314,0.944,-0.616,-0.109,0.173,1
-1.037,-0.461,-0.239,-0.437,1.188,0.087,0.671,0.199,0
1.642,-0.558,1.947,-0.305,0.357,0.804,-1.058,-1.491,1
-0.196,-1.106,0.015,1.499,-0.293,-0.159,0.384,-0.288,1
0.061,0.291,-1.483,-0.485,-0.463,1.875,-0.237,0.773,0
0.266,-0.9,-0.818,-0.542,-0.403,-1.886,-0.568,-0.898,1
0.105,-0.46,0.015,1.241,-0.611,0.334,-0.281,-2.096,1
-0.552,-1.154,-0.898,0.688,0.457,1.39,-1.185,-0.173,1
1.197,0.323,-1.012,1.049,-0.302,-0.232,-0.156,0.895,1
0.59,-0.662,0.297,0.731,1.097,1.375,0.218,-0.589,1
-0.62,0.505,1.316,2.056,0.205,-1.085,0.921,-0.657,1
-0.675,-1.617,-1.11,-0.437,-0.921,0.479,-0.94,-0.163,1
1.869,-0.271,0.694,-0.884,-0.303,0.48,-0.114,0.311,0
-1.347,0.258,0.354,0.83,0.428,-0.89,-1.619,0.125,0
-0.612,-1.174,1.099,0.806,-0.991,-1.252,-1.285,-0.187,0
0.759,0.207,1.334,1.634,-0.499,-0.811,-0.758,-1.243,1
1.019,-0.262,-0.092,1.776,1.67,1.17,0.491,1.621,1
-1.52,-1.25,0.7,-0.142,0.551,0.855,-1.206,1.794,1
0.178,-0.164,-1.306,-0.178,0.823,-0.515,-0.799,1.495,0
-0.384,1.232,-0.3,0.278,0.4,1.144,-2.141,-0.299,0
-0.77,1.368,-0.208,-0.901,-1.396,0.031,-0.491,-0.782,0
0.765,-2.716,-2.096,0.749,0.418,-0.206,1.113,0.904,1
1.277,-0.907,-1.624,-1.442,1.321,0.377,0.187,1.982,0
0.592,-1.634,0.163,0.301,-0.01,0.81,0.378,-1.5,1
-1.112,0.824,0.421,-0.689,1.179,0.057,0.468,-0.212,0
0.382,-0.205,-1.307,1.511,0.562,-1.128,2.533,0.737,1
-1.042,1.738,-1.091,-0.532,-0.432,0.171,0.253,0.513,0
-0.092,1.729,-0.544,-0.162,0.692,-0.867,-0.739,0.202,0
-1.004,-0.397,0.122,-0.155,-0.54,1.138,-0.434,0.097,0
-1.082,-1.058,-1.304,-0.318,-0.815,-1.945,0.371,-0.198,1
-0.908,0.207,-1.821,1.417,0.853,1.841,-0.362,0.525,0
-0.429,0.185,-1.241,-0.814,-1.193,-1.386,-0.681,-0.087,0
0.936,0.256,0.02,0.593,1.325,-0.238,1.417,-0.331,1
-0.185,-0.039,1.158,-1.332,0.677,-0.107,-0.782,-0.994,1
0.808,-0.163,-0.957,-0.329,-0.792,-0.048,0.291,0.607,0
-1.366,-0.242,1.349,-0.848,1.028,-0.461,-0.472,-0.135,1
-0.284,1.281,-0.88,0.767,-1.34,-1.892,-0.791,-0.636,0
1.103,-0.015,0.971,-0.624,-0.672,-0.441,0.268,0.44,1
0.207,1.075,-0.58,-0.326,1.066,-0.473,1.229,-0.454,1
-0.59,1.739,0.171,-0.525,-1.864,-1.126,1.349,0.407,0
-0.752,-0.278,0.443,0.864,0.495,0.088,-1.008,1.941,0
1.54,1.188,-2.425,-2.187,0.184,0.987,0.247,0.774,0
-0.667,1.262,-0.508,-0.253,0.776,-0.701,1.062,-1.062,0
0.621,1.7,-2.417,0.047,-0.339,1.23,-0.885,-0.846,0
0.488,-0.054,-0.259,1.125,-0.824,-0.264,1.038,0.745,1
0.497,-1.891,-1.553,-1.032,0.669,0.481,-1.0,-1.944,1
-0.485,-1.284,0.912,0.677,-0.083,-0.952,0.415,-1.593,1
0.287,-1.187,-0.29,-0.559,-1.445,-0.035,-0.206,-0.873,1
-1.1,0.048,0.735,-0.318,-1.833,0.663,0.798,-0.757,0
0.872,1.325,-1.314,0.778,0.518,0.865,0.383,0.546,1
1.446,-0.674,0.434,0.128,1.279,0.105,0.137,0.627,1
-1.483,-0.307,-1.524,0.534,0.4,-0.08,-2.096,-0.276,1
-0.012,-0.949,-0.337,0.312,-0.471,-0.316,2.453,-0.268,1
0.243,0.359,0.845,-0.265,0.318,0.446,-1.36,0.678,0
1.408,-1.982,1.106,0.484,1.007,1.937,0.74,-0.03,1
-0.623,0.761,-1.257,0.288,-1.64,-0.565,-0.388,0.564,0
-0.984,-0.787,0.029,1.77,-0.715,-0.551,-0.661,-1.23,0
-0.504,0.755,0.259,1.308,0.759,-1.8,0.251,0.312,1
-0.506,0.893,0.731,-0.606,0.677,1.089,0.282,-0.7,1
-0.733,-0.291,-0.053,0.487,1.464,-1.097,0.003,-2.398,1
-1.165,1.405,0.069,0.773,0.757,0.066,-0.521,0.003,0
0.905,-0.236,-0.269,0.449,0.838,-0.162,-0.056,1.382,1
-0.237,0.297,1.454,-0.408,1.096,-0.266,0.371,-0.146,0
0.692,0.412,0.391,-0.027,0.221,0.634,0.024,0.828,0
-0.985,0.589,-0.262,-0.257,1.248,-0.374,0.975,-0.118,1
-0.642,-1.518,0.305,0.107,-0.215,-0.224,-1.093,-0.306,1
-0.07,0.175,-0.628,-1.132,0.481,-0.446,-0.364,1.637,0
-0.463,0.259,-1.073,0.293,-1.905,-0.911,3.543,1.562,0
-0.142,-0.2,0.622,0.809,0.113,0.06,1.292,0.876,0
-1.531,0.433,-0.116,-0.533,-0.457,1.023,1.447,0.908,0
0.86,1.171,-0.189,1.705,-0.086,0.538,-0.257,-0.155,0
0.776,-0.693,-1.673,-0.683,0.923,-1.158,0.185,0.112,1
0.633,-1.679,-0.531,0.909,0.086,-1.663,-1.437,0.148,1
-1.325,1.147,-1.291,0.27,-0.93,-0.909,0.497,0.519,0
-0.215,-1.76,-0.194,-1.154,1.674,-0.233,1.902,0.023,1
1.498,0.748,1.401,-0.257,-0.534,-0.955,-0.344,-1.424,0
0.193,-0.804,-1.859,-0.44,-0.412,-1.153,1.091,0.668,0
-2.043,0.449,0.657,0.539,0.023,-0.169,0.032,0.631,0
0.506,0.747,-0.652,0.32,-1.18,-0.267,0.558,-1.739,0
-0.75,0.504,-0.107,-1.179,-0.524,0.471,1.521,-0.007,0
-0.356,0.146,0.658,1.329,-1.272,-1.907,0.977,-0.621,1
0.081,-0.691,0.176,-0.72,0.745,-0.643,-0.584,0.255,1
-0.091,0.998,-1.136,-0.215,0.088,0.347,-0.366,0.347,0
0.87,-0.881,1.175,-2.23,1.4,1.007,1.013,-0.898,1
0.082,-2.674,-1.401,0.191,0.274,-1.075,-0.399,-1.36,1
3.398,0.235,-1.038,-0.291,-0.038,-1.917,-0.002,-0.021,0
0.466,-0.352,0.647,1.095,-0.369,-0.748,-0.786,0.852,1
-0.826,0.302,-0.295,-0.284,1.398,-1.538,-0.585,-0.074,1
-0.057,2.154,0.325,-0.544,0.531,0.089,1.175,0.129,0
-1.615,1.375,-0.674,-0.98,-0.627,1.477,-0.768,0.477,0
0.042,-0.075,-0.459,-1.036,1.007,1.082,0.648,-0.156,0
-3.106,0.425,-2.275,0.003,1.12,1.307,1.012,-2.904,1
-0.734,-1.341,1.295,0.21,-0.981,-0.859,0.374,-0.066,1
0.399,-0.235,0.034,0.022,1.277,-1.271,1.725,0.224,0
-0.065,1.359,0.646,0.994,1.515,0.292,0.591,0.494,0
-0.479,0.027,-0.145,0.411,0.853,-0.901,0.001,1.13,0
-1.263,1.799,-0.169,-0.357,-0.702,1.403,-0.899,-0.737,0
0.834,-0.001,-1.435,0.241,1.061,-0.853,-0.388,1.858,1
-0.332,1.68,0.106,-0.646,-0.449,0.914,-0.53,-0.14,0
0.576,-2.423,0.058,-0.243,-2.19,0.899,-0.41,-0.762,1
-0.501,0.4,0.984,0.698,-1.251,-0.93,0.398,1.368,0
-1.832,-0.283,-0.322,1.438,0.279,0.127,0.016,-0.64,0
-0.946,0.936,0.991,-0.5,-0.186,0.091,0.855,-0.396,0
1.663,0.761,-0.338,0.217,-0.948,2.011,-0.102,-0.178,1
0.096,-0.401,1.934,-0.715,-1.256,-0.572,-1.092,-0.41,0
0.113,0.517,0.474,-0.566,-0.479,-0.789,1.387,0.289,0
-1.138,-1.851,0.351,-0.242,-0.506,-1.574,0.47,0.307,1
-0.414,0.04,-0.021,0.08,1.138,1.343,0.346,-0.557,1
-0.571,0.469,0.459,-1.035,-0.318,-0.05,-0.481,-0.242,0
0.716,1.199,0.574,-0.546,-0.65,0.004,0.448,0.292,0
1.577,0.77,-1.373,-0.47,0.385,-0.477,-0.617,-1.739,1
-1.353,-0.421,-1.876,0.947,0.616,-0.856,1.226,0.503,1
0.326,0.771,-1.051,-2.705,-0.158,-0.015,-0.081,0.131,0
1.621,0.098,-1.289,-0.22,0.636,-0.053,-1.975,-1.23,1
-1.035,-0.692,-1.611,1.053,-1.102,0.271,-1.183,0.266,0
1.192,-1.027,0.282,-0.558,-0.087,-0.34,-0.353,0.441,1
1.187,-0.4,-0.064,0.569,1.288,-0.507,0.205,-0.164,1
1.366,-1.949,-0.174,-0.833,0.417,-1.166,0.201,-1.616,1
-0.11,-0.508,1.429,-0.179,1.374,0.331,1.306,0.757,1
0.674,0.295,-0.484,-0.771,0.668,-0.349,-0.449,-1.959,1
-0.19,1.989,1.342,0.201,2.386,-0.469,0.649,1.271,0
0.25,2.605,0.093,-0.691,1.64,0.585,0.261,-1.02,0
-1.335,-0.092,-1.016,-0.306,1.003,-0.577,-1.806,-0.749,0
-1.958,1.071,-0.992,-0.759,0.694,-0.522,-0.231,1.702,0
1.806,1.733,-0.407,1.042,1.568,0.339,0.506,0.309,0
0.884,-1.235,-0.836,-0.722,-0.307,-0.867,-1.406,0.148,1
-0.298,-0.311,-0.707,-0.264,-0.892,-1.38,0.549,1.338,0
0.393,-0.471,0.474,-0.729,0.738,-1.095,-0.932,-1.006,0
0.973,-0.941,0.18,-1.121,0.489,-0.71,0.302,-1.547,1
0.317,0.18,-0.25,1.181,-0.199,-0.071,0.597,-0.092,0
-1.198,1.65,-0.85,1.466,-0.972,0.13,1.54,0.455,0
2.166,-1.156,1.161,-0.497,0.854,0.778,0.369,0.348,1
1.262,1.369,0.143,-0.577,-1.81,0.873,0.177,-0.727,1
-0.211,-1.114,-0.241,-0.786,-1.89,-1.332,-0.68,-0.615,1
1.284,-0.094,0.984,0.716,-1.18,0.115,0.421,-0.544,1
2.84,1.265,-0.829,-0.552,-0.672,-0.866,-0.054,0.918,0
-0.677,-1.03,-1.591,-0.732,1.162,0.767,-0.23,-0.659,1
0.769,-0.635,-0.871,-2.302,0.424,-1.082,-0.148,-0.014,1
-0.493,0.401,0.166,0.513,-0.828,-0.263,1.139,-0.919,0
0.321,-0.475,-1.217,0.266,0.727,0.025,1.843,0.1,1
-0.641,0.583,0.031,-1.389,-0.178,-0.969,-0.185,1.307,0
-0.302,-1.357,1.602,0.347,1.327,-1.092,-1.275,-0.463,1
1.013,1.119,0.403,0.157,-0.083,0.015,0.582,-0.722,1
-0.409,-0.538,-1.471,-1.904,0.065,-0.867,-0.637,0.142,0
-0.773,1.462,2.598,-1.133,-0.933,1.945,0.841,0.743,0
-1.729,1.569,0.537,-0.645,0.122,-1.004,1.011,1.208,0
-0.105,1.88,0.291,-0.357,-0.589,0.468,0.261,0.371,0
-0.824,-0.502,0.907,-1.488,-1.217,-0.539,-0.899,0.681,0
-0.289,0.111,1.135,-0.574,-0.288,-0.232,0.128,0.107,1
1.973,0.705,0.833,-0.444,-0.496,1.123,0.223,-1.372,1
0.277,-0.018,1.281,-0.064,-0.783,-0.674,-0.703,0.693,0
0.619,-1.179,1.556,-1.28,0.851,0.948,-0.787,0.581,1
0.862,-0.805,-0.277,-1.21,1.439,-0.033,-0.2,-0.237,1
0.583,0.157,2.282,-1.431,-1.222,-0.265,-1.479,2.124,0
0.59,1.248,-0.237,1.614,-0.601,-0.332,-0.734,0.222,1
2.52,1.258,-0.004,0.351,0.291,0.772,1.86,-0.722,0
-0.735,-1.393,-0.296,1.981,-0.606,-1.866,-0.451,-0.294,1
0.485,0.504,2.843,-0.574,2.493,0.267,0.588,-0.181,1
0.027,1.073,-0.592,0.0,0.805,0.929,1.997,0.811,0
-0.099,0.237,-0.925,0.539,0.083,1.44,0.306,-1.416,1
0.772,1.867,-0.734,-1.519,0.003,1.478,-0.651,-1.652,0
-0.777,1.321,-1.114,-0.163,0.502,-0.199,-1.224,0.079,1
-0.046,-0.195,-0.31,0.489,0.494,0.78,1.117,0.069,0
0.188,-0.754,1.4,-0.492,0.182,0.435,1.004,0.58,1
0.158,-2.226,1.229,0.086,-0.725,0.448,1.038,0.491,1
-1.161,0.207,0.301,0.739,-0.819,0.042,-0.432,0.087,0
0.424,-0.745,-0.749,0.06,-0.736,0.502,-0.557,0.348,1
0.969,0.761,0.721,0.112,0.256,-0.797,-0.326,-0.139,1
0.799,-1.95,-0.813,-0.087,-0.284,-0.274,0.438,1.989,0
-1.128,0.271,-0.684,-1.477,-1.179,-0.679,0.118,0.186,0
1.07,-0.596,-0.398,-1.2,-0.715,1.756,-0.585,-1.08,0
-0.007,0.22,0.23,-0.559,-0.054,-0.617,-0.166,1.122,0
0.729,-0.683,1.26,2.178,-0.725,1.403,-0.123,-2.018,1
2.766,1.563,1.848,-0.415,-0.47,0.217,1.791,0.636,0
0.225,0.234,0.265,1.187,-1.142,0.017,-0.423,-0.043,1
0.67,-1.42,0.107,1.196,0.697,0.705,-1.767,-1.057,1
-0.139,-0.096,-0.127,0.431,-0.506,0.522,1.412,-0.736,0
0.183,-0.806,0.108,-0.402,0.021,0.651,-0.502,-0.958,0
-0.437,0.537,-0.721,-0.487,0.918,-1.475,0.776,-2.2,1
0.229,0.727,1.443,0.37,1.354,0.244,1.767,0.712,1
0.028,0.363,-0.808,-0.205,-1.59,2.272,-0.367,-0.811,1
1.265,0.005,1.168,-0.463,0.403,-0.231,0.141,0.84,0
1.32,0.026,-0.842,0.552,-0.187,1.141,-1.629,2.333,0
-0.011,-1.848,0.405,0.538,-0.403,2.827,-0.146,-0.016,1
0.453,-0.323,1.031,0.032,-0.751,0.758,0.136,-2.009,1
-0.18,0.651,0.434,-1.453,1.287,-2.168,0.756,-1.063,0
-0.479,-0.947,-1.17,-1.142,-0.571,1.13,-0.921,-0.554,0
-1.104,-0.913,1.515,-1.03,-1.139,0.294,-0.702,-0.714,0
-0.505,0.9,0.835,0.865,-0.333,-1.466,-0.148,-0.599,1
0.873,-0.638,-1.515,-1.094,2.263,-1.414,-0.997,-1.949,1
0.407,0.704,-0.593,-1.483,1.164,0.572,-0.029,1.009,0
-0.392,-0.664,1.315,0.306,0.444,-0.262,-0.216,-0.876,1
1.324,-0.43,0.426,0.222,-0.666,1.039,0.597,1.48,1
-1.86,0.494,-0.651,-1.305,0.538,0.476,-0.274,-1.032,0
-0.644,-2.421,1.439,-0.64,-0.811,-0.03,-0.758,0.81,0
-0.706,0.899,0.027,0.463,0.849,-0.326,2.088,0.615,0
0.202,-0.165,0.093,-0.729,-1.593,0.487,-0.146,-1.11,0
2.469,-0.814,-1.755,0.121,-0.349,-0.685,0.546,-0.773,1
-1.339,-0.555,-0.699,0.266,0.035,-1.367,1.768,-1.424,1
-0.198,-0.36,0.904,0.996,0.422,0.035,-0.063,0.193,1
-2.332,0.19,-3.596,0.462,-0.467,-0.008,0.511,0.102,0
0.489,-1.66,0.299,-0.202,-3.396,-1.058,0.208,2.791,0
-1.121,-1.06,-0.872,0.764,1.182,1.718,-0.253,-1.004,1
1.689,-0.668,-0.369,2.039,-0.076,0.392,-1.952,2.104,1
0.932,-0.324,1.03,-0.061,-0.281,-0.859,0.041,0.826,1
-0.716,-0.454,1.341,-0.061,-0.937,-0.125,0.528,-0.246,1
-1.225,-0.481,0.538,1.484,-1.018,-2.294,0.176,-2.963,1
0.211,1.475,0.804,-0.587,-0.835,-0.503,0.753,1.885,0
0.211,-0.576,1.208,-0.999,-1.134,-0.274,-1.924,0.23,0
-2.902,1.236,0.698,1.018,-1.889,-0.59,-0.881,0.811,0
0.551,-0.776,1.269,-0.432,0.562,-1.622,-0.029,-0.929,1
-1.309,-1.759,-0.464,1.073,0.361,0.716,0.594,-1.015,1
0.656,-1.019,-2.382,0.566,2.283,0.589,0.135,0.574,1
0.236,-2.011,0.648,0.159,-0.579,-0.529,0.898,1.221,1
-0.038,0.052,1.723,-0.048,-0.037,0.671,-0.886,-0.041,0
-0.92,-0.259,0.568,1.822,-0.849,-0.372,-0.414,1.725,1
-0.262,1.457,-0.919,0.64,-0.421,0.438,0.817,-0.936,0
-0.073,-0.562,0.766,0.119,0.426,0.183,1.093,-1.879,1
-0.361,0.307,0.084,-0.052,0.026,-0.219,-0.258,0.337,0
0.906,-0.502,-0.886,-0.037,-0.105,3.445,-1.118,0.586,0
-0.178,0.457,1.582,-0.697,-1.201,-1.181,-0.72,0.566,1
-0.161,1.383,0.322,-0.094,0.706,-0.273,-0.235,1.097,0
0.397,-0.712,1.001,0.328,-0.914,0.468,0.936,0.039,1
-0.169,-0.144,-1.723,0.181,0.168,-0.825,0.791,0.733,0
-1.211,-0.206,-0.145,-0.333,1.428,-0.407,0.119,-0.245,1
1.077,-0.114,-1.788,-1.6,1.27,-0.244,1.275,0.985,0
-0.364,1.287,0.577,0.994,-0.15,0.295,-1.391,0.299,1
-0.737,0.001,1.224,0.701,1.01,0.218,-0.348,-0.353,1
0.09,0.609,0.366,-1.087,0.414,0.694,0.628,-1.771,0
0.051,-0.831,-0.75,1.416,0.937,-1.354,1.578,0.147,1
-0.453,0.436,0.344,0.893,-0.085,0.604,1.328,0.204,0
0.01,-2.358,0.559,0.723,0.507,0.115,-0.977,0.54,1
0.224,-0.342,-1.671,1.238,0.231,1.011,0.708,1.495,0
1.852,1.779,0.895,0.351,-0.586,0.694,0.874,-0.346,0
-1.144,0.572,1.158,1.418,-1.225,1.262,-0.679,0.193,0
0.511,0.524,-0.255,0.852,-1.125,0.119,1.057,-0.236,1
-1.448,0.067,-0.198,0.428,1.579,-0.257,-1.057,0.26,0
0.031,0.279,-1.474,0.716,0.993,-1.295,0.687,1.896,0
0.171,-0.962,-0.006,1.776,-1.68,-0.458,-0.929,0.406,1
0.695,-1.746,-0.199,0.836,0.899,-0.445,-0.307,-0.339,1
0.049,0.817,0.161,-0.152,1.486,0.49,0.112,-1.02,0
-0.052,-0.459,0.686,-0.387,1.149,-1.449,-0.62,0.312,1
1.253,0.276,2.664,-1.17,0.786,1.703,0.167,-0.945,0
-0.576,0.72,0.826,-0.739,-0.479,0.685,-1.224,-1.906,1
1.287,0.272,-0.186,-0.215,-0.432,-1.216,-0.497,-0.878,1
-0.513,-0.152,0.037,0.583,-1.44,-0.537,0.703,-0.872,1
2.869,0.165,0.131,-0.519,0.732,0.267,-0.403,-2.033,1
-0.08,-0.241,-0.248,0.319,-1.133,-1.046,-0.112,0.869,0
-4.01,0.253,-0.775,0.581,0.116,0.139,0.205,0.862,0
-0.251,1.054,1.251,1.17,0.911,0.76,0.154,0.053,1
-0.243,-1.332,0.843,-1.867,0.289,-0.257,-1.233,-0.092,0
-0.556,1.268,0.121,1.112,0.731,0.96,1.448,-1.32,1
1.019,0.48,-1.574,-1.274,-0.075,-1.394,-0.306,-0.488,1
-0.563,1.689,0.964,0.921,1.425,-1.263,-0.347,0.358,0
-0.251,-2.711,0.828,0.471,0.789,0.444,0.038,-2.275,1
2.561,1.471,0.523,-0.843,0.144,0.958,-0.586,0.531,0
-1.264,-1.04,0.893,-0.142,-1.104,0.406,-1.281,0.981,0
-0.542,-1.456,1.309,1.028,0.822,-0.863,-1.939,-1.354,1
0.246,0.365,-0.39,-1.811,-0.32,-0.519,-0.392,-2.155,1
0.499,0.162,-0.873,-1.489,0.543,1.466,0.699,1.382,0
-1.447,-0.849,1.183,-0.689,-1.266,-1.406,-0.564,-0.457,1
-3.135,-0.13,1.364,0.871,0.728,0.409,0.366,1.101,0
-0.498,0.44,-1.036,-0.771,0.326,-0.612,-2.035,-0.435,1
-0.656,0.584,-1.316,-1.616,-0.319,-0.364,-0.818,1.361,0
0.182,-1.16,-1.638,-1.738,0.492,-0.452,1.979,0.15,1
0.116,0.25,-0.627,0.875,0.201,0.503,-0.401,-0.51,1
-0.03,-0.41,-2.241,1.041,-0.512,-0.655,0.551,0.157,0
1.361,1.113,-1.415,1.852,0.911,-0.727,-1.76,-0.749,1
1.588,2.362,-0.645,-0.11,-1.56,0.611,0.524,0.355,0
0.262,0.355,-2.613,-2.287,1.111,0.026,1.956,1.883,0
-0.923,-0.812,-0.248,0.26,-1.559,0.23,-1.196,-1.776,1
-0.383,-0.003,0.004,-1.043,-2.276,0.095,-1.022,-0.925,0
0.167,-1.088,0.995,-0.48,0.523,0.032,-0.649,-1.499,1
1.21,-0.614,0.715,1.851,0.41,2.486,-0.031,-0.91,1
0.905,0.08,-1.846,-0.245,1.438,-0.217,1.235,1.792,0
1.228,-0.917,1.431,-0.185,0.076,-0.774,-0.313,-0.404,1
1.377,-0.546,2.614,-0.54,-0.606,0.221,0.486,1.062,0
0.18,1.444,-0.575,-0.165,-0.206,1.185,-0.612,2.962,0
-1.196,1.534,1.467,-0.723,0.934,0.643,-1.618,0.262,0
-1.499,-1.128,1.205,0.208,-0.234,1.585,-0.048,-0.216,1
0.936,-1.478,0.534,-0.476,-0.482,-0.367,-0.306,0.196,1
-0.117,0.086,-1.022,-0.114,0.204,-0.335,-0.891,0.2,1
-0.26,2.684,-1.019,-1.43,-0.105,0.317,-1.118,-2.469,0
1.799,-1.203,-1.252,0.98,-1.71,-1.514,0.396,-2.171,1
-1.032,-1.155,0.528,-2.661,1.667,0.906,0.29,-1.277,1
-0.942,-0.126,1.065,0.966,0.92,0.854,0.641,1.194,1
1.625,-0.471,-0.077,-0.758,0.48,-0.645,0.099,1.65,1
-0.242,-0.763,2.357,-0.634,-0.272,1.049,-0.67,1.151,1
0.665,-1.405,0.227,0.357,-1.396,0.976,0.329,-0.617,1
1.021,-2.284,-0.258,0.804,-0.864,-0.331,-0.558,1.346,1
0.327,-0.131,-1.622,0.529,0.38,1.723,-0.129,-0.001,0
-0.558,1.237,-0.299,-1.844,0.92,0.787,1.374,-0.339,0
1.952,1.504,-0.706,-2.536,0.065,-0.756,-1.288,-1.306,0
0.246,0.229,0.935,-2.374,-1.256,1.365,-0.126,-0.562,0
1.465,-0.496,1.122,0.024,-0.181,0.066,1.414,1.141,1
-1.67,-1.09,0.411,-0.761,0.489,1.012,1.816,-2.148,1
-0.906,-0.02,0.805,0.199,-0.035,-1.602,-0.303,1.295,1
-0.761,0.953,-0.154,-1.216,0.8,-0.406,-0.407,-0.438,0
1.21,-0.184,-1.545,-0.27,0.159,0.8,0.435,-0.907,1
1.041,-0.899,-0.296,0.271,-0.842,-0.519,-0.13,-0.037,1
-0.305,0.176,0.742,-1.986,1.103,0.536,-1.524,-1.83,1
-0.514,-0.975,0.874,0.537,0.532,-1.686,0.192,-0.158,1
-0.404,-0.758,0.055,0.359,2.816,-0.51,-0.346,-0.884,1
-2.33,-1.659,1.06,0.375,-1.11,-0.083,0.494,-0.984,1
-0.95,-1.084,-0.364,-0.966,-0.912,-0.803,0.119,1.001,1
0.1,-1.145,1.187,1.351,0.082,0.484,0.319,-0.164,1
-0.088,0.773,0.236,1.004,0.616,-0.427,-1.728,-0.923,0
-0.021,1.129,0.471,-1.814,1.408,-0.076,0.748,-0.266,0
0.008,-0.709,0.553,-1.057,-1.044,2.028,1.707,-0.249,1
-0.258,-1.392,-0.371,0.75,0.878,-0.74,-0.766,0.422,1
-0.961,-0.648,0.177,1.446,-0.197,-0.757,1.557,-0.347,1
0.109,-0.157,-0.533,-0.427,0.444,0.238,-0.516,1.103,0
-0.737,-0.541,1.405,-0.973,0.682,0.374,0.156,0.318,1
-0.408,-0.185,-1.487,-1.147,0.321,0.48,-1.01,0.989,0
-0.555,-0.986,-0.501,-0.272,-0.528,0.6,-0.713,-0.433,1
-1.245,-0.256,-0.869,0.775,-1.294,-0.144,0.314,0.614,0
1.118,0.613,-1.031,0.677,-0.0,1.469,1.382,-0.755,1
0.548,-0.192,0.691,-0.416,-0.751,0.631,-0.737,0.37,1
-0.568,-0.457,-0.794,0.35,0.29,0.577,-0.7,-1.521,1
0.781,-0.836,-0.557,1.716,0.659,-1.164,0.905,-1.333,1
-0.3,1.311,0.616,0.486,0.68,-0.314,-0.136,0.62,0
1.206,0.213,-1.033,-1.334,-0.063,0.446,1.115,0.485,0
1.833,-0.47,0.349,0.615,0.537,-0.957,-1.46,2.287,1
0.802,0.429,-0.404,-1.439,2.174,-2.584,-0.467,0.075,1
-0.236,-1.375,-3.745,0.583,-1.498,-0.581,-0.197,0.54,0
0.695,0.052,0.648,-0.544,0.903,1.477,1.617,-0.416,1
0.392,-0.57,-0.821,-0.208,1.538,0.891,-0.1,-0.347,1
1.097,0.79,-0.842,0.28,-1.702,0.427,-1.216,0.701,0
1.32,-1.066,0.524,1.978,0.056,-0.568,-1.061,-0.533,1
-0.049,0.893,-0.829,1.016,0.507,-0.82,1.504,0.292,0
0.818,-0.307,-0.358,0.051,0.246,-0.421,-1.081,-0.853,1
0.785,1.543,0.99,-2.102,-0.434,0.485,0.126,-0.039,0
2.28,-1.054,1.389,1.537,2.267,0.852,1.04,-0.079,1
-0.065,0.221,1.292,0.063,1.238,-1.316,0.551,1.406,1
-1.184,0.253,0.356,-0.859,-0.552,0.342,-0.764,0.013,0
0.754,0.737,-0.015,0.417,-0.523,-1.361,-2.839,-0.484,1
0.484,-1.695,0.742,1.168,-1.839,1.428,-0.511,0.49,0
0.374,0.104,-0.37,-1.221,-0.632,1.039,-1.51,0.051,0
0.396,-0.342,0.199,0.313,0.947,0.001,1.222,0.527,1
2.524,-1.217,0.752,1.287,-0.143,0.26,-0.871,0.831,1
0.125,0.596,0.807,-0.825,0.413,2.334,-0.74,-0.128,0
0.227,2.15,-0.296,-0.115,1.18,-0.62,2.281,0.246,0
0.312,-0.18,1.223,-1.652,1.209,-0.481,0.449,0.379,0
1.196,1.926,-0.434,-0.449,2.23,-0.685,0.037,-0.027,1
0.949,0.735,0.977,-0.948,-1.456,0.835,1.561,0.105,0
-0.77,-1.098,-0.496,-0.01,-0.382,0.703,0.058,0.386,1
-0.234,-1.75,0.996,0.202,2.249,-0.314,-1.245,-0.709,1
-0.298,0.363,0.645,0.389,0.097,0.085,0.243,-1.504,0
0.006,-0.288,-0.608,-0.481,0.214,1.589,1.041,-0.717,0
-1.169,0.871,0.271,1.123,0.67,1.083,0.29,1.167,0
-0.95,0.402,0.822,-1.051,-0.595,0.08,0.545,-1.606,0
-0.306,1.127,-0.54,-0.606,0.243,-0.673,0.436,0.358,0
-0.671,0.938,1.066,2.284,-0.723,0.737,-0.082,0.759,0
-1.332,-0.851,0.275,-0.847,-0.341,-0.078,0.571,1.133,0
0.999,0.55,-0.585,-0.693,-0.339,-0.394,-1.287,-0.908,0
0.17,1.724,-0.875,-1.324,-0.943,0.73,-0.412,-2.782,0
1.253,0.589,1.238,-0.241,1.492,-0.627,0.904,0.747,0
-0.619,0.843,1.244,0.589,0.856,-1.863,-0.824,0.238,1
-0.155,-1.238,-0.016,0.319,0.34,2.176,-0.399,0.597,0
0.367,-0.209,-0.669,0.382,0.029,0.463,-0.349,-0.002,1
0.612,-0.202,-0.56,-0.26,0.574,-0.755,1.133,-0.593,1
-0.96,0.769,-1.257,0.697,0.013,-0.719,0.549,1.392,0
0.698,-1.097,1.645,-0.453,-1.059,1.154,1.312,-1.542,0
-0.282,-0.281,-0.806,1.513,1.079,1.609,2.019,-1.089,1
0.328,1.666,1.16,-0.62,0.745,0.286,0.455,-0.893,0
-0.452,-0.639,-0.55,-0.032,0.539,-0.005,0.224,0.397,0
-0.718,-1.259,-0.115,-2.633,0.871,0.43,-0.008,-0.642,0
0.753,-0.48,0.938,0.029,0.099,-1.526,-0.368,-1.514,1
-0.578,1.568,-0.529,0.647,-1.067,0.302,0.855,-1.092,0
-2.697,1.352,-0.817,0.328,0.632,-0.422,-0.458,-0.578,1
0.328,-0.793,-0.095,-1.444,1.186,-0.639,-1.464,2.518,1
2.2,-0.963,0.477,-0.051,-1.163,0.688,0.666,-1.113,1
-0.556,-1.032,-0.41,-1.063,-1.944,1.752,0.405,0.663,0
1.063,0.64,-0.205,-0.971,0.073,0.518,-1.675,1.394,0
0.458,0.02,-1.256,0.818,-0.992,-1.465,0.513,0.437,1
0.363,-2.159,0.401,0.755,-0.571,1.011,2.85,-0.509,1
-0.211,-0.278,-0.783,-0.341,0.068,-1.102,-1.05,-0.697,0
-0.108,-0.04,-0.113,1.611,0.583,-1.263,-0.959,0.959,0
2.137,0.799,0.1,0.854,1.362,0.235,-0.062,0.159,0
1.712,-0.073,1.691,1.12,-1.136,1.168,-0.139,-0.038,0
0.105,0.311,2.006,-0.445,0.327,0.536,-0.707,0.082,1
0.44,-0.332,-0.239,-0.96,0.051,-0.06,-1.252,-0.619,1
1.517,1.175,-1.323,-0.57,0.767,-0.667,-0.226,1.205,0
-0.5,-0.837,-0.091,0.514,0.943,-0.649,-0.751,-1.022,1
0.476,-0.419,2.236,-0.538,-0.347,-1.408,-0.457,-0.347,0
1.208,-0.311,0.215,-1.06,0.207,-0.27,-0.978,-0.619,0
0.792,-0.062,-0.443,0.894,0.811,-0.039,-0.382,0.91,1
0.959,-2.48,0.056,1.126,-1.756,-0.214,0.525,1.325,1
1.086,0.417,-1.295,1.073,-0.631,0.449,-0.132,0.222,1
-0.599,1.264,-0.066,-1.518,-0.341,0.353,2.237,-1.747,0
-0.0,0.306,0.223,-0.067,-0.012,1.121,0.102,0.712,0
-0.393,0.67,0.38,-2.55,1.061,-1.034,-1.202,-0.259,0
-0.203,0.419,-0.823,-1.266,1.434,-2.273,-1.214,-1.066,0
0.287,-0.732,-0.919,1.353,-0.705,-0.414,-0.336,0.229,1
-0.583,0.071,-1.326,-0.144,0.797,-1.111,-0.337,-1.184,0
0.941,-1.002,0.044,1.052,0.037,-0.977,0.972,-0.505,1
0.348,0.627,-3.007,0.816,0.975,1.688,-1.375,-0.848,0
0.003,-0.264,-1.811,0.308,1.19,0.779,0.288,-0.722,1
0.321,1.784,0.729,-0.742,-0.714,-0.804,-0.879,1.058,0
-1.449,1.48,-0.552,0.104,0.498,-0.845,-0.695,0.919,0
-1.821,2.466,0.895,-0.895,-1.016,1.07,-0.922,-0.73,0
-0.967,0.438,1.315,0.539,0.547,-1.181,-0.567,-1.231,0
0.296,-1.888,0.618,0.342,0.925,0.67,-1.538,-1.148,1
0.556,-0.437,0.641,-0.072,-0.737,1.05,-0.072,0.155,0
0.379,-0.511,1.522,-1.48,2.354,0.006,-0.019,-0.505,1
1.959,-1.152,-1.193,-2.058,1.135,-0.518,-0.097,-1.538,1
0.163,-0.175,0.459,0.186,0.367,-1.782,-0.071,-1.828,1
0.603,-0.265,-1.125,-0.913,1.702,-0.961,0.65,-1.813,1
-0.118,-0.863,-0.795,0.59,0.863,-0.545,0.635,0.071,1
0.45,-0.37,0.727,-0.452,-1.401,-0.09,-0.515,1.474,0
0.21,-1.188,-1.262,0.456,1.358,-0.495,-0.111,0.43,1
0.369,-0.331,0.417,-0.382,-1.117,-0.477,1.825,-1.043,1
0.261,0.785,1.902,1.352,-1.578,-0.464,-1.257,1.526,0
-0.382,-0.072,0.364,-0.051,-0.312,-1.185,-0.232,0.709,1
2.352,-0.169,0.75,0.774,0.486,1.413,-0.788,2.157,0
-2.186,-0.167,0.0,1.205,-1.763,-0.286,1.586,-0.549,1
0.851,0.603,-0.04,-2.714,-0.313,1.522,1.147,-0.316,0
-0.811,-1.438,-0.036,-1.689,-1.753,1.391,-0.802,-0.048,0
-0.456,-0.801,2.07,-0.407,2.059,0.612,0.816,1.319,0
-0.077,-0.316,0.108,0.072,-0.085,2.401,-0.33,-1.606,1
0.721,-1.985,-0.108,-0.3,1.513,0.499,1.82,0.338,1
-0.143,1.338,1.275,1.064,-0.203,0.003,1.309,0.839,0
0.685,1.792,-0.812,0.353,-0.652,1.677,-0.76,1.974,0
-1.001,-1.995,0.093,-0.664,-0.031,-0.314,-1.234,-0.859,1
0.684,-0.962,0.909,0.791,0.577,0.861,-0.83,-0.556,1
0.634,-0.715,0.231,-0.718,0.437,-1.303,0.683,0.787,1
1.324,0.727,0.928,-2.076,1.23,-0.685,-2.507,-0.103,1
-1.046,1.291,1.408,0.952,2.21,-0.953,-0.022,0.096,1
1.476,1.28,0.933,-1.243,0.311,-1.333,1.51,0.759,0
-0.754,-0.361,0.921,0.188,2.315,-0.317,0.526,-2.461,1
0.912,-0.715,0.054,-1.203,-1.203,0.484,-0.214,0.652,1
1.986,-1.039,0.456,1.063,-0.455,0.964,1.142,0.822,1
-1.212,0.006,-0.231,-1.391,1.068,0.733,-0.189,0.852,1
0.767,-0.023,0.2,0.524,0.998,1.234,0.045,-0.617,1
-0.323,-0.451,0.1,-1.357,-2.382,1.375,-0.57,0.91,0
-1.893,0.794,-0.213,0.754,-0.125,2.059,-0.417,0.418,0
1.448,1.807,1.069,1.259,-0.949,1.612,0.162,0.201,0
0.264,-0.164,-1.519,0.714,0.581,-1.341,-0.885,-0.278,1
1.973,-0.233,-0.053,1.889,-1.441,-1.809,0.215,0.868,1
1.832,-1.132,1.004,1.691,1.507,0.748,-0.052,-2.206,1
0.491,-0.372,-0.734,0.264,0.23,1.298,0.613,0.383,1
-0.855,-1.377,0.94,-0.492,-0.008,0.101,1.076,0.632,0
-0.884,-1.27,-1.824,1.072,0.468,1.01,0.969,0.241,1
0.252,0.666,-2.042,0.734,1.268,-0.779,1.532,-0.461,1
-0.373,0.226,-1.876,-1.399,1.483,1.595,0.041,0.925,0
1.092,-0.826,0.076,0.577,-0.209,0.018,-0.847,1.256,1
-0.181,-0.406,1.165,1.309,0.845,0.696,-0.945,2.516,1
-0.715,-0.299,-0.186,0.0,-1.042,0.799,-0.623,1.449,0
0.566,0.102,-0.105,0.388,-1.761,-0.689,0.488,-0.178,0
0.467,-0.772,1.016,1.628,-0.35,0.16,0.117,-2.3,1
-0.578,-0.269,0.848,-0.147,-0.103,-0.331,-0.058,-0.858,1
0.05,1.595,1.238,-1.599,0.456,-0.378,-0.608,-1.571,0
2.051,1.53,1.516,-1.561,-2.068,-0.373,0.757,-0.669,0
0.629,-0.241,-0.69,-0.298,-0.53,0.673,-0.665,1.227,0
0.161,1.47,-0.449,1.227,1.671,0.374,-0.469,0.192,1
0.51,1.356,-0.437,0.672,-1.187,0.492,-3.177,1.195,0
-0.652,-0.916,-0.111,-0.823,-1.625,-1.216,1.3,-0.686,1
2.65,0.804,-0.107,0.608,-0.427,1.895,-1.553,0.589,1
0.032,-1.799,-0.008,-0.27,-1.816,-0.042,1.718,0.14,1
0.947,0.119,1.274,-0.017,0.56,1.418,0.385,0.338,0
-0.501,0.598,-0.02,-0.158,-0.381,-1.06,0.595,-1.588,1
0.174,1.493,-0.181,-0.407,0.013,-0.459,0.152,-0.299,1
1.514,0.996,1.192,-1.634,0.038,-0.421,1.312,0.631,0
0.134,-1.484,0.949,1.554,0.13,0.378,0.759,-1.579,1
0.564,-0.269,0.386,2.186,-0.922,1.548,-0.64,1.764,1
-0.529,1.043,-1.635,-0.372,0.606,-1.873,-0.712,-0.527,0
-0.387,-0.601,-0.699,-0.303,0.538,-0.898,-0.668,-0.11,1
0.698,0.122,0.48,-0.381,1.363,-1.352,-0.535,0.07,1
-0.671,0.443,-0.351,-0.311,1.625,-0.799,-0.62,-0.866,1
0.577,-0.803,-0.098,1.15,0.111,1.075,1.117,-0.282,1
1.448,0.159,-0.134,0.363,-0.914,-0.667,-1.155,-0.923,1
-0.32,0.995,0.514,-0.699,0.675,-0.264,0.12,-2.585,1
-0.156,-0.642,-0.275,0.743,0.474,2.238,1.273,-0.784,1
-1.628,0.623,0.685,-0.213,-0.305,-0.442,-0.092,0.507,0
-0.491,-1.011,1.771,1.827,0.134,-2.249,0.958,0.04,1
1.456,1.563,-0.846,0.782,-1.467,1.056,0.078,0.124,0
0.532,-0.669,0.732,-1.785,0.354,0.862,-0.692,0.788,0
0.373,0.288,1.168,-1.176,-1.298,-1.142,-1.624,-0.486,0
0.033,-0.954,-0.717,-0.703,0.204,-1.098,-1.749,-0.349,0
-0.555,0.171,0.52,-0.495,-0.201,1.549,-0.317,-0.304,1
-0.366,1.432,0.421,-0.876,-0.415,-0.361,1.081,-1.49,0
0.138,-1.313,0.324,-0.281,2.525,-0.402,-1.094,1.287,1
0.014,0.56,-0.102,-2.73,0.211,0.745,1.462,-0.856,0
-0.22,1.299,0.605,2.805,0.308,-2.216,-1.619,-0.122,1
-0.163,0.684,0.961,-1.117,-0.904,0.531,0.973,1.251,0
0.048,0.961,-1.359,-1.648,1.132,1.062,1.182,-0.347,0
0.198,-1.056,0.232,1.871,-1.502,0.587,-0.161,-0.073,1
0.372,-0.451,0.777,0.522,-1.014,0.96,1.088,-0.178,1
2.209,-1.09,1.142,-0.003,0.289,-0.725,-0.666,0.051,1
-1.855,1.415,-0.918,-0.952,-0.79,0.584,0.452,1.084,0
1.18,1.554,1.24,-0.434,-0.615,-1.0,0.242,0.584,0
-0.686,-0.771,-0.095,1.654,1.544,0.855,-2.061,0.048,1
-0.54,0.001,0.386,-0.929,-0.822,2.088,2.096,-0.138,1
1.056,2.809,-2.345,-1.029,-1.199,-1.636,-1.277,1.025,0
0.377,0.013,-0.948,0.061,0.271,1.404,-0.035,2.431,0
-0.775,-0.491,0.321,0.958,-0.024,0.046,0.019,-0.366,1
1.419,2.334,-1.841,-0.272,-0.083,-2.519,-0.66,0.19,1
-1.488,-1.016,-0.532,0.512,0.792,0.418,0.176,-1.143,1
1.02,-1.444,0.018,0.223,-0.613,0.091,0.492,0.649,1
-1.743,0.329,0.033,0.606,1.183,-1.086,0.135,1.275,1
0.15,-0.248,0.66,-0.104,0.914,-0.824,0.696,0.213,1
0.378,-0.38,0.969,-1.015,-1.162,0.192,0.227,-0.929,1
0.075,-1.689,1.66,0.717,1.863,-0.961,-0.159,-1.012,1
1.134,-1.039,-0.176,-0.32,0.689,0.358,0.73,0.123,1
-0.006,-0.621,0.395,-0.7,0.657,-0.013,0.702,-0.629,0
0.99,-0.572,-0.805,-1.989,-1.702,0.451,-1.251,1.86,0
0.027,-1.357,0.501,0.009,0.035,1.269,0.409,-1.02,0
0.543,-1.718,0.975,-1.972,-0.287,0.71,-0.254,-0.171,1
-1.476,0.983,-1.003,1.146,-0.326,-1.054,0.6,-0.722,1
1.645,-1.31,2.132,0.134,0.541,-0.89,-0.05,1.036,0
-0.104,0.423,-0.4,-0.17,1.833,-0.817,-0.602,0.651,1
-0.425,-0.508,0.285,1.327,-0.541,-1.074,-1.272,0.783,1
-0.193,-1.799,0.948,0.546,-1.818,0.858,-0.551,1.119,0
-0.054,-0.151,0.25,-0.608,-0.348,2.01,-0.362,-0.223,0
-1.103,0.135,1.547,-0.12,0.764,-1.476,-1.71,1.053,0
0.005,-0.966,-0.039,-0.384,-0.203,-2.175,0.634,1.703,1
1.192,1.934,1.589,0.734,0.491,-0.15,0.272,-0.951,1
0.116,-0.682,1.578,0.593,1.717,-0.447,-0.995,0.677,1
0.052,-0.664,0.133,-1.053,-0.225,0.164,-1.396,0.158,1
-0.317,-1.315,-1.182,1.447,1.003,0.787,0.627,-2.016,1
2.562,0.313,1.588,1.879,0.178,0.737,-1.839,-1.357,1
-0.193,0.43,-0.204,3.837,-1.467,-0.422,-0.505,-1.37,1
0.21,1.564,-0.474,1.893,0.202,-1.187,-0.251,0.166,0
-0.779,-0.334,0.74,-0.105,0.675,0.23,0.095,0.315,1
0.77,-1.315,-1.075,0.29,-0.09,-1.223,0.893,-0.929,1
-1.126,-0.659,0.014,0.308,0.901,-1.248,-0.297,0.948,1
1.303,-0.903,-0.475,-1.274,-0.672,2.118,0.506,0.093,0
-2.05,0.546,0.522,-0.05,-2.286,-1.381,0.295,-1.881,0
1.387,-0.438,-0.759,0.99,-0.104,-0.121,0.464,-0.122,1
1.061,-2.729,0.693,0.609,-0.662,-0.137,-0.836,0.871,1
-0.238,1.595,-0.251,1.244,-2.024,0.332,-0.191,0.162,0
-0.526,-0.234,-1.085,0.563,0.295,-0.646,0.954,-1.068,1
1.02,-0.896,1.233,-0.849,-0.853,-0.901,-0.344,-0.76,1
0.237,0.57,0.199,0.459,-1.957,-1.077,0.348,-0.283,1
0.131,2.103,-1.384,0.789,-0.23,0.258,0.884,-0.054,0
-0.814,0.181,-0.083,-0.144,0.65,-0.305,-0.129,-0.12,0
0.244,0.182,1.166,-0.333,0.542,-0.934,0.949,0.795,0
0.243,-0.419,0.362,0.479,-2.129,0.34,-1.057,-0.436,0
0.282,-0.062,-0.042,-0.69,-0.027,-0.071,0.405,-0.436,1
-0.196,0.376,-1.351,0.111,-0.14,-1.859,-0.172,-1.323,1
-0.41,0.983,-1.147,0.471,-0.985,-0.104,-1.023,-0.972,1
-0.165,-0.158,0.557,1.559,0.417,0.234,0.114,2.571,0
-0.889,0.118,-0.704,-0.77,-0.797,0.299,-2.195,-2.212,0
-1.315,-0.424,-0.301,0.336,0.725,1.642,-0.969,1.367,0
1.111,-0.784,-0.387,-0.566,-0.384,0.322,-0.06,1.221,1
2.161,-0.504,0.578,-2.078,-0.128,0.652,0.166,0.851,0
0.228,0.003,0.229,-1.022,0.672,0.868,0.043,0.256,0
-2.385,1.648,1.061,2.672,-0.972,0.138,-1.134,1.466,0
-0.081,0.837,-1.038,-1.446,0.258,-0.812,0.488,0.445,0
-0.963,1.839,0.022,-0.711,-0.859,0.676,-0.991,-0.632,0
0.074,0.772,-0.399,-1.13,1.791,0.655,-1.214,-0.22,0
1.249,-0.195,1.704,0.895,-0.058,0.142,1.253,-0.423,1
1.473,0.494,0.392,-0.503,-1.383,1.036,0.293,0.518,0
0.954,-0.417,0.043,2.907,-0.277,-1.585,-1.731,-0.215,1
1.33,-2.506,1.748,1.831,0.806,0.046,1.071,-0.124,1
-1.724,0.799,-0.047,-0.065,0.009,-2.705,-0.679,-0.69,0
-0.908,1.415,1.057,0.732,1.296,1.452,0.166,-0.862,1
1.129,-0.228,0.238,0.409,-1.478,-0.874,0.402,0.426,1
0.756,0.403,-1.401,0.97,-0.533,-1.047,0.784,-0.92,1
2.883,-0.257,-0.706,-0.265,-1.192,0.087,-0.504,0.693,1
0.265,-0.133,1.676,0.937,-0.353,0.241,-0.857,-2.593,1
1.533,-1.303,0.424,0.938,0.851,1.739,1.024,-0.774,1
0.84,0.658,1.277,-1.236,-1.679,0.575,0.326,0.165,0
0.369,0.329,0.47,-0.133,-0.833,0.065,1.083,-0.368,0
0.945,-0.471,-0.644,0.551,0.115,0.346,0.853,-2.154,1
-0.272,1.095,-0.386,0.691,0.26,0.723,0.291,-0.969,0
-0.245,0.654,-0.894,0.709,-2.984,0.167,-0.376,0.254,0
-0.383,-0.865,0.876,0.384,0.884,1.916,0.424,1.815,0
-0.179,-1.631,0.731,0.246,-0.288,-0.631,-0.472,-0.755,1
0.848,2.019,-0.919,-0.547,0.25,1.106,-0.493,1.136,0
-0.032,-0.371,0.389,-2.6,-1.437,-1.194,0.411,1.179,0
0.625,0.378,-0.929,1.036,-1.644,0.4,-1.41,0.591,1
-0.401,-0.962,-0.126,0.244,0.228,-0.759,0.992,-1.511,1
-0.595,-1.275,-0.904,0.241,1.053,1.582,0.344,-0.752,1
-0.856,-1.838,0.222,0.015,0.221,-0.089,0.057,0.152,1
1.205,-0.735,0.251,1.173,-0.091,1.8,-1.309,0.076,1
-0.761,0.034,1.719,-0.097,1.686,0.292,-0.201,0.866,0
0.009,0.639,0.449,1.245,1.318,1.805,-1.066,0.797,0
0.713,-0.616,-0.697,0.982,-0.612,-1.688,1.524,0.722,0
0.467,0.813,0.257,-0.052,-0.191,-0.398,-1.862,-1.063,1
-0.026,-0.917,-0.041,-0.798,-0.289,0.423,0.01,1.059,1
0.133,1.676,-0.648,-0.198,-1.589,0.677,1.304,0.149,0
-0.988,0.797,-0.026,1.924,1.206,-0.374,0.363,-0.153,1
-2.107,-1.175,-0.453,-2.21,-1.6,0.696,2.595,-2.045,0
0.044,-1.062,-2.035,-1.507,0.177,-1.625,0.103,-0.322,1
-0.685,-0.152,-0.454,0.552,0.269,0.477,0.458,-0.649,1
0.887,0.157,-0.421,1.142,0.418,0.283,0.045,0.08,1
0.019,-0.542,0.244,-2.162,-0.669,-0.721,-0.1,-1.597,1
-1.228,0.11,-1.916,0.683,0.665,-0.504,-0.267,0.416,0
-1.719,-0.409,1.447,-1.239,-0.715,-0.833,0.21,-0.429,0
1.463,1.046,-0.079,0.25,-0.948,0.528,-0.127,-0.986,0
0.91,0.083,-0.139,1.863,-1.098,-1.101,0.869,0.62,0
1.213,0.016,-2.866,1.533,0.234,-0.023,1.526,-0.734,1
1.563,-0.167,-0.424,0.959,0.471,-0.864,-3.322,1.911,1
-0.524,0.986,0.302,2.794,-1.167,0.701,0.607,-0.908,1
-0.52,-0.355,0.18,-0.408,-0.65,-0.105,-0.017,0.374,0
0.982,-1.024,1.45,-0.948,0.089,0.101,0.48,0.776,1
-1.012,-0.384,1.769,0.35,1.666,1.463,-0.26,0.98,1
0.109,-1.035,-0.049,-0.473,0.302,-0.808,-0.253,-0.535,1
-0.773,0.432,1.406,-1.63,0.574,-0.504,-0.911,-0.522,0
0.189,0.151,-0.744,2.256,-0.418,-1.122,0.263,0.583,1
0.088,-1.385,1.138,-1.902,0.744,0.971,-1.288,0.974,0
-0.156,1.187,0.115,-0.27,-0.211,-1.31,0.429,2.459,0
-0.746,2.373,-2.13,2.12,-0.321,-0.043,-0.181,-0.256,0
-0.878,-0.806,-0.627,-0.167,0.426,0.453,-0.381,0.57,0
-0.359,1.593,0.522,0.367,0.208,-0.224,0.714,-2.912,1
-1.304,-1.306,0.673,-0.344,-0.808,1.674,-1.759,-0.057,0
-0.168,-1.027,0.319,-0.236,-0.108,1.749,-0.216,1.611,0
-1.068,0.529,1.587,1.4,-0.305,1.668,1.316,-0.511,0
0.008,-0.856,-1.458,-0.925,-1.684,-0.557,1.089,0.346,0
-0.451,-0.672,0.419,-0.829,0.76,-1.361,1.805,-0.98,1
0.208,0.65,-0.144,-2.561,-1.349,-1.079,0.43,1.25,0
-0.328,0.982,-1.52,0.062,0.5,0.053,1.124,-0.959,0
-1.604,-1.268,0.559,-2.362,-2.136,-0.606,-1.126,-2.005,0
-0.861,-0.701,-1.013,-1.003,-0.521,-0.284,-0.027,0.654,0
-0.255,0.769,-1.938,-0.681,0.407,-0.037,-0.868,1.136,0
1.934,-1.302,0.674,2.485,0.07,0.58,1.435,0.527,1
-1.107,-1.166,0.086,-0.052,-0.182,0.875,0.905,-0.663,0
-1.675,0.309,-0.079,-0.335,0.728,0.433,0.066,0.727,0
-0.912,-1.907,1.135,-0.892,-0.314,-0.398,-0.015,-1.562,1
-0.98,0.261,-0.875,0.655,1.432,-0.522,-0.607,0.945,0
-0.485,1.599,0.232,0.176,1.283,-3.181,-0.444,1.388,0
0.918,1.005,-1.306,1.233,-0.056,-1.626,1.437,-0.973,1
-0.979,-0.806,0.591,-0.458,-0.944,-0.825,0.79,-0.875,1
-1.722,-0.812,0.075,-0.555,0.517,0.243,0.339,-0.056,0
1.599,-1.669,0.29,-3.153,0.704,-0.503,0.592,-0.595,1
0.966,-2.695,-1.118,1.707,-0.972,-0.404,-0.436,-0.722,1
-0.625,-1.959,-1.0,0.108,0.616,0.266,0.096,-1.888,1
-0.565,-0.786,0.189,-0.415,-0.872,0.546,-0.768,0.699,0
0.925,-0.055,0.284,-0.282,0.822,0.107,-1.197,0.978,1
2.019,0.393,-0.567,0.848,-0.62,-0.331,-2.383,0.122,1
-1.236,0.797,-1.327,-0.405,0.316,-1.21,0.624,-0.422,0
-1.148,0.708,1.733,1.446,1.185,-1.402,1.634,0.767,0
0.698,-0.541,0.609,-1.274,-0.172,-0.856,1.276,1.02,0
-0.88,-0.483,-0.542,-0.858,-1.448,-0.545,-0.229,-0.372,1
-0.506,-0.102,1.492,0.038,0.452,-0.02,-1.056,-0.795,1
-0.732,0.32,-0.253,-1.662,-0.394,-0.742,0.82,-0.805,1
-1.236,0.988,0.038,-0.365,-0.795,-0.214,-0.574,0.392,0
1.498,-0.239,0.157,-0.866,-1.393,0.419,0.332,0.416,0
-0.305,1.165,1.674,-1.641,1.479,-0.147,0.01,-0.77,0
-0.042,0.782,-0.33,-0.457,0.33,-0.437,0.961,1.0,1
1.194,0.375,0.042,-0.614,-0.263,-0.768,-0.327,0.231,0
-1.023,-0.307,0.058,0.486,0.923,-0.184,-2.16,-1.125,0
0.914,1.708,-0.328,-0.726,-0.425,0.231,0.076,-1.172,0
0.455,1.433,0.061,-0.894,0.21,1.161,1.119,0.128,0
0.212,0.548,-0.16,-0.281,1.056,-0.792,-1.897,-0.994,1
1.515,0.226,1.019,-0.8,-0.335,0.88,-0.808,0.781,1
0.536,-0.553,-0.496,-0.939,-1.131,-0.531,-0.742,1.223,0
1.519,1.002,0.514,-0.042,-0.199,-0.879,-1.049,0.586,1
-1.192,-1.1,-0.453,-0.233,-0.707,0.503,-0.086,0.775,0
0.233,0.11,-1.045,-1.181,1.091,-0.296,-0.116,0.828,1
-0.9,0.81,-3.455,-0.216,1.554,-0.379,1.557,1.357,0
-0.713,1.501,-0.143,0.163,-0.046,-0.553,-0.862,-0.132,0
-0.392,0.173,-0.699,-0.136,-0.555,2.734,-0.245,0.816,1
1.699,-0.181,-1.007,-1.831,-0.927,-1.177,-1.976,-1.035,1
-1.343,-1.729,0.025,-0.187,-0.26,-1.03,-0.031,0.682,0
1.053,0.175,-0.758,1.256,1.615,-0.101,-0.916,-0.136,1
0.53,-0.525,0.295,-1.142,-1.691,0.276,1.841,1.721,0
1.274,0.271,0.383,-0.415,-0.018,0.815,-0.585,0.51,0
0.986,0.724,0.157,1.153,0.436,0.005,-0.34,0.135,0
0.263,-0.251,-0.639,-0.851,0.205,0.255,0.408,0.715,1
-0.149,0.324,2.289,0.172,0.323,-1.488,-1.168,-1.954,1
-1.249,0.244,-0.715,-1.399,-0.213,0.344,-0.373,-0.597,0
0.127,0.12,-0.601,-1.39,0.141,2.019,-0.65,0.73,0
-0.18,1.386,0.315,-0.332,0.866,-2.204,0.663,0.88,0
0.332,-0.396,-1.493,1.04,-0.572,0.274,-0.022,-0.579,1
0.368,0.14,2.147,-0.546,-1.734,0.466,0.075,0.074,0
0.395,-0.131,0.885,-1.119,-2.209,-1.106,0.961,-0.378,0
0.095,0.136,0.719,1.665,0.395,1.43,0.045,1.647,1
-0.238,-0.772,-0.185,0.12,-0.608,-0.747,0.116,-0.753,1
-0.818,-0.423,-1.298,-0.47,-1.046,0.338,-0.161,0.207,1
0.467,0.896,-0.262,0.228,1.501,0.319,-0.558,0.232,0
-0.55,-0.187,0.351,0.59,-0.318,0.14,1.324,0.724,1
-0.171,0.974,0.963,-0.646,1.87,-0.944,-0.877,0.377,0
2.589,-1.366,-0.982,-2.006,0.171,-0.268,-1.17,1.389,0
0.09,0.657,-0.715,0.698,-2.645,-0.301,0.938,-0.242,1
-0.128,-0.484,0.767,-1.825,-0.63,0.991,-1.228,-1.21,1
0.532,-0.841,-0.516,-2.347,-1.36,-0.453,0.159,1.308,0
0.442,-0.171,-0.408,1.081,1.509,-1.423,0.196,0.275,1
0.625,2.547,-0.65,-0.372,0.589,1.629,0.403,-0.763,0
0.994,-0.441,1.3,-1.015,-0.699,0.352,-0.458,-0.759,0
-0.169,0.373,-0.254,0.609,0.427,-0.557,0.757,-0.806,1
0.885,0.116,-0.59,0.634,-0.948,0.36,-1.15,0.637,1
-1.459,-0.149,-1.037,-0.373,1.179,0.56,0.202,-1.603,1
-0.852,0.855,0.312,-0.607,-0.507,-0.937,-0.121,0.049,0
2.385,-1.339,0.872,-1.603,0.63,-0.184,0.15,-0.975,1
-0.943,-0.658,-0.586,-0.926,-0.631,2.054,0.188,0.56,0
-1.069,-0.195,-1.28,-1.061,-0.929,-1.492,0.714,-1.266,0
-1.22,2.39,-1.435,-0.947,-0.594,0.252,-0.219,-0.663,0
-0.447,0.973,0.791,-0.479,-0.852,1.433,-0.322,-0.136,0
0.1,0.267,-0.265,0.951,-0.45,0.553,0.583,-0.183,0
-0.299,-0.261,0.444,-0.645,-0.611,0.897,0.702,-1.385,1
0.423,-0.713,-0.161,1.999,1.326,-0.564,-0.883,1.842,1
-2.357,-0.371,-1.015,-0.004,-0.884,-2.339,-0.095,-1.815,1
1.277,0.407,-1.002,0.866,1.876,0.168,-0.747,-0.177,1
2.196,0.245,0.562,0.098,0.476,0.737,1.971,-0.213,1
-1.246,0.424,-1.475,-0.519,-0.09,0.518,1.705,-0.727,0
2.746,-0.823,1.246,0.953,-0.055,1.752,-2.512,-2.467,1
-0.091,0.514,1.145,-1.177,1.356,0.609,-0.402,1.806,0
-0.923,-0.137,-0.725,0.127,-0.254,1.087,-0.19,0.434,0
0.547,0.968,-0.739,0.179,-0.394,0.477,-0.586,-1.04,1
-1.321,0.27,0.618,-0.023,-0.995,-0.811,-0.61,-0.961,1
-1.605,-1.231,-0.329,-2.097,0.546,1.497,0.008,-0.47,0
1.141,0.073,-1.238,0.843,-1.97,0.306,0.217,-1.419,1
-0.319,-1.329,0.464,2.134,-0.139,-0.032,0.237,-0.099,1
-0.101,1.041,0.715,-0.65,-0.926,0.252,0.711,0.849,0
-0.808,0.683,-0.955,0.248,1.034,-0.888,0.651,0.853,0
-2.765,1.212,1.339,-0.359,0.105,-0.444,0.093,-0.464,0
-1.12,-1.917,-1.013,0.183,-0.389,1.405,-1.21,0.306,0
-0.513,0.947,1.227,-0.78,-0.584,0.732,0.228,-0.024,0
0.06,-2.063,0.148,-0.723,0.739,1.168,-1.351,1.504,0
1.254,1.174,-0.431,-1.205,-0.653,-0.319,-0.309,-0.864,0
0.501,1.325,1.279,-1.733,1.604,-1.001,0.84,-0.635,0
-1.256,-0.575,-0.612,-0.933,2.406,-0.201,0.728,-0.7,1
0.831,-0.318,0.111,0.153,-0.418,0.266,0.676,1.136,0
-1.807,-1.133,-1.832,0.728,-1.611,0.116,1.52,-0.388,1
1.522,-0.789,-0.196,1.261,-0.222,-0.207,1.92,0.074,1
-0.74,1.084,0.357,1.19,-1.273,-0.024,-1.651,-0.066,0
-1.891,0.375,-1.427,0.182,0.211,-1.99,1.123,0.665,0
0.696,1.367,-0.969,0.006,0.314,0.012,0.945,0.61,0
0.742,0.121,0.452,-0.765,0.406,1.44,-1.016,-0.334,1
0.483,0.405,-0.203,0.226,0.085,1.049,0.068,-0.039,1
-0.296,0.343,2.053,-1.084,2.02,-1.507,0.045,0.506,0
2.455,0.142,-0.243,-1.169,1.544,0.138,-0.282,-1.214,1
-0.982,1.343,0.316,-0.7,0.139,0.317,0.826,1.26,0
0.255,0.821,0.503,0.623,0.782,0.961,-0.321,0.226,0
0.581,-0.467,-0.904,-0.047,-0.695,1.124,0.203,-1.074,1
3.347,0.182,1.761,-0.03,0.917,-0.155,0.881,-0.501,0
-1.54,-1.839,-0.547,-1.479,0.153,-0.792,-1.049,-1.557,1
-0.384,-0.014,-1.361,-2.08,-1.41,-0.225,1.401,0.09,0
0.702,0.831,0.6,-1.232,0.407,0.123,-1.225,1.001,0
0.483,-1.997,-0.18,0.784,0.355,-2.159,-1.236,0.646,1
1.407,1.755,-1.978,-1.441,1.027,1.059,-0.206,0.43,0
0.773,0.021,-0.418,-0.132,0.112,1.382,0.102,-1.786,1
-0.214,0.037,-1.041,0.3,1.059,0.555,-0.094,0.33,0
0.788,-0.184,2.131,0.781,0.039,1.022,-0.082,0.86,1
-0.249,-0.702,0.714,1.366,0.121,0.625,-1.593,-1.134,1
0.447,-0.586,0.394,-1.292,1.483,0.19,1.336,2.618,0
0.103,1.196,1.279,-0.918,0.221,-2.031,-1.07,1.342,0
0.907,0.057,2.032,-0.3,0.848,0.901,0.445,-0.571,1
0.342,1.482,1.084,-2.854,-1.864,-1.305,0.758,-0.64,0
2.652,0.103,0.679,-0.779,0.331,1.245,-1.887,0.764,1
-1.009,-0.903,0.082,0.071,1.457,1.538,0.669,-0.65,1
-0.313,1.75,-1.566,0.566,-0.131,-1.046,-0.926,-0.348,0
-0.101,-0.299,-1.259,0.581,0.063,-0.118,-0.735,-1.491,1
0.453,0.067,0.386,0.587,0.395,0.398,-0.04,1.364,0
0.893,-1.35,0.001,0.929,0.963,2.375,0.666,-0.091,1
-0.614,-1.016,1.077,1.202,0.082,-0.171,-0.54,0.69,1
0.945,0.46,-0.923,1.616,0.377,-0.961,-0.176,-0.106,1
-0.498,0.877,1.308,-0.508,-0.6,0.384,-1.554,0.222,0
0.615,1.396,-0.257,1.027,-0.099,-0.467,-0.777,0.297,1
-1.295,-0.135,-0.763,0.169,-0.153,-1.754,-1.69,0.337,1
-0.999,-3.375,1.216,-0.29,1.581,2.28,0.107,-0.177,1
2.477,1.763,-0.032,-0.451,-0.653,-0.428,0.655,-0.284,0
0.413,-0.456,1.25,1.568,-0.795,-0.195,-1.172,-1.219,1
-1.313,-1.718,-1.297,-0.555,0.034,0.134,0.411,-0.729,1
-0.508,-0.701,-1.43,-0.649,-0.074,0.64,-2.074,-0.568,1
-0.122,-0.785,-1.946,2.131,-1.064,1.406,-0.24,-0.699,1
-2.065,0.733,0.534,-1.051,0.385,-1.256,-1.376,-0.742,0
0.504,2.017,-1.629,-0.027,-2.118,1.516,-0.581,-0.558,0
1.029,-1.067,-1.051,-0.046,-1.909,-1.559,-0.008,0.31,1
0.805,0.303,-0.289,0.976,-0.154,-0.159,0.428,-0.695,1
1.023,0.473,0.231,0.575,-0.562,1.061,-0.503,-1.404,1
0.131,-1.258,0.252,1.356,2.388,-0.579,-0.213,-1.891,1
-1.27,0.03,-0.149,0.084,0.31,1.285,0.017,0.716,0
-0.353,-0.252,-1.223,0.507,0.509,0.278,1.008,-1.244,1
0.109,-0.709,-0.191,-1.154,-0.975,-0.668,1.929,0.619,0
-1.514,-1.901,-0.03,-0.209,0.021,-0.975,-1.549,0.729,0
-1.292,-1.719,-0.22,-0.057,-1.897,-0.221,-0.434,-1.413,1
0.446,0.867,0.527,0.368,0.727,1.231,0.994,0.336,0
0.506,0.681,-3.199,-0.277,0.377,-0.875,-2.335,-0.702,1
-1.232,-1.623,0.636,2.738,-0.882,0.624,1.234,1.714,1
1.07,0.935,0.717,0.505,1.427,-0.828,0.803,0.997,1
0.404,-0.574,-0.035,1.326,2.256,0.219,-1.713,0.921,1
0.89,-0.69,-1.744,1.768,-0.515,0.519,0.7,0.913,1
-0.189,0.673,-0.548,0.252,-1.578,-0.146,0.697,-1.34,0
-0.295,-0.835,0.805,-0.126,0.314,-2.38,-1.622,-0.358,1
-1.23,1.233,0.437,-0.687,0.801,1.132,1.099,1.39,0
-0.461,0.729,0.758,-0.382,-0.707,-0.738,-0.937,1.658,0
-0.549,0.521,0.603,0.24,1.06,-0.475,-0.769,1.255,0
-0.485,1.06,-0.602,0.006,-1.261,-0.629,0.285,-0.98,0
1.784,0.935,-0.119,1.463,0.503,-1.594,2.586,1.523,1
0.386,0.173,-0.411,0.599,-0.346,-1.656,0.224,-1.322,1
-0.209,-0.68,-0.271,-1.313,1.205,0.23,0.173,0.98,0
-0.845,-1.746,2.3,-0.152,1.888,0.156,1.356,-0.57,1
0.777,0.925,-0.003,-0.385,2.484,1.61,-0.675,0.867,0
0.254,-0.215,-0.115,-1.759,0.069,0.461,0.018,0.79,0
0.466,2.783,-0.741,-0.115,-1.913,0.085,0.618,0.395,0
-0.865,0.326,0.019,-0.906,-1.025,0.78,0.88,1.275,0
-0.947,-1.267,1.345,-0.733,1.503,1.394,0.316,-0.444,1
-0.812,-1.141,-1.073,1.603,0.972,-1.137,-0.734,-1.641,1
-0.623,-0.082,0.611,0.392,-1.212,-1.092,-1.044,-0.672,1
0.302,-0.013,2.056,1.026,-0.072,0.575,-0.967,-0.543,1
-0.743,-0.835,0.26,0.211,-0.699,-0.187,-0.058,1.132,0
-0.549,-0.265,-0.371,0.824,-0.301,1.087,1.249,0.147,0
-0.632,0.281,0.36,-1.628,-0.508,1.412,-0.226,0.939,0
-1.489,-0.471,-1.384,0.731,-0.421,0.764,-0.612,-0.757,1
-0.549,2.531,1.558,0.946,-2.851,-0.53,-0.431,-1.636,0
0.178,0.325,-0.785,-0.083,-0.318,-0.034,1.148,0.31,0
0.374,-0.101,-0.059,0.434,0.811,0.549,0.328,0.535,1
1.985,0.514,0.546,0.531,0.001,-0.725,-1.663,-0.033,1
1.231,-0.908,-0.183,2.084,0.044,0.383,-0.416,0.266,1
1.69,0.069,-0.315,0.431,1.299,0.597,-0.421,-1.764,1
0.859,-1.616,0.612,-2.527,-0.23,-0.005,1.529,-2.445,1
-0.532,1.987,0.916,0.522,-1.11,-0.727,0.072,0.37,0
0.218,-0.499,0.401,0.993,-0.131,0.193,1.172,-0.955,1
0.377,-1.571,0.945,-0.382,1.151,-1.464,-0.023,-1.272,1
-0.938,-0.012,1.196,-0.625,0.707,0.768,0.083,-0.359,0
-0.283,1.758,0.607,1.052,-1.542,-0.605,-0.079,-1.903,1
0.412,-1.282,0.306,0.968,2.9,0.081,0.794,2.212,1
-2.147,-0.103,0.333,1.571,-1.171,0.02,-0.111,0.874,0
-2.901,0.378,0.272,-1.011,-0.348,-0.361,-0.08,-0.475,0
0.335,-0.654,0.608,-0.669,0.534,0.028,0.11,0.414,0
-1.26,1.334,0.039,0.595,0.799,1.364,1.536,0.181,0
-0.897,-0.603,-1.368,1.053,0.397,-1.139,-0.977,1.193,0
0.987,1.365,-0.171,-0.952,2.011,2.989,-0.513,-0.108,0
1.053,0.536,-0.509,-0.25,0.649,0.859,-0.623,-0.747,0
-2.528,-0.789,-1.711,0.37,0.394,0.465,0.217,-1.587,1
1.188,2.03,0.779,-0.272,-1.382,-0.136,-0.875,0.441,0
1.618,0.805,-0.082,1.356,-1.202,-1.543,0.586,-0.474,1
0.939,-0.144,0.084,-0.986,-0.052,-1.042,0.566,-0.473,1
-1.512,-0.224,-0.596,0.603,0.734,1.05,2.267,0.416,0
-0.585,-1.939,-0.675,-0.105,0.804,-0.821,-0.61,-0.713,1
-0.569,0.418,-1.337,1.444,1.355,-0.734,-0.14,0.416,1
1.825,2.23,1.388,-0.031,-0.985,0.473,0.261,-0.096,0
-2.504,-0.02,-0.945,1.58,1.236,0.396,-0.035,0.019,0
1.042,1.085,-0.767,-0.015,-1.101,-0.623,0.308,-0.441,1
0.035,1.577,-1.045,0.119,0.017,0.996,-1.174,2.02,0
-0.114,0.403,0.612,-0.997,-0.516,1.296,-1.342,-0.414,0
-0.055,0.195,0.323,-0.942,-1.643,-0.183,1.154,0.868,0
-0.377,-1.589,-0.174,0.817,-0.191,-0.177,-1.028,-0.656,0
-1.039,0.495,-0.018,-0.962,1.991,-0.445,-0.393,-1.208,1
-0.413,-0.224,0.472,1.206,-0.138,1.426,-0.24,0.05,1
2.201,0.613,-0.593,-0.655,-0.117,-0.135,-0.069,-1.148,1
-0.951,-0.523,0.01,1.467,-0.189,0.88,-0.122,-0.002,0
1.9,0.407,0.932,-0.939,-0.049,1.667,1.006,-0.79,0
-0.682,-0.145,-0.135,-0.305,-0.721,-1.019,1.533,-1.624,1
-0.277,-0.88,0.326,-0.248,0.057,0.262,2.066,-0.714,1
0.079,0.807,-0.209,0.552,1.097,0.638,-0.082,-0.867,0
0.105,-0.579,-0.583,0.848,1.008,0.063,-1.088,-2.949,1
-1.255,-1.37,0.349,1.046,-0.08,1.551,-0.167,0.763,1
0.157,-0.198,0.03,-0.157,-0.175,-1.272,-0.536,0.161,0
0.844,0.799,-0.767,-0.935,0.881,-1.279,0.633,0.703,0
0.451,2.018,-0.16,0.579,0.58,-0.268,1.705,0.856,0
0.193,-1.382,-2.454,0.724,-1.002,-0.425,0.6,0.405,1
0.651,-1.277,1.367,-0.058,0.237,-0.282,-1.612,-1.131,1
0.427,1.248,-1.181,3.08,1.865,-0.566,0.655,0.777,1
-0.07,-0.294,0.498,-0.56,0.134,-1.22,-0.505,0.549,1
2.311,0.957,1.32,-0.198,-0.617,-0.264,-0.226,-0.827,1
-0.702,-0.266,-0.542,0.21,-0.161,0.768,1.31,-0.32,0
-0.593,1.167,1.085,1.544,-0.448,0.172,-0.174,0.296,0
-1.638,0.216,-0.646,-0.533,-0.891,0.646,0.378,-0.039,0
-1.383,-0.336,-0.308,-0.484,-0.562,0.751,-1.208,0.103,0
1.115,0.275,0.408,1.499,-1.244,1.347,0.843,3.043,0
-0.458,0.172,0.985,-2.235,0.194,-0.338,0.737,-0.349,0
0.317,1.227,-0.588,0.698,-0.781,0.573,0.004,-0.583,0
1.047,-0.608,-2.296,-0.742,1.024,-0.519,0.369,-0.296,1
0.343,0.626,-1.275,-0.38,-0.667,-0.263,1.343,-0.471,1
1.392,2.115,-0.919,-0.592,0.645,-1.627,0.788,0.828,0
0.584,-1.962,-1.024,-0.281,0.899,-0.353,0.469,-2.299,1
-0.289,-1.135,1.485,1.468,1.002,-1.686,-0.516,-1.422,1
0.043,-1.182,-1.074,-0.3,0.512,0.303,0.871,1.088,1
-0.919,-1.717,-0.745,0.846,1.928,-0.91,1.065,0.052,1
-0.898,1.581,0.882,-1.406,0.132,-0.306,-1.902,0.154,0
-0.508,0.55,-0.262,-1.232,0.116,0.043,-1.759,0.779,0
-0.116,0.999,-2.179,0.708,-1.123,-1.109,-0.237,0.584,1
-1.02,-0.862,1.804,-1.277,0.209,-0.292,-1.264,0.073,0
-1.129,1.198,0.251,0.213,0.283,-1.095,-1.507,1.756,0
-0.082,0.647,0.95,-0.898,1.536,0.577,-0.27,-1.236,0
1.162,0.679,0.201,0.541,0.799,0.018,-0.743,1.241,0
-1.755,0.424,-1.334,0.082,-0.946,0.902,-0.953,-1.068,0
0.612,0.238,-1.295,1.92,1.314,0.102,0.632,1.187,1
-1.074,-1.661,-0.811,0.034,-0.001,0.54,-0.26,0.031,1
-0.636,0.356,-0.151,-0.85,0.065,-0.402,-0.661,-0.144,0
-1.324,0.285,0.04,-0.93,-0.24,0.047,-1.206,0.242,0
-0.813,-0.073,-1.04,0.702,-1.359,0.896,0.012,0.307,0
-0.644,0.716,-0.014,-1.083,-0.236,-1.709,0.618,-0.135,0
0.238,1.007,-1.053,2.146,0.139,-0.933,0.682,-0.401,1
-1.057,-0.397,-1.175,-0.013,-0.427,1.968,1.036,-0.336,0
-0.871,-0.151,0.502,0.203,0.445,1.02,0.027,-1.177,1
0.201,0.419,1.22,0.455,0.468,1.051,0.96,-1.501,1
-2.058,-0.134,-0.592,-0.09,-0.532,0.031,-0.906,1.597,0
1.483,-1.534,-0.26,-0.357,0.522,0.628,-0.043,0.039,1
-0.83,-1.154,0.214,-0.63,-0.928,0.766,0.674,0.043,0
-1.013,-1.303,-1.416,0.416,-0.494,1.014,-0.372,-2.69,1
0.042,0.116,0.698,-0.972,-0.213,-0.039,-0.309,0.961,0
0.979,0.296,0.331,0.668,-0.402,-1.13,2.544,0.079,1
0.672,-0.615,1.094,0.549,-0.838,-1.186,1.495,-0.244,1
0.077,0.497,-0.178,-0.312,-1.097,1.325,1.619,-0.398,0
1.499,1.42,-1.187,0.11,0.814,-1.494,1.248,1.093,1
-0.426,-0.405,-0.214,1.655,2.052,0.194,0.916,-0.421,0
-0.378,-1.347,1.139,-0.467,-0.792,0.098,-0.823,-1.419,1
0.404,-0.272,1.121,-0.517,1.211,0.837,-0.077,-0.074,0
0.99,-0.344,1.553,-0.981,-0.954,-0.282,-0.169,0.683,1
0.8,-0.701,-0.104,0.084,1.559,-1.879,-0.798,0.897,1
0.99,-0.515,-1.808,-1.173,-2.885,-0.877,1.69,-0.222,0
1.102,-0.956,1.084,-1.405,0.478,-0.32,0.189,1.12,1
0.083,0.858,0.502,-1.231,0.235,0.379,0.5,0.482,0
1.244,0.1,-1.326,-1.262,-0.077,0.679,0.664,1.728,1
0.325,0.554,1.211,0.747,-2.068,1.821,1.913,2.039,0
1.072,-1.584,-0.373,0.345,2.738,-0.986,-1.074,-0.036,1
1.066,1.33,-0.126,0.587,-1.211,1.386,0.42,-0.392,0
-0.304,0.177,0.778,-0.454,0.152,-1.243,-1.83,-0.301,0
-0.427,1.382,-0.3,-0.974,2.056,-0.428,-0.015,-0.704,0
0.65,-0.148,-0.949,-1.255,0.221,0.828,-0.18,0.775,0
-0.762,-2.469,-1.34,-1.119,-0.112,0.696,0.297,-0.42,1
1.65,-0.04,0.51,-0.68,1.159,0.794,-0.071,-0.91,1
-0.108,-0.712,0.545,0.578,2.565,1.207,2.352,-0.671,1
0.214,-0.792,1.384,-0.622,-0.193,-2.884,0.89,-0.331,1
0.653,-0.395,-0.834,0.026,0.279,0.353,-2.047,-1.329,1
1.137,0.778,1.183,0.016,-0.829,-0.44,-0.686,0.661,0
-1.491,-0.746,2.158,0.224,-0.29,-0.148,-1.111,0.559,1
0.905,-1.374,-1.327,1.46,-0.762,-2.414,2.551,-0.632,1
-0.541,-1.003,-0.642,1.418,-0.276,0.867,-1.48,1.343,1
0.657,-1.374,-0.203,-1.548,-0.694,0.496,-1.032,-1.834,1
0.983,0.573,-0.634,-0.262,-3.409,-1.711,0.773,-0.501,0
1.053,-0.494,-0.102,-0.647,0.126,-0.117,-0.07,0.144,1
0.057,0.41,-0.34,-0.005,0.309,-1.022,-0.575,-1.268,1
-1.297,1.055,0.021,-1.444,-0.205,-0.678,-2.879,0.096,0
0.355,-0.958,-1.286,0.449,0.619,-0.57,-0.283,0.205,1
-0.097,2.453,-0.34,-0.07,0.039,2.159,-1.841,-0.202,0
0.336,1.216,-2.692,1.228,-0.106,-1.64,-0.305,0.516,1
-0.685,0.392,-1.501,0.144,0.947,-0.294,2.413,-0.642,0
0.749,0.781,-0.025,-0.639,-0.768,1.119,-0.247,0.625,0
0.549,0.091,-1.143,-0.75,0.856,0.435,-0.477,-0.486,0
0.806,-0.417,-1.203,0.157,-0.776,1.313,-1.052,0.565,0
1.752,0.116,-0.464,-0.491,2.144,-1.575,-0.509,0.938,1
-0.151,0.999,0.339,-2.378,0.402,-0.703,0.903,1.017,0
-1.296,0.656,0.216,0.689,0.481,0.093,-0.534,0.281,1
-0.049,1.495,0.424,-0.318,-0.286,0.374,-0.531,-1.483,0
-0.105,0.081,-0.482,-0.368,-1.912,-1.526,2.381,2.201,0
-0.21,0.904,0.858,0.582,-0.047,0.085,0.967,0.518,0
0.38,-1.193,0.15,0.932,0.454,-1.721,1.611,0.947,1
-1.25,0.621,-0.358,0.543,-0.234,-0.59,0.289,0.227,0
0.723,0.618,-0.612,-0.393,-0.367,0.352,-1.5,0.477,0
0.287,-0.113,0.486,0.272,0.416,-0.604,0.521,0.757,1
0.093,-1.172,0.012,0.755,0.338,-1.119,-0.291,-0.822,1
0.061,1.761,2.134,-2.085,0.91,1.408,-0.198,0.526,0
-0.839,0.113,-0.398,-0.235,-0.084,-0.39,0.49,-0.529,1
0.401,0.175,0.713,-0.573,-1.14,-1.082,-0.544,-0.483,1
0.057,-1.261,0.322,-0.426,-0.758,-0.131,0.387,-1.622,1
1.262,-0.388,0.554,-1.354,1.247,0.125,0.681,-2.086,1
1.147,1.221,1.145,1.174,-0.192,-1.847,1.838,0.036,1
-1.358,-1.348,-2.774,-1.229,0.339,-0.212,-0.189,1.136,0
1.212,0.257,0.452,0.682,1.049,-0.586,-2.43,1.423,1
-0.37,-0.42,-0.259,-0.081,-1.102,1.101,-1.515,0.222,1
0.389,0.988,-0.778,-0.726,-1.426,-1.67,0.499,-0.194,0
0.282,1.622,1.841,1.347,-1.66,0.534,0.284,0.886,1
-0.748,-1.454,0.587,-0.372,-0.558,-0.418,-0.654,0.351,0
-0.066,0.45,0.681,0.048,-0.087,0.464,0.201,-0.124,1
0.534,-0.863,-0.014,0.754,0.395,0.464,2.271,0.834,1
-0.284,-0.476,0.932,0.148,0.291,-0.084,0.19,-0.962,1
-0.818,1.001,1.172,-0.258,0.765,-0.023,0.406,-0.92,0
0.95,-0.263,1.617,-0.149,-0.052,0.074,-0.624,1.165,0
-0.541,0.738,-0.201,-1.828,1.162,-0.635,0.675,1.627,0
0.566,-0.031,-0.841,0.739,0.872,2.154,-0.336,0.559,0
-0.515,-1.229,-1.32,0.574,0.234,-0.066,0.995,-0.114,0
-1.764,0.29,-0.538,-0.161,-0.177,-1.461,0.559,1.447,0
-0.274,-0.019,0.726,-1.413,-1.395,0.645,-0.642,-0.177,0
0.212,0.802,1.121,0.7,-0.183,-1.205,-0.567,0.449,0
0.513,1.55,-2.51,-0.884,1.595,-1.172,-0.687,0.279,0
0.756,0.207,0.812,0.549,0.496,-1.0,-1.436,-0.201,1
-0.448,1.566,1.886,-1.662,-2.228,-0.224,-0.438,-0.891,0
0.642,-0.3,-0.516,-0.665,-0.093,0.694,-0.654,-0.594,0
0.519,1.843,0.309,-1.37,-0.604,0.396,0.08,-1.905,1
-0.78,2.355,-0.183,0.37,-1.624,1.999,0.578,-0.543,0
1.038,-0.912,0.743,0.826,0.577,0.263,1.667,-2.201,1
0.006,0.139,-0.937,0.845,-0.348,0.815,0.647,0.921,1
1.006,-0.461,-1.037,-1.3,-0.545,-0.423,1.378,0.903,0
1.591,-0.483,-0.923,-1.096,-0.268,1.478,2.343,-1.816,1
0.761,-0.103,0.96,1.56,-0.598,-1.339,-0.9,-0.998,1
0.004,2.025,0.62,-1.428,0.111,1.015,1.874,-0.81,0
-0.54,-0.411,-0.614,0.492,1.518,-1.23,0.872,0.329,1
0.45,-1.634,0.64,-0.475,-0.016,0.772,-1.997,-0.191,1
1.543,-0.67,-0.221,1.362,0.762,-2.415,-0.267,0.786,1
0.949,0.311,-2.014,0.659,0.121,-0.246,-0.461,0.959,0
-0.536,0.254,1.103,0.438,-0.356,-1.557,-0.976,-0.207,1
1.066,0.277,-0.222,-0.865,0.848,1.134,0.777,1.197,0
0.71,-0.579,-0.193,0.392,-1.389,0.837,-0.491,-1.323,1
1.633,0.453,2.076,-1.056,-0.764,0.12,0.704,0.507,1
-2.666,1.966,-1.246,-1.014,-1.602,0.368,-2.165,-1.45,0
-1.941,1.803,0.541,-0.925,1.508,-0.783,-0.591,1.91,0
1.51,-1.061,0.51,2.914,2.121,-1.502,0.66,0.176,1
0.264,-2.13,-1.348,-0.878,1.623,2.134,0.195,0.638,1
0.92,1.888,-0.238,1.248,1.616,-0.291,-0.664,-0.537,1
1.645,-1.483,-0.84,-2.27,-1.044,-0.473,0.133,0.657,1
0.669,0.041,-0.043,-1.143,0.808,-0.125,-0.683,-0.259,0
-1.641,-0.359,0.476,0.452,-0.816,0.639,0.075,-0.119,0
-0.316,0.164,0.911,0.322,-0.696,0.05,0.553,-0.434,1
0.346,-1.057,0.569,1.158,-0.703,-0.156,-0.354,0.056,1
0.08,2.343,-1.441,1.434,0.265,2.305,-2.292,0.059,0
0.48,1.23,1.644,0.592,0.548,-1.143,-1.434,0.436,0
-0.295,1.16,0.651,1.014,1.044,-1.023,0.835,-0.088,0
-0.812,0.177,0.747,1.201,0.275,-1.195,1.853,-0.854,0
0.424,0.813,-0.339,-0.536,-0.852,0.085,0.831,1.954,0
-0.267,1.775,-0.052,0.373,-0.029,0.428,0.464,-0.311,1
-0.109,0.702,-1.988,-1.256,0.521,0.451,1.241,-0.489,0
1.418,-1.866,0.078,-0.042,0.877,-2.279,-0.528,-1.009,1
0.578,-1.227,-0.73,-0.896,-0.804,1.742,0.042,0.02,1
-0.749,0.36,-0.041,-0.297,-1.274,-0.874,0.266,-1.953,1
0.315,0.839,-0.402,-1.267,1.522,1.492,-1.024,-0.498,0
-1.516,-0.324,-0.563,0.016,-1.125,0.725,0.673,-0.929,0
1.623,-1.093,0.268,2.56,-1.395,1.585,0.601,-1.214,1
-0.571,-0.203,0.145,0.383,0.524,1.107,-0.557,-1.123,1
-0.332,0.141,0.343,-1.895,0.677,0.149,0.77,0.107,1
1.261,1.115,-0.019,-0.036,-0.685,-1.213,-0.304,0.759,0
-1.087,0.657,-0.115,0.418,1.401,0.136,0.008,1.586,0
-0.647,-1.046,-0.874,-1.715,-1.63,0.707,-1.372,-0.792,0
0.792,-0.471,0.978,1.053,-0.854,-1.21,-0.222,1.11,1
1.353,-0.152,0.813,0.469,0.537,-0.721,-0.469,0.422,1
0.495,-0.139,-0.623,0.407,2.129,-0.378,-0.126,-0.232,1
0.626,-1.109,0.806,-0.486,-0.341,1.743,1.042,-2.07,1
-2.222,1.443,-1.623,-2.808,0.132,0.02,-0.42,1.607,0
-2.085,0.22,-0.219,-1.405,-0.159,0.515,0.634,-0.927,0
1.296,-2.021,1.423,1.399,-0.871,-0.892,0.585,-0.106,1
0.496,-0.538,-0.761,-2.435,-1.439,-1.096,0.261,1.293,0
0.17,-1.087,-0.613,1.584,1.58,0.758,2.038,-0.305,1
0.011,0.196,-1.104,0.078,-1.815,-0.252,-1.102,1.288,0
0.118,0.308,0.068,-0.741,0.901,-0.068,0.006,-0.115,0
-0.048,-0.027,-0.121,0.018,-0.587,0.147,-0.995,0.991,0
0.97,-0.611,0.433,1.508,-0.402,0.215,1.374,1.235,1
1.614,1.148,0.214,-1.881,-2.217,0.153,-0.53,0.699,0
0.63,0.975,-0.4,0.374,-1.068,0.428,0.981,0.142,0
-0.455,0.535,-0.64,0.375,1.197,0.976,-1.186,1.102,0
0.019,-1.521,-0.019,-0.574,0.106,-1.807,1.514,-1.009,1
-0.35,-0.276,0.61,0.633,-0.973,-0.61,-0.124,-1.278,1
-0.672,0.151,0.431,-1.68,-0.819,0.668,-0.444,-0.087,0
-0.161,0.569,0.808,-1.009,-0.677,3.176,1.204,-0.718,0
0.122,-0.435,1.898,-0.649,1.594,-0.618,-1.604,0.493,1
-0.844,-1.001,0.769,0.009,0.497,0.556,1.317,0.928,0
-0.385,0.219,-1.039,-0.152,-0.778,0.329,0.401,-0.348,0
-1.286,-0.115,0.276,0.957,0.861,-0.757,0.579,0.408,1
0.779,0.959,-0.442,1.947,0.676,0.859,2.406,1.126,1
-1.288,1.79,-0.16,1.055,-1.188,-0.155,0.625,-1.236,0
-0.957,-0.531,-0.588,0.202,0.493,-0.573,-1.474,-0.468,1
0.229,-1.01,0.913,-0.397,-0.172,0.476,0.616,-0.417,1
1.694,-3.011,2.194,-1.445,-0.017,0.216,-0.845,-0.998,1
0.647,0.413,1.314,0.962,-0.71,-0.719,0.52,-0.525,1
1.085,-1.256,-1.654,0.842,0.621,-0.592,-0.915,-2.03,1
-0.691,0.484,-0.256,0.323,0.21,0.686,1.398,0.931,1
0.291,-1.942,0.223,1.719,0.352,1.358,1.144,0.423,1
-0.145,-0.514,-0.211,-0.634,-0.758,-1.069,1.454,0.245,1
1.003,0.634,-0.843,-0.977,0.699,1.085,0.925,0.922,0
-0.489,1.673,0.572,-0.944,-0.422,0.665,-0.98,0.762,0
1.763,-0.273,0.953,-0.349,0.347,0.151,-0.755,0.593,1
-0.732,0.933,0.823,1.546,0.506,0.206,0.239,0.704,0
-1.502,0.294,-0.006,0.08,0.218,0.236,-0.721,-0.116,0
-0.32,0.595,-2.988,0.237,-0.97,0.055,0.422,-0.719,1
-1.413,-0.007,1.001,-1.405,0.173,0.314,0.475,-0.614,0
-0.343,-1.193,0.375,-0.531,-0.117,-1.441,1.429,0.447,1
0.241,-1.197,1.385,0.209,-1.68,-0.138,-0.313,-1.582,1
-0.633,-0.805,0.675,-0.425,-0.453,1.177,-0.526,-0.278,0
-1.266,-0.248,-0.345,0.311,-1.644,-0.413,-1.55,1.177,0
-0.068,0.69,1.05,0.32,-1.173,-2.198,-0.961,-0.285,1
-0.02,1.083,0.034,1.254,-0.226,-0.275,-0.797,1.406,1
-1.125,-0.459,-0.693,-0.954,0.066,-0.001,-0.653,0.858,0
0.983,-0.319,1.257,1.393,-2.211,-0.133,0.404,0.29,0
0.604,-1.611,-1.531,0.35,0.226,-0.326,1.209,0.038,1
-1.487,0.594,0.131,-1.39,-0.189,-0.112,0.499,0.195,0
-0.127,0.189,-1.549,0.4,-0.126,0.769,-1.004,0.174,1
0.0,0.496,-0.117,0.903,0.687,0.618,1.482,-0.211,1
-0.917,0.856,0.932,1.117,-0.835,0.932,1.299,0.949,0
0.7,0.203,-0.72,0.298,-0.537,1.443,0.598,-1.754,1
1.464,-2.474,-0.185,1.177,1.797,0.201,-1.596,-1.299,1
-1.458,0.248,0.409,0.069,0.639,2.324,0.133,0.687,0
0.626,0.809,0.774,-0.494,0.538,-0.533,1.345,0.625,0
0.401,0.563,0.976,-2.072,-1.124,-0.313,1.601,0.014,0
-0.132,0.737,-1.26,-0.017,-0.482,0.232,0.322,1.069,0
-0.937,0.089,0.679,-0.662,-1.693,-0.485,-0.682,0.608,0
-0.821,0.283,0.334,0.515,1.329,-0.157,0.465,-0.234,1
-0.194,0.319,0.155,-0.585,-1.013,1.223,1.167,1.091,0
0.73,-1.001,1.501,0.676,-0.689,0.284,-0.601,-0.575,1
-1.125,-0.949,0.136,0.05,-0.169,2.035,0.199,-0.841,1
-0.239,-0.582,-1.036,-0.269,-0.33,1.701,-0.631,-1.477,0
-0.798,0.606,1.045,-0.938,-0.42,-0.887,-0.67,-1.129,0
1.225,0.165,0.828,0.066,-0.204,0.797,0.344,-0.94,1
0.963,0.335,0.905,0.293,0.711,-0.062,0.425,0.906,0
1.643,-0.579,0.442,-2.754,1.403,-0.751,0.071,-0.273,1
-0.223,1.528,0.057,-0.678,-1.18,-0.842,2.512,-0.12,0
0.459,0.981,-0.413,0.159,-0.442,-0.484,0.068,1.458,0
-2.111,1.087,0.246,-0.645,1.105,0.776,0.371,-0.035,1
-0.275,-0.162,2.447,-1.152,0.192,1.349,1.393,1.704,0
0.753,0.043,1.273,1.328,-0.146,-1.11,0.709,0.956,0
-0.05,1.264,0.615,0.289,-1.303,-0.249,-0.127,-1.294,1
0.17,1.273,0.955,1.164,-1.973,-0.061,-1.775,0.53,0
1.179,0.267,-0.72,3.149,-0.083,-1.4,-0.253,1.043,1
-0.988,-1.56,1.043,1.098,0.07,0.817,-1.272,0.829,1
0.811,-1.089,-0.43,-0.84,-1.349,0.293,-1.105,-0.27,1
-0.775,-1.173,0.607,-1.332,0.441,-0.53,-0.703,-1.081,0
1.062,0.721,1.361,-0.238,-0.524,-0.696,1.559,0.579,0
0.656,0.28,0.33,-1.619,-0.355,0.38,-1.623,-1.055,1
-2.387,-0.056,-0.13,-0.148,-0.684,1.585,-0.312,-0.697,0
-1.795,0.944,-0.51,-0.556,-0.815,0.978,-1.167,-0.087,1
-0.364,-0.732,0.418,-1.068,-1.997,-0.977,-0.884,-0.739,1
2.824,-0.089,-0.062,-0.276,0.016,-0.88,1.069,0.121,1
-0.824,0.254,-0.218,0.592,1.083,-0.105,-0.979,1.437,0
0.747,0.649,-1.439,0.711,-0.234,-1.011,1.798,-0.751,1
1.793,0.889,0.395,0.044,1.684,-1.087,0.863,-0.885,1
-3.759,-0.465,-0.521,-1.22,-1.462,-2.281,-0.438,0.794,0
-0.157,0.011,-0.351,-1.478,1.289,-0.357,0.164,0.415,0
-0.378,-0.968,0.571,-0.202,2.36,-0.4,0.456,-0.077,1
-0.688,-0.179,-0.964,0.785,-1.021,-0.219,0.05,0.92,0
0.538,-2.019,-0.282,0.018,-0.127,1.161,0.172,2.233,1
-0.976,-1.45,0.009,-1.396,-1.955,0.606,1.191,0.263,0
0.495,1.19,-0.88,-0.682,0.295,1.021,0.516,0.615,0
-0.415,-0.227,1.95,-1.317,-0.08,-0.47,0.331,0.418,0
-0.814,-0.0,1.25,-1.664,0.615,0.041,0.448,0.536,0
0.126,0.725,-1.703,0.878,0.095,0.426,-0.424,-0.892,1
-0.847,-0.632,0.276,-0.036,-0.164,0.216,-0.838,-0.325,1
0.918,0.567,2.16,1.398,0.021,-0.615,1.488,-0.21,0
0.28,0.926,0.157,0.966,-0.234,0.383,0.5,-0.469,1
-0.149,1.393,1.027,-0.868,-0.436,-0.201,0.557,-0.383,0
0.501,0.853,1.692,1.451,-1.64,-1.645,2.17,1.255,0
-0.139,1.184,0.376,-0.203,-0.274,-1.147,-1.738,0.163,1
-1.22,-2.509,0.985,2.459,-0.894,-0.75,-0.152,-1.23,1
0.087,-1.416,0.96,-0.872,1.231,2.522,0.378,-0.85,0
-0.051,0.535,1.845,0.505,0.033,1.065,0.471,-1.506,1
-0.1,-0.581,-0.76,-0.147,-1.647,-0.601,1.031,2.108,1
0.509,0.928,-0.056,0.123,-0.938,-1.835,-0.051,-0.581,1
-0.298,0.228,2.394,0.103,-0.258,0.524,-0.79,-0.288,1
0.994,-0.555,-1.146,1.565,-0.223,1.86,0.03,0.322,1
-0.477,-0.444,-0.474,0.913,0.135,0.085,-0.172,-0.697,1
0.107,0.164,0.512,1.107,-1.343,-0.48,0.247,0.975,0
0.136,-1.863,-0.489,0.149,-0.002,-1.006,-0.086,0.732,0
0.066,-1.93,-0.808,0.594,0.033,-0.329,-1.765,1.02,1
-1.543,-2.211,0.393,0.197,-1.566,-1.005,-0.174,-0.027,1
0.098,0.999,-0.029,-0.313,1.714,-0.265,-0.155,-1.379,1
0.416,0.296,0.369,-1.234,1.318,0.957,-1.881,0.07,0
0.667,-0.191,-2.627,-0.749,-0.447,-0.235,-0.754,-1.57,0
1.322,0.063,-1.714,-0.66,-0.053,2.227,-0.987,-0.056,0
0.151,-0.597,0.704,0.097,1.484,0.218,-2.113,0.452,0
-0.787,-0.536,-2.283,1.166,-0.287,-0.061,0.48,-1.181,0
-0.576,1.238,-1.779,0.465,-0.804,-0.799,-1.065,1.614,0
1.282,2.906,0.028,0.033,-0.116,-0.56,0.839,-0.113,1
1.894,1.078,1.729,-0.299,-0.553,-0.095,-1.283,-0.907,1
-0.673,-0.529,-0.881,-0.876,1.211,-0.191,1.483,-0.125,0
1.055,0.958,1.395,1.047,1.935,0.63,-0.736,-1.465,1
-0.009,1.009,0.918,0.451,-0.112,0.938,0.851,0.388,0
0.145,-1.342,0.721,0.127,-1.237,0.628,-1.308,1.211,0
0.974,-0.425,-1.53,1.88,-1.433,-1.629,1.224,-0.234,1
1.017,0.147,0.167,-1.034,-0.419,-1.54,0.951,2.511,0
-0.763,-1.755,-0.206,0.503,-0.793,-0.784,-1.556,-0.241,1
0.103,-0.847,1.26,1.289,2.552,0.276,0.789,-0.568,1
-0.08,1.209,0.371,0.441,-1.609,-2.2,0.876,-2.453,1
-0.226,1.244,-0.798,0.229,0.905,-0.599,0.589,0.807,1
0.5,0.106,-0.752,-0.198,0.312,0.226,-0.404,0.615,0
0.188,-0.036,0.913,-2.046,-0.435,0.352,-0.483,-0.064,1
0.026,-0.221,0.553,1.0,1.947,0.666,0.895,0.582,1
-0.319,2.046,0.622,-0.167,-0.221,-0.258,-0.159,-0.797,0
0.251,-0.026,-1.14,-0.034,0.103,-0.073,0.488,2.433,0
-0.874,0.675,0.741,0.155,0.099,1.695,-0.482,0.892,0
0.973,-0.763,-1.332,-1.025,-0.603,1.324,-0.625,0.502,1
-0.053,-1.408,-1.157,0.264,0.606,0.103,-1.938,1.615,1
-0.836,-0.368,0.438,1.089,0.604,-1.585,0.722,0.068,1
-0.347,-0.339,-0.456,0.038,-0.929,-0.412,-0.429,-0.623,1
0.558,-2.138,0.539,0.51,-0.025,0.189,-0.21,-0.078,1
-0.14,-0.688,-0.586,-1.557,-1.949,0.306,-0.246,-0.143,0
-0.599,0.199,-0.916,0.645,-1.494,0.427,0.967,1.677,0
-0.741,-1.974,1.588,0.232,-0.725,-0.745,0.154,-0.227,1
-1.841,-0.406,-0.359,-0.675,0.966,0.497,-1.065,-1.814,1
1.374,1.091,1.101,1.233,0.303,1.693,-0.996,0.484,0
0.467,0.998,-1.075,-0.204,0.572,-1.337,-1.173,-0.04,1
-0.191,0.78,-1.609,-0.887,0.701,0.414,-0.063,1.413,0
-0.272,-1.646,-1.211,-0.66,-3.97,-0.35,-1.464,-0.264,1
-0.377,0.819,-0.176,-0.067,0.123,-0.842,-1.079,0.893,0
-0.996,-0.638,-1.693,0.982,-0.225,2.211,1.235,0.222,0
-0.337,-0.046,-0.904,-0.393,-0.947,0.352,0.465,0.826,0
0.756,0.082,-0.0,-0.718,-1.299,0.685,-0.309,-0.831,1
-0.43,-0.179,-1.115,1.221,1.47,-0.45,-0.89,-0.69,1
-0.154,0.521,-0.938,-0.784,-0.263,0.431,0.057,-1.671,0
0.291,0.498,0.616,1.031,0.019,0.551,0.586,0.739,0
1.1,0.617,-2.114,0.972,-1.09,-0.635,1.102,-0.067,1
0.19,0.34,-1.844,1.65,-1.448,-1.325,0.266,1.005,1
-3.24,0.784,-0.793,-0.836,-2.297,0.853,-0.276,-1.139,0
1.117,-0.465,0.277,-0.889,0.639,-0.768,-0.194,0.847,1
-1.095,-0.399,0.395,-0.411,-0.231,0.034,-0.313,-0.644,0
1.636,-0.481,1.772,-1.221,-1.661,0.624,0.383,0.696,1
0.132,-0.523,0.745,-1.273,0.666,-0.61,1.616,1.316,0
-0.53,-0.43,-0.116,1.356,0.816,0.592,0.32,0.132,0
-0.039,-2.454,0.737,2.598,0.285,-0.025,0.298,0.234,1
-2.955,-0.434,0.876,0.176,0.008,-0.093,-2.138,-0.714,0
1.057,0.509,-0.183,-1.582,-0.987,-0.473,1.069,-0.186,0
0.097,-2.839,1.343,-0.71,-1.214,0.643,1.294,-0.152,1
-0.335,-0.54,0.324,-0.539,0.458,0.887,-0.775,0.302,0
-2.015,0.294,-0.553,-1.123,-0.926,-0.723,1.624,-1.379,0
0.055,-0.68,-0.339,1.31,0.393,-0.272,0.999,1.269,1
1.519,0.336,-0.437,1.779,1.043,0.283,-0.253,-0.11,0
-0.528,-0.143,-1.356,-0.007,0.732,1.64,0.509,1.004,0
-0.302,0.692,0.717,0.287,0.227,0.598,0.414,-0.484,0
0.875,-0.22,1.692,-0.643,0.623,0.671,-0.168,-0.118,0
0.444,0.187,-0.502,-2.704,1.169,-0.168,-0.31,0.992,0
1.239,0.282,-0.547,0.776,1.283,-0.059,1.913,0.231,1
-0.801,0.313,-1.477,0.716,0.579,0.108,-2.022,0.927,0
0.213,-0.674,1.728,-0.255,-0.014,-0.396,-0.007,1.063,1
0.005,0.088,-1.097,0.518,0.074,1.732,0.946,-0.78,0
0.041,-1.021,-1.885,-0.013,-0.488,-0.134,-0.617,-0.842,1
0.737,-1.718,-0.89,0.113,0.539,0.52,0.499,-1.118,1
0.559,-0.24,0.845,0.023,1.277,0.336,0.318,0.665,1
-0.577,1.507,-0.079,-0.534,1.309,0.405,-0.105,-1.716,1
-1.185,-1.612,-1.351,0.132,1.215,-1.487,0.513,0.133,1
-0.768,0.332,-1.433,-0.564,-3.199,-1.22,-1.278,-0.349,0
-0.844,-1.238,1.276,-0.668,0.892,-0.836,-0.039,-1.609,1
0.514,0.864,-1.801,1.287,-0.578,-0.924,1.416,0.836,1
-0.51,0.519,-1.765,-1.021,-1.512,0.196,0.41,0.11,0
2.508,-1.138,-0.856,-2.712,-0.719,0.078,-1.364,-0.221,1
-1.368,-1.59,-0.691,-0.42,0.085,0.178,1.301,-0.852,1
0.118,0.753,0.789,-0.124,0.662,-0.528,-0.539,0.659,1
-0.042,-0.853,-1.488,0.441,-0.495,0.481,-0.046,0.25,1
0.921,-0.735,1.506,1.078,-2.253,-0.876,-0.304,1.866,1
-0.089,1.047,0.582,-0.268,-0.666,0.852,0.986,-0.043,0
0.432,-0.538,0.503,0.601,-0.741,-1.102,1.265,-0.039,1
-1.529,0.031,0.057,-1.798,0.971,-1.383,1.597,0.911,1
-0.698,1.023,0.246,1.662,-0.414,1.684,-0.369,0.09,0
0.421,0.43,0.57,-1.44,0.217,-0.57,0.895,0.438,0
1.716,0.757,-0.342,0.868,1.245,-0.058,-1.411,0.096,1
-0.416,0.293,-0.399,-0.762,-1.706,2.766,-0.246,0.326,0
-0.208,2.081,-0.553,0.569,1.158,1.233,-0.449,1.227,0
0.745,0.164,-0.299,-1.597,0.034,-0.02,0.734,0.726,1
-0.729,1.851,-0.451,-0.033,-0.126,-0.227,-1.115,1.314,0
-0.902,0.688,-1.04,0.136,0.189,1.015,0.397,1.909,0
-0.12,-0.114,0.167,1.233,0.095,-0.064,-0.521,-0.379,0
-1.521,-0.175,-0.554,-0.483,-0.727,-0.856,-0.945,-1.017,0
-1.428,-0.818,-0.402,0.122,2.265,-0.572,0.84,0.618,1
-1.104,-0.008,0.103,-0.129,-0.236,0.366,-0.78,0.849,0
-0.37,-0.285,1.046,1.833,1.681,-1.768,1.448,0.236,1
1.095,2.605,-1.131,-2.066,-0.86,0.16,0.047,0.981,0
-0.547,-0.268,1.007,0.272,0.836,-0.053,0.167,0.349,0
-1.687,0.187,-0.599,1.621,0.053,-0.788,1.636,1.038,1
-0.347,0.623,-0.337,0.042,-1.325,-0.805,2.158,0.913,0
-2.253,-0.377,0.683,-0.511,0.135,-0.942,1.155,0.015,0
1.063,-0.036,-0.558,-0.582,1.3,0.675,1.72,-0.376,1
-0.697,-0.507,0.639,-1.644,1.527,-0.411,0.676,-0.035,0
-1.273,0.061,0.702,0.437,-1.799,-1.294,-1.365,0.779,0
-0.007,1.113,0.716,-0.536,-0.065,0.113,-0.102,-0.049,0
0.194,-0.759,-0.154,0.639,-0.543,0.763,0.412,0.751,0
1.259,0.133,-0.654,1.825,0.369,-1.096,0.264,0.539,1
1.306,1.995,0.486,-0.1,1.348,0.871,0.488,0.427,1
0.395,0.14,-0.705,0.139,1.401,1.179,-1.689,1.162,1
2.134,0.841,1.046,0.05,-0.874,-0.545,0.319,0.349,0
-0.425,0.157,0.166,-1.573,0.038,-1.092,-1.475,-0.705,0
0.297,1.045,1.891,2.269,-1.82,0.884,1.008,-0.388,1
-0.401,1.461,-0.792,-0.843,0.194,0.537,0.245,0.461,0
0.923,1.15,1.423,-1.02,-0.518,0.036,0.101,0.654,0
1.077,1.812,-1.691,0.431,0.588,-1.395,-1.819,-0.54,0
0.244,0.85,2.103,0.095,-0.597,-0.238,-0.67,-0.363,1
-0.561,-0.778,0.565,0.907,-0.302,-0.802,-1.149,-0.943,1
0.215,-0.574,-0.866,0.341,0.238,1.176,0.626,0.515,1
-0.818,1.415,0.652,0.735,1.544,-0.637,0.371,1.027,0
0.534,0.749,-1.622,-1.765,-0.674,1.961,-0.424,2.356,0
-1.673,-1.388,0.453,0.794,-0.609,-0.236,0.268,-0.299,0
0.181,0.089,-0.678,0.715,-0.076,0.345,0.98,-0.247,0
0.098,0.622,0.618,-0.375,0.357,0.551,-0.835,0.207,0
1.422,-1.013,0.624,-0.417,-1.096,-0.098,0.698,0.644,0
-0.738,-1.367,0.577,1.09,-0.113,1.199,0.279,0.853,1
-1.098,-0.324,-0.59,0.854,0.558,-0.548,1.391,0.282,1
0.887,0.607,-1.264,-0.173,0.046,0.119,-1.398,-0.188,0
-0.123,2.038,-0.266,-0.439,0.256,0.737,0.436,0.044,0
0.945,1.276,0.074,0.034,-0.624,0.106,-2.561,0.143,1
-0.475,1.498,0.501,1.875,-1.171,-0.204,0.314,-0.491,0
0.207,0.701,0.536,-2.15,0.785,0.948,-0.752,0.175,0
-0.076,-0.6,-0.843,-1.305,0.404,-0.147,1.379,-0.56,1
-0.379,-0.7,0.603,1.074,0.384,0.561,1.383,-0.06,0
1.23,-1.158,1.674,1.621,0.455,0.238,0.61,1.121,1
-0.295,1.29,-0.304,-0.147,-1.269,0.619,-1.074,0.532,0
-0.667,0.031,-0.338,0.293,0.174,-1.546,0.994,-0.867,1
0.128,0.855,-0.346,-1.358,-0.683,-0.12,-0.59,1.055,0
0.292,-0.747,0.318,-1.017,-0.156,0.235,-0.419,-0.173,1
0.436,2.299,1.502,1.046,0.063,-0.333,-0.15,-0.875,0
0.019,-0.68,0.528,-0.299,0.542,-2.334,-0.145,-1.049,0
0.316,-0.877,0.536,-0.11,-1.014,-0.402,0.6,0.374,1
-1.79,0.392,0.704,-0.149,0.788,-1.192,-1.27,-0.74,0
-0.657,-0.745,0.291,-0.351,0.442,-0.679,0.333,2.218,0
0.576,-1.722,-0.482,0.65,0.191,-0.22,-0.096,-0.327,1
1.427,-1.142,0.573,-1.761,1.115,0.737,-0.397,0.588,1
0.434,0.413,0.375,-0.942,-1.863,-0.718,1.376,1.095,0
-0.666,1.062,-2.882,-0.879,-1.718,1.519,-1.589,0.836,0
-2.682,-1.232,-0.52,-0.295,-1.388,0.39,0.879,-0.103,0
0.26,-3.005,-2.488,-0.14,-0.879,-1.878,-1.778,1.128,1
0.882,0.833,-1.926,-1.504,1.098,1.208,0.832,-0.379,0
0.737,0.025,0.253,-1.039,0.006,1.145,1.156,0.122,0
0.462,-0.761,-1.161,-0.395,-0.843,-0.244,-1.501,0.648,1
-1.267,-3.141,0.011,-0.407,0.584,0.922,1.589,0.553,1
-0.642,-0.682,-0.405,-0.836,1.248,1.791,-0.135,2.089,0
-2.091,0.798,0.441,1.795,-1.49,-1.858,1.17,-0.846,1
-0.053,1.264,-0.444,-0.62,0.703,0.199,0.375,0.43,0
1.301,-1.554,-0.287,-1.971,-0.825,-0.374,0.338,-0.823,1
0.501,0.493,1.007,0.251,-0.128,0.882,1.461,0.496,0
0.66,-0.927,0.076,0.001,0.29,0.645,-0.211,-1.197,1
0.932,1.191,-0.58,1.28,2.38,0.873,-1.062,-0.171,1
0.074,0.525,-0.847,1.222,-2.52,1.142,0.906,-1.734,1
1.281,0.061,0.017,-1.73,-0.143,-0.98,-0.678,0.377,1
0.094,1.306,1.29,-0.68,0.356,0.629,0.319,-0.175,0
1.005,-0.08,-1.963,0.191,-0.722,-1.528,-0.094,1.919,0
-0.133,-1.327,-0.098,1.557,0.015,0.761,-0.404,1.181,1
0.741,0.051,0.422,-2.234,0.271,-1.344,0.668,-1.229,1
-0.557,0.101,0.158,1.126,0.538,-0.444,0.423,-1.034,1
-0.409,2.358,1.154,-0.841,0.203,0.788,0.515,1.09,0
0.589,-0.055,-0.148,0.463,-0.553,0.78,1.847,-0.255,1
1.024,1.067,1.842,-2.112,-1.286,-1.837,0.718,1.002,0
-0.519,-0.493,0.106,1.263,0.28,-0.443,0.496,1.411,1
1.191,0.193,0.98,0.24,-0.41,0.164,-1.653,-0.73,1
0.253,-1.884,0.319,-0.33,1.555,0.138,1.126,0.753,1
0.378,-0.26,0.429,-0.582,0.555,0.699,0.475,-2.166,1
-0.681,-0.32,0.997,-1.607,-0.3,-0.545,0.029,-0.136,0
-0.299,0.828,0.793,-1.618,-0.43,-3.182,-1.235,0.665,0
-0.041,-0.68,-1.131,1.86,-1.149,-0.748,1.208,-0.668,1
0.611,-1.199,-0.839,0.215,-0.993,-0.794,0.214,0.496,0
-0.197,-0.399,-0.791,-0.962,-2.03,1.128,-2.392,-0.573,0
-1.426,0.549,-0.9,-2.628,-0.421,1.898,-1.32,1.494,0
-0.808,0.516,0.559,-0.723,-0.477,-0.173,-0.538,1.153,0
-1.37,1.236,-0.295,0.544,-0.117,-0.183,-0.563,-0.209,0
0.577,-1.409,0.844,-0.218,-0.25,-0.48,-0.307,-1.198,1
0.815,0.592,-1.117,0.622,0.216,1.709,0.733,-0.39,1
-1.029,-0.107,0.131,-0.021,0.298,-0.428,0.654,0.093,1
-0.419,-0.487,0.408,-2.206,-0.284,0.938,0.269,0.633,0
-0.523,-0.067,1.45,-0.037,0.712,0.803,0.029,-1.477,1
0.276,-0.075,-0.154,-1.136,0.723,-0.949,-1.573,0.085,0
1.721,-0.301,-1.706,-0.451,-2.084,0.272,0.551,0.439,0
-0.085,-1.034,-1.994,1.627,0.806,-0.566,-0.174,-0.141,1
-0.774,0.942,0.85,-1.4,-0.778,-0.885,-1.349,0.365,0
-0.824,1.737,-0.134,0.211,0.243,0.577,-2.756,-2.037,0
-1.48,-0.024,0.091,0.015,1.639,-0.799,1.067,2.154,1
0.52,1.215,0.943,0.93,0.447,0.245,0.441,-1.064,1
1.944,-1.673,1.286,1.235,0.724,-0.652,1.722,-0.092,1
-0.171,0.33,-0.59,-0.351,-0.246,0.421,-0.717,0.381,1
2.046,-0.192,-1.16,-0.783,1.632,0.109,-0.141,0.667,1
-0.374,-1.059,-0.166,-0.226,0.275,1.922,-0.441,-2.041,0
1.082,-0.046,0.133,-0.199,-0.58,0.451,-1.581,-1.321,0
-0.268,0.077,1.387,0.281,-1.775,2.09,-0.098,-1.179,1
-0.259,0.906,-0.239,1.849,1.192,-0.85,0.051,1.003,0
0.598,-0.625,-0.625,0.926,-1.596,-1.745,0.348,-0.069,1
1.768,-1.223,0.682,-0.612,-0.807,1.96,0.093,-0.32,1
0.584,-0.354,0.653,1.217,-0.801,0.195,0.524,0.011,0
-0.535,-1.031,0.548,0.135,-2.346,-0.185,-0.986,0.632,1
0.732,1.202,1.119,0.142,0.861,-0.548,-0.323,-0.348,0
-0.561,-1.64,-0.818,-0.656,-0.116,0.584,1.306,-0.201,0
-2.0,1.489,-1.768,0.714,2.302,0.777,0.925,1.278,0
1.199,-0.009,0.644,-1.336,-1.011,1.4,0.624,-0.941,1
0.657,1.216,0.16,0.376,0.18,-1.204,0.048,0.29,1
-0.424,-1.244,0.383,1.501,-0.782,1.135,0.337,0.068,1
0.335,1.097,0.367,-1.359,-1.143,1.101,0.382,0.389,0
0.299,0.626,-0.267,-0.749,-1.48,-1.099,-0.75,0.812,0
0.762,-0.47,1.34,-1.501,0.286,-0.894,0.371,0.492,1
0.831,0.029,-0.002,1.108,0.979,-0.321,0.619,0.551,1
0.535,-0.621,-0.861,0.751,0.614,-0.108,-1.12,-1.048,1
0.08,0.656,2.508,0.58,-0.152,0.403,-1.314,-1.759,1
-1.344,1.154,-0.923,-0.971,0.505,-0.257,1.2,-0.105,0
-1.625,-0.422,0.209,-0.376,0.022,-0.427,-0.531,-0.853,1
0.098,0.303,0.484,-0.131,1.496,-0.529,-1.248,0.071,1
-0.669,-0.75,-0.532,0.162,0.112,-1.193,-0.385,0.25,0
1.892,-1.886,1.235,0.49,-0.394,-1.973,0.12,-0.492,1
-0.591,0.178,0.95,0.86,0.509,-0.904,-1.082,-2.192,1
-1.276,1.478,1.184,0.595,-0.012,0.6,-0.259,0.4,0
0.032,-0.098,0.723,-1.059,-1.212,-1.24,-0.109,-0.452,0
0.285,0.806,0.76,-1.177,1.874,0.56,1.151,-0.833,0
1.5,-1.445,1.9,-0.404,0.436,0.16,0.577,0.655,1
-0.508,0.648,0.22,-1.411,0.828,-0.792,0.063,-0.018,0
0.669,0.461,0.378,0.417,-0.739,1.242,-1.324,-1.911,1
-0.94,-0.185,-1.05,1.295,0.647,-0.552,1.273,0.399,1
2.251,-1.676,-1.002,-2.003,-1.377,-0.628,-0.298,-1.616,1
-1.37,-0.372,-1.297,-0.573,0.157,-0.62,-0.307,0.811,0
0.548,-0.125,1.518,-0.068,1.888,0.58,0.19,-0.945,1
1.6,0.742,-0.558,-0.066,1.306,-0.177,-0.606,-0.451,1
0.938,-0.478,0.344,0.043,-0.573,-0.7,-0.564,-0.259,1
1.512,0.979,-1.82,0.705,-0.044,1.349,-0.686,-0.04,1
-0.159,0.558,0.295,-2.458,0.323,-1.585,0.735,1.168,0
0.564,-0.511,-0.234,0.764,1.523,-0.83,-0.087,0.497,1
-0.325,1.878,1.524,1.068,-1.107,-0.11,0.362,-0.776,0
0.398,0.206,0.775,-0.732,-0.259,-0.848,1.56,0.915,1
0.728,0.688,-0.052,-0.806,0.23,2.008,-1.271,1.114,0
0.868,0.78,-0.579,-0.512,2.344,1.362,-0.743,1.456,1
0.068,-1.056,0.081,-0.854,0.181,0.671,1.437,-0.831,1
-2.232,0.237,-1.865,-0.315,-1.22,-0.69,-0.286,-0.155,0
-0.669,1.756,1.479,1.425,-0.816,1.252,0.189,0.232,0
0.269,0.565,-0.073,0.291,-0.466,-0.111,0.758,-1.508,1
-0.376,1.22,-0.431,-1.623,0.356,0.428,0.647,-0.63,0
-0.811,-0.652,-0.554,-1.103,1.487,-0.58,1.19,-0.006,1
0.748,-0.555,2.952,-1.715,1.939,-1.3,0.275,0.273,1
0.51,0.091,0.639,1.517,0.537,-0.883,0.676,0.445,1
-1.906,-0.218,-0.227,-0.102,0.688,-0.645,0.007,-0.265,1
0.356,-0.934,0.775,-0.112,0.142,0.434,-0.113,-0.289,1
-0.967,-0.775,-2.408,-0.248,0.309,0.597,-1.629,-0.689,1
0.973,-0.979,-0.41,-0.381,-1.5,0.487,-1.391,-0.17,1
-1.657,1.138,1.455,0.881,1.874,-2.285,-0.06,-0.7,0
0.702,0.282,0.504,1.283,0.156,-0.576,-0.28,-1.467,1
0.147,0.074,0.33,-0.669,0.061,0.089,0.651,0.859,0
-0.244,-0.131,-1.232,-0.659,-1.115,0.345,0.91,-1.812,0
-0.158,1.203,0.422,-0.547,-0.59,0.259,0.477,0.205,0
0.176,-0.721,1.143,-1.178,0.042,0.282,-0.437,0.01,1
0.711,1.108,-0.305,-0.059,-0.677,0.352,1.108,-0.188,0
0.046,-1.408,0.008,2.129,1.14,0.37,0.137,1.269,1
0.096,-0.015,0.531,0.675,-0.238,2.091,-0.7,-1.321,0
-1.656,-1.715,-0.418,-0.276,-0.591,-1.329,0.902,0.773,1
-0.725,0.538,0.716,0.252,1.456,0.757,0.553,-0.266,1
-1.352,-0.511,-0.753,-0.232,0.767,1.205,0.186,-1.305,0
-0.334,0.072,-0.529,-0.493,0.194,1.128,-2.044,0.239,1
-1.674,1.432,-0.214,0.64,0.334,-0.329,-0.155,0.028,0
0.369,2.467,-0.552,-0.435,0.37,-1.878,1.975,-1.755,1
-1.119,0.219,-0.869,-0.338,0.591,0.506,-0.833,-0.073,0
-1.047,-0.182,-0.444,-0.226,-0.005,-0.602,0.686,1.479,1
-0.574,0.225,0.42,0.504,1.369,-0.213,-0.046,1.958,0
-1.183,0.852,-0.058,-1.057,1.232,0.138,1.075,-1.323,0
1.993,-0.451,1.059,0.975,-0.105,1.69,-0.653,-0.981,1
0.301,0.775,0.396,0.386,-1.285,-0.822,-0.514,0.409,0
-0.163,-0.185,0.175,0.949,-1.692,0.438,0.322,1.998,0
-0.928,0.479,-1.427,-0.7,0.876,0.197,0.312,0.036,0
0.366,-0.103,-0.131,0.205,1.642,0.529,-0.055,0.377,0
-0.569,-0.311,-0.372,-0.337,-0.434,-1.437,-3.0,-0.615,1
-0.287,-0.918,-0.986,-0.673,1.224,0.042,-0.451,-1.473,1
0.944,0.525,1.588,-0.397,-0.459,-0.813,1.011,-1.096,1
-0.119,-0.125,-1.373,-2.133,0.297,0.482,0.049,-1.257,0
0.079,-1.101,-0.268,-0.749,1.888,-0.839,0.982,-0.034,0
0.709,0.44,0.086,0.558,0.727,-1.26,0.468,-0.05,1
-0.787,0.546,-0.679,-1.391,-0.803,-0.663,-1.249,0.877,0
0.509,1.229,-1.519,0.061,2.269,-0.364,0.104,-0.39,1
1.747,0.783,1.509,0.722,0.481,0.552,1.577,1.238,1
0.455,-0.084,1.498,0.419,-2.018,0.839,1.427,-0.258,0
-1.056,-0.623,-0.739,0.766,-0.133,-0.279,0.548,-0.87,1
-0.636,1.019,0.076,-1.283,-1.232,-0.244,-2.202,1.101,0
0.959,-0.03,-0.06,0.116,2.222,0.088,0.313,0.415,1
-1.527,0.558,-0.101,0.562,-1.433,-0.056,-1.12,0.485,0
0.481,-1.212,1.21,0.064,-0.703,0.257,0.261,1.237,1
-0.668,0.367,0.634,-1.012,1.318,-0.717,0.479,0.381,0
-0.383,0.195,0.861,0.375,1.19,-1.192,0.35,1.417,0
0.839,-0.705,0.454,0.794,1.519,1.011,-0.917,0.888,1
-1.407,-1.256,-0.686,-1.703,0.438,-2.269,0.156,1.782,0
0.424,-0.164,-0.329,0.239,-1.261,-0.982,0.378,0.238,1
-0.452,-0.139,-1.163,-0.141,-1.02,-0.56,-0.83,-0.139,0
-0.336,-0.289,-1.858,-0.657,-2.144,0.944,0.703,-1.672,0
-0.544,-0.581,-0.604,-1.224,0.961,-0.948,-0.1,-0.309,1
0.119,-1.176,0.259,-0.534,0.408,-1.375,0.664,1.699,0
-0.337,2.411,-1.165,-0.979,0.157,-0.976,-0.019,-1.415,0
-0.647,-0.151,-0.229,-0.246,-0.999,-0.657,0.086,-2.132,1
-0.827,0.546,-0.848,2.459,0.025,0.459,-0.057,-1.285,0
0.347,-0.609,-1.267,1.139,2.018,-0.668,-0.076,-0.907,1
-0.1,1.786,0.738,-1.343,-0.082,0.576,2.178,-1.214,0
0.314,-1.388,0.436,0.344,-0.167,-0.137,-0.919,1.292,1
-0.753,0.862,1.417,2.085,-1.451,-0.589,-1.087,-0.925,1
0.201,0.664,0.364,-1.738,-1.031,0.739,-0.88,1.748,0
1.092,0.62,-1.13,2.638,0.632,0.137,-1.243,-0.87,1
0.492,-0.368,-0.148,-0.81,0.521,0.709,0.132,-0.798,1
-1.114,0.603,0.233,-2.324,1.557,-1.015,0.086,-0.311,0
-0.723,1.098,0.063,0.142,-1.673,-0.247,0.428,2.44,0
1.719,1.016,0.932,0.487,-0.435,0.302,0.456,-1.255,1
0.512,0.17,-1.265,0.638,-0.152,-0.125,0.775,0.626,0
0.235,-0.11,-0.285,2.974,0.412,-0.117,-0.391,0.28,1
0.275,-0.327,-0.948,-0.463,0.655,2.628,0.602,0.409,0
0.908,-0.318,0.009,-0.792,1.104,0.637,-0.058,1.076,0
-0.275,-1.226,0.641,0.889,0.7,1.548,-0.83,-0.146,1
-1.405,-0.459,0.46,0.199,0.203,-0.09,0.48,0.587,0
0.276,0.542,0.634,-0.665,-0.798,0.91,0.808,0.529,0
1.268,-1.143,0.586,-1.035,-0.659,0.561,0.175,-0.778,1
-1.07,1.842,0.337,-0.012,-0.918,0.814,-0.187,-0.208,0
-0.107,-1.736,0.352,0.027,-0.421,-1.347,0.103,0.81,1
-0.874,-0.21,0.782,0.285,-2.159,-0.669,0.404,-0.224,0
0.327,0.152,1.338,-0.879,1.168,0.274,-0.521,1.433,0
0.166,-1.522,-1.062,0.647,0.318,1.804,0.428,1.263,1
-0.936,1.564,-0.27,-0.594,1.164,-0.269,1.207,0.99,0
0.85,-0.939,-0.577,-1.094,-1.139,0.949,-0.937,-0.968,1
0.75,-1.853,0.555,-0.12,1.727,2.167,-0.154,0.204,1
-0.114,0.941,0.899,2.622,-0.007,-0.995,0.698,0.837,0
-0.008,2.221,-0.796,-0.418,-0.84,-0.246,-1.221,-1.255,0
1.065,-0.257,-0.266,-0.924,1.338,0.217,-0.617,0.258,1
-1.098,-0.012,-1.391,-1.581,2.122,0.316,0.437,-1.781,0
1.96,-0.832,2.389,0.372,0.322,-1.669,0.583,1.809,1
-1.208,0.348,0.975,-1.238,-0.701,1.827,-0.688,-0.79,0
0.651,-0.185,-0.579,-0.12,-1.069,0.073,1.992,-1.189,1
-1.012,0.12,-1.127,0.814,0.694,1.779,0.059,-2.5,1
0.915,1.086,0.916,-0.235,-0.233,-1.095,1.999,0.382,0
-0.424,0.134,0.568,-0.379,-0.143,-0.545,1.383,0.407,0
1.277,1.714,-0.433,-0.058,-0.426,0.778,0.953,-0.542,1
-0.83,0.753,0.17,-0.544,-0.396,0.24,-0.058,0.205,0
1.001,-0.504,-0.603,0.393,-1.08,0.187,0.842,0.655,1
0.398,-0.176,-0.633,1.428,1.074,1.612,0.29,1.286,0
0.181,1.722,-0.618,-1.876,1.379,-0.128,-0.638,-0.349,1
1.215,1.192,-1.075,0.211,0.267,0.377,-0.355,0.913,0
-0.405,0.69,0.504,0.032,-0.317,0.549,-2.054,0.094,0
-0.239,0.315,1.127,-0.962,0.075,0.762,-1.774,1.391,0
0.911,-0.889,-0.204,-2.615,1.357,-0.489,0.294,0.545,1
0.311,0.915,-0.794,1.522,-0.983,-0.679,0.022,0.674,0
-1.426,-0.067,0.134,-0.671,0.175,0.491,0.288,-0.52,1
1.434,0.175,-0.143,-0.992,-0.928,-0.027,0.229,1.583,0
-0.919,0.315,0.496,-1.209,1.296,-0.647,-0.724,0.721,0
0.047,0.667,0.577,0.682,1.082,-0.366,0.008,-1.795,1
-0.376,0.061,0.765,-0.141,-2.543,-0.624,-0.313,-1.343,1
0.758,-0.148,0.318,-0.208,-0.777,0.544,0.012,0.052,0
-0.649,-0.431,-0.31,0.961,0.251,-0.046,0.566,0.51,1
1.261,-0.894,0.017,-1.341,-1.011,-0.173,-0.51,1.739,1
-0.701,1.544,0.929,0.515,0.684,0.161,0.189,-0.668,0
-1.128,-0.868,0.089,-1.273,-1.834,-0.138,0.247,-1.121,1
0.88,-1.138,0.955,-2.473,1.542,1.367,0.421,-1.979,1
0.857,-0.584,-1.732,1.132,0.123,-0.05,-1.024,1.179,1
-1.099,-1.546,1.74,1.155,-0.724,0.943,-0.969,0.139,1
0.9,-0.508,-0.792,0.794,-1.043,-0.797,1.585,0.013,1
0.579,-0.756,0.068,-0.204,0.517,1.061,-0.149,1.046,0
0.473,-1.571,0.96,0.821,0.11,0.551,1.618,-0.424,1
-0.019,-0.798,1.183,0.537,-1.301,1.237,-0.773,1.491,0
0.124,0.059,0.956,-1.511,0.24,-0.097,-1.686,-0.287,0
1.342,-0.058,-0.897,1.58,1.22,-1.787,1.055,-0.139,1
0.376,1.083,0.144,-1.805,-0.451,0.977,-1.357,-0.736,0
-0.634,0.635,0.452,-0.39,0.713,2.019,-0.722,-0.359,0
-0.676,-2.02,0.716,0.315,0.676,-1.499,1.135,1.03,1
-0.846,-1.158,-2.29,1.753,-0.398,0.613,0.588,1.307,1
-1.363,-1.645,0.121,-0.27,-1.14,-0.826,0.614,2.31,1
-0.225,0.108,0.504,-0.802,-1.026,-0.81,-1.235,0.102,1
1.096,1.137,-2.337,-0.376,0.865,-0.843,0.586,1.165,0
1.812,0.298,2.295,1.772,0.574,0.137,0.272,0.05,1
0.661,0.767,-0.406,-0.09,0.113,1.214,-2.234,1.643,0
-0.059,0.567,-0.376,-0.197,0.42,1.182,0.925,0.561,0
1.826,-0.927,1.822,0.532,-0.264,0.767,0.162,0.939,1
-0.184,-0.964,0.944,0.151,0.594,1.771,1.006,1.493,0
-0.931,-1.966,-0.18,0.455,-1.316,1.672,0.306,-0.004,0
1.11,-0.378,2.165,-0.849,0.231,-0.278,-0.578,-0.856,0
-0.362,-0.976,-0.087,0.589,-0.828,-0.603,0.442,-0.018,0
2.172,0.471,0.138,-1.527,0.169,1.219,-2.78,0.003,0
-0.554,1.381,-0.329,1.239,1.496,-0.811,0.588,-1.002,1
-0.575,-1.262,-0.582,1.404,-0.139,0.404,0.383,-0.568,1
-1.274,-0.153,0.088,1.793,-2.562,1.151,-1.187,1.464,0
-0.918,-1.044,0.319,-0.783,-0.619,0.239,0.174,-0.182,1
1.173,0.239,0.432,0.602,1.091,-0.022,-0.936,0.691,0
-0.32,1.061,-1.229,-0.816,-0.744,0.501,-0.426,0.444,0
0.904,-2.338,2.307,-0.632,-0.699,-0.865,0.184,0.906,1
0.294,0.636,-1.176,0.273,0.827,-1.49,0.236,-0.442,0
-1.59,-0.604,-0.301,-0.838,0.697,-0.751,1.24,-1.109,1
0.851,0.265,0.434,-0.316,0.034,-0.139,-0.896,0.947,0
0.233,-0.0,1.157,-1.24,-0.61,0.61,-1.041,0.431,0
1.182,-1.288,1.507,-1.929,1.702,0.944,-2.224,-0.31,1
0.149,0.441,1.134,1.903,0.395,-0.114,-0.391,-0.689,1
-0.374,-0.394,0.559,0.169,1.452,1.778,-0.291,0.609,0
-0.062,0.718,-0.099,-0.046,0.766,-0.365,-0.407,0.309,0
-0.858,1.212,-0.717,0.06,-0.98,0.627,-1.786,1.859,0
0.006,0.784,1.284,-0.313,1.576,-1.104,0.321,1.67,0
-1.089,-1.338,-0.054,-2.077,-0.54,-0.746,-0.142,-0.435,1
0.438,-0.074,-0.492,0.878,0.437,0.209,-0.985,-2.556,1
-0.987,0.76,-0.513,-0.504,-0.868,0.597,-0.014,0.05,0
0.328,1.558,-3.186,1.529,0.272,0.395,2.218,0.908,0
0.777,2.034,0.199,2.04,1.359,2.158,0.255,1.355,0
-2.886,-0.838,-1.613,0.254,0.264,0.806,-1.771,0.98,0
-0.91,0.507,1.412,-0.945,-0.892,0.772,0.739,-0.388,0
0.749,0.194,0.178,0.875,-0.12,0.013,1.356,-0.808,1
-0.71,-0.392,0.12,-0.221,-1.109,-0.492,-0.563,-0.319,1
0.508,-0.73,-0.153,0.146,1.738,-0.191,-0.323,-2.445,1
-0.461,-0.845,-0.981,0.478,0.485,-0.606,-1.737,-0.862,1
0.308,0.797,-1.409,-0.93,0.942,0.612,0.69,-0.498,0
0.492,0.76,0.414,-1.01,-0.155,0.648,-1.774,-0.457,0
-0.308,0.124,-0.365,0.634,0.128,-1.097,0.951,1.645,1
-0.102,0.286,-0.675,0.014,-0.469,1.218,-1.072,0.105,0
-1.622,-0.257,0.761,-0.637,0.884,0.282,2.006,0.689,0
-0.038,0.675,-0.569,0.871,-0.998,-0.174,1.004,0.563,0
-1.173,0.847,-0.664,0.575,0.75,1.683,-0.737,-0.475,0
-0.132,-0.479,-2.227,-0.482,-0.752,-0.958,0.422,-0.766,0
0.405,0.163,0.376,-1.716,0.213,-0.374,-0.529,0.719,0
-2.123,-0.779,-0.377,0.766,-0.784,0.731,-0.401,-1.813,1
0.857,-1.029,1.13,1.318,0.242,-0.072,0.368,-1.213,1
-0.395,-0.658,0.216,1.162,-1.504,-0.83,1.124,-0.898,1
0.543,-0.783,0.092,-0.214,-1.539,1.083,1.446,-1.455,0
-1.951,0.811,1.092,0.48,0.439,-0.183,0.397,-0.169,0
-0.849,-0.728,1.958,-0.505,-1.283,-0.192,-0.035,1.525,0
1.31,2.924,0.232,0.16,0.115,-1.32,1.745,1.503,0
1.387,-1.156,-0.47,0.697,1.084,0.415,1.767,-0.088,1
-0.583,-1.715,-1.43,1.647,1.07,-2.622,-0.882,-0.298,1
-0.473,0.408,-1.3,-0.117,-0.509,0.023,-0.286,-0.991,0
-0.844,-0.405,0.62,0.721,1.114,0.161,-0.544,0.472,1
-2.616,0.924,0.366,0.045,-0.361,-0.597,-0.158,-0.574,0
2.358,-1.397,0.28,-0.499,-0.627,-0.3,-1.022,-1.53,1
-0.172,-0.673,-0.058,0.109,-1.763,-0.914,-0.516,1.252,0
0.033,-0.7,1.183,-0.01,-0.502,0.708,-1.354,0.145,1
-0.97,0.175,0.391,-1.725,-1.284,-0.959,0.189,1.772,0
0.161,0.103,0.514,-1.75,0.273,-0.413,-3.469,-0.674,0
0.357,-1.172,0.037,1.03,-0.662,-0.629,-0.778,0.236,1
0.11,-0.382,-1.712,-0.764,0.68,-1.554,0.114,-0.252,1
0.351,0.813,0.654,-0.894,1.271,1.506,-0.675,0.774,0
-0.942,-0.129,0.954,-1.205,1.32,0.186,0.49,-0.222,1
1.09,-0.081,0.789,0.939,0.475,-0.349,0.862,2.085,0
-1.03,-1.261,-0.774,-0.63,1.326,-0.358,0.019,1.11,1
-1.362,0.295,-1.067,-0.375,1.43,0.94,-0.053,-1.362,1
-0.186,-2.036,1.721,-0.868,0.034,-1.669,0.059,0.178,1
-0.189,0.212,1.404,-1.638,-1.332,0.903,-0.173,-0.214,0
-0.337,1.976,-0.47,-0.596,1.125,0.6,-0.383,0.311,0
-1.421,0.042,-0.543,-1.104,0.456,-1.752,-0.488,0.197,1
-0.801,-1.146,-0.468,-0.387,-0.42,-0.17,-1.263,1.297,0
0.865,0.894,-0.518,-0.143,-0.106,-0.423,1.328,-0.039,1
-0.124,1.527,-0.748,0.953,-1.442,-0.402,0.543,0.621,0
0.118,-1.414,0.225,-0.875,-0.593,1.804,-0.397,0.119,0
-0.318,0.603,-0.754,0.118,0.721,-1.525,-0.065,-1.402,0
0.393,-0.829,0.267,1.208,0.064,1.119,0.844,-1.418,1
-1.259,-0.469,0.694,1.099,-0.696,-0.449,0.881,-2.012,1
-0.006,-0.854,-0.368,0.048,0.714,-0.115,-1.214,-0.273,1
1.457,-0.24,-1.21,0.157,-0.083,0.63,1.451,0.903,1
-2.366,-0.259,-0.317,2.011,-0.738,0.139,-0.91,1.46,0
1.07,-0.532,-0.668,-0.312,0.528,-0.224,-0.612,-1.633,1
1.306,0.988,0.581,0.705,-0.953,-0.983,-1.051,0.625,1
0.946,1.072,0.58,0.018,-1.177,0.351,0.169,0.154,0
-0.292,1.495,-0.073,-0.122,2.039,0.461,-0.268,1.998,0
-0.668,-0.5,0.403,1.462,0.623,-1.274,0.311,0.388,1
0.053,-0.84,1.57,0.083,0.348,-0.625,0.574,0.395,1
0.586,1.404,1.035,0.36,-2.457,0.529,1.409,0.809,0
0.006,0.014,1.353,0.05,-0.23,1.108,1.377,0.121,0
-1.601,1.286,0.535,-0.366,0.175,-0.261,-0.175,0.164,0
0.157,-0.247,-0.518,-1.098,0.482,0.668,-1.476,-1.972,0
-0.964,0.589,-0.31,0.626,-0.762,-0.581,0.115,-0.895,0
1.257,0.116,1.616,-0.012,0.089,-1.286,-1.573,-1.868,1
0.479,-1.585,1.047,0.573,1.348,0.334,1.161,-0.788,1
0.045,0.554,-0.965,0.838,-1.074,-2.106,-0.682,-1.512,1
1.492,-1.171,-0.518,-1.025,2.314,1.198,-0.055,-0.986,1
0.693,-0.841,0.08,-0.014,0.002,-0.539,-0.694,0.264,1
-1.883,1.532,-1.169,-1.395,-0.086,0.006,0.077,0.812,0
0.631,-0.405,-0.177,-2.413,-3.328,0.764,0.798,1.618,0
0.464,-0.179,1.276,-1.42,-0.436,-0.758,-0.902,0.123,1
0.36,-0.236,0.327,0.626,2.12,-0.373,-1.068,0.314,1
-1.202,-2.633,-0.116,1.546,-0.28,0.556,0.491,-0.043,1
-0.938,0.037,1.414,-0.548,0.005,0.314,-0.25,1.043,0
-0.975,1.331,-1.352,-0.575,-0.295,-0.757,0.805,-0.226,0
0.09,0.774,1.063,-0.338,1.706,0.993,-0.976,0.973,0
1.206,-0.089,-0.466,-0.84,0.477,0.176,-0.791,-0.301,1
0.056,-1.373,-2.185,-0.892,-0.725,2.009,-0.396,1.482,0
-0.187,0.296,2.354,-0.411,1.545,-1.787,-0.843,0.678,1
-0.337,-0.906,0.565,0.144,0.331,-0.089,-0.091,-0.066,1
-1.47,-0.262,-0.102,0.369,1.467,-0.573,-0.419,-0.581,1
-0.783,0.449,0.727,0.671,1.084,0.847,0.526,0.838,1
-1.799,-0.228,0.337,1.023,0.082,1.424,-0.338,-1.356,1
-0.229,1.741,-0.286,-0.312,-0.065,1.135,-1.647,-0.915,0
-1.307,0.312,-1.943,-0.269,1.41,-0.405,-0.107,0.087,0
0.577,-1.805,-0.827,-0.341,-0.608,-0.033,-0.418,1.845,1
0.813,-1.043,-1.321,0.334,-0.627,1.092,-1.277,0.537,0
-0.598,0.017,0.266,2.439,0.556,0.631,0.897,-0.699,1
0.881,1.314,0.101,-0.56,-0.058,-2.675,0.385,0.067,1
-2.878,-0.672,-1.222,0.949,0.896,-1.39,-0.038,-1.308,1
-0.408,1.827,-1.255,1.193,1.457,0.425,0.634,-1.03,0
-0.123,0.495,-0.178,1.12,-0.334,-0.815,-0.935,-0.571,1
0.342,0.955,-0.222,0.772,1.656,-2.464,0.746,-0.975,1
-0.622,-0.194,-0.001,0.877,-1.26,0.104,-0.281,0.359,1
1.461,0.64,0.274,-0.502,1.203,-0.111,1.278,1.53,0
-0.092,-1.103,-0.718,-0.746,0.822,0.346,-1.235,-0.422,1
0.441,0.457,-0.33,0.269,0.086,1.538,-0.103,-0.244,0
0.146,-1.029,-0.716,1.326,1.886,-0.829,0.969,-1.269,1
-1.168,-1.034,-0.242,-0.379,0.413,-0.788,1.3,-0.976,1
0.412,-0.243,0.557,0.907,-0.952,0.077,2.006,1.492,1
1.331,0.037,-0.504,0.842,-0.892,-0.432,0.159,-0.202,1
0.327,2.103,0.48,-0.96,1.044,1.113,-0.27,-0.088,0
0.457,0.396,0.867,0.372,-0.705,1.056,-1.597,0.903,0
0.328,-0.572,2.984,-1.489,1.215,-0.324,0.577,-0.383,1
-1.64,-0.293,-2.161,0.261,1.877,-0.832,0.744,-0.811,1
-0.852,-0.928,-0.518,0.76,-0.036,-0.136,-0.745,1.174,0
1.06,0.082,-0.347,-0.83,1.0,-1.011,0.498,-0.39,1
0.834,-0.202,0.122,0.909,-0.712,-1.581,0.326,-0.839,1
-1.016,-2.634,-0.67,0.207,0.011,0.55,-0.322,1.121,0
0.171,-0.227,-0.787,-0.795,-0.342,1.156,0.388,-1.029,0
0.163,0.022,-0.1,0.637,0.55,1.867,0.728,-0.786,1
-0.522,-1.222,-0.035,0.637,-0.744,-1.132,1.047,0.227,1
1.071,0.868,0.065,0.683,1.552,-0.497,-0.465,1.377,1
0.127,0.927,-0.105,0.891,-0.008,-0.664,-0.474,0.488,0
0.375,-0.574,0.778,1.14,-0.371,0.303,0.869,-0.104,1
-1.715,-0.826,0.799,0.902,-1.345,0.797,-1.057,2.085,0
0.255,1.473,-2.472,0.915,0.556,1.228,-0.796,0.264,1
-1.003,-0.826,-1.444,1.106,1.176,-1.798,-0.489,-0.162,1
-2.225,0.097,-0.018,-1.399,-1.083,-1.35,0.376,0.454,0
-0.008,-1.252,-0.907,-0.036,-0.561,-0.736,0.142,-0.597,1
-0.006,-0.007,0.257,0.043,-0.19,0.371,-0.451,-0.132,0
2.457,0.028,-1.134,-0.725,1.412,1.428,-1.296,0.902,1
0.865,-1.215,-0.316,-2.305,0.314,0.702,0.987,-0.29,1
-2.438,-0.236,-0.113,0.362,0.02,-2.06,-0.857,0.462,0
1.125,0.046,-0.061,3.085,-0.938,0.063,-0.085,-0.108,1
0.581,0.294,-0.826,-0.826,1.577,0.136,-1.599,-0.361,0
-0.005,0.255,1.07,-1.407,-0.315,-0.002,1.245,-0.552,0
-0.002,-1.157,1.179,-0.749,-0.021,-0.109,-0.897,0.584,0
1.942,0.072,-0.377,-1.372,-0.229,0.461,-1.087,-0.24,0
-0.509,-1.522,0.733,0.14,-1.019,0.867,-1.628,0.064,1
-1.461,-1.725,1.01,1.403,0.113,-0.448,0.171,0.039,1
0.246,0.158,2.365,-0.624,0.173,-0.4,-1.547,-0.933,1
0.4,0.721,-0.098,-1.886,-1.185,-0.597,-1.847,-0.257,0
0.22,-0.803,-0.392,-0.012,2.277,-0.597,0.47,-0.487,1
-2.108,-0.277,0.67,-1.358,1.143,-1.071,-0.703,-0.385,0
0.601,1.047,-1.005,2.377,-1.001,0.27,0.28,0.578,0
0.22,0.614,-0.941,0.558,-0.85,-0.153,-1.937,0.077,1
0.711,-0.43,-1.431,-1.323,-1.274,0.097,-0.952,0.838,0
-1.155,-0.613,-0.163,0.446,-0.554,-0.479,0.678,-0.413,1
1.194,-0.608,1.495,-1.984,-0.162,-1.345,-1.829,0.075,0
-1.24,0.663,1.127,-0.558,-0.51,1.231,0.043,-0.604,1
0.551,-0.383,-0.143,-1.196,-0.2,0.338,0.42,-0.322,0
1.965,-2.708,-1.116,-1.054,-0.396,0.53,-1.44,-1.017,1
-0.192,0.596,0.837,0.082,0.276,1.002,0.511,-0.1,0
-0.716,1.431,-0.051,-1.608,0.494,0.911,0.176,-2.079,0
-0.764,1.466,0.317,1.133,0.68,-0.657,0.693,-0.28,1
0.241,0.501,0.29,1.133,0.438,-2.52,1.906,-0.446,0
0.585,0.969,-1.13,0.306,-3.149,-2.342,0.031,0.413,0
-0.584,-0.076,-0.346,0.817,-1.009,-1.583,-1.799,0.703,1
0.323,0.279,-0.206,1.389,-0.169,0.827,-0.412,-1.243,0
-0.843,-0.62,0.234,0.496,1.555,0.326,-0.028,0.463,1
0.42,-1.646,-0.182,-0.026,-0.289,-0.54,-0.884,-1.819,1
0.614,1.486,-0.493,-0.039,1.175,0.15,-0.278,-0.757,0
-0.139,1.077,-0.194,-0.028,1.852,-1.001,1.068,-0.583,1
