zip_code,age_z,income_z,visits_z,tenure_z,spend_z,responded
29721,0.444,-0.196,0.894,-1.314,-0.739,1
13330,0.865,0.229,0.287,-1.06,-1.082,1
15809,-0.786,0.799,1.661,1.26,-1.6,1
29018,-1.402,-0.002,-1.164,-0.1,-0.649,0
24726,-0.543,1.63,-1.663,0.453,-1.485,0
32089,0.114,0.365,1.113,2.334,-0.6,0
25318,-0.669,0.188,0.06,0.499,0.84,0
28019,-0.97,-0.372,-0.982,0.241,0.66,0
11406,-0.089,-0.469,-0.283,0.208,0.318,1
29832,0.58,-0.573,-1.272,-0.121,1.001,0
27057,0.152,-0.175,-1.58,0.041,-0.972,0
23875,0.278,-1.418,0.402,0.649,-0.611,1
18251,1.446,-0.258,-0.043,-0.678,-1.321,0
20323,0.462,-0.222,1.502,-0.469,1.014,1
14255,1.411,0.908,-1.81,-0.089,-0.803,0
14440,-1.809,-0.329,-0.404,0.047,-1.123,1
27686,0.858,-0.668,0.94,-0.592,0.7,1
31127,-0.296,0.239,1.281,0.591,-0.181,1
31608,-0.131,2.116,1.229,1.185,1.412,0
14995,-0.86,-0.746,-0.63,-0.427,1.335,0
21026,-0.287,0.825,0.101,2.889,-0.857,0
30128,0.967,-2.327,0.14,-0.799,-2.729,0
20027,0.629,-0.12,-0.738,-1.669,0.622,1
15439,1.297,0.163,-1.056,-1.039,-2.496,1
10481,1.524,0.476,1.554,1.346,-1.834,1
14699,-0.332,-1.504,-0.54,2.723,-0.762,0
24430,-1.873,0.57,-1.948,0.036,-0.214,1
28907,-0.426,-0.506,-0.459,-0.352,1.169,1
15513,0.158,1.272,-1.708,0.858,0.318,0
31053,-0.759,-1.458,0.49,0.451,0.03,1
14736,2.2,0.518,1.078,-1.032,-0.423,1
17622,0.278,0.573,0.504,0.19,1.409,1
16179,-0.013,0.184,0.831,-0.812,-1.01,0
16586,-2.857,0.876,-0.776,-1.743,-1.445,0
30757,-2.961,1.078,1.014,0.755,0.513,1
14588,-0.362,-0.559,-0.211,0.582,0.233,0
28574,0.378,0.713,0.168,0.925,-0.852,1
25688,0.545,-1.192,-0.025,-1.373,0.86,1
15476,-0.445,0.296,-1.667,0.823,-0.557,0
16512,0.219,-0.19,0.215,-0.63,-1.45,0
13959,0.259,-0.363,0.103,1.431,0.325,0
21248,0.355,1.215,-1.428,0.953,1.426,1
15624,-0.069,-1.421,0.7,0.549,0.337,1
13071,-0.495,-0.106,-0.161,0.115,0.238,0
23616,0.723,0.069,1.675,-0.575,1.367,1
16142,-0.338,1.791,-1.492,-0.669,1.899,0
26502,-0.787,0.06,0.661,-1.265,1.214,1
22987,-1.457,1.985,-0.507,0.742,-0.739,0
27168,-0.385,-0.327,-0.711,-0.1,-0.716,1
30572,-0.741,0.737,-1.681,0.275,-0.446,0
13626,0.688,0.742,-0.812,-0.818,0.051,0
19694,-1.088,-1.116,0.666,-1.133,0.862,1
19768,2.655,0.856,0.211,-0.49,1.106,1
28722,1.98,-0.812,0.392,0.042,-0.333,1
10259,-0.084,-1.604,-2.484,0.112,-1.136,0
29425,0.237,2.671,0.206,1.017,-0.179,1
26465,0.986,-0.434,-0.722,0.704,-0.174,1
17770,0.444,-0.288,-1.196,0.748,2.173,1
27612,0.021,-0.792,0.472,1.676,0.853,0
17104,-0.18,-0.784,-0.401,-1.457,-1.92,0
29240,0.864,0.893,1.015,-0.588,0.689,1
18732,-0.191,0.754,0.425,1.202,1.499,1
18954,-0.251,-1.158,-0.074,-0.849,-1.426,1
17918,-0.048,0.173,1.164,-0.557,-1.762,1
21396,-0.279,-1.105,2.147,1.525,0.95,1
18806,2.352,0.159,-0.034,-1.958,-0.263,0
10740,1.455,-3.026,-0.602,0.739,-0.381,1
19731,-0.259,-1.53,-0.607,-0.286,0.682,0
13478,-0.432,-0.249,-0.291,1.147,-1.316,1
26724,-0.978,0.775,-2.967,-0.82,-2.306,0
29943,1.347,-0.362,0.648,1.152,-0.143,1
30461,-0.608,1.042,0.554,0.14,-1.206,0
27131,1.008,-0.991,0.269,-0.192,1.669,0
30609,-0.351,1.306,0.843,-1.257,0.331,0
27797,1.319,0.473,-1.648,1.082,-2.0,0
19953,-0.237,0.833,-0.748,-0.173,0.819,0
18251,0.86,-0.917,-0.608,-0.522,-0.775,1
26576,-0.585,0.861,-0.029,-0.937,-0.41,0
17178,-0.219,-0.528,-0.925,0.27,-0.984,0
19287,-0.197,-0.23,1.103,-1.653,0.566,1
27686,-0.864,-1.195,-0.657,0.198,-0.608,0
21766,0.546,0.329,-0.628,-1.136,-0.036,0
27649,-0.617,0.109,-0.359,-0.742,0.188,0
28722,1.573,0.791,-0.385,1.398,-0.382,1
18066,-1.133,-1.306,0.001,0.668,-0.613,1
14810,0.446,0.734,-0.379,-0.048,1.086,0
11258,1.5,-0.968,0.823,-0.823,1.214,1
15476,1.746,-1.106,-0.424,1.643,-0.084,1
17289,1.033,-0.688,0.863,1.789,-0.339,1
31164,0.28,0.678,-0.124,-1.371,0.841,0
11184,-0.98,-0.649,1.371,0.045,0.286,0
29943,-1.457,0.523,-0.588,-1.105,-0.527,0
16475,0.995,0.137,-0.42,-0.894,0.309,0
30942,0.152,0.024,0.763,0.874,-0.093,0
26058,0.483,-1.283,-0.494,0.732,0.937,1
30498,1.392,-0.293,-1.233,1.785,0.459,0
11221,-0.572,-1.131,-0.16,-1.429,-0.587,0
13663,0.081,0.066,1.919,-1.304,-0.524,0
26428,0.205,2.82,0.976,-0.331,1.032,1
27686,-1.653,0.361,-1.132,0.604,-0.454,0
13367,-1.042,0.444,1.107,0.701,0.438,0
30757,0.332,0.552,0.104,1.107,-0.779,0
28130,0.786,0.023,-0.167,-0.499,1.599,1
27464,0.708,-0.711,0.42,2.417,-1.762,0
24652,-0.89,1.392,-0.458,-0.133,0.325,1
24763,-0.002,-0.25,-0.342,1.533,1.452,0
26835,1.697,-1.017,0.474,1.359,0.181,1
20508,0.511,1.508,0.73,-0.809,-0.396,1
19731,-0.029,0.775,0.183,-0.695,1.286,0
25725,-1.099,1.132,0.736,-0.304,-0.134,0
17215,-0.253,-0.722,1.143,-0.343,-0.979,0
15143,0.623,-0.612,-1.321,-0.838,-0.169,1
10259,0.262,-1.208,-1.119,-0.653,-0.45,0
27020,0.022,-0.263,-1.179,1.105,0.183,0
13959,-1.676,-1.245,1.204,1.188,1.159,0
12516,0.031,0.728,0.368,0.304,-0.025,1
12997,-1.308,-0.999,-1.181,-1.926,-1.249,0
11665,0.587,0.223,0.743,0.296,1.333,1
16919,0.053,-0.26,-1.241,2.401,2.718,0
28167,-1.333,1.379,1.208,0.435,1.1,0
15217,-0.42,0.425,1.278,1.198,1.23,0
13256,1.284,1.883,0.011,-0.377,0.455,1
12442,-0.277,2.799,0.208,-1.225,1.007,0
30350,-0.993,-0.711,0.969,-0.117,-2.257,1
17511,0.738,0.589,0.448,-0.243,-1.154,1
12442,-0.385,0.244,-0.051,-0.848,0.51,0
16438,-0.594,0.269,0.609,-2.892,0.01,0
12812,-0.621,-0.642,0.216,-0.297,1.728,0
19065,-1.41,0.658,1.337,-0.476,-0.735,0
23431,1.806,0.634,-0.114,0.633,0.979,1
21507,0.508,-0.667,-0.212,-0.063,-0.013,0
18066,0.787,0.464,-0.614,2.582,-1.257,0
30461,0.032,0.281,0.018,-0.627,0.378,0
18954,2.158,0.15,-0.535,1.639,-0.592,1
18510,0.954,-0.267,1.72,-0.955,-1.324,0
12627,0.181,-0.003,-0.532,-0.679,1.09,0
11110,0.683,-0.447,1.879,-0.654,1.086,1
12331,0.355,0.253,2.367,0.328,0.959,1
14551,-0.92,-1.848,-0.357,-0.11,-0.707,1
13737,-1.434,-0.123,-2.116,-0.996,-0.048,0
16549,0.126,0.349,-0.374,1.181,-0.283,0
17326,0.039,0.712,-0.35,1.437,0.669,1
24578,0.694,0.86,0.04,0.812,0.711,1
28130,0.228,1.707,0.722,-1.076,0.63,0
16845,1.12,0.7,0.601,-0.114,0.026,1
30868,-0.378,-0.022,-0.418,0.762,0.923,1
22876,0.872,-0.617,0.753,-1.242,1.576,1
14440,-1.073,-0.965,0.381,-0.76,-0.335,0
18658,-2.721,1.38,-0.368,-1.268,0.036,0
18584,0.092,-1.111,0.559,0.118,-0.535,1
32052,-0.122,0.831,0.871,1.372,1.002,0
24208,-0.963,0.307,1.123,-1.379,-0.687,1
18732,-0.406,0.589,-1.114,0.303,0.881,0
31460,1.256,0.623,-1.568,-1.48,0.787,0
18436,-0.171,0.571,0.557,0.917,2.245,0
14477,0.005,-1.198,1.0,-0.731,-0.814,1
15772,0.954,1.778,0.466,-0.719,0.452,0
31238,0.045,1.166,0.334,-0.702,1.663,1
22210,-0.327,1.334,0.532,1.798,-0.42,0
11332,-0.664,0.87,1.193,0.853,-0.614,1
15994,1.15,-0.205,1.957,-2.654,0.61,1
30017,-0.078,1.725,1.103,1.115,0.441,1
24430,1.049,-1.098,-1.258,1.018,0.752,0
30239,-0.251,0.492,1.636,1.064,0.325,0
27205,-0.253,1.281,0.237,-1.338,0.264,0
13145,-0.537,0.543,-0.217,-0.02,1.029,1
21988,0.117,-0.625,-0.4,-0.102,0.758,0
12701,-0.747,1.722,1.848,-0.94,0.904,0
10666,0.855,-0.25,0.513,-1.021,1.965,1
20693,0.712,0.584,-0.007,-1.58,-0.407,1
21655,0.127,-0.491,0.394,1.541,-1.285,0
13478,-1.828,1.418,0.721,0.088,1.742,0
20952,-2.241,0.08,2.19,2.598,0.474,1
17178,-0.115,-0.775,0.213,-0.216,1.303,0
26576,-0.067,-1.183,-0.405,0.118,1.74,1
11147,-2.278,0.627,-0.63,0.287,0.677,1
30091,1.811,2.014,0.276,-1.61,-0.415,1
17252,0.997,0.676,1.436,0.309,-0.304,1
13626,-0.949,-1.049,0.531,0.225,0.113,0
10666,0.155,2.769,0.145,1.82,-1.013,0
14699,-0.913,1.767,-2.533,-0.075,-0.493,0
28870,0.546,-0.647,-0.226,0.871,-1.486,1
16882,0.395,0.723,-0.629,1.204,1.35,1
14551,0.291,-0.857,-0.915,-1.895,-0.457,0
27686,-0.229,1.896,0.683,0.477,-0.02,0
16623,1.414,-0.244,0.158,-0.068,0.652,0
28574,-1.094,-0.545,0.271,-0.523,0.161,1
17252,0.787,-0.24,0.694,0.33,-0.382,1
27649,2.565,-0.012,-1.564,-0.361,-0.685,1
26872,-0.65,0.397,1.211,0.422,-0.47,0
16586,1.705,-0.02,0.882,1.614,-0.764,1
23135,1.442,0.085,-0.306,-2.287,0.452,1
21433,0.692,-2.267,-0.59,-0.671,-1.221,0
29869,1.057,-0.367,1.122,-0.528,-1.034,0
10148,-1.863,1.591,0.405,0.191,1.546,0
15957,-0.165,0.397,-0.189,0.739,0.562,0
27279,0.669,1.084,0.287,-0.231,0.891,0
24800,-0.347,0.698,0.246,-0.101,-0.099,0
10962,0.007,1.258,-0.982,-0.589,0.083,0
16031,0.61,-0.486,-1.255,-0.709,-1.107,0
19657,-0.615,-1.207,0.472,2.351,-1.319,1
18769,0.627,-0.647,-0.734,1.059,-1.562,0
28796,-0.383,-0.697,-0.005,1.487,-1.68,1
11924,0.758,0.591,0.26,-0.962,0.011,0
17289,-0.608,0.204,-1.214,0.561,-0.616,0
28611,0.494,0.07,-1.366,0.5,-1.062,0
19842,0.2,-0.225,0.626,-1.072,-0.476,1
16956,-0.74,1.86,-0.734,-0.138,-1.144,0
10925,0.208,-0.144,0.644,-0.266,1.038,1
29721,-0.026,-1.157,0.023,-0.613,-1.057,1
22691,-0.151,0.428,0.182,1.433,1.933,0
14884,-0.753,-0.52,-1.196,0.205,1.131,0
13885,1.433,0.252,-1.971,-2.168,1.11,1
16956,0.919,-0.966,-1.218,-0.417,1.111,1
15994,0.569,0.54,0.194,0.446,-2.379,0
18473,-0.431,-0.426,-0.898,-0.247,0.899,0
22247,-0.171,1.287,0.318,-1.613,-0.571,1
26983,0.653,-0.472,0.468,1.014,-0.668,1
16327,1.662,1.199,0.691,0.361,-0.284,1
10259,1.792,-2.529,-0.826,-0.002,0.522,0
12886,-0.651,-1.273,0.096,0.35,0.024,0
14144,-0.095,0.499,-1.136,-0.396,-1.228,0
30831,1.109,0.191,-0.843,1.228,0.324,0
27353,0.193,0.606,-0.984,-0.325,0.14,1
22617,-1.858,-1.256,1.022,1.864,1.758,0
27205,0.327,0.193,0.746,-0.394,0.886,1
23024,-0.323,2.001,0.953,0.555,-0.699,1
17400,0.954,-0.496,-0.386,-1.45,-0.055,1
21211,-0.239,-0.257,0.382,0.961,-0.242,0
13589,0.611,-0.421,-0.363,0.222,-0.285,0
23690,0.967,1.496,-0.242,-0.247,1.068,1
14736,1.66,-0.91,0.088,1.365,-0.007,1
27131,-0.197,-1.461,-1.95,-0.577,-1.453,0
21470,0.159,1.82,-0.771,-0.712,-3.264,0
31867,-0.78,0.398,0.818,-0.687,-0.256,0
25022,1.854,0.032,1.93,-0.422,-1.121,1
27871,0.065,-1.256,-0.261,0.668,1.353,1
27205,0.203,0.04,-0.613,3.381,-0.04,1
15180,-1.376,-0.978,2.285,-0.263,-0.88,0
10370,0.415,-0.67,1.336,-0.054,0.989,1
28093,0.874,1.579,-0.833,1.271,1.225,0
19657,1.128,2.045,0.064,-0.68,0.185,1
12775,0.493,0.723,-0.024,1.279,-0.386,1
29277,1.004,1.686,-1.038,0.843,-1.053,0
24171,-0.063,-0.897,-0.204,0.716,0.914,1
24689,0.148,0.22,1.365,0.598,0.307,0
20397,0.695,0.956,-0.033,-0.055,-0.351,1
30979,0.333,1.355,0.136,0.512,-0.987,1
15883,1.511,0.429,0.541,-0.482,0.344,0
28759,0.664,-1.32,1.3,1.582,1.388,1
31867,0.788,-0.651,0.243,-1.404,0.4,1
24319,-1.958,1.845,-0.557,-1.009,1.252,0
30942,-0.291,-0.277,-1.187,0.069,-0.181,0
16845,-0.169,0.47,-0.593,-1.852,-1.524,0
25170,-0.501,-1.126,-0.755,-0.557,1.436,0
17659,-0.253,-0.607,-0.395,0.254,0.359,1
29462,-1.148,0.236,-1.354,0.473,0.884,0
29758,-0.36,-0.316,-0.641,0.812,-0.99,0
21729,0.06,0.316,-0.216,-0.043,0.536,0
22506,-0.824,-0.374,-1.458,0.408,-0.157,0
25096,-0.151,-0.09,-0.128,-1.564,-0.628,1
16697,1.698,-0.533,0.332,1.137,1.182,1
14292,-0.559,0.537,0.146,-0.116,-0.701,0
10962,-1.325,0.88,0.456,0.536,0.386,1
13182,0.091,-0.232,0.552,1.876,0.262,1
19435,-1.272,-0.287,-0.013,-1.206,0.332,0
24948,0.356,0.96,-0.735,-0.252,-0.451,1
14773,1.332,0.085,-0.683,1.496,-0.889,1
18510,-0.196,0.129,-1.365,-0.505,1.176,1
32126,1.005,1.274,0.916,-1.502,1.277,0
28241,-0.048,0.631,-0.103,0.704,-0.323,1
15920,0.508,0.152,-1.242,-0.974,0.159,0
22728,-0.688,0.429,0.685,-2.62,-0.508,1
23949,-1.051,0.025,0.466,-1.277,-0.735,0
16253,0.938,1.446,-0.642,0.534,-0.005,1
29314,1.445,-0.314,0.06,-0.145,1.758,1
23579,0.627,-0.025,0.038,1.051,-0.201,1
16956,-1.046,0.237,-0.07,0.746,-0.609,0
22321,0.747,0.542,-0.544,-0.71,-0.464,0
24023,-0.366,-0.047,-0.886,1.152,-1.914,0
20767,0.127,0.094,-1.572,-0.851,-0.655,0
31164,-0.461,-1.581,0.917,-0.613,0.211,0
27871,-0.343,-0.051,1.68,2.535,0.757,0
10222,1.708,-1.105,0.36,-0.927,-0.018,0
18843,0.562,-0.942,-0.12,-0.638,-0.1,1
22210,-0.034,-0.565,0.574,-0.364,-0.107,0
17918,0.508,1.444,0.336,-1.565,0.546,1
18029,-1.395,0.245,2.348,0.104,-1.033,1
20064,-0.176,-0.226,1.948,0.657,0.176,0
13811,-0.135,1.086,1.368,-0.637,-0.308,1
20027,-0.566,0.639,-0.019,-0.252,-0.851,0
28463,-0.111,2.258,-1.164,2.223,0.138,0
17030,0.181,-0.755,-1.3,-0.258,-0.669,0
31164,-0.057,0.171,-0.524,-0.942,-0.282,0
12405,1.561,-0.976,1.124,-0.763,-1.556,1
31756,-1.025,-1.286,-1.912,1.114,-0.738,0
31127,-0.845,-1.906,-0.108,0.586,3.228,1
31534,1.91,-0.532,-0.615,1.508,0.565,1
19139,1.659,-0.703,-2.098,1.576,-0.839,1
26724,2.03,-0.237,-1.184,-1.646,1.005,0
11591,0.461,0.104,0.348,-1.038,-0.425,1
27871,0.19,0.336,-0.251,0.656,-0.335,1
31460,-0.485,-0.087,1.306,-0.354,-0.131,0
15291,-0.348,0.467,1.434,0.666,0.658,1
15772,0.639,-0.355,-0.761,-0.497,-0.832,0
26502,-0.071,-0.969,-1.12,-1.387,0.001,1
29462,-0.225,-0.671,0.056,0.746,-1.726,1
32126,1.984,1.743,1.836,-0.554,0.361,1
26206,-0.82,-1.065,-0.084,0.36,1.009,0
22617,1.503,0.111,1.2,0.452,0.168,1
12220,-0.392,0.22,-0.571,1.073,-1.123,0
16031,-0.527,0.358,0.335,-0.394,0.322,1
16512,1.704,1.471,-0.261,-0.89,-0.391,0
26872,0.181,0.759,2.898,1.598,-0.285,1
27797,-1.334,1.883,-0.359,-0.046,-0.856,0
26021,-1.313,1.966,-0.172,0.498,-0.971,0
22913,0.007,-0.059,-0.113,1.072,-0.168,1
21544,-0.068,-0.364,-0.486,-0.086,-0.758,1
17992,0.047,0.967,0.422,0.493,1.25,0
14218,1.052,-0.969,-0.259,1.238,0.925,1
17807,-0.668,1.258,-0.845,0.627,0.994,0
30350,1.208,0.749,-0.284,3.104,-0.843,1
11961,-0.165,3.077,-1.908,-1.158,-0.828,0
26539,-1.24,0.784,2.15,0.257,0.178,1
11295,-0.316,-1.591,0.583,-1.917,0.715,1
21655,0.778,-0.103,-0.916,0.702,0.131,1
12960,-1.749,-1.625,-0.704,0.858,1.469,0
27427,1.075,-0.577,-0.831,-0.925,-0.249,1
31127,0.181,0.453,-0.504,-0.077,1.161,1
17881,-0.143,0.865,1.516,1.575,-0.971,0
26576,-0.941,0.566,1.392,-0.865,0.111,1
18695,-0.506,0.628,-0.4,-0.384,1.069,1
12701,0.454,-2.013,0.705,0.314,-0.265,1
31608,0.604,-0.395,0.173,-0.514,0.143,1
18658,-1.559,-0.662,0.524,-0.668,-0.709,0
24578,0.022,0.791,1.177,0.827,-0.151,1
12331,-1.532,1.302,-0.86,-0.637,-2.275,0
26206,2.049,-0.461,0.483,-0.585,1.606,1
28241,-0.717,-0.094,0.015,1.749,0.59,1
16512,-0.579,-2.448,0.062,0.252,-0.264,1
18140,-2.529,0.661,0.9,0.896,0.913,0
30276,1.362,0.227,-0.261,0.68,-0.451,0
25984,0.057,0.735,0.407,-1.75,1.265,1
29203,0.332,0.372,-0.775,-0.418,-0.628,0
28278,0.067,-0.651,-0.878,-0.942,0.446,0
27834,-1.053,-2.0,-0.05,-0.662,0.554,0
27649,-1.099,1.576,1.132,2.254,0.771,1
20064,-1.748,1.999,1.252,-1.129,-0.277,1
27538,1.578,0.25,0.483,-1.343,-0.213,1
14884,-0.022,-0.432,-0.08,-0.697,0.896,1
31016,-0.839,-0.009,-0.247,0.648,-0.598,0
24467,0.241,-1.465,1.057,-0.024,-0.447,0
29795,-0.201,0.462,1.344,-0.296,-0.654,1
20101,1.507,-0.145,-2.107,0.58,1.241,1
17918,-0.66,1.193,-0.352,-0.229,1.369,1
17548,-0.742,0.045,-0.38,2.785,0.474,1
29721,1.231,-0.781,-0.682,0.417,1.245,1
21100,-0.151,0.707,0.149,-0.343,-0.184,0
14070,0.931,-0.789,0.618,1.01,-0.613,1
25762,0.09,1.887,-0.457,-0.167,0.781,1
16771,-2.7,0.62,-1.277,-0.659,-1.396,0
15994,-1.021,-0.093,0.672,1.791,-1.013,1
11221,0.486,1.725,-1.213,-0.448,-0.049,1
15957,-0.147,-0.939,1.832,-1.373,0.136,0
17770,0.819,2.076,-0.146,-0.455,0.835,1
31460,-0.845,-1.946,0.267,-0.78,0.315,1
23431,-1.44,0.202,0.637,0.89,0.594,0
27797,-1.213,-0.493,1.996,-0.97,-0.366,0
30313,0.855,1.907,0.115,0.88,0.924,0
19398,-0.876,-0.117,-0.207,-1.968,-0.9,1
24615,-0.082,0.328,0.02,0.935,-0.679,0
23135,0.324,-0.88,0.455,0.442,0.791,1
24282,0.431,-0.116,-0.488,1.635,-0.755,1
27168,-2.561,0.403,0.79,0.815,0.989,1
28574,-1.945,-1.383,-0.441,1.294,-1.605,0
15661,-0.85,-0.301,1.324,1.109,-0.796,1
27094,0.12,-0.959,-0.167,-0.206,0.557,1
31238,-0.955,1.955,-0.573,2.58,-1.122,0
13922,-2.665,0.218,-0.385,-0.376,1.6,0
12220,-1.683,0.247,-0.764,-1.492,0.956,0
11295,0.418,-1.051,-0.448,-0.784,0.313,1
23838,-1.452,-0.383,-0.027,-0.274,-0.403,1
14329,0.726,-0.068,-0.109,-1.249,0.098,0
28981,0.597,-0.154,-0.627,1.027,0.629,0
11443,0.838,-0.028,-0.855,0.003,-0.83,1
24097,-0.972,-0.97,-0.781,-0.915,-1.853,0
10666,-0.69,-0.039,0.235,-1.528,1.752,1
11110,0.044,0.785,-0.959,-0.709,0.138,1
25244,1.355,-0.727,0.233,-1.789,0.062,0
29721,-0.998,0.095,-1.867,-0.535,1.691,1
27279,-0.709,-0.905,0.013,-0.736,1.924,0
29684,-1.618,-0.381,0.169,-0.476,-0.221,0
30905,-0.019,0.375,0.908,0.566,-0.432,0
14292,-0.568,-0.5,-0.67,-0.451,-2.369,0
27908,-0.778,-1.05,1.595,-1.347,-0.875,0
13145,-0.612,-2.519,0.481,0.191,-0.723,1
20508,-0.36,-1.576,-0.529,0.469,-0.18,0
20471,-0.88,-0.148,-1.252,-0.432,1.961,0
29018,0.11,0.919,1.056,0.124,-0.732,0
23727,-0.171,-0.696,1.587,-0.645,0.062,1
14736,0.21,-0.017,-0.626,1.397,0.028,1
20545,-0.374,-0.927,-0.662,-2.253,-0.871,1
22469,0.251,-1.173,1.644,1.702,-1.196,0
18103,0.21,-0.46,-0.081,0.518,-0.447,1
14551,-1.088,-1.014,-0.34,-1.222,-0.272,1
25059,-2.332,-0.552,-0.69,0.939,-0.813,0
22469,1.045,-1.248,1.191,0.101,0.256,1
12516,0.977,0.649,0.769,-0.272,0.237,0
10037,-0.258,-0.028,0.247,0.432,2.234,1
25392,-0.161,-0.472,-0.685,0.316,-0.566,0
30905,-0.277,0.287,-1.675,0.528,-0.716,1
24171,-1.791,0.077,-0.23,1.579,0.721,0
31090,0.768,-0.662,1.441,0.73,-0.699,0
12960,1.907,-0.253,1.017,-0.333,-1.047,0
27353,0.891,0.502,0.426,-0.366,0.872,0
15439,-0.527,-0.137,0.302,0.044,-0.256,1
25577,-0.66,1.072,1.293,-0.243,0.135,1
11961,-0.799,-0.264,0.116,0.412,-0.717,0
22284,0.9,-1.74,-0.51,-2.057,0.163,1
24430,-0.505,0.112,-3.131,-0.961,-2.303,0
22543,0.023,0.31,1.86,2.496,2.009,1
11887,0.258,-0.193,-0.695,0.265,0.207,0
22469,-0.301,0.105,-0.273,-0.566,-0.073,0
24060,0.522,0.665,0.398,1.034,0.602,1
27353,-0.839,-1.461,1.661,-0.342,-0.846,0
31756,1.149,-0.425,-0.216,0.277,0.874,0
31090,0.079,0.673,0.737,-0.142,0.382,0
25540,-0.38,0.451,-1.756,1.068,0.365,1
30683,-1.862,0.494,-0.781,-1.604,0.83,0
20508,-0.159,0.805,0.374,0.851,-0.29,1
23283,0.633,1.706,0.123,-0.812,0.997,1
16845,0.071,0.729,-0.85,-1.794,0.338,1
31053,0.682,-0.461,-0.611,0.36,0.047,0
17511,-1.279,0.308,0.37,-1.214,0.357,1
19731,0.721,0.954,-0.956,0.134,-1.753,1
12849,0.167,-1.118,-0.22,0.636,-0.45,1
23949,-0.204,0.761,0.761,-1.569,0.012,1
24689,-0.763,3.397,0.314,-1.224,0.748,0
22099,1.971,0.844,0.367,0.839,0.003,1
18658,-0.446,0.618,0.794,-0.461,0.048,0
20397,-0.06,-0.33,0.451,-0.094,-0.406,0
26724,0.29,0.957,1.814,-0.947,-0.563,1
22617,0.633,-0.644,-1.625,-0.28,-0.267,0
15291,0.949,0.5,-0.158,0.749,-0.322,0
14033,1.094,0.115,1.402,0.666,0.263,0
12368,-0.597,0.146,-0.146,2.564,2.288,0
14736,1.128,-0.122,1.409,-0.14,1.325,1
23135,-0.616,-1.317,0.172,0.83,1.133,0
30276,-0.089,0.088,1.191,0.911,0.426,0
26983,0.633,-1.863,0.435,-0.109,-1.337,1
18251,-0.371,-0.997,-0.352,0.011,-1.399,1
28167,-1.521,0.79,1.001,-0.922,1.037,1
27168,-0.155,0.465,1.339,-1.538,-0.026,1
13515,-0.985,1.493,0.695,0.264,0.659,1
14107,1.421,0.777,0.154,-0.928,-0.621,0
21063,0.565,0.48,0.626,0.211,-0.249,0
11443,-2.278,-0.651,0.807,0.101,0.582,0
31349,0.924,0.256,-0.33,0.929,1.183,1
27982,-1.193,-1.244,1.359,-0.473,0.351,0
19028,0.477,0.941,-0.67,1.019,0.96,1
29166,0.864,0.007,-0.041,-0.11,0.929,1
12183,-0.042,-0.022,-0.113,0.018,1.531,0
14255,1.053,0.145,0.002,0.075,1.678,1
14181,-1.489,1.652,-0.243,3.408,-1.32,0
10074,-0.756,0.193,-0.537,-0.489,0.74,1
20582,-0.397,2.923,-1.186,0.376,0.887,1
12553,-0.463,0.392,0.186,0.531,-0.322,0
26206,-0.981,-1.109,-0.968,-1.332,0.139,0
15661,0.571,-0.349,-1.201,-0.172,0.117,1
15069,-2.118,1.322,0.616,0.519,-0.596,1
26058,-0.265,2.261,1.867,-0.684,-0.311,1
14551,-1.088,-0.783,-0.355,0.654,-0.961,0
29018,0.029,-0.109,0.506,1.177,-0.365,1
23283,1.338,0.064,-0.296,-0.405,-0.766,0
29647,-1.266,-0.085,0.883,0.978,-0.208,1
23505,-1.234,-0.415,-0.609,-1.053,0.124,0
25170,-0.575,-0.088,-0.941,0.333,-0.279,0
10999,-0.418,2.67,-1.397,-1.229,0.826,0
20323,0.202,0.469,-0.723,-0.541,-0.645,0
23616,1.154,1.536,-0.691,0.175,-0.763,0
26576,0.229,-0.721,-0.336,0.502,0.814,1
32163,-0.063,-0.885,1.644,1.473,-0.534,1
16401,0.218,0.478,0.634,0.464,-1.381,0
15217,1.543,0.01,-0.088,-0.278,0.772,1
25133,-0.116,-0.21,0.015,-0.647,-0.716,1
12442,-1.453,0.814,0.724,-0.035,0.255,0
24874,-1.362,0.464,0.417,-0.618,0.691,0
32015,1.105,-0.353,0.931,0.771,-0.645,1
22210,0.354,0.202,-0.852,-0.361,-0.914,1
27945,1.09,0.439,2.118,-0.473,0.028,0
14625,-0.204,-0.493,-0.862,0.607,-0.347,1
11184,-0.163,0.943,0.669,0.716,1.534,1
10185,0.756,-0.338,0.495,0.299,2.008,0
24578,1.62,2.754,-2.442,-0.024,0.612,1
27686,-0.281,-0.161,-0.198,-0.574,0.657,0
31460,-0.603,1.877,0.951,-2.229,0.577,0
26872,-0.554,1.481,1.372,-1.038,-1.671,1
24504,1.472,-0.791,-0.99,-0.384,-0.659,0
21803,-1.327,-0.438,-0.422,0.113,0.023,0
25244,0.298,-0.805,0.05,0.503,0.717,1
24356,-0.867,-0.313,0.494,1.558,0.267,1
29758,0.203,-0.464,-1.322,-0.841,0.508,1
21581,0.882,2.169,-0.159,0.53,-1.243,1
13108,0.185,-0.623,0.431,-0.134,1.118,0
26058,-1.119,0.691,-0.012,-0.069,0.443,1
13330,-0.519,-0.712,-1.16,-0.145,-1.549,1
21285,-0.251,1.735,0.388,-0.012,0.241,1
24097,0.065,0.702,-0.585,2.14,-1.151,0
19842,-0.364,-1.884,-0.41,1.201,-0.417,1
17104,-0.75,-1.648,-1.07,-1.019,1.778,0
19435,-0.513,-1.856,-0.85,0.01,0.344,0
22728,-0.827,-1.951,1.813,-0.415,-0.188,1
25799,1.108,0.419,0.167,0.185,0.138,1
29536,-1.533,0.321,1.144,1.073,0.267,0
12257,0.183,-0.973,0.299,0.645,0.31,1
22543,0.033,0.518,0.975,0.088,-1.154,1
20952,-0.975,0.786,0.633,-1.55,0.556,0
28204,0.072,-1.403,0.578,-0.998,0.237,0
22321,-1.703,0.257,-0.034,-0.117,0.323,0
27760,-1.695,0.574,0.632,0.012,-1.018,0
16623,-0.239,-0.702,-0.353,-1.187,1.504,0
28463,1.191,-0.258,0.296,1.257,-0.316,1
14033,0.146,-0.324,-0.711,-0.298,-0.201,0
14847,0.512,-0.022,-1.51,-0.348,-0.24,1
31016,-0.44,-0.291,-1.181,-2.415,-1.163,0
17289,-0.54,-0.033,1.653,-0.337,-0.942,1
28315,-1.079,0.653,0.882,0.563,-0.72,0
29869,-0.181,-1.382,0.884,0.88,2.466,1
22950,-0.055,0.897,1.632,0.682,0.957,1
19731,0.686,0.331,1.88,-2.085,-1.026,0
20064,1.319,0.502,0.057,-0.993,-0.561,0
15143,0.283,0.003,-1.919,-1.949,-0.352,0
20249,-0.535,-0.973,-1.46,1.295,0.346,0
14107,-0.69,-0.875,-0.773,-0.472,1.088,0
13478,0.97,1.019,0.866,1.879,0.822,1
24467,-2.12,0.894,-0.551,1.004,0.583,0
15365,-1.132,-0.245,-1.087,-1.078,-1.19,1
14995,0.962,-0.793,-1.577,0.737,0.65,1
30128,1.325,-1.239,-0.186,-0.118,-0.588,0
17104,-2.0,1.582,-1.737,-1.317,-0.561,0
20286,-0.13,-1.171,-1.196,-1.357,-0.235,1
20804,0.566,-1.788,1.093,-0.491,-0.875,1
25318,-0.883,0.493,-1.024,0.863,0.977,1
30424,1.199,-1.391,1.192,-0.493,-0.518,1
30165,-0.21,-1.273,2.045,0.123,1.119,1
20249,-1.065,0.577,0.044,-0.869,1.691,0
23357,0.18,0.42,1.103,-0.249,0.497,0
21840,-0.985,0.311,-1.108,-0.728,0.597,0
11073,-0.431,-3.017,-1.154,-0.054,0.158,0
20249,0.508,-0.103,-0.357,-0.175,-0.647,1
13737,0.252,0.64,0.385,-1.121,0.182,1
10037,-0.369,-0.491,1.265,0.625,-1.286,0
12701,-0.612,-0.632,-0.652,-2.014,0.319,0
11036,0.334,-1.043,-0.228,0.337,-1.892,1
16327,-0.217,1.09,1.452,-0.787,-0.39,1
23320,-1.521,0.854,2.061,-1.223,0.202,1
12257,-0.438,-0.531,-0.05,-0.509,0.2,1
21840,-0.071,2.493,-1.69,0.398,-0.237,0
16882,0.942,-1.743,0.752,1.681,-0.43,1
21470,1.299,1.26,-0.326,-1.313,-0.564,0
15994,0.392,0.394,0.647,-1.043,0.463,1
11221,-0.115,1.033,-0.66,-1.012,-0.012,0
30387,0.169,-0.904,0.613,0.282,-0.602,1
24208,-0.519,0.813,-0.29,1.408,1.175,0
25207,-0.735,-0.714,-1.649,-0.994,0.359,0
24467,3.184,-0.409,1.976,0.24,0.385,1
16882,-0.066,1.243,-0.022,-0.668,0.13,0
11776,0.965,0.875,-0.698,1.998,1.276,1
23320,0.41,0.698,0.279,-0.029,-0.56,1
28870,0.769,-1.559,0.205,2.622,0.73,0
11258,0.576,-0.075,1.117,0.191,-0.508,1
22469,-0.65,1.898,0.208,-0.721,1.215,0
30609,0.977,-2.583,-0.711,-0.319,0.337,0
21433,-0.727,-0.998,-1.031,-1.604,0.133,0
31238,-0.696,-1.296,-0.853,0.241,0.373,1
13478,0.248,2.051,-1.692,-0.485,-0.794,0
19768,0.767,0.509,-2.026,0.105,-0.803,1
30609,0.771,1.097,0.943,-1.469,-0.182,0
27723,0.716,0.363,-0.051,1.242,-0.294,1
22691,-0.808,-0.558,0.207,0.601,-0.073,1
21581,-0.048,0.379,1.592,-0.621,0.79,1
18584,-0.404,-1.026,2.975,-0.82,-1.13,1
19250,-0.194,-0.863,1.74,-0.454,-0.551,1
23690,-0.211,-0.327,0.478,-0.466,1.447,1
31793,0.145,0.205,1.557,-1.201,-0.298,1
23431,2.222,0.168,1.249,-1.17,-0.338,1
32052,-0.188,0.394,-0.047,0.512,0.49,0
20841,0.925,-1.223,0.921,-0.929,-0.28,1
10037,0.056,1.54,-0.363,-1.079,1.227,1
21581,-0.098,-0.659,0.852,-0.227,0.964,0
13182,1.048,0.44,-1.644,-1.307,-0.828,0
22839,-0.282,-0.9,-0.414,1.787,-0.388,0
31534,-0.749,0.164,0.069,-1.696,0.466,0
28537,-0.743,0.917,-0.222,2.078,-0.139,0
13626,0.509,0.354,-1.163,0.265,-1.152,0
19065,-1.318,0.826,-0.793,1.973,-0.378,0
31793,0.359,-0.214,0.366,-0.745,-0.404,0
18843,-0.724,-1.142,1.133,-0.199,0.578,0
15069,0.328,0.296,-0.15,-1.522,-1.703,0
20101,-1.85,-0.651,-1.037,0.563,-0.66,0
14144,0.311,0.597,0.538,1.145,-0.338,1
13552,-0.277,0.287,0.39,0.356,-0.68,0
13811,0.635,-0.967,0.247,1.331,-1.026,1
29684,-1.0,1.244,-0.564,-0.222,-0.277,0
12109,-0.626,0.885,2.142,-0.53,-0.117,0
27353,0.23,-1.953,1.153,-0.314,-2.349,1
14847,-1.216,-1.059,-0.283,1.132,-1.932,0
14033,-0.497,1.009,-1.137,1.437,1.566,1
24652,-0.692,1.378,-0.408,-0.74,0.698,0
26428,-0.011,1.369,-1.429,-2.644,-0.248,0
21285,1.55,-0.031,-0.722,1.976,0.799,1
16586,0.511,1.825,1.371,1.175,0.689,1
13293,0.449,0.918,0.312,1.057,-0.388,0
25836,-0.273,-0.155,1.75,1.11,-0.525,1
16179,0.236,1.581,0.249,1.881,-0.909,0
29388,0.123,0.537,-0.448,-0.205,-0.16,1
16475,-1.551,1.132,-0.194,1.13,1.855,0
12109,-0.341,1.273,-0.79,-0.241,0.424,0
15809,2.66,-0.689,-0.983,-0.826,0.507,1
24319,2.015,-2.155,-0.221,0.617,-0.417,1
23394,1.221,1.36,0.15,0.511,-0.97,0
31941,-0.313,-0.101,0.153,0.669,-0.355,1
24911,1.038,-0.117,-1.334,1.002,-0.783,0
15291,-0.03,0.178,1.823,-1.097,1.546,1
21248,0.354,1.715,-0.23,1.126,-0.312,0
30461,-0.431,-0.731,-1.046,0.335,2.273,1
29314,1.029,-0.809,-0.593,-0.257,0.314,1
29610,1.687,-0.618,-1.802,-0.062,0.677,1
18066,0.258,-0.525,-1.128,-1.279,-0.376,1
26983,-0.376,1.169,1.211,1.065,0.917,0
31904,-1.636,-1.078,1.153,0.646,0.2,1
16549,-0.418,-1.334,-0.301,-0.066,0.179,0
17252,-1.743,-0.308,0.255,-0.724,-2.222,0
25577,0.525,2.332,0.138,-0.555,1.233,0
12627,1.307,-0.689,0.755,0.046,2.256,0
14699,-0.324,-1.751,-1.866,1.066,-0.697,0
16475,0.545,-0.285,-0.216,-0.682,-0.875,1
19620,-0.373,1.161,0.349,1.66,0.24,0
24023,0.634,1.683,1.085,-1.662,0.868,0
23912,0.46,0.277,0.625,0.994,-0.169,1
11221,-1.211,0.08,-0.835,-0.899,-1.485,1
23912,-0.787,-1.074,-0.824,-0.391,0.314,1
20434,-1.202,1.09,0.508,-0.629,-0.41,1
20804,-0.52,-0.164,1.903,-0.766,0.076,1
15143,-0.9,-0.023,0.406,0.567,2.446,0
29906,-0.732,0.729,0.697,0.643,0.845,0
30054,1.356,-0.078,0.138,-1.415,1.279,1
14773,0.792,1.286,0.315,0.527,0.731,1
28981,-1.109,-0.849,-0.407,-1.081,-0.607,1
27168,0.607,0.34,-0.069,-1.369,-0.606,1
26613,-1.64,0.306,-0.555,0.214,-1.39,0
27612,1.78,0.541,1.416,0.468,0.06,1
18880,-0.451,0.747,0.587,0.844,0.894,0
10185,0.51,-2.191,1.99,1.603,1.244,1
28722,0.404,-0.125,0.139,0.788,0.178,1
18584,-0.051,0.951,-0.326,-1.275,1.019,0
28833,-0.313,0.081,-0.149,1.762,-0.596,1
13478,-0.173,0.25,-0.556,1.417,1.56,0
26946,-0.812,-1.544,-0.191,0.695,-0.559,1
22284,0.018,-0.542,-0.212,0.519,1.304,0
27908,1.226,-0.946,0.834,-0.715,-0.191,1
16993,0.458,-1.519,-0.818,0.27,-0.93,1
22765,-0.733,-0.959,1.11,0.11,1.06,1
15365,-1.177,0.309,-0.073,0.769,1.068,1
17104,0.82,1.634,0.499,-1.322,0.722,1
20323,0.436,0.408,1.671,0.771,0.398,1
18251,-0.602,-0.179,1.369,-0.617,-1.717,0
21581,1.004,-0.499,0.163,-0.812,0.563,0
25873,-0.732,0.015,-1.023,-1.383,0.427,0
31386,0.184,0.247,-0.387,0.674,-1.028,0
22617,-0.461,-0.062,-0.504,-0.646,-0.94,0
11702,-0.853,-1.725,0.275,-0.399,1.47,0
11480,0.25,-0.514,-0.238,0.213,1.61,1
20989,-1.882,0.555,-0.519,0.332,1.861,1
17474,-0.877,-0.207,-0.976,0.298,1.225,0
18214,1.669,1.052,0.65,0.231,0.964,0
26576,0.257,-0.462,-0.378,1.314,-0.262,1
10222,0.789,-2.389,-0.359,-1.298,0.248,1
29388,0.88,0.604,-0.007,1.285,-0.707,1
25392,-1.078,0.336,0.627,-0.472,1.304,0
27612,0.67,-0.059,-1.306,-0.102,0.407,1
24763,0.404,-0.046,-0.628,0.508,0.355,0
27242,1.276,-0.962,1.153,1.278,-0.599,1
20064,-0.159,1.201,-1.097,-0.494,0.401,0
25947,0.117,-0.398,0.177,-0.389,-0.867,1
19583,0.76,1.448,-1.125,-0.488,0.043,1
26428,1.127,1.218,1.307,-0.54,1.122,1
13996,-1.098,0.498,0.356,-0.331,1.118,1
22210,0.176,-0.025,2.397,-0.988,1.505,1
12257,0.714,-0.097,0.679,0.074,0.754,1
30424,1.039,-1.007,-2.595,-0.77,0.905,1
23949,0.23,-2.267,-0.087,-2.653,0.462,1
31090,-0.216,1.347,-2.569,-0.852,-0.241,1
21100,0.599,-1.079,-0.916,0.093,0.111,1
26576,0.629,-0.648,-0.106,-0.807,0.427,0
31016,0.141,1.902,0.398,-0.117,0.322,0
24171,0.708,-0.108,0.052,1.141,-0.392,1
24430,-0.926,2.409,0.946,-1.166,-0.826,0
26687,2.971,-0.385,-0.857,1.008,-1.02,1
30387,-0.446,0.173,-0.811,0.027,-0.333,0
28204,1.033,1.235,-2.291,0.733,-0.43,1
22173,-0.063,-0.875,0.565,-1.624,-1.512,1
19435,0.771,0.874,0.447,-0.342,-1.181,0
29388,1.438,-1.14,-2.844,-0.826,0.554,1
31386,0.276,-1.239,0.194,-0.606,0.233,1
18251,-1.397,0.333,-0.341,-1.643,-0.509,1
11443,0.51,0.623,1.216,-0.281,-0.702,1
25577,-1.431,-0.007,-1.012,0.298,-0.484,0
10037,-0.477,-0.788,0.329,0.059,-0.411,0
31386,0.732,-1.17,-0.058,1.266,1.932,1
30535,0.539,0.953,0.285,0.875,0.137,1
11924,-0.314,1.224,-0.93,-0.257,-1.756,0
30757,0.081,-1.081,1.945,0.188,-0.502,0
22432,0.409,1.665,0.656,0.028,0.368,1
11665,0.708,0.324,1.005,-1.01,1.022,1
31571,-1.558,-0.59,-1.656,-0.239,-0.404,0
19953,-0.375,-0.871,-1.299,0.359,0.814,1
32052,-1.131,0.102,0.243,0.033,-1.263,0
18658,-0.484,-0.241,-1.103,0.111,-0.026,0
20693,-1.312,1.643,-0.377,-0.159,-0.088,1
15143,-0.465,0.539,0.92,-0.668,0.589,1
20767,-1.524,-1.337,0.938,0.654,-0.667,0
25725,1.062,0.655,0.351,-0.375,-1.309,0
14292,0.035,-0.349,1.736,0.206,-0.101,0
12516,-1.056,-0.233,1.19,-1.228,-0.858,1
29055,0.199,-0.859,0.568,0.431,-1.312,1
25947,0.416,-0.643,-0.721,0.878,-0.499,0
17992,0.731,1.464,-0.763,0.061,-2.292,1
14588,1.797,-0.327,-0.28,1.039,0.004,1
23579,-1.204,-0.759,-0.313,-1.117,1.031,1
13663,0.534,0.197,-0.603,-1.07,0.287,0
14255,-0.314,-2.069,0.141,0.366,-2.245,0
13700,-2.541,-0.079,0.411,0.286,-0.877,1
16216,-0.311,-1.721,0.291,0.074,-0.181,0
12590,-0.407,0.913,1.028,-0.704,0.211,1
24763,-0.859,0.279,-0.887,0.736,-1.665,0
17067,0.124,-1.669,1.571,-0.559,0.201,1
23690,0.538,1.528,-0.281,-0.759,-1.521,0
23616,1.555,0.856,-0.232,1.177,-1.092,1
23172,0.029,-0.136,0.764,-0.34,-1.323,1
25984,-0.041,-0.911,-1.24,0.342,0.018,1
28426,0.018,1.277,-0.131,-1.961,-0.098,0
27723,-2.39,1.753,3.789,0.409,-0.369,0
19139,0.559,-0.704,-1.729,-1.251,-0.97,1
12960,0.694,-0.562,0.138,0.541,2.149,1
19546,1.448,0.04,-0.126,-1.038,-0.065,1
19361,-0.17,0.485,1.085,-1.137,-0.3,1
30831,-0.007,0.832,-0.789,-2.144,-0.182,0
24837,0.295,1.208,-0.818,1.34,0.802,1
16512,-0.335,1.184,0.807,-0.591,-2.03,0
28685,-0.113,-0.531,-0.069,0.234,0.575,1
12701,-0.866,-1.648,0.025,0.381,1.849,0
12664,-1.14,-1.941,1.554,-1.042,-0.641,1
13108,-1.037,-0.505,-0.402,-0.094,-1.002,1
20619,-0.094,1.369,1.308,0.557,0.08,0
25392,0.246,-0.019,1.77,2.119,1.042,1
27205,-0.419,1.713,0.796,0.653,1.389,0
10296,0.542,-0.956,1.582,-0.124,-0.474,0
31460,-0.859,-0.099,-0.119,-0.611,0.383,1
26983,-0.279,0.359,0.699,-0.354,-0.102,0
25873,0.442,0.71,-0.333,1.641,0.032,1
27242,1.568,-0.486,-0.417,1.408,1.921,0
30202,-0.416,0.862,0.194,-1.279,-0.348,1
18954,1.782,0.45,0.193,0.629,-1.343,1
12257,-0.827,-0.55,-1.546,-0.326,-1.343,1
21951,-0.482,0.696,-0.659,0.453,1.451,0
12849,-1.549,0.278,1.161,-1.381,1.109,0
24319,-0.404,-0.595,-0.107,-1.134,0.232,1
18547,-1.14,-0.124,-1.084,0.583,1.316,0
16697,0.644,1.064,0.775,-1.049,-4.097,0
24282,1.816,-1.293,0.25,-1.941,-1.312,1
23394,2.27,-0.232,0.118,-0.179,-1.046,1
31053,2.441,1.664,0.46,0.987,-0.321,0
31016,-0.099,0.001,-1.597,0.372,1.299,0
20471,-0.711,0.704,0.205,0.061,-0.286,0
15735,-0.593,-0.151,0.029,-0.629,0.333,1
13071,-0.977,-1.236,0.126,0.23,0.48,0
20545,-0.993,-0.668,-1.688,1.484,-1.799,0
16475,-1.323,0.12,-1.157,-0.599,-0.371,1
22987,-0.459,-1.004,1.952,0.329,-1.404,1
29166,0.397,-1.517,-0.543,-1.54,0.007,1
10740,1.601,0.041,-0.71,0.287,-0.889,1
20656,0.53,1.709,-0.184,-0.247,0.701,1
25318,-0.424,0.511,-1.56,1.966,0.455,1
18066,-1.055,-1.4,0.112,0.051,-0.125,0
14514,-0.939,1.907,0.763,0.559,-0.488,0
10037,3.942,0.485,0.447,-0.727,0.13,1
15217,0.505,-0.676,-0.32,0.729,-0.465,1
19102,1.236,-0.429,0.938,-0.96,0.211,0
18473,-0.737,-0.932,-0.489,0.534,0.588,0
22173,-1.445,1.644,0.576,0.172,-0.482,0
30202,2.358,-0.756,-0.595,0.029,2.331,1
17992,0.727,-0.062,-0.982,1.658,0.087,1
30942,0.702,1.332,-0.439,0.898,-1.344,0
17881,-0.326,0.491,-0.666,0.233,-0.14,0
24652,0.314,-2.013,1.915,0.078,1.528,1
29980,0.526,-0.565,0.694,-0.619,1.538,1
20175,-0.603,0.916,-0.646,-0.744,-0.5,0
15291,-0.139,0.967,0.709,-0.763,0.874,1
25725,-1.752,0.52,1.093,1.967,0.335,1
19102,-0.246,-0.947,-0.26,0.079,-0.252,0
15439,-0.769,0.745,-0.233,-0.608,-1.164,1
27908,1.537,-0.16,0.892,-0.065,1.204,1
14921,-0.76,0.587,0.464,0.547,-0.738,1
31941,-1.499,1.25,0.251,1.91,0.061,0
24282,-0.871,-0.089,0.734,-0.196,0.351,1
11813,1.647,-0.99,0.156,-0.397,-0.575,0
18362,0.367,1.108,-0.733,-1.08,-0.267,1
28574,1.435,-0.496,-0.356,0.429,-2.16,1
25873,1.331,-1.013,-0.936,0.168,1.317,1
11443,0.005,-0.344,-0.454,-0.575,1.248,0
17141,-0.871,1.399,0.106,0.188,0.985,1
15587,-0.392,-2.768,-2.502,1.355,-0.038,1
15513,-1.835,-2.685,0.398,-0.806,0.037,0
12886,-1.321,1.709,-0.786,-0.449,-1.411,0
31053,-0.588,-0.924,-1.208,0.156,-1.357,0
12664,0.687,-1.99,-1.51,0.989,1.092,1
11961,-0.336,-2.132,-0.734,-0.378,0.054,1
21174,0.404,-0.209,-1.899,-1.705,-2.475,1
26539,1.295,-2.183,-1.139,1.247,0.875,1
12072,0.422,-0.228,0.311,1.366,1.675,0
27982,1.227,-0.384,-0.89,-0.214,0.288,1
19139,0.456,-0.43,-0.505,-1.093,-3.497,0
11147,0.035,0.252,0.16,-1.127,-0.848,1
31608,-0.052,-0.396,-0.144,-0.869,1.056,1
20915,0.521,-1.932,-0.094,0.723,-0.925,1
11813,-0.86,0.936,1.042,-0.09,-1.532,1
10999,0.329,0.149,0.263,0.847,-0.03,0
15106,1.562,0.025,-0.001,0.59,-0.293,0
17511,-0.295,1.115,-0.286,0.072,-1.337,1
30276,0.46,1.936,1.342,-0.849,3.298,1
27760,-0.95,-0.784,-0.283,0.939,-0.795,1
31497,0.063,-0.962,-1.111,0.45,0.155,1
19509,1.705,-2.76,-2.067,0.367,0.773,0
28500,-0.288,0.88,0.74,-0.024,0.816,1
21433,-1.174,1.514,0.095,-0.283,0.522,0
27908,0.002,-0.885,-0.024,0.438,-0.232,1
15032,-1.791,0.031,-1.099,-0.168,-0.504,1
12146,0.842,0.189,-0.33,0.207,0.727,1
20064,-0.221,0.705,-0.372,0.486,0.68,0
20841,-0.894,0.325,-0.461,1.278,-1.534,0
25318,-0.653,-0.104,0.575,-0.798,0.792,0
24023,-1.9,0.414,0.392,-1.007,0.39,0
15661,-0.926,-0.165,0.144,0.594,-1.694,0
27168,0.129,0.003,0.809,-1.307,2.184,1
23320,1.709,1.552,-2.512,-0.969,-1.303,1
21766,0.909,-0.314,-0.153,-0.545,-1.399,1
30868,1.483,0.709,0.797,2.257,1.033,1
18399,-0.801,0.129,0.668,0.459,0.131,0
16216,-0.368,0.622,0.275,-0.636,0.754,0
11332,-0.463,-0.854,1.019,0.531,0.539,0
24578,-0.254,-1.106,-1.611,0.553,-0.681,1
23135,-0.067,-0.395,-0.324,1.346,1.158,1
27464,-2.348,-0.475,-0.127,-0.506,-0.936,1
22617,-1.69,-0.428,-0.239,1.109,0.045,0
11813,0.005,0.056,0.424,-0.602,0.469,1
31608,-0.631,-2.3,-0.168,-0.734,1.978,1
14699,0.578,-0.583,-0.579,0.961,1.046,0
14884,-0.119,-0.892,0.167,0.188,-1.512,0
19287,1.348,-1.842,-0.001,0.193,0.623,1
22765,1.151,0.078,-0.557,-0.067,0.227,1
27427,1.022,-0.125,0.771,0.597,-1.041,0
25910,1.14,2.186,-0.588,1.786,-0.118,1
20693,-1.168,1.343,-0.138,0.977,0.705,0
11998,0.332,1.23,-0.15,0.935,-0.133,0
27649,-0.331,-1.613,0.667,1.774,-0.335,1
18288,-0.046,-0.986,-0.053,0.116,-0.368,0
22765,0.482,-0.663,-1.216,0.24,0.094,0
18362,1.747,0.938,-1.473,0.135,0.679,1
13552,1.781,-1.385,0.888,-0.101,1.297,0
21951,-1.675,-0.867,-0.86,0.115,0.256,0
11073,-0.126,-0.427,0.032,-0.311,0.471,0
17844,0.059,0.064,0.662,0.247,-0.32,0
11332,-1.386,0.094,0.805,-0.738,0.45,0
10888,0.185,0.604,-2.832,-0.04,-1.197,1
21507,-0.964,0.412,0.229,-2.14,-0.172,1
27168,1.278,-0.661,-0.575,-0.725,1.157,1
30276,0.384,-0.194,0.275,-0.633,-0.675,1
21063,0.6,1.373,1.035,0.734,-1.696,1
11036,0.137,1.138,1.325,-0.043,0.423,1
31682,0.207,0.396,-0.756,1.856,0.632,1
13219,-0.677,0.765,2.562,0.237,0.222,1
20471,1.383,-1.971,-0.26,0.203,-0.072,0
29129,1.355,-0.237,0.338,0.318,-0.118,1
15254,-0.133,-0.633,-1.201,0.603,1.441,0
17659,-0.451,1.803,1.288,1.296,1.028,1
29758,-0.505,0.292,-0.374,1.421,0.028,1
10037,-0.325,0.322,0.729,-0.304,0.868,0
11628,1.604,-0.603,-0.776,0.085,-0.597,1
18325,-0.136,1.223,-0.027,-0.129,-1.05,0
25022,0.549,-1.305,-1.154,-0.881,2.955,1
22802,0.566,1.836,-0.265,-0.6,0.303,0
27020,0.795,-0.332,-0.769,-1.158,-1.412,0
15846,-0.711,-0.504,0.451,-0.922,-1.788,1
15365,-1.872,0.634,-0.353,1.672,0.836,1
32126,2.499,-1.881,0.708,-0.904,-0.024,1
31941,1.456,-1.128,0.192,-0.229,0.582,1
28907,-2.78,-0.721,-0.127,-0.488,-1.596,0
17844,-0.823,0.144,-0.347,0.401,0.826,1
27760,0.438,1.07,-0.246,0.869,0.26,1
12553,0.243,-1.058,-1.482,-0.078,0.028,1
23246,-2.227,0.148,-0.326,0.845,1.08,0
28241,0.633,-1.379,0.388,0.717,-0.506,1
21100,-2.838,-0.932,-0.529,1.644,1.558,0
22099,0.457,0.666,-0.717,-0.342,0.594,1
30128,-0.669,0.622,0.157,1.149,-0.079,0
26169,0.309,-0.451,2.077,0.07,-0.762,1
11480,0.987,0.98,-1.132,-1.776,0.106,0
15180,-0.389,2.171,-1.513,-2.922,-0.076,0
18991,1.168,0.651,0.061,1.177,0.134,1
16697,0.14,2.089,0.054,-0.429,0.376,0
24948,1.601,0.002,-1.701,-1.196,-0.127,0
14736,0.885,-0.599,1.089,1.556,-1.614,1
14995,1.053,0.737,-0.361,-0.367,-0.582,0
27020,-0.868,-2.313,-0.59,0.542,-0.538,0
21877,0.118,-0.846,-0.284,0.506,-0.515,1
19879,-0.142,0.291,0.036,-0.327,-0.302,1
31793,0.626,1.064,0.334,1.048,-0.893,0
25947,0.373,1.031,-0.508,-0.598,0.163,0
23653,0.888,2.4,-0.05,1.483,-0.749,0
31571,1.546,-0.133,0.519,0.775,0.135,0
20434,1.285,-0.581,-0.908,-1.348,-1.894,1
30239,0.659,-1.299,-0.56,0.922,-0.206,1
31201,-0.454,0.188,1.377,-0.31,0.714,1
25207,-0.561,0.953,0.275,-0.679,-0.247,0
30054,0.792,0.292,-0.792,-1.046,0.078,0
11406,-0.271,0.331,0.607,-0.549,-0.12,0
15994,-0.472,1.835,0.266,1.24,-0.697,0
25096,0.402,-0.595,0.41,1.119,2.234,1
19768,-0.636,0.085,0.576,-0.499,-0.269,0
10370,-1.51,0.47,-0.122,-0.628,0.853,1
12294,0.687,1.659,-0.873,-1.634,-0.78,0
19879,-0.085,-1.435,-0.528,-2.545,0.084,0
18436,1.056,0.965,0.495,0.528,-0.091,1
23394,1.197,-1.243,0.466,0.836,-1.117,1
12146,0.755,0.375,1.181,-0.781,1.196,0
29610,-1.444,0.624,1.753,0.014,0.975,0
29536,0.817,-0.286,0.289,-0.142,0.772,0
15809,0.548,-0.385,0.344,-0.511,-0.939,0
28796,-0.713,0.007,0.454,-0.654,0.174,0
10370,-0.708,-0.959,-1.835,0.213,-0.422,1
25651,2.543,-1.657,0.634,-1.364,0.015,1
24615,-1.112,0.421,-0.502,0.111,-0.728,1
13626,-0.96,-0.125,-0.369,0.218,-0.316,0
29462,-1.195,1.147,0.424,1.218,-0.836,1
12812,0.306,1.529,0.06,-1.472,1.463,0
14366,0.677,0.935,-0.933,2.098,-1.144,0
14218,0.468,-0.382,0.077,-0.755,0.864,1
23579,-0.973,-0.752,-0.549,-2.212,1.106,0
10333,-0.191,-0.248,-0.118,-0.994,1.565,1
30239,0.994,0.95,0.082,1.99,0.676,1
30239,-0.636,-0.05,-1.677,-0.997,-2.004,1
12368,-1.198,-0.171,-0.866,-1.331,-1.161,0
22839,1.821,1.978,-0.528,0.687,0.653,0
24504,-0.038,-0.238,-0.646,0.572,1.002,1
20915,0.644,0.487,1.492,2.561,1.885,1
21359,2.672,0.124,-1.092,1.252,2.983,1
27205,0.556,0.077,-0.274,0.981,-0.407,0
12627,-0.466,-0.516,-0.36,0.709,-1.087,0
18140,-1.194,0.138,1.006,0.589,-0.25,0
24800,-1.831,-0.429,-0.931,-0.66,0.013,0
19805,-1.098,-0.249,-0.447,0.524,0.604,0
10518,-1.852,0.216,0.946,1.323,0.667,0
16216,0.503,0.94,0.391,-0.424,1.75,1
23949,-1.276,1.933,-0.543,-2.09,0.23,0
22839,-0.876,1.523,-0.787,-0.494,2.05,0
21470,-0.913,-1.516,0.709,0.414,-0.568,0
11258,-0.755,0.705,1.625,-0.689,0.235,0
30498,1.179,0.069,0.006,-0.561,0.064,1
16549,0.214,0.793,0.821,0.147,0.779,1
27575,0.251,-0.829,0.042,0.022,1.736,0
29277,1.57,1.813,-0.569,0.041,0.383,0
17400,0.145,0.818,0.491,-0.366,-0.538,0
28204,-0.24,-0.025,0.97,0.3,-0.443,1
27612,0.3,0.546,-0.185,1.405,-0.398,0
19694,0.418,1.226,0.704,0.369,-1.325,0
16364,0.291,1.671,0.079,-1.0,1.245,0
28537,-0.433,-0.47,0.669,-1.276,-0.764,1
12183,-1.641,0.475,-1.38,-1.281,0.814,0
19398,-0.488,1.065,0.011,1.474,0.029,1
31645,-0.898,1.209,0.027,0.772,-0.957,0
29721,-1.517,0.327,-2.193,0.329,-0.643,0
22136,0.659,0.775,-0.616,0.245,0.159,1
12849,-0.942,0.626,-0.307,-1.549,2.175,0
24171,1.787,0.626,0.092,-0.477,0.391,0
28796,1.627,1.769,-0.181,-0.383,0.48,0
27538,-0.448,2.132,-1.112,-0.07,-0.901,0
15994,-0.778,1.683,0.163,-0.937,0.345,0
31608,-1.234,0.195,0.023,-0.562,0.051,0
31201,0.869,-1.428,1.786,0.263,0.585,0
12553,-0.918,0.591,-0.84,0.861,0.722,0
26428,-0.514,0.516,-0.637,0.156,-0.201,0
12146,0.989,0.585,1.124,-0.639,-1.247,0
23172,0.971,0.606,0.471,-0.883,0.451,1
31571,-0.318,-0.831,1.158,-0.788,0.592,0
29203,-1.137,0.292,0.505,-1.158,1.141,1
29166,-0.866,1.31,0.815,-2.239,-1.152,0
20360,0.996,0.662,-1.284,2.207,-0.514,0
31830,0.231,0.717,0.049,-0.8,-1.022,0
22210,0.033,-1.089,-0.589,-0.719,-1.012,1
11332,0.576,1.229,1.615,0.213,0.103,1
20027,1.085,0.069,0.465,0.631,1.256,1
30276,0.556,0.499,0.322,-1.017,-0.679,0
15402,-1.625,0.026,2.679,-1.006,1.815,1
19731,-0.011,1.34,-0.852,-0.624,0.806,0
27760,-0.055,0.521,0.605,0.386,-0.089,0
27686,-0.766,-0.701,0.837,0.645,-0.252,1
30313,0.623,-0.041,-0.666,-0.202,1.336,1
15883,-1.256,-1.179,0.587,-0.941,-0.103,1
23690,-0.62,-0.965,-1.39,0.764,-0.97,0
23579,1.081,-0.817,0.515,0.266,0.06,0
15254,-2.049,-0.559,1.354,0.5,-0.447,0
18473,1.198,-0.536,0.017,0.871,-0.181,1
29018,1.364,0.297,0.679,-0.53,1.189,1
18732,0.126,0.519,-0.487,0.411,-1.009,0
16031,1.745,-0.062,0.374,-0.53,0.335,0
31423,0.079,-1.027,-0.123,-1.354,-1.741,1
31164,0.127,2.055,-0.639,0.385,0.138,0
29684,-0.536,-0.907,0.362,0.469,0.52,0
21026,0.333,0.202,0.461,-1.442,-0.305,1
22284,0.07,-0.879,0.226,1.514,-1.416,1
25281,0.418,0.789,-0.286,-0.368,-0.922,0
20101,0.093,0.122,1.394,0.685,0.023,1
26798,0.688,-0.702,0.62,0.051,-1.396,1
24948,-0.491,-0.575,-1.54,0.906,-1.454,0
23320,-0.867,-0.862,-0.078,0.248,0.171,0
22321,1.254,0.396,-2.256,-1.142,0.526,0
13663,-1.401,-1.823,-1.179,0.595,1.044,0
17844,2.007,0.056,-0.847,1.279,0.239,1
29166,-0.151,0.697,-0.804,0.269,0.443,1
10851,-0.286,1.175,-0.628,-0.51,-0.207,1
20360,-0.623,0.313,-0.843,0.502,0.375,0
20841,-0.906,0.068,-0.306,0.075,-0.588,0
23542,0.589,-0.424,0.037,0.001,-0.706,0
28611,-1.035,0.587,0.802,-0.263,2.507,0
12627,0.787,0.603,-0.759,-0.954,-0.843,0
30350,0.278,-0.105,-0.334,-1.09,-1.465,1
23690,-0.25,-0.806,-0.134,-0.099,0.003,0
23024,-0.82,-0.914,0.77,-1.936,0.064,1
23616,1.445,-0.588,-0.517,-0.848,-0.743,1
17400,-0.731,-0.789,0.452,0.021,-0.701,1
31978,0.285,1.099,1.249,0.481,-0.62,1
14144,0.804,0.209,-0.354,0.894,-0.166,1
12331,-0.242,1.391,0.84,-0.362,0.031,0
29610,0.017,-0.365,-0.278,0.42,1.928,0
23727,-0.492,-0.399,1.054,-0.306,1.362,0
30535,-0.321,0.474,0.129,0.316,1.084,1
26132,-0.927,0.543,-0.317,-1.251,-0.987,1
28981,0.175,-0.224,0.576,0.849,1.212,0
20101,-0.425,-0.208,-0.19,0.991,0.9,0
22617,0.241,-0.019,-0.106,-1.245,-0.163,0
16438,0.648,0.986,0.691,0.15,1.263,1
27612,-0.789,-0.939,0.428,1.456,0.108,0
26021,0.628,-0.26,2.05,-0.792,-1.289,1
25466,1.996,-1.138,-0.274,2.162,1.3,1
14884,0.981,-1.363,0.306,0.289,0.033,1
23838,-0.715,0.707,-0.239,-0.395,0.406,0
17326,0.413,-0.637,-0.046,1.619,-1.322,0
24393,-1.829,-0.589,-0.822,-0.135,-0.717,0
17511,1.04,0.07,-1.368,-0.863,0.155,0
19028,-2.029,-0.767,-0.436,0.212,2.324,0
31460,-0.982,0.914,0.652,0.308,-0.106,0
11443,-0.218,-0.625,1.475,0.483,0.218,0
30868,-0.562,0.799,0.663,0.465,0.365,1
16549,-0.781,1.561,-0.812,-0.918,-1.177,0
29832,0.379,0.831,0.5,1.084,-0.598,0
13552,0.017,-0.451,-0.822,-0.204,-1.76,0
21877,-0.245,0.641,0.984,-1.099,0.321,1
26428,0.224,0.653,0.164,1.985,0.314,1
21396,-0.024,2.274,0.716,-0.795,0.515,0
30572,-0.111,0.52,-0.175,-0.034,1.306,1
25059,1.977,0.189,0.068,0.321,-1.066,1
28130,1.001,0.166,0.842,-0.014,0.581,1
20286,1.223,0.66,-0.729,0.976,-0.048,1
20656,0.212,-0.727,-0.815,-0.253,1.676,1
31682,-2.741,-0.647,-0.986,-0.284,0.203,0
27797,-1.124,-1.598,-0.964,0.796,1.297,0
10814,-2.167,2.523,0.563,0.278,0.956,0
14736,-0.232,1.06,-0.261,1.1,0.798,0
20915,1.536,-1.632,0.157,-1.056,-0.021,1
29092,-0.006,0.139,0.025,0.562,-0.612,1
20471,-0.761,0.079,0.033,-0.443,0.597,0
27612,0.795,-0.23,-0.554,0.188,0.245,0
20952,-0.823,-0.872,1.474,-0.127,-0.41,1
28685,0.027,1.534,-0.78,0.668,-0.64,1
16808,-1.751,0.518,-1.311,0.881,0.274,0
17252,-1.993,0.107,2.084,0.023,0.397,1
27797,-1.875,0.969,-0.266,2.422,0.001,0
19324,-0.864,0.642,0.68,0.29,2.422,0
12442,0.818,-1.643,0.058,0.776,-0.579,1
12553,-1.004,-1.32,-0.38,-1.748,0.054,0
32163,-0.841,-0.327,-0.63,1.648,-1.258,1
28537,-1.344,0.794,1.122,0.805,-1.324,0
30387,1.664,-0.473,0.525,0.121,1.53,1
15587,0.245,-1.567,0.533,-0.364,1.095,1
24097,-0.181,0.922,0.249,0.302,-0.578,1
20175,-0.796,0.299,-1.148,-0.85,0.774,1
14033,0.127,-0.794,-1.082,-0.914,0.611,0
23246,2.049,-0.282,-0.686,-0.447,0.168,1
20804,1.006,-0.473,-0.129,0.306,-0.295,0
20212,-0.382,0.318,-0.445,-1.333,-0.782,0
24430,-1.627,-0.983,1.325,-0.147,1.536,1
23135,0.545,-0.576,-1.454,-1.964,0.18,0
13959,0.826,0.306,0.674,2.192,-0.108,1
11184,-0.844,0.5,0.35,-1.134,-0.845,0
18214,-1.528,0.705,1.382,0.408,0.114,0
25244,0.678,0.117,0.463,-1.064,-0.546,0
13811,-0.614,0.222,1.311,0.557,0.216,0
25355,1.043,-0.677,-0.941,-0.795,-1.131,0
21285,0.119,1.931,-1.845,1.191,0.467,0
18325,1.249,-0.095,-0.976,-0.048,1.025,1
12257,0.611,0.666,-0.824,1.709,-2.254,0
19361,1.735,1.158,0.419,-0.398,-0.39,1
17844,0.748,-0.382,1.583,0.772,1.24,1
27945,-1.02,1.351,-0.725,0.074,0.249,0
16216,-0.123,0.338,-1.943,-0.179,0.54,0
25577,1.693,0.032,-2.383,1.051,0.332,1
31534,0.765,0.029,-1.037,1.029,1.434,0
16808,-1.2,-0.914,-0.224,-0.453,0.703,1
25318,0.104,0.401,0.346,-0.557,-0.244,0
25836,1.25,-0.647,0.913,-1.785,2.79,1
10851,-1.406,1.047,-0.634,-1.74,0.084,0
27649,0.263,-0.904,0.725,0.138,2.115,1
29869,-0.551,-0.575,-0.693,-0.067,-1.185,0
16253,1.642,0.115,-0.484,-0.14,-0.801,1
20878,-0.14,-0.978,0.929,-1.568,-1.006,1
29980,0.242,-0.892,-0.422,0.995,-0.777,1
16253,0.698,-0.848,0.563,1.72,-1.958,1
18029,0.466,-0.045,-0.155,-0.241,1.688,1
11850,0.707,0.281,-0.31,-0.678,-0.402,1
30128,-0.86,-0.66,-1.375,1.823,0.033,0
19065,0.811,1.573,0.514,-1.203,0.257,1
13737,-0.906,-0.76,-1.196,-0.466,2.383,1
27686,1.429,1.439,-0.375,0.126,1.124,1
28426,-1.037,-0.103,-1.748,0.629,-0.44,1
24430,2.094,0.024,0.337,1.065,0.782,1
22395,0.838,-0.577,0.232,-1.333,1.243,1
29499,-1.062,1.652,-0.914,2.184,-1.23,1
29536,-1.614,-0.016,0.715,-1.752,0.12,0
29980,1.07,-0.879,0.447,-0.548,-1.058,1
22099,-0.602,0.061,-0.507,0.906,0.114,0
27131,1.156,-1.346,-0.009,-1.15,1.531,1
26983,-0.247,0.039,1.446,2.081,0.428,1
15254,-0.305,0.541,0.59,-0.694,0.23,0
31978,0.134,-1.759,0.321,0.506,-2.283,1
11850,0.232,0.933,0.545,0.083,0.141,1
22173,-1.313,-0.205,-0.125,0.691,-2.516,0
13367,0.86,-1.016,1.557,1.3,-0.61,1
12405,-0.258,0.64,-0.289,0.116,0.788,1
16142,-0.396,2.106,-0.355,-0.249,-0.305,0
19768,-2.246,0.097,-1.022,0.997,-2.194,1
11665,0.245,0.176,0.044,0.62,-0.412,1
14921,0.315,-0.698,0.053,-0.038,0.272,1
19842,0.261,0.652,0.227,-0.856,0.615,1
11369,-1.407,1.109,-1.447,-0.081,-0.68,0
10296,0.364,-1.1,0.848,0.903,0.448,0
31201,-0.598,1.265,-2.29,-0.518,0.673,0
13737,-1.41,0.825,0.367,0.109,-1.25,0
19435,0.516,0.492,-1.685,0.426,-0.306,0
31608,0.63,-1.16,1.528,0.995,-0.422,1
15476,-0.119,0.91,0.773,-0.688,0.283,1
11628,-1.369,0.84,0.079,1.091,-1.071,1
25688,-0.68,0.168,0.521,1.221,0.884,0
17437,-0.21,-0.043,0.907,-2.057,-1.681,1
15328,-1.252,-0.264,2.156,0.88,-1.184,1
28093,0.583,0.45,0.611,-0.711,0.194,1
13922,-1.459,0.467,-2.027,-1.668,1.523,0
23912,-0.597,0.087,-0.748,1.125,-1.268,1
12220,-1.735,1.599,-0.142,-0.145,0.146,0
18288,-1.494,0.177,0.464,0.159,-1.383,1
19620,0.964,-0.315,-0.619,0.497,0.366,1
23172,-0.482,0.321,0.538,-0.26,-0.813,1
13922,-0.318,-1.271,1.044,-0.17,1.215,1
30498,-0.453,-1.549,-0.077,0.958,-0.629,0
31349,0.222,-0.453,-0.755,0.429,1.254,1
26280,0.554,-0.563,-0.542,-1.319,0.512,1
23098,-0.341,-0.587,-0.082,0.136,0.84,0
18288,0.752,-0.555,-1.341,0.09,-0.808,1
16105,0.251,0.866,-0.202,-1.306,-1.321,1
24837,1.651,0.497,0.77,1.2,0.441,1
25984,0.64,0.18,0.483,-0.137,-0.028,0
25836,-0.327,-0.774,0.62,1.82,-0.33,0
23875,0.739,0.695,0.326,1.054,0.656,1
17289,0.115,0.953,2.916,-1.367,0.478,0
24911,-1.143,-1.103,-0.512,2.265,0.169,0
23024,-0.5,1.121,-0.806,0.382,2.224,0
26132,0.185,-0.987,-1.877,1.452,1.983,1
13219,0.529,0.076,-0.145,-0.581,1.253,1
20915,-1.681,-1.106,-0.312,0.51,-1.538,0
19546,0.572,0.352,-0.562,-0.982,-0.294,0
12516,0.429,0.758,-1.195,1.301,-0.192,1
15513,1.155,-0.478,-1.401,-0.274,0.451,1
21914,-1.251,-1.186,-0.079,-0.418,0.121,0
22210,-0.548,1.809,1.101,-0.235,0.45,0
22247,-0.492,0.59,-0.748,0.779,0.513,0
19287,0.918,1.135,-0.736,0.765,1.204,0
16475,-1.289,0.653,1.606,0.528,0.531,0
16660,0.66,1.009,-1.111,0.557,-1.203,0
12294,0.113,0.605,1.641,-0.407,1.572,0
15587,2.707,-0.453,0.166,-0.222,-0.411,1
11332,1.146,1.081,-1.104,-0.107,2.336,1
14329,-0.558,1.683,-0.331,-0.626,-0.217,0
15328,0.696,2.387,1.548,1.128,-0.873,0
13848,0.545,-1.109,-0.626,-1.491,-0.332,1
22728,0.809,0.981,-1.657,-0.371,0.527,0
16808,-1.423,-1.576,-1.409,-2.209,-0.328,1
14810,-1.344,0.036,0.37,-0.458,0.032,0
22950,1.105,1.283,0.095,-0.289,-1.071,0
22358,1.228,-0.327,1.063,-0.661,1.102,1
22099,-0.405,-0.294,1.167,1.607,-1.008,0
13293,0.392,-0.66,0.302,-0.455,-1.717,0
17659,0.09,0.153,-1.403,1.465,-1.743,1
18695,0.02,0.203,0.538,-0.113,-1.214,0
24763,-1.432,-0.195,1.118,1.027,-0.175,1
32052,0.305,0.565,1.672,1.331,0.109,0
22395,-1.486,-0.836,0.702,-0.879,0.206,1
20027,2.686,-0.941,-1.325,-0.464,0.267,1
20434,1.344,0.781,1.664,-0.294,-0.578,1
30831,1.711,0.443,0.984,2.067,2.131,1
11591,1.162,1.129,-0.782,0.754,-2.011,1
24911,2.156,1.125,-0.309,-0.916,-0.6,1
24467,0.004,0.956,0.397,-1.269,0.304,0
21692,-1.671,1.591,-0.798,-0.508,1.36,1
19250,0.184,-1.416,-0.68,0.372,-1.043,1
30683,-0.688,-1.745,1.464,-1.576,1.385,0
10518,1.209,-0.586,-0.568,-0.513,0.22,1
23912,1.311,0.229,-1.454,-0.322,-0.686,0
18140,-0.848,-0.487,0.483,-1.39,1.214,1
19694,0.401,0.402,-2.132,-0.453,1.149,0
10814,0.662,1.245,0.068,-0.626,1.078,1
31904,1.164,0.249,-0.705,0.023,-1.039,0
10370,0.277,0.258,1.555,0.742,-0.5,1
23098,-0.068,1.126,-0.623,-0.132,-0.085,1
11702,0.136,-1.564,-0.826,0.916,-0.111,1
15994,-0.164,0.15,-0.506,-0.963,1.062,1
21914,-0.489,-1.056,0.363,-0.2,0.277,0
24615,-0.342,1.786,0.918,0.095,0.189,1
21877,-1.224,-0.717,-0.158,0.702,-0.101,0
12072,0.439,0.648,0.767,-0.578,1.107,0
13626,0.947,0.574,-1.635,-0.32,-1.715,0
17918,-1.183,2.11,-0.082,1.599,0.506,0
15661,0.362,0.631,-0.171,0.331,-0.284,0
16216,-0.025,0.495,-0.348,0.631,-1.232,0
15809,-0.146,-0.113,-1.854,0.656,-0.651,1
27649,-2.154,0.581,0.094,-0.151,0.971,1
10222,1.079,-1.431,-0.717,-0.058,-0.373,1
14144,0.56,1.127,-1.415,0.92,0.614,0
21433,-0.366,1.165,1.263,0.516,-0.202,1
17326,-0.412,0.045,0.09,0.275,0.101,1
25836,-0.363,-2.175,0.443,0.858,0.698,1
25429,1.323,0.732,-2.176,-0.445,-1.382,0
15587,-0.593,1.237,0.887,0.806,0.312,0
27131,0.178,-0.298,0.587,2.563,-2.621,1
14995,-0.92,3.001,-1.054,0.823,-0.926,0
17955,-0.811,1.492,-0.271,0.585,-0.148,1
21766,1.249,0.683,1.4,0.222,-1.896,0
24430,0.923,1.279,0.872,-0.549,-0.586,1
18769,0.743,-0.965,-0.108,-0.204,0.817,1
31904,0.734,-1.038,-2.149,-0.104,-0.527,1
16031,-2.095,-1.664,-1.661,-0.003,-0.101,0
22469,-0.162,0.253,-0.578,1.737,-0.534,0
13737,0.748,-1.615,0.739,1.842,0.909,1
25096,1.323,-0.171,1.129,0.618,-0.155,1
19435,2.33,-1.163,-2.053,1.474,0.127,0
28278,1.825,-0.9,0.06,1.731,-0.624,1
30979,1.971,-2.661,-0.969,0.598,-1.529,1
29684,-0.815,0.537,-1.164,1.474,0.929,0
14477,-0.395,1.951,-0.908,0.751,0.507,1
23949,-1.1,-0.661,0.322,-1.755,-1.377,1
26021,-0.442,-0.141,1.643,-1.171,-1.177,1
13145,-1.012,0.559,-1.084,-0.562,-1.379,0
10518,1.484,0.34,-0.386,-0.869,0.729,1
32163,-1.582,0.967,0.531,1.532,0.101,0
22284,0.722,-1.136,0.567,-1.937,-1.047,0
12072,-0.889,1.571,2.603,0.058,0.205,0
14329,-0.029,0.798,0.045,1.952,1.284,0
30646,0.536,-1.653,-0.814,-0.456,-0.945,0
17585,0.763,0.109,1.083,0.266,-0.211,0
31978,-0.778,0.905,0.845,0.893,0.412,0
10370,0.407,1.598,-0.401,0.547,0.593,0
21840,-0.254,-0.894,0.756,0.563,0.128,1
28648,0.602,2.607,1.46,1.017,0.022,1
16808,-1.538,-0.645,-0.298,1.687,-0.457,0
18066,0.61,-0.332,-0.089,-2.286,1.451,1
15106,0.542,-1.228,-1.519,-0.432,-0.112,1
14033,-0.712,-2.147,-0.946,0.082,-2.233,1
11221,-0.315,-1.178,0.032,-1.139,-1.641,1
15883,0.195,1.373,-0.82,0.873,-0.951,1
26169,0.518,-0.279,-0.102,-0.779,0.375,0
28870,0.719,-0.695,-0.787,-2.299,-0.475,0
21581,2.811,-1.384,-0.351,-1.079,-0.418,1
13145,-1.459,0.475,-1.29,1.641,-0.435,0
11147,1.369,-0.755,0.518,-0.297,-0.638,1
16993,-0.199,0.21,-0.016,-1.741,-0.215,0
21285,-2.185,-1.198,0.719,1.545,1.129,1
22321,-0.463,0.089,-0.778,0.415,0.239,0
11295,0.061,1.444,0.092,1.513,-2.35,0
12072,-0.449,3.077,1.051,0.995,-1.484,0
29536,-0.75,0.992,0.562,-0.046,0.441,0
25133,-0.821,0.477,-0.979,0.433,-0.449,0
25392,-0.606,1.207,-0.791,1.885,0.53,0
16697,-0.504,0.199,0.094,-0.239,-1.764,0
30609,0.48,-0.603,-0.376,-1.106,-0.789,0
24245,0.118,-0.298,-0.205,0.449,-1.496,1
22543,-0.318,0.52,-0.467,-1.045,-0.091,1
23024,1.683,1.531,-0.387,0.342,0.832,0
10925,0.282,-1.274,-1.103,0.187,-0.912,0
24097,2.435,-1.336,-1.076,-1.613,-0.603,1
20989,0.74,-0.519,-1.531,-1.523,-0.148,0
23320,-0.466,2.53,-0.089,-1.258,-1.283,0
23283,-0.442,-0.823,0.547,0.665,-2.59,0
11184,0.392,0.825,0.536,1.352,-0.94,1
24985,-0.072,-0.49,1.652,-0.658,0.93,1
12590,0.362,-1.588,-0.804,1.481,0.88,0
13663,-0.758,-1.162,0.323,0.521,1.334,0
12368,1.092,0.113,1.312,1.235,0.283,1
15476,0.755,1.491,-1.027,1.041,0.783,1
20249,1.579,0.782,-1.146,-0.96,-1.726,1
10888,1.298,0.016,-1.534,0.442,-0.113,1
10888,-0.235,-0.483,1.98,0.855,-0.665,0
28130,-0.864,1.298,-1.175,1.169,0.698,0
24726,0.013,0.413,-0.042,-0.046,1.71,1
12405,1.194,-1.575,0.222,-1.238,-0.304,0
14847,0.343,1.721,1.482,-0.029,0.761,1
12146,-0.779,0.546,-0.463,0.367,-1.878,0
12035,0.484,0.217,1.49,0.997,0.077,0
22210,-1.616,-0.105,0.758,0.706,-0.333,0
27723,-0.133,1.757,-0.783,-0.265,0.423,0
28944,0.597,0.191,-0.987,-0.394,-0.163,0
16734,1.686,-0.736,0.029,-0.561,0.206,1
10666,0.824,3.014,-0.18,1.127,-0.639,0
23431,-1.194,-1.921,1.292,-0.677,0.044,0
21063,1.17,-0.566,0.112,-0.089,0.904,1
30017,-1.533,-2.113,-0.421,1.187,0.68,0
27279,-1.477,-0.704,0.183,-0.175,-0.57,0
28204,0.233,0.064,-1.755,0.836,0.712,1
26872,-0.215,1.846,1.279,0.389,0.096,1
24282,0.784,-0.411,-0.292,0.655,-0.463,1
31349,-0.454,0.253,0.989,-1.445,2.343,1
29092,0.802,-0.353,-1.243,-2.091,0.463,1
19620,0.577,-1.644,0.74,-0.137,0.073,1
24689,-0.149,-2.506,0.21,-0.289,-0.815,1
19065,0.943,0.882,0.084,0.658,0.652,0
17104,0.918,0.534,2.069,-1.094,-1.326,1
29462,2.045,-0.638,-0.723,-0.057,0.691,1
30313,0.268,0.376,1.708,1.06,-1.066,0
11554,-0.973,-2.806,1.194,0.71,-2.128,0
21655,0.444,0.318,-0.126,0.417,-0.687,0
32089,-0.217,-1.405,1.187,-0.085,1.413,1
19916,0.373,-0.304,-0.927,0.598,-1.324,0
16031,-1.49,-0.073,0.604,-0.44,0.176,0
19879,1.387,0.937,-0.768,-0.218,-0.253,1
23357,-0.207,-0.015,0.006,0.658,-0.255,1
26761,-0.627,-0.106,0.676,0.012,0.311,0
29573,0.006,0.395,0.138,-1.471,-0.25,0
20656,1.221,-0.043,-0.81,1.5,-1.034,0
15402,0.367,0.036,1.975,-1.262,0.715,1
10666,-1.949,0.636,-1.654,-0.807,-0.171,0
24763,-1.005,0.688,-0.844,1.043,1.527,0
13330,1.116,0.148,-0.532,0.306,0.424,0
32163,0.536,1.188,0.588,-0.687,-1.407,0
11924,-1.4,-0.504,0.503,-0.216,1.198,0
17844,0.436,-0.711,-0.183,-0.25,1.213,1
10777,2.053,-1.472,-0.344,-2.198,0.015,1
25910,-0.643,-0.144,0.827,-1.624,-0.953,0
26243,-0.878,0.197,-0.222,-0.262,0.884,1
29795,0.745,1.172,0.006,0.341,1.233,1
13256,0.645,-1.066,0.171,1.416,0.215,0
30424,1.349,0.596,0.976,1.066,1.185,1
21840,-0.066,-1.123,1.34,-0.571,0.692,0
13996,1.498,-1.027,1.109,0.189,-0.283,1
31867,-0.191,-0.816,0.037,-1.291,-0.039,0
17659,-0.572,-0.156,0.069,0.515,-0.545,0
28093,-0.389,-0.81,-2.72,-0.59,1.648,1
21137,-0.104,0.288,-1.051,0.991,0.608,1
22358,1.036,-0.936,-1.163,-0.139,-0.856,0
16438,-1.53,2.313,-2.819,-0.89,0.97,0
15254,0.342,2.042,0.922,-0.815,0.39,1
31904,0.853,0.542,0.175,1.153,-0.47,1
25836,0.064,-0.818,-1.65,1.059,-0.161,0
15439,-2.814,-0.395,0.269,-0.256,-0.428,0
23283,-0.063,-0.383,-1.092,0.644,0.813,0
13071,-1.187,-1.657,0.14,-1.462,0.736,1
17585,0.223,-0.001,-0.727,0.575,-0.557,1
13404,-1.361,1.142,-1.454,-1.578,-0.29,0
20249,-1.313,1.077,-0.124,0.577,0.102,0
17363,0.81,0.208,-0.019,-0.332,-2.14,0
27538,0.489,0.781,-1.234,-1.173,-0.061,1
25836,2.308,0.348,-0.437,0.533,0.589,0
14181,-1.902,2.209,-0.284,-0.304,0.062,0
10370,-1.532,-0.111,0.602,1.038,-0.472,0
12109,1.424,0.921,-1.03,-0.198,0.24,1
11702,0.014,0.35,0.801,-0.043,0.713,1
11295,0.355,0.766,0.596,0.436,-0.022,1
29499,-2.39,0.631,-0.139,1.324,-2.139,0
29499,-0.234,-0.283,-1.086,0.762,1.004,1
28093,0.811,-0.125,-0.829,-0.4,1.523,0
26169,-0.431,0.231,-0.296,-1.386,-0.562,1
24060,0.845,-0.713,-0.143,-1.492,-0.566,0
22913,-1.443,0.208,-0.808,-1.456,-0.125,1
28944,-0.708,0.566,-0.642,-2.163,-0.288,1
10444,1.033,0.083,0.016,-0.846,1.721,0
27501,-0.246,1.273,0.162,0.247,0.089,0
25244,-0.302,1.203,-0.935,-1.025,0.542,0
10185,1.993,-1.384,0.87,-0.063,-0.95,1
13108,1.619,1.853,-0.165,2.538,0.168,1
29980,0.897,-1.031,-0.511,1.961,-0.075,1
13922,0.314,0.134,-1.462,0.635,0.282,1
27131,0.571,0.874,0.835,-0.325,2.319,1
26428,-0.462,1.019,0.733,-1.294,-0.135,1
20989,-1.107,-1.112,-0.831,-0.362,0.805,0
10333,1.006,-0.54,-0.075,2.025,0.195,1
14588,1.405,-0.111,-1.432,0.097,-0.425,1
21655,-2.028,0.23,-0.092,-0.408,0.9,0
18621,-0.124,-1.551,-0.909,-0.376,0.723,0
11073,0.961,-1.492,0.941,-1.439,0.369,1
15735,0.975,-0.464,0.329,-0.381,0.388,1
19916,0.523,-0.295,-0.339,0.788,-2.048,0
31497,0.666,0.718,-0.442,1.91,1.342,1
10592,-0.364,-0.004,1.507,0.197,1.11,0
29980,-0.655,-0.417,0.655,2.298,-1.291,1
23875,0.161,-0.552,1.752,-1.882,0.652,0
11887,0.562,-0.83,-0.795,0.434,1.193,1
30054,0.655,-0.556,-0.09,2.025,-0.588,1
18029,-0.694,-0.199,-2.226,-1.351,-1.786,0
15846,1.159,-0.951,0.438,0.566,0.497,1
23542,0.46,-1.884,-1.527,-0.376,-1.077,0
12294,0.12,1.941,-1.17,-2.003,-0.661,1
28167,-1.013,0.445,0.769,-0.694,-1.532,1
23357,-0.552,0.176,-0.668,-1.146,1.045,0
22025,0.934,0.428,-0.677,1.255,1.306,1
17067,0.797,-0.43,0.483,0.503,-2.567,1
17252,-1.57,0.117,0.825,0.809,0.125,1
11665,0.309,0.867,-0.986,1.623,-0.551,0
23727,0.359,0.408,0.925,0.35,0.157,1
10037,-0.549,-0.808,0.617,0.687,0.648,0
10185,0.165,0.968,-0.458,-0.419,0.749,0
30905,0.66,-0.2,1.418,0.124,-0.674,0
20323,-0.613,0.591,-1.31,1.655,0.082,0
31312,-0.134,0.97,1.485,-2.268,1.088,1
30572,0.625,0.369,-0.505,-1.188,-2.263,0
26650,0.577,0.067,-0.823,-2.022,0.728,0
21211,0.515,0.321,-1.047,-0.779,-0.13,1
24726,-1.424,0.212,-0.099,-0.11,0.867,0
12257,0.195,0.217,0.274,-0.888,0.739,0
13182,0.086,-1.104,-0.223,0.513,-0.11,1
26872,0.529,-0.705,1.111,1.024,-0.387,1
22987,0.505,0.519,-0.24,-0.845,-0.265,1
13478,-0.8,-0.193,0.129,1.061,-0.416,1
10555,0.023,0.189,1.02,-1.012,0.729,1
11221,-0.511,-0.094,1.032,-1.062,-0.267,0
20286,0.558,1.532,-1.694,-0.461,0.715,1
24948,0.12,-1.985,-0.457,1.781,0.835,1
20138,0.233,2.104,-0.137,-0.988,-1.678,0
12812,-2.302,1.347,-0.113,1.124,0.449,0
30276,0.498,1.089,1.936,0.724,0.913,1
16808,-0.094,-2.814,0.789,-0.055,-0.648,1
20989,0.973,-1.657,0.257,-0.83,-1.346,0
19916,-0.591,0.207,3.232,-0.016,2.211,1
23986,0.464,0.974,-0.662,1.183,1.066,0
14958,0.141,1.828,0.262,-3.116,0.652,1
31386,0.799,0.082,1.619,0.607,0.495,0
30646,1.021,0.286,0.401,-2.642,-0.593,1
23505,-0.159,-1.11,0.37,-1.159,0.053,1
12331,0.806,0.472,-1.89,-0.76,-1.345,1
28167,-0.01,-0.43,1.478,0.362,-1.306,1
28019,0.959,0.761,-0.113,0.541,-0.595,1
29573,-1.235,1.612,1.841,-0.625,-2.884,0
19398,-0.074,1.68,-0.331,-2.473,-0.654,0
30091,0.85,-2.601,-0.169,0.111,-0.902,0
15180,0.152,-1.018,-0.853,1.128,1.097,1
23912,1.576,0.112,0.513,0.29,-0.212,1
20138,-1.051,0.166,-0.368,0.698,0.481,0
19398,0.318,1.166,-2.167,0.011,-1.651,0
29166,-0.092,0.592,0.449,1.684,-1.394,0
20323,1.203,-1.277,-1.398,-0.379,-1.021,0
28870,-1.308,-0.979,-0.114,0.491,0.253,0
16586,0.081,-0.723,0.076,0.923,0.091,1
31164,-0.232,0.346,-0.768,0.771,-2.17,0
31904,-0.994,-0.661,1.326,0.839,0.306,1
13404,-0.424,-0.657,2.254,-0.063,-0.663,1
28204,0.04,1.052,-1.093,0.148,-0.409,1
12479,1.583,1.214,0.106,0.007,0.654,1
29129,0.879,-0.152,-0.218,1.173,-0.235,0
10407,0.519,0.821,-2.114,1.543,1.423,1
18066,0.63,0.86,0.184,-1.274,-1.038,0
17659,0.164,-1.131,-0.442,-0.912,1.598,0
17252,-1.557,-0.21,-0.902,-0.641,-0.373,0
12257,0.691,-1.197,0.075,-1.077,-0.049,0
13404,0.699,1.242,-0.793,0.914,0.922,0
13330,-0.623,-0.421,0.081,0.808,0.912,0
21507,0.854,0.217,1.209,-1.777,0.618,0
22839,-0.845,1.442,-1.139,0.324,1.681,0
27834,2.334,0.688,-0.152,0.19,-0.235,0
13885,-1.499,-0.976,0.025,-1.076,0.793,0
25022,-0.296,-0.809,1.564,0.254,-0.784,0
10444,-0.661,-1.722,0.616,0.624,1.049,1
12812,2.425,-2.516,-1.409,0.479,-1.102,1
27020,0.236,1.937,-0.99,0.349,-1.06,0
13404,-0.158,-0.783,1.231,1.569,0.519,1
30979,0.098,-0.402,0.245,-0.225,0.26,1
17992,-0.181,2.27,-0.267,-0.272,0.88,0
15291,-1.279,0.734,0.219,0.54,-0.085,1
20952,0.081,1.553,-0.738,-0.563,-1.075,0
22210,2.363,-2.089,0.447,-0.057,-0.577,1
25059,3.057,0.476,0.595,-0.439,-0.671,1
23468,0.353,-0.722,0.869,-0.21,1.564,1
12590,0.555,0.2,0.354,0.622,-0.637,0
25059,-1.051,1.369,0.813,0.481,0.945,1
22432,1.735,-1.128,0.246,0.224,0.723,1
24393,-0.533,-0.901,0.99,0.216,0.378,0
12035,-0.329,-0.576,-0.812,0.403,-0.746,0
21655,-0.266,0.332,-0.839,-0.527,-0.525,0
10999,0.065,-0.778,1.612,0.993,0.556,1
26835,0.877,0.742,-0.25,0.044,-2.491,0
27908,-2.091,-1.564,-0.667,-0.729,-1.471,0
29055,1.476,1.229,0.379,1.097,1.225,1
10148,0.069,-0.314,0.148,-0.171,-3.151,0
25170,0.762,-0.932,0.536,0.631,0.413,1
16142,0.318,0.891,-0.471,1.591,0.572,0
28500,-1.562,1.33,-0.866,-1.806,1.608,0
13663,1.591,2.104,-0.262,0.447,1.966,1
18140,-0.716,0.978,-1.38,0.744,-0.935,0
14995,-0.732,0.318,-0.702,0.039,-0.854,0
12220,-0.053,-1.047,-0.204,0.063,0.803,0
31534,0.533,-0.362,-0.156,0.699,0.408,0
30350,-0.305,0.915,1.791,0.496,1.672,1
12997,0.836,0.421,0.109,-0.08,1.02,1
23912,0.094,0.925,0.917,-1.775,1.035,1
27760,-1.496,-0.629,0.696,-0.472,-0.909,0
27945,2.844,1.013,0.603,-0.166,0.324,0
28870,0.334,0.555,1.253,-0.033,-0.071,1
21581,-0.449,0.258,-0.341,0.042,0.209,0
20323,-1.63,1.685,-0.239,0.631,0.112,0
20952,0.826,0.88,-1.383,-0.432,-0.532,0
24208,-1.387,0.425,-0.727,-1.046,-1.321,1
25577,0.424,-0.295,1.124,-0.338,1.203,1
26983,-2.101,1.036,0.545,-0.74,0.171,0
28056,0.556,0.94,-0.765,0.268,-1.116,0
16216,0.576,0.207,-0.691,2.211,-0.353,0
29240,-0.09,-0.467,-0.262,0.882,-1.719,0
26687,0.079,-0.526,0.843,-1.465,-1.411,0
16993,-1.173,1.781,-0.536,-0.485,1.45,0
20064,-0.372,-0.79,-0.985,-0.824,1.198,0
14329,2.295,1.391,1.017,-0.611,1.058,1
14366,1.067,0.419,0.234,0.44,-0.089,0
19250,-1.666,0.744,0.173,0.714,0.928,0
29166,1.744,1.948,1.511,-0.633,-0.368,1
17141,-0.521,-0.987,-0.499,0.09,-2.121,0
19176,-0.132,-0.525,0.82,0.43,-1.451,1
17955,0.971,-1.397,1.083,0.626,0.767,1
10925,-0.217,0.121,1.763,1.111,-0.687,0
30720,0.243,-2.217,-1.857,0.446,-0.286,0
26021,-0.881,-1.352,0.233,-0.883,1.06,1
15365,-1.133,-0.16,0.375,-0.644,0.069,0
30054,-0.141,-0.413,0.468,-0.972,0.239,0
20841,0.142,-0.408,0.283,-1.776,-2.208,0
29721,0.303,-0.866,-2.071,0.773,-0.307,0
28981,0.185,1.209,0.055,-0.495,0.619,0
28722,-1.036,-0.519,-0.127,-0.257,1.528,1
15217,-0.877,-0.986,-0.471,0.164,2.212,1
31201,-0.14,-0.659,1.238,-1.425,-0.651,0
29203,0.972,-0.428,-2.175,0.103,0.167,1
29129,-0.918,0.146,0.568,0.69,0.084,0
24393,0.079,-0.061,-0.858,1.965,-0.97,1
21174,1.641,-2.264,1.176,-0.717,1.34,1
28537,-0.142,0.798,-2.01,1.84,1.242,0
23912,0.924,0.291,-1.007,-0.842,-0.964,0
19694,-0.586,1.169,1.114,-1.013,1.49,1
19361,0.745,0.275,0.292,-1.984,-0.464,1
14810,0.788,-0.312,-2.53,-2.949,1.62,0
27723,-1.997,0.297,-0.683,-0.299,2.051,1
28537,0.931,1.881,0.769,0.85,0.537,0
11332,1.243,-0.118,-0.236,0.778,-1.424,0
10740,-0.706,0.553,0.962,0.99,-0.559,0
12368,0.041,-0.032,-0.878,1.926,0.452,0
28648,0.045,-0.209,-1.804,-0.398,-1.275,1
26206,0.75,-1.039,-0.479,1.193,0.083,0
13774,1.043,-0.34,0.633,-0.813,-0.063,0
28500,-1.408,-0.147,0.41,-0.357,0.913,0
17548,-0.279,0.832,0.798,1.031,2.289,1
26206,0.85,0.592,1.574,-0.86,0.483,1
24467,-0.143,0.966,-1.098,-0.635,2.748,1
15846,0.947,-0.651,-0.342,-0.183,-1.416,0
20138,0.049,0.524,0.951,-0.276,0.861,0
16364,-2.122,0.436,0.348,0.22,-0.238,0
14255,0.464,-0.526,-1.38,0.377,-0.161,0
14995,-0.643,0.623,-0.568,-0.701,0.724,0
15513,0.637,-1.221,-0.787,1.267,-0.795,1
13700,-1.353,-0.753,-1.669,-0.056,-0.608,0
27797,0.651,-0.018,0.5,-0.807,0.558,0
12220,-0.501,-1.427,-0.807,0.892,-0.973,1
22432,-0.474,-0.85,0.356,-2.21,0.251,0
23468,-1.567,-1.307,0.543,1.866,-0.876,1
28130,-1.37,0.481,-0.38,-1.219,1.483,0
20471,-0.057,0.562,-1.327,0.527,-2.518,1
16216,1.315,0.909,0.577,0.178,0.594,0
28204,-0.034,-0.72,-1.468,0.838,-0.528,0
14292,-1.191,-0.437,-1.011,0.411,-0.008,1
26983,0.781,0.461,-0.658,-0.062,0.075,1
13478,-0.33,0.578,1.01,-0.357,0.953,1
12627,-1.135,-2.025,0.435,0.632,0.494,0
15809,-0.594,0.121,0.138,-0.592,-1.264,1
16142,-1.199,-0.459,-0.647,0.623,-0.058,0
16068,-1.018,-1.011,-1.234,-0.468,-0.644,1
15772,-0.086,-0.435,0.596,-1.477,-0.131,0
31978,0.053,-0.458,-0.789,-1.58,-0.089,0
21433,-0.231,-0.511,-0.289,-0.196,-0.652,0
20915,-0.998,0.247,0.792,0.15,0.093,0
18510,0.254,0.185,-0.63,0.152,-1.718,0
19028,0.101,-0.126,-0.852,-1.03,-1.254,1
28093,-0.218,0.692,-2.066,-0.786,0.036,0
20804,0.072,2.068,0.957,1.952,0.656,1
13441,-0.112,0.932,1.499,0.477,2.134,1
25170,-0.495,0.748,0.335,0.395,-0.62,0
18584,0.049,-1.499,0.232,-0.955,0.111,1
26169,0.657,1.698,-0.953,-2.514,1.142,0
22876,0.194,0.508,0.005,-1.191,-0.366,0
10999,-0.076,-0.607,-0.782,0.836,-1.047,0
15809,-0.06,-0.045,-0.817,-1.981,-0.683,1
13922,1.814,-0.135,-1.001,1.246,0.023,1
10999,0.722,0.988,0.652,-0.612,-0.868,0
18732,0.635,-0.187,0.857,-0.207,0.268,0
13441,0.184,0.606,0.349,-0.625,2.305,0
22284,0.437,0.883,1.399,1.218,0.24,0
14514,-0.015,0.136,1.921,-0.927,-0.709,1
20138,-1.511,0.874,0.258,1.397,-0.986,0
18103,0.409,0.283,0.589,-0.647,-1.695,1
16586,0.885,0.245,0.462,-1.991,0.514,1
26983,-1.032,0.525,0.562,0.599,-0.78,0
22136,-1.015,0.222,-0.117,1.291,-0.047,1
10481,-0.177,0.44,-1.02,-0.317,-0.132,1
19805,1.464,0.107,0.754,-0.436,0.561,0
21877,-0.754,1.108,-0.85,0.902,-0.522,0
17215,0.025,0.661,0.839,-0.243,1.037,0
17067,0.135,-0.247,0.865,1.16,0.298,0
23616,-1.653,-0.211,-1.803,1.361,-0.172,1
29758,0.33,0.247,1.055,0.079,-0.599,0
18510,0.405,1.023,0.199,0.004,-0.054,1
24578,0.153,0.13,0.824,1.641,-0.713,0
31238,-0.004,1.111,-1.658,1.706,0.313,0
28500,0.649,-0.24,0.96,0.317,0.321,1
18806,-0.048,0.109,-1.176,0.152,-1.327,1
16512,0.061,1.368,-0.026,0.727,-0.371,0
14921,-1.563,1.811,-0.214,-0.501,-0.919,0
28537,0.376,-2.127,-0.709,-0.767,1.92,0
11813,-0.606,0.31,0.822,0.626,-0.098,0
19953,-0.665,0.263,0.777,-0.494,-0.743,1
30091,-1.862,-1.427,1.616,-0.1,-1.679,0
19916,-2.639,1.065,-0.051,0.441,-0.946,0
31793,-0.861,0.243,0.161,-0.69,0.894,1
19657,-2.725,-1.164,-0.093,0.315,-1.158,0
15698,1.347,0.355,-0.079,-1.016,-0.012,1
25207,-0.95,-0.869,0.003,0.051,0.049,1
29610,0.881,-1.349,-0.193,-0.296,0.512,1
17659,1.194,0.145,-1.129,1.288,1.378,1
19657,0.548,-0.807,0.389,-0.32,0.753,1
18732,-1.383,0.4,-0.577,1.584,-0.952,0
17067,-0.579,0.482,0.533,-0.591,0.398,0
14255,0.353,1.503,-1.526,1.798,-0.74,0
21877,0.154,-0.014,-0.591,-1.062,0.065,1
20101,-0.339,0.897,0.446,0.52,-0.859,1
11665,0.619,-0.701,-0.016,-0.333,-0.805,0
22469,0.769,0.157,-0.748,0.761,1.865,1
20582,0.322,-0.628,1.579,-0.214,0.484,1
11702,-0.447,0.181,0.285,-0.633,1.003,0
12257,-1.161,-0.985,-0.672,0.802,-0.955,0
16438,-1.549,-0.195,0.451,-0.325,-0.808,0
11036,-0.034,-0.149,-0.259,-0.368,-1.404,0
25725,-0.997,1.805,0.399,1.016,2.452,1
27279,1.057,-0.175,-0.4,0.76,-0.274,1
18769,0.44,-0.495,-1.306,0.523,1.418,1
20730,-0.228,0.899,0.596,-0.033,0.543,1
25318,-0.732,0.731,1.047,-0.292,0.358,0
26058,0.104,-0.647,0.265,0.827,-1.261,1
20360,-0.126,0.966,-0.043,-0.065,0.539,1
16364,-0.561,0.691,0.666,-0.462,-0.348,0
28278,0.475,-0.801,0.114,-0.57,-1.205,1
21988,-1.233,0.567,-0.041,0.652,0.25,1
16438,0.427,0.601,0.107,-1.947,0.707,0
12405,-0.487,0.098,-0.99,-2.062,-0.499,0
19583,-0.932,0.039,-0.533,0.265,0.369,0
26391,-1.813,0.667,1.077,1.308,-0.11,0
17289,-2.052,1.116,1.726,-0.154,-0.083,0
12109,-0.156,-0.239,0.02,-0.038,0.477,1
24504,-1.141,-0.755,1.143,0.765,0.927,1
15513,-0.44,-0.693,1.219,1.353,-0.248,0
29499,-0.904,0.427,-0.834,-0.395,-1.325,0
22321,-0.569,1.659,0.704,1.416,0.35,0
27242,0.878,-1.686,-0.434,-0.352,-1.491,0
26872,-0.168,0.675,1.511,1.221,0.011,0
11110,-0.321,0.536,-0.795,1.387,0.669,0
13922,-0.324,0.205,-0.328,-1.684,0.058,1
16327,-1.952,-1.088,1.872,-0.922,0.365,1
26650,0.81,0.384,-0.064,-0.868,0.615,1
25022,0.617,-0.05,1.385,-0.365,0.92,0
24393,-0.611,-0.685,1.065,-1.029,-0.023,0
29314,-1.753,0.744,0.845,0.593,-1.114,1
15402,1.366,0.366,0.114,0.538,-0.775,0
13774,2.721,-0.768,-1.731,0.005,-0.579,1
11702,0.914,-0.53,-0.527,-0.388,0.745,0
15254,-2.218,0.041,1.08,0.793,1.57,0
10111,-0.66,-0.57,-2.584,-0.304,-1.228,0
24911,0.372,1.287,0.403,1.126,-1.025,1
16290,1.633,-0.075,0.594,-2.577,0.532,1
21766,-1.116,-0.528,-1.496,-0.488,-0.04,1
20693,-0.502,-1.349,0.209,0.132,-0.083,0
23542,2.176,0.675,0.133,-1.096,0.307,0
18510,-0.51,-0.177,1.112,-0.185,0.949,0
25799,0.876,0.139,1.422,-2.326,0.491,1
10703,-0.409,0.528,0.563,1.471,-0.202,1
25762,0.334,1.476,0.589,0.03,-0.195,0
15365,-1.137,0.892,-1.757,-0.034,0.814,0
28093,-0.148,-0.004,-2.616,0.806,-0.45,0
25984,0.246,0.704,1.016,-0.403,-0.34,0
20064,0.337,-0.251,-0.626,-0.792,2.052,0
14440,-0.135,1.772,-1.122,-0.153,0.382,0
31645,1.477,1.519,-1.741,-0.828,-1.03,1
21211,0.952,0.501,0.953,-0.031,-0.371,1
21100,-0.336,0.414,1.356,0.892,0.148,0
30942,-0.214,0.619,0.52,0.616,-1.525,0
18029,0.656,0.97,-1.074,0.069,-0.126,0
12479,-1.051,0.185,0.313,-0.342,1.471,1
24171,-0.638,0.174,0.055,-1.4,0.224,1
27982,0.57,-0.577,-1.381,-0.579,-0.224,1
19731,-0.743,0.486,-2.057,-1.325,-0.571,0
30979,-0.413,-0.064,0.946,-0.374,1.139,1
22839,-1.227,1.121,0.079,-0.541,0.536,0
20434,-0.524,1.468,-0.823,0.934,-1.581,1
32126,1.29,1.885,-0.764,1.55,1.03,1
28130,-0.323,0.629,0.619,0.965,2.257,1
29795,-0.401,-1.793,0.988,-0.573,0.16,0
11591,0.308,0.052,0.178,-0.407,0.033,1
12405,-1.27,-1.471,0.49,-1.81,0.695,1
25133,0.792,-0.263,0.541,0.28,-1.03,0
28722,-1.055,0.613,1.085,0.472,-0.486,0
14736,0.455,0.764,-0.286,-0.436,-0.227,0
16734,-1.407,-0.871,0.41,0.897,-0.707,1
30202,-0.706,1.17,2.08,-1.345,-0.75,1
14366,1.003,1.503,0.131,0.749,-0.485,0
12331,1.98,-0.194,1.557,-0.694,-0.331,1
23986,0.613,0.769,-0.104,-0.395,1.217,1
11628,-0.025,-0.776,1.039,-1.498,0.681,1
28500,0.354,-0.176,0.812,-0.335,-0.521,1
21211,0.796,-0.359,-0.174,-0.616,-0.783,0
16882,-0.543,1.791,0.41,0.534,-0.496,0
21100,1.237,-0.674,-0.158,1.066,-0.962,0
30461,1.382,-0.728,0.538,-0.75,-0.259,1
28870,2.107,-1.214,0.438,1.361,-0.074,0
27723,0.842,-0.592,0.592,-0.459,-1.866,1
13737,-0.839,1.602,-1.49,0.538,0.547,0
26502,0.426,0.173,1.027,1.454,1.123,1
20471,-0.095,-0.63,-0.877,1.08,-0.435,0
29314,0.928,-1.629,0.061,-1.071,0.274,1
13034,-1.898,0.089,0.571,0.316,0.851,1
11850,0.019,0.73,2.375,-0.591,-1.578,0
22358,0.557,0.746,0.97,-0.179,0.323,0
11332,-1.557,1.849,0.712,0.412,0.913,1
10925,-0.382,-0.723,-0.457,-0.501,-0.194,1
31460,1.42,0.827,0.409,0.326,1.789,0
22025,-0.067,0.195,-0.425,-0.277,-0.419,0
20175,0.873,-1.258,1.545,1.717,0.951,0
24837,0.669,0.208,1.165,0.462,0.338,0
26687,-0.431,0.28,-1.257,0.783,-0.107,0
27131,-0.484,2.108,1.803,0.557,-0.47,0
15106,0.762,-0.833,-0.799,-0.075,0.644,0
31756,0.217,0.488,-1.146,1.326,-0.188,0
28130,-1.635,0.815,0.458,-0.169,1.121,0
18954,1.079,-0.933,-0.062,-0.386,-1.788,1
13367,0.327,-1.426,-0.954,-1.222,-0.11,1
12294,-1.71,-0.837,0.848,-0.24,0.543,1
23838,-0.62,-0.127,0.212,-0.554,-0.087,1
14033,0.923,-0.954,-0.212,0.073,-0.287,1
11073,-0.276,-2.36,-1.909,-0.134,0.642,0
20582,0.023,-0.682,0.483,-0.025,-0.624,1
20175,0.05,-0.446,-1.116,-1.134,-0.549,1
22802,0.401,-0.718,0.271,-1.461,0.768,1
16142,-0.502,-0.397,-0.462,-0.228,-1.727,0
14625,0.459,0.876,1.23,0.325,0.463,1
21248,0.536,-0.508,0.092,0.926,0.574,0
25836,-0.478,-1.753,0.13,-0.855,-0.448,0
16475,0.377,0.569,0.584,0.173,0.16,1
13922,1.051,0.763,0.165,0.943,0.853,1
17881,-0.316,0.21,0.452,-0.322,0.773,1
27686,-0.192,0.724,-1.316,-0.227,-1.485,1
17770,0.673,1.438,1.156,0.27,-0.874,0
13848,1.601,-0.039,0.845,0.761,-0.561,0
10999,-0.044,-0.842,-1.496,0.965,-0.612,1
13737,-1.395,-0.119,-0.662,-0.444,-0.94,1
31978,-1.087,1.46,0.102,-0.602,1.077,1
29573,-0.434,0.284,1.279,-0.106,-0.283,0
16808,-0.851,0.798,-0.05,-0.442,0.736,1
14181,0.058,-1.223,0.672,-0.34,0.132,0
16512,0.539,0.472,-0.066,0.948,-0.707,0
14662,1.697,-0.062,0.012,-0.269,-1.044,1
25688,0.219,-0.558,-1.027,-0.467,-0.201,0
13293,1.651,0.974,-0.015,-1.256,-0.776,0
22062,0.318,0.461,-1.574,-1.896,-1.522,0
14403,-2.137,-0.245,0.622,-0.85,-1.544,1
28130,1.556,0.696,0.842,-0.067,0.309,1
19361,-0.186,1.389,-0.733,-1.412,2.058,0
31904,-0.051,0.839,1.377,-1.487,0.2,1
30165,-0.845,-1.979,-0.419,2.155,0.894,1
19324,0.551,-0.101,1.146,1.389,0.874,1
17141,0.196,0.463,-0.818,0.534,-1.087,1
15365,-0.792,-1.884,-0.366,1.215,-0.388,0
26576,0.318,0.273,1.986,0.121,1.82,1
22765,-0.144,-0.277,1.424,0.128,1.041,1
16549,-0.885,0.017,-1.892,0.705,1.152,1
24393,0.187,-2.457,0.169,-0.04,-0.314,1
24985,-0.248,1.343,0.157,0.888,-0.684,0
16327,0.893,-1.185,-0.681,-0.122,-2.533,1
30165,1.852,0.477,0.834,0.099,0.48,1
11369,0.803,1.101,0.214,0.267,0.504,1
10518,-0.51,-0.704,0.61,-0.136,0.694,1
24356,-1.542,-0.451,-2.29,1.071,-0.895,0
30498,0.698,0.956,-2.095,0.513,-1.207,0
20101,0.342,0.063,0.661,-1.391,-0.805,0
25429,-0.512,0.608,0.453,0.325,2.443,1
14884,1.171,1.755,-0.762,-0.678,0.632,0
26983,-0.596,-1.444,-0.528,-1.653,-0.993,0
29129,0.458,-0.734,0.092,2.522,0.72,0
18103,2.054,-0.717,0.063,-0.874,-2.196,1
15587,-0.614,-0.015,0.381,0.028,0.079,0
31941,-0.465,0.342,0.824,-0.054,2.243,0
21692,1.018,-2.162,0.199,0.456,2.559,1
13478,0.922,0.439,0.117,-1.405,-0.951,0
27538,0.627,0.618,0.687,1.021,-0.42,1
27501,-0.847,0.278,1.389,1.64,-0.217,0
15587,0.203,-0.746,-0.066,1.18,-2.014,0
26169,0.63,0.375,-0.954,-0.615,1.392,1
11517,0.708,1.618,-0.758,0.186,3.294,1
24134,-0.327,0.093,-0.92,-0.157,0.006,0
19139,0.034,0.084,1.96,-0.808,-0.766,1
19472,-0.031,-1.139,0.52,0.953,-1.28,0
26835,0.365,-0.223,-0.62,0.207,1.149,0
13404,-2.46,-1.039,0.309,0.133,1.087,0
22950,-0.498,1.22,0.329,-1.448,-0.22,0
10407,-0.645,-0.717,-0.931,-0.233,0.856,0
13589,-0.844,-1.318,-0.762,0.822,-0.839,0
26428,-0.513,-1.124,-1.064,0.455,0.305,1
31460,0.783,-1.552,0.347,-0.551,-0.261,1
10333,1.806,1.705,0.467,-1.445,-0.697,1
15328,0.058,-2.319,0.153,0.937,0.474,0
24578,0.271,-0.041,-0.811,0.35,-0.122,1
28130,-1.307,0.681,-1.241,0.574,1.122,0
28241,-0.534,0.3,0.093,-1.468,-0.791,0
27168,2.014,0.24,0.515,0.977,1.008,1
19213,-2.485,2.276,-0.418,0.994,-1.07,0
28463,0.915,2.05,0.847,0.848,-0.221,0
26317,0.915,-2.033,-0.454,-1.506,0.945,0
10666,0.776,0.424,0.06,-0.5,1.244,1
12109,-0.025,-0.131,-1.137,1.382,0.181,1
26576,-0.421,0.613,-1.326,0.194,0.042,0
28463,-0.486,-1.11,1.352,-1.178,-0.007,1
11295,-0.281,0.593,0.753,-0.334,-1.685,1
18288,0.097,0.29,-1.034,0.073,-0.625,0
24874,-0.296,1.324,0.312,-1.353,0.031,0
22358,-2.272,-0.909,0.353,-0.018,-0.786,0
14329,0.873,0.155,-0.356,0.522,0.169,1
23764,0.912,0.297,-1.029,0.832,-0.224,0
10074,-0.595,0.312,-0.623,0.483,0.268,1
10148,-0.198,-1.408,1.262,0.325,0.505,1
26095,-0.872,-0.713,0.327,0.273,-0.457,1
12960,1.615,-0.312,-0.733,-1.233,-0.607,1
12923,0.801,-0.987,-0.428,-1.314,0.233,1
11776,0.683,0.485,-1.469,0.042,0.769,1
14070,2.53,-0.839,0.766,-1.195,-1.614,1
26021,0.32,-0.936,-0.776,0.256,0.045,0
18658,-0.991,-1.386,-0.403,-0.761,1.762,0
13367,0.351,1.157,0.045,-0.146,-2.339,1
26428,-0.883,-0.535,-0.693,0.939,-0.095,0
23986,-0.226,-2.005,-2.458,-1.006,1.625,1
11036,-1.843,0.531,1.037,1.333,1.202,0
29351,-1.494,-0.603,0.914,0.697,0.284,0
21396,-1.076,1.275,0.438,0.915,-0.362,0
30498,-2.309,-0.392,0.295,0.493,-0.679,0
16956,-0.54,0.441,-1.264,1.298,-0.645,0
19139,1.623,0.353,-1.098,0.495,-0.131,1
26613,-0.865,-0.597,-0.466,-1.276,-0.312,1
26650,-0.098,0.493,0.5,1.357,-0.214,0
23135,0.118,-0.472,-0.284,1.275,0.302,1
20841,-1.022,0.081,0.722,-0.397,-1.845,0
20582,-0.632,1.049,-1.116,-0.815,-1.711,0
12960,1.371,0.478,-2.202,-0.49,-0.769,0
27020,0.117,2.648,1.038,-0.844,0.637,0
19731,-2.542,-0.127,-1.404,-1.023,-1.605,1
10925,1.281,2.255,-0.189,-1.916,0.729,1
28278,-0.695,-0.149,0.779,-0.873,-0.088,1
22765,-0.325,-0.154,0.014,1.821,0.993,1
17252,2.234,1.499,0.225,0.703,-0.064,0
22987,0.524,-0.004,-1.701,0.885,-1.562,0
10333,1.774,-0.092,-0.306,1.033,0.21,1
29388,-0.69,0.102,-0.559,-0.142,-2.346,0
11073,-0.051,1.282,1.902,-0.39,-0.256,0
15032,-0.614,-1.189,1.426,0.88,0.345,1
10148,0.032,1.872,-0.207,1.76,0.475,0
29684,-2.037,-0.35,0.025,0.893,1.12,0
20397,0.26,2.218,-1.75,-0.893,-0.461,0
10962,2.041,0.027,-0.456,-0.896,0.887,1
11850,-0.397,0.339,1.582,-1.188,0.757,1
21803,-1.188,-1.318,0.965,-1.312,0.555,1
28093,-1.495,-2.353,-0.258,0.093,-1.102,0
23801,0.057,0.807,-0.386,0.328,-0.932,1
10925,1.055,-1.286,-1.251,1.549,0.502,0
14921,0.746,0.944,-0.237,-0.801,0.539,1
25059,-0.812,-0.779,-0.128,0.026,-0.712,1
30757,-1.915,-0.684,0.252,0.911,1.268,0
11998,2.278,-0.319,0.398,0.829,-0.348,0
23357,-1.51,0.391,0.512,0.612,0.033,0
30054,-1.581,2.086,1.031,-1.047,2.086,0
31016,0.727,0.581,-0.461,0.973,0.783,0
28870,0.879,-0.261,1.333,-0.358,-1.269,0
26983,0.14,-0.475,1.175,0.973,-0.023,1
14440,1.852,0.334,-0.791,-0.672,-0.409,0
28759,-1.895,-0.361,0.45,-2.537,-0.89,1
32015,-0.758,-1.651,-0.793,0.866,0.888,0
10999,0.448,-0.815,-0.392,-0.945,-1.315,0
26613,1.236,-0.138,1.001,-0.316,-0.311,1
21433,-0.193,0.177,0.1,0.646,-1.077,1
29203,-0.02,1.844,-1.2,-0.426,1.647,0
27723,-1.257,-0.66,-1.428,1.983,-0.309,0
24393,0.734,0.967,1.583,-1.351,-0.043,1
23246,0.13,1.12,-0.758,1.596,0.483,1
19213,-0.495,0.71,-0.329,0.461,0.617,1
12183,0.426,-1.232,-0.245,-0.806,0.783,1
14662,-1.984,-0.023,-1.926,1.361,-0.196,0
27094,-0.096,1.036,-1.255,2.336,-0.501,0
11887,-1.703,1.251,0.326,-0.35,-1.142,1
18029,-0.372,0.353,-1.34,-0.173,0.961,1
12627,-0.605,-1.045,-0.495,-1.257,0.641,1
26021,0.406,1.424,-0.101,1.423,0.522,1
27427,-0.272,-1.595,1.935,0.753,-0.122,1
28019,1.415,-0.424,-1.439,0.056,1.485,0
30424,0.598,-0.321,-0.514,-0.4,0.224,0
19065,0.682,1.523,-0.196,-1.7,-0.432,1
20730,0.179,-0.074,1.115,2.186,-1.496,0
25059,-1.102,0.255,1.757,-1.481,-0.641,1
11998,-1.103,-0.518,-0.105,-0.054,0.901,1
15254,0.08,-0.516,0.13,-1.236,1.675,1
18584,-0.3,-0.386,-0.761,-0.329,0.578,0
18584,-0.437,0.83,1.179,0.449,0.092,1
28907,1.923,-0.247,-0.644,-0.541,-1.726,0
14699,0.47,0.254,-1.198,-0.625,0.288,1
21433,-0.996,0.111,-0.152,1.296,-0.991,0
10518,-0.189,0.303,-0.359,0.055,-0.766,1
16068,0.645,2.11,1.374,-2.673,-0.156,0
17474,-2.654,-1.229,-0.336,-0.925,-0.141,1
12405,-1.81,0.869,0.413,1.801,0.536,0
10962,-0.836,-0.936,0.085,-0.215,-0.061,1
22802,-1.17,-0.025,-0.374,-0.441,1.173,0
21322,0.147,-0.752,-0.18,0.581,-0.058,1
28796,-0.881,0.25,0.494,-0.004,-1.957,0
23024,-1.631,0.743,0.347,-0.17,0.181,0
20841,-0.83,0.045,0.496,-0.607,-0.705,0
24356,1.39,1.174,-1.743,0.909,-0.003,0
29240,-0.74,0.614,-0.076,0.037,-1.285,0
17881,1.005,-1.001,-0.094,-0.683,-0.713,1
10666,-0.286,1.998,0.889,-0.608,0.567,1
24319,0.12,0.085,-0.01,-0.533,0.031,1
12405,0.429,0.968,0.246,-0.931,1.3,0
25688,0.039,-0.306,0.654,-0.049,-2.198,0
28315,0.986,-0.734,-0.817,0.7,-0.955,1
27094,2.265,0.089,-0.639,-0.105,-0.577,0
28426,0.192,-0.669,-1.236,0.366,0.541,1
27020,-0.732,0.025,0.627,0.583,0.009,0
21655,1.111,-0.42,0.27,-0.562,-0.43,0
29869,0.068,-0.42,-1.873,0.109,0.179,0
12664,-1.902,0.955,-0.722,-1.213,1.268,0
22728,0.686,0.654,0.132,0.83,-0.073,0
15772,-0.359,1.165,-0.896,-1.594,0.32,0
27353,-0.885,-1.172,-0.085,-0.764,-0.098,0
21914,-0.662,-0.401,-1.443,-0.412,0.949,0
22654,-0.381,0.842,-0.631,-0.33,-0.599,1
10370,1.275,0.345,2.265,-0.434,-0.727,1
29277,-0.597,1.52,-1.102,-0.628,1.701,0
13293,1.167,0.293,0.298,0.122,-0.091,0
21766,-0.757,1.263,-0.184,-0.802,0.719,0
32163,-0.289,-0.11,-0.979,0.209,-0.84,0
14218,1.158,-0.053,-0.871,-1.244,-1.171,1
10851,-0.602,-2.14,-0.793,-0.78,0.81,0
28648,-0.029,1.143,-0.992,-0.511,0.756,1
19176,-1.347,-0.493,0.437,0.061,0.486,0
31719,-1.011,-0.238,0.47,0.764,-0.315,0
16697,0.121,-0.287,1.308,-0.122,1.442,0
20915,-0.209,-1.028,-1.74,-0.031,0.133,0
18510,2.194,0.234,-1.81,1.0,-0.242,1
23727,-1.266,0.452,0.458,0.604,-0.428,1
21840,0.604,-0.24,-0.279,1.265,-0.483,0
24245,-0.006,-0.456,0.977,0.04,-0.363,1
12035,0.019,2.143,-0.212,0.629,0.282,1
12368,-1.683,0.325,-0.949,0.423,0.661,0
30572,-0.62,0.798,0.855,0.311,-0.925,0
17659,0.823,1.239,0.691,-1.315,-0.177,0
16660,1.071,-1.285,0.206,-1.906,0.969,1
19879,-0.849,0.282,0.407,-1.812,-0.068,1
13996,0.748,0.353,1.744,-1.487,0.209,1
10333,0.108,-0.778,-1.263,0.638,-1.244,0
11480,-0.571,-1.169,2.002,0.403,-0.406,1
17770,-0.844,0.106,-0.25,1.6,-0.575,1
20434,2.012,-1.54,-1.803,-1.107,0.289,1
13367,-0.52,-0.45,3.488,0.304,0.529,1
27353,1.866,-1.056,0.386,0.951,0.74,1
21803,0.084,-1.514,0.421,-0.144,-0.784,1
16919,0.909,1.661,-0.744,0.16,0.287,0
12923,-2.782,2.216,0.936,0.28,0.363,0
13182,0.662,0.211,-1.49,-0.039,-0.018,0
28907,-0.755,2.018,-0.424,1.556,0.542,0
21211,0.648,0.416,2.065,-0.73,0.381,1
29425,0.11,-0.733,1.183,-0.315,1.865,1
19953,1.527,-2.21,-1.367,-0.897,1.087,0
30054,-0.971,0.473,-0.269,-0.653,-0.048,1
22950,-1.58,0.156,-1.157,-2.202,-0.558,1
11665,0.631,1.187,0.35,-0.007,0.81,1
29869,0.586,0.13,1.938,2.179,1.092,0
12590,-1.616,-1.612,1.631,-1.468,1.383,1
16919,-0.702,-2.166,0.261,0.043,-2.441,0
18288,2.241,0.849,-0.619,0.867,-0.434,1
31349,0.546,-1.24,-1.136,0.827,0.108,1
19065,-1.217,-1.365,-0.403,0.474,-0.074,0
22099,0.567,1.594,-1.397,0.589,-0.556,0
28204,0.166,0.658,-2.902,-1.331,-0.986,0
15180,-1.031,0.804,0.551,-0.238,0.233,0
25651,0.426,-1.079,0.301,-0.809,0.451,0
19953,-1.049,-0.873,-1.426,-0.039,-1.329,1
15661,-0.434,1.926,2.024,1.526,1.064,0
18362,1.736,-0.952,1.478,-1.021,-0.042,1
25244,-1.249,0.443,0.224,1.087,0.1,0
18214,1.626,1.412,-0.064,-0.409,-0.267,1
21766,0.312,-0.323,0.536,0.778,-0.772,1
13922,-0.212,1.118,0.762,0.049,-0.264,1
27686,-0.564,1.014,-0.114,0.486,-1.839,1
27464,-1.352,-0.251,-0.74,-0.061,0.874,0
23949,-1.196,-0.099,0.004,-0.104,-0.865,1
20397,-0.766,-0.139,0.046,-1.368,0.105,0
15587,0.487,-0.159,-0.724,-1.276,2.33,1
29943,-0.434,0.358,0.03,0.477,-0.351,0
12368,0.105,1.143,1.981,-1.153,-0.404,1
23764,-0.786,-0.212,0.624,-0.345,0.577,1
20175,0.563,0.046,0.223,0.274,0.363,1
29647,-0.373,-0.225,-0.79,-0.758,0.461,0
19324,0.429,-1.732,-1.157,-1.481,0.008,0
27945,0.696,-0.605,1.086,-1.168,0.628,0
26872,2.047,1.421,0.225,-0.138,-0.113,0
12109,0.591,2.517,0.811,0.367,0.162,0
30091,1.271,-0.387,-0.651,-1.695,0.68,1
17215,-0.765,0.121,0.521,1.272,0.311,0
18695,-0.716,-1.331,-0.203,-0.482,-1.225,0
21396,1.047,-1.212,-0.12,-1.093,0.017,0
13848,1.192,0.044,-1.113,1.106,0.048,0
23875,-1.099,-0.531,0.822,1.206,1.451,1
24430,0.989,-0.273,-0.358,-0.984,1.797,0
14329,-1.754,-0.441,-0.074,0.303,1.407,0
22728,-0.009,-0.605,0.291,-0.49,0.215,0
27871,0.672,0.73,-0.944,0.466,0.71,1
30239,-1.129,0.822,0.821,0.834,-1.512,0
22321,0.736,0.595,0.384,-0.549,1.059,0
13626,0.392,0.009,0.627,0.142,0.619,0
21840,-0.327,-1.442,0.545,-1.411,0.495,1
23875,-0.391,1.258,1.14,0.303,0.374,1
21248,0.09,-0.386,-0.544,-1.723,0.149,0
31941,-0.267,-0.718,0.162,0.298,-2.179,1
23283,0.82,-0.496,-1.201,-0.365,-1.636,1
11221,1.17,0.276,-0.234,-0.188,-0.656,0
10925,0.489,-1.336,0.069,0.545,-0.111,0
26909,-1.798,0.74,-1.54,-1.739,0.848,0
16253,-0.468,0.467,0.128,2.105,0.304,0
27501,0.095,-0.697,-1.582,-0.284,-0.629,0
26243,-0.072,0.711,-0.299,0.176,-0.405,0
28685,-1.363,0.372,-0.602,0.228,-0.166,1
15698,1.745,-1.561,0.891,2.316,0.519,1
24245,0.122,-1.492,-1.453,2.769,-0.851,0
11184,-0.944,-1.304,2.213,-0.772,-0.161,1
30128,-0.495,0.335,0.409,-1.862,-1.039,0
28241,1.305,-1.208,0.848,-0.395,0.064,0
15402,0.431,0.281,1.141,-2.06,0.444,1
13182,-1.467,-0.512,-1.946,0.13,0.478,0
25466,-0.434,-1.236,-0.376,0.951,-0.297,0
16438,0.075,-1.666,-0.426,0.412,1.592,1
15439,1.662,1.444,-0.728,0.73,-0.718,0
22987,-0.741,-0.262,0.917,0.096,-1.141,1
26946,0.408,-1.136,-0.902,-0.337,-0.216,1
14514,-0.13,0.86,-0.452,2.485,0.156,1
26206,0.774,1.355,0.624,-0.825,-0.77,1
14958,0.094,-0.308,-1.145,-0.019,2.372,1
24578,2.559,-0.555,1.238,-0.647,-0.443,1
13182,-0.423,0.843,0.364,-0.827,-0.507,0
15032,-1.632,-0.607,-1.916,-0.592,-0.262,0
19990,-1.602,1.056,0.853,-0.202,-0.333,0
32015,-1.724,-0.444,-1.297,-1.494,1.157,0
29869,-0.795,-0.917,-1.101,-0.831,-1.441,0
23098,-1.05,-0.063,0.453,-1.621,1.295,0
20027,-0.022,0.852,1.196,-0.075,0.91,0
13626,0.439,-0.547,-0.045,1.17,-0.968,0
28722,-2.142,0.398,-0.321,0.67,0.224,0
25873,-0.857,0.313,0.188,-1.179,-0.159,0
10666,1.31,0.658,1.739,-1.794,0.383,1
25355,-0.047,-1.642,0.418,-0.092,0.155,1
17844,-0.429,0.216,-0.826,-2.025,0.462,0
18399,1.06,0.35,-0.524,-1.326,2.434,0
24023,1.314,1.277,-0.741,-0.553,-0.767,1
15217,0.436,0.9,-0.366,-3.224,0.491,1
13071,0.694,0.263,-0.181,-0.745,0.861,1
17622,0.682,-0.453,-2.014,-1.134,0.661,1
26613,-0.071,0.245,-0.908,-0.513,-0.566,1
13922,-0.112,-0.096,1.73,0.784,-0.236,1
18473,-0.595,-1.266,0.518,-1.127,1.363,0
22284,0.646,-0.945,-0.79,-0.617,-0.935,1
20138,-0.609,0.385,-0.702,-0.478,-1.847,0
24282,-0.559,-1.74,-0.21,-0.139,-0.152,0
11332,-0.081,-0.166,-0.249,0.657,-0.155,0
21803,1.593,0.756,-0.752,-0.551,-1.399,1
31386,0.669,2.084,0.368,0.942,1.662,0
29832,-0.95,-0.648,2.006,0.319,-0.11,1
31719,-0.185,0.639,0.065,-0.616,-0.44,0
17030,0.418,0.416,0.299,0.017,1.807,0
14699,-0.253,-0.751,0.568,1.533,-0.277,1
13145,-0.266,-0.476,-0.423,-0.509,0.042,1
12701,-0.723,-1.158,-2.968,-0.128,1.205,0
16956,0.003,1.181,-0.514,0.199,-0.666,0
19583,-0.96,-0.953,-1.354,0.309,0.314,1
30683,1.503,-1.825,-0.332,0.14,-0.506,1
10000,-1.812,0.526,-0.433,0.486,-1.623,0
14736,-1.256,-0.008,0.176,1.279,1.108,0
29462,1.655,1.042,0.553,0.212,0.597,1
25540,0.953,0.019,0.069,1.081,-0.387,1
13663,-2.128,2.2,-1.464,-1.404,0.773,0
20138,-1.006,0.486,0.152,-0.021,1.221,0
21840,0.191,2.0,-0.659,0.379,0.806,0
17659,1.502,-0.183,0.462,-1.872,-0.241,1
14218,1.81,-0.96,0.213,0.069,-1.175,0
14921,0.279,-0.401,-0.772,0.638,-0.23,1
26909,0.432,-0.545,0.968,2.006,0.376,1
21729,-0.038,-0.992,1.116,0.794,1.008,0
25577,1.878,0.194,0.108,0.18,-1.465,1
11147,0.907,0.929,0.481,-0.484,-1.031,0
27094,0.697,0.176,-0.653,0.067,2.587,1
12479,-0.167,0.716,1.038,0.181,-0.161,1
10851,0.446,-0.082,0.709,0.468,0.283,0
23283,1.177,-0.493,0.053,-0.004,-0.572,0
29425,-0.197,-0.384,0.332,0.738,0.028,0
24985,0.823,-0.51,-0.687,0.847,0.42,1
29906,0.499,0.311,0.711,-0.532,1.669,0
24171,0.052,-0.793,2.248,1.101,1.974,0
27871,-1.513,-0.436,0.444,-0.446,0.634,1
22432,0.494,0.235,-0.401,0.994,-1.094,0
29314,-0.143,-2.351,-1.772,1.268,0.49,1
12109,-1.735,-1.332,0.19,0.452,-1.019,0
13441,-2.644,-0.325,0.54,-1.062,-0.47,0
17400,0.338,-1.003,-0.655,1.478,-0.956,1
30424,1.802,-0.207,-1.091,0.2,0.623,1
10518,-2.206,-0.141,1.183,0.334,-1.155,0
24948,-0.792,0.031,0.495,-1.129,0.978,0
14440,0.207,-0.705,-0.326,-0.112,1.46,1
16586,-0.522,-1.825,1.622,0.239,-0.632,0
14921,1.191,-0.623,-0.164,-0.785,-0.087,1
30868,-1.348,1.72,-1.957,-0.496,-0.188,0
31460,-0.806,-0.005,0.325,-1.305,0.273,1
16327,2.685,0.008,-0.459,0.088,1.816,1
20471,-0.163,-1.249,-1.551,0.822,0.048,1
26243,-1.12,0.7,-1.247,1.177,-0.906,0
28389,0.484,-0.941,-0.985,0.52,1.44,1
11036,0.593,-0.348,-0.516,-0.516,-0.54,1
19768,0.733,-1.426,-0.144,-0.313,-0.071,0
13330,0.36,-0.498,-1.308,-0.226,1.078,1
29240,2.128,0.222,1.887,-0.103,0.504,1
28426,-0.044,-0.354,1.041,-1.306,0.973,0
29240,0.432,-0.222,-1.585,-0.298,-0.427,0
27020,-1.512,-0.531,-0.349,-0.656,-1.061,0
12479,-0.767,2.34,-0.5,1.537,-1.337,0
21507,1.517,-0.244,2.476,-0.774,0.27,1
27908,0.688,-0.967,0.287,0.016,-1.211,1
19509,-1.481,0.973,-1.058,-0.456,0.596,0
26576,-1.784,0.066,-1.32,-0.994,0.349,0
22728,-1.319,-0.911,-0.798,-0.783,0.131,1
31793,-1.338,-0.476,0.591,-0.009,-0.824,0
20471,-0.493,1.21,-0.448,-2.323,0.557,0
23838,0.043,0.71,1.192,0.655,-0.026,1
23357,0.358,0.148,-0.598,1.037,0.314,1
26576,1.817,-0.483,-0.757,-0.199,0.016,1
12257,-0.492,1.238,-0.154,-0.032,-1.526,1
29277,0.855,1.754,-1.65,-1.621,1.009,0
27242,-0.023,0.045,-1.049,-0.389,0.875,1
31830,-1.718,-0.095,0.11,0.299,-0.333,0
19028,0.978,0.933,1.721,-0.541,-0.912,0
13663,1.289,-0.587,0.712,-0.603,-1.146,0
20286,0.873,-0.741,-0.286,-1.738,-0.494,0
21174,-1.178,-0.782,1.47,-2.098,-1.072,1
18362,1.454,-1.861,-0.111,-1.058,1.585,1
24689,-0.38,1.335,-1.818,-0.063,0.45,0
27057,-0.646,-0.642,0.936,0.143,1.392,0
27020,1.581,-1.19,0.57,0.059,0.799,1
15365,-0.948,2.08,2.179,0.298,-0.504,0
20841,-0.577,-0.128,0.296,0.233,1.535,1
12405,-1.269,-0.238,0.15,-1.727,0.17,0
29758,-0.811,-0.397,1.038,-0.628,0.493,0
14144,0.833,0.747,0.212,-1.096,0.612,1
21729,-0.175,-0.151,-0.202,0.777,0.206,0
28685,0.107,0.32,-1.243,-1.622,1.729,0
25614,0.188,0.234,0.746,-0.382,-0.484,1
10333,0.81,-0.919,0.792,-2.455,-0.46,1
27390,0.749,-1.257,-0.796,0.873,-0.763,0
18695,2.632,0.915,1.267,0.702,0.799,1
16475,0.909,1.08,1.009,-0.552,1.043,1
31201,0.662,0.471,-0.689,-0.305,-0.761,0
26909,1.09,-0.69,0.59,0.072,-1.616,0
22876,0.703,-0.139,0.046,-0.418,-1.585,1
12997,0.11,-1.61,-0.493,1.062,1.136,1
22913,-0.629,1.072,-1.19,-0.045,0.51,1
11221,-0.277,0.361,-0.091,1.671,-0.156,1
12035,1.537,0.685,-0.624,1.73,2.412,1
22247,-0.915,-0.307,-0.814,0.05,1.545,0
10629,-1.256,-0.121,-1.139,0.069,0.077,0
20619,1.196,1.217,0.115,0.756,0.182,0
14366,0.673,1.948,-0.468,0.17,0.338,1
20545,0.136,1.192,0.404,0.057,-0.778,1
29425,0.465,0.82,-2.791,-0.874,0.021,0
10444,-0.63,0.653,3.029,0.107,-0.787,1
21692,0.231,0.564,1.646,0.199,0.087,1
18436,-0.391,-0.778,0.478,0.067,0.654,1
25096,-1.21,1.733,-0.21,-0.428,0.026,0
16438,1.507,-0.165,-1.223,0.098,-2.577,1
27723,1.016,0.682,-0.082,1.85,0.286,1
27020,-0.331,-0.319,0.848,-1.793,0.526,0
14070,1.458,0.21,0.465,-0.116,1.778,1
25651,-0.279,2.65,1.409,-0.308,-0.062,0
11961,0.129,0.331,0.477,-0.302,0.566,1
25947,0.21,0.24,-0.466,-1.005,-0.565,1
26946,1.219,-0.573,-0.315,-0.084,-0.366,0
31201,-0.444,-0.921,0.053,-0.62,-0.372,1
13108,0.469,-1.886,0.176,0.092,-0.752,1
25503,-0.916,-0.499,0.172,-0.82,0.823,1
14588,-1.093,-1.335,-0.338,0.762,0.463,1
26872,0.482,0.359,0.654,1.501,-0.688,0
17400,-0.011,-0.844,0.5,-0.557,2.08,1
23468,-0.548,-0.602,0.748,0.099,-0.432,1
27131,-0.458,0.113,-1.911,0.194,0.21,0
26169,0.985,0.517,-0.291,0.767,1.254,1
13515,-0.045,1.58,0.37,-0.181,-0.37,1
14588,-0.653,-1.265,0.006,-0.323,-0.193,0
29203,0.077,-0.158,0.282,-1.359,0.311,0
23542,-0.817,-1.111,-1.141,-0.915,-0.971,0
19879,-0.73,0.097,0.664,-0.363,-0.006,1
31423,0.533,-1.227,-1.047,1.446,0.547,1
13367,-1.292,-0.29,-1.136,0.372,-0.412,0
11221,-0.813,0.842,-0.139,1.2,0.767,0
11073,-1.795,0.134,1.452,-0.787,-0.042,0
14403,1.321,-0.373,-0.38,-0.52,-1.706,1
13145,1.678,-0.463,-0.124,-0.613,0.253,1
31978,-0.604,1.254,-0.075,2.481,-1.208,0
12479,-0.886,-0.901,2.049,-0.403,-0.13,1
11961,1.113,0.548,0.479,-0.512,-2.542,1
14477,0.493,1.066,0.372,-0.889,-0.844,0
29832,-0.372,-1.8,-0.075,0.5,-0.518,0
26095,1.017,-1.339,-0.807,-0.351,-0.043,1
32126,-1.693,0.028,-0.722,-0.562,-0.118,0
22580,-0.134,-0.537,0.079,0.008,0.202,0
29610,1.261,1.838,0.265,1.088,-0.739,1
20989,0.938,0.988,1.251,-0.06,-0.307,1
15106,0.475,0.062,-1.507,-0.709,1.348,0
30239,2.225,0.745,-1.678,-0.645,0.024,1
13959,2.609,-1.357,-0.391,2.252,-0.167,1
10629,0.862,-0.327,0.191,2.745,-0.601,1
14403,-0.699,1.547,0.152,-1.211,-0.726,1
17067,0.159,0.257,-0.584,1.895,0.995,0
23616,0.829,1.635,-1.147,-0.794,-0.268,0
11665,2.86,0.284,0.31,-0.604,-0.552,1
14662,0.816,0.306,-0.534,-0.549,-0.912,0
24541,1.824,-2.325,0.835,-0.318,-1.46,1
21988,1.171,-0.222,1.759,0.401,1.754,1
11554,-0.787,-1.382,-1.401,1.463,-1.491,0
23801,-1.132,0.607,-0.248,1.798,-0.798,0
28278,0.427,0.306,-0.087,-0.827,0.241,1
21211,0.534,-1.25,-0.733,0.202,-0.671,1
14144,-0.584,-1.678,0.762,0.772,0.058,1
20323,-0.776,-0.393,-2.889,-0.153,0.389,0
12775,-0.397,0.716,-0.213,-0.811,1.025,0
25503,0.672,0.916,-0.634,-0.571,-0.137,0
31756,0.436,-0.867,0.425,0.215,-2.379,1
27501,0.857,0.01,0.442,-1.01,-0.166,1
25022,-1.115,0.547,-3.095,-0.264,-0.097,0
24245,-0.317,0.976,0.381,-1.044,0.846,1
16956,-0.283,-0.222,0.414,0.274,0.551,1
24430,0.155,-0.105,-0.282,-0.584,1.108,1
29832,-1.259,0.572,1.095,-0.157,0.353,0
23172,1.347,-0.726,-0.081,0.602,0.384,1
29055,-1.524,2.571,1.486,-1.995,2.205,0
30424,1.1,-0.031,0.228,-0.354,0.124,1
15513,-0.635,-1.586,-0.644,-0.638,0.281,1
21322,-2.495,-0.213,1.016,-0.189,1.667,1
26354,0.387,2.417,1.013,0.753,0.72,0
24504,0.488,1.358,0.46,0.356,0.06,1
13108,-1.085,1.222,-2.177,-1.066,-1.662,0
12849,-1.123,-0.449,-0.957,0.061,0.953,1
19990,-0.049,-0.515,-1.181,0.409,0.147,0
32015,1.818,-0.314,0.748,2.539,0.455,1
28241,0.156,1.059,1.587,0.258,-1.551,0
14514,1.074,-0.645,2.174,0.398,0.182,1
31867,-0.447,-1.051,-1.945,-0.317,0.042,1
26428,0.831,0.497,-0.792,-1.887,-0.294,1
24023,-1.162,0.812,-1.027,-0.31,-1.393,0
16697,-0.904,-0.988,-0.86,1.33,0.169,0
16734,-0.179,-0.117,0.309,0.822,-0.642,1
12738,1.96,0.449,0.391,-0.68,0.495,1
13626,0.09,-2.065,2.722,-0.325,-1.946,1
31867,-0.553,-0.75,0.288,0.548,-0.037,0
17067,0.147,0.165,-0.543,-0.575,0.822,0
19879,-0.129,1.942,0.844,-0.238,0.341,1
18436,-0.02,0.392,-0.024,0.753,1.291,1
14884,1.147,1.908,-0.317,1.513,-1.167,1
18325,1.475,-0.717,0.063,-1.907,0.017,1
19953,-0.839,0.736,-1.074,1.213,-0.13,0
21063,-1.855,0.122,-0.51,-0.351,-0.232,0
11887,-0.818,2.282,-1.899,-0.947,-0.083,0
28426,-2.553,1.369,-1.224,-1.123,0.098,0
16253,-0.894,0.535,0.144,-1.223,-2.959,0
22691,0.637,0.436,-0.22,0.711,2.12,1
15032,1.158,-0.803,0.67,-0.508,0.632,1
30165,0.233,1.098,-0.708,-0.388,0.648,1
23209,-1.044,-1.58,-2.394,-2.12,0.714,0
28944,0.506,-0.477,-0.49,-0.468,1.696,1
15254,-1.786,-1.04,1.267,-0.393,0.125,1
27020,-0.309,0.135,2.22,0.653,-0.15,0
30350,-0.849,-0.831,2.932,0.683,1.396,1
15698,0.013,-0.355,1.704,-0.217,0.352,0
15069,-0.754,0.725,-1.088,-0.322,-0.919,1
32015,-0.866,0.107,-0.109,0.359,-0.546,0
22506,-0.691,0.128,0.493,-2.021,-0.35,1
23986,0.407,-1.515,-0.248,-0.921,-0.092,0
10592,1.006,0.737,0.896,-0.881,-0.074,0
20989,0.255,-0.404,0.213,-2.038,0.027,0
15032,-1.87,-0.069,0.669,-0.054,-0.353,1
25910,0.165,0.408,0.349,-0.278,-0.343,1
23320,1.318,1.728,-0.929,-0.023,0.756,0
31941,-1.121,0.132,-1.914,-0.599,0.629,0
29499,0.955,2.837,-0.16,0.543,-0.722,0
11295,0.458,-0.818,-0.516,0.145,-1.262,0
14292,0.369,-0.282,-0.091,0.155,0.21,1
12368,0.635,-0.053,0.383,1.071,0.713,0
18621,-0.202,-0.543,1.4,1.449,-0.054,1
25059,0.28,0.45,1.26,-0.772,-2.055,0
26058,-0.862,-0.175,-1.355,1.652,2.1,0
26502,0.949,0.657,0.109,-0.137,0.331,1
21951,-0.718,-1.092,0.317,-0.69,0.619,1
24023,-1.119,0.121,-1.504,-0.533,-1.525,0
28500,-1.163,0.417,1.699,-0.759,0.948,0
15476,-0.486,1.6,0.048,1.439,-0.065,0
10814,-0.683,0.106,0.062,-0.881,-0.06,0
21914,-0.397,-0.652,-2.48,0.352,0.67,0
11036,2.098,-0.612,-0.592,0.763,-0.7,1
31349,0.482,0.676,0.791,0.575,-0.042,1
10999,0.549,0.912,-0.251,0.454,-1.476,0
28167,0.527,0.576,2.141,-0.774,-0.55,0
21433,0.154,0.022,-0.414,0.252,-0.66,0
23468,0.077,0.026,-0.697,0.528,-1.984,0
23135,1.124,1.258,1.524,0.593,-0.673,1
29832,0.104,-0.184,1.182,-1.169,-1.006,0
11591,-0.339,1.68,1.82,-0.531,0.3,0
19472,1.739,0.243,-0.132,-0.03,-0.56,1
28685,0.22,-0.998,0.193,0.625,-0.359,1
16660,-0.544,0.875,-0.612,0.665,1.946,1
25984,0.426,-0.35,-0.219,0.335,-1.366,1
24060,1.27,-1.682,-1.063,-2.246,0.632,1
29758,1.396,-0.821,0.151,1.306,-0.591,1
20360,0.611,0.204,1.215,0.753,0.044,1
17067,-0.394,0.457,-0.882,0.632,1.135,1
24615,-0.123,2.23,0.05,-0.692,1.511,1
31164,1.604,-1.132,-0.015,0.92,0.468,1
24763,-0.193,0.139,-0.539,-0.275,1.055,0
20138,1.423,0.292,-0.618,0.008,0.886,0
10703,0.032,-0.083,-0.435,-0.446,-1.221,0
27797,1.875,0.48,-0.041,0.253,0.999,1
32089,0.999,-0.347,-0.23,2.237,1.784,0
11184,0.327,1.592,2.063,-0.547,0.069,1
30091,1.146,-0.537,-1.643,-0.128,0.265,1
24060,1.508,-0.849,-0.423,0.043,-0.767,1
25392,0.149,0.819,0.524,-0.559,-1.121,0
21100,0.886,0.342,0.744,-0.024,0.634,0
23875,-0.981,0.086,0.716,-0.682,0.673,0
31349,1.759,-0.271,-2.24,-1.64,-0.486,1
12146,0.044,-1.171,1.59,-0.498,1.756,1
31904,0.59,-1.59,-1.131,-1.539,-0.242,1
19287,0.699,-0.302,-0.369,-0.813,-0.916,0
29092,0.041,-0.966,-0.591,0.35,-0.59,0
30646,-1.085,1.239,1.801,0.393,0.992,0
19805,-0.477,-1.063,0.271,-1.673,0.794,1
27464,-0.067,-0.095,-1.291,0.231,-0.031,0
18399,-0.168,0.514,-1.888,2.807,0.828,0
31238,-0.102,0.535,-1.892,2.079,-1.113,0
17030,-0.275,-1.704,-0.188,1.928,-0.255,1
12146,-0.199,0.825,-0.425,2.369,-1.143,0
13626,0.318,-0.692,-0.003,1.269,-0.212,1
17733,-0.134,-0.288,1.143,-0.965,-0.733,1
17992,0.432,0.335,1.62,0.564,-0.271,1
25392,1.066,1.488,0.065,-1.241,-2.447,0
16216,-0.711,0.114,0.553,1.181,1.345,0
30091,-1.237,1.339,1.169,0.709,-1.254,0
23283,-1.208,-0.098,0.913,1.034,-1.685,0
16438,-0.309,0.339,0.952,-1.018,0.738,1
16549,0.3,1.395,1.664,-2.278,0.804,1
30757,-1.624,0.854,0.44,0.763,-1.368,0
12664,0.801,0.332,0.445,0.823,-0.368,1
15217,-0.422,-1.129,1.068,2.458,-0.294,1
18103,-0.256,0.059,-0.247,-0.165,0.399,0
29832,-0.054,0.43,2.371,1.387,-0.769,0
30942,-0.218,-0.62,-1.386,0.774,2.354,0
16327,0.868,-0.246,0.82,0.572,1.344,0
24430,0.325,-0.304,0.033,1.209,0.151,1
16512,0.009,-0.353,-1.105,0.393,-0.811,0
11369,1.722,-1.207,-0.757,-0.016,-0.129,1
27427,-0.222,1.676,0.208,0.732,-0.848,1
28204,-1.42,-0.724,-0.197,-1.016,0.07,1
29425,0.812,1.117,-0.209,0.209,1.325,0
24097,-0.287,0.792,0.16,-1.346,0.911,0
26835,-1.099,-0.508,0.13,0.096,-0.685,1
31275,-0.018,-0.033,0.472,0.694,-2.497,1
24060,0.727,3.05,-1.187,0.841,0.975,0
18584,1.111,-1.672,0.633,1.496,0.542,1
16882,1.134,0.351,-0.529,2.308,1.239,1
20693,-0.006,0.562,0.69,-0.014,0.184,0
22876,-2.119,-0.589,-2.027,-0.59,0.088,1
11850,0.735,-0.898,-0.308,-0.099,0.05,1
22136,0.877,-0.022,-0.111,-0.322,-0.608,0
21803,-0.337,0.271,-0.069,-1.711,0.571,0
13811,0.345,-0.453,-1.782,-2.18,-0.346,0
17437,-0.714,-0.514,-0.227,0.126,2.526,0
30683,-2.355,-1.014,-1.643,-0.632,0.893,0
23949,0.975,-0.546,0.756,-0.962,0.329,1
20101,0.42,-0.777,0.752,0.583,-0.711,1
19694,0.874,0.43,-1.042,-0.123,1.815,0
13478,-0.09,-0.796,-0.2,0.438,0.253,0
22987,-0.953,-0.387,-0.462,0.688,-1.144,0
17733,-0.06,1.034,0.224,0.616,-1.572,0
19879,0.048,-0.069,-2.501,1.379,-0.491,0
27760,-0.629,0.372,1.098,-1.086,0.135,1
18732,-1.15,0.464,0.214,-0.04,-2.2,0
29610,0.8,-0.506,-0.784,1.81,-0.953,0
27982,-1.29,0.273,-0.008,1.54,-0.945,0
13330,0.062,0.433,0.45,0.898,-0.426,1
29758,1.571,1.356,0.442,-1.165,1.42,1
27242,1.109,0.362,-0.129,-2.209,0.593,1
28278,-1.022,-1.615,-1.028,-1.51,-0.301,0
27501,1.839,0.053,1.133,0.024,-0.072,0
20027,-1.174,0.176,-0.073,-0.728,1.172,0
28796,-0.828,0.068,0.755,0.681,0.539,0
28241,-1.392,-1.224,0.214,0.15,-2.423,0
13552,1.637,0.317,-0.77,0.533,2.328,0
31941,1.589,0.409,1.039,-1.438,-2.132,0
22395,-1.527,-0.261,0.158,-0.434,0.949,0
26280,-0.727,0.456,1.446,-0.19,-1.326,0
12294,-0.954,0.407,-0.51,-0.152,-0.207,0
28204,0.922,1.155,0.213,1.153,-1.278,1
15143,1.272,-0.694,-0.394,0.092,0.672,0
18954,0.133,-0.264,1.58,-0.206,2.133,0
18103,0.925,-0.668,-1.348,-1.203,1.058,1
29092,0.028,-0.727,-1.013,0.759,-3.162,0
25688,0.857,-0.794,0.102,1.053,1.05,1
18991,-0.241,-0.202,-1.053,-0.112,-0.653,1
28981,0.787,1.987,0.406,-0.532,-1.262,1
12035,-1.179,-1.364,-1.477,-0.975,0.009,0
10740,0.553,-0.532,-0.93,0.261,0.1,1
16068,-1.205,-0.454,0.098,-1.062,0.251,0
28907,0.941,-0.016,0.122,-1.398,2.157,1
28648,0.294,-2.146,-2.442,0.175,0.044,1
13700,0.925,-1.475,1.074,0.804,0.509,0
19805,0.578,-0.176,0.022,-0.33,0.245,0
15328,0.157,-0.195,-0.912,-1.003,1.496,1
24134,0.558,-0.701,-1.956,-0.778,-0.122,0
20878,0.293,1.473,-0.654,0.157,0.639,0
17400,-0.19,-0.241,0.798,-0.525,-0.131,0
21100,-0.321,0.619,0.414,-1.971,0.591,1
22580,-1.278,-1.972,0.867,0.596,-0.24,1
27797,-0.487,0.849,0.801,-0.167,-1.133,0
26576,0.131,2.479,0.025,0.001,-0.644,0
25281,-0.094,-0.719,0.987,0.882,0.56,1
12590,-1.182,1.024,-0.298,0.068,0.52,0
16512,-0.315,-1.524,-0.77,-1.869,0.442,1
22432,1.217,0.735,1.433,-0.278,-0.17,1
18621,-0.942,-0.509,0.402,1.268,-0.687,0
13848,1.741,-0.115,-0.916,-0.818,1.021,1
13663,2.065,0.853,-1.357,-0.053,-2.26,1
30091,-1.444,1.374,-0.18,0.903,-0.117,0
28278,-0.523,0.578,0.016,1.95,-0.806,0
24467,0.742,-0.86,1.677,0.348,-0.566,1
26391,0.076,-0.12,-1.726,-2.604,0.205,0
27464,-0.012,0.459,-0.892,-0.279,1.193,0
10407,-0.435,-1.078,0.893,0.391,-0.846,1
17585,-1.568,-0.184,1.765,-0.928,0.699,1
24578,0.638,-1.395,1.551,-0.232,0.685,1
13071,0.347,-0.106,0.33,-1.766,1.072,1
17881,0.852,-0.014,0.024,-0.322,-0.87,1
10925,1.728,-0.145,0.089,0.196,-0.614,1
16882,-0.575,1.107,0.846,-0.985,0.911,0
28833,-2.609,-0.739,0.931,-1.301,0.03,0
11961,1.22,-0.601,-1.253,0.344,-1.097,0
18769,-0.965,0.451,-0.11,-1.742,0.845,1
30683,0.645,-0.202,0.321,-0.438,0.224,1
27501,-1.708,-0.734,0.632,1.019,-2.032,0
28870,-0.787,1.319,1.057,-0.948,-1.147,0
25651,-0.914,-0.892,-1.361,0.439,-1.637,0
11924,-0.015,-1.49,-0.451,0.381,-0.146,1
10333,0.525,0.363,-0.522,-0.427,-0.68,1
30942,-0.878,-1.566,-0.673,-1.424,0.08,1
18806,-0.973,0.756,0.089,0.41,-1.027,0
26169,0.638,-0.884,0.18,0.367,2.037,1
13700,1.493,1.144,-0.12,-0.704,-0.221,0
25466,-0.764,-1.532,0.982,1.202,-1.31,1
21618,0.264,0.974,-1.565,1.412,1.438,1
14366,-0.337,0.952,0.959,2.5,0.364,1
14995,-0.598,-1.977,-2.279,-0.552,1.185,0
17881,0.424,-0.641,-2.033,1.172,1.76,1
10888,0.96,0.012,1.58,0.576,-1.013,0
19657,-0.528,-0.512,1.365,-2.312,0.052,0
25022,1.108,0.078,-0.091,1.77,1.002,0
28907,-0.944,-0.152,-2.423,-0.593,0.98,0
15846,1.064,0.208,-1.647,0.858,1.034,1
26798,-0.973,-1.416,-0.005,2.008,-1.447,0
25762,-0.142,0.271,-0.744,-1.07,0.904,1
10148,-0.42,-0.938,-0.393,0.163,0.848,1
12109,-0.447,-0.725,1.471,-0.641,0.206,0
20952,-0.978,-0.273,-1.689,0.756,-0.334,0
27390,0.187,1.803,-1.827,1.519,-0.259,0
11147,-1.634,-0.557,-1.043,1.607,0.987,0
16253,0.369,0.604,-1.248,0.437,-0.378,0
21285,-0.972,-0.117,0.759,0.096,0.554,1
10777,0.055,0.488,-0.011,-0.411,-0.637,0
16438,0.46,-1.019,2.227,0.312,2.569,1
24134,1.275,1.108,0.19,0.673,-1.528,0
25281,1.246,-0.327,-0.479,0.23,-0.033,0
14773,0.573,-1.523,-0.477,-0.213,-0.328,1
26280,-0.469,0.849,-0.443,-0.154,-0.288,1
12257,0.278,-0.779,-0.289,-2.313,1.213,1
20730,1.098,0.827,-0.931,-0.604,-0.269,0
25688,1.048,-0.384,1.109,-0.817,0.285,1
30350,0.061,1.418,0.01,-2.161,0.614,1
18954,-0.749,-1.788,-0.457,-1.378,0.484,0
20323,0.737,-1.382,-0.535,0.511,-0.983,0
24652,-1.673,-0.228,0.219,-0.51,-0.157,0
17955,0.686,0.839,1.634,1.032,0.807,1
15994,1.122,0.237,0.106,-0.581,0.722,0
13219,-0.7,-0.372,-0.903,0.083,-0.209,0
29499,0.127,-1.252,0.394,0.04,1.112,0
22025,1.293,0.542,1.289,0.325,-0.466,1
22987,1.545,0.699,0.877,0.161,0.343,0
30091,-1.869,0.091,0.679,-0.153,-0.03,0
12960,1.415,-0.51,1.125,0.724,-1.003,1
26946,0.06,-1.177,0.118,0.5,0.608,1
27131,-0.4,-1.439,-0.972,-1.291,1.937,1
30757,-1.666,1.332,0.375,-0.136,2.225,0
29647,1.088,1.056,0.425,-1.548,-0.746,1
24134,-0.288,-0.18,-1.209,2.952,0.179,1
22506,-0.072,-0.989,0.094,-0.338,-2.783,0
26576,1.71,-0.632,-1.278,-0.668,1.128,0
26761,-0.057,0.038,-2.028,0.13,1.366,1
21988,-0.668,0.493,0.548,1.122,0.163,0
23986,0.418,0.032,-0.714,-0.201,0.134,0
10000,1.259,-2.176,0.12,0.837,-1.596,1
14847,-2.29,-0.611,0.29,-0.688,0.322,1
17067,-0.366,-0.933,-0.616,-0.001,0.214,1
25577,1.165,1.409,-1.152,0.217,-0.117,1
11850,0.024,-0.498,0.363,0.712,0.203,0
17844,-0.183,0.616,0.905,0.15,-2.639,0
10555,-0.559,-0.19,1.213,-1.661,-0.544,1
19435,-1.086,1.211,-0.37,-0.163,2.207,0
21248,-0.221,1.418,0.248,-0.369,1.053,1
30498,0.06,0.798,-0.617,0.107,1.27,1
14107,-0.404,1.436,1.174,0.805,-0.201,0
10259,-0.436,1.4,-0.677,-0.077,-0.21,0
11887,0.246,1.13,-0.384,0.283,-0.692,1
13441,1.356,0.569,0.87,-1.021,-0.819,0
31793,0.486,0.714,-0.232,-0.939,-1.596,1
17918,0.831,-0.335,1.509,0.017,1.855,0
22654,0.058,-0.769,-0.338,0.921,0.813,1
26798,0.416,0.173,1.93,-0.713,-0.957,1
10407,-0.231,-0.103,-0.969,-1.061,0.545,0
22136,-1.323,0.801,-0.578,-0.496,-0.759,0
26391,-0.872,0.924,-0.405,-0.273,0.523,1
23653,0.475,-0.606,-0.565,1.513,0.225,1
24208,-0.816,-1.099,1.052,-0.566,-0.459,0
31682,-1.281,-0.216,0.072,-0.679,1.809,1
22765,0.258,-1.468,2.029,-2.519,0.798,1
19620,-0.352,-0.155,-0.337,-0.554,0.344,1
13922,0.003,1.021,-1.129,0.654,0.776,1
11702,1.458,0.205,0.281,-1.106,-0.297,1
31608,-0.024,0.147,1.446,0.048,0.565,0
13034,0.486,-0.632,2.08,-0.636,1.019,1
12368,-1.631,-0.697,-0.359,-0.562,-0.355,1
21359,0.069,0.278,-0.975,1.273,1.487,0
24911,-1.071,-0.488,-0.67,-1.009,1.951,0
27390,1.257,-1.547,0.318,-1.421,0.217,1
20545,-0.366,-0.92,1.04,0.105,-1.317,0
22543,0.238,0.501,0.551,-1.201,-2.348,0
17955,0.053,0.582,-0.462,-0.754,0.61,1
11517,-0.148,-0.959,1.341,-0.317,-0.676,0
29980,-0.756,0.133,-1.922,-0.655,-0.037,0
12220,0.537,-1.122,-0.112,1.6,1.357,0
20027,1.002,-0.759,-0.89,0.8,-0.942,1
22321,-0.213,-1.542,0.275,2.239,-1.16,0
14144,-2.355,-0.497,0.96,1.206,1.148,0
12405,1.05,0.222,0.685,1.541,-0.265,1
16919,0.191,0.078,0.644,0.284,-0.806,0
21766,-0.585,0.633,-1.039,0.424,-1.441,1
25429,2.931,-1.035,0.527,0.152,0.241,1
21359,-2.021,-1.535,0.103,-0.602,0.588,0
27057,0.194,-0.521,-1.161,0.371,-2.364,0
30276,-1.202,1.238,0.668,-0.482,1.295,0
17918,1.311,-0.114,-0.693,-0.928,0.264,1
19139,0.384,2.016,-0.314,-1.378,-0.305,0
10148,0.732,-2.402,-2.119,-1.648,-0.186,0
20434,-1.594,-0.379,0.963,-0.864,-0.16,1
28167,-0.164,2.136,0.537,1.002,0.364,0
10333,-0.807,-1.195,0.587,2.251,-1.323,1
11702,-0.276,1.411,-0.097,-0.137,0.744,0
10518,0.272,0.847,-1.571,-0.142,-0.6,1
30646,-1.286,0.339,1.147,-1.446,-0.14,0
15735,-0.533,-1.281,0.237,0.597,-0.152,0
19028,-0.895,-0.505,2.188,-2.086,-0.697,1
30868,-1.331,0.493,-0.049,-0.423,-0.846,0
22765,-1.324,-0.304,-0.4,1.956,-1.942,0
19102,-1.57,-0.355,-0.711,-0.247,-0.246,0
22654,1.355,2.028,-0.056,-0.059,1.242,1
19583,-0.518,1.634,0.259,0.761,-0.952,1
11073,1.134,-0.011,-0.885,-0.386,0.241,0
18510,-0.16,0.951,-1.004,1.176,0.014,0
31423,0.488,-0.196,-0.613,-1.307,1.79,1
10222,-0.685,2.016,0.024,-2.0,1.528,0
28944,1.489,1.533,-0.04,0.205,0.042,1
18584,0.673,0.401,0.916,-0.458,2.101,1
15587,0.805,0.098,-0.229,-0.853,-1.282,0
27649,0.221,-0.658,-0.467,0.924,-1.138,0
25688,-0.437,-0.704,-0.356,0.354,-0.211,1
14514,-0.714,-0.11,0.567,2.271,-0.24,0
10111,-1.857,-0.286,1.78,-0.539,-1.684,1
10074,0.57,-1.005,-1.07,0.103,-0.03,1
14440,-0.429,2.331,0.025,1.425,-1.005,0
28907,-1.311,0.93,0.676,0.554,-1.248,0
30831,-0.835,0.665,0.89,-0.042,-1.74,0
16475,1.012,0.368,-1.725,0.012,0.889,0
32163,0.715,0.37,-0.782,1.101,0.653,1
28426,0.148,1.581,0.866,0.224,0.137,0
17770,0.219,-0.215,0.004,0.02,0.491,1
26354,-0.519,-1.412,1.544,-1.387,0.007,1
20175,-0.169,0.216,-0.171,-1.474,-0.484,1
22432,0.079,1.082,-0.758,1.186,-0.496,0
29906,-2.384,-1.3,0.74,-1.286,-0.193,1
29758,1.457,-0.538,-1.285,0.863,0.309,1
26687,0.357,0.917,-0.804,1.52,-1.161,1
28981,1.149,1.027,2.178,3.108,0.142,0
19472,0.944,-0.179,1.456,-1.705,0.408,1
26169,0.5,0.119,-0.633,-0.415,0.62,1
20804,-0.088,1.851,-0.88,0.07,1.052,1
20212,0.138,-0.987,-1.165,1.784,0.258,0
10740,0.806,0.559,-1.918,0.388,-0.026,1
21100,0.805,-0.128,-0.826,0.928,0.005,0
22691,0.353,1.809,-0.229,0.187,-1.005,1
15402,0.712,1.478,-1.849,0.328,0.645,0
14847,-1.169,0.67,-0.012,0.225,1.264,1
19768,-0.858,-1.038,1.066,0.564,0.408,0
29166,0.396,0.81,-1.042,-0.929,0.796,1
10592,-1.086,-1.1,-1.391,1.667,-1.004,0
20767,1.14,1.258,-0.343,-0.408,-0.331,1
30461,0.283,-0.729,-1.392,-0.127,-0.327,1
14366,0.415,1.844,-2.335,0.655,0.798,0
11739,-0.111,0.589,0.401,-0.093,0.496,0
19953,0.77,1.414,1.197,-1.636,-0.179,0
30387,0.895,-0.705,0.854,0.195,-1.602,1
14884,0.789,0.44,1.096,-2.041,0.242,1
15291,1.882,0.509,0.991,0.07,-1.078,1
17104,0.087,-0.143,0.024,-1.138,-0.145,0
12923,-0.927,0.727,-0.918,1.751,-0.434,1
24356,-0.249,0.013,-1.338,-0.451,1.208,0
13404,-1.555,-0.804,-1.176,0.214,-1.884,1
14218,-1.45,0.103,0.681,0.75,-1.006,0
24097,1.728,0.07,0.33,0.024,-0.458,1
10851,0.041,0.347,-0.526,-0.066,1.367,1
29684,-0.899,1.09,0.995,0.738,-0.674,0
25725,0.169,-0.116,-0.233,-0.032,0.82,0
22247,-1.972,0.555,0.707,-0.064,-1.609,1
24578,-0.44,-0.8,-0.651,-0.165,1.041,1
13848,1.066,-1.113,-1.863,0.051,-0.91,1
11443,1.025,0.112,-1.328,0.296,0.643,1
21137,0.452,0.763,0.332,-0.254,0.325,1
10074,-1.462,-0.72,1.644,0.449,-0.208,0
28352,-0.135,-0.578,0.729,2.148,0.862,1
24800,-0.327,-0.842,-1.943,-0.983,-0.042,0
31016,0.392,-0.057,0.197,1.273,-0.407,0
14477,0.273,0.262,0.336,-0.951,-1.802,0
23394,-0.601,0.23,-1.36,-0.867,-0.186,0
28833,0.806,0.188,-1.784,1.26,-0.863,0
18510,0.505,1.398,0.461,-0.52,0.352,0
25022,0.054,-0.779,0.188,0.923,1.714,1
30942,-0.547,0.001,-0.009,-0.01,-0.204,1
22062,-1.672,-0.263,0.836,-0.576,-0.251,0
26576,0.434,0.85,0.086,1.329,1.489,0
22728,0.887,0.541,-0.367,-0.151,-1.502,0
14255,1.017,-1.134,-0.059,0.994,-0.973,1
30831,-1.314,0.444,-0.098,-0.278,0.253,0
21618,-0.383,-1.059,-2.108,0.728,0.156,1
26539,-0.908,-0.196,-1.139,-1.19,0.459,1
23468,-0.176,1.371,-0.728,-1.068,0.181,0
19287,0.228,1.206,-0.362,2.356,0.294,0
11998,2.262,-0.326,-0.684,-0.429,-0.019,1
30868,0.675,-0.08,-1.716,0.722,-0.828,0
29610,-2.494,0.78,0.359,-0.977,1.179,0
25651,0.061,-0.971,-0.388,0.427,0.064,1
13700,-0.932,0.253,0.254,-0.99,0.514,0
30942,1.723,-0.06,-0.726,0.402,0.548,0
23431,1.893,0.352,0.132,-0.311,-0.988,0
22913,0.211,-0.767,0.596,1.613,-0.298,0
19620,-0.324,1.159,0.513,0.324,1.864,0
26798,0.244,-1.149,-1.516,-0.519,0.196,0
19287,1.406,-0.167,0.679,1.253,0.887,1
18251,0.606,-0.21,1.121,0.139,0.033,1
17511,2.029,0.044,0.799,-1.194,-0.38,1
31016,2.452,-0.226,0.626,0.34,0.59,1
24356,0.23,-0.947,-0.535,-0.848,1.798,1
24282,1.535,0.592,-0.161,-0.402,0.567,0
31830,-0.944,0.615,-1.165,0.432,0.829,0
19435,-1.48,0.362,-0.25,-0.963,-0.926,0
22025,0.704,0.703,-0.048,0.426,-1.742,1
16660,0.285,-0.17,0.095,-0.546,-0.156,1
29795,-0.518,1.01,0.222,0.731,1.884,0
30313,0.834,-0.914,0.104,-0.744,0.982,0
13515,-0.846,-0.497,-0.468,0.663,-2.829,1
19028,-0.836,1.171,0.149,0.628,-0.226,0
27094,-0.753,1.242,-1.026,1.103,0.001,0
27168,-0.358,-0.716,-1.122,-1.577,1.249,0
13515,0.138,1.148,-0.171,-1.494,0.264,0
21100,-0.333,-1.669,-0.669,-0.435,-0.463,0
24393,-0.079,-2.293,0.448,0.407,-0.619,0
26502,1.552,-0.05,0.078,0.185,-0.419,1
24319,-0.806,-0.502,0.56,0.001,2.08,1
22173,-0.38,1.371,-0.517,-0.028,-1.148,0
14551,1.118,-0.164,-1.012,-0.041,-0.222,1
17215,-0.295,1.256,-0.526,-0.171,-0.718,0
10259,-0.045,0.565,-0.886,-1.154,-1.835,1
31830,-0.887,-0.694,-1.397,0.015,0.275,0
29832,0.371,-1.143,-0.09,0.155,0.263,1
13404,-0.823,0.218,0.018,-0.836,-0.347,0
13552,-1.099,-1.411,0.052,-0.59,1.169,1
28093,0.294,-0.943,-0.81,-0.31,0.627,1
19250,-0.29,0.326,0.279,-1.209,-0.627,1
20360,-2.236,0.83,0.368,-1.404,0.159,0
10333,-0.02,-0.72,0.532,-0.106,1.141,1
23061,0.87,0.654,0.64,0.238,-0.188,1
11517,-0.351,0.25,-1.102,-1.377,0.428,0
28796,-1.605,-0.705,0.765,-2.62,-0.676,1
18991,-0.473,0.038,0.167,0.503,0.546,1
27760,0.353,-1.385,1.332,-0.139,-0.932,1
14625,0.559,-0.69,-0.024,-0.258,0.177,0
30350,0.289,-3.071,0.038,0.475,-1.4,1
17178,1.384,1.27,-0.052,-1.111,2.398,1
32015,-0.118,-0.827,0.233,0.931,2.096,0
31275,-0.469,-0.977,-0.213,-0.776,-0.057,0
23098,-0.275,-0.667,-0.018,0.622,-0.168,0
22025,1.158,-1.121,1.516,1.397,-0.765,1
15513,-0.584,-1.798,-0.39,-0.61,-0.94,0
20249,0.189,-1.388,-0.202,1.793,0.884,1
27168,-0.641,0.571,-0.983,0.45,0.285,0
31756,0.683,-0.149,0.136,0.046,-0.093,1
23986,0.217,-0.033,-0.287,0.995,-0.391,0
13108,-0.659,0.819,-0.216,-0.13,-0.503,0
18732,-0.303,-0.797,0.496,0.581,3.261,0
12146,0.54,0.055,0.62,0.07,-0.243,0
23394,2.097,-0.639,-3.07,1.091,-1.301,0
10185,-0.467,1.073,0.435,-0.333,-0.862,1
31090,1.308,-0.874,0.105,-1.12,-1.068,1
26354,-0.505,-0.932,-0.571,0.183,-0.954,1
29277,-0.031,1.007,0.524,-1.244,0.819,0
13552,-0.17,-0.096,-0.003,-1.773,0.613,0
15439,-2.102,2.946,-0.522,0.741,-0.278,0
16919,1.384,0.482,0.701,-0.519,0.961,1
30720,0.193,0.366,1.369,-1.308,1.096,1
12479,-1.482,0.728,0.486,-0.909,-0.343,0
32163,-1.099,0.725,-1.296,0.361,0.411,0
25281,0.096,-1.998,1.328,-0.338,-0.072,1
20508,0.489,-0.28,-2.028,-0.759,0.628,0
13552,1.16,-0.656,0.652,-0.664,-0.436,1
22062,-0.374,-0.246,-0.802,1.08,-2.161,0
11813,0.53,-0.468,0.283,1.345,0.517,0
22247,-1.635,1.132,0.153,-0.834,0.399,1
19176,1.473,0.666,-0.099,0.686,0.561,0
15069,-0.964,-0.238,-1.488,-0.186,0.246,1
25207,1.208,1.212,-0.425,-0.698,0.883,1
10481,-0.521,0.285,0.296,-0.209,-0.563,1
17474,0.547,2.188,-1.151,-1.615,0.655,0
13478,0.141,-1.956,-0.833,-1.581,-0.587,1
17696,-0.865,0.286,0.826,-0.44,-0.658,0
11406,-0.772,-0.596,-1.246,0.803,0.4,0
22210,-0.313,-1.429,1.729,0.24,-2.144,0
30387,1.385,-0.156,-0.132,1.477,0.547,1
21655,-0.311,1.294,0.383,0.474,-0.507,0
20397,-1.238,-0.632,0.648,0.568,-0.972,0
28537,-1.687,0.372,-1.164,-0.167,-0.082,0
17918,-0.567,-0.142,-0.923,0.1,0.914,0
14440,0.056,-1.049,2.962,0.255,-0.743,1
30276,1.539,-0.706,-1.54,-0.547,-0.425,0
16475,1.013,1.305,-1.244,0.897,0.216,0
26391,-0.023,1.004,0.132,-0.789,0.0,0
10037,1.268,2.063,-1.281,-0.886,1.02,1
17437,-0.011,2.17,1.714,-0.345,1.333,1
28500,0.008,-0.974,-0.159,0.169,1.149,0
27020,-0.232,0.449,0.603,-0.724,0.136,0
17067,0.219,-0.619,0.047,-1.53,1.934,0
29943,-1.297,-0.811,0.203,1.668,0.729,0
19028,1.173,-1.228,0.658,-0.422,0.576,1
17474,0.059,1.432,-0.086,-2.477,0.07,1
12442,0.63,0.381,0.137,0.017,0.204,0
18473,-0.101,0.125,-0.505,0.308,-1.763,0
25392,-1.033,-0.391,-0.698,-1.11,0.087,0
27871,-0.514,-0.192,-0.135,1.443,-0.969,1
13552,0.171,0.215,0.988,-0.117,0.248,1
20434,-1.278,1.406,-2.092,1.241,-1.118,0
27205,-1.457,0.536,1.13,0.23,-1.027,0
12035,-1.597,-0.049,2.316,-0.726,0.526,1
22543,0.325,-2.654,-0.192,-0.619,-0.965,1
15920,1.476,0.25,-0.426,0.822,-0.797,1
10740,-0.924,-0.951,-0.246,-0.151,0.365,0
23838,-0.271,-0.591,1.167,-0.258,-0.692,1
19916,-0.05,0.938,0.262,-0.778,-0.153,0
13478,-1.258,0.278,-0.092,0.876,-0.049,1
16290,1.014,0.374,-0.37,-1.59,0.157,1
12738,-0.379,0.464,-1.045,-0.447,-0.705,0
14403,-0.387,-0.101,0.524,1.463,-1.402,1
26465,1.485,0.416,1.067,-0.688,-1.3,1
27427,-0.872,0.131,-0.347,-0.749,-0.741,0
28389,-1.593,-0.318,-0.253,-0.603,0.33,1
26946,-0.024,0.849,2.268,-1.644,-0.955,0
25651,1.09,0.243,-1.096,-0.861,0.318,0
23875,-0.802,-0.213,-1.543,-0.144,0.438,0
24467,0.994,0.835,0.952,-0.249,-0.316,1
23912,-0.847,-0.436,-1.133,-0.215,0.135,0
22062,1.01,-1.285,0.836,0.736,-0.777,1
13959,-0.739,-0.058,-2.344,0.995,0.037,0
22469,-0.514,-0.121,-1.117,-0.306,-0.849,0
17881,-1.028,-0.425,0.341,-0.384,-0.779,0
19546,1.098,0.852,1.048,-0.613,0.813,1
16882,-1.556,1.902,-0.266,-0.253,-0.057,0
22173,-1.04,-0.091,0.005,1.267,-0.309,0
31127,-2.266,0.245,-2.236,0.197,-0.649,0
31016,1.647,1.367,-0.214,-0.095,-0.466,0
25614,1.654,1.798,1.468,-0.89,0.84,1
19546,0.392,-0.001,0.084,1.353,0.328,1
28833,-0.202,1.822,1.255,-0.662,0.11,0
10074,-1.401,-0.969,0.186,-0.675,0.947,1
29536,-1.191,0.672,1.416,1.44,1.307,0
30831,0.059,0.875,-0.094,-1.71,-1.319,0
26317,-0.595,-1.27,0.498,-1.603,0.625,1
16068,0.231,0.657,-0.569,-0.152,-0.675,0
19028,-0.739,-0.552,-2.448,-0.662,-0.116,0
25355,0.188,-0.395,-0.828,0.818,1.021,1
28352,1.379,-0.694,-0.249,-0.862,0.784,0
26206,-0.421,-0.451,0.837,-0.571,0.764,0
15920,-0.481,1.197,-0.965,0.513,-0.113,1
27797,1.543,-0.031,0.778,0.709,-0.298,0
20397,1.231,-1.632,-0.222,2.769,0.025,1
24689,1.7,-0.5,-1.203,0.125,-1.579,0
13811,0.837,-0.502,-1.039,-0.759,0.227,1
25651,0.861,-0.262,0.559,-0.61,1.052,0
25466,1.032,1.246,-0.057,1.386,-0.657,1
29462,0.367,-0.286,0.438,1.677,-0.137,0
18288,-0.1,-1.685,2.298,0.121,-1.186,0
31312,1.298,0.534,0.014,0.893,0.295,1
25984,1.136,2.318,0.18,-1.484,-0.278,1
20767,1.079,-1.403,-2.218,0.579,-0.335,1
10000,-0.962,-0.556,1.377,0.497,-0.05,0
18103,0.442,-0.222,-0.797,1.167,0.561,1
22173,0.228,0.477,1.055,-0.614,0.08,1
22765,0.055,-3.362,-0.199,-2.012,0.85,1
24134,0.252,-0.243,-0.883,0.029,1.296,1
22247,-0.109,1.425,0.295,0.272,0.803,0
11628,1.362,-0.274,-0.09,-1.29,-0.338,1
27057,-0.767,0.97,-0.866,0.105,0.306,0
27538,-0.895,0.15,-0.499,2.073,0.419,0
31756,0.452,-1.498,-0.546,-0.753,-0.288,1
28130,-1.263,-1.288,-0.404,1.16,1.114,1
21877,-1.457,1.368,-1.073,0.216,-1.008,0
15550,1.357,0.337,0.547,-0.526,0.622,1
22580,0.2,-1.056,-0.634,1.184,-1.896,0
22210,0.813,-0.081,-1.69,0.405,1.315,1
26058,1.203,-2.046,0.988,0.474,-0.29,1
23468,0.457,0.335,1.246,-0.742,-0.303,1
22321,-1.496,1.648,-0.495,0.875,-1.271,0
14292,3.026,-1.25,0.527,-0.076,1.42,1
27353,-0.679,1.851,-0.305,1.037,0.68,0
15402,-0.62,-0.325,-0.427,-0.543,-0.372,1
28315,0.112,-0.422,0.151,0.453,0.768,0
12109,-0.182,-0.01,1.228,-1.054,1.327,0
26872,-0.455,0.292,-1.983,0.22,-0.367,1
11258,-0.318,0.446,1.306,0.537,-1.768,1
25355,-0.751,0.48,1.601,0.394,0.16,0
19102,-0.393,-0.525,-0.527,-1.094,1.166,0
21729,1.077,-1.142,-0.193,-0.773,0.193,1
18325,-1.378,0.743,-0.731,-1.128,-1.541,0
13071,-0.405,0.435,-0.951,0.13,-0.148,0
18621,0.684,1.165,-0.935,0.165,-0.553,1
30128,-0.362,0.079,1.467,0.186,0.073,1
13663,0.636,-0.933,0.189,-0.923,3.097,1
16771,0.029,0.13,-0.499,-1.22,0.197,0
30239,-1.013,-0.372,0.61,-0.941,-0.272,0
17363,-0.242,1.792,-1.725,0.431,0.156,0
24134,1.262,0.168,0.12,0.016,-0.938,0
27612,0.393,-1.524,-0.972,-1.262,-0.424,0
27612,-1.227,-1.217,-0.889,-0.517,2.467,1
26280,-0.226,-0.564,2.176,-0.709,-1.98,1
15772,-1.12,-0.921,-0.027,2.12,-2.521,1
19398,-0.856,0.491,0.457,-0.603,2.485,0
27871,0.728,-0.041,-0.43,-0.043,-0.001,1
18658,-2.438,0.246,0.907,1.786,-0.578,0
10740,0.215,0.713,-1.227,-0.311,-1.536,1
27316,0.485,-1.861,1.146,0.038,1.408,1
31682,-0.941,1.113,-0.879,-1.253,-1.361,1
10888,-1.985,-1.414,0.543,0.293,-0.454,1
12405,-0.434,-0.647,0.653,1.847,0.43,0
14995,0.521,-0.361,-2.077,0.055,0.847,1
18214,-0.185,-0.113,-0.675,0.002,-0.475,0
28796,-0.898,1.184,0.53,-0.762,1.093,0
15994,0.141,-0.083,0.229,-1.412,-0.495,0
26502,-2.169,-0.229,-0.807,-0.136,0.217,1
18436,-0.411,-0.054,-1.383,0.252,0.594,1
25466,-1.24,-0.307,0.445,0.606,0.172,0
16845,-1.248,0.225,1.931,1.426,-1.467,0
25651,1.049,1.99,-0.491,-0.045,1.555,0
31682,0.801,1.648,0.021,0.497,0.944,0
15550,-1.156,-1.485,-1.705,0.373,-0.325,1
13885,-0.578,1.48,-1.605,-0.014,-0.834,0
31497,-0.457,-1.975,-1.763,0.452,-0.812,1
14588,-0.352,0.265,-0.434,0.327,-1.126,0
17104,-1.333,0.329,0.377,-1.376,0.135,1
30276,1.396,1.704,-0.287,-1.058,0.388,0
14477,-1.473,-0.299,-0.082,0.52,-0.862,1
24504,1.476,0.376,-0.353,-0.065,-0.479,1
22987,-0.5,-1.009,-0.391,-0.515,-0.089,0
17992,0.159,0.639,-0.165,0.478,0.846,0
31460,1.057,-1.062,0.325,0.977,-0.809,1
29573,-1.703,0.299,-1.989,0.057,-0.434,0
11517,0.464,-0.588,1.235,-1.787,-0.196,1
17474,0.486,1.105,-0.192,0.159,-0.787,0
24615,0.59,0.007,2.224,0.134,-0.13,1
13145,-1.847,-0.49,-0.9,0.206,2.393,0
29314,1.166,0.089,1.136,0.522,-0.285,0
19916,0.269,-0.889,0.689,-0.186,0.615,1
19361,0.132,0.73,0.942,-0.681,0.204,1
24615,-0.037,-0.554,0.216,-0.61,-0.062,0
28278,-0.896,0.091,-1.339,-0.649,1.131,1
13182,0.431,0.397,0.558,1.243,0.074,0
28574,0.015,0.205,-0.603,0.178,-1.129,1
28352,-0.951,-0.651,0.492,1.722,0.147,0
30868,0.527,-1.593,-0.801,-0.158,-1.485,0
21470,1.002,-2.034,0.306,-1.328,0.545,1
19139,-2.093,-0.793,-1.169,1.973,-0.832,1
11850,0.053,-0.893,-1.278,0.576,-1.658,0
18251,-0.066,1.264,-2.152,-1.413,-0.504,0
13663,-1.761,-0.093,-1.083,0.418,1.027,1
21137,-0.639,0.898,0.485,-0.201,2.051,0
10962,-0.394,0.798,-0.716,1.255,-0.919,0
28722,0.809,-1.017,0.692,-1.084,-0.017,1
15032,-1.039,-1.062,0.827,0.698,0.738,1
17363,1.471,-0.176,0.754,0.357,0.836,1
22876,-1.298,-0.888,-1.153,-0.243,0.778,1
18362,-0.933,-0.027,2.465,-1.71,0.398,0
10962,-1.577,1.376,-0.358,1.43,0.159,0
11665,2.832,0.597,1.053,0.547,-1.125,1
14144,-0.708,0.19,-0.604,0.258,2.278,0
10074,-0.833,-1.82,-0.2,0.743,-0.413,1
23024,-1.852,1.513,0.093,1.004,-1.26,0
22432,-0.21,0.63,-1.026,0.75,0.163,0
24060,-0.721,0.293,-0.312,3.567,-0.574,0
30979,1.076,0.037,-0.65,-1.395,0.932,1
27723,1.125,0.191,-0.958,0.868,-0.921,0
17548,-0.236,0.276,0.166,0.005,-0.88,0
18510,1.486,0.051,1.733,-0.867,-0.198,1
17067,0.58,0.018,-0.604,0.991,0.372,1
30017,-0.097,0.541,1.485,-0.025,-1.423,0
10518,0.642,-0.251,1.164,0.596,0.455,1
12701,-0.563,0.969,-0.19,0.59,-1.943,0
15846,-0.468,-1.182,1.259,-0.083,-0.569,1
14033,-0.329,1.56,0.209,-0.319,2.099,1
13256,-0.578,0.85,0.138,-1.312,0.205,0
26724,2.012,1.679,-0.569,1.896,-0.344,0
11258,0.17,0.463,-0.556,-1.238,-0.492,0
29203,0.124,2.22,-0.316,2.36,-1.133,0
26354,-0.585,0.909,-0.036,1.582,0.308,0
18917,1.167,1.158,0.092,1.6,0.865,1
23764,0.868,-0.459,-1.306,0.028,-0.381,1
24689,1.282,1.211,-0.36,-0.595,-1.734,1
11221,-0.302,-0.341,-1.439,0.305,0.488,0
13071,0.419,0.224,1.116,-0.784,0.044,1
23024,-0.29,-1.325,1.577,-2.835,-2.666,1
27686,0.831,-0.147,-0.738,-1.055,0.195,1
18732,0.239,-0.352,-1.267,-1.157,-1.029,1
16882,1.102,-1.993,0.957,-0.454,0.246,0
20508,-1.161,0.507,-0.528,-0.168,0.794,1
31497,-0.144,0.193,0.623,1.047,0.667,1
28648,-1.104,1.815,1.224,-2.031,2.178,0
16549,0.788,0.595,-1.807,-0.934,0.696,1
22173,-1.698,0.195,1.394,-1.123,-0.789,0
31201,-0.297,-0.751,0.381,-0.661,0.119,1
24134,0.481,0.147,0.561,-0.558,0.67,0
12627,-0.553,1.255,0.174,0.229,-1.504,0
