f0,f1,f2,f3,f4,f5,label
1.924,1.245,1.355,-0.27,-1.172,-0.802,0
0.178,1.467,0.942,0.634,0.942,0.408,1
0.208,0.744,1.928,-0.594,1.138,-0.459,0
-0.835,-0.67,-0.747,1.409,0.764,0.552,1
1.771,0.606,0.381,0.001,,0.369,0
-0.485,,-1.594,1.384,0.744,0.018,1
0.175,1.59,0.838,-1.579,,0.16,0
0.097,1.516,-0.283,2.327,0.723,0.585,1
-0.709,0.293,-0.8,0.478,-0.251,-0.339,1
-0.353,-0.153,-0.708,0.2,-0.178,0.493,0
-0.521,0.001,-0.235,0.929,1.547,0.402,1
-1.981,0.885,-0.905,-1.357,-0.013,0.42,0
0.907,-0.89,1.593,-0.619,-1.267,0.225,0
0.161,,-0.731,1.661,2.626,-0.869,1
1.174,-0.553,0.474,-0.584,0.474,0.878,0
-0.158,,-1.249,0.064,,0.596,1
0.975,-1.476,-0.738,1.663,-0.498,-1.196,1
3.007,,-0.348,1.307,-0.729,1.302,1
-0.526,0.006,2.657,-0.124,,-1.834,0
-0.728,0.663,0.86,-0.448,1.74,-1.278,0
1.401,,-0.597,-0.686,0.646,-1.066,0
-0.499,-0.114,-1.196,-0.213,1.249,0.856,0
1.694,-0.759,1.018,-1.337,,0.737,1
-2.19,-1.834,-0.862,0.929,1.022,-0.564,1
-2.101,-0.304,0.389,-0.232,,-0.116,0
-0.036,,-0.859,-0.299,,-0.055,1
-0.471,-2.612,-1.083,-0.879,0.087,-0.438,0
1.412,0.893,-0.252,-0.712,0.651,-0.522,1
-1.916,,0.098,-0.55,0.537,0.375,0
-0.507,-0.145,-0.277,-1.252,-0.161,-1.635,0
-1.522,,0.035,1.304,-1.512,-0.665,1
-1.243,-0.687,-0.619,-0.403,0.392,-0.402,1
0.699,0.311,0.162,1.087,-0.364,0.183,1
-0.188,-1.481,-1.139,-1.141,,-1.531,0
-1.535,0.356,-2.836,0.676,-0.028,0.597,1
1.269,,0.382,0.559,,0.509,0
0.139,0.259,-0.354,-0.844,,0.865,1
-1.661,-0.549,-0.19,-0.498,-0.574,-1.926,0
-0.629,-0.303,-1.486,0.765,,-0.405,1
0.978,-0.341,-0.547,1.835,-0.861,0.67,1
0.476,-0.772,-0.976,-0.194,0.007,-0.398,0
1.109,-0.061,0.321,-1.337,0.22,-0.707,0
0.893,-0.931,-0.67,0.466,-0.746,0.663,1
0.976,-0.822,0.168,0.329,0.107,2.235,1
-0.864,,-0.332,0.544,0.774,0.823,1
-0.47,-0.856,-0.736,1.257,-2.488,-0.464,0
-0.804,0.4,0.651,0.817,,-0.881,0
-0.438,-0.61,-0.345,-0.138,0.679,2.08,1
2.761,-0.549,-0.577,-1.357,0.48,2.086,0
-1.874,-2.108,0.651,0.024,0.749,-1.218,0
-0.708,0.21,0.704,-0.328,,-0.745,0
0.581,0.732,0.052,-0.413,0.255,0.044,0
-0.951,,-0.417,-0.981,-0.426,0.233,1
-0.72,,-0.912,1.835,,0.42,1
0.624,2.383,-0.25,-0.216,,-0.29,0
0.475,-1.118,-0.76,-0.587,1.571,1.263,1
-1.431,-1.685,0.109,0.738,,-1.758,1
-0.167,0.904,0.36,1.036,,0.597,1
0.912,-0.964,0.823,-1.282,-1.63,1.86,1
1.014,0.052,1.145,0.144,1.335,1.361,0
-0.05,0.249,-1.527,-0.295,-0.717,0.731,1
1.636,-0.146,-1.127,-0.301,0.218,1.683,1
-0.131,0.967,0.762,-0.649,0.444,-0.598,0
-0.598,-0.551,-0.468,-0.097,-0.139,-1.38,1
-1.021,1.278,-0.695,1.367,-0.253,-1.304,1
-1.19,0.481,-1.22,-1.141,,1.364,0
-1.736,-1.036,-0.905,1.438,-0.545,-1.522,1
-0.154,,0.694,-0.56,-0.841,-0.513,0
-1.286,0.404,-0.459,1.773,0.824,0.631,1
-0.209,,-0.288,0.638,0.462,1.018,1
0.263,-0.397,0.365,0.452,-1.278,2.202,1
-0.58,2.477,0.177,-0.013,1.633,1.673,1
-0.288,-1.303,0.228,0.066,0.633,0.772,0
-0.956,0.077,0.559,-0.621,,0.097,1
-0.804,0.275,-1.451,1.392,0.732,-0.083,0
0.657,-0.53,0.737,-0.717,0.505,-2.037,0
0.097,-0.678,1.165,-1.175,-0.254,-1.577,0
-2.104,-0.719,-0.834,-0.505,-0.152,-2.423,0
-0.002,,1.894,-0.106,-0.945,-0.945,0
0.593,-2.375,-0.213,1.9,-0.739,1.479,1
-1.152,-0.349,0.531,-0.122,-0.033,-1.3,0
-0.864,,-0.374,1.902,0.621,0.01,1
0.221,-0.087,-0.325,1.684,0.777,-0.067,1
0.019,1.119,-0.144,-0.87,0.87,0.902,1
1.47,-1.053,-0.267,1.242,-1.058,-0.864,1
-0.704,1.528,0.098,1.453,1.083,0.214,0
-0.881,-1.996,-1.05,0.468,-0.613,-0.802,1
-1.262,-0.061,0.076,-1.275,,-0.08,0
0.288,1.791,1.605,1.777,0.769,0.412,1
0.58,-0.901,-0.08,0.234,-1.331,1.063,1
1.327,0.087,2.6,0.209,,-0.659,1
-0.087,-1.737,-0.418,-0.87,,-0.704,0
1.491,0.111,-1.723,-0.83,1.737,-1.095,0
-0.797,,1.849,1.21,-1.071,0.062,1
-1.23,0.207,-0.963,0.308,,-0.583,0
-0.622,-0.149,-0.272,0.659,0.464,0.874,1
0.978,-1.494,-0.201,-1.374,0.239,-0.978,0
-1.408,-1.442,-0.221,0.509,,-1.378,1
-0.109,1.504,0.172,0.883,-2.184,-0.261,1
-0.391,-1.204,0.117,2.434,,-0.188,1
-0.192,0.472,-0.946,-0.93,-0.392,-0.032,1
-1.448,0.046,-0.313,1.852,1.191,1.553,1
-0.001,0.596,1.392,0.428,0.559,-0.517,0
-0.226,-1.15,-0.428,0.295,,-0.063,0
-1.919,,-0.647,-1.429,-1.559,0.736,0
1.008,,-0.103,-1.25,0.604,0.976,0
0.039,-1.275,-0.022,-1.202,,0.046,1
1.01,,-0.085,-1.408,-0.311,0.94,0
-0.237,-0.646,-1.87,-0.843,2.666,0.14,0
-1.329,1.277,0.156,2.054,-1.796,0.802,1
0.19,-0.603,0.643,-1.301,,-2.272,0
-0.323,0.902,-0.985,-0.254,,0.435,0
1.203,0.329,-0.046,-0.586,,0.58,0
0.412,-0.321,0.627,-1.24,-0.353,-0.079,0
-0.836,-1.163,0.27,1.472,0.602,-0.114,1
-0.456,,1.11,0.756,1.421,-1.351,1
0.016,-0.211,1.738,-2.183,-1.116,-0.373,0
0.707,,-0.82,0.56,,-0.392,0
0.222,0.458,0.916,-1.309,-1.108,-1.308,1
1.017,-0.109,0.758,0.344,-0.796,-0.373,0
0.261,0.048,0.538,0.358,,0.436,1
2.119,-0.601,-1.96,1.506,1.358,-1.929,1
-0.564,0.305,0.288,-0.968,-0.666,-1.157,0
1.018,1.002,-0.732,0.327,1.743,-0.486,1
-0.976,-0.694,0.191,-0.288,0.526,-0.226,1
-0.172,-1.275,1.218,0.875,1.589,-1.391,1
-1.545,0.388,0.836,-1.345,-0.998,-1.131,0
-0.61,,0.711,0.307,0.836,-0.47,0
1.152,-1.454,-0.414,-1.989,1.346,-0.586,0
0.739,0.466,-0.413,0.771,-1.802,0.132,1
-2.125,-0.651,1.808,0.159,0.154,0.844,0
1.256,0.41,1.465,2.148,,-0.201,0
-0.45,1.488,1.444,0.683,-0.052,1.824,1
-1.134,1.204,-1.746,-0.256,-0.295,-0.794,0
2.369,-1.228,-1.701,-0.099,0.82,0.263,0
1.798,-0.68,0.207,1.047,-0.374,0.853,1
0.055,,-0.093,-1.776,-1.549,0.031,0
-1.26,-0.245,-0.982,-0.817,0.233,-0.678,0
-0.437,-0.331,-0.185,-1.089,,-0.336,1
0.699,-1.058,-0.079,-0.384,-0.46,0.482,0
-1.072,-1.077,-2.349,0.67,-0.431,-0.984,0
-0.512,0.19,1.078,0.922,,-0.741,0
-1.075,-2.581,-0.439,0.286,-0.647,-0.18,0
0.784,-0.439,0.226,0.747,-0.24,-0.825,1
0.7,-0.324,0.754,-0.56,,0.191,0
-1.554,0.368,0.957,-0.479,-0.725,-0.018,1
0.688,,0.834,0.45,1.487,-0.224,1
-1.144,,0.754,-0.353,-1.557,0.202,1
0.86,-2.047,0.162,-0.955,-0.589,-0.914,1
-0.897,0.179,-1.816,-1.316,0.746,0.886,1
0.252,1.355,-0.332,0.03,1.496,-0.483,0
2.277,-1.777,-1.287,-0.499,-0.096,0.42,0
-0.241,-0.763,-0.867,-0.513,0.331,0.652,0
-1.244,0.227,0.844,-2.271,1.565,0.451,0
-1.35,0.748,0.434,0.408,-0.638,-0.718,1
0.263,0.168,-0.7,-0.549,-0.309,-0.286,0
1.175,1.187,-0.46,-0.782,-0.158,-0.21,0
-1.984,0.272,0.602,-0.215,0.067,0.444,0
-0.089,0.358,-1.417,0.904,2.85,0.686,0
-0.576,,1.629,0.322,,1.017,1
0.11,0.244,0.516,-0.129,-0.667,-1.623,0
0.037,1.098,-1.209,0.249,-0.107,1.07,1
-1.001,0.858,-1.165,0.02,-1.613,-0.284,1
0.365,0.601,1.213,-0.266,,0.933,0
0.048,1.431,-1.088,-0.74,,0.77,0
-0.637,1.385,-0.282,0.189,-0.487,-1.533,0
-0.147,-0.825,-0.589,-2.161,-1.67,0.81,0
-0.827,1.086,-1.749,1.566,-0.955,-1.175,1
-0.464,-0.549,0.919,-0.588,-0.989,-1.755,1
1.23,0.822,0.67,-1.145,0.512,1.212,0
1.114,-0.359,0.719,-0.259,,0.472,1
-0.154,-1.514,-0.229,-0.232,-0.282,-0.462,0
0.91,,0.29,-2.139,-0.505,-2.12,0
-0.095,-0.49,-0.694,-0.403,0.022,-1.567,0
0.027,-0.366,0.336,0.398,1.42,2.757,1
-0.861,-1.123,-0.453,0.427,-1.137,-1.417,0
-1.434,0.703,-0.879,2.135,0.412,-1.131,1
0.09,2.549,0.297,1.828,-0.008,0.07,1
-0.156,-1.125,-1.85,-1.362,0.845,-1.725,0
0.396,1.562,-0.328,-0.646,-0.451,-0.548,0
-1.635,-1.433,0.104,-1.465,0.248,0.732,1
-0.983,-0.677,0.493,-0.085,-1.985,-0.268,1
-0.482,-0.731,0.096,-1.721,0.23,-1.692,0
-0.186,-0.764,-0.758,1.493,0.132,0.682,1
-0.044,-1.762,0.285,1.073,0.271,0.094,1
0.78,-1.508,-0.032,-3.134,0.843,-1.406,0
1.498,-0.231,0.06,0.628,-0.72,2.505,1
-1.915,-0.201,-1.006,-0.02,1.137,-0.761,0
-0.056,1.106,-0.67,0.21,,-0.025,0
-1.526,0.408,0.302,-1.779,0.176,0.287,0
-0.489,1.246,0.098,-0.178,0.97,0.025,0
-1.668,-0.376,-0.775,1.509,-0.756,1.177,1
-0.28,1.99,-0.175,-1.062,-0.691,2.304,1
0.819,0.346,-2.829,0.613,0.105,0.462,1
-0.255,0.058,-0.447,-0.024,,-0.998,1
-1.051,-0.679,0.38,1.225,,-0.695,0
-0.446,0.237,-1.051,0.031,,0.151,1
-1.258,3.834,-0.941,0.477,-0.688,-1.334,0
1.307,1.321,1.251,1.237,-0.975,1.281,1
1.497,0.581,-0.907,0.519,,-0.906,1
0.039,,0.199,-1.39,-0.318,-0.717,0
0.723,0.106,-0.009,-0.149,0.137,-0.658,0
-1.909,0.587,-0.473,-0.564,1.082,0.741,1
1.218,-0.735,-0.149,0.233,,-1.392,0
-1.744,0.715,2.164,0.942,0.099,-1.271,1
0.958,0.085,-1.309,-0.038,,-3.2,1
-1.74,-0.624,1.91,-0.721,,-0.56,0
-0.995,,-0.853,-0.578,-0.173,1.179,0
-0.739,0.645,0.019,-1.135,-1.151,-0.584,0
-1.409,-0.444,-0.826,1.2,0.64,-0.184,1
2.187,1.888,2.046,0.213,-0.876,-1.199,1
-0.974,-1.63,1.179,0.682,2.006,0.417,1
-1.278,0.722,-0.044,0.801,1.116,-0.924,1
-0.276,-0.005,0.699,-0.479,1.275,0.862,1
1.456,1.485,-1.19,0.905,,0.217,1
-0.798,-0.27,-0.177,-1.252,-0.031,1.255,0
-1.405,,1.744,1.102,0.832,-0.685,1
0.691,0.605,-1.478,-1.129,1.256,1.913,1
-0.16,-1.806,-0.828,1.676,,-2.044,1
0.841,-0.5,1.221,1.17,1.305,-0.506,1
-0.08,-0.516,-0.102,-0.593,0.406,1.008,0
0.918,0.684,1.849,-0.728,-1.811,-0.348,0
-0.365,-2.345,-1.628,0.581,-1.381,1.771,1
0.58,2.244,-0.583,-0.265,-0.282,-0.14,0
-0.19,-0.908,0.284,0.639,1.066,0.019,1
0.431,,0.438,-0.498,-0.51,-1.53,0
-0.471,,-0.826,0.015,-0.963,-0.19,0
0.048,-0.16,1.792,0.386,0.846,-0.018,1
0.371,,0.437,0.425,-1.224,0.232,0
-1.095,0.884,-0.067,0.134,0.017,0.069,1
-1.088,,-0.86,0.453,2.081,0.785,0
-0.725,1.027,0.681,-0.373,0.259,1.187,0
0.479,0.826,-1.891,0.516,-0.496,0.166,1
2.461,-0.899,-0.482,0.294,-2.335,-1.674,0
0.585,-0.109,0.772,-0.875,-0.028,-0.389,0
-0.465,0.673,-0.525,0.535,0.047,1.534,1
0.474,-1.518,-0.106,0.003,-2.54,0.656,1
0.852,1.614,-0.056,0.109,1.943,-2.001,0
-0.053,0.593,0.272,-1.08,-0.016,1.279,0
1.649,-0.063,1.084,-1.544,0.155,0.729,0
-0.621,-0.459,-0.074,0.704,-0.284,-0.404,1
-0.344,-0.634,-0.803,1.699,-0.202,0.259,1
-1.337,0.213,-1.322,-0.262,0.937,0.049,0
1.873,1.475,-0.73,2.624,-0.792,0.845,1
0.754,-0.331,0.435,0.814,,-0.531,0
-0.64,,2.655,0.814,0.493,0.545,1
0.285,0.084,0.981,-0.235,-0.896,-0.95,0
1.236,-0.559,-1.056,-0.234,-0.046,-3.525,0
0.508,,-0.084,0.56,-2.824,-0.289,1
-0.857,0.345,0.439,-0.209,,0.92,1
-0.467,1.378,-0.548,-0.799,,-0.214,1
1.08,3.208,-0.3,-0.035,0.533,-1.003,1
-0.122,-0.516,-0.828,1.46,0.295,1.57,1
-1.854,0.071,1.436,-0.472,-1.046,-1.304,0
-1.667,,-0.503,1.301,1.163,-0.447,1
-1.172,-0.059,0.21,0.373,1.102,0.833,1
0.122,0.652,0.054,-0.846,2.337,1.435,0
1.047,1.176,-0.578,2.118,1.173,-0.723,0
1.089,,1.598,0.962,0.269,-1.242,1
-0.916,,-1.238,-1.044,-0.679,0.489,1
1.188,1.037,-0.102,-0.55,2.015,-2.578,0
-0.321,-1.235,-1.772,0.473,-0.452,0.809,0
-0.426,-1.372,1.226,0.636,-0.393,0.054,1
-0.494,0.217,2.046,-0.438,1.118,-0.928,0
1.681,,-1.453,-0.863,,1.259,0
2.179,0.671,0.516,1.681,1.189,2.315,1
0.356,0.199,1.408,0.405,-0.429,-0.753,1
1.537,-2.27,-1.11,-0.435,-0.915,0.145,1
1.46,-0.377,-0.629,-0.313,0.692,-1.498,1
0.284,-0.071,0.315,0.886,0.657,-0.114,0
1.537,,-1.067,-0.14,,0.637,1
1.688,-1.221,-0.055,-0.61,1.668,-0.122,0
-0.394,0.131,1.387,-0.635,-1.578,-1.569,0
-2.177,-0.091,2.056,1.37,0.043,-1.357,0
0.177,-0.584,1.476,0.684,0.64,0.068,0
0.143,1.122,1.472,-2.424,-0.886,-0.545,0
0.35,-3.753,0.163,0.969,0.085,-0.448,1
-1.1,2.082,-0.049,-0.711,,-0.603,1
0.39,0.041,-1.09,0.498,-0.346,-0.412,0
-0.16,1.772,-0.656,1.168,,-0.056,0
-0.22,-0.417,0.93,-0.822,,-0.494,0
0.527,-0.457,0.162,-1.593,0.382,-0.392,1
-1.999,0.71,1.235,1.05,0.302,0.378,1
1.458,-0.981,1.505,0.382,0.037,-0.437,0
0.375,,-1.38,0.268,,0.728,0
-1.607,0.02,-0.539,0.237,-0.019,-1.375,1
0.465,0.386,0.115,-0.802,-1.174,-0.165,0
-0.783,0.563,-0.293,0.061,0.055,1.365,1
0.677,-1.047,0.237,1.789,1.175,1.146,1
-1.108,-0.691,0.839,0.146,0.681,2.086,1
1.423,0.957,-1.179,-0.225,1.724,0.087,1
0.86,-1.513,-2.079,-0.3,,0.119,1
-1.237,,-1.285,-0.008,0.522,0.016,1
-1.434,,-0.634,-1.05,-1.518,-1.279,0
1.428,-0.419,-1.338,-0.169,0.297,0.844,0
-0.371,0.075,-0.144,0.932,0.396,1.954,1
-0.841,1.033,-0.898,-0.654,0.219,-0.278,0
2.803,0.162,-0.104,0.878,-0.79,1.309,1
-1.466,,-0.741,-0.825,-1.734,-1.306,0
0.398,0.754,1.426,1.017,-0.943,1.291,1
-0.677,-0.672,0.548,0.188,-0.901,0.311,0
-0.539,,-0.945,0.546,-1.327,1.015,1
0.782,0.042,1.202,0.312,-0.387,0.404,1
-0.581,0.252,0.068,0.075,,0.127,0
0.794,0.811,0.324,-0.707,,-0.84,1
-0.205,0.407,-0.483,-0.702,-0.433,0.421,1
1.472,0.217,-1.169,-1.263,-0.937,1.722,1
0.707,,-0.009,-1.219,-3.078,0.283,1
-1.323,1.279,-1.808,0.729,1.669,0.4,1
-1.12,1.596,-0.409,0.648,0.574,0.545,1
0.08,1.174,-1.786,0.492,-0.156,0.191,1
1.188,0.941,-1.754,3.288,,-0.227,1
-1.863,-0.446,1.06,1.009,1.199,-0.851,0
-0.257,,0.56,-0.652,1.895,1.419,1
0.323,0.162,-0.198,0.438,-0.607,-0.268,1
-0.685,-0.985,0.329,0.372,,-1.218,1
-0.127,-0.471,-0.656,-0.172,1.014,-0.843,0
0.016,,2.233,1.559,-0.218,-0.082,1
-0.514,-0.054,0.98,-1.044,-0.475,-0.225,0
-1.563,,0.534,-0.499,-1.734,0.864,0
0.844,-0.391,-0.087,-1.089,,-0.101,0
-0.826,0.453,-1.495,0.958,1.307,-1.923,1
-1.094,1.188,-0.687,1.382,0.535,-0.003,1
2.31,-0.231,-1.01,-0.335,1.115,0.685,0
-0.027,-1.264,-0.041,-0.305,1.24,0.613,1
0.164,-0.271,1.329,-0.442,-0.934,-0.419,0
1.686,,-2.346,0.985,,0.338,1
-0.388,0.953,0.171,-1.481,-0.236,-0.732,0
0.275,-0.684,-0.943,0.75,-0.606,0.199,1
1.494,-1.445,0.45,-1.193,-1.984,0.071,0
0.342,0.724,-0.09,1.647,-0.924,1.256,1
1.077,-0.456,-0.314,-1.444,-0.386,1.807,1
-0.434,-0.547,-1.568,-0.039,-0.1,-0.852,1
1.459,0.571,-1.172,1.311,-0.683,-1.901,1
0.325,-0.095,-0.25,-1.046,0.933,0.95,0
1.202,0.454,0.087,-0.32,-0.205,-0.41,0
0.09,0.406,-1.386,0.739,,0.229,1
-0.212,,1.128,0.721,0.538,0.508,1
-0.283,,0.782,2.78,-1.179,-0.291,1
-0.381,-0.859,0.277,0.494,0.866,0.552,1
0.514,0.172,-0.061,-1.157,,0.082,0
-0.227,2.639,-0.627,0.287,,1.016,1
-0.597,,-0.496,-1.416,,-0.304,0
-1.239,0.435,1.205,0.818,0.686,0.544,1
-0.191,0.333,-1.263,-1.495,,-0.168,0
-0.307,-0.846,1.086,-0.928,0.175,-0.363,0
0.728,-0.049,-0.461,1.536,-1.493,-0.417,1
-0.089,0.378,-1.059,0.98,,-0.653,0
-0.901,-1.151,-0.443,0.651,-0.449,0.715,1
0.923,-0.508,-1.566,1.112,-0.778,-0.195,1
-1.391,-0.971,-1.638,-1.953,0.291,-0.026,0
-0.965,1.788,-0.571,0.612,1.124,0.165,1
-0.68,-0.125,2.027,0.948,-1.198,-1.475,1
0.319,1.229,0.728,0.56,0.551,0.249,0
-0.155,-0.381,-1.555,1.95,-0.84,0.246,1
-0.083,-0.632,1.213,1.479,-1.523,-2.153,0
-1.278,-0.641,1.707,-0.192,-1.205,-0.498,0
0.026,,-0.372,1.2,,-1.397,0
-0.812,0.182,-1.845,-0.174,0.746,1.179,0
0.474,0.937,-1.43,-1.155,0.919,-0.133,0
0.582,0.239,2.054,-0.881,1.081,-0.379,0
-0.368,0.187,0.826,-0.382,1.96,-0.417,0
0.337,-0.339,1.802,-0.325,-0.545,0.265,0
0.077,,0.905,0.964,,-2.213,1
0.296,-0.571,-0.271,0.13,0.317,0.511,1
1.643,,-0.491,0.067,,0.293,0
0.333,-1.378,-1.039,-0.856,-0.043,1.291,1
0.679,-1.275,0.032,1.066,-1.356,0.206,1
0.987,-0.666,0.517,0.979,,-0.829,1
0.88,0.402,1.312,0.879,1.035,-1.051,1
0.119,-0.062,2.058,-1.771,-0.473,0.002,0
0.829,,0.17,0.27,-0.066,0.639,0
-0.137,0.402,0.119,-0.348,,-0.171,0
1.752,0.083,-0.24,-0.458,,-1.08,0
-0.141,0.626,0.435,0.359,0.984,-0.315,0
-2.473,-1.369,1.189,-0.44,0.277,-0.322,0
-0.924,-0.284,1.854,0.634,-0.665,0.47,1
-1.272,-0.484,-0.951,0.205,,-1.07,1
-0.094,-0.107,-2.486,-1.469,0.426,-0.638,0
0.624,,0.399,-1.186,1.203,0.75,0
0.145,0.801,-0.649,0.329,,-1.766,1
1.494,,-0.892,-0.85,,-1.267,0
-0.19,1.044,0.656,1.543,,-1.49,1
-0.061,1.483,-0.911,0.773,1.001,-1.262,0
-1.132,-0.331,0.092,0.12,,-1.311,0
-0.707,1.349,0.377,0.419,0.666,0.371,1
-1.021,-0.374,1.301,-0.632,-0.446,-1.103,0
-0.262,-0.042,0.088,-0.232,-1.474,-0.894,0
0.49,-0.117,-0.875,-0.489,,-0.255,1
0.992,,-0.363,-1.625,-0.888,0.344,0
0.488,0.147,0.772,1.582,0.076,-1.317,1
1.871,-0.125,-0.089,0.237,1.801,0.523,1
0.213,-2.184,-1.136,0.241,-0.715,1.319,1
-0.213,-0.382,-0.027,2.026,0.64,-0.999,1
0.502,-0.162,0.325,0.568,,0.764,1
-0.557,0.107,0.033,0.899,-0.269,0.619,1
-0.744,-0.755,-0.908,0.911,0.692,-2.171,0
0.601,,0.179,-0.628,-0.098,0.837,1
0.044,,0.929,0.37,1.301,0.312,0
0.833,0.262,0.549,0.545,-0.99,0.637,1
-0.215,-0.374,0.818,1.087,-0.933,-0.441,1
-2.095,-0.387,-1.436,-0.267,,-0.604,0
0.016,0.397,0.193,0.732,-0.077,0.877,1
0.939,-0.49,-0.379,1.868,-0.754,1.31,1
-0.778,-1.609,-1.122,-0.732,0.219,0.017,0
0.77,0.622,-0.662,-0.842,-0.024,-0.851,1
-1.25,-0.527,0.637,1.025,-0.71,0.455,1
-1.827,-0.074,1.683,-0.43,0.25,0.401,1
-0.927,-0.112,-0.932,1.416,1.921,1.687,1
-2.218,0.577,0.876,1.147,,-1.247,1
0.262,-0.857,-0.11,-0.446,0.093,0.762,0
-0.761,-1.381,0.617,2.223,,0.503,1
0.518,-0.115,-1.452,-1.998,-0.095,0.391,0
0.733,1.122,-0.415,-0.335,2.3,-0.815,0
-0.709,-0.051,-1.3,0.848,-1.11,0.888,1
0.911,-0.091,-0.201,0.406,-0.761,0.916,0
0.844,0.222,1.624,0.353,-1.347,0.255,0
-1.388,-0.185,-0.244,-1.665,0.434,0.24,0
1.391,,-0.392,-2.919,0.499,-0.724,0
0.513,0.236,0.493,0.2,,-0.864,1
-0.791,0.229,-0.863,-0.113,,-0.372,1
0.386,0.264,-1.262,-0.125,-0.026,-1.836,0
0.033,-0.332,-0.161,-0.383,-0.557,1.041,1
0.561,1.013,0.522,1.059,-0.87,-0.215,1
-0.044,0.39,-0.267,1.265,1.33,-0.015,0
-0.55,,0.187,-0.821,0.013,-0.38,0
1.146,,1.163,-1.886,-1.677,1.251,0
0.367,,0.181,-0.061,-1.616,-0.657,0
-0.165,0.054,-1.662,-1.404,0.796,-0.456,0
-0.05,0.045,1.736,0.13,-0.951,2.467,0
0.318,-0.245,-1.253,-0.097,-0.876,1.318,1
0.603,-0.201,0.429,0.816,-0.565,-1.456,0
1.596,,-0.245,0.983,2.434,-0.189,1
-0.283,-0.601,-1.718,-1.536,-0.386,-0.26,0
-2.074,,-0.351,-0.581,-1.334,0.862,0
0.972,-0.22,0.914,-0.936,-0.445,-0.367,0
0.438,1.014,-0.254,-1.119,-0.039,0.384,0
-0.414,1.87,-0.788,1.328,-0.016,-0.447,0
0.403,,0.074,-0.89,1.245,0.206,0
-0.886,,-0.803,-1.098,1.385,0.03,0
0.03,-1.817,0.709,1.436,0.325,0.148,1
-0.951,,-0.4,-0.329,0.094,-0.575,1
1.041,,-1.476,-0.928,-1.179,-1.221,0
-0.785,0.241,0.117,-0.565,,0.246,0
-2.168,-0.189,2.523,-0.219,2.35,-0.501,0
0.851,0.682,-1.707,-1.918,-0.334,0.109,1
1.083,0.695,-0.208,0.419,0.366,1.456,1
-0.854,1.68,1.332,-1.139,-0.768,-0.506,0
0.143,0.434,-1.493,0.175,0.922,-0.574,1
-0.003,1.605,1.225,-0.462,,0.883,0
-0.724,,-1.455,-1.505,0.58,1.14,0
0.075,1.104,-0.699,1.35,1.113,-1.325,1
-0.617,,2.384,0.516,,-0.904,0
0.889,-0.167,-0.353,-0.051,-0.665,-0.795,0
-0.977,1.043,0.669,0.931,,-2.813,1
1.019,0.214,1.725,0.278,0.659,1.354,0
1.146,0.03,0.03,0.264,0.384,-0.098,1
-0.819,,0.166,1.872,-2.42,-1.099,1
-1.56,0.057,-0.253,0.787,0.553,0.324,1
2.976,0.341,0.98,-1.39,0.083,-1.208,1
-2.88,-1.449,-0.804,0.069,,-0.381,0
0.768,-0.01,-0.701,-0.931,-0.518,-0.382,0
-0.537,-0.991,0.139,-0.17,0.758,-0.913,0
0.11,-0.736,0.186,0.847,-0.49,0.745,1
0.158,0.521,2.093,-0.062,,-0.023,0
-1.74,1.119,-0.09,0.104,,0.451,1
0.179,,0.209,0.821,1.305,0.464,0
-0.67,,-1.034,-0.702,,-0.08,1
-0.311,2.616,-0.355,-0.374,0.829,-0.188,1
-0.167,,-0.582,-0.525,-2.594,0.872,1
0.166,0.466,0.925,0.277,1.046,1.807,0
0.141,,-0.689,0.179,0.782,1.097,0
1.024,-1.524,0.938,-0.161,-1.5,2.355,1
-0.381,0.733,0.3,-0.606,-0.84,1.562,1
-0.49,-0.685,0.462,-2.048,,-1.348,0
1.048,0.973,0.084,-0.92,-0.733,-1.513,1
0.509,1.25,-1.081,-0.805,,0.85,1
-0.937,-0.267,1.165,-1.151,-0.81,-1.306,0
1.198,-0.238,1.895,-0.416,1.27,0.113,0
-0.783,,1.396,0.141,0.868,-1.487,1
-1.467,-1.426,-1.406,1.794,-1.86,-0.148,1
1.993,0.864,-0.345,1.66,,0.166,1
-0.145,0.946,-0.342,0.947,0.111,-0.997,0
1.365,0.684,-0.435,0.778,,0.897,1
1.265,,-1.584,-0.094,-2.45,0.153,1
-1.501,1.837,1.754,-0.758,-1.668,-0.234,1
0.059,,-0.287,0.613,,0.293,0
-0.241,0.116,-0.305,0.676,,0.589,1
-0.069,,-0.821,-0.663,,-0.044,1
-0.675,0.53,0.713,-0.718,-1.204,-0.431,1
0.508,1.443,0.483,-0.221,-0.621,-0.418,1
-0.758,-0.362,0.57,-1.272,-0.228,0.436,1
0.42,,-0.549,-0.327,-0.024,-0.157,1
-0.19,-0.814,1.127,0.887,0.964,1.154,1
-1.028,1.228,-1.328,1.289,0.285,-0.068,1
-0.079,-0.57,0.263,2.094,-1.112,-0.119,1
-0.304,-1.209,1.138,-1.064,-2.474,0.841,0
0.285,0.729,-0.629,-0.627,-1.01,0.771,0
1.079,0.337,-0.518,1.069,1.443,0.371,0
1.689,,-0.679,0.302,-0.968,-0.65,0
0.927,0.632,-0.459,-1.488,-2.333,-0.515,0
0.923,-0.704,0.961,-1.582,0.677,-0.473,0
2.078,-0.383,0.164,1.013,0.269,0.98,0
-1.272,,0.156,-0.174,0.271,0.242,0
-1.065,-0.9,0.071,-0.089,,0.259,1
0.593,0.777,-1.517,-1.351,,-1.914,0
0.129,,-0.165,0.184,0.09,-0.044,0
-0.369,,0.069,-0.083,,1.417,0
0.948,0.325,-2.645,1.534,-0.008,-0.441,1
-1.032,-0.134,0.605,-1.484,-1.458,-2.028,0
0.785,1.181,-0.496,-1.363,-0.829,1.172,1
-1.119,-1.201,0.635,0.674,-0.663,1.915,1
0.358,1.561,0.202,-0.627,1.413,-0.222,0
3.746,-0.286,1.17,-0.368,0.93,-0.029,0
-0.099,-0.108,0.108,-0.269,0.242,-1.29,0
-0.023,-1.514,0.978,0.234,0.261,-0.745,0
-1.24,,-0.341,1.29,-0.295,-0.07,1
1.317,-0.528,-0.982,0.124,0.221,-0.81,0
-0.293,-0.118,0.662,-0.568,-0.511,-0.556,0
1.027,1.631,0.291,0.349,-1.176,0.692,1
-0.963,0.024,0.856,-1.211,-1.494,0.712,0
-0.748,-0.592,-0.157,0.276,0.519,-0.732,1
0.082,,0.095,-1.395,0.268,0.869,0
-0.364,0.489,-1.297,-0.187,0.51,0.274,1
0.705,0.227,-0.796,-0.712,,0.603,0
0.186,-0.268,0.501,1.314,-0.444,0.033,1
1.813,0.445,0.398,-0.314,,0.203,1
0.501,0.027,0.957,0.552,-0.682,0.261,0
0.152,1.826,0.435,0.035,0.458,-0.418,1
-0.302,0.466,0.31,-0.272,1.58,0.494,0
-0.361,,0.605,-0.36,-1.816,-1.184,0
0.323,-0.758,-0.165,-0.897,,-0.509,0
-0.08,-2.866,1.698,0.141,-2.406,0.517,1
2.583,,-1.108,0.489,0.77,0.03,1
-0.488,-0.608,-0.884,-0.144,,0.633,1
-1.224,0.684,-0.202,1.009,-0.142,-0.786,1
1.018,0.052,-0.406,-0.17,0.717,1.359,0
0.765,-1.74,0.445,-0.882,0.795,0.042,0
-0.4,0.602,-0.315,-0.929,0.251,0.558,1
0.64,-0.833,-0.33,0.451,-0.128,0.477,1
-0.343,1.353,-0.978,-0.164,-1.402,-1.204,1
-0.229,,-0.564,-0.393,0.084,1.236,0
1.42,0.527,-0.216,-0.386,-1.616,0.345,1
-0.732,0.246,-1.592,-0.525,1.065,-0.28,1
-0.025,0.953,1.461,-0.059,0.376,2.019,0
1.556,-2.152,0.329,0.078,0.961,2.017,0
1.036,1.312,-0.362,1.149,0.79,0.434,1
0.735,-0.85,-1.676,-0.167,-0.066,0.612,0
0.397,-0.167,-0.964,-0.322,-2.151,0.048,0
0.911,1.16,-1.686,-2.256,1.737,1.307,0
0.148,,-1.102,0.488,0.78,-0.694,0
0.071,0.803,0.657,-0.398,,0.988,0
0.62,,0.0,0.238,-0.652,-0.641,1
-1.285,,0.325,0.258,-1.578,-0.032,1
-0.533,-0.091,-0.612,-0.903,0.963,0.638,1
0.993,,0.023,-0.261,0.583,-1.494,0
-0.039,-1.102,0.21,-0.438,-0.648,1.083,1
-0.512,,-0.087,-1.388,0.06,0.771,0
0.536,,-1.011,-0.851,0.97,0.262,0
-1.805,,0.142,0.968,,-0.497,0
-1.801,0.894,0.05,1.643,-0.29,-1.689,1
-1.129,0.266,-0.043,-0.575,,0.11,1
0.487,0.018,0.963,-1.044,,0.132,0
-0.994,-1.051,-1.369,0.33,,-0.588,0
-1.642,,1.17,1.417,-0.537,-0.792,1
1.267,,-0.715,1.135,-0.208,0.512,1
0.889,0.387,0.481,-1.472,,0.156,0
-1.916,0.43,0.692,1.035,0.78,-1.232,1
1.055,,2.651,-1.525,0.408,-0.972,0
-0.663,1.328,1.162,2.945,0.654,0.011,1
-0.303,1.266,2.351,0.205,0.57,0.449,1
0.623,,1.098,-0.885,0.167,0.81,0
-1.172,,-0.387,1.036,0.469,-0.02,1
1.141,-0.363,0.277,-0.46,,-0.153,0
-2.18,0.312,-0.874,0.003,-1.153,0.343,1
0.672,0.593,0.333,0.208,-1.962,-0.183,1
-0.407,-0.252,0.214,0.237,0.36,0.03,0
2.833,-0.766,0.788,0.788,-1.045,-1.992,1
-0.107,0.723,0.054,-1.005,0.54,-0.281,0
-1.0,0.531,-0.613,1.201,,1.256,1
-2.127,,0.853,1.506,0.071,0.742,1
-0.324,,2.275,0.306,,0.223,1
-2.041,-0.451,1.617,-2.394,0.633,1.354,0
-1.711,0.11,1.3,-0.409,0.296,0.64,0
2.178,-0.52,2.065,-1.371,,2.333,1
-0.386,1.616,-2.353,-0.852,-0.461,0.897,0
-0.131,-0.143,0.305,-0.916,-0.801,0.765,1
-0.305,0.222,0.31,-0.152,,-1.835,0
1.198,1.949,-0.239,-0.363,0.702,-1.23,0
0.012,,-2.249,1.364,-0.384,1.611,1
-0.532,,0.904,0.3,-0.741,0.659,0
1.806,2.316,-1.925,-0.449,1.328,0.21,1
0.518,0.938,-0.181,-0.56,-1.496,1.184,0
0.185,0.853,0.445,-0.527,1.434,0.988,0
1.929,0.102,-0.433,-1.064,1.254,0.831,0
-1.763,-1.558,-0.004,-1.825,0.456,-0.294,0
0.247,1.825,-0.951,0.77,,-0.584,1
0.149,0.632,0.915,-0.93,-0.696,0.976,0
-0.656,-1.064,0.279,0.858,,-0.445,1
0.228,1.169,1.886,-0.116,1.05,0.898,1
0.215,-0.606,0.219,0.482,1.606,0.234,0
0.895,-1.197,1.179,0.585,-1.666,-0.368,1
1.2,0.949,-1.292,-0.309,1.058,-0.828,0
0.243,-0.264,0.449,0.657,-0.745,0.593,1
1.904,0.567,0.991,-0.906,,-0.94,0
0.211,-0.727,0.688,-1.26,-0.148,-0.76,1
-1.755,,0.592,-0.244,-1.244,1.799,1
0.786,,-0.386,-0.707,1.431,-1.292,1
-1.095,0.168,-0.267,0.64,0.005,-2.169,1
-1.19,2.153,0.288,1.467,-0.132,1.083,1
0.191,-2.389,0.493,2.327,1.318,1.102,1
-1.277,0.936,-1.239,-0.725,,-0.482,1
-0.441,-0.692,0.241,-0.98,-2.493,0.467,0
-0.61,-1.344,0.083,0.971,-1.881,-0.406,1
-0.575,0.248,2.109,-0.164,,-0.057,1
0.288,0.827,0.342,0.808,,1.517,1
0.164,,0.203,-0.333,-1.814,-0.332,1
-0.556,,0.735,-0.377,0.825,-1.126,0
0.563,1.103,0.01,0.613,,0.962,1
-0.808,,-0.09,0.316,,-0.593,0
-1.073,,0.164,1.249,-1.36,0.154,1
-1.163,1.236,-1.752,0.647,-0.828,-0.513,1
1.416,,-0.404,-2.144,0.6,-0.226,0
-1.225,1.616,0.657,-0.449,0.228,-0.575,1
-0.214,-1.577,-1.256,0.506,1.155,-2.347,0
1.751,-0.229,-0.227,0.068,-1.173,0.576,1
-2.003,-0.422,-0.484,-0.35,-1.088,0.216,0
0.24,-0.126,0.336,-1.6,-0.427,-2.879,0
1.404,,0.483,0.926,1.078,0.341,0
-1.192,0.434,-0.543,1.276,-0.919,-0.985,0
-1.867,-0.149,-0.867,-0.605,2.096,-0.088,0
-0.167,-0.082,0.69,-0.351,-0.093,0.431,0
0.023,0.161,-0.936,0.542,0.389,0.868,1
0.895,,-1.305,0.365,0.628,0.754,1
1.135,0.14,0.739,1.635,-0.378,-1.139,1
0.389,,0.446,0.711,0.681,-0.21,0
-1.669,,0.534,1.203,-0.438,0.281,1
-1.569,0.197,0.166,-0.028,0.112,1.35,0
1.586,1.435,0.044,0.617,,1.693,1
-0.12,0.309,-0.254,-0.866,0.556,0.651,1
-1.623,1.036,-1.648,-0.883,-1.762,-1.447,0
-0.516,,-1.324,-0.441,-0.103,0.357,0
-0.895,-1.761,-0.761,1.513,-1.41,0.629,1
0.608,0.702,-0.136,-0.103,-1.187,1.472,1
1.059,-1.79,-0.263,-0.329,,-0.978,1
0.458,,-0.483,1.557,0.246,0.111,1
-1.263,-2.169,-0.68,-0.54,-0.37,0.174,0
-0.219,0.88,-1.428,-1.759,-0.73,0.366,1
2.953,-1.206,-0.041,0.162,-0.177,0.307,1
-0.245,-0.735,2.402,-0.964,0.374,0.175,1
0.384,0.587,-0.249,1.946,-0.234,0.765,1
1.647,0.621,0.445,1.572,0.041,0.104,1
-1.088,1.354,-0.064,-0.98,,0.621,0
0.612,,0.687,-0.544,0.922,-0.233,0
-1.0,0.855,1.443,0.406,0.374,-0.84,1
-0.006,0.256,0.241,-0.151,1.185,0.303,1
-1.549,-0.699,-0.707,-0.377,0.244,0.721,1
1.215,-0.378,-0.721,-1.05,1.633,0.121,0
2.122,-1.35,0.692,0.204,0.923,0.829,1
-1.051,0.644,-0.167,-2.06,1.04,-0.9,0
0.351,-0.892,0.135,0.01,-1.79,-0.754,1
0.883,-0.038,1.613,0.36,-2.196,1.647,1
-0.682,-0.392,1.455,-1.323,2.598,-0.398,0
-0.83,,-0.921,-0.389,0.722,-0.721,1
0.176,-0.98,-1.543,-0.8,-2.644,-0.454,1
1.133,-0.374,-1.47,-1.313,-1.129,-0.19,0
1.658,-1.108,-0.005,1.771,,0.923,1
0.875,-1.562,-0.042,1.049,,0.396,1
-0.686,0.032,0.717,0.846,1.855,-0.149,0
-0.388,0.387,0.104,-1.043,0.373,-1.459,0
2.602,0.57,-0.419,-0.293,0.657,-0.379,0
-0.629,-0.864,0.084,-0.426,0.817,-0.149,1
0.714,-0.893,-1.652,0.848,,-0.692,1
0.287,1.282,-0.696,0.088,1.309,0.186,0
0.006,-0.672,1.02,0.244,-0.208,2.39,0
-0.997,1.55,1.481,1.33,-0.266,-1.376,1
0.841,-0.514,0.248,-1.275,0.274,-2.114,1
0.653,,-1.668,1.636,-1.421,-0.374,1
0.644,0.339,-1.797,0.132,1.1,-0.973,1
0.572,-2.131,1.329,-0.95,,-1.511,0
1.552,1.448,-0.071,-0.951,-0.063,-1.9,0
0.343,0.154,0.022,-1.164,-0.44,0.254,0
0.4,-0.096,-0.248,-0.504,0.568,1.242,0
-1.463,,1.745,-0.142,-0.12,-0.167,1
-0.514,1.417,0.313,0.336,-1.284,-1.334,0
-0.235,-0.284,0.287,0.401,,-0.71,0
-0.827,0.558,-0.427,1.564,-0.357,-0.213,1
-0.386,0.138,-2.742,1.172,,0.875,1
0.437,0.633,-0.758,0.578,-1.108,1.627,1
1.715,0.714,-1.963,-2.209,-1.179,-0.824,0
-0.816,0.137,-0.918,-0.732,,0.496,0
0.288,-1.258,0.494,-0.522,0.365,-0.875,1
0.46,1.522,-0.539,1.404,0.857,1.486,1
0.463,-0.228,-0.161,1.363,,2.271,1
-0.183,0.945,0.196,1.053,1.325,1.02,1
0.659,0.981,0.324,-0.322,,0.606,1
0.67,0.503,-0.796,-0.933,-0.517,0.784,1
0.223,1.197,0.901,-0.207,-0.009,0.11,1
0.039,1.287,0.002,-2.096,1.678,-0.793,0
-1.156,,-0.802,-1.361,0.649,-1.525,0
1.418,0.379,-0.395,0.805,0.001,-0.614,1
0.772,1.558,1.702,2.544,0.38,-1.69,1
-0.069,0.863,-0.833,0.965,1.499,0.171,1
-0.385,-0.031,-0.233,-0.199,0.291,1.731,0
-1.459,-0.922,-0.787,-0.202,-0.252,-1.192,1
-0.094,0.032,-1.35,-1.196,0.989,0.498,0
-0.811,-1.035,0.362,-0.574,0.209,0.322,1
1.59,-0.357,0.175,-0.901,0.842,1.238,1
0.923,-0.201,-0.469,-1.056,-0.337,0.961,1
0.808,,-0.711,0.178,-0.235,-0.998,0
-0.637,-0.054,-0.956,0.353,1.253,0.084,0
-0.576,,-0.687,-0.541,-0.667,-1.716,0
0.322,,-0.048,0.784,0.033,1.121,1
-3.385,-0.865,1.657,1.767,-0.185,-2.156,0
-0.359,-0.67,-1.679,0.01,1.145,-0.747,1
0.239,-1.354,-1.178,-0.128,-0.835,-0.923,1
-0.959,-0.693,0.073,-3.147,,0.359,0
0.387,0.206,0.605,-0.55,0.552,0.782,0
-0.762,0.385,0.274,-2.081,0.301,-0.144,0
0.737,-0.598,-0.357,-0.418,,0.284,0
0.563,-0.896,0.92,0.621,0.306,0.668,1
-0.78,-1.177,-0.215,0.588,,1.433,1
-0.358,,-1.102,1.133,0.31,-0.134,0
0.828,0.272,2.831,-0.209,-0.656,-1.9,0
1.129,0.695,-0.048,-0.185,-1.643,-0.234,0
1.938,-0.901,0.254,0.618,0.152,0.928,1
0.009,,0.959,1.069,0.293,-0.427,1
-2.406,,-0.187,-0.703,0.188,-1.39,0
-0.526,-1.123,-1.486,-1.042,-1.307,0.839,0
-0.743,0.534,-0.033,0.23,-1.436,1.527,1
1.036,0.593,1.549,-0.058,0.083,0.709,1
-0.068,-0.052,-0.042,0.94,0.787,-0.23,1
1.658,2.709,-0.473,0.443,-0.172,-0.797,0
0.522,,-0.192,-0.107,0.005,-0.608,1
-0.326,-0.798,-0.816,-1.422,1.637,-2.45,0
0.5,0.808,2.175,-0.858,-1.777,-0.495,0
1.603,,-0.411,-1.056,-0.264,1.287,1
1.924,,0.162,-0.372,-1.165,0.492,0
1.216,0.067,-0.872,-0.365,1.335,-0.256,0
0.168,0.828,-0.149,-1.606,-0.153,1.388,0
-1.452,0.304,0.24,-2.371,1.168,-1.013,0
0.282,-0.807,0.233,-0.374,-0.422,-1.257,0
0.585,0.173,-0.533,-0.346,-0.598,-1.398,0
-1.475,1.005,-1.174,-0.206,,1.616,1
-0.764,1.678,-0.005,-0.429,0.162,0.472,1
0.516,0.081,-0.577,0.741,,1.161,1
1.788,0.216,0.505,1.757,0.222,0.529,1
-0.323,0.21,-0.563,-1.305,0.549,2.179,1
-1.139,0.539,0.783,-0.737,0.68,0.369,0
-0.155,1.314,1.452,0.202,-0.164,1.735,1
1.046,-0.244,-1.206,-1.051,-1.387,-0.231,0
-0.691,2.035,1.183,-1.163,-1.569,1.256,1
0.349,,-0.135,0.752,-0.087,0.368,0
-0.295,-1.986,1.354,-0.709,-0.035,0.727,0
0.17,-0.188,1.682,-0.079,,1.466,1
0.386,-2.007,-0.393,0.46,-0.642,-1.366,0
-0.033,1.21,-0.509,-0.934,0.395,-0.205,1
0.642,0.564,-0.691,-0.871,-0.45,1.459,1
1.547,-0.067,-1.481,-1.671,-0.785,-0.967,0
-1.325,,1.935,0.239,1.603,-0.523,1
1.03,-2.355,0.478,0.806,-0.603,-0.286,1
0.523,0.284,-0.199,-1.158,0.681,-0.981,0
3.294,0.754,3.033,0.305,0.435,0.482,1
-0.073,-0.508,-0.211,0.229,0.109,-0.615,1
-0.682,-1.554,-0.753,-0.44,-0.741,0.942,1
0.162,-0.125,-0.933,-1.366,0.132,-0.485,0
1.006,-0.684,1.568,-1.451,,0.404,0
0.064,-0.964,1.233,-0.015,0.437,-0.676,0
0.058,0.431,-0.914,0.356,,-0.587,0
-0.91,0.706,-0.467,-0.083,1.126,1.604,1
0.479,1.202,0.491,-1.872,-1.018,-1.149,0
-1.388,,-0.874,-0.248,-0.294,1.165,0
0.214,,-0.577,0.79,-0.985,-0.861,0
-0.753,-0.301,-2.024,0.758,-0.881,2.011,1
0.153,,-0.617,0.315,-2.165,-0.865,1
0.162,,2.023,-0.708,,-0.489,1
1.497,,0.204,0.883,0.593,0.714,1
0.739,,-0.999,1.414,1.041,-0.373,1
-1.248,0.598,0.356,-0.087,-0.728,-1.199,1
2.18,0.485,0.185,-1.001,1.791,0.352,0
0.914,,-0.091,1.442,-0.053,0.42,1
0.081,0.107,-0.679,0.833,-1.63,-1.937,1
1.57,-2.604,0.749,0.302,,0.544,0
0.987,0.247,-0.361,1.19,-0.913,-0.382,1
0.549,-1.124,-0.528,-0.246,1.386,0.348,0
2.658,-1.235,-1.106,3.408,0.242,-1.184,1
-1.086,-0.167,-2.077,1.441,0.152,-0.901,1
1.196,0.195,0.232,0.823,,-0.334,1
-0.441,0.766,-0.351,-1.257,0.011,-1.251,0
-0.24,,0.739,-1.838,0.165,-2.413,0
-1.431,0.245,0.521,0.962,,1.192,1
-1.584,,0.231,-0.769,-1.238,-2.233,0
0.365,-0.089,0.317,2.714,,-0.025,1
0.548,0.617,0.665,0.644,0.902,-1.609,1
0.749,1.113,-0.563,1.789,0.936,0.038,1
-0.615,,0.583,0.334,,0.653,1
-0.901,0.869,0.598,-1.569,0.239,-0.67,0
-0.78,-1.164,-0.479,-0.627,-0.818,-0.667,0
-0.671,-0.911,-1.243,-1.838,-1.576,1.303,0
1.56,,0.618,-0.204,1.665,0.716,0
-0.613,,2.464,-0.943,-0.573,-0.255,1
0.114,,-1.133,0.639,-1.266,-0.306,1
0.086,1.068,-1.098,1.635,0.05,-0.781,1
-0.043,0.419,-0.48,0.905,0.125,0.531,0
-0.071,-1.101,0.088,-0.493,1.184,0.23,0
1.408,0.996,1.851,0.153,-0.01,0.146,1
-0.309,0.655,-1.434,-0.468,0.462,0.329,0
2.174,0.632,0.153,2.229,-1.4,-0.826,1
0.627,0.535,0.182,-0.278,,0.241,1
-0.388,-0.56,-0.339,0.03,0.459,1.453,1
-0.23,0.979,-0.651,0.631,-1.958,0.743,1
-0.273,,1.19,-0.293,-0.127,-0.032,0
0.445,-0.532,1.732,0.312,-0.112,-2.51,0
-1.257,-0.172,-1.012,0.748,-0.121,1.592,1
0.734,-1.089,-3.461,1.842,,-0.451,1
0.348,-1.331,0.272,1.305,-1.372,0.041,0
0.593,,0.132,-1.314,-1.408,-0.55,0
-0.38,-0.36,1.376,-0.52,1.09,-1.124,0
0.499,,-0.531,-0.881,-1.047,-0.474,0
-1.369,0.445,-0.522,0.276,-2.698,0.464,1
-0.21,-0.395,1.006,0.927,-1.161,0.711,1
0.664,0.924,-0.203,0.215,,1.412,1
-0.517,0.821,-1.428,-0.069,-0.064,-2.091,0
-0.276,,-0.428,0.172,-0.15,0.201,1
0.738,0.655,1.366,0.297,-0.268,-0.719,0
-1.515,-0.171,1.372,1.027,-0.676,-0.443,1
1.418,-0.328,-1.594,1.135,1.851,1.997,1
2.117,,0.078,-0.128,,1.404,1
-0.299,,-1.661,-1.223,0.942,1.924,0
0.662,-1.893,-0.597,0.271,-0.42,-0.686,0
0.096,-0.3,3.053,-0.396,0.747,0.342,0
1.072,-0.188,1.505,-0.669,0.395,1.11,0
2.15,,0.063,1.615,-0.087,0.309,1
2.321,0.609,-0.549,-1.598,,-0.475,0
-0.522,1.714,-0.58,-1.235,0.57,-0.594,0
0.39,-0.553,0.241,1.159,-1.027,-0.909,1
-0.506,,-1.775,0.5,,-0.258,1
-3.381,,1.396,-1.663,-0.755,-0.051,0
-0.913,0.979,-1.164,-0.747,0.011,-1.137,0
-1.04,0.981,0.441,-0.347,0.824,-0.141,1
-0.137,-0.367,1.036,-2.173,-0.7,-0.718,0
-0.506,0.596,-0.46,-0.109,0.763,-0.86,1
-0.484,,2.64,-0.811,-0.094,-1.436,1
1.515,-0.536,0.484,-0.29,-1.259,-0.408,0
-0.587,-1.132,-0.131,-0.742,-1.292,1.076,1
-1.087,-0.561,0.016,-0.224,2.327,-1.851,0
0.869,0.308,-0.483,-2.289,-0.756,2.666,1
0.716,0.701,0.221,1.819,0.365,-0.547,1
-0.596,1.335,-0.336,1.419,-1.096,-1.719,1
1.413,0.368,0.545,0.394,-0.52,0.268,1
-0.367,,-0.145,-0.305,0.289,0.073,0
-0.63,-1.249,-0.267,-1.169,,0.669,1
-1.544,-0.475,1.024,-1.748,-0.555,-0.46,0
1.43,-0.796,1.402,0.287,-1.209,-0.419,1
-0.053,,1.495,-0.702,-0.362,-0.009,0
-3.304,-0.083,1.469,0.402,1.588,1.587,0
1.055,,-0.58,-0.822,-0.722,0.874,0
1.067,-1.221,1.453,-0.464,-0.622,-0.79,0
-1.635,0.747,-0.395,1.531,,-0.182,0
-0.732,-0.202,-0.399,-1.297,,0.943,0
0.449,,0.573,0.832,0.991,0.192,1
-1.12,-0.233,0.228,-1.066,-0.491,0.923,0
-0.432,1.134,-0.556,-0.121,,1.386,1
-0.576,0.797,-0.324,0.575,,-0.919,0
-0.666,,-0.001,-0.538,2.269,0.866,0
0.11,-1.438,-0.044,-0.364,-0.257,-0.143,0
-1.517,0.456,0.529,1.292,,0.411,1
0.068,-0.222,-0.215,0.743,0.784,2.72,0
1.213,-1.679,2.242,0.062,1.011,0.269,0
1.063,-1.06,-0.087,0.279,1.727,-0.318,0
0.365,,2.118,-0.679,-0.083,-0.547,0
0.446,0.61,1.082,-1.067,0.183,0.793,1
-0.698,0.901,0.442,-0.191,-0.661,0.131,0
-0.767,1.21,0.383,0.883,0.51,-1.163,1
0.35,-0.543,-0.424,-1.905,,1.361,0
-2.428,-1.51,-1.077,-0.882,1.179,-0.505,0
-1.897,-0.957,0.009,1.654,1.1,1.072,0
-0.156,-2.031,0.895,-0.007,1.298,0.061,0
-1.057,-0.571,-0.983,-1.884,0.423,-1.887,0
-1.769,-0.896,-0.73,-0.951,0.798,0.925,0
0.007,-0.215,-1.72,0.184,-0.014,0.914,0
0.934,0.188,-1.345,-1.271,1.528,1.165,0
-0.675,-0.982,1.732,1.031,0.747,-0.952,0
-2.337,,-0.727,1.166,1.426,-1.092,1
-1.386,0.041,-0.931,-1.339,-0.096,-0.44,0
-0.763,2.529,2.194,0.019,-0.815,0.239,1
-0.357,,-0.557,-1.504,-1.384,1.09,0
0.86,,0.526,-2.092,,-0.763,0
0.604,-0.243,-0.231,-0.832,0.116,2.632,1
0.371,,-0.817,-1.131,-1.543,2.433,0
0.81,-0.165,0.368,-0.015,0.191,-0.849,0
-0.403,1.702,-1.086,-0.437,2.285,-1.259,0
2.058,0.434,0.92,0.386,,-0.395,1
-0.962,-1.043,-1.018,2.448,,-0.105,1
-0.476,0.349,-1.36,-0.529,-2.125,0.932,1
-1.322,,-0.048,2.098,-0.417,1.516,1
1.25,1.935,1.04,-1.699,,-1.371,0
0.684,0.109,-0.175,0.438,-0.243,-0.29,1
1.649,-0.095,0.377,0.119,0.57,2.019,1
-0.875,-0.022,-1.008,-0.307,-0.746,-0.588,0
1.192,0.898,0.531,-0.662,,-0.296,0
-0.008,-0.573,-0.615,1.024,-0.957,1.06,1
0.764,-1.248,-0.542,1.588,-1.125,0.154,1
-0.526,,-0.621,0.064,0.654,-0.655,1
-0.559,1.004,0.11,0.184,1.894,0.64,1
-1.244,,1.376,-0.171,1.853,-0.17,0
-0.125,-0.394,-0.791,0.609,,0.57,0
-0.762,,1.515,-0.458,0.04,-0.418,0
1.052,0.511,-1.868,1.056,0.238,2.443,1
-0.607,1.047,1.07,1.817,-1.955,-0.768,1
-0.645,-0.045,0.09,-0.842,-0.092,-1.527,0
-0.557,,-0.718,-0.898,-1.757,2.811,1
-0.273,-0.151,0.824,0.582,0.552,-1.487,0
0.707,-2.464,0.755,-0.403,1.175,0.168,0
0.375,0.817,-0.438,-0.434,,-2.617,0
0.7,-0.254,0.521,-1.291,-0.195,-0.526,1
-1.707,,-0.358,0.896,0.277,-0.861,1
-0.675,,2.011,-0.245,,-0.38,0
0.735,0.569,0.891,0.864,,-1.097,1
1.296,0.176,1.116,1.046,1.086,0.112,1
-0.442,-0.013,1.141,-1.964,,1.124,0
-0.118,,-1.443,0.017,-1.072,-0.361,1
-0.366,-1.226,-1.251,0.529,-1.39,-1.151,0
-1.145,-0.896,0.953,-0.636,-1.587,-0.022,0
-0.52,0.429,-1.355,1.889,-0.278,1.344,1
1.532,-0.728,-0.044,0.218,-0.475,-1.005,0
-0.491,-0.037,-0.279,-1.471,-1.195,-0.18,0
-1.198,0.072,-0.731,1.109,-0.469,0.593,1
-0.412,-0.047,0.704,-0.232,0.295,-0.702,1
0.349,1.073,2.412,-0.694,0.124,0.208,1
-0.342,-0.939,-0.894,-0.518,0.067,-0.37,1
-1.378,-2.234,-0.704,2.134,0.534,-0.0,1
0.499,0.859,0.626,0.864,1.699,0.24,1
0.244,1.111,-1.064,1.603,,-0.084,1
0.009,,-0.721,-0.711,-1.175,1.164,1
2.722,-2.056,1.115,0.188,-0.249,-1.897,0
-0.007,1.399,-2.169,-1.333,-1.749,0.48,0
-1.004,1.768,-1.846,0.783,-0.708,-0.847,1
0.376,1.318,1.428,-1.23,1.102,-1.758,0
-0.54,1.155,-1.458,-1.84,,0.424,0
0.039,-1.403,1.188,1.371,-0.749,-0.314,1
-0.989,0.574,0.431,-2.201,-1.742,-1.942,0
0.276,1.336,-1.632,-0.266,1.521,1.701,1
-1.306,-0.593,-0.567,-0.858,-1.36,1.072,1
-0.359,-0.177,1.403,-0.947,0.875,-0.039,0
-0.262,-2.363,-0.431,0.944,-0.545,1.77,1
0.091,0.389,-0.833,0.741,0.475,1.306,1
1.077,1.28,0.129,0.235,0.498,1.68,1
-0.644,-0.291,0.07,-1.072,-0.356,-3.013,0
-0.199,,0.909,0.138,-0.159,0.284,1
-0.815,-1.061,0.761,0.721,0.805,0.844,0
0.394,-0.135,1.594,0.076,-0.072,0.115,0
-2.202,-0.286,-1.196,-1.269,0.784,-0.251,0
1.623,-0.138,-0.603,1.073,-0.272,0.906,0
-1.625,,2.121,-0.44,,-0.096,0
-0.322,1.855,-0.724,0.856,-0.543,1.126,1
0.584,-0.442,-0.168,1.301,-0.098,1.48,1
-1.628,-0.248,1.076,0.447,0.384,1.971,1
-0.451,,0.686,2.366,-1.561,-1.461,1
-0.382,-0.801,-1.632,0.17,,-0.725,0
0.997,0.23,-2.067,-0.057,0.884,-0.513,1
-0.411,,-0.275,0.19,0.507,0.696,1
-0.972,-0.731,-0.433,1.357,-0.346,0.131,1
-1.587,,-0.91,0.449,-0.447,1.302,1
0.259,,0.082,-2.1,-0.111,0.332,0
0.443,-0.154,-0.254,0.424,,1.693,0
-1.341,-0.765,-1.001,-0.014,0.23,-0.411,1
-0.243,-0.815,1.605,-1.307,-1.236,-0.256,0
0.472,-1.13,-1.431,0.149,,1.527,0
-1.718,1.506,-0.249,0.193,1.138,-0.686,0
1.281,0.047,0.406,0.484,-1.462,1.14,1
-0.992,1.599,0.143,-0.679,0.934,-0.506,0
0.406,0.498,0.823,-0.875,-1.178,0.888,1
1.675,,0.84,0.907,-0.652,0.283,1
-0.0,0.192,0.554,-0.572,,-0.566,1
-1.165,,-0.871,-2.361,1.27,1.241,0
0.058,-0.39,0.285,0.684,0.013,1.542,1
-1.127,0.545,-0.282,-0.469,0.633,2.464,0
-0.119,0.464,0.733,0.692,,1.109,1
-0.258,0.518,0.509,-1.193,1.36,-1.091,0
-1.028,-0.176,-1.75,0.112,,-0.763,1
-1.753,-0.998,0.045,-0.449,0.86,0.011,0
1.702,-1.192,0.105,-0.728,0.102,-0.541,1
1.22,0.178,2.507,2.107,-0.428,-0.406,1
-0.859,0.806,-1.168,-0.462,,0.331,0
-0.614,-0.921,-0.352,-0.485,-0.845,-0.377,1
-1.236,,-0.728,0.715,1.293,1.045,1
0.688,0.282,-0.713,-0.939,0.867,0.247,0
0.062,,0.201,0.697,2.267,2.617,1
0.708,0.594,-0.646,1.817,0.303,0.264,1
-0.566,1.84,-1.558,1.132,,-1.517,1
2.107,0.406,0.465,-1.033,-0.549,0.584,0
-0.126,,0.32,-0.578,0.95,-0.482,1
-0.07,0.843,-0.033,0.279,-0.292,-0.924,1
-1.958,0.287,2.25,0.165,1.577,-0.787,0
0.343,0.079,0.258,-1.269,,0.255,1
-0.59,0.025,-1.247,1.527,-0.706,-0.052,1
-0.844,0.77,0.571,-0.348,-0.51,0.286,0
2.18,0.332,1.394,-0.447,0.405,-0.15,0
0.959,-0.056,-1.048,0.776,1.734,0.394,0
-1.026,,-2.551,-0.559,0.977,0.097,1
-0.094,,-1.544,-0.14,0.529,-0.817,0
0.374,0.288,-1.168,-0.712,1.556,-0.391,0
-0.146,1.54,0.497,2.46,1.365,-0.045,1
-0.98,0.009,0.971,-0.737,0.199,-0.565,0
-0.229,0.707,-1.043,-1.522,0.824,1.623,0
-0.142,2.51,0.909,-0.026,,-1.246,1
-0.156,-1.217,-1.946,0.233,0.254,1.249,1
-0.882,,-2.309,-0.097,-1.839,-0.277,0
0.619,1.047,0.876,-0.552,,0.001,0
1.524,0.604,0.2,0.586,-0.224,-0.057,0
0.214,,-0.731,-0.218,1.381,0.895,1
-0.192,-0.691,0.791,-0.176,2.082,1.309,1
0.443,-0.639,0.527,-0.479,-0.536,0.954,0
0.729,-0.744,-0.509,0.152,0.246,0.161,0
0.25,0.677,-0.995,0.297,,0.066,0
0.23,1.701,1.296,-1.329,,-0.032,0
1.527,,1.537,0.346,,-0.169,0
1.141,0.61,0.125,-0.432,,1.122,1
-1.739,0.356,1.742,-0.976,-0.084,-0.537,1
0.592,-0.003,1.398,-0.386,-0.43,-0.183,0
0.407,0.705,0.371,-0.034,-1.207,-1.182,0
-1.196,1.768,-0.94,-1.545,2.067,0.345,0
-0.002,1.156,0.76,-0.512,1.334,0.693,0
-1.297,-1.729,-0.036,2.078,0.051,-0.428,1
0.768,,0.51,0.136,0.555,-0.593,1
0.339,-0.153,1.404,-0.188,-0.177,0.394,0
1.547,-1.252,0.251,0.995,1.559,-0.961,0
-0.208,-0.833,-0.769,0.617,,1.86,1
0.147,1.575,1.784,-2.186,0.334,0.213,0
-0.828,-0.17,-0.286,-0.337,-0.045,1.195,1
0.204,,-1.99,-0.969,,0.451,1
0.32,0.247,-0.96,-0.338,-1.551,0.441,0
1.262,-0.723,1.459,-0.365,,1.322,1
1.505,-0.947,1.199,0.166,-0.292,2.533,1
-0.905,-0.247,0.157,-0.851,-0.286,-0.032,0
-0.521,1.147,1.642,0.217,0.62,-1.132,0
0.406,-0.031,0.572,-1.685,,0.795,0
0.367,0.613,-1.308,-1.063,0.191,-0.361,1
-1.329,,-0.319,-0.104,0.835,0.121,1
-1.59,0.749,-0.272,-0.818,-0.174,-1.666,0
-0.829,1.51,0.008,0.521,2.825,0.556,1
-0.439,0.082,-1.297,-0.627,0.244,0.36,0
2.102,0.939,1.043,0.423,-0.447,0.467,1
-0.711,0.345,0.9,0.832,,-1.381,1
-0.886,-0.743,-0.252,-0.958,0.201,-0.55,0
-0.162,0.933,0.326,0.764,-1.45,-0.095,1
1.021,-0.208,-1.504,-0.391,,1.952,1
-0.512,0.563,0.206,0.133,,0.762,1
1.172,0.174,0.267,0.066,1.745,-0.987,1
0.231,-0.824,0.335,1.003,,-0.34,0
-0.316,-0.245,-0.171,-0.414,0.878,-1.609,0
-1.308,-0.317,0.064,-0.318,-0.647,0.543,0
-0.33,-1.719,1.477,-0.472,0.44,-0.854,0
0.575,0.307,0.594,-1.151,-1.08,-0.189,0
-0.165,-0.411,0.164,-0.379,1.792,-1.568,0
1.663,-0.594,-0.404,-0.104,-1.328,-0.35,1
1.329,-0.551,0.296,0.302,-0.449,-0.011,1
-0.072,0.143,-1.555,-0.223,,-0.782,0
1.586,,-0.826,2.177,0.461,-1.564,1
-0.092,0.196,-1.183,-0.179,1.002,-0.454,1
0.766,1.049,-0.677,-0.439,1.02,-1.99,1
-0.762,0.336,-1.741,0.284,,0.295,1
-0.788,,-0.289,-0.151,0.319,0.536,0
-0.069,0.228,0.633,0.482,-1.351,-0.852,1
1.52,-0.795,0.675,-1.987,-0.059,1.009,0
0.034,0.227,-0.247,1.97,-1.766,-1.964,0
-0.969,-0.714,-0.294,0.491,-0.219,-1.475,1
-1.065,0.666,-0.423,-1.119,,0.848,0
1.258,0.395,0.432,-0.329,,-0.036,0
-0.875,0.332,0.09,-0.909,,0.509,1
0.234,,-0.001,0.316,0.697,-0.709,0
-0.704,-0.248,0.032,-1.113,0.135,-1.563,0
-0.887,-2.245,-0.483,-1.205,,-0.48,1
-0.54,0.067,-1.654,-0.524,0.678,1.917,1
0.886,,1.761,-0.909,0.005,0.331,1
-0.229,0.236,-0.858,1.845,1.241,-0.03,1
-2.782,0.389,-0.631,0.409,-0.667,-0.016,1
1.192,-1.593,0.112,-0.942,1.083,0.176,0
0.873,-1.013,-0.148,-0.99,,1.58,1
0.81,,1.117,-0.543,0.127,-0.64,1
-0.338,0.704,-0.806,0.526,0.419,0.483,1
-0.56,2.222,0.612,-0.627,-0.855,0.816,1
-0.925,0.771,-1.666,-1.034,,0.127,0
-0.351,-1.111,-0.114,-0.922,-0.432,0.299,1
0.809,0.197,0.573,1.593,-0.788,-0.748,1
1.02,-1.43,-1.056,-0.978,1.225,-0.712,0
2.405,-0.491,-0.774,-0.731,0.521,0.298,0
-0.444,-0.464,-0.896,-0.121,,-0.218,0
-0.523,-0.116,1.446,-1.316,,0.681,0
-0.845,-1.714,-0.854,-1.932,1.26,1.545,0
0.997,0.226,-0.291,0.277,0.957,0.006,0
0.341,-2.149,0.355,0.153,0.064,1.096,1
-0.545,0.176,-0.917,0.41,1.072,-0.109,0
0.497,0.054,0.07,1.384,1.131,0.201,1
0.379,,-1.657,-2.752,-1.111,-0.178,0
-0.621,-0.382,1.82,-0.398,-0.129,1.208,1
-0.559,0.782,0.009,0.942,-0.488,0.32,1
0.192,-0.128,0.071,-1.464,,-1.052,0
0.154,,0.392,1.176,,0.139,1
0.126,-1.737,0.324,1.162,,-1.35,0
0.363,0.599,0.456,0.556,0.978,1.108,1
-1.183,1.037,-1.174,-0.029,-0.509,0.381,1
-1.045,0.532,-0.147,0.199,-0.233,-0.468,0
0.176,,1.114,0.791,0.62,-0.204,1
-0.207,-1.848,0.895,-0.544,,-1.412,0
0.906,,-1.089,0.021,,-0.122,0
0.759,-0.528,-0.559,-0.702,,-0.421,1
0.497,-0.536,-0.499,-0.912,,-0.251,0
1.747,0.107,0.446,-1.392,,1.656,1
-2.039,,-0.631,1.414,-2.779,-0.132,1
0.329,-0.245,-0.275,-1.797,-0.906,-0.283,0
0.541,-0.643,-0.713,-0.548,1.165,-0.195,0
3.056,,1.756,-0.73,-0.777,0.135,0
-1.042,0.18,-0.039,0.522,-0.248,1.37,1
-0.909,1.328,-0.548,-0.998,,-0.397,0
0.083,-0.182,-0.633,0.938,,0.356,0
1.173,0.624,0.155,-1.298,0.77,0.116,0
0.002,0.735,-0.745,-0.195,,1.379,1
1.131,-1.121,-0.079,0.143,0.494,0.175,1
0.627,,-0.194,-0.353,0.033,1.249,0
0.426,-0.048,-0.49,0.111,-1.628,0.02,1
0.192,0.419,-0.717,0.311,,-1.328,0
-1.217,,0.54,1.54,1.11,-0.595,0
-1.118,,0.169,-0.072,0.071,0.194,1
-0.381,0.274,0.369,-0.136,-1.016,0.434,0
-0.059,,0.367,0.451,0.613,-0.039,1
-0.806,,0.443,-0.742,0.894,-0.932,0
-1.672,1.397,-0.161,-0.11,0.265,-1.323,1
0.18,-0.46,-1.596,0.132,0.44,-0.454,1
-0.923,2.428,-1.922,-0.842,1.395,0.274,0
0.194,0.669,1.143,-0.691,-1.322,1.423,1
0.619,0.548,1.802,-0.655,2.661,-0.55,0
-1.709,0.265,-0.577,0.785,-1.199,-1.369,0
-1.512,-1.164,1.465,1.756,,-0.813,1
0.539,-0.319,0.506,1.857,-0.294,-1.353,1
-0.289,0.359,0.866,2.1,-1.381,2.315,1
-0.376,0.081,1.737,-1.035,-0.172,0.505,0
1.897,-1.636,-0.887,1.949,-0.459,1.438,1
-1.27,0.521,-0.665,0.265,-1.587,0.698,0
0.16,,-0.197,-1.543,0.867,-1.608,0
1.138,0.329,1.0,-1.843,-0.824,1.841,0
1.531,-0.948,1.899,-0.31,-0.053,-0.632,0
2.506,,0.814,-2.443,-0.282,1.049,0
1.068,,-2.925,-0.37,,0.773,0
-1.92,,0.119,-0.647,1.668,1.813,0
0.185,0.378,-0.271,-1.527,-0.758,0.417,1
-0.661,0.505,-0.126,-0.736,1.021,-0.923,0
-0.285,0.078,-0.514,2.02,-0.954,0.659,1
-1.659,0.198,-0.065,-0.835,0.383,1.174,1
0.475,1.133,1.032,-0.565,-0.7,0.416,0
-0.188,1.686,-0.678,0.813,0.29,1.133,1
1.033,1.682,1.642,1.074,-1.847,-0.02,1
-0.696,,0.219,-0.63,,-0.396,1
1.031,-0.872,-0.532,-0.977,-0.154,-1.241,0
-2.393,,-0.258,-0.313,,0.651,0
0.475,-1.135,1.27,1.737,2.043,-1.05,1
-0.243,1.325,0.929,-1.007,-0.129,-0.436,0
0.579,0.319,1.762,1.008,2.256,-0.447,1
0.507,-2.768,0.615,0.789,-0.631,0.645,1
0.097,-1.082,0.498,0.216,0.53,0.192,0
0.333,-1.485,-0.026,0.379,,0.281,1
2.196,1.292,-0.237,-0.168,0.803,0.259,0
-0.232,1.744,-0.083,-0.308,0.426,-1.308,0
1.857,,0.06,-0.411,-0.036,-0.61,0
-0.24,0.559,-0.07,-0.362,,0.429,1
0.385,-1.694,0.73,-0.274,,1.204,0
0.633,1.088,0.53,-0.199,0.1,-1.601,0
0.618,0.355,-0.152,0.047,0.728,-1.51,0
0.348,1.854,1.362,0.882,0.259,-1.007,1
-0.622,-1.406,1.056,-0.28,-1.273,-0.896,0
1.186,-0.652,-0.356,-0.012,,0.878,1
1.919,0.267,1.608,-0.517,1.85,-0.381,1
0.812,0.111,-0.906,2.049,-0.128,-0.437,0
-0.613,0.915,-0.136,1.677,-0.129,1.091,1
-0.523,0.081,0.967,-0.752,,0.266,1
1.348,-0.936,2.091,1.142,-1.348,0.678,1
0.552,-2.028,-0.37,0.445,-0.227,0.939,1
0.314,,-0.766,0.263,-0.423,-0.327,0
0.993,,-0.309,-1.172,-0.505,-1.345,0
0.439,,-2.04,1.509,-0.162,-0.095,1
0.922,,0.783,-0.9,0.488,-1.19,0
0.412,0.983,-0.169,1.223,-0.03,-1.135,1
1.268,-0.255,-0.117,-0.116,1.139,0.53,1
0.218,0.124,-0.584,-1.294,-0.152,0.311,1
-0.317,1.284,0.964,2.118,-1.022,0.627,1
2.08,-0.554,0.223,-1.848,0.104,1.085,1
1.958,-0.174,-0.05,-0.697,1.655,-1.261,0
-0.273,1.302,0.603,-0.932,0.4,-0.309,0
-0.41,-1.252,-2.24,0.385,-0.727,-0.1,0
1.403,-2.121,0.239,0.406,-1.111,-0.36,1
1.841,0.533,0.382,-1.433,-0.894,-1.568,0
1.055,-0.383,-0.028,-0.403,,0.97,0
-1.455,-0.877,-1.14,-0.251,0.82,0.772,0
-0.593,-0.849,0.186,1.174,-1.307,-0.092,1
-0.139,2.196,-1.732,-1.952,0.743,0.688,0
-0.082,0.02,-2.702,-0.693,-0.317,-0.502,1
0.056,-0.213,2.411,-0.399,2.166,-0.816,0
-0.115,0.03,-0.684,0.768,,-0.77,1
-0.633,-0.355,-1.102,-0.897,-0.761,-1.041,0
1.451,0.308,-0.562,-2.098,0.646,-0.785,0
-0.456,0.823,0.838,0.025,,-0.077,0
-0.51,0.571,-0.553,-1.502,-1.534,-0.601,0
-0.081,,0.603,0.095,-0.916,-0.2,0
-1.049,-0.278,-0.937,1.565,,-0.831,1
-0.111,0.381,-0.632,-1.601,-0.487,1.677,1
-0.842,1.577,0.558,0.184,-1.063,-0.587,1
2.014,-0.107,1.65,0.427,0.279,0.953,1
-1.13,0.64,0.38,1.58,-0.88,-0.141,1
2.127,,-0.63,-0.547,-0.857,0.899,1
0.131,1.27,1.548,0.145,-1.259,-0.296,1
0.669,-1.647,-1.004,1.537,-0.242,0.573,1
0.589,-0.334,0.478,1.375,,0.72,1
1.235,-1.771,0.321,0.174,,-0.483,1
2.019,0.631,0.649,-1.542,1.038,2.013,0
-0.734,,0.895,-0.562,-1.314,-0.559,0
0.165,0.841,1.942,-0.649,-0.282,-1.94,0
0.121,-0.168,-0.417,0.85,0.745,0.544,1
-0.026,0.405,0.603,1.309,1.357,-2.38,0
-0.71,-0.195,0.953,-1.115,-0.962,0.223,0
-0.089,-0.246,2.047,-1.735,1.397,-0.994,0
0.147,0.961,0.029,-0.688,,1.395,1
0.78,-1.189,1.886,-0.71,,-0.436,0
-0.061,,0.878,0.751,,-0.104,1
0.112,1.144,0.521,0.49,-0.116,1.827,1
-2.032,0.363,-1.039,-0.285,,-1.646,1
-0.423,,3.016,0.057,-0.058,1.064,1
0.056,1.555,-0.156,0.184,,-0.29,0
0.589,-0.099,2.912,-1.409,-2.285,-0.935,0
0.623,0.391,-1.602,1.869,-0.636,0.267,1
0.681,-0.741,-2.608,-0.316,0.499,-2.674,0
-0.706,1.014,-0.616,0.752,-1.655,-1.042,1
0.921,0.172,1.683,0.906,-0.725,-0.059,1
0.299,1.762,0.458,-0.372,0.016,1.766,0
-2.253,1.492,-0.542,-0.587,1.553,-1.047,0
0.841,-1.052,2.281,0.001,-2.248,-0.596,1
-0.773,0.031,-1.425,-0.692,0.339,1.348,0
-0.086,,1.413,0.096,-1.148,-0.342,0
0.706,-0.623,0.002,0.941,-1.834,0.888,1
1.108,-2.574,0.471,-0.229,-1.418,-0.511,0
0.703,1.024,-2.151,0.833,1.135,0.712,1
0.826,-1.84,-1.435,0.904,,0.317,1
-0.48,-1.267,-0.095,-0.571,1.831,1.032,0
-0.316,0.433,-1.78,2.735,1.171,0.214,1
-0.614,0.083,2.979,2.063,-0.45,-0.745,1
1.945,1.005,0.722,0.081,,-1.061,0
-0.097,0.669,0.699,-1.188,,-2.133,0
0.445,-0.864,-0.128,1.528,2.819,-1.73,0
0.788,-0.578,-0.798,0.904,-0.552,-0.409,0
-0.311,1.122,0.408,-0.83,,-1.47,0
-0.335,0.041,-0.329,-1.799,0.709,-0.256,0
1.402,,0.013,-0.809,-0.656,0.6,1
0.743,-1.491,-0.204,1.501,0.429,-0.544,1
-0.469,-0.935,-0.624,-0.434,0.255,1.3,0
-1.539,-0.376,0.246,-0.258,-0.273,-2.824,0
0.573,-1.101,0.767,0.909,0.045,-1.077,0
0.739,,-0.62,1.236,,0.748,1
1.09,1.697,0.922,-2.851,-1.73,0.301,0
0.142,0.689,-0.559,-0.79,0.455,-1.636,0
-0.254,-0.692,0.566,0.339,-0.136,0.167,1
-0.023,1.365,-0.761,-0.902,,-0.846,0
-0.243,-1.165,0.841,1.327,,1.435,0
0.617,0.36,0.174,-0.701,-1.755,-1.481,0
-0.3,2.047,-0.893,-0.206,-0.28,-1.773,0
-0.437,-0.126,-0.9,-0.241,,-0.565,0
-1.608,1.346,1.608,0.707,0.274,0.271,0
-0.748,-0.153,-0.881,2.241,,-0.11,0
0.625,-0.055,-0.687,0.112,-0.552,-0.407,1
-2.103,-0.509,-0.93,-0.485,-1.068,1.419,1
-0.251,0.313,-1.941,-0.568,,-0.525,0
-1.871,,0.798,-0.373,,-0.26,1
-1.979,,-0.333,0.185,-1.327,0.367,1
1.113,-0.505,1.145,1.037,-0.281,-1.935,0
-0.144,-1.061,0.08,-1.399,-0.167,1.787,0
1.275,0.14,1.681,0.852,0.57,-0.183,0
-0.169,-0.556,0.39,0.395,0.002,0.28,1
1.977,0.156,-0.612,1.45,,1.468,1
1.884,0.156,0.74,-0.47,-2.551,2.322,1
0.792,0.043,0.063,-1.966,-0.099,-0.099,0
-1.017,-0.007,0.381,-0.275,,0.773,0
-1.742,-0.073,-0.261,1.349,,-0.023,1
-0.762,0.938,-0.619,0.008,-2.411,0.009,1
0.718,0.123,0.455,0.893,,1.092,1
-0.69,0.173,-0.475,0.648,,-1.682,1
1.07,-0.519,1.289,0.408,2.031,-0.634,0
0.116,,-0.953,-0.777,0.499,-0.116,1
1.628,-1.626,0.233,0.1,-1.015,-0.541,0
-0.34,0.377,0.185,-1.31,0.765,-0.11,0
0.754,0.067,0.41,-1.586,-0.335,-1.188,0
-0.876,1.066,-0.774,0.505,0.594,-0.734,0
-1.106,-1.87,1.204,0.68,0.749,0.558,0
0.568,,0.915,-1.036,,-2.188,0
0.642,-0.229,-0.722,-1.164,0.335,0.669,0
-2.666,1.166,-0.056,0.783,-0.445,-2.073,1
-0.087,-0.425,0.718,-0.501,,-0.749,1
0.745,-0.898,-1.57,-0.007,-0.891,-0.319,1
1.75,,-0.89,-0.691,,-1.182,0
-0.572,,1.129,-0.799,,-0.198,0
-0.069,0.513,0.931,-1.018,-0.632,-0.443,1
0.387,,-0.163,-0.491,0.723,1.558,1
0.234,-1.439,1.403,-0.112,,-0.445,1
0.368,,-0.417,1.616,1.304,-1.478,1
1.246,0.462,0.775,2.881,,-0.13,1
0.335,-0.043,0.075,0.932,-0.361,0.51,1
0.408,0.627,-1.405,-0.38,-1.738,0.211,0
0.496,0.616,-1.455,1.087,0.398,-1.784,0
-0.115,0.492,1.353,-0.579,,0.291,1
-0.692,-1.101,1.378,0.638,0.667,-0.49,1
0.298,-0.345,-0.297,-0.002,,-0.106,1
-0.447,0.798,-0.598,-1.265,2.082,2.831,1
0.431,-1.706,-0.792,-0.244,0.957,0.174,0
2.252,-0.152,0.946,0.318,,-2.019,0
-0.119,-2.268,0.961,-0.325,-0.891,-0.566,1
-0.079,1.08,1.126,-0.865,,-0.527,0
-0.065,1.964,-0.211,0.836,-0.127,-1.164,0
0.018,,-0.287,-0.421,0.613,0.457,0
-1.079,0.306,0.522,-0.474,1.172,1.019,0
0.555,0.221,0.169,0.168,0.712,-0.5,1
-1.054,,1.082,0.311,2.798,0.067,0
-0.114,0.64,-2.911,-0.946,-1.172,-0.857,1
0.636,,2.437,-1.656,1.08,-1.74,0
0.738,0.183,0.566,-1.049,0.544,0.498,0
0.651,-0.864,-0.454,-1.37,,-0.944,0
-1.743,2.174,-2.583,-0.461,-0.115,-0.388,0
-0.529,-0.223,-0.763,-1.465,0.502,1.063,0
0.386,1.342,0.609,-1.033,,-2.461,1
2.715,-1.039,-0.328,0.903,0.349,-1.073,1
-1.144,-0.853,-1.821,0.728,,-1.382,1
-0.654,-0.933,-0.049,-2.08,-0.154,1.53,0
-0.091,,-0.11,0.951,-0.287,-1.249,1
-1.769,,0.113,-1.323,-0.669,0.821,0
-0.355,-0.677,0.025,1.092,,0.181,0
0.471,1.833,-1.59,0.683,-0.653,-1.066,1
-1.265,,0.267,1.191,,0.286,1
-2.027,0.111,-1.733,-0.482,,0.574,0
-1.088,0.873,0.012,0.998,2.221,0.606,1
-0.109,1.965,-0.276,0.873,-2.186,1.233,1
0.553,-0.724,-0.939,0.615,2.609,3.524,1
-1.07,,0.038,-0.424,-1.704,-1.37,0
0.469,-1.523,1.234,0.783,1.136,1.595,0
0.087,2.189,-1.377,2.407,-0.494,-1.435,1
0.535,,0.48,1.009,0.995,1.42,0
1.77,-0.704,0.655,1.202,0.309,0.636,1
-2.198,,0.207,1.501,0.217,-0.756,1
0.617,1.142,-0.776,0.094,-0.17,-0.806,0
-0.118,,-0.315,0.916,-0.49,0.006,1
0.434,1.04,-0.512,1.244,-0.908,1.128,1
-0.606,-1.175,-0.73,-0.011,0.704,-0.705,0
-0.393,-1.437,-0.991,0.086,-0.059,-0.931,0
-1.112,,-0.533,-1.292,-0.478,-1.134,0
-0.398,1.998,1.482,0.813,,-2.358,0
1.497,-0.209,1.505,-0.07,-0.463,0.939,0
-0.14,2.002,1.879,0.268,,1.796,0
-1.107,-0.231,-1.762,-0.289,0.306,-0.718,1
0.898,-1.21,-0.795,0.749,-1.672,1.371,1
-0.366,,1.081,0.621,1.561,-1.48,1
-1.213,0.471,-0.657,0.433,0.429,0.991,1
1.533,0.377,-0.796,-0.553,0.506,-2.222,0
0.812,,0.044,0.119,-0.349,0.303,0
-0.84,-0.052,2.035,0.216,-0.009,-0.992,1
-1.273,-0.348,-0.347,0.102,0.088,1.205,0
-0.034,0.134,0.133,0.798,0.672,0.116,1
-0.444,-0.845,-3.229,0.387,-0.211,-1.244,1
1.54,,0.51,-1.343,-0.876,-0.02,1
0.118,,1.354,-0.323,1.221,1.635,0
0.807,-0.171,-1.381,0.199,-1.036,-0.78,1
0.429,-1.803,0.72,0.708,-1.376,0.292,1
-1.054,-0.133,1.413,-0.799,0.937,0.372,0
-1.392,1.005,0.293,-0.134,-0.447,0.766,1
1.492,0.253,2.344,-0.179,-0.338,-1.463,1
0.009,,1.269,0.249,,-0.67,0
0.119,1.263,-1.848,-0.273,-1.575,2.703,1
-1.241,-1.624,-0.246,-0.328,,-0.669,0
-0.468,-1.199,-0.072,-2.281,1.947,0.183,0
-0.893,,-0.817,1.128,0.751,0.384,1
-0.589,-0.086,-1.845,0.55,-0.818,1.256,1
-0.267,0.111,-0.993,0.84,-1.616,-0.548,1
0.542,1.629,0.926,0.735,0.442,1.218,1
0.26,-0.598,0.336,0.18,1.201,-1.005,0
1.389,1.369,1.322,-0.092,,0.367,1
0.441,,1.291,-1.148,-0.802,-0.346,0
0.763,0.143,1.88,-0.466,,0.183,0
-1.662,-1.267,-0.179,2.735,,1.208,1
0.226,-1.54,-0.104,-0.311,-1.852,-0.243,1
-1.18,0.953,0.07,-0.112,-0.934,-0.537,1
0.606,-0.57,0.265,1.323,0.174,0.197,1
1.887,,1.525,-0.493,1.748,1.994,1
1.405,,1.363,-0.953,1.657,0.264,1
0.282,-0.128,1.282,-0.093,0.148,-2.929,0
-0.074,-1.052,-0.017,0.465,0.601,0.857,0
0.395,,-0.497,0.821,0.299,-1.002,1
0.134,1.315,-0.282,-0.72,,1.015,1
-0.619,,0.133,-2.474,-0.208,-0.168,0
0.154,0.219,1.89,-1.263,0.901,-0.079,0
0.352,,0.592,1.055,-0.698,0.976,1
-1.091,-0.658,-0.722,-0.602,-2.329,1.113,1
-1.87,2.031,1.174,-1.541,-0.939,2.263,1
-0.113,-0.506,-0.034,0.129,-0.099,0.395,1
0.058,-2.254,-0.344,1.116,1.157,1.578,0
-0.517,-1.132,0.289,-0.59,-0.182,0.677,0
1.624,,-0.118,-0.285,,1.014,1
-0.97,-1.272,-1.078,-0.443,0.623,1.641,1
1.323,-1.153,-1.394,0.385,-0.223,-0.526,0
-0.197,1.241,0.815,-0.029,0.404,1.252,1
0.18,0.72,-0.374,-1.788,,1.021,0
0.197,1.363,-0.662,-0.383,-0.049,1.485,0
0.076,0.081,-1.125,1.1,-0.89,-1.305,1
-0.3,-0.884,-0.673,0.234,,-0.962,1
0.398,1.261,-0.078,0.469,-0.192,-0.159,0
-0.069,-0.784,-0.523,0.49,-0.227,0.93,1
0.717,0.413,0.272,0.261,,0.936,1
-1.079,0.306,-0.535,-0.677,0.777,-0.598,0
1.53,-0.781,0.466,1.025,,0.233,1
0.243,,-0.376,0.493,,2.096,0
0.197,0.11,-0.367,0.193,,-0.035,1
0.973,-1.732,1.234,1.492,,0.097,1
-0.18,-1.202,-0.359,0.894,-0.393,-1.204,1
-0.994,-1.018,-1.479,-1.568,0.466,-0.1,0
1.009,,0.194,0.293,0.217,-0.532,0
1.3,0.529,-0.754,0.213,-0.805,0.622,1
-0.677,1.252,0.048,0.998,-0.471,1.004,1
0.337,,-0.715,1.323,0.503,-2.823,0
-0.48,-1.258,0.135,0.109,2.6,-0.38,1
-1.371,0.635,-0.301,-1.722,,-0.228,0
-0.934,0.538,0.004,0.962,-0.797,-0.143,1
1.136,-1.521,1.098,0.659,-0.362,0.351,1
1.087,-1.561,-1.004,-0.802,-0.007,-1.121,0
-0.549,-1.218,-2.513,-1.836,,-0.227,0
0.264,-0.741,-1.633,-1.095,,-0.334,0
-1.538,,1.154,0.937,-1.919,-0.004,1
-0.809,0.215,-0.411,-0.769,-1.974,-0.781,0
1.412,0.271,-0.467,0.013,,0.41,0
0.996,-0.856,-0.74,1.446,0.21,0.403,1
1.141,2.045,2.647,0.183,-0.398,0.915,0
-0.725,0.371,-0.37,2.358,1.391,0.325,1
0.773,0.392,2.295,0.434,-0.339,-0.028,0
-0.868,-0.006,0.999,0.017,-0.314,-0.932,1
0.027,0.037,-0.371,0.83,0.325,-0.476,1
-0.508,-0.274,2.12,1.001,-1.091,-0.468,0
-1.562,-0.173,1.395,-2.223,-0.849,-0.714,0
-0.73,,-1.215,-0.044,0.422,-1.86,0
-1.159,-0.604,0.617,-0.68,-1.546,-0.609,0
-2.022,1.685,-0.452,-0.018,1.262,-0.042,1
-0.535,3.401,-0.641,1.244,-0.262,-0.517,0
2.522,-1.065,-0.869,0.617,-0.294,0.187,1
0.366,,-0.544,-1.925,2.574,0.873,0
-1.017,-1.461,-0.425,-0.617,1.685,-0.343,0
-2.39,-0.477,0.979,-0.968,-0.571,-0.998,0
-0.106,,1.544,0.887,-1.124,1.073,1
0.76,-0.808,1.868,0.297,,1.181,1
0.092,,0.196,-1.753,-2.455,-0.271,0
0.707,-0.588,-0.864,1.108,-1.042,-0.168,1
0.565,-1.035,0.164,0.566,-1.382,0.211,1
-0.786,0.427,0.759,1.245,,-0.931,0
-1.002,-0.487,0.262,-0.969,,-0.645,0
-0.554,-0.331,-2.571,-2.051,-0.629,-0.234,0
-0.682,-0.893,0.705,-0.124,0.886,-0.25,1
-0.496,-0.514,0.732,-1.816,1.636,-2.363,0
1.457,0.341,-0.14,-0.074,-0.737,0.628,1
-1.216,1.866,0.999,0.474,1.388,0.313,1
1.306,0.929,-0.387,0.205,0.312,0.023,1
0.72,0.369,-0.207,-1.192,0.29,-1.167,0
-0.776,-2.716,0.502,-0.67,-0.478,0.218,0
0.418,0.156,-0.991,0.032,1.093,0.415,0
-0.23,-1.414,0.041,-0.107,0.677,-2.279,0
1.793,-0.483,1.284,0.153,-1.172,-0.053,0
-0.877,0.908,0.976,-0.412,0.727,1.228,0
-0.686,0.403,0.314,1.05,0.518,-1.151,1
-0.269,-0.498,-0.695,0.136,0.835,1.707,0
-0.634,-1.452,-0.724,-0.364,1.515,0.914,1
2.261,,0.023,0.709,1.941,-0.356,0
1.702,,1.324,-0.943,,-1.718,0
0.139,0.836,1.0,0.663,-0.193,0.855,0
-0.406,-1.736,-0.406,-1.181,,-0.749,0
-0.04,-0.947,-0.305,1.908,-1.041,0.815,1
-0.795,-0.613,0.865,0.791,-2.23,-0.204,1
-1.211,0.445,1.136,-1.984,0.604,-0.315,0
1.47,1.087,0.359,0.057,-1.455,-0.525,0
-0.145,1.362,0.631,1.254,0.604,-0.428,0
-1.243,1.587,-0.897,0.221,1.701,-0.448,0
-2.414,-0.998,-1.476,0.941,-0.938,-0.402,1
-0.859,-0.096,-0.175,0.011,,0.286,1
-1.205,1.57,0.157,0.231,0.343,0.057,0
-0.231,-0.822,0.292,0.967,1.532,-0.305,0
0.338,,0.148,0.38,-0.377,0.065,1
0.479,,-0.763,0.313,2.961,-0.851,0
-0.455,,0.47,1.335,-0.409,0.949,1
1.68,,-0.568,-1.819,0.976,-0.784,0
1.577,-0.939,-1.462,0.232,1.231,0.49,1
-1.372,-0.106,-0.397,-1.571,1.292,-1.449,0
-0.073,-1.357,-1.596,0.504,-1.403,-0.913,1
-1.476,-0.412,-1.905,-1.236,,1.628,0
1.216,1.035,0.614,-1.383,-0.766,0.129,1
0.797,0.194,-0.168,1.505,0.069,-1.161,1
-1.012,-2.224,1.448,-1.551,0.846,0.444,1
-1.533,-1.907,1.143,0.834,-1.383,1.404,1
0.564,1.171,-0.596,-0.66,-1.708,-0.601,0
0.612,2.145,-1.129,1.593,-1.334,1.508,1
1.227,,-1.206,1.403,1.323,2.191,1
-0.347,-0.497,1.22,0.176,,0.807,0
1.512,0.412,0.328,-0.139,1.33,-0.459,0
-1.152,,0.117,1.064,,-1.518,0
1.013,,1.147,-0.313,,-1.069,0
-1.371,-0.349,-0.603,-0.237,0.186,0.551,1
-0.718,-0.491,0.81,-0.308,0.5,-0.218,0
-0.477,0.248,-1.583,-0.097,1.857,0.034,0
-0.337,,0.284,0.177,-0.205,-0.3,0
0.235,,1.621,-0.325,-0.492,-1.495,0
0.459,1.439,2.054,-0.365,-1.144,-0.496,0
-0.585,0.877,1.336,0.596,0.197,0.806,1
0.549,-0.324,1.701,-1.342,0.636,-0.569,0
-2.349,,-1.071,1.049,0.636,0.38,1
0.583,-0.259,0.256,0.705,,-2.518,0
1.142,,1.063,-1.14,-2.077,1.871,0
0.52,1.083,1.088,0.535,,0.29,1
-0.326,1.567,-0.359,0.592,0.667,-0.211,1
0.328,1.09,0.629,0.585,0.255,-0.83,0
-0.454,0.554,-2.972,1.295,-0.048,1.272,1
-1.585,-0.66,0.036,-0.03,,0.332,1
0.144,,-0.461,1.717,0.088,0.919,1
2.306,-0.272,-0.338,0.223,,0.002,0
-0.27,-0.519,-1.143,-0.607,-0.476,-0.498,1
-1.102,0.501,1.816,-1.43,-1.554,0.031,1
0.703,-0.157,-1.003,-2.33,-2.067,0.881,0
0.557,1.03,0.371,-0.199,,-1.076,0
-0.058,0.114,-0.238,0.302,0.589,-1.028,0
-1.343,,-0.76,-0.154,2.205,-0.648,0
1.131,-0.645,1.426,0.508,-0.042,1.704,1
0.564,2.333,0.782,0.268,0.35,-0.359,0
-1.024,-1.559,1.064,-0.657,0.802,-0.246,0
1.526,1.03,0.71,-0.604,,-0.55,0
-1.871,,0.076,-0.99,-0.425,0.502,0
2.135,-0.648,0.65,-1.354,,-0.187,0
-1.465,0.724,1.522,0.289,-0.731,0.258,1
-0.257,1.005,0.331,-0.096,0.213,0.427,1
-0.884,0.062,-1.44,-0.397,0.665,-0.644,1
-1.883,0.53,-1.216,-1.369,0.49,1.17,1
-1.171,-0.393,0.204,-0.668,-0.645,-0.651,0
-0.328,0.528,0.232,-0.208,-0.162,-0.918,0
-0.844,0.41,-0.64,-1.595,0.269,-1.616,0
1.467,-3.101,0.466,-1.05,-0.993,-1.124,0
-0.21,1.526,0.88,0.325,-0.312,1.668,1
-2.096,1.425,-0.349,0.254,,-0.284,1
0.456,-0.906,0.817,1.79,-0.67,-1.916,1
-2.126,0.488,0.256,-0.55,,-1.182,0
0.14,1.133,0.379,0.255,0.961,0.39,0
-0.464,,1.574,0.783,-0.355,0.155,0
1.233,,0.432,0.831,,1.58,1
-0.107,-0.258,-0.723,0.08,0.02,-1.089,0
0.503,0.219,-0.897,-0.611,-0.851,-0.89,0
0.026,,0.049,0.369,-0.547,-0.571,1
-0.71,0.963,-1.069,-0.766,-0.372,0.26,1
0.66,-0.525,-0.002,0.365,,-0.046,1
-0.082,-0.801,-0.855,0.35,,-0.772,1
0.004,0.782,1.077,-0.197,,0.436,0
-0.998,-1.35,0.14,-1.506,-0.231,0.563,0
0.23,0.693,0.632,0.852,0.242,0.679,1
0.179,-0.339,0.344,0.022,-0.724,0.572,1
-1.283,,1.615,-0.783,0.256,-0.518,0
-2.358,1.455,-0.441,0.463,-0.55,0.471,1
0.594,-0.449,0.861,-0.734,-0.406,-1.697,0
-2.404,-0.874,-0.062,-0.554,,-1.029,0
0.107,-0.983,-1.861,-0.157,,-1.15,0
0.452,0.597,-0.539,2.045,-1.865,0.308,1
0.216,-2.226,-0.911,-0.662,-0.128,-0.26,1
0.399,1.165,0.544,-0.812,-0.507,0.795,1
0.114,-3.161,-1.753,0.222,,-1.736,1
0.81,-0.247,-1.085,-0.882,0.255,-0.974,0
-1.057,-0.557,-1.778,0.271,1.33,0.085,0
-2.033,0.679,-0.647,-1.037,-0.346,0.734,1
0.566,0.423,0.247,-1.527,-1.437,2.474,0
-1.094,-0.061,-0.36,-0.314,-0.431,-0.546,0
0.389,1.285,0.77,-0.892,0.123,1.643,1
-0.8,-0.175,-0.916,0.568,-0.689,-0.262,1
1.331,-0.806,0.829,-1.816,1.799,0.186,0
0.687,-1.658,-0.793,0.946,-0.291,1.274,1
0.72,0.235,-0.943,0.839,-1.053,0.318,1
-1.271,0.318,1.641,-0.101,-0.997,1.82,1
-0.535,-1.043,0.636,-2.008,,-0.221,1
-0.38,0.848,-0.368,-0.983,-0.802,0.738,0
0.236,0.664,0.35,0.383,0.466,2.114,0
0.387,-1.009,-0.166,0.638,0.975,-1.11,0
-0.52,-0.799,-1.452,-1.242,-0.018,-0.98,0
1.075,-0.255,-0.583,0.685,,-0.084,1
-1.029,0.207,-0.555,-1.001,-1.216,0.305,1
0.985,-0.115,0.635,-1.475,-0.3,-0.565,0
0.205,-0.085,0.468,-1.644,0.639,-0.803,0
-1.323,1.199,-2.012,-2.729,-0.844,-0.56,0
0.379,-0.338,-0.842,-0.743,0.14,0.82,1
-0.366,-3.048,0.101,0.644,,-3.136,0
-0.129,,-0.014,1.157,-0.466,-0.766,0
-0.855,1.126,-1.065,0.522,0.188,1.678,1
0.416,-1.052,-0.55,0.4,-0.52,1.616,1
0.329,-0.612,0.874,0.677,-1.138,-1.301,1
-1.138,-0.723,0.523,-0.761,1.318,-0.384,0
0.721,1.183,-0.533,0.756,0.718,1.515,1
0.431,-0.098,1.315,-0.438,-0.729,0.596,0
-0.73,-0.393,1.84,0.029,-1.171,-1.156,0
0.65,0.687,1.225,0.45,0.906,-1.501,1
-0.321,-0.394,-0.73,-0.597,,-1.771,0
-1.636,0.819,0.034,0.909,0.351,-0.855,0
0.435,,-0.31,-2.062,-0.758,-0.163,0
-1.035,-1.571,0.788,0.409,0.869,0.632,1
0.361,1.26,1.422,0.975,-0.776,2.69,1
-0.501,1.328,0.558,0.778,,-1.776,0
2.097,-1.097,-0.485,-0.369,,0.581,1
-2.019,0.665,2.176,0.918,1.09,-0.656,1
1.271,,0.599,-0.269,-0.36,-1.723,0
0.897,-0.544,1.033,-0.372,1.306,-0.475,0
0.269,1.313,0.317,1.179,,0.48,1
-0.949,0.205,0.743,-1.619,-0.528,0.688,0
-2.214,,-1.388,0.975,0.465,-0.247,1
-0.12,0.494,0.659,-0.236,-1.186,-0.815,0
1.068,-0.471,0.366,-0.619,,-0.406,0
-0.069,-0.944,-0.496,0.688,,1.449,1
-1.547,-0.419,0.678,0.801,0.892,-0.513,1
-0.334,0.888,0.407,1.946,-0.071,-1.787,1
-0.846,-0.266,-0.297,-0.007,0.625,0.117,0
-1.507,-0.516,0.096,0.165,,-1.376,0
0.827,-0.233,-0.414,0.261,-0.402,-1.858,1
1.086,0.117,-0.016,0.889,,0.266,1
-1.431,1.398,-1.41,2.615,,-0.111,1
0.927,0.738,-0.45,0.232,-0.705,0.36,1
0.474,-1.199,-0.409,0.654,0.44,-0.165,1
0.476,0.196,1.233,0.522,-0.635,-0.584,1
-0.658,1.033,0.839,1.37,0.983,0.964,1
-0.68,0.139,1.001,-0.216,0.021,1.146,1
0.142,-0.564,0.171,1.384,-1.308,0.854,1
0.248,,0.241,0.209,1.406,-0.332,1
-0.395,1.224,1.048,-1.098,0.276,-0.002,0
-0.743,,-1.658,-0.858,-1.166,1.752,0
-0.466,,0.304,0.563,-1.359,0.7,0
-0.871,-0.525,-0.11,1.408,,-1.255,1
-0.242,-1.594,-1.161,1.223,0.449,0.894,1
0.492,1.383,0.221,1.617,0.56,-2.11,1
-0.208,0.132,-0.772,-0.328,-0.652,-0.609,1
-0.23,,1.226,0.621,0.849,-0.368,0
1.392,-1.564,-2.034,-0.57,,-0.802,0
-0.712,-1.733,-0.65,-1.156,,0.27,0
-0.873,0.935,-0.145,0.716,,-0.37,1
0.522,-1.21,0.768,1.362,0.015,0.427,0
0.037,-0.84,0.583,-0.302,-1.46,0.927,0
2.076,0.075,-0.091,0.292,-1.518,-0.363,1
-0.281,-1.303,-0.896,0.521,0.237,1.768,1
1.571,-0.848,0.632,-2.407,-2.537,0.923,1
0.575,-0.575,-0.653,0.064,-1.579,0.322,0
0.755,,-0.413,-0.287,1.427,-0.026,0
0.839,-3.174,0.439,0.725,,-0.139,0
0.247,0.612,1.64,0.064,0.055,-0.442,0
-1.687,2.13,0.119,0.075,0.606,-1.892,0
1.377,-0.747,1.701,1.335,-0.816,-0.777,1
0.851,0.14,-2.335,1.005,-0.026,0.885,0
0.384,-1.217,2.577,1.376,-0.135,1.011,1
-0.791,,1.002,0.675,,0.895,1
-1.37,,0.058,0.92,-1.829,0.411,1
-0.631,,-0.943,0.656,-0.476,0.06,1
0.404,-0.008,-0.374,-1.964,,-0.078,0
0.45,0.836,0.453,-0.099,-0.221,-0.825,0
-0.738,,-1.127,1.905,-0.408,-1.085,1
0.171,-2.689,-1.679,-0.035,-1.389,0.766,1
0.131,-0.293,0.581,0.848,-0.48,0.129,1
0.536,-0.633,0.808,-0.158,-1.571,2.206,0
1.384,2.384,-0.307,1.599,0.05,-0.428,1
1.091,-0.4,0.273,-0.866,-1.64,1.811,1
-1.951,0.49,-0.873,0.645,,1.344,1
-0.988,-0.205,1.266,-0.416,-0.994,-0.257,0
-0.481,-2.226,-2.343,0.567,0.447,-0.152,0
1.492,-1.686,-0.758,-1.361,,2.079,0
0.031,0.177,-0.477,-0.53,0.769,-0.491,1
0.683,-0.137,-0.389,0.639,-0.472,-0.332,0
0.013,-0.718,-1.671,-0.032,-1.697,-0.476,1
0.205,-0.807,-0.814,0.544,-0.892,0.606,1
0.547,0.926,0.166,1.294,0.728,-0.507,1
0.886,-1.418,-0.247,-0.501,-0.693,0.029,0
-0.442,0.644,-0.879,-0.792,-1.511,1.398,1
0.736,-0.213,-0.73,0.619,-1.053,1.403,1
1.786,,-1.21,0.158,-0.817,1.008,1
2.168,1.508,0.126,-0.399,0.029,-0.11,0
1.413,-0.28,0.666,0.606,,-0.419,0
0.159,-0.453,-0.788,-0.9,-0.827,0.185,0
-1.099,0.073,1.207,0.373,-0.9,-0.177,1
-0.062,1.234,1.736,-0.402,-1.242,0.788,0
0.076,1.087,0.781,0.879,0.783,-0.909,0
0.272,0.948,-1.497,0.683,,0.923,1
0.742,0.731,0.737,-1.207,-1.359,0.415,0
-0.316,-0.339,0.051,-0.234,0.435,-0.462,0
1.168,-0.817,-1.413,-0.729,-1.338,-0.866,1
-0.33,0.209,0.619,-0.581,2.182,-1.138,0
-0.586,,-0.394,0.244,0.735,0.399,1
0.204,0.146,-0.345,0.549,,-0.756,1
-1.214,-0.42,1.228,-1.152,-0.399,0.429,0
0.834,0.501,0.221,1.501,,-1.54,1
1.237,0.015,0.308,0.166,-1.061,-2.141,0
0.015,2.486,-1.963,-1.667,-1.677,-0.322,1
0.989,-2.405,0.824,-2.519,-0.185,-0.076,0
-0.051,-0.288,-1.348,1.276,,0.718,1
1.77,-0.311,-0.209,1.29,0.323,0.595,1
-1.075,-0.889,2.013,0.274,0.899,0.294,1
-1.023,-0.555,0.575,0.924,0.255,-0.036,0
0.092,0.386,0.675,0.531,1.143,0.258,0
0.245,0.294,0.742,-2.036,1.269,-1.8,0
0.885,0.046,2.548,1.114,,0.602,1
-0.495,,-0.624,-1.103,,0.808,0
1.266,-1.041,-0.985,-0.531,-0.472,0.999,0
1.469,-1.696,-0.104,0.649,-0.237,-0.164,1
-0.797,0.458,0.468,-0.895,0.794,0.002,0
-2.166,-0.132,2.615,-0.133,-0.003,-1.157,0
-1.379,,-3.112,0.08,-0.169,-0.576,1
-0.368,0.761,0.338,-0.342,,0.383,0
0.954,-0.037,-0.525,0.005,-0.941,0.991,1
-0.742,0.62,0.368,-1.594,-1.693,0.293,0
-0.172,-0.808,0.094,-0.654,-1.452,0.335,1
0.278,0.04,-1.61,1.997,1.521,1.504,1
0.202,-1.078,0.736,1.291,0.595,0.802,1
-0.269,0.917,0.469,-0.967,,-1.076,0
-0.537,-0.375,-1.033,0.008,0.91,0.521,0
0.216,0.702,-1.299,-0.057,0.892,-0.01,1
1.026,-0.155,0.112,1.016,,-1.036,1
-1.444,0.413,0.2,-1.123,-0.812,0.881,0
1.533,-1.396,0.299,-0.105,0.195,-1.144,0
-0.678,0.649,2.256,-0.551,0.286,-1.91,0
0.917,,0.235,1.815,0.261,-0.071,1
-0.57,0.855,0.117,1.33,-0.321,0.301,1
-0.06,-0.92,0.723,-1.871,-1.201,-0.602,0
-0.327,2.431,-1.355,0.081,-0.88,0.465,1
-0.533,0.404,-1.58,-0.17,-0.024,-0.258,1
0.516,1.359,0.094,0.584,,-1.93,0
-1.81,,-0.18,-0.684,0.447,-0.959,0
0.148,0.591,0.022,-1.311,0.571,0.564,0
-0.149,-0.335,1.789,0.076,0.747,-0.411,1
0.175,,-0.947,1.151,-0.357,-0.014,0
-0.937,,-0.058,-0.97,-2.432,0.596,0
-1.372,,0.799,0.811,,-0.744,0
-1.316,-0.821,-0.013,0.156,-1.335,1.488,0
2.098,,0.351,-0.688,0.23,-0.218,0
0.858,1.885,2.257,-0.218,2.013,1.667,0
-0.146,1.221,-0.067,0.663,1.261,1.11,1
1.278,,-0.296,1.34,-0.405,-0.434,1
-1.775,,0.921,-0.56,-0.388,-0.74,0
0.774,1.613,-0.282,1.33,,-0.965,1
-0.634,,0.595,-1.213,0.299,0.688,0
0.591,,1.575,0.383,,-1.133,0
0.482,,0.73,0.619,,0.92,1
0.153,,1.071,1.497,-1.179,-0.33,1
0.297,,-0.937,1.01,-2.014,-0.58,1
0.566,-0.243,-0.387,0.501,-0.831,-1.206,1
0.186,,0.366,0.642,-0.741,-0.263,1
0.128,-1.831,1.815,-0.207,,-0.4,0
1.797,0.748,-0.845,1.164,1.113,1.224,1
-0.173,,-0.619,-0.774,0.726,0.901,0
0.217,-0.477,0.729,0.799,1.22,0.829,1
-0.31,0.81,0.65,-0.127,-1.205,0.611,1
-0.164,-2.593,-0.162,-1.472,-0.948,-1.749,0
0.11,,-0.689,-0.57,,-0.216,0
1.298,-0.261,0.791,0.968,-1.468,0.299,1
2.909,0.768,0.857,-0.686,0.281,1.711,0
2.346,-0.528,-1.379,0.244,,1.143,0
0.838,0.756,-0.248,0.259,0.886,-0.087,0
-0.917,,0.623,-1.104,0.433,-0.052,0
-0.251,1.453,1.05,-0.63,-0.433,-0.069,0
0.662,,1.102,0.92,-0.149,-0.465,1
0.061,-0.092,-2.203,-2.266,0.62,-0.945,0
-1.07,-0.46,0.155,0.912,1.024,0.371,0
1.307,-0.589,-1.842,1.046,-0.637,-0.5,1
1.229,0.289,-0.568,-0.449,0.734,1.716,1
0.096,1.19,0.193,0.103,2.782,1.843,0
0.119,-1.358,-0.655,0.331,0.51,0.433,0
1.402,-0.04,1.188,0.501,-2.116,-1.027,0
-0.248,0.437,-0.061,0.196,0.292,-1.158,1
-0.155,0.396,0.984,1.104,0.179,1.461,1
-0.031,0.064,0.633,2.978,-1.318,1.087,1
-0.637,-0.54,1.158,-1.275,0.037,1.923,0
0.373,,1.094,1.261,-0.144,-0.621,1
-1.564,,0.02,0.577,-1.634,-0.944,0
0.224,0.782,1.339,-1.026,-0.735,-0.735,0
-0.635,-0.899,-1.39,-1.61,0.193,1.062,0
-0.789,0.333,1.013,0.454,-1.007,-1.231,1
0.311,0.481,0.631,0.096,,0.41,1
1.359,-0.816,-0.487,-1.885,0.456,0.384,0
0.456,1.63,0.944,0.374,0.292,1.658,1
1.489,0.416,-0.389,-0.027,-0.09,1.187,1
-1.334,0.804,1.154,-0.61,0.507,0.008,1
0.34,-0.489,-0.337,0.074,1.467,-0.527,0
-1.527,0.103,-1.278,-0.136,,-1.017,0
0.463,-0.015,1.147,-0.835,-2.678,0.625,1
-0.166,-0.76,-0.398,-0.548,-0.204,-0.528,0
-1.021,-1.213,-1.457,-0.644,0.295,-0.518,0
-0.1,0.432,-0.607,1.164,0.037,-1.312,0
0.336,-1.858,-0.982,-0.099,-0.826,-0.587,1
-1.197,0.16,-1.308,-0.481,-0.039,0.935,0
-0.405,0.364,-0.783,-0.347,0.973,-0.004,0
-0.385,,-0.368,0.781,0.415,0.175,0
-1.905,,1.193,-1.157,1.511,-1.101,0
-1.092,0.445,-1.098,1.11,0.932,0.231,1
-0.21,-0.313,0.897,0.223,-0.306,-0.009,0
-1.266,0.886,-1.303,1.529,-2.034,-1.013,1
1.214,0.032,-1.949,1.279,-0.003,3.062,1
0.968,-0.732,-0.719,-0.415,-0.405,0.399,1
1.185,,0.675,-1.009,0.918,-0.793,0
1.85,0.605,-1.002,0.66,-0.792,0.119,1
-1.731,,-0.274,-1.051,0.038,2.35,1
-0.499,-0.846,-1.447,-0.504,1.286,-1.719,0
-0.267,-0.745,0.015,-0.454,0.58,-1.997,0
-0.258,,-1.339,-0.039,,0.851,1
-0.67,1.068,0.945,1.674,-0.137,0.122,1
-0.18,-0.355,1.296,0.389,1.992,-0.517,1
0.242,-0.267,0.222,2.981,0.774,1.188,1
-1.442,1.638,-0.87,2.455,0.231,0.129,1
-0.138,0.423,2.769,0.247,0.269,1.242,1
-1.202,-1.573,1.652,0.847,1.488,0.681,1
-0.807,-0.473,0.678,-0.586,0.786,2.069,1
0.734,-0.013,-0.351,0.152,-0.344,-0.82,0
1.811,-0.053,-0.131,0.055,-0.563,0.848,1
-0.309,-0.279,0.104,2.086,1.444,0.787,1
0.379,1.88,0.128,0.278,-0.532,-2.551,1
-0.969,-0.17,-1.003,-0.028,-1.98,1.587,1
-1.162,-0.25,-1.668,0.039,0.521,0.308,1
-0.73,-0.032,0.199,-1.536,1.163,0.586,0
1.154,0.284,-0.467,1.575,0.28,-0.77,1
1.096,0.483,-0.04,-1.076,-0.225,-0.188,0
-1.183,-0.158,1.242,-2.502,0.203,-2.14,0
-0.148,-0.841,0.488,-0.992,-0.026,1.906,0
-1.968,,-0.624,0.75,-1.028,-0.913,0
1.235,-1.138,-0.063,0.715,0.16,0.393,1
-0.619,0.489,-1.065,-1.701,0.039,0.507,0
-1.778,0.032,0.243,0.451,0.573,1.104,1
0.476,1.126,0.352,0.072,0.252,-0.646,0
0.167,1.379,-0.034,1.119,0.702,-0.97,1
-1.021,1.364,-1.239,-0.004,-0.346,-0.4,0
2.696,0.299,0.094,-0.604,1.607,0.31,0
0.334,0.061,0.195,-1.116,-1.066,0.63,0
-0.246,-1.473,-0.474,-0.997,,1.201,1
-1.458,0.527,-0.409,0.427,-0.372,0.718,1
0.523,-0.603,0.565,-0.517,,0.797,1
1.378,-0.808,-1.075,1.093,-0.809,-0.267,1
-0.537,-1.011,-2.583,0.099,-0.429,-0.557,1
0.722,-1.163,-1.054,0.206,1.394,-0.402,0
0.899,-0.205,-0.518,-0.52,,1.089,1
-1.829,-1.435,-0.267,-0.019,-0.626,-0.656,1
-0.745,,-1.147,-0.501,-2.007,1.99,1
1.544,-0.412,0.83,0.806,1.738,-0.583,1
0.311,-0.812,0.799,0.012,0.637,0.842,0
-0.938,1.617,0.688,-1.344,0.316,-1.476,0
1.151,0.089,-0.372,-0.125,-2.718,0.316,1
0.635,1.494,0.896,1.956,-0.494,-0.176,1
-0.044,0.217,0.081,0.606,0.488,-1.605,1
1.047,0.58,0.109,-0.514,0.494,0.345,0
1.254,0.469,-0.911,0.99,0.512,0.673,1
1.25,-0.526,1.155,0.469,0.433,0.54,1
-0.462,-1.509,-0.965,-0.942,-1.033,-0.959,1
-0.884,0.729,-0.22,-0.392,,-0.73,1
0.851,2.127,-0.003,-1.449,0.32,0.332,1
0.879,0.237,1.389,0.257,0.609,0.4,0
0.153,-0.096,1.139,1.272,0.514,1.886,1
1.106,,0.817,1.21,0.432,-1.631,1
0.941,0.298,-0.008,-0.981,0.914,-0.26,0
-0.147,1.478,-0.403,0.186,-0.354,1.163,1
-1.708,0.118,1.788,0.43,1.636,-0.064,0
-0.273,1.595,2.073,0.27,-0.391,-1.109,0
0.615,-0.272,-0.06,2.555,0.742,1.519,1
0.363,,1.394,0.441,,1.446,1
1.201,-0.118,-0.034,-1.174,0.094,-1.309,0
-0.376,,1.549,0.772,0.115,0.311,0
-0.359,-0.532,-1.264,1.606,-0.243,0.701,1
-0.983,0.624,-0.805,0.319,0.158,0.014,1
-1.821,0.276,-2.012,2.726,0.25,-1.338,1
-0.464,-0.087,0.201,1.786,-1.442,-0.027,0
-0.36,1.169,0.55,-0.05,-0.817,-0.925,0
0.528,0.358,-1.654,0.493,-0.201,-0.009,1
0.589,-0.436,0.891,-0.53,0.924,-1.261,0
-0.964,2.601,-1.567,1.715,-0.851,0.534,1
2.585,-1.12,0.04,0.748,-0.372,-0.262,1
1.131,-1.55,0.315,1.01,-0.935,-0.247,1
-0.069,-0.516,-0.169,-0.379,0.186,0.953,1
-0.518,-0.811,1.104,-2.333,-0.016,-0.395,0
-0.561,1.24,1.535,-0.954,,-1.957,0
1.591,0.652,-0.502,-1.575,-0.02,-0.394,0
0.446,,-1.673,-0.174,,2.762,1
-1.529,,0.778,-1.341,-0.009,0.684,1
1.793,,0.007,-0.489,-0.102,-1.0,0
0.537,-0.084,1.116,-1.88,,0.141,0
-0.007,1.206,-0.842,-0.434,-2.22,0.771,1
1.066,,-0.901,-0.718,1.379,-0.796,0
-0.853,-0.357,-0.999,-0.603,,-0.299,1
-0.049,-1.262,1.228,-0.066,0.926,0.102,0
-0.131,2.118,-1.176,-0.732,-1.073,0.338,1
-1.985,-1.636,-1.052,2.034,1.421,-0.004,1
1.157,,-1.283,0.043,0.316,-0.033,1
0.578,-0.441,-1.769,-0.351,-0.057,0.164,0
1.073,,-1.108,2.17,,-2.215,1
-0.679,-0.656,1.383,0.988,,1.238,0
-0.096,0.816,-0.662,-0.113,-0.557,0.128,1
0.638,,0.23,1.873,0.587,0.786,1
1.904,0.255,1.704,-0.476,0.559,-1.053,0
-0.117,-0.17,0.311,-0.82,-0.223,1.002,0
0.101,0.807,0.876,-0.671,,-0.712,0
-1.182,2.146,0.781,-0.672,-1.057,0.431,1
0.503,0.316,-0.672,-0.933,,0.147,0
0.671,-0.711,-0.103,-0.873,0.604,-1.201,0
1.253,,-0.349,0.083,-1.142,-1.923,1
-0.62,-0.581,-0.014,1.474,,-1.894,1
1.199,1.015,-3.366,-0.222,0.112,-1.846,0
-1.07,0.685,0.228,1.933,0.646,0.877,1
-1.255,,-0.542,-0.081,-1.28,0.079,1
-0.757,1.875,0.292,-0.649,,0.232,0
-0.903,1.684,0.925,-0.672,-0.018,1.397,0
-0.179,-0.806,-0.007,0.083,-0.285,-1.109,0
0.329,,0.713,1.289,1.501,-1.547,1
0.896,-1.246,0.126,2.747,-0.845,-0.308,1
1.973,,-0.334,0.002,-1.426,-0.894,1
0.188,0.523,-1.524,-0.042,-0.959,1.484,0
0.109,-0.228,1.888,-0.983,0.534,-0.767,0
2.153,-0.336,0.28,0.19,-0.216,0.024,0
0.732,0.427,0.908,-0.524,0.176,-0.096,0
-1.01,,-0.439,-0.757,-0.757,-0.559,1
0.199,0.099,0.555,2.071,0.371,0.657,0
-0.613,-0.149,-0.605,0.142,1.35,0.453,0
-0.338,,0.181,-0.36,-0.141,0.791,1
-0.317,-1.755,0.946,-1.293,0.693,0.1,0
0.78,,-0.039,0.509,,0.611,1
-0.054,0.831,1.219,0.106,-0.997,-0.534,0
-0.972,1.497,0.572,-0.827,1.419,-1.445,1
-1.508,0.002,1.218,0.724,-0.582,0.229,1
-0.427,,-0.505,0.112,-0.601,-1.043,1
-0.857,1.132,0.985,2.106,-0.318,0.207,1
-0.933,0.142,-0.194,-1.177,0.891,-0.536,0
-1.115,,-1.934,-0.963,-0.811,-0.161,0
-0.45,-1.144,0.075,-0.143,0.86,0.324,0
0.294,-0.998,1.008,0.599,-0.054,0.109,1
0.77,0.57,-0.491,-0.563,1.981,0.583,0
-0.659,,-1.778,0.638,,0.171,0
0.504,1.218,0.086,1.791,1.01,-1.015,1
-0.233,,-1.02,-1.137,0.171,-1.756,0
-0.602,-0.875,1.179,0.945,1.17,-1.041,1
0.217,-0.206,1.182,0.742,-1.482,0.313,0
-0.02,0.366,-0.036,-0.388,,0.295,0
0.216,,1.111,0.743,-0.565,-1.363,1
-0.942,-0.144,0.783,-0.228,,-0.667,1
0.045,1.041,0.58,0.305,1.123,2.382,1
0.161,-0.223,-0.372,0.37,-0.482,-0.464,0
-0.445,-0.798,1.77,-0.802,1.976,1.338,1
0.281,,0.498,0.546,1.077,0.075,0
0.7,1.495,-1.244,0.71,-0.193,-0.264,1
0.015,-0.267,1.524,1.766,,1.268,1
0.98,,0.413,0.371,-0.528,0.345,1
-0.973,-0.185,-0.468,-1.579,-0.027,-1.452,0
2.198,0.836,0.592,1.034,0.023,-0.474,1
1.405,,-0.558,-0.52,-0.129,-2.419,0
0.884,0.72,-1.68,0.769,0.184,0.237,0
-0.032,-0.405,-1.768,1.101,-0.287,-1.21,1
0.131,,-2.087,-0.079,-0.882,0.511,0
1.386,,0.145,-0.021,-0.601,0.224,0
0.245,0.177,-0.402,0.162,,-0.017,0
-0.629,1.466,-0.161,0.761,-1.446,1.463,1
1.659,1.692,0.079,0.959,-0.933,-0.184,1
1.267,0.806,-0.553,-1.323,0.948,-0.253,0
0.045,0.717,-0.317,-2.285,-0.264,0.204,0
-0.58,-1.198,-0.378,-0.778,,-0.113,1
2.342,-0.108,-0.681,-0.33,,0.323,1
2.181,-0.646,-0.285,-0.855,0.65,0.274,0
2.896,1.08,-0.471,2.387,-0.183,-0.808,1
-0.051,0.45,-0.272,-1.943,,0.289,0
-0.528,-0.358,-1.247,1.779,,-1.726,1
0.858,0.655,0.352,-1.168,0.643,0.414,0
-1.736,,-2.663,0.885,0.659,-1.264,0
1.327,-0.166,1.218,0.088,0.797,-0.118,0
0.745,1.137,1.25,-0.552,-0.541,-0.166,0
2.302,-0.247,1.002,-0.458,,2.868,0
-0.9,1.203,-1.301,0.839,0.19,0.973,1
-0.878,1.438,-2.359,2.133,,-1.477,1
-0.517,1.289,-0.926,0.736,0.951,0.303,0
2.092,0.447,-0.259,0.74,0.841,2.032,0
0.245,0.265,1.569,0.295,0.528,-0.531,1
0.542,-0.263,1.128,1.608,1.306,-2.026,0
1.43,,-2.462,-0.007,-0.107,-0.536,0
0.407,-0.997,-0.374,-1.058,0.101,-1.117,0
-1.142,,1.205,1.091,-0.369,-1.401,1
0.744,,-0.302,0.691,0.777,1.89,1
-0.031,1.164,-1.034,0.787,,-0.061,1
-0.101,-0.899,-1.34,0.297,-1.187,-0.746,0
-0.99,0.53,0.149,0.586,,0.342,1
1.209,,0.019,-1.297,-1.048,0.318,0
-0.319,0.92,-1.332,0.976,,-0.207,1
0.682,1.197,0.004,-0.414,-0.11,-0.437,0
0.763,0.529,-0.672,-1.928,0.597,1.667,0
0.727,0.692,-0.479,-0.655,1.379,0.725,0
0.896,,-1.008,-2.136,-0.657,-0.798,1
-1.049,0.82,-0.855,-0.732,-0.022,-2.396,0
1.442,-0.064,0.948,-0.402,,-0.916,0
-0.111,-0.322,2.26,-1.146,,1.02,0
0.123,-0.433,1.684,0.124,0.757,0.427,1
0.824,0.442,0.45,-0.281,-1.288,1.281,0
1.961,1.23,0.699,0.942,1.501,0.941,1
-0.487,,-0.035,0.294,-0.439,0.036,1
1.967,,-1.862,1.297,-1.229,-0.443,1
-0.129,-0.585,0.628,-1.196,,1.389,0
0.4,0.894,0.392,0.683,0.271,0.369,1
1.934,,0.937,0.761,-0.078,0.016,1
-0.084,,-0.549,-1.307,-1.53,-0.175,0
-0.778,-1.749,-1.819,0.26,0.266,0.083,0
-1.248,-1.608,0.83,-0.97,0.115,0.177,0
0.527,-0.912,-1.143,0.941,-0.051,1.24,1
0.353,-0.731,0.552,-0.352,-0.313,0.192,0
0.743,0.418,1.866,0.338,-0.962,1.609,0
-1.044,-0.25,0.831,-0.687,-0.571,0.584,0
0.633,0.602,-1.969,0.551,-0.753,0.758,1
1.526,-0.762,0.725,1.388,-0.801,-0.76,1
-2.265,-0.322,0.544,0.785,-0.793,0.118,0
1.529,,0.739,0.38,0.583,-1.66,0
0.968,,-0.494,-0.794,-0.852,-0.49,0
-0.188,1.806,-0.26,1.782,-0.685,-0.07,1
-1.434,1.364,-0.353,1.055,0.195,0.418,0
-0.484,-0.699,0.509,0.829,0.149,0.018,1
0.041,0.042,-0.735,1.643,0.436,2.183,1
-0.958,-0.347,1.455,0.737,0.869,-0.9,1
0.433,-0.012,1.122,0.393,,-2.141,0
0.237,0.262,0.372,-0.378,2.337,0.877,1
-0.86,,-0.359,0.572,,0.581,1
0.689,0.683,-0.139,-2.003,0.676,1.68,0
1.489,,-1.853,0.381,-1.139,-2.445,0
1.958,,-0.054,0.81,0.319,2.289,1
0.847,1.374,-0.163,-0.156,-0.894,0.118,1
-1.26,0.455,0.4,-0.093,-3.114,0.556,1
0.045,0.23,1.068,-0.812,0.153,-0.322,0
0.665,,2.642,0.09,0.492,-0.445,1
-0.59,-0.542,0.543,-0.759,1.031,-0.15,0
1.03,0.639,0.832,-1.045,-1.111,0.309,0
-0.63,1.134,0.355,1.413,,0.382,1
-1.343,,-1.786,0.136,0.075,-1.68,0
-0.45,-1.75,0.501,-2.039,-0.403,-1.802,0
-1.025,0.667,-1.292,0.953,0.268,0.824,1
1.42,0.544,-1.063,0.053,,0.354,0
0.671,-1.794,2.428,1.033,,-1.957,1
-0.271,-0.982,0.539,-0.804,0.777,-1.694,0
0.377,,-0.239,-0.142,,-1.261,1
-0.32,-0.94,-0.184,-1.612,,0.208,0
-1.788,-0.243,0.53,-1.595,,-1.052,0
-1.287,0.415,0.603,-0.686,,0.996,0
1.128,,-1.1,0.572,1.925,1.427,1
-0.554,1.572,0.465,-1.036,,2.003,0
-0.117,-0.154,0.569,-1.207,0.11,-1.397,0
-1.449,,-1.15,1.068,-1.276,0.779,1
1.51,-0.112,1.069,0.602,0.29,-1.232,0
0.538,,-0.751,2.18,-0.275,-0.582,1
-0.451,-1.022,-0.448,1.263,,-0.356,1
0.326,-0.225,-0.862,-0.177,,-0.821,0
-0.61,,-1.362,-1.117,,0.058,0
-0.367,0.492,-0.777,-0.566,0.055,-0.278,0
-0.279,,-0.77,0.512,0.567,0.677,0
-0.206,-0.041,1.249,-0.654,-1.522,0.404,1
0.628,,-1.819,1.353,0.061,0.966,1
0.097,-0.801,0.446,0.326,1.963,0.549,1
-0.813,0.158,-0.924,1.033,,-1.297,1
2.368,,0.831,-1.725,,-0.895,0
0.948,,1.004,1.326,,-1.023,1
-1.084,,-1.29,-0.45,-1.033,1.547,1
-0.224,-0.154,1.801,0.846,0.06,0.337,1
-0.078,,-1.664,-1.513,,1.326,0
0.04,0.313,-1.085,-0.072,-1.806,1.625,1
-0.916,-0.464,-1.455,-0.553,1.756,-1.086,0
0.732,0.054,1.214,0.114,-0.396,-1.166,0
1.255,1.768,-0.876,-0.765,-2.228,1.163,1
0.088,-1.936,0.686,0.163,0.284,-0.59,0
-1.116,2.836,-0.489,0.018,0.425,1.403,1
-0.849,0.908,-0.672,-0.413,2.09,1.479,0
-0.881,0.629,0.672,-0.068,,-0.564,1
0.402,0.131,-1.018,-0.592,1.116,0.854,1
1.021,1.529,0.78,0.505,-0.117,0.35,0
0.421,-0.066,-1.018,2.494,,2.242,1
0.145,0.955,-1.764,0.212,-1.751,-0.796,1
0.791,0.005,-1.77,0.118,-1.362,0.664,1
1.206,-1.951,-0.391,0.407,,-1.298,0
0.099,1.957,-0.703,1.89,,-1.154,1
-0.884,-0.663,0.299,-0.289,0.934,0.019,1
0.273,-1.443,-0.687,1.326,0.715,0.328,1
0.928,-0.824,-0.555,0.171,1.696,-0.051,1
-1.218,,0.807,1.492,-2.246,2.083,1
1.637,-1.746,-0.232,0.277,,1.609,1
-0.472,,-0.911,0.329,,0.642,1
1.172,-0.295,-1.266,0.031,-0.649,0.558,0
-1.416,0.424,-0.835,1.247,,1.494,1
2.289,0.109,-0.581,0.183,-1.389,1.046,1
-0.855,-1.959,-1.31,0.25,0.628,-1.296,0
-0.32,-0.135,0.293,-0.654,2.446,-0.307,0
-1.073,-0.383,-0.449,0.477,-1.174,-0.322,1
-0.173,0.355,-0.488,-0.457,0.372,0.218,0
-0.7,-0.462,0.577,0.487,0.272,0.135,1
0.448,,0.775,-1.125,-0.696,-0.558,0
-0.791,,0.288,1.831,-1.532,0.148,1
1.156,,1.713,-0.433,-0.298,0.907,1
-1.169,-1.836,-0.98,-1.217,,0.042,1
-0.92,,-1.038,-0.431,-0.388,-1.543,1
0.076,1.21,1.566,-0.594,0.473,-0.575,0
-0.807,0.64,-0.666,-2.151,0.33,1.283,0
1.909,-1.3,0.5,1.082,0.263,0.198,1
-1.347,,-0.108,0.175,1.807,0.598,1
0.373,0.047,-0.617,0.009,1.023,1.466,1
0.526,-0.759,0.102,-1.535,,1.009,1
-0.075,0.688,-0.45,-1.308,-2.53,-1.32,0
1.29,0.472,-0.508,-0.2,1.182,1.102,1
-1.394,,-0.76,-0.788,-1.002,-0.471,1
-0.003,0.202,0.798,0.476,-0.836,0.613,1
0.4,-0.907,0.017,0.699,,0.636,1
-0.811,0.925,-2.107,-1.195,-1.1,0.518,0
-0.819,0.835,-0.411,2.314,-0.126,-1.283,1
-0.448,-2.053,0.042,0.382,-0.909,-0.288,0
1.006,0.657,-0.815,-0.135,1.537,-0.074,0
0.404,,0.941,0.067,-0.116,-0.767,1
0.792,0.61,1.04,1.627,1.282,0.135,1
1.066,0.492,0.034,0.226,-0.572,0.631,1
1.893,-2.087,-0.893,-0.036,1.078,0.452,1
-0.394,,-0.504,-0.623,,0.689,0
0.004,-0.207,-0.368,0.951,,0.706,1
1.203,-1.092,0.117,0.664,-0.621,0.244,1
0.887,0.268,0.194,0.114,-1.123,1.39,1
0.662,,-0.135,0.507,0.578,-1.881,0
1.757,1.215,1.095,-0.528,0.693,0.989,1
-0.563,,-0.214,-0.426,0.309,-0.286,0
0.217,-0.859,-0.848,0.848,-1.028,1.022,0
0.199,0.178,-0.911,1.106,0.602,-1.807,0
-0.579,,1.65,-1.426,0.514,1.177,0
-0.58,-0.265,-0.493,0.327,0.115,0.791,0
-0.896,-0.874,-0.79,-0.971,-0.913,0.466,1
0.015,-0.253,0.246,-0.667,2.153,-0.106,0
-0.062,-0.073,-0.186,-0.811,-0.375,0.111,0
-1.462,-1.699,0.729,0.095,-1.246,-1.002,0
0.804,0.897,-0.439,-0.271,-0.893,-0.991,0
0.982,1.497,0.189,0.593,,0.097,1
0.841,,0.179,-1.937,,-0.125,0
0.296,,0.416,0.227,0.032,-0.699,0
0.632,0.03,0.026,-1.346,0.145,-1.391,0
-0.427,-0.837,2.575,0.609,-0.292,0.253,1
-0.547,-1.52,-1.252,-0.615,0.422,0.593,0
-0.52,1.146,1.265,-0.754,0.464,-0.834,0
0.594,0.828,-0.023,-0.388,-1.139,0.455,0
-0.125,0.424,-0.184,-0.232,-1.242,-0.513,0
-0.858,0.167,-1.043,-0.075,-0.611,0.236,0
0.974,0.734,-0.277,-0.96,1.132,1.611,0
-1.166,1.203,-0.065,0.116,-0.207,-0.44,1
0.952,0.149,-0.348,1.095,0.356,0.271,1
-0.898,-1.493,2.066,0.949,,-0.361,1
0.612,1.561,-0.699,-0.408,0.566,-1.033,0
1.675,,-1.633,-0.752,0.05,-0.081,0
1.352,-0.267,-0.834,-0.408,0.102,1.618,0
0.132,-1.486,0.463,-0.083,-0.743,0.674,1
-1.316,-0.807,-0.309,1.769,0.701,1.04,1
-0.267,-1.847,-0.031,-0.594,1.932,-1.079,1
0.234,-0.278,-0.739,2.475,0.47,3.2,1
1.132,-0.53,-0.259,0.553,,0.284,0
-0.55,,0.93,-1.88,-0.877,0.334,1
0.203,-1.137,0.845,0.954,0.896,-0.354,1
-2.061,-1.096,0.002,-0.907,,0.094,0
-2.974,,-1.679,-0.362,,0.128,0
1.454,,0.992,-0.994,-0.492,-0.668,1
-1.479,0.839,-0.082,-2.137,0.173,-0.103,0
1.075,-1.217,-0.853,-0.01,,1.423,1
2.965,0.716,0.394,0.386,-0.398,1.747,1
-0.489,2.017,1.354,0.829,,1.067,1
0.508,0.744,1.294,1.116,,-0.104,1
-1.724,,0.523,-0.689,-0.825,-1.721,0
-1.122,,1.206,1.17,,-0.384,1
-1.443,0.279,0.386,0.482,-0.996,0.307,1
-0.014,-0.827,0.403,-0.303,,0.998,0
-0.503,0.792,0.959,-0.286,0.859,-0.072,1
0.242,,0.845,-0.969,0.132,-0.006,0
0.29,0.311,0.061,0.388,-0.422,0.118,0
1.389,-1.133,-0.947,0.929,0.408,-0.596,0
0.171,-0.693,0.452,-0.492,0.383,1.787,1
-0.032,,-2.359,0.021,0.031,-1.299,1
0.061,,0.038,-0.157,-0.603,-0.376,1
0.073,,1.124,-0.655,,-0.347,1
-0.327,,1.254,0.272,,-0.143,0
-0.435,-1.616,0.722,-1.395,0.246,0.216,0
0.26,0.134,0.281,0.88,,0.741,1
0.639,-1.263,-0.803,-0.939,0.138,-1.219,0
1.337,1.074,-0.624,-0.731,-0.643,-0.62,0
0.994,-0.419,-0.07,-0.195,-0.503,-0.197,1
-0.964,-1.097,0.343,-1.21,-0.795,0.477,0
0.987,-0.785,0.358,-0.057,-0.587,0.071,0
-1.538,-0.237,1.389,-0.142,-0.336,0.812,1
0.534,0.246,0.256,-1.348,0.889,2.496,0
0.721,1.025,0.687,1.21,0.679,-0.137,1
0.501,1.493,0.783,-0.394,-1.172,-0.451,0
0.051,1.823,-1.459,-0.495,,-1.279,0
-1.06,0.64,-0.4,0.812,-2.137,-0.097,1
1.104,-0.508,1.325,1.256,1.857,0.28,0
1.91,1.017,-1.597,-0.823,0.884,0.982,0
0.137,0.164,1.243,1.082,0.843,0.738,1
-0.038,-0.876,-0.544,-0.532,-0.232,1.159,0
-1.218,-0.72,0.02,1.313,0.329,0.408,1
-0.422,0.781,1.953,0.077,0.492,0.519,1
-0.113,-0.592,0.74,1.038,,1.296,1
-0.579,0.742,-0.145,-0.805,0.717,-1.28,0
0.213,-0.273,-0.491,-3.057,0.594,1.144,0
-1.063,-0.387,-0.441,1.205,-1.186,-0.605,1
-0.35,-1.512,2.01,-1.273,-1.054,0.276,1
0.919,-0.143,0.172,-1.385,-0.409,-0.012,0
-1.014,-0.477,1.099,0.312,,-0.775,0
-0.326,-0.464,-2.301,0.396,,0.787,1
-0.224,-0.741,0.305,0.91,1.826,-0.983,0
0.965,0.227,-1.269,0.082,-0.579,0.621,1
-1.124,-1.847,-0.572,1.014,-0.629,-0.272,1
0.41,,-0.27,-0.336,1.072,-1.491,0
-0.203,-1.535,-0.312,0.026,0.388,1.068,1
-0.723,-1.353,-1.312,0.348,0.573,-0.089,1
0.967,0.796,-0.906,0.057,-1.451,0.126,1
0.688,-0.118,0.923,-0.52,1.095,0.15,1
1.051,-1.13,-0.8,-0.695,-2.062,-0.793,0
-0.928,-1.02,1.073,0.066,-1.087,1.897,1
-2.018,-0.777,-1.328,0.551,0.088,1.344,1
-1.069,-0.597,1.122,-1.572,-0.052,0.882,0
0.06,-0.028,0.759,0.899,-1.571,-0.406,1
1.352,0.795,-0.083,1.843,0.298,2.881,1
1.012,-1.872,1.183,0.359,,-0.123,1
-0.155,0.005,0.289,-0.809,,1.207,0
-0.878,0.343,-0.802,-1.111,-1.076,-0.186,0
-0.551,1.433,1.086,0.331,0.959,0.557,1
0.037,-1.75,-0.583,-1.384,0.651,1.391,0
-0.53,,0.207,-0.984,-1.3,0.392,0
0.067,,-0.37,-1.073,,-1.665,0
-0.603,-0.433,-0.833,0.377,1.425,-0.045,0
-0.916,,0.794,-0.724,1.177,0.108,0
1.561,0.609,-0.957,-0.433,,1.025,1
0.024,0.547,2.355,-1.21,0.816,-0.063,0
-0.097,1.678,-0.21,-1.233,,-0.544,1
-1.444,-0.822,0.026,-1.527,0.98,0.895,0
2.182,,-0.815,1.588,0.177,-0.645,1
-0.07,0.394,0.218,0.919,1.2,-0.206,1
0.908,-0.733,-1.321,1.137,0.206,1.31,1
-0.489,2.256,1.015,-0.751,,1.981,1
-0.886,0.527,-1.801,1.017,,-0.683,1
0.015,,-0.997,0.036,-0.372,-0.751,1
-0.958,0.314,-0.491,0.579,-0.729,0.432,0
-2.619,0.219,0.569,-2.348,-1.324,1.583,0
0.279,1.158,-0.345,-1.137,-0.204,-1.106,1
-0.999,0.338,0.352,-0.384,-1.104,-0.702,0
0.225,0.363,0.335,-0.406,,-0.963,0
-2.209,-0.298,-0.757,-0.939,-1.273,0.607,0
-0.72,-0.595,-2.004,-0.73,-0.337,1.082,0
0.458,-1.447,0.303,0.381,,0.243,1
1.323,0.257,0.967,-1.489,-0.565,-0.683,0
0.492,-0.005,1.107,0.224,-0.353,-0.658,0
-0.004,1.346,-0.047,0.138,-0.941,-0.303,1
0.134,,-0.035,0.52,-1.682,0.616,0
0.064,,-0.118,0.765,0.675,0.801,0
0.123,1.622,-0.094,0.692,0.608,-0.472,1
0.707,0.482,-1.232,0.517,-1.67,-0.68,1
-1.386,0.131,0.46,0.633,0.423,0.3,1
-0.97,-0.236,0.739,-0.772,-0.213,0.115,0
-0.587,-0.75,-0.777,-0.105,0.09,2.115,1
-0.147,0.954,0.021,0.369,0.356,-1.952,0
-0.275,-0.665,-0.015,-1.451,0.444,0.569,0
-0.782,1.566,0.492,-1.425,-0.671,0.929,1
-0.147,,0.944,1.05,-0.199,-0.457,1
0.843,0.308,-1.893,-0.527,0.388,-1.761,0
0.53,0.749,0.55,-0.273,-1.295,0.489,0
0.821,0.561,0.785,-0.225,0.781,-0.51,0
-0.883,-0.682,-0.172,1.053,0.373,0.893,1
-1.705,,0.213,-0.522,-2.149,-0.79,1
-0.123,-0.177,-0.952,-0.12,0.841,-2.141,0
0.43,0.422,-0.998,1.293,-0.402,1.145,1
0.988,0.311,-0.445,1.179,-0.831,-0.209,1
-0.621,-1.942,1.166,0.253,,-0.495,0
0.25,-0.565,0.416,1.082,0.131,-0.777,1
0.604,,0.12,0.377,,0.183,0
-0.892,0.655,0.938,-0.151,,-0.496,0
-1.237,1.539,1.604,-0.961,,-0.777,1
-0.477,-0.311,1.041,2.709,0.466,-0.14,0
-1.144,0.371,-0.793,0.031,1.64,0.935,0
0.122,,-0.439,-0.158,-0.445,-0.378,0
-0.645,1.062,-0.93,0.786,,0.693,1
0.895,-0.099,0.09,-0.505,-0.851,0.605,1
0.332,-1.227,-0.848,-0.833,1.52,2.211,1
-0.81,0.423,1.219,-1.434,0.311,-0.122,0
-1.738,0.16,-0.317,0.306,,-0.989,0
-1.018,0.878,0.04,0.844,-0.543,-0.91,1
-0.432,0.314,-0.659,0.09,0.662,-1.124,0
0.742,0.529,-0.478,-0.353,,1.19,0
1.155,,-0.169,0.966,0.892,-0.064,1
2.89,1.318,-0.403,1.948,-1.632,0.5,1
0.021,-0.049,1.806,-0.935,-0.446,-0.159,0
0.9,,0.891,-0.039,-0.598,-0.299,0
-1.505,0.829,0.501,0.071,-1.705,-0.774,0
-2.594,-1.575,0.455,-0.448,1.046,-0.676,0
1.482,0.61,1.528,0.585,0.841,0.226,1
1.337,-0.065,-0.56,0.11,-0.347,2.463,1
0.713,,0.476,0.158,1.728,-0.086,0
0.574,0.397,0.886,-0.759,0.852,-0.678,0
-0.008,-0.004,-1.345,1.177,0.61,0.745,1
-0.214,-0.922,0.554,0.664,-0.968,-0.657,1
0.67,-0.862,1.4,0.407,0.709,-0.045,1
-0.637,-2.635,-0.583,-0.759,0.136,0.818,0
0.472,-0.048,-0.845,0.568,-1.041,-0.938,1
-2.03,0.069,-0.109,1.357,,0.045,1
-0.109,-0.455,-2.47,1.018,1.018,-0.369,0
-0.2,0.32,-0.281,0.695,,-1.572,1
-2.538,,1.363,0.385,0.531,0.936,1
-0.309,-1.872,-0.569,1.755,0.479,-0.172,1
0.117,0.35,0.035,-0.496,-0.605,-0.631,0
-0.644,1.241,-1.091,0.0,,0.31,1
1.262,0.007,-0.233,1.508,-1.486,1.394,1
0.035,,0.28,0.744,-0.159,-1.007,1
-1.035,-1.192,1.415,0.653,1.041,-0.742,0
0.622,-1.032,-0.824,0.834,0.418,-0.757,0
-0.5,-0.063,1.293,-0.364,0.509,1.473,0
1.332,-0.673,-1.378,0.701,0.072,-1.059,0
0.375,1.864,-0.086,0.421,1.225,-0.718,1
0.059,-0.46,1.154,2.565,-0.915,-0.401,1
-1.805,1.191,-0.785,1.042,-0.1,-0.755,0
0.202,-0.262,-0.473,0.092,-0.682,0.888,1
0.136,-0.805,1.432,0.423,0.468,0.081,1
0.171,,0.917,0.191,,0.608,1
-0.579,,2.111,0.999,,1.207,0
-0.303,0.157,0.021,-0.921,-0.047,-1.36,0
-0.721,0.423,1.291,-0.439,,-0.184,0
0.243,,0.912,-0.312,-0.535,-0.956,0
-3.558,,-0.63,-0.439,1.655,1.305,0
-0.364,0.936,-1.296,1.259,1.251,-0.473,0
2.535,-0.224,-0.436,0.503,1.246,0.049,1
0.429,,-0.148,1.351,0.947,0.196,1
1.935,0.034,-0.11,2.751,1.646,-0.667,1
-1.501,-2.18,1.087,0.771,0.874,0.797,0
-0.279,0.438,-2.37,-1.258,0.711,0.934,0
1.298,0.434,-2.046,-0.802,1.69,1.074,1
-0.933,-1.001,1.043,1.462,0.338,-0.258,1
1.778,-0.719,-0.105,-0.385,-1.902,-1.358,1
2.335,0.612,-0.547,0.705,-0.911,0.456,1
0.186,0.889,-1.245,1.078,-0.015,0.618,1
-0.103,-0.306,-0.167,0.239,2.745,-0.095,0
-2.348,-0.217,-0.467,1.607,0.421,1.344,1
0.329,1.517,-0.456,0.049,0.044,0.756,1
-0.497,0.103,0.703,-0.86,-0.147,-0.12,1
0.882,1.571,1.505,0.449,-1.187,0.393,1
0.15,-0.782,0.029,0.243,0.219,1.52,1
1.443,-0.676,-0.268,0.62,0.076,0.786,0
0.349,-0.175,-1.578,0.268,-0.24,0.332,1
0.572,1.076,0.698,-0.535,-1.563,-0.549,0
0.399,,-1.172,-0.29,-0.841,0.403,0
0.615,-0.244,1.342,-0.218,1.93,-0.744,0
0.251,,-0.264,1.642,,0.007,1
1.612,-0.428,-2.015,0.611,-0.737,2.114,1
2.078,-0.918,0.161,-1.072,1.017,-0.132,0
-1.096,-0.979,-1.117,0.055,-0.86,-0.19,1
-0.136,,0.84,-0.937,,-0.517,1
-0.744,-0.977,-0.004,0.605,1.801,-0.373,1
-1.218,-1.614,-1.074,0.743,-0.056,0.291,1
-1.22,0.651,-0.186,-0.615,1.127,-0.96,0
-0.451,0.792,-1.108,-0.194,1.381,-0.681,0
-0.138,-1.037,0.25,0.93,1.768,-1.573,0
1.087,0.13,-0.989,0.349,2.415,-0.328,0
-0.901,-1.587,1.29,-0.562,0.264,0.51,0
0.932,,0.846,-1.407,0.195,0.448,1
0.209,,-0.621,0.805,1.059,-0.161,1
-1.916,-1.163,1.046,0.446,,-0.843,1
0.035,1.137,-0.209,-0.848,1.038,0.639,0
-0.791,0.174,-0.252,0.795,0.194,-0.387,0
1.086,0.2,0.488,-0.05,-0.551,0.049,1
0.093,-0.158,-0.988,-0.88,0.879,-0.611,0
-0.783,-0.367,-0.84,-0.591,1.104,1.513,0
-0.456,0.457,-0.705,-0.531,0.962,-1.134,0
0.587,1.14,0.568,-0.943,0.475,1.771,0
-1.576,-1.019,0.615,1.615,0.628,0.871,0
0.153,1.963,0.042,-0.295,-0.492,0.853,0
-1.472,0.106,-0.093,-0.125,-0.808,-0.228,1
0.273,-0.122,-0.259,0.15,,0.797,1
0.043,0.424,-0.266,1.234,,-1.27,1
0.341,,0.274,0.618,1.153,0.191,0
-1.026,0.293,0.356,1.033,0.109,0.819,1
-1.333,1.227,0.015,0.13,-0.089,-0.258,0
0.412,,-1.753,0.503,0.904,-0.525,1
-0.749,0.53,-0.426,1.531,,-0.501,1
-0.084,1.763,0.566,-0.923,0.229,-0.129,1
-0.815,-0.571,0.971,-0.949,-0.269,1.784,1
-0.067,1.804,-1.017,-0.908,1.141,-0.162,0
-0.533,0.426,0.45,-0.366,-1.018,-1.432,0
-0.083,1.629,0.562,0.104,0.702,-0.781,1
-1.105,0.423,0.763,0.022,-2.301,0.844,0
0.636,-2.074,-0.698,-0.712,2.949,0.133,1
1.13,-0.83,0.609,1.052,,-0.779,1
-0.074,,1.266,0.215,,-0.124,1
0.433,,0.042,-1.259,-0.289,0.838,0
-0.004,0.248,-0.093,0.872,-0.081,0.518,1
-0.578,,-0.992,-0.144,0.104,-0.675,0
-1.149,-0.286,0.429,0.381,,-0.462,0
0.319,-1.63,0.805,0.178,-0.764,-0.113,0
-1.204,-0.048,0.486,-0.267,-1.187,-0.236,0
0.392,,-0.277,-0.374,,0.149,0
0.436,2.469,-0.328,-0.631,,-0.979,0
-0.086,0.457,-1.072,0.089,0.163,1.263,0
0.286,-0.631,0.257,1.222,-1.766,0.934,0
0.214,0.676,0.562,0.691,-1.143,0.845,1
1.517,,-0.804,-0.652,0.1,-1.043,0
0.309,1.068,-1.108,1.032,,-0.705,0
-1.486,-2.345,0.943,1.093,-0.261,0.376,1
-0.761,-0.577,-0.004,0.265,0.691,2.231,1
0.55,2.497,-1.16,0.434,,2.543,1
-1.128,1.597,0.546,1.358,,1.274,1
-0.312,-1.179,-0.893,-1.32,-0.052,-0.183,0
-0.493,-0.465,0.645,-0.061,0.845,-0.408,0
-0.721,1.783,0.206,-0.83,-0.111,-1.325,0
-1.565,-0.137,-2.211,-1.575,-0.548,-0.746,0
-0.94,-1.193,-0.697,1.414,0.263,-1.089,1
-1.515,-0.938,-0.136,-0.056,,-0.518,1
-0.566,-1.441,0.822,-0.189,-0.368,0.665,0
0.87,0.467,-1.109,-0.87,,-0.089,0
1.204,0.289,-1.564,-0.963,-0.532,-0.825,0
-2.351,1.065,-0.124,-0.521,1.911,-0.452,1
0.341,-1.323,-0.968,-0.682,-0.165,1.604,0
-1.374,1.046,-0.352,-1.404,0.432,1.38,0
-0.448,0.641,0.76,1.089,-0.583,-0.388,1
0.986,1.052,0.058,1.375,-0.164,-1.814,0
-1.051,0.252,-1.523,-0.029,1.361,-2.447,0
0.896,-1.735,1.232,-0.155,-2.368,0.798,1
-0.317,,-0.358,0.112,-1.828,-0.945,1
0.146,-0.877,-0.148,-0.631,2.225,0.515,1
-0.003,-0.319,-0.11,0.766,0.018,-0.997,1
-0.262,0.68,0.206,1.719,1.201,-0.089,0
1.203,-1.647,0.811,-0.411,-0.465,0.301,0
-1.261,-0.323,0.992,1.513,0.369,0.21,1
-1.727,0.507,-1.771,1.206,0.159,0.714,1
0.573,-0.371,0.466,-0.446,-1.042,2.172,1
0.528,,1.065,-0.626,0.392,0.237,0
-0.375,-0.122,1.109,0.016,-0.475,1.146,1
0.615,1.167,0.691,-1.185,0.003,-0.967,0
0.587,,0.646,-1.34,-1.924,-0.715,0
1.551,0.012,-0.696,-0.303,,0.247,1
0.694,0.679,0.403,1.131,,-0.84,1
0.226,,0.198,0.826,-1.006,-0.164,1
0.519,-0.758,-0.442,-0.889,0.504,0.902,1
-0.182,,1.406,-0.867,0.963,0.307,0
-0.494,0.228,0.202,-0.139,,0.568,1
-0.945,-0.579,0.687,-1.267,0.201,-0.237,0
0.181,-0.176,-0.717,0.015,-0.076,0.784,0
0.172,-0.135,0.424,-0.469,0.301,-0.586,0
0.179,,0.356,-0.7,,-0.9,0
0.205,0.24,-0.918,1.087,-1.792,0.449,1
-0.758,1.062,1.714,-0.183,-0.409,-1.246,1
-1.064,0.778,1.184,0.156,1.975,0.825,0
-1.191,-2.664,-1.345,0.447,0.601,0.319,1
1.113,1.096,-1.846,1.472,-1.771,-0.279,1
1.474,1.375,-0.07,-1.005,,-0.651,0
1.122,-0.762,-0.303,-0.333,,-0.238,0
-0.004,,0.078,0.552,-0.293,0.539,0
-0.918,,-0.64,-1.212,0.673,-0.022,0
-0.922,2.033,0.436,0.454,0.71,0.077,0
-0.463,1.273,0.327,0.066,0.92,-1.548,0
0.618,,0.173,-1.59,0.828,-1.809,0
-0.031,-0.634,0.737,0.776,0.051,-1.516,0
1.523,0.18,-0.563,1.958,0.831,1.207,1
0.358,0.058,0.503,0.197,0.822,0.709,1
0.185,-0.398,0.441,1.019,-0.751,-2.091,1
-1.423,-0.06,0.15,-0.605,0.147,-1.305,1
0.12,,-0.242,-0.653,0.591,-0.999,0
-0.766,,0.877,-0.276,-2.807,0.922,1
1.053,-1.02,0.345,-0.849,,-2.729,0
0.613,-0.487,0.297,-1.521,-0.253,1.716,0
0.981,0.153,-1.972,-0.849,-0.938,1.46,1
2.484,-0.483,-1.311,-0.801,-0.692,2.471,0
0.498,-0.954,0.118,-0.448,,-0.795,1
0.589,,0.358,-0.105,,-0.483,1
-0.095,-0.025,-0.075,0.994,-0.91,0.354,1
0.049,1.011,-0.716,1.382,,0.912,1
0.842,-0.443,0.358,-0.3,-0.912,1.003,0
1.247,,0.134,1.77,0.557,-0.352,0
0.356,1.013,-0.457,0.969,-0.614,1.491,1
0.242,-0.111,-1.661,0.603,-0.019,-1.284,0
-0.573,-0.355,-0.194,-0.21,0.288,0.369,0
0.426,1.743,1.099,0.525,-0.903,0.303,1
0.452,-1.574,-1.739,1.048,0.755,-0.094,1
1.614,,1.774,0.184,-0.67,0.243,1
-1.854,0.344,1.243,-2.244,-1.616,-2.303,0
-0.003,,-0.768,-0.256,-0.263,-1.054,1
0.475,-0.109,0.007,-1.67,-0.406,-0.335,1
-0.851,0.355,0.139,-0.754,,1.067,0
-0.403,1.124,1.201,0.258,,-0.685,1
-0.21,-1.452,0.101,2.157,-2.468,2.222,1
-1.302,-0.156,-2.632,-1.615,1.495,0.531,0
0.749,,-0.158,0.159,,0.375,1
1.111,-0.024,-0.499,-0.363,-0.961,-0.482,1
0.697,-0.784,-0.119,0.414,2.264,0.88,0
0.774,0.308,1.785,-1.088,0.061,1.668,1
-0.584,-0.354,-1.099,0.874,-2.219,0.346,1
0.244,-0.158,-0.079,0.63,-0.015,-0.453,1
1.348,,0.945,0.187,0.139,1.398,0
1.388,,0.62,-0.23,1.928,-1.493,0
1.253,,-1.726,0.028,0.295,-1.587,0
0.897,,-1.76,-2.031,-1.725,0.344,0
0.555,0.62,-0.316,0.77,-2.131,0.167,1
-0.116,-1.142,1.857,-0.753,-0.32,0.998,1
0.819,-2.198,-0.588,1.168,-0.213,-0.983,0
1.237,1.13,0.686,1.035,-1.581,1.733,1
0.61,0.346,-1.078,1.501,-1.28,-0.31,1
-0.367,-0.167,0.495,2.135,0.154,0.26,1
0.545,0.427,-0.259,1.12,,-0.987,1
0.377,0.007,-0.464,-0.537,-1.145,-0.129,0
0.209,0.384,-1.189,0.315,-0.269,-1.147,0
1.686,0.345,0.417,0.229,1.031,-0.352,1
2.191,0.085,0.641,1.517,,0.322,1
-1.639,0.266,1.034,-1.447,0.743,-0.47,0
1.556,,-0.102,0.812,-0.522,-1.724,0
-2.063,-1.323,0.691,0.72,-0.235,0.509,1
0.89,,0.526,0.105,,-0.798,0
0.63,2.13,0.372,-2.164,0.292,1.32,0
0.81,0.218,0.395,-0.024,0.961,-0.038,0
0.995,0.784,1.358,0.389,-0.443,-1.024,0
0.262,0.257,-1.18,1.117,,-0.677,1
-1.548,-2.132,-0.409,0.708,-0.64,0.649,1
1.052,1.157,-0.339,-0.58,0.026,1.722,1
0.511,-1.175,-0.795,0.406,-0.336,-1.643,1
-1.205,-1.121,-1.625,0.575,2.748,-0.278,0
0.457,0.474,-1.332,0.084,-0.002,0.797,0
0.099,,0.434,-0.393,0.549,-0.194,0
-2.473,-0.021,-1.34,0.026,0.104,-1.409,1
-0.111,-0.345,0.014,0.039,,0.55,0
0.194,-0.006,-0.164,-0.338,2.129,-0.065,0
1.31,,0.403,-0.174,-1.523,0.969,1
0.714,-1.602,-2.34,-1.39,-1.106,-0.327,0
-1.596,-0.884,0.352,1.321,-0.875,-0.72,1
0.182,-0.056,-0.962,-1.048,1.969,0.137,0
-1.317,0.913,-0.064,0.843,-1.17,0.876,1
0.412,0.021,0.531,-1.387,-0.652,-0.634,1
1.244,1.16,-0.615,-1.698,-1.123,0.572,0
0.496,0.699,0.111,0.246,-0.616,0.928,1
-1.577,0.358,-1.464,-1.379,,-2.294,0
0.856,-0.108,-1.2,0.8,,-0.97,0
-0.798,0.125,-0.082,-0.95,1.061,-0.814,0
-1.083,,-1.785,0.141,0.696,-0.422,1
1.036,-0.328,-0.298,-0.793,-0.66,2.209,0
-0.799,-1.156,0.819,1.689,-2.366,0.677,1
-0.558,-1.185,0.415,-0.304,1.036,1.252,0
-0.375,0.35,-0.802,-0.928,-0.568,1.022,0
-2.04,-0.072,-0.5,0.039,-0.102,0.042,1
-0.548,-0.194,-0.215,-0.886,-0.089,-0.028,0
-1.172,,0.806,0.473,-0.481,-1.224,0
1.204,0.329,0.561,-3.786,0.802,0.337,0
0.556,-0.528,1.662,-1.905,-0.608,0.116,0
0.209,0.463,-0.553,0.043,,1.609,0
-1.89,-2.016,-1.231,-2.703,0.455,-0.407,0
0.362,-0.082,0.255,1.414,-0.05,-1.846,1
-1.893,-0.848,0.405,0.15,0.165,-0.037,1
-0.251,,0.203,-0.976,-2.702,-0.497,1
0.481,-0.502,-1.004,-0.323,0.07,1.103,1
1.539,3.013,0.363,0.207,3.832,-0.27,0
0.528,-0.437,-0.689,0.056,-1.131,-0.204,1
0.203,-1.078,0.139,-0.775,1.082,0.877,1
0.239,-0.417,-0.744,2.435,,-3.194,1
-1.048,,-0.283,1.116,,-0.502,1
-0.868,-0.24,-0.43,-0.588,,-0.27,0
-0.759,-0.609,-0.361,0.591,0.901,-0.103,0
0.539,-0.733,0.585,0.516,-0.789,-0.414,1
1.261,1.366,0.115,-0.268,1.179,-0.375,0
-0.79,,-1.424,-0.437,,-1.271,0
1.303,,-2.211,-0.255,-0.772,2.65,1
0.639,-0.136,0.06,0.248,,0.208,1
-1.663,0.342,-1.414,-1.109,-2.183,1.659,0
-0.663,1.082,-0.444,0.717,-0.59,-0.355,1
-0.357,-1.348,-1.134,-1.469,,0.771,0
-0.289,0.689,0.6,1.923,0.544,0.941,1
1.931,0.751,0.438,-2.243,0.684,-0.099,0
-0.858,0.88,-0.06,-3.269,-1.183,0.265,0
0.065,,-0.41,-1.721,,-0.377,0
-1.59,0.518,1.66,0.098,0.484,-1.569,0
0.035,,-1.272,0.9,-1.511,3.928,1
-0.48,-1.715,-2.041,-1.55,-0.616,-0.842,0
-0.579,0.347,-0.689,0.932,-0.854,-0.955,1
1.298,0.297,0.624,1.209,-1.965,-1.004,0
1.039,-1.639,0.065,-1.601,2.021,-2.405,0
0.82,-1.086,1.475,-0.161,-0.179,0.125,0
0.283,-0.014,0.771,0.409,-0.019,-2.056,0
-0.007,0.986,1.034,1.94,0.708,0.418,1
-0.934,,-0.642,0.23,0.354,-1.199,0
-0.147,-1.83,1.254,-0.431,1.189,-1.712,0
-0.52,-0.744,-0.536,-1.771,-1.773,0.24,0
-1.498,1.254,-0.346,0.243,-0.029,-1.169,1
-0.151,,0.168,0.549,1.367,0.121,1
0.502,-1.018,0.208,0.783,0.154,0.025,0
-0.368,0.4,-1.386,-2.481,-0.171,-1.837,0
-1.734,-1.991,-0.489,1.774,,0.91,1
-0.999,1.193,-0.52,0.217,-0.749,0.696,1
0.586,0.64,1.748,-0.197,-1.361,0.514,1
1.343,-1.049,3.163,1.298,-0.757,-0.366,0
0.929,0.753,-0.824,0.19,0.069,-0.086,0
-0.14,-0.061,-0.15,-0.912,0.744,1.742,1
2.372,-2.56,0.93,0.477,2.55,-0.428,0
-0.297,-1.612,-0.35,0.956,-0.202,0.008,1
0.387,-1.662,-0.119,0.655,0.359,0.317,1
-1.335,,0.396,-0.078,,-0.005,1
0.988,0.909,-0.142,0.699,,-0.177,1
-0.417,0.688,-0.284,-0.747,0.51,0.03,0
1.955,1.719,0.302,0.841,-0.495,-0.23,1
1.736,-0.475,-1.251,-1.039,,-0.95,0
-0.894,0.422,-0.318,1.393,0.736,-0.05,1
0.007,-0.584,-0.158,1.727,-0.616,1.886,1
0.706,,0.245,-0.282,-1.313,1.382,1
-2.228,1.733,-0.714,1.841,0.086,-0.113,1
1.434,-1.048,0.215,-0.127,-0.884,1.306,1
0.053,0.243,-1.173,0.229,0.951,0.359,0
-1.205,1.457,0.374,-0.799,-0.161,0.782,1
-0.223,0.203,1.259,-0.288,-0.619,-0.254,1
0.185,-0.238,0.92,1.079,-0.141,-1.753,1
-0.222,-0.893,0.275,-0.181,0.389,0.122,1
0.612,0.232,1.31,1.209,0.158,-1.902,1
-1.275,-1.097,2.523,-1.692,0.259,-0.425,0
0.018,-0.509,-0.53,1.067,-0.421,-1.676,1
-0.371,,-0.819,-0.616,0.721,0.208,0
-0.529,0.286,-0.205,-0.505,-0.046,-1.125,0
1.775,-1.524,1.191,-0.156,-0.266,-0.838,0
1.732,-0.561,1.657,0.271,0.549,-1.836,1
-0.424,-1.768,-0.096,0.54,-0.365,1.101,1
0.336,-2.16,2.03,0.568,0.65,-0.289,0
0.879,0.453,1.3,1.18,,1.079,1
-0.379,-0.866,0.234,1.008,,-0.718,1
0.922,,-0.563,-1.184,-0.249,1.027,0
0.872,,1.975,0.106,0.092,-0.673,0
2.688,1.538,-0.135,0.062,-0.026,0.377,1
-0.526,-1.851,-0.277,1.654,1.478,-0.719,0
-0.239,0.396,-0.223,-3.27,1.623,1.117,0
-0.377,,-0.97,-0.679,,2.383,0
1.579,0.628,1.649,-0.62,-0.401,0.398,0
-1.081,1.943,0.043,-0.936,-0.037,-1.736,0
0.127,0.189,2.072,1.481,,-0.824,1
-0.939,-1.447,0.158,-0.248,1.563,-0.353,0
0.802,,-1.278,0.514,0.67,1.26,1
-0.545,1.202,-1.337,-0.551,-0.429,0.102,1
0.358,,-1.439,-1.07,-0.742,1.428,0
-0.44,2.123,-2.367,0.228,,0.327,1
-0.246,-1.008,-1.329,0.463,0.852,-1.634,1
1.783,1.018,0.025,-0.044,,-1.002,0
1.189,0.545,-0.774,0.277,-0.381,0.459,0
1.573,1.551,0.941,-0.005,-0.838,0.599,1
0.457,-0.462,1.749,-1.38,1.311,1.687,0
0.377,-0.364,-0.767,-0.054,-0.603,1.115,1
2.301,-0.423,0.061,-0.508,0.381,-0.737,1
0.6,,-0.189,1.382,,0.32,1
-1.404,1.112,-0.066,-0.299,,0.68,0
-0.612,0.414,-0.717,-0.154,-0.472,0.681,0
-0.938,-0.975,0.061,0.44,-0.3,-1.139,1
-0.402,2.301,-0.156,-0.488,0.892,-0.297,0
-0.822,0.066,-0.286,-0.716,-0.624,0.381,0
0.051,,-1.699,-2.359,0.284,-0.03,0
-2.089,,0.081,0.853,-1.65,-0.633,1
-1.844,0.302,0.339,-0.323,0.214,1.439,0
1.774,0.109,0.178,0.677,,-0.999,1
0.215,-2.09,0.334,0.803,,-0.592,0
0.156,0.017,-1.147,0.129,,-0.891,0
-1.438,-0.863,0.251,-0.042,-0.911,-1.472,0
2.727,0.631,0.782,0.233,,-1.12,0
0.576,0.309,-1.431,0.479,-0.258,-0.176,0
0.017,1.156,-1.089,1.64,-0.618,-0.462,1
0.257,-0.838,-0.506,0.093,0.7,0.142,1
2.149,0.429,1.153,2.335,1.234,1.792,1
-0.027,-0.672,-0.355,0.732,-0.379,0.009,1
0.663,-0.553,0.894,-0.531,,-0.284,0
0.32,,0.905,-1.504,-0.608,-1.405,0
0.543,0.139,-0.753,-0.569,-1.413,0.48,1
-0.442,0.118,0.838,-1.802,2.238,-1.141,0
-0.705,-1.042,0.248,-0.988,,-0.386,0
-0.443,,-0.183,-0.29,-0.301,0.61,1
-0.755,-0.097,-0.526,-1.881,-1.137,1.352,0
-0.961,1.161,2.589,1.163,,0.412,1
0.851,-0.811,0.215,1.185,-0.219,1.182,1
-1.296,,-1.978,0.859,0.253,-0.475,1
2.15,1.431,-0.64,0.043,0.927,-0.28,0
0.423,,2.378,-1.244,0.493,-0.139,0
-0.852,1.205,0.976,-0.437,-0.585,-0.437,0
0.405,-0.441,-0.56,-0.602,-1.871,0.167,0
1.466,1.833,-0.344,-1.55,-0.044,0.436,0
0.338,-1.097,-1.757,1.221,-0.458,-0.898,1
0.439,,-1.313,-0.11,,0.038,1
-0.199,2.028,-0.346,1.155,-0.718,1.539,1
0.307,-1.598,-0.733,0.517,,-0.904,0
-0.435,1.579,-0.371,-0.21,-0.321,-1.646,1
-1.021,0.873,1.101,0.035,-0.904,0.576,1
0.902,-0.972,1.471,-1.048,-0.211,-0.361,1
0.084,-0.535,-0.601,0.361,0.617,-2.436,0
-0.991,0.889,1.087,-1.457,-0.446,-0.077,0
0.174,,-0.482,0.069,-1.134,-0.477,0
2.13,,-2.805,-0.951,0.629,2.121,1
0.531,-0.899,-0.633,0.404,-0.085,0.159,1
-0.069,1.139,0.616,-0.974,-0.174,0.508,0
-0.834,0.686,-2.719,-0.989,1.547,-0.361,0
1.264,0.048,0.129,0.38,0.142,-0.501,1
-0.592,,-1.387,1.365,-1.857,-0.436,0
0.224,1.292,0.872,-0.775,2.125,0.814,0
-0.009,0.629,-0.994,-0.402,,-1.206,0
0.268,-0.155,-0.065,1.161,-0.601,1.557,1
-0.269,,1.505,-0.647,0.877,-0.418,0
-1.662,-0.346,1.239,-1.244,-1.557,-0.085,1
-0.108,0.489,1.277,0.547,-0.635,-0.711,0
1.554,,0.433,-0.73,-0.201,-0.687,0
0.66,0.317,1.525,1.433,,1.521,1
-0.071,-1.088,-0.41,-0.147,1.023,1.171,0
0.202,0.006,0.612,-0.537,-0.325,-0.773,0
-2.038,,-0.444,-0.199,0.112,0.754,0
1.605,0.56,-1.145,0.156,0.921,-0.465,1
-0.665,0.507,-0.39,-0.523,-0.632,0.874,0
1.666,,-1.768,-0.225,0.551,-0.2,0
1.724,0.03,0.967,-0.606,,-0.076,0
-0.062,-1.134,-0.019,0.574,,0.776,1
1.554,1.113,-1.332,0.412,1.038,2.041,1
-0.089,1.621,-1.539,-1.019,-1.036,0.354,0
0.105,-2.844,1.421,-1.709,,-0.605,0
-0.245,-2.001,-0.623,-0.335,-0.342,0.454,1
1.174,0.368,-0.757,-0.813,,-1.713,0
-0.547,,-0.981,1.287,,-1.048,1
-0.611,0.021,0.469,-0.646,2.936,1.336,0
0.195,-1.214,-0.485,1.053,0.44,-1.968,0
1.538,,1.058,1.929,-0.092,-0.251,1
-0.837,0.246,1.014,-0.991,1.208,-0.959,0
1.029,0.127,-0.199,-0.67,0.947,0.902,0
0.403,,-0.577,0.032,,-0.187,1
1.454,-1.334,-0.93,-1.287,0.438,0.971,0
0.8,,0.631,-1.015,0.941,1.15,1
-0.221,0.806,-0.278,-1.106,1.322,1.848,1
-1.24,,-0.3,0.853,0.253,-0.712,1
0.888,,0.765,0.368,0.106,-1.176,0
-1.313,,0.169,0.372,-0.665,0.243,1
-0.07,,-1.09,0.307,-0.168,-0.244,1
-0.659,-0.213,0.609,1.571,-1.053,-0.676,1
1.159,-1.222,-0.215,0.53,,-0.414,0
-0.915,1.73,-0.878,-0.743,-0.105,-1.016,0
1.399,-0.339,-1.162,-1.077,-0.213,0.312,0
-2.516,,0.098,-2.3,1.444,0.709,1
0.008,-0.423,-0.724,-1.41,,0.138,0
1.531,2.641,-0.468,-1.363,0.696,0.479,0
1.432,0.973,-0.524,-0.28,,-1.762,0
-0.422,,1.086,0.084,-0.047,0.406,1
2.033,0.162,1.053,0.206,0.016,-0.078,0
0.436,-1.492,2.114,-1.059,-0.614,0.998,0
-1.125,0.227,-0.261,-0.657,1.22,0.059,0
-1.127,0.755,0.994,0.79,-1.685,-0.863,1
-1.821,,-0.216,-0.937,,0.034,0
-0.074,-0.767,0.546,-1.061,,0.068,0
-0.011,-1.172,1.236,-0.127,,-0.741,0
1.451,0.112,0.507,1.3,-0.057,0.175,0
-0.522,,0.101,1.606,-0.553,-0.242,0
-1.89,-0.399,0.61,-0.794,,1.041,1
-0.879,-0.895,-0.044,0.619,0.363,-0.994,0
-0.573,1.91,-1.089,0.983,1.719,0.492,1
-0.94,2.467,-0.076,-0.823,-0.282,-1.314,0
-0.15,0.166,-0.257,-0.503,,-0.982,0
0.851,-1.224,-0.28,0.198,-1.012,1.078,0
2.694,1.477,-1.504,1.206,0.801,0.488,1
0.274,-0.961,2.55,0.925,,-1.282,0
-1.45,0.057,-1.713,-0.631,0.803,-0.402,0
-1.231,0.27,-2.088,1.498,0.246,1.452,1
-1.974,3.066,0.331,-0.18,0.304,0.234,0
-0.209,-0.803,1.529,0.867,0.304,0.082,1
0.53,,-1.205,-1.25,0.543,-1.18,0
1.455,,-0.108,0.272,,-0.339,0
1.182,-1.008,0.169,-0.175,-0.09,-1.147,0
0.127,,0.69,0.622,,0.085,1
-0.188,-0.408,0.519,-1.053,0.18,0.659,1
-0.464,,0.611,-0.648,,-0.378,0
0.712,0.26,2.551,-1.499,-0.971,-0.739,0
-0.441,0.771,-1.176,-0.533,-1.115,0.698,1
-1.187,0.922,-0.764,1.211,0.446,0.073,1
-1.342,-0.605,1.063,-0.539,,0.968,0
-0.819,,-1.738,0.737,,0.225,1
0.482,0.532,-1.512,1.633,-0.987,0.396,1
1.609,0.734,-0.202,-0.403,-0.104,0.555,0
0.996,,0.792,0.302,0.583,-1.621,0
0.399,-0.67,-0.324,-0.975,0.265,-0.419,0
0.301,,1.814,1.678,-1.324,-1.074,1
0.365,-0.962,0.694,0.373,-1.179,-1.512,0
-0.77,0.006,-0.474,0.693,,0.927,1
0.246,0.65,0.073,-0.352,0.593,-1.106,0
-1.083,-0.56,1.781,-0.677,-0.214,-1.446,0
-0.88,,-1.658,1.141,-1.293,0.704,1
-0.734,-2.15,-0.811,2.46,-1.96,0.154,1
0.238,-0.528,-0.169,-0.582,-1.901,0.531,0
1.745,-1.683,-0.543,-1.075,1.318,-0.037,0
-0.319,0.593,0.401,-0.568,0.53,-1.587,0
0.917,0.787,1.668,0.347,-1.149,1.273,1
0.805,2.417,-1.319,-0.427,0.015,0.928,0
0.259,-0.03,0.086,-2.022,-1.338,0.618,1
-0.256,-0.701,0.152,0.821,0.36,0.478,1
1.303,,1.739,1.934,-0.331,-0.811,1
-0.748,,-0.031,-2.772,0.386,1.599,1
0.752,,-2.366,-0.338,0.373,-1.427,0
-1.962,0.706,-0.861,-0.249,0.364,-0.341,0
0.399,-1.944,0.181,0.574,,0.711,1
-1.298,,0.891,-0.553,0.567,-1.77,0
-1.664,-0.58,0.957,0.539,1.057,-1.302,0
-1.312,-0.297,0.958,-0.326,0.379,-1.176,1
-0.895,1.357,-1.287,1.292,,0.366,1
-1.05,0.372,0.287,0.39,,0.757,0
0.859,-0.825,-0.081,-0.777,-0.478,3.265,0
0.092,0.866,-0.755,1.034,0.879,-0.524,0
0.422,,0.145,0.774,0.838,-1.462,1
1.86,,-0.551,-0.239,-0.245,-0.121,1
0.137,,-0.914,-0.7,0.838,0.02,0
0.032,0.026,0.858,0.691,0.297,2.335,1
-0.323,-0.714,-0.66,-1.537,-0.065,0.784,1
0.879,-0.856,0.4,-0.956,-0.455,1.122,1
0.646,-0.295,-0.378,-1.542,0.066,-0.514,0
-1.078,0.91,-0.389,-0.126,-0.146,2.659,1
-0.211,0.317,-0.246,0.095,0.191,-1.915,1
0.06,,-0.511,1.627,-0.227,-0.975,1
0.355,0.007,-0.379,-0.464,0.916,0.785,1
2.311,,-0.935,-0.38,,-1.385,1
-0.975,-1.098,-0.509,0.009,-1.433,0.1,0
0.832,1.311,-0.926,-0.443,0.175,-0.015,0
0.604,-1.273,-0.481,-0.413,0.629,-0.64,0
1.285,-0.93,-0.63,1.084,-1.091,0.96,0
0.346,0.33,-0.236,-0.221,,1.08,1
-0.97,-1.76,0.674,1.24,,0.046,1
-0.222,-1.21,0.538,0.154,-1.081,-1.075,1
0.228,0.268,-0.594,0.684,0.214,-0.842,1
0.636,,0.072,-0.516,,0.383,1
-0.491,0.002,-0.081,-0.372,,-0.085,1
-1.034,,1.165,1.569,,0.372,1
-1.17,1.114,0.349,0.609,0.287,1.94,0
0.383,-0.058,0.281,0.122,1.332,0.992,1
0.125,-2.061,0.122,-0.193,-1.289,-0.182,1
1.552,1.012,0.542,-0.554,1.372,-0.826,1
0.987,0.949,-0.16,0.223,0.163,-0.155,0
-2.004,-0.73,0.605,0.361,0.039,-1.242,1
1.322,0.778,-0.157,-2.067,1.398,0.447,0
-0.497,-0.763,0.444,-0.602,0.213,0.377,1
0.25,,1.168,0.263,,-1.567,0
0.939,1.851,0.233,1.361,-1.388,-0.826,1
-0.685,0.924,-1.239,0.155,,0.688,0
-0.793,0.392,-0.146,-0.424,0.267,-1.489,0
0.634,-0.329,-0.161,-0.903,0.361,-0.706,0
-0.301,-0.516,0.365,-0.463,-2.791,0.392,1
-0.176,2.437,-0.571,1.331,,-1.778,1
-0.003,0.122,-1.477,-0.405,-1.106,-0.356,0
-0.662,,-0.911,-2.492,,-1.562,0
0.668,-0.511,0.586,1.194,,-0.694,1
0.312,0.601,0.472,0.16,0.848,-2.407,0
1.227,-1.76,-0.463,-0.854,,2.932,1
-0.146,,0.563,-0.408,-0.21,-0.796,0
0.216,,-0.126,2.1,0.1,-0.022,1
0.52,-0.412,0.144,0.809,2.623,1.066,1
0.994,,-0.898,-2.358,0.117,1.362,0
-0.886,-0.299,-0.518,0.261,-0.558,1.113,1
1.026,1.455,0.35,0.296,-0.355,-0.209,1
-0.113,-0.65,-0.352,-0.814,0.232,-0.692,0
-0.915,,-1.544,1.018,0.114,-1.575,1
-0.382,0.322,0.595,-1.11,-1.184,1.087,0
0.769,-0.828,-0.053,-1.115,0.839,-0.698,0
0.844,0.64,-1.848,0.907,-1.192,-0.982,0
-0.381,-1.579,-0.54,0.212,1.072,-0.325,1
-0.76,,-2.004,-0.847,,1.41,1
0.586,,-1.955,-0.632,0.355,-1.59,0
0.37,0.944,1.537,0.578,-0.846,0.345,1
-0.128,0.001,-0.359,-1.141,1.02,1.483,1
-0.153,0.297,1.106,0.167,0.179,-1.302,0
0.781,-0.235,0.113,0.53,-2.962,-0.55,1
0.803,1.26,-1.486,0.763,,-0.913,1
-0.325,0.964,-0.494,1.134,-0.422,-0.328,1
0.805,,0.626,-0.79,1.611,-0.337,1
-0.355,0.13,0.115,-1.266,0.016,0.866,0
-0.032,-0.156,0.263,-0.161,-1.111,-0.31,1
1.127,-0.568,0.239,-0.173,0.496,0.702,0
-0.844,-0.319,-0.021,-1.591,-0.765,-0.403,0
-1.782,-1.61,0.579,1.434,1.356,-1.041,0
-0.428,-0.809,-0.542,0.008,-0.441,-0.288,0
-0.55,0.555,-0.754,2.115,1.224,2.292,1
-0.541,,1.206,-0.008,,0.016,0
1.214,-1.062,-0.266,0.604,,1.47,1
-0.115,-0.613,0.659,-2.452,0.214,-0.917,0
0.0,,0.338,0.269,0.14,0.586,1
-0.035,-0.837,0.125,1.232,-1.421,0.397,1
0.189,-1.865,1.551,0.972,-0.781,-0.878,1
1.022,0.135,0.096,-1.346,0.738,-2.673,0
-0.208,-0.849,1.306,-1.242,-0.926,1.03,1
1.582,0.426,1.17,0.333,-0.814,-0.342,0
-0.847,0.769,-0.824,-2.828,0.345,0.505,0
-0.677,1.03,0.428,-0.4,-0.141,-0.395,1
1.028,0.731,-0.217,1.63,1.273,1.283,1
1.687,1.882,0.322,0.38,-0.164,0.292,1
0.959,0.396,-0.275,1.25,0.788,-0.513,0
3.061,-0.207,1.559,-0.058,-0.199,-0.136,0
-0.554,-0.091,-0.13,-0.007,-1.307,-1.066,1
-3.16,-2.433,0.768,0.083,-0.758,-0.982,0
-0.008,-2.13,0.265,0.438,,0.487,1
-0.636,-2.495,0.347,-0.068,0.615,0.611,1
0.942,-0.958,-1.805,0.129,-0.127,-1.591,1
-0.479,-2.112,0.1,-0.532,0.645,0.761,0
-1.444,1.234,0.195,0.73,,0.637,1
0.403,,0.172,1.865,-1.158,-0.867,1
0.007,1.824,-0.092,-0.497,-0.881,-0.341,0
0.224,-1.204,-0.603,-0.162,,1.502,1
-2.089,1.152,1.53,0.183,-0.213,-0.245,1
-1.269,1.149,-1.187,-0.911,-1.567,-1.072,0
-0.19,-0.72,-0.396,1.443,-0.48,0.839,1
2.022,1.479,-0.764,0.522,,-1.085,1
-0.146,2.123,0.426,0.248,-0.218,-1.12,0
-0.533,1.096,1.68,0.878,,-1.069,0
0.654,-0.463,2.136,0.385,-0.587,-1.292,0
2.365,-1.045,0.792,1.662,0.083,-0.139,0
-0.734,0.493,-0.948,-0.735,0.076,0.503,0
-0.225,0.346,-0.088,-1.519,-0.138,0.842,1
0.699,-0.974,0.454,-0.429,,-1.383,0
-0.487,0.13,0.497,1.555,-2.654,1.037,1
1.875,-1.095,-1.057,-1.482,0.076,-0.191,0
-0.792,0.368,-0.103,-0.827,0.551,0.172,0
-0.197,0.403,0.925,0.031,-1.408,-1.626,1
-0.548,,-1.486,0.808,,0.438,1
1.038,,0.865,-1.711,-2.794,0.232,0
1.688,,-0.048,-0.859,1.4,0.368,0
1.223,-1.026,0.072,0.069,0.325,1.236,1
-0.525,-1.414,-0.044,0.635,-0.775,-0.019,1
1.635,0.052,0.719,0.157,-0.18,-0.175,1
-0.494,-0.099,-1.038,0.263,0.97,0.969,1
-0.021,0.075,0.633,-2.535,,1.323,0
-0.54,-0.252,0.581,-0.563,0.026,0.325,0
-0.942,2.043,-1.456,-1.842,-0.74,-0.446,0
-0.118,-0.658,-0.574,1.254,,1.558,1
-0.838,0.247,1.273,-0.432,-0.482,-0.804,0
0.277,1.069,1.351,0.968,-0.306,1.362,1
0.014,,2.452,0.905,1.858,-0.116,1
0.609,0.952,-0.377,-1.184,-0.475,2.096,0
0.728,2.178,1.488,1.141,0.353,0.424,0
-0.093,-0.391,-1.21,-0.499,-0.204,-0.494,0
0.474,-0.675,0.769,-0.728,0.448,-1.672,0
-0.719,-1.814,1.989,1.066,-0.778,-1.281,1
0.819,0.752,-0.61,-0.362,,-0.917,0
1.319,0.082,-0.158,-0.159,0.654,-0.437,0
-0.909,0.459,1.557,1.334,,0.645,1
0.077,,1.363,0.583,0.19,1.099,1
-0.516,1.244,-0.243,1.287,-0.92,-0.32,1
-0.097,0.203,-0.333,0.314,,-0.277,1
1.731,-0.995,1.173,1.044,,-0.675,1
-0.116,-0.602,-0.555,-1.399,,0.763,0
-1.772,0.583,0.471,0.481,1.335,-0.41,0
0.553,-0.6,0.947,-1.527,,-1.009,0
1.69,-0.261,-0.908,0.356,0.707,1.083,1
-0.233,0.612,1.933,1.06,0.674,-0.279,1
0.843,-0.48,0.798,1.026,-0.382,0.71,1
-1.185,-0.65,0.961,0.431,,1.96,0
-0.624,-1.695,1.498,-0.829,-2.368,0.29,0
-1.398,-0.614,0.895,-0.764,,-1.361,0
0.252,-0.993,-0.802,0.593,1.145,0.952,1
-0.397,1.213,-1.578,0.225,1.42,-0.3,0
-1.24,2.189,0.658,1.757,,-0.046,0
-0.134,0.412,0.057,-0.011,2.107,1.618,0
0.575,-1.212,0.953,-1.143,0.349,1.318,0
-0.891,,-0.001,1.557,,0.247,1
0.65,0.371,0.729,0.452,-0.107,1.854,1
-1.727,0.639,0.51,0.429,,0.944,1
0.688,-0.03,1.294,0.871,0.208,-0.218,1
-1.28,1.95,0.161,0.969,,-0.925,1
-0.493,-2.297,-0.865,0.272,-0.365,-0.877,1
0.859,-1.063,0.392,-1.652,,0.3,0
1.127,-0.785,0.284,0.961,-0.096,0.788,0
0.498,0.945,1.636,-0.447,0.214,-1.289,0
-0.816,-0.004,-1.597,1.731,0.62,0.905,1
1.99,,-1.524,-0.009,,-0.588,0
-0.236,1.71,0.533,0.342,2.059,0.681,0
-0.288,-0.14,-0.104,0.822,0.911,0.51,0
0.665,0.868,0.337,-0.788,-1.351,0.592,0
-0.74,1.144,1.494,-1.611,-1.609,-0.588,0
-0.268,-0.475,-0.381,-0.001,0.423,-1.105,0
1.824,0.275,0.813,1.132,0.526,-1.097,0
1.345,1.176,-0.456,1.066,1.18,1.677,1
0.758,-0.297,-1.331,-2.521,1.094,-0.125,0
-0.854,-0.487,0.466,0.084,2.499,-0.243,1
1.137,-0.005,1.786,-0.354,-0.017,0.384,1
0.214,-1.138,-0.346,0.479,1.041,-0.82,0
-0.131,,-0.417,-0.553,,0.952,1
0.977,-1.308,-0.756,-0.82,,-0.963,0
0.848,,0.116,-0.018,-0.153,-0.684,1
0.511,,0.171,1.966,-0.127,0.39,1
-1.341,,-0.285,-2.197,-2.579,1.132,0
0.322,-0.613,-1.686,0.715,,0.471,1
-1.876,-0.23,0.01,-0.838,,1.355,0
0.532,,0.804,-1.47,-1.055,-0.228,0
0.772,,1.316,0.373,0.395,-0.266,0
0.773,-0.981,0.416,0.306,-0.929,0.718,1
1.19,,1.841,0.238,-1.013,0.448,1
0.809,-1.747,0.636,1.373,,0.134,1
1.327,0.868,-1.039,-0.544,-1.236,-1.03,0
0.174,1.194,0.688,-0.021,0.025,-2.175,0
0.014,,1.772,0.893,-1.112,1.141,1
-1.142,-1.143,-0.74,-0.104,2.291,-1.415,1
0.68,0.974,-0.533,-0.221,,-1.282,1
0.773,1.596,-0.464,-0.682,-1.042,-0.167,0
0.528,,-1.111,0.033,1.598,1.702,1
0.297,-0.57,1.15,-1.846,,-0.048,0
1.325,0.423,-0.239,-0.03,,-0.905,0
-2.166,0.01,-0.42,0.653,-0.316,-0.023,0
0.436,-0.818,0.353,-0.109,-0.866,-0.285,1
-0.195,-0.767,0.117,0.192,1.058,-0.121,1
1.784,,0.513,0.113,-1.491,0.124,1
0.316,0.436,1.297,-0.033,-0.652,0.041,0
0.523,-0.197,-1.591,-0.09,,1.037,0
0.918,-0.814,0.688,-0.869,,0.881,1
0.31,-0.333,0.162,-0.747,-0.177,0.488,1
-0.47,,1.748,1.317,1.111,-0.13,0
-1.595,0.606,-0.066,0.604,2.246,0.803,1
0.517,,0.349,0.994,-0.329,0.49,1
0.217,0.156,0.926,0.492,-0.625,-0.987,1
-2.24,-0.862,1.001,-1.517,-0.425,0.157,0
0.272,-1.533,-0.779,2.038,1.006,0.578,1
1.263,0.766,-0.872,-0.451,0.255,0.237,1
0.293,-1.507,-0.453,-0.819,0.031,0.829,0
-0.86,-0.151,-0.072,-0.029,1.496,0.971,1
