patient_id,visit_id,x0,x1,x2,x3,x4,x5,x6,x7,diagnosis
P0245,V0245-4,0.299,0.29,1.298,0.173,-0.773,0.873,1.866,0.158,1
P0061,V0061-4,1.585,-0.798,0.607,-0.967,0.304,0.579,-0.283,-1.33,1
P0448,V0448-1,-0.899,0.445,0.437,-0.859,-1.199,1.22,-0.823,-0.658,1
P0183,V0183-2,0.306,-0.794,0.498,-0.437,0.792,-0.374,-0.076,0.495,1
P0246,V0246-6,-0.178,-0.446,0.339,0.029,1.576,1.481,1.498,0.668,0
P0494,V0494-0,-0.488,0.969,-1.024,0.589,0.677,-1.855,-0.471,0.528,1
P0495,V0495-2,-0.345,1.401,0.801,-1.667,-0.174,-0.638,-0.288,-1.468,0
P0101,V0101-4,-0.127,0.256,0.1,0.003,0.164,-1.338,-0.505,-0.473,0
P0091,V0091-2,0.792,-0.184,-0.723,-0.377,-1.108,0.056,0.416,1.091,1
P0494,V0494-1,-0.582,1.05,-0.487,0.199,0.533,-1.823,-0.192,0.636,1
P0363,V0363-2,-0.311,1.806,0.903,-0.424,0.965,0.254,-1.494,-0.704,1
P0288,V0288-4,1.251,-0.443,-1.569,-1.478,0.974,-0.129,0.096,0.612,1
P0028,V0028-7,-0.72,0.533,-1.667,-0.915,-2.274,-1.284,-0.011,0.073,0
P0184,V0184-0,-0.381,-0.128,0.498,2.48,1.094,0.625,2.001,-0.006,0
P0226,V0226-4,-0.427,1.12,1.935,1.226,-0.966,0.688,-1.287,-0.746,0
P0045,V0045-2,0.948,0.469,-0.089,-0.753,-0.076,1.514,-0.738,1.951,0
P0364,V0364-1,-1.033,0.312,0.877,1.372,-0.814,0.013,0.235,0.986,1
P0467,V0467-1,-0.329,-0.36,-0.528,0.18,-0.011,-1.398,-0.153,0.117,0
P0461,V0461-3,0.281,0.855,-1.815,-2.213,-0.681,0.829,0.187,0.544,1
P0376,V0376-3,0.578,0.329,0.047,-0.446,-0.372,-0.376,-2.102,-0.924,0
P0226,V0226-7,-0.115,1.297,1.688,2.199,-0.96,1.816,-1.385,-0.232,0
P0025,V0025-3,-1.191,0.191,-2.376,0.539,-0.778,-1.152,-0.56,-0.965,0
P0391,V0391-3,0.33,-1.116,0.433,0.799,1.089,0.636,-1.162,-0.803,1
P0133,V0133-4,0.31,0.194,-1.43,-3.091,-0.168,0.081,-0.384,0.217,0
P0236,V0236-0,0.283,-0.646,2.262,1.79,-0.594,-1.22,0.782,0.557,1
P0080,V0080-1,-0.36,-2.043,-0.023,-1.365,-1.608,-0.29,0.245,0.927,1
P0253,V0253-3,-0.291,0.429,1.311,-0.405,0.536,0.242,0.657,1.789,0
P0223,V0223-4,-0.753,-1.901,-0.619,-0.721,-0.114,0.385,-0.362,0.303,1
P0114,V0114-1,-1.14,0.525,0.377,1.644,-0.126,0.664,1.971,-1.759,1
P0359,V0359-1,-0.078,0.984,-0.401,-1.432,0.663,0.953,-1.432,-0.122,0
P0275,V0275-5,-1.059,-1.185,-0.505,-0.549,-0.61,-2.959,0.048,1.679,0
P0423,V0423-2,0.4,2.436,0.179,0.806,-0.643,-0.394,-1.134,-0.905,0
P0192,V0192-6,-0.487,1.423,0.015,-1.794,-0.338,0.279,-0.805,0.599,0
P0027,V0027-3,-1.257,-1.792,0.299,1.867,0.88,0.329,1.471,0.868,0
P0071,V0071-0,1.189,-0.773,-0.98,1.589,0.563,-0.994,2.358,-1.914,1
P0327,V0327-4,0.676,1.586,0.664,0.264,-1.495,-0.966,-0.039,1.053,1
P0037,V0037-3,1.094,-0.587,0.501,-1.038,-0.583,0.998,-0.031,0.566,1
P0006,V0006-0,0.523,-0.558,1.44,-0.382,1.326,-0.08,0.795,-0.876,1
P0331,V0331-3,-1.974,1.817,-1.274,-1.442,1.509,1.108,-0.336,0.307,0
P0107,V0107-1,-0.421,0.561,0.666,0.59,0.618,1.455,0.27,0.117,0
P0306,V0306-1,0.629,0.093,-2.223,0.345,-0.318,0.404,-0.469,-0.365,1
P0308,V0308-3,-0.644,-0.275,-0.561,-0.385,-1.972,-2.034,-0.699,0.995,1
P0147,V0147-2,-0.824,-0.195,2.312,-1.319,-0.882,1.389,0.272,1.012,0
P0399,V0399-2,-0.19,1.218,2.482,-0.037,-0.932,-1.206,1.524,-0.348,0
P0116,V0116-0,-0.178,-1.158,0.879,0.302,0.305,-0.558,1.465,1.145,1
P0222,V0222-4,1.108,-0.313,2.661,0.368,0.257,0.688,-0.491,-0.779,0
P0089,V0089-3,-1.581,0.131,0.156,-2.174,0.878,0.893,0.225,-0.736,0
P0099,V0099-1,0.411,0.081,-0.827,-0.724,-1.798,-0.129,2.829,-0.236,0
P0468,V0468-2,-0.892,1.071,-0.608,-1.148,-0.146,-1.713,0.888,-0.384,0
P0056,V0056-0,0.132,-0.919,-0.78,-0.922,-0.011,-0.14,0.034,0.991,0
P0169,V0169-2,0.027,1.337,1.546,0.286,-0.559,0.368,-0.341,-0.936,1
P0442,V0442-0,0.572,-0.138,0.513,-0.237,-1.604,1.601,-0.86,0.131,0
P0178,V0178-2,0.668,1.266,0.505,-1.123,-0.889,0.01,-2.012,-1.263,1
P0347,V0347-1,-0.191,-1.126,-0.903,-2.095,0.506,-0.116,0.277,-0.853,0
P0402,V0402-1,-0.464,0.523,0.655,-1.431,-0.758,-1.93,1.573,1.015,0
P0054,V0054-0,-1.574,0.222,0.577,0.374,-0.46,-0.362,-0.204,-1.284,1
P0460,V0460-1,-0.878,0.194,0.723,0.025,-1.59,2.398,-1.163,0.094,0
P0225,V0225-2,1.58,-0.654,1.574,-0.21,-0.404,-1.143,0.114,1.425,1
P0208,V0208-6,0.028,-1.165,0.493,-0.911,-0.263,-0.017,-0.45,2.527,1
P0380,V0380-4,2.571,0.882,-1.405,1.002,1.91,0.933,-0.592,-0.261,1
P0159,V0159-7,1.674,1.232,0.758,0.488,-1.689,-0.309,-0.118,-1.629,1
P0198,V0198-3,-0.778,-0.674,-0.977,-1.946,-0.191,-3.529,0.165,0.497,1
P0204,V0204-4,0.91,-0.297,0.173,0.07,0.026,-0.211,0.458,0.591,1
P0448,V0448-5,-1.109,0.089,-0.053,-0.825,-1.019,1.176,-1.192,-0.706,1
P0415,V0415-0,2.139,-2.035,-0.36,0.487,1.081,-2.016,0.396,-1.05,1
P0010,V0010-3,-0.414,0.721,0.416,-0.716,0.134,0.492,0.735,1.034,1
P0475,V0475-0,0.595,-1.145,0.225,0.2,-2.237,0.369,-0.426,0.002,1
P0424,V0424-3,1.789,0.112,1.09,1.641,-0.014,0.379,-0.319,-2.078,1
P0357,V0357-0,1.452,0.037,0.188,-0.707,1.158,0.254,-0.33,-1.332,1
P0187,V0187-2,0.275,0.774,-0.983,0.565,-0.623,1.164,0.738,-0.589,0
P0283,V0283-2,-0.099,-1.366,1.071,-0.622,1.111,-3.071,2.066,-0.271,1
P0367,V0367-3,0.725,1.496,1.772,1.238,1.263,-0.572,-0.627,0.381,0
P0408,V0408-5,2.154,0.909,-0.585,0.656,0.093,-0.406,1.36,1.191,1
P0197,V0197-2,-1.092,0.219,0.713,-0.777,-1.426,0.883,-0.641,1.065,0
P0345,V0345-1,0.841,1.783,-0.075,1.533,1.215,1.054,0.228,-0.335,1
P0333,V0333-1,-0.418,-0.722,1.724,0.438,-0.676,-0.216,0.871,-1.558,1
P0444,V0444-2,1.442,-1.734,0.406,-0.04,0.213,-1.823,0.277,-0.216,1
P0043,V0043-0,-0.85,0.753,0.234,0.594,-0.052,-0.068,1.06,-0.39,0
P0301,V0301-3,-0.803,1.195,-1.071,1.39,0.907,-0.898,0.171,0.428,0
P0068,V0068-1,-0.207,0.698,1.699,0.96,0.855,-0.659,-2.384,-0.24,0
P0345,V0345-5,0.902,1.738,-0.293,1.558,2.071,0.699,-0.845,-0.951,1
P0195,V0195-6,1.323,0.132,1.141,-0.594,-0.537,0.055,2.473,1.109,1
P0317,V0317-0,0.875,-0.604,0.002,0.237,-0.152,-0.567,1.788,0.125,0
P0059,V0059-0,0.327,-0.604,-0.791,0.384,0.072,0.685,1.195,-0.359,1
P0222,V0222-2,0.792,0.127,2.413,0.436,0.268,0.745,-0.689,-0.048,0
P0076,V0076-1,-0.956,-0.895,-0.773,-0.563,-0.438,-0.234,0.146,-0.936,1
P0366,V0366-1,0.113,0.877,0.025,0.37,1.156,0.942,1.101,-0.33,0
P0353,V0353-3,-1.407,0.281,-0.695,0.571,-0.767,0.714,-0.166,0.529,1
P0001,V0001-5,-0.945,-1.314,0.687,-0.918,1.41,-3.052,0.815,1.005,1
P0088,V0088-3,-1.156,-0.129,1.831,-1.048,-0.592,0.058,-1.082,-0.989,0
P0137,V0137-3,-0.481,-0.264,-1.521,-0.218,-0.143,0.999,-2.498,-1.064,1
P0344,V0344-0,-0.293,1.655,-0.11,-0.09,0.243,-1.763,-0.774,-0.396,0
P0459,V0459-0,1.835,-1.129,1.938,-0.393,-0.574,-0.125,0.855,-0.463,1
P0409,V0409-2,-0.936,1.995,-2.532,-2.277,-0.787,0.224,0.088,-1.462,0
P0157,V0157-1,0.915,1.681,-0.431,-0.909,-0.678,0.267,-0.062,-0.867,0
P0279,V0279-2,0.48,-2.467,0.875,1.241,-0.416,-0.357,-0.177,-0.156,1
P0454,V0454-4,0.162,0.69,-0.33,-1.135,0.233,-1.407,-1.71,-1.018,1
P0462,V0462-0,1.073,0.02,-2.418,1.223,-0.034,-0.197,0.345,-1.511,1
P0036,V0036-0,1.609,-0.102,-0.048,0.202,0.396,-1.433,2.503,1.683,0
P0240,V0240-0,-1.023,0.819,-1.36,-0.028,1.103,1.689,-1.715,-1.172,1
P0005,V0005-1,-0.83,1.102,-0.385,-0.324,0.163,-0.529,-0.965,-0.386,0
P0490,V0490-6,2.086,-0.862,-0.715,1.072,0.448,-0.387,-0.594,-0.16,1
P0144,V0144-0,0.683,-0.164,0.658,1.126,-1.467,0.079,-0.76,-2.014,1
P0410,V0410-1,-0.887,0.267,-0.694,-0.257,-1.954,0.23,-1.007,0.217,0
P0364,V0364-3,-1.359,0.301,1.044,1.14,-1.746,-0.035,-0.422,1.406,1
P0119,V0119-3,2.465,-1.158,-0.431,-0.153,1.62,-0.227,0.936,0.092,1
P0368,V0368-4,-0.805,-1.284,-2.165,0.499,-0.267,-1.12,0.066,-2.101,0
P0426,V0426-5,-0.139,-1.435,0.454,0.904,0.519,-1.799,-0.688,-1.737,1
P0479,V0479-2,-1.393,-1.231,-2.303,0.406,0.028,-0.35,0.284,1.951,0
P0477,V0477-1,-1.822,0.421,0.379,-0.803,0.775,0.465,0.126,1.243,0
P0143,V0143-0,-0.659,0.693,-2.275,0.495,-0.341,-0.439,0.245,0.698,0
P0441,V0441-1,0.165,-0.704,0.471,0.726,-0.104,-0.137,0.057,-1.017,0
P0386,V0386-4,-0.254,-2.041,0.274,0.572,0.103,-0.634,1.486,-1.196,0
P0264,V0264-2,0.964,0.53,-0.508,-1.903,-0.669,0.093,-2.242,-0.08,1
P0399,V0399-4,-1.178,1.04,2.018,-0.018,-0.753,-0.633,1.439,-0.276,0
P0396,V0396-1,1.348,0.755,-0.249,1.626,-0.233,1.08,-1.069,0.634,1
P0408,V0408-0,1.923,0.851,-0.578,0.601,0.122,-0.609,1.405,0.91,1
P0167,V0167-1,-0.016,0.468,0.4,0.245,0.646,1.985,1.823,-1.131,1
P0265,V0265-1,0.377,-1.115,-1.345,2.468,0.216,0.974,-0.288,-1.424,1
P0324,V0324-0,0.858,0.496,-1.108,0.053,-1.937,-0.78,-1.607,1.405,0
P0341,V0341-2,1.347,1.4,-1.769,-1.152,-0.66,1.129,0.275,1.377,1
P0287,V0287-1,-0.648,1.178,0.742,1.689,0.26,0.064,1.32,2.402,0
P0485,V0485-3,-0.769,-0.753,1.884,-0.239,-0.688,-0.679,0.493,-1.594,0
P0123,V0123-4,-0.506,-0.088,-1.463,0.914,0.885,3.252,-0.054,-1.226,1
P0426,V0426-4,-0.816,-1.231,0.425,0.305,0.504,-1.52,-0.306,-1.781,1
P0159,V0159-6,0.868,0.656,0.217,0.645,-1.259,-0.37,-0.313,-0.85,1
P0301,V0301-1,-1.087,0.909,-1.227,1.432,0.982,-1.783,0.295,0.448,0
P0356,V0356-0,0.612,-0.287,-1.491,-0.73,-1.429,-0.944,-1.081,0.586,1
P0299,V0299-0,0.257,-2.053,-0.129,-0.292,-0.192,-0.17,-1.77,-0.251,1
P0079,V0079-2,-0.004,0.391,-0.507,-0.951,-0.62,0.463,-0.788,-0.805,1
P0013,V0013-5,1.771,0.273,-0.827,2.024,1.527,0.14,1.278,0.331,0
P0395,V0395-2,-0.067,1.085,-1.505,1.254,-1.227,0.261,0.061,0.174,1
P0050,V0050-3,-0.715,1.251,-0.404,2.71,0.989,0.754,0.793,2.518,0
P0127,V0127-2,-1.183,-0.534,-1.019,0.82,0.136,0.666,-0.135,-1.889,0
P0249,V0249-4,-0.243,-0.116,-0.881,0.463,2.136,-1.175,-0.249,-0.188,1
P0150,V0150-1,-0.547,-0.22,-0.777,-1.282,0.132,0.084,0.53,2.108,0
P0229,V0229-2,0.504,0.971,-1.569,-1.075,1.329,1.669,-0.049,-0.416,0
P0285,V0285-1,-0.548,-0.228,-0.071,0.078,-0.263,-0.833,-1.821,1.591,1
P0011,V0011-1,-0.631,-2.31,1.146,0.038,0.528,1.559,1.044,0.284,1
P0315,V0315-0,-0.496,-0.532,-0.046,-0.099,-0.106,0.081,-0.143,0.511,0
P0037,V0037-6,0.819,-0.481,0.692,-0.718,0.117,1.048,1.018,0.541,1
P0115,V0115-1,-1.948,-0.464,0.122,-0.737,0.439,0.291,0.402,1.69,0
P0206,V0206-2,-0.091,-0.754,2.074,1.431,-0.777,-0.083,-0.809,1.171,1
P0205,V0205-2,-1.431,0.669,-0.68,1.825,0.162,0.399,0.668,-0.792,0
P0231,V0231-1,0.08,0.745,1.461,-0.374,-2.264,0.502,-1.981,-1.375,0
P0225,V0225-4,1.589,-0.212,1.031,0.342,-0.579,-0.794,-0.209,1.066,1
P0074,V0074-3,0.508,1.019,-0.481,0.12,-0.658,-0.438,-0.001,-1.605,0
P0457,V0457-0,-0.213,-1.023,0.537,0.619,0.557,0.428,-0.52,-0.227,1
P0089,V0089-0,-2.013,0.224,1.15,-1.769,0.802,0.011,0.091,0.299,0
P0112,V0112-2,1.749,0.059,0.967,-1.355,2.714,-0.823,1.206,0.952,0
P0113,V0113-3,0.266,-0.877,1.138,-0.198,-0.7,1.813,1.281,-0.097,1
P0120,V0120-3,-1.307,0.387,0.349,-0.36,-0.242,-0.161,1.344,1.09,0
P0226,V0226-3,-0.5,0.863,1.464,1.566,-1.685,0.983,-1.548,-0.381,0
P0099,V0099-0,1.0,-0.266,-0.628,-0.773,-2.554,-1.311,2.428,-0.51,0
P0366,V0366-0,0.481,0.908,0.524,0.061,0.714,0.566,0.941,-0.392,0
P0441,V0441-2,0.084,-0.931,1.391,1.051,-0.296,0.054,0.767,-1.127,0
P0487,V0487-0,-0.063,-0.932,1.154,0.711,0.201,0.494,1.252,-1.035,0
P0190,V0190-0,1.354,-1.105,0.727,-1.375,-0.9,0.594,-0.129,0.054,1
P0422,V0422-5,-0.284,-0.34,2.003,1.088,0.584,-0.365,0.086,0.445,1
P0456,V0456-1,0.203,-0.926,2.665,0.847,0.587,0.314,-0.669,-1.465,0
P0318,V0318-0,-0.304,-0.609,0.678,-0.848,0.771,-0.214,-0.136,-0.198,0
P0216,V0216-1,0.562,1.417,0.976,-0.212,-0.04,-0.827,1.08,0.11,0
P0039,V0039-2,-0.329,1.358,-1.03,-0.778,0.198,-0.63,-0.337,-0.818,0
P0060,V0060-5,-0.85,1.487,0.478,-2.508,-0.411,1.82,0.98,-2.349,0
P0318,V0318-1,0.142,-0.548,0.659,-0.117,1.414,0.276,-0.705,-0.404,0
P0107,V0107-2,-1.095,0.763,0.523,0.455,-0.14,1.34,-0.725,0.381,0
P0193,V0193-5,-0.738,0.667,-0.643,-0.109,0.344,-0.969,0.867,-0.001,0
P0119,V0119-4,2.134,-0.238,-0.891,-0.125,1.664,0.011,1.319,0.226,1
P0046,V0046-2,-1.173,0.746,-0.842,0.176,-0.169,1.059,0.298,1.816,0
P0218,V0218-1,-0.224,-0.284,-0.676,-1.451,0.292,0.39,0.375,-0.572,1
P0218,V0218-0,-0.304,-0.409,-0.91,-1.813,0.108,0.694,0.44,-0.38,1
P0362,V0362-0,-0.028,-1.087,0.386,-1.757,-0.298,-0.576,0.599,-0.544,1
P0263,V0263-4,1.945,1.076,-1.064,-0.732,2.094,-0.303,-1.109,0.853,0
P0162,V0162-2,0.69,-1.229,0.49,0.98,0.678,-0.116,-0.069,-1.332,0
P0496,V0496-0,-2.107,-0.502,-0.392,-0.708,0.035,0.513,-0.01,1.241,1
P0453,V0453-2,-1.599,-1.283,0.988,-1.677,-1.439,-0.736,0.036,-2.5,0
P0470,V0470-3,0.525,0.203,-1.761,0.408,-0.311,-0.874,0.485,1.112,0
P0409,V0409-1,-0.994,2.334,-1.989,-1.834,-0.784,-0.126,0.812,-0.911,0
P0013,V0013-4,2.471,-0.505,-1.182,1.531,0.877,-0.314,0.959,-0.131,0
P0453,V0453-6,-1.902,-1.697,1.053,-1.4,-1.436,-0.002,0.654,-1.833,0
P0453,V0453-1,-1.249,-1.58,1.45,-0.894,-1.428,-0.296,0.149,-1.701,0
P0497,V0497-1,-1.019,-0.712,-0.042,2.69,0.355,1.961,1.396,0.777,0
P0122,V0122-3,0.688,2.267,-0.333,-1.688,-0.49,-1.767,-0.3,0.408,0
P0263,V0263-2,2.201,1.078,-1.377,-1.122,1.857,0.266,-0.714,0.151,0
P0025,V0025-0,-1.134,0.263,-2.005,0.128,-1.499,-0.804,0.337,-0.525,0
P0310,V0310-2,0.661,0.24,-0.813,0.531,1.34,2.261,-0.337,1.259,1
P0397,V0397-2,0.885,-0.65,-0.945,0.307,1.102,-0.697,-0.94,-0.324,1
P0002,V0002-3,0.123,1.721,-0.163,-0.444,-0.498,0.696,-1.669,1.383,0
P0113,V0113-5,0.289,-1.101,0.788,-0.892,-1.302,1.579,0.988,0.317,1
P0150,V0150-3,-0.313,-0.582,-0.512,-1.542,0.424,0.433,0.645,2.051,0
P0286,V0286-1,2.204,-0.13,0.672,0.045,-0.771,0.279,1.052,0.281,1
P0354,V0354-3,1.206,-1.244,-1.036,0.336,-0.348,1.044,1.421,0.49,1
P0049,V0049-1,-1.083,2.913,1.972,1.673,-0.224,0.564,0.564,-0.399,0
P0007,V0007-4,0.572,-0.256,0.155,1.128,-1.004,-0.421,-1.641,-1.792,1
P0191,V0191-2,-0.198,0.821,-1.063,-2.346,0.048,0.414,-0.97,-0.646,0
P0063,V0063-3,0.459,0.114,1.289,-1.049,0.743,1.6,2.329,0.809,0
P0348,V0348-2,-0.221,0.352,-0.76,0.321,-1.225,-0.251,0.705,1.483,0
P0268,V0268-3,-0.846,-0.583,-1.225,0.782,-0.821,3.06,-0.337,0.178,1
P0277,V0277-2,-0.244,-0.086,-0.463,0.112,1.306,0.488,3.113,0.223,1
P0256,V0256-0,-2.038,0.886,-0.743,-0.614,0.658,0.753,0.522,-0.911,0
P0450,V0450-1,-0.393,-3.683,-0.136,3.138,0.343,-1.248,-1.132,1.475,1
P0340,V0340-1,-0.12,-2.261,1.106,0.22,1.362,-0.069,0.113,0.34,0
P0405,V0405-0,0.182,-1.196,-0.288,0.432,0.851,-0.612,0.678,0.468,0
P0294,V0294-0,-0.176,-1.01,1.744,-0.151,1.217,1.214,0.809,0.16,1
P0187,V0187-5,0.358,1.128,-0.616,0.938,-0.026,1.218,-0.031,-0.445,0
P0347,V0347-3,0.094,-0.495,-1.411,-2.642,0.131,-0.427,1.09,-1.506,0
P0373,V0373-1,1.282,-0.204,-0.83,-0.449,1.324,0.715,1.399,-0.639,1
P0138,V0138-0,0.005,-0.656,0.468,1.765,0.014,0.679,0.416,-1.124,0
P0228,V0228-4,-0.394,0.416,-0.643,0.001,-1.207,0.27,0.005,0.742,0
P0474,V0474-0,-0.105,-1.731,0.943,-0.878,-0.698,0.005,0.737,-1.127,1
P0187,V0187-6,0.653,1.537,-0.21,1.108,-1.035,1.676,0.744,-0.534,0
P0384,V0384-2,-0.287,0.91,0.267,-1.188,-0.586,-0.525,-0.774,-1.001,1
P0085,V0085-1,0.472,-0.313,1.006,-0.787,0.512,-0.155,0.418,-0.165,0
P0408,V0408-6,1.323,1.275,-0.87,0.538,0.517,-0.439,1.099,0.8,1
P0407,V0407-6,1.192,-0.8,1.12,-0.105,-0.947,-0.922,1.253,1.462,1
P0303,V0303-5,-1.536,0.109,1.615,0.087,1.296,-0.043,1.403,0.049,1
P0421,V0421-3,-0.609,1.025,0.879,0.707,-0.659,0.09,0.263,0.772,0
P0422,V0422-1,-0.992,0.05,1.498,2.036,0.97,-0.277,0.239,0.322,1
P0346,V0346-1,0.075,-0.835,-0.331,-2.792,0.713,-2.486,0.854,0.766,1
P0458,V0458-0,-0.857,-0.201,0.652,0.468,-0.984,0.638,-1.192,1.025,0
P0004,V0004-2,0.578,1.178,1.565,-0.972,0.31,0.595,-1.575,0.38,0
P0430,V0430-3,-0.574,0.965,-0.706,-0.765,0.107,-2.315,0.488,0.638,0
P0004,V0004-1,0.834,0.688,1.443,-0.26,0.676,0.458,-1.209,0.655,0
P0435,V0435-2,0.285,1.288,-0.726,-0.723,0.935,-1.115,-0.297,1.406,0
P0420,V0420-5,0.108,0.188,1.385,-1.084,-0.465,0.126,1.676,-0.497,1
P0320,V0320-1,0.886,0.593,-0.349,0.602,-0.486,-0.597,1.088,1.353,1
P0084,V0084-4,0.318,-1.368,0.427,-0.28,-0.02,-1.22,0.206,-0.4,0
P0075,V0075-0,1.317,-0.906,2.314,0.945,-0.102,-2.644,-1.213,1.548,1
P0094,V0094-3,-1.235,1.877,1.034,-1.048,-0.56,0.708,-0.068,-1.823,1
P0478,V0478-0,0.182,0.923,1.182,-0.32,0.086,0.237,-2.679,-0.027,1
P0018,V0018-3,0.936,2.229,0.431,0.717,0.129,1.222,0.775,-1.661,0
P0371,V0371-1,-1.424,-2.543,1.849,0.841,0.53,0.059,0.261,0.731,0
P0473,V0473-2,-0.598,-0.267,-0.249,1.197,0.738,1.46,-0.268,0.681,1
P0333,V0333-4,-0.662,-1.027,1.009,0.419,-0.042,0.261,1.636,-2.31,1
P0383,V0383-1,1.542,-0.264,1.326,-0.088,-0.367,0.028,-2.163,0.518,0
P0143,V0143-1,-0.644,0.324,-2.152,0.96,-0.395,-0.178,0.558,1.432,0
P0132,V0132-1,-0.321,0.46,-0.665,-1.658,-1.157,-1.573,-0.93,-0.516,0
P0243,V0243-0,-0.322,0.568,-0.223,-0.354,-0.553,-1.132,0.472,1.932,0
P0212,V0212-1,-1.671,-0.615,0.956,0.353,0.503,1.953,-0.425,1.546,0
P0197,V0197-0,-1.265,0.22,0.362,-0.179,-1.086,0.242,-0.449,0.679,0
P0348,V0348-1,-0.171,0.39,-0.658,-0.166,-1.34,0.176,1.099,1.442,0
P0091,V0091-1,0.528,0.225,-0.536,0.089,-1.207,0.901,0.3,0.255,1
P0368,V0368-0,-1.197,-0.689,-2.419,1.022,-0.898,-1.546,0.477,-2.376,0
P0382,V0382-1,-1.345,-0.687,1.024,-1.847,-0.839,-1.041,-0.145,-0.447,0
P0173,V0173-1,-0.125,1.22,-1.623,0.558,2.469,0.906,0.657,-1.061,0
P0223,V0223-1,-1.221,-2.007,0.038,-1.719,-0.051,-0.33,0.232,0.186,1
P0193,V0193-7,-1.051,1.2,-0.163,0.024,0.818,-0.869,0.427,0.543,0
P0294,V0294-2,0.388,-1.022,1.265,-0.375,1.246,1.356,0.421,0.222,1
P0277,V0277-7,0.363,-0.698,-0.805,0.493,1.333,0.686,3.527,-0.379,1
P0206,V0206-1,-1.238,-0.908,1.596,1.911,-0.774,-0.535,0.387,1.08,1
P0380,V0380-3,1.963,1.249,-0.931,1.088,2.181,0.833,-0.781,0.287,1
P0048,V0048-6,-1.264,-0.161,-0.799,0.346,-0.764,-0.991,-1.309,-0.516,0
P0064,V0064-1,0.106,0.201,1.17,1.591,-1.001,-0.39,-1.975,0.786,0
P0448,V0448-3,-1.264,0.492,0.298,-0.766,-0.766,0.472,-0.361,-1.095,1
P0195,V0195-4,0.459,1.037,1.734,-0.218,-0.525,-0.32,2.099,0.45,1
P0108,V0108-3,-1.661,0.784,0.514,-0.258,0.538,0.97,-1.634,2.235,0
P0133,V0133-1,0.74,0.57,-1.756,-2.355,-0.285,0.34,-0.219,-0.802,0
P0023,V0023-1,0.613,0.829,-0.309,-0.825,0.391,0.461,1.035,-1.257,1
P0001,V0001-6,-0.343,-0.925,1.166,-0.502,1.311,-2.989,0.456,1.043,1
P0420,V0420-4,-0.644,-0.499,1.522,-1.432,-0.01,0.632,1.201,-1.083,1
P0090,V0090-1,2.014,-0.181,-0.717,-0.06,-0.137,0.187,0.963,-0.123,1
P0148,V0148-3,-0.257,-0.731,2.992,-2.11,-0.304,-0.389,-1.064,-1.35,0
P0105,V0105-1,-1.149,1.248,1.137,0.782,0.689,0.746,1.547,0.385,0
P0307,V0307-3,0.216,1.806,1.404,-0.655,-0.289,2.329,-1.579,-1.355,1
P0340,V0340-0,-0.303,-1.764,1.701,-0.195,0.812,-0.271,0.594,-0.385,0
P0428,V0428-1,-0.884,-0.321,-0.817,-0.629,-0.117,0.241,-0.805,0.073,1
P0310,V0310-3,0.425,0.477,-0.804,0.782,1.36,1.702,-0.612,0.997,1
P0294,V0294-6,-0.601,-0.98,1.352,-0.39,0.827,1.441,0.024,0.73,1
P0147,V0147-3,-1.553,-0.36,1.646,-1.209,-0.265,1.5,0.776,1.022,0
P0344,V0344-3,0.082,1.776,0.074,-0.538,0.241,-1.626,-0.832,-0.421,0
P0269,V0269-5,0.844,0.033,0.239,-1.561,0.747,-0.863,-1.594,-1.424,1
P0110,V0110-2,0.298,-0.677,-0.339,-0.462,-1.734,-1.13,2.068,1.438,0
P0154,V0154-2,-0.129,0.275,0.722,0.365,0.514,-2.784,-1.052,0.323,1
P0031,V0031-0,0.085,0.313,0.864,-0.313,1.596,0.023,-0.332,-0.073,0
P0376,V0376-6,0.102,0.852,-0.9,0.232,0.251,-0.273,-2.317,-0.935,0
P0192,V0192-1,-0.227,1.393,-0.747,-1.847,-0.511,-0.026,-0.144,0.434,0
P0307,V0307-6,-0.201,2.366,2.262,-0.634,0.118,2.249,-1.029,-1.249,1
P0434,V0434-2,-1.845,0.465,0.071,2.675,-0.685,-0.374,-0.271,2.099,0
P0447,V0447-2,0.758,0.476,0.379,0.768,1.09,-1.656,-0.668,-1.515,1
P0465,V0465-1,0.586,0.072,1.493,0.81,0.34,0.229,-0.768,-0.212,0
P0313,V0313-4,0.921,0.415,0.384,0.466,1.075,-0.231,-0.61,-0.056,1
P0256,V0256-1,-2.138,2.139,-0.627,-0.51,0.163,1.164,0.851,-0.75,0
P0423,V0423-6,0.069,2.146,0.428,1.101,-0.412,0.005,-0.419,-1.069,0
P0305,V0305-7,1.494,0.056,-2.585,0.899,-0.202,-0.768,-0.311,-0.303,1
P0320,V0320-0,0.319,0.321,-0.429,0.519,-0.719,-0.921,1.383,0.971,1
P0048,V0048-3,-0.709,0.471,0.233,0.699,-0.712,-0.589,-1.745,-0.098,0
P0007,V0007-2,0.396,-0.302,-0.559,2.019,-1.152,0.456,-1.674,-1.703,1
P0270,V0270-4,1.067,-1.469,-0.968,0.165,-1.0,-1.868,0.155,-0.115,1
P0246,V0246-5,-0.223,0.182,0.108,-0.513,1.228,0.926,1.644,1.315,0
P0203,V0203-1,-1.605,-1.003,-1.818,-0.587,2.269,-0.897,-0.769,2.392,1
P0128,V0128-1,1.169,1.266,-0.769,-0.514,1.478,0.445,0.363,-1.266,1
P0400,V0400-2,-0.72,-1.746,-0.399,0.25,-0.031,-1.075,-1.08,-0.174,0
P0130,V0130-4,0.117,-0.121,-1.203,-0.32,0.767,0.342,0.653,-0.352,1
P0125,V0125-0,0.615,-0.279,-0.655,0.597,2.263,1.545,0.075,-0.243,1
P0323,V0323-2,-0.638,0.378,-0.002,-0.192,0.876,0.941,-0.855,0.486,1
P0274,V0274-2,-0.463,-0.229,-0.252,-0.395,-0.071,0.216,1.494,-0.616,1
P0007,V0007-0,0.439,-0.549,0.152,1.621,-0.962,0.169,-1.828,-1.028,1
P0049,V0049-2,-1.104,2.769,1.22,1.409,0.37,0.964,-0.053,-0.218,0
P0362,V0362-1,0.09,-0.484,0.127,-0.832,-0.235,-0.402,0.499,-0.125,1
P0490,V0490-3,2.644,-1.353,-0.73,0.498,0.122,0.132,-0.31,0.2,1
P0188,V0188-1,-0.539,1.069,0.472,-0.067,0.727,-1.072,-0.337,-0.197,0
P0349,V0349-2,-1.134,0.379,-2.908,0.219,1.535,-0.482,-0.398,0.131,1
P0025,V0025-5,-1.328,0.062,-2.098,0.177,-0.624,-0.677,-0.446,-1.597,0
P0189,V0189-4,-1.178,-1.289,0.707,-0.911,0.115,0.811,0.063,0.197,0
P0200,V0200-6,-1.903,1.329,0.43,1.023,0.312,-0.823,-1.903,-0.528,0
P0407,V0407-5,0.361,-1.601,0.44,-0.14,-0.401,-0.926,1.378,0.743,1
P0130,V0130-1,1.039,-0.36,-0.974,0.282,0.585,0.626,0.814,-0.06,1
P0414,V0414-3,-1.012,-1.0,-0.975,-0.45,0.716,0.4,-1.236,0.787,0
P0075,V0075-1,1.411,-0.391,1.67,0.793,-0.087,-2.368,-1.458,0.675,1
P0114,V0114-2,-0.709,0.805,0.403,2.38,-0.847,1.072,1.233,-2.354,1
P0489,V0489-5,0.355,1.206,1.479,0.393,-0.87,0.417,-2.112,-0.633,1
P0352,V0352-0,-0.163,0.129,-1.931,0.296,0.225,-1.114,0.879,0.548,1
P0160,V0160-0,0.38,0.102,-0.238,2.438,-0.765,1.347,-0.531,-0.324,1
P0480,V0480-2,-0.297,0.83,-0.912,0.464,-1.777,-0.534,-2.253,-1.236,1
P0132,V0132-3,-0.569,0.701,-0.442,-1.683,-0.997,-2.118,-1.129,-0.749,0
P0324,V0324-2,0.494,-0.104,-1.172,0.665,-1.583,-0.342,-2.046,1.493,0
P0097,V0097-0,-1.612,-0.138,1.101,0.502,-0.525,-1.152,-0.056,-0.482,1
P0349,V0349-1,-2.156,0.605,-2.516,-0.216,1.556,-0.615,-0.382,0.213,1
P0481,V0481-5,0.117,-0.94,0.119,-0.801,-0.462,1.725,0.677,0.088,1
P0190,V0190-3,0.687,-0.255,0.264,-1.122,-0.856,0.626,-0.235,-0.031,1
P0078,V0078-4,-0.421,-1.537,0.645,-0.752,0.321,1.537,-1.527,-1.464,1
P0124,V0124-1,-1.653,0.099,0.384,-0.703,-0.583,-2.644,1.182,0.252,0
P0388,V0388-5,-0.272,0.19,0.77,-0.05,-1.303,-2.062,0.309,0.899,0
P0168,V0168-1,-1.809,0.315,0.197,-0.166,-0.115,-1.002,-0.445,0.109,0
P0346,V0346-2,0.084,-0.778,-0.827,-2.753,-0.101,-2.134,0.991,0.156,1
P0003,V0003-2,-0.247,0.589,2.102,-0.232,-1.568,0.071,1.263,-1.069,0
P0238,V0238-6,-0.371,0.534,-2.499,-0.921,-0.087,-1.067,0.895,0.461,0
P0169,V0169-3,0.703,1.833,1.404,0.645,-0.828,0.551,-0.514,-1.14,1
P0271,V0271-3,0.444,-0.299,0.357,-1.05,0.918,0.301,1.597,-0.333,1
P0455,V0455-3,2.157,1.542,0.389,0.672,-0.641,-1.582,-1.089,-0.819,1
P0426,V0426-7,-0.884,-1.103,0.866,0.946,0.455,-1.235,-0.876,-1.651,1
P0320,V0320-6,0.182,0.517,0.41,0.438,-0.548,-0.563,0.531,0.941,1
P0398,V0398-5,-0.635,-1.982,0.731,0.561,-1.279,0.852,-0.567,0.133,1
P0436,V0436-5,0.923,0.58,-1.22,-1.179,-0.799,0.817,0.755,0.046,1
P0352,V0352-1,0.498,-0.075,-1.992,-0.126,0.397,-1.514,0.659,0.211,1
P0412,V0412-0,-0.441,-0.024,0.838,1.212,-0.66,-0.242,2.145,-0.096,0
P0283,V0283-6,-0.54,-1.49,0.551,-0.804,0.588,-2.553,2.652,-0.171,1
P0028,V0028-0,-0.895,0.649,-1.884,-0.913,-1.829,-1.427,-0.084,0.623,0
P0020,V0020-3,0.958,-0.839,0.08,0.173,1.283,-0.942,-0.196,1.687,1
P0294,V0294-3,0.292,-0.96,1.315,-0.47,0.057,1.614,0.523,-0.036,1
P0414,V0414-1,-0.857,-0.759,-0.709,-0.766,0.799,0.591,-0.533,0.535,0
P0450,V0450-3,-0.768,-2.508,-0.564,3.166,-0.062,-0.655,-1.124,1.467,1
P0289,V0289-1,1.422,-0.037,-0.148,-1.824,-0.802,-1.424,-0.453,0.861,1
P0000,V0000-1,-0.371,3.005,0.988,0.825,-0.145,-0.897,0.083,-0.115,0
P0113,V0113-2,0.518,-1.273,0.648,-0.417,-1.031,1.271,0.668,0.288,1
P0014,V0014-3,0.858,-0.84,0.782,-0.742,-0.725,-1.061,-0.575,0.317,1
P0277,V0277-1,-0.145,-1.042,-0.938,0.393,1.776,0.147,2.918,-0.486,1
P0076,V0076-2,-1.227,-0.922,0.227,-0.261,-0.055,-0.786,0.461,-0.776,1
P0302,V0302-0,0.896,-0.424,1.115,0.207,-0.791,-2.457,0.16,-0.758,1
P0367,V0367-6,0.749,1.21,1.821,1.614,0.513,-0.637,-0.394,0.075,0
P0141,V0141-1,-2.322,0.573,-0.59,-0.086,1.958,0.29,0.591,0.019,0
P0217,V0217-6,-0.496,0.591,0.067,-0.565,-1.154,0.761,-0.363,0.648,1
P0281,V0281-1,0.926,-0.82,-1.912,0.336,-1.726,-0.83,1.425,0.743,0
P0336,V0336-4,-0.06,0.111,0.771,0.675,-0.331,0.074,-1.058,0.763,0
P0306,V0306-2,0.438,-0.264,-2.069,0.361,-0.53,0.302,-0.305,-0.508,1
P0135,V0135-0,-0.857,-0.514,0.472,-1.581,-1.133,0.106,-1.912,0.657,1
P0096,V0096-6,-1.351,0.129,1.766,-0.525,-1.485,1.344,-1.04,0.47,0
P0109,V0109-3,0.11,0.145,2.434,1.56,1.809,-0.96,0.032,0.252,0
P0217,V0217-4,-0.575,1.094,-0.493,-0.598,-0.783,0.723,0.114,0.481,1
P0116,V0116-2,-0.448,-1.502,0.833,1.049,0.409,-0.368,1.323,1.557,1
P0384,V0384-1,-0.406,0.817,-0.879,-0.386,-0.204,-0.814,-0.941,-1.018,1
P0461,V0461-0,0.28,1.939,-1.176,-1.98,-0.296,0.845,0.245,0.294,1
P0307,V0307-1,-0.29,1.356,1.418,-0.464,-0.346,2.951,-0.419,-1.024,1
P0321,V0321-6,1.494,-1.501,1.088,0.961,-0.832,0.63,-0.241,-0.033,1
P0152,V0152-5,0.773,0.428,-0.526,-1.668,0.061,1.136,0.24,-0.062,1
P0211,V0211-0,-0.511,-1.293,-1.152,-0.439,-2.371,1.684,-0.875,-2.305,1
P0247,V0247-5,-0.525,2.034,0.585,0.201,1.325,-1.547,1.947,-1.42,0
P0205,V0205-7,-1.238,0.458,-0.805,0.864,0.019,0.487,0.597,-0.796,0
P0489,V0489-4,0.649,0.505,1.127,0.756,-0.285,0.516,-1.934,-0.088,1
P0188,V0188-0,-0.818,0.698,0.522,-0.456,0.884,-1.257,-0.395,-0.246,0
P0363,V0363-0,0.105,1.616,0.883,-0.133,0.788,0.18,-1.589,-0.578,1
P0257,V0257-0,1.538,1.701,-0.983,-0.429,-0.201,-0.826,0.81,0.262,0
P0159,V0159-4,1.348,0.615,0.373,0.415,-1.105,-0.564,0.413,-2.101,1
P0192,V0192-3,-0.629,0.681,0.206,-1.996,-0.636,-0.128,-0.572,-0.022,0
P0414,V0414-2,-0.746,-0.705,-0.846,-0.476,0.41,0.672,-0.833,-0.015,0
P0413,V0413-0,-1.589,-0.235,-0.163,-0.275,-0.705,-0.358,0.316,-0.891,0
P0062,V0062-0,-0.486,0.393,-0.229,0.206,-1.572,-0.932,1.341,0.467,1
P0434,V0434-6,-2.343,0.098,0.264,2.817,-0.324,-1.074,-0.496,1.067,0
P0353,V0353-1,-2.135,0.27,-0.506,0.282,-0.589,0.143,0.632,0.337,1
P0051,V0051-3,0.008,-1.648,1.895,2.217,0.281,0.098,0.89,-1.349,1
P0172,V0172-1,-0.448,1.826,2.257,-1.029,1.728,0.306,-0.874,0.84,0
P0305,V0305-3,2.023,0.428,-3.397,1.263,-0.303,-0.154,-0.193,-0.731,1
P0470,V0470-2,0.977,-0.452,-2.365,0.066,-0.492,-1.595,0.169,0.53,0
P0304,V0304-4,1.806,-0.109,0.032,-0.166,0.61,0.608,0.748,0.646,1
P0188,V0188-2,-0.506,0.692,0.46,-0.078,0.422,-0.899,-0.593,-0.395,0
P0233,V0233-6,0.925,0.289,0.975,0.1,-0.159,-0.118,-1.589,-0.233,0
P0204,V0204-0,0.87,-0.181,-0.57,-0.344,-0.644,0.051,0.285,0.128,1
P0078,V0078-3,-0.759,-1.012,0.176,-0.777,0.516,1.722,-2.175,-1.633,1
P0084,V0084-0,0.769,-1.194,0.859,-0.627,0.057,-1.365,0.123,-0.653,0
P0277,V0277-0,-0.561,-1.311,-0.431,0.44,1.159,-0.01,2.36,-0.127,1
P0022,V0022-0,-1.172,-1.049,0.401,-0.496,0.644,-0.06,-1.228,-0.044,1
P0092,V0092-2,-0.057,0.718,-0.198,0.975,-1.677,-1.572,0.935,-0.296,0
P0009,V0009-2,0.1,-0.52,1.384,-0.103,-0.08,-1.871,0.006,0.694,0
P0059,V0059-1,0.296,-0.262,-1.156,0.652,-1.015,1.08,1.839,-0.124,1
P0044,V0044-0,-0.71,1.712,0.529,0.321,-0.622,-0.131,-0.662,-0.589,0
P0368,V0368-5,-1.345,-0.394,-2.117,0.442,-0.406,-1.204,0.582,-1.644,0
P0191,V0191-1,-0.904,0.409,-0.913,-2.241,-0.193,-0.01,-1.113,-0.521,0
P0167,V0167-3,0.314,0.396,0.673,0.463,0.529,1.292,1.69,-1.838,1
P0392,V0392-4,0.761,-0.613,-1.193,-0.733,-0.735,-1.964,0.918,-0.753,1
P0352,V0352-2,0.246,0.138,-2.001,-0.529,0.332,-1.449,0.875,0.25,1
P0223,V0223-0,-0.774,-2.699,0.34,-0.816,-0.301,1.12,-0.325,0.303,1
P0204,V0204-6,0.952,-0.299,0.031,0.041,-0.548,0.214,0.096,0.384,1
P0186,V0186-4,1.454,-0.352,2.694,-0.867,0.332,-0.114,0.618,-0.056,0
P0421,V0421-1,-0.453,1.705,0.447,1.023,-0.577,-1.215,-0.085,0.266,0
P0091,V0091-3,0.907,0.345,-0.331,-0.062,-1.176,0.245,0.386,0.464,1
P0304,V0304-2,2.171,0.26,0.305,-0.697,0.434,0.348,0.614,1.14,1
P0333,V0333-5,-0.088,-0.92,1.254,0.827,-0.426,0.245,1.45,-1.887,1
P0131,V0131-3,0.074,-0.086,1.366,-0.114,0.439,0.309,-0.483,0.296,1
P0388,V0388-0,-0.221,-0.109,0.853,-1.042,-0.778,-1.223,-0.009,0.592,0
P0061,V0061-1,0.743,-0.231,0.558,-0.563,0.107,0.433,-0.081,-1.246,1
P0037,V0037-2,1.262,-0.589,0.317,-1.08,-0.2,0.131,1.266,0.315,1
P0158,V0158-0,0.4,1.094,1.654,-1.062,-2.912,1.374,1.586,-0.442,1
P0324,V0324-3,0.267,0.083,-1.337,1.115,-1.487,-0.274,-1.535,2.227,0
P0155,V0155-3,-1.155,-0.047,-1.909,-0.186,0.673,-0.633,-1.929,-1.467,0
P0305,V0305-2,1.796,0.115,-3.518,0.752,-0.243,-0.754,-0.16,-0.704,1
P0147,V0147-6,-0.824,-0.033,2.376,-1.937,-0.807,1.056,0.624,0.809,0
P0463,V0463-4,-0.237,1.419,0.598,0.803,1.191,-1.955,-2.255,-0.784,0
P0136,V0136-0,-0.041,1.788,-0.41,0.721,-2.333,0.472,-1.175,0.961,1
P0381,V0381-4,0.57,-0.175,-0.08,0.129,0.212,-0.83,0.321,1.564,0
P0324,V0324-5,1.123,-0.312,-1.685,1.061,-1.383,-0.309,-1.547,1.892,0
P0055,V0055-2,-1.363,-0.942,0.53,-1.051,1.688,0.227,-0.93,-0.118,0
P0332,V0332-5,0.893,-0.436,0.039,1.48,0.788,-1.622,-0.572,-0.867,1
P0007,V0007-3,0.439,-0.039,0.585,1.521,-1.092,-0.021,-1.788,-1.191,1
P0221,V0221-5,-0.814,-1.492,2.586,0.381,-0.768,1.193,0.739,-0.14,0
P0271,V0271-0,-0.134,0.38,0.257,-1.766,0.929,0.021,1.631,-0.209,1
P0251,V0251-1,-0.733,-1.403,-0.95,-1.271,-2.656,-1.273,-0.954,-0.734,1
P0456,V0456-0,-0.235,-0.714,2.488,0.567,0.86,-0.305,-0.905,-1.043,0
P0202,V0202-4,-0.547,-0.098,-0.551,-1.332,-0.231,0.048,0.675,0.409,1
P0220,V0220-2,-0.024,0.075,-0.833,0.054,1.017,-0.168,-1.489,-0.486,1
P0039,V0039-4,0.275,0.669,-0.994,-0.915,0.209,-0.36,0.046,-0.593,0
P0374,V0374-1,1.03,-1.025,0.939,0.754,-0.11,-0.153,0.151,-0.768,0
P0493,V0493-2,0.167,-1.059,0.188,0.882,0.826,1.406,-2.331,-0.544,0
P0231,V0231-3,0.403,1.725,1.89,-0.536,-2.967,0.081,-2.099,-1.139,0
P0289,V0289-5,1.153,0.498,0.421,-1.517,-0.937,-1.896,0.145,0.759,1
P0260,V0260-0,-1.115,-0.29,-0.013,-0.266,0.416,-0.755,-0.096,1.395,1
P0129,V0129-2,-0.451,-0.137,-0.332,1.113,0.305,1.971,-0.775,-1.805,1
P0480,V0480-1,0.537,0.426,-0.994,0.052,-1.465,-0.735,-2.929,-0.982,1
P0097,V0097-2,-1.455,-0.108,1.498,0.705,0.007,-1.06,0.063,0.229,1
P0171,V0171-1,-0.356,-0.025,-0.857,-1.455,-0.116,0.648,-0.598,-0.795,1
P0275,V0275-2,-0.673,-0.344,-0.945,-0.889,0.057,-2.796,0.153,1.305,0
P0197,V0197-7,-1.075,0.123,0.622,-0.468,-1.164,0.852,-0.938,0.557,0
P0324,V0324-6,0.612,-0.23,-1.355,0.134,-0.918,-0.586,-2.606,2.117,0
P0400,V0400-1,-0.693,-2.377,-0.707,-0.014,-0.262,-0.688,-0.546,-0.47,0
P0327,V0327-1,0.988,1.669,0.549,-0.344,-0.741,-1.803,-0.047,1.146,1
P0184,V0184-2,-0.547,-0.183,0.361,2.824,0.482,0.213,1.412,0.365,0
P0407,V0407-2,1.144,-0.784,0.566,-0.766,-0.401,-0.995,1.532,0.784,1
P0166,V0166-2,0.334,-0.689,-0.876,-0.028,1.255,0.803,0.644,-0.399,1
P0309,V0309-2,1.453,1.173,-0.666,-0.037,-1.212,-0.317,0.901,-1.869,1
P0176,V0176-5,0.311,-0.414,0.213,-1.797,-0.248,-1.091,0.095,-0.203,0
P0082,V0082-5,0.682,-0.483,0.073,1.493,1.708,1.172,2.458,0.827,1
P0025,V0025-1,-1.059,0.651,-2.261,0.696,-0.662,-0.794,-0.171,-1.056,0
P0287,V0287-4,-0.474,1.042,0.676,1.403,0.169,0.242,1.21,2.691,0
P0449,V0449-3,0.484,0.21,-0.065,1.707,-0.004,0.94,-0.15,-0.082,1
P0233,V0233-3,0.573,0.234,0.925,-0.99,-0.14,0.698,-0.626,0.691,0
P0333,V0333-0,0.506,-0.663,1.512,0.203,-0.36,0.605,1.86,-1.002,1
P0204,V0204-2,0.964,0.01,0.057,-0.167,0.155,0.581,-0.155,0.576,1
P0194,V0194-0,-1.224,-1.331,-0.21,0.946,-2.135,-0.398,1.16,-0.196,1
P0235,V0235-1,0.753,0.934,-2.227,-0.64,-0.43,-0.136,-0.694,-1.117,1
P0466,V0466-0,-0.808,-0.392,-0.756,1.647,2.39,1.82,0.952,-1.328,0
P0308,V0308-2,-0.854,-0.664,-0.472,-0.216,-1.571,-1.625,-0.065,0.131,1
P0380,V0380-0,2.289,0.699,-0.86,1.058,2.359,1.166,-0.711,-0.011,1
P0122,V0122-2,0.422,2.711,-0.326,-1.239,-0.598,-2.053,-1.061,0.958,0
P0473,V0473-1,-1.092,0.435,0.147,0.519,0.352,1.216,-0.555,0.48,1
P0187,V0187-1,0.589,1.25,-0.722,1.328,-0.803,1.532,0.333,-0.549,0
P0114,V0114-0,-1.208,0.502,0.412,1.595,-0.674,1.551,1.65,-2.991,1
P0265,V0265-4,0.874,-1.27,-1.52,1.479,0.511,0.489,-0.199,-1.405,1
P0313,V0313-0,0.506,0.074,0.656,0.265,0.4,-0.251,-0.411,-0.316,1
P0142,V0142-3,-1.301,0.443,1.738,-0.571,-0.245,0.175,2.15,-0.115,0
P0141,V0141-2,-2.284,-0.56,-0.707,-0.268,2.404,0.142,0.51,-1.018,0
P0211,V0211-2,-0.528,-1.428,-1.067,0.093,-1.865,1.523,-1.119,-2.783,1
P0304,V0304-0,2.422,0.297,0.595,-0.103,0.217,0.84,0.547,1.075,1
P0002,V0002-0,-0.432,2.035,0.02,0.183,-0.576,0.525,-1.998,1.717,0
P0400,V0400-0,-1.112,-1.79,-0.5,0.232,-0.452,-0.599,-0.919,-0.152,0
P0367,V0367-2,0.405,1.514,0.611,1.414,1.06,-0.256,-0.826,0.109,0
P0148,V0148-1,-0.281,-0.818,3.41,-2.243,-0.189,-0.612,-1.551,-1.056,0
P0115,V0115-4,-2.268,-0.657,0.458,-1.238,0.304,1.03,0.469,1.573,0
P0059,V0059-3,-0.234,-0.621,-0.858,0.167,-1.308,0.5,1.515,-0.062,1
P0242,V0242-3,-0.303,1.382,-0.751,-2.3,1.043,-0.965,-0.163,1.73,0
P0089,V0089-2,-0.957,0.764,0.654,-1.568,0.54,0.927,0.641,-0.248,0
P0027,V0027-0,-0.655,-2.177,0.204,0.989,0.633,0.796,1.078,0.577,0
P0144,V0144-2,0.111,0.052,0.414,1.285,-1.768,0.785,-0.84,-1.277,1
P0029,V0029-0,0.19,1.718,-0.773,1.482,0.645,-1.351,0.063,1.212,1
P0339,V0339-0,0.391,-0.256,1.398,0.359,-0.965,0.974,-0.549,0.903,1
P0440,V0440-2,-0.568,-0.243,1.366,0.992,0.18,1.783,-0.527,0.049,0
P0099,V0099-3,0.338,-0.671,-0.79,0.125,-1.952,-0.123,2.27,-0.422,0
P0403,V0403-4,-0.45,0.052,0.671,-1.09,-1.53,0.745,0.436,-1.247,0
P0393,V0393-1,-0.929,0.679,1.022,-1.149,-1.823,1.414,0.528,-0.824,0
P0369,V0369-0,-0.34,0.76,0.517,-0.343,-1.68,1.779,-3.278,1.183,0
P0003,V0003-3,-0.013,0.479,2.397,-0.424,-1.811,0.201,1.192,-1.016,0
P0045,V0045-7,0.206,0.559,-0.033,-0.948,0.095,1.351,-0.485,2.318,0
P0038,V0038-3,-0.174,-1.036,0.808,-2.243,-1.108,-0.193,0.869,0.256,1
P0297,V0297-0,2.3,0.999,1.07,0.599,-0.581,0.559,-0.738,-0.328,1
P0326,V0326-0,0.35,1.153,0.851,-0.585,-0.294,0.087,0.669,-0.633,0
P0261,V0261-1,0.845,-0.118,0.114,-1.76,-0.4,-1.92,0.572,-1.038,1
P0270,V0270-0,1.184,-0.746,-0.223,-0.358,-0.937,-1.559,-0.006,0.355,1
P0270,V0270-6,0.972,-0.685,-0.392,-0.515,-0.941,-1.823,0.392,-0.063,1
P0152,V0152-4,0.641,0.74,-0.188,-1.905,0.247,1.106,0.859,-0.018,1
P0165,V0165-0,-0.218,0.239,0.465,-0.583,0.404,2.155,1.268,0.409,1
P0151,V0151-1,0.577,1.627,-0.218,-1.75,0.999,0.608,0.864,-1.472,0
P0009,V0009-1,0.392,-1.171,0.824,-0.797,-0.939,-1.717,0.923,1.466,0
P0293,V0293-1,-0.726,-0.914,0.358,-1.425,1.724,1.65,-0.445,-0.723,1
P0088,V0088-5,-0.653,-0.209,2.123,-0.526,-0.607,0.118,-0.577,-0.726,0
P0058,V0058-0,0.296,-0.724,-1.12,0.145,-0.882,0.999,0.083,-1.145,0
P0475,V0475-4,-0.165,-1.021,0.855,0.579,-2.583,0.181,-0.375,-0.09,1
P0354,V0354-1,1.533,-1.09,-0.806,0.01,-0.11,0.795,1.471,0.626,1
P0458,V0458-4,-1.033,-1.156,0.475,-0.011,-1.128,0.004,-1.197,1.027,0
P0037,V0037-5,0.81,-0.442,0.566,-0.727,-0.382,0.22,1.139,0.17,1
P0034,V0034-1,-0.017,-0.307,1.88,-0.173,0.746,-0.891,0.332,1.57,1
P0256,V0256-5,-1.826,1.477,-0.066,-0.426,0.227,0.368,0.566,-0.857,0
P0093,V0093-1,0.744,-1.002,0.392,-0.258,0.055,1.893,-0.184,-0.337,1
P0247,V0247-1,-0.501,1.875,0.634,0.175,1.195,-1.961,1.917,-1.129,0
P0499,V0499-2,-2.381,-0.273,-0.907,-0.182,1.478,0.861,0.95,0.798,0
P0229,V0229-0,0.256,1.4,-2.157,-0.727,1.721,1.674,0.692,-0.737,0
P0358,V0358-3,0.657,-0.607,-2.015,-1.278,0.527,1.462,-0.598,-0.6,0
P0199,V0199-0,0.521,-1.768,-0.154,-0.372,-0.532,1.945,0.123,-0.106,1
P0241,V0241-3,-1.429,-1.528,-1.151,-0.697,0.038,0.606,0.757,0.168,0
P0462,V0462-3,0.779,0.077,-2.168,1.31,-0.579,-0.559,1.099,-2.155,1
P0209,V0209-0,1.642,1.316,1.55,0.247,0.583,-1.257,0.908,-0.276,1
P0477,V0477-0,-1.209,1.017,0.166,-1.265,0.949,0.601,-0.245,1.459,0
P0336,V0336-2,0.026,0.546,0.005,-0.334,-0.032,0.716,-1.276,0.896,0
P0350,V0350-1,-0.749,0.746,-1.101,-0.892,-0.692,0.307,0.45,0.01,0
P0364,V0364-2,-0.523,0.689,0.875,1.733,-0.929,0.313,-0.434,0.827,1
P0049,V0049-4,-1.488,1.871,1.988,1.655,0.031,0.757,-0.098,-0.704,0
P0410,V0410-6,-1.769,-0.105,-0.31,-0.633,-1.302,0.605,-0.604,0.472,0
P0058,V0058-4,0.432,-0.467,-1.112,0.225,-0.501,0.576,0.132,-1.677,0
P0452,V0452-1,0.386,-0.814,1.53,-0.067,0.556,-1.273,0.879,-1.073,0
P0005,V0005-4,-0.471,1.241,-0.656,-0.778,-0.326,-0.725,-1.019,-0.746,0
P0133,V0133-0,0.659,-0.142,-1.882,-2.522,0.023,0.419,0.441,-0.854,0
P0367,V0367-5,0.252,0.61,0.92,1.496,0.962,-0.994,-0.643,0.43,0
P0228,V0228-0,0.339,0.223,-0.234,0.119,-1.524,0.201,-0.16,0.937,0
P0105,V0105-0,-1.064,0.71,2.095,1.257,0.212,0.221,1.779,0.583,0
P0146,V0146-3,-0.975,-1.318,-0.436,0.283,1.954,0.307,0.084,0.864,1
P0075,V0075-2,1.068,-0.413,1.641,1.299,0.182,-1.978,-1.429,0.782,1
P0092,V0092-4,0.348,0.338,-0.055,1.14,-1.41,-1.887,0.925,-0.256,0
P0439,V0439-1,0.897,-1.92,1.413,1.776,-0.611,0.856,1.191,1.222,0
P0157,V0157-3,0.386,1.156,-0.388,-0.56,-0.267,0.247,0.822,-0.378,0
P0335,V0335-1,1.614,1.991,-1.401,-0.338,0.835,-0.621,0.12,-0.141,0
P0307,V0307-4,-0.191,2.481,2.106,-0.592,0.008,2.127,-0.83,-1.347,1
P0367,V0367-0,0.025,0.818,1.798,1.763,0.708,-0.348,-0.989,-0.263,0
P0299,V0299-7,0.073,-2.163,0.442,-0.874,-0.076,0.204,-0.982,-0.663,1
P0054,V0054-7,-1.049,0.367,1.054,0.249,-0.082,0.151,0.097,-1.493,1
P0391,V0391-6,-0.032,-0.758,1.038,1.305,1.789,0.749,-1.08,-0.649,1
P0488,V0488-0,-2.213,1.127,0.249,0.418,-0.505,0.644,-0.883,-0.649,0
P0124,V0124-0,-1.251,0.2,-0.064,-0.597,-0.221,-2.445,1.835,0.189,0
P0250,V0250-0,-1.419,-0.998,0.001,-1.232,2.722,1.781,0.452,0.342,0
P0217,V0217-2,-0.425,0.236,-0.067,-0.946,-0.434,1.128,-0.86,-0.058,1
P0196,V0196-1,0.24,0.069,0.464,1.396,0.81,1.007,-1.745,0.001,0
P0204,V0204-1,0.715,-0.108,-0.028,-0.174,0.598,0.089,0.141,0.17,1
P0474,V0474-1,-0.315,-1.714,0.334,-0.705,-0.694,-0.253,1.531,-0.717,1
P0092,V0092-3,0.613,0.101,-0.306,1.427,-1.719,-1.608,1.28,0.328,0
P0102,V0102-0,-1.606,1.552,0.969,-2.246,-1.169,-0.121,-0.259,-0.746,1
P0191,V0191-0,0.203,0.432,-1.831,-2.277,-0.406,0.126,-1.117,-0.343,0
P0161,V0161-0,0.882,-1.216,-1.027,0.763,0.757,-1.479,1.561,-0.784,1
P0284,V0284-1,0.179,0.974,0.045,0.248,0.444,0.113,-1.156,1.383,1
P0233,V0233-5,1.294,-0.678,1.028,-0.597,-0.358,0.377,-0.997,0.186,0
P0001,V0001-2,-0.728,-1.394,1.055,-0.687,1.484,-3.209,1.197,0.97,1
P0231,V0231-0,0.213,0.445,2.149,-0.695,-1.624,0.065,-1.977,-1.033,0
P0430,V0430-5,-0.415,0.909,-1.406,-0.997,0.452,-1.519,0.798,0.833,0
P0131,V0131-5,-0.485,0.046,1.914,0.11,-0.19,0.671,-0.536,0.276,1
P0433,V0433-3,0.318,-1.533,0.971,-0.753,0.73,-1.56,0.984,0.278,1
P0304,V0304-3,2.335,0.261,0.143,-0.048,0.466,0.821,0.541,0.869,1
P0369,V0369-3,-0.961,0.714,1.061,-0.206,-1.371,1.732,-3.074,0.575,0
P0099,V0099-2,0.266,-1.228,-1.161,-0.779,-2.168,0.152,2.47,-0.543,0
P0194,V0194-1,-1.374,-0.62,-0.249,0.954,-2.519,-0.086,1.028,-0.163,1
P0239,V0239-3,-0.418,-0.253,-0.242,1.038,0.136,0.587,0.574,-0.155,1
P0213,V0213-0,0.475,-0.705,-2.253,2.127,-0.133,0.551,-1.313,-1.462,1
P0334,V0334-2,1.542,-1.216,0.626,-1.856,-1.485,-2.121,-1.453,2.425,1
P0089,V0089-4,-2.064,0.342,0.833,-1.625,0.646,0.428,0.219,-0.174,0
P0030,V0030-1,-0.899,0.147,-0.989,-0.147,-0.044,-0.47,0.094,0.644,0
P0247,V0247-4,-0.01,2.076,-0.016,0.248,0.905,-1.452,2.148,-0.742,0
P0048,V0048-7,-1.057,0.256,-1.191,0.683,-0.253,-0.513,-1.385,-0.173,0
P0189,V0189-0,-0.563,-1.206,-0.298,-0.915,-0.316,0.902,0.242,0.616,0
P0293,V0293-5,0.371,-1.296,0.672,-1.124,1.534,1.512,-0.266,-0.259,1
P0490,V0490-1,2.177,-0.799,-0.898,0.663,-0.277,0.139,-0.352,-0.212,1
P0033,V0033-5,1.068,0.788,0.522,-0.417,0.495,2.106,0.22,-0.008,1
P0464,V0464-1,0.085,0.925,1.671,0.89,-0.142,-1.414,-0.014,1.293,0
P0202,V0202-1,-0.934,0.25,-0.695,-1.127,0.192,-0.2,0.327,0.362,1
P0298,V0298-1,0.755,0.103,-0.658,1.279,0.565,-0.037,0.588,-0.233,1
P0256,V0256-3,-2.049,0.956,-0.008,-0.984,0.001,0.599,0.575,-1.286,0
P0116,V0116-3,-0.507,-1.298,1.119,0.383,0.626,-0.477,1.91,1.644,1
P0173,V0173-0,0.361,1.114,-1.979,1.161,2.359,0.394,1.401,-0.773,0
P0114,V0114-3,-0.95,0.571,0.5,1.167,-0.577,0.263,1.678,-2.402,1
P0165,V0165-1,0.29,0.858,0.656,-0.506,-0.517,2.014,1.448,-0.103,1
P0334,V0334-1,1.425,-1.425,0.174,-1.465,-0.821,-2.117,-1.835,1.966,1
P0484,V0484-0,0.25,0.393,0.819,-0.953,-0.021,-2.501,-0.617,1.368,0
P0168,V0168-4,-2.239,0.617,0.409,-0.146,-0.025,-1.693,-0.726,-0.296,0
P0115,V0115-0,-1.975,-0.618,0.314,-0.925,0.511,0.626,-0.179,1.366,0
P0332,V0332-4,0.909,-0.679,0.279,1.872,0.542,-1.698,-0.71,-0.432,1
P0341,V0341-1,1.037,1.395,-1.15,-1.193,-0.595,1.843,0.097,1.205,1
P0185,V0185-0,1.953,-0.389,-0.037,0.175,-0.117,-0.483,-0.037,1.959,1
P0355,V0355-1,-0.604,-1.634,0.594,-0.925,-1.51,-0.876,-0.017,-0.765,1
P0200,V0200-1,-2.262,0.858,0.829,0.525,0.045,-0.804,-1.374,-0.796,0
P0066,V0066-3,0.047,1.671,-0.067,0.14,-0.209,-1.364,0.341,-1.456,0
P0265,V0265-5,0.397,-1.356,-1.569,1.68,0.575,1.325,0.201,-1.31,1
P0403,V0403-2,-0.531,-0.224,0.445,-0.759,-2.481,0.357,0.818,-1.055,0
P0189,V0189-1,-1.119,-1.526,0.297,-0.996,-0.462,1.047,0.025,-0.188,0
P0487,V0487-3,-0.725,-1.005,0.786,-0.134,-0.219,0.375,1.826,-0.582,0
P0332,V0332-7,0.944,-1.102,0.303,1.478,1.045,-1.194,-0.984,-0.379,1
P0108,V0108-2,-1.284,0.327,0.735,0.038,0.615,0.45,-1.294,2.584,0
P0263,V0263-0,1.754,0.234,-1.419,-1.052,2.474,-0.041,0.057,0.045,0
P0470,V0470-1,0.652,-0.93,-1.949,-0.941,-0.234,-1.531,1.485,0.832,0
P0246,V0246-0,-0.47,-0.04,0.638,0.416,1.037,0.482,1.009,1.135,0
P0221,V0221-4,-0.301,-1.172,2.884,-0.071,-1.205,1.272,0.196,-0.138,0
P0288,V0288-3,0.975,-0.523,-1.829,-0.59,0.942,-0.172,-0.193,0.669,1
P0098,V0098-0,0.904,-1.137,-0.463,0.495,-0.507,-0.046,-0.593,1.461,1
P0015,V0015-3,0.779,-0.014,0.3,0.058,1.343,1.093,-0.653,0.669,1
P0472,V0472-3,-0.014,-1.196,0.651,0.589,0.843,1.273,0.316,-0.544,1
P0052,V0052-5,-2.084,-0.695,1.754,0.563,0.24,2.323,0.938,0.473,0
P0296,V0296-1,-3.053,-2.315,0.893,0.27,-0.287,0.452,0.049,-0.381,0
P0187,V0187-0,0.551,1.105,-0.866,1.147,-0.49,1.277,0.144,-0.412,0
P0096,V0096-4,-0.855,0.528,0.82,-0.438,-1.929,1.58,-0.634,0.388,0
P0107,V0107-4,-1.311,0.675,0.393,0.572,0.326,1.429,-0.645,0.475,0
P0340,V0340-3,0.398,-2.468,1.355,0.185,1.116,-0.032,0.777,0.018,0
P0058,V0058-3,0.748,-0.353,-0.822,0.03,-0.898,0.84,0.406,-1.26,0
P0293,V0293-6,-0.277,-1.207,1.323,-2.151,1.398,2.112,-0.275,-0.255,1
P0336,V0336-6,0.193,0.771,-0.135,-0.539,0.114,0.936,-0.815,0.317,0
P0098,V0098-2,1.649,-0.369,0.016,0.759,-0.256,0.134,-0.228,-0.067,1
P0046,V0046-3,-0.48,0.975,-1.284,-0.042,0.268,0.862,-0.844,1.516,0
P0134,V0134-2,-0.448,0.608,0.262,2.485,0.638,-1.227,0.138,-0.616,0
P0316,V0316-5,0.111,-1.829,-1.453,-0.307,-0.215,-0.786,2.126,-0.094,1
P0244,V0244-5,0.351,0.734,-1.108,0.738,-1.033,0.79,-0.592,-0.598,1
P0055,V0055-3,-0.764,-0.648,0.232,-0.944,0.792,0.183,-0.295,-0.221,0
P0464,V0464-2,0.081,0.539,1.25,0.585,-0.667,-0.961,-0.08,1.965,0
P0103,V0103-6,-0.584,-0.358,1.126,-0.447,0.448,1.146,0.108,-1.416,0
P0157,V0157-0,0.336,1.777,-0.441,-0.646,-0.32,0.764,0.167,-0.44,0
P0214,V0214-4,-0.203,0.04,-1.024,-0.236,0.307,-0.038,0.617,0.867,1
P0392,V0392-0,0.463,-0.596,-1.324,-1.153,-0.828,-2.341,1.172,-0.555,1
P0111,V0111-4,0.125,-1.119,0.148,1.135,0.813,-2.222,-0.729,-0.049,1
P0414,V0414-0,-1.435,-0.355,-0.789,-0.832,0.989,0.606,-1.308,0.387,0
P0054,V0054-3,-1.092,0.521,1.291,0.354,0.455,0.3,-0.008,-1.078,1
P0049,V0049-3,-1.158,2.099,1.563,1.443,0.358,-0.079,0.052,0.107,0
P0392,V0392-5,0.663,-0.174,-1.262,-1.058,-0.549,-2.193,1.181,-0.495,1
P0240,V0240-3,-1.107,0.095,-2.096,-1.5,1.003,1.733,-2.243,-0.129,1
P0249,V0249-1,-0.152,0.683,-0.993,0.076,2.701,-1.27,0.142,0.848,1
P0356,V0356-1,0.521,-0.112,-1.539,-1.213,-0.931,-0.691,-1.537,0.657,1
P0338,V0338-0,0.148,-2.065,2.882,0.408,-0.009,-1.184,1.37,1.581,1
P0325,V0325-0,0.517,1.141,1.455,-0.364,0.366,-1.741,-0.535,-1.497,1
P0416,V0416-0,0.46,-1.159,-0.628,1.149,-0.143,-0.179,0.887,-1.765,1
P0005,V0005-5,-0.481,1.057,-0.761,-0.316,0.083,-0.705,-1.447,-1.29,0
P0407,V0407-3,0.654,-1.52,0.572,-0.23,-0.996,-0.411,1.246,1.078,1
P0137,V0137-0,0.53,-0.407,-0.962,-0.664,-0.097,0.494,-2.139,-0.406,1
P0206,V0206-4,-0.823,-0.582,1.786,1.055,-0.315,-0.284,-0.333,1.303,1
P0493,V0493-3,-0.423,-0.79,-0.373,1.106,0.772,1.704,-1.752,-0.834,0
P0146,V0146-0,-1.302,-1.359,0.24,0.145,1.007,0.109,-0.345,1.496,1
P0419,V0419-1,3.046,1.622,1.533,0.478,0.736,-0.084,-0.586,-2.901,1
P0342,V0342-1,-0.91,-0.067,0.219,-1.247,-0.803,-1.063,-2.008,-0.61,0
P0392,V0392-3,0.346,-1.015,-0.865,-0.86,-0.846,-1.855,1.635,-0.317,1
P0340,V0340-6,0.22,-1.821,1.542,-0.128,0.527,-0.578,0.556,0.034,0
P0375,V0375-0,1.738,-0.573,-0.268,1.379,0.522,1.546,0.137,0.097,1
P0070,V0070-0,0.613,1.936,1.192,0.135,-2.012,0.75,0.933,-0.421,0
P0072,V0072-1,-0.295,0.176,0.639,0.256,1.218,-1.483,-1.452,0.25,1
P0060,V0060-0,-0.782,1.62,0.502,-2.434,-0.699,1.648,0.918,-1.981,0
P0227,V0227-6,-0.768,-0.302,1.988,-0.964,0.092,0.2,-0.482,0.311,1
P0323,V0323-1,-0.732,0.259,-0.429,-0.883,1.349,0.787,-0.559,0.751,1
P0146,V0146-1,-0.593,-1.809,-0.055,0.252,1.172,0.376,-0.3,1.366,1
P0269,V0269-1,0.779,0.47,0.103,-1.335,0.553,0.2,-2.105,-2.093,1
P0483,V0483-0,-0.852,2.104,-0.984,0.222,-1.504,-0.073,0.456,0.968,0
P0016,V0016-3,-1.646,-0.221,0.979,1.082,-0.282,0.864,0.036,0.588,0
P0425,V0425-0,0.913,-0.176,0.119,-0.017,-0.631,0.694,1.001,-0.369,1
P0314,V0314-3,-2.253,-1.109,1.256,1.009,0.225,1.048,0.103,-0.454,0
P0427,V0427-0,1.615,-0.35,-0.059,0.37,0.874,1.235,0.765,1.831,0
P0026,V0026-1,-1.572,-0.527,-0.031,-0.155,0.621,-0.448,1.487,-0.228,1
P0192,V0192-7,-0.054,1.241,-0.197,-2.11,-0.071,0.449,-0.046,0.357,0
P0218,V0218-4,0.003,-0.35,-0.464,-1.462,0.544,0.26,0.231,0.135,1
P0366,V0366-2,0.195,0.809,-0.15,0.661,1.614,0.678,1.103,0.093,0
P0384,V0384-0,-0.559,0.359,-0.07,-0.599,-0.773,-0.331,-0.568,-0.898,1
P0331,V0331-1,-2.056,1.735,-1.125,-2.03,1.04,1.272,-0.794,0.364,0
P0105,V0105-4,-0.725,1.274,1.881,1.059,0.51,0.443,1.43,-0.022,0
P0308,V0308-1,-0.9,-0.283,0.015,-0.284,-1.626,-1.815,-0.738,0.538,1
P0134,V0134-0,-0.399,0.909,0.305,2.894,0.114,-1.192,0.529,-0.388,0
P0015,V0015-0,0.917,0.563,0.03,0.18,1.332,0.997,-0.254,0.966,1
P0317,V0317-3,-0.526,-0.352,-0.0,0.128,-0.212,-1.058,0.548,-0.43,0
P0077,V0077-0,0.434,-1.795,1.062,-0.108,-0.042,0.867,0.443,-1.271,1
P0278,V0278-0,0.34,-1.001,1.333,-0.529,0.44,-1.027,0.109,-1.474,1
P0051,V0051-1,-0.547,-2.179,1.801,2.189,0.951,0.072,1.186,-1.358,1
P0227,V0227-7,-0.898,0.475,1.473,-0.397,0.412,0.417,-0.463,0.265,1
P0145,V0145-0,1.332,0.071,-0.705,-2.061,-0.043,-1.533,-2.093,0.442,1
P0047,V0047-4,1.023,0.341,1.27,0.877,1.052,-0.775,1.174,-1.584,1
P0383,V0383-5,1.848,-0.091,1.494,0.038,-0.177,0.206,-1.999,0.366,0
P0289,V0289-4,1.604,0.438,0.233,-1.618,-0.342,-0.804,0.444,0.843,1
P0434,V0434-7,-1.69,0.249,0.088,2.628,-0.264,-0.591,-0.347,1.392,0
P0248,V0248-2,0.656,1.545,-0.166,-1.03,1.205,0.554,0.761,-0.915,0
P0190,V0190-4,0.802,-0.357,0.442,-1.571,-0.741,1.276,0.71,0.511,1
P0074,V0074-5,-0.287,0.656,-0.208,0.44,-0.412,-1.035,0.362,-1.252,0
P0269,V0269-6,0.677,-0.157,0.282,-1.77,1.263,-0.049,-1.51,-1.612,1
P0370,V0370-3,0.704,-0.889,1.246,0.402,-0.021,-1.501,0.782,-0.068,1
P0269,V0269-2,0.633,0.086,-0.009,-0.948,0.345,-0.446,-1.274,-1.777,1
P0150,V0150-4,-0.11,-0.485,-0.792,-1.266,-0.233,0.33,0.806,2.19,0
P0490,V0490-4,2.107,-1.435,-0.717,0.795,0.084,-0.116,-1.159,-0.235,1
P0441,V0441-0,0.448,-0.656,0.763,1.055,-0.57,0.021,0.709,-0.286,0
P0244,V0244-0,-0.137,0.468,-1.159,0.74,-0.768,0.979,-0.627,-0.084,1
P0100,V0100-1,0.98,-0.253,-0.09,-0.947,0.32,-0.379,0.32,-0.733,1
P0020,V0020-2,1.162,-0.395,0.765,-0.101,1.202,-0.297,0.057,2.574,1
P0251,V0251-2,-0.668,-1.295,-0.704,-0.968,-2.3,0.138,-0.739,-0.34,1
P0016,V0016-1,-1.238,-0.12,1.156,0.552,-0.125,0.308,-0.16,0.677,0
P0039,V0039-0,-0.07,0.849,-0.969,-0.279,0.299,-0.725,-0.743,-1.129,0
P0003,V0003-0,-0.295,0.895,1.274,-0.605,-1.72,-0.209,0.88,-0.866,0
P0096,V0096-3,-1.236,0.385,1.584,-0.618,-1.504,1.574,-0.639,0.486,0
P0221,V0221-6,-0.746,-1.253,2.552,0.508,-1.046,1.537,0.746,-0.418,0
P0022,V0022-1,-0.847,-1.196,-0.144,-0.554,0.423,-0.278,-0.473,-0.735,1
P0287,V0287-2,-0.94,1.257,0.506,1.454,-0.266,0.238,1.062,1.92,0
P0329,V0329-1,-0.323,1.439,0.655,1.643,0.518,1.385,1.477,-1.822,0
P0324,V0324-7,0.296,-0.097,-1.837,0.063,-0.725,-0.558,-2.05,2.263,0
P0101,V0101-5,-0.117,0.562,-0.341,0.496,-0.533,-1.027,-0.338,0.207,0
P0426,V0426-3,-1.461,-0.647,0.328,1.448,-0.499,-1.934,-0.346,-1.717,1
P0140,V0140-2,0.166,1.872,-0.942,-0.015,-0.255,0.038,0.272,1.846,0
P0449,V0449-2,1.132,-0.205,-0.402,1.84,0.567,0.644,-0.44,0.622,1
P0481,V0481-3,0.064,-0.301,-0.504,-0.67,-0.332,2.185,0.311,0.677,1
P0131,V0131-2,-0.863,-0.195,2.179,0.033,-0.392,0.595,-0.557,-0.096,1
P0222,V0222-1,2.255,-0.501,2.623,0.087,-0.201,1.101,-1.217,-0.505,0
P0127,V0127-1,-1.176,-0.097,-1.288,0.138,-0.044,0.962,-0.492,-1.921,0
P0160,V0160-1,0.401,0.153,0.061,1.67,0.103,1.694,-0.645,0.323,1
P0281,V0281-0,0.945,-0.663,-2.119,-0.11,-1.819,-0.144,1.474,1.12,0
P0224,V0224-3,0.912,0.545,2.609,-0.305,-0.875,-0.499,0.8,0.969,1
P0203,V0203-2,-1.546,-0.133,-1.437,-0.411,1.758,-1.667,-0.982,2.157,1
P0120,V0120-1,-1.087,0.399,0.412,0.104,-0.437,-0.109,1.038,1.028,0
P0245,V0245-0,0.171,-0.091,1.237,0.235,0.213,0.376,1.361,-0.87,1
P0214,V0214-0,-0.313,-0.032,-0.996,-0.233,0.249,0.177,0.439,0.959,1
P0169,V0169-0,0.151,1.402,1.32,1.091,-0.383,0.061,-0.521,-1.893,1
P0233,V0233-2,0.899,-0.163,1.353,-0.591,-0.145,0.648,-1.841,-0.226,0
P0288,V0288-5,1.24,-0.037,-1.48,-1.926,0.879,-0.341,0.022,0.505,1
P0454,V0454-3,-0.438,0.485,0.268,-1.512,0.411,-1.427,-1.445,-0.683,1
P0404,V0404-2,-0.266,0.461,1.274,-0.242,0.514,0.054,-1.052,-0.335,1
P0060,V0060-1,-0.533,1.292,0.69,-2.489,-0.93,2.121,0.598,-1.654,0
P0036,V0036-5,0.871,-0.455,-0.155,0.176,0.665,-1.898,2.219,1.867,0
P0299,V0299-2,0.249,-2.405,-0.194,-0.959,-0.131,-0.125,-1.121,-0.361,1
P0380,V0380-5,2.266,1.005,-1.565,0.382,3.336,0.545,-0.831,-0.088,1
P0180,V0180-4,-0.462,-1.214,0.529,2.013,-0.33,0.128,1.013,2.123,0
P0247,V0247-0,-0.124,1.723,0.783,0.209,1.008,-1.083,2.148,-1.15,0
P0413,V0413-1,-1.581,-0.956,-0.556,0.175,-0.803,-0.137,0.053,-0.536,0
P0404,V0404-0,-0.305,0.326,1.559,-1.025,-0.401,0.615,-0.378,-0.772,1
P0344,V0344-2,0.674,1.916,0.351,-0.558,-0.233,-1.935,0.23,-0.566,0
P0303,V0303-4,-1.981,-0.781,1.417,0.862,2.633,1.133,0.612,0.429,1
P0368,V0368-3,-1.107,-0.744,-2.278,0.404,-0.187,-1.4,0.22,-2.304,0
P0113,V0113-4,0.128,-0.488,0.923,-0.564,-0.948,1.948,0.698,0.397,1
P0057,V0057-3,-2.138,-0.41,-0.847,0.131,0.417,-0.544,-0.745,-0.969,0
P0320,V0320-5,0.729,0.601,-0.353,0.237,-0.886,-0.894,1.125,1.307,1
P0166,V0166-0,0.692,-0.697,-0.173,0.161,1.324,0.92,0.554,-0.822,1
P0336,V0336-5,0.277,0.011,0.671,-0.591,0.588,0.567,-0.974,0.825,0
P0207,V0207-4,0.22,1.745,-0.321,0.566,-0.392,1.904,-0.247,-2.277,0
P0114,V0114-5,-1.419,0.642,0.297,1.804,-0.195,1.211,1.776,-2.225,1
P0483,V0483-4,-1.156,2.165,-1.384,0.41,-1.339,-0.31,0.316,1.314,0
P0461,V0461-1,-0.07,0.946,-1.129,-2.085,0.372,0.713,-0.058,0.448,1
P0383,V0383-2,2.477,-0.393,0.895,-0.491,-0.184,-0.156,-1.827,0.303,0
P0322,V0322-3,-0.558,0.205,-0.171,-1.826,-0.648,-0.89,-2.363,-0.799,1
P0026,V0026-4,-1.301,-0.661,-0.252,0.094,0.95,-0.606,1.597,-0.583,1
P0251,V0251-6,-0.14,-1.654,-0.316,-0.797,-2.793,-0.146,-0.566,-0.728,1
P0376,V0376-1,0.397,1.277,-0.827,-0.631,0.426,-0.673,-2.03,-0.72,0
P0050,V0050-4,-0.275,1.511,-0.559,1.987,1.397,1.206,0.211,1.984,0
P0340,V0340-2,-0.414,-2.618,1.311,0.369,0.548,-0.129,0.754,0.076,0
P0498,V0498-0,-0.541,1.324,-0.06,0.35,0.836,0.741,0.981,0.242,0
P0378,V0378-2,-0.019,-1.575,-0.196,0.374,0.229,1.633,0.141,-0.454,1
P0187,V0187-4,0.366,1.038,-0.748,0.349,-0.011,1.334,0.54,-0.492,0
P0255,V0255-2,3.611,0.97,0.235,1.01,-0.043,0.583,-0.607,0.226,0
P0217,V0217-0,-1.046,0.642,-0.005,-0.32,-1.122,0.651,-0.383,-0.378,1
P0267,V0267-5,1.086,1.309,-0.322,-0.243,1.039,0.713,0.242,-0.0,1
P0208,V0208-4,0.232,-0.961,0.684,-0.863,-0.944,-0.158,-0.564,2.829,1
P0176,V0176-3,-0.656,-0.52,0.847,-1.564,-0.291,-0.413,0.194,-0.537,0
P0481,V0481-4,-0.032,-0.861,-0.096,-1.038,-0.164,1.906,0.268,0.345,1
P0057,V0057-4,-1.534,-0.112,-0.828,0.22,1.034,-0.405,-0.048,-0.256,0
P0382,V0382-7,-0.715,-0.3,0.748,-1.79,-0.285,-1.3,0.038,-0.832,0
P0341,V0341-6,0.983,0.782,-1.377,-1.053,-0.197,0.911,0.266,1.856,1
P0240,V0240-4,-1.574,0.474,-2.375,-0.112,1.562,1.305,-1.887,0.197,1
P0110,V0110-1,1.124,-0.521,0.608,-0.644,-1.54,-1.433,2.01,1.088,0
P0403,V0403-0,-0.414,-0.312,0.761,-0.53,-1.955,0.302,0.619,-1.225,0
P0275,V0275-4,-0.391,-0.846,-0.552,-0.484,-0.881,-2.804,-0.272,2.118,0
P0392,V0392-2,0.633,-0.417,-0.512,-0.809,0.486,-1.914,0.703,-0.016,1
P0219,V0219-2,0.18,-0.109,0.267,2.046,1.206,-1.088,-0.094,-1.477,1
P0259,V0259-3,1.876,-1.316,-1.282,0.251,-0.353,0.631,0.345,0.187,1
P0251,V0251-5,-0.399,-1.415,-0.543,-1.205,-2.521,-0.648,-0.792,-0.609,1
P0413,V0413-6,-1.9,-1.299,-1.075,-0.025,-0.306,-0.439,0.439,-0.627,0
P0025,V0025-7,-1.17,0.424,-2.18,-0.195,-1.725,-0.695,-0.095,-1.046,0
P0124,V0124-2,-1.511,-0.136,-0.189,-1.189,-0.404,-1.846,0.829,0.271,0
P0483,V0483-3,-0.876,2.192,-1.17,0.534,-1.212,-0.292,0.264,0.405,0
P0006,V0006-1,0.464,-0.458,1.527,-0.764,2.016,-0.42,0.922,-0.827,1
P0354,V0354-4,1.624,-1.4,-0.677,-0.261,-0.414,1.122,0.893,0.632,1
P0372,V0372-0,-0.769,-0.823,-1.904,-0.62,0.322,-0.932,0.644,0.199,0
P0205,V0205-4,-1.83,-0.441,-0.899,1.79,0.106,-0.553,0.949,-1.168,0
P0074,V0074-0,0.238,0.919,0.328,0.145,-0.467,-1.095,0.216,-1.691,0
P0331,V0331-2,-2.137,1.867,-1.039,-2.626,1.515,0.662,-0.938,0.148,0
P0194,V0194-2,-1.402,-1.344,-0.178,0.696,-2.654,0.028,1.423,-0.471,1
P0383,V0383-0,1.721,-0.193,1.663,-0.528,-0.102,-0.105,-1.577,0.539,0
P0407,V0407-0,0.979,-1.338,0.385,-0.472,0.071,-1.311,1.44,0.954,1
P0495,V0495-4,0.671,0.97,0.387,-1.903,0.147,-0.333,-0.435,-2.097,0
P0046,V0046-4,-0.68,0.353,-1.567,0.111,0.297,0.77,-0.062,1.943,0
P0493,V0493-0,-0.837,-0.603,0.036,1.698,0.673,1.332,-2.489,-0.91,0
P0199,V0199-1,0.983,-1.098,-0.164,-0.224,-0.756,1.695,-0.394,1.04,1
P0205,V0205-3,-1.514,-0.221,-1.797,1.158,-0.325,0.001,0.791,-1.344,0
P0438,V0438-0,0.031,0.185,-0.048,-0.964,-1.953,-0.137,-1.043,-0.167,0
P0103,V0103-0,-0.614,-0.515,1.276,0.114,-0.389,0.57,0.372,-1.435,0
P0229,V0229-1,0.354,1.162,-1.893,-0.929,1.422,2.0,0.86,-0.605,0
P0391,V0391-0,-0.025,-0.479,0.709,1.091,1.307,0.81,-1.334,-0.488,1
P0495,V0495-1,-0.257,1.119,0.901,-1.234,0.336,-0.814,-0.07,-2.048,0
P0299,V0299-3,0.181,-2.592,0.41,-1.709,-0.425,-0.102,-0.821,-0.828,1
P0126,V0126-1,-0.25,-2.63,-1.918,-1.847,0.656,0.596,0.529,-0.236,1
P0011,V0011-5,0.056,-2.471,1.104,-0.116,-0.12,0.956,0.718,0.531,1
P0443,V0443-2,0.403,0.035,-0.268,1.0,-0.427,1.042,-0.812,0.482,1
P0447,V0447-1,0.213,0.43,0.217,1.3,1.292,-1.226,0.13,-1.198,1
P0365,V0365-1,-2.776,0.341,0.783,-1.13,-0.947,0.102,-0.18,-0.817,1
P0045,V0045-5,0.576,0.59,-0.205,-0.967,0.567,1.336,-0.09,1.962,0
P0382,V0382-4,-0.889,-0.393,0.918,-1.153,-0.563,-0.803,0.465,-0.323,0
P0466,V0466-2,-1.326,-0.909,-1.201,1.129,1.681,1.268,0.814,-1.525,0
P0106,V0106-4,-0.182,-2.127,0.375,-0.991,1.082,0.328,-0.439,1.045,1
P0017,V0017-4,-0.355,2.217,-1.673,0.093,-0.091,-0.39,0.621,1.268,0
P0105,V0105-2,-0.651,1.278,0.981,1.101,1.282,-0.039,1.01,0.193,0
P0268,V0268-1,-0.686,-0.885,-1.395,0.149,-0.643,2.75,-0.62,0.167,1
P0346,V0346-0,0.345,-0.958,-0.71,-2.314,-0.495,-1.962,0.966,0.48,1
P0255,V0255-3,3.254,1.397,0.262,1.229,0.499,0.914,-0.495,0.213,0
P0358,V0358-0,-0.198,-0.089,-1.907,-1.711,-0.302,0.777,-0.32,-0.789,0
P0479,V0479-4,-0.636,-0.739,-1.789,0.355,-0.644,0.151,-0.072,1.337,0
P0013,V0013-7,2.014,0.16,-0.277,1.711,0.962,0.485,0.771,0.238,0
P0469,V0469-1,0.93,-0.207,2.11,0.668,0.257,-0.846,-0.149,1.012,1
P0154,V0154-0,-0.159,-0.093,1.115,0.339,-0.343,-1.738,-1.514,0.683,1
P0006,V0006-3,0.158,-0.803,2.392,-0.682,1.9,-0.0,1.034,-1.309,1
P0264,V0264-1,1.479,-0.028,0.369,-2.464,-0.92,0.65,-2.165,0.224,1
P0022,V0022-4,-1.073,-0.977,-0.229,-0.446,1.219,0.151,-0.679,-0.241,1
P0198,V0198-2,0.004,-0.8,-1.393,-2.399,-0.272,-3.948,0.499,-0.3,1
P0332,V0332-0,0.471,-0.509,-0.34,2.025,0.189,-1.705,-0.716,-0.917,1
P0026,V0026-2,-0.825,-0.722,-0.026,-0.303,0.992,-0.468,1.994,-0.265,1
P0321,V0321-0,1.028,-1.412,0.173,1.207,-0.885,1.757,0.155,-0.41,1
P0378,V0378-1,-0.905,-1.541,-0.439,0.213,-0.763,1.33,-0.195,-0.294,1
P0052,V0052-2,-1.692,-0.374,1.826,0.828,0.44,2.281,1.27,0.2,0
P0473,V0473-5,-0.847,0.034,-0.096,0.725,0.408,1.171,-0.777,0.723,1
P0045,V0045-1,0.678,0.746,-0.25,-0.641,-0.03,1.379,-0.265,1.872,0
P0445,V0445-2,-0.338,0.329,-2.033,0.543,-1.031,0.025,1.83,0.17,0
P0413,V0413-4,-1.976,-0.817,0.002,-0.051,-0.991,-0.121,0.221,-1.677,0
P0453,V0453-4,-1.799,-2.498,1.013,-1.402,-1.127,-0.098,0.464,-1.498,0
P0458,V0458-1,-1.495,-0.865,0.7,0.792,-1.603,0.517,-0.535,0.602,0
P0257,V0257-2,2.309,1.396,-1.146,-0.504,-0.048,-0.908,0.848,0.074,0
P0360,V0360-1,0.716,0.259,0.227,0.712,0.219,0.872,0.044,-0.182,1
P0424,V0424-0,2.106,0.19,0.541,1.379,-0.714,0.797,0.302,-1.878,1
P0378,V0378-5,-0.344,-1.905,-0.242,0.02,-0.103,1.938,-0.297,-0.213,1
P0272,V0272-3,0.753,-0.726,1.567,-0.937,0.238,-1.779,1.228,-0.46,0
P0226,V0226-5,-0.776,1.065,1.693,2.156,-1.109,0.685,-1.612,-0.602,0
P0028,V0028-3,-0.796,-0.155,-1.377,-1.054,-2.201,-1.638,0.335,1.072,0
P0085,V0085-3,0.78,-0.561,1.04,-0.874,-0.046,0.092,0.689,-0.994,0
P0117,V0117-3,-0.433,-1.28,1.833,0.065,0.586,-0.317,-0.582,-0.151,1
P0069,V0069-2,0.137,1.294,1.631,-0.909,-1.287,-0.43,-0.898,-0.609,0
P0282,V0282-0,0.014,-0.706,-0.072,1.196,0.095,-1.661,1.007,0.844,0
P0123,V0123-3,-0.562,-1.095,-1.429,1.079,1.286,3.042,-0.239,-1.343,1
P0007,V0007-5,-0.013,-0.1,0.188,1.717,-0.7,-0.036,-1.673,-1.599,1
P0428,V0428-0,-0.938,0.223,-1.466,-0.355,0.487,0.096,-1.023,-0.057,1
P0249,V0249-2,0.253,-0.407,-0.374,0.141,1.541,-1.144,-0.408,0.983,1
P0010,V0010-5,-0.832,0.06,0.667,-0.892,0.318,-0.082,0.016,0.975,1
P0131,V0131-1,-0.541,0.11,2.249,0.295,-0.033,0.482,-0.74,0.566,1
P0008,V0008-0,-0.06,-0.874,-0.768,0.191,-0.774,-0.746,-0.673,-0.287,1
P0410,V0410-3,-1.382,-0.09,0.276,-0.106,-1.353,-0.184,-0.736,-0.067,0
P0103,V0103-5,-0.896,-0.858,1.505,-0.455,0.67,0.828,0.294,-1.34,0
P0236,V0236-2,0.565,-1.285,1.072,1.721,-0.959,-1.226,0.667,0.587,1
P0492,V0492-0,0.237,-0.127,-1.275,-0.309,-1.42,1.116,0.509,1.095,0
P0106,V0106-0,-0.401,-2.102,0.516,-1.038,1.434,-0.099,0.095,1.293,1
P0060,V0060-2,-1.31,1.074,0.896,-2.275,-0.594,2.056,0.929,-1.224,0
P0137,V0137-2,0.284,-0.491,-1.572,-0.392,-0.975,0.59,-2.143,-0.469,1
P0257,V0257-1,2.102,1.315,-0.882,-0.32,-0.13,-0.003,1.316,0.23,0
P0418,V0418-4,-1.534,0.183,-1.025,2.172,-0.429,-0.59,0.605,0.384,0
P0128,V0128-4,1.557,1.048,-0.235,-0.056,1.888,0.782,0.346,-1.102,1
P0469,V0469-3,0.604,-0.268,2.189,1.125,0.72,-0.114,0.116,0.619,1
P0442,V0442-4,0.761,-0.15,0.538,-0.114,-1.485,1.1,-0.744,-0.431,0
P0146,V0146-2,-1.788,-1.983,-0.354,0.271,1.034,0.176,-0.106,1.513,1
P0327,V0327-0,0.773,2.384,0.41,-0.36,-0.746,-1.588,-0.389,1.641,1
P0108,V0108-5,-1.365,0.535,0.722,-0.182,-0.076,0.71,-1.545,1.678,0
P0368,V0368-6,-0.429,-0.706,-2.141,0.54,-0.57,-0.669,0.405,-2.007,0
P0369,V0369-2,-0.39,0.951,0.407,0.163,-1.347,0.948,-2.347,1.117,0
P0381,V0381-0,1.012,0.082,0.496,-0.26,-0.167,-0.506,0.092,1.369,0
P0265,V0265-3,0.222,-0.724,-1.68,2.065,0.835,0.877,-0.464,-1.882,1
P0432,V0432-0,-1.558,-0.732,-1.264,0.197,0.884,0.222,0.686,-0.828,1
P0043,V0043-2,-0.57,1.313,0.351,0.426,-0.615,-0.315,1.059,-0.562,0
P0096,V0096-2,-1.309,0.428,1.588,-0.36,-1.576,1.203,-0.983,0.127,0
P0392,V0392-1,0.907,-0.399,-1.321,-0.667,-0.644,-2.371,0.306,-0.434,1
P0448,V0448-0,-0.669,0.159,-0.221,-0.736,-1.1,0.932,-0.301,-1.27,1
P0176,V0176-0,-0.151,-0.391,1.029,-1.788,-0.525,-0.78,0.043,-0.147,0
P0065,V0065-1,-0.624,2.499,-0.62,-1.873,0.217,-0.145,1.408,-0.085,0
P0111,V0111-2,0.463,-0.751,0.469,1.402,0.538,-1.95,-0.295,-0.253,1
P0312,V0312-4,0.292,-0.66,0.012,-0.694,-1.907,-0.481,-1.14,0.486,1
P0458,V0458-5,-0.843,-0.827,0.77,1.165,-1.195,-0.083,-0.485,0.152,0
P0361,V0361-1,-0.011,-0.864,-0.752,0.262,1.621,0.24,-0.248,-0.311,1
P0490,V0490-7,2.428,-1.141,-0.985,0.34,0.124,0.316,-0.459,-0.34,1
P0013,V0013-1,1.168,-0.537,-0.599,1.968,1.355,0.251,0.577,0.045,0
P0138,V0138-4,0.735,-0.18,0.828,1.716,0.968,0.418,0.015,-0.784,0
P0001,V0001-0,-0.932,-0.599,0.635,-0.929,0.997,-2.602,0.771,1.208,1
P0106,V0106-5,-0.13,-2.128,0.202,-0.48,1.136,-0.401,-0.37,1.085,1
P0386,V0386-0,-0.216,-2.263,0.562,0.548,0.009,-0.245,1.914,-0.637,0
P0415,V0415-1,1.647,-1.542,-0.401,0.425,0.685,-1.98,0.27,-1.041,1
P0379,V0379-2,0.769,-1.531,-0.485,-1.669,-1.08,0.691,0.719,0.39,0
P0267,V0267-0,0.858,1.88,-0.816,-0.615,1.303,0.928,0.275,0.331,1
P0026,V0026-0,-1.012,-0.032,-0.159,-0.205,1.001,-0.69,1.815,-0.817,1
P0454,V0454-2,-0.138,0.81,-0.654,-1.466,0.8,-1.465,-2.128,-0.652,1
P0223,V0223-2,-1.246,-1.652,-0.107,-1.036,-0.153,0.351,-0.815,0.477,1
P0001,V0001-1,-0.565,-0.865,1.017,-1.127,1.345,-3.084,0.801,0.058,1
P0011,V0011-2,-0.599,-2.299,0.797,0.054,0.223,0.522,1.334,0.148,1
P0203,V0203-0,-0.779,-0.648,-1.917,-0.309,2.134,-1.184,-0.842,1.703,1
P0235,V0235-2,0.769,1.294,-1.419,0.017,-0.286,-0.13,0.222,-0.5,1
P0496,V0496-2,-1.896,-0.507,-0.559,-0.808,0.349,1.022,-0.118,1.181,1
P0116,V0116-4,-0.314,-1.452,1.059,1.323,0.011,-0.188,1.737,1.361,1
P0167,V0167-0,-0.481,0.023,0.656,0.081,0.536,1.482,1.668,-1.602,1
P0488,V0488-3,-2.073,1.573,-0.546,0.997,-0.542,0.291,-1.005,-0.686,0
P0319,V0319-1,0.934,-2.342,-1.687,-1.396,0.888,0.112,-0.509,-1.158,1
P0345,V0345-3,1.397,1.969,-0.503,1.954,1.056,0.307,-0.4,-0.118,1
P0376,V0376-2,0.21,0.508,-0.658,-0.555,-0.102,-1.215,-2.368,-0.303,0
P0238,V0238-5,-1.031,0.083,-2.532,0.197,-0.081,-0.94,0.847,1.246,0
P0174,V0174-0,0.669,-1.155,0.398,-1.205,-0.195,-0.913,0.068,-0.219,0
P0336,V0336-3,0.285,0.326,-0.019,-0.009,0.254,0.156,-1.007,0.479,0
P0404,V0404-6,0.08,0.101,1.111,-0.389,-0.352,0.231,-1.225,-0.63,1
P0390,V0390-0,1.023,0.436,0.398,2.06,-0.69,-0.693,-1.189,0.209,1
P0495,V0495-3,0.269,1.05,0.321,-1.109,0.048,-0.439,-0.372,-2.205,0
P0271,V0271-7,0.02,0.499,0.091,-1.117,1.437,0.184,1.571,-0.992,1
P0054,V0054-2,-0.662,0.209,0.527,0.27,0.369,0.518,-0.567,-1.59,1
P0239,V0239-4,-0.597,-0.277,-0.025,1.046,0.29,0.379,0.618,-0.516,1
P0304,V0304-1,2.265,0.031,0.423,-0.552,0.43,0.324,-0.124,0.935,1
P0036,V0036-3,0.853,-0.111,-0.507,0.165,0.382,-1.811,2.72,1.782,0
P0292,V0292-1,-0.618,0.697,-1.529,0.298,-1.42,1.138,0.112,0.009,0
P0387,V0387-2,0.304,0.83,-0.685,-0.002,-1.726,1.131,-1.195,0.119,1
P0407,V0407-4,0.969,-0.761,0.716,-0.081,-0.54,-0.909,1.673,0.883,1
P0037,V0037-7,0.838,-0.497,0.561,-1.108,0.348,0.894,0.784,0.54,1
P0141,V0141-0,-1.82,0.443,-0.666,0.381,2.469,0.654,1.006,0.031,0
P0418,V0418-1,-1.47,0.6,-0.728,2.216,-1.463,-0.689,1.202,1.334,0
P0449,V0449-0,0.305,-0.022,0.043,1.712,-0.314,0.582,-0.095,-0.29,1
P0385,V0385-0,-1.706,0.493,-1.432,-0.631,1.383,0.111,-2.15,-1.812,0
P0003,V0003-4,0.122,0.36,2.447,-0.955,-2.072,0.196,1.872,-0.588,0
P0426,V0426-2,-1.058,-1.524,0.335,0.64,-0.097,-2.042,-0.05,-1.798,1
P0390,V0390-3,1.552,0.621,-0.136,1.533,-1.223,-0.876,-0.177,0.562,1
P0422,V0422-2,-0.609,-0.015,1.81,1.887,0.592,-0.508,0.582,0.337,1
P0010,V0010-4,-0.925,-0.012,-0.032,-1.081,-0.164,0.573,-0.144,0.799,1
P0037,V0037-0,0.992,-0.201,0.338,-1.273,0.214,0.492,0.992,0.265,1
P0102,V0102-2,-1.315,1.786,0.854,-1.92,-0.594,-0.293,0.319,-0.693,1
P0324,V0324-4,0.811,-0.004,-1.221,0.066,-1.615,-0.461,-2.08,2.083,0
P0474,V0474-3,-0.48,-1.519,0.113,-0.438,-0.387,-0.602,1.048,-1.155,1
P0012,V0012-1,-0.669,1.289,-0.593,0.748,0.619,-0.205,-0.026,-0.919,0
P0301,V0301-4,-1.017,1.606,-1.483,1.614,0.765,-1.138,-0.34,-0.216,0
P0295,V0295-1,-0.816,-0.933,-2.011,-0.662,-1.507,-1.478,0.203,-0.701,1
P0423,V0423-4,0.393,2.247,0.194,1.31,-0.631,-0.603,-0.972,-0.917,0
P0314,V0314-1,-2.455,-1.194,0.764,0.464,0.153,0.948,0.401,-0.377,0
P0475,V0475-2,0.619,-1.3,0.833,-0.29,-2.096,-0.495,-0.56,0.009,1
P0383,V0383-3,1.683,0.083,1.256,-0.732,-0.053,0.266,-1.732,0.11,0
P0259,V0259-5,1.344,-1.075,-0.076,0.166,-0.531,0.575,0.163,-0.157,1
P0021,V0021-3,-0.93,0.362,1.157,-0.428,0.047,1.618,-0.256,-1.116,1
P0278,V0278-2,0.305,-1.205,1.897,-0.538,0.979,-0.991,0.143,-0.944,1
P0151,V0151-3,-0.085,1.15,0.272,-1.86,0.829,0.992,0.477,-0.831,0
P0204,V0204-3,1.612,-0.362,-0.386,0.165,-0.153,0.274,-0.202,0.567,1
P0019,V0019-0,1.414,1.817,1.24,1.497,-1.98,-0.579,1.899,0.479,1
P0015,V0015-5,1.002,0.295,0.529,0.119,1.941,1.122,-0.336,0.273,1
P0322,V0322-4,-0.366,0.378,-0.801,-0.213,-1.448,-0.053,-2.273,-1.285,1
P0402,V0402-0,-0.326,0.078,0.404,-0.95,-1.152,-2.159,1.024,0.83,0
P0227,V0227-4,-0.201,-0.334,1.765,-0.766,0.019,1.05,-0.243,0.224,1
P0479,V0479-1,0.052,-0.037,-2.095,0.41,-0.861,-0.245,0.23,1.651,0
P0275,V0275-1,-0.231,-0.53,-0.909,-0.852,-0.379,-2.138,-0.297,1.345,0
P0062,V0062-4,0.465,0.005,0.55,0.573,-0.883,-1.387,1.097,0.539,1
P0429,V0429-2,-0.207,-1.102,0.647,-1.147,0.052,1.664,-1.371,-0.139,1
P0492,V0492-1,0.944,0.17,-0.527,-0.582,-1.461,2.04,0.013,1.425,0
P0395,V0395-1,-0.588,1.395,-1.167,1.566,-1.03,0.098,-0.191,0.128,1
P0236,V0236-3,0.387,-1.464,1.424,1.058,-0.286,-1.723,0.199,0.435,1
P0399,V0399-0,-0.464,0.965,1.931,0.155,-0.747,-0.629,1.538,0.124,0
P0438,V0438-1,0.394,0.183,0.596,-0.424,-1.46,-0.613,-1.387,0.135,0
P0433,V0433-1,0.969,-0.869,1.576,-0.886,0.766,-1.606,0.453,0.116,1
P0215,V0215-0,0.804,0.742,-0.117,1.145,-0.362,-0.033,-1.437,1.561,1
P0207,V0207-3,-0.255,1.931,-0.053,0.217,-0.525,1.256,0.352,-1.393,0
P0138,V0138-1,0.264,-0.476,1.058,1.158,0.508,0.376,0.504,-1.023,0
P0022,V0022-5,-0.906,-0.669,-0.314,-0.439,0.831,-0.24,-0.731,-0.346,1
P0237,V0237-2,1.987,-0.753,-1.157,0.328,1.651,-0.23,-0.447,0.331,1
P0042,V0042-2,1.127,1.101,-1.904,0.239,1.383,-0.453,0.842,1.557,1
P0429,V0429-0,0.247,-1.204,1.175,-0.768,-0.085,2.1,-0.88,-0.024,1
P0352,V0352-3,0.275,-0.239,-1.659,-0.191,0.896,-1.844,1.159,0.339,1
P0097,V0097-4,-1.369,0.129,1.047,0.723,0.116,-0.637,-0.499,-0.777,1
P0274,V0274-1,-0.984,-0.001,-0.555,-0.095,0.649,-0.054,1.45,-0.349,1
P0258,V0258-0,-1.452,-1.676,-0.294,-0.118,-0.892,-0.27,-0.723,-1.099,0
P0446,V0446-1,-2.252,-0.797,-0.544,-0.51,0.082,-0.737,0.613,0.091,0
P0223,V0223-6,-0.789,-1.965,-0.596,-1.647,-0.266,0.138,-0.024,0.657,1
P0146,V0146-4,-1.65,-1.847,0.218,-0.115,1.162,-0.308,0.149,1.227,1
P0425,V0425-2,0.906,-0.486,0.098,-0.162,-0.7,0.364,0.97,-0.746,1
P0058,V0058-2,0.312,-0.754,-1.226,0.303,-0.722,0.885,0.392,-1.451,0
P0010,V0010-2,-1.048,0.285,0.941,-1.373,-0.276,0.6,0.15,1.203,1
P0161,V0161-1,0.742,-1.257,-0.509,0.356,0.603,-1.126,1.89,-0.303,1
P0291,V0291-0,-0.546,0.961,-0.525,0.652,-0.086,1.835,1.588,-0.849,0
P0305,V0305-4,1.739,-0.563,-3.066,0.524,-0.54,-0.74,-0.1,-0.509,1
P0389,V0389-1,1.316,-0.515,-1.823,-0.231,-0.97,0.189,-2.044,-0.103,0
P0070,V0070-1,0.856,1.854,0.357,0.545,-1.41,0.536,0.834,0.04,0
P0373,V0373-2,0.644,-1.015,-0.926,-0.3,1.216,0.675,1.7,-0.072,1
P0412,V0412-3,0.045,0.029,0.093,1.071,-0.844,-1.129,1.91,0.279,0
P0300,V0300-6,-1.284,0.511,0.778,1.488,0.229,-0.153,1.064,-0.53,0
P0060,V0060-6,-0.582,0.894,0.502,-3.07,-0.406,1.625,0.671,-1.389,0
P0192,V0192-4,-0.457,1.472,-0.646,-2.03,-0.411,0.172,-0.493,0.746,0
P0265,V0265-2,0.241,-0.551,-1.717,1.628,0.559,1.106,-0.054,-1.767,1
P0029,V0029-2,-0.346,1.671,-1.089,1.663,1.793,-0.95,0.25,1.513,1
P0202,V0202-3,-0.842,0.357,-0.433,-0.771,0.323,-0.027,0.404,0.496,1
P0270,V0270-2,1.093,-0.955,-0.461,-0.694,-0.688,-1.583,0.596,0.28,1
P0061,V0061-2,1.577,-0.848,1.157,-0.697,0.549,-0.264,0.042,-2.077,1
P0131,V0131-0,-0.265,-0.484,1.868,0.121,0.391,0.697,-0.625,-0.149,1
P0145,V0145-1,1.466,0.089,-0.326,-2.36,0.015,-2.233,-2.519,0.147,1
P0427,V0427-1,1.43,-0.283,0.087,0.208,0.813,1.084,1.099,1.445,0
P0499,V0499-0,-1.722,-0.164,-1.205,0.515,1.81,1.066,1.62,0.879,0
P0112,V0112-3,1.513,0.621,1.624,-0.652,2.169,-1.578,0.993,1.584,0
P0455,V0455-5,1.983,2.086,0.374,0.91,-0.656,-1.819,-1.433,-1.3,1
P0037,V0037-1,0.729,-0.331,0.342,-1.435,-0.171,0.942,1.095,0.327,1
P0119,V0119-5,2.519,-0.812,-0.845,0.401,1.544,-0.594,0.619,0.215,1
P0202,V0202-2,-0.425,-0.185,-0.119,-1.103,-0.267,-0.301,0.557,0.471,1
P0142,V0142-5,-1.043,1.023,2.03,-0.258,0.065,0.528,1.667,0.068,0
P0473,V0473-0,-0.294,0.097,0.19,1.058,0.386,1.027,-0.255,0.847,1
P0424,V0424-1,1.844,0.011,1.311,2.152,-0.737,0.556,-0.02,-2.47,1
P0067,V0067-7,1.779,0.346,-1.166,1.281,2.24,-0.992,0.101,-1.2,1
P0409,V0409-0,-0.668,1.679,-2.595,-2.131,-0.543,0.707,1.078,-1.478,0
P0365,V0365-3,-2.145,0.737,0.852,-0.414,-0.89,-0.28,-1.46,-1.004,1
P0488,V0488-5,-2.58,1.081,-0.356,0.484,-0.394,0.944,-0.938,-0.769,0
P0208,V0208-2,0.28,-1.565,0.681,-0.462,0.06,0.2,-0.218,2.386,1
P0497,V0497-2,-1.641,-0.65,0.286,2.775,0.815,2.002,1.548,0.406,0
P0349,V0349-0,-1.863,0.409,-2.406,0.497,1.266,-0.998,-0.893,0.337,1
P0302,V0302-1,0.19,0.631,1.178,0.223,-0.764,-1.785,-0.039,-1.128,1
P0094,V0094-6,-0.835,1.416,1.888,-0.654,-0.474,0.555,0.307,-2.281,1
P0166,V0166-1,0.406,-0.405,-1.614,0.422,1.393,1.207,0.482,-0.291,1
P0282,V0282-2,0.651,-0.298,0.494,0.949,0.175,-1.038,1.001,0.986,0
P0108,V0108-1,-1.942,1.15,0.866,0.049,-0.027,0.59,-1.4,1.747,0
P0358,V0358-1,-0.092,-0.102,-2.062,-0.726,-0.456,0.797,-0.015,-1.193,0
P0097,V0097-1,-1.604,-0.155,0.894,0.153,0.253,-0.77,-0.476,-0.131,1
P0235,V0235-0,0.441,0.733,-1.285,-0.583,-0.386,-0.606,-0.399,-0.894,1
P0132,V0132-5,-0.347,0.515,-0.766,-0.667,-1.137,-1.723,-1.015,-0.877,0
P0228,V0228-6,-0.381,0.291,-1.318,-0.04,-1.716,0.336,-0.244,0.662,0
P0201,V0201-1,0.661,2.161,-0.132,-0.949,-1.067,-3.138,-1.607,1.536,1
P0260,V0260-2,-1.635,-0.495,0.211,-0.622,0.413,-1.162,0.311,1.605,1
P0052,V0052-6,-2.096,-0.729,1.35,0.559,0.579,2.074,1.04,0.949,0
P0147,V0147-1,-1.254,-0.927,1.821,-1.309,-0.132,1.296,0.939,0.403,0
P0104,V0104-3,1.437,-0.433,0.479,-1.46,1.46,-2.164,-0.092,2.39,0
P0481,V0481-1,-0.178,-0.234,0.082,-1.363,-0.915,2.102,0.746,0.622,1
P0363,V0363-1,0.528,1.28,0.982,-0.047,1.344,0.257,-1.036,-0.987,1
P0404,V0404-5,-0.729,0.026,1.51,-1.093,0.293,0.217,-1.441,-0.947,1
P0082,V0082-2,-0.261,0.18,-0.417,0.381,1.662,0.51,2.186,0.574,1
P0491,V0491-0,0.459,-0.164,-0.191,-0.841,1.095,1.898,-1.65,-2.146,1
P0302,V0302-2,0.676,0.097,0.63,-0.088,-1.095,-2.403,-0.347,-0.794,1
P0207,V0207-2,-0.191,1.952,-0.062,0.311,0.026,1.396,0.806,-2.101,0
P0081,V0081-1,-1.599,0.968,0.729,-1.124,2.15,0.669,-0.837,0.122,0
P0088,V0088-1,-0.983,0.047,2.249,-0.506,-0.541,-0.273,-0.639,-0.985,0
P0264,V0264-3,0.85,-0.188,-0.319,-2.065,-0.005,0.738,-2.014,0.258,1
P0043,V0043-4,-0.408,1.578,0.53,0.47,-0.585,-0.542,0.981,-0.159,0
P0074,V0074-7,0.113,1.276,0.127,0.688,-0.029,-0.602,0.018,-1.967,0
P0242,V0242-6,-0.616,1.285,-1.164,-2.264,0.962,-0.533,-0.628,1.815,0
P0053,V0053-0,-0.122,-0.088,-0.318,0.457,0.438,-0.131,-2.211,0.501,1
P0338,V0338-1,0.304,-1.841,2.44,0.039,0.494,-1.229,1.527,1.921,1
P0300,V0300-5,-0.623,0.557,0.565,1.413,-0.17,-0.78,0.513,-0.265,0
P0166,V0166-3,0.659,-0.279,-1.001,0.725,0.739,0.7,0.892,-0.225,1
P0180,V0180-2,-0.743,-1.272,0.32,1.474,-0.418,0.136,0.017,1.872,0
P0242,V0242-1,-0.5,1.233,-0.449,-2.329,1.082,-0.997,-0.097,1.51,0
P0461,V0461-5,0.29,0.388,-1.433,-1.782,-0.421,0.958,-0.295,0.328,1
P0052,V0052-3,-1.97,-1.135,1.799,0.733,0.176,2.272,0.775,0.469,0
P0097,V0097-3,-1.691,0.356,1.203,0.61,0.136,-0.398,-0.49,-0.171,1
P0376,V0376-5,0.443,0.496,-0.237,-0.468,0.808,-0.116,-2.172,-0.567,0
P0478,V0478-3,0.365,0.73,1.47,0.647,-0.142,0.988,-2.54,0.031,1
P0291,V0291-1,-0.95,0.568,-0.278,1.35,-0.006,1.776,1.508,-0.83,0
P0483,V0483-1,-0.845,2.026,-1.424,-0.04,-1.077,-0.676,0.088,1.272,0
P0342,V0342-3,-0.328,-0.223,0.131,-0.622,-0.696,-0.683,-1.991,-0.709,0
P0067,V0067-3,1.167,0.464,-1.192,0.952,1.418,-0.903,-0.503,-1.011,1
P0412,V0412-1,0.171,0.46,0.386,1.599,-1.514,-0.397,2.066,-0.434,0
P0131,V0131-6,-0.871,-0.634,1.491,-0.142,-0.639,0.38,-0.825,0.633,1
P0118,V0118-2,-0.475,1.16,-0.322,1.184,1.003,0.257,2.021,-0.551,1
P0447,V0447-0,0.331,0.458,0.016,1.426,1.482,-0.853,0.565,-2.305,1
P0219,V0219-0,0.525,-0.243,0.387,2.102,1.18,-0.341,-0.307,-1.528,1
P0017,V0017-1,-0.328,2.011,-1.512,-0.054,0.474,-0.655,-0.213,1.261,0
P0129,V0129-0,0.367,-0.517,-0.19,1.099,0.317,1.79,-0.871,-0.585,1
P0153,V0153-0,-0.367,0.444,0.03,1.02,0.792,-0.579,-0.54,0.078,0
P0217,V0217-7,-0.452,1.741,-0.391,-1.071,-1.665,1.08,-0.192,0.136,1
P0035,V0035-0,-0.207,-0.419,1.7,0.681,-0.119,-0.588,-2.439,-0.218,0
P0167,V0167-6,0.619,0.38,1.122,0.288,1.006,1.394,1.692,-1.764,1
P0279,V0279-0,0.311,-2.53,0.631,1.517,-0.238,-0.532,-0.779,-0.291,1
P0314,V0314-5,-2.478,-0.844,1.223,1.051,-0.329,0.896,0.38,-0.11,0
P0364,V0364-0,-1.223,0.668,1.299,1.232,-1.318,-0.196,0.476,0.974,1
P0226,V0226-2,-1.079,0.678,1.872,1.737,-1.463,1.077,-0.737,-0.549,0
P0159,V0159-0,1.001,0.711,0.531,0.578,-1.964,-0.373,0.577,-1.511,1
P0000,V0000-2,-0.192,3.135,0.066,0.413,-0.402,-0.835,0.338,-0.153,0
P0378,V0378-0,-0.566,-1.592,-0.258,-0.257,0.246,1.287,0.496,-0.413,1
P0370,V0370-2,1.026,-0.818,0.851,0.629,0.217,-1.515,0.602,-0.169,1
P0020,V0020-4,1.455,-0.355,0.747,-0.2,1.326,-0.609,0.072,1.806,1
P0244,V0244-1,0.015,0.498,-1.103,0.698,-0.625,0.963,-0.978,0.02,1
P0227,V0227-1,-0.237,-0.631,2.15,-0.51,0.08,1.111,-0.465,0.214,1
P0033,V0033-3,0.495,0.581,1.12,-0.297,0.151,2.299,-0.058,-0.827,1
P0082,V0082-3,-0.053,-0.024,-0.426,0.789,1.452,0.433,2.937,0.377,1
P0223,V0223-5,-0.626,-2.287,-0.577,-1.395,-0.484,0.347,-0.682,-0.023,1
P0083,V0083-0,-1.018,-1.193,0.556,-1.41,0.153,0.107,1.085,0.731,1
P0230,V0230-1,-0.816,-1.424,-1.667,-0.624,-0.445,0.593,0.229,-0.421,1
P0436,V0436-6,0.575,1.115,-1.761,-0.918,-1.0,1.382,0.453,0.266,1
P0071,V0071-3,0.965,-0.946,-0.68,1.999,0.65,-0.961,2.397,-1.237,1
P0468,V0468-1,-1.326,1.486,-1.294,-1.662,-0.475,-1.354,1.176,0.212,0
P0149,V0149-2,-1.195,-1.031,0.552,-0.089,2.231,-0.335,1.391,-0.335,1
P0014,V0014-0,0.447,-0.974,1.341,0.078,-0.224,-0.344,-1.095,-0.288,1
P0381,V0381-7,0.323,0.337,0.392,-0.229,-0.185,-0.397,0.033,1.228,0
P0403,V0403-3,-0.581,0.596,0.819,-0.558,-1.872,0.797,0.749,-1.594,0
P0060,V0060-3,-0.896,0.481,0.551,-2.8,-0.547,2.102,0.73,-1.717,0
P0416,V0416-3,-0.276,-0.561,-0.865,0.298,-0.391,-0.033,0.604,-2.062,1
P0478,V0478-2,0.242,1.006,1.507,0.118,0.131,0.964,-2.562,-0.29,1
P0074,V0074-2,0.474,0.582,-0.346,0.039,-0.543,-0.8,0.584,-1.61,0
P0475,V0475-1,0.295,-0.914,0.351,0.36,-2.068,0.299,-0.756,0.616,1
P0028,V0028-5,-0.477,0.056,-0.872,-0.743,-1.965,-1.556,-0.081,0.458,0
P0378,V0378-4,-0.128,-1.648,-0.578,-0.035,0.122,0.742,0.033,-1.057,1
P0372,V0372-6,-0.777,-0.682,-1.922,-1.029,0.358,-0.983,-0.232,0.19,0
P0305,V0305-1,1.537,-0.087,-2.873,1.182,-0.624,-0.091,-0.051,-0.694,1
P0193,V0193-2,-1.129,0.416,-0.17,-0.033,0.345,-0.397,0.655,0.103,0
P0253,V0253-5,0.212,-0.25,1.182,-0.732,0.834,0.117,1.493,1.888,0
P0059,V0059-6,-0.108,-0.731,-0.885,-0.053,-0.526,0.595,1.008,-0.542,1
P0206,V0206-0,-0.637,-0.598,2.366,1.358,-1.097,-0.17,-0.329,1.461,1
P0489,V0489-6,0.487,0.639,1.958,0.415,-0.863,0.255,-1.749,-0.183,1
P0346,V0346-3,-0.313,-0.182,-0.949,-2.541,0.312,-2.092,1.036,0.586,1
P0200,V0200-0,-1.923,0.761,-0.029,0.895,0.7,-0.078,-1.192,-0.807,0
P0313,V0313-1,0.277,0.159,0.512,0.692,0.357,-0.314,-0.337,-0.14,1
P0223,V0223-3,-0.262,-2.09,0.085,-1.189,-0.183,0.159,-0.557,0.09,1
P0127,V0127-0,-1.11,-0.43,-1.554,0.325,0.291,0.411,-0.316,-2.494,0
P0197,V0197-4,-1.183,0.127,0.894,-0.338,-1.072,0.516,-0.725,1.014,0
P0488,V0488-1,-2.198,1.706,-0.354,-0.15,-0.525,0.876,-1.703,-0.183,0
P0035,V0035-1,-0.208,-0.744,1.18,0.155,0.601,-0.305,-2.162,-0.899,0
P0466,V0466-4,-0.82,0.271,-1.803,0.871,1.942,1.437,1.174,-1.763,0
P0066,V0066-1,-0.606,1.5,0.214,-0.145,-0.05,-1.908,0.808,-1.382,0
P0341,V0341-4,0.955,1.323,-1.361,-1.365,-0.924,1.445,0.566,1.21,1
P0309,V0309-4,1.567,1.7,-0.205,0.531,-0.779,-0.111,0.99,-1.688,1
P0374,V0374-0,0.813,-0.845,1.039,0.755,-0.042,0.091,0.349,-0.429,0
P0038,V0038-1,0.209,-0.83,0.358,-1.444,-1.077,-0.095,0.535,0.421,1
P0330,V0330-0,-0.425,-0.106,-1.194,-1.182,0.872,1.36,-0.694,0.31,0
P0463,V0463-6,-0.197,1.6,0.159,1.525,0.87,-1.66,-2.433,-0.182,0
P0321,V0321-4,0.972,-1.415,1.0,1.064,-0.179,1.034,-0.477,-0.128,1
P0302,V0302-4,0.687,-0.096,0.662,0.04,-0.324,-1.521,-0.381,-0.947,1
P0390,V0390-5,0.586,-0.215,0.767,1.719,-0.342,-0.482,-0.471,0.314,1
P0152,V0152-6,0.997,0.188,-0.373,-1.695,0.155,0.504,-0.043,0.365,1
P0033,V0033-2,0.484,0.285,0.769,-0.372,0.564,2.35,-0.523,-0.657,1
P0156,V0156-4,-0.427,-0.392,0.483,1.164,0.96,0.755,-0.397,-0.547,0
P0432,V0432-1,-1.888,0.023,-1.485,-0.068,0.784,0.513,0.646,-0.465,1
P0204,V0204-7,0.446,-0.38,-0.237,-0.301,0.208,0.614,0.196,0.626,1
P0008,V0008-2,-0.603,-0.824,0.092,-0.414,-0.62,-0.441,-0.319,-0.41,1
P0094,V0094-5,-0.926,1.476,1.542,-0.164,-0.083,0.174,0.463,-2.467,1
P0293,V0293-3,-0.689,-2.082,0.323,-2.133,1.197,1.783,-0.284,-0.315,1
P0385,V0385-4,-2.523,0.62,-1.488,-1.107,0.924,-0.03,-1.794,-2.215,0
P0061,V0061-3,1.437,-0.431,0.109,-0.837,-0.383,0.486,-0.125,-1.67,1
P0036,V0036-2,1.26,-0.251,0.093,-0.41,0.927,-1.783,3.192,1.487,0
P0288,V0288-0,0.894,-0.007,-1.429,-0.847,0.99,-0.757,0.049,1.28,1
P0390,V0390-6,1.202,1.258,0.538,1.714,-0.573,-1.121,-0.043,0.043,1
P0312,V0312-1,0.789,-0.402,0.265,-0.693,-2.056,-1.157,-1.025,-0.017,1
P0275,V0275-0,-0.688,-0.583,-0.797,-0.781,-0.204,-3.765,-0.688,1.143,0
P0404,V0404-3,-0.578,-0.141,1.179,-0.418,-0.109,0.225,-0.883,-0.281,1
P0172,V0172-2,-1.106,1.463,1.745,-0.214,0.53,0.263,-0.295,0.749,0
P0413,V0413-5,-1.957,-0.549,-0.163,-0.598,-0.822,0.62,0.089,-1.208,0
P0150,V0150-2,-0.032,0.113,-1.075,-1.516,-0.082,-0.031,0.545,2.363,0
P0108,V0108-6,-1.209,0.607,0.678,0.33,0.254,1.496,-1.634,2.171,0
P0163,V0163-1,-1.267,-1.094,0.057,0.231,0.216,-1.079,-0.206,1.652,0
P0420,V0420-3,-0.988,-0.371,1.701,-1.248,-0.294,0.085,1.405,-0.339,1
P0233,V0233-1,0.681,-0.169,0.642,-0.293,-0.836,0.202,-1.44,0.58,0
P0041,V0041-0,1.231,0.69,0.83,1.01,-1.666,-2.79,-1.638,-0.093,0
P0240,V0240-5,-0.956,0.987,-1.818,-0.475,1.157,1.834,-2.339,-0.596,1
P0271,V0271-2,0.573,0.287,0.411,-1.785,1.083,0.302,1.526,-0.108,1
P0013,V0013-0,2.627,0.129,-0.146,2.551,1.245,-0.077,0.864,-0.014,0
P0179,V0179-1,1.254,-0.266,-1.487,-0.309,-0.749,-0.229,-0.293,1.392,1
P0445,V0445-0,-0.612,1.265,-1.908,0.581,-1.477,-0.545,2.056,0.352,0
P0275,V0275-6,-0.016,-1.13,-0.494,-0.391,-0.372,-2.639,-0.466,1.473,0
P0039,V0039-1,0.59,1.375,-0.854,-0.85,0.331,-0.335,0.043,-1.055,0
P0232,V0232-1,3.611,1.953,-0.078,0.131,0.926,1.126,1.38,0.4,1
P0210,V0210-0,-1.256,0.23,-1.638,0.769,-1.245,-0.207,-1.215,-2.302,0
P0335,V0335-0,1.282,1.545,-1.144,-0.286,1.817,-0.879,0.328,-0.48,0
P0212,V0212-0,-1.669,-1.415,1.312,0.655,0.785,1.799,-0.304,1.759,0
P0497,V0497-0,-1.281,0.055,-0.402,3.255,1.131,1.851,1.941,0.91,0
P0066,V0066-2,-0.265,1.078,0.147,0.325,0.414,-0.968,0.482,-1.326,0
P0402,V0402-2,-1.176,0.336,0.378,-0.773,-1.032,-1.977,1.251,0.755,0
P0182,V0182-3,-0.298,0.389,0.116,-0.032,0.402,-2.866,0.595,0.609,0
P0229,V0229-3,0.581,1.394,-1.363,-0.639,1.784,1.647,0.002,-0.239,0
P0073,V0073-1,-1.843,1.048,0.473,0.811,0.474,0.202,1.894,1.653,0
P0115,V0115-2,-1.652,-0.552,0.486,-1.216,0.077,0.811,0.169,1.552,0
P0195,V0195-2,0.44,0.964,0.556,0.04,-1.034,-0.601,2.023,0.994,1
P0041,V0041-1,0.993,0.41,0.473,1.101,-2.25,-2.438,-1.356,0.115,0
P0105,V0105-3,-0.356,1.442,1.558,1.173,0.585,0.463,0.708,0.34,0
P0407,V0407-1,1.793,-1.075,0.42,-0.569,-0.312,-0.99,1.193,1.201,1
P0186,V0186-3,1.423,0.108,2.829,-1.4,0.444,0.312,1.364,-0.246,0
P0425,V0425-4,0.169,-0.518,0.21,-0.267,-1.011,0.28,1.167,-0.366,1
P0430,V0430-2,-0.023,1.064,-0.761,-1.071,0.173,-1.891,0.491,0.515,0
P0329,V0329-0,0.158,1.257,-0.008,1.95,0.685,0.692,1.754,-1.773,0
P0068,V0068-2,-0.455,1.115,1.801,1.283,1.034,-1.35,-2.085,-0.042,0
P0018,V0018-1,0.902,1.965,0.563,1.079,0.416,1.564,0.487,-1.516,0
P0118,V0118-1,-0.459,1.786,-0.047,0.985,0.387,-0.624,2.545,-0.58,1
P0469,V0469-0,0.913,-0.277,2.635,0.551,0.138,-0.88,0.785,0.933,1
P0388,V0388-1,0.032,0.009,0.894,-0.376,-1.093,-1.483,-0.065,1.049,0
P0489,V0489-3,0.516,0.75,1.855,-0.054,-0.161,0.284,-2.172,-0.45,1
P0104,V0104-0,0.643,-0.791,0.084,-2.098,1.37,-2.468,0.135,2.294,0
P0013,V0013-6,1.94,0.204,-0.598,2.24,1.375,-0.24,0.939,0.05,0
P0263,V0263-1,1.667,1.233,-1.392,-1.238,2.391,0.476,-0.864,0.303,0
P0317,V0317-1,-0.084,-0.071,-0.22,-0.117,-0.203,-0.702,0.831,-0.292,0
P0312,V0312-0,-0.236,-0.482,0.146,-0.329,-1.924,-0.602,-0.414,0.537,1
P0092,V0092-1,-0.053,0.091,-0.3,0.868,-1.666,-1.366,0.466,-0.026,0
P0147,V0147-0,-1.397,-0.182,1.763,-0.992,-0.056,0.578,0.871,0.726,0
P0013,V0013-3,1.393,0.222,-0.97,1.816,1.088,0.338,0.855,-0.19,0
P0406,V0406-0,-0.563,0.037,-0.684,-0.128,0.443,0.427,-0.952,0.205,1
P0242,V0242-5,-0.468,1.297,-0.567,-2.3,1.319,-0.734,-0.64,2.041,0
P0184,V0184-1,-0.833,-0.091,0.657,2.526,0.464,0.535,1.851,0.197,0
P0375,V0375-1,1.641,-0.784,0.732,1.588,0.063,1.048,0.033,-0.203,1
P0046,V0046-1,-1.021,0.074,-1.06,-0.49,0.378,0.275,-0.478,1.695,0
P0074,V0074-1,0.488,1.129,0.048,0.587,-0.17,-0.386,0.178,-1.421,0
P0179,V0179-0,1.614,0.033,-0.991,0.014,-0.77,-0.426,0.123,1.662,1
P0087,V0087-1,-1.85,-0.451,0.424,-0.12,-2.605,-1.25,0.512,0.167,0
P0205,V0205-1,-1.686,0.168,-0.616,1.621,-0.306,0.387,0.86,-0.623,0
P0305,V0305-6,1.927,0.276,-2.736,1.096,-0.032,-0.32,-0.112,-0.998,1
P0390,V0390-2,0.895,1.012,0.587,1.508,-0.697,-0.44,-0.674,0.119,1
P0290,V0290-1,-0.938,-0.325,-0.32,0.854,-0.609,-0.494,-0.603,-0.021,0
P0365,V0365-2,-2.476,1.371,1.036,-0.46,-1.276,0.834,-0.89,-0.428,1
P0463,V0463-5,-0.176,1.428,0.764,0.448,0.667,-1.361,-2.305,-0.258,0
P0166,V0166-4,0.838,-0.148,-0.607,0.129,0.895,0.34,0.957,-0.416,1
P0480,V0480-0,0.275,0.025,-0.735,0.315,-2.039,-0.663,-2.328,-1.007,1
P0043,V0043-3,-0.788,1.583,-0.041,0.765,-0.095,-0.422,0.957,-0.572,0
P0196,V0196-0,-0.23,-0.517,0.31,1.027,1.108,1.212,-0.995,0.165,0
P0003,V0003-1,-0.265,0.52,2.031,-0.413,-2.239,0.486,1.147,-0.495,0
P0359,V0359-2,-1.094,0.241,-0.745,-0.863,0.328,0.788,-1.684,-0.031,0
P0071,V0071-6,0.885,-1.061,-1.463,2.123,0.626,-1.03,2.292,-1.49,1
P0231,V0231-2,-0.008,1.075,2.198,-0.861,-2.311,0.42,-1.687,-1.089,0
P0185,V0185-1,1.455,-0.328,-0.157,-0.007,-0.248,-0.692,0.154,1.146,1
P0443,V0443-0,-0.194,0.093,-0.595,0.539,0.325,1.029,-1.161,0.138,1
P0464,V0464-3,0.014,0.748,0.846,0.974,-0.304,-1.347,-0.811,1.445,0
P0301,V0301-0,-0.516,0.87,-1.71,2.219,1.028,-0.767,-0.539,0.629,0
P0392,V0392-6,0.051,-0.248,-0.3,-1.405,-1.204,-1.983,1.458,-0.351,1
P0292,V0292-0,-0.704,0.995,-2.479,0.37,-1.222,0.587,-0.317,-0.19,0
P0344,V0344-4,0.486,1.496,0.256,-0.01,-0.305,-1.528,-0.719,-1.014,0
P0316,V0316-2,-1.258,-1.087,-0.778,-0.943,0.001,0.196,2.132,-0.053,1
P0203,V0203-3,-2.001,-0.906,-1.184,-0.425,1.566,-1.072,-0.907,1.764,1
P0109,V0109-2,-0.297,0.907,2.361,1.516,1.024,-0.652,0.208,0.51,0
P0164,V0164-1,-0.887,-1.928,-1.096,1.679,1.776,0.316,0.447,0.571,1
P0135,V0135-1,-0.54,-0.869,0.842,-1.08,-0.743,-0.565,-1.598,0.876,1
P0080,V0080-2,-0.368,-1.977,-0.56,-1.339,-1.811,-0.549,-0.006,0.764,1
P0111,V0111-3,0.323,-1.236,0.153,1.159,0.851,-2.065,-0.596,-0.755,1
P0071,V0071-1,1.216,-1.191,-1.067,1.976,1.091,-1.563,2.703,-0.946,1
P0111,V0111-0,0.842,-1.627,0.356,1.209,0.735,-2.217,-0.458,-0.157,1
P0200,V0200-5,-1.843,1.385,0.437,0.451,0.143,0.243,-1.406,-0.607,0
P0459,V0459-1,2.081,-1.356,1.061,0.031,-1.346,-0.047,0.534,-0.932,1
P0370,V0370-4,0.106,-0.929,0.951,-0.11,0.027,-1.825,0.138,-0.476,1
P0195,V0195-0,1.131,0.138,1.137,-0.253,-0.463,-0.103,2.823,0.724,1
P0440,V0440-3,-0.98,-0.952,1.382,1.041,-0.342,1.797,-0.798,-0.135,0
P0472,V0472-1,0.063,-1.273,1.041,0.853,0.67,1.175,-0.1,-0.841,1
P0159,V0159-3,1.487,0.702,-0.011,0.567,-1.517,-0.779,0.704,-1.989,1
P0332,V0332-3,0.971,-0.721,-0.103,1.85,0.75,-1.163,-1.244,-0.473,1
P0069,V0069-0,0.425,0.91,1.231,-0.618,-1.368,-0.831,-0.755,-0.157,0
P0489,V0489-2,0.93,0.461,1.146,0.231,-0.008,0.657,-2.186,-0.611,1
P0261,V0261-0,1.002,-0.08,0.182,-1.525,-0.339,-1.632,1.191,-1.004,1
P0273,V0273-1,-1.763,-0.417,-2.141,-1.363,1.506,0.092,1.034,-0.441,0
P0269,V0269-4,0.481,0.172,0.131,-1.405,1.219,-0.322,-1.347,-2.168,1
P0128,V0128-5,1.284,1.314,-0.558,-0.702,1.938,0.701,0.032,-1.681,1
P0264,V0264-4,1.456,0.186,-0.382,-2.333,-0.477,0.769,-2.426,0.178,1
P0111,V0111-5,0.399,-1.463,-0.012,1.083,0.87,-1.432,-0.595,-0.265,1
P0468,V0468-6,-1.125,1.213,-0.804,-1.134,-0.433,-1.318,0.019,0.645,0
P0138,V0138-5,-0.132,-0.048,1.181,1.618,0.852,0.797,0.284,-0.71,0
P0328,V0328-0,0.186,0.592,-0.545,-0.418,1.012,0.835,0.643,0.587,0
P0436,V0436-4,1.017,0.669,-1.081,-0.725,-0.664,0.917,1.197,0.101,1
P0130,V0130-2,0.123,-0.646,-1.273,-0.223,0.898,1.497,1.181,0.244,1
P0460,V0460-0,-0.507,0.049,0.92,-0.035,-1.816,1.631,-0.495,-0.173,0
P0084,V0084-2,0.585,-1.552,0.199,-0.729,-0.644,-1.035,-0.082,-0.115,0
P0119,V0119-0,2.323,-1.272,-0.353,-0.313,1.544,-0.417,1.1,0.26,1
P0389,V0389-3,1.748,-0.013,-1.496,0.073,-0.817,0.168,-2.616,-0.505,0
P0066,V0066-0,-0.262,1.399,0.104,0.173,-0.07,-1.096,1.031,-1.353,0
P0294,V0294-1,-0.027,-1.169,1.905,-0.345,0.934,1.68,0.097,0.883,1
P0321,V0321-5,1.253,-2.358,1.451,1.359,-0.22,0.933,0.466,0.593,1
P0441,V0441-4,-0.131,0.038,0.949,0.781,-0.822,0.227,0.674,-0.871,0
P0142,V0142-1,-1.009,0.679,1.694,-0.956,-0.896,0.305,1.637,0.498,0
P0422,V0422-3,-0.97,-0.386,1.715,2.42,0.443,-0.383,0.357,0.55,1
P0344,V0344-6,-0.022,2.028,-0.236,-0.601,0.045,-1.814,-1.22,-0.831,0
P0489,V0489-1,0.712,1.213,1.952,0.561,-0.226,0.604,-2.457,-0.43,1
P0198,V0198-1,-0.766,-1.315,-1.262,-1.941,-0.23,-3.445,0.25,0.397,1
P0239,V0239-2,-0.611,-0.585,-0.097,1.065,0.511,1.019,1.366,0.325,1
P0455,V0455-2,2.277,1.374,-0.116,1.583,-0.494,-1.586,-1.196,-0.428,1
P0281,V0281-2,1.141,-0.794,-2.186,0.708,-1.803,-0.32,1.407,0.968,0
P0101,V0101-3,0.051,0.848,0.364,0.112,-0.057,-0.834,-0.672,0.021,0
P0027,V0027-2,-0.812,-2.079,0.969,1.191,0.866,1.494,1.245,0.913,0
P0050,V0050-2,-0.056,1.325,-0.978,1.887,1.677,0.783,0.682,1.578,0
P0156,V0156-0,-0.53,-0.564,0.437,1.157,0.533,1.247,-1.327,-1.28,0
P0002,V0002-2,-0.577,1.675,-0.06,-0.535,-0.031,0.461,-1.716,1.279,0
P0468,V0468-3,-1.401,1.315,-0.625,-1.336,0.271,-1.092,0.962,-0.248,0
P0297,V0297-2,2.628,0.337,1.295,0.664,-0.702,0.96,-0.065,-0.297,1
P0021,V0021-4,-1.038,-0.112,0.824,-0.039,0.391,1.566,-0.099,-0.983,1
P0197,V0197-6,-1.5,-0.054,0.759,0.27,-1.214,0.683,0.097,0.985,0
P0470,V0470-0,1.099,-0.331,-1.723,0.186,0.006,-1.196,0.277,1.302,0
P0047,V0047-5,0.633,0.163,0.72,0.5,0.271,-0.718,1.112,-1.821,1
P0322,V0322-6,-0.352,0.581,0.052,-1.549,-1.121,-0.621,-2.078,-1.513,1
P0135,V0135-3,-0.972,-1.043,0.52,-1.634,-0.933,-0.594,-1.826,0.98,1
P0497,V0497-5,-0.948,-0.27,-0.369,2.214,0.979,1.644,1.931,0.756,0
P0011,V0011-0,-0.575,-2.022,0.819,-0.181,0.394,0.907,1.077,0.045,1
P0255,V0255-0,2.268,1.699,0.674,1.069,0.509,0.603,-0.313,-0.245,0
P0088,V0088-2,-0.979,0.3,1.856,-0.79,-0.452,0.478,-0.406,-1.401,0
P0291,V0291-5,-1.055,0.975,0.17,1.155,-0.167,0.856,1.882,-1.009,0
P0485,V0485-6,-1.032,-0.821,1.557,0.18,-0.736,-1.045,0.086,-1.852,0
P0028,V0028-6,-0.715,0.207,-0.955,-1.049,-1.657,-1.467,-0.168,-0.185,0
P0499,V0499-1,-1.938,-0.0,-1.802,0.322,1.307,1.345,1.399,1.589,0
P0208,V0208-5,0.512,-1.2,1.309,-0.337,-0.312,0.423,-0.313,2.791,1
P0011,V0011-4,-0.217,-2.589,0.586,0.151,0.231,1.052,0.708,-0.538,1
P0005,V0005-3,0.037,0.709,-0.544,-0.525,0.167,-1.167,-0.745,-1.596,0
P0158,V0158-1,0.075,1.79,1.395,-1.241,-2.942,1.511,1.466,-0.506,1
P0006,V0006-2,0.653,-1.155,1.905,-0.41,0.928,-0.479,0.623,-0.351,1
P0415,V0415-2,1.999,-2.076,0.186,0.613,0.622,-1.889,0.16,-1.261,1
P0240,V0240-1,-0.639,0.747,-2.153,-0.34,1.084,1.791,-2.15,0.063,1
P0219,V0219-4,0.633,-0.418,0.082,2.355,1.491,-0.35,-0.559,-0.974,1
P0069,V0069-3,0.353,0.754,2.068,-1.046,-1.867,-1.358,-0.701,-0.349,0
P0230,V0230-2,-0.5,-1.346,-2.107,-0.418,-0.164,0.852,0.49,-0.381,1
P0101,V0101-2,-0.432,1.065,-0.026,0.243,0.199,-1.18,-0.102,-0.787,0
P0106,V0106-2,-0.571,-2.271,-0.142,-0.478,1.605,0.106,-0.236,0.829,1
P0245,V0245-1,-0.392,0.266,1.033,0.104,0.264,0.229,1.615,-0.619,1
P0148,V0148-5,-0.294,0.018,3.093,-2.187,0.151,-0.302,-1.271,-0.52,0
P0363,V0363-3,-0.422,0.973,0.924,-0.226,1.569,0.452,-1.276,-0.763,1
P0052,V0052-0,-2.033,-0.267,2.296,0.075,0.096,1.833,1.107,0.647,0
P0300,V0300-3,-0.848,0.085,0.647,1.514,-0.039,-0.626,0.391,0.066,0
P0277,V0277-5,-0.073,-0.324,-0.35,0.588,1.398,0.162,3.007,0.341,1
P0378,V0378-3,-0.721,-1.544,-0.325,0.059,-0.837,1.104,0.075,-0.458,1
P0299,V0299-5,-0.136,-3.154,0.22,-0.892,0.217,-0.341,-1.301,-1.117,1
P0321,V0321-3,1.337,-1.716,0.771,1.463,-0.616,1.348,0.144,-0.228,1
P0065,V0065-2,-0.283,2.941,-1.127,-1.958,-0.393,-0.35,1.207,-0.435,0
P0110,V0110-3,0.783,-0.779,0.681,-0.681,-1.678,-1.762,1.594,0.695,0
P0370,V0370-5,0.528,-0.436,1.001,0.503,0.032,-1.268,-0.171,-0.587,1
P0453,V0453-7,-1.961,-1.675,1.434,-1.469,-1.286,-0.498,0.31,-1.436,0
P0186,V0186-1,1.182,-1.086,2.592,-0.885,0.192,0.385,0.451,0.338,0
P0485,V0485-5,-0.732,-1.406,1.408,0.19,-0.674,-0.708,0.523,-1.632,0
P0100,V0100-4,0.8,0.317,0.113,-0.449,0.216,-0.371,0.299,-1.471,1
P0116,V0116-1,-0.756,-1.25,0.476,1.406,0.709,-1.139,2.075,1.285,1
P0409,V0409-3,-0.501,1.676,-2.94,-1.522,-0.316,-0.086,1.366,-0.912,0
P0340,V0340-4,0.056,-1.921,1.177,0.223,1.09,-0.135,0.723,-0.234,0
P0087,V0087-0,-1.96,0.179,0.362,-0.041,-3.128,-1.136,0.14,-0.206,0
P0242,V0242-7,-0.363,1.158,-0.228,-2.063,0.958,-0.745,-0.003,1.499,0
P0249,V0249-5,-0.061,0.144,-0.771,0.721,2.071,-1.606,-0.309,0.537,1
P0395,V0395-0,-0.323,1.605,-0.796,1.89,-0.84,1.131,-0.44,0.859,1
P0393,V0393-2,-0.312,0.295,1.086,-1.861,-1.706,1.39,0.088,-0.625,0
P0042,V0042-0,1.871,0.909,-0.798,0.556,1.273,-0.044,0.491,0.872,1
P0396,V0396-3,2.253,-0.049,0.529,1.336,0.41,1.07,-0.921,0.503,1
P0221,V0221-0,-0.522,-1.883,2.066,0.357,-0.698,1.11,0.472,0.058,0
P0253,V0253-2,-0.218,0.014,0.923,-0.454,0.793,0.587,0.903,1.888,0
P0014,V0014-2,0.984,-1.062,0.953,-0.303,-0.125,-0.366,-0.827,0.275,1
P0382,V0382-5,-1.216,-0.61,0.831,-1.392,-0.158,-1.2,0.234,-1.336,0
P0267,V0267-2,1.036,1.675,-0.822,0.059,0.735,1.022,0.502,0.234,1
P0450,V0450-2,-0.751,-2.575,-0.927,2.589,0.432,-0.928,-1.019,2.477,1
P0213,V0213-2,-0.108,-0.678,-1.672,1.989,-0.471,-0.028,-1.011,-1.413,1
P0429,V0429-1,-0.703,-1.164,0.455,-1.048,0.9,1.717,-0.964,0.175,1
P0048,V0048-5,-1.109,0.63,-0.591,0.16,-0.852,-0.478,-1.716,0.099,0
P0307,V0307-5,-0.061,2.244,1.229,-0.581,-0.407,2.504,-0.986,-0.874,1
P0036,V0036-4,0.624,-0.298,0.173,0.07,0.841,-1.943,2.749,1.209,0
P0133,V0133-2,0.545,0.314,-1.529,-2.35,0.264,0.728,-0.286,-0.617,0
P0271,V0271-5,0.156,0.47,0.061,-1.949,1.596,0.871,1.136,-0.327,1
P0001,V0001-4,-1.069,-1.339,1.117,-0.968,1.449,-3.139,0.599,1.314,1
P0410,V0410-4,-1.271,-0.043,-0.203,-0.194,-2.209,0.06,-0.231,0.306,0
P0394,V0394-0,0.937,-0.347,-1.55,-0.215,0.101,-0.654,-0.219,1.708,0
P0126,V0126-3,0.302,-2.206,-1.543,-1.276,0.583,0.293,0.856,-0.412,1
P0377,V0377-4,3.356,0.927,-1.478,-0.605,-0.545,0.441,-0.658,-1.064,0
P0416,V0416-4,0.287,-1.523,-1.027,0.682,-0.406,0.25,1.23,-2.025,1
P0227,V0227-3,-0.399,0.081,1.568,-0.653,-0.058,0.668,-0.26,0.434,1
P0005,V0005-6,-0.644,1.878,-0.979,-0.301,-0.326,-1.111,-1.275,-1.023,0
P0025,V0025-2,-0.948,0.259,-2.07,0.02,-1.18,-0.876,-0.367,-1.476,0
P0230,V0230-3,-0.472,-1.875,-1.821,-0.488,-0.245,0.43,0.381,-0.469,1
P0090,V0090-0,1.223,-1.165,-0.652,0.3,-0.333,0.126,1.228,0.577,1
P0045,V0045-4,0.947,0.283,-0.183,-1.136,-0.364,1.278,0.175,1.706,0
P0094,V0094-2,-1.13,2.352,1.438,-0.374,-0.216,0.345,0.387,-2.173,1
P0092,V0092-0,0.39,0.142,0.031,0.397,-1.568,-1.801,0.858,0.002,0
P0445,V0445-1,-0.625,1.185,-1.799,0.48,-1.025,-0.245,1.718,-0.039,0
P0493,V0493-1,-0.472,-0.535,0.057,0.922,0.185,1.153,-2.185,-0.653,0
P0205,V0205-6,-1.819,-0.05,-0.936,0.625,-0.343,0.221,0.72,-1.14,0
P0294,V0294-5,-0.032,-0.882,1.701,-0.507,0.378,2.039,0.762,0.785,1
P0358,V0358-2,0.046,-0.472,-2.289,-0.852,-0.193,0.766,-0.661,-0.518,0
P0151,V0151-5,-0.242,1.009,-0.189,-1.855,1.073,0.149,0.733,-1.386,0
P0485,V0485-2,-0.735,-1.445,1.346,-0.354,-1.241,-1.348,-0.172,-2.005,0
P0108,V0108-0,-1.516,0.849,0.246,0.019,0.268,0.89,-1.617,1.464,0
P0048,V0048-1,-0.538,0.758,-0.77,0.706,-1.057,-0.675,-1.763,-0.293,0
P0079,V0079-1,-0.24,1.083,-0.39,-0.607,-0.176,0.182,-1.208,-1.215,1
P0379,V0379-0,0.683,-1.652,-0.941,-1.265,-0.999,0.8,0.518,0.635,0
P0048,V0048-2,-0.68,0.476,-0.813,1.091,-0.974,-0.433,-1.331,-0.399,0
P0303,V0303-0,-1.791,-0.256,1.479,0.196,2.56,1.115,0.985,0.108,1
P0440,V0440-0,-0.968,-0.656,1.142,0.95,0.796,1.386,-0.399,0.191,0
P0271,V0271-4,0.351,0.554,0.024,-1.188,1.278,0.089,1.769,-0.494,1
P0090,V0090-5,1.994,-0.175,-0.855,-0.262,0.341,0.658,0.552,0.089,1
P0249,V0249-3,-0.481,0.099,-0.56,0.184,1.984,-1.269,-0.39,0.717,1
P0491,V0491-2,-0.665,-0.958,-0.861,-0.621,1.549,2.242,-2.108,-1.785,1
P0400,V0400-3,-1.154,-1.722,-1.101,0.361,-0.102,-0.265,-0.408,-0.532,0
P0055,V0055-1,-0.902,-0.297,0.188,-0.566,0.238,0.57,-0.258,-0.21,0
P0096,V0096-0,-0.822,0.405,2.132,-0.108,-2.228,1.293,-0.191,0.25,0
P0342,V0342-0,-0.505,0.053,0.265,-0.601,-0.76,-0.429,-2.165,-0.515,0
P0450,V0450-7,-0.192,-2.802,-0.381,2.792,-0.043,-1.212,-1.038,1.841,1
P0450,V0450-4,-0.763,-2.479,-0.016,2.642,0.079,-1.063,-0.902,1.196,1
P0497,V0497-3,-1.365,-0.436,-0.126,3.435,0.883,1.862,1.746,1.295,0
P0181,V0181-1,-0.378,2.361,-1.236,1.795,1.641,-0.024,-2.265,-1.018,1
P0302,V0302-3,0.386,-0.143,0.659,0.727,-0.601,-1.783,-0.223,-0.676,1
P0122,V0122-4,0.338,2.438,-0.277,-1.558,0.025,-1.66,-0.438,1.121,0
P0372,V0372-3,-0.776,-0.602,-1.612,-0.525,0.262,-0.501,0.064,0.171,0
P0085,V0085-2,0.634,-0.381,1.022,-1.053,-0.077,-0.323,0.436,-0.945,0
P0242,V0242-2,-0.682,1.258,-0.307,-1.795,0.927,-0.927,-0.2,0.992,0
P0296,V0296-0,-2.859,-1.989,1.231,0.803,0.315,0.627,0.351,-0.105,0
P0208,V0208-3,0.834,-1.312,0.779,-0.794,-0.537,0.581,-0.573,2.465,1
P0280,V0280-0,-0.27,-0.826,-0.682,-0.882,-0.145,0.318,1.417,0.043,0
P0363,V0363-4,0.077,1.286,0.482,-0.6,1.286,0.362,-1.769,-1.124,1
P0376,V0376-0,0.625,1.164,-0.369,-0.556,0.248,-0.638,-2.685,-0.657,0
P0289,V0289-0,1.573,0.057,0.346,-1.163,-0.921,-1.211,-0.091,0.44,1
P0289,V0289-3,1.534,-0.334,0.279,-0.9,-0.641,-1.201,-0.032,0.417,1
P0348,V0348-3,-1.112,0.184,-0.198,0.123,-0.997,-0.268,0.95,1.516,0
P0346,V0346-4,0.268,0.252,-0.458,-2.705,0.44,-2.287,0.686,0.367,1
P0135,V0135-2,-0.473,-0.227,0.638,-1.378,-1.508,-0.352,-1.604,0.558,1
P0217,V0217-1,-0.408,1.103,-0.765,-0.818,-0.927,0.536,-0.078,-0.011,1
P0490,V0490-0,2.04,-1.032,0.079,1.087,0.602,0.249,0.032,-0.134,1
P0195,V0195-3,1.052,0.512,0.712,0.002,-1.057,-0.235,1.859,0.577,1
P0247,V0247-6,-0.585,0.945,0.214,0.447,1.398,-1.703,1.619,-1.295,0
P0221,V0221-1,-0.367,-1.306,2.773,0.246,-0.792,1.17,-0.107,0.674,0
P0416,V0416-2,-0.41,-1.833,-0.533,1.189,-0.515,0.346,0.3,-1.923,1
P0310,V0310-4,0.651,-0.1,-1.093,0.744,1.654,1.603,-0.667,0.648,1
P0009,V0009-3,1.12,-0.919,1.274,-0.381,-0.71,-1.685,0.116,1.764,0
P0109,V0109-0,-0.078,0.343,2.391,1.469,1.425,-0.619,-0.27,0.046,0
P0021,V0021-0,-0.866,-0.024,0.509,0.249,0.246,1.867,-0.252,-0.649,1
P0103,V0103-4,-0.139,-0.58,1.072,-0.317,-0.183,1.233,0.225,-0.942,0
P0008,V0008-1,-0.266,-0.978,0.439,0.232,-0.885,0.017,-0.16,-0.25,1
P0228,V0228-5,0.211,0.516,-0.544,0.115,-1.694,0.349,-0.512,0.739,0
P0407,V0407-7,0.979,-1.214,1.073,-0.258,-0.805,-1.305,1.133,0.603,1
P0352,V0352-4,0.037,0.204,-2.304,-0.127,0.532,-1.462,1.194,0.112,1
P0269,V0269-3,0.913,0.028,-0.013,-1.313,0.664,-0.63,-1.456,-2.061,1
P0015,V0015-1,0.821,0.647,0.143,0.918,1.864,1.419,-0.302,0.849,1
P0052,V0052-4,-2.062,-0.903,1.832,-0.297,0.175,1.974,1.172,0.382,0
P0369,V0369-1,-0.706,0.999,0.776,0.335,-1.137,1.039,-2.362,0.362,0
P0168,V0168-2,-1.983,-0.008,-0.285,0.088,0.584,-0.97,-0.008,0.719,0
P0060,V0060-4,-0.624,1.371,0.72,-2.811,-0.322,1.854,1.247,-1.434,0
P0417,V0417-1,0.891,0.753,0.18,0.107,0.221,-0.424,-0.983,0.157,1
P0266,V0266-1,-0.772,0.071,0.157,-1.007,-1.639,1.637,-0.673,0.364,0
P0273,V0273-3,-1.835,-0.388,-2.953,-1.441,1.209,0.8,0.611,-0.019,0
P0190,V0190-1,1.03,-0.512,0.374,-1.299,-0.391,0.371,0.438,-0.04,1
P0139,V0139-2,0.724,-0.035,0.127,-0.159,-0.296,1.717,0.894,-1.285,0
P0065,V0065-4,-0.828,2.73,-1.13,-1.132,-0.842,0.197,1.518,-0.593,0
P0094,V0094-4,-0.965,1.771,1.365,-0.247,0.034,0.155,0.957,-1.897,1
P0388,V0388-6,-0.239,0.433,0.934,0.035,-0.691,-1.111,0.403,0.754,0
P0071,V0071-2,1.073,-1.154,-0.642,1.696,0.134,-1.338,2.472,-1.356,1
P0330,V0330-1,-0.602,-0.37,-1.42,-0.548,1.697,1.048,0.224,0.14,0
P0464,V0464-6,-0.051,1.066,1.678,0.652,-0.668,-1.448,0.008,1.725,0
P0272,V0272-0,1.118,-0.626,1.545,-0.68,1.107,-2.059,1.475,-0.263,0
P0275,V0275-3,-0.665,-0.952,-0.051,-0.376,-0.547,-2.882,0.215,1.289,0
P0391,V0391-1,0.179,-0.611,0.696,0.915,1.049,1.111,-0.947,-0.685,1
P0226,V0226-0,-0.529,0.829,1.894,2.358,-1.228,1.274,-1.349,-0.549,0
P0401,V0401-1,0.369,-0.908,0.356,1.563,-1.357,1.408,0.617,1.252,1
P0214,V0214-2,-0.119,-0.13,-0.853,-0.275,0.833,-0.526,0.069,0.427,1
P0137,V0137-1,0.493,-0.372,-1.468,-0.559,-0.715,0.76,-2.237,-0.454,1
P0167,V0167-2,0.373,-0.135,0.395,0.686,0.714,1.35,2.065,-1.413,1
P0323,V0323-0,-0.34,0.994,-0.942,-0.679,1.808,1.211,-0.431,0.939,1
P0015,V0015-6,1.47,0.421,0.189,-0.206,2.303,0.757,-0.348,0.636,1
P0337,V0337-0,1.191,0.724,0.789,-0.571,-0.558,-0.094,-0.074,-0.442,1
P0267,V0267-1,0.732,1.29,-0.803,-0.104,0.879,0.985,0.216,-0.029,1
P0224,V0224-4,0.771,1.418,2.16,0.038,-1.28,-0.493,1.491,0.784,1
P0380,V0380-6,1.884,0.295,-1.193,0.448,2.432,0.765,-0.702,-0.005,1
P0487,V0487-2,0.146,-0.453,1.071,0.773,0.64,0.33,1.652,-0.659,0
P0191,V0191-3,-0.023,0.378,-1.048,-2.169,-0.4,0.376,-1.804,-0.276,0
P0386,V0386-6,-0.306,-1.683,0.129,0.886,0.066,-1.018,1.22,-1.709,0
P0342,V0342-2,-1.043,0.353,0.303,-0.818,-1.327,-0.374,-2.318,-0.226,0
P0294,V0294-4,-0.164,-0.484,1.433,-0.756,1.03,1.855,0.504,0.32,1
P0039,V0039-3,-0.37,1.437,-1.426,-0.766,0.064,-0.248,-0.011,-0.312,0
P0063,V0063-1,-0.008,0.399,0.933,-1.055,0.203,1.896,2.384,1.647,0
P0165,V0165-3,-0.036,0.701,0.733,-0.803,0.175,1.968,2.046,0.661,1
P0244,V0244-4,-0.399,0.322,-1.01,0.254,-0.627,0.817,-1.057,-0.11,1
P0219,V0219-1,-0.045,-0.349,-0.151,1.854,1.211,-0.557,0.409,-1.712,1
P0359,V0359-0,-0.217,0.236,-0.842,-1.382,1.278,0.74,-1.062,-0.551,0
P0107,V0107-0,-0.825,0.74,0.417,0.733,0.365,1.245,-0.168,-0.172,0
P0262,V0262-0,-0.288,-1.069,-0.136,0.301,-4.528,1.807,-0.432,2.23,1
P0131,V0131-4,-0.858,0.017,1.651,0.391,-0.155,0.37,-0.428,0.845,1
P0463,V0463-2,0.212,1.313,1.28,1.243,0.772,-1.485,-1.88,-0.495,0
P0292,V0292-3,-0.078,0.681,-2.013,1.031,-1.702,0.108,-0.421,0.296,0
P0471,V0471-2,1.465,-0.111,0.064,-0.102,0.569,-0.106,-1.376,1.33,1
P0177,V0177-3,0.949,0.047,0.401,-0.935,-1.492,-0.179,0.128,1.559,1
P0303,V0303-2,-1.747,0.05,1.602,0.378,2.164,0.845,1.38,0.308,1
P0391,V0391-2,0.336,-1.141,0.68,0.752,0.895,0.535,-1.119,-0.205,1
P0310,V0310-1,0.749,0.868,-1.634,0.182,1.8,1.628,-1.258,0.586,1
P0175,V0175-0,-0.191,0.114,0.285,-1.359,0.554,0.143,-2.956,0.505,1
P0447,V0447-7,0.596,0.796,-0.429,0.905,1.082,-0.97,-0.309,-1.128,1
P0183,V0183-3,-0.245,-0.483,0.422,-0.656,1.427,0.216,-0.22,0.062,1
P0297,V0297-3,1.709,0.505,0.633,1.008,-0.875,1.087,0.186,-0.9,1
P0042,V0042-1,0.752,0.731,-1.541,0.09,1.472,0.013,0.872,1.347,1
P0096,V0096-1,-1.82,0.107,1.629,-0.314,-1.441,0.987,-0.861,0.261,0
P0434,V0434-0,-1.846,-0.128,0.307,2.413,-0.159,-0.549,-0.111,1.459,0
P0024,V0024-4,0.184,0.885,0.336,2.841,0.557,0.117,0.104,0.948,0
P0215,V0215-1,0.859,0.639,-0.528,0.93,-1.049,0.016,-1.077,1.347,1
P0088,V0088-6,-1.144,0.105,2.13,-0.422,-0.601,-0.3,-0.88,-0.969,0
P0176,V0176-2,0.349,-0.099,0.273,-1.956,0.367,-0.291,-0.13,0.048,0
P0485,V0485-0,-1.197,-0.651,1.081,-0.041,-0.52,-1.337,-0.25,-1.889,0
P0096,V0096-5,-1.053,0.638,1.576,-0.123,-1.578,1.383,-0.404,0.073,0
P0288,V0288-2,1.15,-0.76,-1.076,-0.807,0.852,0.029,-0.068,1.026,1
P0188,V0188-6,-0.419,1.099,0.168,-0.42,0.993,-0.572,0.068,0.283,0
P0176,V0176-6,-0.196,-0.47,0.716,-1.392,-0.399,-0.386,0.431,-0.023,0
P0398,V0398-7,-0.655,-1.235,-0.365,0.429,-1.433,0.528,-0.79,0.061,1
P0440,V0440-4,-0.903,-0.308,1.485,0.944,0.385,1.486,-0.564,-0.364,0
P0024,V0024-2,-0.105,1.083,0.372,2.9,0.812,-0.233,0.756,1.379,0
P0468,V0468-5,-0.923,1.538,-0.895,-0.941,-0.466,-1.048,1.099,-0.474,0
P0019,V0019-1,1.607,2.017,0.73,1.284,-1.634,0.305,2.132,-0.636,1
P0127,V0127-3,-1.152,-0.31,-0.914,-0.184,0.25,0.892,-0.553,-2.235,0
P0224,V0224-0,0.606,0.888,2.071,-0.178,-1.161,-0.086,0.621,0.897,1
P0158,V0158-3,0.327,1.013,1.562,-1.07,-2.439,1.482,1.395,-0.776,1
P0317,V0317-2,0.218,-0.21,0.288,0.38,-0.632,-0.539,0.839,-0.39,0
P0200,V0200-4,-2.241,0.919,0.9,0.673,-0.25,-0.09,-2.063,-0.643,0
P0488,V0488-2,-1.751,1.144,0.144,0.371,-0.654,0.915,-1.003,-0.655,0
P0447,V0447-3,0.436,1.051,-0.222,1.019,0.966,-1.225,-0.081,-2.126,1
P0031,V0031-3,0.259,0.25,0.979,-0.308,1.458,-0.715,-0.045,-0.142,0
P0398,V0398-3,-0.202,-1.989,0.814,0.415,-1.659,0.646,-0.825,-0.244,1
P0256,V0256-4,-2.524,1.02,-0.052,-0.152,0.002,1.007,0.1,-0.197,0
P0189,V0189-2,-1.388,-1.333,0.436,-1.522,-0.484,1.083,0.221,0.333,0
P0363,V0363-7,-0.093,0.523,0.28,-0.203,0.937,0.135,-2.0,-1.337,1
P0067,V0067-5,0.753,0.312,-2.051,1.134,1.961,-1.104,-0.504,-1.248,1
P0413,V0413-7,-1.699,-0.691,-0.55,-0.153,-0.554,-0.226,0.082,-1.277,0
P0073,V0073-0,-0.909,1.217,0.65,0.416,0.618,0.674,1.566,1.488,0
P0468,V0468-4,-0.626,1.326,-0.175,-1.278,-0.118,-1.064,0.336,-0.43,0
P0327,V0327-3,0.889,2.338,0.406,0.232,-0.586,-1.025,-0.263,1.308,1
P0260,V0260-1,-0.86,-0.544,-0.022,-0.622,0.342,-0.311,0.3,0.972,1
P0103,V0103-1,-0.201,-0.175,1.568,0.092,0.122,0.859,0.87,-0.969,0
P0270,V0270-7,1.119,-1.238,-0.7,0.29,-1.147,-1.949,0.518,0.207,1
P0387,V0387-1,-0.33,1.675,-0.577,-0.767,-1.719,0.997,-0.963,-0.23,1
P0078,V0078-0,-0.345,-0.891,0.72,-0.587,0.487,1.731,-1.927,-1.377,1
P0125,V0125-4,0.427,-0.52,-0.481,0.633,1.37,1.497,0.491,-0.429,1
P0139,V0139-0,1.438,0.005,-0.408,-0.645,-0.523,1.592,0.959,-0.938,0
P0195,V0195-7,1.347,0.295,0.599,-0.373,-0.55,-0.047,2.005,-0.128,1
P0153,V0153-1,-0.351,0.812,-0.252,0.606,0.955,-0.765,-1.005,0.164,0
P0280,V0280-2,0.06,-1.519,-1.334,-0.837,-0.37,-0.254,1.101,-0.087,0
P0396,V0396-4,1.47,0.555,-0.499,1.113,-0.053,0.939,-0.883,0.661,1
P0051,V0051-2,-0.823,-1.45,1.821,2.033,0.716,0.007,1.66,-0.725,1
P0280,V0280-3,-0.407,-0.18,-0.832,-0.372,-0.669,0.233,1.192,-0.416,0
P0472,V0472-0,0.746,-0.511,0.768,0.452,0.42,0.918,0.102,-0.409,1
P0488,V0488-6,-2.391,2.066,0.28,0.919,-1.118,0.865,-0.924,-0.546,0
P0175,V0175-2,-0.095,0.229,-0.046,-1.005,0.611,0.198,-2.573,0.296,1
P0158,V0158-2,0.155,0.778,1.521,-1.063,-2.238,0.969,1.644,-0.529,1
P0284,V0284-3,-0.048,0.552,0.052,-0.305,0.579,0.034,-1.072,1.597,1
P0129,V0129-1,0.19,-0.395,-0.735,0.609,-0.086,1.616,-0.465,-1.437,1
P0461,V0461-4,0.222,1.13,-1.553,-1.966,-0.4,0.202,0.168,-0.54,1
P0481,V0481-0,-0.226,-0.692,0.357,-0.607,-0.668,1.835,0.806,0.554,1
P0488,V0488-4,-2.34,1.675,0.425,0.254,0.087,0.796,-1.368,-0.718,0
P0156,V0156-2,-0.652,-1.118,0.97,1.282,0.855,0.333,-0.963,-0.821,0
P0446,V0446-2,-2.078,-0.318,-0.957,-0.66,0.224,-0.984,0.583,-0.275,0
P0010,V0010-1,-0.251,0.471,0.458,-0.96,-0.271,0.308,-0.032,1.352,1
P0433,V0433-0,0.444,-1.552,0.718,-0.928,0.891,-0.824,0.809,-0.203,1
P0100,V0100-3,0.958,0.927,-0.16,-0.845,-0.145,-0.541,0.661,-0.957,1
P0120,V0120-2,-1.473,0.302,0.558,-0.455,-0.642,-0.012,1.289,1.753,0
P0487,V0487-1,-0.66,0.369,0.685,0.065,0.027,0.192,1.872,-1.047,0
P0365,V0365-0,-3.043,1.22,0.816,-0.577,-0.827,0.593,-0.701,-0.313,1
P0278,V0278-1,0.255,-1.036,1.468,-0.481,0.36,-1.352,0.625,-1.032,1
P0230,V0230-0,-0.745,-2.063,-1.613,-0.261,-0.225,1.321,0.365,-0.259,1
P0205,V0205-0,-1.695,0.454,-0.655,1.536,-0.255,0.456,0.337,-0.884,0
P0214,V0214-3,-0.375,0.119,-0.3,-0.374,0.646,-0.098,0.399,0.837,1
P0343,V0343-0,-1.518,1.183,-1.442,-0.139,-0.4,0.355,-0.232,-0.804,0
P0047,V0047-2,0.646,0.289,1.331,0.512,0.406,-1.085,1.381,-1.874,1
P0018,V0018-2,0.959,2.1,0.803,1.171,0.054,2.291,0.325,-1.207,0
P0157,V0157-4,0.88,1.352,-0.364,-0.871,-0.297,0.442,0.364,0.183,0
P0421,V0421-4,-0.585,1.421,0.291,1.051,-0.381,-0.693,-0.054,0.765,0
P0021,V0021-1,-1.291,-0.215,0.276,-0.325,0.215,1.825,0.435,-0.734,1
P0248,V0248-0,1.095,1.175,0.098,-0.697,1.24,0.508,1.234,-1.766,0
P0036,V0036-1,0.92,-0.376,-0.028,-0.263,0.665,-2.126,2.91,1.974,0
P0467,V0467-0,-0.39,-0.758,-0.28,-0.071,0.388,-2.179,0.104,0.206,0
P0259,V0259-0,1.854,-0.627,-0.936,-0.45,-0.125,0.649,0.396,-0.469,1
P0123,V0123-1,-0.312,-0.615,-1.616,0.522,0.777,2.802,0.045,-1.292,1
P0338,V0338-2,-0.025,-1.728,2.224,0.311,-0.632,-1.627,1.06,1.501,1
P0497,V0497-4,-1.534,-0.44,-0.342,3.081,0.7,1.737,1.711,1.015,0
P0434,V0434-4,-2.123,0.142,0.364,3.13,-0.179,-0.774,-0.028,1.89,0
P0015,V0015-4,0.589,0.093,-0.046,-0.055,1.722,0.975,-0.871,0.346,1
P0098,V0098-1,1.308,-0.416,-0.39,0.427,-0.489,0.533,-0.898,-0.314,1
P0078,V0078-2,-0.261,-1.264,0.801,-0.695,-0.088,1.567,-2.05,-1.232,1
P0264,V0264-0,1.22,0.033,0.274,-1.949,0.275,0.101,-2.398,1.159,1
P0287,V0287-0,-0.646,1.227,1.034,1.284,-0.183,0.266,1.333,2.118,0
P0422,V0422-4,-0.772,-0.297,1.592,1.911,0.363,-0.165,0.291,0.417,1
P0434,V0434-1,-1.829,-0.244,0.629,2.952,-0.115,-0.364,-0.43,2.042,0
P0238,V0238-1,-0.522,0.315,-2.571,-0.65,-0.027,-1.115,0.272,0.864,0
P0434,V0434-5,-1.276,0.159,0.208,2.707,-0.041,-0.231,-0.009,1.604,0
P0463,V0463-3,0.118,1.484,0.886,0.448,0.323,-1.465,-2.153,-0.064,0
P0276,V0276-0,0.929,-0.599,-1.45,-1.421,1.077,2.105,0.12,0.853,0
P0017,V0017-0,-0.621,1.638,-1.594,-0.298,0.021,-0.296,1.018,1.617,0
P0007,V0007-1,0.872,0.428,0.45,1.932,-0.865,-0.41,-1.84,-2.281,1
P0314,V0314-0,-2.393,-1.468,0.419,0.683,-0.636,0.992,0.049,-0.563,0
P0486,V0486-0,-1.588,0.236,0.269,-0.143,0.85,-0.821,0.092,0.102,1
P0114,V0114-4,-1.419,0.363,0.578,1.548,-0.477,0.676,1.728,-2.7,1
P0464,V0464-7,-0.525,1.44,1.367,0.06,-0.057,-2.076,0.307,2.049,0
P0385,V0385-2,-2.133,0.924,-1.39,-0.673,1.014,0.539,-2.329,-1.343,0
P0193,V0193-6,-0.952,0.761,-0.735,-0.457,0.215,-1.111,0.945,0.462,0
P0268,V0268-2,-1.391,-0.15,-1.564,0.562,-1.032,2.683,-0.158,0.429,1
P0051,V0051-0,0.28,-1.347,2.258,2.122,0.8,-0.188,0.681,-0.772,1
P0263,V0263-7,2.238,0.376,-0.967,-1.141,2.091,0.277,-0.744,1.054,0
P0481,V0481-6,-0.065,-0.719,-0.068,-0.689,-0.36,2.143,0.724,0.369,1
P0104,V0104-1,1.404,-0.064,0.807,-1.712,1.505,-1.82,-0.085,2.375,0
P0309,V0309-3,1.206,1.811,0.132,0.52,-0.664,-0.783,0.593,-1.951,1
P0447,V0447-5,0.329,-0.292,0.203,0.612,1.283,-1.691,0.161,-1.716,1
P0120,V0120-0,-1.001,0.182,0.411,-0.309,-0.416,0.222,1.465,0.968,0
P0069,V0069-1,-0.018,0.969,1.693,-0.61,-2.06,-0.191,-1.581,0.602,0
P0122,V0122-1,-0.186,3.141,-0.777,-1.86,0.257,-1.097,-0.138,1.349,0
P0392,V0392-7,0.432,-0.5,-1.065,-0.501,-0.809,-2.053,1.154,-0.895,1
P0047,V0047-3,0.523,-0.101,1.433,0.269,0.331,-0.683,0.967,-1.394,1
P0248,V0248-3,1.109,0.672,0.044,0.01,1.295,0.372,1.184,-1.179,0
P0420,V0420-1,-0.32,-0.917,1.741,-0.758,-0.297,0.699,1.251,-0.454,1
P0416,V0416-1,0.16,-1.423,-0.743,1.029,-0.002,-0.403,0.43,-1.936,1
P0022,V0022-2,-1.169,-0.395,-0.131,0.207,1.094,-0.37,-0.782,-0.22,1
P0484,V0484-3,-0.838,0.721,0.794,-0.965,-0.531,-1.408,0.432,0.962,0
P0345,V0345-4,1.218,2.438,-0.046,1.849,1.715,0.881,-0.531,-0.818,1
P0413,V0413-2,-2.047,-0.549,-0.357,-0.636,-0.587,0.198,0.217,-0.947,0
P0151,V0151-4,0.147,0.292,-0.008,-1.402,1.195,0.135,0.475,-1.163,0
P0451,V0451-1,0.136,-0.273,-0.798,0.161,0.827,0.755,-0.725,-0.284,1
P0073,V0073-3,-1.073,1.441,0.681,0.575,0.21,0.11,1.788,1.755,0
P0299,V0299-6,0.356,-3.23,0.06,-1.011,-0.159,-0.386,-0.988,0.134,1
P0469,V0469-2,0.754,0.009,1.869,0.356,-0.195,-0.186,-0.009,0.384,1
P0221,V0221-3,0.218,-1.248,2.745,0.741,-0.631,1.511,0.357,-0.023,0
P0269,V0269-0,0.18,1.472,0.401,-1.278,0.672,-0.573,-1.619,-1.974,1
P0230,V0230-4,-0.73,-1.591,-1.515,-0.785,-0.318,0.783,0.446,-0.3,1
P0094,V0094-1,-1.472,1.547,1.523,-1.379,-0.188,0.515,-0.04,-2.163,1
P0308,V0308-0,-0.359,-0.512,-0.091,-0.251,-0.947,-1.657,-0.431,0.664,1
P0410,V0410-0,-0.951,-0.461,0.557,-0.304,-1.885,0.254,-0.612,0.447,0
P0238,V0238-3,-0.732,-0.037,-3.072,-0.371,-0.388,-1.656,0.671,0.566,0
P0386,V0386-3,-0.773,-2.216,0.301,-0.055,-0.375,-0.88,1.43,-0.621,0
P0147,V0147-4,-1.732,0.505,2.15,-1.424,-0.421,1.739,0.357,0.719,0
P0082,V0082-1,-0.216,0.036,-0.304,0.571,1.016,0.678,2.689,0.741,1
P0384,V0384-6,-0.739,1.205,-0.168,-1.161,-0.826,-0.665,-0.821,-0.771,1
P0283,V0283-0,-0.134,-1.786,1.164,-0.057,1.66,-2.685,2.112,0.397,1
P0442,V0442-3,1.005,-0.151,0.434,0.071,-1.049,1.696,-0.193,-0.571,0
P0286,V0286-2,2.849,0.268,1.317,0.49,-0.412,0.332,0.756,-0.069,1
P0249,V0249-0,0.032,-0.306,-0.289,0.142,2.07,-1.232,-0.454,0.888,1
P0225,V0225-0,1.31,-0.251,1.251,-0.343,-0.628,-0.796,0.533,1.103,1
P0454,V0454-0,-0.425,1.212,0.063,-0.974,0.372,-1.479,-1.243,-0.58,1
P0243,V0243-1,-0.837,1.024,-0.918,0.237,-1.08,-0.791,0.613,1.692,0
P0180,V0180-3,-0.909,-1.452,0.702,1.717,0.128,-0.504,0.476,1.625,0
P0264,V0264-5,1.161,0.269,0.141,-2.232,-0.662,0.938,-2.135,0.342,1
P0464,V0464-4,0.147,0.761,1.291,0.571,-0.063,-1.192,0.483,1.535,0
P0074,V0074-6,-0.309,0.625,0.123,-0.003,-0.226,-0.738,-0.021,-1.038,0
P0458,V0458-6,-0.381,-0.444,0.304,1.02,-1.201,0.352,-1.045,0.659,0
P0360,V0360-0,0.545,0.355,0.35,0.718,0.361,0.278,-0.276,-0.27,1
P0109,V0109-1,-0.167,-0.507,2.685,0.595,1.02,-1.136,-0.231,0.652,0
P0303,V0303-6,-1.583,0.141,1.64,0.627,2.229,0.952,1.104,0.837,1
P0381,V0381-3,0.377,-0.264,0.294,-0.655,-0.001,-0.673,0.216,0.505,0
P0011,V0011-3,-0.586,-2.382,0.946,0.061,0.829,1.105,1.258,0.496,1
P0268,V0268-4,-2.137,-0.404,-1.553,0.36,-1.052,2.867,-0.287,0.313,1
P0416,V0416-5,-0.056,-1.22,-1.052,0.85,-0.555,-0.018,0.734,-2.138,1
P0250,V0250-2,-1.054,-0.383,-0.338,-1.412,3.117,1.312,0.322,0.166,0
P0036,V0036-6,0.613,-0.587,-0.362,0.248,0.892,-1.862,2.576,1.596,0
P0466,V0466-3,-1.081,0.346,-0.961,0.769,1.995,1.343,0.952,-1.127,0
P0135,V0135-5,-0.729,-0.456,0.638,-0.989,-1.704,-0.188,-1.7,0.355,1
P0259,V0259-6,1.033,-1.029,-0.85,0.097,-0.225,0.449,0.227,-0.298,1
P0339,V0339-1,1.081,-0.365,0.689,0.358,-0.425,0.549,-0.872,0.48,1
P0061,V0061-0,0.98,-0.286,0.627,-0.686,0.344,-0.242,0.127,-1.396,1
P0251,V0251-4,-0.427,-2.078,-0.509,-1.196,-2.469,-0.641,-0.56,-0.579,1
P0299,V0299-4,-0.16,-2.727,0.599,-1.11,-0.282,-0.044,-0.597,-0.368,1
P0023,V0023-0,1.023,1.248,-0.619,-0.747,0.651,0.221,1.284,-0.963,1
P0389,V0389-0,1.677,-0.249,-1.818,-0.301,-0.923,0.546,-1.819,-0.053,0
P0182,V0182-2,-0.286,0.591,1.049,-0.634,0.405,-2.017,0.183,1.355,0
P0132,V0132-0,-0.482,-0.381,-0.017,-1.22,-1.256,-2.034,-1.299,-0.034,0
P0107,V0107-3,-0.296,0.614,0.048,0.659,0.115,1.077,0.431,-0.201,0
P0049,V0049-5,-1.252,2.731,1.114,1.576,-0.029,0.447,-0.065,-0.625,0
P0218,V0218-3,-0.292,-0.285,-0.519,-1.468,-0.382,0.934,0.477,-0.129,1
P0132,V0132-2,-0.769,0.659,-0.115,-1.49,-1.515,-1.753,-0.951,-0.919,0
P0431,V0431-0,0.134,2.036,-0.14,0.08,-0.255,-0.612,-0.427,-1.191,1
P0046,V0046-0,-0.54,0.594,-0.833,0.229,0.063,0.395,0.015,2.026,0
P0188,V0188-3,-0.194,1.486,0.099,-0.967,0.751,-1.219,-0.35,-0.576,0
P0381,V0381-6,0.093,-0.793,0.213,-0.069,0.367,-0.673,0.297,0.433,0
P0155,V0155-0,-0.759,-0.247,-1.613,-0.902,0.813,-1.828,-1.359,-1.486,0
P0389,V0389-5,1.813,-0.441,-1.898,0.008,-1.43,0.327,-2.19,-0.442,0
P0393,V0393-0,-1.523,0.678,0.381,-0.862,-2.446,1.094,0.724,-0.307,0
P0074,V0074-4,-0.276,1.151,0.646,0.205,-0.592,-0.885,0.265,-1.668,0
P0385,V0385-3,-2.034,0.347,-1.323,-0.935,1.254,0.315,-2.527,-1.853,0
P0180,V0180-0,-0.709,-1.625,1.071,2.248,-0.803,-0.309,0.567,1.446,0
P0263,V0263-5,1.844,0.877,-1.006,-1.063,2.775,-0.301,-1.284,-0.02,0
P0159,V0159-2,1.113,1.397,0.613,0.317,-1.247,-0.576,0.212,-1.278,1
P0018,V0018-6,1.233,1.775,0.553,0.478,0.383,1.798,0.365,-1.392,0
P0214,V0214-5,-0.11,-0.177,-1.516,0.445,0.365,-0.32,0.221,1.148,1
P0436,V0436-2,0.704,0.964,-1.636,-1.027,-1.413,1.45,0.349,-0.08,1
P0370,V0370-6,-0.012,-0.587,1.771,0.247,-0.578,-1.756,0.634,-0.103,1
P0370,V0370-0,0.258,-1.202,0.968,-0.308,-0.122,-1.574,0.754,-0.352,1
P0399,V0399-5,-0.776,1.028,1.976,0.029,-1.205,-1.299,1.203,0.419,0
P0183,V0183-1,-0.034,-1.001,1.52,-0.956,1.029,-0.631,0.004,0.408,1
P0437,V0437-1,-0.383,0.711,0.753,1.039,0.585,-0.953,-1.362,-0.744,1
P0134,V0134-3,-0.918,0.896,-0.243,2.906,0.008,-0.839,0.241,-0.403,0
P0113,V0113-6,0.637,-1.201,1.291,-0.748,-0.832,1.169,1.688,0.033,1
P0056,V0056-1,0.261,-1.034,-1.374,-0.961,0.204,-0.039,-0.043,0.955,0
P0370,V0370-7,0.664,-1.306,1.008,-0.423,0.001,-1.405,0.254,-0.474,1
P0162,V0162-1,1.146,-0.836,0.374,0.572,0.818,-0.851,-0.114,-1.774,0
P0106,V0106-1,-0.64,-2.215,0.143,-1.199,1.007,0.273,-0.245,0.744,1
P0125,V0125-5,0.442,-0.097,-0.747,1.1,1.923,0.919,-0.017,-0.329,1
P0100,V0100-5,0.846,0.877,0.144,-0.781,-0.127,-0.334,1.104,-1.031,1
P0387,V0387-4,-0.387,1.241,-0.935,-0.892,-2.367,1.314,-0.584,0.637,1
P0399,V0399-3,-0.811,1.163,2.048,0.201,-0.796,-0.526,1.437,-0.584,0
P0325,V0325-1,0.909,0.655,1.035,-0.176,-0.038,-1.203,-1.043,-1.781,1
P0029,V0029-1,-0.001,1.804,-0.288,1.555,0.919,-0.773,0.05,0.587,1
P0159,V0159-5,0.992,1.057,0.411,0.555,-1.335,-0.391,1.06,-1.924,1
P0450,V0450-5,0.016,-2.361,-0.396,2.768,-0.407,-1.07,-1.114,1.718,1
P0426,V0426-6,-0.992,-1.307,-0.028,0.324,-0.284,-2.233,-1.009,-2.191,1
P0071,V0071-5,0.58,-0.642,-0.898,1.263,0.226,-1.293,2.421,-1.639,1
P0338,V0338-5,0.178,-1.708,2.651,0.67,-0.155,-1.538,1.355,1.069,1
P0045,V0045-6,0.709,0.35,-0.137,-1.135,0.083,1.554,-0.337,1.679,0
P0190,V0190-2,0.689,-0.65,0.077,-1.788,-0.703,0.899,-0.1,-0.244,1
P0083,V0083-1,-0.908,-1.733,1.164,-1.364,0.058,0.005,1.233,1.257,1
P0249,V0249-6,0.001,0.287,-0.33,-0.079,1.841,-1.154,-0.089,0.38,1
P0150,V0150-0,-0.014,0.065,-0.889,-1.824,-0.472,0.688,0.776,1.99,0
P0015,V0015-2,1.273,0.356,0.116,0.278,1.884,0.961,-0.429,0.538,1
P0247,V0247-2,-0.276,1.818,-0.03,-0.027,1.695,-1.22,1.457,-0.912,0
P0100,V0100-2,0.573,-0.242,0.166,-0.843,-0.072,-0.376,1.144,-1.003,1
P0354,V0354-0,1.236,-1.34,-1.469,-0.152,-0.68,0.936,1.019,1.005,1
P0239,V0239-7,-0.8,-0.023,-0.21,1.003,0.97,0.938,1.185,0.208,1
P0484,V0484-2,-0.225,0.653,0.987,-0.79,-0.944,-2.066,-0.043,0.835,0
P0444,V0444-1,0.524,-1.563,1.029,-0.115,0.241,-1.916,0.337,0.002,1
P0271,V0271-6,0.288,0.613,0.101,-1.13,0.999,0.625,1.518,-0.784,1
P0168,V0168-0,-1.341,0.255,0.418,-0.053,-0.543,-0.582,-0.1,0.041,0
P0418,V0418-3,-1.823,0.656,-0.671,2.498,-1.534,-0.004,0.541,0.253,0
P0377,V0377-3,4.201,0.995,-1.39,-0.508,-0.561,0.073,-0.476,-0.972,0
P0375,V0375-4,1.757,-0.878,0.379,1.222,1.309,1.555,0.336,-0.504,1
P0300,V0300-2,-0.44,0.63,1.053,1.26,-0.287,-0.75,0.422,0.165,0
P0239,V0239-6,-0.633,0.087,-0.448,0.953,0.188,0.789,0.813,0.612,1
P0453,V0453-0,-2.13,-1.891,1.477,-1.517,-1.464,0.295,0.31,-1.238,0
P0439,V0439-4,-0.153,-1.387,1.854,1.438,-1.1,0.384,0.996,1.185,0
P0384,V0384-3,0.079,1.378,-0.558,-0.881,-0.169,-0.954,-0.383,-0.668,1
P0411,V0411-0,-1.445,-0.041,-0.254,-1.971,-0.48,-0.953,-0.676,-0.627,0
P0211,V0211-1,-0.713,-1.708,-1.518,-0.259,-2.433,1.076,-1.261,-2.091,1
P0082,V0082-4,0.263,-0.327,0.264,0.963,1.135,0.179,2.455,1.25,1
P0118,V0118-4,-0.723,1.22,0.036,0.975,1.276,-0.17,2.293,-1.036,1
P0373,V0373-0,1.528,-1.085,-0.588,0.238,1.389,0.909,1.143,0.331,1
P0424,V0424-2,1.62,0.464,0.304,1.885,-0.662,0.815,1.023,-2.17,1
P0483,V0483-5,-0.582,1.675,-1.143,0.353,-1.125,-0.287,0.515,0.447,0
P0241,V0241-1,-1.471,-1.882,-0.674,-0.142,0.404,0.901,1.053,0.447,0
P0411,V0411-1,-0.947,0.264,0.299,-1.754,-0.559,-0.621,-1.597,-0.506,0
P0277,V0277-6,0.258,-0.048,-0.482,0.286,1.999,0.049,3.181,-0.133,1
P0361,V0361-2,-0.292,-1.242,-0.951,-0.04,0.415,-0.122,0.094,0.18,1
P0024,V0024-0,0.013,1.243,0.52,2.521,0.119,-0.093,0.627,1.24,0
P0419,V0419-2,3.03,1.474,1.119,0.989,0.246,-0.619,-0.085,-2.166,1
P0425,V0425-6,0.348,-0.829,-0.442,0.271,-1.402,0.721,0.666,-0.274,1
P0353,V0353-2,-2.176,0.498,-0.535,0.153,-0.846,0.039,0.154,1.396,1
P0079,V0079-3,0.318,0.686,-0.678,-0.478,-0.559,-0.356,-1.065,-1.469,1
P0028,V0028-1,-0.265,-0.106,-1.564,-1.621,-1.621,-1.133,0.16,0.098,0
P0067,V0067-2,0.63,0.604,-2.089,1.475,1.496,-1.077,-0.554,-1.234,1
P0291,V0291-6,-0.693,1.419,-0.205,0.932,0.13,1.34,1.214,-1.251,0
P0328,V0328-2,0.416,0.087,-0.468,-0.436,1.324,0.916,0.495,0.596,0
P0490,V0490-2,2.667,-1.218,-0.018,1.056,0.048,0.191,-0.444,-0.305,1
P0077,V0077-1,0.111,-1.551,1.463,-0.384,-0.102,1.275,0.405,-0.695,1
P0011,V0011-6,-0.706,-1.967,0.906,-0.031,-0.061,1.2,1.367,0.441,1
P0381,V0381-1,0.702,0.035,0.248,-0.505,0.486,-0.682,0.235,1.166,0
P0040,V0040-1,-2.428,-1.035,0.792,1.138,-0.477,-0.398,-0.323,-1.703,0
P0100,V0100-6,0.87,-0.034,-0.266,-0.786,0.446,-0.186,0.539,-1.396,1
P0068,V0068-0,-0.304,0.843,1.897,1.183,0.694,-0.824,-2.549,0.423,0
P0018,V0018-0,0.935,2.008,0.724,0.811,0.681,1.977,-0.135,-1.151,0
P0333,V0333-2,-0.29,-0.772,1.151,0.738,0.103,0.424,1.697,-1.766,1
P0322,V0322-0,-0.064,-0.209,-0.665,-1.362,-1.418,-1.376,-2.268,-0.895,1
P0220,V0220-0,-0.333,-0.177,-0.564,0.368,1.509,-0.017,-1.684,0.027,1
P0305,V0305-0,2.019,-0.028,-2.694,1.202,-0.034,-0.491,-0.051,-1.134,1
P0198,V0198-0,-0.61,-0.912,-0.425,-1.83,0.175,-3.342,-0.055,0.427,1
P0026,V0026-3,-1.016,-1.008,-0.452,-0.002,0.182,-0.359,1.777,-0.691,1
P0389,V0389-4,1.742,-0.072,-1.974,0.157,-0.496,0.011,-1.841,-0.048,0
P0242,V0242-0,-0.709,0.953,-0.86,-2.224,0.865,-1.17,-0.368,1.804,0
P0433,V0433-2,0.039,-0.961,0.931,-1.203,0.661,-1.906,0.917,-0.432,1
P0319,V0319-0,0.538,-1.966,-1.175,-0.968,0.257,-0.336,-1.113,-0.829,1
P0377,V0377-1,3.835,0.834,-0.787,-0.697,-0.064,0.461,-0.287,-0.725,0
P0371,V0371-0,-2.048,-1.425,1.766,1.065,0.688,0.064,0.323,0.641,0
P0418,V0418-2,-0.889,-0.524,-0.824,2.164,-1.337,0.056,1.034,1.314,0
P0251,V0251-3,-0.616,-1.305,-0.258,-1.08,-2.407,-0.684,-0.679,-0.601,1
P0361,V0361-0,-0.044,-0.622,-0.462,-0.053,1.506,0.657,-0.424,-0.201,1
P0047,V0047-0,0.451,0.546,1.457,0.895,0.479,-0.695,0.419,-1.622,1
P0328,V0328-1,0.806,0.406,-0.505,-0.445,0.919,0.718,0.771,0.584,0
P0045,V0045-0,0.734,0.379,-0.619,-0.931,-0.102,2.086,-0.605,1.976,0
P0466,V0466-5,-1.424,-0.257,-1.11,0.497,1.533,1.443,0.784,-1.21,0
P0067,V0067-1,1.788,0.924,-1.548,0.669,1.23,-0.771,-0.161,-1.24,1
P0022,V0022-3,-1.067,-1.575,-0.167,-0.469,1.398,-0.335,-0.763,0.227,1
P0341,V0341-0,1.581,1.285,-1.339,-0.989,-0.987,0.827,0.064,1.126,1
P0118,V0118-0,-0.447,1.766,-0.15,1.348,1.132,0.287,1.934,-0.687,1
P0112,V0112-4,1.612,0.265,1.122,-1.001,2.961,-0.91,0.662,1.505,0
P0064,V0064-0,-0.135,0.679,1.073,2.064,-1.186,0.112,-1.749,1.125,0
P0224,V0224-2,0.601,0.454,2.456,0.389,-1.443,-0.155,1.254,1.081,1
P0466,V0466-1,-0.703,-0.653,-0.917,0.681,1.931,1.794,0.849,-1.476,0
P0037,V0037-4,0.748,-0.008,-0.105,-1.118,-0.104,0.721,0.943,0.341,1
P0046,V0046-5,-1.152,0.636,-0.864,0.273,-0.379,0.597,0.003,1.387,0
P0035,V0035-4,0.132,-0.719,1.044,0.203,0.943,-0.008,-2.628,-0.992,0
P0126,V0126-0,-0.016,-2.423,-1.648,-1.207,0.702,0.276,0.488,-0.391,1
P0076,V0076-0,-1.411,-1.778,-1.008,0.242,0.002,0.009,0.33,-0.907,1
P0200,V0200-3,-2.53,0.7,0.078,0.323,0.245,-0.146,-1.604,-0.588,0
P0396,V0396-0,1.219,0.244,-0.416,1.401,0.153,0.834,-0.74,0.418,1
P0312,V0312-2,0.071,-0.952,0.504,-0.757,-2.384,-1.018,-1.174,-0.202,1
P0133,V0133-3,-0.171,0.428,-0.812,-2.876,-0.711,0.302,0.429,-0.435,0
P0379,V0379-1,0.64,-1.141,-1.273,-1.552,-1.187,0.498,0.743,0.596,0
P0372,V0372-4,-0.351,-0.51,-2.209,-1.245,0.162,-1.019,0.282,-0.492,0
P0138,V0138-2,-0.114,0.227,0.556,1.343,0.261,0.717,0.626,-1.078,0
P0072,V0072-2,-0.382,0.625,0.775,0.225,1.101,-2.057,-1.324,0.636,1
P0286,V0286-0,2.178,0.114,0.815,0.286,-0.669,0.655,1.016,-0.151,1
P0276,V0276-1,0.33,-0.625,-1.498,-1.31,1.398,2.0,0.767,0.202,0
P0283,V0283-3,-0.586,-0.967,1.048,-0.497,0.682,-3.181,1.672,0.124,1
P0063,V0063-4,0.276,-0.136,1.429,-0.891,0.021,1.344,1.942,0.593,0
P0123,V0123-2,-0.376,-0.144,-2.028,0.636,1.253,2.724,0.192,-0.995,1
P0263,V0263-3,2.142,0.743,-1.372,-0.775,1.752,-0.626,-0.617,0.38,0
P0213,V0213-1,-0.019,-0.693,-1.57,1.851,-0.324,0.843,-1.636,-1.26,1
P0052,V0052-1,-2.796,-0.506,1.327,0.543,0.238,2.226,0.843,0.115,0
P0220,V0220-1,-0.8,-0.186,-0.635,-0.253,1.471,-0.498,-1.236,-0.073,1
P0491,V0491-1,-0.311,-1.362,-0.212,-0.63,1.274,2.155,-2.34,-1.248,1
P0110,V0110-0,0.522,-0.884,0.468,-0.057,-1.615,-1.515,2.089,0.352,0
P0234,V0234-0,-0.962,-1.195,0.299,-1.008,-0.971,0.363,1.164,0.972,0
P0339,V0339-2,1.033,-0.015,0.477,1.053,-1.197,0.612,-0.876,0.78,1
P0370,V0370-1,0.778,-1.501,1.037,0.19,-0.212,-1.368,0.317,-0.256,1
P0349,V0349-3,-1.459,-0.028,-2.213,0.639,1.199,-0.838,-0.82,0.381,1
P0020,V0020-1,1.413,-1.195,1.046,0.23,1.029,-0.095,0.192,2.129,1
P0420,V0420-6,-0.051,-0.234,1.405,-0.721,-0.306,0.789,1.633,-1.048,1
P0304,V0304-5,2.037,-0.175,0.235,-0.191,0.299,1.009,0.3,0.907,1
P0024,V0024-1,0.383,0.532,0.666,3.031,-0.111,-0.301,0.503,0.653,0
P0126,V0126-2,0.273,-2.126,-1.156,-1.372,0.781,0.544,0.476,-0.552,1
P0136,V0136-1,-0.465,0.68,-0.082,0.817,-2.086,1.142,-0.484,1.483,1
P0003,V0003-5,-0.61,0.58,1.723,-0.853,-1.651,0.424,1.385,-1.135,0
P0181,V0181-0,0.058,1.768,-0.547,1.677,2.508,0.511,-1.648,-1.55,1
P0048,V0048-0,-0.72,0.25,0.042,0.882,-0.854,-0.352,-2.115,-0.534,0
P0010,V0010-0,-0.418,0.612,0.037,-1.681,-0.386,0.99,0.621,1.154,1
P0242,V0242-4,-0.762,1.485,-1.146,-1.995,1.277,-0.284,-0.157,1.734,0
P0190,V0190-5,1.449,-0.744,0.566,-1.036,-0.662,1.307,-0.306,-0.449,1
P0089,V0089-1,-1.845,-0.513,0.53,-1.892,0.442,1.357,0.565,-0.011,0
P0357,V0357-1,1.147,-0.487,0.531,-0.705,1.423,0.682,-0.759,-1.435,1
P0142,V0142-2,-1.242,0.397,2.091,-0.943,0.183,-0.047,2.356,-0.088,0
P0464,V0464-5,0.24,0.852,1.609,0.027,-0.86,-0.836,0.062,1.587,0
P0417,V0417-0,1.294,0.564,-0.518,0.115,0.128,-0.556,-1.4,-0.388,1
P0167,V0167-5,-0.072,0.288,0.625,-0.026,0.202,1.627,1.438,-1.052,1
P0058,V0058-5,0.569,-1.108,-1.05,0.654,-0.954,0.827,-0.156,-1.716,0
P0425,V0425-3,0.315,-1.255,0.278,-0.211,-0.782,0.272,0.448,-0.156,1
P0033,V0033-4,1.03,0.634,0.245,-0.25,0.011,2.307,-0.51,-0.1,1
P0419,V0419-3,2.996,2.053,1.444,0.911,0.451,-0.411,-0.155,-1.888,1
P0340,V0340-5,0.495,-2.401,1.367,-0.17,0.073,-0.316,0.454,0.442,0
P0341,V0341-3,1.174,1.341,-1.336,-1.485,-0.361,1.108,0.428,1.567,1
P0055,V0055-0,-1.293,-1.153,0.623,-0.257,0.676,0.332,-0.714,-0.198,0
P0336,V0336-0,0.076,0.176,0.236,0.193,-0.372,0.683,-1.19,0.528,0
P0256,V0256-2,-1.692,1.082,0.074,-1.091,0.445,1.025,0.698,-0.226,0
P0318,V0318-3,0.33,-0.83,0.579,-0.622,1.759,0.333,0.438,-0.462,0
P0192,V0192-0,-0.936,1.334,0.18,-1.72,-0.504,0.316,-0.456,0.847,0
P0291,V0291-2,-0.289,1.308,-0.33,0.899,0.133,1.612,1.618,-1.46,0
P0423,V0423-3,0.045,2.057,-0.084,1.365,-0.498,0.188,-0.571,-1.215,0
P0388,V0388-2,0.05,0.192,0.712,-0.383,-1.155,-1.546,-0.302,0.688,0
P0341,V0341-7,1.192,1.491,-1.562,-1.5,-1.035,1.116,0.61,0.965,1
P0148,V0148-2,-1.054,-0.222,2.778,-1.414,0.225,-0.61,-0.736,-1.214,0
P0251,V0251-0,-0.036,-2.106,-0.544,-1.28,-1.922,-0.956,-0.591,-0.778,1
P0067,V0067-0,1.539,0.286,-2.124,0.967,1.377,-1.1,-0.104,-1.204,1
P0059,V0059-4,0.597,-1.474,-1.472,0.066,-0.668,0.516,1.181,-0.161,1
P0461,V0461-2,0.293,0.863,-1.899,-1.867,-0.251,0.59,0.379,0.63,1
P0493,V0493-4,0.307,-0.878,-0.699,1.132,0.163,1.611,-2.061,-1.292,0
P0192,V0192-2,-0.212,1.096,-0.64,-2.654,-0.114,0.216,-0.458,0.475,0
P0267,V0267-3,1.001,2.154,-0.551,0.469,1.502,0.419,-0.143,0.279,1
P0284,V0284-4,0.387,0.283,-0.273,-0.145,0.091,0.351,-0.25,1.408,1
P0468,V0468-0,-1.339,1.253,-0.563,-1.336,-0.472,-0.886,0.878,0.237,0
P0032,V0032-1,-1.684,2.594,0.149,-0.118,0.929,0.536,-0.176,-0.363,0
P0084,V0084-3,-0.088,-1.907,0.899,-0.835,-0.196,-1.398,-0.411,-0.912,0
P0045,V0045-3,0.493,0.705,-0.118,-1.063,0.131,1.814,-0.56,2.144,0
P0463,V0463-0,-0.045,1.268,0.379,0.978,0.972,-2.061,-2.542,-0.306,0
P0002,V0002-1,0.102,1.666,-0.133,-0.245,-0.49,0.377,-1.664,1.776,0
P0312,V0312-3,-0.17,-0.328,0.807,-0.73,-2.306,-0.53,-1.105,-0.028,1
P0123,V0123-5,0.133,-0.484,-2.469,0.855,1.658,2.534,0.366,-1.364,1
P0225,V0225-3,1.902,-0.087,0.998,-0.416,-0.671,-1.197,0.138,1.134,1
P0017,V0017-2,-0.364,2.219,-1.655,0.276,0.034,-0.385,0.612,1.778,0
P0123,V0123-0,0.066,-0.3,-1.886,1.41,1.513,2.863,0.435,-0.969,1
P0450,V0450-0,-0.376,-2.503,-0.238,3.347,-0.262,-1.284,-1.02,1.744,1
P0285,V0285-0,-0.205,-0.221,0.364,-0.501,-0.042,-0.147,-1.466,0.642,1
P0177,V0177-2,0.997,0.521,0.597,-1.054,-1.802,-0.428,-0.169,1.198,1
P0401,V0401-2,0.218,-0.382,0.232,1.821,-1.707,1.045,0.44,0.833,1
P0183,V0183-0,-0.311,-0.904,1.381,-0.07,1.113,-0.6,-0.19,0.265,1
P0283,V0283-5,-0.712,-1.38,1.333,-0.577,1.399,-2.463,2.692,0.365,1
P0262,V0262-1,0.071,-1.142,0.432,0.021,-4.394,2.375,-0.282,2.294,1
P0157,V0157-2,0.317,1.221,-0.229,-1.514,-0.819,0.817,0.275,-0.279,0
P0394,V0394-2,0.881,0.044,-0.882,-0.571,-0.448,-0.2,-1.029,1.754,0
P0059,V0059-2,0.216,-0.618,-1.391,0.204,-0.473,0.738,1.323,0.374,1
P0485,V0485-4,-0.802,-1.377,1.357,-0.527,-0.293,-1.256,0.247,-2.175,0
P0177,V0177-0,0.512,0.206,0.442,-1.264,-1.3,-0.059,-0.555,1.809,1
P0472,V0472-2,-0.122,-0.831,0.848,0.886,0.834,0.67,0.019,0.073,1
P0005,V0005-2,-0.357,1.336,-0.391,-0.716,-0.88,-1.309,-1.262,-1.03,0
P0307,V0307-2,-0.124,1.728,2.063,-1.094,-0.18,2.436,-1.363,-0.839,1
P0221,V0221-2,-0.557,-1.071,2.555,0.028,-0.897,1.257,0.969,-0.092,0
P0250,V0250-1,-1.319,-0.188,0.106,-1.048,3.143,1.859,0.409,0.142,0
P0425,V0425-7,0.446,-0.262,-0.094,-0.652,-0.321,0.419,0.675,-0.656,1
P0489,V0489-0,0.685,1.168,1.395,0.055,-0.261,0.562,-1.929,-1.208,1
P0100,V0100-0,0.928,-0.002,0.105,-0.566,0.031,-0.287,0.631,-1.123,1
P0326,V0326-2,0.105,1.665,1.007,0.089,-0.382,-0.073,0.134,-0.297,0
P0014,V0014-1,0.713,-0.242,1.061,-0.133,0.327,-0.261,-1.306,0.22,1
P0104,V0104-2,1.334,-0.283,0.323,-1.755,1.06,-2.407,-0.378,2.537,0
P0266,V0266-3,-0.451,-0.148,0.233,-1.628,-1.161,1.451,-0.759,0.46,0
P0295,V0295-0,-0.145,-1.321,-2.448,-1.375,-1.38,-1.958,0.42,-0.809,1
P0226,V0226-1,0.149,0.89,1.827,1.528,-1.643,1.072,-1.243,-0.108,0
P0113,V0113-1,-0.005,-0.853,0.612,-0.484,-1.257,1.564,1.495,-0.29,1
P0035,V0035-2,-0.406,-0.555,1.413,0.274,1.307,0.272,-2.821,-0.417,0
P0020,V0020-5,1.675,-0.839,1.03,0.218,0.843,-0.598,-0.351,2.089,1
P0320,V0320-4,0.652,0.097,-0.845,0.645,-0.592,-0.371,0.583,0.619,1
P0306,V0306-0,0.739,0.07,-2.484,0.879,-0.23,0.09,-0.302,-0.154,1
P0021,V0021-6,-1.035,-0.519,0.712,0.19,-0.061,1.577,-0.28,-0.344,1
P0057,V0057-2,-1.754,-0.403,-0.972,0.653,0.704,0.018,0.046,-0.497,0
P0226,V0226-6,-0.913,0.54,2.183,2.232,-0.676,1.129,-1.163,-0.517,0
P0222,V0222-0,1.028,-0.139,2.294,-0.068,0.296,0.909,-0.716,-0.17,0
P0128,V0128-6,0.82,0.788,-0.957,-0.55,1.695,0.344,-0.625,-1.167,1
P0368,V0368-1,-0.983,-0.812,-1.986,0.565,-0.356,-0.886,-0.002,-1.401,0
P0156,V0156-3,-0.901,-1.345,0.583,1.312,0.713,0.525,-0.626,-1.51,0
P0451,V0451-0,0.625,-0.522,-0.326,-0.086,0.89,0.594,-0.878,0.544,1
P0412,V0412-4,0.315,0.049,0.501,1.904,-1.245,-0.686,2.078,-0.202,0
P0274,V0274-3,0.214,-0.291,-0.521,-0.173,0.938,-0.408,1.778,-0.858,1
P0322,V0322-5,-0.064,-0.206,-0.49,-1.473,-1.281,-0.636,-2.13,-1.183,1
P0125,V0125-1,0.741,-0.204,-0.502,0.402,2.433,1.7,-0.223,0.117,1
P0321,V0321-1,0.904,-2.153,1.168,1.311,-0.098,1.099,-0.438,-0.081,1
P0101,V0101-1,-0.196,0.842,0.064,0.393,-0.05,-0.783,-0.709,-0.592,0
P0447,V0447-6,0.441,0.438,0.138,1.357,0.954,-1.588,0.406,-1.635,1
P0082,V0082-0,0.559,-0.335,-0.79,1.699,1.045,1.188,2.387,0.891,1
P0127,V0127-4,-0.945,-0.27,-0.965,0.664,0.274,0.478,-0.403,-1.884,0
P0327,V0327-2,1.237,2.468,1.064,-0.124,-1.018,-1.754,-0.003,1.518,1
P0021,V0021-5,-1.139,-0.181,1.141,-0.441,0.459,1.548,-0.105,-0.303,1
P0372,V0372-5,-0.692,-0.788,-1.496,-0.952,0.413,-1.157,0.55,0.399,0
P0055,V0055-4,-1.178,-0.46,0.557,-0.28,-0.083,0.691,-0.377,-0.038,0
P0186,V0186-0,0.497,-0.421,2.667,-1.276,0.66,0.01,0.426,-0.59,0
P0410,V0410-2,-0.91,-0.403,-0.328,-0.461,-1.892,0.037,0.036,0.64,0
P0334,V0334-0,1.83,-1.614,0.506,-1.944,-1.16,-1.84,-1.614,2.427,1
P0312,V0312-5,-0.252,-1.026,-0.302,-0.701,-2.189,-0.27,-0.441,-0.362,1
P0241,V0241-4,-0.742,-2.058,-1.1,-0.633,0.237,1.095,0.596,1.057,0
P0065,V0065-3,-0.991,2.593,-1.048,-1.384,-0.102,0.021,1.376,-0.245,0
P0455,V0455-4,2.252,1.279,0.206,0.504,-1.079,-1.89,-1.62,-0.354,1
P0486,V0486-1,-1.967,0.145,-0.115,0.19,0.796,-0.769,-0.046,0.509,1
P0208,V0208-1,0.399,-1.824,0.566,-0.808,-0.41,0.38,-0.444,1.805,1
P0307,V0307-0,0.143,1.933,1.81,-0.585,-0.522,2.591,-1.118,-1.671,1
P0009,V0009-0,0.478,-0.898,1.105,-0.215,-0.194,-1.528,0.389,0.855,0
P0151,V0151-0,0.32,0.822,-0.217,-1.953,0.581,0.468,0.504,-1.101,0
P0463,V0463-1,-0.093,1.823,0.951,0.39,0.779,-1.614,-2.743,0.013,0
P0152,V0152-0,1.242,0.782,-0.247,-2.358,0.901,1.619,-0.177,0.222,1
P0094,V0094-0,-1.865,1.856,1.464,-0.531,-0.213,-0.022,1.251,-2.398,1
P0134,V0134-1,-0.682,0.338,0.048,3.021,-0.165,-1.852,0.171,-0.463,0
P0384,V0384-4,-0.24,0.978,-0.113,-0.944,-0.725,-0.517,-0.717,-0.418,1
P0297,V0297-1,2.27,0.426,1.017,0.597,0.259,1.128,0.42,-1.063,1
P0245,V0245-2,-0.115,0.108,0.968,-0.066,-0.103,0.141,1.064,-0.13,1
P0321,V0321-7,1.332,-1.624,1.484,1.029,-0.413,0.71,0.15,0.107,1
P0446,V0446-0,-2.735,-0.52,-0.523,-0.944,0.195,-0.985,0.756,-0.07,0
P0085,V0085-0,1.207,0.041,0.848,-0.986,0.335,-0.278,0.336,-0.623,0
P0062,V0062-3,0.083,0.382,-0.078,0.313,-1.375,-0.537,0.851,0.583,1
P0423,V0423-0,0.098,2.249,0.869,0.421,-0.37,-0.038,-1.354,-1.212,0
P0132,V0132-4,-0.806,0.282,-0.791,-1.143,-0.816,-2.084,-1.464,-0.7,0
P0067,V0067-6,1.814,0.647,-1.461,1.216,2.015,-0.977,-0.445,-0.662,1
P0090,V0090-2,2.111,-1.08,-0.654,-1.186,0.41,0.608,0.884,0.714,1
P0412,V0412-2,-0.274,-0.643,0.491,1.055,-1.193,-0.592,2.152,0.297,0
P0216,V0216-0,-0.195,1.47,1.748,-0.241,0.081,-0.071,1.026,-0.45,0
P0347,V0347-4,-0.4,-0.349,-1.374,-1.844,0.419,0.017,1.095,-1.174,0
P0248,V0248-1,0.709,1.152,-0.262,0.004,1.36,0.643,1.103,-1.125,0
P0381,V0381-5,0.787,-0.493,0.47,-0.316,0.097,-0.647,0.445,1.024,0
P0145,V0145-2,1.345,0.412,-0.64,-1.733,-0.08,-1.637,-2.042,0.519,1
P0236,V0236-1,0.822,-1.524,1.612,1.564,-0.838,-1.56,0.292,1.098,1
P0075,V0075-3,1.295,-0.886,1.879,0.753,0.003,-2.778,-0.745,1.476,1
P0277,V0277-3,0.162,-0.638,-0.402,0.115,1.501,0.286,2.957,0.103,1
P0303,V0303-3,-1.649,-0.576,1.971,0.064,1.99,0.929,1.082,0.526,1
P0271,V0271-1,0.696,0.054,0.036,-1.544,1.108,0.306,1.632,-0.413,1
P0152,V0152-1,0.846,-0.036,-0.129,-2.263,0.271,0.91,0.354,0.948,1
P0025,V0025-6,-0.934,0.947,-2.109,-0.247,-0.708,-0.797,0.116,-1.408,0
P0091,V0091-0,1.733,-0.111,-0.457,-0.256,-0.836,0.661,0.082,0.256,1
P0244,V0244-2,-0.376,0.47,-1.088,0.371,-0.976,0.415,-0.888,0.417,1
P0140,V0140-0,0.31,1.951,-1.143,-0.011,-0.493,0.043,0.53,2.012,0
P0320,V0320-3,0.674,0.023,-0.378,-0.133,-1.472,-0.985,0.902,1.106,1
P0238,V0238-2,-0.505,0.475,-3.053,-0.872,-0.627,-1.09,0.462,0.828,0
P0375,V0375-2,1.623,-0.981,0.314,1.023,0.927,1.555,0.16,-0.011,1
P0458,V0458-2,-0.942,-0.272,0.142,0.68,-1.041,-0.06,-1.11,0.525,0
P0324,V0324-1,0.596,0.601,-2.413,0.428,-1.419,-0.692,-1.825,2.191,0
P0169,V0169-1,0.502,1.627,2.115,1.235,-0.424,-0.202,-0.276,-0.877,1
P0227,V0227-0,-0.301,0.731,1.576,-0.765,0.243,1.069,-0.366,0.158,1
P0196,V0196-2,-0.782,-0.563,-0.076,1.275,0.983,1.313,-1.321,0.067,0
P0209,V0209-1,2.442,1.335,1.626,1.305,0.034,-0.596,0.337,-1.022,1
P0479,V0479-0,-0.238,-0.979,-2.282,0.123,-0.021,-0.208,0.116,1.84,0
P0277,V0277-4,-0.133,-1.299,-0.46,0.253,1.505,0.128,3.296,-0.097,1
P0078,V0078-1,-0.591,-0.997,0.707,-1.094,0.675,0.996,-2.306,-1.615,1
P0351,V0351-1,-0.3,-0.053,0.74,0.15,-0.01,-1.239,-0.258,-1.047,0
P0287,V0287-3,-0.885,1.233,0.813,1.296,-0.002,0.314,1.483,1.663,0
P0286,V0286-3,2.36,0.255,1.723,0.576,-0.355,0.566,0.661,0.365,1
P0388,V0388-3,0.099,-0.239,1.593,-0.524,-0.288,-1.18,-0.4,0.653,0
P0398,V0398-0,0.477,-2.071,0.513,0.816,-1.339,0.47,-0.473,-0.255,1
P0234,V0234-1,-1.121,-1.306,-0.038,-0.826,-0.659,-0.073,0.401,1.514,0
P0467,V0467-2,-0.877,-0.514,-0.336,0.156,0.27,-1.865,0.684,-0.173,0
P0241,V0241-0,-1.795,-2.308,-1.078,0.067,0.047,1.005,0.896,0.08,0
P0430,V0430-1,-0.035,1.391,-1.7,-0.56,0.492,-1.332,0.771,0.871,0
P0255,V0255-1,3.222,1.576,0.067,1.009,0.246,0.794,-0.81,0.216,0
P0458,V0458-3,-0.23,-1.059,0.766,0.374,-1.206,0.506,-1.139,0.522,0
P0004,V0004-0,0.051,1.292,0.635,-1.292,0.182,0.405,-1.344,0.945,0
P0265,V0265-7,1.023,-0.757,-1.844,1.161,-0.099,1.025,0.103,-1.523,1
P0155,V0155-1,-0.822,-0.713,-1.596,-0.431,0.39,-0.182,-1.118,-0.958,0
P0076,V0076-3,-1.135,-0.904,-0.015,0.854,-0.051,0.245,0.152,-1.228,1
P0049,V0049-0,-0.692,3.073,1.588,2.216,-0.052,0.251,-0.212,-0.878,0
P0258,V0258-1,-0.931,-2.355,-0.139,-0.421,-0.965,-0.476,-0.722,-0.973,0
P0425,V0425-1,0.469,-0.273,-0.16,-0.671,-0.245,0.274,0.942,-0.828,1
P0219,V0219-3,0.387,-0.407,-0.268,2.551,1.617,-0.203,0.199,-1.586,1
P0442,V0442-2,0.77,-0.009,0.28,-0.715,-0.885,1.82,-0.686,-0.301,0
P0133,V0133-5,0.603,0.403,-1.047,-2.465,-0.504,0.76,-0.111,-0.514,0
P0467,V0467-3,-0.67,0.323,-0.84,0.257,-0.334,-1.875,0.645,0.038,0
P0391,V0391-5,-0.318,0.073,1.075,1.139,1.78,0.145,-0.907,-0.226,1
P0175,V0175-1,-0.191,-0.076,0.407,-1.355,0.448,-0.013,-2.551,0.547,1
P0138,V0138-6,0.324,-0.473,1.02,1.249,0.448,0.936,0.573,-0.729,0
P0404,V0404-1,-0.043,-0.847,1.872,-0.62,-0.347,-0.081,-1.235,-0.483,1
P0274,V0274-0,-0.51,-0.408,-0.133,-0.244,0.054,-0.137,1.716,-0.737,1
P0232,V0232-2,3.519,2.124,0.369,-0.425,0.479,1.266,1.531,0.605,1
P0351,V0351-0,-0.012,0.15,0.362,0.339,-0.28,-0.769,-0.331,-0.977,0
P0284,V0284-5,0.365,0.313,-0.057,-0.395,0.276,0.228,0.328,1.001,1
P0180,V0180-5,-0.579,-1.362,0.399,1.317,-0.882,-0.23,0.118,1.565,0
P0331,V0331-4,-2.639,1.5,-1.308,-1.898,1.347,1.628,-1.116,0.256,0
P0121,V0121-1,-1.288,1.325,-0.726,0.878,0.271,-0.765,-0.496,-1.091,0
P0405,V0405-1,0.078,-0.506,0.019,0.098,0.692,-0.916,0.894,-0.037,0
P0423,V0423-1,0.328,1.618,0.098,1.032,-0.126,0.186,-0.84,-0.935,0
P0125,V0125-6,0.639,-0.148,-0.734,0.944,1.566,1.312,0.466,-0.229,1
P0371,V0371-2,-1.017,-1.232,1.934,0.863,0.698,-0.176,0.405,0.344,0
P0188,V0188-4,-0.724,0.98,0.1,-0.499,0.801,-0.648,-0.035,-0.258,0
P0485,V0485-1,-0.134,-1.461,0.919,-0.099,-0.483,-0.713,0.361,-1.417,0
P0323,V0323-4,-0.558,1.072,0.664,-0.72,1.326,2.016,-0.902,1.312,1
P0177,V0177-1,0.85,0.318,0.64,-0.696,-1.649,-0.261,-0.179,2.163,1
P0354,V0354-2,2.062,-1.126,-0.913,-0.277,-0.259,1.207,1.212,0.492,1
P0244,V0244-3,-0.019,0.516,-1.411,0.447,-0.315,0.644,-0.632,-0.11,1
P0496,V0496-1,-1.749,-0.562,-0.791,-0.952,-0.438,0.589,0.232,1.632,1
P0256,V0256-6,-2.135,0.963,0.043,-0.327,-0.089,0.435,0.866,-0.348,0
P0140,V0140-1,0.145,1.739,-1.079,0.17,0.163,0.189,0.359,1.263,0
P0422,V0422-0,-0.405,0.268,1.757,1.974,0.978,-0.368,0.476,0.801,1
P0436,V0436-3,1.102,1.002,-1.281,-0.528,-0.412,0.915,0.594,0.322,1
P0382,V0382-3,-1.181,-0.67,0.728,-1.747,0.434,-1.397,-0.157,-0.492,0
P0142,V0142-4,-1.029,0.924,2.114,-1.163,0.09,0.256,1.743,-0.424,0
P0090,V0090-3,2.187,-0.625,-0.912,-0.281,-0.141,0.913,1.272,0.599,1
P0061,V0061-5,0.753,-1.015,0.761,-0.489,-0.05,0.212,0.584,-1.219,1
P0442,V0442-1,0.527,-0.28,0.507,-0.291,-1.399,1.142,-0.525,-0.702,0
P0139,V0139-1,1.519,-0.203,-0.377,-0.984,-0.216,1.647,0.673,-1.354,0
P0241,V0241-2,-0.97,-1.825,-0.768,-0.48,0.326,0.904,0.774,0.464,0
P0458,V0458-7,-1.031,-0.314,0.554,0.736,-0.648,0.615,-0.964,0.047,0
P0125,V0125-3,0.709,-0.452,-0.062,0.898,1.479,1.049,0.275,0.131,1
P0462,V0462-2,1.069,-0.021,-1.866,1.432,-0.396,-1.028,0.735,-2.156,1
P0023,V0023-2,1.442,0.514,-0.038,-0.123,0.777,0.575,0.995,-1.499,1
P0208,V0208-0,0.495,-1.397,0.795,-0.715,-0.549,0.468,-0.011,2.213,1
P0300,V0300-1,-0.937,0.962,0.611,1.847,-0.149,-0.673,0.605,-0.01,0
P0225,V0225-1,0.832,-0.235,1.077,0.376,-0.57,-0.832,0.805,1.007,1
P0176,V0176-1,-0.293,-0.362,0.673,-1.465,-0.147,-0.81,0.057,-0.254,0
P0476,V0476-1,-0.569,-0.158,1.429,-1.387,0.3,-0.707,1.165,-0.484,0
P0358,V0358-4,0.027,-0.15,-2.405,-1.316,0.756,0.641,-0.103,-1.184,0
P0157,V0157-5,0.328,1.306,-0.773,-0.916,0.057,0.774,1.112,-0.078,0
P0342,V0342-4,-0.806,0.167,0.048,-0.963,-0.036,-0.684,-2.16,-0.747,0
P0333,V0333-3,0.241,-1.094,1.393,0.647,-0.859,0.815,1.691,-1.715,1
P0121,V0121-2,-0.573,1.069,-0.794,0.676,0.358,-0.666,-0.246,-0.711,0
P0034,V0034-0,-0.509,-0.348,1.466,0.266,0.598,-0.533,0.374,1.299,1
P0436,V0436-0,1.072,0.421,-1.459,-1.484,-0.637,1.366,0.41,0.668,1
P0245,V0245-3,-0.286,-0.206,0.608,-0.475,-0.255,-0.095,1.551,-0.131,1
P0450,V0450-6,-0.585,-2.951,-0.192,2.531,-0.245,-1.578,-0.651,1.366,1
P0082,V0082-6,-0.277,-0.78,-0.192,0.975,1.708,1.312,2.736,0.971,1
P0018,V0018-5,0.703,2.542,0.515,0.408,0.604,1.626,0.884,-1.162,0
P0259,V0259-2,1.558,-1.27,-0.761,0.246,-0.136,0.092,0.615,-0.472,1
P0253,V0253-0,0.033,0.233,1.082,-0.193,0.331,0.089,1.015,1.561,0
P0149,V0149-3,-0.14,-0.972,0.476,0.028,1.191,-0.251,1.296,-0.503,1
P0065,V0065-0,-0.025,2.938,-0.745,-1.078,-1.05,-0.37,1.861,-0.159,0
P0448,V0448-4,-0.946,1.183,0.029,-0.66,-0.756,0.462,-1.017,-1.443,1
P0233,V0233-4,0.815,-0.2,1.184,-0.907,-1.006,0.007,-1.041,0.152,0
P0170,V0170-1,0.344,-0.396,-0.564,-0.482,0.234,0.13,-0.167,-0.268,1
P0344,V0344-5,0.204,1.302,-0.477,-0.354,0.315,-1.785,-0.877,-0.568,0
P0170,V0170-0,0.662,0.059,-0.869,0.092,0.391,0.807,-0.544,-0.293,1
P0253,V0253-1,-0.013,-0.088,0.684,-0.314,0.397,0.276,0.764,1.941,0
P0287,V0287-5,-0.178,1.318,0.777,0.893,-0.711,0.025,1.957,2.359,0
P0119,V0119-1,2.868,0.166,-0.988,-0.505,2.26,0.457,0.353,0.338,1
P0194,V0194-3,-1.072,-1.021,-0.399,0.789,-2.165,0.374,1.927,-0.825,1
P0270,V0270-5,1.355,-1.527,-0.252,-0.292,-0.604,-1.972,0.513,0.069,1
P0465,V0465-0,0.845,-0.192,1.131,0.218,0.383,0.679,-0.698,-0.283,0
P0033,V0033-1,1.238,0.3,0.235,0.439,0.2,1.714,-0.584,-1.069,1
P0313,V0313-2,1.111,0.741,0.649,0.563,1.055,-0.431,-0.437,0.083,1
P0413,V0413-3,-1.828,-0.269,-0.431,-0.38,-0.569,0.129,-0.469,-1.625,0
P0259,V0259-1,1.57,-1.249,-0.463,-0.068,0.062,0.407,0.161,-0.326,1
P0345,V0345-2,0.473,1.999,0.028,1.761,1.452,0.26,-0.257,-0.063,1
P0311,V0311-1,-0.35,-0.394,1.221,-1.941,-0.611,-1.144,0.719,-1.4,0
P0420,V0420-0,-0.383,-0.11,1.152,-0.34,-0.628,0.811,0.975,-0.752,1
P0063,V0063-0,0.686,0.365,1.088,-0.814,0.19,1.242,2.524,0.916,0
P0390,V0390-4,1.052,-0.104,0.509,1.721,-0.84,-0.88,-0.821,0.288,1
P0403,V0403-1,0.328,0.534,0.798,-0.273,-1.694,-0.02,0.41,-1.097,0
P0288,V0288-1,1.271,-0.16,-1.523,-0.828,0.868,-0.258,0.38,0.686,1
P0128,V0128-3,0.939,1.068,-0.231,-0.461,1.704,0.522,0.35,-0.828,1
P0020,V0020-0,1.738,-0.236,0.432,-0.311,1.153,-0.604,-0.089,2.534,1
P0166,V0166-5,0.851,-0.481,-1.019,0.677,0.988,0.848,0.292,-0.661,1
P0298,V0298-2,1.47,-0.692,-0.773,0.621,1.489,-0.729,0.607,-0.367,1
P0322,V0322-2,-0.162,0.134,-0.459,-0.983,-1.061,-0.743,-1.663,-0.836,1
P0431,V0431-1,-0.263,1.963,-0.11,0.576,-1.483,-0.005,-0.343,-1.12,1
P0375,V0375-3,1.746,-0.722,0.395,1.497,0.482,1.485,-0.226,-0.403,1
P0205,V0205-5,-1.639,-0.363,-0.978,1.544,0.436,-0.401,0.938,-1.035,0
P0222,V0222-3,0.498,-0.166,2.39,0.662,0.317,0.483,-1.002,-0.715,0
P0327,V0327-5,1.116,2.019,0.435,-0.385,-1.098,-1.524,-0.315,1.566,1
P0279,V0279-1,0.151,-2.402,0.793,1.376,-0.878,-0.11,-0.93,-0.493,1
P0145,V0145-3,1.846,0.026,-0.57,-1.882,-0.266,-1.689,-2.3,-0.092,1
P0093,V0093-0,-0.186,-0.86,-0.285,-0.24,0.603,1.687,-0.765,-0.105,1
P0217,V0217-3,-0.113,0.898,-0.591,-0.663,-0.722,0.251,-0.21,0.256,1
P0284,V0284-0,0.07,0.598,0.056,0.042,0.479,0.583,0.055,1.141,1
P0316,V0316-0,0.139,-0.897,-1.419,-0.849,-0.063,0.385,1.831,-0.209,1
P0398,V0398-6,-0.45,-2.003,0.503,0.554,-0.851,0.917,-1.441,-0.408,1
P0252,V0252-1,-1.886,-0.945,-0.457,-0.742,-0.07,0.296,0.608,1.236,0
P0117,V0117-1,-0.408,-1.384,1.829,0.077,1.112,-0.164,-1.085,-0.596,1
P0084,V0084-1,0.018,-1.446,0.894,-1.016,0.322,-1.022,0.036,-1.174,0
P0149,V0149-0,-0.47,-1.29,0.499,0.102,1.289,0.144,1.455,-0.169,1
P0382,V0382-2,-1.158,-0.5,0.998,-1.61,-0.171,-1.436,0.504,-0.339,0
P0282,V0282-1,0.913,-0.177,-0.001,0.983,-0.507,-1.289,0.724,0.795,0
P0291,V0291-7,-0.56,0.952,-0.174,1.067,0.37,1.36,1.46,-1.116,0
P0101,V0101-0,0.06,0.576,-0.069,-0.357,0.333,-1.193,-1.049,0.001,0
P0073,V0073-4,-1.027,0.918,0.49,0.165,0.409,0.3,1.011,0.882,0
P0201,V0201-2,1.225,1.403,-0.437,-0.748,-0.799,-2.354,-0.951,1.632,1
P0246,V0246-4,0.081,-0.366,0.51,-0.21,1.517,1.032,0.997,0.987,0
P0435,V0435-1,0.506,1.038,-1.397,-0.367,1.684,-0.09,-0.381,2.09,0
P0080,V0080-0,-0.038,-1.533,-0.071,-1.133,-1.542,-0.684,-0.033,1.154,1
P0289,V0289-2,1.572,0.239,0.304,-1.314,-0.455,-0.957,-0.083,0.782,1
P0017,V0017-5,-0.547,1.956,-2.215,-0.557,0.095,-0.465,0.453,1.851,0
P0361,V0361-3,-0.282,-0.781,-0.358,0.096,1.024,-0.135,-0.423,-0.294,1
P0377,V0377-2,4.247,0.924,-0.742,-0.785,-0.975,0.887,-0.699,-0.985,0
P0168,V0168-3,-2.388,0.538,0.178,-0.052,0.452,-0.766,-0.475,-0.308,0
P0085,V0085-4,0.895,0.232,0.622,-0.986,0.593,-0.226,0.689,-0.914,0
P0383,V0383-4,2.215,-0.169,1.467,-0.22,-0.062,0.306,-1.289,0.504,0
P0054,V0054-6,-1.3,-0.28,0.796,0.563,0.175,0.139,-0.334,-1.003,1
P0066,V0066-4,-0.058,1.332,0.235,0.363,-0.353,-1.398,0.809,-1.314,0
P0228,V0228-3,-0.309,-0.068,-0.515,0.457,-1.309,0.203,-0.201,0.927,0
P0318,V0318-2,-0.333,-0.243,0.585,-0.245,0.998,0.402,0.147,0.227,0
P0138,V0138-3,0.273,-0.99,0.866,1.155,0.792,0.312,0.79,-0.116,0
P0000,V0000-0,0.016,3.078,-0.348,0.582,-0.2,-1.26,-0.047,-0.562,0
P0320,V0320-2,0.901,0.254,-0.702,-0.079,-0.268,-0.094,0.866,1.2,1
P0345,V0345-0,1.222,1.623,-0.61,1.225,1.369,0.592,-0.456,-0.522,1
P0287,V0287-6,-0.791,1.074,0.985,1.304,0.088,0.331,1.554,2.205,0
P0408,V0408-1,2.086,0.698,-0.596,0.514,-0.71,-0.638,1.25,1.084,1
P0404,V0404-4,-0.122,-0.841,1.555,-1.091,-0.098,0.07,-0.907,-0.669,1
P0402,V0402-3,-0.634,-0.017,0.3,-1.487,-0.588,-2.356,1.769,0.63,0
P0232,V0232-0,2.866,1.867,0.608,0.128,0.291,0.533,1.473,0.532,1
P0253,V0253-4,0.366,0.191,0.966,-0.627,0.242,0.219,1.758,1.677,0
P0440,V0440-1,-1.103,-0.623,1.602,0.79,0.253,1.214,-0.689,-0.135,0
P0498,V0498-1,-0.894,0.777,0.214,0.516,0.437,0.713,1.074,0.248,0
P0238,V0238-4,-0.068,0.205,-2.506,-0.449,-0.441,-1.59,0.441,0.508,0
P0048,V0048-4,-0.363,0.111,-0.412,0.939,-0.57,-0.343,-1.808,0.085,0
P0445,V0445-3,-1.116,1.305,-2.436,0.786,-0.69,-0.376,1.803,0.203,0
P0338,V0338-3,0.386,-1.042,2.476,0.79,-0.061,-1.465,1.808,1.313,1
P0193,V0193-1,-1.27,0.876,-1.323,-0.169,0.439,-0.647,0.159,-0.009,0
P0455,V0455-1,1.951,1.434,-0.473,0.686,-1.081,-1.923,-1.136,-0.595,1
P0296,V0296-2,-3.136,-1.952,1.344,0.446,-0.481,-0.091,-0.047,-0.355,0
P0398,V0398-2,0.545,-1.646,-0.213,1.009,-1.117,1.087,-0.545,0.201,1
P0071,V0071-4,1.503,-1.24,-0.823,2.085,0.52,-1.231,2.326,-1.854,1
P0148,V0148-4,-0.457,-1.082,2.992,-2.09,0.411,-0.295,-1.043,-0.996,0
P0005,V0005-0,-0.484,1.572,-0.737,-0.94,-0.139,-0.565,-1.046,-1.403,0
P0292,V0292-2,-0.554,0.436,-2.256,0.159,-1.611,0.598,-0.172,-0.47,0
P0135,V0135-4,-0.987,-0.56,0.818,-1.213,-1.477,-0.106,-1.795,0.503,1
P0254,V0254-0,-1.353,-1.186,0.524,0.029,1.826,-2.279,-0.233,-1.895,1
P0000,V0000-3,-0.036,3.34,0.354,1.0,-0.795,-0.673,0.429,-0.332,0
P0172,V0172-0,-0.762,1.435,1.349,-0.882,1.212,0.391,-1.15,0.782,0
P0057,V0057-1,-1.977,-0.29,-0.909,0.419,-0.038,-0.499,-0.195,-0.287,0
P0139,V0139-3,1.142,0.269,-0.519,-0.744,-0.041,1.657,0.929,-1.169,0
P0217,V0217-5,-0.931,1.105,-0.298,-1.024,-0.905,0.194,0.007,0.336,1
P0459,V0459-2,2.104,-1.006,2.074,0.185,-0.958,-0.385,1.138,-0.604,1
P0337,V0337-1,1.347,0.379,1.108,-0.83,-1.236,-0.682,-0.151,-0.018,1
P0396,V0396-2,1.443,0.088,0.168,1.85,-0.708,1.216,-0.746,0.054,1
P0253,V0253-6,-0.022,0.12,0.831,-0.027,0.842,0.283,0.587,2.331,0
P0265,V0265-0,0.38,-0.905,-2.263,2.744,0.509,1.306,-0.559,-1.745,1
P0380,V0380-7,1.878,0.797,-1.354,0.796,2.156,1.06,-0.784,-0.2,1
P0293,V0293-0,-0.933,-0.811,1.157,-1.927,1.494,1.775,0.022,-0.533,1
P0121,V0121-0,-0.619,1.396,-1.64,0.432,0.018,-0.693,-0.632,-0.517,0
P0263,V0263-6,2.008,0.505,-1.086,-0.439,1.89,-0.346,-1.004,0.425,0
P0012,V0012-0,-0.841,0.431,-0.462,0.172,-0.355,-0.171,-0.666,-0.86,0
P0319,V0319-3,1.2,-1.747,-1.055,-0.541,0.752,-0.049,-0.582,-1.622,1
P0382,V0382-6,-0.738,-0.107,1.1,-1.186,-0.007,-1.281,-0.391,-0.812,0
P0204,V0204-5,0.728,-0.288,-0.242,-0.261,0.168,-0.116,-0.19,0.002,1
P0280,V0280-4,-0.372,-1.554,-1.592,-0.689,-0.475,0.047,0.909,-0.132,0
P0047,V0047-1,0.682,0.501,0.918,0.456,0.539,-0.546,1.844,-2.076,1
P0130,V0130-3,0.603,-0.036,-1.016,0.282,0.346,1.495,1.14,0.089,1
P0397,V0397-1,0.647,-1.092,-1.397,0.146,0.293,-0.846,-1.367,-0.481,1
P0021,V0021-2,-0.959,0.072,0.393,-0.179,0.355,1.862,0.114,-0.637,1
P0273,V0273-0,-1.931,-0.484,-2.098,-1.759,1.299,0.146,0.907,-0.304,0
P0164,V0164-2,-0.042,-1.86,-2.054,2.177,1.463,0.393,0.426,1.033,1
P0314,V0314-2,-2.405,-1.123,1.158,1.01,0.227,1.204,0.445,-0.167,0
P0115,V0115-3,-1.631,-0.788,-0.071,-1.489,0.165,0.466,-0.043,1.6,0
P0374,V0374-2,1.035,-0.534,0.996,0.112,-0.529,-0.217,0.139,-1.115,0
P0023,V0023-3,1.315,0.962,0.19,-0.674,1.106,0.951,0.897,-1.033,1
P0471,V0471-1,1.648,-0.567,-0.047,-0.529,1.12,0.125,-1.629,0.56,1
P0453,V0453-5,-1.927,-1.363,0.904,-1.447,-1.368,-0.616,0.699,-1.633,0
P0176,V0176-4,-0.123,-0.018,1.041,-1.725,-0.732,-0.613,-0.36,-0.397,0
P0001,V0001-3,-0.631,-1.208,0.847,-0.672,0.931,-2.953,0.679,0.957,1
P0176,V0176-7,-0.125,-0.062,0.565,-2.044,-0.137,-0.561,-0.072,-0.004,0
P0474,V0474-2,-0.318,-1.772,-0.033,-0.45,0.066,-0.921,1.141,-1.166,1
P0452,V0452-0,0.025,-0.61,1.378,-0.257,0.891,-1.479,1.014,-1.681,0
P0081,V0081-0,-1.352,0.944,0.108,-1.422,2.382,0.681,-0.285,0.264,0
P0028,V0028-4,-0.473,-0.082,-0.624,-1.51,-1.346,-1.862,0.285,0.114,0
P0316,V0316-4,-0.722,-1.918,-1.49,-1.307,-0.674,0.049,1.712,-0.286,1
P0206,V0206-3,-0.714,-0.295,1.936,0.669,-0.058,-0.284,-0.821,1.082,1
P0439,V0439-0,1.189,-1.123,1.583,1.206,-1.353,0.71,1.267,0.895,0
P0054,V0054-4,-1.228,-0.059,0.864,0.296,-0.116,0.189,0.216,-1.099,1
P0079,V0079-0,0.544,0.935,-0.947,-0.86,-0.934,0.677,-0.886,-0.952,1
P0322,V0322-1,-0.336,-0.54,-0.395,-1.026,-1.697,-0.836,-2.033,-1.502,1
P0303,V0303-1,-1.308,0.221,1.598,0.202,2.671,0.433,0.521,0.414,1
P0300,V0300-0,-0.658,0.416,1.076,1.794,0.091,-1.005,0.893,-0.211,0
P0368,V0368-2,-0.996,-0.747,-1.802,-0.171,-0.575,-1.168,0.603,-2.145,0
P0405,V0405-3,0.248,-0.845,0.062,0.518,0.589,-0.3,1.137,-0.249,0
P0102,V0102-1,-1.398,1.476,0.737,-1.079,-0.803,0.085,-0.212,0.022,1
P0353,V0353-4,-1.783,0.592,-0.305,0.88,-0.372,0.427,0.56,0.142,1
P0188,V0188-5,-0.55,0.486,0.443,-0.108,1.213,-0.923,-0.576,-0.823,0
P0411,V0411-2,-1.065,-0.131,0.437,-1.581,-0.885,0.77,-0.886,-0.505,0
P0338,V0338-4,0.155,-1.832,2.514,0.622,-0.267,-1.307,1.539,1.28,1
P0111,V0111-1,0.696,-1.066,0.263,0.564,0.652,-2.29,-0.421,-0.702,1
P0380,V0380-1,1.977,0.635,-0.924,0.986,2.435,0.934,0.08,0.303,1
P0368,V0368-7,-0.884,-0.549,-1.987,0.115,-0.458,-1.136,-0.355,-1.906,0
P0447,V0447-4,0.213,0.997,0.625,1.085,0.964,-1.047,-0.012,-1.656,1
P0231,V0231-4,-0.144,1.582,2.216,-0.729,-2.417,0.331,-1.228,-1.182,0
P0195,V0195-5,0.764,0.15,0.836,-0.444,-1.124,-0.718,2.162,0.5,1
P0031,V0031-1,0.298,0.508,1.042,-0.336,1.773,-0.49,-0.663,-0.061,0
P0336,V0336-1,-0.051,0.951,0.281,-0.039,0.013,0.098,-1.16,0.409,0
P0341,V0341-5,0.585,1.72,-1.376,-1.054,-1.024,0.853,0.054,1.619,1
P0423,V0423-7,0.324,2.208,0.222,1.073,-0.166,-0.33,-0.96,-0.883,0
P0482,V0482-0,0.572,0.859,-1.125,-0.861,-1.294,-0.623,0.898,-0.496,1
P0305,V0305-5,1.66,0.021,-3.483,0.872,-0.169,-0.707,-0.462,-1.021,1
P0090,V0090-4,2.0,-0.122,-0.541,0.105,0.145,0.361,0.803,0.023,1
P0195,V0195-1,1.076,0.336,1.093,-0.145,-0.842,-0.34,2.286,0.9,1
P0471,V0471-0,1.528,-0.51,-0.642,-0.485,0.745,0.636,-1.505,1.06,1
P0309,V0309-1,0.908,1.47,0.162,0.372,-1.093,-0.014,0.932,-2.629,1
P0377,V0377-0,3.768,0.744,-1.415,-0.125,-0.206,0.188,-0.102,-1.011,0
P0088,V0088-4,-0.811,0.353,2.091,-0.118,-0.477,-0.305,-0.685,-1.094,0
P0267,V0267-4,0.603,1.732,-0.487,0.102,1.578,0.289,0.058,0.674,1
P0159,V0159-1,0.857,0.956,0.462,0.528,-1.93,-0.508,0.49,-1.219,1
P0182,V0182-1,-0.784,0.029,1.093,-0.229,0.117,-2.808,0.127,1.748,0
P0149,V0149-1,-0.536,-1.07,0.491,0.147,2.12,-0.028,1.415,-0.234,1
P0207,V0207-0,-0.323,1.801,-0.14,0.714,-0.285,1.181,-0.332,-1.531,0
P0376,V0376-4,0.585,0.272,-0.354,-0.552,0.274,-0.552,-2.068,-0.944,0
P0117,V0117-2,-0.617,-1.298,1.881,0.541,1.099,0.017,-0.866,-0.64,1
P0266,V0266-0,-1.094,0.481,-0.097,-1.337,-1.12,1.684,-0.471,-0.121,0
P0067,V0067-4,1.268,0.514,-1.361,1.06,1.532,-0.836,-0.216,-1.015,1
P0212,V0212-2,-1.843,-0.665,0.869,0.293,0.916,2.18,0.195,1.685,0
P0239,V0239-1,-0.672,-0.192,0.024,0.889,0.186,0.745,1.305,0.052,1
P0483,V0483-2,-0.608,2.001,-0.762,0.453,-1.243,-0.387,0.662,0.633,0
P0311,V0311-0,-0.208,-0.163,1.57,-1.639,-0.488,-1.411,0.111,-1.671,0
P0114,V0114-6,-0.213,0.908,0.397,1.501,-0.771,0.849,1.495,-2.724,1
P0130,V0130-0,-0.176,0.264,-0.343,-0.064,0.898,0.885,1.057,0.238,1
P0119,V0119-2,2.586,-1.111,-0.366,0.287,1.465,0.015,1.157,0.349,1
P0254,V0254-1,-1.363,-1.294,1.017,1.35,1.484,-2.262,0.115,-1.489,1
P0314,V0314-4,-1.977,-0.864,0.909,1.124,-0.289,1.318,0.162,-0.142,0
P0266,V0266-2,-0.703,0.087,0.098,-1.3,-2.146,2.152,-0.418,0.296,0
P0095,V0095-1,2.069,-0.978,-0.57,0.493,1.282,1.267,-0.41,-1.812,1
P0163,V0163-0,-0.644,-0.746,-0.027,1.105,0.657,-1.58,0.228,2.077,0
P0054,V0054-5,-1.204,0.428,0.773,0.021,-0.113,-0.077,-0.901,-1.246,1
P0193,V0193-4,-1.14,0.848,-0.949,-0.01,0.294,-0.546,0.537,0.09,0
P0148,V0148-0,-0.952,-0.276,3.149,-1.442,0.228,-0.524,-0.663,-0.665,0
P0453,V0453-3,-1.753,-1.27,1.673,-0.987,-1.453,-0.673,1.266,-1.725,0
P0234,V0234-2,-1.519,-1.849,-0.199,-0.418,-1.004,0.481,0.546,1.259,0
P0325,V0325-2,0.976,0.857,0.995,0.04,0.223,-2.098,-0.639,-1.607,1
P0443,V0443-1,-0.102,-0.514,0.165,0.79,-0.141,1.217,-0.981,-0.125,1
P0117,V0117-0,-0.812,-1.294,1.471,-0.028,1.574,0.031,-0.844,-0.872,1
P0030,V0030-0,-0.64,0.252,-0.956,0.619,-0.181,-0.368,0.711,-0.058,0
P0228,V0228-1,-0.011,0.228,-0.117,0.578,-1.221,0.385,-0.337,0.859,0
P0387,V0387-5,0.487,1.255,-0.727,-0.724,-2.414,1.398,-0.899,0.512,1
P0178,V0178-0,0.76,0.484,0.389,-0.698,-1.127,0.485,-1.565,-1.859,1
P0197,V0197-1,-1.027,-0.027,0.742,0.116,-1.779,-0.128,-0.16,0.39,0
P0454,V0454-1,0.068,0.94,0.218,-1.02,0.596,-1.87,-1.601,-0.919,1
P0270,V0270-3,0.458,-1.058,-0.203,-0.604,-0.995,-1.666,0.044,0.059,1
P0247,V0247-7,-0.738,1.321,-0.165,0.382,1.376,-0.83,1.815,-1.142,0
P0247,V0247-3,-0.259,0.905,0.157,0.48,1.047,-1.608,1.509,-1.742,0
P0121,V0121-3,-0.384,1.608,-0.461,-0.24,-0.007,-1.159,-0.124,-0.135,0
P0031,V0031-2,0.335,0.603,0.793,-0.887,2.061,-0.218,-0.382,-0.689,0
P0434,V0434-3,-1.81,-0.11,0.263,2.841,0.175,-0.983,0.034,1.489,0
P0215,V0215-2,1.485,0.773,0.091,0.985,-0.885,0.722,-1.378,0.914,1
P0399,V0399-1,-0.661,0.945,2.24,0.446,-0.498,-0.105,1.274,-0.473,0
P0478,V0478-1,0.835,0.863,1.536,0.128,-0.183,0.861,-2.876,0.412,1
P0063,V0063-2,0.124,0.15,0.825,-0.515,0.423,1.195,1.884,1.727,0
P0406,V0406-1,-0.42,-0.174,-0.483,0.0,0.438,0.095,-0.397,-0.06,1
P0481,V0481-2,-0.155,-0.444,-0.296,-0.622,-0.365,1.514,0.269,-0.303,1
P0290,V0290-0,-0.932,-0.646,-0.269,0.289,-0.278,-0.539,-0.067,0.006,0
P0460,V0460-2,-0.883,-0.352,0.798,-0.134,-1.31,1.445,-0.81,-0.359,0
P0430,V0430-6,-0.48,1.024,-1.251,-1.464,0.363,-1.997,1.15,-0.081,0
P0165,V0165-4,0.241,0.261,0.429,-0.35,0.464,2.214,1.425,-0.325,1
P0088,V0088-0,-0.82,0.044,1.736,-1.11,-0.114,0.319,-0.824,-0.379,0
P0227,V0227-5,-0.811,-0.271,1.519,-0.703,-0.703,0.837,-0.63,0.503,1
P0421,V0421-2,-0.208,1.368,0.513,0.311,-0.557,-1.097,0.188,0.468,0
P0178,V0178-1,0.294,0.406,0.907,-1.241,-0.661,0.368,-1.617,-1.436,1
P0053,V0053-2,0.091,0.225,-0.136,0.885,1.053,-0.534,-2.347,0.444,1
P0200,V0200-2,-2.06,1.285,-0.385,0.474,-0.383,-0.371,-1.265,0.065,0
P0492,V0492-3,0.597,-0.208,-1.154,-0.422,-1.787,1.115,0.192,0.906,0
P0430,V0430-4,0.155,1.259,-1.661,-0.846,0.375,-2.077,0.939,0.74,0
P0272,V0272-2,1.129,-0.776,1.463,-0.478,0.418,-2.097,1.031,-0.51,0
P0185,V0185-2,2.108,-0.002,-0.697,0.148,0.137,-0.773,0.769,1.226,1
P0112,V0112-1,2.137,-0.2,1.212,-0.985,2.603,-1.359,1.526,0.775,0
P0189,V0189-3,-0.798,-0.945,0.466,-1.23,0.135,0.971,-0.036,-0.002,0
P0280,V0280-1,0.143,-0.976,-1.278,-0.743,-0.028,0.8,1.474,-0.028,0
P0425,V0425-5,0.802,-0.619,-1.215,-0.276,-0.94,0.358,0.913,-0.61,1
P0103,V0103-3,-0.835,-0.516,1.033,0.071,0.155,0.928,-0.026,-1.325,0
P0044,V0044-1,-0.003,1.833,-0.278,0.842,-0.426,-0.803,-0.648,-0.656,0
P0264,V0264-6,1.279,-0.167,0.82,-2.13,-0.49,0.83,-2.2,0.243,1
P0027,V0027-1,-0.77,-2.032,0.047,1.124,0.302,1.399,1.153,-0.043,0
P0363,V0363-5,0.241,1.231,0.781,-0.195,1.052,-0.164,-1.573,-0.587,1
P0218,V0218-2,0.345,-0.611,-1.207,-1.544,-0.002,0.165,0.231,-0.402,1
P0372,V0372-1,-0.079,-0.858,-1.881,-1.021,0.356,-0.809,-0.749,0.909,0
P0103,V0103-2,-1.057,-0.721,1.429,0.16,0.787,0.938,0.099,-1.071,0
P0062,V0062-1,-0.23,0.475,0.115,0.63,-1.933,-0.485,1.252,0.421,1
P0315,V0315-1,-0.18,-0.694,-0.244,-0.212,0.2,-0.262,0.051,0.503,0
P0034,V0034-2,-0.507,-0.32,1.215,0.298,0.739,-0.721,0.146,1.375,1
P0386,V0386-5,-0.282,-2.45,0.32,0.442,-0.523,-0.531,1.236,-0.662,0
P0033,V0033-0,0.329,0.862,0.904,-0.338,-0.058,2.916,-0.613,-0.371,1
P0284,V0284-2,0.669,0.594,0.089,0.002,0.093,0.22,-1.073,1.668,1
P0283,V0283-1,-0.526,-1.272,0.636,-0.302,0.743,-2.735,2.489,0.406,1
P0439,V0439-3,0.854,-1.313,1.594,1.089,-0.937,1.164,0.822,0.862,0
P0452,V0452-2,0.47,-0.327,1.02,-0.183,0.702,-1.541,1.033,-1.234,0
P0025,V0025-4,-1.063,0.37,-2.526,0.12,-0.853,-0.67,0.147,-0.971,0
P0298,V0298-4,0.773,-0.357,-0.94,1.27,0.785,-0.268,0.421,0.36,1
P0260,V0260-3,-1.892,-0.562,-0.725,-0.61,-0.222,-1.217,0.481,1.317,1
P0398,V0398-4,0.216,-1.868,0.777,0.809,-0.893,0.845,-0.537,0.035,1
P0187,V0187-3,0.507,0.967,-0.925,1.275,-0.768,1.664,0.295,-0.38,0
P0038,V0038-0,-0.269,-1.098,0.31,-1.281,-1.023,-0.02,1.399,0.912,1
P0300,V0300-4,-1.193,-0.031,0.539,1.612,-0.472,-0.638,0.665,-0.219,0
P0367,V0367-1,0.858,1.805,1.347,1.051,0.713,-0.67,-0.536,0.241,0
P0420,V0420-2,-0.243,-0.079,0.829,-1.114,-0.193,0.557,1.927,-1.038,1
P0155,V0155-2,-0.898,-0.885,-1.285,-0.632,0.93,-0.963,-1.805,-1.458,0
P0419,V0419-5,2.595,1.827,1.253,0.556,0.139,0.014,0.533,-1.938,1
P0228,V0228-2,-0.031,-0.497,-0.191,0.643,-1.258,0.428,-0.453,0.829,0
P0482,V0482-1,1.445,0.374,-1.112,-0.356,-1.0,-1.1,0.842,-0.236,1
P0180,V0180-1,-0.483,-1.495,0.511,1.475,0.109,-0.217,0.55,1.283,0
P0224,V0224-1,0.685,1.264,2.107,0.106,-1.755,-0.256,0.855,0.898,1
P0293,V0293-4,-1.034,-0.442,0.361,-1.781,1.838,1.56,0.106,-0.874,1
P0038,V0038-2,0.085,-0.837,-0.347,-1.237,-0.557,0.035,1.182,0.259,1
P0086,V0086-0,-1.951,0.908,0.426,-0.155,0.996,1.496,-0.802,0.223,0
P0372,V0372-2,-0.864,-0.057,-2.087,-0.245,0.264,-0.832,-0.128,0.052,0
P0367,V0367-4,0.455,1.315,1.672,1.002,1.086,-0.763,-0.425,0.343,0
P0398,V0398-1,0.025,-1.995,0.553,1.556,-1.757,0.557,-0.626,0.134,1
P0147,V0147-5,-1.303,-0.313,2.308,-1.915,-0.63,1.5,0.568,0.614,0
P0058,V0058-1,0.696,-0.653,-1.006,0.018,-1.019,-0.011,-0.181,-1.757,0
P0426,V0426-1,-0.891,-0.734,0.131,0.742,0.542,-1.781,-0.302,-1.756,1
P0165,V0165-2,-0.061,0.136,0.461,-0.435,0.436,2.025,1.689,0.744,1
P0316,V0316-3,-0.913,-1.456,-1.228,-1.277,-0.327,-0.262,2.333,-0.803,1
P0240,V0240-2,-0.787,0.24,-1.77,-0.623,1.345,2.319,-2.214,-0.662,1
P0474,V0474-4,-0.208,-1.647,0.157,-0.386,-1.056,-0.556,1.046,-1.396,1
P0476,V0476-0,-0.441,-0.337,0.719,-1.211,0.46,-1.032,1.291,-1.002,0
P0167,V0167-4,0.28,0.433,0.721,0.323,0.142,1.624,1.576,-0.978,1
P0252,V0252-0,-2.108,-0.656,-0.134,-0.923,-0.37,-0.142,0.266,1.828,0
P0316,V0316-1,-0.599,-1.243,-1.464,-1.183,0.044,-0.217,2.064,-0.182,1
P0473,V0473-3,-0.069,0.008,-0.306,0.8,0.23,1.299,-0.112,0.66,1
P0125,V0125-2,0.651,-0.862,-0.577,0.584,2.206,1.579,-0.288,-0.633,1
P0293,V0293-2,-0.163,-0.742,0.232,-1.149,1.391,1.653,-0.023,-0.593,1
P0347,V0347-0,0.054,-0.916,-0.806,-2.186,0.245,-0.126,1.179,-1.045,0
P0239,V0239-0,-0.818,-0.322,-0.342,0.886,-0.206,0.62,0.741,0.304,1
P0457,V0457-1,-0.566,-1.232,0.219,0.759,-0.035,0.819,-0.499,-0.062,1
P0332,V0332-1,1.252,-0.457,0.082,1.938,0.514,-1.44,-1.077,-0.43,1
P0475,V0475-3,0.365,-1.376,0.091,0.338,-2.019,0.021,-0.538,0.297,1
P0210,V0210-1,-1.825,0.513,-1.292,0.71,-0.468,-0.139,-0.939,-1.998,0
P0355,V0355-0,0.006,-2.115,0.051,-0.712,-1.321,-0.374,0.169,-1.213,1
P0057,V0057-0,-1.99,0.164,-0.704,0.577,0.752,0.002,-0.412,-0.598,0
P0408,V0408-2,1.041,0.742,-0.715,0.638,-0.149,-0.734,0.443,0.927,1
P0353,V0353-0,-1.074,-0.006,-0.711,0.277,-0.234,-0.143,0.52,0.652,1
P0462,V0462-1,0.65,-0.238,-1.825,1.211,-0.367,-0.546,0.242,-1.724,1
P0207,V0207-1,-0.785,1.304,-0.043,0.44,-0.276,1.353,-0.123,-1.778,0
P0013,V0013-2,2.057,-0.063,-0.7,1.603,1.225,-0.271,0.797,-0.343,0
P0004,V0004-3,0.369,0.671,1.637,-1.076,0.445,0.459,-0.767,0.057,0
P0043,V0043-1,-0.657,1.319,0.204,0.324,-0.03,0.09,1.112,0.188,0
P0387,V0387-0,-0.631,1.123,-0.709,-0.442,-2.444,0.846,-0.754,-0.164,1
P0237,V0237-1,1.75,0.095,-1.398,0.067,1.708,-0.947,0.163,-0.197,1
P0435,V0435-0,0.334,0.719,-1.396,-0.107,1.358,-0.189,-0.701,1.345,0
P0032,V0032-0,-1.431,1.369,0.204,-0.937,1.461,1.277,-0.083,-0.508,0
P0040,V0040-0,-2.554,-1.945,0.649,0.886,-0.981,-0.224,-0.403,-1.717,0
P0421,V0421-0,-0.581,1.046,-0.257,0.942,-0.311,-0.952,-0.146,0.534,0
P0118,V0118-3,-0.389,0.94,0.284,1.064,0.94,0.108,2.405,-0.817,1
P0240,V0240-6,-0.739,0.824,-2.328,-0.325,1.583,1.869,-1.913,-0.766,1
P0347,V0347-2,-0.131,-0.268,-0.165,-1.858,0.28,-1.284,0.489,-0.811,0
P0380,V0380-2,1.745,1.179,-1.56,1.191,2.45,1.281,-0.33,0.321,1
P0106,V0106-3,-0.213,-1.767,0.896,-1.13,1.199,0.46,0.301,0.504,1
P0095,V0095-0,2.11,-0.782,-0.802,1.315,1.209,1.455,-0.213,-1.159,1
P0273,V0273-2,-1.603,-0.663,-2.97,-1.476,1.296,0.313,1.227,-0.374,0
P0437,V0437-0,0.337,-0.048,0.032,1.313,0.811,-2.01,-1.272,-0.29,1
P0309,V0309-0,1.475,1.844,0.334,0.363,-0.925,-0.356,1.034,-2.152,1
P0193,V0193-0,-1.242,1.401,-0.609,-0.162,-0.08,-0.932,-0.115,-0.109,0
P0384,V0384-5,-0.207,0.374,-0.242,-0.505,-0.27,-0.262,-0.236,-0.465,1
P0326,V0326-1,-0.083,1.638,0.673,-0.178,-0.539,0.35,0.3,-0.633,0
P0298,V0298-3,1.014,-0.504,-0.724,1.194,1.674,-0.265,1.354,-0.46,1
P0233,V0233-7,1.007,-0.196,0.731,-0.77,-1.107,0.384,-1.479,-0.358,0
P0387,V0387-3,0.046,1.519,-0.652,-0.344,-2.425,0.484,-1.067,-0.023,1
P0197,V0197-5,-0.876,0.152,0.087,-0.096,-1.217,-0.218,-0.304,0.208,0
P0301,V0301-2,-1.089,1.225,-1.439,1.844,0.891,-0.923,0.174,0.013,0
P0004,V0004-4,0.7,1.047,1.664,-0.653,0.362,0.716,-1.093,-0.039,0
P0233,V0233-0,1.43,-0.665,1.058,-1.021,-0.05,0.43,-1.42,0.188,0
P0444,V0444-0,1.143,-1.659,0.74,-0.034,0.567,-2.732,-0.1,-0.285,1
P0192,V0192-5,-0.155,1.081,-0.582,-2.251,-0.494,0.07,-0.884,0.367,0
P0313,V0313-3,1.321,0.506,0.91,0.172,0.57,-0.375,-0.219,-0.251,1
P0174,V0174-1,0.845,-0.918,0.868,-1.509,0.202,-0.811,-0.502,-0.095,0
P0332,V0332-6,0.692,-0.837,0.142,1.401,0.513,-1.436,-0.766,-0.886,1
P0209,V0209-2,1.071,1.658,1.697,0.79,0.306,-0.934,-0.08,-0.724,1
P0441,V0441-3,0.542,-0.845,0.605,0.54,-0.198,-0.075,0.561,-0.772,0
P0151,V0151-2,-0.439,1.215,-0.158,-2.073,0.711,0.55,0.382,-1.321,0
P0035,V0035-3,-0.448,-0.707,1.458,0.569,1.273,0.018,-2.514,0.16,0
P0259,V0259-4,1.044,-0.677,-0.725,-0.079,-0.031,0.349,0.562,-0.134,1
P0291,V0291-3,-1.024,1.182,-0.018,0.644,0.536,1.306,1.111,-1.206,0
P0122,V0122-0,-0.18,2.596,-0.795,-1.262,-0.016,-1.056,-0.455,1.345,0
P0273,V0273-4,-1.561,-0.743,-2.756,-1.407,1.14,0.474,0.233,0.13,0
P0386,V0386-1,-0.189,-2.353,0.447,0.715,0.133,-0.547,1.742,-1.614,0
P0385,V0385-1,-2.145,0.152,-1.068,-1.11,1.474,-0.439,-2.582,-1.827,0
P0017,V0017-6,0.166,1.782,-2.034,0.173,0.37,-0.267,0.03,1.413,0
P0156,V0156-1,-0.421,-0.903,0.963,1.283,0.849,0.31,-0.935,-1.128,0
P0128,V0128-0,1.343,1.374,-0.803,-0.397,2.104,0.304,0.353,-1.416,1
P0265,V0265-6,0.803,-1.168,-1.446,1.834,0.208,0.9,-0.535,-1.119,1
P0472,V0472-4,0.198,-0.151,0.465,0.752,0.298,0.798,0.283,-0.253,1
P0246,V0246-3,0.572,0.067,0.129,0.107,1.082,0.657,1.172,1.352,0
P0283,V0283-4,-0.309,-1.038,0.717,-0.518,0.814,-3.196,2.041,0.285,1
P0319,V0319-2,0.989,-2.276,-1.445,-1.195,0.684,-0.238,-1.094,-1.406,1
P0244,V0244-6,0.14,0.89,-0.853,0.584,-0.352,0.855,-0.883,0.421,1
P0053,V0053-3,0.385,-0.085,-0.336,-0.037,1.044,0.326,-2.2,0.665,1
P0237,V0237-0,1.68,-0.067,-0.871,0.363,1.474,-0.685,-0.334,0.267,1
P0246,V0246-1,-0.051,-0.11,0.698,0.032,1.275,0.808,1.697,1.478,0
P0419,V0419-4,2.521,1.792,1.572,0.938,-0.729,-0.372,-0.283,-1.811,1
P0227,V0227-2,-0.601,-0.133,2.039,-0.759,-0.156,1.509,-0.412,0.522,1
P0059,V0059-5,0.037,-0.521,-0.994,-0.127,-0.383,0.496,1.616,-0.221,1
P0414,V0414-4,-1.124,-0.492,-1.212,-0.822,0.036,0.406,-0.988,0.393,0
P0182,V0182-0,-0.329,0.816,0.981,-0.191,-0.017,-2.065,0.297,1.313,0
P0016,V0016-2,-1.612,0.169,1.862,1.008,0.014,0.368,0.157,1.296,0
P0291,V0291-4,-0.765,1.174,-0.263,0.816,0.12,1.198,1.553,-1.283,0
P0040,V0040-2,-2.426,-1.311,0.835,0.776,-0.837,-0.545,-0.518,-1.528,0
P0397,V0397-0,0.619,-0.803,-0.915,0.006,0.088,-0.137,-1.236,-0.39,1
P0401,V0401-0,0.036,-0.727,0.361,1.754,-1.189,1.058,0.729,0.863,1
P0437,V0437-2,0.139,0.029,0.394,2.016,0.356,-1.624,-1.239,0.173,1
P0193,V0193-3,-1.36,0.299,-0.892,-0.325,0.759,-0.614,0.328,-0.314,0
P0432,V0432-2,-0.755,-0.492,-1.258,-0.267,1.332,0.168,0.703,-0.649,1
P0024,V0024-3,-0.079,1.078,0.346,3.015,-0.177,-0.537,0.288,0.547,0
P0348,V0348-0,-0.477,0.432,-0.186,0.162,-0.766,0.169,1.062,1.333,0
P0418,V0418-0,-1.573,0.435,-0.583,2.746,-1.116,-0.247,0.234,1.51,0
P0197,V0197-3,-0.962,0.21,0.542,-0.536,-1.378,0.306,-0.566,0.878,0
P0112,V0112-0,1.548,-0.091,1.573,-0.469,3.234,-1.278,1.349,1.125,0
P0390,V0390-1,1.09,0.474,0.711,2.074,-0.632,-0.418,-1.01,-0.39,1
P0310,V0310-0,0.854,0.165,-0.666,0.563,1.893,2.379,-0.967,0.883,1
P0038,V0038-4,0.152,-1.787,0.244,-1.702,-0.989,-0.51,1.547,0.585,1
P0408,V0408-3,1.576,0.698,-0.243,0.833,-0.29,-0.817,1.255,0.559,1
P0072,V0072-0,0.26,-0.136,0.964,0.119,1.353,-1.774,-1.652,0.856,1
P0201,V0201-0,1.527,2.358,-0.61,-1.664,-1.19,-2.492,-0.989,2.141,1
P0331,V0331-0,-2.304,2.03,-1.195,-2.028,1.143,0.759,-0.971,0.587,0
P0166,V0166-6,1.381,-0.344,-1.392,-0.353,0.653,0.361,0.95,-0.775,1
P0393,V0393-3,-1.557,0.454,0.629,-1.05,-1.481,1.664,0.221,-0.622,0
P0268,V0268-0,-1.701,-0.545,-1.521,-0.161,-1.241,2.707,-0.436,-0.291,1
P0386,V0386-2,-0.469,-1.789,0.59,0.646,0.064,-1.562,1.296,-0.677,0
P0050,V0050-0,-0.066,1.041,-0.477,2.087,1.162,0.653,0.498,1.502,0
P0299,V0299-1,-0.301,-3.331,-0.293,-1.12,-0.808,-0.098,-1.259,-0.173,1
P0343,V0343-1,-1.168,1.225,-1.708,-0.153,-1.008,-0.263,0.046,-0.073,0
P0448,V0448-2,-1.474,0.296,-0.045,-0.961,-0.691,0.586,-0.312,-0.766,1
P0323,V0323-3,-0.434,0.677,-0.658,-1.384,1.778,0.602,-0.983,0.961,1
P0270,V0270-1,1.302,-1.262,-0.559,-0.615,-0.831,-1.452,0.695,0.425,1
P0113,V0113-0,0.156,-1.048,0.996,-0.832,-1.234,1.235,1.573,0.018,1
P0382,V0382-0,-0.906,0.086,0.258,-1.966,-0.454,-1.371,-0.282,-0.57,0
P0073,V0073-2,-1.125,1.439,1.053,1.135,0.244,0.242,1.719,1.552,0
P0340,V0340-7,0.213,-1.75,1.018,0.448,0.564,-0.084,0.248,0.228,0
P0239,V0239-5,-0.776,-0.093,-0.436,1.087,0.572,0.909,0.846,-0.089,1
P0408,V0408-4,1.555,0.899,-1.131,1.076,-0.303,-0.756,0.259,0.956,1
P0245,V0245-5,0.378,-0.024,0.795,-0.097,-0.259,0.309,1.471,-0.469,1
P0200,V0200-7,-2.761,0.67,0.32,0.34,-0.154,-0.388,-1.069,-0.733,0
P0238,V0238-0,-0.456,0.607,-2.484,-0.394,0.234,-1.029,1.096,1.214,0
P0410,V0410-5,-1.233,0.07,0.037,-0.13,-1.944,0.242,-0.79,-0.027,0
P0492,V0492-2,1.094,-0.523,-1.012,-0.493,-1.913,1.336,0.21,1.128,0
P0221,V0221-7,-0.285,-0.936,2.254,0.341,-1.11,0.691,0.551,0.012,0
P0156,V0156-5,-0.662,-0.605,1.387,0.865,0.637,0.917,-0.804,-0.868,0
P0062,V0062-2,0.034,0.631,-0.279,0.099,-1.462,-0.477,1.033,1.142,1
P0455,V0455-0,2.119,1.362,-0.507,0.606,-0.585,-1.454,-1.027,-1.078,1
P0016,V0016-0,-1.035,0.307,1.46,1.227,-0.453,0.358,0.068,0.731,0
P0321,V0321-2,1.281,-1.601,0.844,0.752,-1.007,0.951,-0.163,0.086,1
P0388,V0388-4,-0.259,-0.472,0.48,0.189,-0.438,-1.586,0.403,1.045,0
P0017,V0017-3,-0.064,1.76,-1.518,0.21,0.225,-0.353,0.7,1.651,0
P0086,V0086-1,-1.998,0.851,0.386,-0.49,1.164,0.907,-0.722,0.268,0
P0473,V0473-4,-0.782,0.377,0.161,1.598,0.39,0.919,0.001,1.075,1
P0423,V0423-5,0.978,2.211,-0.468,1.333,0.016,0.144,-0.873,-1.076,0
P0272,V0272-1,0.528,-0.76,1.906,0.055,0.473,-2.073,1.476,-0.438,0
P0050,V0050-1,0.341,1.353,-0.882,1.603,1.187,0.877,-0.004,1.891,0
P0186,V0186-2,0.941,-0.307,2.091,-1.509,0.391,0.715,0.359,0.284,0
P0298,V0298-0,0.399,-0.486,-0.582,1.049,0.689,0.427,1.137,-0.328,1
P0332,V0332-2,0.956,-0.953,0.164,1.244,0.966,-1.374,-0.914,-0.373,1
P0075,V0075-4,1.992,-0.376,2.138,1.04,0.267,-1.853,-0.935,0.94,1
P0484,V0484-1,-0.116,0.66,1.224,-0.198,-0.739,-2.206,-0.269,1.114,0
P0053,V0053-1,0.116,-0.418,-0.461,0.688,1.364,0.201,-2.771,0.893,1
P0152,V0152-3,0.771,0.827,-0.495,-2.312,0.266,0.486,0.838,0.221,1
P0389,V0389-2,1.224,0.199,-1.649,-0.128,-1.209,-0.043,-1.925,-0.81,0
P0394,V0394-1,0.321,0.095,-0.52,-1.074,-0.405,0.431,-1.162,1.613,0
P0490,V0490-5,2.269,-0.73,-0.847,0.682,0.885,-0.485,-0.906,-0.367,1
P0439,V0439-2,0.878,-1.892,1.488,1.695,-0.768,0.245,1.154,1.268,0
P0164,V0164-0,-0.673,-2.331,-1.656,1.99,2.128,0.251,0.232,1.1,1
P0419,V0419-0,2.71,1.657,1.922,0.738,0.178,0.189,-0.141,-2.195,1
P0246,V0246-2,0.074,-0.093,0.239,-0.126,1.367,0.526,0.817,0.747,0
P0028,V0028-2,-0.602,-0.447,-0.69,-1.519,-2.183,-1.585,-0.121,0.11,0
P0464,V0464-0,-0.115,0.704,0.754,-0.083,-0.252,-2.006,-0.648,1.407,0
P0144,V0144-1,0.429,-0.275,-0.17,1.174,-1.743,0.658,-0.79,-1.42,1
P0109,V0109-4,-0.574,0.064,2.459,0.681,0.961,-1.236,0.257,0.679,0
P0128,V0128-2,0.637,1.263,-0.561,-0.631,1.925,1.155,0.442,-1.147,1
P0084,V0084-5,0.207,-1.899,0.781,-0.531,-0.121,-1.629,-0.175,-0.417,0
P0131,V0131-7,-0.251,0.239,1.915,0.165,0.462,-0.34,-0.103,0.368,1
P0162,V0162-0,1.458,-1.421,0.625,0.657,0.035,-0.557,0.999,-1.639,0
P0495,V0495-0,0.3,1.552,0.881,-2.085,0.198,-0.483,-0.656,-1.561,0
P0405,V0405-2,0.422,-0.566,-0.182,0.149,0.874,-0.481,0.859,-0.127,0
P0018,V0018-4,0.91,2.57,0.4,0.746,0.246,1.549,-0.042,-1.569,0
P0381,V0381-2,0.66,-0.204,-0.035,-0.737,0.219,-0.6,-0.213,1.259,0
P0412,V0412-5,-0.195,-0.288,1.049,1.343,-1.527,-0.621,1.911,0.165,0
P0152,V0152-2,0.37,0.78,-0.334,-1.385,0.7,0.798,0.648,0.256,1
P0202,V0202-0,-0.494,0.131,-0.226,-1.591,-0.08,-0.181,0.412,0.515,1
P0436,V0436-1,1.248,0.705,-1.598,-0.309,-0.864,0.972,0.773,-0.045,1
P0391,V0391-4,-0.028,-0.725,0.721,1.596,1.441,0.559,-0.776,-0.431,1
P0426,V0426-0,-0.947,-0.71,0.155,0.606,0.268,-1.506,-0.614,-1.765,1
P0108,V0108-4,-1.505,0.397,0.048,0.048,0.73,0.56,-1.842,1.966,0
P0344,V0344-1,-0.014,2.23,0.147,0.334,0.404,-1.452,-0.662,-0.548,0
P0449,V0449-1,1.058,-0.122,0.223,2.036,0.261,0.257,0.346,0.294,1
P0430,V0430-0,-0.109,0.888,-1.043,-0.82,0.048,-1.633,0.907,0.287,0
P0142,V0142-0,-1.098,1.235,1.913,-1.468,-0.127,0.158,2.709,0.04,0
P0479,V0479-3,-1.192,-0.788,-2.128,0.295,-1.053,0.199,0.405,0.982,0
P0372,V0372-7,-0.755,-0.795,-2.093,-0.385,0.183,-1.247,0.578,0.013,0
P0363,V0363-6,0.268,1.329,1.07,-0.196,1.437,-0.024,-1.5,-1.057,1
P0054,V0054-1,-0.951,0.142,1.138,0.098,0.183,0.07,-0.749,-0.978,1
P0214,V0214-1,-0.403,0.003,-0.816,-0.452,0.734,-0.296,0.409,0.969,1
P0350,V0350-0,-0.823,0.581,-1.021,-0.779,-0.402,-0.06,0.134,-0.321,0
P0154,V0154-1,-0.352,0.62,1.273,0.278,0.247,-1.539,-1.351,0.751,1
P0171,V0171-0,-0.153,0.761,-1.471,-0.728,-0.082,0.501,-1.23,-1.091,1
P0333,V0333-6,0.078,-0.373,2.069,0.707,-0.819,0.802,1.442,-1.828,1
