sensor_0,sensor_1,sensor_2,sensor_3,sensor_4,sensor_5,sensor_6,sensor_7,sensor_8,sensor_9,fault
0.359,1.511,-1.786,1.687,-0.047,-0.8,-0.803,-1.083,-0.224,0.834,1
0.584,0.638,-1.695,-1.571,1.554,0.969,2.183,1.21,-1.024,1.285,0
0.628,0.215,-0.82,0.003,-0.147,0.893,0.124,1.585,-0.774,0.471,0
0.499,-0.864,-1.181,1.014,0.517,-0.163,0.394,-0.675,0.238,-0.605,1
0.189,0.986,-0.34,0.85,-1.034,-0.288,-1.365,-0.101,0.079,-0.197,0
-0.268,1.34,1.424,-1.216,1.174,-1.723,-0.734,-0.173,0.111,-1.047,1
-0.722,0.077,-0.693,-0.641,0.666,0.932,-0.06,0.018,-0.02,-0.454,0
-0.511,-1.038,0.648,-0.084,-0.137,0.201,0.531,1.421,-0.274,-0.401,0
0.201,-0.846,1.272,0.926,0.694,-0.12,0.74,1.05,0.5,-0.28,0
-1.685,0.947,-0.353,-0.843,0.891,0.338,-1.419,-0.099,-0.269,0.993,1
-1.895,-0.386,-0.138,1.419,-1.083,-2.94,-1.384,0.263,0.81,1.734,1
0.401,-0.802,0.884,-0.011,-0.201,0.018,1.275,-0.901,-1.024,-0.067,0
-0.067,-0.814,-0.879,0.378,1.338,0.713,0.685,1.246,-1.991,-1.51,0
-0.705,-1.195,-0.989,0.07,-1.284,-0.443,-2.043,-0.974,1.346,-0.543,0
0.324,0.708,-0.491,0.579,0.215,0.697,-0.636,-1.44,-1.022,-0.555,0
0.536,-0.204,-0.399,-0.18,1.1,-0.575,1.511,-1.228,-0.592,0.855,1
0.518,-0.856,-0.109,-0.709,0.851,0.54,-0.713,0.397,-0.367,-0.072,0
0.065,-0.564,0.425,0.46,0.426,1.105,-0.272,-1.483,-0.489,0.201,1
0.022,0.579,0.806,-0.118,-0.11,-0.987,1.033,-0.264,-1.083,-1.114,0
-0.415,1.555,0.773,-1.694,-0.124,0.264,0.627,0.344,-0.641,0.412,1
-0.554,-2.241,-0.709,-0.686,0.954,1.056,-1.045,0.174,0.09,-1.436,1
-2.053,-0.093,0.136,-0.595,-2.711,-0.029,-0.579,-0.889,-0.324,-1.129,0
0.56,0.011,-0.559,0.282,-0.032,-1.518,-0.144,-0.457,-1.741,-0.652,1
0.426,-0.619,1.408,1.698,-0.306,0.553,1.993,-0.332,-0.899,-0.422,1
-1.374,-1.349,0.209,-0.417,0.246,0.488,-0.764,-0.194,-0.269,-0.669,1
-0.836,0.316,-0.14,0.332,1.001,1.014,-1.112,-0.856,-0.256,0.124,1
0.938,-0.962,-0.437,0.247,1.229,1.379,-1.006,-0.212,-0.808,0.847,0
0.447,-0.358,-0.611,0.295,0.98,-0.767,-0.324,0.113,0.018,0.338,0
-1.0,-0.595,-2.1,0.056,1.07,-2.057,-0.632,0.899,-0.143,-1.895,1
1.169,-1.426,1.371,-0.585,-0.707,0.027,-0.022,0.6,0.503,-0.148,1
1.323,0.713,0.274,0.135,-0.095,-0.078,0.665,0.474,0.04,1.015,1
-0.262,0.436,0.86,-1.116,-0.264,1.669,-0.957,1.152,-1.06,0.406,0
-1.064,-0.616,-0.375,-0.549,1.009,0.833,0.87,0.193,1.637,1.029,0
0.325,-1.049,0.685,0.652,0.094,0.713,0.77,-0.298,0.565,0.347,0
0.313,-0.342,-0.463,0.119,1.432,2.326,-0.37,-1.054,-0.342,-0.835,0
-0.417,0.397,-0.914,0.609,0.792,1.516,1.819,0.998,2.267,-0.5,0
0.276,0.172,0.439,1.025,-0.323,1.713,1.276,0.353,0.472,-0.963,0
-2.476,-0.081,0.324,0.235,-1.09,-0.442,1.759,0.736,0.624,-0.299,0
0.747,1.292,0.766,-0.393,0.295,-0.864,-0.292,0.601,-0.52,-0.217,1
1.44,-0.154,0.775,-0.285,-1.117,0.018,-0.343,-1.984,-1.18,-0.403,1
1.48,-0.556,-0.017,0.64,0.304,-0.321,1.703,1.344,-2.406,0.968,1
0.554,0.987,0.103,0.834,1.927,1.713,1.79,1.06,0.931,0.95,0
-1.094,2.27,0.251,0.338,0.134,0.486,-2.088,0.244,-1.241,-0.963,0
-1.83,-1.689,0.596,-0.472,-0.089,-0.157,-1.139,-0.691,-1.239,-0.298,0
-2.195,-0.381,0.913,1.206,1.144,0.499,-0.992,0.906,0.521,0.268,0
-1.2,0.392,1.406,0.74,-0.224,0.545,0.006,0.18,0.842,0.344,0
0.075,0.384,-0.813,-0.988,0.483,-0.588,0.557,-1.828,1.191,-0.098,1
1.656,-2.459,-1.67,1.397,0.158,0.305,0.127,0.163,0.538,-0.999,1
-0.162,1.297,0.185,-0.611,0.101,1.044,-0.192,-0.171,0.494,0.851,1
1.474,-0.122,0.353,1.046,-1.883,0.152,0.469,-0.072,-0.836,0.594,0
1.249,-0.074,-0.465,-0.198,1.565,1.254,0.061,-1.071,-1.239,-0.3,1
-0.293,0.287,-1.102,-0.101,0.554,-1.656,2.311,0.599,0.55,-1.27,1
-0.994,1.042,0.913,-2.396,1.181,0.757,0.653,-1.074,0.291,-0.57,0
0.595,1.872,0.676,1.052,-0.273,-0.981,0.054,1.076,1.508,-0.017,0
0.296,-0.354,-1.671,0.13,0.392,-0.368,-0.127,-1.752,0.103,1.426,1
0.023,0.641,0.49,-0.71,0.256,-0.771,2.959,0.252,-1.04,-1.485,0
1.536,0.66,0.443,-1.313,-0.515,-1.166,1.142,-0.477,1.969,0.564,1
-0.276,1.384,-2.049,-0.786,-0.356,1.112,1.12,0.401,-1.728,-0.483,0
-1.056,1.292,-0.395,0.633,1.898,-0.029,0.743,-0.338,0.092,0.087,1
0.06,0.114,-0.348,1.911,-0.603,0.291,-0.252,-2.214,1.014,0.273,0
-1.331,-0.687,-1.572,0.324,1.599,1.255,-1.256,-1.686,0.563,1.718,1
0.084,1.083,-1.361,-0.08,0.471,-0.381,-0.198,0.712,-0.597,-0.967,0
0.772,0.268,-0.972,0.457,-0.538,0.663,0.014,-0.264,-0.751,0.224,0
-0.024,1.913,-0.023,-1.327,2.09,-2.018,1.671,-0.843,1.408,-0.166,1
0.561,0.048,-0.093,0.537,-0.626,0.493,-1.066,-0.717,-0.494,-0.086,0
1.228,-0.824,-0.849,-1.113,-0.396,0.571,-0.737,-0.285,-0.581,0.091,1
-2.007,0.601,0.931,-0.829,-0.064,-0.903,1.008,0.638,2.905,-0.2,1
-0.867,-0.471,-1.247,0.219,0.321,0.936,0.418,-0.399,1.309,0.597,1
0.849,-1.152,-0.815,-0.621,-0.371,-2.163,1.226,-0.185,0.875,0.802,1
1.525,0.606,0.411,-0.703,0.163,1.797,-1.718,-0.659,0.324,1.667,1
-1.044,-0.395,0.212,3.166,-0.803,-0.09,0.812,-0.634,0.458,0.487,0
-0.284,0.429,1.802,0.207,-0.343,-0.662,0.317,1.125,0.236,0.4,0
2.739,-0.671,-0.986,0.366,-0.122,0.666,1.331,0.451,-0.103,0.612,0
0.577,0.002,-0.481,0.76,-0.108,-1.052,0.773,-0.429,-0.448,0.739,0
-0.694,-0.089,-0.895,-1.439,0.376,1.637,-0.791,1.242,1.146,1.584,0
-0.988,-0.571,1.724,0.03,0.075,0.792,0.696,-0.46,-0.123,0.726,0
0.359,-0.635,1.369,0.943,-0.221,-0.453,1.018,-2.309,0.206,-0.492,0
-0.572,0.983,0.409,3.156,-0.106,0.477,-1.283,1.121,-0.477,0.337,0
1.412,1.3,0.612,1.399,-0.319,-0.806,-1.393,0.679,2.084,-0.2,1
0.133,-0.192,0.607,-1.699,0.974,1.198,-0.559,-0.887,-0.76,0.67,1
1.561,-0.875,-1.424,0.218,0.381,0.82,-0.579,0.842,1.207,-1.526,0
-0.191,0.716,0.868,-0.451,-1.842,-0.683,-1.328,-0.432,1.115,-0.545,1
0.169,-1.125,1.01,-0.546,-0.964,1.942,0.412,0.759,-1.916,1.498,0
1.79,-0.062,-0.226,-0.509,1.147,-1.496,0.396,2.063,0.206,2.039,1
0.092,-0.235,0.98,-0.006,0.167,-0.336,-1.138,-0.241,0.773,1.145,1
-0.004,0.375,-0.86,-0.109,-0.087,-0.068,0.129,0.422,1.288,0.839,1
0.585,-1.145,-0.733,0.119,0.174,0.802,-1.681,0.252,0.199,-0.261,1
-0.714,0.301,-0.083,0.546,-1.924,-0.824,1.597,0.304,-0.691,-0.239,0
-1.21,1.499,1.507,0.963,1.283,0.552,1.397,0.719,1.495,0.069,0
0.008,-0.463,-0.37,-1.469,1.417,1.491,0.826,1.092,0.326,0.587,0
-1.237,0.028,-1.695,-0.573,-0.184,-0.211,-0.954,1.373,1.081,-0.423,0
-1.119,-0.387,1.026,-1.795,0.892,-0.035,-0.299,1.104,0.114,-0.255,0
1.321,-1.481,1.693,-0.743,-0.732,1.667,3.389,1.316,-0.734,-2.063,0
0.337,0.1,-0.481,-0.03,-0.573,0.931,0.012,-0.11,-2.081,0.345,0
-1.346,0.822,0.058,-1.918,-0.242,-1.092,0.639,0.532,1.132,-0.678,0
0.573,-1.278,0.405,-0.147,0.314,0.068,1.09,-0.263,-0.103,1.463,0
0.009,-0.45,-0.817,0.09,0.041,0.712,-0.093,0.756,-0.187,1.654,0
0.027,0.747,0.457,-1.229,1.097,-0.342,0.986,-1.906,-1.763,-1.91,1
-1.712,-0.324,0.027,-0.912,-0.282,-0.62,0.786,0.758,0.351,0.694,0
1.751,0.694,-1.453,-0.157,-0.244,0.859,0.523,0.904,-1.479,1.431,0
-0.1,0.999,0.523,-0.827,-0.766,0.636,1.169,-0.862,-1.094,-2.0,0
-0.895,-0.712,-0.269,0.618,-0.469,-1.089,-0.365,-0.068,0.153,0.137,0
-0.171,0.545,-0.288,-1.032,-0.173,1.832,-0.811,2.419,-0.5,0.705,0
-1.591,-0.102,1.419,-1.158,-0.717,0.312,0.346,-1.462,-1.241,0.283,1
0.291,0.724,-0.163,0.618,1.19,-1.202,1.003,0.746,1.264,-0.377,1
-0.03,0.082,-0.468,0.997,0.228,-0.974,0.261,-1.041,-1.531,-1.016,0
0.025,0.119,-0.101,0.536,1.89,-1.101,0.424,0.275,-1.161,-0.488,0
0.204,0.035,-0.81,0.755,0.239,0.63,1.557,-1.236,0.968,0.469,0
-0.848,-0.052,-0.403,-1.138,0.79,-0.75,-1.98,0.803,-0.473,0.363,0
0.202,-0.298,-0.37,-2.465,-0.398,-1.108,0.492,-0.76,-0.637,0.095,0
-1.121,-0.693,-0.475,0.39,-1.414,0.743,-0.142,-0.491,0.331,0.982,1
1.117,-1.018,1.304,0.031,1.269,-1.033,-0.17,-0.112,-1.239,-0.447,1
0.874,1.079,0.634,0.267,-0.437,1.996,-1.315,-1.18,-0.758,0.163,1
-0.457,0.74,-1.537,0.796,1.7,0.838,-0.302,-0.599,1.045,-1.669,0
-0.787,-1.648,-0.156,1.773,-0.435,1.027,-1.067,-0.552,-0.574,1.007,0
-0.87,-0.671,-0.011,1.487,0.042,1.711,0.369,-0.263,1.1,-0.581,0
-0.903,0.087,-1.516,-1.173,-0.8,0.017,0.993,1.097,-0.205,0.211,0
-0.316,-1.392,0.379,-0.726,0.714,-0.543,-0.996,0.306,-0.549,-1.291,1
0.988,0.292,0.289,0.059,-0.561,-2.74,-0.564,-0.448,0.391,-1.289,1
0.444,0.013,1.411,-0.721,-0.003,0.225,0.557,1.241,0.451,-1.374,1
1.597,-1.941,0.615,1.273,-0.671,-0.051,-0.076,-1.089,0.357,-0.937,1
0.313,0.586,1.063,1.321,0.413,0.477,-0.213,-0.061,0.863,0.762,1
0.463,-0.007,1.01,-1.092,-0.513,0.219,1.101,-1.2,-1.035,-1.172,1
0.711,0.782,1.498,2.217,-1.163,-0.177,-0.531,-1.057,0.043,-0.53,0
0.146,-0.342,-1.405,0.579,0.552,-0.423,-2.104,-2.254,-1.342,0.362,0
0.645,0.066,0.065,-2.475,0.347,-0.675,-0.276,-0.947,-1.953,0.728,0
0.354,-1.049,-1.519,-0.626,0.83,0.513,0.036,0.872,0.314,-0.941,1
0.613,-0.077,-0.825,1.088,0.398,-1.419,0.728,0.176,-0.37,-0.465,1
-1.014,-1.44,0.251,0.441,-0.343,0.231,-0.385,-0.361,0.477,0.457,1
1.361,-0.466,0.323,-0.177,0.196,1.198,0.372,-0.77,-0.46,-0.587,0
-0.269,-0.658,-0.495,-0.18,0.298,-0.838,0.049,0.024,0.797,0.228,1
0.484,0.246,1.08,-0.14,-1.453,0.316,-0.965,-2.157,0.431,-0.065,1
0.155,0.404,-0.204,0.995,0.024,-0.331,-0.012,-1.988,0.445,-1.446,1
0.333,-0.172,0.027,-0.817,1.548,-1.989,-0.174,-0.9,-1.561,1.321,1
0.133,2.268,0.696,0.431,0.496,-1.263,-1.29,1.323,0.736,-0.735,1
0.071,0.125,1.13,0.303,-0.681,0.75,-0.526,0.529,-0.567,-2.997,0
1.526,-0.895,0.941,0.593,-0.507,-1.107,1.825,0.223,1.227,0.327,1
0.907,0.23,-1.211,-0.722,0.377,-1.117,-0.31,-0.083,1.069,1.556,1
-1.943,0.415,1.735,-1.276,-1.011,1.135,0.183,-0.508,0.215,0.711,0
0.114,0.396,0.236,0.421,0.247,0.455,-0.091,1.121,-0.217,-0.406,0
-1.29,-0.629,0.225,-0.09,0.648,-1.028,-0.524,-1.799,-0.18,0.986,1
0.517,-0.309,0.525,0.328,-0.781,-0.898,-0.816,0.484,0.609,0.437,1
-0.19,1.853,-0.135,0.522,0.231,1.046,-1.536,0.552,-0.123,-0.026,1
-0.935,-0.633,1.208,0.883,-1.299,0.291,-0.404,1.075,0.485,0.782,0
0.003,0.102,-0.56,-1.367,-0.483,1.219,1.328,-0.778,-0.761,-0.663,0
-0.701,-1.075,-0.619,0.649,0.721,1.632,-0.132,-2.017,-0.519,-1.0,1
-0.317,-0.692,0.923,-0.792,0.006,1.703,-0.013,-1.57,0.849,0.441,0
0.513,0.65,-0.9,-0.943,0.138,-1.608,-0.797,1.086,-1.206,0.325,0
0.996,-0.064,-0.43,1.232,-1.303,1.565,-0.853,0.022,-1.047,-1.027,0
0.927,0.061,0.483,-1.239,-0.345,-1.181,-0.035,0.426,0.464,0.479,0
-0.629,0.534,-0.422,1.271,-0.17,1.122,-0.347,0.619,0.209,-1.397,0
0.626,-0.875,-1.701,0.125,1.064,0.691,-0.809,-1.63,-2.551,-0.621,1
-0.507,-0.166,1.16,-0.2,-1.039,-1.074,-0.919,-0.65,0.294,-0.315,1
-0.085,0.084,0.185,0.605,1.1,-0.955,-0.289,-0.12,-0.156,0.768,1
0.681,-0.606,1.579,0.49,0.655,-0.572,0.749,-0.305,-0.9,0.117,0
-0.967,-1.031,0.43,0.756,-0.65,0.911,1.115,1.095,0.328,-0.283,0
1.469,-0.352,0.46,1.078,1.64,0.305,0.276,0.529,0.241,1.091,1
1.051,1.676,-0.007,0.749,-0.626,-0.337,1.404,-0.202,-1.743,-0.462,1
-0.446,-1.683,0.235,0.845,-0.443,0.972,-1.911,0.757,0.035,2.184,1
0.068,0.023,0.024,-0.279,-0.312,0.703,0.306,0.332,0.312,-0.594,0
1.837,-0.895,0.932,-0.107,1.036,-0.157,1.086,0.526,1.166,1.935,1
0.266,0.213,-2.188,0.088,0.913,-0.165,0.131,-0.081,-1.741,0.881,1
-0.602,-1.202,0.995,0.446,0.607,0.197,-0.54,0.915,-0.733,0.319,0
-0.856,-0.953,0.845,-0.646,1.579,-1.133,1.083,-0.192,0.809,0.742,0
-1.615,0.658,-0.206,-0.79,1.066,0.434,0.476,1.4,1.038,0.181,0
-0.665,1.463,-0.514,-1.405,1.886,2.044,-1.43,0.447,-1.229,0.693,0
-0.327,-1.208,0.988,-0.717,0.471,-0.528,1.695,1.106,-0.32,-1.911,0
0.443,-0.781,1.206,1.568,0.107,0.942,-1.135,0.636,1.628,-1.199,1
0.775,0.311,0.893,0.133,0.003,1.191,0.1,0.512,-1.211,0.431,0
0.708,-0.074,0.017,-1.806,-0.918,-0.194,-0.238,2.091,0.783,-1.059,1
2.186,-1.256,-1.028,-0.772,-0.001,2.475,-0.192,0.569,-1.321,-0.365,0
2.468,1.287,0.923,1.496,0.601,0.57,-0.953,-1.356,-0.565,-0.249,1
-0.698,0.741,1.796,0.054,-1.416,-1.108,1.06,0.821,0.288,0.68,1
1.146,0.113,0.362,-0.258,-1.813,0.168,0.029,0.44,-0.464,0.448,0
0.423,-0.349,-0.907,-0.61,0.373,0.878,1.789,-0.042,0.53,1.203,0
-0.909,0.65,-0.391,-0.312,0.782,-0.177,0.371,-1.015,-0.012,-0.791,1
-0.246,2.793,0.072,-0.157,-0.333,-0.694,1.796,-0.617,2.37,-0.159,0
1.253,0.169,-0.566,-0.127,1.343,-0.11,-1.829,1.885,-0.63,-0.268,0
1.485,-1.588,-0.442,0.673,0.669,0.614,-0.887,0.965,-0.39,0.234,1
-0.855,1.756,-0.312,-0.016,-0.481,0.444,-1.259,-0.036,-0.162,1.66,0
-0.265,-0.121,0.208,1.086,2.073,0.512,0.586,1.689,0.149,0.511,1
-0.501,-0.058,-0.681,2.261,0.87,0.78,-0.909,0.204,-0.598,-0.602,0
-1.265,-0.564,2.71,-0.518,0.768,1.041,0.555,0.848,-0.903,1.634,0
2.189,0.131,-0.612,-0.741,-1.242,0.694,0.926,1.783,-1.216,0.934,1
0.771,-0.179,-0.796,0.372,2.287,-1.199,-0.519,-0.455,-0.073,1.164,1
-0.409,-2.208,-1.199,-1.217,0.318,0.214,-1.088,0.778,-1.775,-0.137,0
1.357,-1.524,0.648,1.081,-0.412,0.206,-1.442,0.382,-1.16,-0.518,0
0.463,-0.341,-1.065,-0.006,-0.242,-0.779,-1.957,-0.182,0.901,-0.6,1
-0.54,-0.464,0.42,-1.499,0.77,2.062,0.487,0.075,0.455,0.498,0
-0.322,-0.111,-0.188,0.546,1.893,0.155,2.042,-0.845,0.771,-0.688,1
0.152,-0.067,-1.864,-0.217,0.424,0.326,-1.442,-1.408,0.637,-0.985,1
2.068,0.336,0.359,-0.148,-0.755,0.3,-0.194,1.53,0.191,0.277,1
1.095,1.012,-1.99,1.997,-1.49,-0.98,-0.264,-0.763,1.848,0.068,0
-1.096,-0.343,-0.761,-0.646,0.424,0.573,-0.122,-1.282,-0.599,0.958,0
0.568,-0.278,0.794,-1.827,-0.655,0.072,0.344,1.091,0.122,0.337,1
0.194,-1.023,-0.148,1.467,0.759,-0.267,0.055,1.765,1.625,1.92,1
1.338,-0.088,-0.141,-1.558,1.334,1.281,2.284,-0.71,1.786,0.619,1
0.211,0.344,-1.063,0.012,-0.904,-0.397,0.302,-0.387,0.8,-0.606,1
-0.457,-0.48,0.298,0.352,1.096,-0.209,-0.56,0.394,1.899,0.993,1
-1.756,0.226,-0.279,-0.072,0.95,0.177,0.028,-1.467,0.019,-0.616,1
0.371,1.198,-0.744,-0.1,0.732,-1.5,-0.578,-1.323,-0.496,0.019,1
-0.224,1.54,0.902,0.306,1.239,2.03,-0.246,-0.049,0.467,1.185,1
-1.879,0.069,2.809,0.17,2.063,2.617,0.922,2.457,0.202,-1.596,0
-0.32,1.636,2.852,0.762,-1.461,0.172,-1.838,0.254,1.801,-0.758,0
-0.718,-0.307,-0.187,0.76,0.519,0.926,-0.846,1.379,0.829,-0.719,1
-0.365,-0.486,-1.573,2.123,0.801,0.234,1.33,0.008,0.01,1.491,0
-0.872,-0.721,-1.544,-0.542,1.209,-0.376,1.703,-0.384,0.369,-0.943,1
0.876,2.195,-0.157,-1.478,0.041,0.864,-0.71,2.099,-1.176,0.719,0
1.585,0.432,1.436,0.629,-0.292,-0.352,1.99,-1.675,0.365,-0.698,0
-0.339,0.974,-0.778,-1.485,1.325,1.387,0.134,-0.825,-0.935,0.41,0
0.52,0.574,0.749,0.059,0.69,0.03,0.441,-0.172,0.36,-0.895,1
-0.166,-1.117,0.629,-0.558,-0.648,-0.615,-0.826,-0.942,0.627,0.55,1
0.95,-0.581,0.295,-1.959,0.932,-1.001,1.318,0.745,2.166,0.556,1
-0.624,2.258,1.369,1.225,1.874,0.032,-2.298,-0.138,-0.513,0.726,0
-0.323,0.659,-0.785,1.23,0.721,-0.641,1.48,1.65,0.706,-0.507,1
0.453,0.198,-0.358,0.015,-0.065,-1.343,0.025,-1.011,0.041,-0.136,0
0.927,-0.428,0.215,-1.414,1.251,2.27,-0.049,0.602,0.777,-0.09,1
0.996,-0.462,-0.034,0.004,-0.539,-1.344,1.098,0.192,-0.694,-1.098,0
-0.071,-0.935,0.602,0.105,0.484,1.124,0.262,0.684,1.255,0.583,0
-2.236,1.269,0.326,0.649,1.657,-0.136,0.561,-2.067,1.596,0.005,1
-0.185,-0.191,0.663,-1.804,1.965,0.187,-0.035,1.488,0.962,0.59,1
-0.851,1.187,0.334,-0.769,-0.112,0.356,-0.69,0.93,-0.498,0.963,1
0.361,0.54,-0.947,0.155,0.683,0.405,-0.31,0.416,-0.284,0.012,1
1.275,1.746,1.853,0.66,-0.509,-0.204,1.187,0.197,1.626,-0.278,0
0.976,-1.245,-0.25,0.59,0.479,0.234,-1.062,0.178,-0.238,-0.6,1
0.287,-0.771,-0.59,2.253,0.424,1.306,-0.46,-0.407,-1.276,-1.285,0
-1.235,0.524,-0.902,-0.833,-0.574,0.754,-0.365,0.641,-1.012,0.625,1
0.004,0.627,-1.121,-0.133,0.008,-0.682,0.601,0.075,0.549,-0.575,0
0.226,-1.393,0.704,-1.337,-0.67,0.098,0.55,0.13,-2.019,-1.262,1
-0.84,-0.131,-1.384,-0.877,0.342,0.054,0.466,0.329,-1.514,-1.088,1
-0.003,0.27,-0.651,0.864,-0.785,-0.622,-0.095,0.172,-0.707,-0.181,1
-1.066,-0.831,1.436,-1.239,1.432,-0.681,1.158,-0.552,-1.154,-0.176,0
-0.105,0.159,-1.092,-1.576,-0.316,-0.562,-0.873,-0.181,1.277,1.163,1
0.25,1.291,1.916,1.443,-1.762,-0.777,0.279,0.948,-1.271,2.204,0
-0.677,-0.992,-2.114,0.915,1.011,0.927,0.239,0.371,0.119,1.839,1
0.75,1.094,-1.666,-1.646,1.178,0.637,0.544,-0.075,0.319,-0.439,0
0.666,-1.673,0.113,-0.628,-0.864,-0.219,-0.193,-0.116,1.696,-1.237,1
-0.966,0.021,-0.009,0.397,0.943,0.352,-0.887,2.367,0.203,0.046,0
0.079,-0.859,-0.769,0.021,0.271,0.544,-1.054,0.714,-1.105,1.086,0
2.612,-1.304,0.505,1.056,-0.49,1.484,-1.546,-0.645,0.589,1.581,1
-0.52,-1.487,0.543,1.7,0.544,-0.772,-1.458,2.858,0.226,-1.738,0
-1.874,1.306,1.369,-0.09,-0.477,0.799,0.895,0.259,-1.317,0.327,0
2.558,-1.111,-0.794,-0.832,-0.849,1.622,0.774,-1.075,-1.216,-0.093,1
-0.757,0.36,0.221,-1.632,1.994,-0.846,1.51,0.167,-0.317,-2.248,0
-0.7,1.164,0.877,-0.939,-2.766,0.254,-1.371,-0.252,-1.158,1.321,0
-0.632,0.115,-0.207,-0.706,0.766,0.372,0.333,-0.424,0.505,-1.171,1
0.277,-0.272,-3.185,-1.472,-0.456,2.206,1.326,-0.647,1.187,-1.027,0
1.21,-0.403,-0.954,-1.696,-0.205,1.0,-0.078,3.501,-0.689,1.239,1
0.972,0.121,-0.243,-0.731,0.748,0.829,-0.238,-0.776,-1.38,-0.129,1
-1.841,-0.833,2.018,-1.008,-0.544,0.877,0.443,-0.325,0.416,-0.183,0
0.003,-0.942,0.512,0.17,0.039,0.354,0.056,-0.452,0.029,-0.635,0
-2.496,-0.923,-0.464,-0.032,0.291,1.297,1.474,1.543,-0.312,1.015,1
-2.326,-1.261,1.629,-0.228,-0.201,0.349,0.462,-0.348,-0.093,-1.524,0
0.296,0.856,0.877,0.141,-0.622,-0.406,-0.873,-1.507,0.423,-0.74,0
2.199,0.244,1.371,-1.61,-0.199,0.848,0.788,0.356,0.519,-0.826,0
-0.916,-0.532,-1.501,0.981,-1.157,-1.08,-0.254,1.642,0.233,0.497,0
0.078,1.582,0.592,-1.5,-1.259,0.154,0.247,-0.573,0.305,1.299,0
-0.526,1.39,1.401,-3.063,-0.669,0.746,-0.125,0.013,0.896,0.791,0
-0.751,-2.617,0.532,1.014,0.46,0.347,0.725,0.468,-0.707,0.223,1
0.569,-0.661,0.073,1.098,1.975,0.708,2.069,-0.077,-0.192,1.342,1
-0.204,-0.434,-1.17,-0.051,-0.322,-1.348,-1.356,0.343,0.79,-0.526,1
-0.76,-0.268,-4.283,-0.631,1.13,0.957,-0.598,-0.227,-1.748,-1.272,0
0.024,-1.133,1.62,1.047,0.455,0.283,-0.628,0.041,-1.935,0.656,0
0.701,0.809,-0.166,1.598,0.083,0.194,-0.527,-0.475,-1.595,-0.544,0
-0.337,-0.213,-1.089,-1.443,-0.898,-0.384,0.995,-1.004,0.333,-0.36,0
-0.372,-0.986,2.11,0.172,-0.121,0.679,-1.064,-0.916,0.197,-1.202,1
-0.094,1.41,-1.203,-0.015,0.748,-1.475,0.274,0.013,-1.537,-0.051,1
0.677,0.97,-0.231,1.361,0.199,0.02,-0.842,-0.453,0.492,0.021,0
1.219,0.259,-0.008,2.279,-0.456,0.425,1.433,0.269,0.824,0.774,1
-1.663,1.591,-0.43,0.038,1.59,-0.15,-0.028,0.558,-0.676,0.68,0
0.065,-0.345,-0.806,0.544,-2.065,-0.61,-0.773,0.539,2.349,0.543,0
1.241,-1.221,1.224,-1.081,-0.675,-0.284,-1.364,0.625,0.967,0.695,1
-1.497,-1.925,-0.461,1.698,-1.981,-1.11,1.473,0.747,0.879,0.105,0
0.288,0.159,-0.276,-2.193,-0.286,1.131,-0.959,0.739,-0.175,-0.655,0
1.013,-0.225,-1.428,-1.425,1.068,0.312,-0.985,0.552,-0.174,1.591,0
-0.791,-1.312,-1.366,-0.963,-0.681,-0.775,-0.584,-1.078,0.805,1.15,1
-1.113,1.435,1.043,1.263,-0.588,-1.049,1.28,-2.235,-0.362,-0.535,0
-0.601,-0.853,-0.235,-0.266,0.197,-1.003,-0.132,0.483,0.052,-1.042,1
-0.653,0.49,-0.268,-0.272,-0.173,0.752,0.413,3.367,1.467,0.651,0
0.835,-0.553,0.077,0.786,1.408,-0.059,-0.506,0.245,-0.33,-0.368,1
0.488,1.302,-0.59,1.749,-0.028,-1.494,0.492,0.226,0.53,-1.568,0
0.628,0.924,-1.098,-1.003,0.927,2.218,1.643,-1.359,1.703,-1.124,1
-0.113,-0.266,1.312,1.221,-0.041,0.453,-0.876,0.166,1.477,0.194,0
-0.502,1.321,-0.338,0.229,0.364,0.271,-0.485,-0.04,-0.29,-0.157,0
-2.181,-0.398,-0.338,1.316,1.158,-1.592,-1.214,0.632,0.095,-0.669,0
-0.924,-0.487,-0.533,-1.25,0.457,1.466,-0.143,0.257,-2.013,-1.035,1
-1.68,0.599,0.979,-1.092,-0.542,-0.998,-0.438,-1.439,0.785,-0.819,1
-1.129,-1.064,-0.367,1.194,0.247,0.112,-0.668,-0.899,0.262,0.858,1
1.117,-0.005,-1.213,-0.633,-0.045,0.303,0.109,1.014,0.576,0.69,1
1.174,0.295,1.231,-0.299,-0.436,1.653,-0.007,2.183,-1.947,0.334,0
0.564,2.333,1.073,-0.381,0.314,-0.709,-0.606,0.599,0.322,1.877,0
-2.66,-0.11,0.798,1.387,0.233,0.114,0.607,2.971,0.853,-0.955,0
-0.733,0.448,-0.75,0.854,0.224,-0.073,0.3,-1.32,-0.693,-0.234,1
0.043,0.135,0.147,2.145,-1.59,1.315,0.567,-0.705,0.171,-0.551,0
-0.23,0.359,0.559,0.25,1.05,-1.307,1.322,0.24,-0.945,1.227,0
0.238,-0.238,-0.099,-0.481,-1.483,0.06,0.376,-0.552,-0.154,-2.54,0
1.093,-0.723,-1.142,0.664,1.128,0.36,0.878,0.033,-0.444,1.504,1
-2.398,-1.229,-0.183,0.872,0.371,-0.159,-0.135,0.703,-0.284,0.193,0
0.294,-1.125,-0.814,-0.394,0.301,1.105,-0.75,-1.861,1.114,-1.386,1
1.046,-0.761,-0.692,-0.115,-0.931,0.859,0.649,-2.514,-0.091,-1.486,1
0.114,0.51,-0.794,0.051,-0.071,0.411,-0.031,-0.902,0.607,0.34,0
-1.856,-0.386,-0.965,-0.176,-2.558,-0.596,1.881,-1.419,-0.01,1.84,0
0.393,1.001,-0.182,-1.383,-1.011,0.479,-0.873,-0.224,-0.766,-1.81,0
-2.807,0.79,-1.446,-1.193,0.003,-0.212,-0.426,0.378,0.494,-0.369,0
-0.904,0.913,-0.086,-0.54,-0.301,1.162,2.149,-0.2,-0.368,0.618,1
0.558,1.033,0.016,-0.82,1.196,-0.769,-0.588,-0.783,0.22,-1.442,1
-0.809,1.788,0.952,0.903,0.978,1.979,-0.695,0.074,0.92,-0.321,0
0.397,-0.502,0.34,0.511,0.877,0.786,0.555,-2.176,0.263,-0.067,0
-0.03,-0.849,0.734,0.197,-0.372,0.124,0.571,-0.939,0.939,0.261,0
0.739,-0.449,-0.371,-0.97,-0.627,0.323,0.052,0.284,-1.411,-0.082,1
1.269,-0.218,0.44,-0.505,0.951,-0.037,0.384,0.18,2.224,-0.4,1
1.785,-1.331,0.236,0.838,-0.35,1.053,1.543,-0.047,0.04,-0.376,0
-1.479,-0.461,0.361,0.713,-0.117,-0.543,-0.222,-0.364,0.962,0.339,0
-2.206,-0.068,0.695,-2.316,0.44,-0.126,1.067,-0.547,-0.335,-0.395,0
0.138,1.071,0.324,1.074,-0.216,0.029,0.339,0.715,0.636,1.638,1
-0.731,-0.229,0.402,1.377,0.364,-0.761,0.979,-0.512,-0.225,1.285,1
1.096,-1.29,1.699,0.354,0.512,-3.151,-0.721,-0.164,-0.748,-0.654,1
-0.038,0.251,0.355,-1.317,-0.048,-0.52,2.529,0.244,-0.696,-0.199,0
-1.714,-0.045,1.031,1.088,2.081,-0.473,-1.142,-0.037,0.25,-0.086,0
1.21,-0.366,0.198,1.02,0.26,1.388,1.918,0.517,-0.933,1.527,0
-0.824,-0.178,-1.342,-0.752,-1.122,-0.011,-1.456,-0.942,-0.313,1.4,1
-0.384,-1.408,-0.917,2.373,-1.25,-1.444,0.217,0.232,0.67,-1.527,1
-0.114,-0.414,1.483,1.166,-1.915,0.98,-0.444,-0.16,-0.453,-1.79,0
-0.287,-1.176,0.183,-0.556,0.162,-1.079,-1.412,0.707,-1.697,0.937,0
0.784,-0.194,0.111,-0.933,0.046,-1.96,0.281,-0.455,-0.17,-1.803,1
0.767,1.669,-0.122,-0.186,1.793,0.199,-0.439,-2.16,1.199,-0.491,1
0.645,0.957,0.371,0.277,-0.484,0.206,0.148,0.244,-1.395,-1.128,0
-0.895,1.115,0.206,-1.878,1.002,1.223,0.061,2.047,0.698,0.994,0
1.606,0.544,-0.596,-0.827,-0.933,-0.154,-0.215,-0.688,1.845,0.697,1
0.712,0.058,0.518,0.128,-0.448,0.158,-1.568,-0.231,0.117,0.105,1
-0.479,-0.198,0.685,-0.63,-0.752,1.585,-0.474,-0.264,-0.246,0.69,1
-0.098,-1.064,-1.148,-1.483,0.262,-0.438,0.63,0.472,-0.652,0.721,1
-0.221,1.243,0.597,0.475,1.41,-0.116,-0.775,0.196,-0.442,2.67,0
-0.423,-0.487,-0.795,1.76,-1.526,-0.447,-0.326,-0.497,-0.187,0.791,0
-1.458,-0.559,0.497,0.64,1.152,-0.492,-2.014,0.193,1.425,0.027,1
0.588,-0.469,-0.657,0.41,-1.786,0.357,0.118,0.79,-0.499,0.927,0
0.577,0.625,-1.082,-1.155,-1.592,-0.026,-0.989,0.499,-0.503,-1.256,0
-0.519,0.314,-0.36,-0.198,0.129,-0.382,-0.71,0.063,-1.835,-0.586,0
-0.933,-0.17,0.227,-0.139,0.22,-0.29,-0.329,0.642,-1.096,-0.612,0
0.281,0.469,0.194,-0.761,0.108,0.585,-0.986,1.779,0.625,-1.272,0
1.906,-0.812,1.045,-1.142,-0.44,-1.987,-0.968,-1.272,-0.085,1.15,1
0.065,-1.668,1.739,-0.683,0.12,0.746,0.948,-0.597,1.398,-0.129,0
0.195,-2.529,1.175,-0.876,-1.283,1.19,-0.11,-0.87,-0.407,-0.618,0
-0.762,1.09,-0.528,-0.013,-0.957,-0.986,-0.547,-0.863,-0.05,1.3,1
2.295,-0.697,1.105,-0.529,0.873,-0.102,-0.389,0.032,-1.48,-1.292,1
-2.529,1.678,1.604,0.044,1.399,0.117,-1.0,-0.234,-1.505,-0.015,0
0.487,0.3,-1.115,0.119,-1.221,-0.928,-1.865,0.384,0.057,0.419,1
1.49,1.669,-0.364,1.189,-0.241,-0.378,0.231,0.107,0.063,-0.25,0
0.464,-1.828,1.001,-0.563,-0.381,-0.54,-1.147,0.854,-0.612,-0.411,0
0.703,0.962,-0.197,-0.007,0.422,0.174,0.449,-0.648,-0.025,-0.823,0
1.075,0.629,0.478,0.234,-0.484,-1.303,-0.728,0.527,-0.821,1.449,1
0.268,-0.684,0.307,2.045,0.271,2.037,-0.068,-0.678,0.406,-1.089,0
-1.465,-1.706,1.32,-0.156,-1.95,0.973,-1.387,-0.728,1.299,-0.906,0
1.07,-0.578,0.229,1.0,0.167,0.094,0.328,-1.29,0.193,0.099,1
1.599,-0.221,0.872,0.366,-1.467,-0.568,0.048,0.472,-0.581,-0.409,1
0.556,0.617,-0.429,-0.316,0.669,-0.697,0.411,0.464,-1.793,1.507,1
1.336,0.759,1.036,0.092,0.968,-0.686,-1.337,0.086,0.287,-0.045,1
-0.502,-0.616,-0.572,-0.085,-1.578,0.038,-0.305,0.738,-1.089,0.013,0
-0.265,-0.375,0.38,0.426,0.938,1.539,1.238,-0.893,-2.624,-0.42,1
-0.108,0.753,0.527,0.609,-0.637,-1.061,0.126,2.085,-0.361,-1.3,0
0.557,-0.036,0.015,0.872,-0.139,-2.046,-0.856,-0.173,0.895,-0.529,1
0.509,1.066,1.406,-0.706,0.064,0.157,-0.232,1.517,-0.348,1.022,1
-0.507,0.731,1.412,1.395,-0.279,-0.249,0.519,1.124,-0.148,0.9,0
-1.443,0.373,0.641,-1.073,-0.039,0.975,-1.447,-0.51,-1.45,1.955,0
-1.53,-1.66,0.677,0.548,-1.022,0.777,1.101,-0.623,0.798,1.992,0
-0.172,-1.821,-0.395,2.406,-2.374,0.284,-0.618,0.994,-0.188,0.161,0
-0.629,-0.44,1.006,1.615,1.222,-0.69,-0.66,-0.114,0.133,-1.153,1
-0.688,-0.682,-0.667,-0.93,0.343,-1.274,-1.237,0.926,-0.535,-0.857,1
-0.469,0.238,0.465,1.521,0.213,-1.879,-0.238,-1.537,-0.074,-0.112,1
-1.359,1.294,0.476,1.244,-1.251,0.979,0.302,0.979,0.706,-0.286,0
-0.889,0.403,0.286,-1.258,-1.425,2.592,-0.396,-1.415,-1.298,-0.958,0
0.147,-1.112,0.413,-0.692,-1.643,1.176,0.714,0.199,1.118,-0.367,0
0.277,-1.599,-1.605,0.756,-0.891,0.339,0.967,-0.482,-1.111,-0.274,1
0.427,1.186,0.713,-1.171,1.181,-1.347,-0.399,-0.596,-0.944,-2.24,0
-1.902,-0.17,-0.684,1.095,-0.331,-0.744,0.132,-1.44,1.02,0.093,0
1.703,-1.228,-1.795,-1.772,0.499,-0.374,0.613,-1.082,-1.433,-0.806,1
-0.418,0.353,2.15,0.797,1.181,-0.602,-0.955,-1.276,-0.488,-1.125,1
1.279,0.338,-1.706,-0.768,1.581,0.105,0.724,0.222,-0.321,-2.936,0
-0.36,-1.962,0.583,0.073,0.024,1.295,0.426,-1.02,0.632,-0.384,0
2.033,-0.817,0.146,-0.572,-0.124,0.271,0.576,-1.331,-0.686,0.55,1
0.064,-0.099,-1.348,0.771,-1.546,1.167,-1.724,1.57,-0.373,-0.789,0
0.97,-0.732,0.381,0.212,-0.33,-0.769,-0.141,-1.247,-0.067,0.799,1
-0.793,0.114,-0.108,-1.162,0.162,3.381,-0.979,-0.936,1.586,1.766,0
0.954,0.091,-0.069,-0.095,0.513,-0.93,-0.306,-1.623,0.147,-2.141,1
0.468,-0.898,-0.387,2.388,-0.957,-0.921,0.391,0.022,0.887,0.484,0
0.535,1.396,-0.535,-0.232,0.7,0.14,-0.89,-2.528,0.498,-0.01,1
-0.957,0.152,1.203,-0.895,0.412,-0.545,-0.301,-0.813,-0.468,0.297,1
0.094,0.445,0.256,0.806,1.222,0.209,0.651,0.65,0.551,-0.152,1
-0.138,-0.345,1.121,0.356,0.322,-0.651,0.336,0.877,-1.377,0.245,1
1.574,-1.114,-0.504,0.862,2.151,-0.221,0.828,-1.706,-1.42,-0.184,1
0.34,-0.76,1.206,-0.009,-2.045,0.512,0.435,0.482,-1.735,-1.122,0
0.131,-0.645,1.664,-1.178,-1.246,1.198,2.382,1.846,-1.242,0.586,0
-1.809,1.529,-0.95,-0.202,-1.239,1.612,-1.838,0.371,0.409,0.516,0
-0.722,-0.925,-0.154,-0.081,0.145,-0.198,-0.609,-0.895,-0.039,0.562,0
-1.179,-0.218,0.768,-0.498,0.103,-0.476,-0.39,-0.11,-1.365,-0.744,0
-1.672,-0.619,0.908,-0.181,1.643,0.404,-1.477,0.693,0.053,0.46,0
0.402,-0.533,-0.725,-0.421,-0.452,1.092,0.414,0.005,-0.949,1.438,1
0.812,1.543,-0.414,2.502,0.761,0.862,0.911,0.239,-1.406,-1.458,1
1.287,1.194,-0.793,-0.46,1.28,-0.04,-0.442,-0.915,-2.126,-0.459,1
-0.043,-0.265,0.525,-1.351,1.442,1.16,-1.375,-2.158,-0.533,-0.514,1
1.396,-0.586,-0.254,-1.567,-1.209,0.842,-2.224,-0.63,-0.812,1.351,0
3.024,0.708,-2.248,0.309,1.25,-0.799,0.979,0.56,-0.186,-2.532,1
-1.218,1.365,1.414,-1.035,0.63,-1.732,-0.425,1.456,0.752,-0.186,1
-0.143,2.504,0.239,0.174,-0.036,0.696,0.166,0.064,0.68,-0.277,0
0.078,0.882,0.429,-1.117,0.363,-1.067,-0.416,-1.414,-0.465,0.779,1
0.233,-0.445,0.756,1.03,-0.615,-2.186,-0.848,-0.222,-0.371,-0.661,1
0.921,-0.04,1.295,1.349,-0.38,0.563,0.962,0.673,0.175,0.226,1
-0.164,2.176,0.66,1.694,0.447,-0.24,-0.596,0.124,-1.968,-0.367,1
-0.228,-1.189,1.09,-1.38,0.587,-0.372,0.188,0.248,-0.204,-1.535,1
0.138,-1.433,0.378,0.178,-1.499,-0.453,-0.48,0.981,-1.633,-0.325,0
-0.069,1.573,1.244,0.937,-0.894,0.477,0.204,0.335,0.066,0.32,0
-0.07,0.426,1.837,0.412,1.186,0.842,-0.796,0.591,0.334,0.375,0
-1.451,-0.547,-0.264,-0.856,-1.23,0.386,-0.677,-1.266,-0.377,0.141,1
-0.853,-0.712,-1.12,-0.116,0.498,1.432,0.314,-1.14,-0.295,-0.239,1
3.097,1.949,-0.49,-0.435,-2.49,-0.389,1.209,-0.789,0.265,-0.135,0
1.648,1.682,0.819,-0.634,-0.991,-0.574,2.542,0.32,0.849,-2.215,0
-0.528,0.629,0.821,1.434,0.823,3.2,1.119,2.096,-0.36,0.788,0
-0.347,0.916,-2.66,-1.04,-0.074,-0.245,0.485,-0.347,-0.305,-0.451,1
1.873,-1.254,0.226,1.087,-0.806,-1.162,1.394,0.176,-1.113,2.058,1
-0.217,0.145,1.557,-1.169,-0.086,-0.349,1.125,-1.3,0.751,0.517,0
0.629,-1.17,-1.915,0.518,1.447,1.279,0.243,1.125,1.99,0.232,1
0.738,-0.811,2.828,-0.788,0.739,-0.064,1.393,-1.021,-1.825,0.817,1
-1.236,1.082,0.21,0.437,-1.127,0.275,-0.006,0.93,0.192,0.214,0
1.02,1.799,-1.316,-0.325,0.678,-0.296,-1.059,-0.766,-0.104,-0.013,1
-0.312,1.006,1.044,0.465,-1.074,0.704,-1.187,2.151,-0.836,-0.976,0
-0.198,-0.401,-1.63,-0.215,0.982,-1.096,-0.058,-0.831,0.978,-0.125,1
-1.005,-1.229,0.095,-0.053,1.729,-0.743,0.538,-0.441,-1.238,-0.582,1
0.977,-0.822,0.472,1.015,0.496,0.248,1.359,1.438,-1.619,0.015,0
-0.638,-0.495,-1.034,-0.523,2.08,-0.904,0.882,0.632,-1.982,0.865,0
1.194,1.837,0.557,1.731,0.282,1.133,-1.011,-0.722,0.722,-1.602,0
-1.552,0.806,-0.048,-0.959,-0.434,-0.714,-0.76,-0.674,-0.585,-1.723,0
-1.45,0.21,-0.086,-1.138,-0.062,0.436,0.395,-0.558,0.185,0.789,0
0.367,0.015,-0.708,0.136,-0.156,0.984,-0.228,0.032,-0.863,0.566,1
0.521,-0.459,0.414,-0.021,-0.773,-1.246,0.102,-0.896,1.806,1.04,1
0.135,0.548,0.856,-2.52,-0.388,-1.035,-0.215,-1.881,0.625,-1.521,1
0.343,0.586,-1.031,-0.412,-0.686,-0.386,-0.282,-0.909,-1.312,-1.401,0
-0.168,0.755,1.474,0.125,0.012,0.406,-1.101,0.976,1.348,-0.564,1
0.634,0.134,-0.668,0.942,-0.351,0.71,0.098,-0.805,0.282,-1.943,0
0.666,0.464,0.815,-0.348,0.018,0.325,0.876,1.34,0.221,1.421,0
-0.433,-1.414,-0.222,-1.05,-0.2,-0.314,-0.245,-0.325,-1.329,-0.208,1
-0.028,0.683,1.489,-0.568,-1.889,-1.278,-0.034,-0.508,1.275,0.294,1
-1.023,-0.782,-1.036,2.687,-0.981,-0.765,-0.93,-0.656,-0.917,0.049,1
-0.587,-0.65,0.442,1.229,0.637,0.332,-0.203,-0.411,-0.042,0.682,1
-0.604,0.128,0.116,-0.387,-1.835,-2.385,0.01,0.847,-0.934,-1.02,0
0.877,0.449,-0.145,-0.798,1.157,-0.136,1.626,0.256,0.801,-0.013,1
-0.662,-2.369,-1.663,1.453,-1.01,1.89,0.709,1.843,-0.629,0.347,0
0.602,-0.209,-1.642,0.004,1.61,-1.327,-0.248,2.35,-0.156,0.645,1
0.397,0.622,-0.376,-2.035,0.211,1.947,1.248,-0.742,0.969,-0.364,1
-0.093,-1.92,-1.095,0.201,-1.079,0.157,-0.7,0.059,0.977,-0.056,1
-1.631,-0.621,-2.053,-1.442,0.368,0.608,0.562,0.436,0.783,1.445,1
2.048,-0.339,-0.542,0.053,1.076,0.721,-0.146,-0.343,0.239,-0.646,1
2.487,0.219,-1.477,0.074,-1.23,-0.259,-0.641,-1.26,-0.131,0.126,1
-0.272,0.155,-2.1,1.882,1.202,-0.476,-0.972,0.765,-0.726,-0.322,0
-0.555,0.747,-0.401,-0.653,1.639,-1.291,-0.022,0.488,0.143,0.888,1
0.688,-1.859,-0.478,0.411,-1.081,0.391,0.138,-1.334,1.445,-0.935,1
-0.108,-0.396,-0.072,2.064,0.443,1.436,-0.224,-0.498,0.004,0.61,1
-0.433,1.519,1.041,0.881,1.118,-1.234,-0.697,-1.426,0.35,1.796,1
1.038,-0.794,-0.427,2.061,-0.522,-1.435,-1.371,0.233,-0.57,-0.389,0
0.225,-0.642,0.163,-0.011,0.002,1.621,-2.176,0.216,0.754,0.71,0
0.336,0.651,-1.427,-0.006,1.843,0.522,0.749,1.75,1.572,0.325,1
-0.354,1.322,0.588,0.798,0.526,-0.314,-0.775,0.871,-1.111,0.423,1
0.698,0.657,0.251,0.18,0.529,1.603,-1.179,-0.327,-1.177,-0.179,0
-0.6,-0.523,-0.683,-0.216,0.336,0.327,1.699,-0.519,1.228,0.511,1
-0.232,-0.316,-1.062,0.219,0.155,-0.025,0.975,-1.318,-1.433,-0.265,0
0.853,-0.536,1.181,0.095,0.892,-0.174,-1.372,0.087,-1.083,-0.303,1
0.294,-0.513,-0.862,1.167,1.44,1.119,-1.324,0.556,-0.627,-1.222,1
-2.543,-1.284,0.613,-0.324,-0.255,1.73,-0.942,-2.002,-1.143,-2.128,0
-0.539,-0.309,1.32,-0.733,-1.889,-0.526,-0.296,1.37,-0.713,-0.623,0
0.19,-3.108,0.436,0.783,0.767,-0.943,2.079,0.345,2.746,0.605,1
0.049,0.986,-1.476,0.409,-2.03,-1.514,0.964,-0.695,-0.176,0.402,1
-0.613,0.148,0.51,-0.111,0.798,2.011,-0.854,-1.17,-1.313,0.066,0
1.658,-1.294,-1.267,-0.803,0.427,-1.096,-1.083,-0.94,-0.949,-0.094,1
0.295,-1.341,-0.925,-0.336,0.366,1.252,0.23,0.546,-1.697,0.108,1
-0.22,-0.687,0.307,-1.758,-0.306,-2.022,-0.24,0.007,1.08,-0.035,1
-0.979,-0.825,1.823,0.551,0.06,-0.137,0.846,-1.928,-0.12,-0.265,0
1.154,-1.087,-0.671,1.691,1.392,-2.008,-0.852,0.574,0.609,-1.099,1
-1.211,1.622,0.475,0.67,-0.57,-0.683,-0.539,0.756,0.165,1.1,0
-0.04,-1.639,0.272,-0.524,0.787,0.339,-0.569,1.167,0.329,0.635,0
0.001,0.339,0.306,-0.203,-0.175,0.246,1.178,0.236,-2.344,-1.172,0
-1.807,-1.307,-0.184,-0.819,0.144,-1.684,-0.71,-1.553,-0.497,0.469,0
-1.711,-0.241,0.83,0.43,-0.743,-0.287,-0.74,1.283,0.192,1.28,0
-1.266,1.433,-0.798,-0.01,1.104,-0.41,0.316,-0.715,0.638,-0.156,0
1.265,0.025,0.185,-0.949,-1.009,-0.689,0.444,1.079,2.419,0.066,1
-0.531,-0.621,0.739,0.267,0.372,2.052,-0.067,-0.765,-0.044,-0.989,0
1.249,0.003,-0.192,0.884,0.065,-0.579,-0.872,1.05,0.507,1.062,1
0.373,1.132,-1.157,-0.655,-0.181,-0.341,-0.78,0.002,1.001,2.173,1
-0.021,0.777,-1.57,-1.721,1.513,0.13,-0.607,-0.131,-1.56,0.761,0
-1.499,0.298,0.195,-0.435,0.752,-1.457,0.07,1.282,0.211,0.658,0
-0.027,0.245,-0.219,-1.571,-0.853,0.288,0.054,0.568,-0.393,0.575,1
1.583,-0.404,-0.06,0.605,1.372,0.329,0.706,0.024,0.352,1.016,1
0.198,0.879,0.325,-0.995,-0.347,-0.518,0.395,-0.314,-0.492,0.816,1
0.859,-0.179,1.473,2.309,0.71,-0.643,-0.41,1.457,0.586,-0.668,0
0.121,0.659,1.04,0.444,-0.381,0.684,-1.66,0.794,-1.417,-0.862,0
-1.216,0.022,-1.923,-1.813,1.144,-0.251,1.613,-1.223,-1.708,-1.502,0
0.542,1.13,-0.035,0.328,1.325,1.969,-0.614,-1.135,1.566,0.675,0
0.219,-0.057,-0.511,-1.833,-0.924,0.366,0.254,-0.553,-1.385,0.259,1
-0.507,-0.194,0.348,0.305,0.716,-0.675,0.264,0.182,0.531,0.07,1
0.215,-0.935,-1.985,-0.796,-1.429,0.137,0.157,1.757,-0.514,0.071,0
-0.23,-2.019,1.029,0.558,-1.813,1.24,-1.174,1.246,-0.413,-1.259,0
-1.332,0.794,0.516,0.031,-0.333,1.529,-1.933,-1.188,-0.299,-0.06,0
0.096,0.856,0.173,-0.231,0.695,0.008,-1.566,0.301,-1.501,-0.904,0
0.175,-1.39,0.45,1.126,1.11,0.209,0.395,0.618,0.485,0.037,1
0.417,-0.468,0.182,1.457,-0.551,-0.017,-1.092,-1.496,0.586,-2.122,1
1.038,-0.732,0.643,-0.412,-0.358,0.583,-0.48,0.367,-2.31,-1.918,1
1.005,-0.94,-0.134,1.922,-1.534,-0.022,-0.797,0.9,0.544,-0.439,0
1.671,0.525,-1.191,1.11,-0.972,1.388,1.742,-1.319,0.375,-0.768,0
-0.794,0.003,0.38,1.941,-0.058,0.209,-1.806,0.637,0.373,-0.149,0
0.05,-1.909,0.672,-0.008,-0.162,0.374,-0.338,-0.049,-0.316,1.236,1
-1.204,1.005,1.813,0.057,0.405,1.428,-0.628,-0.496,-0.56,0.736,0
1.136,1.172,0.291,-0.438,-0.222,0.764,-1.118,-0.937,-1.172,-0.377,1
-1.033,0.445,1.316,-1.118,0.816,0.496,0.304,0.2,-1.473,-0.442,1
-1.452,0.305,-0.562,0.075,-2.623,-0.312,-0.178,-0.705,0.712,0.185,0
-0.156,0.281,-0.14,0.755,-1.711,-1.418,-0.696,0.994,0.57,1.531,0
1.615,-1.198,-0.02,-0.359,-0.072,0.083,-0.046,-0.195,0.104,-0.711,1
1.053,-0.269,0.277,0.095,-1.033,-0.506,0.627,1.789,-0.313,-0.077,0
-0.415,-1.924,-0.412,-0.392,1.589,0.594,0.141,-0.474,-0.411,0.207,1
-0.332,0.46,1.207,-1.897,0.197,1.767,-2.094,1.077,1.806,1.1,0
-0.651,0.328,0.006,-0.721,0.136,0.995,0.92,0.565,-0.284,-0.579,0
1.786,-2.406,-0.718,-2.33,-1.318,-0.571,-0.8,0.672,-0.132,-0.096,1
0.347,2.621,-0.481,-0.65,0.101,-0.79,-1.781,-0.512,2.137,0.632,1
-0.26,-1.71,1.449,0.61,-0.05,0.938,-0.357,-0.518,0.366,-0.916,0
0.048,-0.126,-0.2,1.316,-1.742,-0.689,0.162,0.691,1.314,0.786,0
1.376,1.037,0.152,-0.009,-0.518,-0.446,-0.612,1.587,0.189,-1.097,0
-0.67,-0.68,1.151,-0.19,-1.246,0.025,-0.684,-1.132,1.286,0.703,0
1.249,-0.827,-0.11,0.273,-1.267,-0.667,0.191,-0.277,0.772,0.534,1
-0.528,0.083,0.317,0.221,0.591,0.728,-1.815,-1.445,-2.09,0.828,1
-0.316,1.492,0.659,-0.627,1.076,-0.861,-0.431,-1.367,0.634,-1.707,1
1.356,1.375,1.677,-0.382,0.261,-0.999,0.676,-1.44,-0.396,-1.691,1
0.394,-0.804,-0.735,0.018,-0.223,-0.573,-1.345,1.322,0.361,0.501,1
0.045,0.251,0.074,0.023,0.938,-1.056,-0.623,-2.054,1.375,-0.42,1
-0.615,-0.099,-0.727,-0.061,0.277,-0.469,-1.201,-0.109,0.395,0.821,1
-0.718,-1.972,-0.583,0.729,-0.473,0.213,0.05,-0.831,1.39,1.956,0
-0.451,-0.201,0.212,0.53,-0.175,-1.496,1.456,-0.23,-0.064,1.8,0
0.339,-0.003,-0.058,0.777,0.271,0.415,0.929,0.11,-0.151,-1.892,0
3.262,-0.071,-0.33,0.277,-0.044,0.919,-0.773,-0.518,-0.703,0.966,1
-0.186,1.38,1.094,-1.247,-0.837,-0.707,-0.391,0.198,-1.116,-0.069,0
-0.212,-0.358,-0.624,0.676,-0.883,-0.143,-1.444,1.337,-0.365,1.316,1
-0.749,0.744,-1.766,1.084,0.228,-1.146,-1.179,-0.19,0.064,-1.172,1
0.675,0.566,0.431,0.901,-1.885,1.404,-0.837,-0.392,-0.417,0.749,1
0.448,-0.301,0.553,-0.552,-1.479,0.408,0.438,0.868,-0.426,1.811,0
-1.222,1.932,0.756,-0.345,-1.137,-1.011,0.341,-1.278,-0.477,0.256,1
0.972,0.643,0.877,0.359,-0.693,0.009,-0.414,-1.241,-0.544,-1.276,1
-1.169,1.674,-1.041,1.89,0.14,0.242,-0.179,0.436,0.505,-1.241,0
0.179,-0.549,-0.443,-0.195,0.349,2.216,1.066,-0.689,-0.399,-1.11,0
0.256,-1.995,-0.852,-0.024,2.224,0.295,1.399,1.923,-0.038,0.91,1
-0.829,0.765,-0.517,0.49,-0.793,-0.369,2.022,-0.417,0.174,0.316,0
0.267,1.373,1.47,-1.278,-0.278,-0.613,1.175,1.789,-0.394,-0.498,0
-0.974,2.118,0.911,0.057,0.338,-0.034,-0.454,-0.435,0.192,-0.252,0
-0.647,-0.554,0.736,1.951,-0.57,0.048,0.875,-0.646,1.352,0.844,0
0.743,-0.143,1.527,-0.284,0.441,0.243,1.14,-2.023,-1.477,1.182,1
-1.69,0.202,-1.639,0.701,-1.337,1.25,-1.47,-0.127,0.856,1.686,0
0.074,0.217,-1.299,-0.853,0.497,-0.615,-1.713,-0.434,0.313,-1.113,1
0.898,0.635,-1.099,0.412,-2.185,-1.554,0.63,-0.471,-1.06,0.457,1
0.245,0.581,0.452,0.985,0.245,1.042,2.102,-0.774,0.374,-0.413,0
1.211,1.136,0.515,1.659,0.584,-1.894,-0.178,0.443,0.588,0.204,1
1.927,-0.461,1.305,0.499,0.018,0.246,1.371,0.874,-1.596,1.435,1
-2.218,0.15,0.251,1.083,-0.144,-1.495,-0.066,-0.749,0.318,-1.368,1
-0.309,-0.245,2.912,0.164,0.714,-0.358,1.109,-0.306,0.482,-0.318,1
0.422,0.803,-0.216,3.436,-0.323,-0.451,-0.817,0.025,0.845,-0.191,1
-0.45,-0.796,0.591,-0.049,-0.18,-0.135,-0.448,-0.392,-0.825,0.25,0
-0.536,0.754,0.249,-1.63,1.5,-0.396,0.833,-0.192,0.189,0.912,1
-0.374,-1.113,-0.777,1.36,-0.171,-1.396,0.047,-1.032,-1.311,0.712,1
0.979,-0.228,-1.142,-1.995,0.301,0.824,-1.266,1.728,-2.899,-1.023,0
1.352,1.326,-1.638,0.955,1.445,0.879,0.08,0.197,-1.525,0.041,1
-0.101,-1.09,-1.097,-0.672,-0.281,1.114,0.188,0.594,1.206,-1.167,1
0.022,-0.421,-0.723,0.785,-0.064,1.668,-0.433,1.431,-1.034,0.755,0
-0.549,0.813,0.842,1.229,-0.456,0.593,-0.707,-0.65,-0.048,-2.016,1
0.625,-0.826,0.426,-0.965,0.087,-1.21,0.863,0.473,-0.173,-0.162,0
-1.234,-0.415,1.639,0.232,1.448,1.54,-2.898,0.442,0.468,1.304,1
0.181,-2.427,0.499,2.119,-0.479,-0.863,0.271,0.279,-1.23,1.551,1
2.363,-0.12,-1.18,-0.638,0.726,-2.578,0.052,-1.114,-1.677,-0.606,1
0.597,-0.346,0.06,1.89,-0.204,-1.108,0.001,-0.407,1.065,-0.998,1
-1.093,-0.617,0.153,0.907,0.986,1.479,0.429,-0.791,0.129,1.644,1
-0.888,-0.595,-1.219,-0.275,-0.693,-0.85,-0.504,0.246,1.234,0.142,0
0.149,0.014,-0.189,0.223,0.273,-0.604,-0.143,-0.451,0.589,0.231,1
0.436,2.496,-0.74,2.415,1.059,1.076,0.187,1.105,1.024,0.898,0
-2.367,-1.144,1.478,1.57,0.338,-0.121,0.419,-1.021,1.593,0.232,0
0.163,0.962,-0.971,-0.31,0.854,0.761,0.883,-0.26,-0.444,0.238,0
-0.018,1.276,-0.732,0.42,0.725,2.652,-0.952,1.257,1.088,-0.067,0
0.462,0.803,-0.119,-2.186,-0.013,-0.262,-1.173,1.552,-1.288,0.339,1
-0.547,-0.76,-0.294,-0.52,-1.814,-1.079,-1.011,-0.362,1.197,-1.48,1
-1.291,0.264,-0.132,-0.261,0.824,1.987,0.673,-0.744,-0.002,-0.213,0
-0.125,-0.177,-0.325,-0.349,0.105,1.382,0.531,1.356,0.15,0.539,1
-1.017,0.147,1.044,-0.524,0.427,0.464,-1.311,-0.286,1.712,-2.041,0
1.185,0.262,2.295,-0.237,0.888,-0.937,1.055,0.829,-0.398,0.868,1
0.371,-0.821,-0.184,-1.894,-0.742,-0.622,1.666,-0.552,0.547,0.504,1
1.347,-0.507,0.155,-0.894,0.52,1.055,0.851,-1.133,-1.787,-0.897,1
-0.569,0.637,0.468,0.63,-2.396,-0.146,0.543,-0.289,-1.208,-0.861,0
2.198,-0.148,0.482,-0.714,-0.373,-0.536,0.387,-0.264,-0.633,-1.745,1
-0.518,-0.537,-2.127,-1.14,-2.074,0.223,0.359,0.993,-0.077,0.669,0
0.396,-0.549,0.357,-0.511,-1.469,1.054,1.364,0.55,-0.047,-0.914,1
0.098,-1.235,-0.425,0.285,-1.465,-1.857,-0.67,-2.076,-0.653,0.274,0
-0.935,0.782,1.393,0.992,0.23,-0.554,0.897,-2.32,-0.466,-1.099,0
-1.266,1.331,0.172,-0.971,-2.025,0.602,-0.271,-0.383,-0.826,0.169,1
0.314,-2.321,-0.462,-0.385,-1.257,-0.699,1.767,-1.603,-0.129,1.32,1
1.284,1.124,-0.027,0.395,2.384,-1.677,-2.51,-0.89,-0.21,0.788,1
-1.088,-1.511,-0.79,0.077,-0.447,-0.354,0.79,-1.166,-1.167,-0.146,0
0.356,1.612,-0.109,0.859,1.973,1.632,-0.479,0.568,-1.898,-0.401,0
0.515,1.593,0.218,1.678,0.724,0.717,0.791,-1.698,0.972,-0.075,1
0.539,0.51,-0.663,-0.742,0.049,-0.737,-0.009,0.143,-0.787,-0.578,0
-0.874,0.375,-0.586,0.837,-0.925,0.294,0.146,-1.877,-0.218,2.418,1
0.454,-0.342,0.373,-1.096,-0.592,1.063,0.547,-0.514,-0.418,-0.547,0
0.385,0.905,-0.522,-0.85,-1.415,-1.453,1.051,-0.447,-2.514,1.099,1
0.829,-0.298,1.615,0.636,-1.432,-0.313,-0.179,0.462,-0.743,-2.04,0
0.034,1.161,-2.059,-0.852,-2.147,-0.995,-0.371,-1.39,-0.035,-1.821,0
-0.772,0.284,-0.001,1.488,-0.978,0.954,-0.24,-1.436,-0.127,0.755,1
-0.316,0.067,0.445,-2.133,0.183,0.47,-0.309,0.888,0.118,-1.606,0
-1.036,-0.458,-0.648,0.949,0.739,-1.899,0.425,1.8,1.459,-0.208,0
-0.747,-2.214,-0.032,0.396,-0.868,-0.435,1.334,-0.051,0.905,-0.03,0
-1.539,0.775,0.118,0.715,-0.46,-0.624,0.077,1.601,0.673,0.664,0
-0.648,1.614,0.319,1.0,1.239,-0.863,-0.215,0.322,0.47,-0.929,0
-0.665,-1.977,-1.493,0.146,1.677,0.206,0.44,2.114,-0.591,-1.288,0
1.716,0.412,0.061,-0.009,1.335,-0.482,0.898,-0.944,-1.63,0.087,1
0.158,0.278,-0.967,-1.21,-0.224,1.151,0.697,0.333,0.481,1.09,1
-1.233,0.024,0.803,1.063,1.008,0.289,-1.28,-0.117,0.831,-0.853,0
-1.11,-1.699,0.252,-0.09,0.23,2.236,1.016,0.483,1.655,0.049,0
0.577,-0.024,0.453,-1.179,-0.396,-0.861,-1.932,-1.763,-1.698,-1.77,1
1.061,1.629,1.563,0.314,-0.317,-1.495,-0.904,2.437,-0.642,-1.134,0
0.293,-1.393,1.039,-1.506,0.221,-1.107,-0.223,0.328,0.976,1.391,1
1.087,0.779,0.948,1.11,0.934,1.495,-0.459,0.166,-0.128,0.902,1
-0.695,-0.861,-0.365,-0.992,0.409,0.612,-0.689,1.78,0.774,0.693,0
-0.007,0.491,2.012,-0.163,0.64,0.016,-1.426,-1.635,-1.026,-1.008,1
1.31,-0.488,0.382,-0.28,0.142,0.131,-2.261,-0.647,-2.141,-0.127,1
1.291,-0.442,-0.013,0.482,-0.851,0.834,-0.854,1.356,0.294,-1.203,0
-0.932,1.189,-2.199,-1.168,-0.21,0.544,-0.986,-1.377,1.636,-0.752,0
-1.317,1.621,-0.772,-0.302,-0.061,0.241,0.473,0.22,0.183,0.251,0
0.796,0.87,-1.011,-0.149,1.348,-0.25,0.673,-0.157,-0.875,-0.533,1
0.107,1.332,0.534,-0.702,0.904,0.216,-2.115,1.498,1.265,1.079,1
1.214,-1.146,0.096,1.638,0.069,-0.719,-1.103,-0.353,-1.031,-0.929,1
-1.144,0.746,-1.047,0.897,-0.515,1.112,-0.804,-0.55,1.487,-0.963,1
0.344,1.984,-0.523,0.726,-0.678,-0.666,-0.604,0.593,0.242,-0.426,0
-0.642,0.118,0.653,0.366,-0.155,0.943,2.645,1.788,2.02,-0.163,0
-0.783,0.155,0.03,0.179,0.982,0.104,0.413,0.76,-0.49,0.606,0
0.651,-0.62,-0.228,1.535,-0.309,-0.275,-0.362,-0.117,-0.246,0.916,1
0.994,0.348,0.604,1.0,-0.383,-0.482,1.072,1.369,-1.147,1.028,0
0.261,1.464,0.44,-1.086,-1.007,0.36,1.104,-0.934,-1.425,0.177,0
-0.052,2.787,-0.797,-0.552,-0.996,-0.736,-0.273,0.941,0.578,0.826,0
-0.924,-0.518,0.602,0.114,-0.545,-0.13,0.979,1.284,1.704,0.204,0
2.191,0.067,0.554,1.024,-0.575,0.215,-0.277,1.95,1.052,-1.316,0
0.364,0.979,1.973,0.202,-2.342,0.18,1.455,0.424,-0.884,-0.35,0
-0.354,1.992,0.206,-1.137,-0.516,1.62,-2.922,-1.947,-0.865,-0.116,1
-1.705,1.283,-0.649,-1.356,-0.534,-2.269,-0.609,1.758,-1.21,-0.034,0
-0.119,-0.619,1.358,3.08,-1.581,-0.101,-0.886,-0.295,0.915,3.303,1
0.219,-0.019,-1.225,-0.451,1.135,-0.388,-1.239,-0.884,-1.772,-0.794,1
0.958,1.429,1.635,-0.434,-0.69,1.413,-1.661,1.172,1.132,-0.382,0
-0.269,3.613,0.346,0.171,2.153,0.117,-0.911,0.438,1.0,-0.032,1
0.687,1.647,-0.346,-0.38,0.472,1.154,-1.417,1.063,-2.655,0.73,0
-1.655,0.503,0.92,-1.378,-1.269,0.424,0.53,0.27,-1.118,0.159,0
-0.062,0.878,0.604,0.641,-1.144,1.091,1.658,0.557,-0.048,-1.054,0
-0.426,-1.089,0.852,0.286,-0.63,1.275,0.164,0.547,-0.842,-0.249,0
-0.088,-0.218,1.148,-0.012,-0.293,1.634,0.641,1.534,-0.433,-1.678,0
-1.124,0.392,0.28,0.84,1.073,0.006,-0.316,0.723,-0.582,-0.761,0
-0.08,0.64,0.289,-0.47,0.308,-0.973,0.398,-1.737,1.168,-0.985,1
0.049,-0.968,-0.101,0.587,-1.987,1.541,-1.032,-1.369,0.588,-1.093,0
-0.043,-0.071,1.391,0.059,-0.067,-1.653,-0.615,-0.67,0.143,0.873,1
-1.664,-0.165,1.263,-0.866,0.259,0.509,2.246,0.848,-0.303,-0.603,0
-0.002,1.055,1.519,-0.222,0.247,-0.714,0.387,-1.001,0.154,-0.327,1
-0.42,0.989,-1.614,0.708,-0.176,0.553,-0.503,-1.32,-0.398,-1.023,1
-1.225,-1.207,0.024,-1.87,-0.469,1.431,1.077,-0.646,1.149,-1.026,0
0.232,0.136,1.094,-1.493,2.501,0.665,0.756,0.545,0.508,1.29,0
0.528,-0.458,-1.443,1.601,0.886,-0.244,-0.513,0.503,-0.94,0.468,0
1.35,-1.518,-0.348,0.64,1.142,0.685,-0.012,-0.867,-0.008,-2.606,1
-1.08,0.735,-0.291,-0.612,1.38,-0.71,0.654,0.82,0.159,0.09,0
-0.903,1.733,0.057,-0.466,1.169,0.382,0.857,-0.794,1.073,-0.279,0
-0.88,0.761,-0.456,-0.496,-0.79,1.403,-1.19,-0.659,0.323,1.027,1
-1.453,1.544,0.421,-1.388,0.25,0.297,-0.168,-0.067,-1.041,0.778,0
0.848,1.906,-2.225,0.467,-0.388,1.126,-1.646,-2.104,0.418,-0.113,0
0.025,0.641,0.111,-1.878,0.071,0.725,1.685,0.101,0.13,-1.123,0
0.405,-0.44,-0.455,-0.942,1.909,0.795,-0.981,0.407,-0.299,-0.793,1
1.598,-0.416,-0.813,-1.517,0.15,0.815,0.004,1.039,-0.451,-1.621,1
-0.99,0.968,-0.945,-2.735,-0.507,-1.027,-0.251,0.696,0.97,0.006,1
-0.682,0.431,0.217,0.814,0.108,-0.044,-0.397,-0.296,0.692,0.867,0
-0.474,0.372,2.14,-0.239,-0.728,-1.142,-0.214,1.594,-1.079,-1.404,1
0.761,-0.843,1.401,1.346,0.616,-0.746,-0.772,-0.167,0.709,-0.972,1
0.146,-1.124,-0.388,0.286,0.02,0.472,-0.733,-1.914,0.687,1.575,1
-2.23,0.914,0.076,0.812,-0.079,-0.146,0.027,0.41,0.02,0.893,0
-1.287,-0.036,-0.071,-0.038,0.785,0.194,1.636,1.121,0.224,0.751,0
0.135,-1.142,-0.423,1.69,0.969,-0.955,0.669,-0.744,-0.763,0.008,1
1.527,-1.017,0.703,1.122,-2.212,-0.396,0.441,-1.105,1.666,-0.935,0
1.584,-0.509,-0.518,1.774,0.405,-0.398,-0.873,1.251,0.909,-1.781,1
-0.475,-0.393,0.03,0.001,-0.914,-1.128,-1.177,0.768,-0.074,0.579,1
0.196,0.901,0.987,-0.002,-0.585,0.128,-0.316,1.252,-0.053,-0.248,1
0.008,1.329,-0.799,-0.195,0.188,2.056,-0.408,-0.22,-0.983,1.624,1
0.634,0.421,0.931,0.058,-0.336,-1.469,0.034,-0.744,1.402,-0.528,0
-0.75,-0.89,0.552,1.836,0.972,-2.235,0.221,0.281,2.368,0.495,0
-1.379,-0.63,-1.166,0.763,1.005,1.479,1.067,-0.995,-0.587,0.071,1
-0.06,0.212,2.087,-0.636,-0.298,-0.389,-0.893,-1.282,-0.742,-1.441,1
1.085,-1.307,-0.911,-1.638,0.161,-0.981,1.077,-1.205,0.509,-2.584,1
-0.767,-0.788,-0.321,-1.187,0.429,-0.881,-0.19,0.529,0.086,0.971,0
-0.402,-0.84,0.54,-0.092,-0.644,0.419,0.537,0.725,0.874,-0.832,0
-0.237,-0.57,-0.167,-1.25,0.106,1.018,0.447,-1.118,-0.411,0.288,0
1.637,-0.461,0.008,-0.451,-0.935,0.13,0.478,-0.239,1.086,-0.252,1
-0.349,0.542,1.131,-0.199,1.212,0.988,-0.016,1.528,0.915,0.929,0
0.758,-2.13,-0.37,2.101,-0.459,1.086,-1.475,0.575,-0.797,-0.259,0
-1.007,0.193,-0.47,0.229,-0.224,0.489,-0.667,-0.059,-2.305,0.406,0
-0.366,0.478,0.376,1.244,-1.462,-0.732,-1.731,-0.41,0.448,0.192,0
0.328,1.041,-0.254,-0.419,0.984,0.992,-1.956,0.264,0.8,-0.431,1
-0.205,0.421,-1.224,-0.665,-0.532,-0.581,1.017,0.91,-0.704,2.055,1
-1.607,0.194,-0.684,-0.89,-0.32,1.68,0.624,-0.415,-0.665,-0.128,0
-0.873,1.539,-1.08,-1.608,0.448,2.787,-0.153,-0.468,0.136,-0.183,1
-0.012,0.809,0.769,-0.953,-0.265,1.092,-1.925,-0.992,0.153,-0.068,0
1.83,-0.363,1.352,0.05,-0.658,1.689,-0.623,0.998,0.751,0.878,0
0.066,0.452,0.63,-0.278,-0.18,-0.623,0.008,1.761,0.727,0.237,0
-1.065,-0.266,-1.071,-0.415,0.072,-1.241,-0.777,0.368,-0.081,-0.521,1
0.732,0.724,-2.372,-0.399,1.87,-0.128,-1.564,-1.391,-1.093,0.843,1
0.594,-0.219,-0.781,-1.239,0.771,1.013,-1.368,2.531,1.039,0.45,0
-3.726,1.076,0.157,1.089,-0.637,-1.486,-0.512,1.751,0.004,0.135,0
-0.671,0.546,2.443,-0.386,-0.46,-1.841,0.257,0.193,-1.832,0.382,0
-0.974,1.387,0.774,0.017,-1.306,-0.048,-0.798,1.835,0.869,0.309,0
-0.561,0.165,-0.5,2.091,0.484,-1.081,-1.197,1.434,0.107,-0.179,1
-1.85,0.681,-1.438,0.47,0.414,0.781,0.275,0.07,-2.041,-0.256,0
1.639,0.217,0.926,0.036,-0.455,0.282,-1.313,0.3,-1.109,1.0,0
-0.738,-0.164,-0.44,-1.403,-0.316,0.335,0.323,-0.608,-1.809,0.32,0
2.435,1.213,-0.411,0.106,0.522,-0.272,0.736,0.988,-0.186,0.152,1
2.348,-0.525,-0.149,-0.967,0.643,-0.572,-0.998,0.308,-0.277,-0.598,1
1.241,1.261,-0.296,-0.726,0.435,1.441,-0.652,-0.32,-0.864,-1.002,1
-1.285,-0.608,-1.594,-0.484,-1.61,-0.487,-1.309,-1.256,-1.649,-0.104,1
1.728,1.658,0.512,-0.032,-1.046,1.474,-0.889,1.893,0.737,0.426,1
0.357,0.97,-2.8,-0.358,1.843,0.183,0.164,-1.264,0.176,0.85,1
-0.657,-1.152,-0.49,-0.733,0.328,-0.599,0.539,2.474,1.676,0.548,0
0.143,0.165,-0.4,1.046,-0.352,-1.735,1.745,-0.475,-1.085,0.034,0
0.203,0.696,-0.392,0.642,0.269,0.315,0.211,0.395,0.307,-1.523,1
-1.411,-1.19,0.526,-0.117,-0.983,0.499,1.767,0.431,-0.676,1.826,0
-1.016,0.654,1.14,0.843,0.033,-0.265,0.168,0.113,0.235,-0.143,0
1.975,-2.122,2.028,-0.543,0.217,1.148,-1.225,1.262,-0.2,-0.338,1
-0.172,1.471,-0.239,1.34,-0.407,0.359,1.049,1.96,-0.422,0.243,0
0.407,-0.167,-1.349,1.511,1.85,-1.192,1.09,-0.075,-0.899,1.448,1
0.141,1.558,0.339,1.339,1.574,0.052,-0.314,0.986,0.242,-0.938,0
-1.436,-0.614,-2.504,-0.028,-0.999,-1.965,0.062,0.065,-0.344,0.593,0
-0.668,-0.443,-0.03,-0.485,-0.157,0.554,-0.621,0.076,1.489,0.364,1
0.827,-0.703,0.698,-0.594,-1.128,-2.046,-1.619,1.055,0.602,-0.25,1
-0.172,-0.358,0.119,-0.502,0.038,0.552,-0.385,0.408,1.391,0.284,1
2.176,0.868,-0.056,-0.472,-0.843,-1.529,-1.014,-0.304,-0.245,-0.367,1
1.895,-1.02,1.043,-0.823,-2.329,-0.85,1.436,0.022,-1.209,1.703,0
-1.28,1.982,0.206,1.231,0.442,-0.767,0.677,-0.633,-0.349,0.013,1
1.009,-1.277,-0.67,0.931,0.347,-0.997,-1.046,-0.331,-0.524,0.717,1
1.07,-0.391,-0.082,0.381,1.043,-1.152,-0.533,0.09,0.321,0.538,1
1.184,-0.986,-0.012,0.304,0.001,1.003,0.393,0.078,-0.116,0.544,0
0.537,-0.388,-0.444,-0.186,0.771,-0.785,0.622,-1.479,0.824,1.969,1
0.314,0.159,0.912,-0.218,0.821,-1.591,0.831,-0.133,-1.207,1.387,1
-0.395,-1.582,1.78,0.995,2.279,0.204,0.492,-0.972,-0.033,-0.951,1
0.079,1.427,-0.413,-0.942,-0.168,0.065,-0.572,0.03,0.655,-0.631,1
-0.845,0.07,-1.267,-1.908,-2.111,1.008,-0.661,2.088,0.493,0.029,0
1.572,1.147,-0.576,0.349,0.649,-0.779,-0.023,0.68,-0.418,-0.638,0
-0.464,1.228,0.215,-0.366,0.152,-0.221,0.004,-0.03,-0.146,-0.829,0
0.37,1.375,-0.841,0.109,-0.479,-0.713,-0.597,0.242,0.738,-0.247,1
-0.309,0.022,-1.21,0.461,-1.218,-1.555,1.157,0.449,0.209,1.336,1
0.266,1.557,-1.566,-0.645,0.502,-0.914,-0.158,-1.474,0.748,-1.123,1
-0.491,-1.584,-0.985,0.109,-0.325,0.335,0.717,-2.594,-1.697,-1.303,0
1.538,-0.277,-1.163,-0.842,0.947,-0.347,0.292,-0.613,0.262,-1.135,1
-0.247,-1.443,1.403,0.344,-1.161,0.699,-0.048,0.217,-0.149,-1.797,0
0.279,-0.094,-0.261,-0.422,-1.266,0.292,0.114,0.548,-0.072,0.583,0
-2.217,-1.314,0.365,0.627,0.768,-1.322,1.461,0.471,-0.376,-1.878,1
-0.107,-0.84,-0.775,0.182,-0.077,-0.055,-0.166,1.219,0.708,-0.858,0
0.994,-1.925,-3.165,-0.752,3.24,-0.143,1.778,-0.072,0.797,-2.739,1
0.527,0.063,0.893,0.454,-1.243,1.07,0.662,1.65,-0.754,-2.204,0
-1.332,-1.472,-1.278,0.787,-1.435,-1.101,1.608,-0.131,-0.203,0.119,0
1.685,1.052,0.724,1.682,1.66,0.929,-0.137,-0.728,-0.102,-0.254,1
-1.658,0.388,1.184,1.275,1.471,0.559,0.087,1.255,-1.024,0.008,1
0.122,1.667,0.929,0.951,1.22,-0.566,1.425,-1.685,0.363,0.176,0
-0.283,0.213,0.296,0.527,-1.612,-0.873,-0.869,0.081,-0.415,0.683,0
-1.369,-0.174,1.054,-0.553,-1.489,-1.522,-0.644,0.666,0.78,-0.811,0
0.402,-1.02,-0.888,1.095,-0.188,-0.656,-0.275,0.681,0.21,-0.792,1
-0.651,0.24,2.438,-1.009,2.15,-0.823,-0.193,1.373,0.364,-0.323,0
0.329,-1.624,-1.326,1.109,-0.608,-0.92,-0.296,0.795,2.012,-0.619,1
0.058,1.272,0.34,0.767,-1.395,-0.306,-0.353,0.666,0.424,-0.602,0
0.344,0.71,-0.978,1.323,-0.364,0.297,1.091,-0.918,0.926,-0.647,0
1.408,-0.725,-2.103,-1.091,1.442,-0.078,0.908,1.767,1.191,1.696,1
-1.45,0.843,-0.288,-3.16,1.148,1.286,0.635,-0.675,-0.44,0.355,1
1.725,-1.198,-2.35,-0.896,-0.278,0.146,1.084,-0.907,-1.993,-1.059,1
0.899,0.43,-0.821,-2.593,-0.026,-0.233,0.517,-0.142,1.076,-0.258,0
-0.216,0.236,-0.83,-0.185,0.673,-1.574,0.053,1.209,0.967,0.443,1
-0.513,0.529,-0.636,-0.229,0.184,0.35,0.294,-0.836,0.013,-0.918,0
-0.002,1.338,-2.236,-1.075,-1.39,0.067,-0.301,-0.398,-0.032,-0.342,0
0.912,0.864,1.36,0.866,0.048,-0.35,-0.568,0.307,0.706,-0.251,1
-0.173,1.945,1.249,-0.536,1.56,-0.467,-0.796,0.38,0.162,1.192,1
0.753,1.898,-1.83,1.041,0.604,-0.344,-0.825,0.661,0.183,-0.012,0
1.462,0.394,1.83,0.617,1.571,-1.172,-2.14,0.807,2.232,-0.885,1
0.182,1.035,0.238,-0.088,-0.08,-0.815,-0.243,2.335,-0.757,-0.298,1
-1.275,1.137,0.844,-0.158,-1.386,-0.487,-0.273,0.673,-0.138,0.777,1
0.54,0.759,-0.527,1.067,1.048,1.082,0.044,1.228,-0.526,-0.885,0
0.978,-0.111,-1.243,-0.723,1.862,-0.411,0.532,2.103,-1.317,0.46,1
-0.268,-0.088,1.146,-2.647,0.827,-1.264,-0.524,-1.384,0.685,0.434,1
1.158,0.946,0.151,1.219,0.176,0.607,0.727,0.154,0.583,0.35,1
-0.929,-1.81,-0.656,-0.249,0.4,0.126,0.928,-1.116,0.061,0.754,0
0.543,0.836,-2.308,-0.53,-2.496,0.159,1.888,-0.344,0.06,-0.986,0
-0.845,2.075,-1.286,-0.054,0.078,2.092,0.661,0.912,-0.199,-0.046,0
1.191,-0.079,1.449,-1.051,-0.26,0.073,0.793,-0.78,0.501,-0.477,0
0.932,-1.405,0.019,-0.839,0.366,0.483,-0.524,-0.775,-1.321,-0.429,1
1.127,0.519,-0.761,1.847,0.878,1.114,0.735,1.277,-0.297,1.036,1
0.466,-1.018,0.57,2.543,0.183,-0.001,0.262,1.176,1.693,-0.48,0
0.39,-0.056,-0.952,0.51,0.998,-0.298,1.4,0.679,-0.114,0.378,1
0.341,2.305,1.448,0.893,-0.51,-0.51,0.02,0.364,0.7,0.879,0
0.087,0.118,2.101,-0.17,0.004,-0.441,-0.791,0.758,-1.129,-0.682,0
0.596,0.742,0.818,1.036,1.007,0.462,-1.582,0.473,0.099,-0.36,0
0.125,1.472,0.583,1.122,-0.124,0.852,-0.278,-1.541,1.37,-0.571,1
-1.337,-0.016,-1.215,-0.394,-0.312,0.214,-0.952,1.421,0.62,-0.629,0
-0.186,0.368,0.647,-1.184,-1.495,0.209,-0.139,0.008,-0.776,0.823,0
0.561,1.001,1.26,-0.009,-0.386,-2.687,0.653,1.508,0.415,-0.112,0
0.788,1.207,1.486,0.358,-0.323,-0.212,0.321,-0.94,-0.304,1.038,1
1.508,1.626,-0.858,1.225,0.996,-0.708,0.361,1.013,-0.341,-0.895,1
0.146,0.856,-0.939,-0.723,-1.85,-0.246,-0.201,-0.027,-1.448,0.797,1
-0.251,0.234,0.887,0.32,0.004,1.429,-0.608,-0.654,0.129,0.357,0
0.156,-1.204,-1.665,-0.769,-0.476,1.763,0.912,0.406,-0.846,-0.374,0
-1.863,-2.058,-1.302,1.348,-1.308,0.645,-0.83,0.776,-0.232,-0.623,0
-0.164,0.663,0.706,0.39,1.587,-1.79,-0.613,1.768,-0.668,-0.13,0
-0.089,0.156,-0.37,0.366,1.033,-0.658,1.03,-0.634,1.539,0.492,1
-0.156,0.29,0.106,1.249,-1.258,0.437,1.047,-0.402,0.422,-0.455,0
0.367,1.779,-0.592,-2.293,-0.358,-1.638,-1.85,-0.621,0.08,-0.347,1
-1.951,0.598,0.126,-2.506,0.767,-1.117,0.005,-0.733,-0.636,-0.315,0
-0.387,0.441,0.194,-0.929,0.431,0.902,-0.043,0.701,-1.09,1.275,1
-0.084,-0.158,-0.988,1.144,-0.141,1.497,-0.81,0.402,-0.665,-0.402,1
0.024,0.224,-0.659,-1.581,-0.145,-1.07,1.468,0.225,0.69,-0.368,0
-0.125,2.06,-0.286,-0.652,-1.793,0.868,1.284,-0.233,0.667,0.654,0
-1.416,1.264,-0.12,1.114,0.936,-0.362,2.023,-0.158,-1.029,1.603,1
-0.006,-0.941,-1.833,1.008,-0.542,-0.222,0.43,1.518,-2.334,-0.774,0
-0.256,-0.258,-0.64,0.874,-0.471,0.381,0.439,-1.211,1.021,0.081,0
0.333,0.113,-1.575,-0.493,1.668,-0.058,-0.826,-1.892,0.038,0.002,1
-0.487,0.245,-1.153,-1.902,-0.777,-0.399,1.294,-1.652,-0.165,2.341,1
1.169,0.238,-0.155,0.237,0.69,0.721,-0.152,-1.724,-1.937,-1.697,0
0.353,-0.874,0.102,-1.083,0.58,-0.114,-0.949,-1.435,1.025,-1.749,1
1.102,-0.674,0.286,-0.168,-0.477,-0.62,0.373,-0.177,0.092,0.459,0
0.512,0.626,-0.422,-1.474,-0.716,1.113,-1.202,0.212,0.726,-0.08,0
0.521,1.434,0.899,1.765,0.489,-0.379,-0.222,-1.411,-1.149,0.722,1
0.236,0.127,0.231,-0.257,-0.97,1.097,-0.475,-0.746,-0.312,0.279,0
1.126,-0.69,0.128,0.97,-0.346,1.663,-0.074,0.178,-0.974,1.079,1
0.814,0.111,-0.713,0.248,-0.048,-0.735,0.478,-1.219,-2.247,1.668,1
0.272,-1.268,-0.486,0.686,-0.462,0.539,-2.211,-0.095,-0.058,-1.209,0
1.161,1.037,-0.567,-1.21,-1.215,1.344,-0.533,-1.083,-1.671,1.902,1
1.626,-0.214,0.122,1.221,0.493,-1.43,0.197,-0.677,0.359,0.198,1
-0.316,-1.129,0.997,0.487,-1.16,0.185,-0.619,-0.01,-0.34,0.414,0
0.722,-0.934,-0.018,-0.2,-0.469,-0.276,-0.548,1.451,-0.51,0.22,0
0.012,0.636,-0.027,-0.924,-0.587,-0.668,0.548,-0.21,0.262,0.059,1
-0.785,2.3,0.548,0.957,-0.554,0.453,-0.08,-1.928,0.421,-0.785,1
-0.597,1.578,0.18,-0.192,-0.04,-0.37,-0.578,0.604,0.495,0.5,0
-2.431,-0.193,0.703,-2.383,0.857,0.215,-0.125,0.314,-0.146,1.195,0
0.161,1.152,0.086,-2.341,-0.59,-0.147,-1.084,-0.9,-1.789,1.229,1
0.901,0.642,-1.265,-1.372,-1.711,2.46,1.194,1.451,-0.415,0.9,0
-0.09,-0.811,-1.225,-0.735,0.291,1.368,-1.07,-0.273,-0.335,-1.842,0
0.513,1.946,-1.443,-1.22,0.71,-2.26,-0.288,-0.266,0.198,-1.333,0
0.588,0.721,0.497,-0.822,-1.324,-0.37,0.487,-1.566,0.592,0.25,0
1.032,-0.324,-2.152,-1.008,-2.917,0.451,-0.208,1.035,0.743,-1.509,0
-1.003,0.718,-1.642,-0.393,-1.319,0.183,-0.719,0.342,0.782,-0.205,0
-0.068,-0.546,-0.262,-0.074,0.155,-0.742,-1.187,1.123,1.287,-0.983,1
-1.323,0.372,-0.463,0.887,-0.317,-1.523,-0.613,-0.73,-0.035,0.282,1
-0.391,-1.609,-0.82,-0.333,0.969,-0.349,0.511,-0.026,1.156,-0.618,1
-2.912,1.925,2.333,0.55,-0.509,0.199,-0.321,-1.209,0.424,0.715,0
1.555,-2.259,-0.814,-0.788,-1.199,0.424,-0.025,-0.369,0.857,1.817,0
-0.187,-0.468,-1.505,-0.848,-0.194,0.121,-0.586,-0.483,0.069,-1.866,0
1.3,-1.444,1.195,-0.729,-0.61,0.679,0.208,-1.215,-1.55,0.596,1
1.241,-0.113,0.733,0.665,0.661,0.335,0.092,1.085,-0.355,0.13,1
0.947,1.294,0.216,1.101,1.189,1.035,-0.862,-0.105,0.266,1.588,1
-0.439,-0.572,-1.083,-0.654,-0.307,1.518,-0.231,-2.808,1.053,-0.85,1
-0.281,0.313,0.413,1.645,-1.591,1.774,0.787,-0.218,0.847,1.491,0
-0.205,-2.159,1.444,0.978,0.13,0.499,-1.53,0.244,-2.112,0.034,1
-0.627,0.289,-2.071,0.711,-1.136,-0.877,-0.56,-0.295,-1.14,-1.146,1
1.268,-0.302,-0.745,0.727,-2.169,0.547,-0.381,0.197,0.97,0.897,1
-0.038,1.612,-1.524,-0.165,-0.116,0.817,0.559,0.224,0.137,-0.57,0
-0.149,-0.111,0.257,1.434,0.821,-1.845,-0.884,-0.213,-1.348,-0.672,1
-0.942,-0.165,0.07,3.299,-1.194,0.476,-1.568,-1.393,0.938,-1.64,0
1.137,-0.121,-2.222,-1.081,-1.673,0.516,0.322,0.073,-1.272,0.757,0
2.905,0.943,-0.281,0.111,-0.152,1.435,0.339,-0.695,0.28,-0.705,1
1.285,0.861,-0.356,0.714,-0.307,1.433,0.779,-0.591,-0.119,0.276,1
-0.22,-0.034,1.06,0.463,2.337,-1.811,0.559,-0.671,-0.111,0.722,1
0.105,-0.608,-0.18,-0.472,-1.918,-0.073,1.34,0.566,-0.544,-4.152,0
-2.844,1.343,-0.119,0.459,0.827,-1.373,0.806,-1.395,-0.17,-0.537,0
0.887,2.3,-0.742,0.656,0.061,-0.561,-0.096,-0.34,-0.587,1.283,1
0.366,1.187,-1.06,-0.003,0.286,-2.066,0.018,0.426,-0.187,0.259,0
0.148,1.34,0.64,-0.28,-0.273,0.485,-0.781,-0.228,-0.334,1.386,0
1.725,0.027,0.854,0.068,0.954,-1.105,-0.195,1.709,1.667,0.488,1
0.352,-0.978,0.221,0.154,0.222,-0.269,-0.884,-0.389,0.153,0.748,1
-0.985,-0.115,-0.945,-0.042,0.404,-1.463,-0.062,-1.052,-1.145,0.706,1
-0.657,0.417,-2.261,0.444,0.633,-1.186,0.788,-0.22,1.092,0.235,1
-0.431,-0.053,-1.997,-1.973,0.618,-0.398,0.623,0.134,-1.453,-0.746,0
-0.148,-1.057,-0.727,1.47,0.214,0.376,0.624,1.526,0.734,-0.25,1
-1.909,1.416,-0.048,0.559,-1.584,0.61,1.113,0.152,-0.102,0.762,0
0.69,1.662,-0.103,-0.616,-1.577,0.601,-1.206,-2.328,1.567,-1.261,1
-0.176,0.097,-0.708,0.092,-1.367,0.209,-0.539,1.635,-0.417,1.958,0
1.389,-0.753,0.309,-0.499,-0.722,-0.422,-1.121,-1.478,-0.247,1.134,1
-1.984,-1.256,-0.563,-0.086,0.794,-2.472,0.564,1.896,-0.942,0.726,0
-1.361,-0.202,0.186,-0.365,-0.448,-1.044,-2.254,-0.367,0.088,0.109,0
-0.496,0.18,-0.196,-1.145,-0.301,-0.445,-0.496,0.968,0.644,-1.468,0
-0.531,0.905,-1.098,0.848,-0.242,-0.966,-1.04,-0.791,0.787,0.254,0
-0.433,0.206,-0.047,2.669,-0.639,-0.905,-0.566,0.63,0.408,0.266,0
-0.614,-0.588,0.859,0.012,1.064,-2.55,0.458,-0.914,-0.716,0.413,0
-3.251,-0.624,0.637,-0.518,1.542,-0.17,-0.51,1.413,0.624,0.172,0
0.026,-0.214,-0.133,0.081,0.541,1.084,0.691,-0.666,-0.467,0.759,0
-0.423,0.986,0.56,-0.417,-2.49,0.388,-0.988,-0.32,-2.214,-0.803,0
-0.41,0.108,-0.512,0.626,-0.352,-0.651,-0.276,0.563,-0.274,-1.119,1
-0.33,0.452,-1.792,-1.554,0.425,1.271,-1.376,0.024,0.109,-0.265,0
-1.107,1.187,-0.192,1.094,-1.641,-0.228,-1.129,-0.679,-1.454,0.2,0
1.39,1.938,-1.091,-0.661,0.243,0.38,-0.599,-0.075,-1.683,-1.679,0
-0.368,0.439,-0.24,1.003,0.392,0.895,-0.115,-1.113,0.087,-0.682,0
0.231,-1.176,0.844,1.103,0.637,1.32,1.926,1.162,-0.585,-1.211,1
0.37,0.921,0.638,-0.044,-0.375,0.587,0.372,-1.171,-0.071,-0.535,0
0.742,-0.454,-0.717,-0.553,0.249,2.106,1.334,-0.684,-0.396,-1.603,1
0.878,1.766,-0.117,-1.826,2.133,0.915,-1.951,-2.014,0.857,-0.657,1
-0.728,-1.176,-0.706,0.2,0.806,-0.447,-0.661,0.317,0.468,-0.418,0
-0.284,-0.936,1.867,-1.209,-0.468,-1.91,-0.558,-1.046,0.067,0.928,1
-0.817,1.069,-0.279,-1.382,0.075,0.955,-0.176,-0.753,1.466,1.016,0
-1.316,1.227,0.64,0.236,-0.143,-0.256,-0.726,0.113,0.594,-1.34,0
-1.015,1.182,-0.944,-0.962,-0.765,0.124,0.234,-0.178,1.299,1.515,0
0.873,0.838,0.649,-1.316,0.254,-1.074,-1.685,-1.511,-1.159,0.471,0
-0.307,-0.408,0.192,1.18,1.035,0.41,-0.257,0.653,-0.627,-1.162,1
-1.359,0.136,-0.564,0.439,0.467,-0.6,-0.321,0.81,1.527,-0.463,0
0.701,-0.412,-0.921,-0.79,1.509,-0.825,-1.272,2.185,0.841,0.588,1
1.292,1.316,1.338,0.82,-0.055,-1.374,1.609,-1.044,0.483,1.006,1
-1.977,0.352,1.548,-0.73,0.703,0.791,-1.158,1.011,-0.313,-1.228,0
1.917,0.032,-0.64,-0.15,-0.081,0.963,0.599,0.689,-1.216,0.22,1
-0.884,1.993,0.39,-1.064,-0.488,-0.474,-1.302,-1.287,-0.865,0.422,0
-1.963,0.061,1.312,1.149,0.257,1.163,1.002,0.065,1.303,1.06,0
-0.359,1.638,-0.046,0.096,0.158,-1.365,-0.114,0.518,1.901,-0.827,1
-0.139,-0.064,2.125,-0.97,-0.166,-0.46,-0.351,-0.957,-0.217,1.116,1
-0.65,-0.728,-0.346,1.736,0.408,0.284,0.553,-0.764,2.598,0.532,0
-0.401,-1.249,1.041,1.128,-0.735,-1.121,0.166,0.605,-1.311,-0.643,0
0.884,0.658,0.048,0.424,-0.759,-1.154,0.505,0.944,-1.362,-0.251,0
0.086,0.315,-0.145,0.383,-0.007,1.183,0.666,-1.58,0.306,0.91,0
2.11,-0.105,-0.354,1.508,-2.393,-1.338,-0.822,0.089,-0.452,-0.224,1
-0.1,-0.415,-1.027,-0.433,-0.921,-1.553,-0.44,1.14,0.28,1.43,1
-0.064,-0.389,-0.277,0.045,1.473,0.64,0.697,-1.125,-0.062,0.468,1
0.527,-0.805,-0.596,-0.004,1.83,-1.16,-0.036,-0.683,1.08,-0.88,1
-1.331,1.695,0.163,0.072,0.786,0.178,-0.498,0.142,-1.358,-0.036,1
-0.369,0.302,0.05,-0.332,1.233,-0.929,1.257,1.032,2.058,0.671,0
0.155,-1.198,-0.597,1.165,-0.586,-1.72,0.63,0.574,0.679,-1.314,0
0.52,-1.588,1.171,0.892,-1.113,-1.181,0.13,0.704,1.008,-1.143,0
1.28,-0.857,-0.532,-0.933,0.939,-0.069,0.109,0.116,0.572,-0.934,1
-1.463,-1.044,-0.517,1.398,-0.122,-0.018,1.721,-0.207,-1.137,-0.424,0
0.699,-0.968,-0.689,0.733,-0.43,1.469,0.896,-0.142,-1.01,0.46,0
0.019,0.745,0.164,0.144,-0.746,1.021,-0.637,1.078,0.581,0.516,0
-0.172,0.786,-1.309,-1.489,0.655,-1.062,0.621,-0.887,0.064,-0.549,1
0.207,1.464,-0.79,2.359,-0.781,0.498,-1.234,-0.722,-0.473,0.15,0
0.855,0.285,0.682,-0.456,-0.039,0.33,-0.754,-1.175,-0.776,-0.675,1
-0.775,-0.183,-0.263,-0.201,-0.493,-0.367,-0.863,0.056,0.889,-0.897,0
-1.017,0.142,1.231,-2.999,-2.02,0.285,0.497,0.019,1.077,1.626,0
0.378,-0.245,-0.987,0.49,-0.041,0.787,-0.745,-1.581,-0.282,0.003,1
0.056,-1.899,-0.863,0.101,0.177,0.14,-0.608,-0.136,0.76,0.288,1
0.211,0.173,0.376,-1.58,1.203,0.2,-0.319,-1.497,-0.241,-0.516,1
-2.578,2.417,-1.303,1.039,-0.639,-0.579,0.359,-0.402,0.699,-0.365,0
-0.585,0.76,0.462,-1.529,-1.44,-0.422,0.137,0.563,1.575,-0.514,0
-1.484,0.14,-1.746,-1.153,0.208,-0.249,-0.096,1.573,0.945,-1.024,1
0.368,-0.643,-0.305,0.041,1.249,-1.942,-0.818,-1.6,-0.313,-0.493,1
-1.214,0.149,-0.253,0.743,1.085,0.871,-0.83,-0.861,0.695,-1.008,1
-0.604,-1.94,0.518,-0.757,-0.204,-0.217,-0.141,-0.739,-0.994,-0.056,0
-0.026,-0.018,-1.357,1.483,-0.792,0.306,0.836,-0.511,-0.451,0.471,0
0.293,-0.189,-0.743,-1.442,-1.028,-0.675,-1.542,-0.409,0.128,0.028,0
0.368,-1.912,1.1,-0.44,-0.905,0.166,-1.139,-0.565,1.114,-0.889,1
2.368,0.351,1.302,-0.423,-0.047,0.092,1.084,0.053,-0.037,0.574,1
0.908,0.954,1.483,-0.083,-0.632,1.754,0.818,1.796,0.281,-0.213,0
-0.806,-0.423,-0.585,0.572,-0.091,0.538,-1.863,0.186,1.467,-0.197,0
-1.424,1.17,0.077,0.534,-0.601,1.489,-0.493,1.528,-0.518,0.036,0
0.633,1.952,-1.591,-1.669,1.658,-0.488,-1.195,0.283,-0.823,-0.843,1
0.793,2.768,0.638,0.498,-0.07,0.929,-2.303,-0.445,-1.007,1.77,0
0.324,-1.459,-0.542,0.334,0.741,-1.245,-0.611,-1.39,-0.206,0.91,1
-2.607,-0.815,-0.852,1.514,-1.528,0.708,1.522,0.617,-0.328,1.006,0
-0.654,0.84,1.837,0.984,1.918,-2.018,-0.625,0.632,-0.361,1.421,0
2.431,0.654,-0.641,1.494,1.169,-0.115,-0.259,1.509,1.402,-2.203,0
-1.083,1.342,-1.363,0.155,1.313,-0.124,0.732,0.002,-0.503,-0.345,1
1.034,0.247,-0.213,1.845,-0.621,-0.25,0.198,0.066,-0.021,-2.363,1
0.684,0.371,-1.348,-0.037,-0.485,-0.982,1.336,2.441,-0.16,-0.505,0
0.101,-1.336,1.504,-0.427,0.821,0.535,0.231,0.48,-0.04,0.538,1
0.587,-1.038,-0.393,-1.043,-1.153,-0.707,-0.811,-0.02,0.113,1.254,1
0.698,1.09,-1.29,0.336,1.049,0.979,-0.843,0.411,-2.267,-1.608,0
-1.541,-0.023,-0.772,1.552,0.133,-0.126,-0.468,-0.493,-2.402,0.532,1
1.412,-0.102,-0.365,0.352,-1.634,1.73,-1.85,-0.444,-0.55,-0.205,1
-0.215,0.801,-0.479,2.124,0.285,-0.137,0.612,-0.572,-0.918,0.763,0
-0.54,-1.367,-1.117,-1.032,0.128,0.986,-0.003,-0.115,-0.692,-1.663,1
-0.854,-1.793,0.246,0.874,0.454,-1.934,-0.176,0.613,-0.372,-0.289,0
1.674,1.279,-0.722,0.878,-1.234,0.449,0.981,-1.153,-0.295,-1.41,1
0.418,1.692,-2.755,-0.695,1.948,-0.787,-0.222,0.566,-0.724,0.156,1
0.307,-0.682,0.155,-0.886,-0.768,-0.604,-1.165,-0.526,0.906,-0.012,1
1.007,-0.789,-0.046,-1.135,-0.263,-0.556,0.951,-1.12,0.172,-0.715,1
0.435,0.963,-1.231,1.158,-0.535,-2.009,0.768,-0.001,0.679,0.601,1
-0.335,0.886,-1.245,0.289,-0.909,0.459,-1.27,0.955,-0.853,-1.612,1
0.635,0.176,-1.754,-0.179,-0.123,0.493,-1.0,0.341,-1.655,0.289,1
0.621,0.233,-0.318,-1.239,0.41,-0.012,0.385,1.856,-1.465,1.123,0
1.341,-1.183,-0.98,0.649,-0.16,0.634,1.334,-0.932,0.379,-2.863,1
0.3,0.497,1.497,-2.311,-0.501,1.438,0.663,-0.653,3.181,1.468,0
0.074,-0.295,-0.743,0.165,0.809,-0.224,-0.136,-0.088,0.63,-0.802,0
-1.882,-0.702,0.398,-0.58,0.161,-0.877,-0.341,0.683,-0.586,2.305,0
-0.024,1.278,-1.504,1.04,1.862,0.373,0.892,-1.324,-0.103,-2.426,1
-0.709,1.389,-3.046,-0.065,1.345,1.387,-0.286,-0.742,0.132,-0.006,0
1.187,0.315,-1.062,0.225,-0.069,0.519,-0.836,-0.042,0.213,-0.215,1
0.393,0.372,0.196,1.374,0.794,0.268,-0.188,-0.707,-0.69,-0.834,1
-1.358,-0.481,1.379,0.046,-1.19,-0.139,0.184,-0.209,0.134,0.755,0
-0.32,-0.134,0.264,0.543,-0.403,-0.316,1.872,0.612,-0.832,1.102,1
2.001,-0.489,0.337,-0.317,1.65,-1.3,0.262,0.378,-0.233,-0.608,1
0.544,-0.01,-0.642,1.1,0.169,0.06,1.164,0.91,-0.557,0.026,1
0.672,2.15,-1.164,0.174,-0.509,-1.056,-0.168,0.002,-0.332,0.788,1
-0.668,0.902,-0.936,0.256,1.494,0.28,-0.638,-0.99,-0.571,-0.498,0
0.133,-1.712,-0.869,0.298,-1.291,-0.122,-0.683,0.502,-1.073,1.144,1
0.193,0.86,0.137,-0.802,1.763,-0.335,0.229,-0.872,-0.053,-0.971,1
-0.603,-0.735,2.147,0.203,0.693,-1.175,0.137,1.582,-0.124,-1.964,0
0.351,-1.103,0.462,0.81,0.374,-1.222,-0.047,1.889,0.38,1.436,1
0.219,0.032,0.91,-0.647,1.296,-0.09,0.255,-0.437,0.256,0.537,1
-0.957,1.375,1.439,-0.406,1.89,0.274,-1.601,0.868,0.597,1.218,1
0.224,0.97,1.104,0.423,-1.367,-0.852,0.24,-1.19,-0.731,1.02,0
-1.762,-0.237,0.677,0.369,0.592,-1.247,1.98,0.921,-0.549,0.637,0
-0.382,1.316,-0.844,-0.363,1.642,0.577,-0.39,-0.643,0.053,0.269,1
-0.23,1.744,1.151,0.393,-1.507,0.459,-0.975,-1.004,1.511,-0.15,0
0.576,0.402,-0.467,-0.551,-0.109,-0.228,-2.283,-0.988,-0.15,0.534,1
-0.024,-0.326,-0.906,-0.984,-0.559,-0.79,-0.545,0.212,-0.979,-1.119,0
-0.305,0.135,0.721,0.075,0.409,-0.776,1.126,0.46,-0.988,0.446,0
-0.264,0.343,-1.328,0.188,-0.099,1.0,-0.228,-2.17,0.172,0.015,1
0.276,0.077,-1.529,0.611,-0.448,1.297,0.233,-0.62,0.965,1.315,1
-0.593,0.138,-2.179,-0.889,-0.163,-1.018,1.3,-0.144,-1.364,0.98,0
-1.036,1.025,-0.682,0.259,-0.113,-0.342,0.968,0.292,-2.096,-0.41,0
1.574,0.379,-0.989,0.593,0.22,-1.204,-0.723,0.614,0.274,0.971,1
-0.867,0.826,2.095,0.772,0.248,1.284,-0.455,-2.239,-0.468,-2.506,0
0.542,0.903,-0.681,-1.269,-0.102,-0.158,-0.292,-0.591,-1.298,-0.987,0
-1.218,-0.184,0.898,-1.736,0.027,-1.422,-0.819,0.208,-1.957,-0.669,0
1.135,-0.061,-2.034,0.86,-0.233,-1.054,-0.617,-0.058,1.208,-0.247,0
-0.597,0.145,-2.043,-1.005,-0.159,-2.042,-0.194,0.139,-0.552,-0.781,1
1.277,0.064,-0.055,-0.31,0.133,0.942,1.007,-0.68,-0.312,0.645,0
-0.136,0.162,0.716,-0.357,0.263,-0.423,0.855,0.812,1.416,-0.351,0
0.131,2.211,-1.655,1.717,-0.866,1.156,2.406,1.027,-0.256,0.304,0
-2.894,-0.553,0.089,-0.16,-1.591,0.043,0.862,-0.613,-0.749,-1.215,0
1.234,0.007,0.593,0.139,-0.094,0.629,0.543,0.018,0.063,0.315,1
0.202,-0.487,0.507,-0.822,0.303,0.206,0.687,0.707,-0.666,2.408,1
-0.534,0.831,-1.797,-1.21,-0.882,0.091,0.347,-2.233,0.161,-0.676,0
-0.39,0.22,2.087,1.955,1.361,0.441,1.757,1.32,-1.624,-1.175,0
-0.061,-0.659,0.4,1.524,0.181,-0.176,-1.53,-0.11,-1.42,-0.928,1
0.622,-0.015,0.406,-0.354,-0.149,0.237,-1.153,0.069,-0.672,0.035,1
1.546,-1.299,1.974,0.311,0.06,1.585,1.951,0.682,-2.077,-0.863,0
-0.611,0.079,0.743,0.134,1.886,1.676,1.456,-0.821,1.451,-1.02,0
-0.167,-0.304,0.038,0.577,-0.834,-1.214,0.154,1.319,-0.204,-0.824,0
-1.028,-2.177,-0.666,-0.303,-1.41,0.018,-0.907,0.159,0.174,0.737,0
0.443,-1.154,0.748,-0.721,1.65,-0.549,-0.443,1.648,-0.585,-1.196,0
-0.898,-0.542,-0.902,-1.193,0.455,0.095,-1.087,0.086,0.009,-0.822,1
-1.513,0.978,0.41,0.847,1.299,-1.863,0.085,0.144,-0.861,0.918,1
-0.729,1.139,-0.07,1.605,0.985,0.109,0.979,0.571,1.185,-0.303,1
-0.658,0.017,0.502,1.603,-1.169,0.642,0.043,0.779,0.875,-0.519,0
0.449,-0.382,-1.007,0.83,-0.206,0.449,0.618,1.616,-2.607,0.863,0
1.241,0.646,0.843,-1.074,-2.917,1.53,0.51,-0.33,-0.893,-1.799,0
-0.173,0.232,-0.913,-0.364,-1.585,-1.479,0.287,-0.19,-1.639,-0.311,0
-0.161,-0.625,-0.008,0.185,-0.184,0.926,-1.518,1.484,0.085,0.077,0
0.414,0.542,-0.648,0.655,0.162,0.521,-0.643,0.267,-0.093,-1.054,0
-1.132,0.392,0.244,0.289,0.829,-0.087,1.571,0.173,0.203,1.02,1
0.755,0.536,-1.418,-0.147,-1.906,0.432,-0.048,-0.824,-0.034,-0.073,1
1.987,-0.812,1.283,-1.617,0.47,2.134,0.694,0.077,-1.571,0.19,1
-1.686,0.441,0.181,0.827,-0.197,2.208,0.348,1.816,-0.659,1.816,0
-0.46,0.26,-2.414,-0.839,0.413,0.549,0.321,-0.328,-0.513,2.085,0
1.709,-0.526,0.597,-1.001,1.023,1.264,0.348,0.875,-0.726,-0.53,0
0.172,-1.479,-0.02,1.199,-2.499,1.499,1.239,-0.655,1.091,-1.192,0
-0.139,-0.803,-0.202,-1.179,-0.202,0.126,0.477,0.83,-1.004,-0.742,0
0.981,0.076,1.598,0.335,0.267,-1.551,-0.925,-0.354,-0.124,0.4,1
-0.373,-2.038,0.457,-0.278,-0.918,1.41,-0.012,1.398,-1.2,-2.211,0
0.462,-0.727,1.125,-1.24,-0.317,-0.138,1.306,0.004,0.059,-0.268,0
0.355,0.786,0.292,0.564,-3.385,-0.783,1.322,1.672,0.418,1.673,0
-0.949,-0.772,0.564,-0.466,-0.798,0.91,0.89,-0.175,-1.972,0.649,0
0.132,-1.39,-1.414,0.903,1.302,0.007,0.404,1.522,0.277,0.179,1
0.445,0.195,-0.385,1.413,-0.628,1.08,-0.059,0.976,-1.904,2.125,1
1.141,0.527,-0.263,-1.386,0.681,1.815,-0.508,-0.137,0.1,0.642,1
1.185,-0.138,-0.817,2.43,-1.036,-0.825,-0.484,-0.658,0.479,-1.065,1
1.13,-1.019,-0.729,1.617,-0.084,0.769,-0.06,0.668,-0.133,2.087,1
-1.201,-0.267,-0.17,1.78,-1.06,-1.058,1.525,0.632,-0.055,-0.14,0
-0.162,0.358,0.453,0.337,-0.002,-0.88,-1.099,-0.465,0.382,2.12,1
-0.275,-1.141,0.467,-0.516,1.069,0.691,0.865,0.357,-0.126,0.776,1
1.218,-0.489,-0.309,-0.837,-1.607,-0.945,-1.959,-0.554,1.239,-0.123,1
1.167,0.162,2.539,0.141,-0.092,-0.756,0.052,-0.231,0.548,-0.851,1
-0.48,-0.82,-0.052,0.87,0.241,0.543,0.941,0.438,1.13,1.505,0
-1.265,-1.201,-0.289,-0.352,0.38,-1.038,0.632,0.699,0.486,0.389,1
0.912,-0.815,-0.986,-1.17,0.242,0.29,-1.953,-2.152,0.04,-1.431,1
-1.544,0.63,0.592,-0.346,-1.311,1.287,2.218,2.386,0.549,0.052,0
0.33,0.087,-1.448,-0.413,1.063,1.13,-0.764,0.57,-1.321,0.992,1
-0.82,0.678,0.541,0.908,-0.99,-2.306,-0.177,-0.03,-0.244,-1.898,0
-0.611,0.737,0.199,-0.671,0.496,0.109,1.281,0.896,-0.581,0.232,1
-0.025,0.422,1.274,0.563,0.463,-0.99,-0.786,1.055,0.762,-0.498,0
-0.211,-0.574,1.469,-0.436,-1.297,-1.064,0.452,-0.896,1.174,0.406,0
0.852,-0.106,0.759,1.686,-0.699,-0.431,-0.517,-0.993,1.809,0.22,1
0.71,-0.593,-1.278,-2.27,0.011,-1.001,0.033,-0.126,0.044,2.116,1
-0.753,0.014,-0.22,-1.197,-0.24,0.005,-1.293,0.295,-0.756,0.173,0
0.769,0.806,2.143,-0.096,-0.928,0.866,0.637,-0.33,-0.704,-1.446,0
-0.495,-0.343,0.098,1.146,-0.905,-2.007,0.592,0.745,-0.032,-1.095,1
-0.874,-1.11,1.397,-2.075,-0.41,0.506,0.076,-0.35,0.421,0.008,0
-1.011,0.499,-0.02,-1.34,0.676,0.997,-0.919,-1.244,2.022,-0.069,1
-0.398,-0.628,0.945,-0.282,-0.805,0.032,0.13,-0.305,0.971,-0.511,0
0.623,0.404,-0.978,-0.385,-0.902,-0.392,0.364,1.092,-1.223,-0.007,0
-1.874,0.511,-0.53,-1.603,-1.417,-0.344,-1.116,1.503,0.653,-1.447,0
-0.725,1.616,0.192,-1.13,0.081,-0.207,0.634,0.575,0.011,0.65,0
1.122,0.967,1.512,-1.389,-1.237,0.157,-0.163,0.722,-0.975,-0.472,1
1.704,0.889,1.185,-0.281,0.713,-1.165,0.675,1.217,-0.605,0.166,0
0.233,-0.223,-0.31,-1.878,-0.462,0.215,-0.218,1.369,-3.162,0.241,0
-2.208,-0.536,-0.191,-0.749,-0.805,-1.043,-2.119,0.298,-0.11,-1.484,0
0.59,-2.145,1.634,-1.434,0.242,-0.163,-0.508,-1.442,0.642,0.384,1
-0.524,2.284,-0.598,-0.863,-2.001,-0.151,0.036,-0.296,1.286,-1.087,0
0.339,0.539,0.116,-0.333,-0.365,0.984,0.44,-0.702,-0.54,0.04,0
-1.222,0.301,1.993,-0.069,0.351,0.549,-0.97,1.292,-0.702,-0.421,1
-1.519,-1.845,2.531,0.362,1.182,1.08,-1.899,-0.498,-0.047,-1.245,0
1.816,0.269,0.209,-2.206,0.379,-1.249,0.673,0.043,2.407,1.963,1
-1.06,-0.319,2.137,0.411,1.036,-1.211,-0.165,0.229,0.09,-0.243,0
-0.755,-1.183,0.275,1.532,0.814,-1.112,-0.436,1.297,1.182,0.554,1
-0.806,-0.376,0.025,0.121,1.6,-0.325,-0.849,-1.734,1.22,0.532,0
-0.968,0.594,-0.304,0.892,0.781,-1.849,0.242,0.334,0.826,-0.828,1
-0.557,0.359,-0.556,-0.713,-0.948,-0.469,-1.322,0.823,-1.252,0.471,0
0.817,-0.788,-0.427,0.608,-0.993,0.707,0.724,0.647,0.203,-1.458,0
-0.782,1.182,-0.82,-0.053,-0.211,-2.297,1.159,0.395,1.477,-0.277,1
-0.069,-0.85,-1.426,0.537,-0.499,-0.955,-0.37,-0.141,-0.073,-1.188,1
-0.443,-0.459,-1.801,-0.356,-1.631,-2.404,-0.539,1.433,-0.058,1.36,1
0.618,-0.17,-0.478,-0.726,0.598,0.474,0.404,-0.256,2.352,0.758,1
0.054,1.407,0.097,-1.538,-0.888,1.081,0.94,-1.064,0.973,0.524,0
0.102,-0.266,0.215,1.125,0.424,0.766,-0.183,0.729,0.159,0.223,0
-0.692,1.242,1.722,0.681,-0.73,1.829,-1.669,-2.017,0.519,1.409,0
0.007,1.289,-0.029,-0.509,-0.84,0.538,-0.724,-0.715,0.673,0.065,1
0.047,-1.07,-0.943,-0.16,-0.311,0.581,-0.203,-0.386,-0.274,-0.435,0
0.014,1.496,0.347,1.002,0.099,0.615,-0.059,-1.787,0.569,-1.267,0
-0.64,-0.485,0.865,-0.922,0.309,-0.833,-0.041,0.135,-0.743,-0.225,1
-0.315,1.296,0.523,0.482,0.404,-0.162,0.889,0.775,0.615,0.477,0
-1.849,-0.948,1.034,-0.975,0.523,0.016,-0.982,-0.95,-1.055,-1.623,0
-0.557,-2.022,-1.093,1.156,-0.58,1.142,1.684,-0.312,-0.282,-0.06,1
0.791,-0.24,0.603,-0.043,-0.883,0.924,0.057,-1.254,-0.442,0.332,1
1.261,1.174,-0.061,1.002,-0.447,0.721,-0.278,-0.182,0.1,-1.107,0
0.149,0.739,-0.233,-1.41,0.392,2.293,0.658,-0.282,1.338,-0.812,0
-2.354,-1.516,-0.502,-1.244,1.238,-0.146,-0.185,0.463,-1.03,-0.065,0
-0.164,-0.199,-1.573,0.778,-0.613,-0.155,-1.38,-0.03,-0.207,-0.215,1
1.663,0.672,-0.966,-0.301,-0.184,0.384,0.274,0.766,1.064,1.376,1
1.029,1.328,0.54,-0.703,-0.451,0.36,0.19,0.434,-0.416,0.415,0
0.495,-0.537,0.333,1.207,-1.323,-0.258,-0.38,-0.071,-0.333,0.276,1
-0.794,1.972,-1.258,0.791,-0.017,-0.061,-1.177,-1.682,0.002,-0.262,1
-1.155,-0.33,0.3,-1.399,-1.832,-1.114,0.104,-0.703,-0.593,0.427,0
0.615,-0.662,0.615,0.373,-0.734,-0.951,0.516,-1.319,0.462,1.079,1
0.201,-1.546,1.696,-0.407,-0.36,-1.718,-0.193,-0.101,1.95,-1.748,1
0.775,0.076,1.398,-0.951,0.408,-0.924,1.26,-1.033,0.746,0.864,1
1.053,-0.861,0.257,-1.223,0.636,1.444,-1.156,1.05,1.188,-0.332,1
1.799,-0.757,-0.32,0.851,-0.221,0.225,-0.614,-1.285,1.19,-0.885,1
0.372,0.5,-0.281,0.428,-1.882,-0.323,1.119,-0.455,0.352,0.396,1
0.044,-0.356,1.457,-0.542,1.063,-0.137,1.818,0.904,0.592,-0.482,0
0.477,-0.807,-0.735,2.295,-0.498,-0.586,1.541,0.565,1.559,-1.109,0
-0.896,0.51,1.923,-0.601,-0.315,0.107,0.792,2.139,0.134,1.069,0
2.189,-0.537,0.214,-0.787,-1.592,-0.657,0.443,-2.39,0.408,-0.756,1
2.199,-0.035,1.578,-0.945,-0.621,0.753,2.013,0.247,0.781,-1.823,0
0.113,-0.611,-1.996,1.418,2.667,1.483,0.892,0.346,-0.555,-0.501,1
-0.419,-0.152,0.045,1.513,-1.124,-1.287,0.283,0.351,-0.39,-0.59,0
0.267,0.202,-0.202,1.395,0.054,-0.55,-2.07,-0.444,0.491,-0.717,0
-1.224,0.759,-1.816,1.016,0.532,-1.081,-0.078,0.322,-0.127,-0.264,0
0.494,1.624,-1.444,-0.506,-0.827,0.536,-1.069,0.54,1.175,1.501,1
2.266,0.328,-0.523,-0.161,0.453,1.125,-0.539,-0.369,0.388,0.334,1
0.508,1.838,-0.018,-0.294,-1.447,0.511,-0.451,0.241,-0.907,-1.657,0
-0.28,0.064,-1.434,1.027,0.419,-0.004,-0.994,-0.421,0.14,1.766,0
0.144,-0.234,-1.834,-0.971,-0.277,-0.289,-0.615,-1.882,0.303,0.136,1
-0.722,0.359,-0.242,-0.64,-0.466,-1.847,-1.811,0.936,-0.53,-1.737,0
-0.214,-0.821,-1.016,0.931,-1.071,-0.277,-0.411,-0.487,0.258,0.822,1
0.09,-0.804,1.027,0.691,0.152,0.647,0.68,2.161,-0.935,-0.254,0
0.397,0.792,0.695,1.004,1.592,-0.779,1.383,0.647,0.426,0.046,1
1.319,-0.874,0.134,0.606,0.714,-0.374,-0.493,0.312,1.012,-0.874,1
0.07,-0.96,1.161,0.516,-1.042,-1.25,0.335,0.808,-1.695,-0.34,0
0.498,-1.633,-2.192,-1.272,0.907,0.295,-1.313,0.012,0.11,-0.586,1
1.864,0.635,-0.046,1.034,-0.369,0.481,-0.279,-1.17,0.766,0.759,1
-0.366,-0.631,0.617,0.914,-0.958,0.353,1.774,-0.231,1.589,-0.367,0
0.467,1.098,0.307,0.062,-1.057,0.058,-0.098,-0.461,-0.588,-1.104,1
1.338,-0.04,-1.367,0.663,-1.15,0.261,0.853,-0.115,-0.597,-0.159,1
1.353,1.095,-0.246,0.178,-1.029,0.723,-0.581,-0.427,1.201,2.547,0
-1.712,2.123,-0.701,-0.752,0.227,1.439,0.553,0.334,0.715,0.191,0
-1.62,-1.202,1.361,1.054,1.125,0.383,-1.209,-0.487,0.539,0.258,0
-0.328,1.583,0.211,0.591,-1.462,-1.032,-0.117,0.044,-0.439,0.313,0
0.325,0.448,0.283,1.231,-0.41,-0.633,0.577,0.27,-1.328,0.144,1
1.738,-0.581,0.103,0.398,1.661,-3.171,0.899,0.605,-0.391,0.196,1
1.311,-0.628,1.674,0.616,-0.851,-0.713,0.641,-0.274,0.91,0.107,0
-0.847,0.266,0.57,1.09,0.653,-0.409,1.047,1.103,1.294,1.242,0
1.274,0.496,-0.608,0.795,1.794,-0.616,-1.162,0.491,1.075,-0.2,1
-1.002,2.07,-1.265,0.293,-0.356,0.179,-0.567,0.081,1.092,-0.433,1
0.939,0.738,-0.213,0.704,-0.678,1.409,-1.789,-0.412,-0.978,-0.443,0
-2.59,1.51,0.84,0.699,-0.171,0.295,0.471,-0.356,1.139,0.13,0
0.907,-0.83,-1.662,1.655,0.048,-0.361,-0.155,1.942,1.921,0.107,1
0.413,-0.485,-0.451,-1.072,0.68,-0.176,0.031,2.169,-0.565,-1.239,1
1.195,-1.039,-0.338,-0.126,-2.274,-0.251,0.928,-0.834,-0.039,0.494,0
0.671,0.621,-1.028,-0.428,-2.115,1.799,-0.026,0.365,-1.806,-0.371,0
-1.156,-1.261,-0.196,0.5,-0.16,-0.636,-1.369,-0.392,-0.074,-0.393,0
-0.674,0.177,0.525,-2.163,0.402,-0.852,-0.908,0.458,0.906,-1.709,0
-1.342,0.343,-1.682,0.327,2.158,-1.751,-1.421,2.67,-0.979,0.74,1
0.458,0.238,0.595,-1.574,1.554,-0.04,-1.506,1.168,3.14,0.497,1
-0.981,0.551,-1.255,1.403,-2.189,-1.244,1.172,-0.651,1.813,0.002,0
-0.096,-1.114,0.2,1.784,-1.377,-0.657,1.658,0.186,0.37,-0.541,0
-1.301,1.81,-1.416,-1.542,0.134,-0.508,-0.852,-0.397,0.861,0.112,0
-0.537,-1.416,0.668,2.038,-0.976,-0.349,-1.95,0.252,-0.319,0.401,0
0.06,-0.515,-1.432,0.518,-0.846,0.287,0.271,0.803,0.463,-0.891,0
1.149,0.736,1.319,0.685,-2.175,-0.428,-0.47,0.159,-0.741,2.003,0
-0.749,-0.799,2.143,1.785,-1.312,-0.478,1.519,-0.178,-1.09,0.537,0
0.826,-1.313,0.186,-0.239,-1.004,0.793,-1.122,1.632,0.33,-2.091,1
-0.298,1.844,0.144,0.849,0.402,-0.277,-1.481,0.881,2.995,0.466,0
0.252,-0.487,2.117,-0.915,0.98,0.366,-0.084,0.689,0.851,-0.797,1
0.875,-1.163,0.359,0.032,-0.765,0.46,1.316,0.896,0.12,-0.621,0
-0.284,-1.807,0.479,1.385,-0.788,-1.074,-1.083,0.604,0.196,-1.243,1
0.713,0.792,-0.72,-1.377,-1.028,-0.34,0.005,-0.515,0.086,-0.16,0
1.686,-0.341,2.006,0.845,-0.952,-0.569,-2.206,1.016,0.2,-0.04,1
0.431,0.746,0.749,-0.836,-0.376,-0.993,-1.479,0.876,0.448,-0.663,0
0.251,0.248,0.348,-0.849,-0.267,-0.571,-2.434,0.066,-0.479,-1.698,1
-1.63,-0.826,-1.794,2.116,-0.51,0.938,0.329,-0.427,0.72,1.014,0
-0.728,-0.464,1.317,-0.654,-0.068,1.615,-0.476,1.081,-2.191,1.148,1
-0.927,-0.029,-1.843,0.728,2.388,-0.591,-0.164,-0.224,2.291,1.102,1
-0.384,0.785,-0.465,0.921,-1.044,0.627,2.898,-1.308,1.123,1.116,0
0.425,-0.231,0.268,0.534,0.731,0.789,0.777,-0.201,-0.247,-0.677,1
-1.03,1.065,0.386,-0.909,-1.709,1.358,-0.492,-0.129,2.489,-0.144,0
-0.619,-0.014,0.88,1.408,-0.553,0.465,1.022,-0.802,0.422,-0.418,0
0.215,-0.834,-1.33,-1.9,-2.227,0.487,1.916,-1.388,-0.246,0.497,1
1.476,-1.884,-1.306,-0.069,0.085,1.349,-0.14,-0.664,-0.51,1.167,1
0.618,-0.723,-0.936,0.586,0.171,1.286,-1.125,-0.236,1.609,0.709,1
1.553,0.384,0.09,-1.129,-2.057,0.743,0.932,0.829,-0.104,0.096,1
-0.315,-0.452,0.906,-1.504,-1.894,-0.72,0.228,-0.886,1.141,0.122,0
-0.472,-0.09,-2.176,1.247,-0.435,-1.517,0.006,-1.387,0.306,-0.145,1
-1.802,-1.465,0.755,-0.968,1.835,0.847,-1.055,-0.244,-0.656,0.144,0
-0.036,0.771,0.489,0.434,-0.605,-0.757,-1.548,-0.43,0.699,-0.702,0
-2.84,0.352,-1.312,-0.058,-0.435,1.559,1.037,0.547,-0.429,-1.139,0
0.366,-0.776,-2.324,-0.075,1.741,1.918,0.915,0.135,0.554,-0.299,0
-0.469,0.321,-0.625,-0.391,-0.15,0.304,-0.373,0.654,0.047,-1.099,0
1.151,0.002,1.212,0.318,-1.183,0.989,0.682,0.312,0.987,1.517,1
-1.134,0.012,-0.151,-1.223,-0.351,1.091,0.83,-0.912,-0.179,-2.762,0
-0.135,-0.738,0.32,-0.614,-0.253,-0.348,-1.935,0.034,-1.039,0.88,1
-1.985,-0.272,-0.861,0.816,1.555,1.553,0.27,0.312,-0.976,-0.215,0
1.527,0.875,-0.395,-0.115,-0.459,2.05,1.686,2.028,0.884,-0.042,0
-1.39,-0.408,-0.858,-0.458,1.119,0.605,0.986,0.695,-0.072,1.079,0
-0.178,0.294,0.255,1.514,1.156,-0.382,-0.669,0.041,-0.892,2.171,0
-0.414,-0.716,-0.623,0.771,0.839,-1.101,0.863,-0.451,0.572,0.114,1
0.68,0.425,-1.927,0.775,-0.956,-0.191,-1.033,-0.993,0.518,1.707,1
1.042,-0.444,0.33,0.958,-0.96,-0.533,0.564,-0.828,0.191,-0.141,0
-1.293,-0.636,0.599,0.531,-0.424,-0.812,1.204,0.726,1.661,1.092,0
-0.834,0.19,1.015,0.397,0.453,-0.05,-0.781,0.237,0.049,-1.621,0
-0.545,-0.523,-0.803,-0.278,-0.491,2.009,1.737,0.786,0.363,0.199,0
-2.54,-0.024,1.285,2.006,0.728,-0.288,1.358,-0.491,-0.595,-1.354,0
0.056,2.056,-1.485,0.236,1.487,0.063,0.248,-0.066,0.846,-1.798,1
0.145,-0.155,1.372,0.472,-0.32,-1.087,-0.46,0.269,0.741,0.718,0
0.562,0.167,0.616,-0.212,0.86,-2.123,-0.416,0.027,-1.471,-0.184,1
0.922,0.456,0.38,0.225,-1.54,-0.542,0.135,-0.422,-0.343,0.389,0
-0.593,0.628,-0.986,0.152,-0.169,0.627,-0.272,-1.228,-0.066,0.925,0
-1.621,0.708,0.637,-0.995,1.872,-0.075,0.091,1.134,1.491,-0.205,0
-1.283,0.104,-1.001,0.148,-0.316,-0.475,-0.216,-0.188,-0.605,0.393,0
0.458,-0.845,-0.38,0.024,0.474,-0.152,1.013,-0.789,-1.976,0.187,1
1.848,-1.301,1.835,-0.514,-0.048,0.129,0.102,-1.224,1.674,-1.535,1
0.99,0.39,-0.256,0.445,1.297,-1.469,-0.888,-2.22,1.794,0.689,1
2.083,0.079,-0.518,-1.96,-1.431,0.881,-1.564,0.151,-0.313,0.55,1
-0.455,-0.138,-1.366,-0.238,-0.731,-0.671,-1.009,0.356,0.752,-0.347,0
0.447,0.184,-0.437,0.813,0.866,-0.266,-0.392,0.222,0.178,-0.279,1
0.011,-1.245,-1.39,0.121,-0.944,0.237,-1.007,0.817,1.497,0.505,1
-0.897,0.0,1.184,1.324,0.45,1.134,0.166,-0.268,-0.604,-1.954,0
-0.547,-0.494,1.283,-1.041,-1.346,3.055,-1.291,0.553,0.107,-1.585,0
-0.108,0.012,-1.096,0.288,-1.906,-0.408,-0.128,-0.523,-0.712,-0.189,1
-1.178,0.691,-0.251,1.073,1.072,-1.022,2.079,1.665,-1.18,-1.791,0
-0.784,-1.816,-0.461,1.117,-0.249,0.096,1.075,1.162,2.379,-0.138,0
0.115,0.767,0.248,0.131,-0.811,-0.689,1.163,-0.482,0.536,-0.379,1
1.376,-0.878,-0.007,0.259,1.57,0.257,-1.479,0.188,0.089,-1.812,0
-1.286,0.796,-0.573,0.085,-0.013,0.386,-0.057,0.715,-1.475,0.391,0
0.415,1.779,-2.503,-0.443,0.725,1.771,-3.563,-1.893,1.194,-0.069,1
-0.298,0.743,-1.17,-0.133,-0.267,0.832,0.392,-0.799,-0.647,-0.383,1
0.377,-1.154,1.346,1.492,0.839,-1.546,-0.241,-0.755,0.62,-1.638,1
-0.077,-0.97,1.301,0.391,-1.245,0.602,0.212,-1.115,-0.916,0.112,0
-0.557,1.311,-1.117,-0.046,0.033,1.18,0.73,-0.356,1.828,0.817,0
-0.784,0.871,-0.217,-0.813,0.923,-0.002,-1.677,-0.841,0.675,0.698,0
2.419,-1.051,0.386,0.115,-0.539,-0.436,-0.129,1.748,-0.179,1.977,1
0.529,-1.285,-0.544,2.701,-0.607,2.665,-0.543,-0.559,-0.014,-0.299,0
0.34,-0.044,0.371,0.024,-1.649,0.477,-1.885,0.171,-1.079,-0.891,0
0.953,0.901,-0.527,-0.175,-1.084,0.494,-0.905,1.473,-0.648,0.553,0
-2.229,0.639,-1.214,-0.412,-0.806,0.98,1.268,-0.274,-1.782,0.95,1
0.622,0.364,0.608,-0.382,0.336,0.083,-0.656,-0.223,-1.647,1.402,1
-0.479,0.117,-1.576,-0.116,0.272,0.834,0.007,0.419,0.541,-0.865,0
-1.319,-0.832,-1.63,-1.259,1.083,0.631,1.237,0.273,0.421,0.974,1
0.15,-0.389,0.998,-1.126,-0.033,0.043,-1.0,1.011,-0.666,2.044,1
-0.8,-1.629,-1.632,0.328,0.64,1.848,-0.082,1.059,1.332,1.213,0
-0.023,-0.49,-0.748,0.665,1.316,0.028,-1.407,-0.16,-0.463,-0.982,1
-0.011,0.298,1.558,-0.564,0.606,-0.311,-0.91,0.193,0.941,0.574,1
0.766,0.019,2.584,-0.164,-1.287,0.674,-0.452,-1.334,-0.185,0.209,1
-0.539,-1.274,-0.733,-0.562,-0.13,0.402,-0.999,-1.341,0.481,-0.508,1
-0.572,1.399,1.121,1.173,-2.022,-1.532,-0.082,0.321,0.91,-0.508,0
-1.496,1.766,-1.093,-0.996,0.462,0.418,-0.871,-1.472,0.017,-1.55,1
1.532,0.813,0.476,0.227,-1.289,-0.367,0.194,-0.66,-1.385,-0.544,1
0.428,-0.959,-0.764,-0.319,0.447,0.649,0.323,1.401,0.322,1.099,0
0.586,-0.476,0.889,0.386,1.271,-0.066,0.236,-0.25,0.385,0.68,1
-0.397,2.076,0.852,-0.441,-1.944,2.0,0.59,-0.492,0.159,0.72,1
-1.267,0.097,2.247,-1.021,-2.653,0.423,-0.363,0.572,-0.394,-1.214,0
1.106,0.071,-0.549,-0.882,1.077,-0.401,-0.988,-0.464,-0.11,0.124,1
0.852,-0.563,0.408,1.96,-1.111,0.061,1.249,-0.994,0.956,0.806,1
0.67,-2.484,-0.421,0.238,0.556,-0.579,-0.358,1.463,-2.007,0.255,1
-1.017,1.916,-0.441,1.369,-0.397,0.035,-0.194,0.848,-0.813,0.685,0
-0.437,-0.274,0.588,2.007,1.546,-1.279,0.291,1.014,-1.773,1.0,0
-0.266,-1.105,1.37,2.027,0.763,-1.815,1.011,-0.795,0.04,-0.684,0
1.226,1.846,-0.132,-0.085,-1.74,-0.625,0.237,0.259,0.051,-2.206,0
-1.21,-0.541,-1.669,0.3,-0.163,-1.304,0.489,-0.28,0.963,-1.691,1
0.727,1.001,-1.964,-0.776,-0.586,-0.656,1.919,1.991,0.751,0.311,1
-1.403,0.189,-1.297,-1.039,-1.515,-0.98,-0.815,-0.847,-1.577,0.635,0
1.282,0.424,0.812,-0.354,0.315,-1.527,0.378,1.823,-0.561,0.924,1
0.355,2.108,1.033,-0.821,-0.799,1.125,-0.056,-0.104,-0.415,-1.116,0
0.906,0.846,-0.096,-2.705,-0.43,0.818,-0.352,0.706,2.363,-0.032,0
1.193,0.341,-1.908,0.045,0.188,-1.568,-1.167,-1.593,-0.68,1.06,1
0.999,0.558,0.692,0.463,0.657,1.258,-0.498,0.337,2.711,1.454,1
-0.326,0.218,1.105,-0.431,-2.759,-0.57,-0.07,0.326,-0.322,1.483,0
3.017,1.848,-1.409,-1.109,-0.826,-0.43,0.208,-0.447,-1.37,-0.181,1
0.957,-2.045,-1.078,0.715,-0.917,1.307,0.107,-0.102,-1.17,-0.514,1
-0.824,0.343,-0.065,0.834,0.234,-2.175,1.014,-0.5,0.65,-0.029,1
-0.977,-1.15,1.922,1.168,-1.705,1.253,0.907,-2.202,0.559,-0.739,0
0.883,-0.284,-0.625,-0.998,-0.41,-0.056,0.077,1.738,-0.375,-0.296,0
-1.115,-0.412,0.619,1.872,-1.401,0.829,-1.171,-0.971,-0.508,-1.197,0
0.335,1.196,0.09,-0.25,-0.873,0.942,-0.547,0.376,-0.498,-0.179,0
-1.987,0.393,0.856,-0.713,-0.121,-0.412,-1.321,0.047,0.992,0.049,1
-0.122,-0.814,0.296,-0.415,0.342,-1.3,-0.059,-0.836,0.116,-0.052,1
-0.146,-0.948,-1.359,0.227,-0.072,-1.027,-1.419,1.938,0.496,-0.068,1
0.161,2.101,0.216,-0.23,1.698,-1.225,0.109,0.277,0.646,0.378,1
-0.266,1.753,-0.811,0.15,0.659,-1.138,0.127,-1.654,-1.744,0.116,1
-0.261,0.742,0.535,0.079,-1.522,-1.067,1.675,-1.659,-0.927,0.263,1
-0.611,0.603,0.271,0.627,0.13,-0.239,-0.029,0.076,-1.807,0.818,0
0.339,-0.618,-0.722,-0.314,-1.924,-1.124,0.587,0.605,0.188,0.601,1
-0.507,0.295,1.174,-0.426,0.433,0.219,-1.429,0.468,-2.467,-1.65,0
0.337,-1.11,1.653,0.465,1.136,0.735,1.761,-1.057,-0.134,0.762,1
-0.181,-0.131,-1.23,-1.633,-1.347,-1.794,-0.353,-0.327,-1.17,1.227,1
0.347,-1.428,0.244,-2.061,0.908,-0.205,0.072,1.662,0.618,0.328,1
0.051,-0.453,0.23,0.624,0.048,0.401,2.471,1.284,-0.28,0.478,1
-0.833,-1.762,-0.822,-0.657,-1.132,-0.914,-0.494,-0.601,-0.401,1.642,1
-0.75,-0.682,-0.159,1.071,-0.008,-0.23,1.208,0.052,-0.442,0.807,0
1.201,-1.087,-0.014,1.505,-1.048,-0.135,1.303,0.07,-1.553,-0.941,1
-1.444,0.216,0.568,-1.026,1.857,-0.703,-0.58,1.256,2.81,-0.506,0
1.006,-0.891,-0.728,1.633,-1.558,0.08,0.171,-0.011,0.531,0.807,0
0.858,0.268,1.536,0.137,-0.464,1.565,0.26,-0.098,-1.447,0.118,0
-0.518,0.585,2.158,1.437,-1.461,0.555,1.374,-1.805,1.61,0.212,1
0.711,-0.692,0.283,-0.176,1.74,0.098,0.016,-0.454,-1.005,1.451,1
0.623,0.27,0.37,-0.531,0.408,-1.733,0.963,0.935,0.177,0.718,0
-0.928,-0.683,-1.798,-1.853,-2.318,-0.039,0.176,-1.107,-1.508,0.849,0
0.968,0.135,-0.532,-1.88,2.193,-0.849,0.195,-0.227,0.706,0.077,1
-0.145,1.658,-1.564,-1.444,0.488,1.715,-0.098,0.073,1.88,-1.102,1
-0.707,0.283,1.461,-0.648,1.732,-0.55,0.597,0.904,-0.342,0.316,0
1.739,1.085,-0.002,1.637,0.399,-0.376,-1.506,-1.25,-0.553,0.329,1
-0.403,0.105,0.33,0.963,0.446,1.404,1.64,1.537,-0.013,-1.28,0
1.533,0.535,1.068,-0.317,-1.555,1.42,1.175,-0.489,0.239,0.561,1
0.108,1.327,-1.256,-0.551,2.09,0.029,0.171,0.789,2.0,-1.178,1
-0.174,0.067,-0.025,-0.313,2.508,0.476,0.691,0.685,-1.167,2.074,1
-0.839,-1.683,-1.044,-0.45,-1.277,0.811,1.66,1.635,0.149,1.02,0
0.703,0.243,0.458,-1.255,1.077,0.193,-1.571,-0.103,-0.099,-1.585,1
0.11,0.442,0.153,0.574,-0.022,-0.49,-0.487,-1.838,1.19,0.545,1
-0.249,0.301,-1.117,-0.01,0.664,0.5,-0.335,-2.196,-0.568,0.561,1
-0.264,-0.652,1.02,0.419,0.399,0.004,-1.172,0.555,-0.075,1.093,0
-0.198,-0.323,0.276,1.078,-0.583,-1.931,-0.219,-1.63,0.04,0.087,1
0.937,1.218,0.14,2.286,0.865,-0.317,0.316,0.576,0.645,0.95,1
1.377,0.85,0.794,-0.9,-0.743,1.545,2.123,-1.397,-0.162,0.768,0
1.8,-0.471,-1.602,-1.436,0.818,0.439,-2.379,-0.006,1.628,2.53,1
0.348,0.671,0.298,1.357,0.572,0.433,0.303,-0.034,0.034,-0.501,0
0.614,-1.094,-1.278,-2.637,2.214,0.441,-1.926,0.808,-0.264,-1.887,1
0.93,-1.022,-1.362,0.764,1.575,-0.06,-0.804,0.205,-0.401,1.509,1
0.075,1.958,-0.574,0.109,0.561,-0.492,0.707,1.208,-0.31,-0.541,1
-1.717,-0.388,0.801,-0.364,-1.095,-0.183,-0.179,-0.214,0.003,0.295,0
-0.926,0.681,-0.978,0.691,0.297,1.197,0.069,-1.133,0.693,0.099,0
-0.611,0.228,-2.134,0.322,0.371,0.101,-2.033,1.269,0.213,-0.424,1
0.879,-1.391,0.676,1.887,-0.063,0.9,-0.673,0.568,-1.232,1.041,0
1.222,0.289,0.912,0.609,1.564,0.008,0.396,-1.093,-0.609,0.083,1
-1.011,-1.348,0.273,1.117,0.915,0.198,0.051,1.987,-0.907,1.467,0
-0.293,-0.28,-1.378,0.852,1.424,-0.278,-1.053,-0.754,0.679,0.715,1
-0.726,1.096,1.579,-1.61,-1.121,0.811,1.144,-1.107,-0.247,-0.936,0
2.137,-1.917,-1.924,-0.2,-0.415,0.423,2.282,-0.289,1.265,0.403,1
0.875,-1.124,-0.249,0.988,0.82,2.47,1.161,-0.345,-1.617,0.274,1
-0.949,0.566,-0.751,-0.414,-2.14,1.331,0.261,-1.375,-1.049,0.161,0
-1.81,0.872,-1.358,0.109,-0.406,-0.107,-1.396,-0.592,2.129,-1.109,0
0.02,0.881,0.819,0.99,-1.577,-0.214,0.058,0.582,-1.174,-1.317,0
0.092,0.837,-0.574,-0.677,-0.035,0.879,-1.208,0.481,0.001,0.015,1
1.271,-1.46,1.156,-1.552,0.564,0.689,-0.969,-0.847,0.23,-0.976,0
0.181,0.039,0.591,-0.19,-0.759,-0.621,0.564,1.144,1.145,-0.963,0
-0.868,-0.227,-0.32,1.398,1.106,1.096,-0.593,0.155,0.39,0.868,0
-1.728,1.798,0.88,0.723,0.542,-0.949,1.882,-0.622,0.24,-2.213,0
-0.352,1.889,-0.955,0.519,-0.446,0.285,0.277,0.122,0.221,0.43,0
-1.343,-0.821,-1.176,-0.139,2.569,1.366,1.331,-1.912,-0.391,0.858,1
1.434,-1.131,0.573,-1.564,0.477,-0.952,-2.096,-0.984,-1.19,0.27,1
0.171,-0.614,-0.578,1.032,-1.793,-0.078,1.612,-0.094,-0.293,-0.446,0
-0.09,-0.834,1.197,-0.097,-0.575,-0.822,0.807,0.521,0.594,-0.713,1
-0.621,-0.306,1.218,-0.23,-0.009,-0.654,0.225,0.02,-1.596,-1.892,0
-0.79,-1.209,1.029,-0.494,2.485,1.608,-0.361,-1.273,0.435,-0.277,1
-0.998,-1.556,1.516,0.897,-1.124,-0.871,0.32,1.972,-1.199,-2.382,0
2.4,0.282,-0.125,0.623,0.935,0.113,-1.304,-1.416,-0.466,-0.992,1
0.808,0.866,-0.525,0.205,-1.437,0.333,-0.923,1.262,-0.632,0.355,0
-0.12,-0.872,-0.757,0.343,0.085,0.308,-1.282,-0.449,-0.687,1.015,0
-1.658,1.288,0.703,-0.929,-1.554,-0.257,-0.664,0.138,-0.266,-0.445,1
0.866,-0.703,1.504,0.552,1.48,1.095,0.752,0.169,-0.631,-0.669,0
0.55,0.824,-1.58,-1.594,2.071,-0.194,-1.168,0.053,-1.519,-0.632,1
-1.071,1.521,0.815,-0.018,1.996,1.014,0.498,0.386,1.15,-0.804,0
0.291,-1.349,1.18,0.631,0.131,-0.235,0.04,-0.782,0.272,-0.68,0
0.129,-0.318,1.204,1.473,1.318,0.013,-2.366,-2.927,0.239,-2.802,1
-0.888,-0.683,-0.809,-3.114,-0.005,-0.516,-0.24,-0.196,-0.767,-0.804,1
-1.187,-0.416,-0.876,-0.354,-1.774,-0.574,1.67,0.305,1.569,3.084,0
2.734,0.245,-1.443,0.524,-0.426,0.624,0.923,0.541,-1.309,0.012,1
1.019,-0.43,0.736,1.237,0.378,-2.022,-2.082,-1.44,1.54,1.12,1
-0.413,0.603,-0.054,0.955,0.763,-0.569,-0.88,-1.526,1.574,-0.877,1
0.051,0.516,-1.384,-0.44,0.991,-1.633,-1.06,-0.022,-0.555,0.452,1
0.956,1.715,-0.507,-0.845,-0.581,0.915,-0.847,-0.402,-0.054,0.85,0
0.596,-1.023,2.705,-0.479,-0.815,0.359,0.937,-1.562,0.723,0.302,0
-0.431,-0.866,-0.551,1.425,-2.287,0.713,0.301,-0.202,0.487,-0.274,0
1.858,0.041,0.126,-0.446,0.755,1.124,-0.174,-0.751,-0.261,-0.042,1
-1.107,-0.976,0.482,-0.301,-0.11,-1.085,0.018,0.92,-0.181,-0.519,0
0.182,-0.164,0.663,-0.955,-0.001,1.055,1.665,-0.939,-1.894,-1.11,0
0.58,0.421,-0.485,-1.213,-0.334,-0.701,-1.364,-0.754,1.056,0.052,1
0.398,1.505,-0.103,-0.073,0.075,-0.153,-0.31,0.893,0.725,-0.248,0
0.348,0.654,0.266,0.484,-1.181,-0.787,0.433,2.026,-0.689,-1.278,0
0.7,0.669,0.346,0.212,1.304,-0.466,0.553,-0.54,-0.715,0.838,1
-0.218,-1.045,-1.43,-0.531,-0.09,0.988,1.071,0.625,0.255,0.135,1
-0.126,1.141,-0.821,-0.725,0.265,0.763,-0.059,-0.061,-0.573,-0.21,0
-0.578,0.703,-0.448,0.973,0.408,-2.882,0.011,0.774,-0.957,0.455,1
0.746,0.167,0.737,-0.576,0.111,-1.567,0.67,-0.856,0.123,0.173,1
0.571,1.061,1.195,0.199,-0.12,-1.147,0.826,1.229,0.509,0.262,1
0.229,0.463,-0.557,1.465,-0.189,0.473,-1.097,-0.052,-1.026,-2.567,1
1.096,-0.236,-0.514,-0.694,-0.833,-0.222,-0.299,0.232,1.068,-1.403,1
0.731,-1.17,1.538,-0.261,-0.046,0.227,0.927,1.48,0.23,0.265,1
0.652,-0.559,0.411,0.057,-0.207,-2.997,-1.327,0.147,1.549,0.107,1
-0.06,0.765,0.605,-0.396,-0.718,0.881,1.54,0.659,-0.684,-0.002,0
0.804,0.903,-0.563,0.845,-1.045,0.599,-0.068,0.916,0.009,1.587,0
0.636,1.797,-0.486,-0.053,-1.287,0.295,-0.002,-2.899,-0.23,1.461,1
0.729,1.082,-0.827,1.544,-0.338,0.175,-0.988,-0.549,0.934,-0.585,1
1.034,-1.813,-1.369,1.279,-0.559,0.272,0.749,-1.866,-0.739,-1.193,1
0.296,1.503,0.359,0.525,1.841,0.513,0.736,1.305,0.252,-0.078,0
0.482,-0.192,-0.057,0.93,0.744,1.433,0.104,-0.568,0.629,0.301,1
0.587,2.182,0.218,0.227,1.661,0.305,-0.414,-0.489,-0.872,-1.112,1
0.983,0.478,-0.559,0.504,0.36,-1.147,-0.34,-0.289,0.298,-0.99,0
1.186,-1.247,-0.452,0.43,0.577,0.807,0.352,0.529,-1.394,-1.401,1
1.085,-0.032,1.064,0.173,-0.485,0.582,1.287,0.246,2.872,-1.087,0
-0.291,0.476,1.0,-0.055,0.403,0.834,0.47,1.42,-0.373,-1.56,0
-0.774,1.361,0.934,-1.508,0.95,0.366,-0.022,0.205,0.556,1.21,0
0.285,0.921,1.348,1.456,0.93,2.809,1.233,-1.35,-0.965,1.549,0
0.032,0.368,0.795,0.079,-0.073,0.973,0.053,0.486,-2.512,1.018,1
3.158,0.866,-0.626,0.057,-0.506,-0.563,1.739,0.825,0.189,1.422,1
-1.129,-1.412,0.697,-0.467,0.52,1.677,0.131,0.064,1.131,0.264,0
0.186,1.077,-0.146,0.526,-0.468,1.634,0.069,0.6,0.321,-0.035,0
0.755,-1.747,-0.804,-0.178,-1.608,-0.016,-0.522,0.089,0.093,0.766,1
1.651,0.345,-0.772,1.59,0.268,1.164,0.399,0.157,0.12,-0.025,1
2.451,-1.207,-0.196,-1.561,-0.243,-1.792,0.421,0.308,-0.009,0.992,1
1.587,-0.157,0.253,-0.469,-0.55,2.319,0.744,0.077,-0.659,0.49,1
-0.224,-0.602,-0.778,-1.307,-1.138,1.267,-0.95,-0.08,-1.319,-0.005,0
0.778,-0.338,0.316,0.877,0.452,-0.428,-0.701,-0.748,0.224,-0.461,1
0.102,0.219,-1.522,0.282,1.23,0.792,0.161,1.115,1.123,0.092,0
-0.15,0.117,0.449,-1.201,-0.257,2.266,-0.236,0.408,-0.153,-0.183,0
1.362,1.092,0.64,0.83,0.547,0.023,-0.425,0.803,0.598,0.611,1
0.086,-0.187,1.328,-0.739,-0.932,0.536,-1.203,0.5,0.52,-1.748,0
-0.055,-0.291,0.073,-1.228,-0.299,-0.148,0.077,-0.566,1.079,-0.458,0
0.605,0.444,-0.001,-0.234,0.855,-0.818,0.82,1.4,0.408,1.473,0
-0.241,-0.633,-1.112,0.222,-1.808,-1.352,1.452,-0.806,0.376,-1.003,0
1.135,0.42,-0.802,1.838,0.392,1.338,0.532,-0.585,-0.632,-1.885,0
1.584,-0.827,0.723,0.205,0.483,-0.733,0.162,-1.496,0.841,0.649,1
1.563,1.808,0.469,-0.39,-1.127,1.004,-0.036,1.252,1.834,-0.865,0
-0.957,1.303,-0.573,-0.066,2.007,-0.013,0.048,-1.047,-0.679,-0.13,1
1.06,-0.692,-0.248,-1.24,-0.656,0.156,-1.403,0.565,-0.231,1.514,1
-0.641,-0.879,-0.722,1.118,-0.117,-0.233,-1.456,-0.929,0.114,-0.21,1
1.994,-0.666,-0.562,-0.034,-0.118,-1.279,-0.578,-0.696,0.664,0.283,1
-0.908,-0.047,-0.171,0.386,1.518,-0.371,1.019,-0.164,0.294,-0.25,0
0.111,-1.178,0.958,-0.516,-0.203,1.181,0.961,-0.024,0.466,1.072,0
1.301,1.258,1.662,-0.059,-1.147,-1.195,-0.143,1.326,-1.101,0.098,1
1.46,-0.11,-0.419,-0.54,-0.749,0.523,-1.427,-0.1,-0.295,-0.177,0
0.397,0.563,-0.375,1.526,-0.674,-0.803,1.139,-0.558,0.623,0.801,1
0.296,-0.163,0.381,-2.392,1.824,-0.7,-1.01,1.583,0.934,-0.883,1
0.525,2.284,0.423,-0.494,0.158,0.172,-0.716,-1.229,1.612,1.847,1
0.169,-0.945,-0.036,1.267,-0.686,1.428,1.159,0.825,0.084,0.015,0
1.136,-0.347,0.489,1.062,0.884,1.725,-0.235,0.692,1.963,-0.554,1
-0.976,0.082,1.159,-0.366,0.243,-0.753,-0.042,-1.034,-0.451,-1.955,0
0.709,-1.509,0.873,-0.078,1.127,-0.155,0.486,1.602,-0.117,-1.335,0
-1.597,0.379,0.251,1.038,1.168,-2.509,-0.751,0.144,1.199,-1.212,0
0.583,-0.178,0.005,-0.324,1.146,-0.144,1.004,2.092,0.512,0.203,1
0.211,-1.562,-0.064,-0.439,-0.054,-1.071,0.486,1.31,0.682,1.361,1
0.304,-1.689,0.981,1.026,-0.159,1.131,1.25,-0.299,-1.659,-0.257,0
-1.338,-0.195,-1.47,-0.865,0.256,0.188,-0.319,0.994,-0.476,0.471,0
0.491,0.862,-0.478,1.49,0.785,0.9,-0.955,-0.825,-0.598,-0.025,1
-0.517,-0.152,1.42,0.671,-0.048,0.673,-0.876,-0.822,-0.088,1.166,1
0.773,0.793,2.431,-0.17,-0.568,0.565,0.39,-0.688,-2.279,1.213,0
0.353,0.44,-0.711,0.07,-0.421,0.494,1.13,0.148,-0.295,0.85,1
1.558,1.167,1.597,1.5,-0.877,0.205,0.69,-1.533,-1.883,-0.255,0
-0.117,-1.222,-0.556,0.139,0.231,0.526,0.817,-0.103,-0.315,1.254,0
1.028,0.774,1.534,0.232,0.42,1.046,-0.739,0.752,-1.656,-1.166,1
0.999,0.869,1.14,2.1,-0.335,0.885,1.896,1.284,1.257,-0.057,1
-0.085,0.123,1.134,1.52,1.952,-0.83,-0.293,-0.662,1.258,-0.325,1
0.206,-0.381,0.464,1.187,0.173,0.038,0.168,0.68,0.681,-0.557,1
-0.234,0.597,0.433,0.032,-1.374,0.385,0.46,0.511,-1.176,0.912,1
-1.356,-0.556,0.486,0.513,2.204,0.704,-0.549,1.008,1.087,-1.004,1
-0.25,-1.166,-0.044,-0.338,0.821,-0.577,-0.451,0.123,1.409,-0.442,0
-0.443,-0.711,0.452,0.526,-1.503,0.138,-1.387,-0.917,-1.86,-0.309,0
-0.557,0.339,0.476,1.016,-0.671,0.259,1.289,-0.617,0.762,0.949,0
-2.44,0.096,0.652,-0.92,0.277,0.242,-0.228,-0.135,2.348,-0.958,1
-0.88,0.704,1.265,-0.737,0.52,0.771,0.554,-0.213,0.118,0.048,0
1.973,-0.182,-0.258,-0.592,0.366,1.214,-0.886,-0.236,-0.333,-0.791,1
-0.801,-0.082,0.154,0.426,-0.504,0.761,-0.337,0.499,-0.742,-0.956,0
0.362,0.67,-0.436,0.417,-0.138,-0.252,0.271,1.535,-0.543,-0.291,1
-1.843,-0.475,0.039,0.7,-1.034,0.488,1.094,-0.383,-0.102,2.071,0
-0.165,-0.522,0.599,0.41,-2.024,0.27,0.422,-0.293,1.556,0.315,1
0.003,0.582,0.106,-0.475,-0.397,-1.291,-0.204,0.129,-2.031,-0.192,0
1.147,0.604,-0.938,1.378,1.954,-1.17,-0.81,2.02,1.345,0.977,1
0.315,1.642,-0.453,1.129,-1.538,1.292,0.69,0.42,-0.644,1.46,0
-0.273,-0.262,0.517,-0.959,0.526,-1.551,1.146,-0.954,2.113,-1.096,1
1.517,0.72,0.82,0.533,-0.274,-1.098,-0.904,-0.612,1.589,0.019,1
0.988,1.938,-0.885,0.423,-1.216,0.939,-0.55,-0.476,-0.006,-0.319,0
-0.265,0.888,0.572,1.601,-0.776,-0.271,-0.02,0.514,0.31,0.821,0
1.427,-0.322,-1.308,0.524,0.478,1.551,0.112,-0.623,0.039,-0.207,1
-0.745,0.636,0.043,1.252,0.208,0.511,-1.867,1.772,-0.17,-1.344,0
0.063,-0.987,0.67,-0.149,0.223,0.936,0.145,-0.538,-0.859,0.84,1
0.72,-0.539,1.686,-0.154,-0.342,1.091,-0.051,-1.31,0.563,2.015,0
-1.273,-0.615,0.893,-0.794,0.437,0.512,-1.001,0.631,0.158,1.202,1
0.459,-2.217,2.573,0.462,-0.459,0.385,0.231,-0.153,0.646,-0.257,0
-0.782,-0.99,0.525,2.733,0.138,0.455,1.017,-1.378,0.659,0.934,1
-0.207,-0.292,0.067,-0.333,0.783,0.085,0.522,0.464,-1.632,-0.781,0
-0.128,-1.302,-1.501,-2.379,-0.015,-0.116,0.675,0.466,0.763,0.913,1
0.074,0.348,0.965,-0.712,0.033,1.299,1.272,-2.312,0.406,1.08,0
-0.739,0.729,0.051,-0.062,0.678,-0.375,0.524,-0.437,-0.752,0.365,1
-0.721,0.604,-0.997,0.308,0.421,1.052,1.075,-0.803,-1.556,2.21,0
2.454,0.363,1.718,-1.099,-1.442,0.168,-0.175,1.681,0.757,0.389,0
-0.766,1.127,2.749,0.631,-0.03,1.331,0.598,0.543,-0.439,1.474,1
0.781,1.328,-0.201,-1.123,-1.34,0.805,0.34,0.492,0.123,-1.391,0
1.167,0.379,2.256,0.843,0.916,1.222,-0.068,0.608,-0.372,-0.282,0
-0.153,-0.141,1.63,-1.504,0.06,-0.677,-0.811,-0.391,-0.965,-1.544,0
-1.817,-1.641,-0.731,1.478,-0.331,-0.178,-0.042,-2.448,-0.631,0.237,1
-0.091,1.129,-1.71,-1.587,-0.014,-0.218,0.459,-0.744,-1.601,0.755,0
-0.458,-0.423,0.01,-0.534,-1.486,-1.02,0.794,0.742,-0.431,0.789,0
-0.658,-0.49,-0.606,-0.206,1.392,0.378,0.09,1.308,-0.215,0.332,0
-0.258,0.222,0.162,0.123,-1.583,0.426,-0.768,-0.805,0.714,-0.263,0
-0.252,0.285,-0.048,1.2,0.363,0.048,-2.543,0.072,0.921,0.724,0
0.895,-0.883,1.745,-1.166,0.572,0.03,0.834,1.424,-0.164,0.251,0
0.818,-0.498,-0.815,0.524,1.34,-1.692,-0.24,-0.283,0.062,0.473,1
-0.449,0.74,-1.788,-0.965,-1.833,-0.417,-0.009,0.341,-0.467,0.09,1
-0.519,-0.285,-1.831,-1.418,-0.235,-1.47,0.626,0.888,-0.486,0.838,0
0.625,1.286,-0.842,-0.28,0.249,0.23,0.388,-1.589,-0.247,-0.08,1
-1.931,0.13,-0.929,1.905,0.151,0.823,0.889,-1.055,-1.418,-1.166,0
-1.52,1.066,-0.734,1.542,2.497,0.434,-0.598,-0.387,0.511,-0.916,0
1.486,-0.142,1.207,-0.035,-0.943,-0.152,0.637,0.363,-0.425,-0.476,0
-0.115,1.625,-2.383,-2.292,-0.075,0.423,-0.064,2.065,-0.096,-0.043,1
0.836,-1.107,0.982,0.824,0.346,-0.605,-0.344,-0.949,0.41,-0.004,1
-2.257,-1.077,-0.477,-0.661,0.833,-2.493,0.773,0.769,2.068,-0.147,1
0.902,0.338,-1.052,0.207,-0.564,-1.25,-1.549,-0.178,1.232,0.928,1
-0.499,-1.242,-2.463,1.869,0.887,0.428,-0.052,1.344,1.081,-1.952,1
0.026,0.137,-0.786,0.252,0.36,1.444,0.683,1.107,0.645,-0.325,1
-0.606,2.427,1.042,-0.226,-0.578,1.276,-1.087,-0.988,-1.52,0.394,1
-1.161,0.289,-0.66,0.741,-1.184,0.669,0.704,-0.458,0.682,-1.942,0
2.677,-0.284,-0.176,0.569,0.744,0.441,-1.34,-0.563,1.244,-0.793,1
3.349,-1.585,0.896,-0.048,0.502,-0.507,0.688,0.538,-1.65,1.585,1
-0.958,0.882,0.218,0.796,-0.63,0.474,1.106,-0.528,0.109,-2.066,0
-0.391,-0.508,-1.901,-1.152,1.201,0.107,-0.813,0.295,-0.374,-0.224,0
-1.248,-1.676,-0.207,0.283,0.507,-0.401,-0.007,0.221,0.106,-0.666,0
0.809,-1.144,1.579,-0.733,-1.327,-1.545,0.998,1.239,-0.347,0.431,1
-0.234,-0.012,-0.224,1.362,-0.379,-1.078,0.519,1.223,-0.062,-0.29,1
0.146,-0.343,-1.004,1.918,0.419,0.029,-0.55,1.101,-1.784,-0.644,0
-0.546,-0.496,-0.609,0.409,-0.277,-1.55,1.947,-1.396,-1.121,0.817,0
-0.083,0.809,-0.16,0.071,-0.351,-0.468,-0.115,1.124,-1.637,0.144,0
-1.049,-0.425,-0.012,1.274,2.07,0.886,1.66,1.478,2.261,2.031,0
-2.055,0.463,0.878,0.76,-0.951,-0.511,0.717,1.484,-0.255,0.855,0
0.795,0.034,0.283,0.809,1.17,0.061,1.337,-0.696,1.203,0.103,0
0.329,0.127,-0.444,-1.565,-0.497,0.837,0.076,0.349,0.423,-0.11,0
1.694,-0.038,-0.704,-2.23,-0.311,-2.004,2.757,-1.228,-0.753,0.443,1
0.262,0.289,0.165,1.103,0.486,0.017,1.482,-0.972,-0.291,-0.433,1
-0.181,0.644,-0.867,1.423,-0.596,0.786,0.23,0.483,-0.606,0.404,0
-0.799,0.828,0.044,0.724,-0.857,-0.401,0.586,-0.546,-0.641,-0.992,0
0.895,0.198,0.553,1.33,0.703,0.97,-0.119,-1.337,1.402,1.456,1
-0.695,-1.469,0.723,-0.237,-0.989,0.198,-0.733,-1.729,-0.122,-0.374,0
0.093,-0.023,0.942,-1.656,1.244,1.653,-1.142,0.813,-0.413,0.115,1
-1.104,0.395,-0.973,-0.705,-1.121,0.113,-0.895,2.037,-0.039,-0.339,0
-0.106,-1.814,-2.121,0.797,-0.124,-1.562,1.634,-1.239,-0.349,-1.112,0
-1.027,-0.941,-2.0,-1.872,-1.023,-1.581,0.537,0.26,0.932,-1.183,0
-1.186,-0.914,-0.17,-0.045,0.872,0.416,-0.29,-0.357,0.461,-0.857,0
0.715,0.689,0.324,-0.108,-0.616,-0.002,0.031,1.354,0.623,-1.134,1
0.875,-0.96,0.339,0.022,-0.525,0.337,-0.525,-2.873,-0.562,-0.758,1
0.318,0.921,0.065,0.31,-1.712,2.46,-0.548,1.088,3.123,-0.013,1
0.709,-1.829,-0.966,0.214,-0.004,0.317,2.5,0.582,-2.101,0.089,0
0.679,-0.084,0.703,-1.153,-1.565,-0.513,-1.74,-0.081,0.495,0.39,1
1.642,1.494,1.034,-0.062,0.202,2.012,0.465,-0.491,0.18,-0.648,0
-0.796,0.89,-1.288,0.03,0.057,0.306,0.484,0.35,-1.013,-0.935,0
-0.386,-0.442,0.406,1.932,-0.405,1.164,0.131,-0.112,-0.45,-0.341,0
0.639,0.492,-0.852,-0.134,0.106,-1.616,0.095,1.145,0.706,-0.492,1
-1.549,-0.836,1.85,-0.203,0.052,1.021,-0.866,-0.785,0.861,1.742,0
-1.203,0.456,0.168,0.4,-0.129,1.211,-0.046,-0.437,0.043,0.217,0
-1.349,0.084,-2.489,-0.117,1.593,0.429,-0.614,0.974,-1.334,2.585,1
0.082,1.132,0.185,-0.548,-0.962,1.394,-0.445,1.335,-1.422,-1.72,0
-0.614,-0.366,-1.238,2.925,0.224,2.0,-0.288,-0.593,0.173,-0.516,0
0.044,-0.834,2.016,1.382,2.131,0.997,0.785,-0.55,-0.585,0.881,1
-1.432,-1.218,0.269,0.762,-1.114,1.022,0.293,-0.423,-0.792,-1.782,0
1.157,-0.791,-1.152,-1.238,-1.33,0.4,-0.18,-1.755,0.838,-0.892,1
-1.173,0.194,-0.096,-1.205,-0.114,0.251,-0.524,1.399,-0.553,1.275,0
0.463,-0.868,-0.026,0.825,2.437,0.234,2.134,-0.502,0.225,1.542,1
0.924,0.861,-0.094,-0.591,0.818,-0.989,1.35,0.547,-0.21,1.463,1
-0.553,-0.569,1.421,-2.122,0.477,1.3,-0.232,-1.238,0.783,-1.496,1
-0.65,-0.039,0.01,-1.458,0.123,0.503,0.697,1.157,-0.525,1.386,1
-1.926,1.795,-0.229,0.718,-1.761,-1.949,-0.131,-0.785,-0.265,0.529,1
1.638,-1.95,0.093,-1.509,-0.226,1.533,-1.341,-2.155,-0.157,-1.329,1
0.856,-1.371,-0.418,-0.437,-0.907,-0.358,-1.679,0.716,-0.103,0.28,0
-0.719,-0.197,0.945,1.004,-0.315,0.271,1.15,-0.686,0.043,-1.775,0
-1.089,1.655,-1.041,0.129,-1.705,0.078,1.708,1.916,-0.218,0.642,0
0.967,-0.891,1.097,-0.45,1.838,0.297,0.351,-1.493,-1.072,0.858,0
-0.426,-0.637,0.656,0.122,1.247,0.214,0.631,-2.877,-1.078,0.772,1
0.116,1.629,-1.264,-0.841,0.168,-1.545,1.361,-0.294,-0.939,-0.477,0
1.714,0.884,-0.444,-0.908,0.505,-0.025,1.131,-0.722,0.945,0.722,1
0.369,0.785,0.439,-1.499,0.058,-1.539,0.523,-0.089,-1.552,-0.208,1
-0.596,1.87,-0.521,0.622,0.926,-0.967,-0.649,-0.036,-1.144,-0.425,0
0.635,1.488,-0.968,0.348,2.167,1.68,-1.677,-0.348,-2.613,-1.704,1
0.38,-0.27,0.316,-0.768,-1.143,-0.201,0.506,-0.138,0.232,1.148,0
1.721,0.791,-0.235,-0.582,-1.458,0.874,0.284,1.005,1.016,1.274,1
0.016,0.855,-1.712,-0.574,2.192,-0.34,1.8,0.881,-0.109,1.04,1
1.421,0.672,2.315,0.925,0.134,-1.231,-1.141,-0.747,-1.228,-1.221,1
-0.224,-0.178,0.596,0.167,-0.013,-0.799,2.502,0.253,-0.701,-0.145,1
-0.16,0.548,-0.127,0.157,0.27,-0.477,0.633,0.027,-0.173,-1.109,1
0.226,0.036,0.197,-1.172,-1.051,2.97,-0.067,-0.277,-0.167,-1.061,0
-1.556,-0.917,-0.53,0.96,-1.929,0.892,-1.003,-0.61,1.115,0.339,0
-0.337,1.094,-0.007,0.236,-0.172,1.143,0.895,-0.189,-0.571,-1.002,0
-0.763,0.024,-0.583,1.091,0.076,-1.547,1.105,-0.892,-0.14,0.044,1
0.771,0.631,0.362,-1.172,-1.401,1.261,2.063,0.488,1.818,1.324,0
-1.275,-1.935,0.905,-0.114,0.159,0.17,-1.543,1.168,-1.108,1.125,1
-0.558,-0.936,2.117,0.096,0.319,1.035,-0.476,-0.17,2.744,0.528,1
0.826,-0.215,0.723,2.151,0.474,-0.449,0.799,-0.272,-0.168,-0.119,1
0.223,-0.332,-0.54,-1.024,0.649,0.524,-1.245,0.412,0.964,0.28,0
-1.691,-0.934,-0.109,0.111,-2.163,0.97,0.94,-1.194,0.401,-0.104,0
-1.508,-1.659,-0.445,-0.75,0.03,-1.5,0.612,0.561,-1.203,-1.359,0
-0.506,0.717,0.841,0.615,0.48,0.413,-0.701,-0.462,-0.367,1.579,1
0.723,-0.562,-0.533,0.41,0.955,-0.168,0.147,-3.32,1.144,-0.967,0
-0.177,0.803,-0.277,0.486,1.047,-0.81,-0.832,0.933,0.092,-0.569,0
-1.853,-0.121,-0.395,0.297,0.215,-0.205,-0.296,-1.696,0.001,0.257,1
-1.746,-0.558,0.118,0.257,-1.784,0.946,0.956,0.461,-0.582,0.503,0
0.257,0.632,-0.735,-0.091,-0.155,0.692,0.053,-0.17,-0.676,-1.156,1
-1.06,0.27,0.017,-1.091,0.261,0.823,-0.86,0.194,0.869,-1.354,0
-0.365,-0.098,0.103,1.443,-0.477,-0.173,1.148,0.031,0.223,1.697,1
0.071,-0.557,-3.284,-0.618,-0.645,0.866,0.69,0.866,-1.628,-0.14,1
-1.93,-1.127,-1.121,-2.711,0.933,1.229,1.756,-0.22,0.229,0.234,0
1.266,0.735,-0.757,1.882,0.524,0.602,0.589,-0.072,1.302,2.578,1
1.428,-1.69,-1.156,-0.137,0.076,1.127,-0.7,0.605,-0.938,-0.391,0
-1.337,0.443,0.351,0.108,0.12,1.336,-0.997,0.504,-0.149,-1.068,0
0.981,-1.009,1.065,-0.194,0.409,0.731,-1.25,1.034,1.52,-0.604,0
-0.234,-0.626,-0.743,-0.224,-0.894,-0.277,0.436,-0.251,0.323,-0.153,1
-1.019,1.297,0.734,1.197,1.283,-2.958,0.407,-1.344,0.314,-0.189,1
-0.965,0.77,-0.791,0.85,0.089,-0.466,-0.143,0.107,-0.896,-0.581,1
0.761,2.701,0.448,-0.464,2.158,0.698,-0.513,-1.287,0.528,0.483,1
1.231,-0.459,2.061,-0.551,-0.165,0.636,0.478,0.272,-0.881,0.497,0
-0.349,1.031,-0.744,-1.392,-1.393,0.2,-1.351,0.344,-0.843,0.512,0
-1.532,0.829,-1.687,1.409,1.421,1.075,-0.366,-1.184,1.276,-2.032,0
-0.982,-0.111,0.847,-1.498,-0.873,0.52,-0.287,2.071,1.381,-0.692,0
1.079,0.98,1.243,-2.268,0.305,0.369,0.231,-1.554,2.017,-1.046,0
1.279,-0.052,-0.98,-0.363,1.145,-0.218,0.131,-1.961,-0.814,-0.775,1
-0.277,-1.881,-0.241,-0.388,0.975,1.719,-0.879,-1.119,2.288,-1.436,1
1.058,0.028,0.222,0.675,-0.889,0.623,-2.081,0.075,-0.017,0.971,1
0.392,-0.363,0.554,-0.927,-0.845,-2.041,0.086,-1.521,1.175,-1.178,0
1.479,0.435,1.366,0.423,-1.022,-0.289,-0.2,-0.049,-0.799,1.74,1
0.82,0.324,-0.158,0.391,0.161,0.25,0.655,-0.237,0.147,0.667,1
-1.389,-0.264,0.222,0.867,0.505,-0.32,0.934,-0.013,-0.432,0.508,0
0.592,0.226,-0.082,0.44,-0.34,0.31,-1.777,-1.086,0.787,-0.82,0
0.916,-1.578,-1.114,-0.056,1.408,0.001,0.206,-0.121,-1.259,1.336,1
1.542,-0.281,-0.615,-0.546,-0.861,0.218,-0.298,-0.471,-1.42,1.056,1
0.3,-0.379,-0.049,0.337,-1.921,0.075,0.668,0.42,-1.341,-0.399,0
1.199,2.623,-0.225,-1.187,1.541,-0.182,1.628,0.946,1.648,0.357,1
1.592,0.394,0.188,0.863,0.189,2.007,-0.72,0.483,1.073,1.59,1
-0.97,0.238,-0.196,0.247,1.256,0.264,-0.891,0.009,0.308,-0.182,0
1.287,-0.897,-0.583,-0.736,-2.828,-0.567,-1.093,-1.701,-0.337,0.092,1
0.755,-1.069,0.485,-0.686,0.507,0.327,0.305,-0.087,-0.839,-0.559,1
0.36,-0.742,0.129,0.91,0.589,-1.735,-0.391,-0.018,1.538,0.424,0
-0.602,-0.184,2.188,2.085,0.189,0.705,-0.125,0.682,-0.249,-0.044,0
-0.489,-0.612,1.109,0.163,-1.856,2.227,0.252,-0.115,0.658,0.115,0
0.591,-0.328,0.707,-1.24,0.032,-0.523,2.425,-0.174,-0.524,-0.004,1
0.362,0.293,0.252,1.282,-0.678,-0.284,-1.076,-0.552,1.46,-0.333,0
0.382,0.907,-0.1,-0.123,1.987,1.953,-0.521,-0.621,0.507,0.565,1
1.133,0.826,-0.959,-2.136,1.371,1.316,-0.218,-1.268,-0.582,0.825,1
0.365,-0.082,-0.993,-1.752,-1.97,-0.982,0.256,-0.018,-0.643,-0.545,1
-1.423,-0.132,-0.353,-0.146,0.637,-0.206,1.07,-1.218,-1.331,-1.16,0
1.648,-0.897,0.014,-0.774,2.587,-0.041,-1.633,1.61,2.415,-0.062,1
1.225,0.887,-0.178,-1.215,-0.297,1.427,1.668,-0.172,-0.327,0.178,0
0.344,0.14,-0.954,0.127,0.784,0.153,-1.917,-0.44,0.064,0.143,1
-1.762,0.222,0.251,-1.906,-1.091,1.063,1.54,0.156,1.243,-0.959,0
0.236,-0.967,0.637,1.037,0.055,-0.391,-1.427,-0.893,-0.408,-0.879,1
1.037,0.756,0.667,-1.796,-0.403,-0.599,0.144,0.446,1.121,0.478,1
0.692,-0.681,2.674,0.821,1.099,0.377,0.298,-0.064,0.209,-0.017,1
0.079,-2.144,-0.392,1.079,0.958,0.315,-1.477,-0.086,0.954,-0.573,0
0.873,-0.304,1.562,-1.136,0.891,1.339,-0.708,1.193,0.799,0.572,0
-0.354,-0.741,0.455,-0.231,0.674,-1.214,-1.161,1.932,-0.124,-0.891,0
0.858,0.152,-1.413,-0.386,0.179,-0.982,0.89,-0.68,0.449,-0.81,1
0.641,1.153,1.477,-1.393,1.098,-1.438,-0.266,0.356,-0.438,1.549,1
0.863,-0.28,0.342,-0.955,-0.039,0.11,0.382,2.908,-1.617,0.881,0
-1.433,0.609,-0.866,1.365,-0.306,0.687,-0.619,0.849,-0.352,-1.409,0
-0.145,-0.218,0.803,0.6,-0.265,2.01,-1.441,1.059,-0.47,-0.51,0
-0.652,0.021,0.355,-1.788,-0.58,0.352,-1.383,-0.659,-0.93,0.578,1
-0.574,1.123,-2.127,-0.839,0.116,0.803,0.557,1.009,0.139,1.271,1
-0.278,0.154,1.145,0.109,-1.027,0.724,-1.043,1.678,0.171,-0.913,0
0.318,0.069,0.322,-1.015,0.598,0.005,1.176,-0.339,-2.281,-0.235,0
-0.764,1.957,0.823,-1.928,0.88,-1.653,0.257,2.085,-1.05,1.546,0
0.732,0.058,1.422,1.076,-0.928,0.79,0.297,-0.14,0.502,-0.168,1
1.466,-0.541,0.896,-1.584,-0.643,-2.121,-1.271,1.94,1.179,0.762,0
0.72,0.093,0.365,-0.123,0.735,0.786,-1.249,0.817,1.738,1.193,1
0.32,0.12,-1.102,-0.739,-1.156,-0.308,-0.663,2.001,-0.416,-0.779,0
-0.41,0.317,-0.206,0.977,0.019,-0.23,-0.698,-0.392,-1.007,0.795,0
0.344,1.029,-0.881,2.187,-0.762,0.848,-0.8,1.665,-1.366,-1.598,0
0.265,-0.456,0.22,0.514,-0.966,1.084,-1.445,0.132,0.567,-1.48,1
-1.088,-0.166,0.709,-0.644,0.241,-1.02,1.123,-0.179,-0.45,-0.808,0
0.992,0.044,0.883,2.002,0.779,-0.519,2.281,0.618,0.398,0.841,1
-0.306,0.738,-0.25,-1.661,-1.215,1.07,0.428,-0.166,-0.84,-0.381,0
1.024,-1.554,-0.258,-0.55,0.317,-0.019,1.419,-1.437,2.095,-0.172,1
-3.187,1.134,0.024,0.554,-0.665,-0.619,0.028,0.295,1.396,1.984,0
0.393,-0.001,1.342,-0.462,0.957,-0.881,-2.348,-1.168,-0.889,0.968,1
0.199,-1.643,0.765,0.336,0.536,-0.54,0.785,0.914,-1.246,1.015,1
0.556,0.366,-0.006,1.416,-0.69,0.586,0.742,1.538,0.959,0.071,0
-1.835,-0.376,0.829,0.389,-1.17,0.48,-0.628,0.289,1.127,-0.312,0
0.481,-1.021,-0.191,-0.01,-0.81,-1.512,0.74,0.506,-1.443,-1.392,1
0.056,-0.316,0.617,-0.945,-0.385,0.928,0.542,0.793,0.592,0.1,0
0.074,-0.52,1.563,0.291,-0.107,1.97,0.217,1.151,-2.231,-1.359,0
-0.267,0.216,-1.102,-0.332,0.46,-0.777,0.89,-0.915,0.11,-0.666,1
0.604,0.656,0.069,0.82,-0.729,-0.511,-1.929,0.285,-0.364,-1.373,0
0.975,0.066,-1.483,0.437,-0.341,-0.791,0.107,-0.298,-0.415,-0.118,1
0.811,-0.158,-0.238,0.265,1.07,-1.687,-0.28,0.521,1.56,-1.247,1
-0.023,0.586,0.786,-0.509,-0.525,0.353,-0.24,-0.975,-0.065,-2.2,1
1.29,2.703,1.687,0.427,-2.806,-0.114,-0.497,0.282,-0.747,0.561,0
-0.014,0.566,-0.132,0.254,-0.08,-0.385,0.969,-0.607,1.591,-0.186,0
2.285,-0.928,0.472,0.612,0.71,-0.385,1.023,-1.61,0.256,0.212,1
-1.528,0.042,-0.937,0.125,-0.506,0.483,-1.491,-0.682,0.498,0.096,0
-0.172,-0.911,0.111,0.152,-0.21,0.197,1.288,0.136,-0.391,-0.528,0
-1.102,0.956,-0.404,1.047,1.578,-0.856,0.476,0.285,1.039,-0.881,0
-0.209,-1.173,-0.388,-1.127,1.387,-0.58,-1.095,0.47,0.204,-0.915,1
0.798,0.547,-0.883,-2.077,-0.381,-0.443,0.126,1.382,-2.002,0.826,1
-0.798,-0.92,1.304,-0.29,0.476,0.09,0.987,-0.864,-0.777,0.762,0
-2.421,-1.981,0.6,-1.424,0.423,0.353,1.912,0.561,-1.39,-0.294,0
0.233,-0.757,-1.228,0.638,-1.984,-0.356,-1.763,0.452,-0.368,0.759,0
0.019,-0.916,0.098,-0.698,-2.05,2.333,-0.399,0.637,0.766,-0.367,0
-2.277,-1.018,0.48,0.479,-0.177,0.53,1.765,-0.463,-0.414,0.319,1
-1.164,-0.036,-0.88,-0.471,-0.437,0.342,-0.561,1.177,0.906,0.663,0
0.157,-0.329,0.4,0.922,-0.34,1.111,-0.28,1.408,0.048,1.367,0
-0.707,-1.28,-0.301,0.146,-0.874,0.396,0.248,-1.497,-1.03,-0.402,0
0.457,-0.898,0.585,0.097,1.061,1.175,-0.652,1.521,0.937,-2.353,0
-0.456,0.409,1.47,0.151,0.325,0.689,0.012,1.814,0.749,-0.095,0
0.375,-0.954,-1.474,1.139,1.84,0.599,-0.17,0.907,1.547,-0.594,1
-0.835,-0.811,-0.517,0.741,-0.181,-0.411,0.408,1.267,1.483,1.735,1
-1.099,-0.708,-0.327,-0.237,-2.194,-1.4,0.823,0.874,1.058,-0.153,0
1.76,-2.286,1.536,-0.983,-0.682,-0.337,-0.041,-1.96,0.667,-1.014,1
-1.915,1.253,1.503,-0.586,-0.142,-0.995,-0.334,0.637,1.013,-0.07,0
1.889,0.348,1.961,0.107,1.906,0.741,0.136,1.865,-0.615,-1.56,0
-0.915,-0.021,1.535,-1.866,-0.937,-0.666,0.73,-0.214,-0.917,0.563,0
0.825,1.316,0.011,0.757,-0.834,-0.841,-1.19,0.001,-0.278,-0.554,1
-1.584,-0.037,-0.501,1.813,-0.464,-0.499,-0.228,0.136,1.031,-0.13,0
-1.493,-0.033,-1.621,-0.026,-0.176,1.101,1.529,-2.14,-2.321,1.942,0
0.827,1.133,-1.652,1.509,-0.128,2.392,-1.079,0.814,0.456,2.895,0
2.997,-1.771,-0.871,-1.609,0.619,-0.562,0.51,0.168,1.244,0.073,0
-0.946,0.251,1.872,2.32,0.572,0.745,-0.651,1.054,-0.432,0.208,0
0.375,0.832,0.102,0.781,0.195,0.182,0.772,-1.046,0.174,-0.686,1
-0.7,-0.384,-0.809,-0.492,-0.015,-0.059,-0.419,2.816,1.124,-0.08,0
0.271,0.144,-1.37,-1.354,1.553,0.921,0.327,1.31,-0.272,1.128,1
0.156,-0.285,-1.486,-1.552,0.023,-1.288,-0.151,-0.809,-0.211,-0.085,1
1.159,0.661,-0.368,-1.116,-0.222,0.149,-0.306,-2.165,-1.368,0.054,1
-1.199,0.853,0.733,-0.262,-0.201,0.246,1.261,-1.182,0.118,0.566,0
-0.285,1.988,0.292,1.223,0.249,-0.736,1.18,-1.603,-1.077,-0.231,0
-0.549,-1.209,0.783,0.677,-1.94,-0.832,-0.026,-1.151,-1.546,-1.743,0
0.149,-0.951,-1.014,-1.07,-2.598,-0.089,0.288,-0.005,0.042,0.656,0
0.394,-0.7,0.111,-0.944,1.716,0.359,-0.578,0.346,1.104,0.435,1
0.434,-1.934,-0.066,0.779,1.055,0.427,0.444,-0.398,0.126,-1.69,0
0.369,-2.143,0.971,-0.503,-1.432,0.199,-0.727,-0.792,-1.75,-1.472,1
-0.053,-0.134,-0.958,0.077,1.447,0.141,1.301,-1.054,-0.414,0.866,1
-0.11,-0.24,-0.073,1.867,0.305,1.141,-1.656,-0.429,0.127,-0.817,1
0.731,-0.931,0.536,1.02,0.222,1.108,-0.679,1.031,2.307,0.313,1
0.712,-0.841,0.911,-0.067,0.538,-1.032,-0.51,-1.188,-1.371,1.202,1
-0.93,1.411,0.058,-0.518,1.879,-1.976,-0.521,-0.773,0.174,1.409,1
-2.374,-0.713,-0.922,-0.368,-1.051,0.275,-1.524,-0.15,-0.325,0.502,0
0.944,-0.751,-2.26,1.037,-0.114,-1.556,0.321,-1.043,-0.17,-0.656,1
0.901,-0.012,-0.326,-1.952,-0.848,-0.089,0.465,0.627,-0.082,2.165,0
-2.407,1.446,1.179,-0.173,1.163,0.469,-0.245,-0.738,-0.227,-1.777,0
0.007,1.007,-0.877,0.746,0.52,0.7,0.488,-1.256,-0.822,1.078,0
-0.05,0.365,1.597,-1.277,-0.828,-0.009,-1.651,-0.791,0.51,-2.674,1
-0.254,2.032,-0.029,0.095,0.079,-0.2,0.176,-0.288,-1.011,-0.147,1
-0.247,-0.028,0.227,1.664,-0.489,-0.02,-0.59,-0.546,-0.543,1.625,1
-0.454,0.175,-0.557,-0.102,1.493,1.435,-0.505,1.655,0.924,-0.697,0
-1.162,1.216,-1.026,1.605,0.585,-0.42,0.754,0.463,1.253,0.052,1
1.383,-1.395,-0.754,1.292,0.098,-0.265,0.732,0.283,0.672,0.353,0
1.071,0.286,0.359,-1.023,0.526,-0.775,-1.592,1.589,-0.755,0.83,1
0.221,-0.028,-0.774,-0.644,-1.918,-2.551,0.368,-0.678,-1.425,-1.844,0
0.506,-1.094,-1.117,-0.658,-1.747,-3.225,-1.335,-1.605,-1.543,-0.922,1
0.442,-1.034,-0.732,-2.482,0.772,-0.124,0.467,-0.391,0.438,-0.391,0
1.036,-0.683,1.48,1.54,1.026,-2.017,-0.308,1.09,-0.196,-0.535,1
-0.502,0.245,0.514,0.001,-1.903,1.647,-0.576,-0.507,-0.711,1.91,0
-0.656,2.478,-1.15,1.025,-2.032,-1.691,-0.686,-0.123,1.376,-0.078,0
1.168,-0.668,-1.164,-0.34,-0.249,-0.499,1.377,-1.059,0.828,1.036,1
0.261,-0.569,0.749,-1.26,1.417,1.605,-0.855,1.076,0.371,0.239,0
1.963,0.861,-0.234,-0.633,-0.289,-1.119,0.755,-0.729,-0.742,-0.542,1
0.446,-1.428,1.628,2.154,-0.342,-1.36,1.196,-0.12,0.365,-0.879,1
-1.559,-0.289,0.464,1.187,0.64,-1.137,0.092,0.514,-1.249,-0.682,0
-0.284,-0.215,0.318,-0.345,0.387,0.453,2.004,0.193,1.172,-0.044,1
0.629,1.072,-0.972,-1.729,-1.762,1.443,0.647,-1.277,0.812,-1.518,0
0.873,-2.058,-1.83,-0.147,1.274,0.26,0.577,-0.831,0.808,-0.093,1
-1.507,0.552,-1.737,-0.402,0.532,-0.169,0.014,1.261,-0.186,-0.129,1
-0.76,0.395,0.987,0.057,1.137,2.203,-1.24,-0.365,-0.746,-1.597,0
1.753,2.076,-0.053,-1.738,-0.353,-2.608,0.185,1.532,-0.498,1.578,1
-0.529,1.076,-1.317,-1.126,-1.301,-0.185,0.567,-0.768,-0.029,-0.346,0
0.227,0.007,1.288,0.203,1.108,0.312,0.998,1.463,-1.13,0.4,0
3.049,-1.233,-0.053,1.33,-0.229,-0.128,-0.318,-0.004,-0.322,0.531,1
2.574,1.136,0.129,-0.497,0.334,-0.051,-1.475,1.764,1.359,-0.026,1
-0.201,-1.161,-0.081,-0.479,-0.66,-0.012,0.723,-0.726,-1.035,0.648,0
-0.57,0.022,0.791,-1.008,1.969,0.109,-2.443,0.9,0.258,-0.594,0
0.681,0.251,0.598,1.604,1.029,1.61,-1.25,-0.84,-1.032,0.13,1
-0.737,0.078,1.342,0.232,2.246,-0.455,0.72,1.036,-0.626,0.727,0
0.23,-1.043,-0.491,0.6,0.834,-2.206,-0.057,-0.998,0.797,0.11,1
-1.038,0.97,-0.074,0.614,0.407,-1.761,-0.656,0.561,1.49,-0.045,1
0.04,0.066,-0.42,-0.005,0.845,0.783,0.056,-0.82,0.082,0.214,1
-0.694,-1.308,-0.678,0.389,0.152,0.281,0.625,-0.216,0.367,0.946,1
0.698,0.12,-0.161,-0.013,0.536,0.626,0.355,1.05,-0.181,0.262,0
-1.458,-0.073,0.01,0.048,2.275,0.86,0.358,-1.365,-0.103,0.935,0
-1.316,0.55,-0.441,-1.121,0.461,0.976,-0.962,0.253,-0.215,0.451,0
-0.611,-1.197,0.938,0.035,-0.134,-0.24,-1.154,-0.04,0.042,1.314,1
-0.094,-1.666,-2.273,-0.042,0.203,-0.675,0.251,1.024,-0.54,0.475,0
-0.524,-0.081,0.417,-1.823,0.438,-2.44,0.88,-0.56,0.709,1.289,1
-0.281,1.602,-0.034,0.914,-0.596,-0.623,-0.497,-0.376,0.39,0.236,0
-0.176,-0.8,1.083,-0.004,0.4,-0.825,-1.734,0.623,-1.344,1.515,1
0.613,1.393,-1.732,-0.561,-0.945,0.814,-1.457,-0.409,0.619,-0.013,1
2.125,-0.994,0.55,-0.329,-0.719,-0.708,-2.405,-0.617,1.377,0.613,1
-1.379,-1.877,-0.391,0.556,1.515,0.392,0.585,-1.404,0.581,-0.13,0
1.003,-1.567,-0.958,0.183,0.077,0.954,-0.012,-2.002,1.519,0.761,1
-0.68,-1.605,-0.452,-0.327,2.317,0.055,1.872,0.178,-0.411,0.197,0
0.531,0.262,2.366,-0.964,0.435,1.217,1.591,-1.305,0.129,-0.314,0
0.486,-0.358,-0.133,0.989,0.907,0.781,0.669,0.909,0.839,0.395,1
0.116,1.448,-0.645,0.231,-0.121,-1.388,-0.115,-0.543,0.132,1.164,1
-0.121,-0.485,1.025,0.106,1.422,0.2,-0.234,0.53,0.276,0.709,1
-0.784,0.048,-1.742,0.65,-0.085,0.062,-0.078,0.792,1.019,0.229,0
1.232,-2.346,-0.196,-1.242,-0.275,-0.105,0.443,1.854,-2.45,-0.129,1
1.395,-1.566,0.69,-1.763,-1.044,-0.335,0.364,0.926,0.769,-0.588,1
0.708,-1.462,-0.033,0.708,-0.442,1.39,-1.98,0.54,-0.529,0.281,1
1.066,1.654,-0.013,-0.023,0.202,-0.925,-0.363,-0.663,0.892,-0.272,1
0.931,-0.995,-0.993,0.06,1.713,-0.218,-1.054,0.954,0.852,1.134,1
0.448,1.141,0.356,-2.723,0.001,-0.404,-0.44,0.962,-1.926,0.168,0
-1.46,-1.014,0.197,1.834,-2.854,0.551,-0.398,-0.051,0.371,0.494,0
1.915,-0.191,1.664,0.707,-0.606,0.222,0.422,-1.41,-0.002,0.671,1
0.309,0.14,1.11,0.331,1.542,0.161,-0.073,-1.016,-1.725,-2.957,1
0.229,-0.803,0.8,-0.713,0.594,-0.962,0.377,-1.122,1.131,1.444,0
0.277,-0.631,-0.453,0.984,-0.33,0.659,1.743,2.655,-0.021,-0.586,0
0.916,0.263,-0.802,-0.719,1.789,0.755,-0.89,-0.724,0.891,0.19,0
-0.322,0.823,1.668,-1.023,-1.469,1.188,-0.115,0.391,0.778,0.505,0
-0.036,0.775,0.275,-0.901,1.133,-0.095,-1.142,-0.507,0.977,0.826,0
0.208,-0.725,-1.534,-0.81,-0.031,-0.964,0.594,1.03,-0.434,1.745,0
1.142,-0.834,-2.209,1.866,0.26,-1.674,0.113,-1.206,0.342,0.551,1
0.497,-1.399,-1.592,-0.171,-0.121,0.18,1.372,0.028,0.74,-1.47,1
0.562,1.015,-1.006,-0.477,-0.831,1.558,0.168,-0.32,0.861,0.202,0
0.758,1.128,-0.228,1.639,-1.526,-0.031,1.154,-0.144,-0.114,0.463,0
1.204,-1.032,0.255,-0.204,-0.629,1.573,0.393,1.206,-1.295,-0.45,1
0.066,-0.774,0.297,0.084,-0.247,0.538,-2.332,-0.623,0.535,-0.616,0
-0.363,0.345,0.327,2.819,0.072,0.489,-1.06,-0.507,1.129,-0.605,0
-0.127,-2.529,0.813,0.139,0.151,-0.649,-1.458,1.001,-0.812,-0.567,0
1.83,-0.406,1.426,-0.553,0.407,0.679,2.294,-2.027,2.072,-1.85,0
1.166,1.323,1.059,1.102,-1.395,0.798,-0.141,0.703,0.373,-0.291,0
-0.326,-1.172,0.095,-0.285,0.051,-1.118,-2.461,0.087,1.169,-0.157,1
0.409,-0.497,-1.399,-1.964,0.9,-1.415,-2.203,-0.469,-0.487,-1.848,1
0.837,-0.283,1.307,-2.759,0.897,1.204,-0.856,-0.557,1.154,1.244,1
0.137,-1.454,0.157,-0.137,1.924,-0.321,1.278,-0.39,0.112,-0.285,0
0.6,-1.663,-0.352,-1.426,0.738,0.893,0.621,0.671,-1.488,-0.795,1
-2.564,0.266,-0.728,0.202,1.04,-1.688,-0.489,0.26,-0.668,0.288,0
-0.687,-0.867,1.273,2.107,0.19,0.541,-0.735,1.061,-0.918,-0.259,0
1.181,1.965,-0.158,-0.44,0.804,-0.291,-1.47,-1.397,-1.158,-0.145,1
-0.909,0.508,0.614,-0.78,-0.385,0.884,0.085,-1.513,-0.058,1.096,1
1.092,2.032,0.504,-0.327,0.363,-0.634,-0.228,-0.024,0.902,-0.359,0
1.549,0.399,0.579,0.68,-0.296,0.268,0.833,0.495,-0.662,-0.522,1
-2.015,-0.468,-1.116,1.711,0.938,0.651,0.681,0.773,1.433,0.671,0
1.029,-0.468,-1.644,-1.263,-0.719,-0.391,0.984,0.298,-0.762,-0.142,0
-0.714,-0.745,1.032,-0.073,0.323,-0.132,0.774,0.58,0.444,-0.492,0
-0.411,-2.078,-1.374,-0.794,-0.271,-0.972,-1.16,-1.447,0.144,0.284,1
0.751,1.951,-0.59,0.521,-0.317,1.097,0.91,-0.966,-0.777,0.714,1
-0.932,0.452,0.138,-1.032,-0.17,0.555,-0.497,0.504,0.68,0.84,0
1.22,-0.416,-0.895,0.069,-1.455,1.252,0.429,1.272,-0.027,-0.692,0
0.156,0.145,0.176,0.244,-0.9,0.745,0.686,1.051,-0.276,0.127,0
-0.53,0.781,-1.048,1.237,-0.016,-1.098,0.943,-1.583,-0.75,0.137,1
-1.18,-0.33,0.122,-1.302,0.469,0.526,-0.882,-0.9,-1.19,-1.318,0
-0.929,-0.562,1.209,1.178,-1.558,0.363,-1.837,1.394,0.417,-0.689,0
0.006,-0.981,-2.171,-1.446,-1.875,0.501,-2.469,-1.554,0.706,-0.495,1
-1.133,-0.318,-0.668,0.983,2.778,1.287,0.594,0.529,0.731,-0.3,1
0.49,-0.748,-1.537,0.743,-0.255,0.706,-0.243,0.993,1.239,-1.455,0
1.648,-0.884,0.568,0.934,0.272,1.037,-0.05,0.192,0.424,-0.493,1
-0.423,-0.766,-0.624,-0.19,-1.241,-1.629,0.042,-0.417,-0.348,2.229,1
-1.279,0.831,-0.042,-0.483,0.546,-0.237,2.453,0.782,-0.67,0.466,0
-1.279,1.309,-0.616,-0.381,-0.654,0.041,0.921,-1.289,-1.146,-0.678,0
-0.862,-0.151,-0.134,-0.696,-1.093,0.838,-0.117,-0.056,1.019,-1.805,0
2.541,1.725,0.023,-0.6,-0.875,-0.436,-1.315,-0.04,-0.014,0.063,1
0.307,0.118,0.763,0.555,1.797,0.371,-0.926,0.106,-2.468,0.675,1
-0.881,-1.145,-1.655,0.46,0.256,0.043,-1.818,-0.729,-0.433,0.663,1
-0.962,-0.379,-1.171,0.948,0.542,0.811,0.148,0.907,1.846,0.736,0
1.399,-0.077,0.961,1.593,0.059,0.563,2.491,-1.194,-0.383,0.328,0
1.015,-0.087,1.309,0.912,-0.669,-0.661,-1.401,0.031,-0.897,1.723,0
1.839,0.224,-1.209,-0.424,0.298,-0.835,0.294,-0.899,-0.64,0.266,1
-0.836,-0.046,-0.977,-0.039,-0.948,0.353,-0.498,-0.286,0.501,-0.003,0
0.786,0.713,-0.683,-1.884,-1.127,-0.68,0.498,-1.292,-0.415,1.245,0
-0.765,0.308,0.66,0.942,1.215,-0.966,0.763,1.336,-0.091,-0.424,0
-1.106,0.955,2.002,-0.255,0.077,0.286,0.739,0.797,0.427,-0.453,1
1.044,-0.173,0.203,-1.507,0.303,0.036,0.721,-0.356,-1.535,-0.503,1
-0.183,1.597,0.021,-0.738,-1.296,-0.821,-2.563,0.548,-0.606,1.346,1
-0.025,-0.116,-1.272,-0.916,0.607,-1.672,-0.381,-1.506,0.167,1.998,0
-1.61,0.535,-0.388,-0.256,0.386,-0.784,0.502,-0.049,-0.409,0.56,0
1.958,-0.327,0.217,-2.206,1.811,-0.513,-0.336,0.99,-0.274,0.282,1
-0.43,-0.517,0.214,0.475,-1.991,0.753,0.989,-0.574,1.588,-2.08,0
1.468,1.945,0.584,-0.118,0.048,-0.423,0.65,-0.792,-0.881,-1.387,1
0.253,-1.012,0.392,-0.32,0.295,0.801,0.557,-0.823,-2.187,1.367,0
-0.268,-1.057,1.138,-1.804,-0.32,0.389,1.193,0.968,0.419,-0.018,0
0.899,0.505,0.919,-0.148,-1.691,0.566,-0.037,0.29,0.237,0.362,0
0.69,-0.585,0.0,-0.966,-0.574,-0.247,-0.925,-0.238,1.775,-2.277,1
-1.517,-2.385,-0.443,0.455,0.375,-0.791,-1.669,-0.094,0.766,1.39,1
-0.181,0.838,0.072,0.412,-0.07,-1.536,1.257,-1.109,0.424,0.105,1
-0.847,-2.157,-0.064,-0.969,0.325,0.913,0.632,0.991,1.194,1.825,1
-1.013,0.751,-1.069,-0.183,-0.422,0.061,0.688,1.958,0.084,-1.311,0
-0.322,0.693,-1.034,1.251,-0.484,0.942,-0.355,2.101,-0.129,1.428,0
-0.829,0.862,2.008,-0.572,-0.25,-1.059,1.841,-1.709,-2.432,-1.095,0
0.51,-0.856,-1.364,-1.75,0.251,0.375,0.135,-1.296,2.08,-0.61,1
-0.941,-1.071,0.979,-1.381,-1.824,-1.737,-0.353,1.754,-0.196,-1.241,0
0.821,-0.43,-0.171,0.055,2.212,-0.723,-0.149,0.742,0.941,-0.075,1
1.395,0.005,-0.003,-0.183,1.181,0.865,-1.434,1.06,-0.119,-0.347,1
1.038,0.434,-1.056,-0.568,0.247,2.572,-0.117,-1.506,-0.687,-0.756,1
-0.614,0.657,-0.011,-0.754,-1.188,-1.253,0.881,-1.359,-0.211,0.298,0
-0.001,-1.006,0.81,1.813,-0.723,-0.759,-0.668,-1.061,-2.172,0.873,1
-1.534,-0.893,0.838,1.324,-1.065,1.245,-0.015,1.014,0.059,1.326,0
-0.747,0.647,-1.617,-0.239,0.989,0.381,-0.878,-0.147,-0.323,-0.45,1
0.061,-2.514,0.164,-0.272,-0.497,0.563,1.729,-0.64,1.857,0.061,1
-0.687,1.202,-0.006,-1.536,-1.098,1.524,-1.298,0.405,-0.544,0.658,1
-0.383,0.691,1.058,-0.252,0.056,-0.219,0.086,-1.238,-1.008,0.848,0
0.021,-1.08,-1.271,0.343,-0.639,-0.19,2.262,-2.182,1.785,0.996,1
1.56,-1.245,-1.054,-0.796,-1.046,-0.27,1.681,0.312,0.865,0.161,1
1.257,0.91,1.215,-0.815,0.838,0.36,0.17,-0.877,0.243,1.09,1
-0.924,-0.309,1.339,1.569,0.913,-0.256,-0.36,-0.283,0.54,0.459,1
2.59,0.134,0.136,-0.897,-0.402,-0.537,1.008,-0.046,0.669,0.206,1
0.133,1.09,-0.428,0.54,2.311,0.706,-1.239,0.016,-0.057,1.261,1
-0.871,0.032,1.093,-0.678,-0.486,1.289,-0.403,-1.415,0.083,-0.757,0
-0.415,0.364,0.992,-1.206,-0.518,-0.517,-2.503,0.075,-0.258,0.819,0
0.288,-0.482,-0.374,0.277,-1.573,1.935,1.391,2.013,1.599,1.217,0
-0.798,-0.619,1.752,-1.2,-0.086,-0.899,-0.272,0.792,-0.478,-0.263,0
-0.562,0.647,1.2,0.304,1.13,-0.765,-1.111,0.491,1.668,-1.352,0
0.537,0.396,-1.037,-2.311,-0.417,0.14,0.608,-0.383,-0.361,1.264,0
0.442,-0.663,-0.298,-0.211,1.318,0.382,0.068,1.714,1.33,1.423,1
-1.299,1.402,-0.913,-0.216,-0.394,1.442,0.206,-0.193,-0.117,0.899,0
-1.86,-0.206,1.027,1.966,0.519,1.969,0.185,0.751,-0.039,-0.163,0
0.854,1.607,-1.226,0.333,-0.756,0.899,-1.223,-0.856,1.204,1.617,1
-1.43,-1.191,-0.52,-0.723,0.679,0.113,-0.536,-0.229,-0.929,0.696,1
-0.656,-0.08,-0.117,-1.02,0.334,-1.18,-0.85,1.219,0.358,1.225,1
0.729,0.223,0.127,0.775,-1.709,-1.012,-0.091,-1.557,0.931,1.145,1
-1.643,-0.676,-0.561,-0.974,0.013,0.181,-0.182,1.058,-0.565,1.845,0
-0.727,-1.029,0.238,0.211,-0.794,0.384,-0.269,-0.631,-0.924,2.173,0
-1.642,-0.782,-0.837,-0.847,0.244,-0.554,0.671,-0.438,0.365,0.535,0
0.361,-0.21,1.35,1.066,-0.869,1.234,0.82,-0.038,-0.286,-0.329,0
1.096,-0.738,0.547,1.124,-0.697,0.231,-0.444,0.841,-0.029,-0.592,0
-0.732,-0.202,0.228,-0.963,-0.66,-0.716,0.942,1.173,-0.309,-1.427,0
-1.579,0.697,0.648,0.581,-0.375,-0.628,0.711,-0.71,0.362,-0.493,0
0.994,-1.84,0.512,0.428,-0.669,0.521,-1.174,0.912,-1.023,-2.87,0
-1.433,0.772,0.335,0.779,-0.262,0.148,-0.628,-0.275,0.542,0.125,1
-1.136,-0.191,2.389,1.218,-0.135,0.169,-0.99,0.436,0.446,0.452,1
0.86,-0.431,-0.632,0.559,-0.559,-1.651,0.355,-1.063,1.768,-0.252,1
0.687,0.312,0.955,-0.729,-2.544,1.12,-1.341,0.812,-0.92,-2.164,0
-1.143,-0.84,0.001,-1.073,1.148,-0.594,0.985,1.202,0.133,1.609,1
1.397,-0.544,0.479,-1.316,-0.384,0.516,1.006,-0.115,0.452,0.32,1
-0.987,1.639,-0.666,0.784,-2.725,1.106,-0.487,0.021,-1.481,-1.651,0
-1.118,1.036,1.188,0.163,-0.994,0.756,-1.479,-0.261,0.061,0.493,1
0.742,0.042,0.115,-1.602,0.384,-1.184,-0.812,-0.185,-0.225,-0.851,1
0.191,0.656,0.778,0.912,-2.354,-1.261,1.158,-1.853,1.08,-0.374,0
0.335,2.199,0.141,0.129,1.03,-0.281,-1.241,-0.638,1.033,0.09,1
0.025,1.02,-0.054,2.087,-0.199,0.041,-0.822,0.036,1.615,-1.463,0
-0.762,-2.039,-0.289,0.029,0.279,1.644,-1.102,0.444,0.376,0.563,0
-0.931,-1.6,-2.381,-0.018,1.085,0.342,1.312,0.29,1.324,-0.506,1
0.574,0.995,-1.885,0.883,0.373,0.931,1.267,1.296,-0.388,1.107,1
0.036,-0.113,0.114,0.775,0.978,-0.628,-0.284,1.741,-0.681,-0.284,0
-1.781,0.407,-1.148,-0.107,0.167,-0.426,-0.424,1.097,-2.093,0.627,1
0.658,0.884,1.848,0.144,-2.0,-0.243,-0.329,0.792,-0.235,0.235,0
0.629,1.79,0.525,0.764,0.554,-0.428,0.228,-0.861,0.534,-0.35,1
-0.134,1.552,-0.973,1.842,0.087,0.204,0.157,1.428,0.671,-0.738,0
0.097,1.309,-0.997,-0.452,-0.57,-0.09,-0.512,0.528,1.352,0.493,0
-0.53,-1.186,0.331,1.661,0.945,0.725,-0.042,-0.771,-0.465,-0.328,0
1.433,1.763,0.914,-2.242,0.1,0.306,-0.598,0.904,0.488,0.338,0
-0.225,-0.665,0.304,-1.435,-0.512,-2.458,0.615,-0.298,-0.778,-0.657,0
0.343,-0.794,-0.433,-0.177,-0.179,-1.269,-0.254,-0.598,-1.906,-0.294,0
-0.03,1.309,0.131,-0.936,0.602,1.376,0.749,1.615,1.923,0.674,1
-2.518,0.295,-0.108,0.247,0.456,-1.34,0.593,0.292,0.45,-0.091,0
1.383,1.21,-1.141,-0.286,1.711,0.826,-0.056,-0.367,-0.434,0.873,1
-0.626,0.132,1.636,-0.038,1.282,1.518,-1.273,0.895,-2.311,1.178,0
-0.436,-0.036,-0.431,1.97,0.467,0.154,0.917,-0.325,-1.09,-0.142,0
2.143,-0.637,0.307,-1.169,-0.251,-1.958,1.716,-0.8,0.749,0.713,1
-0.787,0.976,-0.499,-1.382,1.104,0.644,-0.6,1.176,0.929,-0.115,0
-0.494,-0.637,-0.878,0.045,1.459,1.02,-0.117,-0.364,0.508,-0.264,1
0.738,-0.24,-0.805,-0.545,1.744,-2.322,-0.598,0.751,-0.416,0.095,1
0.64,1.375,-1.615,-0.966,0.373,-1.713,-0.762,-0.912,-1.418,-0.708,1
0.68,-0.452,0.606,2.052,-0.738,0.488,-0.654,-0.01,-0.173,-1.22,0
-0.207,0.011,0.938,-1.625,-2.312,-0.321,0.783,0.243,-0.37,-0.956,1
0.216,1.207,0.72,0.837,0.733,0.302,0.512,-0.143,0.383,0.099,0
1.456,-0.014,-0.355,-0.527,-0.354,-0.141,1.296,-0.98,1.571,0.168,1
0.345,0.88,-0.687,-0.292,0.46,-0.034,0.888,-0.686,-0.694,-1.05,1
0.509,0.937,-0.67,0.385,1.12,-0.66,-1.049,2.287,1.461,0.989,1
-1.263,-1.615,-0.154,-0.917,-0.056,-1.618,-0.299,-0.236,0.087,0.586,0
0.333,0.236,0.346,-1.651,0.895,-1.39,2.448,1.763,-1.608,-0.024,1
-1.189,0.677,1.45,1.074,0.959,-0.265,0.676,1.547,-1.442,0.586,0
-0.268,0.4,-0.596,-0.623,1.314,-1.601,0.075,0.465,-0.247,-0.426,1
0.698,-0.75,-0.104,-0.383,0.102,1.744,1.205,-1.596,-0.212,-1.436,0
0.293,-1.863,0.441,-0.514,0.438,-1.688,1.205,-0.006,0.022,-1.542,0
-0.86,0.873,1.461,0.92,-1.0,-0.079,0.225,-1.804,0.204,-1.243,0
1.493,-0.42,0.789,0.041,0.274,0.991,1.02,-0.666,0.14,0.961,1
-0.736,0.055,-0.571,0.27,0.827,-0.328,-0.795,-1.021,0.582,0.753,1
1.736,-0.5,-1.171,0.144,0.99,1.092,-0.21,-1.276,-0.973,0.369,1
-0.094,-0.205,0.039,-0.004,0.331,0.52,-0.888,-0.973,-0.841,0.756,1
0.026,0.874,0.697,-2.571,0.306,-1.484,0.878,0.143,0.23,0.022,1
-1.281,0.751,0.704,-2.555,0.556,0.322,-0.523,-0.825,-1.145,0.521,0
0.171,-0.508,-1.63,1.041,1.413,0.309,0.891,-0.806,0.529,0.599,1
0.683,0.511,1.173,0.253,-0.796,-1.615,-0.032,0.864,-0.641,0.392,0
1.581,0.145,-0.982,0.033,-1.131,0.382,0.103,0.495,-0.919,0.856,0
0.22,-2.135,-0.137,-1.12,0.516,0.942,-0.152,-1.152,-0.735,-0.124,0
1.056,2.102,-1.587,0.25,0.85,-1.028,-0.591,2.946,2.03,0.555,1
0.179,-0.798,0.308,-0.62,-1.199,-0.86,0.494,-1.232,0.72,-0.007,1
0.611,1.445,-0.169,-0.996,-0.409,-0.041,1.358,1.404,-0.9,-0.528,1
1.261,-0.538,-0.757,-0.006,-1.329,-0.378,-2.011,0.457,-0.007,0.096,0
-1.422,-2.09,-0.141,-0.279,0.59,-0.143,-0.684,0.706,0.347,-2.822,0
0.264,-0.11,0.016,-0.041,0.202,1.448,0.285,0.731,-2.948,-0.292,0
1.599,2.783,0.898,-1.066,1.257,0.401,0.832,-0.125,0.82,1.201,1
-1.95,0.491,-0.367,0.472,-0.601,-1.387,0.272,-0.319,0.266,0.514,0
-0.888,-0.247,-1.193,0.253,-0.108,-0.524,-1.14,0.377,-0.121,0.068,1
-2.918,2.453,-0.665,-0.066,0.387,1.359,0.24,-1.211,-0.008,0.274,0
0.543,-0.93,-0.58,-0.209,-1.918,-0.634,-0.975,0.167,-0.275,-0.565,1
-2.241,0.703,1.326,-0.128,1.248,-0.27,0.082,-0.637,0.364,0.169,0
-0.184,-0.458,-1.56,0.921,-1.376,-0.394,1.732,0.994,-0.215,1.576,0
0.042,-0.526,-0.041,0.291,0.457,-1.376,-1.21,-0.784,0.562,-0.554,1
0.894,-1.333,-0.779,0.19,0.421,1.031,0.052,0.826,0.458,-0.668,0
0.144,-0.299,-0.161,-0.709,0.619,-1.902,-1.33,0.933,-1.008,1.37,1
-0.221,1.499,0.685,-0.307,0.098,0.654,-1.038,0.929,-3.482,0.476,1
1.327,0.463,0.427,1.23,0.117,-0.55,0.327,1.447,-0.312,1.232,0
-0.132,-0.735,-0.241,-0.536,-0.308,-1.256,-0.291,0.241,1.665,0.238,1
0.28,-0.325,1.637,-1.296,-0.043,1.895,0.413,0.642,-1.294,-0.21,0
-0.901,1.729,1.209,-0.775,0.396,1.773,-1.733,0.635,-0.484,-0.442,0
-0.932,-0.67,-0.207,-0.597,-1.388,0.586,-0.031,-0.437,0.839,-0.239,0
-1.501,1.243,-1.772,-1.024,0.719,-1.563,-0.47,-1.307,-1.265,0.785,0
-0.728,1.322,0.281,0.279,0.457,-0.587,-0.321,0.955,0.311,-1.897,0
-0.703,-0.168,-1.113,0.754,0.548,-0.771,-1.05,0.128,-1.075,-0.899,1
0.691,1.442,0.52,-0.18,-0.037,-1.171,-0.68,-0.853,0.609,0.293,1
-1.7,-0.192,0.685,-0.407,0.278,1.185,-0.651,3.038,1.007,-0.552,0
-0.737,0.8,-0.166,1.307,-1.528,0.357,0.36,1.135,-1.747,1.25,0
-0.259,-0.062,0.453,0.777,-1.69,-1.718,1.173,2.043,-0.227,-0.407,0
-0.931,-0.546,0.041,-0.623,-0.74,0.932,-0.888,-0.646,1.094,0.087,0
0.247,-0.698,-0.303,-0.439,-1.358,-0.492,-0.876,0.856,0.595,-0.382,1
0.385,-0.124,1.178,0.306,-0.497,1.001,1.908,-1.089,-0.169,0.658,1
0.362,0.679,0.98,-0.352,2.507,-0.262,-0.212,-1.092,0.095,-1.363,1
0.219,0.141,-0.345,-0.948,2.211,0.167,-0.969,-0.412,-0.177,-0.094,1
0.081,0.275,-0.298,1.645,1.412,0.409,-0.023,0.339,0.011,0.692,1
-1.001,-0.849,2.24,0.488,-0.944,0.647,-0.077,0.257,-0.286,0.827,0
-0.327,0.355,1.293,-0.167,0.252,1.475,-0.671,-0.233,1.89,1.264,1
-0.698,-0.542,-0.338,0.169,-0.321,-2.189,1.042,-1.332,-0.671,1.391,1
-0.512,-0.604,0.589,-0.235,0.307,0.131,0.116,0.284,-0.878,-0.433,0
0.778,0.771,3.371,0.232,-0.36,-0.754,0.562,-0.578,1.884,0.382,1
0.027,0.694,-0.872,1.082,0.968,2.167,-0.806,0.052,1.208,-0.576,0
-0.278,0.585,0.103,1.19,0.859,-1.277,-0.36,-1.111,1.253,0.534,1
-1.058,-0.061,-0.424,-0.13,-0.665,0.159,-2.086,-0.348,0.175,-0.225,1
1.503,-0.014,0.122,-0.452,-0.385,0.448,-0.009,-0.281,-1.139,0.912,0
0.699,0.362,-0.617,0.589,1.334,-0.238,0.045,0.108,-0.641,-0.448,1
0.435,1.559,0.195,-0.098,0.237,-0.534,-0.631,-1.253,-1.226,0.883,1
1.453,-0.721,2.267,0.88,0.644,-0.731,0.433,-1.35,1.059,1.521,1
0.801,-0.974,-0.346,2.455,0.138,-1.674,0.026,0.323,-0.985,0.917,0
0.931,-1.944,0.756,1.056,-1.082,0.134,-1.487,-0.512,1.123,0.001,1
-0.77,0.702,0.194,0.177,1.089,0.162,-1.173,-0.585,0.296,1.085,1
0.004,0.89,-0.138,0.392,0.093,1.038,-0.441,0.874,-0.425,-0.409,0
1.026,1.109,0.299,0.595,1.978,0.083,2.238,0.085,1.772,0.853,1
0.017,-0.365,-0.433,0.35,-2.398,-1.097,0.569,-1.794,-1.165,-0.433,0
-1.0,-1.218,0.944,0.525,-1.296,-0.944,0.274,0.907,-1.38,0.181,0
0.164,1.046,-0.882,-1.429,-0.357,0.194,0.207,1.868,0.094,-0.668,0
-0.036,1.056,-1.003,2.202,-0.353,0.212,1.655,0.518,-0.922,0.835,0
0.384,-0.764,-1.784,-0.575,0.372,-0.361,-0.24,1.012,-0.775,-0.225,0
-0.835,-0.246,-1.233,0.996,-0.595,0.284,1.219,0.527,-0.515,0.052,0
0.408,0.257,-0.041,0.179,-2.091,-0.432,0.754,-1.777,0.06,0.118,1
-0.304,-0.344,-1.472,-0.199,2.083,0.141,-0.722,-1.195,0.033,-0.699,1
-0.368,-1.197,0.652,0.124,1.984,-0.379,-1.282,-1.14,-0.513,1.082,1
1.402,-1.36,0.272,1.942,0.225,-0.616,0.967,1.65,1.136,-1.097,0
0.177,-0.271,0.373,0.795,0.228,-0.259,-1.144,-0.893,-0.514,0.413,0
-0.219,-0.963,-0.846,-0.837,-0.042,1.757,0.036,-0.636,-0.434,-0.0,0
0.05,0.554,-0.125,-0.434,-0.251,-0.018,-0.59,-0.382,-0.215,0.053,0
-0.593,-1.814,-1.438,-0.597,-1.145,-0.394,1.269,-2.16,1.699,-0.652,0
1.225,-0.378,-0.79,0.294,-0.07,-0.157,0.71,0.868,1.642,-0.771,0
1.574,-0.593,-0.258,-0.801,1.413,-0.54,0.898,-0.41,0.313,0.796,1
-0.459,1.221,0.731,0.977,1.746,-1.075,-0.095,0.361,0.067,1.838,1
0.378,0.769,1.128,-0.398,-0.46,0.421,-0.358,-0.029,-1.512,-0.36,0
-0.777,-0.974,0.206,-0.895,-0.885,-1.12,-1.331,0.158,0.635,-1.243,0
-0.551,1.021,0.978,-0.013,0.025,0.033,0.756,-0.286,0.079,-0.246,0
1.024,-0.539,-1.569,1.199,0.405,-0.947,1.097,-0.616,-0.924,-1.565,1
0.253,-0.33,0.465,-1.323,1.581,-0.008,0.621,0.3,-0.504,-0.834,1
-1.765,-0.107,-0.285,0.433,-0.023,-1.529,1.562,0.786,0.115,0.462,1
-1.164,-0.483,0.435,-1.941,-1.698,1.158,-0.457,-0.908,0.255,-1.301,1
0.444,0.86,-0.078,-0.456,-0.584,-1.768,-1.203,1.675,-0.335,-1.961,0
1.28,-0.055,-0.354,-2.164,-0.508,0.337,-0.149,0.261,0.95,0.648,0
1.424,0.204,0.016,0.717,0.917,-0.6,0.68,1.155,-0.773,0.4,1
0.662,-2.787,0.478,-1.705,-1.405,-0.286,1.304,0.721,1.469,-1.116,0
-1.026,-1.645,-1.328,-0.371,0.134,-0.44,-0.15,0.172,2.072,0.567,1
-1.364,-1.019,-0.044,-1.119,-0.726,0.577,1.09,-0.72,-0.654,-0.515,0
-0.652,0.664,1.124,1.618,0.632,0.743,-0.944,0.524,-0.27,0.627,0
0.834,1.627,1.473,-0.493,1.176,-0.277,-0.313,-0.14,-2.027,0.125,1
0.77,-1.243,-1.038,-0.446,1.985,-0.769,0.694,-0.159,-0.799,0.151,1
1.531,-0.166,0.51,1.298,1.126,0.476,0.512,2.194,0.548,1.557,1
-0.009,-0.977,1.208,-0.653,-0.28,-0.563,-0.461,-0.44,-0.356,-0.805,0
0.327,-1.457,1.122,0.83,-0.442,1.71,1.181,-0.662,0.832,1.005,0
0.857,0.156,0.101,0.413,0.239,1.215,-0.677,-2.033,-3.326,0.856,0
-0.117,0.712,-0.72,-0.631,-0.125,1.673,-0.012,1.243,-0.042,-1.525,0
-0.054,1.825,-0.669,-1.063,0.089,0.873,-1.299,0.949,-0.044,-0.273,1
-0.943,2.401,-0.691,2.098,-0.119,1.352,-0.402,1.089,-0.181,-0.089,0
-1.133,-0.271,-0.686,1.605,0.378,0.357,-0.297,0.184,1.724,0.755,1
-1.439,-0.343,0.081,-0.007,-1.435,-0.053,-0.624,-0.325,0.884,-0.003,0
0.682,1.118,-0.884,0.476,0.016,-2.005,-0.915,1.173,-2.145,0.338,1
-0.853,-1.173,0.561,0.385,-0.284,0.13,-0.077,-1.02,-0.92,-0.584,0
0.23,-0.458,-0.108,0.09,-1.068,-0.579,0.934,0.465,0.262,0.896,0
-0.233,0.188,1.105,0.196,-1.832,1.032,0.145,-0.184,-1.212,-0.971,1
0.707,-0.075,1.019,-0.286,-0.099,0.51,1.459,0.532,0.404,-0.658,0
0.404,1.166,-0.316,-0.116,0.671,-1.129,-0.311,-0.333,0.328,-0.939,1
0.293,-0.264,0.039,0.749,0.467,-0.648,0.676,-0.444,0.09,-0.626,1
-0.858,-0.414,-0.685,-0.501,0.563,0.415,1.001,-0.823,0.082,0.174,1
-0.757,-0.038,-0.298,-0.252,-1.034,1.07,-0.845,0.408,0.362,0.748,1
-0.623,1.489,-0.017,0.505,-1.054,-0.206,-1.142,-0.136,-0.986,-0.138,1
0.976,0.687,0.17,0.736,0.529,-0.796,-1.304,0.899,0.188,-0.21,0
1.247,-0.63,-0.62,-0.049,-0.405,0.303,-1.35,-0.915,1.721,-1.015,1
1.025,1.024,1.239,-0.35,-1.647,-0.368,-0.701,-0.598,0.501,-1.248,1
-1.55,-1.283,-2.162,-0.535,0.918,-0.483,1.308,-1.238,-2.53,0.444,1
0.956,0.489,1.697,-1.18,0.31,-0.258,0.133,-0.389,-0.827,-1.277,0
0.159,-0.683,0.806,-1.115,-0.368,0.298,-2.753,-1.75,-1.25,1.262,1
-0.085,0.173,1.241,-2.47,1.057,-0.905,1.284,0.922,1.008,1.298,0
-0.528,0.894,-1.021,0.064,-0.949,-0.051,-0.357,0.899,-0.402,-1.464,0
-0.446,1.157,-1.258,2.957,0.56,-2.119,0.009,-0.197,0.491,0.011,1
-0.487,-0.937,-0.784,0.046,-0.398,-0.567,-2.04,0.209,0.013,1.158,1
-1.917,-0.062,0.334,0.997,0.947,0.739,-0.668,0.285,0.499,-0.621,1
0.387,1.246,0.552,0.427,-1.875,0.186,0.328,-0.678,0.047,1.65,0
0.071,-0.651,-1.076,1.156,-0.492,0.144,-0.044,-0.631,-1.487,-1.295,0
0.795,-0.195,-0.868,0.328,-0.072,-0.012,0.69,-2.753,-0.308,-0.367,1
-0.909,-0.417,-1.396,-0.836,0.326,-1.103,-0.448,-0.285,1.457,1.216,1
0.14,-0.146,-1.356,1.098,2.381,-1.583,0.394,0.361,-0.838,0.32,1
0.444,-1.069,2.156,0.708,-1.257,0.066,0.509,0.99,0.034,0.654,0
0.057,-1.111,-0.714,0.378,0.773,0.332,1.789,-0.675,-0.453,1.325,0
0.599,1.567,-1.036,0.466,-0.029,-0.861,-1.322,0.653,0.853,0.364,0
0.31,0.633,-0.443,1.033,-1.262,1.123,-0.166,0.388,0.736,0.134,0
1.407,1.448,-1.437,-0.894,0.483,-0.312,-0.405,-0.345,-0.04,0.582,1
0.948,-0.261,-1.074,0.824,0.132,-0.926,0.791,-0.122,0.332,-0.261,1
0.8,1.321,0.309,-0.032,-0.427,0.61,0.663,0.249,0.209,-0.19,1
0.149,-0.625,0.157,-0.68,-1.148,-2.264,0.637,0.315,-0.388,-0.79,0
0.716,0.112,0.255,0.444,0.609,0.074,1.282,0.626,-0.315,0.299,0
1.106,0.949,-0.777,-1.18,0.148,-0.413,-0.708,-0.574,-0.273,-0.453,1
-0.157,1.277,-1.362,1.541,-1.333,1.543,0.009,0.583,0.391,-0.131,0
0.662,-0.452,0.836,0.204,0.651,-2.136,-1.903,1.975,1.138,-0.628,0
-2.673,0.103,0.21,-0.516,1.141,0.497,-0.243,1.233,0.97,0.383,0
-3.625,-0.23,-0.999,-2.775,-0.533,-1.605,-0.352,0.656,-0.675,-1.055,0
-0.331,0.369,-0.116,-0.933,1.533,-1.322,-0.936,0.871,0.156,-0.471,1
-0.829,-0.118,0.773,1.834,-1.594,-0.193,1.535,2.566,-2.488,0.06,0
-0.464,2.572,-1.516,-1.438,0.42,0.288,-0.399,1.213,1.866,1.026,1
-0.432,-2.458,-1.259,0.797,-0.521,0.219,1.133,0.632,0.13,-0.45,0
0.305,0.18,-0.944,-0.028,1.019,0.335,1.063,0.971,0.38,-0.372,0
-0.136,-1.706,-1.773,-2.616,-0.396,1.427,0.548,-0.302,0.122,0.389,0
1.607,0.524,-0.59,0.995,1.66,-0.063,1.679,-0.744,1.464,0.361,1
-0.108,1.8,1.649,-0.358,0.202,-1.459,-0.074,0.574,0.382,0.297,0
-0.944,0.553,-1.172,-1.252,0.418,1.432,-1.855,-1.3,-1.702,0.457,1
0.659,-0.663,-1.116,-1.629,-0.926,0.089,-0.368,-0.792,-1.522,0.767,0
-1.017,0.31,-0.735,0.259,-1.314,0.511,-0.685,0.802,-0.282,-1.748,1
1.354,0.087,0.151,1.536,-0.468,-0.969,1.257,1.511,-0.93,-1.127,1
-0.666,-0.985,0.169,1.012,-0.188,-0.682,-0.952,1.255,-0.298,0.294,1
0.516,0.781,1.385,0.669,-1.758,2.039,0.109,1.202,-0.255,-0.312,0
-0.131,0.872,-2.876,-0.237,0.804,0.482,0.593,-1.778,-1.111,-1.355,1
1.739,0.789,0.156,-0.093,0.004,-0.127,0.449,0.3,0.463,-0.024,1
-0.103,1.144,-1.107,0.162,0.724,-0.995,0.596,-0.376,0.887,0.168,0
0.289,0.451,2.022,0.265,2.461,1.711,1.156,-0.561,0.223,0.608,1
2.426,-0.094,-0.091,0.276,-0.294,-1.153,-2.961,-1.169,0.901,-0.291,1
0.344,-1.097,0.737,0.038,-0.544,0.031,1.218,-0.796,0.89,-0.098,0
-1.549,-0.031,-1.797,-0.13,0.706,0.991,-0.45,0.669,0.827,0.401,1
-0.843,-1.825,1.09,0.533,1.379,-0.792,-0.011,0.613,1.077,-1.696,0
0.621,-0.311,-0.067,0.302,-0.756,-0.53,0.475,-0.857,-0.236,-0.373,0
0.169,0.623,-1.467,-1.013,0.224,1.394,-0.332,0.871,-0.049,0.831,0
0.757,-0.531,-0.803,-1.155,2.117,4.146,0.036,1.078,-1.571,0.388,1
0.622,-0.433,0.956,1.382,-1.109,1.065,-0.509,-2.876,0.539,0.514,1
0.161,-0.27,-3.052,-1.088,0.785,-1.271,1.887,-0.923,0.626,1.221,1
1.834,0.426,0.593,-0.336,0.322,-0.434,-2.799,0.689,-0.42,0.14,0
0.869,-1.696,-0.632,-1.068,0.145,1.897,-1.158,1.565,-1.146,0.209,1
0.572,0.522,0.549,0.69,-0.97,1.029,-0.017,-0.029,-0.849,0.438,0
-0.248,0.556,-0.219,0.901,-0.277,-0.3,0.233,0.0,0.204,0.286,0
0.106,-1.127,-0.329,-0.475,-0.127,-0.588,-0.344,-0.019,1.148,1.51,1
0.94,0.883,0.781,1.055,0.379,1.62,0.059,1.127,0.013,1.613,1
0.657,-0.78,-1.101,-0.144,-0.394,0.322,0.138,-1.935,0.592,1.218,1
-0.37,0.074,0.82,-1.564,-0.166,-0.548,-1.038,0.304,-0.539,0.056,1
1.378,0.723,0.762,1.547,1.16,1.68,-0.558,0.73,-0.311,0.305,0
-1.707,0.125,1.505,-0.842,1.115,1.506,0.549,-0.101,-0.168,0.035,0
0.517,0.597,0.622,-0.61,0.825,0.043,-1.192,0.04,-0.089,-0.452,1
-0.065,0.112,-0.583,1.402,-0.787,0.261,-1.689,0.263,1.122,-0.721,0
0.421,2.114,0.042,1.088,-0.626,0.02,-0.915,-0.258,0.049,-0.337,1
-0.984,-0.321,0.773,-0.433,-0.471,-0.859,0.379,-0.503,0.592,-0.785,0
0.089,0.881,-0.643,1.927,0.231,0.048,0.628,1.347,-1.581,-1.401,0
-1.213,1.708,0.012,0.982,-0.258,0.563,0.176,0.876,-0.131,-0.206,0
-0.889,1.228,-0.777,0.823,-0.085,-2.127,0.438,-0.158,0.083,-1.399,1
0.041,-0.515,0.943,-1.886,0.037,-0.291,0.834,0.377,0.306,1.562,1
-1.024,0.232,-0.046,0.095,-0.714,-0.394,0.668,-0.899,0.373,1.302,1
-0.14,0.748,0.917,-3.043,-0.692,-1.587,-2.421,0.611,-0.957,0.614,1
-0.032,1.535,-0.82,-1.626,-0.035,-0.377,-0.209,0.719,-0.743,0.407,0
1.286,0.104,-0.227,0.934,-0.031,0.868,0.132,0.632,0.921,0.038,1
-0.724,0.422,-2.444,0.922,-0.621,1.59,0.056,1.594,-0.026,0.346,1
-0.39,-0.604,-0.486,0.218,0.151,1.299,2.117,-0.228,2.046,0.279,0
-0.18,0.358,0.487,0.048,-2.138,-0.101,1.401,1.663,0.467,0.436,0
0.854,1.051,0.459,-1.165,-0.721,0.466,-0.181,-0.023,0.247,-0.255,1
-1.054,0.151,0.773,1.517,-0.479,1.151,0.553,1.834,-0.089,0.196,0
-0.252,0.8,1.443,0.231,-0.156,-0.384,-0.161,-0.279,2.088,-0.429,0
-1.71,-1.677,-0.234,0.162,0.402,1.903,-0.649,-0.033,0.995,-1.781,0
0.507,1.209,0.653,-1.776,0.506,-1.188,-0.255,-0.48,0.677,1.251,0
-0.554,-0.47,-0.047,0.439,0.975,-0.43,0.635,-0.783,1.886,-0.399,0
0.872,1.232,0.789,-1.862,-0.273,0.143,-1.184,-1.709,1.554,0.747,1
-0.384,-1.049,1.372,0.917,-1.961,1.252,0.345,-0.22,0.939,0.371,0
1.146,0.107,-1.317,1.91,2.263,-1.276,1.793,-0.244,0.381,-2.48,1
-0.473,0.563,-0.306,1.179,0.768,1.204,-0.6,0.363,-0.384,0.987,1
-1.639,-0.912,-1.694,-0.317,0.608,-0.114,2.581,1.847,-0.851,-0.272,0
-1.145,-1.276,-0.573,0.665,1.937,0.124,0.354,-0.238,0.441,0.233,1
-0.865,-0.321,-1.192,-1.041,0.293,1.523,0.035,-1.519,0.527,1.262,0
0.432,0.844,0.191,1.831,0.805,-0.33,-1.424,-0.173,0.795,0.072,1
0.95,0.962,0.329,2.485,-1.083,-1.853,-0.493,-0.114,0.088,-0.789,1
-0.979,-0.11,-0.839,0.083,0.679,1.488,-1.236,-1.0,1.083,-1.842,0
-0.413,-0.41,1.788,1.177,0.628,-0.351,-0.252,0.523,0.692,3.166,1
0.67,-0.603,-0.859,-0.691,-0.545,-1.241,1.552,-1.057,0.459,0.539,1
-1.659,1.512,0.133,-0.367,0.235,1.787,0.197,0.118,-0.96,0.318,0
-0.851,-0.068,-1.878,1.042,-1.093,0.364,0.787,-1.14,0.792,-1.156,0
-0.048,1.174,0.214,2.167,-0.803,-0.194,0.766,0.421,-1.257,0.547,1
-0.511,-0.465,-0.14,-1.228,0.439,-0.542,-2.007,1.832,1.285,0.66,1
0.716,0.423,-0.378,-1.363,-0.062,0.233,-0.46,-0.933,-2.048,-0.018,1
0.492,-0.917,-0.456,0.135,0.779,0.913,-0.348,0.859,0.008,0.964,1
1.284,1.11,0.019,-1.059,1.361,-0.815,0.42,0.175,-1.229,0.982,1
-0.176,-0.814,0.278,0.322,-1.813,0.228,0.964,-1.104,0.269,0.469,0
-0.456,0.098,-1.072,-2.209,1.528,-1.482,-0.419,0.098,0.192,-0.893,1
1.189,-1.813,0.16,-0.007,-0.4,0.136,-1.488,-0.54,-0.352,0.713,1
-0.406,1.917,-1.387,-0.039,0.35,0.571,1.193,-0.483,-1.341,-0.896,0
-0.395,-1.149,0.37,0.92,-0.396,1.264,0.812,1.182,-1.204,1.896,0
-0.928,0.726,0.11,-0.596,-0.807,1.755,1.091,0.848,-0.367,-0.442,0
0.775,-1.09,0.111,0.594,-1.292,1.285,-0.483,-0.035,-0.363,-0.35,0
-0.636,-1.328,0.239,0.421,-2.021,0.41,0.04,0.709,-0.343,1.238,1
0.961,1.488,0.286,-0.073,0.342,-0.837,-1.338,-0.488,1.336,0.551,1
-0.878,-0.286,0.21,0.61,-0.763,0.831,-0.748,-0.388,-0.258,-0.566,0
0.622,-0.913,-0.445,-0.313,1.527,0.856,0.437,-0.182,0.457,-0.584,1
-0.082,-1.739,0.482,-0.178,-1.924,-1.329,-1.817,2.385,-0.261,-0.016,1
-0.443,-1.127,-0.57,-1.471,-0.683,-1.514,-0.726,0.516,-0.094,0.364,0
0.685,-1.153,-1.374,1.354,-0.019,-0.313,-1.012,0.078,0.17,-0.272,0
0.333,0.418,-0.054,-0.921,1.478,0.583,1.38,1.889,0.78,-0.66,0
0.088,0.465,-0.724,0.196,0.006,0.785,-0.107,2.099,1.254,-0.863,0
0.241,0.951,-0.194,0.154,-1.431,2.159,-0.039,1.151,0.776,-0.988,0
-2.532,-0.272,0.367,-0.011,0.397,1.483,0.346,0.37,0.254,-1.258,0
0.045,0.754,-1.478,0.864,-0.26,0.757,0.493,0.636,-0.408,-1.558,1
1.06,0.676,-1.242,-0.587,-0.257,-0.135,-1.081,0.633,-0.501,1.864,1
-0.133,0.601,-0.061,1.309,1.235,0.56,0.431,-0.906,1.079,-1.654,0
-1.159,1.472,0.742,0.099,0.805,0.511,-1.121,-1.019,0.11,-0.305,0
0.14,-0.289,-1.356,-1.001,-0.072,-1.121,-1.459,-0.303,-0.009,0.427,1
1.009,-0.63,0.868,0.189,-0.546,0.046,1.959,-0.541,-0.789,0.65,1
0.479,1.46,-1.425,-0.947,1.417,1.895,0.64,-1.382,-0.197,0.172,1
-1.158,0.49,1.404,0.635,1.103,1.296,0.032,-0.829,-0.005,-0.034,0
0.335,0.502,0.222,0.121,-1.185,-0.137,-0.157,-0.083,-1.327,0.633,0
-0.592,0.519,-0.734,2.143,0.026,-0.703,-1.016,0.74,0.704,-1.453,1
-0.208,0.011,-0.167,0.652,-0.012,-0.988,-1.059,0.964,-0.29,-0.302,1
0.674,1.249,-0.814,-0.753,0.709,-1.194,-0.005,0.103,-0.183,2.167,1
-0.021,0.605,-1.279,1.077,0.21,-0.175,0.821,-0.75,0.155,-0.317,0
0.731,2.809,-0.392,-1.489,0.351,-0.238,0.532,1.674,0.394,0.255,1
0.459,0.466,-2.399,-0.178,-0.148,0.844,-1.098,-0.851,-0.202,-0.781,1
-0.239,0.776,0.206,0.677,0.128,-2.148,-1.161,-0.878,-0.896,1.271,1
0.148,-0.147,0.149,-0.195,-1.111,0.495,0.429,-0.729,-1.055,-0.281,1
1.266,0.265,-1.296,1.558,2.872,0.686,-0.213,-0.907,2.003,0.708,0
-0.2,-0.279,1.045,-1.665,1.689,1.191,0.441,0.982,0.865,-0.182,0
1.437,1.602,-1.052,0.891,0.812,1.591,0.808,-0.306,0.226,2.104,1
-0.513,-0.895,-1.839,-1.185,1.421,-1.037,-0.152,-0.245,-0.608,-0.009,1
-0.959,0.086,0.967,-0.79,-0.759,-1.158,-1.628,1.46,-0.183,-1.033,0
-0.931,-1.273,-1.014,0.019,-0.252,1.425,1.031,-0.454,0.479,0.77,0
-0.77,1.183,0.247,-1.037,-0.762,-0.22,-1.514,2.204,1.08,0.649,0
0.674,0.204,1.643,2.733,0.724,-1.187,0.874,-0.809,-0.393,-0.262,1
-0.019,0.382,-1.232,0.535,-0.124,0.423,1.375,0.771,0.947,0.85,1
-1.003,-1.571,-1.48,0.044,0.675,-0.195,-1.669,-2.11,0.395,-0.1,1
0.393,-0.194,-1.61,0.13,-1.636,-1.173,0.957,-2.281,-0.897,0.232,1
0.525,0.533,0.029,0.671,1.966,0.368,0.28,-0.71,1.448,-0.628,1
-0.608,0.068,-0.531,1.579,0.864,-0.081,2.269,-1.605,1.557,0.642,0
-1.87,-0.206,-0.038,-0.894,-0.648,0.913,-0.074,0.597,0.239,-0.884,0
-0.889,-0.942,-0.544,0.678,-1.261,1.164,0.625,0.157,0.972,-0.825,0
-0.97,-1.855,1.683,0.813,-0.42,0.832,-0.997,-0.003,-0.273,-1.281,0
-0.0,-0.974,-2.239,0.449,-0.198,-0.389,0.539,-1.542,-0.245,0.549,1
0.61,-1.026,1.025,0.586,0.231,1.057,0.848,-1.481,-0.078,-0.731,1
0.5,0.339,-0.177,-0.108,-1.379,0.361,0.606,-0.004,-1.571,1.283,0
-0.485,1.174,-2.467,-0.603,-0.803,0.424,-0.569,0.357,-1.178,0.818,0
-0.835,-0.001,1.94,-0.181,-0.335,-0.446,2.031,-0.263,-0.265,-0.181,0
-0.951,-0.317,-0.32,0.445,-1.438,-1.385,0.044,1.092,-0.266,1.391,0
0.221,-0.166,0.111,0.549,-1.053,-0.096,0.207,1.038,0.85,-0.361,1
0.551,-0.941,-0.954,-2.401,0.445,-0.84,-0.986,1.059,-1.229,0.033,1
0.551,0.544,-0.871,0.588,1.769,-0.463,-0.904,0.959,-1.845,-0.217,1
0.136,-0.469,0.835,-0.222,1.984,-1.311,0.696,-0.023,-0.459,0.895,1
-0.251,-0.756,0.661,-1.028,-0.147,0.071,0.28,-0.674,-0.018,0.11,0
0.063,-0.456,-0.11,-0.648,0.121,0.383,1.362,-0.213,-1.587,0.329,1
-0.992,-0.129,-0.468,-0.778,-0.388,1.087,-0.759,-0.274,-0.133,-1.221,0
-0.444,-0.107,-0.56,1.183,-1.839,2.937,-0.052,-1.551,-2.219,-1.782,0
0.438,0.781,-0.121,0.475,-0.841,-1.281,0.34,-0.526,0.421,-0.247,1
1.159,-1.162,-1.417,0.798,-0.462,-0.655,0.464,-1.356,-0.641,-1.64,1
0.595,0.652,-0.981,-0.67,0.518,0.866,0.926,-1.741,0.722,-0.146,0
-0.86,0.505,-0.66,-0.233,-0.708,-0.149,-2.092,1.494,0.837,-0.366,1
0.267,-0.459,-0.053,-0.312,1.347,0.991,-1.621,1.05,1.778,-0.783,1
0.499,1.115,0.447,-0.892,0.922,-2.287,1.282,0.674,3.097,-0.949,1
-0.978,-1.541,-0.222,-0.5,-1.152,-2.448,0.345,-0.065,-0.719,-1.62,0
-0.529,-0.83,0.32,-0.873,-0.426,0.556,-1.79,-0.105,1.12,2.177,0
-0.893,0.749,0.902,-1.292,0.117,1.814,1.373,-0.863,-2.993,-0.021,0
-0.639,-1.978,-1.146,-0.579,-1.132,-0.308,-0.473,1.032,0.175,0.551,0
1.525,1.869,-1.349,0.455,-0.128,0.283,2.673,1.194,1.319,1.343,0
0.572,0.96,-0.109,-0.72,-1.016,1.425,1.881,0.425,-0.125,-0.151,0
1.954,-0.454,1.16,-0.309,-0.443,1.156,-0.807,-2.114,0.853,-0.48,1
1.203,0.29,0.944,-0.118,1.273,1.333,0.8,-0.234,0.836,0.626,1
-1.434,-0.273,0.44,-0.244,-1.271,1.064,0.53,0.683,-1.438,0.845,0
1.423,-0.394,0.139,0.354,0.745,0.765,-0.168,0.143,-1.298,-0.681,1
0.319,-0.501,0.259,-0.091,1.248,-1.268,-1.056,1.401,-1.303,-1.355,1
-0.678,-0.723,1.97,0.978,1.312,-0.329,0.273,2.345,0.871,0.164,0
-0.428,0.98,0.867,-0.143,-2.036,-0.941,-1.29,-0.591,1.624,-0.585,0
0.642,-1.12,0.258,0.826,0.922,-0.172,1.193,-0.724,0.033,-1.915,1
-0.342,1.519,0.684,-0.044,0.047,-0.896,-0.776,1.9,-1.378,1.2,0
0.653,0.497,-0.066,0.232,0.026,1.32,-0.184,0.366,0.631,0.515,1
0.568,-1.798,1.0,-0.809,-1.189,2.902,-0.642,1.673,0.32,-1.478,0
-1.184,-0.127,-2.092,1.22,-0.226,-0.757,-0.162,0.266,0.823,0.608,1
0.917,0.047,-1.708,-1.031,0.261,-0.073,-0.652,-0.464,-0.084,-0.434,1
0.676,1.248,-0.066,0.795,-1.032,1.189,0.063,0.468,1.403,-2.865,0
-1.897,1.151,0.986,0.205,-0.023,-0.057,-0.647,0.714,-1.163,-1.294,0
-0.589,-0.429,0.55,0.418,0.589,-0.297,-0.111,-0.388,-0.123,0.186,0
-0.523,-1.287,0.588,0.37,0.347,-0.389,0.134,-0.45,-0.264,-0.61,1
0.624,-0.619,-1.296,0.38,-0.394,-0.261,0.704,0.509,0.809,-0.44,1
-1.966,0.182,-0.645,1.364,0.223,-1.937,1.319,0.889,0.352,-0.697,0
0.56,2.912,1.027,0.448,-0.218,0.511,-1.305,-0.365,-0.32,0.574,0
0.083,0.678,1.693,-0.617,0.725,-1.021,1.366,2.225,0.347,0.465,0
-0.618,0.507,0.368,-1.562,0.147,0.192,0.043,1.337,1.013,-1.49,0
-0.621,-1.008,-0.003,1.938,-0.336,1.217,-1.132,1.523,-1.43,-0.276,1
0.379,-0.851,-0.659,0.449,-0.534,0.661,0.187,-0.22,-0.648,-0.586,1
-0.26,-0.042,0.122,-0.259,-0.322,-0.037,0.487,-0.009,0.595,-0.686,1
0.074,-0.746,-0.023,0.894,1.01,0.686,-0.375,0.497,1.547,-1.458,0
1.857,0.864,-2.281,0.047,0.38,-0.532,0.459,0.441,0.394,-1.003,1
0.534,1.596,1.19,-0.667,1.33,-1.196,0.056,2.57,0.235,0.91,0
0.193,0.151,0.489,1.173,0.129,-0.546,1.821,1.678,0.331,1.077,0
0.857,-2.411,-0.892,-1.234,-0.697,0.596,-0.491,1.119,0.498,-0.22,1
-0.3,0.704,-2.022,-0.201,-0.759,-0.597,0.918,-1.053,-1.05,1.078,0
-0.311,0.461,-0.557,-0.718,-1.141,-0.056,1.489,-0.226,0.78,1.407,0
-1.188,0.301,1.105,-1.233,0.458,-0.353,0.787,-1.602,1.865,0.874,1
-1.371,0.612,0.243,0.539,-0.192,-1.848,-1.022,0.42,1.921,0.264,1
-0.138,-0.136,-0.6,-1.578,-0.996,0.866,-0.83,1.468,0.262,1.293,0
-0.446,0.68,-0.63,-1.005,-1.551,0.971,-0.551,1.042,-1.65,-0.547,1
-0.194,-0.117,-0.186,1.029,-0.631,0.474,0.145,1.765,0.957,0.473,0
0.122,0.004,0.237,-0.149,0.133,3.291,2.041,-0.146,-0.391,-1.07,0
-3.127,-1.534,1.007,0.463,0.39,0.013,-0.592,0.412,1.28,2.256,0
1.89,0.391,-1.071,-0.487,0.076,0.712,0.889,-0.493,-2.426,-0.203,1
-0.316,-0.976,-0.984,0.354,-1.759,1.046,0.03,-0.694,0.356,-1.039,0
-0.685,0.843,-1.077,0.362,-1.065,0.589,-0.74,-2.424,-1.7,-0.556,1
0.324,0.539,-0.801,-1.715,0.764,-1.166,0.193,0.12,-0.436,-1.048,1
-0.469,-0.058,0.303,-0.462,0.008,-0.004,-1.512,0.937,1.418,1.913,0
0.589,0.531,0.694,-0.119,-0.078,0.194,0.635,0.483,1.211,-0.196,1
-1.351,-0.289,-1.222,0.186,0.602,0.855,-0.276,-1.279,0.858,0.871,1
0.4,1.367,-0.893,2.14,0.757,-1.109,-0.737,-0.563,-1.03,-1.81,0
0.687,-1.138,0.884,-0.347,0.079,0.397,0.794,-0.461,0.538,-0.204,1
1.27,-1.049,-0.38,0.517,-0.149,0.148,0.421,-0.486,-0.065,0.143,1
-0.492,1.05,0.155,-1.198,1.198,1.713,-1.209,-0.286,0.454,-0.686,0
-1.194,-1.265,-1.378,-0.11,-0.805,2.147,1.083,-0.109,0.014,1.525,0
-0.366,2.075,2.308,1.966,1.381,0.183,-0.536,-0.114,-0.521,0.648,1
-1.345,-1.538,0.277,0.722,0.533,0.414,0.864,0.664,0.205,0.837,0
-1.099,-0.733,-0.839,0.004,-1.168,2.236,-1.574,0.503,1.225,0.438,0
0.202,-0.192,0.215,-0.177,0.64,0.174,0.064,-0.684,0.097,1.801,1
-1.082,-0.366,-0.705,0.197,-0.945,-0.419,-0.468,1.56,1.847,-0.964,0
0.215,1.545,0.095,0.523,-0.162,-0.084,-1.084,0.269,-0.538,-0.461,0
-0.566,-0.672,1.234,0.134,-0.466,0.502,0.744,-1.082,2.54,1.117,1
-1.469,0.343,-1.752,-1.043,-1.453,-0.367,-0.438,-1.841,-0.04,-0.449,1
1.206,-0.485,-1.803,0.424,-0.028,0.182,0.34,-0.528,0.875,-1.994,1
0.925,1.283,-0.803,0.758,1.014,1.726,0.974,-1.638,1.064,0.638,1
-0.253,-1.604,-0.33,2.935,-0.117,1.079,-0.913,-0.707,-0.966,0.755,1
0.683,-0.12,0.895,-2.651,-0.639,-0.943,0.172,-1.758,-0.373,1.646,1
1.163,0.559,0.336,-0.041,-0.199,1.042,2.111,-3.075,0.173,-0.335,0
-2.812,0.983,-0.484,0.708,2.593,-0.8,1.266,0.611,0.513,0.123,1
1.087,0.934,-0.056,-0.113,-1.291,0.508,-0.291,-1.467,0.133,0.763,1
0.174,-0.761,-0.671,0.781,0.011,-1.673,0.658,-0.628,-0.912,0.324,1
0.651,0.664,0.034,-0.553,0.709,-1.069,-0.356,-1.185,1.625,1.618,1
-0.85,1.294,-0.254,-0.821,-0.29,-0.936,-0.458,0.012,-1.298,1.553,0
-0.541,0.519,0.228,-0.077,0.928,-0.707,1.288,0.301,2.277,1.301,1
0.178,-0.943,-1.802,0.19,-0.896,-2.968,0.983,-0.334,1.038,-0.51,1
-0.105,-0.241,1.05,-0.598,-0.032,0.758,0.528,-0.271,0.309,-0.227,0
-0.047,-1.674,-1.569,-1.441,-1.44,0.368,1.439,-0.467,0.66,0.392,1
-0.638,-0.038,-0.585,1.56,-0.706,-0.547,0.131,0.541,-0.474,-0.863,0
0.354,0.867,-0.447,2.038,-0.193,-0.39,-0.35,-1.481,0.026,-0.579,1
0.68,0.011,-0.77,0.136,0.258,0.705,-0.044,-1.238,0.234,0.255,1
0.432,-0.184,-0.344,1.316,0.073,1.725,0.469,0.135,0.863,1.116,1
0.783,-0.92,-0.434,-0.727,0.883,-0.557,0.607,0.656,0.415,0.445,0
-1.224,-1.315,2.08,-0.318,-1.24,0.535,1.808,-0.205,-0.636,-1.052,0
0.063,0.256,-1.758,-0.297,-0.148,0.513,-0.875,-0.869,0.653,0.238,1
0.097,1.235,0.465,-0.121,0.106,-0.525,1.248,0.381,-1.219,0.028,0
1.356,2.242,-1.807,0.449,-0.604,0.778,0.261,-2.724,0.107,-1.862,1
-2.734,-0.703,0.788,1.529,2.618,0.833,-0.747,-0.107,-1.216,0.345,0
-2.019,0.848,0.289,-1.49,0.468,0.629,-1.413,1.567,-0.575,-0.157,0
0.148,1.133,-0.243,0.1,-1.505,-2.123,0.541,1.355,-0.072,-0.02,0
-0.379,0.572,0.962,-1.291,0.127,-0.769,0.026,1.181,0.511,-1.033,0
1.514,0.695,0.902,-0.237,-0.657,-1.234,0.893,-1.335,-0.191,0.872,1
-1.157,1.305,0.614,0.583,1.713,0.545,-0.906,1.192,0.254,-2.194,0
0.648,-1.077,-0.277,0.162,-1.007,0.332,0.259,-0.009,-0.899,-0.37,0
0.444,0.01,0.541,-0.496,-1.496,0.026,1.511,0.363,0.93,-0.736,0
-0.494,-1.772,-0.278,0.152,1.452,0.226,-0.275,0.452,-1.36,-1.252,0
2.434,-0.668,0.673,-1.841,-0.08,-0.43,0.906,-0.036,-1.349,1.943,1
0.025,0.768,0.16,-0.232,0.954,0.099,0.171,0.198,0.495,0.483,0
0.268,-0.327,1.909,-0.567,0.304,-0.857,-0.766,1.226,1.084,0.358,0
0.428,-1.445,-0.062,-0.16,-0.337,-0.193,-0.53,-1.275,1.661,1.335,1
0.558,-0.627,0.461,-1.141,0.004,-0.681,-0.432,0.403,-1.08,-2.01,0
0.769,2.506,-0.86,-0.476,0.292,0.91,-0.422,0.769,0.138,-0.209,0
-0.551,-0.909,0.442,-1.865,-0.627,0.412,0.616,-1.666,0.765,0.677,1
-1.698,1.364,-1.474,1.693,-2.387,-0.078,0.32,-0.811,-0.753,-0.673,0
-0.541,-0.838,0.53,0.86,0.841,1.625,1.905,-1.07,-0.49,0.872,1
2.543,-0.688,0.029,-1.619,0.208,-1.666,0.183,-0.283,-0.209,-0.882,1
-2.412,1.148,0.5,-0.994,0.256,-1.462,-1.441,0.235,-0.77,-0.995,0
-1.444,-1.018,-0.522,0.535,-1.431,1.352,0.938,0.319,-0.652,-0.608,0
-0.935,-0.943,0.352,-1.109,0.394,-1.629,0.638,-1.508,1.234,-1.867,1
0.704,0.26,-0.777,-0.31,0.737,0.57,-1.239,-2.343,0.124,-2.583,0
0.613,-0.217,0.912,0.034,-1.349,-1.338,0.296,0.421,1.251,-0.508,0
0.707,0.524,-1.118,0.999,1.913,1.085,-0.798,-0.359,1.214,0.464,1
0.287,0.298,-0.593,-2.543,2.644,0.173,0.118,-1.036,0.942,1.072,1
-0.939,-1.917,1.735,0.349,-1.451,-0.026,0.902,1.488,0.459,-0.622,0
-0.18,0.039,1.538,0.964,-0.489,1.123,-0.303,0.579,-0.343,-0.805,0
1.363,0.267,0.52,-0.388,0.618,-0.509,-0.524,-0.425,-0.26,-0.119,0
-0.181,1.692,2.98,-1.653,0.202,-0.993,-0.457,1.807,-0.428,0.462,0
-0.762,-1.674,0.7,0.026,1.243,0.895,1.11,0.722,-1.741,-0.814,0
1.492,-0.759,-1.271,-0.501,1.144,0.204,-1.645,0.168,-0.56,0.887,1
-1.35,0.132,-0.524,0.326,1.028,-1.894,-0.838,0.076,1.744,0.439,0
0.236,-1.029,-1.773,-2.732,-1.212,0.64,0.716,0.233,1.115,-0.499,0
-0.045,-0.662,0.195,0.536,1.532,-0.087,0.12,1.347,-1.346,-0.608,1
0.581,0.202,1.7,-1.215,-0.508,-0.322,-0.845,0.251,-0.937,-0.097,1
0.7,0.202,-0.242,1.249,-0.738,-0.918,0.622,0.251,1.572,1.06,1
2.05,-0.654,-0.239,-0.142,0.81,1.44,0.659,1.019,0.699,0.046,1
-0.502,0.436,0.343,-1.547,-0.693,-2.188,0.483,0.146,-0.1,1.011,0
0.283,0.68,0.146,0.551,-0.531,-0.464,1.266,0.775,1.941,0.858,0
0.154,0.165,-0.617,1.847,0.086,-1.084,-0.338,-0.822,-1.426,-1.331,1
-1.414,0.075,-1.96,-1.444,-0.013,1.296,-1.185,-0.309,-1.119,0.448,0
1.674,-0.795,-1.073,-2.159,0.157,-2.151,0.303,0.311,0.668,1.589,1
-0.333,1.609,1.41,0.578,1.319,0.598,-0.899,-0.153,0.719,1.258,1
1.25,0.009,-3.019,0.208,1.769,0.356,-0.807,-0.587,-1.897,1.127,1
0.389,-1.288,-1.664,-0.253,-1.451,0.74,-0.392,1.091,-0.198,-0.263,0
0.358,0.044,-0.315,0.816,-1.177,2.24,-0.844,1.067,-1.073,0.469,0
0.761,0.764,0.002,-0.292,-1.197,-0.558,-1.607,0.442,-0.978,-0.858,1
0.218,-0.204,-0.53,-0.197,1.984,0.259,-1.014,0.076,1.096,-0.166,0
0.332,0.659,-0.0,0.995,1.178,-0.62,1.516,-2.07,-1.884,-1.116,1
-0.314,-0.816,-0.271,-0.203,-0.877,0.3,1.034,0.353,1.305,0.116,0
0.773,-0.661,0.52,-0.517,-0.333,-1.024,-0.387,0.226,-0.02,1.176,1
-1.188,0.303,0.75,0.413,1.236,0.482,1.46,0.799,0.462,0.657,1
-0.557,2.069,0.629,1.191,1.154,1.29,0.92,0.034,1.267,-0.293,0
-0.055,0.92,1.223,1.621,1.551,-0.127,1.388,0.277,-1.143,1.59,0
-0.899,0.77,-2.342,-1.086,-0.203,-0.856,-1.117,-0.592,1.047,1.631,1
0.106,-0.72,0.707,0.643,0.58,-0.679,0.265,1.317,0.848,1.444,1
-0.822,0.385,-0.794,0.01,0.874,1.089,0.897,-0.226,0.983,0.393,0
-2.338,-0.255,-1.772,-0.262,1.347,-0.987,-1.686,1.779,-1.801,-2.029,0
-0.159,-1.432,1.576,0.484,1.312,-1.934,0.18,-0.564,-1.154,1.695,0
0.061,-1.445,-0.316,0.645,0.912,-0.909,2.295,0.031,-0.868,0.598,1
0.371,-1.548,-0.798,-0.449,0.589,-0.85,0.683,0.723,1.385,-0.562,1
-0.431,-1.744,-1.268,-0.44,-1.293,-0.158,1.307,-2.251,1.771,0.54,1
0.397,-0.438,0.369,-1.184,-0.707,-0.258,-0.558,1.794,0.42,-0.06,0
0.237,0.239,0.59,-2.012,-0.105,0.031,0.749,0.076,-0.689,0.123,0
0.453,-1.07,-0.609,0.015,-0.163,-1.042,1.753,0.103,1.486,-0.996,1
-0.063,0.363,-0.215,-1.666,0.883,-0.757,0.217,-1.043,0.488,-1.221,1
-1.151,-0.446,-0.324,1.353,-0.332,0.501,-0.462,1.335,-0.173,0.775,0
2.642,0.494,0.054,0.016,0.81,-0.206,1.288,-1.742,-0.464,0.078,1
2.199,-0.128,-1.031,-0.732,0.272,0.102,-0.727,0.081,0.161,-0.07,1
0.402,0.087,-1.237,-0.907,0.604,-0.005,1.443,1.325,-0.79,1.322,0
0.081,0.616,-1.261,1.872,1.22,0.698,-0.254,2.904,0.74,-1.778,1
-0.68,-0.969,-0.629,1.016,-0.235,1.355,1.028,0.88,-0.718,-1.204,0
-1.585,-1.168,1.184,0.426,-0.056,-1.017,-1.007,0.627,0.181,0.849,0
-0.085,-0.605,-0.091,1.155,1.063,0.078,1.261,0.157,-0.624,-0.552,1
0.398,0.021,0.086,1.718,0.89,-0.132,0.772,-0.719,1.133,0.526,1
0.326,0.706,-1.757,0.623,0.113,-0.493,0.967,1.073,0.905,-1.012,0
0.019,-1.561,-1.847,-0.269,1.114,-0.412,1.766,1.223,0.296,-2.833,1
-0.125,-1.868,-1.358,0.987,-1.242,0.762,1.103,-1.167,0.079,-0.454,1
-1.118,-1.692,-0.436,-0.137,0.784,-0.147,-1.984,0.405,0.141,0.7,1
-0.982,-0.2,-0.474,-1.483,-0.846,2.08,-1.28,-0.613,0.221,0.369,0
1.071,-0.793,1.131,0.3,0.797,1.064,-0.71,-0.876,-0.672,1.001,1
-0.179,-0.389,-0.763,0.274,0.189,1.556,-1.211,-0.529,0.701,-1.539,0
0.053,0.63,2.251,-0.048,1.433,0.905,-0.317,0.824,1.41,0.607,1
-0.7,-1.415,-0.35,-1.372,-2.135,-1.563,1.611,-1.15,-1.014,-1.195,0
-0.627,-0.263,-0.489,-1.45,0.362,-1.162,-1.053,1.337,-1.261,1.552,0
1.002,0.892,-0.446,-1.397,1.266,0.896,0.164,0.474,-1.46,-0.675,0
-1.123,0.995,-0.721,-0.518,0.067,1.217,0.529,-0.215,0.685,-0.631,0
-0.371,0.257,0.443,1.014,-0.043,-0.449,0.268,0.177,0.056,-0.774,0
1.215,0.123,1.479,0.817,-0.257,-0.853,0.923,2.021,-0.506,-0.019,1
0.076,-1.427,-0.679,0.748,-0.648,0.229,0.026,-1.159,-0.503,-0.894,1
-0.327,1.48,0.151,-0.723,1.281,-0.868,0.075,0.129,-1.504,-0.887,0
0.275,0.811,1.402,0.2,0.063,0.816,1.866,-0.678,-0.996,0.411,0
1.449,-1.044,1.224,-0.056,1.324,-0.277,-0.01,-0.061,1.142,0.789,1
1.26,0.499,0.934,-0.421,0.653,-0.342,0.034,-0.304,-1.087,-0.664,0
0.59,-0.366,0.9,-0.849,0.611,-0.463,-1.229,0.413,-1.358,1.052,1
1.167,-0.347,0.681,0.098,-0.87,1.539,0.439,-0.863,-1.103,-0.413,0
2.053,-0.566,-1.702,-1.315,-0.418,1.892,-1.935,-2.232,-1.767,-0.788,1
0.074,0.61,-1.096,0.835,-0.524,1.711,2.264,0.362,-0.786,0.907,0
-0.669,0.228,0.21,0.337,0.227,-0.852,1.458,-1.424,0.769,0.39,1
0.658,-1.144,1.226,0.21,-0.267,0.613,-0.739,0.895,-0.922,0.29,1
1.216,0.077,-1.029,0.424,-0.493,0.41,-0.715,-0.148,0.194,0.472,0
-0.357,1.068,-1.622,1.302,-0.557,-0.674,-0.146,-2.259,-0.732,-1.252,1
1.749,0.482,1.357,-0.469,-0.151,0.057,-1.353,0.454,0.007,-1.256,1
-0.005,-0.103,-0.269,0.4,0.117,0.335,-0.558,-0.064,-1.914,1.329,0
0.258,-0.927,0.006,-0.605,1.715,-0.795,0.78,1.517,-0.918,-0.157,0
0.033,0.115,-1.354,-0.618,-0.31,-1.22,-0.191,0.725,-0.04,-1.02,1
1.185,0.493,1.437,-0.644,-0.896,0.774,0.566,-0.505,0.21,1.552,1
-0.225,-1.583,-0.371,-0.874,0.849,-0.904,-0.505,-2.512,0.849,0.023,1
-0.169,1.256,0.736,-0.096,-0.674,-0.599,1.372,-0.929,0.422,-0.239,1
-1.019,-1.227,-1.421,-0.934,0.734,-0.092,1.348,-1.217,-1.394,0.336,1
-1.235,-0.228,0.706,0.221,1.007,0.438,-0.256,0.181,0.078,-0.278,0
-0.531,-0.06,0.14,0.654,-1.325,-0.544,2.163,-0.248,-0.032,-1.381,1
1.878,0.362,1.909,0.093,0.697,-1.048,1.503,-0.211,0.987,-0.73,1
-0.077,-0.174,-0.195,0.626,-1.226,-1.185,-1.364,0.637,0.566,-0.871,1
0.104,1.682,-0.271,-0.173,-1.039,-1.373,-0.617,0.382,-1.897,-0.976,0
1.124,-0.767,-0.216,0.068,-0.814,-0.936,0.358,-0.557,-0.123,1.268,0
1.056,0.403,-2.49,0.34,-0.467,-0.973,-1.039,-0.952,0.498,-0.405,1
0.593,-1.43,1.09,-0.686,1.118,1.338,0.371,0.525,0.666,1.059,1
-0.171,-0.878,-0.547,1.351,0.982,-1.359,-0.181,0.614,0.558,-1.947,0
-0.736,-1.995,0.925,-0.108,-1.079,-0.121,-0.027,0.911,0.147,0.007,0
-0.206,1.438,-1.877,1.254,-1.875,0.949,0.283,-0.796,-0.839,-1.368,1
-1.324,0.993,-0.66,1.035,0.215,0.396,-2.964,-1.807,0.531,0.442,0
0.62,-1.8,-1.138,-1.579,-1.336,-0.613,1.395,0.96,0.843,0.231,0
-1.354,0.668,0.959,0.057,0.364,-0.634,1.095,0.326,0.119,2.572,0
0.021,-0.043,1.527,0.847,0.152,1.6,0.854,0.39,0.632,0.342,1
-0.881,0.96,-1.144,-1.217,0.709,-0.054,-2.169,0.695,0.091,-0.77,1
-0.497,0.258,0.302,-0.174,-0.58,-0.217,0.676,3.244,-0.023,-0.772,0
-0.877,-0.34,0.464,-0.171,-0.71,0.371,0.369,0.888,0.165,-1.092,0
1.132,2.216,-0.495,0.253,-1.192,1.227,-0.067,0.163,-0.644,0.309,0
1.307,0.279,-0.557,-2.199,-0.027,-1.082,-1.412,-1.042,-0.161,-0.132,1
0.058,-1.212,-1.963,-1.835,-0.445,-0.045,-2.881,-1.046,0.178,2.824,1
-0.54,-1.814,-0.507,0.086,-0.285,1.795,1.084,0.712,0.249,-0.047,0
0.19,-0.375,-1.558,-0.424,0.332,0.493,2.411,-0.474,0.525,0.162,0
-2.682,-0.029,0.211,-0.225,0.377,0.886,0.163,-0.154,-0.141,-0.442,0
1.076,0.953,0.579,0.229,1.944,-0.199,-1.084,0.228,0.468,0.125,1
-0.341,-0.191,1.042,-1.45,-1.45,0.019,0.512,0.07,0.817,-0.054,0
-1.23,-1.129,-1.546,0.582,-0.439,0.836,-0.157,1.324,0.315,0.36,0
-0.371,0.536,0.702,0.06,-0.158,-0.275,-0.301,0.757,-0.469,-0.606,1
2.002,-0.377,1.119,-0.119,-0.857,0.835,-1.175,-0.613,-0.933,0.157,0
1.101,0.443,-0.976,-1.213,0.153,-1.47,-0.274,-0.332,0.109,1.194,1
1.31,-0.764,-0.829,0.369,0.169,0.099,-0.428,-0.226,0.955,1.01,1
0.453,-0.374,0.738,0.838,0.41,0.27,1.357,0.042,0.029,-1.021,0
0.181,-0.666,0.539,-0.119,-0.711,-0.313,0.892,1.871,-0.698,-1.186,0
-0.635,-0.474,0.909,-1.204,0.232,0.248,0.831,-0.002,1.026,-1.079,0
0.574,0.585,-0.048,1.092,0.07,-1.036,0.335,-1.188,-0.952,-1.392,1
-2.064,-1.682,1.988,-0.201,1.72,0.956,-0.562,-1.386,0.442,-0.77,0
-0.128,0.466,-0.624,0.733,-1.143,0.887,1.017,1.813,1.611,-0.994,0
-1.381,-0.443,-0.986,-0.783,0.388,0.795,-0.549,-0.136,-0.243,-1.018,0
0.689,0.15,0.462,1.485,0.898,0.361,0.368,-0.995,-0.717,0.605,1
-1.109,-0.441,-0.239,0.037,0.701,0.423,-0.997,0.186,0.452,-0.473,1
-1.154,-0.061,2.02,-0.582,-0.245,-0.097,-0.997,-0.559,-0.184,-0.623,0
-0.702,-0.07,0.436,2.256,-0.725,0.549,-1.533,-1.074,-0.516,-2.144,0
0.881,-0.894,1.076,-0.16,0.05,0.591,-0.443,-0.298,0.157,0.597,1
0.569,1.595,1.486,1.077,-0.458,1.011,0.383,1.331,-0.124,0.015,0
0.229,0.734,-0.92,-0.666,-0.988,0.557,0.399,-1.248,0.472,-0.284,0
0.477,1.715,0.303,0.433,-1.387,-0.19,-0.25,1.317,0.155,-0.947,0
1.071,0.831,-0.007,0.597,1.112,-1.694,-1.3,-0.38,-0.642,-1.407,1
-0.423,0.052,-0.361,-0.69,-0.058,1.138,-0.672,0.209,-1.893,-2.052,0
