txn_0,txn_1,txn_2,txn_3,txn_4,txn_5,txn_6,txn_7,fraud
0.566,0.775,-0.719,0.501,1.231,0.045,1.34,1.149,0
-0.248,0.668,0.588,1.374,0.321,-1.818,0.405,0.696,0
0.179,0.568,-1.124,1.346,0.195,-1.158,-0.539,-0.043,0
0.562,-0.588,1.958,-0.464,-0.467,-0.88,-0.061,1.328,0
-0.571,-0.286,0.473,-1.45,0.675,0.58,0.95,0.957,0
0.811,0.212,-0.772,0.159,-1.173,-0.216,-0.443,0.048,0
0.225,-0.703,-0.239,-0.345,-2.096,-0.799,-2.387,0.153,0
-1.443,-1.152,-0.274,-0.104,1.373,-0.771,1.87,1.482,0
0.116,0.976,1.273,0.792,-0.544,-0.096,0.589,1.043,0
0.879,0.215,0.34,0.217,0.273,-0.769,-1.865,0.417,0
-1.326,-0.178,-0.583,1.111,-0.569,-0.434,-0.422,1.767,0
0.878,-0.05,0.641,0.914,2.001,-0.848,-0.289,-0.344,0
-0.41,0.69,0.985,1.455,0.103,1.818,0.887,-0.306,1
0.848,0.933,-0.22,-1.122,0.541,1.167,-1.283,0.484,0
0.138,0.634,-1.795,-0.702,0.611,-0.875,-0.354,0.855,0
0.447,-0.583,0.126,0.645,-0.656,0.189,1.303,-1.032,0
0.355,-0.468,0.702,0.473,-0.381,1.14,-1.14,1.109,0
-1.059,-0.95,-1.081,0.18,-0.7,-0.517,-0.12,-0.117,0
0.727,0.209,0.204,0.889,1.585,0.183,0.017,-0.429,0
1.289,2.057,1.415,1.385,0.175,0.961,0.969,1.489,0
0.806,-2.158,-0.442,0.202,-0.589,1.682,-0.346,0.437,0
2.224,0.447,-2.235,-0.004,-0.041,-0.267,0.211,0.344,0
-1.884,0.439,0.261,-1.384,1.241,1.872,-0.719,-0.003,1
-0.97,-0.242,0.452,0.949,1.155,2.004,0.236,-0.68,1
-1.949,0.227,1.124,0.222,-0.869,1.693,1.462,0.213,1
0.653,-0.133,-1.084,-0.114,-0.817,0.615,-1.633,0.907,0
-0.384,0.503,0.052,1.374,-1.721,0.863,0.312,-0.144,0
0.337,-0.787,-0.936,-1.249,1.835,1.529,0.118,-0.084,0
-1.804,1.089,-0.122,1.021,0.104,-0.072,-0.637,0.731,0
-0.674,-1.511,1.105,-0.126,-0.558,0.065,0.519,1.29,0
0.184,-0.274,0.035,1.631,0.707,-1.333,-0.301,0.382,0
-2.279,1.142,-1.309,-2.047,0.689,-0.165,-0.474,-1.134,0
0.821,0.863,1.824,2.875,-0.224,-0.228,-0.282,-0.023,0
0.253,-0.923,-0.384,0.256,0.564,0.103,-0.717,-0.118,0
0.146,-0.562,-0.858,-2.079,0.41,0.109,0.307,-2.874,1
-0.192,-0.555,-1.158,-0.61,-0.538,-0.726,-0.146,-0.644,0
1.72,2.07,-0.47,-1.181,-0.574,-0.747,-0.719,0.101,0
-0.995,-0.772,0.705,-4.256,0.734,-1.618,1.146,-1.069,0
-0.05,-1.239,-0.824,0.74,0.161,2.024,-0.597,-1.884,1
0.121,0.428,-0.241,0.105,-1.551,0.137,0.345,-0.271,0
0.112,-1.161,0.435,-0.786,-0.321,-0.084,-1.436,-0.549,0
-1.598,2.161,-0.578,-0.961,-1.57,-1.222,0.444,-0.493,0
-1.43,1.783,0.387,-1.303,-0.268,-0.708,-1.768,0.576,0
-0.981,-0.35,-1.545,0.587,0.146,1.071,-0.182,-1.062,0
-1.437,0.166,-0.194,-0.519,0.181,0.225,-0.724,0.011,0
2.253,-0.27,-0.861,1.711,0.996,-1.516,-0.918,1.085,0
0.754,0.475,0.26,-0.344,0.269,-0.93,2.002,-0.016,0
-0.585,0.42,1.074,1.515,1.696,-0.691,0.93,0.744,0
-0.844,1.224,-0.08,-2.148,0.016,-0.214,-2.051,0.526,0
-0.535,-0.813,0.187,1.347,0.375,0.849,-0.196,-0.708,0
1.064,-0.563,0.974,1.576,-1.002,1.604,1.027,-0.947,1
-0.405,-0.759,-1.474,-0.11,0.868,1.846,1.403,0.293,0
0.627,1.921,-0.681,-2.056,1.187,-0.608,1.423,1.118,0
0.688,0.087,0.779,-1.195,-0.856,0.094,1.252,-0.161,0
0.242,0.301,-0.409,0.034,-0.771,0.799,0.542,0.368,0
-2.321,-1.575,-0.66,0.203,-0.93,0.214,0.498,-2.669,0
0.85,1.173,-1.049,0.254,-1.526,-2.987,0.982,-0.978,0
-0.613,-1.956,-0.485,0.02,-1.276,0.598,1.094,0.303,0
1.445,1.147,1.38,0.889,-1.063,-0.231,-0.222,2.065,0
-1.462,-0.642,0.278,0.19,1.583,0.772,1.786,0.743,0
2.187,-1.632,-0.027,-1.224,-0.634,2.101,0.474,0.58,0
2.077,-0.796,-0.458,-0.542,-1.035,-0.321,-0.999,1.041,0
0.212,1.363,-0.11,2.307,-0.341,-0.51,-1.857,-0.176,0
-0.476,-0.82,-1.077,-1.041,-0.868,-1.64,-0.828,-0.172,0
-0.437,0.15,-0.855,0.727,-2.08,-0.013,-0.743,1.42,0
0.377,-1.771,-0.324,-0.509,0.658,0.535,0.921,-0.639,0
-2.617,-0.541,0.525,-0.109,-0.217,0.147,0.026,-0.8,0
0.389,-0.042,-2.167,-0.473,0.379,0.784,0.585,0.023,1
1.062,-1.969,-0.392,-1.069,0.016,0.486,-0.754,1.234,0
-1.039,-1.924,-1.008,-1.252,1.161,0.288,-1.56,-0.059,0
-0.546,0.87,-2.191,0.58,0.061,-1.582,-2.033,-0.056,0
-0.534,-0.17,-1.03,1.381,0.057,-0.032,-1.219,0.534,0
-0.262,0.637,-1.174,1.885,0.851,-0.897,-0.944,-0.189,0
-0.227,-1.141,-0.182,1.101,-0.248,0.316,-0.557,-1.795,1
0.909,1.403,0.677,0.63,-0.742,0.239,0.63,1.417,0
0.52,1.588,-0.982,-0.088,0.269,-0.396,0.609,-1.269,0
0.298,0.041,0.766,1.873,1.043,-1.583,-0.456,-1.57,0
1.769,1.239,-0.472,0.391,0.044,-0.335,-0.301,-0.839,0
-0.014,0.65,-0.405,-0.653,-0.003,0.229,-0.713,-0.073,0
-0.091,-1.487,0.192,0.959,-1.59,0.211,-1.292,0.443,0
-2.18,-0.788,-0.298,-0.108,0.099,-0.775,1.468,1.132,0
-1.014,-0.837,-0.184,-0.065,0.651,0.254,-0.605,1.503,0
0.083,0.435,-2.112,0.318,-0.333,-0.492,0.766,1.964,0
0.171,-1.306,-0.916,0.516,1.16,-0.919,-0.793,0.948,0
0.121,-0.314,0.54,0.795,0.599,0.716,0.631,-0.189,0
1.472,0.743,-0.991,0.877,-0.266,0.133,-0.063,-0.062,0
-0.931,0.933,0.278,0.008,0.067,-1.091,-1.048,1.403,0
0.016,0.092,1.003,0.704,0.637,-0.951,-1.479,-0.645,0
1.264,-1.447,-1.88,-0.029,0.981,0.287,-3.208,2.263,0
-0.928,-0.299,0.257,-0.459,1.692,-0.454,-0.589,0.247,0
-1.313,0.254,-0.899,-1.395,-0.511,-0.885,0.326,-1.103,0
0.418,-0.413,0.771,-0.983,-0.315,-0.233,0.299,1.357,0
-2.403,-0.549,-0.28,0.007,-0.045,-0.155,-0.808,-0.836,1
1.582,2.177,-1.227,-1.491,1.075,2.045,1.639,0.523,0
0.638,-0.05,0.614,1.971,0.237,1.052,-1.034,-0.388,0
-0.841,-1.203,0.594,1.032,-0.919,-0.486,0.839,1.164,0
-1.698,0.511,-0.449,-1.964,-1.869,0.917,-0.114,-1.749,1
0.886,-0.039,-1.284,-0.325,0.092,0.134,0.287,0.363,0
1.488,-0.231,-0.469,0.078,0.827,0.018,1.084,2.235,0
-0.644,0.086,-1.322,-0.362,-0.256,-1.123,0.363,-1.543,0
-2.22,-1.987,0.977,-1.941,0.752,-0.076,-0.317,-0.13,1
0.797,0.767,0.263,-1.052,0.36,-0.847,0.604,0.463,0
-0.424,-0.615,0.543,0.201,1.182,1.289,-0.25,1.128,0
-0.077,0.125,2.122,0.359,0.136,1.28,0.854,0.151,0
0.429,0.04,0.03,0.87,-0.577,-0.214,-0.514,0.292,0
-0.346,0.424,-0.292,0.071,2.054,1.115,1.157,-1.484,0
0.219,-0.076,3.26,0.674,-0.761,0.71,0.299,-0.007,0
0.887,-0.25,-0.851,-1.26,-1.618,-0.376,-0.854,-0.109,0
0.421,1.381,-2.121,-0.197,-1.674,1.793,1.345,1.149,1
-1.052,1.473,-0.491,1.913,-0.219,0.245,1.125,-1.013,1
0.001,-0.844,0.42,2.319,-0.776,-0.347,0.183,0.24,0
-0.417,-2.474,-1.171,1.095,0.711,1.269,0.66,-0.011,0
-0.256,0.478,1.765,0.476,0.565,-1.065,-1.961,0.036,0
-1.128,-1.018,-0.231,-0.474,-2.421,-1.108,-0.721,0.024,0
0.113,-0.166,1.416,0.012,-0.964,1.364,0.947,0.89,0
-0.534,-0.569,-1.006,0.637,0.877,0.817,-1.509,1.906,0
1.348,1.599,-1.789,-0.599,-0.043,1.205,0.84,-1.336,1
-0.218,0.256,-1.248,-0.514,-0.38,1.153,-0.096,-0.63,0
-0.139,-0.177,-0.232,-0.726,-0.395,1.623,0.131,-0.914,1
2.552,0.44,0.07,-0.146,0.025,-0.733,-1.523,0.33,0
-0.344,-0.258,1.113,0.247,1.063,-0.391,-1.453,0.644,0
0.814,-1.046,-0.504,0.965,-0.526,0.839,-0.164,0.829,0
-0.072,0.183,0.673,-0.846,-0.452,0.26,-0.597,-0.192,1
1.374,0.879,-0.64,-0.274,1.331,1.897,0.241,-1.497,1
0.765,-0.849,-0.83,-0.673,0.198,1.554,0.937,-0.042,1
0.404,1.317,0.587,1.508,-0.543,-0.724,1.662,-1.243,0
0.658,1.589,0.263,0.027,0.131,1.521,-0.25,-0.148,1
0.011,0.306,-0.767,-0.675,-0.686,-1.389,1.312,0.078,0
-0.989,-1.013,0.134,-0.425,0.499,-0.195,2.818,0.475,0
1.431,0.835,0.298,-0.545,1.061,0.074,-2.183,0.551,0
0.147,0.101,0.454,-0.373,-0.104,0.437,-0.347,0.73,0
-0.113,1.259,2.596,1.174,-0.931,1.094,-1.304,-1.829,1
0.196,-2.167,-0.081,0.403,1.947,-0.406,-0.808,1.785,0
1.552,0.654,0.617,0.071,0.584,-0.116,0.651,-0.172,0
0.729,0.042,0.087,0.037,0.492,0.637,0.704,0.477,0
-0.292,-0.113,0.634,0.06,-0.932,0.605,1.211,0.835,0
0.089,-0.644,0.492,1.347,-1.14,0.491,-1.272,-0.471,0
-1.284,0.475,-0.85,-0.652,-0.068,-1.049,1.158,-0.284,0
0.963,-0.68,0.354,0.166,-0.922,-0.006,0.082,-2.892,0
-1.888,0.783,0.571,-0.242,1.013,-3.107,-0.175,0.124,0
0.899,-2.626,-0.283,-0.521,-0.582,-0.283,-0.75,0.697,0
-1.222,0.741,1.24,1.618,1.029,1.144,0.21,1.147,0
0.844,0.378,0.025,0.058,0.17,-1.71,-2.276,0.392,0
1.24,0.861,-2.366,0.15,0.071,-1.051,0.556,0.536,0
0.149,-0.646,-0.474,-1.321,-1.149,1.069,0.43,0.127,0
-1.116,-1.481,-0.92,0.767,-1.132,0.747,0.908,0.335,0
-0.858,0.404,-1.395,0.47,0.189,-1.698,-1.189,-0.241,0
0.176,2.006,0.268,0.447,-1.873,0.015,-0.084,-0.775,0
-1.072,-0.162,-1.039,-1.437,-1.618,-0.645,0.927,-0.166,0
0.81,1.71,0.131,-1.844,0.816,0.209,0.761,-0.326,0
0.188,0.246,-0.363,-2.064,-1.403,-1.972,0.575,-1.469,0
-0.73,-0.488,2.495,1.569,0.535,-2.217,-1.131,0.199,0
-0.177,-0.639,-0.167,-0.599,-1.219,-1.094,-0.337,1.077,0
-0.358,-0.716,-0.797,1.077,0.796,-0.411,0.451,0.447,0
1.163,1.758,0.965,0.511,-1.13,-0.913,0.427,-0.647,0
-1.471,-1.083,-1.157,-1.123,0.131,-0.83,-1.088,-0.323,0
-1.226,1.081,0.831,-0.829,-0.822,-1.296,-1.738,-0.283,0
-0.127,-0.824,0.636,-0.709,-0.312,0.146,-1.55,-0.091,0
-1.439,0.211,-1.424,0.586,-1.069,0.058,-0.3,-0.159,1
-1.082,-0.335,-0.01,-1.182,0.367,-0.23,0.308,0.245,0
-0.935,1.483,0.731,-1.076,-0.967,0.83,-1.333,0.818,1
-1.875,-0.19,1.771,-0.324,-0.37,-0.342,0.791,1.248,0
-0.966,-1.549,-0.274,1.548,-0.303,-0.323,0.53,-0.652,0
-2.282,-0.275,-0.239,0.632,0.949,-0.069,-0.322,-0.126,0
-0.173,0.841,-0.947,-0.972,-1.644,0.61,-0.274,-1.283,1
-0.198,-0.233,1.053,-0.611,1.328,0.872,0.961,-1.263,1
1.19,-0.66,-1.841,0.411,1.847,0.84,-0.334,-1.358,0
-0.994,1.285,1.173,-1.149,0.316,0.223,0.023,-1.166,0
0.282,-1.03,0.593,-0.324,0.315,0.547,-0.611,1.628,0
1.242,0.592,-0.195,0.194,1.073,-0.36,-0.548,0.974,0
-0.247,-1.609,1.171,-1.582,0.327,-0.148,0.713,-1.523,0
-0.587,0.989,1.055,0.095,1.17,0.237,-0.069,-1.849,1
-0.048,-1.9,-0.007,-0.886,-0.337,-0.156,-0.173,-1.166,0
0.631,-0.15,0.497,-0.014,0.659,-0.799,1.559,0.39,0
-0.348,0.266,-0.432,1.456,-0.073,-1.281,1.029,-0.114,0
1.448,0.593,1.722,0.645,-2.559,1.093,1.261,0.873,0
0.009,0.546,-2.358,1.077,0.872,0.923,-1.18,0.773,0
-0.804,0.08,0.944,-0.045,-1.039,-0.409,0.591,-0.368,0
-1.587,-0.655,-0.365,-0.726,0.76,0.019,1.051,0.694,0
-1.309,0.374,0.868,-0.783,-0.744,-0.487,-0.864,-1.116,0
0.001,-0.053,-0.201,-0.268,0.903,-0.545,0.01,0.119,0
-0.963,-1.067,0.109,-0.378,-2.875,-0.188,1.758,0.485,1
-0.116,-0.144,-1.116,0.024,0.2,1.696,1.418,-1.016,0
0.161,1.553,1.228,2.25,1.408,0.681,-1.038,-0.015,1
0.964,-0.431,0.663,-0.4,-1.253,-1.834,0.709,-1.564,0
1.026,-0.474,1.11,0.144,1.589,0.173,-0.355,-0.654,0
-0.721,0.514,-1.989,0.397,-0.505,0.549,1.591,-1.904,1
-0.117,1.479,-0.791,0.419,1.254,-1.257,0.759,1.302,0
-0.911,0.511,-0.831,0.336,0.049,-0.416,1.931,1.519,0
2.164,-0.464,-1.011,-2.654,-0.406,1.36,-1.491,0.477,0
0.051,1.16,2.148,0.187,1.904,-0.029,-0.315,1.128,0
-0.329,-2.209,-1.441,-0.492,1.374,-1.144,0.511,0.475,0
-0.202,-0.537,-0.492,-2.026,0.25,-1.604,-0.603,-0.475,0
-1.018,-1.493,-0.19,0.402,0.33,-0.411,0.07,-1.135,0
0.088,0.749,-0.763,-0.172,-1.21,-0.705,-0.4,-1.114,0
1.146,0.756,2.356,0.233,0.76,-0.162,1.399,-0.765,0
-3.669,0.392,-0.8,0.498,0.897,-0.293,0.144,-1.467,1
1.794,-0.925,1.387,1.166,-0.72,-1.243,0.562,-1.316,0
0.403,3.134,1.051,-1.288,-0.8,1.194,-0.16,-0.04,1
0.551,-0.066,-1.69,0.61,-0.346,0.259,-1.075,0.468,0
-0.635,0.123,0.72,0.549,-0.025,-2.384,-1.143,0.801,0
2.477,0.392,-0.241,0.306,-1.757,-0.428,0.089,-1.839,0
0.832,0.26,1.501,0.018,-0.435,0.994,-0.671,-1.7,1
-0.967,-0.479,2.709,-0.38,0.163,-1.608,1.58,-0.185,0
1.079,-0.271,-1.497,-0.498,-0.473,-0.46,0.131,0.21,0
-0.393,0.558,0.64,-0.604,-1.137,0.671,-0.758,-1.123,0
1.594,-0.1,-0.509,1.819,-0.272,0.718,-0.345,0.548,0
0.323,2.395,0.418,-0.959,-0.504,-0.291,1.108,0.736,0
0.301,1.057,-0.763,-1.815,-0.319,0.356,0.673,0.225,0
-0.135,0.445,-0.096,-1.723,-2.271,-0.17,-0.028,1.211,0
-0.183,0.424,-1.647,-0.432,-1.404,1.047,-1.228,-0.187,0
1.389,0.615,0.623,0.012,0.096,0.997,-1.486,-0.031,0
-0.083,-0.362,0.818,0.386,-1.075,-0.596,0.521,-0.258,0
1.046,-0.2,-0.668,0.284,0.931,-0.288,0.157,-0.081,0
2.017,-0.643,-0.274,0.42,0.105,0.309,0.943,1.273,0
-0.066,-0.021,-0.22,0.416,-0.074,-0.813,0.255,-0.898,0
-1.26,1.632,-0.539,-0.145,-0.063,0.051,-2.105,-0.468,0
0.099,-0.331,-0.14,-0.55,-2.352,0.652,0.438,0.738,0
0.282,0.368,0.34,1.086,0.712,2.36,-0.128,0.1,1
-1.107,-0.692,-0.707,-1.371,-0.257,0.039,0.672,-0.39,0
0.624,-0.148,1.013,-0.951,0.291,-0.435,0.884,0.278,0
-1.133,-1.107,0.217,-0.919,-0.081,0.673,3.278,-0.627,0
-0.61,-0.202,1.001,-0.467,-0.579,-1.553,-0.252,0.408,0
2.216,0.091,-0.262,1.557,-0.174,0.56,1.535,0.797,0
0.467,-0.358,-1.2,-1.083,0.575,0.334,1.012,-1.172,0
-0.59,-1.369,-0.28,0.528,-1.831,-0.389,1.101,2.06,0
-0.756,-0.155,1.019,-0.201,-1.012,0.591,2.483,-0.53,0
-0.307,-0.806,-0.659,1.249,0.294,-0.828,0.78,0.156,0
-0.54,-0.089,-0.425,-0.444,-1.132,0.914,0.175,-0.427,0
-0.305,1.593,1.392,-0.172,-1.751,1.427,0.299,0.236,0
-0.698,0.558,0.454,-0.188,-1.185,-0.603,-0.019,1.068,0
-0.099,0.99,0.488,-1.587,-0.231,-0.403,-1.819,0.637,0
-0.787,0.32,0.876,0.392,-0.02,-0.965,-0.273,0.674,0
1.191,1.725,-1.742,0.755,-0.532,-0.094,-0.734,0.756,0
-2.132,0.035,-0.495,-2.408,0.309,-1.074,0.032,0.915,0
0.526,-0.772,-2.157,-0.906,-0.149,-0.156,-0.636,-1.05,0
0.668,-0.257,0.095,-1.052,-0.194,1.565,0.669,-0.813,0
1.577,-2.221,-0.801,-0.558,1.213,-0.672,1.124,-0.363,0
-0.766,-0.872,1.415,0.815,-0.145,0.137,-0.992,0.857,0
-0.77,-1.38,0.694,0.81,-0.444,0.745,1.32,-0.521,0
-0.972,0.303,0.273,0.676,-1.977,-1.066,1.004,-0.744,1
-0.789,0.717,1.881,-2.269,1.185,-0.382,0.11,0.829,0
-0.745,1.998,-1.641,1.615,-1.91,-0.681,0.396,0.442,0
-0.063,0.648,-0.385,-1.861,0.766,-0.252,-1.609,-1.322,0
0.303,-0.214,0.379,-1.132,0.238,1.019,-0.85,-1.09,0
1.396,-0.394,1.32,0.611,-1.232,-0.632,0.139,2.478,0
2.152,-0.716,0.08,-0.157,-0.475,-0.315,1.249,0.189,0
0.419,1.546,1.509,-1.462,-0.874,-1.754,-2.458,0.52,0
1.491,-0.764,-0.695,0.685,0.292,-1.543,0.572,-1.19,0
-1.023,-0.299,0.01,-1.414,1.324,0.038,-0.044,-2.117,1
0.299,0.021,-1.31,-1.847,-0.397,-2.977,1.109,-0.791,0
0.035,-1.934,-0.503,-0.299,1.193,-0.121,0.027,1.242,0
-0.497,-0.359,1.148,-0.502,-0.053,0.346,1.239,-0.829,0
-0.806,-0.938,-0.216,0.169,-1.165,-0.021,-1.292,-1.241,0
-1.055,0.646,0.076,0.427,1.486,1.005,-0.346,-0.19,0
0.235,-0.081,2.03,-0.03,-1.561,-0.9,-0.162,1.271,0
-0.415,2.269,-0.151,0.258,1.765,0.476,0.313,-0.711,1
-0.377,-1.094,-0.268,-0.424,0.447,0.157,2.168,0.559,0
1.265,1.091,0.587,1.037,-0.937,-0.335,0.394,0.797,0
-0.877,-0.714,0.483,0.172,-0.835,1.794,0.393,-0.097,1
0.029,-0.188,0.226,0.742,0.098,-1.333,-0.144,-1.339,0
-0.895,0.644,1.225,0.272,-1.717,-0.223,1.493,-0.254,0
0.312,-2.273,-0.774,0.232,0.325,-1.306,-0.411,0.786,0
0.215,0.943,0.242,-1.173,-0.623,0.192,-0.507,-0.683,0
0.106,0.535,-1.895,0.15,-0.159,0.034,-1.617,-0.721,0
0.676,-0.988,0.24,0.641,-0.372,0.039,-0.059,0.692,0
0.624,-1.12,-0.168,-0.902,-0.431,0.037,-1.38,0.998,0
1.442,0.417,0.001,-1.045,0.674,0.795,0.167,0.408,0
-0.86,0.82,-0.466,-0.664,0.572,-0.023,-0.172,1.207,0
1.864,-0.475,-2.092,0.544,1.156,0.192,0.435,0.846,0
-1.68,0.495,0.679,0.012,0.383,0.088,-0.281,1.653,1
-1.296,0.107,0.844,1.153,0.666,0.356,-0.929,0.305,0
0.85,-0.463,-2.808,0.28,-0.51,0.445,0.171,0.158,0
-0.399,-1.065,-0.236,0.077,-1.606,0.516,-1.038,0.277,0
0.364,-0.338,-0.514,-0.183,0.17,-0.564,0.052,1.451,0
-0.467,-1.166,-0.839,-0.361,0.05,1.02,1.802,0.823,0
0.761,-0.907,1.746,-1.433,0.022,1.572,2.283,-0.875,1
0.011,0.035,0.179,-0.021,1.751,-0.464,-0.561,-1.333,0
-1.154,-0.282,1.065,-0.095,-1.246,1.606,-0.389,-0.525,0
-1.068,0.31,0.557,0.842,1.297,-1.654,-1.197,-1.192,0
-1.314,-0.265,1.004,-2.114,-0.493,0.149,0.916,-0.909,0
-0.606,-0.008,-0.416,-1.402,-0.853,0.049,0.656,-1.796,0
-0.122,-0.012,0.39,-1.433,1.32,-0.752,0.737,-0.077,0
1.373,0.631,-0.787,1.615,1.047,-0.08,-0.004,0.007,0
0.323,-0.007,0.925,-1.268,-1.14,0.174,-0.025,-0.64,0
-0.653,-0.154,-1.594,0.339,-0.352,-1.584,2.144,-0.079,0
-0.627,-0.12,0.689,-0.182,1.491,2.487,-2.276,0.097,0
0.497,-0.446,0.76,-1.18,-1.444,-0.275,1.707,-0.566,0
0.594,-0.133,0.427,2.829,-0.136,0.323,1.276,1.129,0
-0.639,-1.224,0.922,-1.122,0.512,-0.229,-0.089,0.391,0
1.107,-0.963,-0.404,0.806,-0.834,1.258,0.592,0.034,0
0.551,0.536,0.654,0.75,-0.872,-1.219,0.46,2.517,0
1.627,-0.923,0.473,0.031,0.307,0.178,-0.89,1.05,0
-0.154,0.2,-1.768,-1.499,0.463,1.745,1.326,0.731,0
-1.261,0.136,-1.337,1.468,0.692,-0.48,0.28,0.481,1
-1.274,-1.749,-0.678,0.432,-1.59,-1.171,-0.119,-0.577,0
0.2,0.361,0.44,0.19,2.271,-0.87,0.577,-0.014,0
-0.316,0.144,-0.199,0.637,1.219,1.378,0.563,0.705,1
0.247,-0.596,-1.316,-0.122,-0.756,0.623,-0.471,-1.492,0
-0.056,1.09,0.913,0.249,0.812,-0.945,0.474,0.107,0
1.47,-0.405,-0.807,-1.087,-2.78,-1.206,-0.86,-0.833,0
-0.187,-1.116,-0.049,0.933,-0.402,-0.03,0.819,-1.433,0
0.444,-0.546,0.29,-0.799,0.097,-0.934,0.368,-0.725,0
0.295,0.762,-1.646,-0.96,0.245,1.695,-0.872,0.288,0
0.49,3.559,-1.367,1.478,-0.357,-3.073,0.694,0.441,0
0.572,0.88,-0.893,0.025,0.089,-1.018,-1.011,0.086,0
1.048,-1.414,-0.389,0.174,-0.653,-1.031,-2.057,-0.492,0
-0.794,0.565,0.063,0.57,-0.869,0.526,0.056,1.604,0
-1.307,-0.511,1.396,0.565,0.341,1.471,0.157,0.911,0
-0.192,1.349,0.08,-1.091,-0.144,-1.051,1.142,-1.587,0
1.776,0.5,-1.733,-0.842,0.68,1.696,-0.997,-0.675,0
1.274,-1.529,0.482,0.241,0.928,0.095,-1.541,1.749,0
-1.248,1.772,-0.059,-0.682,-0.789,-0.51,-0.991,0.347,0
-0.407,1.062,-0.128,-1.374,0.69,0.56,0.512,0.193,0
0.313,-1.88,0.805,-0.847,0.708,0.813,-1.419,1.316,0
-1.457,-0.008,-0.536,-1.35,0.487,0.027,-0.331,-0.336,0
-0.213,-0.577,3.309,0.543,-0.148,-3.399,0.28,0.451,0
0.419,0.008,1.068,1.046,0.799,0.293,-0.472,0.036,0
-0.02,-1.5,1.109,-1.365,-0.936,-0.883,-0.923,-0.485,0
-0.243,-0.286,-0.76,-0.669,-0.012,-0.532,2.07,0.965,0
-0.274,-1.087,1.144,-0.825,-2.508,0.937,0.029,0.514,0
0.183,1.475,-0.494,0.373,1.186,0.41,-0.566,-0.368,0
1.851,1.742,-1.104,0.733,0.751,-1.157,0.727,2.369,0
0.274,-2.28,0.464,0.23,0.438,-1.259,-0.309,0.483,0
-0.834,0.176,-0.153,-1.617,-0.519,0.349,1.472,-1.086,0
-0.425,0.359,-0.635,0.364,1.217,-0.818,1.75,0.544,1
1.85,0.749,-1.668,-3.263,0.882,-0.745,-0.585,-0.284,0
0.686,1.533,-0.626,0.568,-0.142,1.794,0.204,-0.325,1
1.698,-2.053,0.594,-0.399,-0.428,-0.724,-0.206,-0.243,0
1.761,1.519,0.072,0.023,3.057,-0.352,-0.881,0.105,0
-1.592,0.426,1.005,-0.74,-0.017,-2.063,1.145,0.729,0
0.493,0.434,0.09,0.569,-0.814,1.403,-1.039,0.134,0
0.29,-2.001,1.22,-1.329,0.846,-0.456,1.954,-1.537,0
0.923,-1.065,-0.336,-0.098,0.829,-0.013,-1.332,0.265,0
-0.553,-2.166,1.714,-0.653,0.445,-0.078,-0.897,-0.218,0
0.432,-0.932,1.48,0.711,-0.763,0.55,0.068,2.005,0
-0.687,0.361,-1.362,0.203,0.163,0.402,-1.817,0.629,1
-0.227,0.782,-3.074,-0.61,-1.409,-0.536,0.521,-0.172,0
-0.317,-0.287,-0.689,0.772,0.412,0.964,1.307,1.79,1
0.03,0.447,1.108,1.027,-0.413,0.094,-1.339,0.225,0
-0.674,-0.987,-0.817,1.049,0.271,-0.265,-0.582,0.222,0
0.225,-2.11,-0.881,0.668,-0.858,-0.85,-0.394,1.354,0
2.147,0.576,-0.64,-0.582,0.525,-1.077,-1.186,-0.222,0
1.471,-0.019,-0.851,0.177,0.197,-0.989,-1.372,-1.083,0
-0.303,-0.586,-0.88,-0.647,-0.895,1.766,0.276,1.983,0
-0.064,0.674,1.47,-0.54,0.261,0.237,-1.518,-0.506,0
-0.335,0.146,-0.69,-0.178,-0.661,-1.141,0.262,-0.2,1
1.322,0.552,0.347,-1.615,0.082,-0.329,0.107,0.785,0
-0.203,-0.083,0.052,-1.015,-0.004,0.348,-0.769,-0.528,0
0.825,-0.421,0.237,0.09,-2.455,-1.651,1.61,1.606,0
-1.774,-0.212,0.452,-0.915,1.084,2.181,0.087,0.347,0
0.867,0.991,-0.525,0.297,1.609,0.196,2.322,0.065,0
-0.787,0.561,0.693,1.034,-1.032,-0.388,2.038,0.61,0
-0.1,-0.409,-0.384,-0.669,1.153,1.164,-0.527,-0.699,0
-0.135,-0.54,-2.544,-1.185,-0.305,0.259,0.356,0.126,0
0.329,-1.655,-0.606,0.295,1.443,-0.957,0.13,0.446,0
-1.065,1.382,-0.329,0.093,-1.257,-0.983,0.234,-0.103,0
0.561,1.803,0.915,-0.014,0.662,-0.726,1.015,0.076,0
0.241,-0.885,0.762,0.35,-0.232,-0.531,0.033,-1.252,0
-0.686,-0.257,0.854,1.7,0.761,0.996,1.169,2.021,0
-0.318,0.847,-0.438,-0.16,0.057,0.331,0.098,0.337,0
0.032,-1.053,-2.804,-0.188,-0.087,1.056,1.228,-0.898,0
1.078,0.86,-0.019,0.106,0.071,1.965,-1.592,-0.065,1
1.124,1.197,-1.027,-0.989,-0.225,-0.277,0.479,-0.595,0
-1.226,-1.201,-0.163,-0.641,-0.819,-0.334,1.099,0.168,0
0.603,-1.3,-0.54,-0.398,1.723,-0.552,-0.13,0.573,0
-0.004,1.652,1.183,0.752,-1.549,-1.206,-1.021,0.075,0
-0.901,1.752,-0.357,-1.512,-0.78,-0.518,-0.405,-0.688,0
-1.028,-0.192,2.65,0.398,-0.025,-0.011,0.524,-0.971,0
2.497,0.927,0.442,0.161,-1.22,0.496,0.27,-0.847,0
-1.614,-0.082,-0.77,0.502,1.283,0.685,-0.447,0.367,0
0.127,0.947,-1.945,1.381,0.933,0.663,-0.489,-0.462,0
0.234,-1.044,0.657,0.237,-1.967,-0.07,3.341,-0.252,0
0.414,0.776,-0.196,-0.505,0.363,0.334,0.371,-0.155,0
-0.168,0.091,0.12,0.143,-0.733,-0.51,0.494,1.545,0
0.397,0.115,-0.104,-0.346,0.6,-0.807,0.1,1.614,0
1.6,-0.446,-1.219,0.588,0.666,-0.799,0.222,-0.856,0
-0.289,0.882,-1.409,0.018,-0.271,1.278,-1.504,0.228,1
0.317,1.255,0.518,-1.682,-2.496,-0.153,1.399,1.074,1
0.279,0.522,0.947,1.845,-0.212,-0.406,0.112,-0.489,0
0.304,2.122,-0.03,1.367,-0.572,0.908,2.318,-0.029,0
0.252,-0.512,-0.94,0.171,-1.222,-0.581,-1.218,0.33,0
1.408,-0.502,-1.675,-1.46,0.101,-1.912,0.854,0.707,0
-0.404,-0.755,-0.576,-0.68,-0.366,-0.325,0.648,1.692,0
-0.643,1.75,0.528,0.831,-1.064,0.84,-0.527,0.56,0
-0.135,0.4,0.141,-1.004,-0.279,-0.78,-1.909,-1.518,0
-0.097,0.508,1.421,0.051,-0.169,-1.317,-0.256,-1.327,0
0.283,-2.754,-0.496,-0.773,-0.401,-1.622,-0.744,-0.449,0
0.367,0.468,-2.089,0.638,-0.476,-0.033,1.303,1.929,0
0.691,-0.692,-0.813,-1.61,1.009,-0.559,-1.693,-0.252,0
0.145,-0.552,-0.3,-0.307,1.008,-0.219,2.012,1.081,0
-0.527,-0.639,-0.783,-0.135,-0.059,0.526,-0.584,-2.216,1
-1.643,1.107,-1.198,1.71,-0.177,0.438,0.262,-0.013,0
-0.182,0.565,-0.746,0.454,0.181,0.762,0.023,-1.813,0
0.308,0.527,1.355,0.806,0.072,0.736,-0.528,-0.451,0
-0.666,-0.818,0.516,0.535,-0.891,0.329,-0.441,-0.863,0
-0.155,1.232,0.724,-0.106,-0.006,0.875,-0.791,0.302,1
0.15,-0.907,-2.513,-1.524,-0.238,1.628,0.152,1.178,0
-1.33,-2.189,-0.269,0.063,0.978,-0.743,0.479,-0.113,0
-0.571,0.548,-1.12,-2.067,0.791,3.131,-1.434,-0.814,0
0.002,-1.905,-0.208,1.559,1.603,2.569,1.443,1.002,0
1.164,0.381,0.748,-0.665,1.001,0.256,0.657,0.79,0
0.163,-1.548,0.426,-0.564,-1.484,-2.623,-0.866,-1.792,0
1.121,1.088,0.305,-0.313,1.233,-0.61,0.172,0.044,0
0.193,1.31,0.159,-0.509,-0.487,-0.326,0.641,-0.429,0
1.057,-0.345,-0.147,1.02,-0.481,-0.638,-0.415,-0.064,0
1.273,2.252,0.224,0.72,-0.572,-0.199,0.782,-0.783,0
-1.406,0.287,-0.502,0.491,-2.06,0.676,-0.572,0.628,1
-1.687,0.343,0.563,-0.046,0.683,0.518,-0.071,1.229,1
1.19,-0.383,-0.459,-0.344,-0.809,-1.468,1.328,0.74,0
-0.81,-0.354,0.692,0.297,-1.639,-0.959,1.605,1.753,0
0.661,0.983,-0.256,0.839,0.189,0.056,0.284,1.471,0
-0.098,-0.18,-0.235,0.017,-0.857,1.153,-0.316,-1.55,0
0.089,-1.527,1.565,-0.576,0.464,0.626,-1.054,-0.486,0
-1.774,-0.087,-0.767,0.785,1.675,-0.082,-0.326,-0.043,0
0.418,0.05,0.196,-1.036,0.268,0.109,0.075,0.617,0
-2.0,-1.131,0.68,2.094,-0.679,1.89,0.183,-0.542,1
0.378,-1.674,0.867,0.288,-0.823,1.88,2.638,-0.102,0
-1.487,-0.283,-0.354,-0.719,0.067,1.982,0.083,1.133,0
2.037,-0.544,1.226,-0.95,-2.714,0.543,0.712,0.414,0
1.047,0.244,1.193,-0.714,-0.166,1.408,0.237,0.481,0
0.315,0.805,-2.477,-1.506,0.3,-1.347,0.305,0.339,0
-0.233,-0.355,1.119,-0.604,-0.176,0.254,-0.107,0.658,0
1.151,0.507,0.193,0.409,-0.015,-0.808,-1.368,-1.121,0
0.354,-0.433,-0.48,-0.814,-0.249,1.816,0.376,-0.399,1
0.173,1.058,-0.211,0.808,-0.559,0.083,-0.001,-0.747,0
-0.144,-0.2,-1.395,-2.076,-0.023,-1.137,0.153,0.867,0
-0.644,1.303,-2.602,-0.024,-0.528,-0.786,-0.422,0.414,1
-0.396,1.406,-1.385,0.361,-0.206,-1.539,-1.646,-0.879,0
0.097,-0.213,-0.015,0.009,0.496,0.873,1.155,2.312,0
-0.907,1.645,0.378,-0.012,0.688,-0.8,1.02,0.198,0
-1.057,-0.988,0.0,1.11,1.362,0.967,0.588,0.463,0
-0.133,0.332,0.215,-0.717,-0.91,0.522,-0.287,1.69,0
-0.074,0.853,-1.845,1.206,0.156,1.101,-0.188,-0.496,0
0.719,0.277,1.321,-0.892,-0.734,-0.756,0.973,1.666,0
0.916,-0.568,-0.254,0.676,-0.299,-0.402,2.176,0.624,0
-0.982,0.555,-0.639,-1.446,0.181,0.471,-0.292,0.463,0
-0.296,1.669,0.09,-0.055,-0.398,-1.579,-1.672,2.045,0
-1.15,0.352,1.799,-1.373,0.311,-0.099,-1.804,-1.002,0
1.071,1.561,-0.144,1.974,1.278,1.638,0.518,0.643,0
-1.917,-0.627,-1.627,1.778,-0.667,-0.196,1.316,1.586,0
2.492,0.288,0.891,-0.118,0.662,0.233,0.049,-1.588,0
0.517,0.536,0.715,-0.065,0.236,-0.863,0.623,0.308,0
-1.535,-0.183,0.043,-0.351,0.792,-1.068,0.158,-0.525,0
0.127,-1.78,-1.366,-0.267,-1.951,-0.964,0.17,0.23,0
0.868,1.601,1.054,0.037,-0.415,-0.305,1.488,-1.056,0
0.068,2.026,0.209,-1.761,0.896,-1.587,0.39,-0.778,0
0.572,-0.588,0.337,-0.319,-0.327,1.992,1.738,1.266,0
0.437,2.668,0.414,0.85,1.326,1.648,1.143,0.833,0
0.309,-0.414,0.253,0.043,-0.33,0.337,-0.417,0.36,0
0.732,0.435,-0.064,-0.646,-1.761,-0.501,-0.204,0.973,0
-0.924,0.994,-0.535,0.162,0.911,-0.759,-0.207,-0.4,0
0.306,-0.176,-0.702,1.397,-0.293,0.108,-0.051,-1.056,0
-0.38,0.298,-0.918,-1.809,1.369,-0.351,-0.215,0.611,0
-0.329,0.659,0.266,-0.382,-1.183,-0.403,-1.529,-0.291,0
-0.17,1.957,-1.007,-1.603,1.944,-1.375,-0.854,-0.569,0
1.626,1.502,0.293,1.212,1.317,0.214,-0.293,0.822,0
1.045,0.149,0.923,-1.656,-0.263,0.907,0.283,0.477,0
1.083,-1.553,0.81,-1.207,1.433,-0.451,-0.875,-1.016,0
1.166,-0.77,-0.853,-0.799,0.441,-0.066,1.051,-0.19,0
1.11,-0.93,0.193,0.348,-0.248,0.9,0.016,-1.262,1
-0.457,-0.536,1.624,0.638,0.131,1.529,0.517,1.187,0
-1.434,-0.565,-0.962,-0.735,-1.911,-1.206,0.288,-1.254,0
1.213,-0.011,0.489,0.522,-0.035,0.603,-0.419,-0.696,0
1.228,0.823,-0.322,-0.067,-0.152,0.666,-0.524,1.004,0
0.543,1.886,-0.023,0.385,0.473,0.488,-1.455,0.605,0
-0.471,0.053,-2.351,-0.179,0.059,-1.231,0.587,0.002,0
0.966,-0.615,-0.169,0.622,-1.295,1.613,-0.601,1.103,0
-0.214,0.02,0.781,2.135,1.231,-1.548,0.54,1.276,0
-2.513,1.589,0.677,0.436,1.026,1.312,-0.469,0.005,0
-0.505,0.815,-0.085,-0.135,0.797,1.059,0.132,-0.001,0
0.532,0.741,-0.713,1.299,-0.423,-2.48,0.368,-0.145,0
1.134,-1.859,-1.553,-1.533,0.004,-1.583,1.001,-0.383,0
-1.271,0.023,-1.596,1.046,0.386,-1.324,0.828,0.245,0
0.759,0.669,0.197,-1.658,-0.27,-2.17,-0.459,-0.591,0
-0.033,-0.367,0.209,-1.01,-0.043,-0.743,0.17,0.362,0
-0.406,1.143,0.301,-0.154,-0.882,-0.142,-0.364,0.635,0
2.094,1.107,0.568,-0.857,0.602,1.296,-0.821,0.195,0
0.906,-0.147,-0.751,-0.82,-0.091,0.012,0.341,1.434,0
1.041,0.542,-1.36,-0.216,1.627,1.357,-0.74,2.359,0
0.779,0.987,0.004,0.152,0.898,-0.758,-0.106,0.637,0
-0.918,-0.126,0.416,-0.843,0.611,-0.885,-0.881,2.421,0
1.295,-0.938,-0.515,1.402,0.366,-0.126,0.612,-0.831,0
0.099,0.08,-1.158,-0.119,-0.569,-0.474,-0.735,0.163,0
0.75,1.318,0.13,0.987,0.282,-1.729,-0.529,0.373,0
-1.26,1.246,-1.74,-1.172,0.831,1.606,-0.109,-0.935,1
-0.287,-0.006,0.608,-0.964,-1.577,-0.433,1.082,0.522,1
-0.647,0.769,0.399,-0.62,-0.171,-0.11,-0.351,-0.184,1
1.087,-0.057,0.588,0.618,-0.982,0.386,-0.054,-0.113,0
-0.477,-0.571,1.281,0.676,-1.19,1.495,-0.989,-0.099,0
0.978,0.066,-0.716,-0.064,-1.15,-0.743,-0.868,0.428,0
0.618,-0.556,2.222,-0.113,0.871,-2.337,0.658,-0.497,0
-0.674,-0.402,-2.039,-2.37,1.553,1.372,0.519,-0.91,1
1.043,-1.964,0.941,-2.183,1.641,-0.042,-0.231,1.857,0
1.671,1.643,1.723,-0.601,-0.39,-0.962,0.477,0.801,0
-2.15,-1.027,-0.081,-0.595,1.61,0.077,0.356,-1.229,1
-0.651,-0.466,-1.626,-1.283,0.755,0.918,-0.907,0.681,0
1.55,-1.241,-0.28,-0.015,-0.37,1.225,-2.261,-0.109,0
-0.064,0.135,-0.596,0.516,0.379,0.371,1.346,0.477,0
-0.228,0.923,0.948,-0.211,0.399,-0.662,-0.967,-0.977,0
1.863,1.299,-0.301,0.194,1.849,-1.151,-1.985,0.974,0
0.447,-0.851,0.698,0.457,0.145,0.392,-1.074,-1.185,0
0.239,-1.34,-0.195,-0.401,-1.104,0.672,-0.242,0.807,0
-0.458,-0.437,-0.943,2.471,-0.975,-0.32,-1.533,-0.358,0
-0.798,-0.685,1.266,0.008,-1.124,1.626,0.132,0.424,1
0.861,-0.336,0.477,-1.401,-0.53,0.359,0.553,0.234,0
0.951,-0.473,-2.78,-0.217,-1.265,-0.654,1.91,-1.412,0
0.3,-1.422,-0.541,-0.879,0.133,1.066,-0.069,-1.12,0
1.253,-0.092,0.02,0.468,-0.397,-1.283,1.409,0.98,0
-0.19,-1.146,-0.842,-0.61,2.558,0.912,-1.36,1.386,0
-1.468,0.907,-2.989,0.254,0.488,0.299,-2.426,1.032,1
0.551,-1.194,1.409,0.118,2.34,0.509,-0.809,0.426,0
-1.381,0.006,-1.86,-0.771,0.242,-0.155,0.32,0.138,0
2.059,0.593,-0.111,-1.083,0.513,0.932,0.068,-1.788,0
-0.442,-0.322,-0.904,1.527,0.259,0.439,0.85,0.489,0
0.032,-0.504,-0.756,0.459,0.143,0.92,0.382,-2.048,1
1.364,-0.298,1.07,-0.72,0.811,0.019,1.671,-0.17,0
-0.363,1.935,-1.012,1.088,-0.89,-0.92,-1.598,1.561,0
0.545,-0.797,0.233,0.308,1.289,0.339,0.92,1.188,0
-0.247,1.549,-2.014,-0.584,-1.247,2.442,-0.246,-1.793,1
0.96,-1.718,-0.578,-0.762,-0.433,0.295,-0.261,-1.662,0
-1.499,-0.236,-0.208,-0.054,-0.635,0.752,0.498,1.868,0
1.303,0.874,0.002,-0.059,1.244,0.236,-0.879,-0.173,0
0.66,0.845,-0.206,0.838,-1.542,-0.356,-0.018,0.218,1
-0.055,1.431,-1.178,0.889,0.182,-0.745,0.466,0.769,0
0.32,0.352,-0.153,1.404,0.713,0.002,1.213,1.305,1
0.637,-1.415,-0.823,-0.564,-0.362,0.854,-1.222,0.219,0
0.795,-0.236,-1.052,0.363,-2.318,0.41,-0.51,-1.218,0
-0.396,-1.259,-0.919,1.547,0.35,1.128,0.996,1.736,0
1.105,-0.564,-0.191,0.283,0.888,-1.118,0.953,1.239,0
1.092,-1.311,0.341,0.78,-0.716,-0.597,0.659,0.337,0
0.823,-0.322,0.696,0.54,-0.259,0.925,-0.64,-0.322,1
0.497,1.791,-1.404,-1.319,-0.062,-0.123,-2.171,0.172,0
-0.453,-0.051,0.165,-1.804,0.194,0.501,-0.005,-0.628,0
0.17,-0.368,0.521,-0.826,-1.035,-0.833,0.449,-0.272,1
-0.661,1.736,-0.598,-0.708,-0.446,-0.193,0.665,0.331,0
1.387,-1.451,-1.096,-0.367,1.218,1.292,0.955,-0.139,0
-0.226,-1.303,1.034,-0.915,-1.04,1.352,0.243,-1.963,0
-0.288,0.229,0.299,1.414,-1.439,0.876,-0.872,-0.309,0
-1.654,0.552,0.589,0.073,0.436,0.407,0.621,-0.478,1
-1.195,1.073,-0.151,-0.322,0.846,-0.393,-0.399,2.23,0
0.264,0.467,2.115,-0.244,-1.485,-0.266,0.647,1.196,0
-2.272,-1.601,1.557,-0.781,-0.542,0.611,0.279,0.033,0
0.376,-0.543,-1.641,-1.616,0.175,1.496,-0.2,0.403,0
2.275,-0.871,-0.706,1.221,-0.508,-0.094,-1.095,-0.608,0
0.897,-1.03,0.308,-1.245,-0.764,-1.075,1.697,0.464,0
-1.693,-0.738,-1.151,1.804,0.021,0.197,1.239,-2.107,0
0.169,-0.726,1.166,0.153,0.119,0.644,1.732,-0.917,0
2.68,0.109,-0.044,-0.622,-0.122,0.934,-1.227,-0.778,0
0.586,-0.463,1.686,0.305,0.372,2.362,-0.277,1.048,0
1.92,0.578,0.603,-1.227,-2.623,-0.07,-0.027,-0.332,0
-0.331,0.863,-2.01,-1.128,0.256,-1.039,0.544,0.372,0
1.701,0.634,0.053,0.382,0.306,-0.283,-1.169,-1.039,0
0.888,0.975,1.582,-0.97,-1.278,0.874,1.541,-0.39,0
0.656,0.398,-1.078,-0.524,-1.127,-0.565,-0.337,-0.341,0
-1.104,0.641,-0.578,0.473,1.14,-0.906,-0.076,-1.264,0
0.156,-0.828,-0.727,0.484,-1.174,0.605,-0.102,-0.709,0
1.513,0.863,0.036,0.891,-1.753,1.149,-1.364,-0.78,1
1.147,1.712,-3.389,1.116,-1.316,-0.067,-0.63,-1.582,0
0.055,0.703,-0.383,0.328,-0.588,-0.466,1.494,0.36,0
-0.347,-0.018,-0.691,-1.634,-0.506,-1.463,1.098,-0.628,0
0.064,-0.952,1.229,-1.535,-0.181,-1.641,0.618,2.09,0
0.375,-0.108,1.357,0.84,-0.472,-1.501,1.778,2.181,0
2.353,-0.97,1.611,0.35,0.439,-2.054,-0.148,-0.781,0
-1.855,0.763,1.105,0.649,2.076,0.445,-0.376,0.498,0
1.61,-0.943,-0.092,-0.994,0.583,0.432,0.931,2.105,0
-2.761,0.205,-0.533,-1.523,-0.064,0.352,1.493,1.179,0
-0.396,-0.355,-0.14,-0.679,-0.1,-0.342,1.969,0.139,0
0.257,0.559,0.83,-0.103,-0.052,0.355,-0.136,0.158,0
0.409,-0.703,0.081,0.416,-0.476,1.676,0.798,-0.591,1
1.909,-1.234,0.85,-0.456,0.394,0.568,0.053,-0.725,0
0.651,-0.46,-1.491,-1.258,0.736,-0.871,-0.438,0.955,0
1.238,1.119,1.047,0.003,-0.452,-0.647,-1.426,-0.038,0
-0.389,-0.342,0.396,0.014,-0.924,0.843,0.993,-0.083,0
0.955,-1.675,0.206,1.048,-0.723,0.866,1.992,0.737,0
0.889,-0.335,0.839,0.35,0.871,0.415,-0.373,0.456,0
0.518,1.184,-0.125,-0.5,-0.778,3.232,-2.475,-1.218,1
1.203,0.993,0.047,0.378,-0.679,1.046,0.705,0.14,1
0.022,-0.146,2.166,-0.545,0.588,0.734,1.063,1.172,0
-1.565,-0.941,1.128,-0.58,0.04,0.528,-1.477,-0.43,1
-0.751,-0.801,0.245,1.357,-1.265,-1.419,0.504,0.319,0
-0.06,-1.534,-0.14,0.087,-0.361,-0.36,-0.068,-0.539,0
-2.176,-1.298,-0.6,1.259,1.541,0.445,-2.656,-2.162,1
-0.737,1.318,0.866,1.017,1.217,1.163,0.51,-0.548,0
-0.584,0.263,-0.138,-0.307,1.174,0.346,-0.86,-0.902,0
-0.103,-1.065,1.041,-0.568,-2.181,0.439,-1.172,0.963,0
-0.082,-0.448,-2.785,-0.078,0.944,2.888,2.308,-1.553,1
0.777,-0.086,-0.273,-0.362,-0.179,-0.598,-2.937,-0.69,0
-0.304,0.472,-1.264,1.405,-0.484,0.54,0.415,-0.616,0
-0.777,2.141,-1.695,-0.627,0.421,-2.571,0.885,0.936,0
-0.3,-2.637,0.276,-2.805,-1.425,-0.928,-1.764,-0.059,0
0.7,0.087,-0.237,1.251,-0.51,0.61,-1.52,1.634,0
0.262,1.212,-1.332,-0.319,0.834,1.075,-0.302,0.133,1
-1.249,-0.646,0.755,0.944,0.146,-0.018,-0.611,-1.206,0
0.685,0.189,0.44,-0.106,0.823,0.119,0.045,0.202,0
0.158,-0.012,0.234,0.091,0.358,-0.581,0.687,0.234,0
1.351,-1.926,0.734,-0.526,-0.77,0.551,-1.245,1.123,0
0.359,-0.394,-1.483,-0.11,0.468,-0.013,1.717,0.782,0
-0.35,0.903,-0.488,1.65,0.246,0.759,-0.24,0.765,0
-1.039,-1.862,0.686,0.996,0.801,-0.952,1.747,0.755,0
2.933,-0.314,0.574,0.095,-1.646,0.709,-1.975,0.275,0
-0.08,0.25,0.503,0.571,-0.725,0.777,0.329,-1.256,0
-0.243,0.864,-1.621,0.998,-1.583,0.24,1.366,-0.938,0
-0.774,0.299,0.033,0.806,0.703,-1.004,0.865,1.75,0
1.037,0.357,-1.237,-0.975,0.044,-1.13,-0.14,0.354,0
-1.443,0.001,-1.601,-0.942,-1.442,-1.407,-0.902,0.166,0
0.115,-0.494,1.327,0.255,-0.244,2.323,0.978,-1.571,1
-0.786,-0.069,-0.288,1.278,0.497,-0.825,-0.498,0.233,0
-0.184,0.312,0.125,-0.072,0.404,0.919,0.653,-0.514,1
0.908,1.421,0.542,0.835,2.216,1.118,-0.871,0.651,0
-2.221,-1.099,0.326,-0.04,0.58,-0.883,0.6,-0.045,0
1.191,0.369,1.065,-1.216,0.224,-0.298,-0.307,0.488,0
-0.434,0.261,-1.553,-0.483,0.434,-0.676,0.367,-1.055,0
-1.567,-0.049,-1.186,-2.106,2.264,-0.117,-2.735,-0.241,0
1.297,0.392,0.09,1.468,-0.604,0.488,-0.753,-0.975,0
0.431,1.193,0.642,-0.536,0.467,-0.059,0.628,-0.421,0
0.382,-0.158,1.457,-1.926,0.513,-1.886,-0.976,-0.277,0
-2.033,1.68,-0.886,-0.268,0.224,0.375,3.051,-0.001,1
-1.165,0.217,-0.949,-0.084,0.501,0.29,1.263,0.236,0
-1.136,0.428,0.247,0.756,-0.046,1.378,-1.007,-1.191,1
-1.491,-0.841,1.372,0.987,1.314,0.818,-1.714,-0.307,0
-1.073,1.019,1.156,-1.17,-1.341,-1.386,1.413,-0.595,0
2.048,-0.234,-0.061,0.035,-0.559,0.243,0.515,1.765,0
0.407,-0.035,-0.221,-0.515,-0.836,0.116,1.154,-0.494,1
-1.054,0.379,-0.268,0.671,0.287,-0.39,0.878,-0.476,0
0.661,0.758,0.665,-0.288,-0.937,-0.625,-0.416,0.509,0
0.022,-0.359,1.783,-1.872,-0.71,-1.001,-1.689,-0.53,0
0.576,-0.767,-2.039,0.905,2.273,0.866,-1.753,0.225,0
0.356,0.279,-0.791,0.888,-0.913,0.108,0.382,1.114,0
-0.22,-0.784,0.889,0.682,1.348,-2.35,-0.792,-0.477,0
0.685,-1.248,1.59,-0.072,-1.748,-0.903,-1.167,0.981,0
0.345,0.341,0.767,-0.148,-1.646,-0.801,-0.772,-0.699,0
0.981,-0.011,-0.613,-0.205,0.323,-0.733,0.201,0.241,0
0.996,0.908,0.273,2.066,0.036,-0.04,1.907,0.758,0
0.214,1.529,0.424,1.32,0.665,0.79,1.847,-0.952,0
0.278,0.653,0.089,-0.609,-1.151,-0.648,-0.326,1.001,0
0.358,-0.762,0.985,-0.518,-0.146,0.131,-0.21,1.073,0
0.135,-1.241,0.972,-1.176,0.168,-0.192,-0.561,-0.572,0
0.93,-0.921,-0.424,-0.989,1.243,0.637,0.444,0.124,0
-0.632,-0.813,-0.653,1.787,1.221,-0.79,1.453,0.938,0
0.018,0.343,0.662,0.774,-0.756,2.036,-1.333,0.023,1
-1.129,-0.829,-0.878,-1.262,0.849,3.96,0.604,1.301,1
2.336,-2.603,-0.789,0.246,-0.878,2.621,0.827,-0.107,0
1.184,0.303,-0.698,-0.612,-0.654,0.351,-0.196,-0.328,0
1.629,0.778,-0.29,0.188,-1.266,0.512,-0.644,-0.113,0
2.158,1.925,-1.091,-0.027,-0.914,-0.242,0.865,1.229,0
0.217,1.974,1.392,-0.219,0.349,-1.997,-2.82,0.436,0
1.819,-0.02,0.134,0.011,0.435,1.126,0.13,-1.321,0
-0.171,-1.064,0.013,0.889,-1.479,0.597,-0.452,0.128,0
0.549,-2.038,1.017,-0.218,0.557,0.644,0.175,0.085,0
1.397,-2.277,0.082,-0.825,0.33,3.514,-0.197,0.27,0
-1.272,-0.155,0.359,2.656,-0.897,0.031,1.04,-0.61,0
-1.892,2.09,1.032,0.036,-1.099,-0.021,-0.033,-1.174,1
-1.774,1.213,0.617,-2.498,1.156,0.308,2.284,0.976,0
1.916,1.124,-0.25,0.536,-2.463,-0.149,-0.866,-1.124,0
0.104,0.615,0.379,1.327,0.825,1.228,0.684,-0.135,0
-0.019,0.496,-1.327,0.779,-2.388,-1.412,0.603,-0.635,0
1.473,-0.984,0.392,0.377,0.376,-0.146,0.452,-0.614,0
0.41,-0.626,1.425,-0.591,-1.039,-0.356,-1.038,-0.158,0
-1.193,-0.846,-0.701,-0.776,-0.198,-0.577,-0.494,0.528,0
-0.996,0.177,0.347,0.453,-1.4,0.808,0.399,1.061,1
0.238,0.327,-1.454,0.285,-1.342,0.517,-0.425,0.9,0
-1.514,0.58,-1.208,1.533,1.664,1.821,-1.477,1.025,0
-0.097,-0.372,-1.091,0.793,0.65,-1.201,-0.859,-2.086,0
0.945,1.244,-0.382,1.216,0.765,0.086,1.157,0.232,0
1.915,1.06,1.542,-0.169,-1.255,1.174,-1.474,0.051,0
-0.499,0.366,0.212,-0.244,-0.82,0.759,-1.057,1.954,0
-0.478,0.194,-0.092,0.501,-0.67,0.564,0.087,0.967,0
0.287,-0.51,1.388,0.203,-0.226,-0.528,0.432,-0.221,0
-0.588,-1.403,-0.787,1.063,0.278,-0.757,-0.273,-1.091,0
0.806,-0.769,-0.751,0.632,-0.31,-1.761,-0.341,-0.064,0
-0.493,-0.615,0.264,-0.266,-0.616,-3.711,-0.469,-0.179,0
-0.234,-1.184,0.611,-0.466,-0.463,-0.418,0.043,-0.004,0
1.755,0.044,-0.201,-1.286,0.666,0.879,-1.976,0.66,0
-0.456,-2.375,-0.372,-0.707,1.718,-1.124,0.765,1.462,0
0.657,-0.984,0.135,0.429,0.212,-0.473,0.965,-1.265,0
0.659,-1.432,-0.23,-1.648,0.536,-0.773,0.134,-1.126,0
0.137,-0.861,0.262,1.324,0.616,0.436,0.845,1.56,0
-0.82,0.369,-0.409,0.781,1.12,-1.275,0.234,0.841,0
-0.308,-0.495,-0.115,0.994,-1.305,1.005,1.177,-0.693,1
-0.953,0.19,-1.675,0.905,1.529,0.173,-0.219,0.732,0
-0.833,-1.043,-1.514,-0.709,-1.499,0.766,0.373,1.938,0
-0.436,-0.682,0.177,0.238,0.79,-2.294,-2.289,-0.556,0
0.766,-0.192,1.615,-0.554,1.685,-0.841,-1.513,0.404,0
-1.83,-1.063,-0.912,-0.168,-0.132,0.328,0.582,1.378,0
0.102,0.828,1.108,-0.467,0.564,-1.316,0.062,-0.692,0
1.452,1.617,-0.984,0.105,-0.294,-0.239,1.544,1.332,0
-0.671,0.204,1.472,3.243,-0.513,-1.143,0.159,-1.605,0
1.021,-1.349,-0.141,-0.212,0.625,-1.185,1.158,0.775,0
0.355,-0.923,-0.833,-2.852,-1.314,0.601,-1.672,0.613,0
-0.57,0.58,0.437,0.356,-0.618,0.953,0.41,-0.733,1
1.464,0.482,0.863,1.519,-1.506,0.927,-1.763,-0.189,0
0.639,0.096,0.984,0.081,0.934,-1.412,0.349,-0.468,0
-0.783,-0.489,-2.147,-0.73,1.646,0.681,-0.447,-1.055,0
-0.928,-0.332,-0.875,0.083,-0.282,-0.763,-0.208,-0.19,0
0.969,-0.686,0.042,-0.542,-0.621,-0.046,-1.333,-0.432,0
0.101,-1.472,-1.229,-0.533,0.771,-0.885,2.299,-0.597,0
-0.097,-0.179,-2.046,0.166,-0.11,-1.638,0.469,-0.873,0
-1.268,-0.76,0.149,-2.232,-0.26,-2.057,1.568,1.374,0
-0.203,-0.932,0.233,-0.225,1.451,-0.919,-0.216,-0.998,0
0.606,-0.358,-0.041,-0.013,-1.01,-1.051,-0.731,-1.055,0
-0.765,-0.596,-0.676,-1.027,-1.195,0.1,-0.625,-1.299,0
0.048,0.089,1.025,0.032,-0.499,1.178,-0.714,-2.406,1
-2.07,0.989,0.583,-0.208,0.625,-0.24,0.661,-0.452,1
1.208,-1.401,0.165,1.059,1.719,0.843,-0.6,-0.02,0
-0.665,2.472,0.612,-0.306,-0.531,1.55,0.772,0.112,1
0.414,0.249,-0.75,-0.032,-0.243,-0.171,0.493,-0.483,0
-1.353,0.301,1.803,-0.36,-0.144,0.238,0.423,-0.842,0
-1.159,1.832,-0.616,-0.436,0.156,2.245,0.045,1.315,1
-0.538,1.74,0.353,1.393,-0.713,1.085,0.151,1.493,0
-1.375,0.377,0.361,0.581,0.722,-0.129,-1.657,1.269,0
1.037,-1.03,1.88,-0.79,0.86,-0.077,-0.585,-0.601,0
0.809,0.202,0.839,-0.63,1.543,-0.495,-0.599,0.591,0
-0.387,-1.984,-0.201,0.564,0.111,-0.551,-0.941,-0.853,0
0.775,0.64,1.6,-0.885,-0.724,-1.605,-0.222,2.433,0
-2.031,-0.603,-0.368,1.588,-0.144,0.019,1.205,-1.377,1
-0.355,2.096,0.402,1.232,0.29,0.187,-0.653,0.643,0
0.696,-1.33,-0.379,0.016,0.508,0.149,0.011,0.142,0
0.691,-0.865,-0.843,-0.104,1.884,1.057,1.883,0.78,0
1.578,-0.227,0.08,0.716,0.236,-0.221,0.977,0.321,0
0.269,-1.485,-1.055,1.546,-1.964,0.747,0.775,0.497,0
1.586,-0.341,-0.189,0.937,-0.373,-0.402,0.645,-0.325,0
-0.282,-1.111,2.617,0.558,0.888,0.336,-0.333,0.303,0
1.107,0.941,0.154,-2.661,0.831,-2.092,-0.266,-1.505,0
-0.265,0.678,-0.75,-1.363,0.252,-1.942,-0.881,1.302,0
-0.574,0.173,-0.146,0.013,0.065,0.104,1.182,-0.411,0
0.513,0.166,-0.94,0.548,-0.168,-1.113,0.169,-0.302,0
-0.023,-0.762,-1.028,-0.304,0.831,0.224,-0.479,0.611,0
-1.467,0.579,-0.152,1.617,1.038,1.61,-1.629,0.804,1
-1.015,-1.15,-0.651,-0.352,-2.323,-0.464,-0.768,0.716,0
1.268,1.909,-1.116,-0.076,-0.309,-1.209,0.76,1.776,0
2.168,-0.021,1.268,-0.8,-0.654,-0.571,-0.755,1.352,0
0.72,-0.294,1.815,0.095,0.793,-0.418,-0.088,-2.048,0
0.941,-0.642,-0.452,-1.123,-1.082,-0.289,0.547,0.131,0
0.876,-0.937,-1.383,-0.874,0.995,-0.699,-0.222,0.066,0
-1.729,-0.385,-0.04,-1.775,0.14,0.824,0.689,0.051,0
-0.415,2.277,0.647,1.303,0.412,1.037,-1.751,0.221,0
1.49,2.009,0.783,-1.713,0.292,0.285,-0.246,0.843,0
1.171,1.522,-0.045,0.767,-1.183,-0.56,-1.293,-0.138,0
1.571,-1.239,0.994,-1.155,0.793,1.442,0.007,0.134,0
1.019,-1.173,-0.223,-0.652,-0.01,-0.587,-0.28,-1.186,0
0.463,1.628,-0.243,0.167,-0.584,-0.904,0.798,-0.487,0
-0.037,0.778,0.261,-1.518,-1.393,-0.156,1.302,0.543,1
-3.005,-1.438,0.954,0.532,1.239,0.572,0.621,0.786,0
-0.89,-0.071,-0.012,0.443,-0.444,0.277,-1.139,0.46,0
-0.42,1.454,0.194,-0.246,-0.54,-0.236,-0.547,-1.641,1
-0.395,0.768,-1.274,0.811,-1.813,-0.933,-0.661,0.872,0
0.433,-0.096,-0.168,-2.019,1.314,-0.638,0.581,0.686,0
1.092,0.299,-0.182,1.564,0.518,-0.553,0.216,-0.677,0
-0.44,0.07,1.402,0.357,-0.226,1.291,-0.874,0.704,0
0.588,2.572,-0.18,-1.085,-0.764,-0.685,0.168,-0.487,0
1.045,-1.073,1.872,0.019,0.052,0.619,-0.791,1.424,0
0.084,0.204,0.085,-0.721,2.455,0.721,-0.506,1.99,0
-0.28,1.095,0.654,-0.525,0.339,-0.829,1.16,1.018,0
0.255,0.66,-0.853,0.742,0.151,0.885,1.235,-1.107,0
0.261,-0.294,1.229,0.453,0.774,-0.992,-1.094,0.573,0
-1.295,1.623,-0.808,0.725,-0.452,-0.444,1.326,0.92,0
-1.623,-0.376,0.356,-1.411,-0.593,-0.759,0.035,-1.247,0
-0.355,0.456,0.599,-1.594,-2.308,0.967,1.518,-0.712,0
-2.033,1.492,0.711,0.073,1.881,0.412,-1.244,-0.222,1
0.722,-0.722,-0.41,0.444,-1.68,0.213,0.497,0.171,0
0.317,0.518,-0.101,-1.265,-0.556,-0.265,-0.3,-0.633,0
-2.021,0.316,0.916,-1.217,1.465,0.233,1.225,-0.735,1
-0.226,0.831,-0.893,0.717,-0.676,-0.396,0.447,0.339,0
-0.278,0.19,-0.273,-0.267,0.589,0.492,-1.3,0.257,0
0.304,-0.194,-2.596,1.641,-0.533,-1.027,-0.867,0.194,0
-0.098,-0.383,0.113,-1.173,-1.626,2.769,-0.817,0.772,1
-0.109,0.703,0.867,-0.38,0.944,0.391,0.062,0.395,0
0.865,1.365,-1.98,-0.552,-0.068,-0.654,0.843,0.158,0
-1.038,-0.734,0.55,-0.628,-0.234,-0.075,0.677,-2.751,1
0.907,-1.622,-1.295,-0.2,0.62,-0.779,0.82,0.818,0
-1.064,1.443,1.865,-0.68,-0.007,-0.028,-0.665,-0.076,1
1.081,0.576,0.068,-0.561,-0.869,0.423,0.691,0.537,0
-0.622,0.452,-0.255,-1.548,-0.713,0.299,-0.158,-0.039,0
-1.325,0.336,-1.391,1.299,-0.191,0.404,0.638,0.349,0
-0.35,0.032,-0.728,0.065,-0.549,0.585,0.737,-0.126,0
0.146,-0.671,-1.177,-0.414,1.731,0.589,-1.42,0.128,0
0.46,0.563,-1.504,0.898,1.183,0.098,-0.724,-1.596,0
-0.742,0.291,0.497,-0.909,-0.912,0.275,-2.444,-0.354,0
0.043,0.058,-1.144,-1.015,-1.168,0.276,-0.836,0.18,1
-1.138,0.442,0.141,2.337,-0.881,0.059,0.433,-0.438,0
-0.467,1.885,0.157,0.302,0.653,-0.258,1.257,0.789,0
-0.353,-0.617,2.103,-1.132,-0.031,0.307,-1.303,-1.97,0
0.175,0.095,0.457,-1.771,1.059,0.495,0.87,-0.188,0
0.777,-0.684,-0.036,-0.212,0.237,0.803,1.286,1.612,0
0.536,0.379,1.279,-0.755,-0.576,0.917,-0.794,0.014,0
1.757,-1.439,0.595,-1.671,1.421,-1.184,-1.755,-1.027,0
1.149,-0.996,-0.742,-0.325,1.837,-0.97,1.595,0.827,0
0.754,0.938,-0.029,0.907,-1.035,-1.154,-0.161,0.029,0
-0.886,-0.89,0.44,0.588,-0.36,0.536,-2.268,0.381,0
-0.674,-0.964,-0.327,-0.181,-0.083,-0.401,-2.621,-1.289,0
0.089,1.834,1.348,-0.738,-0.15,0.702,2.851,0.408,0
1.764,-1.478,1.917,1.296,0.376,-0.432,-0.05,2.955,0
0.111,1.12,-0.171,-1.363,0.096,1.132,-1.545,0.111,0
-0.823,0.42,0.251,0.417,-0.022,2.097,0.693,-2.179,1
-0.228,0.773,-0.114,1.2,-0.339,-0.194,0.109,-2.927,0
-0.837,-1.542,0.246,-1.09,-0.518,-0.108,0.309,-0.146,0
-0.739,-0.548,0.703,-0.206,0.36,0.306,-1.135,-1.676,0
0.805,-0.044,1.214,-2.007,0.908,0.08,0.323,0.299,0
-0.03,0.077,-0.041,-1.228,0.207,1.008,1.046,1.318,0
-0.902,-0.368,-1.33,-0.666,0.689,-0.077,2.22,-1.616,1
-0.789,1.459,-0.746,2.018,-1.32,-1.725,0.022,-0.069,0
-1.177,0.656,-0.182,1.496,-1.007,1.407,2.001,1.143,1
0.385,0.403,0.276,-0.398,1.076,0.223,-0.089,-0.212,0
-1.014,-1.039,-0.778,0.919,-0.449,1.738,-0.175,-0.543,0
-0.724,-0.197,1.986,-1.285,-2.917,0.799,0.462,-0.273,0
0.481,-1.678,-0.788,-2.101,-0.334,-0.526,0.567,-0.065,0
-0.098,-1.749,0.783,1.889,0.414,0.241,2.677,-1.017,0
-1.882,1.889,-0.369,0.088,-1.061,1.274,-0.126,1.821,1
-1.512,0.001,-0.08,-1.111,1.152,-1.616,0.836,0.161,0
-0.912,0.627,1.76,0.762,2.064,1.027,0.105,-0.125,0
-0.53,0.258,-0.086,-0.91,-0.683,-1.34,0.122,-0.42,0
-0.422,-0.43,1.244,-0.237,0.986,-1.262,-0.749,-0.647,0
-1.047,1.015,-0.374,0.823,0.603,-0.076,-0.12,0.37,0
-1.594,0.687,-0.467,-1.028,0.784,-1.539,-0.415,0.585,0
2.193,-1.408,1.048,0.393,0.822,-0.435,0.594,-1.563,0
0.587,0.741,-1.254,1.329,-0.175,-1.774,1.065,0.677,0
0.319,-0.738,-0.875,0.719,0.363,1.074,-0.003,-2.308,0
-0.509,-1.064,0.223,0.385,0.045,-1.194,-0.285,-0.093,0
0.805,-0.42,-1.041,1.01,0.182,-0.257,-0.163,0.36,0
0.829,-1.926,-0.462,-0.491,0.87,-0.964,1.065,-0.258,0
-0.277,1.278,-0.707,-0.082,0.206,-1.096,1.444,-0.625,0
1.922,0.611,-1.99,2.026,-1.902,1.143,-1.099,1.099,0
0.42,-0.825,0.431,-0.632,0.08,-1.195,-1.308,-0.448,0
1.039,-0.8,1.167,-2.134,1.719,-0.002,0.519,0.616,0
1.354,-2.465,0.076,0.426,-0.406,-0.165,0.106,-1.647,0
-0.927,0.654,1.69,-0.012,-0.114,0.671,0.31,-1.401,1
-0.792,-0.831,1.194,0.06,-0.409,-0.379,0.279,1.076,0
1.805,0.864,0.632,-0.366,1.359,0.322,0.819,1.065,0
1.688,-0.681,1.865,-0.013,0.214,-0.239,-1.265,0.132,0
-0.097,0.858,0.397,-0.463,-3.023,1.447,-0.484,-1.116,1
-0.645,0.209,-2.065,1.294,-0.554,-0.347,0.02,-0.069,0
0.995,0.812,-0.513,1.171,0.555,-0.903,0.091,-2.01,0
-1.534,-0.477,1.061,-0.664,0.488,-0.171,-0.375,0.237,0
0.329,-0.053,0.629,-0.661,0.126,-0.744,-0.39,2.353,0
1.31,-0.043,1.718,-0.181,-1.996,-0.026,-0.511,-0.3,0
0.11,-0.464,-1.546,1.448,-1.309,-0.96,1.458,0.685,0
-0.01,-0.045,1.922,0.688,-0.268,-1.803,1.378,-0.933,0
0.127,1.257,1.106,-1.656,0.955,-1.085,0.78,0.078,0
-1.032,1.177,-0.238,-0.029,1.679,0.029,-1.034,0.972,0
0.286,0.08,-0.777,0.663,-1.693,-0.184,-0.521,-0.583,0
-1.167,0.882,-1.338,-0.402,-1.258,-1.051,-0.064,-1.67,0
0.704,-0.637,-0.283,-0.085,-0.072,-0.604,1.461,1.745,0
-1.404,-1.294,-0.253,-1.792,1.886,-0.802,1.803,-0.011,0
-0.318,0.75,0.044,-1.528,-0.021,-0.578,0.813,-1.462,0
0.324,1.153,0.15,-0.085,0.64,-1.007,0.375,0.583,0
0.318,1.611,0.499,-0.72,0.608,-0.164,1.394,-0.105,0
-0.159,-0.52,0.581,-0.18,0.006,0.245,-2.765,-1.336,0
0.651,-2.413,0.777,2.07,-2.369,-0.944,-0.81,-1.614,0
1.333,-1.304,0.466,1.807,-0.682,0.091,-0.606,-0.521,0
1.259,0.324,-1.087,0.036,0.682,2.025,0.281,0.183,0
1.906,0.812,2.132,-1.238,0.711,0.663,2.338,-0.888,0
0.356,1.309,1.385,-0.637,0.518,1.225,0.938,-2.046,1
-0.658,-0.586,-0.698,-1.008,0.821,1.306,-0.435,-0.398,0
0.387,0.457,-1.411,-0.056,-1.101,-2.067,-0.264,0.673,0
-1.68,-0.108,-0.977,0.309,0.627,-1.315,0.18,0.824,0
-0.915,-0.033,-0.095,-2.822,-0.186,-0.101,0.89,-0.285,0
0.115,-1.081,-0.095,-0.05,-1.814,0.892,-1.442,-0.663,1
0.097,-0.542,-0.903,1.821,-0.145,-1.028,0.98,0.037,0
-1.005,-0.084,-0.128,-2.469,-0.548,0.26,0.468,-1.352,0
-0.133,0.043,-0.332,-1.652,0.012,-1.829,-0.222,-2.146,0
-0.408,1.699,0.868,-1.475,-0.629,-0.109,-1.198,2.199,0
-0.016,0.029,1.636,-0.66,-0.877,0.359,0.902,-0.784,1
1.648,1.908,-0.205,-0.695,0.15,-0.303,1.318,1.51,0
1.186,0.802,-1.591,-1.139,-0.116,-1.246,-0.15,-1.02,0
-0.585,-1.664,-1.465,-0.323,0.669,0.194,-0.394,-0.627,0
-1.701,2.335,-0.268,-0.332,-0.113,0.511,1.45,-0.127,1
-1.576,0.94,0.715,1.788,-1.974,0.461,1.519,-1.346,0
0.64,0.766,-1.327,1.011,0.241,0.346,-2.689,1.112,0
-1.157,-0.18,0.938,0.029,-0.449,-0.227,-2.794,-0.611,1
-0.367,-0.462,0.576,0.589,2.004,-0.764,-0.377,-1.181,0
-2.148,0.394,-1.745,0.987,-0.199,-2.131,-1.278,0.37,0
1.598,1.204,-1.25,0.113,-0.287,0.135,-1.642,1.371,0
0.023,0.582,0.104,0.025,0.044,-1.105,-0.521,-0.402,0
-0.524,0.587,0.099,-0.111,0.337,-0.441,-1.773,1.248,0
1.403,1.916,0.986,0.343,-0.256,0.67,-0.299,-1.069,0
-1.182,-1.364,1.997,2.43,-0.222,-0.159,-0.767,0.426,0
-0.684,-1.291,-1.273,-0.117,0.591,-1.16,-2.067,-0.061,0
2.719,0.259,1.562,0.591,0.147,0.537,-1.057,-0.748,0
-1.471,-0.507,0.52,-0.832,-1.075,0.027,-0.274,0.847,0
0.659,0.929,-1.279,0.547,1.038,0.497,0.433,1.368,0
-0.889,-1.302,-0.61,0.455,0.646,-1.757,-0.255,1.411,0
-0.761,-0.073,0.639,-0.065,0.885,-0.747,1.064,-0.776,0
0.241,-0.397,0.38,0.412,-0.529,-0.756,-0.479,0.905,0
0.638,-0.088,-1.631,1.133,-0.633,-1.05,-0.73,0.261,0
0.123,0.621,0.444,-0.329,0.237,0.193,0.257,0.405,0
1.548,1.633,-0.502,0.906,2.177,0.84,1.453,-0.992,0
0.022,0.849,-1.383,-0.193,0.346,-0.32,2.18,2.877,0
0.639,1.86,0.352,0.455,1.033,-0.352,-0.793,1.392,0
-0.857,1.389,-1.435,1.255,0.092,-1.283,-0.018,-2.034,0
0.182,3.132,-1.723,1.256,0.196,0.112,0.4,-0.258,0
-0.37,-1.581,-1.264,-0.587,1.004,0.183,-0.324,0.36,0
-0.493,-0.701,0.058,0.789,-0.808,0.965,-0.107,-1.103,0
0.082,-0.385,0.195,-0.265,-1.833,1.024,-1.902,-1.143,0
-0.285,1.999,-1.575,-0.176,0.464,0.889,0.216,-1.772,1
0.033,-0.313,-0.047,-0.013,-0.032,-1.678,-0.019,-0.163,0
0.913,0.719,1.141,-1.375,-1.134,-0.135,1.324,1.698,0
-0.997,0.442,-0.33,0.804,0.444,-1.016,-0.084,-0.181,0
-0.095,0.324,0.261,0.571,0.495,-0.43,-1.852,-0.257,0
0.031,0.083,0.496,0.203,-1.936,-1.12,0.397,0.595,0
-0.102,0.139,1.465,-0.427,-0.261,-0.66,-0.568,-1.46,0
-0.291,-0.285,1.428,1.858,-1.027,1.373,-0.385,-1.757,1
1.764,-0.512,-0.373,0.692,1.813,-0.41,0.258,0.317,0
1.494,-2.006,0.744,-0.587,1.158,-0.722,-0.429,0.292,0
-0.426,-0.115,-0.282,-1.588,-0.694,2.069,-0.091,0.534,0
0.422,-0.154,0.273,1.099,0.87,0.514,1.104,0.529,0
-0.18,-0.678,0.656,-0.28,-1.715,1.06,-0.028,-0.546,0
-0.505,-0.42,-2.039,-1.198,-0.17,-0.021,0.457,-0.21,0
0.313,-2.023,-0.151,-0.301,-0.182,-0.333,0.391,-0.077,0
-1.417,-1.573,0.924,0.596,0.125,0.406,-0.978,-0.999,1
-0.861,1.896,1.069,-1.632,0.279,1.131,0.239,0.447,0
0.384,-0.452,-1.297,0.051,2.13,-1.306,1.079,-2.331,0
-0.592,1.3,0.717,0.249,2.826,-0.373,1.787,-0.261,0
0.51,-0.099,-0.072,-1.2,0.306,0.968,-1.03,-0.756,0
-0.648,-1.728,-0.265,-0.907,0.754,1.316,-0.266,-1.434,0
0.944,0.128,-0.072,0.19,2.161,-1.203,0.385,-0.946,0
-0.604,-0.367,0.515,-0.07,-0.18,-0.36,-0.166,0.967,0
-1.224,1.615,-0.285,-1.482,-0.092,-0.328,0.526,0.759,0
-0.681,-1.313,0.344,-0.467,1.125,-1.039,-1.357,-1.527,0
0.551,0.247,0.638,0.022,0.146,-0.835,-0.017,-1.823,0
-0.963,0.289,-1.707,-0.648,-1.956,-0.202,1.816,0.158,0
1.457,0.635,-0.548,-1.048,-0.466,2.1,-0.78,0.835,0
0.077,0.137,-0.161,0.67,-0.061,0.054,-0.201,-0.862,0
-0.497,-1.197,-1.464,0.229,-0.564,-0.599,-0.016,-1.302,0
0.401,-0.897,-0.271,0.544,1.592,0.01,-1.432,-1.366,0
-0.071,-0.33,1.336,-0.306,0.096,-0.261,0.405,0.764,0
0.44,0.148,0.932,-0.669,-1.606,-0.619,0.571,-0.555,0
-0.382,-1.73,-0.301,-0.335,-0.369,-0.803,1.978,-0.255,0
1.227,1.121,-1.607,0.588,-1.272,-0.096,0.352,-1.033,0
-0.007,0.175,-0.445,0.42,-1.796,-0.192,1.658,0.768,0
0.731,2.224,1.079,0.388,-0.233,0.574,-1.691,-1.353,1
0.65,-1.521,-1.13,0.03,0.123,0.866,0.114,-0.755,0
-1.089,-0.869,-0.32,0.527,1.035,-1.553,0.057,-0.798,0
-0.376,-0.173,0.7,0.138,-0.765,1.109,-0.943,0.153,0
0.75,-0.057,-0.373,0.72,-0.525,-0.861,-0.745,-0.955,0
0.037,0.007,0.275,-0.611,0.707,1.533,-0.04,0.747,0
0.629,0.104,1.144,-0.582,1.114,-1.333,0.076,0.229,0
2.001,1.091,-0.377,1.164,-1.016,-0.93,1.433,0.659,0
-0.008,-1.05,0.363,-0.58,-0.578,-1.105,0.92,-1.178,0
-0.257,-0.06,-2.39,-1.352,-0.296,1.649,0.047,-0.347,1
-2.547,-0.397,0.119,0.355,0.868,0.338,0.951,-0.677,0
0.964,-0.021,-0.385,0.353,0.669,-1.411,-1.178,-1.74,0
0.339,3.194,-0.071,1.274,-2.354,0.559,-1.425,0.339,0
0.892,-0.096,-2.285,1.245,0.683,0.138,-0.244,1.486,0
0.953,-1.19,0.478,0.286,1.475,1.193,-1.138,1.401,0
0.7,-0.852,-0.56,-1.461,-0.935,0.077,0.315,-1.476,0
-1.43,1.304,-0.131,0.392,-0.954,-1.541,1.56,1.281,0
-2.182,-1.215,-0.26,-0.786,1.315,0.371,-0.879,-0.655,1
-2.22,-0.783,-0.425,-0.762,-0.111,0.227,0.123,0.823,0
-0.19,0.001,0.201,-0.018,-0.359,-0.298,0.389,0.668,0
-0.128,0.912,-1.402,1.168,-0.359,-0.289,-1.602,-0.132,0
-1.878,2.632,-0.731,-1.316,1.079,-0.266,-0.986,-0.8,0
0.307,-2.42,1.044,0.765,-0.416,-2.662,-0.029,0.993,0
-2.091,-0.951,0.124,0.306,-1.385,0.378,-1.387,-1.277,0
1.684,-0.58,-1.778,-0.018,-1.469,1.676,0.044,0.54,0
-1.974,0.636,-2.354,-0.234,1.206,-0.436,-0.609,-1.942,0
-0.556,-0.965,-1.337,-0.426,-0.036,-1.476,1.315,-0.436,0
0.149,0.901,-1.669,-0.172,0.291,0.836,-0.164,-0.596,1
-0.369,-0.44,1.04,0.955,0.829,0.391,0.385,-0.039,0
1.072,0.509,-0.398,-0.311,0.062,-1.843,0.026,-1.414,0
-0.148,-2.232,-0.274,-1.058,-0.762,0.704,0.616,1.638,0
1.477,0.693,0.075,0.365,-0.644,-0.52,-1.245,0.113,0
-2.776,-0.144,0.879,0.126,0.315,1.046,-1.219,0.186,0
0.016,-0.163,2.077,-0.277,0.444,-0.422,-1.376,0.046,0
-1.111,-0.945,2.586,-1.767,-0.767,-0.106,-0.5,1.99,0
-1.776,-0.892,-0.557,1.048,1.434,-0.816,0.084,-0.246,0
0.433,0.352,1.211,0.935,-0.397,-0.352,-0.436,0.162,0
0.486,0.954,1.478,0.826,-1.386,-0.674,0.085,0.057,0
-1.363,-1.146,0.709,0.867,1.307,0.556,-1.173,0.984,0
0.823,0.908,0.873,-0.143,1.093,0.988,-0.123,-1.268,0
-0.813,0.452,1.156,0.602,0.037,-0.011,0.321,-2.404,0
0.819,-1.183,-0.767,1.313,0.694,-0.588,-0.539,0.096,0
0.939,-0.649,0.265,-1.129,-0.323,0.266,0.239,0.645,0
0.822,1.038,0.208,-1.47,1.554,-1.0,0.237,-0.579,0
0.108,-0.518,-0.789,-0.166,-0.906,0.543,1.688,-2.338,0
-1.68,0.135,0.041,0.181,0.781,1.561,0.221,-0.546,1
-1.675,0.912,-0.027,0.702,-0.968,-1.121,-0.115,0.954,0
1.267,0.296,-0.358,-0.316,-0.429,2.355,0.837,1.539,1
0.359,-0.444,-1.131,-0.662,-0.093,0.793,-0.739,-0.287,0
0.752,-1.167,-0.956,-0.613,0.879,0.019,0.871,-0.884,0
1.932,1.392,-0.644,-0.722,0.618,-1.049,1.609,2.187,0
0.718,-0.289,0.587,-0.647,-0.699,-0.336,0.635,0.964,0
-1.966,0.282,-0.754,0.485,-0.089,-0.003,0.138,-0.759,0
1.126,0.483,0.477,0.123,1.906,0.761,0.214,-0.202,0
-0.968,0.285,-0.135,0.036,-0.586,0.143,-0.966,1.407,1
0.595,0.049,-1.513,-0.138,-0.435,0.39,1.853,-1.136,1
-0.228,-0.177,2.288,-2.047,0.849,1.45,-1.033,0.287,0
-0.535,0.335,-0.067,0.411,0.073,0.164,-0.328,-1.243,0
0.922,-1.941,0.765,-0.261,-1.699,-0.397,-0.187,-0.139,0
-1.295,0.363,0.401,1.45,0.54,0.202,0.197,1.892,0
-0.601,-1.188,1.278,-1.581,0.309,-1.027,-0.646,-0.523,0
1.977,0.249,-0.597,1.022,-0.052,-1.453,0.115,1.481,0
1.979,0.569,0.009,-0.2,0.457,-0.031,1.07,-0.353,0
-0.22,0.786,-0.525,2.577,-0.017,-0.045,0.206,0.283,0
-0.445,0.572,-0.886,-0.385,1.14,-2.937,-0.613,-2.34,0
-0.333,-2.909,-0.538,-0.068,-0.05,-1.179,0.622,-1.145,0
1.115,0.644,-0.439,-0.423,1.424,-0.856,0.221,-0.34,0
0.922,-0.651,-0.813,0.895,-1.083,-0.634,-1.345,-0.482,0
0.621,-0.637,0.877,-0.128,0.605,0.301,-0.121,-0.73,0
0.329,0.43,-1.76,-0.591,-0.651,1.261,-0.52,1.113,0
0.643,1.051,1.655,-1.169,-0.637,1.097,1.197,-2.144,1
-0.373,0.928,0.846,0.241,0.341,-0.161,-1.073,0.028,0
-0.047,0.442,-0.039,-0.647,0.745,-1.675,0.026,0.159,0
0.45,0.01,-1.244,0.767,0.839,0.293,0.363,-0.517,0
1.625,-0.962,0.158,-0.395,0.3,-0.668,2.461,-0.428,0
0.614,-0.256,1.332,0.01,-0.188,1.708,-0.032,1.206,0
0.46,1.325,-0.729,0.507,0.788,-0.615,-0.922,0.115,0
0.377,1.163,-0.489,0.651,0.074,-0.265,-1.088,-1.518,0
1.92,-0.947,1.592,-1.059,1.025,0.919,1.817,-0.212,0
0.175,-1.631,-1.157,0.893,0.808,0.084,-1.239,-0.091,0
0.279,-0.15,-0.509,-0.214,1.459,0.985,0.091,0.073,1
-0.672,-0.035,0.665,0.039,1.068,0.099,0.546,-0.001,0
-1.634,0.698,0.363,-0.083,0.465,-1.922,-1.054,0.334,0
0.587,-1.355,-0.622,0.411,2.654,0.966,-1.113,1.229,0
1.526,-0.166,-0.651,-0.407,1.018,1.309,-2.061,-0.822,0
0.416,0.379,1.041,0.778,0.098,0.746,-0.52,1.053,0
0.487,1.741,0.286,-0.543,0.083,-0.405,0.295,-0.39,0
0.622,-0.771,-1.282,0.653,-1.521,-0.096,0.334,-0.707,0
-0.963,-0.031,-1.543,-0.213,0.32,1.103,-1.196,-0.38,0
-0.802,1.758,-0.53,-1.843,0.67,0.419,0.007,-0.43,1
0.073,-0.976,-1.298,-0.226,0.493,-0.97,1.3,-1.945,0
-0.44,0.249,-1.241,-1.616,1.568,-0.021,0.003,1.552,0
0.105,0.564,-0.763,0.008,0.236,-0.055,-1.499,-0.7,0
2.295,0.916,-0.701,-0.533,1.121,-0.891,-0.09,1.117,0
-0.635,-0.114,0.21,-0.112,-1.264,0.891,2.535,0.018,1
-0.028,-0.766,-1.533,-1.331,-0.444,-1.455,1.108,0.846,0
1.105,-0.99,0.008,-0.03,-1.452,0.826,-0.763,-0.183,0
-0.802,-0.812,0.056,-0.86,0.632,0.026,-0.768,-1.432,0
-1.503,-0.821,0.864,0.907,-0.267,-1.017,-0.069,-0.832,0
0.232,0.262,-1.12,1.382,0.014,1.453,1.453,0.685,0
-0.388,-1.284,-0.173,-1.031,-0.778,0.355,-1.092,-0.239,0
-1.961,-0.958,0.14,-0.469,0.924,-0.007,-1.217,-1.125,1
-1.023,-0.742,0.09,-0.2,0.24,-0.683,0.987,0.809,0
-0.224,-1.183,-0.089,1.933,-1.256,-0.857,-3.101,-0.79,0
-2.162,-0.199,1.157,-0.441,1.419,0.229,-0.019,-0.588,0
1.696,0.204,0.597,-0.83,-2.053,-0.526,0.534,-0.598,0
-0.022,-1.14,-0.278,1.875,-2.599,0.426,1.451,0.921,0
0.543,-0.834,0.06,0.072,-0.921,-0.575,1.054,-0.189,0
-1.715,-1.574,0.27,1.461,-2.244,-0.24,0.708,0.585,0
-1.331,0.463,-0.185,0.024,1.878,1.591,-0.321,-0.135,1
0.141,-0.384,0.223,0.61,-0.196,0.314,0.457,-0.113,0
2.16,0.16,-0.238,-0.541,1.572,-0.257,1.001,-1.226,0
-0.695,0.106,-0.068,0.211,0.1,-1.75,-1.324,0.923,0
1.625,0.293,0.563,1.088,0.507,-0.693,0.361,0.09,0
-0.374,-1.036,-1.526,0.536,-1.076,-0.183,-0.229,0.961,0
-0.449,-0.306,0.652,1.596,0.144,-0.117,-0.368,2.602,0
-1.117,-0.817,-0.712,1.706,0.241,-2.328,-0.349,-0.073,0
0.661,-0.634,1.564,0.192,-0.327,0.771,-1.416,0.48,0
-0.843,-2.055,-0.135,0.981,-1.066,-2.095,-0.476,-0.129,0
-1.112,-0.441,-0.441,0.347,-0.983,0.495,1.775,1.385,0
2.214,0.763,-0.862,-1.145,-0.632,1.417,-1.097,0.717,0
0.307,0.358,2.779,-0.144,-0.094,-0.445,-1.726,0.645,0
-0.436,0.088,0.777,-0.998,-0.816,-0.171,-0.099,0.92,0
1.895,0.641,0.883,1.221,-0.888,-1.288,0.17,0.046,0
-0.511,-1.315,0.301,0.111,-0.24,0.343,0.351,0.81,0
-1.004,1.236,0.244,-0.693,-0.993,0.767,-0.703,-0.967,1
-0.828,-0.183,0.362,0.453,-0.914,-1.022,0.635,-0.634,0
-0.074,2.791,-1.64,0.787,-1.126,-1.461,-1.326,-1.666,0
-1.753,1.46,-0.321,1.201,2.359,-0.261,-0.42,1.613,0
2.277,-0.114,0.867,-2.44,1.652,0.488,0.749,-0.783,0
-1.561,-0.209,-1.03,0.923,0.616,0.023,1.23,-0.11,0
-1.203,-0.217,0.738,0.904,0.726,0.473,0.337,-1.58,0
-0.633,-0.753,1.404,-0.681,-2.227,0.372,-0.059,-0.467,0
1.983,-0.809,-1.941,-1.182,-0.687,-0.196,0.206,-0.51,0
-0.163,0.696,1.01,0.607,0.011,0.054,-1.358,0.728,0
0.283,0.224,1.243,-1.89,1.311,0.485,-0.305,1.065,0
0.014,-0.811,2.21,-1.177,-0.831,0.86,-0.631,1.637,0
-0.252,-0.51,0.295,0.057,-0.821,0.927,-0.067,0.063,0
-1.257,-1.727,0.109,-0.4,-0.915,0.646,-0.581,0.68,0
0.453,-0.465,-0.726,0.655,-0.61,-1.532,1.495,0.59,0
-1.043,-0.785,-0.966,-0.864,-0.788,-0.774,0.928,-0.509,0
0.148,-0.146,-1.291,0.145,0.991,-1.714,1.548,0.543,0
0.27,-0.16,0.369,-0.59,0.442,-0.534,-1.168,1.31,0
1.323,0.269,-0.067,-2.556,-0.674,0.629,1.073,0.716,0
-0.401,-0.814,0.458,0.647,-0.548,-0.465,0.95,-0.816,0
-0.31,0.025,1.489,1.333,-1.15,1.659,-0.206,0.647,0
0.423,-1.255,-0.829,0.82,1.026,-1.285,-0.958,0.054,0
-0.912,-0.748,0.649,0.002,-0.737,0.312,1.694,0.559,0
0.486,0.275,-0.834,0.002,1.094,0.099,0.874,1.821,0
-1.002,-1.33,-0.238,0.621,-0.443,1.349,0.219,0.624,0
-1.206,0.722,-1.184,-0.481,-1.043,1.168,-3.5,-0.466,0
-0.865,-0.894,-0.009,-0.97,-0.328,-0.029,-0.746,0.265,0
0.288,1.875,0.467,-0.262,0.865,0.944,-0.628,-0.298,1
-0.191,-0.788,-0.569,-0.142,-1.207,-0.32,-1.564,0.789,0
1.418,1.889,-0.553,-0.37,0.767,-0.611,0.234,0.781,0
-1.307,-0.088,-1.018,0.135,0.616,2.022,0.57,-1.036,1
0.521,-1.034,0.979,-0.076,-0.872,0.689,-0.127,-0.622,0
-0.79,-0.464,1.875,0.782,1.424,0.868,0.403,0.339,0
0.191,-0.012,-1.144,-0.695,0.905,-2.188,1.021,-0.295,0
0.017,-0.265,-1.826,0.203,-0.255,0.8,-0.149,0.467,0
0.447,-0.678,-1.067,0.222,-0.127,-0.101,0.033,0.071,0
0.547,-1.88,0.562,0.355,0.677,-0.039,-0.091,-0.4,0
0.337,-0.885,1.753,-0.721,0.117,-0.367,1.004,0.957,0
-0.41,-0.658,-0.207,-1.981,-1.227,1.479,-1.586,-0.806,1
0.693,-0.89,0.737,-0.422,-0.157,-0.14,0.209,-0.915,0
-1.595,-0.099,-1.692,-1.099,-0.019,0.061,-0.592,-1.685,0
-1.982,-0.924,0.741,1.103,-0.715,1.203,0.63,1.412,1
-1.251,0.544,0.14,0.976,-1.092,-1.263,1.89,-0.267,0
0.723,1.852,1.069,0.176,-0.828,0.712,0.454,1.233,0
-0.329,0.445,0.022,-0.746,1.08,-0.82,-1.965,-0.046,0
-0.647,0.983,-0.457,0.557,1.152,0.635,2.934,-1.479,1
1.311,-0.41,-0.07,-0.614,-0.809,-0.663,1.518,0.498,0
0.757,-0.267,-1.528,-0.501,2.458,0.5,-0.155,-1.049,0
-1.153,0.493,0.221,0.681,-0.544,-0.727,0.817,0.427,0
0.926,-0.687,1.085,-1.831,1.043,0.394,-0.896,-1.677,0
-0.054,-1.487,-0.4,-0.187,0.017,0.824,-1.851,-1.547,0
-0.064,1.798,1.765,-0.608,-0.178,0.329,0.141,-0.48,1
-0.012,-2.047,0.602,0.26,0.0,1.545,1.722,0.553,0
-1.774,-0.248,0.35,-1.671,-0.384,-0.13,-0.287,-1.102,0
1.125,-0.208,0.973,2.319,1.2,-0.815,0.612,-0.49,0
0.329,-0.459,0.2,-0.559,-0.042,3.078,0.229,-0.866,1
0.627,0.129,0.512,-1.142,-0.049,-0.883,0.026,-2.081,0
-0.92,1.362,0.338,-1.648,-0.586,0.117,1.71,-0.327,0
0.289,-1.531,-0.756,-0.325,-0.393,0.253,0.49,-0.117,0
0.36,-1.851,-1.106,1.493,-1.501,-1.509,-0.972,0.228,0
2.052,-2.402,-0.18,0.469,-1.168,-1.244,2.212,-1.088,0
1.388,0.047,0.898,-0.342,-0.595,-0.163,0.665,0.375,0
-0.166,1.241,0.745,-0.115,-0.549,-1.489,0.791,-0.113,0
1.235,-0.33,-0.326,-1.749,0.653,-0.206,0.417,-0.683,0
-0.255,-0.262,0.536,0.433,-0.715,-1.292,1.245,-0.004,0
1.175,-1.239,1.57,1.077,-1.119,-1.138,-0.145,0.557,0
-1.523,0.947,-0.791,0.005,-0.944,0.641,-0.295,-0.859,1
-0.719,-0.066,-0.068,2.042,-1.447,1.276,1.495,0.791,1
0.286,-0.148,-0.831,-2.823,0.141,0.851,-0.085,1.615,0
-0.101,-0.642,-1.478,0.215,-1.708,-0.242,0.427,-1.422,0
-0.181,-0.088,2.741,1.174,1.396,0.54,-1.397,-0.328,0
0.185,-0.145,-1.706,-0.96,0.874,-1.172,0.607,-0.396,0
0.214,-0.853,-0.352,-1.479,-1.342,-0.497,0.114,0.691,0
-0.589,-1.443,-1.862,0.208,1.065,0.485,0.599,-2.563,1
-1.226,1.56,0.564,-0.747,0.726,-0.983,0.854,0.649,1
-1.287,-1.189,-2.655,-1.09,0.71,-0.305,-0.29,-0.39,0
-0.914,-0.515,-0.809,1.099,1.23,0.145,1.052,-0.958,0
-0.957,2.811,0.195,1.12,1.241,0.18,1.427,-0.547,0
0.359,-0.523,-0.127,-1.463,-0.978,-0.508,1.422,-0.158,0
0.007,1.435,-0.869,-1.526,1.334,-0.525,0.194,0.03,0
0.251,-0.434,-1.043,-1.557,1.496,1.598,-1.312,-0.234,0
1.807,-0.328,0.594,-0.295,-1.582,0.779,0.327,-1.124,0
0.604,0.097,0.444,0.8,0.581,0.61,-0.513,-2.426,1
-0.212,0.346,-1.099,1.675,-1.387,0.467,0.152,-1.217,0
-0.893,-0.22,-1.544,-0.443,0.649,0.459,0.89,-1.494,0
1.672,-0.57,0.323,-1.86,0.598,0.822,-2.272,-0.911,0
0.017,-1.589,-0.008,0.275,-0.954,-0.23,-2.812,-0.089,0
0.075,0.522,0.83,-1.588,0.451,0.354,1.091,-0.348,0
1.049,0.563,0.069,-0.909,0.847,1.493,-0.096,0.315,0
-2.221,0.015,0.583,0.667,0.647,2.005,0.831,0.102,1
0.806,-0.024,0.141,-0.785,1.08,-0.379,0.35,-0.425,0
0.711,-0.092,-0.696,0.573,-0.859,0.792,-0.393,0.096,0
-2.422,0.225,1.895,1.612,2.762,-0.217,0.464,0.204,0
1.847,-1.187,-0.984,-1.567,1.104,-0.472,-1.663,0.064,0
0.046,0.837,1.459,0.05,0.286,-0.446,0.055,-0.299,0
0.877,1.138,-1.087,-0.213,0.388,0.662,0.338,1.38,0
1.038,0.919,-1.919,-0.632,0.054,-0.849,-0.238,0.261,0
-0.417,0.112,0.229,0.706,1.065,-0.264,1.053,0.411,0
0.934,0.403,-0.366,-0.077,0.97,1.594,1.599,0.398,1
0.717,0.968,0.33,-0.245,-0.159,-0.075,0.301,-0.507,1
0.744,-0.446,-0.156,-0.164,-0.251,-0.199,1.279,2.397,0
1.649,0.007,1.54,0.167,0.456,-0.407,1.058,-0.527,0
1.64,-2.411,-1.792,0.005,0.238,-0.475,-1.222,0.624,0
-1.536,-1.145,-1.254,0.102,0.149,-1.976,0.666,-0.071,0
-1.774,-0.555,-0.676,2.098,-0.435,-1.781,-0.767,0.311,0
-1.362,1.955,1.061,-0.562,-0.276,0.632,2.545,1.015,1
-0.11,0.597,0.273,-1.269,-0.533,-0.687,-0.4,-0.171,0
-1.743,-0.354,0.13,0.253,0.947,-0.4,-1.916,1.985,0
1.361,-0.523,1.349,-1.489,-0.423,-0.371,1.569,1.292,0
-1.825,-0.136,1.024,0.159,-0.285,1.081,-1.42,-0.374,0
1.062,0.143,1.761,-1.356,-1.292,-0.189,0.305,-0.887,0
-0.856,-1.21,2.054,0.423,0.358,0.185,0.555,-0.064,0
0.544,0.549,0.457,0.681,0.48,0.814,0.15,0.087,0
-0.038,1.244,0.93,-0.283,0.82,-0.622,0.957,0.149,0
1.117,-2.614,1.614,1.536,-0.308,1.167,1.153,-0.477,1
-2.376,0.799,-0.86,-0.371,0.019,0.297,0.223,2.03,1
0.225,-0.415,-1.593,-0.386,1.801,-1.475,-0.604,-1.314,0
-1.359,0.078,0.047,0.541,-0.742,0.53,-0.024,1.331,0
0.018,-0.889,-0.263,-0.385,0.52,1.681,-0.274,0.814,1
-0.989,1.486,-0.534,1.056,0.444,-0.602,1.027,1.202,0
1.165,0.562,-1.122,-0.819,0.221,-0.312,-0.705,0.601,0
0.672,0.868,-1.331,2.009,-1.585,0.699,-0.914,1.614,0
-0.709,1.352,0.323,-0.275,0.26,-0.762,-2.114,-0.126,0
0.854,0.897,0.917,-0.758,-0.232,-0.062,-0.497,-1.696,1
1.596,0.599,-1.542,0.928,0.867,-0.018,2.432,-0.42,0
-0.476,0.576,-0.043,-1.248,-0.497,0.347,0.921,0.08,0
1.183,0.206,0.439,0.6,0.818,-1.942,0.687,-0.266,0
-0.234,-1.618,0.127,-0.452,-1.151,0.95,0.469,0.893,0
-0.982,-0.072,1.801,-0.535,0.214,-0.125,0.51,-0.562,0
0.24,-0.954,-1.841,1.266,-0.542,0.935,0.318,-0.411,0
-0.446,-0.824,0.437,0.916,1.645,1.685,-2.329,1.164,0
0.832,1.268,-1.432,-0.075,-1.006,0.683,0.899,1.243,0
-0.134,-0.051,1.44,-0.591,-0.386,0.61,0.283,-0.592,0
0.792,-0.08,-1.448,-0.948,0.411,0.138,0.832,1.064,0
0.019,-0.941,-0.924,-1.009,-2.018,1.863,0.382,-1.17,1
-0.051,-0.201,-1.788,1.351,-0.286,-0.028,0.641,-1.855,1
-0.888,-0.688,0.669,1.157,1.224,1.8,-0.325,-2.699,1
1.115,1.238,1.825,-1.588,1.407,2.142,0.075,0.149,0
2.424,0.762,0.794,0.053,0.91,0.426,-1.201,-0.468,0
-0.922,-1.417,-0.931,1.441,-0.613,-0.008,0.242,1.206,0
-0.2,-2.362,0.04,-0.694,-0.367,0.719,0.446,0.313,0
-0.843,1.086,-2.214,2.052,0.461,-0.728,0.399,-1.687,0
-1.575,-0.977,-0.81,0.82,-0.129,0.23,1.131,-0.487,0
0.438,-0.518,-1.564,1.213,-1.015,-0.543,0.968,1.624,0
0.851,-0.639,1.023,-0.532,2.119,-0.629,-0.443,-1.34,0
-1.356,0.252,-0.069,1.128,-1.192,1.601,-1.11,1.627,1
-1.004,0.227,0.157,-1.193,0.102,1.257,1.76,1.421,0
-0.387,1.758,-0.105,-0.286,-0.094,-1.324,0.073,0.935,0
-0.127,-0.953,0.365,-0.13,-0.225,1.993,0.493,1.627,0
0.532,-1.286,-1.799,0.518,1.594,0.492,1.225,-0.602,0
-0.997,-0.413,-1.455,-1.663,0.308,1.206,0.666,-1.147,1
0.266,0.485,0.492,-0.346,0.082,0.686,0.25,0.474,0
-0.444,0.951,-0.794,-1.1,0.734,-1.22,-2.515,0.29,0
1.499,-0.225,-0.982,-0.495,-0.562,-0.055,2.046,-2.18,0
-0.973,-0.115,0.391,-1.074,0.91,0.144,-1.649,0.493,0
-0.496,1.354,-1.179,-0.486,1.123,0.193,0.024,1.857,0
0.96,-0.313,-1.48,-0.749,-0.929,-0.565,-0.611,-1.524,1
0.174,1.676,-0.076,-1.031,-0.025,-0.357,-0.521,0.51,0
0.365,-0.07,0.414,0.127,0.595,0.001,0.606,-0.086,0
-0.424,1.408,3.01,0.62,-1.471,-0.648,0.982,0.123,0
-0.763,1.347,-0.493,-0.401,1.224,-0.12,1.424,1.168,0
0.462,-0.044,0.5,0.61,1.231,-1.188,1.269,-1.43,0
0.146,-0.784,-0.468,0.096,-0.575,1.738,1.079,1.29,0
0.827,-1.123,0.177,-1.341,-0.312,-0.507,-1.122,-0.046,0
0.316,1.989,-0.581,0.159,0.291,-0.006,1.26,-0.877,1
-0.146,0.422,-0.342,1.307,0.053,0.284,-0.383,-1.129,0
-0.553,-1.623,-1.804,0.701,-0.073,0.989,0.111,0.077,0
0.017,1.122,-1.827,-0.466,-0.631,0.31,-0.063,-1.118,0
-0.066,-0.624,1.45,0.081,-0.446,0.752,-1.715,-0.1,1
2.04,-1.317,0.031,1.419,1.207,-0.688,-0.85,-0.839,0
-1.585,-0.05,-0.138,-0.727,0.674,0.711,-1.154,0.956,0
-0.641,0.099,-0.512,0.505,-1.679,-1.451,-0.923,0.131,0
-0.308,-1.087,-1.574,-1.452,0.311,0.903,1.062,1.367,0
0.999,-0.505,-1.61,-0.319,0.649,1.498,1.529,0.403,1
1.129,0.799,-0.66,2.25,0.038,-0.503,-0.757,-0.132,0
-1.232,-0.092,0.985,0.986,-0.732,1.483,1.231,0.356,0
-0.315,-0.683,1.394,-1.249,0.383,0.294,-0.819,-0.461,0
-0.063,-0.245,0.884,-0.614,-0.483,0.293,-0.367,0.087,0
-0.025,0.043,1.441,-2.02,1.304,-0.473,-1.048,-0.082,0
0.141,-1.001,1.664,0.165,-0.344,-0.168,0.836,3.015,0
-0.836,0.45,-0.201,-0.882,1.333,-0.048,1.95,1.364,0
0.015,0.006,1.132,-0.555,0.098,-0.486,0.118,-0.777,0
-1.652,1.454,-0.066,0.058,2.202,0.628,-0.499,1.197,0
2.241,-1.209,-0.677,0.471,-0.961,-0.338,-1.357,2.099,0
-0.287,-0.27,0.613,-0.721,0.437,-0.468,0.784,-0.823,0
-0.4,0.157,1.155,1.146,0.52,-1.417,-1.687,0.999,0
-0.085,0.931,-0.347,-1.185,-1.795,-1.205,1.658,1.117,0
0.97,0.756,-1.078,0.506,-1.075,0.808,-0.482,2.74,0
0.308,1.948,1.029,0.929,0.038,-0.49,-1.086,0.673,0
0.1,-0.736,0.572,-1.314,-1.503,-3.168,-0.012,0.134,0
0.891,1.599,0.624,-0.747,0.854,0.521,-0.443,0.668,0
-1.33,1.225,-0.106,-1.015,0.378,-0.672,-1.434,1.03,0
-0.394,1.016,0.935,2.206,-0.494,0.669,1.314,0.668,0
1.308,-0.025,-0.374,-0.241,0.141,0.99,1.554,1.039,0
-2.493,-0.396,-0.477,0.321,-1.478,-1.902,-0.053,-2.058,0
-1.279,0.451,0.345,-1.116,0.423,-0.319,-0.379,-0.0,0
-1.132,0.909,0.454,0.955,1.613,1.438,-0.337,0.283,0
-0.128,-0.131,-0.103,-0.127,-0.096,-1.844,2.616,-2.078,0
0.554,1.112,1.058,0.254,0.238,-1.013,1.04,0.412,0
-0.101,0.198,-0.161,1.975,0.237,-1.073,-1.03,0.442,0
-0.352,0.602,-1.198,-0.299,0.562,-0.271,0.528,-0.756,0
1.108,-1.332,1.023,-0.396,0.658,1.293,-1.191,1.912,0
2.266,0.225,-0.905,0.089,0.988,-2.788,-0.612,0.145,0
-0.33,-1.613,-0.481,1.649,-0.122,0.199,1.063,-1.531,0
-0.703,0.813,0.141,0.325,0.37,-0.059,-1.48,0.309,0
-0.473,-0.76,0.095,1.929,0.051,2.1,-0.364,1.141,0
-2.076,-1.795,0.999,-0.118,0.396,0.402,-0.307,0.679,1
-2.157,0.645,0.384,-0.894,-0.657,-0.321,0.074,-0.225,0
-0.07,-0.864,-0.124,-2.077,-0.462,1.266,-0.093,-0.191,1
-0.927,-1.003,-1.195,0.909,-0.637,0.236,0.228,-1.273,0
-1.104,-0.924,-1.306,0.424,-2.03,0.474,-0.776,0.024,0
0.334,-0.142,0.558,0.931,-0.528,0.643,1.405,-1.075,1
-1.001,-0.956,1.259,0.704,-0.624,-1.135,-0.281,0.224,0
-1.734,1.984,1.335,0.112,-1.692,-0.88,-0.87,0.221,0
0.58,-1.373,-0.501,-0.558,-0.184,0.482,-0.452,-1.151,0
2.201,0.907,0.624,0.89,1.101,-0.75,0.113,-0.285,0
-0.005,-1.579,-1.419,0.355,-2.128,0.23,0.281,2.144,0
-0.081,-0.663,-0.373,-1.123,-0.037,1.627,0.981,-0.459,0
-0.864,0.471,1.84,0.579,-0.536,0.243,1.061,0.331,1
1.116,0.973,-0.959,0.521,0.088,1.56,0.221,0.538,1
0.094,0.409,0.024,-0.206,1.889,0.091,-0.304,-0.931,0
0.579,0.046,-0.758,1.162,-1.274,1.343,-0.427,-0.342,1
-0.257,2.015,1.618,0.536,0.577,0.564,0.305,0.67,0
0.996,-0.317,0.607,0.371,0.219,0.195,-0.599,1.332,0
-0.262,1.519,0.352,0.179,0.708,0.469,1.002,0.282,0
-1.665,-0.786,1.798,-0.564,0.385,0.453,-1.711,-0.445,0
-0.446,-0.678,-0.502,1.596,-1.105,2.339,0.762,0.201,1
0.07,-1.771,-0.475,0.331,0.126,1.099,-0.003,1.492,0
-2.528,2.041,1.969,0.984,0.753,-0.673,0.291,-0.006,1
0.765,0.124,-0.257,-1.513,-0.962,0.789,1.039,-0.825,0
0.632,-0.046,-1.058,2.167,1.24,-1.498,-0.732,-0.743,0
-1.13,2.731,1.572,-1.548,-2.009,1.2,1.777,0.114,1
-0.056,0.37,0.451,0.035,0.725,1.177,-0.727,1.437,0
1.669,-0.452,-0.438,0.146,-0.521,-0.591,0.875,0.906,0
0.333,-0.862,1.692,-0.347,-0.063,0.266,1.176,-0.123,0
0.64,0.254,1.367,-1.062,-0.118,0.738,0.237,0.907,0
-1.17,-0.296,2.134,0.204,1.232,0.56,-0.547,-2.306,0
-0.301,-0.709,0.112,1.369,1.341,-1.829,-0.683,-1.207,0
-0.438,2.41,0.368,-0.992,0.808,1.519,0.297,-1.526,1
-0.745,0.058,0.68,0.491,-0.009,-1.029,2.545,-0.895,0
-1.37,-0.145,1.243,-0.484,-0.826,-0.531,0.025,-0.912,0
-1.129,-0.104,-0.178,-1.192,-0.052,-0.51,1.201,-0.705,0
-1.511,-0.601,0.529,-1.256,0.336,0.333,1.327,1.299,0
-1.407,1.309,3.836,-0.041,-1.381,-0.762,-0.858,0.861,0
-0.649,0.258,-1.592,0.987,0.541,-0.349,1.023,-1.544,0
0.363,-0.872,0.32,-0.226,-0.923,-1.417,-0.206,-0.163,0
0.602,2.307,0.3,1.097,-0.619,0.405,-0.005,0.637,0
-1.174,0.921,0.57,-0.926,-0.235,1.322,-0.357,-0.549,1
-0.019,-0.001,0.108,1.271,0.869,0.105,0.269,0.555,0
0.018,0.572,-0.134,0.78,-1.528,1.73,0.775,0.459,0
-0.814,-0.22,0.646,0.804,-0.471,-0.459,0.361,-0.376,0
-0.831,0.39,0.315,0.231,-1.485,1.123,0.746,0.475,1
0.286,0.947,0.838,3.294,0.101,-2.836,1.123,-1.028,0
1.002,-0.073,-2.009,0.067,-1.394,1.859,-0.106,1.429,0
-0.138,-0.706,0.349,-1.249,-0.253,0.607,-1.677,-0.566,0
-1.209,-0.891,0.606,1.573,-0.779,-1.767,0.717,1.476,0
-0.292,1.016,0.278,0.216,-1.482,-0.811,-0.434,-1.421,1
-0.296,-0.342,-0.06,-0.255,0.884,-1.682,0.365,0.537,0
-0.413,2.254,0.275,-0.659,0.769,0.228,1.498,0.157,1
-1.054,0.291,0.082,-0.37,-0.965,0.773,-0.187,0.257,0
-0.228,0.436,0.522,-0.783,-0.245,-0.764,-1.332,0.305,0
0.459,0.421,-0.286,-1.678,-1.121,0.74,0.445,-0.152,0
-0.282,1.759,-0.545,0.164,0.237,0.332,-2.136,1.883,0
1.769,0.195,0.847,-0.995,1.117,1.457,-1.217,-2.095,0
0.862,0.633,-0.117,0.224,0.596,0.027,0.066,-0.061,0
0.125,0.963,1.637,0.271,-1.858,-1.897,0.875,-0.108,0
-0.053,-0.845,-0.848,-0.726,-0.075,1.154,0.639,-0.516,0
-1.254,-0.003,0.689,-1.11,1.281,-1.193,0.79,0.755,0
0.192,0.532,0.379,1.027,-0.735,-0.797,0.8,-0.314,0
-0.648,-0.057,-0.606,0.195,0.26,-2.332,0.612,0.119,0
-0.147,0.47,-1.959,-0.54,0.368,0.029,0.756,-1.075,0
-0.278,-1.391,2.077,-1.298,0.918,-0.254,-0.166,0.335,0
-1.566,1.281,-0.96,1.346,-0.716,-0.088,0.022,0.845,0
-0.331,-1.09,-0.764,-0.952,-0.391,-1.043,0.203,-1.165,0
0.258,-0.67,-1.184,-0.526,0.274,-0.632,0.406,0.616,0
-0.175,-1.147,-0.753,-0.703,-0.362,-0.019,-0.185,0.463,0
-1.245,-0.983,0.327,-0.202,-0.15,-2.36,0.029,-1.898,0
0.726,0.518,0.301,1.152,0.25,0.963,-1.962,0.467,0
0.607,1.17,-0.063,1.909,1.563,-1.051,0.628,-0.623,0
0.098,-1.535,-1.615,0.745,0.459,0.445,-1.167,-0.534,0
-1.418,1.221,0.467,-0.185,-0.493,-0.757,0.757,0.118,1
0.244,-1.196,0.232,-0.957,1.437,-1.923,-1.022,-0.761,0
0.345,-0.118,-0.135,0.867,-0.477,0.142,-1.628,-0.223,0
-1.442,-0.773,-1.174,0.494,-0.334,0.287,-0.019,-1.168,0
-1.433,0.237,1.007,-0.392,1.312,1.193,-0.946,-0.738,1
-0.612,0.257,0.291,-0.326,-0.574,-0.098,0.078,-0.514,0
-0.482,1.026,-0.562,0.05,-1.049,0.814,1.318,-0.586,1
-1.129,-1.628,-0.007,0.929,-1.132,-1.337,1.369,-1.625,0
-0.102,-1.393,0.795,-0.216,0.312,-2.414,1.688,1.296,0
-0.961,-0.913,-0.694,-1.196,-1.299,-0.235,0.147,-0.074,0
-0.436,0.043,-0.784,0.594,-1.012,0.972,-1.232,0.306,1
1.278,0.45,1.054,-0.424,-0.226,0.661,-1.403,0.908,0
0.041,-0.047,1.026,1.289,-0.67,0.192,-0.925,1.336,0
0.325,-1.429,0.156,0.944,-0.593,-1.661,-1.623,1.736,0
1.087,0.569,-0.49,0.615,0.126,2.989,-0.968,-1.151,1
-0.461,-0.203,0.269,0.356,-0.362,0.898,0.932,0.638,0
2.203,-0.243,-0.738,0.574,-0.967,-0.014,-2.48,0.939,0
0.689,0.162,-1.66,1.501,-1.449,-0.044,-1.235,-0.132,0
-0.749,-0.486,-0.845,0.478,-1.463,-1.751,-0.221,1.402,0
2.711,1.451,-0.225,0.639,-0.038,2.009,-0.348,0.835,0
-0.852,-0.05,1.146,-0.898,0.583,0.441,0.741,-0.039,0
1.317,-0.462,-0.687,1.025,0.551,1.212,0.536,-0.3,0
-0.357,1.736,0.333,1.398,2.485,-0.919,1.506,-0.881,0
-0.63,2.388,-0.794,-0.352,1.752,-0.726,-1.255,0.881,0
-0.592,-0.458,2.009,0.573,-0.491,0.274,0.105,-0.459,0
0.806,-0.514,-0.475,1.847,0.893,-0.498,0.978,-0.896,0
0.329,0.661,0.446,-0.044,0.057,1.23,0.73,0.347,0
-1.747,0.056,-0.857,-0.456,-1.437,-0.544,-0.665,2.127,0
-1.2,2.85,1.102,0.432,-0.352,0.073,-0.774,-0.12,1
2.792,0.715,0.317,-0.59,-1.135,1.625,0.64,0.599,0
-1.164,-0.163,1.948,0.437,-0.599,-1.511,-1.994,-0.873,0
-0.782,-0.337,0.722,-1.002,-0.556,0.298,0.246,1.631,0
1.255,0.926,0.054,-1.532,0.813,-0.686,-0.488,1.738,0
-0.71,-1.048,-2.045,-0.45,-1.248,-0.02,0.314,0.789,0
-0.337,1.491,-0.766,0.802,-0.407,-1.254,-0.817,0.55,0
-0.15,2.099,0.161,1.302,-0.455,1.739,-0.394,-0.988,1
0.252,0.393,0.141,-0.467,0.64,0.455,0.361,-0.918,0
1.147,2.454,-0.473,1.352,-0.004,0.443,1.8,-0.334,0
-0.735,-0.89,0.766,0.999,-0.466,-1.086,1.17,-0.186,0
-1.098,0.663,1.395,-0.373,-1.188,-0.848,-1.376,0.877,0
0.323,-0.844,-0.012,0.973,-1.081,0.49,-1.087,1.606,0
0.8,1.334,-0.179,1.668,0.152,-0.288,2.155,0.02,0
-0.131,-1.242,0.815,1.524,0.148,-0.777,-0.47,0.955,0
-0.707,1.014,0.716,-0.506,0.416,-1.78,1.379,1.322,0
-0.49,-1.494,0.598,-1.051,1.648,-0.635,0.385,-1.244,0
0.04,1.129,1.281,-0.467,-0.121,-0.836,-0.119,-1.649,0
-2.396,-1.075,-1.035,-0.169,0.136,-0.093,0.519,-0.048,0
1.097,0.326,-0.718,-0.023,-0.133,-1.048,-0.56,0.637,0
-1.17,0.773,-0.27,-0.343,0.808,0.356,-1.002,-0.76,1
-1.098,0.892,-1.69,-0.041,-0.675,1.675,-1.517,1.159,0
-0.906,1.256,0.445,0.158,0.472,-0.291,-2.26,1.717,0
-0.208,0.873,-0.361,0.184,0.588,0.23,-0.491,0.654,0
-0.095,-2.624,-0.393,0.968,-0.655,-0.418,-0.551,-2.321,0
-0.781,-1.971,0.081,-0.231,-0.644,0.113,-0.657,0.099,0
-1.312,0.783,-0.371,-0.64,-0.393,1.698,-0.759,-1.679,1
0.235,0.983,0.532,-1.433,2.02,0.995,-0.45,-0.965,0
-1.545,-1.469,1.285,0.945,1.147,2.179,-0.183,-0.805,1
-0.581,-0.75,-2.326,0.107,-0.401,2.35,-0.703,-0.114,1
0.541,0.973,-0.058,0.496,-1.125,0.17,0.272,-0.315,0
1.374,0.426,0.871,-1.2,-0.826,-1.595,-0.122,0.142,0
-1.25,1.986,-1.246,-0.101,0.062,0.562,0.651,-1.413,1
-0.747,1.905,-0.068,-0.711,1.697,0.46,0.977,0.746,0
1.114,-0.444,-0.557,-0.224,0.89,-0.024,-0.448,-0.714,0
0.354,0.561,-0.236,-0.644,-0.297,-0.109,0.041,-0.95,0
0.899,0.667,-0.993,-0.806,0.942,-1.141,0.086,0.719,0
0.095,-0.848,-0.519,-0.243,-0.316,-0.569,0.776,0.781,0
-0.54,0.865,-0.534,-0.529,0.012,1.587,-1.18,-0.433,1
-1.445,-0.449,-0.366,-0.187,0.743,0.434,0.763,0.757,0
-1.022,0.226,-0.14,-0.228,-1.507,1.388,-1.262,-0.102,1
-1.647,0.422,0.151,0.233,1.427,0.041,0.985,-0.533,0
1.892,-0.129,-0.985,0.176,-0.912,-0.088,0.494,-0.226,0
-0.676,0.329,-0.903,0.619,0.748,-0.609,-0.198,-0.972,0
-0.053,-1.634,-0.818,0.469,-0.739,0.896,-0.769,-0.39,0
-0.76,-1.456,-1.69,-0.092,0.215,-1.7,0.545,0.783,0
0.239,0.2,-0.332,-0.834,0.53,1.468,0.24,-1.116,1
0.444,1.342,-0.542,0.399,-0.517,0.454,0.902,2.997,0
1.079,-0.134,-0.046,-0.762,-0.12,-0.86,-0.777,1.039,0
-0.523,0.118,0.245,-0.647,1.379,0.545,0.774,0.04,0
1.97,-1.155,-1.382,0.236,-0.088,0.686,1.54,-0.628,0
-1.473,0.006,-0.24,0.017,-0.679,-0.007,0.868,-0.181,0
-1.08,-1.301,-0.212,-1.808,0.648,-0.105,-1.652,-0.045,0
0.829,-0.621,-0.026,0.106,-0.588,-0.981,-0.478,-0.148,0
0.322,-0.352,1.248,1.229,-1.048,-1.632,1.769,-0.343,0
-0.223,1.78,-0.598,0.728,2.536,-0.597,0.267,0.13,0
-0.18,0.41,1.52,2.087,0.154,-0.081,0.455,-0.262,0
1.467,-1.461,-0.082,-0.823,1.425,-2.424,0.622,0.044,0
-1.736,0.399,2.168,0.597,-0.26,-0.69,0.862,0.723,0
-0.349,2.035,-0.461,-0.306,-1.585,-0.105,2.002,0.006,0
0.251,-1.123,-1.063,-0.2,0.002,-0.82,-0.359,-1.151,0
0.032,-0.507,-1.343,-1.048,0.228,-0.34,-0.74,-0.739,0
-1.035,2.087,0.927,-0.733,-0.495,1.167,0.487,-0.742,1
-0.667,-0.068,-0.161,-1.022,-0.449,-0.6,2.026,-2.017,1
0.808,-0.57,0.268,-0.368,-1.648,-0.502,0.678,-0.429,0
0.34,1.348,0.224,0.554,0.063,1.088,-0.434,-1.048,1
-1.978,0.476,0.738,1.16,0.52,-0.222,-0.329,0.13,0
-0.518,-1.13,-0.1,0.852,0.945,-0.829,0.972,-2.387,0
-0.282,-0.058,0.462,-0.006,-0.832,1.102,-0.983,-1.043,1
-0.975,1.741,0.119,0.943,-1.703,-1.879,-1.676,0.557,0
-0.44,-0.359,0.233,0.02,-0.815,-0.689,1.644,0.094,0
-0.496,-0.293,-2.621,0.536,0.412,-0.782,-0.042,-0.212,0
-0.394,0.152,-2.003,-1.223,2.077,0.414,-1.1,-0.399,0
-0.055,0.152,-1.779,-0.37,1.493,-0.754,1.421,-1.876,0
-0.889,-0.051,0.39,1.913,-0.186,0.39,-1.242,-1.496,1
0.965,-0.739,0.442,2.359,0.595,0.035,0.478,-0.285,0
-1.143,0.519,0.498,1.392,0.967,1.257,-1.146,-1.898,0
0.213,0.873,1.015,0.707,1.317,0.374,0.497,-0.573,0
-0.313,1.082,1.961,2.524,0.549,1.948,0.758,-0.233,0
1.809,0.457,-1.101,1.109,1.608,0.773,-0.423,-0.715,0
0.208,1.279,1.918,-0.206,0.258,-0.319,-0.537,-1.999,0
0.721,-1.139,-0.158,-0.203,1.075,0.212,1.055,0.329,0
-1.018,0.45,0.182,-0.955,1.416,-0.623,1.049,1.437,0
-0.763,-0.54,-0.524,-0.318,1.292,0.68,-0.348,0.931,0
-1.066,0.886,1.578,0.773,0.756,0.826,1.499,-0.968,1
0.979,-1.524,-2.045,0.34,-0.836,-0.322,-0.511,1.004,0
-1.337,-1.191,-0.815,-1.054,0.884,0.708,-2.129,-0.766,0
-0.052,-1.467,0.786,0.151,0.623,1.536,-0.125,-0.611,1
0.734,0.412,-0.523,0.629,0.123,0.101,1.667,-1.213,0
0.498,0.645,0.335,-0.987,0.74,1.643,0.975,-0.6,1
1.23,1.127,-1.063,-1.217,-1.133,0.508,-0.171,-0.334,0
-0.207,-0.359,-0.52,0.344,1.608,0.245,-1.72,-0.257,0
-1.321,-0.54,-0.815,0.167,0.952,-0.34,-0.24,-0.244,0
-1.512,0.413,-0.126,1.85,-0.732,-0.597,-0.769,-0.048,0
0.253,-0.728,0.58,-1.738,-0.805,0.493,-0.345,0.864,0
1.038,1.012,0.706,-1.006,-0.626,0.034,1.768,1.402,0
-0.554,-1.797,2.991,-0.27,0.833,0.079,-0.098,0.926,0
-0.484,-0.414,1.34,-1.545,-0.468,-0.643,-0.092,-0.334,0
0.092,0.139,0.578,0.291,0.341,-0.341,1.774,-0.232,0
-0.676,1.083,0.455,0.526,-0.537,0.654,1.501,-1.226,1
-0.798,-2.163,-0.732,0.221,0.429,0.004,-1.953,-0.973,0
0.127,-1.872,-0.008,-1.079,-0.124,0.759,2.811,-0.308,1
-0.701,-2.697,1.389,-1.862,-1.409,-0.009,0.744,-0.814,0
-0.103,-2.044,-0.986,1.626,0.713,-1.697,0.301,1.573,0
-2.089,-0.453,0.438,-1.629,1.041,0.384,-1.471,-0.597,0
-1.21,-0.554,-0.474,-0.629,-0.904,-0.615,-1.244,-0.234,1
-0.471,-1.077,0.966,0.962,-0.557,-2.035,0.597,-2.173,0
-1.075,-0.509,0.403,0.027,-0.544,0.378,-0.384,-0.226,0
-0.255,-1.692,0.182,-0.664,-1.24,0.947,-0.827,1.405,0
-1.396,-1.364,-1.171,1.505,0.431,-0.158,1.006,-0.117,0
-0.183,-0.487,0.607,0.472,-0.098,0.199,0.263,-0.98,0
0.07,-0.044,0.471,-0.27,0.877,0.085,0.17,1.217,0
0.251,1.854,-0.94,0.486,-0.021,-0.983,0.077,1.366,0
2.031,-1.193,0.86,-0.833,0.49,-0.612,-1.528,1.288,0
0.927,0.382,-0.451,1.269,0.017,0.844,0.857,-0.481,0
1.391,-0.834,0.252,-0.581,-1.133,1.839,0.376,-2.052,0
0.071,-0.463,0.286,0.775,-0.16,0.28,0.812,1.0,0
-0.081,0.888,0.45,-0.047,0.626,1.892,0.296,-1.711,1
-0.032,-0.743,1.607,-0.707,0.628,-0.174,0.331,0.018,0
1.431,-0.129,-1.312,-0.304,-1.579,1.523,0.763,0.187,0
1.634,0.53,-1.354,0.956,-0.67,-1.597,-0.144,-0.066,0
-0.422,-0.072,0.725,1.356,-0.887,-0.091,0.246,-0.161,0
-0.128,0.667,-1.306,1.466,-1.672,-0.007,-2.058,0.982,0
0.061,-0.115,0.925,0.218,0.486,-1.062,-0.663,0.23,0
0.459,1.506,-0.216,0.148,-1.088,0.343,-1.36,1.79,0
0.094,-0.731,-1.36,-0.254,0.563,-1.807,0.334,0.246,0
0.317,-1.009,-0.94,-0.63,-0.6,1.048,1.074,-1.229,0
0.606,0.163,-0.469,0.848,0.414,-0.38,-0.793,-0.957,0
1.035,-1.314,0.996,-0.147,0.047,0.085,0.096,0.966,0
0.89,0.703,0.576,-0.331,-1.132,-0.47,0.998,-0.815,0
0.878,-0.732,0.849,-0.154,0.311,1.674,2.628,0.218,0
-0.255,-0.685,0.021,0.331,-0.134,0.943,0.084,-2.152,0
-0.625,-1.489,0.999,1.673,1.312,1.37,-0.108,-1.859,0
0.715,0.572,0.266,0.706,1.085,0.446,2.84,0.575,0
2.299,0.459,0.27,1.309,1.189,0.456,-0.588,2.248,0
-1.464,0.205,0.132,0.119,0.324,1.513,-0.968,-1.534,1
-1.431,1.131,0.109,-0.666,-0.836,-0.854,0.573,-0.344,1
1.13,2.093,1.158,0.864,-0.273,-0.092,0.764,-0.537,0
2.07,2.515,0.646,-0.24,-0.994,-1.194,0.9,-1.296,0
0.218,1.155,1.01,1.493,0.919,-1.335,-1.539,-0.397,0
-1.495,0.869,1.135,-0.56,0.196,0.455,-0.694,-1.207,0
-1.623,1.381,-0.099,-1.458,1.909,0.252,-2.464,-2.405,1
1.06,0.667,-0.265,-1.372,-0.351,-1.604,0.356,0.751,0
-1.46,1.539,0.033,0.734,-0.734,-0.687,-0.841,0.932,0
0.506,-0.859,0.754,0.274,1.581,0.262,1.741,1.463,0
-0.775,-0.166,1.148,0.428,-1.888,-0.838,0.406,-0.382,0
1.658,0.036,-0.743,2.443,1.457,-0.213,0.331,-1.667,0
0.177,-1.26,1.289,-1.093,0.395,0.937,-0.332,0.013,0
-0.338,1.042,0.033,-1.931,1.504,-0.461,-0.167,0.968,0
-0.166,-1.188,2.197,0.413,0.457,-0.617,-0.102,0.517,0
0.422,-0.28,-0.636,1.007,0.015,-0.037,2.037,0.314,0
0.295,0.501,-0.878,-1.09,0.703,-0.13,0.819,1.277,0
-0.456,-1.035,-0.597,-0.305,-0.754,0.036,-0.407,-0.271,0
0.449,1.259,0.576,-0.243,-0.07,0.421,-2.725,-0.795,0
-0.437,-0.463,-0.093,-0.763,0.892,0.878,0.406,-0.615,1
-0.887,-0.872,-0.767,1.274,-2.081,-1.201,1.136,-0.336,0
-0.382,-0.442,-1.103,-0.964,0.802,1.875,0.971,1.844,0
2.093,-0.649,0.296,-0.355,-0.564,1.696,-0.709,1.029,0
-0.031,-0.4,-2.493,1.394,1.014,-1.084,-0.742,-1.497,0
0.225,0.753,-0.825,-2.114,0.192,0.407,-0.423,0.578,0
-0.995,1.495,0.9,-0.184,0.638,0.314,-0.896,0.941,0
-0.34,0.491,-0.62,-0.855,3.238,0.393,-1.238,-0.756,0
1.292,1.042,-0.2,-1.437,-0.988,-1.18,-1.817,-1.384,0
0.115,-0.663,-0.645,-0.709,1.655,-0.136,-1.118,1.196,0
-1.726,-0.501,-1.514,1.196,-1.105,-0.476,0.856,-0.641,0
0.616,-1.38,-2.364,1.074,-0.4,-0.396,0.15,1.505,0
0.947,0.382,-0.655,0.616,2.054,0.132,0.886,-0.022,0
-1.282,0.562,0.094,-0.082,0.87,0.154,-0.21,-0.985,0
-0.755,-0.063,-1.776,1.957,0.174,1.397,0.637,-0.824,1
1.545,-0.238,-3.012,-0.999,-2.926,0.788,1.142,-0.783,0
-0.134,-1.284,1.178,-1.822,-0.205,-0.273,-0.37,0.687,0
1.557,-2.127,1.114,-1.608,-0.068,1.088,0.186,0.049,0
2.453,0.235,-0.617,-1.835,-0.403,-0.705,-0.761,-0.23,0
-2.066,0.598,-1.087,0.217,0.209,0.042,-1.226,-1.636,1
-0.027,1.536,-1.25,-0.55,-1.403,-0.859,-0.786,-1.731,0
0.027,-0.725,-0.212,-0.679,0.703,-0.532,-0.014,-0.565,0
0.548,-0.136,1.334,0.641,-1.047,1.326,0.686,-1.687,0
-1.548,-0.736,0.415,0.056,0.042,1.043,-0.092,-1.036,1
-1.677,-1.003,-1.14,-1.131,-1.563,-1.202,-0.267,0.018,0
-1.141,0.716,-1.804,0.018,1.277,1.088,2.064,1.821,0
-1.487,0.676,0.193,1.004,-1.238,-1.07,0.725,0.009,1
-0.591,2.189,0.897,2.451,-0.61,0.013,-0.724,0.234,0
0.561,-0.508,-1.702,-0.864,0.103,0.397,-2.516,-0.693,0
0.433,-0.922,-1.128,0.551,-0.504,0.012,-0.712,-0.846,0
-1.272,-0.71,-1.456,0.547,1.556,0.191,-0.443,-0.824,0
0.071,-1.083,1.354,-1.259,-0.346,0.38,0.9,-1.491,0
0.317,1.274,1.252,0.393,0.985,-0.003,1.609,0.718,0
0.115,1.167,0.428,1.784,-1.036,1.824,0.502,-1.605,0
0.51,-0.896,-0.183,1.325,1.091,-0.136,-0.172,-0.412,0
0.27,0.527,-0.659,0.965,-1.487,-0.618,0.083,-0.093,0
0.806,1.819,-0.178,2.412,-0.289,1.116,-0.835,1.571,0
-0.503,-0.621,-3.137,-1.264,-1.191,0.139,0.667,-2.111,0
1.315,-0.722,-1.05,0.634,-1.932,0.812,-0.24,0.879,0
0.572,0.403,0.672,0.38,-1.14,-1.528,-0.556,-1.299,0
-1.441,-0.589,3.039,1.63,-0.179,0.211,0.386,0.378,1
0.888,-0.161,0.494,-0.51,0.791,-0.017,0.268,0.361,0
0.498,-0.424,0.833,0.49,-0.061,-0.264,-1.576,0.409,0
1.455,-0.107,0.661,-0.06,-1.768,0.618,-0.603,-0.048,0
1.941,0.875,-1.562,1.138,0.565,0.382,0.904,0.282,0
-1.932,-1.945,-1.576,-1.543,1.54,0.032,-0.872,0.203,0
0.382,0.969,0.989,0.249,-0.036,0.706,0.476,-0.141,0
-1.369,0.659,0.783,-0.072,0.02,-1.971,0.779,0.855,0
-0.211,-1.319,-1.471,0.332,-0.922,0.599,-1.025,-0.718,0
-1.781,-0.743,0.609,1.079,-1.001,0.166,-0.915,0.488,0
0.769,-0.666,1.419,0.43,1.163,1.371,0.13,-0.622,0
0.515,0.702,-1.156,0.853,0.972,-2.436,2.53,0.404,0
2.591,-2.007,-1.195,1.371,0.177,1.86,-0.558,-1.096,0
0.35,-1.637,1.465,-1.238,-0.148,1.279,0.783,0.359,0
-0.019,-0.194,-1.105,-0.309,-0.762,0.377,0.339,-0.223,0
1.048,-0.767,1.013,-0.793,-1.203,-0.006,-0.682,-1.352,0
1.513,0.091,0.902,-0.311,-1.251,0.298,-0.305,1.237,0
-0.846,-0.7,-0.324,-0.028,1.932,1.48,-1.486,-1.296,1
-1.611,-0.552,1.491,-0.135,-1.733,-0.596,-0.601,0.438,0
0.236,-0.289,1.384,-2.143,0.096,-0.897,1.566,-0.445,0
-1.221,-1.239,0.657,1.015,-0.29,-0.513,0.809,-1.239,0
-0.075,0.153,1.122,0.553,0.413,-2.043,-1.076,-0.177,0
-1.508,0.309,2.812,-0.152,-0.377,-1.062,-0.98,0.49,0
-0.409,1.335,0.065,-1.5,1.063,-0.137,-0.367,-0.206,0
-0.608,0.079,-0.281,0.431,-0.818,0.44,-0.503,-2.102,0
1.133,-0.743,0.549,-0.004,1.879,0.089,-0.701,0.714,0
-0.445,1.216,-2.457,1.167,-0.409,-0.002,-0.463,0.561,0
-2.339,-0.596,-0.219,-0.825,0.547,-0.133,-0.677,-3.228,1
-1.143,0.982,-1.451,1.825,0.151,0.863,-0.794,-0.655,1
1.545,-0.339,1.212,0.838,-0.794,0.412,0.584,-1.506,1
2.468,-1.92,-0.124,0.054,1.032,1.252,-2.235,0.016,1
0.527,0.944,-0.236,1.195,3.304,1.07,-0.112,-0.245,0
-0.823,-2.888,1.283,-1.983,-0.212,-0.068,0.281,0.333,0
0.685,-0.131,-1.088,-0.829,-0.129,0.686,0.978,-0.672,0
-1.762,0.276,0.541,-0.817,0.815,1.245,-1.421,1.46,0
0.644,-0.98,-1.408,0.579,-1.26,0.973,1.41,1.033,0
-0.956,-1.081,1.195,-0.442,0.547,0.209,-1.164,0.064,0
-0.016,0.863,0.862,-0.853,0.344,0.053,0.672,0.149,0
-2.052,0.409,-0.589,0.358,0.013,-0.221,2.1,-0.237,0
-0.912,-1.863,0.336,-0.273,-0.448,0.188,1.125,0.329,0
-0.009,-0.787,-1.484,-0.685,2.134,-2.13,0.703,0.209,0
0.295,-0.064,-1.556,1.954,0.56,-0.375,0.238,-0.127,0
1.023,-0.64,-0.276,3.521,-0.623,-0.408,-0.156,-0.334,0
1.316,-0.423,-0.507,0.452,0.611,-0.405,-1.897,0.206,0
1.053,-0.257,1.103,-0.345,-0.792,0.74,-0.578,-0.773,0
-2.161,-1.336,-0.526,-2.526,-0.04,-0.684,-1.465,-0.484,0
-0.844,1.117,1.21,-2.565,0.178,-1.693,-1.083,2.032,0
0.97,1.204,-0.979,-0.416,-0.91,-1.725,1.509,1.252,0
0.888,0.356,0.154,0.542,0.651,-0.943,-0.126,-1.219,0
0.215,-0.457,-0.96,-1.066,-1.129,0.379,-0.042,0.734,0
0.336,-0.472,0.177,0.357,0.084,0.12,1.243,1.702,0
0.953,0.96,-0.52,-0.524,-1.139,0.021,-0.503,0.427,0
2.224,0.079,0.019,-1.898,-0.684,2.59,-0.598,0.091,1
-1.074,-0.191,0.888,0.6,0.744,0.377,0.051,0.405,0
0.918,1.171,-0.023,0.719,-0.474,1.093,1.096,-0.245,0
1.291,0.338,-0.88,-0.587,0.749,1.099,-0.469,0.299,0
-1.171,0.24,-2.276,-1.67,1.271,-1.444,0.392,-0.29,0
0.283,0.665,1.26,-0.031,0.615,-0.22,-0.233,-0.753,0
0.977,1.201,-1.175,0.468,0.724,-2.587,0.977,-0.022,0
0.14,0.429,-0.926,0.21,0.771,0.418,-0.534,-1.093,0
0.627,1.289,0.612,0.241,0.4,0.219,-0.056,-1.868,0
-1.176,-0.01,-0.654,0.177,-1.298,0.838,2.101,-1.448,0
-0.993,-0.938,-0.444,-0.93,-1.81,-0.275,-2.358,-0.098,0
0.411,-0.733,-1.156,0.72,1.032,-0.804,-0.013,1.216,0
0.213,1.517,0.746,-0.381,0.093,-0.332,-0.307,-0.323,0
-0.239,1.178,-0.231,-0.197,0.191,-0.457,-0.17,-0.915,0
-1.534,2.356,2.188,-0.599,0.226,0.819,0.175,-0.662,1
0.491,1.101,-0.685,-0.451,1.383,-1.079,-0.386,-0.578,0
0.118,0.246,0.221,-2.159,-1.774,0.32,1.148,-0.855,0
-1.172,0.35,0.114,-0.18,-1.391,1.697,-1.166,-1.361,1
1.416,1.943,0.853,-1.088,1.094,-0.333,-0.401,-0.739,1
-1.373,1.227,0.359,1.347,-1.914,-0.108,-1.628,0.276,1
1.321,0.768,-0.791,0.74,1.064,-0.498,1.943,0.595,0
-0.349,-0.337,-0.627,-0.736,0.42,0.66,-1.018,-0.803,0
-1.335,-0.369,-2.383,-0.357,-1.093,0.189,0.722,-0.78,0
1.078,1.043,-0.307,-1.439,-0.974,0.253,0.662,-0.182,0
-0.131,-0.628,0.315,-0.55,0.573,-0.496,-1.626,1.169,0
0.001,-0.809,-0.681,-1.461,0.19,-0.553,-0.404,0.092,0
1.376,0.743,-0.757,-0.54,0.217,-0.894,0.726,-0.288,0
0.057,0.68,0.589,-2.215,0.53,-0.418,-0.973,-0.126,0
0.424,2.266,-1.149,1.796,0.634,-0.984,0.689,0.076,0
1.145,0.215,1.432,1.98,-1.117,-1.115,1.059,-1.225,0
-0.712,-0.613,0.262,0.172,0.478,-0.298,-0.773,1.126,0
0.125,1.098,-0.625,1.126,-0.704,1.717,-1.834,0.768,1
1.168,0.219,0.78,0.423,-0.915,-0.538,-1.083,0.16,0
1.04,0.389,-0.734,-0.306,0.029,0.342,1.296,0.126,0
-1.226,1.465,-0.287,-0.668,-0.839,-1.874,0.023,-0.576,0
1.873,0.335,0.003,0.28,0.796,-0.563,0.357,-0.602,0
0.892,0.9,0.411,2.282,-2.529,-0.369,0.08,0.58,1
0.125,-1.748,-0.277,-0.716,-0.416,0.287,-0.061,0.771,0
1.108,0.981,-0.399,-0.891,0.488,2.474,-0.699,0.454,0
0.263,-1.012,-0.274,0.537,-1.492,-0.037,-0.435,1.627,0
0.348,0.044,-0.329,-0.67,-0.47,1.317,1.008,-1.851,1
-0.17,-2.028,0.911,-0.992,-0.104,0.196,0.173,-0.678,0
0.351,0.906,0.206,-0.099,-0.453,-0.939,-0.876,0.218,0
1.203,0.227,-0.523,-1.077,-0.808,-1.944,-0.921,0.441,0
0.458,0.902,1.107,0.549,-0.583,-0.97,-2.819,1.037,0
0.375,-1.209,0.434,0.009,0.132,-1.351,-0.181,0.245,0
0.269,0.928,-0.288,-1.169,-0.017,0.093,-0.218,-0.163,0
1.351,-0.435,1.054,1.288,0.545,-1.441,0.16,-0.603,0
0.95,0.703,-0.327,0.277,-1.305,0.696,-0.383,-0.689,1
0.318,-0.432,0.454,-1.518,1.474,0.519,1.759,0.097,0
1.575,0.556,1.305,0.747,2.672,0.184,-0.228,1.195,0
0.726,-1.319,1.321,0.338,0.127,0.674,-1.031,0.051,0
0.316,-1.664,-0.991,0.052,-0.831,-0.03,-0.258,-0.886,0
-0.647,-0.714,-1.93,-1.435,-0.787,0.05,0.101,0.026,0
-0.528,-0.336,0.334,0.987,1.438,0.025,-0.67,-0.613,0
0.934,0.44,-0.033,0.728,-0.423,0.59,0.198,-0.247,0
0.021,1.742,0.409,0.355,1.608,2.057,0.963,-0.689,1
-1.087,-0.894,1.544,1.309,2.091,-1.243,-0.998,-0.361,0
0.341,0.47,-0.216,-0.544,-0.393,-0.715,-0.925,-0.159,0
0.479,0.318,-0.667,0.865,-1.097,-1.083,-0.782,0.356,0
0.413,-0.172,-0.018,-0.611,-0.468,-1.309,0.168,-0.396,0
-0.317,-0.879,-0.911,-0.032,-0.089,1.818,-1.21,-0.624,0
-0.786,-0.447,0.034,0.102,-0.012,1.6,-0.622,-0.402,0
0.457,1.074,-2.004,1.057,-0.978,-0.078,-0.117,0.342,0
-0.485,2.946,-0.44,1.497,-1.177,-0.279,0.73,-0.109,0
-0.492,1.046,-0.409,0.073,-0.1,-0.11,0.553,1.923,0
1.596,0.591,-0.01,1.944,0.754,0.947,0.482,-0.845,0
0.609,-1.738,0.461,1.564,0.612,0.298,-0.513,1.002,0
0.833,-0.219,0.437,-0.137,-0.746,-0.227,-0.597,0.648,0
-1.523,0.123,1.276,0.917,0.221,0.531,-1.982,-1.291,1
-0.225,-1.34,0.916,-1.555,0.305,-0.962,-0.091,1.112,0
1.712,0.421,0.04,0.723,-1.045,0.25,-0.796,2.199,0
-0.284,-1.096,-0.282,1.982,1.081,-1.541,-0.408,-1.072,0
-2.403,1.646,-0.374,-1.002,1.137,-0.015,-1.324,0.73,0
0.76,0.819,0.072,0.117,-1.184,0.333,0.58,-0.573,0
0.446,-1.094,0.761,-0.332,-1.252,-0.49,-0.682,-0.025,0
0.101,-1.503,-1.856,0.414,-1.092,0.575,-0.235,1.381,0
0.565,-0.68,-0.482,0.312,1.101,0.639,-1.084,1.508,0
-1.109,-1.292,2.327,-0.163,-0.721,-1.104,0.117,-1.453,0
-0.215,-0.55,-0.544,0.256,0.15,1.362,0.775,0.597,0
-1.605,1.67,-0.1,0.626,1.608,0.767,-0.884,-0.823,1
1.799,0.418,-0.799,-1.417,0.259,1.254,0.3,0.837,0
-0.354,-0.234,-1.05,-0.432,1.432,-0.781,-0.074,-1.708,1
-0.042,-2.078,-0.877,0.196,0.425,-0.579,0.954,1.123,0
1.868,-1.419,-0.388,-1.067,1.039,-0.453,1.156,-1.641,0
0.436,0.63,1.302,1.073,0.01,0.312,1.976,-0.342,0
0.331,0.08,1.732,-0.235,0.276,0.412,0.799,-0.928,0
0.187,-0.96,0.44,1.188,0.616,-1.325,-0.576,0.353,0
1.597,0.574,-0.078,-0.249,0.519,0.641,-0.941,1.39,0
-1.444,-2.315,1.05,0.529,1.841,0.013,-0.056,0.692,0
-1.858,-1.758,-1.571,-0.009,0.295,-2.024,-1.053,-0.905,0
0.528,0.068,-0.13,-0.354,-1.754,0.331,-0.229,-1.168,1
0.08,-0.109,-0.523,0.613,-0.334,-0.754,-1.508,-0.619,0
-0.329,-0.906,0.759,0.242,-0.281,2.0,0.386,0.4,1
1.383,1.593,0.195,-0.785,0.38,-0.958,-2.588,0.822,0
1.284,2.229,-0.639,0.466,-0.22,1.453,0.923,0.413,0
-0.695,0.58,-0.25,1.046,1.492,0.121,-0.865,-0.652,1
0.626,-0.233,0.153,0.862,0.607,0.48,-3.16,-0.093,0
0.269,-1.631,0.179,-0.347,-0.122,0.59,0.028,-0.493,0
-0.732,-0.071,-1.045,1.028,-1.308,1.024,0.958,0.055,1
1.221,0.256,-1.272,1.1,-0.453,-1.761,-0.006,0.637,0
0.251,-1.165,1.51,0.615,-1.248,-0.552,1.0,-0.477,0
0.625,0.675,-0.934,-0.05,1.251,0.351,-1.567,-0.519,0
-0.035,1.428,0.377,-1.038,0.288,0.207,0.225,-0.395,0
-0.635,-0.397,-0.574,0.063,-0.77,-1.032,1.054,1.667,0
-0.711,0.868,0.104,0.737,-0.003,0.314,0.236,-0.188,1
1.048,0.304,-1.036,2.0,-1.032,0.507,-1.025,-1.339,0
0.634,-0.721,0.086,-1.167,-0.902,1.204,0.403,1.401,0
0.977,2.086,0.208,1.259,1.219,0.464,-0.019,0.58,0
2.14,-0.355,0.879,0.438,-0.255,0.228,0.329,1.184,0
-0.101,-0.753,-0.064,-0.586,0.424,-0.272,1.417,-0.287,0
2.224,0.023,0.379,-1.021,1.798,0.244,-0.072,-1.603,0
-1.298,-2.019,1.607,1.032,0.568,-0.025,-0.658,0.453,1
1.532,0.565,0.463,-0.725,-0.036,-3.009,1.585,0.551,0
-1.31,0.129,0.688,0.79,1.019,1.635,-1.187,1.6,0
1.53,-0.006,-0.92,1.664,-0.851,-0.058,0.823,-1.213,0
-0.939,-0.763,-0.036,-0.952,1.514,1.247,-0.444,-0.366,0
-1.796,1.839,-1.469,-0.936,1.29,0.041,-1.659,1.573,1
-1.431,1.092,-0.91,-0.499,0.184,-0.574,-0.892,1.482,0
-0.453,-0.022,-0.16,-0.654,1.047,1.823,-1.688,0.304,0
-1.897,-1.69,-1.551,1.189,-1.036,0.423,-1.48,-1.127,0
0.319,0.357,0.418,2.092,-0.63,1.973,-0.011,0.514,1
1.168,-1.298,-0.372,0.034,0.708,-0.1,-0.509,0.207,0
-0.953,-0.686,-0.201,1.472,0.224,-0.12,1.318,-0.277,1
2.092,0.543,0.831,-0.987,-2.29,-1.294,-0.526,0.148,0
-0.853,0.123,0.436,1.954,-1.436,0.783,0.743,-0.501,0
0.359,-1.946,-0.026,-2.474,-0.571,-0.035,0.788,-0.608,0
0.767,1.27,0.903,1.114,0.857,-1.692,-1.179,-0.575,0
0.296,-0.422,-1.161,-0.587,-0.616,-0.279,1.491,-1.321,0
-1.669,-0.591,-1.434,1.126,0.762,-0.2,0.276,-1.121,0
-0.561,0.879,0.217,0.532,-2.182,0.563,-0.076,-0.186,1
0.124,-0.924,-0.849,0.132,0.874,1.02,-0.659,1.349,0
1.19,0.731,-0.668,-2.648,-0.475,1.449,-0.619,1.087,0
-1.058,-0.336,-0.428,0.105,1.404,-0.322,-0.479,-0.678,0
1.185,-1.171,0.034,-0.394,2.639,0.542,-1.223,0.27,0
-0.08,2.26,-0.78,-0.259,0.086,-1.219,0.665,0.236,0
0.741,-0.184,-1.284,0.238,1.021,1.196,-0.767,0.928,0
-1.457,0.284,0.879,1.177,-0.521,0.738,0.812,-0.649,1
0.315,-1.559,-0.183,0.339,-0.151,-0.139,-0.478,3.161,0
-0.416,-0.456,0.76,-0.752,0.285,-0.478,0.424,2.057,0
-0.25,-0.432,0.625,0.05,0.6,0.093,0.013,-1.753,1
2.325,0.574,-0.444,-0.288,0.332,0.859,-0.003,-1.39,0
-1.371,-0.51,-0.359,-0.547,0.622,-0.464,-0.047,-3.347,0
0.789,-1.831,0.102,-0.378,0.282,-0.058,1.797,-0.395,0
0.013,-1.89,0.021,-2.074,-0.192,-1.935,-0.734,0.241,0
-0.128,-0.063,-0.082,0.167,0.213,0.248,-1.304,-1.237,0
-0.432,1.756,-1.157,0.391,-1.269,0.525,-0.787,-2.195,1
-1.131,0.073,-0.489,-0.776,1.9,-0.106,1.082,-1.758,1
0.629,-0.154,-0.173,0.112,2.806,0.956,-0.141,0.333,0
1.577,-0.575,-0.618,-1.205,0.493,1.345,-0.695,0.26,0
0.515,-0.986,-1.625,0.416,0.666,-0.324,-0.317,1.142,0
-0.186,-0.043,2.065,-1.141,0.449,-1.284,0.577,1.396,0
-1.053,-1.194,-0.792,-0.38,0.59,0.266,-1.462,-0.146,0
-0.489,0.481,-0.171,-1.976,-0.4,-0.487,-0.052,1.776,0
1.716,-0.094,0.907,-0.323,-0.549,-0.105,-0.83,-0.716,0
0.001,-0.424,-1.652,0.475,0.397,1.146,0.0,-0.209,0
-1.57,0.459,0.676,2.098,-1.277,0.665,1.515,-1.785,1
0.212,-0.784,-0.701,-2.069,0.774,0.989,1.216,-1.566,0
0.101,-0.183,-1.584,1.307,-0.32,0.008,2.086,-1.619,1
0.645,2.069,0.339,1.296,-2.459,0.512,-0.135,0.074,0
-0.048,-2.429,0.341,-0.694,-0.024,-0.278,-0.459,-1.903,0
1.988,0.665,1.662,-0.451,0.323,-0.253,0.562,-0.335,0
0.819,0.968,1.073,0.767,1.17,0.971,-0.453,1.703,0
0.141,0.753,-1.025,1.832,0.663,-0.348,1.601,0.321,0
1.452,0.474,-1.358,1.847,-1.246,-1.002,-0.836,1.022,0
0.593,-0.308,-0.497,-0.802,-0.268,-1.253,2.457,-1.122,0
-1.057,0.082,-0.852,-1.432,-0.038,0.867,-1.81,0.56,0
-0.258,0.546,3.097,-2.483,-0.695,0.194,0.233,-0.057,0
-1.487,-1.118,-0.407,-0.985,-1.569,-0.559,1.573,0.936,0
-0.76,-0.19,-1.901,-0.173,1.075,1.029,1.704,0.36,0
-1.664,-1.369,-0.468,1.57,0.432,-0.08,1.131,0.946,0
0.435,0.375,1.72,0.881,-0.5,0.335,0.085,-0.337,0
1.469,1.677,-0.436,1.0,-0.008,-0.25,-0.644,-1.06,0
0.273,-1.604,1.045,2.311,-0.68,-0.233,-0.199,0.362,0
0.112,-0.65,0.586,-0.348,-0.508,0.056,-0.831,0.321,0
0.151,-0.124,1.003,1.396,1.197,0.265,0.558,-1.081,0
-0.829,1.079,0.853,-1.073,-0.069,-1.515,0.595,-0.026,0
0.039,0.19,0.291,-0.766,-0.281,2.735,0.046,-1.423,1
0.961,1.342,-0.344,-0.972,1.255,0.322,0.22,0.74,0
0.517,1.316,1.021,1.001,-0.006,-0.848,-0.171,0.771,0
1.094,0.353,0.897,1.219,0.301,-0.207,0.319,-0.823,0
0.318,-2.017,1.455,0.485,0.349,-1.646,-0.142,-0.629,0
-0.665,0.211,-0.663,-2.321,-1.072,-0.291,0.046,-0.794,0
0.618,0.632,-0.126,-0.158,-0.141,-1.723,2.606,1.968,0
0.552,0.303,-0.664,-0.615,1.119,0.03,-0.302,-1.621,0
-2.202,-1.559,0.737,0.6,-0.034,-0.509,-2.609,-0.467,0
-1.021,-0.132,1.578,0.371,-0.003,-0.511,-0.304,0.309,0
1.664,-0.325,-1.414,-0.321,-0.628,-0.919,0.801,0.641,0
-0.546,0.952,1.393,-0.253,1.392,-0.705,0.915,-0.774,0
1.662,0.109,-0.305,-0.105,-0.613,0.162,0.589,-0.538,0
1.76,-0.34,0.711,2.055,-0.89,-0.378,2.458,-0.253,0
1.553,-0.492,0.208,0.522,0.126,-0.536,0.259,1.096,0
1.521,-0.701,0.143,-0.921,1.215,1.437,-0.018,1.23,0
0.3,0.027,-0.654,1.031,1.964,0.397,-1.907,-0.722,0
0.687,0.01,0.729,1.699,0.319,-0.648,-0.756,-0.24,0
0.745,1.398,0.617,0.234,0.187,-0.536,-1.657,-0.296,0
1.861,-0.628,-1.87,-0.857,0.299,-0.383,0.087,-1.102,0
0.842,-0.915,-0.923,0.951,0.162,-0.852,1.659,-0.139,0
-0.292,-0.464,-0.858,-0.347,1.99,0.484,-0.318,-0.013,0
1.194,1.125,-0.532,0.6,-0.911,0.392,0.7,0.447,0
-2.235,0.191,1.074,-0.151,0.136,0.458,-0.676,-1.391,0
0.296,-0.124,0.967,-0.994,-1.12,0.95,-1.339,-0.021,0
1.746,1.349,0.19,-0.582,-1.575,-0.455,0.0,0.637,0
-0.413,2.594,-0.156,-1.222,-0.545,-0.811,-1.989,1.249,0
-0.046,-0.107,-0.839,-1.291,1.014,-0.488,0.214,1.304,0
-1.048,0.084,0.708,-1.88,-0.467,-0.269,-0.807,1.549,0
0.323,-0.183,-0.445,-0.972,2.53,-0.964,1.189,0.799,0
1.556,0.811,-1.466,-1.421,0.101,-0.559,-0.244,-0.848,0
0.192,0.914,0.272,-0.15,0.553,0.933,-0.731,0.655,0
-0.695,0.277,-0.589,-0.601,1.344,-0.188,0.463,-0.414,0
-0.741,-0.557,0.399,0.167,-0.491,-1.231,1.837,-2.001,0
0.356,1.185,-0.227,-2.859,-0.276,0.503,1.861,0.724,0
-0.277,-0.151,0.681,-0.54,-1.566,-1.26,0.07,-0.183,0
0.642,2.397,-0.127,0.735,-0.092,1.822,0.357,1.137,0
-1.851,0.754,-0.35,-0.721,0.165,0.558,0.733,-1.162,0
0.464,-0.229,0.598,1.018,1.212,-0.255,0.874,0.19,0
-1.012,-2.08,0.096,-1.489,-1.647,0.665,-0.062,0.93,0
-0.19,1.405,-2.067,1.504,1.057,-0.078,-0.066,-1.129,0
-1.348,0.095,0.295,0.526,1.025,-0.114,-0.99,-0.546,0
2.559,1.3,1.285,0.912,0.123,-0.235,-0.19,0.46,0
0.104,1.511,-0.674,-1.046,0.076,1.166,1.205,-2.633,0
-0.242,1.074,-1.246,-0.289,-0.129,1.281,-0.487,0.118,1
-0.81,1.769,-0.622,0.793,-1.561,0.436,-0.157,-0.746,1
-1.107,0.499,-0.134,0.074,-1.439,-0.168,-0.112,0.122,0
-1.395,-0.223,-0.066,-0.939,-0.813,1.642,0.916,0.106,1
-0.782,0.95,1.422,-0.661,0.851,0.01,-0.235,-0.344,1
-0.923,-0.041,-0.477,0.042,0.423,0.136,-1.158,-0.063,1
0.094,0.826,0.6,-0.187,-0.302,-1.23,-0.445,-1.86,0
-0.292,0.07,1.44,0.558,-1.084,0.233,0.337,-0.101,0
0.668,0.255,0.527,-0.028,0.667,-0.942,0.605,1.413,0
-0.516,-0.341,1.091,1.099,-0.585,0.114,1.243,0.922,0
0.485,-1.328,0.499,-0.836,0.322,0.15,-0.225,0.167,0
-0.085,-1.852,-0.53,-1.237,-1.145,2.427,1.244,1.986,1
-1.793,-0.374,1.618,1.032,-1.01,-0.937,0.094,-0.115,0
-0.333,0.646,-2.482,1.164,0.007,0.046,-1.121,-1.213,0
-1.268,0.866,0.875,-1.114,-0.249,-1.033,0.34,-0.227,0
-1.546,-0.344,0.001,-0.008,2.085,-1.997,0.349,0.625,0
-0.648,0.853,0.922,-0.371,-1.094,-1.041,-1.833,-0.774,0
-0.551,0.335,0.443,-1.865,-0.611,1.92,1.793,-0.502,1
0.333,0.163,0.315,-0.441,-0.183,-0.375,0.987,-0.394,0
-0.347,-1.093,0.1,-1.744,0.04,-1.809,0.702,-1.475,0
-1.923,0.343,-0.884,1.147,0.517,0.877,0.282,0.056,0
0.925,1.558,2.617,0.209,0.562,-0.359,-0.444,-0.807,0
1.042,0.137,-0.593,0.34,-0.05,-0.586,-1.534,1.666,0
-0.047,-0.032,1.27,0.708,-0.045,1.263,1.658,-1.099,1
-0.336,1.004,-0.398,0.72,1.276,0.713,0.009,1.78,0
-2.692,-0.038,-1.292,-0.759,0.301,0.5,0.962,-0.513,1
-1.751,-2.359,0.033,1.059,-1.231,-0.972,-2.857,0.57,0
-0.14,-1.518,0.091,0.36,-0.333,-2.045,1.158,0.385,0
1.059,-0.301,-0.314,0.258,-1.4,-1.23,-0.326,-0.847,0
0.125,-1.11,1.338,-0.601,0.931,0.478,0.406,-0.618,0
-0.096,-1.516,0.834,0.055,0.686,0.38,1.031,-0.579,0
0.486,-0.736,0.891,-0.269,-0.891,2.856,0.261,2.065,0
1.795,-0.142,1.928,-0.574,-1.348,0.768,0.888,0.332,0
0.38,-0.493,-2.051,0.967,0.039,-0.495,-0.625,-0.536,0
0.843,0.66,-0.157,0.712,0.64,-0.625,0.028,-0.776,0
-1.25,-1.374,-0.703,-1.144,0.701,0.284,-0.058,1.93,0
-1.176,-2.133,-1.764,-0.988,0.042,0.601,-0.612,0.37,0
-0.533,0.765,-0.328,0.518,-0.175,0.222,-0.306,-0.537,0
0.13,0.531,1.715,-0.619,1.163,0.108,1.727,-0.617,0
0.414,1.21,1.354,0.521,-1.18,-0.103,-0.951,0.688,0
0.267,0.791,-0.147,-0.266,-1.366,-0.348,-0.878,-1.393,0
-0.492,1.031,0.012,-0.536,0.112,0.434,-0.645,-1.777,1
-0.013,-0.263,-0.658,0.069,-1.266,0.957,-0.894,-0.148,0
-0.058,-1.193,0.57,0.476,0.753,0.441,0.928,-0.567,0
0.834,0.823,-0.74,-0.927,-1.14,1.145,0.677,-1.335,0
-0.556,-0.657,0.223,1.143,-0.525,0.52,-1.078,-0.425,0
-0.509,-1.458,1.313,1.19,0.825,-1.103,-0.007,0.056,0
-1.462,-2.19,1.52,-1.341,3.0,2.181,-1.99,0.013,0
0.131,-1.302,0.309,0.395,0.997,0.068,-0.228,-0.715,0
0.274,-1.252,-0.472,-1.233,0.727,-0.248,-0.44,2.086,0
-2.18,-1.205,-1.511,1.195,1.043,-0.944,-2.006,-0.096,0
-0.511,0.243,0.223,-0.409,0.104,0.589,-1.06,0.097,0
-1.163,-0.029,-0.585,-0.082,1.074,0.235,0.541,0.674,0
0.416,-0.546,1.496,0.709,0.053,0.127,1.26,0.292,0
-1.078,-0.823,-1.946,0.696,0.725,1.353,0.179,-2.174,1
-0.433,-1.781,-0.129,1.435,-0.977,0.118,1.244,0.811,0
0.606,-1.176,0.99,-1.546,0.363,-2.733,-0.138,-0.963,0
-1.406,-0.568,-1.963,-2.111,0.922,-0.505,-1.3,-1.472,0
0.25,-0.015,-0.052,0.937,-0.044,-1.789,-0.647,-1.086,0
0.233,0.374,0.354,-1.074,0.159,-0.943,2.759,0.595,0
0.488,-1.747,1.224,0.101,-0.617,-1.491,0.374,0.25,0
-0.779,-0.764,1.016,1.632,-0.431,-1.306,-0.467,1.049,0
-1.062,1.05,0.859,0.42,2.03,-0.597,1.168,1.587,0
0.267,0.512,1.57,-1.006,0.14,-0.919,1.015,-0.108,0
-1.211,1.27,-0.219,-1.102,1.722,-2.194,0.772,-0.378,0
-1.009,-0.789,-0.262,-0.344,-1.699,0.276,-0.811,0.675,0
-0.639,-1.203,0.477,1.187,-0.365,-1.14,0.01,0.297,0
-0.547,0.554,-0.425,0.189,0.607,0.055,0.145,1.267,0
-0.861,-0.929,0.643,-0.982,1.495,0.125,-2.493,0.983,0
-0.007,-0.689,-0.936,-2.574,0.386,0.23,-0.594,0.063,0
-1.977,-0.902,0.146,0.035,-0.275,0.398,0.087,1.85,0
-0.143,-1.379,-1.328,-1.234,-0.73,0.163,0.146,-0.862,0
2.397,0.265,0.802,-0.658,-0.656,-1.834,-1.548,0.603,0
-0.739,-0.461,2.076,-1.239,-0.294,0.421,-1.573,0.28,1
0.448,-0.105,-0.068,-0.76,0.023,-1.142,-0.494,0.22,0
-0.216,-2.019,0.233,-1.415,-0.916,-0.718,0.597,-0.286,0
1.236,-0.835,-0.243,-1.128,0.656,1.842,-0.366,0.485,0
-0.806,-0.585,-0.301,0.524,-0.999,-0.315,-0.319,1.802,0
0.44,-0.583,-0.836,0.967,0.033,0.241,-0.181,0.949,0
-1.031,1.377,-1.649,-0.197,-0.396,1.017,-0.611,0.04,1
1.742,0.159,0.461,1.27,0.514,0.353,-0.358,0.055,0
-0.642,1.504,0.07,0.827,0.64,0.921,-0.214,0.253,1
3.434,0.542,0.404,0.877,1.143,-0.994,1.153,-0.096,0
-0.745,-1.476,0.397,1.178,-1.245,0.304,0.817,-1.549,0
0.857,-1.396,-0.548,0.382,-0.608,-1.509,-1.147,0.346,0
1.91,0.744,-0.099,-0.147,0.378,-0.397,0.103,-2.415,0
-0.406,-0.393,-0.243,-0.442,1.009,0.582,1.841,-1.024,0
-1.298,-0.2,-1.454,1.234,-0.349,-1.487,0.392,1.186,0
1.095,-1.639,-0.767,0.61,0.943,0.914,-1.439,0.891,0
-1.007,-0.772,0.367,-0.569,-1.147,0.45,1.524,0.632,0
1.193,0.101,-2.106,0.504,-1.425,-2.08,-0.817,0.414,0
-0.099,-0.186,1.674,-0.205,-0.042,0.379,-1.933,-2.063,0
-1.651,1.005,-1.592,-0.58,-0.608,1.411,-0.187,-1.114,1
-0.675,0.6,2.307,-0.837,0.595,0.946,-1.466,0.385,0
-0.322,0.747,0.991,-0.301,-1.698,-1.004,-1.233,0.34,0
0.914,0.405,-1.846,-0.77,-1.868,0.756,0.82,-0.363,0
0.032,0.252,1.556,0.551,-0.094,-1.548,-1.563,-0.047,0
-0.244,-0.535,-0.115,0.303,1.314,-0.856,-1.186,0.25,0
0.978,-0.096,-1.791,-1.147,0.318,-1.922,-0.321,-1.363,0
0.591,1.18,-0.942,1.26,-0.988,1.441,1.355,0.634,0
-0.219,0.366,1.215,-0.054,-0.202,0.19,-0.5,0.514,0
0.201,-2.202,0.766,-1.093,2.61,-0.354,-0.473,0.36,0
-2.463,0.255,-0.911,1.864,0.894,-1.431,-0.181,-0.391,0
0.124,-0.335,-0.762,-0.782,0.486,-0.254,-0.416,-1.519,0
-2.468,-0.723,-1.371,1.126,0.1,0.593,-0.815,-0.086,1
1.527,-0.616,-0.599,1.439,1.082,1.556,-0.722,-0.211,0
0.306,-0.365,0.295,0.664,-1.138,0.303,-1.784,0.108,0
1.116,0.185,0.119,1.223,0.947,-0.081,1.774,-1.625,0
0.236,-0.76,-1.57,-1.496,-0.531,-0.773,0.973,1.301,0
0.344,-1.001,-0.372,0.912,-1.164,0.06,0.016,1.872,0
-0.646,-0.354,0.535,-1.467,0.048,-0.421,1.365,1.092,0
-0.411,-0.019,-1.22,0.133,0.669,-1.085,1.263,-0.961,0
0.084,1.695,0.717,0.569,-0.654,-0.092,-0.095,-1.366,0
-0.398,0.328,-0.57,0.122,-0.218,-2.839,0.838,-0.165,0
-0.962,0.661,1.406,1.523,1.142,0.777,-1.613,-1.558,0
1.378,0.771,0.365,0.133,-0.626,-0.943,0.067,-0.325,0
-0.091,1.661,0.716,-0.229,-1.477,1.028,0.604,1.574,1
1.034,1.821,0.388,0.356,-1.398,-0.689,-1.244,0.454,0
0.969,-0.418,-0.149,0.687,-0.077,2.013,1.535,1.27,0
0.999,-0.112,-0.397,-0.756,-1.441,-0.029,-0.332,0.833,0
-1.129,0.159,-0.638,-0.029,0.695,-0.782,0.167,1.26,0
-1.601,1.691,0.101,-1.334,0.374,-0.706,0.391,-1.056,0
0.924,0.872,-2.751,0.832,0.007,-0.59,1.649,0.368,0
0.735,0.34,1.27,-0.154,-0.697,0.38,-1.812,-0.517,0
-0.646,-1.4,-0.659,0.008,1.239,-0.578,-1.053,0.383,0
1.279,0.265,-0.605,-1.809,-0.322,0.286,-0.238,0.204,1
-0.281,1.967,0.043,-0.327,0.027,1.239,0.115,1.518,0
-0.852,-0.527,-0.201,0.035,-0.651,-1.546,-0.661,0.665,0
-1.4,1.294,0.246,-0.447,-0.815,0.598,1.183,0.245,0
-0.207,0.515,-0.494,-0.712,0.929,-0.622,1.33,-0.769,0
0.069,0.587,-0.129,-2.273,0.672,-1.254,1.557,-1.356,0
-1.65,0.319,0.377,1.155,0.042,-0.624,-0.665,-1.175,0
0.59,-2.21,0.289,-0.961,0.505,1.617,-0.569,-0.66,0
-0.676,0.068,0.379,-1.913,-0.783,1.271,0.503,1.0,0
-0.142,-2.5,-1.093,1.583,-0.272,2.671,-0.0,-0.4,0
0.92,-0.726,0.148,0.217,1.423,-0.359,0.747,0.918,0
1.759,-0.496,-1.441,-1.056,0.518,-1.345,-0.278,-0.095,0
-1.056,1.527,0.79,0.494,0.7,-0.808,2.344,-1.592,0
-2.149,1.199,0.542,-0.419,0.325,-0.835,-0.797,0.003,0
0.498,0.84,0.63,-0.811,1.504,1.562,-0.974,-1.058,0
0.171,1.199,0.984,0.043,-0.414,-0.466,-0.722,-0.657,1
-1.461,-0.498,0.507,0.64,-1.05,0.304,-0.703,0.838,0
-0.833,1.195,1.348,2.009,-0.43,0.38,0.049,-0.129,0
0.009,0.31,-1.305,0.24,0.096,-1.229,-0.701,-0.284,0
0.162,-1.239,0.597,-1.742,0.92,-0.43,0.9,1.982,0
-0.493,-0.192,-2.358,-0.875,1.398,0.666,-0.974,0.369,0
-1.124,-0.967,-0.034,-0.461,2.763,-0.858,2.027,0.606,0
1.291,0.906,0.202,-0.313,-1.05,0.273,0.032,-0.405,1
-0.264,0.396,0.947,-1.503,-0.222,-1.306,-0.198,-0.845,0
0.306,-0.545,0.281,0.683,1.056,0.022,0.476,-0.187,0
-1.168,0.659,-0.057,0.124,0.569,1.538,-0.103,-0.235,1
0.506,-1.363,0.041,-0.608,-0.355,-1.463,0.376,0.625,0
-1.844,-0.732,0.114,-0.325,-1.625,-0.745,0.396,-0.977,0
-0.898,0.524,-0.999,1.225,-1.073,-2.755,-0.042,0.289,0
-0.826,-0.857,-1.705,-1.822,-0.839,-0.678,-0.507,1.893,0
-0.217,-0.575,0.651,-1.797,-0.391,0.463,1.788,-0.371,0
0.807,-0.825,0.46,0.463,-0.065,0.127,-0.816,0.445,0
2.008,0.226,-0.744,-0.932,-1.011,1.287,0.671,1.057,0
-0.298,-0.134,0.418,-0.883,-1.749,1.225,1.687,-1.27,1
0.524,-1.442,0.249,-1.024,-0.215,0.339,0.301,-0.368,0
0.468,-1.747,0.613,-1.026,-2.37,-1.252,-0.465,-0.146,0
-0.418,-0.621,0.105,1.026,-1.741,-0.905,0.467,1.888,0
0.049,-1.462,0.43,-0.41,0.178,-0.273,0.133,0.545,0
3.237,-1.466,0.333,0.303,-0.083,0.058,-0.389,0.581,0
-1.15,-0.921,-0.428,-0.205,-0.482,0.747,-0.919,-0.755,0
0.772,1.724,-0.744,0.574,0.43,-0.917,-0.585,0.383,0
-1.135,0.027,1.675,-0.596,-1.0,1.065,1.013,0.038,1
0.657,-0.411,0.328,1.895,0.001,-0.111,1.712,-0.312,0
-0.285,0.643,-0.687,0.162,0.279,-0.888,-0.636,-0.884,0
0.386,1.085,0.105,0.649,-0.009,0.1,1.398,-0.638,0
0.203,-1.106,-0.439,-1.769,-0.493,-0.163,0.435,0.601,0
-1.286,-1.487,-0.674,-0.331,-0.385,0.447,-1.368,-0.149,0
1.347,-2.32,-0.838,0.495,1.0,-0.277,-0.418,1.207,0
-0.05,1.119,-0.839,-0.84,0.116,0.496,1.322,-0.057,0
0.69,0.041,0.115,0.045,-0.509,-0.9,1.261,1.074,0
-0.634,0.15,-0.06,-0.029,0.767,-0.119,-0.044,-1.068,0
-0.296,1.964,0.225,-0.33,0.176,0.824,1.954,-1.416,1
-0.267,1.969,0.608,-1.015,-0.517,2.416,-0.024,-0.266,1
-1.029,-0.096,-0.519,1.753,2.011,0.909,0.614,-2.925,0
-1.311,-1.386,0.652,1.443,1.227,0.29,0.148,1.341,0
0.065,0.484,0.838,1.405,-2.126,2.087,1.273,1.032,1
-1.039,0.204,-1.14,-0.184,-0.169,-0.847,0.679,2.179,0
0.594,1.107,-0.252,1.197,0.003,0.242,1.285,0.541,0
0.14,-1.152,-1.479,1.352,0.762,-1.065,1.258,-0.851,0
0.073,-0.207,-0.039,0.253,2.433,-1.528,-0.081,1.312,0
-1.202,0.684,-0.117,-2.847,-1.025,0.752,-0.642,0.545,0
-1.199,1.029,-0.153,-1.452,-0.242,0.803,-0.199,-0.338,0
0.108,0.834,-0.486,1.08,1.355,-0.013,-0.502,1.005,0
-0.047,2.048,1.148,0.799,-0.555,-0.24,-2.081,-0.71,0
-0.82,-0.937,1.036,3.047,0.229,-0.762,0.16,-0.416,0
-1.11,-0.038,0.245,1.263,-0.303,-0.479,-0.782,-0.417,0
0.392,-1.412,-0.73,0.271,0.515,-1.454,0.572,-0.667,0
0.169,1.437,1.436,-0.24,2.53,1.17,1.436,-1.421,1
-0.58,0.04,-0.237,0.336,-1.863,0.321,1.529,1.429,0
1.053,0.129,0.49,-1.839,0.148,1.918,-1.156,-0.307,0
1.705,1.196,0.581,0.487,1.095,-0.697,-0.65,-1.382,0
0.525,-1.227,-1.072,-0.73,-0.65,-0.611,0.233,0.306,0
0.65,0.386,0.131,1.515,-0.5,-0.488,-0.845,-1.221,0
0.221,-0.145,-0.443,-0.391,-0.613,-1.637,-0.437,-1.2,0
1.793,-1.888,0.19,-0.258,-0.599,-1.318,0.009,-0.445,0
0.148,-0.222,-0.597,-1.738,-0.517,-1.037,0.432,1.262,0
-1.53,0.51,-0.407,-0.266,-0.988,0.336,-0.324,-1.908,1
0.365,0.742,0.462,-0.938,-2.308,-1.171,-0.216,-1.206,0
0.846,-0.136,-0.159,1.32,-0.796,-0.434,-0.796,1.415,0
0.895,-1.037,-0.042,-0.025,-0.249,-1.914,-0.512,-0.419,0
-0.401,-1.499,-1.059,-2.371,0.43,0.244,1.011,2.05,0
-0.075,-0.236,0.305,1.067,1.328,-0.218,-0.342,-1.348,0
0.25,2.44,-0.341,-0.838,0.516,0.114,0.876,-0.731,0
0.355,-0.629,-0.355,-0.953,1.192,0.731,-0.199,0.885,0
-0.642,-0.54,0.613,-0.044,-0.379,0.538,3.343,0.317,0
0.054,0.197,0.374,0.104,-0.67,0.319,-0.657,-0.641,0
0.538,-0.082,0.449,-1.19,-0.555,0.325,0.564,-0.951,0
-0.48,0.112,0.318,-1.603,0.018,0.304,0.736,-0.214,0
-0.786,0.8,0.535,-1.936,0.382,-0.255,-2.495,-0.476,0
-0.243,0.302,2.113,1.605,-0.707,0.177,1.769,1.619,0
-0.312,-1.162,0.358,1.203,-0.168,0.914,2.169,1.087,0
0.042,0.201,-1.111,-0.417,-0.008,0.457,-0.337,-0.319,1
0.082,-1.014,-0.996,-1.552,-0.367,0.398,0.181,0.464,0
0.972,3.523,-0.314,-0.228,0.911,-0.932,1.64,0.735,0
0.571,1.173,-0.169,-0.626,1.087,-1.657,-0.472,-0.294,1
-0.59,0.078,1.033,0.983,-0.723,1.624,-0.105,0.242,1
-2.111,0.948,-1.751,-0.168,-1.023,-0.444,0.516,-1.841,1
-1.19,0.152,-0.362,1.279,-2.328,-0.583,-0.241,-0.088,0
-0.355,-0.575,-0.576,-0.952,0.025,0.675,-0.272,-0.718,0
0.288,0.439,-0.499,-0.549,-0.454,1.046,-0.263,2.818,0
0.956,1.725,-0.081,-0.735,0.746,-0.192,-0.175,-0.309,0
1.519,0.624,0.976,-0.176,-0.115,1.688,-0.859,-2.131,1
-2.644,-0.415,-1.114,-0.342,0.278,0.099,0.414,0.609,1
-0.037,-0.817,1.515,-1.495,-1.967,0.043,0.599,0.008,0
-0.238,-0.603,-1.603,0.298,0.787,-0.617,1.758,1.805,0
1.659,-0.03,1.119,-0.17,0.347,0.608,-0.843,-0.487,0
-0.564,0.415,0.055,-0.568,-0.322,0.836,-0.083,-0.876,0
1.264,0.428,-1.644,0.956,-0.983,1.115,0.714,2.523,0
0.818,-2.22,1.849,0.792,-1.059,0.026,0.51,0.866,0
-0.38,0.278,0.452,-1.47,-0.322,-2.165,-1.067,-0.467,0
-0.302,0.047,1.94,-0.901,0.815,0.422,0.163,1.339,0
-1.874,-0.733,0.146,-0.053,0.521,0.862,1.32,1.542,0
-1.348,0.398,0.242,-0.514,0.619,2.16,1.092,0.931,1
1.848,0.791,-0.72,-1.155,-0.009,-0.193,1.123,-0.624,0
0.367,-0.768,-0.444,0.695,0.063,0.128,-1.323,0.438,0
-0.207,-0.553,-0.007,-0.185,-0.197,0.06,-0.251,0.057,0
-1.123,0.587,0.154,0.318,-0.189,-0.279,1.267,-1.473,1
-1.44,0.278,-1.378,-0.265,-0.091,-0.87,-1.17,-0.85,0
-0.194,-0.034,1.457,0.977,0.337,0.273,0.759,-0.82,0
-0.858,1.243,0.597,-0.586,-0.371,-1.731,-1.748,-0.002,0
-1.145,-0.702,0.749,0.396,-1.262,-0.473,1.302,0.584,1
0.031,-3.171,1.16,-0.632,-0.33,0.775,-0.683,-0.035,0
0.572,-0.918,-0.452,0.797,1.022,-0.723,-0.703,0.353,0
0.356,-0.141,-2.101,-0.733,1.423,-0.831,1.24,-0.027,0
0.23,0.064,-0.626,-1.17,-0.324,-0.653,0.694,-1.782,0
-0.432,-1.48,-1.296,-1.173,1.555,-0.403,-0.323,-0.281,0
-0.422,-2.002,-0.254,1.255,-1.656,1.385,-1.701,-1.745,1
-0.008,1.296,-0.096,0.568,-1.894,0.203,0.413,-1.221,0
2.084,1.819,0.011,-0.436,0.94,0.254,-1.744,-0.61,0
1.883,0.441,-0.408,-0.552,0.062,-0.362,0.648,-0.035,0
1.638,1.092,1.044,0.302,-0.877,-0.54,0.294,0.698,0
-0.222,0.704,0.423,0.036,-0.76,-0.415,-0.179,2.894,0
0.112,-0.161,0.43,0.976,-0.102,-0.962,-0.606,-0.687,0
1.868,-0.388,1.165,0.285,0.59,0.665,0.792,0.835,0
1.096,-0.362,0.314,0.093,-0.891,0.246,0.755,1.106,0
0.329,0.078,-0.237,-0.744,-0.232,-0.27,-0.446,-0.178,0
-0.469,0.145,0.738,0.528,-0.337,2.011,0.292,-0.264,0
-0.455,1.066,1.799,0.161,-1.097,-0.827,0.631,-0.418,0
-0.75,0.758,0.016,0.481,0.389,0.45,1.871,-0.841,0
1.438,-0.318,0.505,-0.344,1.961,1.344,2.559,-0.278,0
0.114,-0.111,-2.071,1.476,-0.603,0.022,-0.782,0.994,0
2.258,1.263,-1.445,1.271,-0.792,-1.242,0.509,-0.113,0
0.882,-0.349,2.426,0.81,0.014,0.542,2.602,-2.079,0
-0.383,0.76,-0.072,1.533,-1.313,-0.271,-0.498,-1.484,1
-1.174,0.211,1.338,-1.099,-0.601,1.163,-0.172,-0.683,1
0.769,1.678,0.561,1.356,-0.621,0.792,-0.894,-0.95,0
0.364,1.148,-0.122,-2.676,-0.775,-0.97,-0.188,-0.623,0
-1.574,0.841,0.179,0.605,0.026,-0.034,1.518,-0.403,1
-0.801,0.062,1.089,-1.08,-0.083,0.305,-0.873,0.561,0
1.766,0.08,-0.806,0.932,0.195,-1.319,-0.731,0.085,0
-1.869,0.885,-0.798,-0.128,0.183,0.898,0.012,1.172,1
1.022,-0.263,1.958,1.531,0.261,-0.82,-0.373,0.02,0
-0.865,-1.579,-1.551,0.495,-0.582,0.516,-0.09,0.217,0
-0.72,0.542,0.658,-0.042,0.31,-0.008,-0.772,-0.031,0
0.269,2.379,0.385,0.188,-0.602,1.747,-1.324,0.538,1
2.053,0.252,0.305,-1.245,0.114,0.259,1.041,-0.422,0
-0.084,0.437,0.547,0.981,1.16,-0.342,-0.613,2.376,0
-0.272,0.027,0.913,1.297,2.213,0.036,-1.322,0.067,0
0.432,-2.368,-0.331,-0.086,-1.505,-0.555,0.928,0.184,0
-0.319,-0.015,-0.036,-0.355,-1.203,0.342,-1.043,-0.347,0
0.583,1.143,-0.203,-0.306,0.616,-0.285,0.953,-0.771,0
0.756,-0.909,-0.174,-1.696,0.226,0.08,-0.753,-0.459,0
-2.088,-0.971,0.222,0.064,1.27,-0.765,-0.508,-1.208,0
0.306,1.183,0.032,0.099,-0.379,-0.406,1.902,-0.914,0
-0.7,-0.738,0.08,-0.735,-0.772,-1.038,1.237,0.682,0
0.468,-1.485,0.28,0.087,-1.226,0.94,-0.586,-0.273,0
0.572,1.607,0.912,0.418,0.005,0.381,-0.151,-0.564,1
-1.041,-0.58,-1.365,1.536,0.568,-0.264,-0.911,0.631,0
1.82,-0.979,-0.829,-0.021,-0.615,-1.185,-1.444,-0.424,0
-0.363,0.341,-1.053,0.104,-0.623,-1.49,1.049,-0.096,0
0.049,1.793,0.07,-0.032,-1.4,-0.215,-0.71,-0.32,0
0.688,0.094,0.779,0.95,-1.45,-0.54,-0.909,-1.54,0
0.168,0.117,-0.711,0.62,0.57,0.3,-0.963,-0.409,0
-0.133,-0.317,0.854,-1.523,-2.444,-0.714,-0.22,1.047,0
-0.923,0.993,-0.566,0.283,-0.349,0.346,0.047,-0.462,0
0.089,-1.835,0.687,1.013,0.296,-0.147,-1.839,-0.269,0
0.178,-1.062,0.684,-0.845,1.187,-0.497,0.883,-1.43,0
0.16,-0.473,0.441,-0.11,-0.479,-1.506,1.161,0.553,0
1.704,0.498,0.284,-0.073,0.05,-1.166,0.886,2.139,0
2.07,-1.189,-1.731,1.242,-1.212,-0.968,0.649,0.585,0
1.43,0.974,-0.238,-0.326,-1.404,-1.104,-0.575,0.38,0
0.272,0.86,0.34,-0.944,1.328,1.121,-1.854,-0.466,0
-0.525,-0.669,0.351,1.042,-0.255,-0.131,-1.867,-0.971,0
-0.243,-1.813,0.722,-0.423,0.455,1.079,1.116,0.318,0
0.721,0.894,1.111,1.449,0.294,-1.117,0.806,1.106,0
0.119,-0.532,-0.769,-0.389,0.444,-1.888,0.258,-0.606,0
0.916,-1.221,-0.615,0.174,0.044,-0.384,-0.428,1.566,0
-0.785,1.003,-1.755,0.21,-0.516,1.406,-1.633,-0.881,1
-2.006,1.744,-1.629,0.152,-2.367,0.559,0.04,0.122,1
-1.242,-1.722,-0.028,-0.735,0.504,1.006,1.413,0.52,0
-1.119,0.397,0.6,-0.379,-1.075,0.668,0.478,-0.966,1
-1.253,-0.354,1.632,1.089,-0.573,-0.546,0.315,-0.138,0
-0.304,0.154,0.254,0.37,0.92,-0.887,0.505,-0.164,0
-0.159,0.062,1.367,-3.375,2.051,-0.258,1.158,-1.072,0
-0.096,-1.976,-0.061,0.488,-1.016,-1.144,0.427,1.472,0
-1.216,-0.146,-0.013,0.721,-0.303,-1.19,-1.025,-1.838,0
-0.566,-1.127,-0.142,-0.537,-0.329,-1.252,-1.034,-1.041,0
1.861,-0.695,1.716,0.387,-1.322,-0.296,0.401,-0.433,0
0.636,0.584,-0.646,-0.892,2.134,0.137,0.812,-1.026,0
0.811,0.65,-1.938,1.135,-0.835,0.323,0.866,0.043,1
-1.098,-0.717,0.651,-0.08,0.349,-0.886,-0.333,1.516,0
0.757,-0.401,-0.206,-0.394,0.103,-1.6,-1.552,-0.144,0
0.054,-1.474,-0.079,0.736,-0.683,0.173,-0.456,1.067,0
0.07,-0.194,0.425,-0.544,0.395,1.082,0.068,0.778,0
-0.19,0.657,-0.272,0.01,0.226,-1.441,0.343,-1.109,0
0.093,-0.136,0.714,0.436,-0.397,1.489,1.45,0.777,0
-0.71,1.254,0.769,0.916,0.188,-0.31,1.358,0.05,0
0.324,0.543,-0.663,-0.662,-0.382,0.807,-0.931,-0.167,1
0.219,-0.08,1.05,-0.563,-1.834,-0.537,-0.531,0.471,0
-0.465,0.32,-0.821,0.487,-0.56,0.24,0.815,0.509,0
0.116,0.153,0.931,0.994,1.995,0.164,-1.475,0.001,0
1.011,-0.132,1.718,-0.047,0.552,-0.756,1.48,-1.024,0
1.675,-1.091,-0.117,-0.092,0.468,-0.308,0.423,-1.315,0
-0.282,-1.219,-0.389,0.784,-0.126,-0.712,0.308,0.768,0
0.57,-0.641,2.29,-2.272,1.187,0.845,0.925,0.14,0
1.251,-0.339,1.384,0.371,0.484,0.006,-1.083,-0.387,0
0.483,1.373,1.377,-0.018,1.24,2.365,-0.152,1.141,0
2.015,0.164,-0.998,-0.651,0.609,-0.715,0.037,1.147,0
-1.64,0.01,-0.346,0.529,-0.233,-1.049,-2.573,-0.233,0
2.22,0.907,0.95,-0.506,0.283,1.119,-1.673,-0.273,0
-0.882,-0.139,-0.242,-0.542,-2.073,-1.055,-1.26,-0.967,0
1.255,-0.33,-1.287,-0.225,-0.179,-0.065,-1.681,0.237,0
-0.529,-1.151,0.83,0.017,1.335,-1.887,0.034,0.225,0
0.624,1.427,1.087,-0.735,-0.878,0.499,0.188,0.451,0
0.146,0.161,-1.112,-1.695,-1.307,1.08,0.392,0.634,0
0.132,-0.047,0.111,-0.931,-0.642,2.204,-0.16,-0.141,1
-0.028,0.205,1.485,-1.555,0.675,0.174,0.085,0.044,0
0.88,1.598,0.534,-0.405,0.995,-0.546,-1.19,1.529,0
-0.925,0.229,2.841,0.025,2.628,1.73,-0.905,0.241,0
-0.053,1.391,0.978,-0.538,-0.957,1.679,0.279,-2.215,1
-0.967,-0.731,0.622,-1.23,-0.501,1.694,-1.58,0.276,0
-0.934,0.98,0.66,-0.74,-0.332,-0.229,-0.548,0.226,0
-0.604,-1.442,-0.44,-0.702,0.497,1.015,-1.111,2.04,0
-1.729,-0.408,-1.114,-0.518,-1.333,1.022,0.267,3.082,0
1.079,-1.146,0.357,1.457,-0.489,-0.506,1.319,1.244,0
0.58,0.687,-1.56,-0.843,1.224,0.302,-1.842,0.247,0
-0.707,-1.993,0.431,0.687,1.77,-0.719,-1.632,-1.037,0
-2.639,-0.285,1.598,0.792,-0.211,1.259,1.123,0.202,1
1.314,0.178,1.539,-0.415,-0.317,0.905,0.395,1.878,0
0.591,2.059,-0.379,-1.638,-0.337,0.002,0.853,-1.152,1
-0.42,-0.953,-0.485,-1.094,2.963,0.283,1.949,-2.419,0
-1.206,0.59,0.965,-1.709,0.866,-0.394,-1.308,0.407,0
-0.182,0.771,-2.471,-2.198,0.742,-1.296,0.79,0.391,0
0.856,-0.003,1.102,-0.365,2.022,0.204,0.41,-0.69,0
-0.767,0.255,0.224,0.546,0.21,-0.238,-1.309,0.216,0
0.769,-1.074,0.521,0.03,0.2,-0.006,0.959,-0.002,0
-0.391,0.218,0.826,0.832,1.503,0.509,0.365,0.995,0
-0.733,1.337,-1.1,-0.4,-0.241,-1.341,-0.3,-0.557,0
1.108,-1.798,-0.444,-1.442,-0.911,2.582,-0.663,-1.351,0
-0.672,-0.374,0.528,-0.783,-0.478,2.069,0.255,0.143,0
1.16,0.829,0.53,-0.7,-1.008,1.038,-0.38,-0.279,0
0.54,-0.324,-0.771,-1.061,-0.333,1.937,-0.679,0.275,0
0.486,-0.639,-0.928,-0.126,-0.117,0.081,1.055,-0.71,0
0.76,0.516,0.517,-0.726,-0.153,0.655,-1.739,0.588,0
0.112,-0.09,0.704,-0.945,-1.505,0.378,0.545,0.163,1
-0.951,1.734,-0.322,-1.576,-0.283,1.283,-0.319,0.515,1
-0.142,0.079,-1.374,-0.972,0.119,0.409,0.505,-1.634,0
-2.307,-0.867,-0.483,0.722,-2.367,1.016,1.046,-0.129,0
0.146,1.302,-0.831,0.218,-2.253,0.581,-0.51,0.413,1
-0.763,-0.777,-0.26,-0.577,1.19,1.565,1.119,-0.373,0
1.151,-0.175,-0.154,0.393,0.748,0.446,0.275,-1.453,0
0.768,0.267,0.112,1.059,-0.123,-1.894,-0.61,-0.573,0
-1.064,0.168,1.772,-0.347,-1.282,-1.028,0.31,0.673,0
-0.99,-1.137,-1.616,1.789,0.084,-0.273,0.655,1.395,0
-0.631,-0.127,-1.009,-1.139,-0.65,1.515,1.423,0.636,1
0.539,1.019,-1.018,-1.843,0.355,0.433,-1.667,-1.876,0
1.089,0.884,-0.055,0.417,-0.499,1.596,1.724,0.468,0
-0.884,-0.939,-0.808,1.142,-0.411,-0.035,0.614,-1.823,0
-0.29,0.1,-1.093,1.723,-1.833,-1.519,-1.787,0.074,0
-0.18,-1.306,1.21,1.632,0.07,0.686,0.57,-1.197,0
-0.448,1.002,0.787,-1.109,0.037,-0.58,-0.482,-1.353,0
0.814,0.463,1.379,1.237,-0.363,0.781,-0.647,0.229,0
0.124,1.041,-0.1,0.754,-0.058,-1.261,-0.025,-0.462,0
0.328,0.377,0.167,0.354,-2.794,1.785,0.242,-0.565,1
-1.613,-0.799,0.17,0.384,-0.489,-0.781,0.595,0.039,0
1.093,-0.575,-0.44,-1.057,0.959,-1.565,-0.292,0.899,0
0.787,0.411,-1.542,-0.529,0.623,2.097,-1.139,1.17,1
-0.757,-0.248,0.525,0.661,-0.131,1.125,1.903,0.955,0
1.444,0.694,1.065,0.049,0.251,-0.974,-0.936,-0.9,0
0.595,-0.161,0.619,-0.121,1.831,-0.346,0.615,0.695,0
-0.689,0.184,0.393,-0.727,0.804,0.626,-0.689,0.257,0
-1.833,-0.581,-1.673,-1.038,-2.027,-0.624,0.473,-1.209,1
-0.628,-0.412,0.747,-1.691,2.245,-0.065,0.766,-0.259,0
-0.7,0.844,-0.882,-0.326,-0.084,-1.017,0.323,0.078,0
-0.072,0.364,0.568,1.274,-0.533,-0.39,-0.373,0.86,0
0.893,-0.815,1.05,1.189,-0.303,-0.631,1.738,-0.926,0
0.442,1.316,-0.174,-0.013,-0.255,-2.196,0.087,0.351,0
1.105,0.543,0.682,0.311,0.075,-0.246,0.497,1.26,0
-0.32,0.756,0.799,-0.689,0.098,-2.074,0.743,0.264,0
-0.155,0.661,0.07,-1.307,-0.64,-0.473,0.945,-0.611,0
0.209,0.793,1.262,1.909,-0.331,0.551,1.669,1.492,0
1.082,1.662,-1.697,0.152,0.699,-0.751,0.643,0.564,0
1.49,-1.301,0.142,-0.735,1.405,-1.657,0.641,-0.465,0
1.231,0.346,-1.65,0.322,-0.35,-0.464,-0.554,-1.602,0
-0.588,-0.373,-0.386,0.297,0.152,1.608,1.209,0.04,0
0.637,1.287,-1.698,-0.481,-1.335,-2.211,-1.959,-1.16,0
-0.055,1.555,0.527,0.282,1.003,-0.055,-1.251,0.981,0
-0.508,0.898,-1.216,2.09,1.788,-1.135,0.356,-0.416,0
1.286,-0.913,-0.938,-1.44,-1.742,1.235,0.158,-0.416,0
-0.098,0.459,-0.306,1.893,1.06,-0.611,-0.622,-0.579,0
-0.825,1.009,-1.145,0.146,1.182,0.135,-0.258,0.727,0
-0.66,0.885,0.28,-0.204,2.443,0.321,0.465,-0.669,0
2.26,-0.057,0.981,1.625,1.52,0.186,0.243,1.639,0
-0.089,0.626,0.084,0.111,0.065,0.644,-0.841,0.281,0
-0.004,0.037,0.739,-0.42,-0.598,-1.317,0.566,-0.613,0
1.195,0.264,0.281,1.012,-0.053,-0.606,-0.526,0.564,0
-1.296,-0.127,-0.236,-0.961,0.259,0.204,-0.62,-0.176,0
1.164,0.03,-0.139,0.593,-0.915,0.378,0.379,0.782,0
-1.488,0.904,-0.334,-0.694,1.419,-2.049,1.331,-2.254,0
1.084,-0.24,-0.552,-0.383,0.519,-0.068,-1.424,-1.09,0
-0.361,-1.42,1.049,1.05,-1.969,-0.146,-0.009,1.256,0
-1.518,-0.062,-0.649,0.388,0.453,0.372,0.473,-1.331,1
0.643,-0.59,-1.32,0.622,-0.393,-0.117,-0.995,-1.217,0
1.028,-0.336,1.356,0.241,1.211,0.072,-0.58,-0.311,0
-2.84,-0.398,0.141,1.549,0.339,0.013,-0.007,0.143,0
-0.869,-0.136,-1.369,-0.103,-0.716,-1.168,-1.501,-0.629,0
0.057,0.742,-0.914,-0.59,1.13,0.948,1.237,0.227,0
-1.484,-1.133,1.092,-0.412,0.902,0.605,0.219,-0.755,0
-0.839,0.387,1.348,-0.54,0.421,2.598,0.494,0.49,0
0.136,-0.267,1.498,0.955,-1.514,-0.149,-2.269,-0.13,0
1.346,1.362,-0.719,-0.256,0.865,-1.319,-0.075,-0.606,0
-0.472,-0.364,-1.173,0.515,-0.496,-0.572,-2.014,-0.732,0
-1.431,0.877,0.961,-0.381,-1.352,-0.332,-0.381,-1.197,0
1.76,0.387,-0.234,-1.01,0.493,-0.399,-0.69,-1.74,0
0.087,0.443,0.226,-0.838,1.013,-1.273,0.975,0.272,0
0.513,0.064,0.486,-0.672,-0.087,1.502,-0.056,0.516,0
-0.468,-0.101,-0.436,-0.672,1.329,-2.236,1.114,1.613,0
-0.313,0.668,-1.656,0.128,1.528,1.066,1.368,0.941,0
-0.997,-1.747,0.347,-0.075,-0.13,-0.295,-0.453,1.042,0
-0.528,-0.638,-0.705,-0.189,0.326,-0.565,-0.222,0.601,0
0.716,-0.176,-1.044,0.655,-1.669,-1.291,-0.319,-0.446,0
-1.085,1.335,-0.221,0.289,-1.24,-1.498,2.722,0.974,0
0.105,0.001,2.356,-0.856,-0.263,0.032,0.826,-0.545,0
-0.251,0.06,0.97,0.467,-0.013,-1.247,-0.357,0.464,0
0.511,-0.663,0.582,1.211,0.507,0.323,0.968,1.409,0
1.879,1.196,-0.352,1.032,0.381,1.962,0.228,0.281,0
0.971,-0.773,-1.454,1.657,0.18,1.473,-0.652,1.378,0
0.518,-0.07,-0.726,-1.371,2.101,0.224,0.685,0.344,0
0.316,0.071,0.256,-0.107,0.775,-0.45,-1.562,0.322,0
-0.209,0.917,0.438,-0.571,-0.91,-0.27,-0.674,1.829,0
0.438,-0.176,0.754,-0.682,0.712,0.879,0.557,0.764,0
-1.974,0.142,1.126,0.298,0.738,-0.11,0.319,-0.525,1
0.414,-0.456,1.871,-1.512,-1.656,0.045,0.625,0.687,0
2.044,-0.504,0.396,-0.348,-0.879,0.783,0.407,1.607,0
1.355,-0.396,0.341,0.064,0.724,0.701,1.521,0.292,0
-0.042,1.393,0.554,0.293,1.159,-1.488,-1.831,-0.088,0
0.2,-0.782,0.492,0.38,-0.835,0.065,-0.485,0.143,0
-0.025,0.188,-0.588,-1.495,-0.568,2.297,-0.319,-1.234,1
-2.69,-0.227,0.363,-1.281,0.216,0.312,-0.284,-0.258,1
-1.669,-2.2,0.242,-1.184,-2.015,-0.714,-0.091,0.177,0
-0.983,-0.108,2.039,0.186,0.186,-0.162,0.693,0.783,0
0.896,-0.736,-2.258,0.316,0.067,-1.673,0.426,1.551,0
1.738,-1.878,-1.414,1.304,-0.614,0.675,-1.149,-2.559,0
0.695,1.4,-0.692,-1.023,2.228,-1.381,0.587,-0.782,0
-0.033,-1.408,0.983,-1.697,-0.948,0.319,-2.278,0.162,0
1.471,-0.363,-0.098,0.25,-0.468,1.66,1.167,-2.961,1
0.038,-1.222,-1.082,-1.803,2.324,0.111,-0.28,-0.382,0
0.502,0.466,-1.223,-0.818,-1.499,-0.24,1.37,-0.487,0
-0.181,0.943,0.828,-0.243,-1.648,-0.965,-1.021,0.773,0
-2.03,0.919,2.238,-0.883,1.462,-0.017,-0.095,1.587,0
-1.341,-0.306,0.178,-1.357,-1.191,-0.426,-1.097,2.428,0
-0.909,-0.31,1.003,-0.794,1.118,-1.082,-0.259,2.712,0
1.0,-0.024,0.385,1.123,-0.907,-0.586,1.418,0.639,0
1.064,-0.327,0.538,1.161,0.738,-0.659,0.188,1.384,0
1.054,0.124,-1.798,0.94,-0.439,-1.024,-0.648,0.242,0
1.074,1.677,-0.453,-0.103,-0.139,-0.496,-2.172,0.174,0
-0.316,0.451,-1.127,-1.244,1.435,-0.3,-0.846,1.507,0
-0.623,0.208,0.473,-0.062,-2.351,-1.606,0.193,-1.37,1
-1.288,-0.097,2.116,-0.503,-0.708,-0.113,1.08,1.495,0
-1.511,-0.852,0.52,0.452,-0.145,1.914,1.448,-0.225,1
0.894,0.546,0.439,0.595,-1.769,-0.181,0.087,0.549,0
-0.166,0.288,-0.76,-1.651,-0.526,-0.317,1.06,-1.008,0
0.08,-0.603,1.709,-2.343,-0.521,0.256,-0.495,-1.854,0
-0.941,1.146,-2.255,0.416,-0.307,-0.985,-0.039,-0.354,0
0.023,-0.006,2.409,0.303,-0.036,1.483,1.188,-1.574,0
0.564,-1.517,-1.707,1.114,-0.35,1.382,-0.632,-1.65,0
-1.521,1.467,-0.968,1.631,1.295,-0.446,1.525,0.691,1
0.504,-0.463,-0.476,0.343,1.013,1.17,-1.525,0.825,0
0.501,0.989,-0.912,-0.729,-0.834,1.194,-0.777,-1.952,1
0.138,-0.233,-1.19,1.764,-0.26,-0.166,-0.12,-0.213,0
1.924,-1.649,0.88,0.824,0.132,-0.475,-0.072,0.4,0
-1.131,0.097,0.047,-0.575,0.213,-0.432,0.838,1.543,0
-0.395,0.73,-0.331,-0.65,0.955,-0.826,-0.499,-1.733,0
-0.518,1.433,-0.801,-0.058,2.252,0.81,0.37,-0.217,1
0.757,-2.356,0.407,0.002,0.867,-0.016,0.304,-1.403,0
0.346,-0.683,0.392,-1.603,1.222,0.485,1.838,-3.286,0
0.797,0.699,0.572,-1.013,0.356,-1.185,-0.801,0.422,0
1.088,2.042,0.302,0.124,0.984,0.109,1.324,1.161,0
-0.503,0.427,0.452,-0.216,1.639,1.208,1.323,1.382,1
0.684,-0.264,0.835,-0.293,-2.151,0.335,0.311,-1.66,0
0.856,0.221,-0.647,-0.648,0.521,2.5,-1.777,-1.161,1
0.896,-1.663,0.297,-0.103,0.368,1.127,-0.135,0.647,0
-1.127,-0.08,-0.311,-0.03,0.877,-0.883,-1.604,-0.239,0
0.472,0.277,0.698,1.654,-0.167,-0.477,0.532,-1.351,0
-0.389,0.675,-0.034,0.37,-1.932,1.73,-0.363,0.389,1
0.725,-0.618,0.547,1.023,0.043,0.636,-0.542,-0.536,0
-0.741,-2.443,2.429,-0.536,-1.376,0.112,0.572,0.22,0
0.055,1.208,0.81,1.678,-0.322,0.524,-0.595,0.125,0
-0.458,-1.51,0.513,0.966,-0.165,-0.459,2.157,0.973,0
1.028,0.325,-1.23,0.335,-1.056,-0.067,-1.8,-0.741,1
-0.463,-1.885,-0.917,-1.328,-1.082,1.173,1.959,-1.559,1
-0.045,0.173,0.351,-0.491,-0.919,0.524,0.939,-0.709,0
1.248,0.552,-0.003,-2.657,-0.716,0.696,-0.821,-0.738,0
-1.714,1.327,-0.679,-0.607,1.452,-1.21,-0.609,1.219,0
-2.106,-0.897,0.481,0.179,-0.776,-0.157,-1.843,-1.689,0
1.108,-0.736,-1.77,-0.139,-1.067,0.166,0.216,0.916,0
-2.198,0.457,-0.071,-0.3,-1.195,-1.79,1.517,0.207,0
0.54,0.437,-1.741,2.209,-1.771,-0.178,-2.046,2.166,0
0.162,1.086,2.432,-1.582,0.152,0.077,1.431,-0.62,1
0.36,-0.894,0.47,1.042,1.329,-1.207,-0.63,-2.407,0
-1.994,0.437,1.727,0.091,-1.193,1.983,-0.749,-0.273,1
0.355,0.672,0.748,-1.297,0.52,0.201,-0.479,-1.881,0
-0.614,-1.972,-0.099,0.263,-0.9,0.468,-1.777,0.179,0
-0.213,-0.028,0.521,-0.249,-0.128,-2.081,-0.398,0.662,0
0.544,-0.167,2.033,1.509,-0.559,0.603,0.146,-0.379,0
-0.658,-1.196,-0.589,-0.968,0.726,-0.88,-0.545,1.048,0
0.139,0.337,0.206,0.203,1.022,-0.237,-0.26,0.92,0
0.434,-0.283,-0.674,-2.351,-0.432,0.751,1.326,0.254,0
-0.964,0.093,0.785,1.834,0.275,1.795,0.009,0.821,0
0.004,-0.727,0.793,0.225,-0.676,-1.221,0.267,0.604,0
0.304,1.12,0.425,1.564,0.352,0.332,-0.231,1.613,0
0.498,-0.266,-2.682,0.552,0.261,0.658,-0.557,0.065,0
-0.183,2.006,-3.028,0.668,1.876,0.53,-1.333,0.215,0
0.209,1.376,0.037,-0.271,0.928,0.221,-0.108,-0.431,0
-0.6,-1.023,-1.187,-0.111,-1.328,-0.426,0.079,-0.721,0
-0.883,0.466,-0.834,0.556,-0.616,-2.304,-2.883,-0.197,0
-0.526,2.435,-0.343,-0.017,1.099,0.003,-0.249,-1.956,1
1.505,-1.076,0.028,-0.729,-2.019,-0.733,-0.839,0.413,0
-0.676,-0.532,1.245,-0.294,0.663,0.118,0.89,0.427,0
0.716,-1.179,-0.68,-1.536,0.938,1.375,0.544,0.468,0
-1.526,-0.623,-0.763,0.3,0.187,-0.638,-0.0,0.819,0
-0.621,-0.191,-0.19,0.887,-1.849,2.053,0.384,0.543,1
-2.3,-0.2,0.218,-1.166,-1.403,-1.06,-0.077,-0.121,0
-0.107,-0.131,0.399,-1.348,0.31,-2.089,1.332,-0.146,0
-0.226,-1.208,0.021,0.896,0.436,-1.353,0.262,-2.058,1
-0.464,0.123,-0.739,-2.29,-0.819,0.379,-1.157,1.182,0
-0.909,0.036,0.737,0.297,-1.015,0.701,-0.127,0.221,0
0.4,-0.491,-2.027,-0.341,-1.668,0.817,-1.615,-0.084,0
-2.185,-0.121,0.493,0.557,-0.363,-0.084,2.997,-0.429,0
0.624,0.608,-0.944,-0.51,0.484,-0.662,2.607,-0.043,0
-0.47,-1.451,0.921,0.703,-0.41,-0.523,0.851,0.799,0
1.686,0.833,1.036,0.504,1.85,-0.409,-0.593,0.904,0
0.663,0.353,-0.011,0.447,1.842,0.407,1.169,0.534,0
-0.046,0.452,-0.447,0.001,-0.988,-1.589,-1.328,0.459,0
0.268,-1.278,0.32,-1.314,-0.254,0.17,1.142,-1.32,0
-1.662,0.504,1.157,-0.917,-1.203,0.423,-0.314,-1.376,1
0.336,2.364,0.145,0.792,-0.598,-0.048,0.234,-0.428,1
1.263,1.23,-0.795,-0.594,-0.827,-0.2,0.66,-0.271,0
1.132,-0.764,-0.498,1.588,1.614,0.406,1.57,0.537,0
-0.201,0.549,1.182,0.215,-0.612,0.01,1.088,-0.46,0
-1.568,-0.192,1.001,0.985,0.213,0.5,-1.167,0.471,0
-0.587,1.571,-0.217,-1.152,-0.966,0.256,-0.775,-0.496,1
0.456,0.286,-0.146,0.39,-2.278,0.42,-0.419,0.622,0
-0.392,0.103,-0.812,0.307,-0.489,1.061,0.852,0.648,0
0.197,-0.985,0.123,-0.688,-0.016,0.79,1.88,0.341,1
-0.022,-0.702,0.206,-0.875,0.7,-0.214,-0.502,2.131,0
0.712,-1.055,-0.613,0.179,1.059,-1.957,0.256,-1.457,0
0.818,-0.247,-1.828,1.061,-1.144,1.348,0.663,-0.237,0
0.446,0.056,-2.148,1.475,-1.406,-0.99,0.338,-0.209,0
-0.395,0.537,-0.081,-1.573,0.747,-0.661,-0.958,-0.424,0
0.724,-0.309,-0.753,0.077,0.234,-0.258,-1.519,-0.693,0
0.104,-0.028,-1.395,0.545,0.231,0.251,1.329,-1.942,0
-0.251,-0.82,-0.584,-0.504,1.684,0.641,-1.61,1.53,0
2.562,0.231,0.145,-0.838,0.068,0.657,-0.911,-0.407,0
-0.426,0.931,0.605,-0.956,0.53,-0.63,0.148,-1.069,0
-0.046,-1.166,-1.176,-0.095,-0.11,0.321,1.047,1.066,0
1.639,-2.386,-0.193,-1.236,0.7,1.244,-0.658,0.202,0
0.378,-0.239,0.67,0.367,0.043,-0.768,0.602,0.001,0
0.986,0.69,-0.529,1.645,-1.384,0.639,0.828,0.801,0
1.417,0.308,0.603,-0.761,0.663,-0.051,0.834,0.93,0
0.949,1.055,0.076,-0.666,-0.832,-0.838,0.029,0.224,0
0.574,-0.606,0.149,0.154,1.278,0.071,2.285,1.009,0
0.263,0.4,0.235,-0.061,1.065,0.318,-0.688,-1.307,1
0.145,-0.57,-0.552,1.26,-1.191,0.326,-1.252,0.828,0
-1.546,-1.527,-0.343,-0.158,0.732,1.235,1.616,-1.356,0
-0.43,-0.984,-0.425,-0.246,-0.403,2.105,0.796,-1.408,1
-0.677,1.31,-0.872,-0.071,-0.961,0.2,-0.64,-0.653,1
-0.076,-0.801,1.327,-0.846,-0.262,0.327,-0.718,-1.024,0
-0.064,0.431,0.53,0.607,-0.689,-0.593,-0.086,0.117,0
0.748,-0.236,-1.325,-0.185,0.506,0.475,0.513,-1.035,1
-1.293,1.197,-1.192,-0.374,-0.024,1.146,-1.431,0.359,1
-2.426,-0.55,-1.028,-0.059,-0.06,1.529,1.512,0.02,1
0.098,0.77,0.156,0.435,0.567,0.464,-0.546,-0.989,1
-0.09,1.143,-1.233,0.055,0.022,-0.776,-1.146,-0.283,0
-1.342,1.066,-0.068,1.367,0.169,-1.859,-0.068,0.635,0
-1.074,0.096,-0.242,-0.757,-0.33,0.78,0.637,0.742,0
-0.179,1.257,-2.137,-0.262,-0.846,-0.187,-0.274,1.083,0
0.17,-1.094,-0.714,-0.672,-1.017,0.308,-0.365,0.698,0
0.747,0.928,-1.218,0.764,0.458,0.635,-0.764,-0.335,0
-0.137,0.582,-0.679,-1.122,-0.448,0.489,-0.987,-1.48,1
1.461,1.121,-0.298,-1.772,1.488,0.961,-0.222,0.152,0
1.031,-0.021,2.07,0.004,0.133,-0.905,-0.33,-0.384,0
-0.084,-0.353,1.243,1.694,0.46,0.533,-0.815,-0.959,0
0.898,1.139,-0.002,0.536,1.56,0.968,-0.356,0.623,0
-0.236,0.552,-2.031,1.589,-0.118,1.23,1.63,-0.831,0
0.395,0.09,0.61,0.133,0.727,-0.875,1.102,0.773,0
-0.032,1.119,-1.148,-0.163,0.082,-0.605,-0.315,-1.011,0
-0.943,-1.394,1.284,-0.216,1.121,0.693,-0.403,1.303,0
0.386,0.926,-0.127,0.364,-0.64,1.637,0.691,1.042,0
0.709,-0.32,-0.227,-0.74,-0.432,1.95,-2.155,-1.252,1
0.076,0.785,1.046,2.036,-0.443,-0.28,0.259,0.885,0
-1.188,-1.676,1.168,-0.856,-3.365,-0.413,0.094,-0.276,0
-0.649,1.36,0.82,-0.348,1.148,1.661,-0.592,0.263,0
0.689,0.357,0.886,-0.606,-0.389,0.196,0.159,0.309,0
-0.415,-0.06,-2.7,1.816,-0.237,-0.472,0.088,-0.51,0
0.834,-0.135,-0.461,-1.109,0.71,-0.98,-0.414,-1.107,0
0.569,-0.715,3.194,-0.299,-1.255,-1.331,0.14,0.211,0
0.719,-2.378,-0.285,1.061,0.041,-0.458,0.516,-0.08,0
-0.638,-0.578,-0.543,-1.236,0.076,-0.858,1.324,-1.224,0
-1.126,-0.994,-0.455,1.139,-0.87,1.314,1.523,0.066,1
0.734,0.184,-0.145,0.882,0.315,-2.272,1.414,-1.019,0
-0.413,-0.19,-1.097,-0.428,0.536,0.818,0.947,0.358,0
0.627,0.214,0.971,-0.727,-0.141,-0.183,0.541,2.916,0
-0.238,1.328,-0.54,0.465,-1.263,0.029,-0.851,0.024,0
0.64,0.4,0.27,-0.021,0.984,1.869,0.741,0.294,0
0.454,1.41,-0.307,0.894,1.191,0.242,-1.302,1.153,0
-0.594,2.011,0.552,-1.86,-2.456,-0.222,-0.881,-0.941,1
0.813,1.462,-1.337,0.183,-0.903,0.89,0.804,-1.543,1
-0.277,-1.028,0.322,0.329,-1.053,-0.698,-1.092,-1.52,0
-1.308,1.347,0.002,1.424,-1.042,-2.095,-0.828,0.734,0
0.253,-0.869,0.136,-0.281,-0.19,-0.337,1.641,-0.094,0
-0.779,-1.496,-0.565,0.043,-1.112,1.961,-0.249,3.434,0
0.644,0.508,0.587,-0.102,0.726,-0.732,1.102,-0.066,0
1.582,-1.441,-0.874,-0.643,-0.589,0.838,-1.113,-0.326,0
1.191,-0.181,1.592,1.079,0.059,-0.321,-0.505,-0.244,0
1.384,0.14,0.369,-0.109,-0.26,1.028,-0.876,0.829,0
0.312,-0.839,1.747,1.07,1.368,0.532,-0.17,-0.485,0
-0.134,-2.042,0.299,0.42,-1.142,0.613,-0.532,0.779,0
0.109,0.272,-1.32,-0.078,0.718,0.661,0.95,-0.381,0
0.012,1.609,0.292,0.816,-0.778,-0.926,0.02,-0.172,0
0.21,-0.207,-1.878,0.483,-0.439,-0.159,-1.076,0.259,0
-0.075,0.184,-0.301,-1.447,0.994,-2.468,-0.284,-0.056,0
-0.459,0.726,0.817,-0.965,0.258,0.314,0.814,-0.537,1
-1.627,-1.768,0.153,1.108,0.841,0.149,-0.864,-0.305,0
-0.41,0.297,-1.15,-1.157,0.575,1.183,-0.119,-1.377,1
-0.74,0.631,-1.148,-1.108,0.109,-1.505,0.671,0.743,0
-0.106,0.728,1.072,0.813,-0.806,0.034,2.059,1.311,1
0.45,-0.602,0.144,0.33,2.582,-0.499,1.113,-0.6,0
1.866,0.394,1.555,1.134,1.318,-0.045,-0.776,-0.207,0
-1.542,0.434,0.773,-0.356,-1.022,-1.435,0.339,0.313,0
1.414,-0.413,-1.476,-0.052,-0.68,-1.572,1.184,0.892,0
0.242,1.252,1.481,0.102,0.945,0.843,0.695,-2.447,0
1.206,-0.904,0.494,0.06,0.69,1.531,-1.997,0.648,0
-1.432,-1.806,1.604,0.139,0.363,0.689,0.994,0.281,0
-0.797,-1.141,1.086,-0.364,1.091,1.652,0.028,0.394,0
-0.677,2.444,-1.279,0.216,-0.953,0.098,0.662,1.656,0
-1.419,0.019,-2.18,-0.894,-1.304,0.336,0.691,0.956,0
-0.994,0.004,1.125,-0.24,-0.523,-1.234,1.222,0.297,0
0.247,-0.216,-0.411,0.353,0.622,1.597,0.217,-0.566,0
-0.027,-0.355,1.666,-0.274,0.694,-0.671,0.345,0.319,0
-0.166,0.266,1.698,-0.024,-0.466,1.219,0.874,0.825,1
0.226,-2.409,0.042,0.769,-0.529,0.445,-0.927,-1.107,0
-0.622,-0.514,1.281,1.327,-0.908,-1.097,2.417,1.156,0
-2.41,-0.746,1.067,-0.544,0.327,0.806,0.563,-1.86,0
0.462,0.502,0.647,-1.789,-0.567,1.791,-1.654,-1.278,0
-1.547,-0.522,-0.938,-1.052,-0.949,0.649,0.713,0.021,1
-1.553,-1.33,0.029,-0.522,1.019,-0.296,0.937,-1.736,0
1.224,-0.107,-0.665,-1.019,1.819,0.023,0.905,0.709,0
2.238,0.717,0.517,-0.336,0.713,0.264,0.587,0.288,0
-0.634,0.045,0.868,-1.195,0.114,-0.712,0.493,1.786,0
-0.271,0.719,1.799,0.364,-0.841,-0.807,-0.082,-0.82,1
-0.964,1.357,-0.888,0.136,0.055,-1.153,-0.728,-0.06,1
0.731,-1.472,0.721,1.213,0.016,-0.318,-1.197,-1.13,0
0.924,-2.782,0.835,0.28,0.239,-0.341,-0.2,-1.047,0
-2.044,-0.687,0.297,-0.54,-1.096,0.136,0.561,-1.227,0
-0.985,1.048,0.37,0.833,0.302,-0.389,-1.373,0.289,0
-0.371,0.224,-0.325,-1.386,-0.717,0.666,0.128,0.17,0
0.466,0.196,0.513,-0.063,0.15,-0.227,-0.836,1.162,0
-0.267,-0.471,1.042,0.454,-0.174,-0.14,-0.81,-0.338,0
-0.21,-0.429,-1.073,-2.087,-0.21,-0.524,1.404,1.124,0
-0.341,-0.926,-0.653,0.018,-0.483,1.996,-0.552,-1.24,1
-2.061,0.418,1.233,-0.752,2.006,0.942,-0.92,0.583,0
0.292,-0.731,0.536,-0.926,-0.065,0.266,-0.604,-0.328,0
0.938,-1.115,-0.145,1.248,0.276,-1.5,-2.783,0.605,0
-0.441,-1.347,-1.139,-0.913,0.206,-0.504,0.023,0.937,0
0.893,-1.761,-0.514,0.182,1.102,1.333,0.837,-0.835,0
1.584,0.512,-0.286,-0.374,-1.637,-1.781,0.078,-1.04,0
-0.726,0.265,0.258,-0.403,-0.589,-0.168,0.752,-0.773,0
1.496,-0.088,1.502,-1.338,-1.063,-1.084,-0.879,-1.093,0
-0.54,2.612,-0.954,-0.854,2.236,0.526,-0.077,0.273,0
1.36,0.045,0.267,0.207,-0.289,-0.613,1.119,-0.204,0
-0.144,-1.284,0.909,0.465,-0.038,1.429,0.802,0.17,0
-0.415,-1.305,-1.105,0.135,1.171,0.097,-0.52,0.011,0
-0.141,-0.33,0.796,-1.349,-0.836,0.717,-0.659,-0.928,0
0.372,-0.358,0.541,1.234,-0.081,-0.447,-0.148,-0.11,0
-1.358,0.285,0.263,0.022,0.363,0.124,-0.041,-2.214,0
2.209,-1.084,-1.186,-1.747,0.294,0.336,-0.2,1.904,0
0.197,0.104,1.054,0.777,-0.651,0.233,-0.29,-0.779,0
0.513,0.875,-0.914,0.398,0.198,0.285,0.35,0.808,0
0.446,-0.241,0.723,-0.649,0.025,0.757,0.868,-0.023,0
0.616,-0.223,0.183,0.615,-0.22,-0.007,0.5,-0.152,0
-0.485,-0.426,0.686,0.993,-0.001,0.286,-0.695,0.179,0
1.215,0.804,-0.165,-0.775,-1.218,-0.906,-0.236,0.175,0
0.067,0.999,0.751,0.216,-0.011,0.826,0.047,-2.69,1
-0.72,-1.024,1.589,0.138,0.847,1.784,0.087,0.329,0
0.647,2.296,-0.092,-0.675,-0.625,-0.407,-0.21,0.681,0
-0.158,-0.433,-1.12,0.077,-1.503,-0.281,0.101,-0.779,0
-0.696,0.046,-0.468,2.429,0.698,0.241,0.12,2.696,0
0.242,0.618,-0.612,0.343,-0.502,0.241,-0.798,0.295,0
0.085,-0.658,-1.134,-0.37,0.225,0.651,1.969,-1.231,0
0.575,-0.594,0.456,0.289,-2.135,-2.115,-0.314,-1.563,0
-0.321,1.12,-0.475,0.567,1.764,0.105,0.167,0.182,0
-1.219,0.452,-0.28,0.773,-0.776,-0.284,0.297,0.656,0
-1.631,0.597,-0.008,-0.136,-1.987,1.308,-0.634,0.145,0
0.022,0.486,-0.293,-1.066,1.507,0.364,-0.295,1.228,0
0.888,-0.212,0.878,-0.458,0.047,-0.049,-1.776,1.374,0
1.73,-0.31,-0.36,0.671,1.291,-0.921,-0.327,0.356,0
-0.73,-0.353,-0.672,-0.381,0.865,0.781,-0.971,-1.23,0
-0.639,-0.991,1.423,0.657,0.156,-0.979,-1.779,-1.361,1
0.811,-0.235,3.114,-0.355,1.167,1.067,0.412,0.439,0
0.318,0.688,-1.654,-1.154,-0.769,2.339,-1.602,-1.355,1
-0.407,-0.481,1.325,0.025,-0.856,0.25,-0.235,-0.343,1
1.142,-0.518,-0.552,0.079,1.036,1.292,0.612,-0.449,0
-0.269,-1.879,1.307,-0.879,1.064,0.648,0.612,0.606,0
-0.594,0.39,0.168,-0.307,-0.023,1.395,-0.965,-0.139,1
2.535,0.312,1.335,-1.808,0.496,-0.435,1.028,1.562,0
1.81,0.167,0.309,1.785,-1.161,0.29,0.567,-0.366,0
-1.656,-1.297,0.329,-1.054,-1.527,-0.485,-0.229,-0.639,0
-0.616,-0.881,0.914,0.228,-0.357,0.994,1.735,0.678,0
1.391,0.001,-0.013,0.081,-0.148,-0.741,-0.776,0.584,0
-0.486,1.062,-0.924,0.194,1.222,-1.392,-0.673,-0.715,0
0.937,0.523,1.122,1.461,-0.253,-0.487,0.606,1.254,0
0.594,0.598,2.596,-0.099,-0.019,0.225,0.764,0.832,0
1.666,0.445,-1.019,0.995,-0.445,-0.145,-0.657,0.196,0
0.292,-0.353,-1.167,0.265,0.036,2.012,0.676,0.559,1
-1.533,-3.035,-0.11,-0.245,-1.157,-0.913,0.641,-0.021,0
1.921,0.793,0.913,-1.316,-1.444,-0.539,0.502,-1.241,0
-0.325,-2.327,0.312,-0.35,-0.443,-1.119,1.601,-0.376,0
0.594,-0.976,0.299,1.097,3.5,-0.301,-0.218,-0.088,0
0.006,0.668,-0.107,-1.936,0.237,-0.677,-1.182,0.089,0
-1.085,0.676,0.423,0.576,0.443,0.91,0.873,0.878,0
-0.177,-2.819,-0.658,0.067,0.563,1.198,-0.93,-0.616,0
1.606,-0.284,1.543,-0.475,-1.04,-0.18,-2.599,-1.301,0
0.218,0.171,0.269,-1.464,0.946,0.33,0.319,-1.127,0
0.787,-0.476,0.721,-0.727,2.117,0.302,0.328,0.487,0
-1.359,0.876,0.517,0.626,-0.122,0.846,-0.067,0.271,1
-0.297,-1.594,0.256,-0.511,-0.963,-0.546,-0.758,0.383,0
0.396,-0.955,-0.427,1.306,0.851,0.171,-0.594,1.366,0
0.242,0.019,-2.25,0.27,-0.478,-0.469,-0.179,-0.894,0
-1.227,-0.47,-1.226,1.376,1.338,0.102,0.329,-0.553,0
0.398,1.698,0.305,-0.776,-1.424,-2.035,-1.564,1.542,0
-1.245,-0.686,0.222,-1.248,-1.227,0.853,1.063,0.531,0
-0.738,1.063,0.215,-1.093,0.235,-0.297,0.718,-0.461,0
1.759,1.901,0.44,1.003,-1.669,-1.561,1.744,-0.037,1
-1.724,-0.103,-0.731,-0.791,-0.898,2.198,-0.692,-0.172,1
0.426,-0.837,0.923,-1.386,-0.542,1.077,0.073,-0.075,0
-0.244,-1.074,1.9,0.991,0.239,-0.272,-0.125,-0.063,0
0.209,-0.068,0.916,0.689,-0.166,-1.111,-0.809,1.781,0
1.694,0.141,1.335,1.396,-0.801,-0.363,0.827,-1.436,0
0.023,1.479,1.001,0.725,1.408,0.604,-0.231,0.871,0
0.586,-1.377,-0.474,0.544,-0.982,-0.52,-0.382,-1.445,0
1.829,0.51,-0.853,-1.725,-0.077,0.777,1.307,-0.277,1
0.755,0.838,1.102,0.677,0.277,1.014,-0.423,-0.416,0
-1.442,1.062,0.71,0.26,-0.835,0.164,-0.49,-0.931,0
-1.106,-0.091,-0.261,-0.745,0.397,-0.483,1.22,-1.189,0
1.327,0.234,-2.381,0.326,-1.869,0.986,1.403,0.437,1
1.064,-0.638,0.705,-0.621,-1.494,0.872,-0.457,1.065,0
1.589,0.869,-0.934,-0.537,-0.347,0.528,1.232,0.898,0
1.368,-1.958,-0.041,0.592,0.754,0.785,-0.229,-2.069,0
0.366,0.438,-1.35,2.203,2.329,-0.316,-2.083,-1.371,0
-0.965,-0.179,1.199,-1.319,-2.207,2.495,0.092,-1.042,1
0.481,0.194,1.028,0.473,-0.346,-1.279,-0.641,-0.846,0
1.694,0.808,0.758,-0.801,-0.355,0.806,1.1,1.242,0
0.114,-0.298,0.82,0.778,0.05,1.804,-0.107,-0.39,1
-0.722,-0.177,-2.604,-0.185,0.031,0.067,-1.64,-0.187,0
0.611,-0.356,1.319,-0.06,0.12,1.485,0.312,-0.246,0
1.187,-1.033,-0.163,0.826,-0.424,-0.482,-0.505,-2.146,0
-0.857,0.001,-0.401,-0.19,0.366,-0.312,-1.383,1.047,0
-0.618,0.067,0.832,-0.596,-1.342,-0.109,-0.47,-0.056,0
-0.375,0.856,-1.536,-2.123,-0.38,-0.388,0.252,-0.453,0
-2.199,-0.541,-0.109,-3.441,-0.717,0.089,-1.033,-0.415,0
-0.867,0.309,1.17,2.078,0.291,0.799,-0.299,-0.464,0
0.346,1.724,2.834,2.708,0.776,1.346,1.817,-0.407,0
-0.652,1.703,-0.279,0.453,-0.349,1.157,0.521,0.691,1
-0.335,-0.477,-1.225,1.175,0.786,-0.362,1.791,2.163,0
-0.369,-2.478,-0.627,0.65,-0.614,-1.224,0.546,-0.009,0
0.896,1.06,-0.402,-2.372,0.022,-1.391,-0.59,1.552,0
-1.054,-0.495,-0.771,-0.015,0.619,-1.472,0.313,-0.118,0
0.728,0.52,-0.804,0.396,-0.214,-1.417,3.262,0.419,0
-1.818,-2.134,-0.944,0.09,1.671,-0.757,0.512,2.275,0
-0.078,0.275,-1.614,-0.077,0.35,-0.159,-0.29,-1.303,1
0.675,-1.54,1.414,1.714,0.678,0.84,-1.506,0.648,0
-1.067,-0.684,-1.406,0.836,-0.203,-0.655,-0.5,-0.042,0
-0.313,-0.895,-0.563,1.414,-0.451,-0.794,0.262,0.202,0
0.414,3.171,0.551,-1.818,-1.088,-0.191,-0.073,-0.921,0
0.457,-0.788,-0.867,0.951,0.493,0.388,-0.029,1.24,0
0.483,0.431,-0.224,-0.193,0.778,0.895,-0.785,0.126,0
0.031,-0.871,-0.057,0.169,1.013,-0.351,-0.143,-1.647,0
1.862,-0.094,0.076,1.087,-0.751,1.079,-1.372,-0.749,0
-1.34,-1.097,0.641,-0.117,0.411,0.416,0.583,-0.636,0
-0.697,-0.585,1.127,-0.058,-0.656,1.134,0.712,1.442,1
-1.625,1.649,1.66,-0.448,-1.917,-2.093,-0.446,-0.478,0
1.457,0.665,-1.94,1.373,1.074,1.022,2.407,-0.015,0
-1.669,-1.125,0.771,0.263,-1.228,0.301,-1.052,0.505,0
0.422,-0.457,1.121,-0.714,-0.558,1.331,-2.165,1.284,0
1.41,-1.204,-0.752,0.955,1.131,-0.663,0.896,2.2,0
-0.481,0.744,-1.119,-0.455,0.487,1.041,0.976,1.052,1
-0.981,-0.861,0.077,1.112,-0.61,0.286,-0.741,-0.86,0
-1.253,-0.521,-0.309,-1.486,1.424,-0.695,1.597,0.486,0
0.96,-0.639,-0.078,-0.484,-0.696,-0.427,1.264,0.764,0
-0.668,0.099,-0.104,-0.33,-1.5,-0.421,0.185,-0.092,0
0.892,0.454,-0.663,2.127,-1.134,1.281,2.063,-0.778,0
-0.174,0.261,1.795,-2.359,-1.389,-0.059,0.486,-0.626,0
1.213,-0.43,-1.53,0.832,-1.873,-0.942,-1.488,0.57,0
0.089,-2.348,-0.678,-0.637,-0.237,0.078,-0.695,0.157,0
-0.084,1.775,-0.501,-0.996,-0.371,-0.434,0.312,0.462,0
1.388,0.813,0.224,0.684,-1.348,0.65,0.136,0.727,0
0.026,1.557,-1.484,1.863,1.12,-0.432,0.602,0.692,0
0.968,-1.367,-0.699,-0.044,-1.321,-0.472,2.015,0.127,0
0.556,-1.407,0.325,0.703,0.876,0.308,-1.106,1.647,0
-1.542,-1.21,-0.371,-0.349,0.601,-1.329,0.666,-0.381,0
2.032,0.404,1.799,0.437,1.344,-1.21,-0.937,0.595,0
-0.083,0.77,-0.168,-1.012,1.608,0.248,-0.255,0.838,0
-1.954,-0.082,0.413,1.482,1.535,1.75,-0.112,0.433,0
-0.907,0.533,-0.979,-0.87,-0.811,-0.091,-1.238,1.056,0
-1.316,-1.077,0.034,-0.137,-1.543,1.489,-0.882,-1.787,1
1.019,1.129,-0.892,-0.169,-1.2,-1.053,-1.582,-0.14,0
0.578,1.134,-0.766,-0.88,0.205,1.36,0.268,-1.025,1
1.266,-0.39,1.19,0.281,-0.209,-2.188,0.286,0.408,0
0.877,-0.114,0.563,1.268,0.798,-0.34,2.895,-0.875,0
-1.075,1.245,0.589,-1.284,1.033,-0.099,0.364,0.463,0
-0.452,2.508,0.084,-0.835,0.248,-1.452,1.134,0.964,0
-0.296,1.196,-0.845,-0.948,-0.015,-0.546,0.4,-0.459,0
0.27,-0.055,2.06,-1.176,-1.426,0.922,-1.68,-0.528,1
1.717,0.157,1.715,0.174,1.598,-0.642,2.122,-1.043,0
-0.371,0.359,-1.363,-0.148,0.075,-0.5,-0.78,0.133,0
0.184,1.546,-1.427,1.092,1.093,-0.333,0.592,-0.473,0
0.256,0.18,-0.633,-0.235,-1.063,-0.429,0.029,-0.791,0
0.685,1.629,0.299,0.055,-0.881,-0.768,-0.434,0.063,0
-0.077,-1.235,-1.365,0.123,1.213,-0.453,0.432,0.377,0
-0.361,0.358,0.252,0.861,1.116,0.068,1.27,-2.142,0
-0.65,1.727,0.803,0.919,0.218,1.694,-0.932,-0.701,1
0.46,-0.091,0.707,-0.824,1.969,-0.134,0.02,-0.242,0
1.239,-1.758,-1.212,-1.819,0.447,0.269,-1.461,-0.861,0
0.975,-0.55,0.685,-0.331,0.039,-0.319,0.228,-0.738,0
-2.479,-0.585,-0.06,0.831,0.922,-2.067,-0.17,-0.092,0
-0.136,0.23,-0.174,0.992,-0.476,-0.077,-0.257,-0.32,0
0.238,1.326,-0.23,-1.686,0.101,1.61,-0.027,0.378,0
0.08,-0.6,0.486,-0.389,-0.638,1.815,0.426,-2.253,1
0.065,1.306,0.059,1.42,0.091,-0.09,1.218,1.132,0
-2.126,-0.527,-0.044,-0.045,-0.65,1.558,-0.441,-0.4,0
-0.334,-0.078,0.436,-0.114,-0.015,-0.698,-0.314,-0.772,0
-0.62,0.047,-1.112,-0.1,-0.866,2.047,1.005,0.38,1
1.761,-1.088,-0.292,0.883,-0.102,1.153,1.039,0.727,0
1.663,-0.949,-1.953,-2.683,-0.531,-1.165,-0.271,-0.713,0
-0.195,0.212,-1.27,-0.747,1.022,-2.303,-0.67,-0.155,0
0.064,-0.339,0.289,0.148,-1.555,-0.446,-0.506,-0.422,0
0.125,1.069,-0.133,-0.546,-0.029,2.023,-0.353,-1.58,1
-0.072,0.956,-1.432,1.775,-1.33,-2.34,2.547,-0.506,0
2.995,-0.681,0.303,0.849,-0.331,0.803,0.877,0.473,0
-0.678,0.558,1.655,1.506,2.057,-0.485,0.146,0.035,0
0.362,0.712,0.281,-1.085,-0.891,2.193,0.005,-1.843,1
-0.025,0.964,1.463,-0.793,1.539,-0.057,0.657,-1.234,0
0.564,-0.843,-0.71,-1.588,-0.761,-0.078,-0.756,0.662,0
-0.05,0.952,0.194,0.169,-1.063,0.187,0.609,1.088,0
-1.323,-0.256,-0.245,0.194,-1.628,-1.44,-0.234,-0.088,0
0.899,0.946,-0.491,0.063,0.934,0.109,1.129,0.801,1
-1.401,-0.877,0.844,0.267,-0.152,1.194,0.189,0.249,0
0.496,-1.933,0.277,0.346,1.378,-1.091,-1.367,2.452,0
-1.114,-1.09,-2.015,-1.037,3.327,1.92,1.0,1.341,0
0.224,0.219,-0.002,1.951,-0.333,-0.829,1.903,0.69,0
-0.24,-1.005,-0.222,0.029,0.41,0.983,-0.122,0.39,0
1.202,1.469,-0.965,-0.531,-0.402,0.649,0.295,-0.841,0
-1.977,0.501,0.717,-0.99,1.379,-0.009,0.881,0.411,0
-0.181,-0.02,-1.57,-0.625,-1.393,-0.714,1.802,-1.446,0
-1.673,-0.462,0.637,-0.711,0.753,-1.592,0.242,-0.573,1
0.754,0.979,0.913,0.636,-0.07,0.945,-0.396,0.794,1
0.566,0.255,0.265,-0.847,0.185,-0.517,-0.771,0.18,0
-0.199,0.5,0.886,-1.026,-1.474,-0.213,-0.748,-0.528,0
-1.035,-1.364,0.242,-1.445,0.276,0.011,1.826,-0.008,0
-1.729,-2.535,1.951,-0.569,0.836,1.977,0.515,0.417,0
2.047,-0.437,-0.288,0.143,-0.507,0.491,-0.361,0.085,0
-0.627,-1.685,-1.062,-0.329,0.789,-0.114,-0.625,-0.137,0
-2.355,0.643,0.784,-0.342,0.296,0.166,0.882,-1.43,1
-1.269,0.357,-0.348,-0.077,0.228,-0.358,-0.787,-0.9,0
-0.01,0.628,-0.662,0.384,-0.257,-0.19,0.579,-1.427,0
0.102,0.147,-0.213,1.551,1.467,0.7,0.639,0.077,0
-0.192,-0.689,0.359,-0.689,1.394,-1.284,2.564,0.258,0
0.682,1.337,0.907,-0.914,1.651,-0.897,-0.221,0.582,0
-0.864,1.114,-1.983,-1.075,0.617,-1.251,0.116,3.094,0
0.753,1.644,0.097,-1.285,0.958,-0.64,-0.363,1.964,0
0.888,0.758,-0.433,1.479,1.254,-0.614,1.666,0.301,0
-0.01,0.369,0.34,-0.3,2.138,0.603,-0.081,-1.278,0
-0.51,-0.597,-0.479,-0.16,-0.003,0.375,0.926,0.345,0
-0.784,-1.085,1.276,-1.25,0.305,0.186,0.456,-0.011,0
-0.536,1.711,-2.629,-1.487,0.762,0.646,0.107,-0.287,1
0.418,0.216,1.328,1.854,1.523,-0.373,0.198,-0.587,0
-0.562,0.985,-0.118,0.03,0.859,0.943,-0.788,-0.885,1
-0.816,-1.19,-1.751,0.757,-0.036,0.348,1.125,0.469,0
-0.815,-0.767,1.352,-0.317,0.581,-1.582,0.463,-2.219,1
1.904,0.526,-0.713,1.325,0.084,-0.555,0.248,-0.255,0
-2.224,-0.628,-0.602,0.396,-0.294,1.853,0.376,-0.678,1
0.121,1.912,0.042,-1.111,-0.522,-0.184,-1.636,-0.79,0
0.567,-2.55,0.083,-0.826,0.991,-1.018,-0.266,0.817,0
-0.559,0.898,-0.136,0.588,0.006,0.486,-1.092,-0.714,1
-0.055,-0.442,1.474,0.11,-1.125,1.807,0.52,0.901,0
-0.376,0.122,-1.487,0.518,0.297,0.27,-0.095,3.65,1
0.774,0.255,0.707,-0.852,1.32,-0.125,-0.08,-1.064,0
0.462,0.66,-0.057,-1.884,1.902,-0.06,0.975,2.304,0
1.45,-0.28,-0.642,-0.026,-0.516,0.94,2.217,-0.296,0
1.181,-0.014,0.231,0.168,-2.308,0.446,1.799,-0.307,0
-0.489,2.071,-1.272,-0.635,-0.492,0.218,-0.735,1.133,0
0.269,0.411,-0.366,1.583,0.21,1.446,1.674,-0.488,1
-0.49,0.34,-0.356,-0.086,0.371,-0.474,0.378,3.026,0
0.021,-0.039,-0.568,-0.712,-0.2,-0.214,0.679,0.634,0
-1.457,-2.343,-1.119,0.245,-1.352,1.991,-0.058,0.819,1
1.351,-1.524,-1.633,2.131,0.999,0.433,-0.223,0.296,0
0.852,0.072,1.027,-2.204,0.82,1.015,0.89,-0.107,0
0.09,1.416,0.483,0.227,-0.473,0.407,0.41,1.257,0
-1.514,0.006,-1.538,-0.805,0.528,0.028,-0.987,-2.031,1
0.093,0.121,-1.142,0.813,-0.482,-1.228,-0.323,1.689,0
-0.5,-0.575,0.438,2.386,0.864,-0.009,2.056,0.024,0
-1.099,0.498,0.322,1.385,1.237,-0.914,-0.265,1.374,0
0.782,0.653,1.613,0.289,-0.95,-0.025,-1.211,1.124,0
0.192,1.308,0.89,0.263,-0.517,-1.253,0.123,0.034,0
0.86,-0.243,-1.253,0.287,0.823,0.679,0.127,-0.859,0
-0.027,-1.203,0.437,0.017,0.07,-1.613,0.263,0.109,0
-1.999,-0.43,-0.374,0.664,1.027,-2.016,-2.214,-0.854,0
-0.502,1.336,0.245,2.816,0.766,0.868,1.809,-1.568,1
2.044,-1.213,0.213,-1.481,0.758,1.781,-0.612,0.657,0
0.654,-1.367,-0.207,-1.478,-0.13,0.413,-0.429,-1.326,0
0.088,0.59,-0.232,0.143,0.496,-1.357,-0.48,0.627,0
-0.733,-0.095,0.858,-1.427,-1.34,-0.805,0.092,1.556,0
1.289,-1.603,-0.028,-1.654,-1.257,-0.092,0.645,0.743,0
0.885,-0.798,-1.781,-0.145,0.288,-1.076,-0.417,0.29,0
-1.197,-0.185,-0.458,-1.264,1.125,1.592,-0.152,0.321,0
-1.649,0.121,-0.257,0.46,0.199,0.29,0.035,1.821,0
1.156,-0.077,-0.442,0.324,-0.219,-0.744,2.025,1.04,0
-0.631,-1.237,1.695,-0.465,-0.763,0.35,-2.264,0.138,0
0.657,0.908,1.63,0.751,-2.056,-0.075,0.074,-0.056,0
-2.135,-0.155,2.594,-0.321,0.996,0.014,0.638,0.713,0
0.146,0.895,0.544,0.486,-0.137,-1.833,-0.523,0.963,0
-0.153,-0.441,0.152,-0.021,1.33,0.396,-0.241,1.062,1
-0.434,1.735,0.973,-0.414,0.552,-0.64,0.013,-0.203,0
0.452,-0.419,-0.654,-1.33,-0.764,1.088,0.776,0.641,0
-0.348,0.108,-0.657,-0.302,-0.199,0.562,1.27,1.227,0
-0.923,-0.934,1.471,-1.444,0.67,0.87,0.244,1.961,0
0.558,0.685,-1.077,0.688,-0.511,0.344,1.043,0.604,0
0.069,-0.302,-0.121,-0.804,0.232,0.455,0.482,0.266,0
-0.528,1.111,-0.252,-0.637,0.927,-0.321,1.078,-0.702,0
-0.226,-1.995,-1.264,-0.073,-1.613,2.199,0.974,-0.034,1
-0.708,3.197,0.222,1.011,0.072,1.222,-0.331,0.025,1
0.191,-1.128,-1.598,-0.324,2.3,1.021,0.995,0.23,0
-0.268,-1.983,0.868,-0.908,-0.436,0.442,0.057,-0.727,0
-0.812,0.442,0.318,-0.015,1.466,1.436,-1.793,1.159,0
0.244,0.64,1.364,-0.996,-1.197,-0.568,-0.622,-0.515,0
0.619,-0.409,3.371,0.212,-0.404,-0.131,-1.658,-0.654,0
-1.138,-0.607,1.134,-1.215,1.168,0.274,-0.292,0.079,0
-0.254,0.012,-2.269,0.786,0.491,0.868,-0.498,0.381,0
-0.491,-1.292,0.543,-0.052,0.063,-0.0,0.42,0.642,0
-0.06,-1.226,-1.214,0.363,0.921,-1.478,-0.162,0.494,0
1.567,-1.561,0.748,3.389,1.255,0.927,0.368,-0.256,0
-0.857,-0.041,0.409,-2.136,0.202,-1.209,0.662,0.713,0
0.379,-0.298,0.594,1.174,0.999,0.434,-0.115,-0.591,0
-1.575,0.68,-0.075,-0.613,0.726,-2.748,1.924,-0.498,0
-0.316,0.106,1.497,-0.001,-0.431,-0.632,-0.893,0.365,0
0.314,0.627,2.026,0.574,0.768,1.588,0.965,-0.833,0
-1.495,-0.47,1.036,-0.009,-1.143,0.587,-0.071,0.96,0
-1.379,0.557,0.136,0.582,0.178,0.534,0.273,0.311,0
0.206,1.291,-0.301,-0.077,-0.021,-0.009,2.342,0.358,0
-0.946,0.209,-0.719,0.511,-1.0,0.293,-1.466,-0.312,0
0.894,-0.902,-1.843,0.389,-0.802,-0.721,-0.052,1.141,0
0.115,0.073,0.435,-1.631,0.878,0.336,-1.294,2.353,0
0.167,0.981,-0.868,-1.212,0.366,0.417,1.045,0.853,0
0.409,1.362,-1.383,-0.666,-0.128,-1.658,0.23,-1.278,0
3.345,0.926,-0.734,0.567,1.816,0.97,0.894,-0.533,0
0.236,0.293,0.788,-0.202,0.513,-0.019,1.077,-1.559,0
0.239,-2.114,-0.63,-1.751,-0.748,0.307,0.38,-0.937,0
1.33,1.161,1.358,0.62,0.516,-0.989,0.962,-0.251,0
0.961,1.059,-0.565,1.237,0.703,-1.172,-0.512,-0.363,0
0.196,0.953,0.396,-2.022,-1.392,-0.179,-1.346,-0.526,0
-0.754,1.064,2.287,0.882,-1.231,-1.613,-0.166,-0.57,0
-0.795,1.369,0.749,0.015,-0.143,1.638,-2.272,2.355,0
0.544,-2.206,-1.075,-1.017,-1.786,-0.153,0.365,-0.447,0
0.286,1.259,0.277,0.336,3.265,-2.233,0.167,-1.226,0
-1.71,0.755,-0.921,-0.433,-0.683,-1.305,-0.402,-0.059,1
-1.32,-0.388,0.09,-1.744,0.292,-0.171,-0.513,-1.074,0
-0.039,-0.435,0.979,-0.967,-0.347,1.265,-0.278,1.09,0
-0.205,-2.093,0.952,0.014,0.82,-0.089,0.754,-0.709,0
-0.856,-0.249,-1.178,0.261,1.054,-2.634,0.634,-0.622,0
0.627,-1.031,-0.313,-2.655,-0.351,-0.191,0.038,-2.526,0
-1.561,1.075,0.461,0.079,-1.635,0.273,1.206,0.825,0
0.109,-1.128,-1.091,0.243,-0.381,-0.194,0.794,-0.346,0
-0.044,-2.06,-1.551,-0.038,-1.221,-0.342,1.651,0.211,0
-1.226,-0.087,-1.186,0.346,0.533,0.4,-0.526,0.16,0
-0.074,-1.385,-0.005,0.591,-0.275,-0.11,0.327,1.297,0
-1.071,-1.252,-0.238,-0.077,0.116,2.249,-0.649,0.031,1
0.116,0.158,-0.091,0.023,0.557,0.063,0.502,-0.185,0
0.046,-0.805,-0.906,-1.377,0.542,0.175,0.855,0.788,0
-0.371,0.333,0.568,1.828,0.383,0.774,-1.226,-0.561,0
-1.076,0.581,-0.543,-0.163,1.631,-0.688,-0.633,-0.373,0
-0.798,1.161,-1.634,-0.086,-0.08,0.928,0.481,2.295,1
0.572,1.105,1.657,0.262,1.243,-2.123,-0.527,1.092,0
-0.228,-0.154,-2.353,-1.186,0.498,0.56,-0.722,0.303,0
-0.277,-0.45,-0.799,-0.471,-0.899,1.054,-1.011,-0.131,0
0.242,0.618,1.978,-0.394,-1.679,-1.026,-0.871,0.069,0
-0.75,0.465,-0.827,3.509,1.236,-1.826,1.142,0.301,1
-0.22,0.02,0.868,1.775,0.704,0.131,-0.613,0.526,0
1.088,0.454,1.407,1.417,0.13,0.703,-0.225,-1.071,0
0.396,-1.108,-1.494,-0.559,0.81,-0.809,0.683,1.796,0
-1.234,-0.004,-0.042,1.71,-0.048,0.055,-0.171,-0.164,0
1.422,-0.038,0.803,-1.632,0.787,1.364,-0.249,0.982,0
1.011,-0.139,-0.112,-0.614,-0.41,-1.036,0.115,-0.315,0
0.777,-0.065,0.072,0.99,-0.546,-0.215,-0.107,1.541,0
-1.463,0.9,0.325,-0.343,-0.797,0.44,1.709,1.003,1
0.007,-0.096,1.597,0.081,-0.08,0.005,-1.952,0.78,0
1.227,2.166,1.494,0.41,0.054,0.815,-0.419,-0.855,1
0.471,-0.092,-1.096,-0.9,2.007,-1.018,-0.585,0.051,0
0.409,-0.494,-0.417,-0.592,1.868,0.615,0.496,-1.957,0
-0.403,-2.452,-1.376,1.252,-0.012,0.015,-0.168,0.467,0
1.658,-1.423,0.175,-0.817,-1.256,-1.298,-0.388,0.057,0
0.176,-0.209,-1.823,0.738,-0.194,-0.189,-0.618,-0.488,0
-0.328,-1.285,1.274,0.157,-0.938,-1.708,-1.723,-1.011,0
0.395,1.01,-0.41,1.257,1.056,0.245,-3.148,0.181,0
-0.245,-0.341,1.291,-0.284,-0.407,1.012,-0.299,0.389,0
-1.059,-0.008,-0.32,-1.169,0.888,-0.441,-0.677,3.533,0
-0.408,0.549,-1.415,-0.087,0.004,1.181,0.63,1.798,1
-1.18,-0.407,-0.678,-0.796,1.877,-0.059,-0.134,0.076,0
-0.405,1.094,0.509,-0.114,0.906,0.528,1.349,-1.168,0
-0.734,-1.16,0.023,1.682,-0.42,-0.314,-0.081,-0.88,1
-1.444,0.792,0.128,-1.769,-0.483,0.616,1.985,-1.736,1
-0.441,-0.603,1.183,1.014,-0.54,-1.876,-1.2,0.7,0
0.696,0.478,1.12,1.285,1.669,0.067,1.033,-0.087,0
-0.809,-0.37,1.385,0.909,2.289,-0.197,0.151,-0.082,0
-1.025,-0.358,0.653,0.16,1.856,-0.478,-2.299,-0.204,0
-1.148,0.292,-0.912,-1.727,0.798,0.743,0.627,0.945,0
1.805,-1.136,-0.47,-0.579,1.506,0.393,-0.524,1.259,0
0.364,1.218,1.03,0.29,0.458,-1.419,-0.911,-0.076,0
-0.446,0.066,1.441,-0.845,-0.85,-1.263,0.237,-0.477,0
0.599,0.298,-0.037,-0.311,-0.505,1.366,1.012,0.512,0
0.351,-1.354,0.325,0.13,-1.749,-0.28,0.548,0.631,0
1.294,2.179,1.117,-0.586,1.593,1.138,-1.602,-1.286,1
-0.583,0.595,0.219,0.315,-1.715,-0.564,0.406,-0.67,0
2.565,0.851,0.61,0.037,0.464,-0.703,-0.067,0.861,0
-1.075,-0.699,-0.299,-1.747,-0.017,-1.04,0.564,0.759,0
-0.333,0.254,-1.137,0.373,1.421,-0.713,0.536,0.714,0
0.532,1.832,-2.477,-1.218,-0.089,0.281,-0.822,0.032,1
-1.547,-0.917,-0.968,0.288,0.814,0.772,-0.426,0.415,0
-1.745,0.194,-1.048,0.77,-2.909,1.247,0.88,0.361,1
0.695,-1.284,-0.985,0.136,-1.033,-0.02,2.241,-1.074,0
-1.576,0.066,0.187,-0.083,-1.488,2.075,0.312,-0.564,1
1.788,0.223,-0.714,-0.901,-0.274,-0.35,-1.342,0.081,0
0.28,-1.345,0.217,-1.385,0.395,-0.047,-1.656,0.552,0
-0.087,0.502,-0.679,-1.0,-1.612,0.167,-2.682,1.034,0
-1.326,-1.893,0.963,0.423,-0.981,-0.327,1.343,2.192,0
1.756,0.582,0.379,-0.569,-0.564,1.82,-0.529,-0.215,0
-1.726,2.292,0.259,0.769,-1.525,-1.758,0.832,-0.619,1
-0.099,0.958,0.187,0.751,1.192,1.726,0.363,-0.171,0
-0.511,-0.892,-0.821,-0.508,0.578,1.159,1.252,1.333,0
0.946,-0.425,1.437,-0.703,-1.669,1.147,0.981,0.237,0
0.761,1.065,-1.239,0.995,0.039,0.489,-0.193,-1.043,0
0.371,1.294,1.995,-0.206,0.46,1.03,-1.111,-0.25,1
-2.912,0.533,-0.997,1.525,-1.045,1.137,1.097,0.251,1
-1.418,-1.788,-0.405,-0.553,1.834,-0.483,0.407,1.214,0
-0.708,0.49,0.111,-2.063,-1.067,1.179,-0.709,0.088,1
0.572,-1.945,0.799,-0.374,-2.279,0.257,-0.843,0.116,0
-1.021,0.835,0.236,-0.803,0.882,1.874,1.498,0.348,0
-0.162,0.609,0.278,0.194,-1.159,0.107,-0.566,-0.241,0
-1.95,-0.111,0.583,1.974,-0.328,0.197,-0.169,0.449,0
0.82,0.846,1.25,-0.837,0.867,-0.095,-0.974,0.574,0
0.181,0.943,-1.951,0.892,-1.629,1.389,0.623,0.242,1
0.351,0.821,-0.147,0.043,-0.757,2.262,-0.331,-0.595,1
-0.123,-0.768,0.067,0.649,1.072,0.603,0.512,-0.893,0
1.201,0.469,-0.01,-0.248,-1.103,2.073,-0.133,1.225,0
0.679,-0.054,-0.039,-0.631,1.467,-1.93,-0.53,0.434,0
-0.611,-1.215,-0.806,-1.0,-0.115,1.369,-0.312,-1.141,0
-3.3,-1.769,-0.394,1.437,-0.204,-0.755,0.657,-1.124,0
-1.274,0.034,1.13,0.606,0.04,1.01,-0.316,-2.467,1
-0.492,0.311,-1.304,0.065,0.416,-0.335,0.121,-1.06,0
0.262,-1.346,-1.284,-0.416,0.488,-1.148,0.199,1.097,0
-0.071,-1.488,-0.501,0.04,0.464,-0.55,-0.241,-0.777,0
0.487,-1.288,-0.236,0.744,2.08,1.136,-1.558,-0.033,0
-0.819,-0.123,-1.251,1.56,0.271,0.45,0.398,-0.56,1
0.571,1.682,-1.047,-2.017,0.31,-1.224,-1.098,0.497,0
-0.085,0.591,-1.03,-0.306,0.783,0.478,-0.503,0.503,0
-0.542,0.848,-0.484,0.806,0.96,0.252,-2.998,-0.118,0
0.412,-0.426,0.396,-0.512,0.347,0.316,0.793,-0.33,0
0.511,-0.191,0.53,-0.313,0.939,-0.912,0.469,0.976,0
1.807,-0.233,-0.114,1.044,-0.769,-1.524,0.604,-0.329,0
1.499,0.127,-1.336,-1.482,-0.641,1.388,-1.805,-0.117,0
-0.625,-0.106,-0.197,0.058,-1.101,0.554,-0.158,-1.295,0
1.096,0.413,0.32,-0.53,-0.067,1.636,0.061,-0.417,0
0.836,-0.611,-1.355,0.691,-2.343,1.786,-1.318,-1.191,0
-0.408,3.064,0.004,0.398,-0.418,1.327,-0.485,0.256,1
0.253,-0.037,-0.79,-0.267,2.284,-1.264,0.914,0.047,0
-0.218,-1.359,-0.472,0.087,1.874,0.438,1.025,-0.807,0
-0.972,-1.406,-0.6,-1.411,-0.375,0.396,0.142,1.024,0
-0.11,-0.081,1.084,0.401,1.428,0.872,-0.411,-0.323,0
-0.287,-1.725,-0.081,-0.098,-0.159,-1.502,1.401,-0.23,0
-0.699,-0.724,-0.833,-0.687,1.51,0.899,1.356,-0.602,0
2.024,0.616,1.062,0.058,1.929,1.14,-0.534,0.032,0
-0.058,1.015,-1.295,0.771,-0.703,0.107,0.586,0.046,1
0.659,-1.589,-0.958,-0.137,-1.562,-0.238,-1.066,0.951,0
1.365,0.558,0.41,-0.83,0.16,-1.121,-0.99,0.712,0
-0.159,-0.83,-2.197,0.171,1.348,-0.921,-0.313,-0.97,0
0.313,0.302,-0.96,-1.026,0.699,-0.824,0.557,0.346,0
0.148,-0.576,2.484,-0.873,0.193,-0.46,1.765,-1.526,0
0.407,-1.411,-1.687,-1.077,0.705,-0.931,1.352,-0.553,0
-1.239,-0.579,2.74,-0.508,0.163,-0.584,-0.41,0.638,0
0.229,0.88,-1.518,-1.434,-0.213,0.788,-0.814,1.737,0
-1.373,-0.903,-0.28,-0.31,0.378,0.25,-0.691,-0.707,0
0.477,0.989,-0.248,-1.646,1.252,-0.158,2.033,-0.533,0
0.396,0.048,-0.156,-0.089,-1.018,-0.365,0.238,0.271,0
-0.264,0.816,0.687,1.12,1.071,-0.021,-0.106,-0.264,0
0.504,-1.534,-1.795,-0.249,-1.417,-1.04,0.423,-1.249,0
-0.188,0.127,1.12,0.214,0.64,0.08,0.875,-1.598,0
-0.508,1.217,0.006,-1.357,0.109,0.684,-1.122,-1.317,0
-0.501,0.662,-1.874,0.205,-0.792,-1.371,0.207,-0.476,0
-1.353,0.994,0.529,1.954,0.442,0.096,-0.37,-1.0,1
-0.763,0.995,-0.012,-0.812,-0.803,-0.752,1.04,0.177,0
0.188,0.885,-0.053,2.159,0.368,-0.057,-1.483,-0.197,0
0.298,1.72,0.558,0.056,-0.176,0.607,-1.469,0.888,0
0.397,1.985,-1.183,-0.594,0.951,-1.66,0.092,0.6,0
-0.982,-0.722,-0.674,0.485,-1.18,-0.124,0.572,-1.173,1
1.014,0.052,-2.346,-0.178,0.891,-1.534,-0.354,0.467,0
-0.524,-0.066,0.124,-0.886,0.129,-0.625,0.497,1.242,0
0.189,-1.279,-1.132,1.276,-0.546,-0.303,-1.628,0.743,0
0.009,-0.088,0.1,-0.215,-1.639,1.376,-0.24,0.305,0
-0.311,0.148,-0.712,-0.283,0.656,-0.089,-0.563,1.297,0
0.868,0.056,0.851,1.352,1.479,1.436,1.108,0.02,0
-1.658,-1.885,-0.603,-0.811,-1.429,-0.04,-0.919,1.375,0
0.974,-1.541,1.715,-0.108,-0.136,-1.85,0.73,-0.264,0
0.29,-2.504,-0.194,1.52,-0.354,-0.306,-0.853,0.355,0
1.194,1.857,-1.606,0.93,0.56,0.197,-3.062,0.321,0
-0.425,0.737,-0.047,0.098,0.773,-0.484,0.204,0.031,0
-0.403,-1.441,-1.43,0.252,0.557,1.088,-1.37,-0.404,0
1.728,-0.327,2.103,-0.753,-1.566,1.714,-1.102,-0.849,0
1.217,-0.197,-0.243,0.517,-0.134,1.189,-1.303,-0.389,0
0.43,0.948,-0.036,-0.484,-0.366,-0.467,1.762,1.449,0
0.42,-0.05,-1.012,0.891,-0.087,0.081,0.096,0.142,0
-0.982,0.045,0.463,0.943,-0.08,-1.232,0.287,1.404,0
0.001,0.648,-0.679,0.147,-0.304,1.824,-1.028,0.337,1
1.217,1.143,0.762,-0.891,-0.793,-0.556,1.214,0.318,0
0.426,0.87,0.571,0.481,-0.986,-1.493,-1.177,0.658,0
-0.288,-0.663,-0.318,0.465,-0.041,-0.231,0.617,-0.228,0
2.774,-0.121,1.427,-0.908,-2.007,1.073,0.053,-0.578,1
-0.096,0.014,0.704,1.912,0.279,1.084,0.426,-1.561,0
0.627,-2.668,-1.143,-1.683,-1.272,0.157,0.63,0.435,0
1.459,0.736,0.808,0.952,0.712,2.103,-0.448,-1.328,1
0.219,0.763,2.258,1.13,0.694,0.477,-1.233,-0.403,0
1.315,1.27,1.003,0.121,-0.785,0.232,0.406,0.857,0
0.813,0.689,1.898,-1.269,-1.941,0.403,0.618,-1.866,0
-0.623,0.224,-0.331,-0.585,0.154,-0.671,1.111,-0.169,0
1.498,0.568,-0.721,-1.689,1.105,-0.022,0.636,1.401,0
1.123,-0.564,0.064,1.256,0.904,1.344,0.71,1.05,0
-0.844,1.016,0.929,-1.512,-1.386,-1.076,1.655,-1.172,0
0.84,-1.194,0.879,-0.862,0.452,0.544,-1.217,0.169,0
0.564,-0.583,1.076,-0.566,0.837,-0.544,0.084,-0.508,0
0.842,0.112,-0.626,0.417,1.066,0.638,1.528,0.384,0
1.883,-0.621,1.547,0.74,1.496,0.703,1.271,-0.316,0
-0.522,-0.76,-0.697,0.066,0.848,0.835,-2.548,0.753,0
2.094,-2.5,-0.215,0.716,-0.114,-1.798,0.905,-0.993,0
-0.52,1.374,-0.564,1.006,-0.566,1.03,-0.266,1.29,1
-0.428,0.652,0.477,0.546,-0.313,-0.661,-0.295,1.541,0
-0.329,-1.618,0.696,1.233,-0.227,0.141,-0.671,0.966,0
0.643,1.869,-0.705,-0.957,0.083,-0.119,-1.624,0.215,0
-0.552,-0.261,1.022,1.765,0.856,-0.923,-1.227,0.136,0
0.985,1.463,0.012,0.513,0.574,-0.374,-0.674,0.465,0
-0.187,1.052,-0.412,-1.193,-1.156,-1.108,-0.379,-0.987,0
1.127,-1.84,0.076,-0.176,-1.415,1.605,-0.441,0.0,0
-0.361,1.324,-1.852,0.664,-0.172,1.454,0.676,2.689,1
0.197,-1.502,-0.154,0.693,-0.2,0.198,-0.426,0.115,0
-0.242,-1.244,0.052,0.115,-0.994,0.429,-0.092,0.853,1
-1.058,0.573,-0.476,-0.338,0.377,1.481,0.354,1.289,1
-2.464,1.372,0.681,-0.444,-0.826,-0.779,1.166,-0.234,0
0.692,0.217,0.378,-0.358,0.398,-0.297,0.713,-0.282,0
-0.791,0.416,1.076,0.049,0.16,-0.376,-0.326,-1.457,0
-0.253,-1.191,0.421,0.023,0.432,0.338,0.343,0.181,0
-0.307,-0.786,0.63,-0.118,-0.908,1.795,0.141,-0.886,0
-0.248,-0.468,1.31,-1.154,-0.578,0.718,-2.209,1.002,0
-1.505,1.598,-1.213,-0.043,0.288,-0.018,-1.136,0.254,1
-0.817,0.676,-0.319,-0.106,1.153,-1.655,0.378,-0.327,0
0.442,-1.609,-0.882,-0.736,-0.349,-0.033,-1.616,-0.742,1
-0.414,0.497,-1.653,0.705,0.164,-1.907,1.046,-1.191,0
-0.517,-0.423,-1.066,0.92,0.085,-0.456,-0.578,0.318,0
-0.784,0.089,-0.51,1.228,-1.127,1.677,3.44,0.121,0
1.256,1.022,-0.851,0.198,1.029,0.623,-0.042,0.986,0
1.305,-0.396,1.558,0.251,0.397,-0.764,-1.228,-0.346,0
1.098,-0.091,-1.604,0.968,0.147,-0.916,0.488,0.847,0
-1.338,0.358,0.248,1.802,1.26,0.288,0.956,-0.54,0
-0.463,0.274,0.228,1.397,0.928,-0.626,-0.389,-0.513,0
-1.701,0.3,0.908,0.394,-0.067,0.777,-2.225,0.288,1
-0.81,0.193,0.662,-0.06,0.75,0.683,-2.455,-1.193,1
-2.339,1.184,-1.06,0.474,0.878,1.212,0.64,0.302,1
1.241,1.862,-1.014,-1.109,-2.298,-0.219,3.256,0.525,0
-1.883,-0.026,2.107,-1.77,0.87,-0.483,0.911,0.589,0
1.667,-0.296,-0.791,-0.567,0.394,0.594,0.256,-1.24,0
0.176,-0.633,-0.989,-1.048,0.918,-0.384,1.163,-0.005,0
0.971,0.685,-0.746,0.791,0.334,0.599,0.58,-0.401,0
1.329,0.256,-0.12,0.301,0.993,-0.426,1.56,-0.39,0
1.68,0.416,0.037,0.833,-1.029,-1.176,0.907,-0.323,0
-1.761,0.067,-0.459,-1.773,0.291,-1.356,0.142,-1.186,0
0.476,0.789,0.166,-0.619,0.173,0.19,1.173,0.461,0
-0.939,1.519,0.405,0.863,-0.49,2.404,0.443,-0.522,1
0.681,1.203,0.343,-2.964,0.406,-0.015,-0.472,-2.162,0
1.42,0.516,-1.197,0.615,-0.14,-0.085,1.232,0.352,0
-0.098,-0.562,-0.966,1.36,-0.572,0.038,-1.444,-0.497,0
0.575,-0.547,0.347,0.042,0.48,-1.583,-0.716,-0.249,0
-0.412,2.05,0.864,1.344,-0.163,-1.156,0.761,-0.665,1
0.524,-1.372,0.449,-0.502,2.361,-1.06,1.179,-0.214,0
0.658,1.336,-0.336,0.135,-0.289,-1.133,-0.164,-1.465,0
-0.474,1.626,1.203,0.488,1.291,-1.42,2.205,-0.057,0
1.033,-1.717,0.183,-0.374,0.395,-0.1,0.502,-1.081,0
-1.544,1.639,2.013,0.187,-0.09,-0.042,0.493,0.503,1
0.065,-1.011,0.355,0.379,-0.305,1.104,-0.022,-0.86,1
-0.269,1.529,0.22,-0.334,-0.952,-0.465,0.578,1.173,0
1.211,-0.385,-0.498,0.943,-0.214,-0.331,1.247,-0.482,0
1.367,0.047,-0.906,-0.347,0.445,-1.226,0.726,1.676,0
-0.213,-0.369,-0.6,0.872,-0.015,0.014,0.169,0.652,0
-1.073,0.329,0.034,-0.708,-0.172,-1.948,-0.982,-3.066,0
-0.58,-1.083,-0.354,-0.673,0.208,0.816,0.571,-1.452,0
0.497,-0.266,-0.856,-0.968,0.814,0.778,0.182,1.553,0
0.656,0.747,0.823,-0.529,-0.249,-0.912,-0.809,1.41,0
0.399,0.755,-0.761,-0.726,0.874,0.036,-0.628,2.113,0
1.333,-0.114,0.139,-1.167,0.765,1.46,-1.118,0.551,0
1.334,-0.443,0.552,-0.15,-1.683,0.141,-1.951,-0.408,0
0.727,0.816,0.157,0.778,0.852,0.136,-0.265,0.586,0
2.492,1.119,0.456,1.843,-0.909,1.986,0.463,0.375,1
-0.46,0.312,-0.865,-0.669,0.998,-1.374,-0.596,-0.355,0
1.411,0.057,0.349,0.205,1.099,0.554,-0.249,-1.519,1
2.067,0.15,0.708,-0.611,-0.383,-0.128,0.631,-0.105,0
-0.622,-0.883,1.41,1.086,-1.181,-2.317,0.21,-1.646,0
-1.807,0.039,0.757,-1.519,1.336,-0.135,-0.207,1.387,0
1.167,1.769,0.07,-1.017,1.155,0.992,1.103,1.074,0
0.38,1.035,0.052,0.385,-0.298,0.409,0.331,-0.565,1
0.224,0.209,-0.519,-0.514,-0.888,1.893,0.64,1.672,0
-0.182,0.773,0.016,0.62,-0.191,0.447,0.736,-0.177,1
-0.335,-0.89,0.666,1.501,-0.685,1.11,0.586,-1.603,1
-0.638,1.442,1.863,1.709,-0.125,0.711,-0.297,-0.793,1
-2.065,0.229,-0.693,-0.148,-0.565,0.55,0.368,-0.3,1
-0.908,0.561,-0.341,-0.866,0.352,-2.24,-0.443,0.249,0
0.374,2.256,-0.841,-0.733,2.31,0.804,0.98,-0.329,0
-2.18,-1.185,-0.681,0.743,0.737,-2.243,-1.065,0.022,0
1.305,0.345,0.235,1.795,1.239,-0.157,-0.558,-1.292,0
-1.203,-0.647,0.767,-1.282,1.167,0.224,-0.041,0.989,0
0.458,-0.583,1.504,-0.025,-0.27,0.901,-1.438,-0.879,1
0.004,-1.328,0.813,1.431,-0.057,0.819,0.73,-0.748,0
0.307,1.625,0.614,1.264,0.529,-1.072,-0.169,-0.022,0
0.38,-0.159,1.076,1.051,0.113,-0.164,-0.551,0.024,0
0.921,0.826,-1.698,0.776,0.34,0.119,-0.478,1.83,0
0.032,0.455,1.602,2.234,-0.978,-0.344,-1.452,0.563,0
-0.12,1.13,0.074,1.599,-0.892,-0.928,-0.756,0.758,0
-0.795,0.231,0.277,0.326,0.489,0.565,-2.074,-0.133,0
-1.464,-1.37,0.41,0.616,0.244,-1.782,0.367,-1.086,0
1.09,-0.144,-0.371,-0.667,0.22,1.216,-2.042,-0.064,0
0.573,-0.071,0.1,0.267,-1.184,-0.427,0.041,-0.441,0
1.248,0.974,-0.048,-0.925,-0.065,1.363,0.326,-1.267,1
-0.429,-1.638,0.399,0.019,-1.034,1.543,0.274,-1.569,0
-1.003,-0.706,0.621,-0.397,-0.643,2.153,-0.085,-0.291,0
-2.856,-1.091,-0.842,0.37,1.355,-0.196,-0.242,0.086,0
0.437,-0.422,-0.498,0.562,0.187,-0.393,0.383,0.609,0
0.312,0.927,-0.813,1.684,2.308,1.094,1.847,0.793,0
0.424,0.291,0.676,0.294,0.398,1.538,0.423,-0.003,1
-0.791,-1.402,0.582,-1.417,0.38,1.183,0.218,0.04,1
-0.518,-0.421,0.997,0.014,-0.208,0.093,0.415,1.158,0
0.409,-0.885,1.183,1.905,1.514,0.54,-0.305,-0.512,0
-0.206,0.016,0.235,1.517,-0.217,-0.472,1.234,-0.901,0
-1.377,-0.613,0.557,0.725,-0.075,0.834,0.296,-1.446,0
0.157,1.052,0.657,-0.034,1.252,0.821,-0.908,-0.616,0
0.767,0.764,0.612,0.712,1.294,0.202,0.697,-0.588,0
2.087,0.832,-1.286,0.932,0.235,0.697,-0.576,0.294,0
-0.554,0.808,1.923,-0.171,-0.699,0.154,1.052,1.058,0
2.228,-2.599,-0.443,-0.083,1.503,2.027,1.482,-0.562,0
0.228,0.406,-1.232,0.76,2.159,-0.707,-0.405,-1.746,0
0.288,-0.008,-0.545,0.237,0.779,1.417,0.017,1.392,0
-0.81,-0.96,-0.536,-0.022,1.474,-0.585,-0.215,-1.913,0
0.105,-0.334,-0.879,-0.056,-1.18,0.338,-0.627,1.993,0
0.409,0.279,0.568,0.223,0.177,-0.4,0.68,0.813,0
0.246,-0.521,0.507,0.057,-0.14,-1.931,0.088,0.7,0
-1.042,1.12,0.616,1.638,1.028,0.502,-0.513,0.731,0
0.69,0.382,0.613,1.78,0.775,-0.547,1.402,0.25,0
0.858,-0.184,0.301,0.965,-0.028,-0.67,0.358,0.703,0
-0.834,0.079,-1.26,-0.04,1.678,-0.711,0.348,-0.021,0
1.757,0.033,-0.427,-0.328,1.225,-0.372,-0.072,-1.836,0
1.064,1.005,0.859,-0.477,0.642,1.261,-0.371,1.681,0
1.319,-0.341,-0.122,0.585,-0.912,-0.118,-0.906,1.329,0
0.223,-1.157,-1.438,-1.415,0.454,0.202,1.002,-0.786,0
-1.288,0.179,0.859,0.092,-1.185,0.469,-0.061,1.654,0
-0.229,1.843,-1.25,1.203,0.34,-0.86,-0.36,0.247,0
-0.171,1.045,-1.053,-1.022,0.561,1.012,-0.54,-0.492,1
0.709,0.184,1.838,1.182,-0.427,-0.864,-0.106,-1.249,0
1.084,0.131,-0.191,0.951,-0.933,0.463,-0.848,-0.022,0
0.739,-0.101,-0.052,1.21,0.974,-0.019,0.547,0.835,0
0.603,-0.967,0.921,-0.562,0.142,-0.524,-0.098,-0.383,0
0.551,1.658,0.935,-0.735,-0.752,-2.503,-2.086,-1.832,0
1.888,0.14,0.47,-1.367,-0.128,0.455,-0.708,-0.24,0
-0.185,0.091,0.614,-1.202,0.335,0.251,1.273,-0.497,0
-0.64,0.262,-0.292,-0.518,1.169,-0.146,-1.281,1.227,0
0.075,-1.274,-0.568,0.053,-0.745,1.408,-0.878,-0.53,0
0.061,-0.048,1.818,0.804,1.485,-0.014,1.845,-0.867,0
0.517,1.587,2.825,-0.914,-0.173,0.317,-0.593,0.224,0
-0.511,-1.53,1.556,-0.346,-0.615,-0.463,-0.868,0.334,0
-1.589,-0.743,1.483,0.15,-1.596,1.474,0.854,1.002,0
-0.079,0.045,-0.104,0.335,0.019,1.146,0.305,0.264,0
-1.466,0.327,-0.974,0.352,1.503,-1.463,1.494,-1.217,0
1.271,1.837,0.502,-1.595,2.662,0.935,0.222,1.426,0
0.617,0.904,-0.411,0.687,1.505,-0.346,-0.52,-0.588,0
1.375,1.193,0.343,-0.496,-0.045,0.148,1.596,-1.759,0
-1.346,0.253,-0.826,-0.696,1.433,-3.147,0.268,-0.215,0
0.023,1.012,0.15,-0.572,0.458,0.258,0.502,-0.862,0
0.131,-1.896,0.546,-0.648,0.042,-1.221,-0.889,1.478,0
-0.303,-1.041,0.571,1.252,-1.451,-0.004,-0.077,0.075,0
-0.19,-1.079,0.549,0.55,0.046,-0.041,2.441,-1.309,0
-0.556,-1.448,-1.151,-0.968,-0.121,-0.391,0.114,1.363,0
0.847,-0.016,-0.826,-1.169,0.45,-0.464,0.037,0.394,0
0.174,1.522,0.847,0.977,0.246,-1.144,0.993,-0.592,0
0.283,0.375,0.61,1.375,-0.499,-0.814,0.567,1.598,0
-0.511,-0.156,0.314,-0.716,0.152,1.173,0.681,0.277,0
0.656,1.007,1.163,0.082,0.895,1.114,1.805,0.56,0
-0.617,-0.488,-0.108,0.732,-0.511,0.408,1.289,-1.336,1
1.003,0.87,-0.828,-0.56,-0.128,0.399,-0.003,-0.772,0
-0.554,-1.898,0.717,1.261,-1.312,0.378,0.356,-1.034,0
0.252,0.351,0.39,0.221,-0.762,0.302,0.367,-0.402,0
0.655,-0.316,1.672,1.962,0.145,-0.113,-1.264,-0.022,0
-0.098,0.715,2.23,-0.949,0.249,-0.026,-0.772,0.474,0
0.62,0.208,0.327,0.648,-1.834,-0.29,0.949,-1.497,0
-0.003,-1.921,0.109,1.894,0.655,-1.066,-0.67,-0.452,0
1.192,-0.071,-1.487,-0.808,-0.929,0.693,-0.058,-2.058,0
-0.067,-0.761,-1.835,0.217,-0.349,0.862,-0.156,0.777,0
0.929,0.602,-0.608,0.631,-0.562,-0.069,-0.381,0.548,0
1.612,-1.043,-0.034,-1.455,-1.987,0.947,-1.867,-0.55,0
0.022,1.552,-0.384,0.619,0.178,0.14,0.148,-1.092,0
1.166,-2.151,0.05,-0.247,-0.492,-0.308,0.345,-0.515,0
0.499,1.891,0.338,-0.426,0.852,0.5,-0.656,1.194,0
0.286,-1.3,-0.078,-0.154,0.298,0.58,-0.523,-1.451,1
0.279,1.737,-0.043,-0.559,0.968,0.283,-0.141,0.843,1
0.78,-0.088,1.308,-0.575,-0.518,0.316,-1.565,-0.527,0
0.194,-1.04,1.262,0.408,0.147,-1.526,-1.016,-1.361,0
0.05,1.779,0.28,0.51,-1.102,-0.776,1.635,-1.14,1
0.285,0.514,0.131,0.203,1.344,1.04,-1.039,-0.811,0
-0.29,1.349,-0.561,0.835,0.518,0.826,0.385,0.028,0
0.444,-1.244,-0.635,0.702,0.872,1.339,-0.323,-1.58,1
0.15,0.245,-0.081,0.178,-1.358,0.956,1.42,0.716,0
-2.572,-1.514,-0.459,0.045,-2.227,-0.758,-0.604,0.097,1
1.088,0.405,0.701,-1.471,0.489,1.468,-0.067,-0.258,0
0.748,0.191,-0.942,-0.168,1.439,-1.312,0.182,0.547,0
-0.436,-0.343,1.721,2.022,1.473,0.517,-0.353,-0.47,0
0.665,-0.644,-1.232,0.936,-0.044,-0.819,-0.125,-1.491,0
0.084,-0.857,0.627,-0.224,0.345,-1.607,0.864,0.704,0
0.674,-0.362,-0.757,-1.523,-0.452,-0.553,0.777,1.026,0
-1.077,-1.351,1.339,-0.551,-0.301,1.32,-0.466,-0.815,1
1.336,-0.025,0.264,0.649,0.24,-0.173,0.807,0.351,0
-1.576,-0.985,0.415,0.759,-1.137,-0.045,1.079,1.806,0
-0.084,1.067,-0.154,0.436,0.649,0.932,-0.029,-0.842,0
-0.703,-1.776,2.065,0.102,-1.086,-0.682,0.999,-1.156,0
1.086,-1.588,-1.571,-1.232,-1.449,0.654,0.992,0.38,0
-0.019,-0.064,1.171,0.385,1.195,-1.922,-1.597,1.37,0
1.084,-0.796,-0.375,0.403,0.381,-0.483,-0.087,-0.917,0
0.404,-0.66,-1.433,0.412,0.57,-0.249,-0.47,0.535,0
0.107,0.734,0.503,1.109,1.617,0.188,0.249,0.496,0
0.825,-1.756,0.16,0.061,1.075,2.012,0.081,-1.111,0
0.919,0.02,1.455,0.352,-1.982,-0.669,0.03,-0.409,0
0.528,0.11,-0.107,0.393,-0.041,-1.425,-2.727,0.968,0
0.324,0.147,0.254,-0.709,0.514,-0.384,0.364,0.584,0
0.737,-0.532,-1.464,0.282,-0.212,-0.045,-0.655,1.387,0
-0.314,0.209,0.188,1.547,0.727,0.801,0.261,0.465,0
1.692,-0.173,-0.665,-1.763,0.63,-0.318,-1.009,0.802,0
-0.207,-0.227,1.338,-0.272,0.934,-1.458,1.688,-0.852,0
0.279,-1.786,-1.301,0.543,-2.467,0.561,0.411,0.163,0
-1.362,-0.48,-0.325,0.176,1.65,0.097,0.905,-0.252,0
-0.323,-0.104,0.917,3.09,0.668,-0.297,0.218,0.521,0
-0.185,-0.953,-1.32,0.271,-0.939,0.348,0.206,1.459,0
1.284,0.274,0.759,-0.252,-0.744,-0.076,1.633,-0.36,0
-0.415,1.161,2.081,-0.141,1.247,0.69,0.389,0.51,0
-0.513,-0.171,0.319,-0.912,0.806,0.324,-0.096,-0.117,1
1.194,1.405,-0.818,0.641,-0.463,-0.811,0.788,-0.19,0
0.35,0.825,0.878,-1.656,1.784,2.553,-0.879,-0.721,1
1.036,-0.641,-0.283,1.301,0.151,0.562,-0.706,1.196,0
0.977,1.559,-0.491,-0.903,0.13,-2.252,-2.379,-1.935,0
-1.731,-1.135,-0.34,0.487,-2.475,-1.329,-1.252,0.482,0
0.954,0.395,-0.508,-1.32,-1.373,-0.045,0.393,0.605,0
-0.168,0.632,-0.462,-0.147,-0.176,0.82,1.61,-1.103,1
1.168,0.901,0.791,0.04,-1.249,0.967,0.645,0.133,1
-0.986,1.794,0.095,-0.362,1.3,0.854,2.009,-1.465,1
-0.8,0.744,0.028,-0.506,0.003,-0.358,-0.005,0.044,0
-0.788,-0.981,0.291,1.5,-1.142,0.07,-0.542,-0.297,0
0.963,-1.038,-1.711,2.973,0.344,-0.136,1.87,-0.147,0
-0.104,2.163,-0.308,-1.158,-0.204,-0.37,-0.53,0.487,0
-0.958,1.026,0.228,0.562,0.09,-1.106,-0.517,0.3,0
-1.204,-0.972,-0.113,-0.849,1.659,1.783,0.007,-0.345,0
0.525,0.539,-0.747,-1.932,0.527,-2.009,1.807,-0.88,0
0.086,0.245,1.143,-0.091,-0.011,0.871,0.952,-1.424,0
0.24,-1.028,-1.934,0.178,0.549,-2.154,-0.212,0.408,0
-0.429,1.098,1.395,-0.489,0.846,-1.261,-0.427,-0.838,0
1.947,-0.405,-0.355,-1.048,-1.493,2.122,-0.25,-0.205,0
-0.425,-0.743,-0.089,0.36,0.061,-1.835,1.122,-0.867,0
-1.903,2.352,0.477,0.922,0.089,1.456,0.252,-0.942,1
-0.185,0.516,0.175,-0.017,-0.192,-0.09,0.871,1.358,0
-0.884,-0.948,-0.325,-1.183,-1.339,0.833,-2.627,1.38,0
-0.52,-1.027,0.121,0.652,1.874,-0.288,-0.113,2.365,0
-0.152,1.465,0.026,-0.794,-0.226,-0.146,0.266,0.616,0
0.63,-1.478,0.483,0.487,0.329,-0.619,-0.235,-0.128,0
-0.766,2.182,-0.928,-0.851,-0.584,-0.812,0.392,0.929,0
-1.487,-0.078,0.486,0.257,0.381,0.71,-0.262,-0.148,1
-0.705,-0.099,-0.18,-0.881,0.093,1.09,2.361,0.703,0
1.863,-0.341,0.246,0.479,0.869,-1.998,-2.066,-0.143,0
0.345,-0.289,-0.773,-0.525,0.453,0.712,1.348,0.01,0
-0.18,-0.449,0.313,-0.58,0.103,-0.999,-0.196,2.836,0
1.073,-0.134,-0.814,-1.036,1.719,0.326,0.653,-0.511,0
0.218,1.424,-2.972,-0.162,0.818,-0.949,-0.673,1.03,0
0.607,0.094,-1.735,-0.477,-0.697,0.494,-0.296,-1.393,0
-0.346,-1.99,1.651,-1.832,-0.283,0.078,-2.145,-1.599,0
0.55,1.435,-0.34,0.234,-0.92,1.359,-0.854,-0.897,0
-1.258,0.493,0.386,-0.303,0.053,0.219,-0.503,-1.891,1
-0.42,-0.564,-0.485,0.93,0.663,1.235,-0.744,0.729,0
-0.526,-2.312,1.821,-0.439,0.307,-0.275,0.624,-0.648,0
0.213,0.226,-0.867,0.425,-0.565,-2.323,-0.89,2.751,0
1.4,0.411,0.437,0.356,0.034,-0.045,1.394,0.13,0
-0.048,-0.205,-0.584,0.25,-0.537,0.461,0.076,-1.074,0
-0.814,0.397,-0.221,0.645,1.069,-0.231,0.894,1.027,0
-0.21,-1.214,-0.326,-0.228,0.872,-0.005,0.391,-0.601,0
-1.017,-1.66,-2.044,0.302,-0.072,-1.261,0.381,1.966,0
0.951,-0.203,1.0,1.088,0.391,-0.591,1.095,-0.837,0
-1.018,-0.56,0.493,-1.718,-3.196,1.279,-0.094,-1.377,1
-0.377,0.029,-0.138,0.985,0.318,-0.811,2.008,1.188,0
-0.65,-1.142,2.246,-1.293,1.799,-0.06,0.949,0.725,0
-0.925,2.771,0.745,0.4,-0.974,0.284,-0.9,-1.178,1
-0.915,-0.286,0.495,-1.252,0.982,-1.055,1.16,1.191,0
1.073,0.045,-0.632,-0.326,-0.369,0.035,0.203,0.171,0
0.254,0.524,-1.125,1.247,-1.898,-1.753,-0.986,-1.907,0
0.258,2.092,0.9,0.573,0.1,0.613,-0.308,1.012,0
-1.205,-1.923,-1.171,0.197,-0.458,-1.017,-0.461,-0.944,0
1.052,0.955,0.104,-0.0,1.458,0.709,-1.416,-1.529,0
0.755,1.568,-0.441,2.017,0.939,2.056,-1.638,2.37,0
-0.579,0.042,0.306,0.956,1.321,-0.761,0.761,-1.13,0
-0.679,-0.011,-0.049,0.138,0.492,-1.413,-1.343,0.985,0
-1.058,0.197,-0.093,0.229,-0.804,-0.147,-1.548,0.197,0
0.761,1.489,0.238,-1.771,1.583,0.468,-0.152,-0.35,0
0.259,-1.322,0.804,0.285,-0.945,-0.241,-0.772,-1.089,0
0.024,-0.245,1.656,0.568,-1.636,-0.071,1.119,-1.46,1
1.138,0.265,-0.837,1.138,0.912,-0.659,-0.654,-0.495,1
-0.794,1.105,0.881,-0.979,1.254,-0.642,-0.099,0.745,0
0.356,-0.321,0.224,1.832,0.858,0.719,-0.561,-0.094,0
1.338,-0.175,0.463,1.389,0.839,-0.583,0.368,0.402,0
-1.771,2.508,-0.537,-0.735,-1.271,0.237,-0.9,-0.617,1
0.349,0.295,-1.022,0.722,0.538,-0.962,-0.307,-2.031,0
-0.48,1.858,0.102,0.986,0.608,1.099,-0.499,0.445,1
0.647,2.504,0.477,-0.454,0.189,-0.695,0.283,-1.615,0
-1.303,0.964,0.278,0.767,0.535,0.801,0.366,0.741,1
0.074,0.225,1.198,0.647,-2.087,-0.503,0.016,1.18,0
2.435,0.7,-0.604,0.491,-1.964,-1.444,1.343,-0.273,0
-0.372,0.225,0.603,0.446,-0.39,0.268,1.022,0.409,0
0.018,-1.364,1.534,-0.229,-1.056,0.488,0.515,-0.485,0
-0.577,1.078,-1.253,0.446,1.746,-0.725,0.101,-0.764,0
-0.499,0.051,0.185,-0.714,-0.554,-0.613,0.765,1.594,0
-0.314,-0.177,1.838,-0.369,1.102,-0.084,-1.499,1.519,0
-0.533,-0.924,-0.983,-0.535,0.712,0.153,-0.267,0.879,0
-1.325,0.259,0.307,-0.826,0.892,-1.956,-0.467,0.525,0
-0.065,-0.916,-0.825,0.361,0.782,0.174,-0.146,-1.97,0
-1.263,0.092,0.724,0.254,0.688,0.292,-0.719,0.632,0
-0.923,0.64,-0.23,-0.755,0.821,-1.948,-0.595,-0.437,0
-1.3,0.216,-0.609,1.169,-0.902,-1.884,-1.732,-0.059,0
-0.85,-0.831,0.607,0.386,-0.812,-1.17,-0.303,1.809,0
0.276,-0.094,-0.188,-0.748,1.63,-0.552,-0.308,0.419,0
0.883,-0.331,-0.65,-0.121,0.446,0.402,0.425,-1.263,0
0.373,-1.17,-2.137,-0.074,0.293,-0.607,0.267,-1.12,0
0.195,1.823,0.797,0.209,-0.284,2.164,-0.433,-0.11,1
0.859,1.181,-1.075,1.833,-0.418,0.518,0.309,-0.523,0
-1.549,-0.131,-0.069,0.617,-1.21,0.358,0.883,-1.176,1
-1.947,-0.074,-0.136,-1.034,1.716,-0.096,0.646,1.59,0
0.81,0.255,1.099,-0.016,-0.463,-1.366,-0.204,0.885,0
-0.974,0.222,2.297,0.478,-2.049,0.686,0.704,0.816,0
1.124,-0.719,0.646,0.57,0.173,0.253,1.824,-0.576,0
-0.863,-2.59,-1.107,-1.219,-1.984,-1.577,0.468,0.13,0
-0.127,0.505,-0.683,0.782,-1.038,0.081,0.905,0.534,0
-0.721,0.827,-0.634,1.491,-0.502,0.082,0.751,-0.461,0
0.415,-0.016,0.928,0.716,0.564,-0.394,-0.566,-0.974,0
-0.794,0.941,-1.941,0.293,-0.048,0.146,1.908,0.058,0
-0.583,-0.436,-0.266,0.299,-1.344,-0.353,0.343,-0.046,0
-0.228,-1.455,0.344,0.241,-1.165,-0.381,0.993,-0.717,0
-0.051,0.481,-3.272,0.438,-0.176,-0.408,-1.177,-1.663,0
0.607,0.279,-0.974,3.392,-0.573,0.193,-1.671,0.87,0
0.1,1.861,-1.761,0.629,0.263,-0.093,0.228,0.887,0
0.215,-0.137,-0.547,0.107,-0.06,0.573,-0.833,-0.414,0
0.209,-1.353,-1.619,-0.966,1.419,1.293,0.421,-2.173,0
-0.581,1.13,0.959,1.219,-0.289,0.247,-1.686,0.551,1
-0.192,0.719,0.645,1.525,0.156,-0.335,0.222,0.184,0
-0.457,-0.232,-0.219,-0.273,1.527,-0.433,1.155,-2.674,0
-2.018,2.662,0.25,0.84,1.404,-0.298,0.208,-1.046,1
1.981,-0.602,-0.428,-0.069,0.546,-0.273,-0.869,0.414,0
0.157,0.32,0.392,1.396,-0.273,0.282,-0.324,0.858,1
0.191,-1.941,0.687,-1.187,0.496,0.508,0.49,0.851,0
0.317,-0.427,-0.193,-1.148,0.677,0.944,-0.236,0.38,0
0.277,-1.119,0.694,1.479,-0.66,1.555,-0.534,-1.887,1
2.564,-0.84,0.183,0.682,-0.03,-1.011,2.058,-1.26,0
0.059,0.344,-0.129,0.261,1.117,-0.794,0.179,1.128,0
0.606,1.403,0.032,1.315,0.472,1.68,0.143,-2.735,1
-1.496,0.332,1.453,1.079,-0.287,1.93,-0.114,-0.176,1
-0.304,-0.166,0.554,0.347,0.262,-1.442,-2.029,1.072,0
0.655,-0.364,-0.481,-0.695,1.082,-0.753,-0.23,0.608,0
1.651,-0.586,-1.62,0.448,1.888,0.506,-0.299,-0.381,0
-0.285,-1.676,-1.632,1.76,0.824,0.493,0.392,-1.445,0
-0.411,-1.091,-0.384,0.074,0.207,0.444,-0.862,-0.774,0
-1.008,-0.511,1.197,-0.722,-1.37,1.871,-2.034,-1.679,1
-1.214,1.375,-0.76,0.135,0.021,0.077,-1.01,1.845,0
-0.188,0.007,-0.128,0.315,-0.969,0.367,0.604,3.282,0
0.196,0.676,-0.18,0.464,-0.049,-0.361,1.423,-0.245,1
-0.687,-0.532,0.364,-0.2,0.083,0.96,0.587,-1.18,0
1.064,0.444,0.372,0.256,-1.829,0.619,0.369,-0.333,0
-0.765,-0.583,-0.495,0.486,-0.134,-0.739,-0.004,-0.431,1
-0.774,0.475,-1.535,0.838,1.509,0.745,-0.518,0.359,0
0.442,0.036,0.456,0.984,-1.206,0.924,-0.233,1.372,0
-0.999,0.71,-0.171,1.483,-0.418,0.559,0.413,0.116,0
0.036,0.331,0.918,-1.118,-0.789,0.5,-0.504,-1.519,0
-0.371,-2.542,-1.681,-1.04,-1.093,1.228,-0.88,-0.222,0
-0.783,0.025,0.058,-0.405,1.09,-1.08,-0.255,-0.351,0
1.141,1.235,0.234,0.443,-3.666,0.429,0.861,0.76,0
0.328,0.106,-1.832,-1.432,-0.509,1.08,0.665,-0.646,0
-0.544,0.793,-0.59,0.189,1.363,-1.946,-0.059,-0.532,0
0.659,0.157,0.836,-0.218,0.521,-0.805,-1.031,-0.12,0
-0.038,-0.543,0.487,0.021,0.244,1.747,-0.668,0.219,1
-0.102,-1.429,1.564,2.195,0.331,1.357,-0.701,0.203,0
1.732,-0.084,-0.778,-1.172,-1.504,2.087,0.559,-1.434,1
2.308,-0.071,0.423,1.433,-1.763,0.079,-1.078,1.307,0
-1.889,0.374,1.105,1.405,1.281,2.122,-1.023,-0.655,0
-2.528,-0.125,-1.031,0.459,-0.279,-2.383,-1.339,-1.21,0
-1.153,0.394,-0.431,0.194,0.402,0.444,-0.148,0.928,0
1.187,-0.731,1.593,0.053,1.662,-1.019,0.009,1.011,0
-0.792,1.807,-0.894,-0.845,0.262,-1.385,0.286,0.536,0
-1.995,-0.585,-0.832,0.267,2.633,0.276,0.474,-1.825,0
-0.52,-0.545,0.987,-0.804,0.526,1.341,1.194,0.277,0
1.03,0.192,0.294,-1.2,0.758,-0.663,2.139,1.151,0
1.954,-0.314,-0.425,1.099,0.264,-0.292,-0.795,2.515,0
0.068,1.973,-0.593,0.442,-0.628,-0.921,0.161,0.134,0
-0.776,0.449,0.376,-0.968,-0.116,-1.513,-1.992,1.468,0
0.324,-0.175,2.262,0.303,0.152,-0.474,0.852,-0.254,0
-0.173,1.158,0.307,0.255,0.048,0.641,-0.736,0.996,0
1.799,0.136,0.298,0.096,-2.458,-0.788,-0.607,1.181,0
0.42,-0.71,1.816,-0.531,-2.054,0.151,-0.947,-1.957,0
0.024,0.091,-0.415,1.705,-1.629,0.225,-0.207,0.452,0
-0.596,1.094,0.189,0.229,-1.361,2.265,1.712,-0.248,0
0.257,-0.978,0.441,1.694,2.119,1.218,0.162,0.347,0
-0.553,-0.572,-0.49,0.097,1.074,-0.762,1.405,0.49,0
0.051,-0.386,0.092,-0.616,0.904,0.018,-0.843,-0.669,0
-0.47,-0.501,-0.158,-0.266,-1.842,-2.063,-0.89,-0.903,0
0.751,-0.264,0.14,1.551,0.851,0.111,0.747,1.71,0
0.603,-0.162,0.073,-0.552,-0.27,-0.948,-0.694,-0.474,0
0.475,0.925,0.815,-0.404,-1.783,-0.123,-0.258,-1.32,1
0.13,-0.191,1.949,0.789,0.923,-0.327,1.093,0.42,0
1.777,-1.139,-1.586,0.042,0.081,-1.65,1.317,-1.823,0
0.659,-0.082,2.412,1.61,-0.707,0.078,1.263,0.611,0
1.393,1.388,-0.373,1.755,-0.806,-0.108,1.103,0.327,0
0.105,-0.812,0.342,-0.305,0.684,0.18,-0.032,-0.472,0
1.052,-0.616,2.287,-1.598,2.694,-0.748,-1.809,-1.331,0
0.11,0.518,0.221,0.432,-1.207,0.391,0.389,-1.928,0
0.755,0.599,-1.586,-0.549,1.311,1.319,0.077,-1.227,1
1.548,1.298,-1.12,-0.986,0.709,0.134,1.326,-0.842,0
-0.229,-0.282,0.056,-0.344,0.912,0.408,1.247,1.516,0
1.531,1.344,0.067,0.982,-0.469,-0.3,0.175,0.813,0
-1.167,0.44,-0.562,0.175,-1.367,0.349,0.506,-1.038,0
0.375,1.396,0.24,-1.095,0.709,-0.042,0.556,-2.34,1
-1.28,0.472,0.448,0.67,-1.459,-0.045,-1.393,-0.434,1
-1.256,-0.668,0.918,-0.834,-0.604,2.105,0.33,-0.959,1
-0.484,-0.054,0.011,-1.415,0.514,1.379,-0.235,1.393,0
-0.904,1.255,-0.995,-0.163,-0.323,-0.655,-1.16,1.738,0
1.44,-1.239,-0.294,-0.827,-0.479,-0.164,0.999,2.162,0
-0.32,-0.765,-1.72,0.704,0.993,-0.482,0.241,0.067,0
1.318,-0.955,1.133,-0.685,-0.44,-2.301,1.316,-1.657,0
0.071,0.455,1.373,-1.24,-1.223,-0.751,0.612,-0.088,0
0.015,0.784,-0.11,-0.246,-1.6,-0.059,0.237,-0.626,0
-1.068,-0.476,1.157,2.056,-0.522,0.593,0.793,0.252,0
-0.209,-0.963,1.579,-0.258,-0.811,0.091,0.973,1.306,0
0.348,-1.007,2.572,-0.861,1.281,0.05,-0.239,-0.359,0
-1.49,-0.781,0.032,0.905,-0.05,0.095,0.741,0.851,0
-1.419,1.421,0.818,0.462,1.62,0.421,0.636,-0.374,0
-1.299,0.756,0.269,-2.125,0.05,-0.01,0.061,-0.489,0
0.743,0.681,-0.431,0.608,-0.585,-1.771,0.625,0.396,0
0.706,0.294,0.198,0.855,1.162,-0.401,-1.154,1.162,0
0.852,-0.39,0.937,-2.345,-1.791,0.633,-0.927,-0.666,0
-0.29,-0.291,1.428,-0.915,0.482,-0.54,-0.455,-1.03,0
2.233,-1.249,1.008,0.634,-0.505,-0.366,1.365,1.775,0
0.487,-0.129,-0.264,0.073,0.558,-1.17,0.848,-0.029,0
0.496,0.113,0.293,0.693,1.066,-0.692,-3.298,0.399,0
0.468,0.981,-0.497,-0.342,-0.346,-1.577,-0.696,0.976,0
-0.322,0.671,-0.831,-0.156,0.319,-0.81,-3.044,0.917,0
-0.058,1.12,-0.779,0.518,0.466,0.277,1.299,-0.424,0
-0.54,-0.415,0.186,0.303,2.504,0.229,-0.99,-0.96,0
0.713,1.341,-0.432,-1.552,0.266,-2.162,-0.625,0.702,0
1.586,0.395,0.967,-0.671,0.434,-0.524,-1.999,-0.59,0
-0.697,0.487,0.906,-0.375,0.214,2.279,-0.763,-1.384,1
-0.387,-0.014,-0.37,-0.971,-1.565,0.209,-0.551,0.735,0
0.942,-0.734,-1.567,-0.944,-0.913,1.115,-1.083,-0.642,0
0.256,-0.471,1.615,0.753,0.811,0.963,-0.638,0.153,0
-0.159,0.524,-1.513,0.39,1.539,-0.474,0.746,-0.342,0
-0.503,0.125,0.072,0.641,-1.023,0.354,1.244,-1.534,1
0.522,0.072,1.353,0.633,0.242,-0.162,-0.339,-0.853,0
-0.934,-1.584,1.102,0.868,0.161,-0.862,-0.314,0.023,0
0.887,0.287,-0.237,-1.587,-0.853,-1.136,0.583,-0.842,0
0.956,-0.702,0.589,-1.539,-0.032,-0.634,0.837,-0.271,0
0.742,0.175,-0.622,-0.245,1.1,1.117,0.6,0.527,0
0.848,1.469,-0.669,-1.176,-1.148,0.088,-0.786,0.318,0
-1.098,-1.071,1.17,0.299,-0.216,0.941,-0.264,0.184,0
-0.992,0.936,0.397,-0.355,0.532,1.114,-0.936,-0.311,0
-1.01,-0.008,1.209,-1.028,-0.413,-0.964,0.014,-0.752,1
-1.444,-0.154,-0.734,0.28,-0.107,-1.187,-0.345,1.166,0
0.358,1.301,-1.002,1.646,-0.039,0.761,-0.166,-1.002,0
-0.823,2.06,-1.784,-0.264,2.259,-0.575,-1.682,-0.23,0
0.59,-1.634,0.14,-1.201,1.647,0.209,-0.316,-0.902,0
0.416,0.204,-0.764,-0.478,-0.982,0.777,0.291,-1.257,1
0.349,-0.343,0.017,-1.582,-0.832,0.135,-0.3,0.109,0
1.1,1.659,1.69,-2.257,0.156,0.089,0.764,3.313,0
-0.141,0.058,0.806,-1.76,1.79,0.1,-0.488,-0.571,0
-1.279,-0.086,1.562,-1.498,-2.044,1.169,-0.376,0.912,0
0.221,-1.577,0.976,0.878,-0.193,0.436,1.019,-0.188,0
-0.597,-1.426,1.375,-1.168,0.249,0.206,0.647,-1.361,0
1.362,1.134,0.075,0.538,0.476,-0.498,-0.339,0.703,0
2.044,0.068,0.485,-0.94,0.824,-0.095,-0.438,0.877,0
-0.35,1.06,0.099,-0.825,0.332,0.041,0.28,0.39,0
0.407,-0.721,0.038,0.615,-2.261,2.479,-1.659,-1.403,1
-0.173,2.512,-0.565,1.111,0.089,-0.753,-0.697,0.631,0
-0.303,-0.658,-0.07,-0.512,-0.438,0.379,0.301,1.336,1
1.011,0.299,1.92,-0.926,-0.297,1.126,-1.284,-0.417,0
1.4,1.533,-1.51,1.207,-0.551,-0.544,0.857,-0.211,0
0.859,-0.719,-0.365,-2.023,-1.026,2.052,0.24,0.895,0
-1.406,1.177,-0.092,0.316,0.021,1.728,0.168,0.323,0
0.216,-2.049,0.971,1.049,0.308,0.917,-0.886,1.096,0
-0.087,0.704,0.059,-0.865,0.055,-0.139,-0.248,-0.413,0
0.076,1.839,-0.166,2.035,-1.829,1.422,-0.095,0.08,1
-0.308,-0.992,0.868,-0.566,1.346,-0.366,-0.324,1.322,0
-1.64,-1.175,0.211,0.68,0.861,-0.815,-0.557,-1.268,0
0.187,0.195,0.711,1.128,-0.783,-0.397,-0.24,-1.272,0
1.824,0.738,1.332,0.801,-0.245,-0.033,-0.488,-1.592,0
0.569,0.122,-0.318,0.307,0.49,1.118,-1.711,-0.365,0
-0.165,-0.246,-0.007,-0.795,0.52,-0.182,-0.649,-0.013,0
-0.661,-0.266,-0.589,-0.224,0.499,-2.129,-1.374,1.401,0
0.129,-0.192,0.506,0.727,-0.039,2.597,-0.865,1.388,1
-2.214,-0.106,-0.602,1.63,0.601,-0.542,0.553,-1.162,0
-1.09,-1.243,0.841,0.338,0.669,-2.21,1.355,-0.527,0
-0.091,-0.057,0.88,-0.569,0.615,-0.309,1.943,1.084,0
0.112,0.366,-0.117,-0.787,-1.01,-2.599,0.688,1.337,0
0.695,0.243,-0.09,-0.725,0.042,1.557,-1.465,0.687,0
1.83,-0.268,1.101,0.788,-0.115,0.917,-0.041,1.509,0
-0.481,0.292,0.135,1.277,-0.797,-0.336,-0.964,1.48,0
0.135,-0.235,-0.833,0.633,1.576,-0.007,0.232,0.181,0
1.772,-0.195,1.234,-0.651,1.681,2.466,2.463,-0.835,0
-1.025,1.537,-0.984,-1.385,-0.139,-0.738,-1.715,0.328,0
-1.447,0.342,-2.131,-1.197,0.055,-0.498,-0.448,0.301,0
-0.493,0.209,-0.216,-0.908,-0.665,1.128,-0.755,-0.974,1
0.905,-2.704,0.59,-0.731,0.869,-1.02,-0.057,0.609,0
-1.398,0.862,-1.733,-0.536,1.461,0.105,1.012,1.936,0
0.805,2.172,0.392,0.322,-0.502,0.463,0.815,0.341,0
0.557,-0.404,1.042,-0.594,-0.231,0.221,-0.201,0.761,0
-0.246,0.193,-2.105,-1.592,-0.856,0.772,0.524,0.432,0
-0.813,0.809,0.461,-0.76,0.504,1.317,-0.294,-1.079,1
-0.792,-1.788,-1.506,-0.074,1.0,-0.552,0.794,-0.588,0
0.344,-0.57,0.021,0.264,-0.168,-1.435,-1.19,-0.698,0
0.737,-0.266,-0.467,-2.687,1.936,-0.229,-0.695,-1.876,0
-0.362,0.092,0.22,0.748,-0.082,0.839,0.272,0.064,0
0.261,1.193,-1.616,-0.883,-1.654,-0.465,0.543,-1.128,0
0.284,-1.144,-0.318,2.312,1.297,0.39,-0.109,0.795,0
0.521,-1.682,0.615,0.464,0.671,0.909,3.432,-0.175,0
2.63,-0.587,-0.104,0.187,-0.199,-0.53,0.209,-1.056,0
0.747,-0.579,1.75,-0.553,1.436,1.069,-0.627,-0.434,0
0.419,0.459,-0.101,0.351,-0.009,-1.257,0.567,-1.301,0
-0.095,-0.224,-2.143,-0.142,0.288,1.989,0.853,0.037,0
0.906,1.468,-0.041,-0.506,0.644,1.721,1.597,-0.264,0
-0.716,1.466,0.705,0.59,0.813,0.84,1.328,0.312,1
-0.393,0.63,-0.205,0.612,0.276,-1.885,-1.836,-0.376,0
0.805,-0.569,-0.904,1.503,-1.173,-1.536,1.008,0.265,0
-0.779,1.004,0.74,-0.593,-0.423,-0.335,0.444,0.522,0
2.265,2.259,-0.213,1.521,-0.412,1.214,-0.582,-1.653,1
-0.585,0.207,-1.813,1.102,-0.699,-0.564,0.405,-0.218,0
1.248,0.768,0.656,-0.559,-0.938,-1.626,1.281,-0.425,0
0.332,0.295,0.421,-1.156,0.983,0.413,0.328,-1.712,1
0.298,-1.327,0.031,1.07,-0.33,0.395,0.58,-1.502,0
0.29,-0.602,0.553,0.022,0.977,0.658,0.569,0.533,0
-0.5,1.836,1.555,0.091,0.799,-0.184,1.415,-1.396,1
0.147,-0.982,0.232,-0.691,-1.313,-0.539,0.118,1.542,0
1.373,0.351,1.151,0.073,0.339,0.644,0.919,1.299,0
-0.657,1.953,-0.386,0.885,0.587,-0.587,0.012,-1.199,0
0.162,0.672,0.522,-0.923,-0.618,-0.455,-0.747,0.308,0
0.058,0.218,0.235,0.298,-0.015,0.312,1.689,-0.524,0
0.179,-1.481,-0.451,0.779,0.144,-2.127,0.635,-0.064,0
0.29,-0.367,-1.501,-0.57,-0.794,0.046,0.984,-0.759,0
0.051,-0.949,-1.992,0.245,-1.182,-0.386,-1.581,1.071,0
0.799,-2.24,-0.477,-2.012,0.026,-2.972,0.57,-1.185,0
0.929,0.308,-0.398,0.334,-0.626,-0.203,-0.868,-0.275,0
1.045,-0.254,1.071,0.257,-0.757,1.027,-0.13,-1.881,1
-0.799,0.778,0.159,-1.028,-0.671,0.517,0.538,-1.791,1
0.253,-0.184,0.05,0.842,-2.309,0.296,-0.319,0.791,0
-0.501,-1.104,-0.842,-2.391,1.532,0.628,-0.131,0.046,0
-0.074,1.464,0.356,0.71,0.768,-2.52,0.314,-0.769,0
-1.811,0.967,-0.996,1.047,-0.651,0.825,-1.303,-0.771,0
0.244,0.027,-0.486,-0.19,-1.255,0.291,-1.395,0.318,0
-0.637,-0.87,-0.68,0.715,-0.452,0.49,0.557,-0.421,0
-2.082,-1.04,-0.234,0.531,0.822,0.304,-1.534,-0.052,0
-0.974,-0.149,1.838,1.704,1.57,-1.219,-1.102,0.071,0
-0.059,-0.546,-1.061,-1.482,-0.079,0.215,0.573,-0.129,0
-0.096,0.385,-1.7,1.242,-3.717,-1.23,0.464,1.321,0
-0.496,0.134,-0.052,0.083,2.099,0.309,-1.608,0.014,0
-0.289,0.043,0.195,-1.202,1.054,-0.152,1.745,-0.899,0
-0.004,-0.236,0.531,0.194,0.711,-0.763,0.737,-0.779,0
0.592,-1.0,1.006,1.751,-0.636,0.104,0.079,0.198,0
1.664,1.677,-1.864,-1.137,-0.172,1.23,0.295,-0.548,1
0.662,0.297,0.257,-1.83,0.106,-0.301,-0.817,0.209,0
-0.268,1.165,-0.073,-0.41,0.683,-0.613,-0.288,1.393,0
1.925,0.19,1.029,1.85,-1.308,-2.131,-0.107,1.048,0
0.018,-0.183,0.598,0.705,-0.043,2.476,-0.231,-0.181,0
-2.783,0.014,-1.43,-0.664,1.381,1.661,-0.783,3.816,1
1.358,-0.048,0.757,0.483,-1.509,0.066,0.98,0.06,0
-1.197,0.336,0.408,-0.462,-2.248,1.011,0.165,-0.376,1
0.358,0.976,-2.187,0.152,-0.374,0.989,-0.985,0.065,0
1.86,0.255,-1.076,0.933,0.53,1.255,0.795,1.695,0
-0.905,0.245,-1.877,-0.691,-2.036,0.142,1.702,-1.34,1
1.326,-0.339,0.325,-2.236,2.832,-0.88,1.375,0.828,0
-0.251,0.12,-0.757,1.843,-0.616,-0.123,-1.373,-1.526,1
-1.291,-0.219,1.242,-1.338,2.33,-0.326,-0.107,-0.657,0
1.298,-0.629,0.899,1.432,-0.495,-0.304,-0.599,-0.876,0
0.737,0.549,0.911,0.356,-0.068,0.012,-1.148,0.117,1
0.481,-0.691,-0.424,-0.666,-1.354,-0.261,-0.68,-0.462,0
0.138,-1.018,0.591,0.958,-0.441,0.188,-0.047,-0.522,0
-0.417,-0.626,-0.693,-1.022,-0.085,-0.186,-1.06,-0.221,0
1.577,0.063,1.142,0.77,1.374,-0.245,2.629,0.416,0
0.008,0.945,0.298,-1.486,-0.883,-2.093,0.902,1.277,0
-0.13,-0.947,0.175,0.674,-0.302,-0.446,-0.246,-2.179,0
-0.577,1.04,2.46,-0.627,2.501,-1.112,0.579,0.319,0
-1.178,0.123,-0.656,-0.786,-0.385,-0.266,0.624,0.785,0
-0.713,-1.086,0.356,1.422,0.617,-0.227,0.237,0.663,0
-1.626,0.391,1.289,-0.148,-1.431,2.699,-1.934,1.125,0
0.358,-0.445,0.093,0.406,-0.02,0.014,2.087,0.209,1
0.091,0.201,-1.626,-0.722,0.228,0.041,-0.545,0.568,0
-0.055,0.662,0.319,-0.423,0.399,-0.756,0.458,0.427,0
0.733,-1.109,-0.265,-1.677,-1.659,0.459,-0.802,-1.166,0
0.61,1.261,0.411,0.363,1.539,0.467,-1.01,-1.033,0
-0.61,-1.116,0.177,-1.225,-1.007,-0.333,1.8,-0.296,0
-2.368,0.567,-0.609,1.021,0.827,-0.842,-1.405,0.531,0
0.131,-1.092,-1.112,-0.195,-1.359,-1.683,0.54,0.856,0
-0.709,-1.5,0.391,-1.09,-0.248,1.746,-1.982,0.259,1
1.318,-0.169,0.808,-0.069,-1.044,0.165,1.477,0.127,0
0.542,1.704,1.448,1.296,0.345,-0.006,0.063,-0.261,0
-1.293,1.414,0.499,0.117,0.026,0.071,-2.173,-1.753,0
1.041,-0.641,-1.486,0.547,0.659,0.811,-0.862,0.562,0
1.587,-1.566,-0.813,0.391,2.113,-0.591,2.215,-0.529,0
-1.045,1.599,-0.724,0.098,-0.152,-0.371,0.744,-1.754,0
0.861,0.951,0.053,-0.001,0.44,0.06,-0.119,-0.411,0
-1.07,1.718,0.238,-0.022,-0.694,0.06,-0.335,-0.952,0
-0.122,-0.239,0.277,0.16,-1.661,0.326,0.16,-1.298,1
-0.09,0.384,-1.704,-0.966,-1.151,1.045,0.65,-0.757,0
-0.874,-1.154,0.211,0.456,0.49,1.178,-0.657,-0.142,0
0.744,-0.617,0.965,-0.569,0.096,1.442,-0.774,-1.333,0
-0.466,0.605,0.687,0.412,0.103,0.508,0.557,1.803,0
0.581,0.537,1.442,-1.423,-0.547,0.789,0.408,1.681,0
-0.709,0.354,-0.406,0.802,0.032,0.614,0.887,-0.575,1
1.225,-0.824,-0.607,0.069,-1.259,-0.198,1.288,0.97,0
1.113,0.21,-0.33,0.115,-1.025,0.545,-1.969,0.371,0
-0.187,-0.289,-0.207,0.427,-0.198,-0.627,-1.676,-0.661,0
-1.405,1.999,1.127,-0.85,0.696,0.128,-0.73,0.22,0
-0.46,1.542,2.183,-0.9,-0.204,0.456,-0.223,-0.049,1
0.166,1.248,0.006,1.266,-0.618,-0.66,0.517,-1.408,0
-1.12,-0.598,-0.799,-0.281,0.315,-0.177,-0.388,0.794,0
-0.894,2.597,1.439,-0.497,0.254,-1.16,0.595,-0.355,0
-0.342,-0.473,-0.217,0.985,0.55,-0.746,-2.349,-2.003,0
0.255,-0.193,2.038,0.191,-0.303,0.2,0.924,-0.525,0
0.964,-0.758,-2.279,0.208,-0.956,1.143,-0.255,-0.603,1
-0.839,0.71,2.108,-0.037,0.062,-0.687,-0.597,0.944,0
0.843,1.164,0.702,-1.287,0.733,2.111,-0.046,-0.997,1
-0.624,-0.136,0.642,-0.148,0.046,-2.021,1.18,1.508,0
-0.086,-2.233,-1.118,0.134,-1.221,1.055,-0.091,0.049,0
0.883,0.836,-0.38,-0.531,-0.476,-0.515,0.673,-0.888,1
-0.375,1.175,0.335,0.228,-0.093,-0.407,0.495,0.191,0
0.86,1.482,1.123,-0.891,0.046,1.656,-1.58,-1.697,1
0.669,-0.046,-0.721,0.344,-0.316,-0.918,-0.386,-0.964,0
0.653,1.133,1.143,0.065,-0.135,-0.487,0.458,0.425,0
-0.118,-0.851,0.276,0.951,1.321,0.516,1.114,-0.629,0
-1.651,-0.958,0.876,-1.271,-1.004,0.324,0.749,1.485,0
-0.961,0.297,-0.978,-0.423,-1.302,2.413,-0.074,0.051,1
-0.375,0.132,-0.613,1.527,-0.124,0.135,-0.527,1.556,0
0.188,0.523,1.332,0.855,-0.757,-0.985,-0.186,0.651,0
0.614,0.963,1.28,2.774,1.403,0.895,-1.527,1.118,0
0.347,-0.477,1.094,1.204,0.697,0.666,1.287,-0.562,0
0.983,0.461,1.291,-2.136,-1.48,-0.767,-0.028,-0.21,0
2.634,-0.432,-0.002,-0.064,-0.768,1.253,-0.921,0.946,0
0.008,1.384,0.254,-0.422,-1.326,1.752,0.611,-0.094,1
-1.085,-0.433,0.982,0.01,0.726,-0.723,1.636,-1.811,0
0.942,-1.109,-0.067,1.3,1.443,0.048,0.92,-0.432,0
0.805,1.016,-0.054,0.119,0.615,-0.261,1.061,1.18,0
0.418,0.866,-1.452,0.065,-0.59,0.815,-1.299,0.092,0
-0.731,1.444,-1.592,-0.007,-1.565,1.131,-1.176,-0.198,1
-0.283,0.45,-0.52,-0.81,-0.36,-0.735,-0.356,0.453,0
-0.38,-0.104,-0.896,-0.803,-0.517,-0.974,0.977,1.069,0
-2.407,-0.212,-1.699,-0.3,-1.486,1.319,-0.772,-0.599,1
-0.484,-0.523,0.884,-0.263,-0.643,-0.949,-1.905,-0.152,0
0.898,0.866,-1.09,-0.195,0.126,0.627,-1.474,1.643,0
-0.4,1.039,-0.476,0.217,-0.152,-0.603,-2.217,0.604,0
0.28,0.587,0.379,1.373,-0.467,-0.662,-0.76,1.156,0
0.033,-1.261,-0.721,-1.174,-0.226,-0.114,0.334,-0.869,0
-1.577,0.614,-0.305,-1.148,1.915,0.917,1.166,1.227,0
-1.08,-0.139,0.187,1.243,-1.113,-0.521,-0.408,-0.661,0
0.007,-0.808,-1.335,1.045,-0.125,0.196,1.45,-0.713,0
-0.195,-0.553,1.255,-0.298,1.092,1.348,-0.982,-0.047,1
2.03,0.727,1.201,0.413,2.137,1.765,-0.033,0.161,0
0.971,0.631,0.016,-0.873,-1.183,-0.356,0.9,-0.893,0
-0.706,0.244,0.492,0.448,-1.283,-0.694,0.568,-1.564,0
-1.077,-0.001,0.509,0.704,1.654,0.142,-1.192,0.302,0
-0.894,-1.002,-0.404,-2.483,1.918,0.825,0.136,2.227,0
-1.759,-0.424,0.007,0.677,1.524,-2.688,-0.658,-2.195,0
0.425,1.482,-1.71,-0.692,1.036,-0.109,1.378,-0.96,0
1.481,0.788,-0.96,-0.835,0.832,0.439,-0.243,0.331,0
1.144,-0.677,-0.959,-0.711,0.585,1.997,2.284,0.396,0
-0.546,-0.422,0.471,0.29,0.252,-0.126,-0.532,-2.895,0
-0.737,-0.858,2.717,-1.034,-1.242,0.206,-0.325,-0.633,0
1.397,0.129,-1.207,0.575,-0.698,0.206,-0.712,0.24,0
0.707,0.239,0.006,0.171,0.24,-1.46,-0.208,-0.704,0
-0.367,-0.89,1.213,0.835,-0.959,-1.791,-0.054,0.856,0
-0.289,1.258,0.072,0.219,0.295,-0.04,-0.869,1.91,0
-0.958,-0.305,0.8,-0.09,-2.389,0.85,-0.082,-1.277,1
0.477,-0.619,-1.098,2.009,-1.57,0.334,2.19,-0.871,0
1.961,-0.913,-0.244,-0.607,-0.701,-0.096,0.03,-0.059,0
0.429,-1.565,0.156,1.374,0.527,-0.418,0.959,-0.607,0
-1.414,-1.476,-2.423,-0.547,-0.186,0.028,0.637,0.957,0
0.976,-1.153,0.133,1.231,0.644,0.766,-0.137,-1.34,0
1.263,-0.975,1.044,0.342,-0.143,-0.709,-0.41,2.738,0
1.422,0.723,0.691,-1.274,-1.038,-0.49,0.784,-1.384,0
0.285,-0.992,-1.77,-1.676,-0.198,-0.062,0.941,-0.998,0
1.414,0.833,-0.506,0.806,-0.481,1.591,0.827,-1.137,0
0.162,2.824,-0.576,-0.256,0.074,0.233,-0.227,-1.375,0
0.901,1.224,0.373,-0.488,0.097,0.157,-0.833,0.183,0
0.055,-0.248,0.218,1.292,0.038,0.949,0.132,0.367,0
1.239,-0.263,-0.554,-0.553,1.031,0.031,-0.587,-0.756,0
0.472,0.964,-0.21,-0.567,-0.287,-2.609,0.306,-1.163,0
2.019,-0.069,-0.546,-0.822,-0.171,0.12,-0.172,-1.584,0
1.644,-1.417,0.406,-0.161,1.61,-0.264,0.268,-0.709,0
-0.767,-1.247,0.517,0.625,0.327,1.433,1.339,-1.023,0
-2.399,1.851,-1.015,-1.016,1.169,-0.051,-1.335,0.737,0
0.409,0.852,-1.383,-0.188,-1.015,-0.59,-0.664,0.588,0
-0.938,0.886,-0.095,1.086,2.359,-0.16,-1.138,0.611,0
0.001,1.821,-0.162,-0.216,-0.181,0.985,1.099,-0.211,0
0.067,1.478,-1.733,0.33,-0.912,-0.209,0.391,-0.15,0
1.284,0.127,0.922,0.656,-0.732,-0.598,0.33,0.042,0
1.002,-1.11,-1.58,-0.603,-0.408,-0.732,0.713,-0.858,0
0.146,0.577,0.186,0.194,0.595,-0.939,0.814,-0.144,0
0.101,0.543,0.206,-0.432,2.217,-2.261,0.11,-0.251,0
0.584,-0.01,1.052,-0.304,-0.72,-1.157,-0.466,-1.216,0
-1.127,0.789,0.318,0.225,1.636,0.593,2.148,-0.047,1
0.393,0.768,-0.798,-1.692,-0.295,-0.679,-0.572,0.782,0
0.819,0.308,-0.496,-0.783,1.138,-0.071,0.612,0.629,0
-0.882,-0.511,-1.762,-0.925,-1.027,0.027,-0.37,0.267,0
0.035,-1.012,-1.606,-0.025,0.449,1.978,-1.718,0.349,0
0.278,-0.855,-1.29,-1.463,-0.194,1.223,-1.653,0.277,0
-0.084,-1.709,-0.35,0.25,0.902,-0.561,0.247,0.675,0
0.052,0.001,-1.193,0.057,1.796,-0.595,0.697,1.351,0
-0.402,-0.405,-0.906,-0.76,-0.923,0.261,-0.86,0.349,0
-0.878,2.124,1.095,-1.326,-0.619,-1.318,-0.464,0.253,0
0.935,1.083,0.039,0.512,-0.75,0.557,-1.233,-1.13,0
-0.1,0.125,-0.486,-0.067,-1.064,-0.049,-0.866,0.894,0
-0.866,-0.484,-0.227,-0.717,2.815,0.486,0.139,1.237,0
-1.577,-0.208,0.68,0.22,0.461,0.655,-0.579,-0.639,0
0.441,0.44,-0.457,0.306,2.625,1.334,0.557,2.078,0
0.19,1.708,0.039,-0.584,2.39,0.394,-1.443,0.57,0
-0.712,-0.644,1.875,0.745,-0.254,0.091,-0.507,3.421,0
0.142,-0.358,1.83,2.172,0.613,1.359,-1.887,-0.726,0
0.446,0.336,1.401,-0.226,1.584,0.532,-0.1,0.099,0
-1.266,0.607,0.696,0.284,-1.947,-0.966,1.236,-0.799,0
-0.313,-0.287,-0.306,-2.104,0.065,-1.466,0.403,0.882,0
-0.258,-0.145,0.264,-1.338,-0.74,-0.331,-1.023,1.289,0
0.378,1.275,0.433,0.383,-0.424,-0.55,-0.997,-0.008,0
1.336,1.234,-0.142,0.43,0.41,0.982,-1.444,-1.344,0
-0.199,1.372,0.105,-0.015,-0.624,-1.191,0.292,0.533,0
-0.861,-1.588,0.289,2.237,-1.473,-0.002,-0.518,-1.862,0
-0.6,-0.478,-0.621,-1.424,-0.794,-1.065,-1.024,0.315,0
0.381,-0.954,0.776,0.388,-0.046,-0.747,1.262,0.083,0
0.066,1.248,-0.492,0.228,0.497,1.092,-0.185,-0.375,0
1.367,-0.241,-0.173,0.443,0.791,-0.544,-0.783,1.216,0
-0.35,0.392,-0.033,0.738,-1.314,0.48,-0.311,-0.983,1
1.556,-0.114,-1.217,0.519,0.643,0.306,1.607,-0.094,0
-1.658,-0.832,2.314,-1.226,1.355,-0.702,0.747,0.332,0
0.095,-0.2,-1.199,-2.267,-0.179,-0.9,-0.603,0.18,0
1.934,-1.147,-0.052,-0.223,0.23,1.423,-0.317,-0.396,0
0.646,-1.39,0.127,0.047,1.191,-0.564,0.33,-0.306,0
-0.265,-0.46,0.001,1.111,1.442,-1.079,-0.121,0.937,0
0.107,0.277,-0.616,-0.355,0.374,-1.456,0.587,0.106,0
-0.665,2.001,0.118,1.197,0.835,-0.595,1.01,-1.243,0
0.449,0.201,-0.568,0.015,-0.298,-0.055,-0.758,-0.193,1
1.313,-0.766,0.892,-1.126,1.305,-0.296,-0.394,1.061,0
-1.9,-1.35,0.33,2.337,-0.427,-0.759,-1.076,-0.881,0
-0.552,-0.265,0.083,-0.174,-0.159,0.158,-0.15,-1.006,0
-0.502,0.511,-0.049,-0.033,0.253,0.273,-0.758,-0.66,0
-1.466,0.163,0.538,-3.052,-0.142,-0.167,-1.219,0.737,0
-0.202,-1.901,0.355,0.661,0.208,1.777,-0.274,1.431,0
-0.759,-0.765,0.767,0.54,0.156,-0.567,-0.025,0.177,0
-0.793,0.739,0.429,0.08,0.357,-0.881,1.384,0.711,0
0.772,0.871,0.295,-1.312,0.253,0.738,-2.369,0.982,0
-0.448,-1.653,0.129,-0.735,1.163,1.706,-0.009,-0.202,0
-0.203,1.323,-0.422,1.036,0.844,0.149,0.749,-0.665,1
-0.797,-0.82,0.967,0.248,1.472,-1.139,-0.315,0.734,0
0.239,-0.69,-0.108,-0.969,0.785,-0.977,-0.505,-0.07,0
-0.374,-0.164,0.674,-0.843,-1.467,-0.042,-0.503,0.227,0
0.809,-1.05,0.234,-0.817,-2.237,-0.91,0.46,-0.597,0
-0.743,-1.842,0.859,0.372,0.412,-1.305,-0.055,0.762,0
-0.998,-2.038,-0.79,0.227,0.882,0.64,-1.431,0.151,0
0.393,-1.267,0.518,-0.821,-0.099,1.912,0.563,0.883,0
-0.585,0.034,-1.756,-0.593,-0.875,1.416,-0.041,1.045,1
0.778,0.212,0.147,0.425,-1.991,-2.435,-0.097,0.512,0
-0.404,1.295,0.535,-1.265,0.945,0.164,-0.75,0.957,0
0.992,0.458,-0.999,1.154,-1.123,-0.415,1.515,-0.466,0
-0.111,0.764,1.428,-0.15,-0.907,-1.021,-0.452,-2.466,0
1.219,0.094,0.292,-0.563,-0.596,1.712,0.061,0.254,0
-1.04,0.553,-0.179,-0.482,-0.342,-1.245,-0.158,-0.097,0
0.185,2.375,0.189,-1.391,-1.35,-0.543,1.519,-1.109,1
-1.189,0.487,0.156,-0.186,-1.166,-0.332,0.028,-1.767,1
1.022,1.9,1.746,-2.418,1.07,-1.111,0.38,-0.99,0
-0.767,-0.664,1.208,-1.45,0.625,0.476,-0.917,0.486,0
0.075,0.255,0.842,0.919,-1.607,-1.449,2.126,-0.04,0
0.634,0.393,-1.102,0.029,-0.585,-0.619,-1.107,-0.357,0
0.688,-0.132,0.901,-1.227,0.79,0.847,0.073,-0.458,0
-0.602,0.536,-0.351,-0.293,2.508,-0.969,0.487,0.674,0
0.334,0.572,-1.605,0.816,-0.731,1.42,-2.029,1.268,0
-0.41,-0.239,-0.043,1.107,-0.131,-0.617,-1.182,0.582,0
0.828,-0.473,0.079,1.524,-0.185,-0.484,-0.023,0.428,0
0.707,-0.756,-1.576,0.459,0.758,1.978,-0.198,-0.208,0
-1.497,2.675,-0.521,3.316,-3.034,0.648,2.234,-0.829,1
-0.666,-0.141,-0.407,-0.53,0.059,-2.086,1.293,-0.649,0
0.525,1.115,-0.047,-0.378,-0.659,0.611,-0.786,0.012,0
2.476,0.837,-1.507,0.223,1.013,-0.323,0.565,1.542,0
0.363,0.074,0.055,-0.083,0.099,-0.037,-0.594,-1.927,0
-0.146,-0.163,0.425,0.226,-0.369,-0.267,0.442,-0.812,0
0.131,-0.105,-1.335,0.26,0.533,-1.71,-0.17,-0.506,0
1.325,0.72,0.512,1.81,1.157,0.996,0.289,-2.497,0
-1.932,0.749,-1.473,-0.778,1.438,0.118,1.087,-0.131,1
0.096,-0.265,-0.84,-0.743,0.915,-1.169,0.814,-1.384,0
0.164,0.218,0.299,0.438,0.175,0.283,-1.677,0.107,0
-0.804,-0.047,1.817,-0.134,-1.216,0.155,0.69,0.42,0
0.788,-0.192,0.633,0.264,0.075,-0.103,0.826,1.358,0
0.26,0.403,-0.024,1.544,1.308,-0.103,-0.327,0.35,0
-1.449,-0.164,-2.054,0.928,-1.94,0.468,-1.576,-0.808,1
0.582,-0.452,-1.615,3.608,-1.458,0.379,0.197,0.041,0
-1.075,0.564,0.027,-1.202,1.265,-1.003,1.617,-1.886,0
0.395,-0.94,0.91,0.048,-1.388,-1.293,0.193,-0.541,0
0.096,0.943,1.059,0.398,-1.073,0.256,-0.658,-1.361,0
0.41,1.601,1.325,-0.081,-0.631,1.229,1.285,0.91,0
-1.71,-0.428,-2.905,1.093,-0.673,0.376,-0.291,0.963,0
0.73,-0.96,1.452,0.135,0.427,0.73,0.232,1.374,0
0.279,-0.351,0.292,0.246,2.384,0.352,0.38,-0.771,0
-2.134,-0.277,1.055,-2.431,1.93,0.068,0.189,-0.518,0
-0.557,-0.653,-0.227,-0.367,-0.032,0.151,-1.269,-0.615,0
0.298,1.227,0.18,0.556,0.503,0.682,0.625,-0.097,0
1.167,-0.456,0.687,0.227,1.076,-0.863,1.151,1.04,0
-1.07,0.167,-0.909,0.449,-0.223,-0.884,-0.31,0.633,0
1.103,-1.823,0.119,0.639,-1.169,-0.566,0.734,1.054,0
-1.081,-1.278,0.04,0.198,-1.595,1.192,-0.575,-0.417,1
0.139,0.814,-0.891,-1.379,1.135,0.055,0.586,-0.057,0
1.476,-0.507,0.6,0.001,-1.417,-0.095,0.321,-0.814,0
0.244,2.138,0.733,-0.074,-0.881,-0.171,0.523,-0.435,1
-1.861,2.108,-1.956,-1.521,1.492,0.34,-1.013,-2.003,1
-0.068,-0.023,0.356,-0.024,0.399,-0.507,-1.743,-0.236,0
1.043,1.769,-0.917,-0.076,-0.062,-0.63,-1.506,1.135,0
-1.459,0.193,1.076,1.351,0.034,0.075,1.799,0.961,0
-0.219,0.608,-0.95,0.096,1.574,0.004,0.442,-0.249,0
-0.723,-1.033,1.047,-2.054,-0.04,-0.411,-0.149,0.043,0
-0.932,0.21,-0.923,0.544,0.08,-0.262,-0.17,0.83,0
2.298,0.108,-1.375,0.839,-0.895,1.137,1.283,-0.518,0
0.17,0.038,-1.02,-0.148,-1.403,0.491,-0.115,0.419,0
1.034,0.14,0.076,1.837,1.046,-2.148,-1.761,-0.104,0
0.482,-0.576,-0.677,-1.149,0.099,-0.91,-0.23,0.048,0
-1.775,0.592,-1.288,-0.907,0.064,-1.161,-0.537,1.257,0
0.199,0.319,-0.925,1.054,0.763,1.343,-1.421,-1.583,0
0.276,1.212,1.383,1.392,0.866,1.752,-0.819,-0.551,0
-0.484,1.275,-2.256,0.907,1.766,0.413,-1.752,-0.763,0
-0.452,-1.883,-0.119,-0.434,-0.429,-0.001,-0.692,-1.001,1
-0.122,-0.367,-0.597,1.829,1.253,-0.379,0.999,1.609,0
1.037,1.387,-1.339,-1.791,0.029,-0.875,0.715,-0.302,0
-1.737,-0.443,1.099,-1.32,1.314,1.127,0.399,-0.64,1
0.121,-1.336,0.267,0.211,-0.234,-1.949,1.446,0.042,0
-0.051,1.212,-0.71,0.329,-1.007,-0.416,-0.743,0.028,0
-0.442,-1.354,0.342,0.809,-0.56,1.49,0.286,-0.382,0
0.525,-0.922,-0.905,-0.262,-0.479,-1.623,-0.177,-0.556,0
-0.498,0.216,0.26,0.779,1.09,0.618,2.11,-0.74,1
-0.513,-0.191,-1.937,-1.164,0.391,-0.019,-0.981,0.078,0
0.948,-1.586,-0.232,-3.826,0.401,-0.348,1.068,-0.268,0
0.536,-0.139,0.103,0.421,0.75,-0.886,-1.146,-1.213,0
-0.994,-0.5,1.428,-2.348,-1.906,0.435,0.604,1.061,1
0.533,0.198,-1.102,0.562,0.247,1.249,0.013,-0.706,1
0.718,1.096,1.044,-0.886,0.239,0.289,-0.47,-0.018,0
0.549,-1.003,-1.502,-0.804,-0.465,0.632,-0.693,1.313,0
-0.858,0.394,-0.601,1.313,0.907,0.47,-0.061,0.499,0
-0.217,0.844,0.708,-0.699,0.099,1.518,0.066,0.016,0
0.522,-0.044,-0.766,-0.186,-0.847,-0.079,1.791,1.157,0
-1.33,0.241,1.497,-0.542,-0.548,0.16,-1.588,1.698,0
0.846,-0.238,0.468,0.751,2.568,-0.502,-0.548,-0.328,0
0.438,-0.023,-1.801,0.544,1.146,2.047,-1.251,-0.406,0
1.054,-1.427,-0.632,-0.025,1.979,-0.611,-0.564,-0.864,0
-0.624,0.739,0.952,-0.42,-1.08,-0.941,-0.647,-2.125,0
-0.321,0.847,1.124,-1.013,-0.535,0.731,-1.002,1.068,0
1.05,0.308,0.542,-0.489,0.802,0.795,0.876,0.858,0
2.048,-0.208,1.039,-0.385,1.795,0.144,-0.89,-0.662,0
-0.011,1.125,-0.07,-0.025,0.029,-0.613,-1.091,0.976,0
-0.106,-1.07,-0.669,0.508,-2.415,0.356,-2.207,0.118,0
-1.516,1.639,0.877,1.45,-0.262,-2.087,-0.358,-0.639,0
1.211,-0.003,-1.139,-0.888,0.323,0.334,-0.863,0.207,0
0.641,-0.745,-0.069,0.395,-0.038,-0.46,1.001,-0.334,0
-0.156,-1.728,-0.085,-0.815,-0.799,-0.354,-1.097,1.048,0
0.54,-0.701,-2.268,0.297,1.492,-0.049,-0.664,-0.067,0
-0.329,1.337,0.345,0.532,-0.579,1.895,1.296,-0.583,1
0.175,-0.431,-2.003,0.033,0.498,-1.588,-1.598,-0.829,0
-0.685,-0.195,1.204,-0.795,-0.902,-0.661,-0.987,2.612,0
-0.843,0.507,-0.0,0.411,0.914,0.541,1.973,1.417,0
0.33,-0.987,-0.003,-2.109,-1.357,-0.703,0.835,0.149,0
-0.476,-0.507,0.679,0.049,0.557,0.896,-1.53,0.104,0
0.411,1.115,1.29,-0.576,-1.673,0.878,0.365,-0.444,1
0.35,-1.225,0.923,-0.611,0.131,0.891,-0.391,-0.712,0
0.472,1.202,-1.91,-1.436,1.426,0.727,0.523,0.827,0
-1.121,0.038,0.003,-0.032,0.415,0.797,-0.576,-1.93,0
0.608,0.241,0.207,-2.07,1.242,0.015,-0.9,-1.364,0
-0.227,-0.349,-0.482,0.403,0.984,-0.929,-0.44,0.907,0
1.15,0.445,-0.034,-0.009,2.745,0.624,1.451,1.807,0
-0.498,-0.602,1.772,0.264,0.586,0.553,-0.285,-0.734,0
1.67,0.172,0.374,0.819,2.523,0.608,0.244,0.893,0
0.605,-0.369,0.43,-0.133,0.861,0.339,-0.462,-1.51,0
-0.508,0.193,-1.109,1.439,-0.101,-0.02,2.475,0.522,0
0.357,2.443,-0.666,0.614,-0.069,1.658,1.519,-0.267,1
-0.779,-0.437,-1.576,1.255,-1.028,-1.243,0.488,-0.639,0
0.867,0.843,-0.95,0.933,0.044,0.929,-1.534,-0.418,0
0.32,1.009,-1.721,-1.206,0.873,0.436,1.82,0.574,0
-0.198,1.11,1.037,0.222,0.308,1.396,-0.191,0.61,0
1.012,0.182,2.199,0.588,-0.199,0.466,0.053,-0.243,0
-0.228,1.186,1.916,-0.244,1.348,0.716,0.108,1.441,0
-0.759,0.141,-1.594,0.351,0.065,-0.082,-1.48,-0.534,0
-0.618,-0.072,1.354,1.293,-1.964,0.298,-0.352,0.585,0
1.861,0.831,0.678,-1.518,0.711,-0.003,0.365,-0.218,0
0.19,-0.71,-0.547,1.443,-0.47,0.179,0.009,-0.619,0
-0.958,-0.468,0.633,1.796,-1.606,0.31,-0.133,-0.57,1
-1.14,-0.608,-0.434,0.381,1.022,-0.287,-0.014,-0.174,0
0.578,1.822,-1.584,-0.303,2.055,0.243,-1.122,0.809,0
0.111,-0.337,-0.708,1.064,0.06,-1.683,2.286,-0.333,0
0.168,0.724,0.678,0.312,-0.83,0.04,-0.263,-0.379,0
0.175,-0.207,-0.94,-0.13,1.599,0.304,-0.036,0.915,0
0.49,0.134,-0.05,-0.916,0.174,0.109,0.621,0.374,1
-0.567,-1.1,-0.127,0.368,0.742,-1.605,0.201,0.277,0
0.764,0.248,1.261,0.705,-1.481,1.746,0.667,-0.262,0
-1.011,0.124,1.025,0.409,0.121,-0.499,-1.496,0.388,0
-0.127,-0.482,-1.175,1.649,1.114,-0.601,-2.602,0.697,0
-0.553,1.002,0.707,-0.766,-1.454,0.071,1.15,-0.011,0
-1.821,-0.594,-0.036,0.033,0.672,-1.461,0.067,-1.329,0
-0.106,-0.674,1.704,-1.588,-0.04,0.255,-0.615,-0.481,0
-1.168,0.994,1.08,-0.476,-1.522,-1.463,0.164,0.656,0
-0.678,-0.138,0.815,-0.07,0.13,-0.548,0.654,-0.271,0
-0.081,-0.674,1.373,-0.2,1.209,-1.171,-0.274,0.194,0
-0.355,0.169,1.514,1.548,-0.208,0.17,-1.514,1.495,0
0.011,1.226,0.054,-0.395,0.554,0.472,-1.552,1.768,0
-1.097,-0.839,-1.579,-0.255,1.276,0.241,1.153,-0.178,0
1.14,1.209,-0.395,0.14,0.478,0.28,-2.65,-1.372,0
-0.429,-0.279,0.407,-0.792,0.779,0.151,0.111,-0.552,0
-0.926,-0.216,-1.633,-1.431,0.921,0.253,-0.289,0.314,0
-0.824,1.191,1.135,-0.179,0.43,0.835,-1.349,4.161,0
0.234,2.204,-0.187,-0.091,-0.393,1.053,0.507,0.15,0
0.881,0.737,0.736,-0.078,-0.11,-0.488,0.68,-1.213,0
-0.687,1.306,-0.178,0.867,1.456,0.507,0.301,0.004,0
-0.636,-0.986,0.428,0.02,-1.277,-0.751,-0.888,-0.68,0
0.64,1.178,0.076,1.229,0.683,0.397,0.991,0.025,0
0.078,1.475,-0.908,1.379,-0.347,-0.754,0.088,1.013,0
1.172,0.883,0.719,1.716,-0.768,-0.077,-0.237,0.442,0
-0.803,0.811,0.674,1.42,-0.727,-0.097,-0.174,1.194,0
0.195,0.569,0.267,-0.341,-0.373,-1.412,1.35,0.516,0
0.726,1.077,0.285,0.099,-1.452,-1.584,-0.082,0.076,0
-0.347,-0.286,-1.12,-0.042,-0.926,0.33,0.988,1.329,0
0.189,-0.868,-0.413,-0.433,1.056,-0.492,-0.964,0.159,0
1.993,0.764,0.11,0.095,1.316,0.548,0.574,-0.21,0
-0.189,0.417,0.215,0.24,0.335,0.69,0.198,0.695,0
-0.737,-0.143,-1.762,0.656,0.725,-0.079,0.208,0.725,0
1.112,-0.5,0.474,-0.056,-0.008,-0.984,-0.949,0.112,0
-0.307,-0.591,1.263,-0.105,-0.009,-2.567,0.381,-0.619,0
0.376,1.442,0.087,-0.203,-1.797,-1.206,1.999,-0.689,0
0.074,-0.692,-0.861,0.872,0.843,-0.005,-0.269,0.035,0
2.031,-0.765,0.863,0.844,0.766,-0.414,-1.37,-1.057,0
0.369,1.648,0.526,0.131,1.387,-0.804,0.176,0.624,0
0.246,1.527,0.452,-1.043,-1.884,-0.935,1.857,-1.277,0
0.486,1.408,-0.854,0.911,-0.284,-0.655,0.457,-1.208,1
-0.333,0.406,0.065,0.685,0.096,0.428,-1.275,-0.641,0
-0.234,-1.525,-0.828,1.774,0.152,0.149,1.414,-0.353,0
-0.691,-0.884,-0.191,1.494,0.221,-0.402,1.308,0.373,0
0.62,0.581,-0.782,1.067,-0.361,-0.424,-1.032,-1.026,0
0.97,-1.259,-0.856,-0.041,-1.906,0.838,-0.751,0.549,0
0.207,-0.423,-0.15,-0.97,-0.849,-0.257,-0.737,0.432,0
1.149,0.44,0.74,0.121,0.429,-0.34,0.62,-0.172,0
1.138,-1.705,-0.574,0.313,-1.283,1.769,-0.591,0.899,0
1.573,-0.667,0.874,-1.004,-0.302,-1.078,0.415,-0.768,0
0.974,-0.93,0.549,-0.175,-0.138,-0.048,-1.223,0.086,0
0.149,-0.99,1.849,-0.586,-0.75,0.964,-0.572,-0.065,0
0.974,0.608,1.415,-0.029,1.331,1.195,-0.422,-0.336,0
0.884,0.438,-0.514,-1.34,0.739,-0.56,-0.198,-0.044,0
0.245,0.083,2.035,1.212,-0.087,1.067,-1.339,0.037,0
0.505,0.834,-0.024,0.362,-0.542,-0.2,0.183,-1.13,0
1.348,-0.4,-0.263,1.023,-0.136,0.29,-0.59,-0.991,0
0.366,0.254,1.308,-1.166,-0.905,0.335,-1.078,0.038,0
1.516,0.423,-0.54,-0.592,-0.02,1.601,-0.234,0.755,0
-1.017,-0.16,0.05,0.022,-0.446,1.684,0.085,0.84,0
-0.32,-0.77,0.168,-0.329,1.796,-0.772,0.62,-0.36,0
-1.649,2.407,-0.035,1.415,-1.428,0.462,1.014,-0.82,1
0.81,1.333,-0.479,-0.831,-0.891,-2.022,-1.074,-0.51,0
-0.727,-0.844,1.995,-1.231,-0.268,-0.882,-0.267,-0.364,0
-0.985,1.02,0.662,1.091,1.756,0.6,-0.148,-0.723,0
1.168,-0.638,1.1,-0.406,-1.049,0.511,0.822,0.517,0
0.511,0.381,-0.757,0.706,0.76,1.893,-0.28,-0.802,1
-0.324,1.994,0.375,-0.524,0.447,0.507,-0.915,-0.535,1
-0.631,0.907,-1.031,-1.536,1.551,1.048,1.808,-1.315,0
0.206,0.004,0.936,0.318,-0.362,0.371,-0.822,0.12,0
-0.101,1.271,1.997,-0.106,0.988,2.166,1.179,-0.596,0
-1.161,-1.346,-0.36,-0.268,0.961,0.309,1.014,0.173,0
-0.039,0.349,1.712,-0.931,-0.236,-0.307,-0.186,0.317,0
1.445,2.724,-0.871,0.111,0.82,-0.444,-0.883,-2.79,0
-0.315,-0.899,0.991,-0.685,1.507,0.296,0.305,1.035,0
-1.311,-0.002,1.263,3.541,-0.267,0.962,-0.237,-0.467,0
-2.498,1.485,-1.186,-1.388,0.865,2.216,-1.045,0.556,1
-0.362,-0.824,-0.239,-0.084,1.101,-0.664,-0.123,2.29,0
1.919,0.277,-0.968,-0.085,0.656,-1.139,-0.725,2.205,0
-1.168,0.237,-0.605,1.468,0.948,-1.512,0.407,-1.219,0
-1.36,-0.69,-0.927,-0.225,0.555,0.856,-0.533,0.482,1
-0.485,-0.322,-1.327,0.582,-0.132,1.309,-0.355,1.314,0
0.103,-0.961,-0.351,0.774,0.24,-0.569,-1.116,-0.271,0
2.383,-0.595,-0.804,-1.843,0.684,-2.128,0.99,-0.727,0
-0.132,1.132,0.754,2.3,0.362,1.467,-0.241,-0.358,0
1.427,-0.664,1.05,0.285,-0.145,0.418,0.029,-0.054,0
0.652,0.226,1.37,0.098,-0.786,0.448,0.787,0.315,0
-0.235,0.213,1.017,0.512,-0.494,1.126,-0.481,-0.882,1
0.063,-0.894,-0.252,-0.706,-0.588,-1.368,-0.072,0.328,0
2.076,-0.211,0.932,-1.09,-0.66,1.191,0.295,-0.87,0
-0.542,-0.102,2.485,1.007,-0.131,2.359,-1.686,0.554,0
0.552,1.513,-0.485,-0.643,-1.352,0.715,-0.191,-0.414,0
0.328,-1.333,-0.671,-2.342,0.231,-0.602,-0.131,2.039,0
0.182,-1.745,0.017,-1.066,0.591,0.263,-1.682,1.621,0
-1.203,0.565,-1.2,-0.25,0.06,0.839,-0.503,0.95,0
-0.167,-0.735,-0.495,2.303,-0.279,-0.927,-0.863,-0.726,0
-1.04,1.542,-0.4,-0.235,0.31,-0.468,-0.708,-0.338,0
-0.653,1.484,-0.495,0.048,0.422,-0.15,1.092,0.132,1
1.77,-0.09,-1.067,-0.652,-1.209,1.594,-1.223,1.687,0
-0.16,0.602,-0.403,1.264,-0.858,0.339,-0.529,1.077,0
0.093,-0.303,-0.673,0.376,0.054,1.788,0.439,0.218,0
-0.821,0.48,1.397,-0.175,1.168,-0.247,0.105,0.433,0
-0.933,-0.86,-1.225,-1.34,0.863,0.921,-0.592,-0.007,0
-0.038,0.324,0.588,1.55,2.262,-0.956,0.72,1.256,0
-1.473,-1.131,-0.871,0.197,0.001,0.529,0.283,0.628,0
0.077,0.813,0.994,0.056,-1.625,1.844,-0.516,-1.683,0
0.796,2.115,-0.707,1.993,0.702,-1.14,-1.632,0.058,0
-1.76,1.825,-0.56,-0.58,-0.222,-2.122,-0.275,2.105,0
0.765,-2.346,0.117,-0.567,0.292,-1.974,-0.542,-0.811,0
0.02,-1.345,1.573,0.155,-0.17,0.582,0.325,0.544,0
-0.586,0.117,0.509,0.141,0.708,-0.159,-0.487,-0.359,0
0.464,-1.147,-0.536,0.382,-2.074,0.288,-1.287,-0.803,0
-0.067,-0.298,-0.182,-0.05,0.376,-0.639,0.061,-0.156,0
0.544,0.744,0.382,-0.089,0.281,-0.057,-0.629,-0.376,0
-0.115,-0.267,-1.236,-1.122,-1.506,-0.203,0.746,-0.154,0
-0.108,-0.429,-0.156,-0.493,-1.568,0.866,-0.138,1.003,0
-1.187,0.029,-0.269,-1.622,-0.581,-0.323,-0.884,-0.324,0
-1.183,0.093,0.032,-0.647,0.575,0.566,0.168,0.702,0
0.734,0.706,-1.534,-0.48,0.285,-1.492,0.567,0.099,0
